,participant,contrast,mrt,name
0,0_epo,3.0,94.77162412615945,pieron
1,0_epo,4.0,94.6619412236636,pieron
2,0_epo,5.0,94.57695198050894,pieron
3,0_epo,6.0,94.50756735861285,pieron
4,0_epo,7.000000000000001,94.44894321091601,pieron
5,0_epo,8.0,94.39819005932847,pieron
6,0_epo,9.0,94.35344524510978,pieron
7,0_epo,10.0,94.31343761685156,pieron
8,0_epo,11.0,94.27726092890444,pieron
9,0_epo,12.0,94.24424631736755,pieron
10,0_epo,13.0,94.21388602834271,pieron
11,0_epo,14.000000000000002,94.18578551078768,pieron
12,0_epo,15.0,94.15963208843188,pieron
13,0_epo,16.0,94.13517376980985,pieron
14,0_epo,17.0,94.11220449795937,pieron
15,0_epo,18.0,94.09055362551338,pieron
16,0_epo,19.0,94.07007824119098,pieron
17,0_epo,20.0,94.05065746822646,pieron
18,0_epo,21.0,94.0321881563051,pieron
19,0_epo,22.0,94.01458157732033,pieron
20,0_epo,23.0,93.99776085675241,pieron
21,0_epo,24.0,93.98165895251137,pieron
22,0_epo,25.0,93.96621704694313,pieron
23,0_epo,26.0,93.95138325462712,pieron
24,0_epo,27.0,93.9371115743556,pieron
25,0_epo,28.000000000000004,93.92336103194042,pieron
26,0_epo,28.999999999999996,93.91009497361684,pieron
27,0_epo,30.0,93.89728047937272,pieron
28,0_epo,31.0,93.88488787258092,pieron
29,0_epo,32.0,93.872890307568,pieron
30,0_epo,33.0,93.86126342071366,pieron
31,0_epo,34.0,93.84998503368878,pieron
32,0_epo,35.0,93.83903489975405,pieron
33,0_epo,36.0,93.82839448583303,pieron
34,0_epo,37.0,93.81804678447294,pieron
35,0_epo,38.0,93.80797615090542,pieron
36,0_epo,39.0,93.79816816129185,pieron
37,0_epo,40.0,93.78860948893224,pieron
38,0_epo,41.0,93.77928779577302,pieron
39,0_epo,42.0,93.7701916370006,pieron
40,0_epo,43.0,93.76131037687057,pieron
41,0_epo,44.0,93.75263411422202,pieron
42,0_epo,45.0,93.7441536163697,pieron
43,0_epo,46.0,93.73586026026786,pieron
44,0_epo,47.0,93.72774598000713,pieron
45,0_epo,48.0,93.71980321984364,pieron
46,0_epo,49.0,93.712024892075,pieron
47,0_epo,50.0,93.7044043391756,pieron
48,0_epo,51.0,93.69693529968455,pieron
49,0_epo,52.0,93.68961187740854,pieron
50,0_epo,53.0,93.68242851356058,pieron
51,0_epo,54.0,93.67537996150524,pieron
52,0_epo,55.00000000000001,93.66846126382275,pieron
53,0_epo,56.00000000000001,93.66166773144164,pieron
54,0_epo,56.99999999999999,93.65499492461947,pieron
55,0_epo,57.99999999999999,93.64843863557924,pieron
56,0_epo,59.0,93.64199487263097,pieron
57,0_epo,60.0,93.63565984562909,pieron
58,0_epo,61.0,93.62942995263246,pieron
59,0_epo,62.0,93.62330176765032,pieron
60,0_epo,63.0,93.61727202936915,pieron
61,0_epo,64.0,93.61133763076808,pieron
62,0_epo,65.0,93.6054956095401,pieron
63,0_epo,66.0,93.599743139245,pieron
64,0_epo,67.0,93.59407752112827,pieron
65,0_epo,68.0,93.58849617654623,pieron
66,0_epo,69.0,93.58299663994502,pieron
67,0_epo,70.0,93.57757655234472,pieron
68,0_epo,71.0,93.57223365528623,pieron
69,0_epo,72.0,93.56696578520177,pieron
70,0_epo,73.0,93.5617708681739,pieron
71,0_epo,74.0,93.55664691505145,pieron
72,0_epo,75.0,93.55159201689351,pieron
73,0_epo,76.0,93.54660434071545,pieron
74,0_epo,77.0,93.54168212551308,pieron
75,0_epo,78.0,93.5368236785436,pieron
76,0_epo,79.0,93.53202737184382,pieron
77,0_epo,80.0,93.52729163896726,pieron
78,0_epo,81.0,93.52261497192417,pieron
79,0_epo,82.0,93.51799591830968,pieron
80,0_epo,83.0,93.51343307860581,pieron
81,0_epo,84.0,93.50892510364532,pieron
82,0_epo,85.0,93.50447069222584,pieron
83,0_epo,86.0,93.5000685888635,pieron
84,0_epo,87.0,93.49571758167664,pieron
85,0_epo,88.0,93.49141650039044,pieron
86,0_epo,89.0,93.48716421445441,pieron
87,0_epo,90.0,93.48295963126526,pieron
88,0_epo,91.0,93.4788016944879,pieron
89,0_epo,92.0,93.47468938246823,pieron
90,0_epo,93.0,93.4706217067319,pieron
91,0_epo,94.0,93.46659771056349,pieron
92,0_epo,95.0,93.46261646766074,pieron
93,10_epo,3.0,101.25027663724495,pieron
94,10_epo,4.0,100.02182533381051,pieron
95,10_epo,5.0,99.07923792802902,pieron
96,10_epo,6.0,98.31568562477061,pieron
97,10_epo,7.000000000000001,97.67470392635362,pieron
98,10_epo,8.0,97.12283918360474,pieron
99,10_epo,9.0,96.63864869102046,pieron
100,10_epo,10.0,96.20757129359491,pieron
101,10_epo,11.0,95.8192711107712,pieron
102,10_epo,12.0,95.46614943581393,pieron
103,10_epo,13.0,95.14245828954667,pieron
104,10_epo,14.000000000000002,94.84374565336722,pieron
105,10_epo,15.0,94.566493887274,pieron
106,10_epo,16.0,94.30787590211823,pieron
107,10_epo,17.0,94.06558590796661,pieron
108,10_epo,18.0,93.8377189619849,pieron
109,10_epo,19.0,93.62268336360744,pieron
110,10_epo,20.0,93.41913571171807,pieron
111,10_epo,21.0,93.22593194047758,pieron
112,10_epo,22.0,93.04208984112442,pieron
113,10_epo,23.0,92.86675998408239,pieron
114,10_epo,24.0,92.69920288085692,pieron
115,10_epo,25.0,92.53877084648006,pieron
116,10_epo,26.0,92.384893448499,pieron
117,10_epo,27.0,92.2370657246294,pieron
118,10_epo,28.000000000000004,92.09483856068884,pieron
119,10_epo,28.999999999999996,91.9578107707822,pieron
120,10_epo,30.0,91.82562253106953,pieron
121,10_epo,31.0,91.69794989895999,pieron
122,10_epo,32.0,91.57450020953176,pieron
123,10_epo,33.0,91.45500818609345,pieron
124,10_epo,34.0,91.33923263608717,pieron
125,10_epo,35.0,91.22695362982421,pieron
126,10_epo,36.0,91.11797007988027,pieron
127,10_epo,37.0,91.01209765482997,pieron
128,10_epo,38.0,90.90916697345558,pieron
129,10_epo,39.0,90.80902203541626,pieron
130,10_epo,40.0,90.71151885221133,pieron
131,10_epo,41.0,90.61652424855887,pieron
132,10_epo,42.0,90.52391480938134,pieron
133,10_epo,43.0,90.43357595169942,pieron
134,10_epo,44.0,90.3454011040869,pieron
135,10_epo,45.0,90.25929097908367,pieron
136,10_epo,46.0,90.17515292622423,pieron
137,10_epo,47.0,90.09290035520797,pieron
138,10_epo,48.0,90.01245222029003,pieron
139,10_epo,49.0,89.93373255826705,pieron
140,10_epo,50.0,89.85667007351677,pieron
141,10_epo,51.0,89.78119776446216,pieron
142,10_epo,52.0,89.70725258660099,pieron
143,10_epo,53.0,89.634775147893,pieron
144,10_epo,54.0,89.56370943285081,pieron
145,10_epo,55.00000000000001,89.494002552153,pieron
146,10_epo,56.00000000000001,89.42560451500074,pieron
147,10_epo,56.99999999999999,89.35846802178665,pieron
148,10_epo,57.99999999999999,89.29254827494142,pieron
149,10_epo,59.0,89.22780280608114,pieron
150,10_epo,60.0,89.16419131780002,pieron
151,10_epo,61.0,89.10167553864653,pieron
152,10_epo,62.0,89.04021908998736,pieron
153,10_epo,63.0,88.97978736361053,pieron
154,10_epo,64.0,88.92034740904579,pieron
155,10_epo,65.0,88.86186782969226,pieron
156,10_epo,66.0,88.80431868694052,pieron
157,10_epo,67.0,88.7476714115638,pieron
158,10_epo,68.0,88.69189872172664,pieron
159,10_epo,69.0,88.6369745470283,pieron
160,10_epo,70.0,88.58287395805554,pieron
161,10_epo,71.0,88.52957310097331,pieron
162,10_epo,72.0,88.47704913672742,pieron
163,10_epo,73.0,88.42528018447464,pieron
164,10_epo,74.0,88.37424526889335,pieron
165,10_epo,75.0,88.32392427105937,pieron
166,10_epo,76.0,88.2742978826022,pieron
167,10_epo,77.0,88.22534756288239,pieron
168,10_epo,78.0,88.17705549895457,pieron
169,10_epo,79.0,88.12940456810179,pieron
170,10_epo,80.0,88.08237830274565,pieron
171,10_epo,81.0,88.03596085755414,pieron
172,10_epo,82.0,87.9901369785841,pieron
173,10_epo,83.0,87.94489197430924,pieron
174,10_epo,84.0,87.90021168839763,pieron
175,10_epo,85.0,87.85608247411324,pieron
176,10_epo,86.0,87.81249117022683,pieron
177,10_epo,87.0,87.76942507833103,pieron
178,10_epo,88.0,87.72687194146222,pieron
179,10_epo,89.0,87.68481992394057,pieron
180,10_epo,90.0,87.64325759234532,pieron
181,10_epo,91.0,87.60217389755029,pieron
182,10_epo,92.0,87.56155815774876,pieron
183,10_epo,93.0,87.52140004240404,pieron
184,10_epo,94.0,87.481689557065,pieron
185,10_epo,95.0,87.44241702899194,pieron
186,11_epo,3.0,141.9990182391199,pieron
187,11_epo,4.0,134.6754171806747,pieron
188,11_epo,5.0,129.25592531421526,pieron
189,11_epo,6.0,124.99017072039648,pieron
190,11_epo,7.000000000000001,121.49354735218195,pieron
191,11_epo,8.0,118.54380117549103,pieron
192,11_epo,9.0,116.00144334994208,pieron
193,11_epo,10.0,113.77346387311695,pieron
194,11_epo,11.0,111.79489740191009,pieron
195,11_epo,12.0,110.01866752632195,pieron
196,11_epo,13.0,108.40962649175894,pieron
197,11_epo,14.000000000000002,106.94087475593743,pieron
198,11_epo,15.0,105.59139129210234,pieron
199,11_epo,16.0,104.34445343712537,pieron
200,11_epo,17.0,103.18655135475544,pieron
201,11_epo,18.0,102.10662290429316,pieron
202,11_epo,19.0,101.09550215801809,pieron
203,11_epo,20.0,100.14551402746295,pieron
204,11_epo,21.0,99.25017105980938,pieron
205,11_epo,22.0,98.40394310616719,pieron
206,11_epo,23.0,97.60207989233027,pieron
207,11_epo,24.0,96.84047261079677,pieron
208,11_epo,25.0,96.11554471237909,pieron
209,11_epo,26.0,95.42416483557338,pieron
210,11_epo,27.0,94.7635767214247,pieron
211,11_epo,28.000000000000004,94.13134230424383,pieron
212,11_epo,28.999999999999996,93.52529512649758,pieron
213,11_epo,30.0,92.94350191900214,pieron
214,11_epo,31.0,92.38423069487023,pieron
215,11_epo,32.0,91.84592408146494,pieron
216,11_epo,33.0,91.3271768959847,pieron
217,11_epo,34.0,90.82671718308198,pieron
218,11_epo,35.0,90.34339009532381,pieron
219,11_epo,36.0,89.8761441223458,pieron
220,11_epo,37.0,89.42401927161002,pieron
221,11_epo,38.0,88.98613687959825,pieron
222,11_epo,39.0,88.56169079208205,pieron
223,11_epo,40.0,88.14993969955519,pieron
224,11_epo,41.0,87.75020045178631,pieron
225,11_epo,42.0,87.36184220586773,pieron
226,11_epo,43.0,86.98428128670756,pieron
227,11_epo,44.0,86.61697665886801,pieron
228,11_epo,45.0,86.25942592494572,pieron
229,11_epo,46.0,85.91116177905589,pieron
230,11_epo,47.0,85.57174885500105,pieron
231,11_epo,48.0,85.24078091782721,pieron
232,11_epo,49.0,84.91787835505703,pieron
233,11_epo,50.0,84.60268593022226,pieron
234,11_epo,51.0,84.29487076662721,pieron
235,11_epo,52.0,83.99412053374134,pieron
236,11_epo,53.0,83.70014181239004,pieron
237,11_epo,54.0,83.41265861810844,pieron
238,11_epo,55.00000000000001,83.13141106473815,pieron
239,11_epo,56.00000000000001,82.85615415266436,pieron
240,11_epo,56.99999999999999,82.58665666807056,pieron
241,11_epo,57.99999999999999,82.32270018128861,pieron
242,11_epo,59.0,82.06407813378333,pieron
243,11_epo,60.0,81.81059500457275,pieron
244,11_epo,61.0,81.5620655479751,pieron
245,11_epo,62.0,81.3183140955207,pieron
246,11_epo,63.0,81.07917391568789,pieron
247,11_epo,64.0,80.84448662583956,pieron
248,11_epo,65.0,80.61410165136176,pieron
249,11_epo,66.0,80.38787572755353,pieron
250,11_epo,67.0,80.16567244029774,pieron
251,11_epo,68.0,79.94736180196386,pieron
252,11_epo,69.0,79.7328198593667,pieron
253,11_epo,70.0,79.52192833093132,pieron
254,11_epo,71.0,79.31457427050614,pieron
255,11_epo,72.0,79.11064975552176,pieron
256,11_epo,73.0,78.91005159742117,pieron
257,11_epo,74.0,78.7126810724902,pieron
258,11_epo,75.0,78.518443671396,pieron
259,11_epo,76.0,78.3272488659038,pieron
260,11_epo,77.0,78.13900989138408,pieron
261,11_epo,78.0,77.95364354385207,pieron
262,11_epo,79.0,77.77106999039579,pieron
263,11_epo,80.0,77.59121259195227,pieron
264,11_epo,81.0,77.41399773748444,pieron
265,11_epo,82.0,77.23935468869452,pieron
266,11_epo,83.0,77.06721543448502,pieron
267,11_epo,84.0,76.89751455444588,pieron
268,11_epo,85.0,76.73018909070824,pieron
269,11_epo,86.0,76.56517842756004,pieron
270,11_epo,87.0,76.40242417826921,pieron
271,11_epo,88.0,76.24187007860549,pieron
272,11_epo,89.0,76.0834618865933,pieron
273,11_epo,90.0,75.92714728806553,pieron
274,11_epo,91.0,75.77287580762224,pieron
275,11_epo,92.0,75.62059872462929,pieron
276,11_epo,93.0,75.47026899392027,pieron
277,11_epo,94.0,75.32184117089122,pieron
278,11_epo,95.0,75.17527134070015,pieron
279,12_epo,3.0,95.7675136767987,pieron
280,12_epo,4.0,95.7675136767987,pieron
281,12_epo,5.0,95.7675136767987,pieron
282,12_epo,6.0,95.7675136767987,pieron
283,12_epo,7.000000000000001,95.7675136767987,pieron
284,12_epo,8.0,95.7675136767987,pieron
285,12_epo,9.0,95.7675136767987,pieron
286,12_epo,10.0,95.7675136767987,pieron
287,12_epo,11.0,95.7675136767987,pieron
288,12_epo,12.0,95.7675136767987,pieron
289,12_epo,13.0,95.7675136767987,pieron
290,12_epo,14.000000000000002,95.7675136767987,pieron
291,12_epo,15.0,95.7675136767987,pieron
292,12_epo,16.0,95.7675136767987,pieron
293,12_epo,17.0,95.7675136767987,pieron
294,12_epo,18.0,95.7675136767987,pieron
295,12_epo,19.0,95.7675136767987,pieron
296,12_epo,20.0,95.7675136767987,pieron
297,12_epo,21.0,95.7675136767987,pieron
298,12_epo,22.0,95.7675136767987,pieron
299,12_epo,23.0,95.7675136767987,pieron
300,12_epo,24.0,95.7675136767987,pieron
301,12_epo,25.0,95.7675136767987,pieron
302,12_epo,26.0,95.7675136767987,pieron
303,12_epo,27.0,95.7675136767987,pieron
304,12_epo,28.000000000000004,95.7675136767987,pieron
305,12_epo,28.999999999999996,95.7675136767987,pieron
306,12_epo,30.0,95.7675136767987,pieron
307,12_epo,31.0,95.7675136767987,pieron
308,12_epo,32.0,95.7675136767987,pieron
309,12_epo,33.0,95.7675136767987,pieron
310,12_epo,34.0,95.7675136767987,pieron
311,12_epo,35.0,95.7675136767987,pieron
312,12_epo,36.0,95.7675136767987,pieron
313,12_epo,37.0,95.7675136767987,pieron
314,12_epo,38.0,95.7675136767987,pieron
315,12_epo,39.0,95.7675136767987,pieron
316,12_epo,40.0,95.7675136767987,pieron
317,12_epo,41.0,95.7675136767987,pieron
318,12_epo,42.0,95.7675136767987,pieron
319,12_epo,43.0,95.7675136767987,pieron
320,12_epo,44.0,95.7675136767987,pieron
321,12_epo,45.0,95.7675136767987,pieron
322,12_epo,46.0,95.7675136767987,pieron
323,12_epo,47.0,95.7675136767987,pieron
324,12_epo,48.0,95.7675136767987,pieron
325,12_epo,49.0,95.7675136767987,pieron
326,12_epo,50.0,95.7675136767987,pieron
327,12_epo,51.0,95.7675136767987,pieron
328,12_epo,52.0,95.7675136767987,pieron
329,12_epo,53.0,95.7675136767987,pieron
330,12_epo,54.0,95.7675136767987,pieron
331,12_epo,55.00000000000001,95.7675136767987,pieron
332,12_epo,56.00000000000001,95.7675136767987,pieron
333,12_epo,56.99999999999999,95.7675136767987,pieron
334,12_epo,57.99999999999999,95.7675136767987,pieron
335,12_epo,59.0,95.7675136767987,pieron
336,12_epo,60.0,95.7675136767987,pieron
337,12_epo,61.0,95.7675136767987,pieron
338,12_epo,62.0,95.7675136767987,pieron
339,12_epo,63.0,95.7675136767987,pieron
340,12_epo,64.0,95.7675136767987,pieron
341,12_epo,65.0,95.7675136767987,pieron
342,12_epo,66.0,95.7675136767987,pieron
343,12_epo,67.0,95.7675136767987,pieron
344,12_epo,68.0,95.7675136767987,pieron
345,12_epo,69.0,95.7675136767987,pieron
346,12_epo,70.0,95.7675136767987,pieron
347,12_epo,71.0,95.7675136767987,pieron
348,12_epo,72.0,95.7675136767987,pieron
349,12_epo,73.0,95.7675136767987,pieron
350,12_epo,74.0,95.7675136767987,pieron
351,12_epo,75.0,95.7675136767987,pieron
352,12_epo,76.0,95.7675136767987,pieron
353,12_epo,77.0,95.7675136767987,pieron
354,12_epo,78.0,95.7675136767987,pieron
355,12_epo,79.0,95.7675136767987,pieron
356,12_epo,80.0,95.7675136767987,pieron
357,12_epo,81.0,95.7675136767987,pieron
358,12_epo,82.0,95.7675136767987,pieron
359,12_epo,83.0,95.7675136767987,pieron
360,12_epo,84.0,95.7675136767987,pieron
361,12_epo,85.0,95.7675136767987,pieron
362,12_epo,86.0,95.7675136767987,pieron
363,12_epo,87.0,95.7675136767987,pieron
364,12_epo,88.0,95.7675136767987,pieron
365,12_epo,89.0,95.7675136767987,pieron
366,12_epo,90.0,95.7675136767987,pieron
367,12_epo,91.0,95.7675136767987,pieron
368,12_epo,92.0,95.7675136767987,pieron
369,12_epo,93.0,95.7675136767987,pieron
370,12_epo,94.0,95.7675136767987,pieron
371,12_epo,95.0,95.7675136767987,pieron
372,13_epo,3.0,107.8025636906023,pieron
373,13_epo,4.0,104.83661429654039,pieron
374,13_epo,5.0,102.59235709410456,pieron
375,13_epo,6.0,100.79437588986556,pieron
376,13_epo,7.000000000000001,99.29881025727418,pieron
377,13_epo,8.0,98.02124130140257,pieron
378,13_epo,9.0,96.90799611565458,pieron
379,13_epo,10.0,95.92288207587355,pieron
380,13_epo,11.0,95.04036764845863,pieron
381,13_epo,12.0,94.24178668130479,pieron
382,13_epo,13.0,93.5130902581722,pieron
383,13_epo,14.000000000000002,92.84344698159204,pieron
384,13_epo,15.0,92.22433495464291,pieron
385,13_epo,16.0,91.6489321096366,pieron
386,13_epo,17.0,91.11169469479404,pieron
387,13_epo,18.0,90.60805840618823,pieron
388,13_epo,19.0,90.13422177471911,pieron
389,13_epo,20.0,89.68698611049541,pieron
390,13_epo,21.0,89.26363519812955,pieron
391,13_epo,22.0,88.86184348048909,pieron
392,13_epo,23.0,88.47960501834183,pieron
393,13_epo,24.0,88.11517784076635,pieron
394,13_epo,25.0,87.76703985990495,pieron
395,13_epo,26.0,87.43385358772142,pieron
396,13_epo,27.0,87.11443763160152,pieron
397,13_epo,28.000000000000004,86.80774346732152,pieron
398,13_epo,28.999999999999996,86.51283636148813,pieron
399,13_epo,30.0,86.22887958666888,pieron
400,13_epo,31.0,85.95512127162603,pieron
401,13_epo,32.0,85.6908833770971,pieron
402,13_epo,33.0,85.43555239874236,pieron
403,13_epo,34.0,85.188571483206,pieron
404,13_epo,35.0,84.94943370778775,pieron
405,13_epo,36.0,84.7176763240593,pieron
406,13_epo,37.0,84.49287580455136,pieron
407,13_epo,38.0,84.27464356205782,pieron
408,13_epo,39.0,84.06262223513154,pieron
409,13_epo,40.0,83.85648245245291,pieron
410,13_epo,41.0,83.6559200040411,pieron
411,13_epo,42.0,83.4606533595865,pieron
412,13_epo,43.0,83.27042148414778,pieron
413,13_epo,44.0,83.08498190956868,pieron
414,13_epo,45.0,82.9041090266063,pieron
415,13_epo,46.0,82.7275925682186,pieron
416,13_epo,47.0,82.5552362589666,pieron
417,13_epo,48.0,82.38685660922555,pieron
418,13_epo,49.0,82.22228183601452,pieron
419,13_epo,50.0,82.06135089486061,pieron
420,13_epo,51.0,81.90391260930204,pieron
421,13_epo,52.0,81.74982488647926,pieron
422,13_epo,53.0,81.5989540088237,pieron
423,13_epo,54.0,81.45117399317795,pieron
424,13_epo,55.00000000000001,81.306366009809,pieron
425,13_epo,56.00000000000001,81.16441785473963,pieron
426,13_epo,56.99999999999999,81.02522346964817,pieron
427,13_epo,57.99999999999999,80.88868250429589,pieron
428,13_epo,59.0,80.7546999170533,pieron
429,13_epo,60.0,80.6231856096232,pieron
430,13_epo,61.0,80.49405409251689,pieron
431,13_epo,62.0,80.36722417823651,pieron
432,13_epo,63.0,80.24261869946272,pieron
433,13_epo,64.0,80.12016424984802,pieron
434,13_epo,65.0,79.99979094528011,pieron
435,13_epo,66.0,79.88143220371154,pieron
436,13_epo,67.0,79.76502454185385,pieron
437,13_epo,68.0,79.6505073872142,pieron
438,13_epo,69.0,79.5378229041096,pieron
439,13_epo,70.0,79.42691583243308,pieron
440,13_epo,71.0,79.31773333806996,pieron
441,13_epo,72.0,79.21022487397107,pieron
442,13_epo,73.0,79.10434205098731,pieron
443,13_epo,74.0,79.0000385176563,pieron
444,13_epo,75.0,78.89726984820884,pieron
445,13_epo,76.0,78.7959934381319,pieron
446,13_epo,77.0,78.69616840668591,pieron
447,13_epo,78.0,78.59775550582994,pieron
448,13_epo,79.0,78.50071703505697,pieron
449,13_epo,80.0,78.40501676168655,pieron
450,13_epo,81.0,78.31061984620143,pieron
451,13_epo,82.0,78.21749277225129,pieron
452,13_epo,83.0,78.12560328097864,pieron
453,13_epo,84.0,78.03492030935143,pieron
454,13_epo,85.0,77.94541393221388,pieron
455,13_epo,86.0,77.85705530778955,pieron
456,13_epo,87.0,77.76981662639447,pieron
457,13_epo,88.0,77.68367106213631,pieron
458,13_epo,89.0,77.59859272739361,pieron
459,13_epo,90.0,77.51455662988664,pieron
460,13_epo,91.0,77.43153863216449,pieron
461,13_epo,92.0,77.34951541334802,pieron
462,13_epo,93.0,77.2684644329799,pieron
463,13_epo,94.0,77.18836389684427,pieron
464,13_epo,95.0,77.10919272462918,pieron
465,14_epo,3.0,81.68714813109361,pieron
466,14_epo,4.0,81.08106611850448,pieron
467,14_epo,5.0,80.61405088961615,pieron
468,14_epo,6.0,80.23446917038345,pieron
469,14_epo,7.000000000000001,79.91493214177805,pieron
470,14_epo,8.0,79.63916538433664,pieron
471,14_epo,9.0,79.396711849402,pieron
472,14_epo,10.0,79.1804552953982,pieron
473,14_epo,11.0,78.98533491732532,pieron
474,14_epo,12.0,78.80762384704673,pieron
475,14_epo,13.0,78.64449861584734,pieron
476,14_epo,14.000000000000002,78.49376928782904,pieron
477,14_epo,15.0,78.35370331724903,pieron
478,14_epo,16.0,78.22290661353611,pieron
479,14_epo,17.0,78.1002408832052,pieron
480,14_epo,18.0,77.98476473786745,pieron
481,14_epo,19.0,77.87569081693329,pieron
482,14_epo,20.0,77.7723539705425,pieron
483,14_epo,21.0,77.67418724843569,pieron
484,14_epo,22.0,77.58070350511214,pieron
485,14_epo,23.0,77.49148111602754,pieron
486,14_epo,24.0,77.40615274999678,pieron
487,14_epo,25.0,77.32439644569136,pieron
488,14_epo,26.0,77.2459284474838,pieron
489,14_epo,27.0,77.17049740040396,pieron
490,14_epo,28.000000000000004,77.09787960628115,pieron
491,14_epo,28.999999999999996,77.02787511662544,pieron
492,14_epo,30.0,76.96030449127915,pieron
493,14_epo,31.0,76.89500609126851,pieron
494,14_epo,32.0,76.8318338036405,pieron
495,14_epo,33.0,76.77065511817412,pieron
496,14_epo,34.0,76.71134949266047,pieron
497,14_epo,35.0,76.65380695634205,pieron
498,14_epo,36.0,76.5979269110795,pieron
499,14_epo,37.0,76.54361709759922,pieron
500,14_epo,38.0,76.49079270029226,pieron
501,14_epo,39.0,76.43937556887668,pieron
502,14_epo,40.0,76.38929353909495,pieron
503,14_epo,41.0,76.34047983770971,pieron
504,14_epo,42.0,76.29287255955728,pieron
505,14_epo,43.0,76.246414206442,pieron
506,14_epo,44.0,76.20105127930417,pieron
507,14_epo,45.0,76.15673391644783,pieron
508,14_epo,46.0,76.1134155717284,pieron
509,14_epo,47.0,76.07105272752112,pieron
510,14_epo,48.0,76.02960463805903,pieron
511,14_epo,49.0,75.98903309936618,pieron
512,14_epo,50.0,75.94930224254938,pieron
513,14_epo,51.0,75.91037834766082,pieron
514,14_epo,52.0,75.87222967572477,pieron
515,14_epo,53.0,75.83482631684366,pieron
516,14_epo,54.0,75.79814005257248,pieron
517,14_epo,55.00000000000001,75.76214423098386,pieron
518,14_epo,56.00000000000001,75.72681365304611,pieron
519,14_epo,56.99999999999999,75.69212446910768,pieron
520,14_epo,57.99999999999999,75.65805408442884,pieron
521,14_epo,59.0,75.62458107282897,pieron
522,14_epo,60.0,75.59168509762726,pieron
523,14_epo,61.0,75.55934683915066,pieron
524,14_epo,62.0,75.52754792816553,pieron
525,14_epo,63.0,75.49627088466187,pieron
526,14_epo,64.0,75.46549906148239,pieron
527,14_epo,65.0,75.43521659234365,pieron
528,14_epo,66.0,75.40540834384515,pieron
529,14_epo,67.0,75.37605987110541,pieron
530,14_epo,68.0,75.34715737670076,pieron
531,14_epo,69.0,75.31868767261673,pieron
532,14_epo,70.0,75.29063814495066,pieron
533,14_epo,71.0,75.26299672113036,pieron
534,14_epo,72.0,75.23575183943704,pieron
535,14_epo,73.0,75.20889242064052,pieron
536,14_epo,74.0,75.18240784157413,pieron
537,14_epo,75.0,75.15628791049203,pieron
538,14_epo,76.0,75.1305228440667,pieron
539,14_epo,77.0,75.10510324589778,pieron
540,14_epo,78.0,75.08002008641417,pieron
541,14_epo,79.0,75.0552646840631,pieron
542,14_epo,80.0,75.0308286876881,pieron
543,14_epo,81.0,75.0067040600071,pieron
544,14_epo,82.0,74.98288306210938,pieron
545,14_epo,83.0,74.95935823889684,pieron
546,14_epo,84.0,74.93612240540148,pieron
547,14_epo,85.0,74.91316863391665,pieron
548,14_epo,86.0,74.89049024188472,pieron
549,14_epo,87.0,74.86808078048833,pieron
550,14_epo,88.0,74.84593402389706,pieron
551,14_epo,89.0,74.82404395912455,pieron
552,14_epo,90.0,74.80240477645532,pieron
553,14_epo,91.0,74.78101086040309,pieron
554,14_epo,92.0,74.75985678116568,pieron
555,14_epo,93.0,74.73893728654427,pieron
556,14_epo,94.0,74.71824729429682,pieron
557,14_epo,95.0,74.69778188489828,pieron
558,15_epo,3.0,128.69158269137134,pieron
559,15_epo,4.0,128.63097701592835,pieron
560,15_epo,5.0,128.58398725782544,pieron
561,15_epo,6.0,128.5456065726723,pieron
562,15_epo,7.000000000000001,128.5131651036173,pieron
563,15_epo,8.0,128.48506964283874,pieron
564,15_epo,9.0,128.46029278849446,pieron
565,15_epo,10.0,128.43813318567715,pieron
566,15_epo,11.0,128.41809067961105,pieron
567,15_epo,12.0,128.39979603610996,pieron
568,15_epo,13.0,128.38296889704495,pieron
569,15_epo,14.000000000000002,128.36739136573,pieron
570,15_epo,15.0,128.35289072996852,pieron
571,15_epo,16.0,128.3393277739069,pieron
572,15_epo,17.0,128.3265886405117,pieron
573,15_epo,18.0,128.31457902419044,pieron
574,15_epo,19.0,128.3032199360983,pieron
575,15_epo,20.0,128.29244455722696,pieron
576,15_epo,21.0,128.28219586030244,pieron
577,15_epo,22.0,128.27242478557116,pieron
578,15_epo,23.0,128.26308882253883,pieron
579,15_epo,24.0,128.2541508938628,pieron
580,15_epo,25.0,128.24557846730036,pieron
581,15_epo,26.0,128.23734284198594,pieron
582,15_epo,27.0,128.229418569519,pieron
583,15_epo,28.000000000000004,128.2217829804168,pieron
584,15_epo,28.999999999999996,128.2144157937269,pieron
585,15_epo,30.0,128.2072987928681,pieron
586,15_epo,31.0,128.20041555466003,pieron
587,15_epo,32.0,128.1937512213999,pieron
588,15_epo,33.0,128.1872923080334,pieron
589,15_epo,34.0,128.1810265381281,pieron
590,15_epo,35.0,128.17494270363784,pieron
591,15_epo,36.0,128.1690305444319,pieron
592,15_epo,37.0,128.16328064433947,pieron
593,15_epo,38.0,128.15768434106425,pieron
594,15_epo,39.0,128.15223364780607,pieron
595,15_epo,40.0,128.1469211848104,pieron
596,15_epo,41.0,128.141740119374,pieron
597,15_epo,42.0,128.13668411308285,pieron
598,15_epo,43.0,128.13174727526172,pieron
599,15_epo,44.0,128.12692412177702,pieron
600,15_epo,45.0,128.1222095384714,pieron
601,15_epo,46.0,128.11759874861875,pieron
602,15_epo,47.0,128.11308728388087,pieron
603,15_epo,48.0,128.10867095832248,pieron
604,15_epo,49.0,128.10434584510696,pieron
605,15_epo,50.0,128.10010825554718,pieron
606,15_epo,51.0,128.09595472023142,pieron
607,15_epo,52.0,128.09188197198296,pieron
608,15_epo,53.0,128.087886930443,pieron
609,15_epo,54.0,128.08396668809567,pieron
610,15_epo,55.00000000000001,128.08011849757494,pieron
611,15_epo,56.00000000000001,128.07633976011672,pieron
612,15_epo,56.99999999999999,128.0726280150324,pieron
613,15_epo,57.99999999999999,128.06898093009858,pieron
614,15_epo,59.0,128.06539629276872,pieron
615,15_epo,60.0,128.06187200212335,pieron
616,15_epo,61.0,128.05840606148595,pieron
617,15_epo,62.0,128.0549965716396,pieron
618,15_epo,63.0,128.0516417245862,pieron
619,15_epo,64.0,128.04833979779775,pieron
620,15_epo,65.0,128.04508914891306,pieron
621,15_epo,66.0,128.0418882108397,pieron
622,15_epo,67.0,128.03873548722424,pieron
623,15_epo,68.0,128.0356295482584,pieron
624,15_epo,69.0,128.0325690267912,pieron
625,15_epo,70.0,128.029552614721,pieron
626,15_epo,71.0,128.02657905964367,pieron
627,15_epo,72.0,128.02364716173497,pieron
628,15_epo,73.0,128.02075577084847,pieron
629,15_epo,74.0,128.01790378381037,pieron
630,15_epo,75.0,128.0150901418966,pieron
631,15_epo,76.0,128.01231382847658,pieron
632,15_epo,77.0,128.0095738668112,pieron
633,15_epo,78.0,128.00686931799297,pieron
634,15_epo,79.0,128.00419927901748,pieron
635,15_epo,80.0,128.00156288097597,pieron
636,15_epo,81.0,127.99895928736044,pieron
637,15_epo,82.0,127.99638769247265,pieron
638,15_epo,83.0,127.99384731992969,pieron
639,15_epo,84.0,127.99133742125882,pieron
640,15_epo,85.0,127.98885727457599,pieron
641,15_epo,86.0,127.98640618334103,pieron
642,15_epo,87.0,127.98398347518538,pieron
643,15_epo,88.0,127.98158850080641,pieron
644,15_epo,89.0,127.97922063292461,pieron
645,15_epo,90.0,127.97687926529866,pieron
646,15_epo,91.0,127.9745638117953,pieron
647,15_epo,92.0,127.97227370550998,pieron
648,15_epo,93.0,127.97000839793459,pieron
649,15_epo,94.0,127.96776735817059,pieron
650,15_epo,95.0,127.96555007218285,pieron
651,16_epo,3.0,90.39517873133778,pieron
652,16_epo,4.0,90.39517873133778,pieron
653,16_epo,5.0,90.39517873133778,pieron
654,16_epo,6.0,90.39517873133778,pieron
655,16_epo,7.000000000000001,90.39517873133778,pieron
656,16_epo,8.0,90.39517873133778,pieron
657,16_epo,9.0,90.39517873133778,pieron
658,16_epo,10.0,90.39517873133778,pieron
659,16_epo,11.0,90.39517873133778,pieron
660,16_epo,12.0,90.39517873133778,pieron
661,16_epo,13.0,90.39517873133778,pieron
662,16_epo,14.000000000000002,90.39517873133778,pieron
663,16_epo,15.0,90.39517873133778,pieron
664,16_epo,16.0,90.39517873133778,pieron
665,16_epo,17.0,90.39517873133778,pieron
666,16_epo,18.0,90.39517873133778,pieron
667,16_epo,19.0,90.39517873133778,pieron
668,16_epo,20.0,90.39517873133778,pieron
669,16_epo,21.0,90.39517873133778,pieron
670,16_epo,22.0,90.39517873133778,pieron
671,16_epo,23.0,90.39517873133778,pieron
672,16_epo,24.0,90.39517873133778,pieron
673,16_epo,25.0,90.39517873133778,pieron
674,16_epo,26.0,90.39517873133778,pieron
675,16_epo,27.0,90.39517873133778,pieron
676,16_epo,28.000000000000004,90.39517873133778,pieron
677,16_epo,28.999999999999996,90.39517873133778,pieron
678,16_epo,30.0,90.39517873133778,pieron
679,16_epo,31.0,90.39517873133778,pieron
680,16_epo,32.0,90.39517873133778,pieron
681,16_epo,33.0,90.39517873133778,pieron
682,16_epo,34.0,90.39517873133778,pieron
683,16_epo,35.0,90.39517873133778,pieron
684,16_epo,36.0,90.39517873133778,pieron
685,16_epo,37.0,90.39517873133778,pieron
686,16_epo,38.0,90.39517873133778,pieron
687,16_epo,39.0,90.39517873133778,pieron
688,16_epo,40.0,90.39517873133778,pieron
689,16_epo,41.0,90.39517873133778,pieron
690,16_epo,42.0,90.39517873133778,pieron
691,16_epo,43.0,90.39517873133778,pieron
692,16_epo,44.0,90.39517873133778,pieron
693,16_epo,45.0,90.39517873133778,pieron
694,16_epo,46.0,90.39517873133778,pieron
695,16_epo,47.0,90.39517873133778,pieron
696,16_epo,48.0,90.39517873133778,pieron
697,16_epo,49.0,90.39517873133778,pieron
698,16_epo,50.0,90.39517873133778,pieron
699,16_epo,51.0,90.39517873133778,pieron
700,16_epo,52.0,90.39517873133778,pieron
701,16_epo,53.0,90.39517873133778,pieron
702,16_epo,54.0,90.39517873133778,pieron
703,16_epo,55.00000000000001,90.39517873133778,pieron
704,16_epo,56.00000000000001,90.39517873133778,pieron
705,16_epo,56.99999999999999,90.39517873133778,pieron
706,16_epo,57.99999999999999,90.39517873133778,pieron
707,16_epo,59.0,90.39517873133778,pieron
708,16_epo,60.0,90.39517873133778,pieron
709,16_epo,61.0,90.39517873133778,pieron
710,16_epo,62.0,90.39517873133778,pieron
711,16_epo,63.0,90.39517873133778,pieron
712,16_epo,64.0,90.39517873133778,pieron
713,16_epo,65.0,90.39517873133778,pieron
714,16_epo,66.0,90.39517873133778,pieron
715,16_epo,67.0,90.39517873133778,pieron
716,16_epo,68.0,90.39517873133778,pieron
717,16_epo,69.0,90.39517873133778,pieron
718,16_epo,70.0,90.39517873133778,pieron
719,16_epo,71.0,90.39517873133778,pieron
720,16_epo,72.0,90.39517873133778,pieron
721,16_epo,73.0,90.39517873133778,pieron
722,16_epo,74.0,90.39517873133778,pieron
723,16_epo,75.0,90.39517873133778,pieron
724,16_epo,76.0,90.39517873133778,pieron
725,16_epo,77.0,90.39517873133778,pieron
726,16_epo,78.0,90.39517873133778,pieron
727,16_epo,79.0,90.39517873133778,pieron
728,16_epo,80.0,90.39517873133778,pieron
729,16_epo,81.0,90.39517873133778,pieron
730,16_epo,82.0,90.39517873133778,pieron
731,16_epo,83.0,90.39517873133778,pieron
732,16_epo,84.0,90.39517873133778,pieron
733,16_epo,85.0,90.39517873133778,pieron
734,16_epo,86.0,90.39517873133778,pieron
735,16_epo,87.0,90.39517873133778,pieron
736,16_epo,88.0,90.39517873133778,pieron
737,16_epo,89.0,90.39517873133778,pieron
738,16_epo,90.0,90.39517873133778,pieron
739,16_epo,91.0,90.39517873133778,pieron
740,16_epo,92.0,90.39517873133778,pieron
741,16_epo,93.0,90.39517873133778,pieron
742,16_epo,94.0,90.39517873133778,pieron
743,16_epo,95.0,90.39517873133778,pieron
744,17_epo,3.0,102.45646109620185,pieron
745,17_epo,4.0,102.3906587013718,pieron
746,17_epo,5.0,102.33964750355855,pieron
747,17_epo,6.0,102.2979871860263,pieron
748,17_epo,7.000000000000001,102.26277712063028,pieron
749,17_epo,8.0,102.23228657065161,pieron
750,17_epo,9.0,102.20539954561495,pieron
751,17_epo,10.0,102.18135427409936,pieron
752,17_epo,11.0,102.15960755351608,pieron
753,17_epo,12.0,102.13975839441076,pieron
754,17_epo,13.0,102.12150234374546,pieron
755,17_epo,14.000000000000002,102.10460278996996,pieron
756,17_epo,15.0,102.08887219555103,pieron
757,17_epo,16.0,102.07415940106465,pieron
758,17_epo,17.0,102.06034078643539,pieron
759,17_epo,18.0,102.04731396337101,pieron
760,17_epo,19.0,102.03499317611262,pieron
761,17_epo,20.0,102.02330588373339,pieron
762,17_epo,21.0,102.01219017748845,pieron
763,17_epo,22.0,102.00159279975833,pieron
764,17_epo,23.0,101.99146760389411,pieron
765,17_epo,24.0,101.98177434221957,pieron
766,17_epo,25.0,101.9724777017097,pieron
767,17_epo,26.0,101.96354652898998,pieron
768,17_epo,27.0,101.95495320173644,pieron
769,17_epo,28.000000000000004,101.94667311449683,pieron
770,17_epo,28.999999999999996,101.93868425481602,pieron
771,17_epo,30.0,101.93096685127948,pieron
772,17_epo,31.0,101.92350307931177,pieron
773,17_epo,32.0,101.91627681371878,pieron
774,17_epo,33.0,101.9092734193354,pieron
775,17_epo,34.0,101.90247957294794,pieron
776,17_epo,35.0,101.89588311104725,pieron
777,17_epo,36.0,101.8894728990432,pieron
778,17_epo,37.0,101.88323871840942,pieron
779,17_epo,38.0,101.8771711688878,pieron
780,17_epo,39.0,101.87126158340328,pieron
781,17_epo,40.0,101.8655019537572,pieron
782,17_epo,41.0,101.85988486550129,pieron
783,17_epo,42.0,101.85440344066353,pieron
784,17_epo,43.0,101.84905128721746,pieron
785,17_epo,44.0,101.8438224543632,pieron
786,17_epo,45.0,101.83871139283684,pieron
787,17_epo,46.0,101.8337129195843,pieron
788,17_epo,47.0,101.82882218623622,pieron
789,17_epo,48.0,101.82403465090349,pieron
790,17_epo,49.0,101.81934605288231,pieron
791,17_epo,50.0,101.81475238991598,pieron
792,17_epo,51.0,101.8102498977094,pieron
793,17_epo,52.0,101.80583503143353,pieron
794,17_epo,53.0,101.8015044489928,pieron
795,17_epo,54.0,101.79725499585686,pieron
796,17_epo,55.00000000000001,101.7930836912849,pieron
797,17_epo,56.00000000000001,101.78898771579198,pieron
798,17_epo,56.99999999999999,101.78496439972471,pieron
799,17_epo,57.99999999999999,101.78101121283146,pieron
800,17_epo,59.0,101.77712575472412,pieron
801,17_epo,60.0,101.77330574614206,pieron
802,17_epo,61.0,101.76954902093844,pieron
803,17_epo,62.0,101.7658535187184,pieron
804,17_epo,63.0,101.76221727806654,pieron
805,17_epo,64.0,101.75863843030793,pieron
806,17_epo,65.0,101.75511519375303,pieron
807,17_epo,66.0,101.75164586838235,pieron
808,17_epo,67.0,101.7482288309306,pieron
809,17_epo,68.0,101.7448625303356,pieron
810,17_epo,69.0,101.74154548351927,pieron
811,17_epo,70.0,101.73827627147239,pieron
812,17_epo,71.0,101.7350535356173,pieron
813,17_epo,72.0,101.73187597442487,pieron
814,17_epo,73.0,101.72874234026519,pieron
815,17_epo,74.0,101.7256514364722,pieron
816,17_epo,75.0,101.72260211460603,pieron
817,17_epo,76.0,101.71959327189604,pieron
818,17_epo,77.0,101.71662384885167,pieron
819,17_epo,78.0,101.71369282702705,pieron
820,17_epo,79.0,101.71079922692849,pieron
821,17_epo,80.0,101.70794210605324,pieron
822,17_epo,81.0,101.70512055705036,pieron
823,17_epo,82.0,101.70233370599449,pieron
824,17_epo,83.0,101.69958071076421,pieron
825,17_epo,84.0,101.69686075951742,pieron
826,17_epo,85.0,101.69417306925737,pieron
827,17_epo,86.0,101.69151688448223,pieron
828,17_epo,87.0,101.6888914759129,pieron
829,17_epo,88.0,101.68629613929349,pieron
830,17_epo,89.0,101.68373019425977,pieron
831,17_epo,90.0,101.68119298327056,pieron
832,17_epo,91.0,101.67868387059862,pieron
833,17_epo,92.0,101.67620224137623,pieron
834,17_epo,93.0,101.67374750069274,pieron
835,17_epo,94.0,101.6713190727403,pieron
836,17_epo,95.0,101.66891640000472,pieron
837,18_epo,3.0,103.44817421350056,pieron
838,18_epo,4.0,101.86590353622708,pieron
839,18_epo,5.0,100.6552845393909,pieron
840,18_epo,6.0,99.6768247531495,pieron
841,18_epo,7.000000000000001,98.85697310011425,pieron
842,18_epo,8.0,98.15223799065006,pieron
843,18_epo,9.0,97.53478885441461,pieron
844,18_epo,10.0,96.98575382108484,pieron
845,18_epo,11.0,96.49175412642936,pieron
846,18_epo,12.0,96.04296516983324,pieron
847,18_epo,13.0,95.63196285756842,pieron
848,18_epo,14.000000000000002,95.25300236802953,pieron
849,18_epo,15.0,94.90154852195828,pieron
850,18_epo,16.0,94.57395937343325,pieron
851,18_epo,17.0,94.26726675549163,pieron
852,18_epo,18.0,93.97902021849464,pieron
853,18_epo,19.0,93.70717360702446,pieron
854,18_epo,20.0,93.45000103360688,pieron
855,18_epo,21.0,93.2060335662053,pieron
856,18_epo,22.0,92.97401079630545,pieron
857,18_epo,23.0,92.75284328364143,pieron
858,18_epo,24.0,92.54158307568218,pieron
859,18_epo,25.0,92.33940030678556,pieron
860,18_epo,26.0,92.14556443384315,pieron
861,18_epo,27.0,91.95942904938903,pieron
862,18_epo,28.000000000000004,91.78041948477738,pieron
863,18_epo,28.999999999999996,91.60802261090255,pieron
864,18_epo,30.0,91.4417783855989,pieron
865,18_epo,31.0,91.28127280111697,pieron
866,18_epo,32.0,91.12613196267442,pieron
867,18_epo,33.0,90.97601708745431,pieron
868,18_epo,34.0,90.83062025776448,pieron
869,18_epo,35.0,90.68966079606317,pieron
870,18_epo,36.0,90.5528821558367,pieron
871,18_epo,37.0,90.42004924279843,pieron
872,18_epo,38.0,90.29094609696217,pieron
873,18_epo,39.0,90.1653738788642,pieron
874,18_epo,40.0,90.04314911333483,pieron
875,18_epo,41.0,89.92410215233507,pieron
876,18_epo,42.0,89.80807582491249,pieron
877,18_epo,43.0,89.69492424763192,pieron
878,18_epo,44.0,89.58451177315534,pieron
879,18_epo,45.0,89.4767120581834,pieron
880,18_epo,46.0,89.37140723488285,pieron
881,18_epo,47.0,89.2684871723318,pieron
882,18_epo,48.0,89.16784881651378,pieron
883,18_epo,49.0,89.06939559905946,pieron
884,18_epo,50.0,88.97303690633136,pieron
885,18_epo,51.0,88.87868760161975,pieron
886,18_epo,52.0,88.78626759420915,pieron
887,18_epo,53.0,88.69570144991201,pieron
888,18_epo,54.0,88.60691803837938,pieron
889,18_epo,55.00000000000001,88.51985021310442,pieron
890,18_epo,56.00000000000001,88.43443452055422,pieron
891,18_epo,56.99999999999999,88.35061093530949,pieron
892,18_epo,57.99999999999999,88.26832261847515,pieron
893,18_epo,59.0,88.1875156969544,pieron
894,18_epo,60.0,88.10813906146412,pieron
895,18_epo,61.0,88.0301441814168,pieron
896,18_epo,62.0,87.95348493500958,pieron
897,18_epo,63.0,87.87811745304744,pieron
898,18_epo,64.0,87.8039999751921,pieron
899,18_epo,65.0,87.7310927174703,pieron
900,18_epo,66.0,87.6593577500014,pieron
901,18_epo,67.0,87.58875888401418,pieron
902,18_epo,68.0,87.51926156732016,pieron
903,18_epo,69.0,87.45083278749583,pieron
904,18_epo,70.0,87.38344098210324,pieron
905,18_epo,71.0,87.31705595534402,pieron
906,18_epo,72.0,87.25164880060284,pieron
907,18_epo,73.0,87.18719182838831,pieron
908,18_epo,74.0,87.12365849922702,pieron
909,18_epo,75.0,87.06102336110854,pieron
910,18_epo,76.0,86.99926199111619,pieron
911,18_epo,77.0,86.93835094091287,pieron
912,18_epo,78.0,86.87826768578041,pieron
913,18_epo,79.0,86.81899057693906,pieron
914,18_epo,80.0,86.76049879689677,pieron
915,18_epo,81.0,86.70277231760117,pieron
916,18_epo,82.0,86.64579186118539,pieron
917,18_epo,83.0,86.58953886311812,pieron
918,18_epo,84.0,86.53399543758314,pieron
919,18_epo,85.0,86.47914434492894,pieron
920,18_epo,86.0,86.42496896104176,pieron
921,18_epo,87.0,86.37145324850748,pieron
922,18_epo,88.0,86.3185817294387,pieron
923,18_epo,89.0,86.26633945985316,pieron
924,18_epo,90.0,86.21471200549826,pieron
925,18_epo,91.0,86.16368541902563,pieron
926,18_epo,92.0,86.11324621842573,pieron
927,18_epo,93.0,86.06338136664047,pieron
928,18_epo,94.0,86.01407825227768,pieron
929,18_epo,95.0,85.96532467135623,pieron
930,19_epo,3.0,94.3277847096126,pieron
931,19_epo,4.0,94.3277847096126,pieron
932,19_epo,5.0,94.3277847096126,pieron
933,19_epo,6.0,94.3277847096126,pieron
934,19_epo,7.000000000000001,94.3277847096126,pieron
935,19_epo,8.0,94.3277847096126,pieron
936,19_epo,9.0,94.3277847096126,pieron
937,19_epo,10.0,94.3277847096126,pieron
938,19_epo,11.0,94.3277847096126,pieron
939,19_epo,12.0,94.3277847096126,pieron
940,19_epo,13.0,94.3277847096126,pieron
941,19_epo,14.000000000000002,94.3277847096126,pieron
942,19_epo,15.0,94.3277847096126,pieron
943,19_epo,16.0,94.3277847096126,pieron
944,19_epo,17.0,94.3277847096126,pieron
945,19_epo,18.0,94.3277847096126,pieron
946,19_epo,19.0,94.3277847096126,pieron
947,19_epo,20.0,94.3277847096126,pieron
948,19_epo,21.0,94.3277847096126,pieron
949,19_epo,22.0,94.3277847096126,pieron
950,19_epo,23.0,94.3277847096126,pieron
951,19_epo,24.0,94.3277847096126,pieron
952,19_epo,25.0,94.3277847096126,pieron
953,19_epo,26.0,94.3277847096126,pieron
954,19_epo,27.0,94.3277847096126,pieron
955,19_epo,28.000000000000004,94.3277847096126,pieron
956,19_epo,28.999999999999996,94.3277847096126,pieron
957,19_epo,30.0,94.3277847096126,pieron
958,19_epo,31.0,94.3277847096126,pieron
959,19_epo,32.0,94.3277847096126,pieron
960,19_epo,33.0,94.3277847096126,pieron
961,19_epo,34.0,94.3277847096126,pieron
962,19_epo,35.0,94.3277847096126,pieron
963,19_epo,36.0,94.3277847096126,pieron
964,19_epo,37.0,94.3277847096126,pieron
965,19_epo,38.0,94.3277847096126,pieron
966,19_epo,39.0,94.3277847096126,pieron
967,19_epo,40.0,94.3277847096126,pieron
968,19_epo,41.0,94.3277847096126,pieron
969,19_epo,42.0,94.3277847096126,pieron
970,19_epo,43.0,94.3277847096126,pieron
971,19_epo,44.0,94.3277847096126,pieron
972,19_epo,45.0,94.3277847096126,pieron
973,19_epo,46.0,94.3277847096126,pieron
974,19_epo,47.0,94.3277847096126,pieron
975,19_epo,48.0,94.3277847096126,pieron
976,19_epo,49.0,94.3277847096126,pieron
977,19_epo,50.0,94.3277847096126,pieron
978,19_epo,51.0,94.3277847096126,pieron
979,19_epo,52.0,94.3277847096126,pieron
980,19_epo,53.0,94.3277847096126,pieron
981,19_epo,54.0,94.3277847096126,pieron
982,19_epo,55.00000000000001,94.3277847096126,pieron
983,19_epo,56.00000000000001,94.3277847096126,pieron
984,19_epo,56.99999999999999,94.3277847096126,pieron
985,19_epo,57.99999999999999,94.3277847096126,pieron
986,19_epo,59.0,94.3277847096126,pieron
987,19_epo,60.0,94.3277847096126,pieron
988,19_epo,61.0,94.3277847096126,pieron
989,19_epo,62.0,94.3277847096126,pieron
990,19_epo,63.0,94.3277847096126,pieron
991,19_epo,64.0,94.3277847096126,pieron
992,19_epo,65.0,94.3277847096126,pieron
993,19_epo,66.0,94.3277847096126,pieron
994,19_epo,67.0,94.3277847096126,pieron
995,19_epo,68.0,94.3277847096126,pieron
996,19_epo,69.0,94.3277847096126,pieron
997,19_epo,70.0,94.3277847096126,pieron
998,19_epo,71.0,94.3277847096126,pieron
999,19_epo,72.0,94.3277847096126,pieron
1000,19_epo,73.0,94.3277847096126,pieron
1001,19_epo,74.0,94.3277847096126,pieron
1002,19_epo,75.0,94.3277847096126,pieron
1003,19_epo,76.0,94.3277847096126,pieron
1004,19_epo,77.0,94.3277847096126,pieron
1005,19_epo,78.0,94.3277847096126,pieron
1006,19_epo,79.0,94.3277847096126,pieron
1007,19_epo,80.0,94.3277847096126,pieron
1008,19_epo,81.0,94.3277847096126,pieron
1009,19_epo,82.0,94.3277847096126,pieron
1010,19_epo,83.0,94.3277847096126,pieron
1011,19_epo,84.0,94.3277847096126,pieron
1012,19_epo,85.0,94.3277847096126,pieron
1013,19_epo,86.0,94.3277847096126,pieron
1014,19_epo,87.0,94.3277847096126,pieron
1015,19_epo,88.0,94.3277847096126,pieron
1016,19_epo,89.0,94.3277847096126,pieron
1017,19_epo,90.0,94.3277847096126,pieron
1018,19_epo,91.0,94.3277847096126,pieron
1019,19_epo,92.0,94.3277847096126,pieron
1020,19_epo,93.0,94.3277847096126,pieron
1021,19_epo,94.0,94.3277847096126,pieron
1022,19_epo,95.0,94.3277847096126,pieron
1023,1_epo,3.0,140.03426886824354,pieron
1024,1_epo,4.0,133.64911408479816,pieron
1025,1_epo,5.0,128.8975946051417,pieron
1026,1_epo,6.0,125.14099361135331,pieron
1027,1_epo,7.000000000000001,122.05037699554536,pieron
1028,1_epo,8.0,119.43492880007163,pieron
1029,1_epo,9.0,117.1745012249059,pieron
1030,1_epo,10.0,115.18875481956285,pieron
1031,1_epo,11.0,113.42143463599182,pieron
1032,1_epo,12.0,111.83168526249325,pieron
1033,1_epo,13.0,110.3889419984278,pieron
1034,1_epo,14.000000000000002,109.06976964498206,pieron
1035,1_epo,15.0,107.85582328535813,pieron
1036,1_epo,16.0,106.7324861459797,pieron
1037,1_epo,17.0,105.68793233280515,pieron
1038,1_epo,18.0,104.71246522518,pieron
1039,1_epo,19.0,103.79803994698915,pieron
1040,1_epo,20.0,102.93791189453341,pieron
1041,1_epo,21.0,102.12637352518738,pieron
1042,1_epo,22.0,101.35855417310617,pieron
1043,1_epo,23.0,100.63026567260907,pieron
1044,1_epo,24.0,99.9378818062599,pieron
1045,1_epo,25.0,99.27824309005709,pieron
1046,1_epo,26.0,98.64858078694218,pieron
1047,1_epo,27.0,98.0464556873841,pieron
1048,1_epo,28.000000000000004,97.46970835529366,pieron
1049,1_epo,28.999999999999996,96.91641836558102,pieron
1050,1_epo,30.0,96.38487065904975,pieron
1051,1_epo,31.0,95.8735275795963,pieron
1052,1_epo,32.0,95.38100548434302,pieron
1053,1_epo,33.0,94.90605506135138,pieron
1054,1_epo,34.0,94.447544674231,pieron
1055,1_epo,35.0,94.00444619401392,pieron
1056,1_epo,36.0,93.57582288734284,pieron
1057,1_epo,37.0,93.16081901443732,pieron
1058,1_epo,38.0,92.75865085637514,pieron
1059,1_epo,39.0,92.36859894331296,pieron
1060,1_epo,40.0,91.99000129661212,pieron
1061,1_epo,41.0,91.62224753085746,pieron
1062,1_epo,42.0,91.26477368829539,pieron
1063,1_epo,43.0,90.91705769966563,pieron
1064,1_epo,44.0,90.57861538283179,pieron
1065,1_epo,45.0,90.24899690485273,pieron
1066,1_epo,46.0,89.92778364482574,pieron
1067,1_epo,47.0,89.61458540446912,pieron
1068,1_epo,48.0,89.30903792139904,pieron
1069,1_epo,49.0,89.01080064669563,pieron
1070,1_epo,50.0,88.71955475390519,pieron
1071,1_epo,51.0,88.43500135127586,pieron
1072,1_epo,52.0,88.1568598729432,pieron
1073,1_epo,53.0,87.8848666280891,pieron
1074,1_epo,54.0,87.61877348990274,pieron
1075,1_epo,55.00000000000001,87.35834670855715,pieron
1076,1_epo,56.00000000000001,87.10336583444946,pieron
1077,1_epo,56.99999999999999,86.85362273969406,pieron
1078,1_epo,57.99999999999999,86.60892072735213,pieron
1079,1_epo,59.0,86.36907371916705,pieron
1080,1_epo,60.0,86.13390551368508,pieron
1081,1_epo,61.0,85.90324910760039,pieron
1082,1_epo,62.0,85.67694607399748,pieron
1083,1_epo,63.0,85.4548459918871,pieron
1084,1_epo,64.0,85.23680592206415,pieron
1085,1_epo,65.0,85.02268992486664,pieron
1086,1_epo,66.0,84.81236861589855,pieron
1087,1_epo,67.0,84.60571875620202,pieron
1088,1_epo,68.0,84.4026228737377,pieron
1089,1_epo,69.0,84.20296891335951,pieron
1090,1_epo,70.0,84.00664991276044,pieron
1091,1_epo,71.0,83.81356370212119,pieron
1092,1_epo,72.0,83.62361262542136,pieron
1093,1_epo,73.0,83.43670328157354,pieron
1094,1_epo,74.0,83.25274628372023,pieron
1095,1_epo,75.0,83.07165603519253,pieron
1096,1_epo,76.0,82.89335052077234,pieron
1097,1_epo,77.0,82.71775111202618,pieron
1098,1_epo,78.0,82.54478238559298,pieron
1099,1_epo,79.0,82.37437195341029,pieron
1100,1_epo,80.0,82.20645030395347,pieron
1101,1_epo,81.0,82.04095065364675,pieron
1102,1_epo,82.0,81.8778088076769,pieron
1103,1_epo,83.0,81.71696302950818,pieron
1104,1_epo,84.0,81.55835391845704,pieron
1105,1_epo,85.0,81.40192429473922,pieron
1106,1_epo,86.0,81.24761909145107,pieron
1107,1_epo,87.0,81.09538525299195,pieron
1108,1_epo,88.0,80.94517163947368,pieron
1109,1_epo,89.0,80.79692893670169,pieron
1110,1_epo,90.0,80.6506095713433,pieron
1111,1_epo,91.0,80.50616763093102,pieron
1112,1_epo,92.0,80.36355878837568,pieron
1113,1_epo,93.0,80.22274023068825,pieron
1114,1_epo,94.0,80.08367059163416,pieron
1115,1_epo,95.0,79.94630988806352,pieron
1116,20_epo,3.0,98.08438059458547,pieron
1117,20_epo,4.0,98.08438059458544,pieron
1118,20_epo,5.0,98.08438059458544,pieron
1119,20_epo,6.0,98.08438059458544,pieron
1120,20_epo,7.000000000000001,98.08438059458544,pieron
1121,20_epo,8.0,98.08438059458543,pieron
1122,20_epo,9.0,98.08438059458543,pieron
1123,20_epo,10.0,98.08438059458543,pieron
1124,20_epo,11.0,98.08438059458543,pieron
1125,20_epo,12.0,98.08438059458543,pieron
1126,20_epo,13.0,98.08438059458543,pieron
1127,20_epo,14.000000000000002,98.08438059458543,pieron
1128,20_epo,15.0,98.08438059458543,pieron
1129,20_epo,16.0,98.0843805945854,pieron
1130,20_epo,17.0,98.0843805945854,pieron
1131,20_epo,18.0,98.0843805945854,pieron
1132,20_epo,19.0,98.0843805945854,pieron
1133,20_epo,20.0,98.0843805945854,pieron
1134,20_epo,21.0,98.0843805945854,pieron
1135,20_epo,22.0,98.0843805945854,pieron
1136,20_epo,23.0,98.0843805945854,pieron
1137,20_epo,24.0,98.0843805945854,pieron
1138,20_epo,25.0,98.0843805945854,pieron
1139,20_epo,26.0,98.0843805945854,pieron
1140,20_epo,27.0,98.0843805945854,pieron
1141,20_epo,28.000000000000004,98.0843805945854,pieron
1142,20_epo,28.999999999999996,98.0843805945854,pieron
1143,20_epo,30.0,98.0843805945854,pieron
1144,20_epo,31.0,98.0843805945854,pieron
1145,20_epo,32.0,98.0843805945854,pieron
1146,20_epo,33.0,98.0843805945854,pieron
1147,20_epo,34.0,98.08438059458538,pieron
1148,20_epo,35.0,98.08438059458538,pieron
1149,20_epo,36.0,98.08438059458538,pieron
1150,20_epo,37.0,98.08438059458538,pieron
1151,20_epo,38.0,98.08438059458538,pieron
1152,20_epo,39.0,98.08438059458538,pieron
1153,20_epo,40.0,98.08438059458538,pieron
1154,20_epo,41.0,98.08438059458538,pieron
1155,20_epo,42.0,98.08438059458538,pieron
1156,20_epo,43.0,98.08438059458538,pieron
1157,20_epo,44.0,98.08438059458538,pieron
1158,20_epo,45.0,98.08438059458538,pieron
1159,20_epo,46.0,98.08438059458538,pieron
1160,20_epo,47.0,98.08438059458538,pieron
1161,20_epo,48.0,98.08438059458538,pieron
1162,20_epo,49.0,98.08438059458538,pieron
1163,20_epo,50.0,98.08438059458538,pieron
1164,20_epo,51.0,98.08438059458538,pieron
1165,20_epo,52.0,98.08438059458538,pieron
1166,20_epo,53.0,98.08438059458538,pieron
1167,20_epo,54.0,98.08438059458538,pieron
1168,20_epo,55.00000000000001,98.08438059458538,pieron
1169,20_epo,56.00000000000001,98.08438059458538,pieron
1170,20_epo,56.99999999999999,98.08438059458538,pieron
1171,20_epo,57.99999999999999,98.08438059458538,pieron
1172,20_epo,59.0,98.08438059458538,pieron
1173,20_epo,60.0,98.08438059458538,pieron
1174,20_epo,61.0,98.08438059458538,pieron
1175,20_epo,62.0,98.08438059458538,pieron
1176,20_epo,63.0,98.08438059458538,pieron
1177,20_epo,64.0,98.08438059458538,pieron
1178,20_epo,65.0,98.08438059458538,pieron
1179,20_epo,66.0,98.08438059458538,pieron
1180,20_epo,67.0,98.08438059458538,pieron
1181,20_epo,68.0,98.08438059458538,pieron
1182,20_epo,69.0,98.08438059458538,pieron
1183,20_epo,70.0,98.08438059458535,pieron
1184,20_epo,71.0,98.08438059458535,pieron
1185,20_epo,72.0,98.08438059458535,pieron
1186,20_epo,73.0,98.08438059458535,pieron
1187,20_epo,74.0,98.08438059458535,pieron
1188,20_epo,75.0,98.08438059458535,pieron
1189,20_epo,76.0,98.08438059458535,pieron
1190,20_epo,77.0,98.08438059458535,pieron
1191,20_epo,78.0,98.08438059458535,pieron
1192,20_epo,79.0,98.08438059458535,pieron
1193,20_epo,80.0,98.08438059458535,pieron
1194,20_epo,81.0,98.08438059458535,pieron
1195,20_epo,82.0,98.08438059458535,pieron
1196,20_epo,83.0,98.08438059458535,pieron
1197,20_epo,84.0,98.08438059458535,pieron
1198,20_epo,85.0,98.08438059458535,pieron
1199,20_epo,86.0,98.08438059458535,pieron
1200,20_epo,87.0,98.08438059458535,pieron
1201,20_epo,88.0,98.08438059458535,pieron
1202,20_epo,89.0,98.08438059458535,pieron
1203,20_epo,90.0,98.08438059458535,pieron
1204,20_epo,91.0,98.08438059458535,pieron
1205,20_epo,92.0,98.08438059458535,pieron
1206,20_epo,93.0,98.08438059458535,pieron
1207,20_epo,94.0,98.08438059458535,pieron
1208,20_epo,95.0,98.08438059458535,pieron
1209,21_epo,3.0,125.99619494335896,pieron
1210,21_epo,4.0,124.76802652122069,pieron
1211,21_epo,5.0,123.8236355253511,pieron
1212,21_epo,6.0,123.0573206693848,pieron
1213,21_epo,7.000000000000001,122.41311185373503,pieron
1214,21_epo,8.0,121.85779940267497,pieron
1215,21_epo,9.0,121.37007046234112,pieron
1216,21_epo,10.0,120.93543642442589,pieron
1217,21_epo,11.0,120.54360309363328,pieron
1218,21_epo,12.0,120.18699594170538,pieron
1219,21_epo,13.0,119.8598808426224,pieron
1220,21_epo,14.000000000000002,119.55781336328627,pieron
1221,21_epo,15.0,119.2772795668242,pieron
1222,21_epo,16.0,119.01545363256167,pieron
1223,21_epo,17.0,118.77002950604319,pieron
1224,21_epo,18.0,118.53910102018813,pieron
1225,21_epo,19.0,118.32107466084958,pieron
1226,21_epo,20.0,118.11460486614467,pieron
1227,21_epo,21.0,117.9185452217926,pieron
1228,21_epo,22.0,117.73191108830498,pieron
1229,21_epo,23.0,117.55385059256044,pieron
1230,21_epo,24.0,117.3836218350659,pieron
1231,21_epo,25.0,117.2205747814634,pieron
1232,21_epo,26.0,117.06413672948992,pieron
1233,21_epo,27.0,116.91380053703818,pieron
1234,21_epo,28.000000000000004,116.76911500534047,pieron
1235,21_epo,28.999999999999996,116.62967696090536,pieron
1236,21_epo,30.0,116.49512468868565,pieron
1237,21_epo,31.0,116.36513244912081,pieron
1238,21_epo,32.0,116.23940587141037,pieron
1239,21_epo,33.0,116.11767806032381,pieron
1240,21_epo,34.0,115.99970628801766,pieron
1241,21_epo,35.0,115.88526916853908,pieron
1242,21_epo,36.0,115.77416423297116,pieron
1243,21_epo,37.0,115.66620583898721,pieron
1244,21_epo,38.0,115.56122336100623,pieron
1245,21_epo,39.0,115.45905961697189,pieron
1246,21_epo,40.0,115.35956949561002,pieron
1247,21_epo,41.0,115.26261875429701,pieron
1248,21_epo,42.0,115.16808296273331,pieron
1249,21_epo,43.0,115.07584657172293,pieron
1250,21_epo,44.0,114.98580208970567,pieron
1251,21_epo,45.0,114.89784935243281,pieron
1252,21_epo,46.0,114.81189487343431,pieron
1253,21_epo,47.0,114.7278512647949,pieron
1254,21_epo,48.0,114.64563671930851,pieron
1255,21_epo,49.0,114.565174546375,pieron
1256,21_epo,50.0,114.48639275508896,pieron
1257,21_epo,51.0,114.40922367888217,pieron
1258,21_epo,52.0,114.33360363685208,pieron
1259,21_epo,53.0,114.25947262755916,pieron
1260,21_epo,54.0,114.18677405163275,pieron
1261,21_epo,55.00000000000001,114.1154544599955,pieron
1262,21_epo,56.00000000000001,114.04546332492113,pieron
1263,21_epo,56.99999999999999,113.97675283148828,pieron
1264,21_epo,57.99999999999999,113.90927768728915,pieron
1265,21_epo,59.0,113.8429949485111,pieron
1266,21_epo,60.0,113.77786386073053,pieron
1267,21_epo,61.0,113.7138457129521,pieron
1268,21_epo,62.0,113.65090370359361,pieron
1269,21_epo,63.0,113.58900281726385,pieron
1270,21_epo,64.0,113.52810971130731,pieron
1271,21_epo,65.0,113.46819261120278,pieron
1272,21_epo,66.0,113.40922121399994,pieron
1273,21_epo,67.0,113.35116659906467,pieron
1274,21_epo,68.0,113.29400114548012,pieron
1275,21_epo,69.0,113.23769845551672,pieron
1276,21_epo,70.0,113.1822332836452,pieron
1277,21_epo,71.0,113.12758147061719,pieron
1278,21_epo,72.0,113.07371988218668,pieron
1279,21_epo,73.0,113.02062635208554,pieron
1280,21_epo,74.0,112.96827962890438,pieron
1281,21_epo,75.0,112.91665932656187,pieron
1282,21_epo,76.0,112.86574587807655,pieron
1283,21_epo,77.0,112.81552049237997,pieron
1284,21_epo,78.0,112.76596511393467,pieron
1285,21_epo,79.0,112.71706238494154,pieron
1286,21_epo,80.0,112.66879560994,pieron
1287,21_epo,81.0,112.62114872262137,pieron
1288,21_epo,82.0,112.57410625469198,pieron
1289,21_epo,83.0,112.52765330663605,pieron
1290,21_epo,84.0,112.4817755202407,pieron
1291,21_epo,85.0,112.43645905275787,pieron
1292,21_epo,86.0,112.39169055258708,pieron
1293,21_epo,87.0,112.3474571363734,pieron
1294,21_epo,88.0,112.3037463674227,pieron
1295,21_epo,89.0,112.26054623534462,pieron
1296,21_epo,90.0,112.21784513684028,pieron
1297,21_epo,91.0,112.17563185755877,pieron
1298,21_epo,92.0,112.13389555495137,pieron
1299,21_epo,93.0,112.09262574205907,pieron
1300,21_epo,94.0,112.05181227217285,pieron
1301,21_epo,95.0,112.01144532431063,pieron
1302,22_epo,3.0,82.67758250451595,pieron
1303,22_epo,4.0,82.67758250451595,pieron
1304,22_epo,5.0,82.67758250451595,pieron
1305,22_epo,6.0,82.67758250451595,pieron
1306,22_epo,7.000000000000001,82.67758250451595,pieron
1307,22_epo,8.0,82.67758250451595,pieron
1308,22_epo,9.0,82.67758250451595,pieron
1309,22_epo,10.0,82.67758250451595,pieron
1310,22_epo,11.0,82.67758250451595,pieron
1311,22_epo,12.0,82.67758250451595,pieron
1312,22_epo,13.0,82.67758250451595,pieron
1313,22_epo,14.000000000000002,82.67758250451595,pieron
1314,22_epo,15.0,82.67758250451595,pieron
1315,22_epo,16.0,82.67758250451595,pieron
1316,22_epo,17.0,82.67758250451595,pieron
1317,22_epo,18.0,82.67758250451595,pieron
1318,22_epo,19.0,82.67758250451595,pieron
1319,22_epo,20.0,82.67758250451595,pieron
1320,22_epo,21.0,82.67758250451595,pieron
1321,22_epo,22.0,82.67758250451595,pieron
1322,22_epo,23.0,82.67758250451595,pieron
1323,22_epo,24.0,82.67758250451595,pieron
1324,22_epo,25.0,82.67758250451595,pieron
1325,22_epo,26.0,82.67758250451595,pieron
1326,22_epo,27.0,82.67758250451595,pieron
1327,22_epo,28.000000000000004,82.67758250451595,pieron
1328,22_epo,28.999999999999996,82.67758250451595,pieron
1329,22_epo,30.0,82.67758250451595,pieron
1330,22_epo,31.0,82.67758250451595,pieron
1331,22_epo,32.0,82.67758250451595,pieron
1332,22_epo,33.0,82.67758250451595,pieron
1333,22_epo,34.0,82.67758250451595,pieron
1334,22_epo,35.0,82.67758250451595,pieron
1335,22_epo,36.0,82.67758250451595,pieron
1336,22_epo,37.0,82.67758250451595,pieron
1337,22_epo,38.0,82.67758250451595,pieron
1338,22_epo,39.0,82.67758250451595,pieron
1339,22_epo,40.0,82.67758250451595,pieron
1340,22_epo,41.0,82.67758250451595,pieron
1341,22_epo,42.0,82.67758250451595,pieron
1342,22_epo,43.0,82.67758250451595,pieron
1343,22_epo,44.0,82.67758250451595,pieron
1344,22_epo,45.0,82.67758250451595,pieron
1345,22_epo,46.0,82.67758250451595,pieron
1346,22_epo,47.0,82.67758250451595,pieron
1347,22_epo,48.0,82.67758250451595,pieron
1348,22_epo,49.0,82.67758250451595,pieron
1349,22_epo,50.0,82.67758250451595,pieron
1350,22_epo,51.0,82.67758250451595,pieron
1351,22_epo,52.0,82.67758250451595,pieron
1352,22_epo,53.0,82.67758250451595,pieron
1353,22_epo,54.0,82.67758250451595,pieron
1354,22_epo,55.00000000000001,82.67758250451595,pieron
1355,22_epo,56.00000000000001,82.67758250451595,pieron
1356,22_epo,56.99999999999999,82.67758250451595,pieron
1357,22_epo,57.99999999999999,82.67758250451595,pieron
1358,22_epo,59.0,82.67758250451595,pieron
1359,22_epo,60.0,82.67758250451595,pieron
1360,22_epo,61.0,82.67758250451595,pieron
1361,22_epo,62.0,82.67758250451595,pieron
1362,22_epo,63.0,82.67758250451595,pieron
1363,22_epo,64.0,82.67758250451595,pieron
1364,22_epo,65.0,82.67758250451595,pieron
1365,22_epo,66.0,82.67758250451595,pieron
1366,22_epo,67.0,82.67758250451595,pieron
1367,22_epo,68.0,82.67758250451595,pieron
1368,22_epo,69.0,82.67758250451595,pieron
1369,22_epo,70.0,82.67758250451595,pieron
1370,22_epo,71.0,82.67758250451595,pieron
1371,22_epo,72.0,82.67758250451595,pieron
1372,22_epo,73.0,82.67758250451595,pieron
1373,22_epo,74.0,82.67758250451595,pieron
1374,22_epo,75.0,82.67758250451595,pieron
1375,22_epo,76.0,82.67758250451595,pieron
1376,22_epo,77.0,82.67758250451595,pieron
1377,22_epo,78.0,82.67758250451595,pieron
1378,22_epo,79.0,82.67758250451595,pieron
1379,22_epo,80.0,82.67758250451595,pieron
1380,22_epo,81.0,82.67758250451595,pieron
1381,22_epo,82.0,82.67758250451595,pieron
1382,22_epo,83.0,82.67758250451595,pieron
1383,22_epo,84.0,82.67758250451595,pieron
1384,22_epo,85.0,82.67758250451595,pieron
1385,22_epo,86.0,82.67758250451595,pieron
1386,22_epo,87.0,82.67758250451595,pieron
1387,22_epo,88.0,82.67758250451595,pieron
1388,22_epo,89.0,82.67758250451595,pieron
1389,22_epo,90.0,82.67758250451595,pieron
1390,22_epo,91.0,82.67758250451595,pieron
1391,22_epo,92.0,82.67758250451595,pieron
1392,22_epo,93.0,82.67758250451595,pieron
1393,22_epo,94.0,82.67758250451595,pieron
1394,22_epo,95.0,82.67758250451595,pieron
1395,23_epo,3.0,121.63351344589215,pieron
1396,23_epo,4.0,119.68541572448655,pieron
1397,23_epo,5.0,118.19586629574945,pieron
1398,23_epo,6.0,116.99258764056985,pieron
1399,23_epo,7.000000000000001,115.98479199764958,pieron
1400,23_epo,8.0,115.11881957330668,pieron
1401,23_epo,9.0,114.36034607879239,pieron
1402,23_epo,10.0,113.68610389199894,pieron
1403,23_epo,11.0,113.07960276039225,pieron
1404,23_epo,12.0,112.52873632500233,pieron
1405,23_epo,13.0,112.02435840026448,pieron
1406,23_epo,14.000000000000002,111.55939311737895,pieron
1407,23_epo,15.0,111.1282556240348,pieron
1408,23_epo,16.0,110.72646186447786,pieron
1409,23_epo,17.0,110.35035798191771,pieron
1410,23_epo,18.0,109.9969279205333,pieron
1411,23_epo,19.0,109.66365361634833,pieron
1412,23_epo,20.0,109.34841143938691,pieron
1413,23_epo,21.0,109.04939417563055,pieron
1414,23_epo,22.0,108.76505135396796,pieron
1415,23_epo,23.0,108.494042980234,pieron
1416,23_epo,24.0,108.2352032233434,pieron
1417,23_epo,25.0,107.98751159367976,pieron
1418,23_epo,26.0,107.75006983459106,pieron
1419,23_epo,27.0,107.52208322156994,pieron
1420,23_epo,28.000000000000004,107.30284529863285,pieron
1421,23_epo,28.999999999999996,107.09172532166684,pieron
1422,23_epo,30.0,106.8881578531564,pieron
1423,23_epo,31.0,106.69163408121824,pieron
1424,23_epo,32.0,106.5016945315217,pieron
1425,23_epo,33.0,106.3179229126145,pieron
1426,23_epo,34.0,106.13994088981708,pieron
1427,23_epo,35.0,105.96740362473354,pieron
1428,23_epo,36.0,105.79999594980909,pieron
1429,23_epo,37.0,105.63742907259972,pieron
1430,23_epo,38.0,105.47943772423373,pieron
1431,23_epo,39.0,105.3257776822164,pieron
1432,23_epo,40.0,105.17622361020119,pieron
1433,23_epo,41.0,105.03056716734663,pieron
1434,23_epo,42.0,104.88861534793044,pieron
1435,23_epo,43.0,104.75018901842085,pieron
1436,23_epo,44.0,104.61512162452398,pieron
1437,23_epo,45.0,104.4832580450822,pieron
1438,23_epo,46.0,104.3544535732841,pieron
1439,23_epo,47.0,104.2285730086105,pieron
1440,23_epo,48.0,104.105489845402,pieron
1441,23_epo,49.0,103.98508554598824,pieron
1442,23_epo,50.0,103.86724888803502,pieron
1443,23_epo,51.0,103.75187537721278,pieron
1444,23_epo,52.0,103.63886671750704,pieron
1445,23_epo,53.0,103.5281303325237,pieron
1446,23_epo,54.0,103.41957893201842,pieron
1447,23_epo,55.00000000000001,103.31313011862665,pieron
1448,23_epo,56.00000000000001,103.20870603040842,pieron
1449,23_epo,56.99999999999999,103.1062330153709,pieron
1450,23_epo,57.99999999999999,103.00564133460107,pieron
1451,23_epo,59.0,102.90686489104803,pieron
1452,23_epo,60.0,102.80984098134505,pieron
1453,23_epo,61.0,102.71451006836527,pieron
1454,23_epo,62.0,102.62081557247072,pieron
1455,23_epo,63.0,102.52870367964304,pieron
1456,23_epo,64.0,102.43812316488709,pieron
1457,23_epo,65.0,102.34902522947316,pieron
1458,23_epo,66.0,102.26136335073922,pieron
1459,23_epo,67.0,102.17509314330933,pieron
1460,23_epo,68.0,102.09017223070441,pieron
1461,23_epo,69.0,102.00656012642676,pieron
1462,23_epo,70.0,101.92421812369317,pieron
1463,23_epo,71.0,101.8431091930736,pieron
1464,23_epo,72.0,101.76319788736649,pieron
1465,23_epo,73.0,101.68445025310577,pieron
1466,23_epo,74.0,101.60683374815387,pieron
1467,23_epo,75.0,101.53031716488573,pieron
1468,23_epo,76.0,101.45487055851552,pieron
1469,23_epo,77.0,101.38046518015952,pieron
1470,23_epo,78.0,101.30707341426412,pieron
1471,23_epo,79.0,101.23466872006365,pieron
1472,23_epo,80.0,101.1632255767598,pieron
1473,23_epo,81.0,101.09271943214368,pieron
1474,23_epo,82.0,101.02312665440436,pieron
1475,23_epo,83.0,100.95442448688993,pieron
1476,23_epo,84.0,100.88659100560741,pieron
1477,23_epo,85.0,100.81960507926486,pieron
1478,23_epo,86.0,100.75344633167579,pieron
1479,23_epo,87.0,100.6880951063607,pieron
1480,23_epo,88.0,100.62353243319343,pieron
1481,23_epo,89.0,100.5597399969526,pieron
1482,23_epo,90.0,100.49670010764932,pieron
1483,23_epo,91.0,100.43439567251207,pieron
1484,23_epo,92.0,100.37281016951941,pieron
1485,23_epo,93.0,100.31192762237899,pieron
1486,23_epo,94.0,100.25173257685925,pieron
1487,23_epo,95.0,100.19221007838725,pieron
1488,24_epo,3.0,90.9633282502528,pieron
1489,24_epo,4.0,90.06173966951388,pieron
1490,24_epo,5.0,89.36857173157382,pieron
1491,24_epo,6.0,88.80617446322918,pieron
1492,24_epo,7.000000000000001,88.33343639611289,pieron
1493,24_epo,8.0,87.92596664393216,pieron
1494,24_epo,9.0,87.56811329354225,pieron
1495,24_epo,10.0,87.24923686707452,pieron
1496,24_epo,11.0,86.96177848147661,pieron
1497,24_epo,12.0,86.70017659310506,pieron
1498,24_epo,13.0,86.46022118426824,pieron
1499,24_epo,14.000000000000002,86.23864929335366,pieron
1500,24_epo,15.0,86.0328812149721,pieron
1501,24_epo,16.0,85.84084250025678,pieron
1502,24_epo,17.0,85.6608403287564,pieron
1503,24_epo,18.0,85.49147547864179,pieron
1504,24_epo,19.0,85.33157827079594,pieron
1505,24_epo,20.0,85.18016106099871,pieron
1506,24_epo,21.0,85.0363824052494,pieron
1507,24_epo,22.0,84.89951961973466,pieron
1508,24_epo,23.0,84.76894748275203,pieron
1509,24_epo,24.0,84.64412150067376,pieron
1510,24_epo,25.0,84.52456461335379,pieron
1511,24_epo,26.0,84.40985652477123,pieron
1512,24_epo,27.0,84.29962506093041,pieron
1513,24_epo,28.000000000000004,84.19353911005908,pieron
1514,24_epo,28.999999999999996,84.09130281000783,pieron
1515,24_epo,30.0,83.99265072768326,pieron
1516,24_epo,31.0,83.8973438342125,pieron
1517,24_epo,32.0,83.80516612338441,pieron
1518,24_epo,33.0,83.71592175391521,pieron
1519,24_epo,34.0,83.62943262117518,pieron
1520,24_epo,35.0,83.54553628325438,pieron
1521,24_epo,36.0,83.46408418113312,pieron
1522,24_epo,37.0,83.3849401043333,pieron
1523,24_epo,38.0,83.30797886254719,pieron
1524,24_epo,39.0,83.2330851309597,pieron
1525,24_epo,40.0,83.16015244272893,pieron
1526,24_epo,41.0,83.08908230669925,pieron
1527,24_epo,42.0,83.01978343213781,pieron
1528,24_epo,43.0,82.95217104529864,pieron
1529,24_epo,44.0,82.88616628507711,pieron
1530,24_epo,45.0,82.82169566702945,pieron
1531,24_epo,46.0,82.75869060669149,pieron
1532,24_epo,47.0,82.69708699450136,pieron
1533,24_epo,48.0,82.63682481577086,pieron
1534,24_epo,49.0,82.57784781010092,pieron
1535,24_epo,50.0,82.52010316543277,pieron
1536,24_epo,51.0,82.46354124259658,pieron
1537,24_epo,52.0,82.40811532678441,pieron
1538,24_epo,53.0,82.3537814028526,pieron
1539,24_epo,54.0,82.3004979517665,pieron
1540,24_epo,55.00000000000001,82.24822576584648,pieron
1541,24_epo,56.00000000000001,82.19692778077123,pieron
1542,24_epo,56.99999999999999,82.14656892254887,pieron
1543,24_epo,57.99999999999999,82.09711596788496,pieron
1544,24_epo,59.0,82.04853741656588,pieron
1545,24_epo,60.0,82.00080337463886,pieron
1546,24_epo,61.0,81.953885447312,pieron
1547,24_epo,62.0,81.90775664062066,pieron
1548,24_epo,63.0,81.86239127101385,pieron
1549,24_epo,64.0,81.81776488210784,pieron
1550,24_epo,65.0,81.77385416793706,pieron
1551,24_epo,66.0,81.73063690210321,pieron
1552,24_epo,67.0,81.68809187228749,pieron
1553,24_epo,68.0,81.64619881964704,pieron
1554,24_epo,69.0,81.6049383826645,pieron
1555,24_epo,70.0,81.56429204506502,pieron
1556,24_epo,71.0,81.5242420874518,pieron
1557,24_epo,72.0,81.48477154234685,pieron
1558,24_epo,73.0,81.44586415235341,pieron
1559,24_epo,74.0,81.4075043311837,pieron
1560,24_epo,75.0,81.36967712732002,pieron
1561,24_epo,76.0,81.33236819009879,pieron
1562,24_epo,77.0,81.29556373802627,pieron
1563,24_epo,78.0,81.25925052915237,pieron
1564,24_epo,79.0,81.2234158333441,pieron
1565,24_epo,80.0,81.18804740631504,pieron
1566,24_epo,81.0,81.15313346527833,pieron
1567,24_epo,82.0,81.118662666104,pieron
1568,24_epo,83.0,81.08462408186959,pieron
1569,24_epo,84.0,81.05100718270435,pieron
1570,24_epo,85.0,81.0178018168339,pieron
1571,24_epo,86.0,80.98499819274089,pieron
1572,24_epo,87.0,80.95258686236416,pieron
1573,24_epo,88.0,80.92055870526401,pieron
1574,24_epo,89.0,80.88890491368862,pieron
1575,24_epo,90.0,80.85761697847998,pieron
1576,24_epo,91.0,80.82668667576426,pieron
1577,24_epo,92.0,80.7961060543739,pieron
1578,24_epo,93.0,80.76586742395469,pieron
1579,24_epo,94.0,80.73596334371284,pieron
1580,24_epo,95.0,80.70638661176163,pieron
1581,25_epo,3.0,144.8106544949859,pieron
1582,25_epo,4.0,144.15114689711078,pieron
1583,25_epo,5.0,143.64166219573252,pieron
1584,25_epo,6.0,143.22671988204937,pieron
1585,25_epo,7.000000000000001,142.8768264490707,pieron
1586,25_epo,8.0,142.57442595857833,pieron
1587,25_epo,9.0,142.30822112579528,pieron
1588,25_epo,10.0,142.0705139856439,pieron
1589,25_epo,11.0,141.85582379118588,pieron
1590,25_epo,12.0,141.66011029859226,pieron
1591,25_epo,13.0,141.4803097933687,pieron
1592,25_epo,14.000000000000002,141.31404398953114,pieron
1593,25_epo,15.0,141.15942986318643,pieron
1594,25_epo,16.0,141.01495114657018,pieron
1595,25_epo,17.0,140.8793689527468,pieron
1596,25_epo,18.0,140.75165805429575,pieron
1597,25_epo,19.0,140.63096046033627,pieron
1598,25_epo,20.0,140.51655094774236,pieron
1599,25_epo,21.0,140.4078110341684,pieron
1600,25_epo,22.0,140.30420902821783,pieron
1601,25_epo,23.0,140.20528453031835,pieron
1602,25_epo,24.0,140.11063624395968,pieron
1603,25_epo,25.0,140.01991228381684,pieron
1604,25_epo,26.0,139.9328023912911,pieron
1605,25_epo,27.0,139.84903162418524,pieron
1606,25_epo,28.000000000000004,139.76835519784902,pieron
1607,25_epo,28.999999999999996,139.69055423461316,pieron
1608,25_epo,30.0,139.61543223619952,pieron
1609,25_epo,31.0,139.54281213644535,pieron
1610,25_epo,32.0,139.47253382346958,pieron
1611,25_epo,33.0,139.40445204435505,pieron
1612,25_epo,34.0,139.338434623632,pieron
1613,25_epo,35.0,139.2743609408284,pieron
1614,25_epo,36.0,139.2121206231731,pieron
1615,25_epo,37.0,139.15161241798123,pieron
1616,25_epo,38.0,139.09274321589072,pieron
1617,25_epo,39.0,139.0354272013726,pieron
1618,25_epo,40.0,138.9795851111278,pieron
1619,25_epo,41.0,138.92514358434192,pieron
1620,25_epo,42.0,138.87203459148012,pieron
1621,25_epo,43.0,138.82019493050257,pieron
1622,25_epo,44.0,138.76956578117574,pieron
1623,25_epo,45.0,138.72009230962414,pieron
1624,25_epo,46.0,138.67172331647913,pieron
1625,25_epo,47.0,138.62441092298437,pieron
1626,25_epo,48.0,138.5781102902492,pieron
1627,25_epo,49.0,138.53277936753895,pieron
1628,25_epo,50.0,138.48837866607215,pieron
1629,25_epo,51.0,138.44487105528668,pieron
1630,25_epo,52.0,138.40222157894866,pieron
1631,25_epo,53.0,138.360397288832,pieron
1632,25_epo,54.0,138.31936709399096,pieron
1633,25_epo,55.00000000000001,138.27910162390563,pieron
1634,25_epo,56.00000000000001,138.23957310399598,pieron
1635,25_epo,56.99999999999999,138.20075524218737,pieron
1636,25_epo,57.99999999999999,138.1626231253718,pieron
1637,25_epo,59.0,138.12515312474653,pieron
1638,25_epo,60.0,138.08832280913268,pieron
1639,25_epo,61.0,138.05211086548098,pieron
1640,25_epo,62.0,138.01649702586025,pieron
1641,25_epo,63.0,137.98146200030584,pieron
1642,25_epo,64.0,137.94698741497237,pieron
1643,25_epo,65.0,137.91305575509594,pieron
1644,25_epo,66.0,137.87965031232403,pieron
1645,25_epo,67.0,137.84675513601843,pieron
1646,25_epo,68.0,137.8143549881767,pieron
1647,25_epo,69.0,137.78243530165417,pieron
1648,25_epo,70.0,137.75098214140152,pieron
1649,25_epo,71.0,137.7199821684598,pieron
1650,25_epo,72.0,137.68942260648143,pieron
1651,25_epo,73.0,137.65929121056723,pieron
1652,25_epo,74.0,137.62957623823036,pieron
1653,25_epo,75.0,137.60026642231497,pieron
1654,25_epo,76.0,137.57135094571376,pieron
1655,25_epo,77.0,137.5428194177437,pieron
1656,25_epo,78.0,137.5146618520502,pieron
1657,25_epo,79.0,137.48686864592372,pieron
1658,25_epo,80.0,137.45943056092037,pieron
1659,25_epo,81.0,137.432338704691,pieron
1660,25_epo,82.0,137.40558451392815,pieron
1661,25_epo,83.0,137.37915973834944,pieron
1662,25_epo,84.0,137.35305642564373,pieron
1663,25_epo,85.0,137.3272669073104,pieron
1664,25_epo,86.0,137.30178378532935,pieron
1665,25_epo,87.0,137.27659991960428,pieron
1666,25_epo,88.0,137.2517084161254,pieron
1667,25_epo,89.0,137.22710261580315,pieron
1668,25_epo,90.0,137.2027760839277,pieron
1669,25_epo,91.0,137.17872260021272,pieron
1670,25_epo,92.0,137.15493614938478,pieron
1671,25_epo,93.0,137.13141091228312,pieron
1672,25_epo,94.0,137.10814125743673,pieron
1673,25_epo,95.0,137.0851217330887,pieron
1674,2_epo,3.0,105.37644730690981,pieron
1675,2_epo,4.0,105.37644730690981,pieron
1676,2_epo,5.0,105.37644730690981,pieron
1677,2_epo,6.0,105.37644730690981,pieron
1678,2_epo,7.000000000000001,105.37644730690981,pieron
1679,2_epo,8.0,105.37644730690981,pieron
1680,2_epo,9.0,105.37644730690981,pieron
1681,2_epo,10.0,105.37644730690981,pieron
1682,2_epo,11.0,105.37644730690981,pieron
1683,2_epo,12.0,105.37644730690981,pieron
1684,2_epo,13.0,105.37644730690981,pieron
1685,2_epo,14.000000000000002,105.37644730690981,pieron
1686,2_epo,15.0,105.37644730690981,pieron
1687,2_epo,16.0,105.37644730690981,pieron
1688,2_epo,17.0,105.37644730690981,pieron
1689,2_epo,18.0,105.37644730690981,pieron
1690,2_epo,19.0,105.37644730690981,pieron
1691,2_epo,20.0,105.37644730690981,pieron
1692,2_epo,21.0,105.37644730690981,pieron
1693,2_epo,22.0,105.37644730690981,pieron
1694,2_epo,23.0,105.37644730690981,pieron
1695,2_epo,24.0,105.37644730690981,pieron
1696,2_epo,25.0,105.37644730690981,pieron
1697,2_epo,26.0,105.37644730690981,pieron
1698,2_epo,27.0,105.37644730690981,pieron
1699,2_epo,28.000000000000004,105.37644730690981,pieron
1700,2_epo,28.999999999999996,105.37644730690981,pieron
1701,2_epo,30.0,105.37644730690981,pieron
1702,2_epo,31.0,105.37644730690981,pieron
1703,2_epo,32.0,105.37644730690981,pieron
1704,2_epo,33.0,105.37644730690981,pieron
1705,2_epo,34.0,105.37644730690981,pieron
1706,2_epo,35.0,105.37644730690981,pieron
1707,2_epo,36.0,105.37644730690981,pieron
1708,2_epo,37.0,105.37644730690981,pieron
1709,2_epo,38.0,105.37644730690981,pieron
1710,2_epo,39.0,105.37644730690981,pieron
1711,2_epo,40.0,105.37644730690981,pieron
1712,2_epo,41.0,105.37644730690981,pieron
1713,2_epo,42.0,105.37644730690981,pieron
1714,2_epo,43.0,105.37644730690981,pieron
1715,2_epo,44.0,105.37644730690981,pieron
1716,2_epo,45.0,105.37644730690981,pieron
1717,2_epo,46.0,105.37644730690981,pieron
1718,2_epo,47.0,105.37644730690981,pieron
1719,2_epo,48.0,105.37644730690981,pieron
1720,2_epo,49.0,105.37644730690981,pieron
1721,2_epo,50.0,105.37644730690981,pieron
1722,2_epo,51.0,105.37644730690981,pieron
1723,2_epo,52.0,105.37644730690981,pieron
1724,2_epo,53.0,105.37644730690981,pieron
1725,2_epo,54.0,105.37644730690981,pieron
1726,2_epo,55.00000000000001,105.37644730690981,pieron
1727,2_epo,56.00000000000001,105.37644730690981,pieron
1728,2_epo,56.99999999999999,105.37644730690981,pieron
1729,2_epo,57.99999999999999,105.37644730690981,pieron
1730,2_epo,59.0,105.37644730690981,pieron
1731,2_epo,60.0,105.37644730690981,pieron
1732,2_epo,61.0,105.37644730690981,pieron
1733,2_epo,62.0,105.37644730690981,pieron
1734,2_epo,63.0,105.37644730690981,pieron
1735,2_epo,64.0,105.37644730690981,pieron
1736,2_epo,65.0,105.37644730690981,pieron
1737,2_epo,66.0,105.37644730690981,pieron
1738,2_epo,67.0,105.37644730690981,pieron
1739,2_epo,68.0,105.37644730690981,pieron
1740,2_epo,69.0,105.37644730690981,pieron
1741,2_epo,70.0,105.37644730690981,pieron
1742,2_epo,71.0,105.37644730690981,pieron
1743,2_epo,72.0,105.37644730690981,pieron
1744,2_epo,73.0,105.37644730690981,pieron
1745,2_epo,74.0,105.37644730690981,pieron
1746,2_epo,75.0,105.37644730690981,pieron
1747,2_epo,76.0,105.37644730690981,pieron
1748,2_epo,77.0,105.37644730690981,pieron
1749,2_epo,78.0,105.37644730690981,pieron
1750,2_epo,79.0,105.37644730690981,pieron
1751,2_epo,80.0,105.37644730690981,pieron
1752,2_epo,81.0,105.37644730690981,pieron
1753,2_epo,82.0,105.37644730690981,pieron
1754,2_epo,83.0,105.37644730690981,pieron
1755,2_epo,84.0,105.37644730690981,pieron
1756,2_epo,85.0,105.37644730690981,pieron
1757,2_epo,86.0,105.37644730690981,pieron
1758,2_epo,87.0,105.37644730690981,pieron
1759,2_epo,88.0,105.37644730690981,pieron
1760,2_epo,89.0,105.37644730690981,pieron
1761,2_epo,90.0,105.37644730690981,pieron
1762,2_epo,91.0,105.37644730690981,pieron
1763,2_epo,92.0,105.37644730690981,pieron
1764,2_epo,93.0,105.37644730690981,pieron
1765,2_epo,94.0,105.37644730690981,pieron
1766,2_epo,95.0,105.37644730690981,pieron
1767,3_epo,3.0,136.77401454023914,pieron
1768,3_epo,4.0,134.54304197891892,pieron
1769,3_epo,5.0,132.83765624289296,pieron
1770,3_epo,6.0,131.460313460066,pieron
1771,3_epo,7.000000000000001,130.3069343993441,pieron
1772,3_epo,8.0,129.31601468213057,pieron
1773,3_epo,9.0,128.4482182120324,pieron
1774,3_epo,10.0,127.67688356368012,pieron
1775,3_epo,11.0,126.98311746696503,pieron
1776,3_epo,12.0,126.3530508562683,pieron
1777,3_epo,13.0,125.77620685495248,pieron
1778,3_epo,14.000000000000002,125.24448083022605,pieron
1779,3_epo,15.0,124.75147646442863,pieron
1780,3_epo,16.0,124.29205856583222,pieron
1781,3_epo,17.0,123.86204298945134,pieron
1782,3_epo,18.0,123.45797618284358,pieron
1783,3_epo,19.0,123.07697500012932,pieron
1784,3_epo,20.0,122.71660805823414,pieron
1785,3_epo,21.0,122.37480635873045,pieron
1786,3_epo,22.0,122.04979492966795,pieron
1787,3_epo,23.0,121.7400398286266,pieron
1788,3_epo,24.0,121.44420654782995,pieron
1789,3_epo,25.0,121.16112700267131,pieron
1790,3_epo,26.0,120.88977306508508,pieron
1791,3_epo,27.0,120.62923514606554,pieron
1792,3_epo,28.000000000000004,120.37870471544002,pieron
1793,3_epo,28.999999999999996,120.13745992230075,pieron
1794,3_epo,30.0,119.9048536796072,pieron
1795,3_epo,31.0,119.68030372371894,pieron
1796,3_epo,32.0,119.46328426920662,pieron
1797,3_epo,33.0,119.25331896171124,pieron
1798,3_epo,34.0,119.04997489422217,pieron
1799,3_epo,35.0,118.85285750012909,pieron
1800,3_epo,36.0,118.6616061734968,pieron
1801,3_epo,37.0,118.4758904959201,pieron
1802,3_epo,38.0,118.29540697201372,pieron
1803,3_epo,39.0,118.11987619354129,pieron
1804,3_epo,40.0,117.94904036647515,pieron
1805,3_epo,41.0,117.78266114672607,pieron
1806,3_epo,42.0,117.62051773950553,pieron
1807,3_epo,43.0,117.4624052247606,pieron
1808,3_epo,44.0,117.30813307721218,pieron
1809,3_epo,45.0,117.15752385451728,pieron
1810,3_epo,46.0,117.0104120311814,pieron
1811,3_epo,47.0,116.86664295924206,pieron
1812,3_epo,48.0,116.72607193956256,pieron
1813,3_epo,49.0,116.58856338992743,pieron
1814,3_epo,50.0,116.45399009809742,pieron
1815,3_epo,51.0,116.32223254963742,pieron
1816,3_epo,52.0,116.19317832172588,pieron
1817,3_epo,53.0,116.06672153533549,pieron
1818,3_epo,54.0,115.94276235917866,pieron
1819,3_epo,55.00000000000001,115.82120655966652,pieron
1820,3_epo,56.00000000000001,115.70196509186128,pieron
1821,3_epo,56.99999999999999,115.58495372702855,pieron
1822,3_epo,57.99999999999999,115.47009271293533,pieron
1823,3_epo,59.0,115.35730646350427,pieron
1824,3_epo,60.0,115.24652327483665,pieron
1825,3_epo,61.0,115.13767506496474,pieron
1826,3_epo,62.0,115.03069713499752,pieron
1827,3_epo,63.0,114.92552794958662,pieron
1828,3_epo,64.0,114.82210893487036,pieron
1829,3_epo,65.0,114.72038429225506,pieron
1830,3_epo,66.0,114.62030082656948,pieron
1831,3_epo,67.0,114.5218077872834,pieron
1832,3_epo,68.0,114.42485672161858,pieron
1833,3_epo,69.0,114.32940133850083,pieron
1834,3_epo,70.0,114.23539738240846,pieron
1835,3_epo,71.0,114.14280251626715,pieron
1836,3_epo,72.0,114.05157621262525,pieron
1837,3_epo,73.0,113.96167965241753,pieron
1838,3_epo,74.0,113.87307563069271,pieron
1839,3_epo,75.0,113.78572846873817,pieron
1840,3_epo,76.0,113.69960393208925,pieron
1841,3_epo,77.0,113.61466915395695,pieron
1842,3_epo,78.0,113.530892563651,pieron
1843,3_epo,79.0,113.44824381961259,pieron
1844,3_epo,80.0,113.366693746706,pieron
1845,3_epo,81.0,113.2862142774486,pieron
1846,3_epo,82.0,113.20677839688625,pieron
1847,3_epo,83.0,113.1283600908475,pieron
1848,3_epo,84.0,113.05093429733017,pieron
1849,3_epo,85.0,112.97447686079724,pieron
1850,3_epo,86.0,112.89896448917476,pieron
1851,3_epo,87.0,112.82437471336365,pieron
1852,3_epo,88.0,112.7506858490906,pieron
1853,3_epo,89.0,112.6778769609387,pieron
1854,3_epo,90.0,112.60592782840953,pieron
1855,3_epo,91.0,112.53481891388172,pieron
1856,3_epo,92.0,112.46453133233953,pieron
1857,3_epo,93.0,112.39504682275656,pieron
1858,3_epo,94.0,112.3263477210261,pieron
1859,3_epo,95.0,112.25841693434045,pieron
1860,4_epo,3.0,99.90305140198,pieron
1861,4_epo,4.0,99.90305140198,pieron
1862,4_epo,5.0,99.90305140198,pieron
1863,4_epo,6.0,99.90305140198,pieron
1864,4_epo,7.000000000000001,99.90305140198,pieron
1865,4_epo,8.0,99.90305140198,pieron
1866,4_epo,9.0,99.90305140198,pieron
1867,4_epo,10.0,99.90305140198,pieron
1868,4_epo,11.0,99.90305140198,pieron
1869,4_epo,12.0,99.90305140198,pieron
1870,4_epo,13.0,99.90305140198,pieron
1871,4_epo,14.000000000000002,99.90305140198,pieron
1872,4_epo,15.0,99.90305140198,pieron
1873,4_epo,16.0,99.90305140198,pieron
1874,4_epo,17.0,99.90305140198,pieron
1875,4_epo,18.0,99.90305140198,pieron
1876,4_epo,19.0,99.90305140198,pieron
1877,4_epo,20.0,99.90305140198,pieron
1878,4_epo,21.0,99.90305140198,pieron
1879,4_epo,22.0,99.90305140198,pieron
1880,4_epo,23.0,99.90305140198,pieron
1881,4_epo,24.0,99.90305140198,pieron
1882,4_epo,25.0,99.90305140198,pieron
1883,4_epo,26.0,99.90305140198,pieron
1884,4_epo,27.0,99.90305140198,pieron
1885,4_epo,28.000000000000004,99.90305140198,pieron
1886,4_epo,28.999999999999996,99.90305140198,pieron
1887,4_epo,30.0,99.90305140198,pieron
1888,4_epo,31.0,99.90305140198,pieron
1889,4_epo,32.0,99.90305140198,pieron
1890,4_epo,33.0,99.90305140198,pieron
1891,4_epo,34.0,99.90305140198,pieron
1892,4_epo,35.0,99.90305140198,pieron
1893,4_epo,36.0,99.90305140198,pieron
1894,4_epo,37.0,99.90305140198,pieron
1895,4_epo,38.0,99.90305140198,pieron
1896,4_epo,39.0,99.90305140198,pieron
1897,4_epo,40.0,99.90305140198,pieron
1898,4_epo,41.0,99.90305140198,pieron
1899,4_epo,42.0,99.90305140198,pieron
1900,4_epo,43.0,99.90305140198,pieron
1901,4_epo,44.0,99.90305140198,pieron
1902,4_epo,45.0,99.90305140198,pieron
1903,4_epo,46.0,99.90305140198,pieron
1904,4_epo,47.0,99.90305140198,pieron
1905,4_epo,48.0,99.90305140198,pieron
1906,4_epo,49.0,99.90305140198,pieron
1907,4_epo,50.0,99.90305140198,pieron
1908,4_epo,51.0,99.90305140198,pieron
1909,4_epo,52.0,99.90305140198,pieron
1910,4_epo,53.0,99.90305140198,pieron
1911,4_epo,54.0,99.90305140198,pieron
1912,4_epo,55.00000000000001,99.90305140198,pieron
1913,4_epo,56.00000000000001,99.90305140198,pieron
1914,4_epo,56.99999999999999,99.90305140198,pieron
1915,4_epo,57.99999999999999,99.90305140198,pieron
1916,4_epo,59.0,99.90305140198,pieron
1917,4_epo,60.0,99.90305140198,pieron
1918,4_epo,61.0,99.90305140198,pieron
1919,4_epo,62.0,99.90305140198,pieron
1920,4_epo,63.0,99.90305140198,pieron
1921,4_epo,64.0,99.90305140198,pieron
1922,4_epo,65.0,99.90305140198,pieron
1923,4_epo,66.0,99.90305140198,pieron
1924,4_epo,67.0,99.90305140198,pieron
1925,4_epo,68.0,99.90305140198,pieron
1926,4_epo,69.0,99.90305140198,pieron
1927,4_epo,70.0,99.90305140198,pieron
1928,4_epo,71.0,99.90305140198,pieron
1929,4_epo,72.0,99.90305140198,pieron
1930,4_epo,73.0,99.90305140198,pieron
1931,4_epo,74.0,99.90305140198,pieron
1932,4_epo,75.0,99.90305140198,pieron
1933,4_epo,76.0,99.90305140198,pieron
1934,4_epo,77.0,99.90305140198,pieron
1935,4_epo,78.0,99.90305140198,pieron
1936,4_epo,79.0,99.90305140198,pieron
1937,4_epo,80.0,99.90305140198,pieron
1938,4_epo,81.0,99.90305140198,pieron
1939,4_epo,82.0,99.90305140198,pieron
1940,4_epo,83.0,99.90305140198,pieron
1941,4_epo,84.0,99.90305140198,pieron
1942,4_epo,85.0,99.90305140198,pieron
1943,4_epo,86.0,99.90305140198,pieron
1944,4_epo,87.0,99.90305140198,pieron
1945,4_epo,88.0,99.90305140198,pieron
1946,4_epo,89.0,99.90305140198,pieron
1947,4_epo,90.0,99.90305140198,pieron
1948,4_epo,91.0,99.90305140198,pieron
1949,4_epo,92.0,99.90305140198,pieron
1950,4_epo,93.0,99.90305140198,pieron
1951,4_epo,94.0,99.90305140198,pieron
1952,4_epo,95.0,99.90305140198,pieron
1953,5_epo,3.0,87.20672682581758,pieron
1954,5_epo,4.0,87.03025048978512,pieron
1955,5_epo,5.0,86.89361078350787,pieron
1956,5_epo,6.0,86.78212727859224,pieron
1957,5_epo,7.000000000000001,86.68798091477764,pieron
1958,5_epo,8.0,86.60651018559189,pieron
1959,5_epo,9.0,86.53471146658052,pieron
1960,5_epo,10.0,86.47053576236709,pieron
1961,5_epo,11.0,86.41252277770039,pieron
1962,5_epo,12.0,86.35959505784582,pieron
1963,5_epo,13.0,86.31093490352825,pieron
1964,5_epo,14.000000000000002,86.2659070818747,pieron
1965,5_epo,15.0,86.22400829765016,pieron
1966,5_epo,16.0,86.18483302432179,pieron
1967,5_epo,17.0,86.14804972436758,pieron
1968,5_epo,18.0,86.11338388503543,pieron
1969,5_epo,19.0,86.08060565241513,pieron
1970,5_epo,20.0,86.0495206449626,pieron
1971,5_epo,21.0,86.01996301344838,pieron
1972,5_epo,22.0,85.99179011886211,pieron
1973,5_epo,23.0,85.96487839580338,pieron
1974,5_epo,24.0,85.93912009800282,pieron
1975,5_epo,25.0,85.91442070947974,pieron
1976,5_epo,26.0,85.89069686439359,pieron
1977,5_epo,27.0,85.86787466018554,pieron
1978,5_epo,28.000000000000004,85.8458882780374,pieron
1979,5_epo,28.999999999999996,85.82467884582937,pieron
1980,5_epo,30.0,85.80419349418597,pieron
1981,5_epo,31.0,85.78438456755948,pieron
1982,5_epo,32.0,85.76520896076866,pieron
1983,5_epo,33.0,85.74662755779354,pieron
1984,5_epo,34.0,85.72860475448158,pieron
1985,5_epo,35.0,85.71110805054862,pieron
1986,5_epo,36.0,85.69410769914376,pieron
1987,5_epo,37.0,85.67757640450195,pieron
1988,5_epo,38.0,85.66148905997726,pieron
1989,5_epo,39.0,85.64582252015522,pieron
1990,5_epo,40.0,85.63055540185947,pieron
1991,5_epo,41.0,85.61566790976599,pieron
1992,5_epo,42.0,85.60114168306178,pieron
1993,5_epo,43.0,85.58695966017304,pieron
1994,5_epo,44.0,85.57310595906684,pieron
1995,5_epo,45.0,85.5595657710233,pieron
1996,5_epo,46.0,85.54632526609996,pieron
1997,5_epo,47.0,85.53337150877698,pieron
1998,5_epo,48.0,85.52069238249602,pieron
1999,5_epo,49.0,85.50827652199044,pieron
2000,5_epo,50.0,85.49611325246175,pieron
2001,5_epo,51.0,85.48419253478718,pieron
2002,5_epo,52.0,85.47250491605534,pieron
2003,5_epo,53.0,85.46104148481982,pieron
2004,5_epo,54.0,85.44979383054108,pieron
2005,5_epo,55.00000000000001,85.43875400675512,pieron
2006,5_epo,56.00000000000001,85.42791449756501,pieron
2007,5_epo,56.99999999999999,85.4172681871025,pieron
2008,5_epo,57.99999999999999,85.40680833164892,pieron
2009,5_epo,59.0,85.39652853414273,pieron
2010,5_epo,60.0,85.38642272083229,pieron
2011,5_epo,61.0,85.37648511986113,pieron
2012,5_epo,62.0,85.36671024159675,pieron
2013,5_epo,63.0,85.35709286053574,pieron
2014,5_epo,64.0,85.34762799863528,pieron
2015,5_epo,65.0,85.33831090993927,pieron
2016,5_epo,66.0,85.32913706637929,pieron
2017,5_epo,67.0,85.32010214464509,pieron
2018,5_epo,68.0,85.31120201402884,pieron
2019,5_epo,69.0,85.3024327251579,pieron
2020,5_epo,70.0,85.2937904995398,pieron
2021,5_epo,71.0,85.28527171984918,pieron
2022,5_epo,72.0,85.27687292089541,pieron
2023,5_epo,73.0,85.26859078121399,pieron
2024,5_epo,74.0,85.2604221152305,pieron
2025,5_epo,75.0,85.2523638659516,pieron
2026,5_epo,76.0,85.2444130981405,pieron
2027,5_epo,77.0,85.23656699193933,pieron
2028,5_epo,78.0,85.22882283690335,pieron
2029,5_epo,79.0,85.22117802641588,pieron
2030,5_epo,80.0,85.21363005245492,pieron
2031,5_epo,81.0,85.20617650068527,pieron
2032,5_epo,82.0,85.19881504585231,pieron
2033,5_epo,83.0,85.1915434474551,pieron
2034,5_epo,84.0,85.18435954567924,pieron
2035,5_epo,85.0,85.17726125757052,pieron
2036,5_epo,86.0,85.17024657343278,pieron
2037,5_epo,87.0,85.16331355343416,pieron
2038,5_epo,88.0,85.15646032440776,pieron
2039,5_epo,89.0,85.149685076833,pieron
2040,5_epo,90.0,85.14298606198626,pieron
2041,5_epo,91.0,85.13636158924879,pieron
2042,5_epo,92.0,85.12981002356223,pieron
2043,5_epo,93.0,85.12332978302157,pieron
2044,5_epo,94.0,85.11691933659742,pieron
2045,5_epo,95.0,85.11057720197847,pieron
2046,6_epo,3.0,107.04694771785267,pieron
2047,6_epo,4.0,105.87960960393644,pieron
2048,6_epo,5.0,104.98292537433908,pieron
2049,6_epo,6.0,104.25592108093825,pieron
2050,6_epo,7.000000000000001,103.64517686362271,pieron
2051,6_epo,8.0,103.1190188817275,pieron
2052,6_epo,9.0,102.65713220036956,pieron
2053,6_epo,10.0,102.24571382942631,pieron
2054,6_epo,11.0,101.87496124000053,pieron
2055,6_epo,12.0,101.537664661709,pieron
2056,6_epo,13.0,101.22836814825058,pieron
2057,6_epo,14.000000000000002,100.94284433026982,pieron
2058,6_epo,15.0,100.67775194619297,pieron
2059,6_epo,16.0,100.43040482399678,pieron
2060,6_epo,17.0,100.19861147052906,pieron
2061,6_epo,18.0,99.98056087770404,pieron
2062,6_epo,19.0,99.7747394465031,pieron
2063,6_epo,20.0,99.5798693855434,pieron
2064,6_epo,21.0,99.39486225486404,pieron
2065,6_epo,22.0,99.21878339918156,pieron
2066,6_epo,23.0,99.05082434699224,pieron
2067,6_epo,24.0,98.89028112801061,pieron
2068,6_epo,25.0,98.73653704990866,pieron
2069,6_epo,26.0,98.58904887818764,pieron
2070,6_epo,27.0,98.4473356436169,pieron
2071,6_epo,28.000000000000004,98.31096950022544,pieron
2072,6_epo,28.999999999999996,98.17956819935941,pieron
2073,6_epo,30.0,98.05278884900018,pieron
2074,6_epo,31.0,97.93032270388585,pieron
2075,6_epo,32.0,97.81189078884015,pieron
2076,6_epo,33.0,97.69724020050785,pieron
2077,6_epo,34.0,97.58614096522153,pieron
2078,6_epo,35.0,97.47838335566904,pieron
2079,6_epo,36.0,97.37377558832974,pieron
2080,6_epo,37.0,97.27214183869295,pieron
2081,6_epo,38.0,97.17332052309416,pieron
2082,6_epo,39.0,97.07716280535809,pieron
2083,6_epo,40.0,96.98353129388606,pieron
2084,6_epo,41.0,96.89229890079822,pieron
2085,6_epo,42.0,96.80334783955388,pieron
2086,6_epo,43.0,96.71656874137844,pieron
2087,6_epo,44.0,96.63185987400779,pieron
2088,6_epo,45.0,96.54912644886824,pieron
2089,6_epo,46.0,96.4682800049579,pieron
2090,6_epo,47.0,96.38923785947077,pieron
2091,6_epo,48.0,96.31192261668049,pieron
2092,6_epo,49.0,96.23626172783182,pieron
2093,6_epo,50.0,96.16218709581815,pieron
2094,6_epo,51.0,96.08963471929158,pieron
2095,6_epo,52.0,96.01854437158234,pieron
2096,6_epo,53.0,95.94885931042508,pieron
2097,6_epo,54.0,95.88052601501536,pieron
2098,6_epo,55.00000000000001,95.81349394736894,pieron
2099,6_epo,56.00000000000001,95.74771533534044,pieron
2100,6_epo,56.99999999999999,95.68314497498648,pieron
2101,6_epo,57.99999999999999,95.61974005024284,pieron
2102,6_epo,59.0,95.55745996812834,pieron
2103,6_epo,60.0,95.49626620790046,pieron
2104,6_epo,61.0,95.43612218277005,pieron
2105,6_epo,62.0,95.37699311294239,pieron
2106,6_epo,63.0,95.3188459088909,pieron
2107,6_epo,64.0,95.26164906389005,pieron
2108,6_epo,65.0,95.20537255494116,pieron
2109,6_epo,66.0,95.14998775131757,pieron
2110,6_epo,67.0,95.09546733003711,pieron
2111,6_epo,68.0,95.04178519764277,pieron
2112,6_epo,69.0,94.98891641773511,pieron
2113,6_epo,70.0,94.93683714375723,pieron
2114,6_epo,71.0,94.88552455658207,pieron
2115,6_epo,72.0,94.83495680649695,pieron
2116,6_epo,73.0,94.7851129592189,pieron
2117,6_epo,74.0,94.73597294560984,pieron
2118,6_epo,75.0,94.68751751479167,pieron
2119,6_epo,76.0,94.63972819038959,pieron
2120,6_epo,77.0,94.59258722965657,pieron
2121,6_epo,78.0,94.54607758525471,pieron
2122,6_epo,79.0,94.50018286948892,pieron
2123,6_epo,80.0,94.45488732080696,pieron
2124,6_epo,81.0,94.41017577239579,pieron
2125,6_epo,82.0,94.36603362271873,pieron
2126,6_epo,83.0,94.32244680785173,pieron
2127,6_epo,84.0,94.2794017754885,pieron
2128,6_epo,85.0,94.2368854604951,pieron
2129,6_epo,86.0,94.19488526190511,pieron
2130,6_epo,87.0,94.15338902125416,pieron
2131,6_epo,88.0,94.1123850021618,pieron
2132,6_epo,89.0,94.07186187107581,pieron
2133,6_epo,90.0,94.03180867909991,pieron
2134,6_epo,91.0,93.99221484483319,pieron
2135,6_epo,92.0,93.95307013815423,pieron
2136,6_epo,93.0,93.91436466488844,pieron
2137,6_epo,94.0,93.8760888523011,pieron
2138,6_epo,95.0,93.83823343536407,pieron
2139,7_epo,3.0,102.68522262052656,pieron
2140,7_epo,4.0,102.24255061035214,pieron
2141,7_epo,5.0,101.90050213606338,pieron
2142,7_epo,6.0,101.62187780407183,pieron
2143,7_epo,7.000000000000001,101.38689873287913,pieron
2144,7_epo,8.0,101.1837898321397,pieron
2145,7_epo,9.0,101.0049728491426,pieron
2146,7_epo,10.0,100.84528340083267,pieron
2147,7_epo,11.0,100.70104422821323,pieron
2148,7_epo,12.0,100.5695443305331,pieron
2149,7_epo,13.0,100.44872779628939,pieron
2150,7_epo,14.000000000000002,100.3369985576374,pieron
2151,7_epo,15.0,100.2330928336483,pieron
2152,7_epo,16.0,100.13599292737123,pieron
2153,7_epo,17.0,100.04486726836267,pieron
2154,7_epo,18.0,99.95902766273353,pieron
2155,7_epo,19.0,99.87789814678362,pieron
2156,7_epo,20.0,99.800991859834,pieron
2157,7_epo,21.0,99.72789358033837,pieron
2158,7_epo,22.0,99.65824633910157,pieron
2159,7_epo,23.0,99.59174101857437,pieron
2160,7_epo,24.0,99.52810817323635,pieron
2161,7_epo,25.0,99.4671115253316,pieron
2162,7_epo,26.0,99.4085427404866,pieron
2163,7_epo,27.0,99.35221719251233,pieron
2164,7_epo,28.000000000000004,99.29797050090161,pieron
2165,7_epo,28.999999999999996,99.24565567785422,pieron
2166,7_epo,30.0,99.19514076048819,pieron
2167,7_epo,31.0,99.14630683250876,pieron
2168,7_epo,32.0,99.09904636093724,pieron
2169,7_epo,33.0,99.05326178956703,pieron
2170,7_epo,34.0,99.00886434303571,pieron
2171,7_epo,35.0,98.9657730047804,pieron
2172,7_epo,36.0,98.92391363940595,pieron
2173,7_epo,37.0,98.88321823566115,pieron
2174,7_epo,38.0,98.84362425067243,pieron
2175,7_epo,39.0,98.80507403961158,pieron
2176,7_epo,40.0,98.76751435778512,pieron
2177,7_epo,41.0,98.73089592438701,pieron
2178,7_epo,42.0,98.69517303897587,pieron
2179,7_epo,43.0,98.66030324321301,pieron
2180,7_epo,44.0,98.62624702160223,pieron
2181,7_epo,45.0,98.59296753595842,pieron
2182,7_epo,46.0,98.56043038914567,pieron
2183,7_epo,47.0,98.52860341429829,pieron
2184,7_epo,48.0,98.49745648629732,pieron
2185,7_epo,49.0,98.46696135274216,pieron
2186,7_epo,50.0,98.43709148204796,pieron
2187,7_epo,51.0,98.40782192662913,pieron
2188,7_epo,52.0,98.37912919940631,pieron
2189,7_epo,53.0,98.35099116211057,pieron
2190,7_epo,54.0,98.32338692405827,pieron
2191,7_epo,55.00000000000001,98.29629675024083,pieron
2192,7_epo,56.00000000000001,98.26970197771978,pieron
2193,7_epo,56.99999999999999,98.24358493944295,pieron
2194,7_epo,57.99999999999999,98.21792889470557,pieron
2195,7_epo,59.0,98.19271796557257,pieron
2196,7_epo,60.0,98.1679370786599,pieron
2197,7_epo,61.0,98.14357191174174,pieron
2198,7_epo,62.0,98.11960884471182,pieron
2199,7_epo,63.0,98.09603491447938,pieron
2200,7_epo,64.0,98.07283777342775,pieron
2201,7_epo,65.0,98.05000565110247,pieron
2202,7_epo,66.0,98.02752731883305,pieron
2203,7_epo,67.0,98.00539205702269,pieron
2204,7_epo,68.0,97.98358962486816,pieron
2205,7_epo,69.0,97.96211023229667,pieron
2206,7_epo,70.0,97.94094451392769,pieron
2207,7_epo,71.0,97.920083504887,pieron
2208,7_epo,72.0,97.89951861831702,pieron
2209,7_epo,73.0,97.879241624443,pieron
2210,7_epo,74.0,97.85924463106741,pieron
2211,7_epo,75.0,97.83952006537744,pieron
2212,7_epo,76.0,97.82006065696076,pieron
2213,7_epo,77.0,97.80085942193482,pieron
2214,7_epo,78.0,97.7819096481031,pieron
2215,7_epo,79.0,97.76320488105965,pieron
2216,7_epo,80.0,97.74473891117015,pieron
2217,7_epo,81.0,97.72650576136397,pieron
2218,7_epo,82.0,97.70849967567752,pieron
2219,7_epo,83.0,97.690715108494,pieron
2220,7_epo,84.0,97.67314671442935,pieron
2221,7_epo,85.0,97.65578933881845,pieron
2222,7_epo,86.0,97.63863800875941,pieron
2223,7_epo,87.0,97.62168792467695,pieron
2224,7_epo,88.0,97.60493445236952,pieron
2225,7_epo,89.0,97.58837311550687,pieron
2226,7_epo,90.0,97.57199958854811,pieron
2227,7_epo,91.0,97.55580969005213,pieron
2228,7_epo,92.0,97.5397993763548,pieron
2229,7_epo,93.0,97.52396473558875,pieron
2230,7_epo,94.0,97.5083019820241,pieron
2231,7_epo,95.0,97.49280745070946,pieron
2232,8_epo,3.0,101.14884190633103,pieron
2233,8_epo,4.0,99.95201220110522,pieron
2234,8_epo,5.0,99.03343987937876,pieron
2235,8_epo,6.0,98.28918170845787,pieron
2236,8_epo,7.000000000000001,97.66428577489542,pieron
2237,8_epo,8.0,97.12618853766155,pieron
2238,8_epo,9.0,96.65401454330527,pieron
2239,8_epo,10.0,96.23358591225391,pieron
2240,8_epo,11.0,95.8548376125755,pieron
2241,8_epo,12.0,95.51036926220674,pieron
2242,8_epo,13.0,95.19458235662825,pieron
2243,8_epo,14.000000000000002,94.9031402637801,pieron
2244,8_epo,15.0,94.63261623142618,pieron
2245,8_epo,16.0,94.38025600598229,pieron
2246,8_epo,17.0,94.143813042982,pieron
2247,8_epo,18.0,93.92143122208344,pieron
2248,8_epo,19.0,93.71155953994581,pieron
2249,8_epo,20.0,93.51288886673832,pieron
2250,8_epo,21.0,93.32430426034787,pieron
2251,8_epo,22.0,93.14484846462145,pieron
2252,8_epo,23.0,92.97369358754206,pieron
2253,8_epo,24.0,92.8101188558182,pieron
2254,8_epo,25.0,92.65349294717605,pieron
2255,8_epo,26.0,92.50325981562966,pieron
2256,8_epo,27.0,92.35892721331038,pieron
2257,8_epo,28.000000000000004,92.2200573164061,pieron
2258,8_epo,28.999999999999996,92.08625900916215,pieron
2259,8_epo,30.0,91.95718148637769,pieron
2260,8_epo,31.0,91.83250891323435,pieron
2261,8_epo,32.0,91.7119559396768,pieron
2262,8_epo,33.0,91.59526391050201,pieron
2263,8_epo,34.0,91.48219764570104,pieron
2264,8_epo,35.0,91.37254269120339,pieron
2265,8_epo,36.0,91.26610295997841,pieron
2266,8_epo,37.0,91.16269869888995,pieron
2267,8_epo,38.0,91.06216472883003,pieron
2268,8_epo,39.0,90.96434891525455,pieron
2269,8_epo,40.0,90.86911083388661,pieron
2270,8_epo,41.0,90.77632060247815,pieron
2271,8_epo,42.0,90.6858578544596,pieron
2272,8_epo,43.0,90.59761083431127,pieron
2273,8_epo,44.0,90.51147559775391,pieron
2274,8_epo,45.0,90.4273553025306,pieron
2275,8_epo,46.0,90.34515957775318,pieron
2276,8_epo,47.0,90.26480396160781,pieron
2277,8_epo,48.0,90.18620939872685,pieron
2278,8_epo,49.0,90.10930178979558,pieron
2279,8_epo,50.0,90.03401158702044,pieron
2280,8_epo,51.0,89.96027342997246,pieron
2281,8_epo,52.0,89.88802581707098,pieron
2282,8_epo,53.0,89.81721080860699,pieron
2283,8_epo,54.0,89.74777375774484,pieron
2284,8_epo,55.00000000000001,89.67966306640203,pieron
2285,8_epo,56.00000000000001,89.61282996329884,pieron
2286,8_epo,56.99999999999999,89.54722830180829,pieron
2287,8_epo,57.99999999999999,89.48281437552608,pieron
2288,8_epo,59.0,89.41954674973077,pieron
2289,8_epo,60.0,89.35738610712151,pieron
2290,8_epo,61.0,89.29629510640747,pieron
2291,8_epo,62.0,89.2362382524867,pieron
2292,8_epo,63.0,89.17718177709483,pieron
2293,8_epo,64.0,89.1190935289271,pieron
2294,8_epo,65.0,89.06194287234682,pieron
2295,8_epo,66.0,89.00570059388873,pieron
2296,8_epo,67.0,88.95033881584867,pieron
2297,8_epo,68.0,88.89583091632574,pieron
2298,8_epo,69.0,88.84215145514816,pieron
2299,8_epo,70.0,88.78927610517096,pieron
2300,8_epo,71.0,88.73718158848587,pieron
2301,8_epo,72.0,88.68584561712782,pieron
2302,8_epo,73.0,88.63524683790385,pieron
2303,8_epo,74.0,88.58536478100551,pieron
2304,8_epo,75.0,88.53617981209788,pieron
2305,8_epo,76.0,88.48767308760733,pieron
2306,8_epo,77.0,88.43982651295504,pieron
2307,8_epo,78.0,88.3926227035072,pieron
2308,8_epo,79.0,88.34604494803234,pieron
2309,8_epo,80.0,88.30007717447576,pieron
2310,8_epo,81.0,88.2547039178768,pieron
2311,8_epo,82.0,88.20991029027039,pieron
2312,8_epo,83.0,88.16568195242749,pieron
2313,8_epo,84.0,88.12200508730153,pieron
2314,8_epo,85.0,88.07886637505852,pieron
2315,8_epo,86.0,88.03625296957958,pieron
2316,8_epo,87.0,87.9941524763324,pieron
2317,8_epo,88.0,87.95255293151759,pieron
2318,8_epo,89.0,87.9114427824027,pieron
2319,8_epo,90.0,87.87081086876385,pieron
2320,8_epo,91.0,87.83064640536097,pieron
2321,8_epo,92.0,87.79093896537827,pieron
2322,8_epo,93.0,87.75167846476751,pieron
2323,8_epo,94.0,87.71285514743482,pieron
2324,8_epo,95.0,87.67445957121795,pieron
2325,9_epo,3.0,142.30654761751268,pieron
2326,9_epo,4.0,142.30654761751268,pieron
2327,9_epo,5.0,142.30654761751268,pieron
2328,9_epo,6.0,142.30654761751268,pieron
2329,9_epo,7.000000000000001,142.30654761751268,pieron
2330,9_epo,8.0,142.30654761751268,pieron
2331,9_epo,9.0,142.30654761751268,pieron
2332,9_epo,10.0,142.30654761751268,pieron
2333,9_epo,11.0,142.30654761751268,pieron
2334,9_epo,12.0,142.30654761751268,pieron
2335,9_epo,13.0,142.30654761751268,pieron
2336,9_epo,14.000000000000002,142.30654761751268,pieron
2337,9_epo,15.0,142.30654761751268,pieron
2338,9_epo,16.0,142.30654761751268,pieron
2339,9_epo,17.0,142.30654761751268,pieron
2340,9_epo,18.0,142.30654761751268,pieron
2341,9_epo,19.0,142.30654761751268,pieron
2342,9_epo,20.0,142.30654761751268,pieron
2343,9_epo,21.0,142.30654761751268,pieron
2344,9_epo,22.0,142.30654761751268,pieron
2345,9_epo,23.0,142.30654761751268,pieron
2346,9_epo,24.0,142.30654761751268,pieron
2347,9_epo,25.0,142.30654761751268,pieron
2348,9_epo,26.0,142.30654761751268,pieron
2349,9_epo,27.0,142.30654761751268,pieron
2350,9_epo,28.000000000000004,142.30654761751268,pieron
2351,9_epo,28.999999999999996,142.30654761751268,pieron
2352,9_epo,30.0,142.30654761751268,pieron
2353,9_epo,31.0,142.30654761751268,pieron
2354,9_epo,32.0,142.30654761751268,pieron
2355,9_epo,33.0,142.30654761751268,pieron
2356,9_epo,34.0,142.30654761751268,pieron
2357,9_epo,35.0,142.30654761751268,pieron
2358,9_epo,36.0,142.30654761751268,pieron
2359,9_epo,37.0,142.30654761751268,pieron
2360,9_epo,38.0,142.30654761751268,pieron
2361,9_epo,39.0,142.30654761751268,pieron
2362,9_epo,40.0,142.30654761751268,pieron
2363,9_epo,41.0,142.30654761751268,pieron
2364,9_epo,42.0,142.30654761751268,pieron
2365,9_epo,43.0,142.30654761751268,pieron
2366,9_epo,44.0,142.30654761751268,pieron
2367,9_epo,45.0,142.30654761751268,pieron
2368,9_epo,46.0,142.30654761751268,pieron
2369,9_epo,47.0,142.30654761751268,pieron
2370,9_epo,48.0,142.30654761751268,pieron
2371,9_epo,49.0,142.30654761751268,pieron
2372,9_epo,50.0,142.30654761751268,pieron
2373,9_epo,51.0,142.30654761751268,pieron
2374,9_epo,52.0,142.30654761751268,pieron
2375,9_epo,53.0,142.30654761751268,pieron
2376,9_epo,54.0,142.30654761751268,pieron
2377,9_epo,55.00000000000001,142.30654761751268,pieron
2378,9_epo,56.00000000000001,142.30654761751268,pieron
2379,9_epo,56.99999999999999,142.30654761751268,pieron
2380,9_epo,57.99999999999999,142.30654761751268,pieron
2381,9_epo,59.0,142.30654761751268,pieron
2382,9_epo,60.0,142.30654761751268,pieron
2383,9_epo,61.0,142.30654761751268,pieron
2384,9_epo,62.0,142.30654761751268,pieron
2385,9_epo,63.0,142.30654761751268,pieron
2386,9_epo,64.0,142.30654761751268,pieron
2387,9_epo,65.0,142.30654761751268,pieron
2388,9_epo,66.0,142.30654761751268,pieron
2389,9_epo,67.0,142.30654761751268,pieron
2390,9_epo,68.0,142.30654761751268,pieron
2391,9_epo,69.0,142.30654761751268,pieron
2392,9_epo,70.0,142.30654761751268,pieron
2393,9_epo,71.0,142.30654761751268,pieron
2394,9_epo,72.0,142.30654761751268,pieron
2395,9_epo,73.0,142.30654761751268,pieron
2396,9_epo,74.0,142.30654761751268,pieron
2397,9_epo,75.0,142.30654761751268,pieron
2398,9_epo,76.0,142.30654761751268,pieron
2399,9_epo,77.0,142.30654761751268,pieron
2400,9_epo,78.0,142.30654761751268,pieron
2401,9_epo,79.0,142.30654761751268,pieron
2402,9_epo,80.0,142.30654761751268,pieron
2403,9_epo,81.0,142.30654761751268,pieron
2404,9_epo,82.0,142.30654761751268,pieron
2405,9_epo,83.0,142.30654761751268,pieron
2406,9_epo,84.0,142.30654761751268,pieron
2407,9_epo,85.0,142.30654761751268,pieron
2408,9_epo,86.0,142.30654761751268,pieron
2409,9_epo,87.0,142.30654761751268,pieron
2410,9_epo,88.0,142.30654761751268,pieron
2411,9_epo,89.0,142.30654761751268,pieron
2412,9_epo,90.0,142.30654761751268,pieron
2413,9_epo,91.0,142.30654761751268,pieron
2414,9_epo,92.0,142.30654761751268,pieron
2415,9_epo,93.0,142.30654761751268,pieron
2416,9_epo,94.0,142.30654761751268,pieron
2417,9_epo,95.0,142.30654761751268,pieron
