,participant,contrast,mpc,name
0,0_epo,3.0,0.8077054024103846,fechner
1,0_epo,4.0,0.7063288194128684,fechner
2,0_epo,5.0,0.6587058851394912,fechner
3,0_epo,6.0,0.6297306588639342,fechner
4,0_epo,7.000000000000001,0.609977276997825,fechner
5,0_epo,8.0,0.595563685676619,fechner
6,0_epo,9.0,0.5845494733558595,fechner
7,0_epo,10.0,0.5758439343260676,fechner
8,0_epo,11.0,0.5687825417756917,fechner
9,0_epo,12.0,0.5629356421695223,fechner
10,0_epo,13.0,0.5580123844120909,fechner
11,0_epo,14.000000000000002,0.5538085130501986,fechner
12,0_epo,15.0,0.5501761986029065,fechner
13,0_epo,16.0,0.5470057179917436,fechner
14,0_epo,17.0,0.5442138667792772,fechner
15,0_epo,18.0,0.5417363733182005,fechner
16,0_epo,19.0,0.5395227848193145,fechner
17,0_epo,20.0,0.5375329311713484,fechner
18,0_epo,21.0,0.535734424824109,fechner
19,0_epo,22.0,0.5341008581788184,fechner
20,0_epo,23.0,0.532610481013438,fechner
21,0_epo,24.0,0.5312452148208464,fechner
22,0_epo,25.0,0.5299899078086863,fechner
23,0_epo,26.0,0.5288317645605062,fechner
24,0_epo,27.0,0.5277599042991498,fechner
25,0_epo,28.000000000000004,0.5267650150925709,fechner
26,0_epo,28.999999999999996,0.5258390805036673,fechner
27,0_epo,30.0,0.5249751615499947,fechner
28,0_epo,31.0,0.5241672213253371,fechner
29,0_epo,32.0,0.5234099828401042,fechner
30,0_epo,33.0,0.5226988129558515,fechner
31,0_epo,34.0,0.5220296269856168,fechner
32,0_epo,35.0,0.5213988097864161,fechner
33,0_epo,36.0,0.5208031501075031,fechner
34,0_epo,37.0,0.5202397856647166,fechner
35,0_epo,38.0,0.5197061569488024,fechner
36,0_epo,39.0,0.5191999681878702,fechner
37,0_epo,40.0,0.51871915420277,fechner
38,0_epo,41.0,0.518261852142233,fechner
39,0_epo,42.0,0.5178263772790666,fechner
40,0_epo,43.0,0.5174112022021115,fechner
41,0_epo,44.0,0.5170149388604655,fechner
42,0_epo,45.0,0.5166363230137304,fechner
43,0_epo,46.0,0.5162742007201346,fechner
44,0_epo,47.0,0.515927516557422,fechner
45,0_epo,48.0,0.5155953033225397,fechner
46,0_epo,49.0,0.5152766729978504,fechner
47,0_epo,50.0,0.5149708088057345,fechner
48,0_epo,51.0,0.5146769582015345,fechner
49,0_epo,52.0,0.5143944266779875,fechner
50,0_epo,53.0,0.5141225722735291,fechner
51,0_epo,54.0,0.5138608006928678,fechner
52,0_epo,55.00000000000001,0.513608560961608,fechner
53,0_epo,56.00000000000001,0.5133653415479227,fechner
54,0_epo,56.99999999999999,0.5131306668937164,fechner
55,0_epo,57.99999999999999,0.5129040943056901,fechner
56,0_epo,59.0,0.5126852111634663,fechner
57,0_epo,60.0,0.5124736324076694,fechner
58,0_epo,61.0,0.5122689982757345,fechner
59,0_epo,62.0,0.5120709722573937,fechner
60,0_epo,63.0,0.5118792392453628,fechner
61,0_epo,64.0,0.5116935038598156,fechner
62,0_epo,65.0,0.5115134889278842,fechner
63,0_epo,66.0,0.5113389341016974,fechner
64,0_epo,67.0,0.5111695946004482,fechner
65,0_epo,68.0,0.51100524006369,fechner
66,0_epo,69.0,0.5108456535045531,fechner
67,0_epo,70.0,0.5106906303528633,fechner
68,0_epo,71.0,0.510539977579282,fechner
69,0_epo,72.0,0.5103935128925715,fechner
70,0_epo,73.0,0.5102510640029604,fechner
71,0_epo,74.0,0.5101124679453424,fechner
72,0_epo,75.0,0.509977570456713,fechner
73,0_epo,76.0,0.5098462254028393,fechner
74,0_epo,77.0,0.5097182942496781,fechner
75,0_epo,78.0,0.5095936455755199,fechner
76,0_epo,79.0,0.5094721546202423,fechner
77,0_epo,80.0,0.5093537028684215,fechner
78,0_epo,81.0,0.5092381776633699,fechner
79,0_epo,82.0,0.5091254718494558,fechner
80,0_epo,83.0,0.5090154834403161,fechner
81,0_epo,84.0,0.5089081153108007,fechner
82,0_epo,85.0,0.5088032749106911,fechner
83,0_epo,86.0,0.5087008739984188,fechner
84,0_epo,87.0,0.5086008283931703,fechner
85,0_epo,88.0,0.5085030577439175,fechner
86,0_epo,89.0,0.508407485314035,fechner
87,0_epo,90.0,0.5083140377802966,fechner
88,0_epo,91.0,0.5082226450451385,fechner
89,0_epo,92.0,0.5081332400611795,fechner
90,0_epo,93.0,0.5080457586670781,fechner
91,0_epo,94.0,0.5079601394338745,fechner
92,0_epo,95.0,0.507876323521051,fechner
93,10_epo,3.0,0.9999999944795515,fechner
94,10_epo,4.0,0.999991084813687,fechner
95,10_epo,5.0,0.9998353897031848,fechner
96,10_epo,6.0,0.9991212476359576,fechner
97,10_epo,7.000000000000001,0.9973359855423203,fechner
98,10_epo,8.0,0.9941042939835425,fechner
99,10_epo,9.0,0.9892740048294013,fechner
100,10_epo,10.0,0.9828884184762172,fechner
101,10_epo,11.0,0.9751202730147724,fechner
102,10_epo,12.0,0.9662083630078202,fechner
103,10_epo,13.0,0.9564106258439437,fechner
104,10_epo,14.000000000000002,0.9459745345882101,fechner
105,10_epo,15.0,0.935121142487374,fechner
106,10_epo,16.0,0.9240384669366215,fechner
107,10_epo,17.0,0.9128806236938547,fechner
108,10_epo,18.0,0.9017701331258245,fechner
109,10_epo,19.0,0.8908017102838987,fechner
110,10_epo,20.0,0.8800465149012238,fechner
111,10_epo,21.0,0.8695562894417467,fechner
112,10_epo,22.0,0.8593671011875699,fechner
113,10_epo,23.0,0.849502577181469,fechner
114,10_epo,24.0,0.8399766181081793,fechner
115,10_epo,25.0,0.830795627257064,fechner
116,10_epo,26.0,0.8219603126221997,fechner
117,10_epo,27.0,0.813467126183919,fechner
118,10_epo,28.000000000000004,0.805309402010187,fechner
119,10_epo,28.999999999999996,0.7974782484857618,fechner
120,10_epo,30.0,0.7899632422615072,fechner
121,10_epo,31.0,0.7827529637772983,fechner
122,10_epo,32.0,0.7758354071150607,fechner
123,10_epo,33.0,0.7691982907514936,fechner
124,10_epo,34.0,0.7628292905549796,fechner
125,10_epo,35.0,0.7567162120511346,fechner
126,10_epo,36.0,0.7508471154619859,fechner
127,10_epo,37.0,0.7452104041864953,fechner
128,10_epo,38.0,0.7397948851202556,fechner
129,10_epo,39.0,0.7345898074063556,fechner
130,10_epo,40.0,0.7295848847787513,fechner
131,10_epo,41.0,0.7247703055295652,fechner
132,10_epo,42.0,0.7201367332414615,fechner
133,10_epo,43.0,0.7156753007260652,fechner
134,10_epo,44.0,0.711377599059582,fechner
135,10_epo,45.0,0.7072356631755199,fechner
136,10_epo,46.0,0.7032419551366401,fechner
137,10_epo,47.0,0.6993893459439388,fechner
138,10_epo,48.0,0.695671096533966,fechner
139,10_epo,49.0,0.6920808384546495,fechner
140,10_epo,50.0,0.6886125545843258,fechner
141,10_epo,51.0,0.6852605601611942,fechner
142,10_epo,52.0,0.682019484314869,fechner
143,10_epo,53.0,0.6788842522334074,fechner
144,10_epo,54.0,0.6758500680543676,fechner
145,10_epo,55.00000000000001,0.6729123985342232,fechner
146,10_epo,56.00000000000001,0.6700669575244786,fechner
147,10_epo,56.99999999999999,0.6673096912633286,fechner
148,10_epo,57.99999999999999,0.664636764477229,fechner
149,10_epo,59.0,0.6620445472761968,fechner
150,10_epo,60.0,0.659529602819139,fechner
151,10_epo,61.0,0.6570886757203424,fechner
152,10_epo,62.0,0.654718681164904,fechner
153,10_epo,63.0,0.6524166946988808,fechner
154,10_epo,64.0,0.6501799426590144,fechner
155,10_epo,65.0,0.6480057932067174,fechner
156,10_epo,66.0,0.6458917479314289,fechner
157,10_epo,67.0,0.6438354339892952,fechner
158,10_epo,68.0,0.6418345967442545,fechner
159,10_epo,69.0,0.6398870928799473,fechner
160,10_epo,70.0,0.6379908839523349,fechner
161,10_epo,71.0,0.6361440303544369,fechner
162,10_epo,72.0,0.6343446856661674,fechner
163,10_epo,73.0,0.6325910913638,fechner
164,10_epo,74.0,0.6308815718651256,fechner
165,10_epo,75.0,0.6292145298878625,fechner
166,10_epo,76.0,0.627588442100299,fechner
167,10_epo,77.0,0.6260018550445331,fechner
168,10_epo,78.0,0.6244533813139698,fechner
169,10_epo,79.0,0.6229416959679748,fechner
170,10_epo,80.0,0.6214655331677479,fechner
171,10_epo,81.0,0.6200236830185676,fechner
172,10_epo,82.0,0.6186149886046007,fechner
173,10_epo,83.0,0.6172383432034068,fechner
174,10_epo,84.0,0.6158926876681875,fechner
175,10_epo,85.0,0.6145770079666548,fechner
176,10_epo,86.0,0.6132903328661715,fechner
177,10_epo,87.0,0.6120317317555448,fechner
178,10_epo,88.0,0.6108003125945312,fechner
179,10_epo,89.0,0.6095952199827294,fechner
180,10_epo,90.0,0.6084156333401246,fechner
181,10_epo,91.0,0.6072607651920877,fechner
182,10_epo,92.0,0.6061298595521272,fechner
183,10_epo,93.0,0.6050221903961708,fechner
184,10_epo,94.0,0.6039370602225637,fechner
185,10_epo,95.0,0.6028737986923918,fechner
186,11_epo,3.0,0.9999949057413869,fechner
187,11_epo,4.0,0.9994204693628099,fechner
188,11_epo,5.0,0.9962555816744036,fechner
189,11_epo,6.0,0.9891185132316821,fechner
190,11_epo,7.000000000000001,0.9780704102167158,fechner
191,11_epo,8.0,0.9639629907349652,fechner
192,11_epo,9.0,0.9478373069415261,fechner
193,11_epo,10.0,0.9306224352359997,fechner
194,11_epo,11.0,0.9130375937871547,fechner
195,11_epo,12.0,0.8955926467426342,fechner
196,11_epo,13.0,0.8786245529441399,fechner
197,11_epo,14.000000000000002,0.8623401091837651,fechner
198,11_epo,15.0,0.8468534789573661,fechner
199,11_epo,16.0,0.8322155079862079,fechner
200,11_epo,17.0,0.8184352515853224,fechner
201,11_epo,18.0,0.8054951984396607,fechner
202,11_epo,19.0,0.7933617614464137,fechner
203,11_epo,20.0,0.7819923607753448,fechner
204,11_epo,21.0,0.771340115638197,fechner
205,11_epo,22.0,0.761356886661248,fechner
206,11_epo,23.0,0.7519951949806681,fechner
207,11_epo,24.0,0.7432093846160254,fechner
208,11_epo,25.0,0.7349562805896983,fechner
209,11_epo,26.0,0.7271955152943645,fechner
210,11_epo,27.0,0.71988964023726,fechner
211,11_epo,28.000000000000004,0.7130041022344017,fechner
212,11_epo,28.999999999999996,0.7065071371014331,fechner
213,11_epo,30.0,0.7003696161484347,fechner
214,11_epo,31.0,0.6945648687289117,fechner
215,11_epo,32.0,0.6890684959215669,fechner
216,11_epo,33.0,0.6838581849048175,fechner
217,11_epo,34.0,0.6789135298751194,fechner
218,11_epo,35.0,0.6742158628847592,fechner
219,11_epo,36.0,0.6697480963392021,fechner
220,11_epo,37.0,0.6654945778292561,fechner
221,11_epo,38.0,0.6614409572952435,fechner
222,11_epo,39.0,0.6575740661031988,fechner
223,11_epo,40.0,0.6538818073707667,fechner
224,11_epo,41.0,0.6503530567540882,fechner
225,11_epo,42.0,0.6469775728563832,fechner
226,11_epo,43.0,0.6437459164168391,fechner
227,11_epo,44.0,0.6406493774662783,fechner
228,11_epo,45.0,0.6376799096814344,fechner
229,11_epo,46.0,0.6348300712242494,fechner
230,11_epo,47.0,0.6320929714109293,fechner
231,11_epo,48.0,0.6294622226141172,fechner
232,11_epo,49.0,0.6269318968582397,fechner
233,11_epo,50.0,0.6244964866216277,fechner
234,11_epo,51.0,0.6221508694087068,fechner
235,11_epo,52.0,0.6198902757011147,fechner
236,11_epo,53.0,0.6177102599380339,fechner
237,11_epo,54.0,0.6156066742134108,fechner
238,11_epo,55.00000000000001,0.61357564441136,fechner
239,11_epo,56.00000000000001,0.611613548531124,fechner
240,11_epo,56.99999999999999,0.6097169969798345,fechner
241,11_epo,57.99999999999999,0.6078828146352617,fechner
242,11_epo,59.0,0.6061080245020463,fechner
243,11_epo,60.0,0.6043898328038473,fechner
244,11_epo,61.0,0.6027256153706745,fechner
245,11_epo,62.0,0.6011129051956245,fechner
246,11_epo,63.0,0.599549381048522,fechner
247,11_epo,64.0,0.5980328570457621,fechner
248,11_epo,65.0,0.5965612730861436,fechner
249,11_epo,66.0,0.5951326860717896,fechner
250,11_epo,67.0,0.5937452618415624,fechner
251,11_epo,68.0,0.5923972677517431,fechner
252,11_epo,69.0,0.5910870658453302,fechner
253,11_epo,70.0,0.5898131065571687,fechner
254,11_epo,71.0,0.5885739229073452,fechner
255,11_epo,72.0,0.5873681251399575,fechner
256,11_epo,73.0,0.5861943957685346,fechner
257,11_epo,74.0,0.5850514849931112,fechner
258,11_epo,75.0,0.5839382064573104,fechner
259,11_epo,76.0,0.5828534333167658,fechner
260,11_epo,77.0,0.5817960945929168,fechner
261,11_epo,78.0,0.5807651717886019,fechner
262,11_epo,79.0,0.5797596957440593,fechner
263,11_epo,80.0,0.5787787437138776,fechner
264,11_epo,81.0,0.5778214366471986,fechner
265,11_epo,82.0,0.5768869366550641,fechner
266,11_epo,83.0,0.5759744446502025,fechner
267,11_epo,84.0,0.575083198145866,fechner
268,11_epo,85.0,0.5742124692014713,fechner
269,11_epo,86.0,0.5733615625038604,fechner
270,11_epo,87.0,0.5725298135739467,fechner
271,11_epo,88.0,0.5717165870893807,fechner
272,11_epo,89.0,0.5709212753146465,fechner
273,11_epo,90.0,0.5701432966307173,fechner
274,11_epo,91.0,0.5693820941570413,fechner
275,11_epo,92.0,0.568637134459219,fechner
276,11_epo,93.0,0.5679079063362699,fechner
277,11_epo,94.0,0.5671939196818672,fechner
278,11_epo,95.0,0.5664947044143758,fechner
279,12_epo,3.0,0.9999950173268687,fechner
280,12_epo,4.0,0.9994282609029438,fechner
281,12_epo,5.0,0.9962932445556485,fechner
282,12_epo,6.0,0.989206368516411,fechner
283,12_epo,7.000000000000001,0.9782179512048411,fechner
284,12_epo,8.0,0.9641698900700696,fechner
285,12_epo,9.0,0.9480972378811143,fechner
286,12_epo,10.0,0.9309264411702605,fechner
287,12_epo,11.0,0.9133762667716273,fechner
288,12_epo,12.0,0.8959572856781103,fechner
289,12_epo,13.0,0.8790076509403705,fechner
290,12_epo,14.000000000000002,0.8627354608419892,fechner
291,12_epo,15.0,0.8472560991078641,fechner
292,12_epo,16.0,0.8326214733836086,fechner
293,12_epo,17.0,0.8188415245914947,fechner
294,12_epo,18.0,0.8058994608111703,fechner
295,12_epo,19.0,0.7937622694482902,fechner
296,12_epo,20.0,0.7823878242420076,fechner
297,12_epo,21.0,0.771729599612487,fechner
298,12_epo,22.0,0.7617397326835731,fechner
299,12_epo,23.0,0.7523709587490824,fechner
300,12_epo,24.0,0.743577786936531,fechner
301,12_epo,25.0,0.7353171689447673,fechner
302,12_epo,26.0,0.7275488338107234,fechner
303,12_epo,27.0,0.7202354062570044,fechner
304,12_epo,28.000000000000004,0.7133423880587383,fechner
305,12_epo,28.999999999999996,0.7068380557784661,fechner
306,12_epo,30.0,0.7006933104200775,fechner
307,12_epo,31.0,0.6948815024454478,fechner
308,12_epo,32.0,0.6893782473844794,fechner
309,12_epo,33.0,0.6841612417173653,fechner
310,12_epo,34.0,0.6792100849727137,fechner
311,12_epo,35.0,0.6745061114891703,fechner
312,12_epo,36.0,0.6700322336365656,fechner
313,12_epo,37.0,0.6657727972153394,fechner
314,12_epo,38.0,0.6617134490652756,fechner
315,12_epo,39.0,0.6578410164899473,fechner
316,12_epo,40.0,0.6541433978551346,fechner
317,12_epo,41.0,0.6506094635886082,fechner
318,12_epo,42.0,0.6472289667546097,fechner
319,12_epo,43.0,0.6439924623715458,fechner
320,12_epo,44.0,0.640891234667169,fechner
321,12_epo,45.0,0.6379172315092183,fechner
322,12_epo,46.0,0.6350630053027895,fechner
323,12_epo,47.0,0.6323216597030116,fechner
324,12_epo,48.0,0.629686801549433,fechner
325,12_epo,49.0,0.6271524974845847,fechner
326,12_epo,50.0,0.6247132347722456,fechner
327,12_epo,51.0,0.6223638858802254,fechner
328,12_epo,52.0,0.6200996764377417,fechner
329,12_epo,53.0,0.6179161562186399,fechner
330,12_epo,54.0,0.6158091728389062,fechner
331,12_epo,55.00000000000001,0.6137748478903751,fechner
332,12_epo,56.00000000000001,0.6118095552624956,fechner
333,12_epo,56.99999999999999,0.6099099014307885,fechner
334,12_epo,57.99999999999999,0.6080727075144879,fechner
335,12_epo,59.0,0.6062949929271026,fechner
336,12_epo,60.0,0.6045739604625264,fechner
337,12_epo,61.0,0.6029069826761126,fechner
338,12_epo,62.0,0.6012915894350526,fechner
339,12_epo,63.0,0.599725456525647,fechner
340,12_epo,64.0,0.5982063952168399,fechner
341,12_epo,65.0,0.5967323426898539,fechner
342,12_epo,66.0,0.5953013532530648,fechner
343,12_epo,67.0,0.5939115902695515,fechner
344,12_epo,68.0,0.5925613187321094,fechner
345,12_epo,69.0,0.5912488984270953,fechner
346,12_epo,70.0,0.5899727776343252,fechner
347,12_epo,71.0,0.5887314873154608,fechner
348,12_epo,72.0,0.5875236357479958,fechner
349,12_epo,73.0,0.5863479035661154,fechner
350,12_epo,74.0,0.5852030391734274,fechner
351,12_epo,75.0,0.5840878544959158,fechner
352,12_epo,76.0,0.5830012210464393,fechner
353,12_epo,77.0,0.5819420662748008,fechner
354,12_epo,78.0,0.5809093701798099,fechner
355,12_epo,79.0,0.5799021621619312,fechner
356,12_epo,80.0,0.5789195180970614,fechner
357,12_epo,81.0,0.5779605576137244,fechner
358,12_epo,82.0,0.5770244415575678,fechner
359,12_epo,83.0,0.5761103696284543,fechner
360,12_epo,84.0,0.5752175781767419,fechner
361,12_epo,85.0,0.5743453381465075,fechner
362,12_epo,86.0,0.5734929531545173,fechner
363,12_epo,87.0,0.5726597576947053,fechner
364,12_epo,88.0,0.5718451154587859,fechner
365,12_epo,89.0,0.5710484177644062,fechner
366,12_epo,90.0,0.5702690820829611,fechner
367,12_epo,91.0,0.569506550659835,fechner
368,12_epo,92.0,0.5687602892204273,fechner
369,12_epo,93.0,0.5680297857558534,fechner
370,12_epo,94.0,0.5673145493826965,fechner
371,12_epo,95.0,0.5666141092716388,fechner
372,13_epo,3.0,0.9999999637637924,fechner
373,13_epo,4.0,0.999971827282123,fechner
374,13_epo,5.0,0.9996102819220521,fechner
375,13_epo,6.0,0.9982385801290826,fechner
376,13_epo,7.000000000000001,0.99522190272529,fechner
377,13_epo,8.0,0.9902454328874288,fechner
378,13_epo,9.0,0.983317985118594,fechner
379,13_epo,10.0,0.9746648603175848,fechner
380,13_epo,11.0,0.9646167517519996,fechner
381,13_epo,12.0,0.9535296234641538,fechner
382,13_epo,13.0,0.941737372676149,fechner
383,13_epo,14.000000000000002,0.9295290358956405,fechner
384,13_epo,15.0,0.9171415842905075,fechner
385,13_epo,16.0,0.904761431233823,fechner
386,13_epo,17.0,0.8925301121584854,fechner
387,13_epo,18.0,0.880551430113222,fechner
388,13_epo,19.0,0.8688986009561274,fechner
389,13_epo,20.0,0.8576206987027922,fechner
390,13_epo,21.0,0.8467481416010619,fechner
391,13_epo,22.0,0.8362971931519431,fechner
392,13_epo,23.0,0.826273563462943,fechner
393,13_epo,24.0,0.8166752388990564,fechner
394,13_epo,25.0,0.80749467464806,fechner
395,13_epo,26.0,0.7987204744083156,fechner
396,13_epo,27.0,0.7903386643266327,fechner
397,13_epo,28.000000000000004,0.7823336499514206,fechner
398,13_epo,28.999999999999996,0.7746889278785382,fechner
399,13_epo,30.0,0.7673876089682232,fechner
400,13_epo,31.0,0.7604127977205187,fechner
401,13_epo,32.0,0.7537478624563815,fechner
402,13_epo,33.0,0.7473766230537875,fechner
403,13_epo,34.0,0.7412834767891064,fechner
404,13_epo,35.0,0.7354534780098503,fechner
405,13_epo,36.0,0.7298723836335433,fechner
406,13_epo,37.0,0.7245266735939618,fechner
407,13_epo,38.0,0.7194035531502507,fechner
408,13_epo,39.0,0.7144909422852919,fechner
409,13_epo,40.0,0.7097774561286277,fechner
410,13_epo,41.0,0.7052523793539677,fechner
411,13_epo,42.0,0.700905636750477,fechner
412,13_epo,43.0,0.6967277615957473,fechner
413,13_epo,44.0,0.6927098630243814,fechner
414,13_epo,45.0,0.6888435932571179,fechner
415,13_epo,46.0,0.6851211153066745,fechner
416,13_epo,47.0,0.6815350715889592,fechner
417,13_epo,48.0,0.6780785537275806,fechner
418,13_epo,49.0,0.674745073734513,fechner
419,13_epo,50.0,0.671528536671887,fechner
420,13_epo,51.0,0.6684232148426914,fechner
421,13_epo,52.0,0.665423723516676,fechner
422,13_epo,53.0,0.6625249981681887,fechner
423,13_epo,54.0,0.6597222731820837,fechner
424,13_epo,55.00000000000001,0.6570110619700404,fechner
425,13_epo,56.00000000000001,0.654387138430867,fechner
426,13_epo,56.99999999999999,0.651846519683366,fechner
427,13_epo,57.99999999999999,0.6493854499981141,fechner
428,13_epo,59.0,0.6470003858542666,fechner
429,13_epo,60.0,0.6446879820487087,fechner
430,13_epo,61.0,0.6424450787870642,fechner
431,13_epo,62.0,0.6402686896889401,fechner
432,13_epo,63.0,0.6381559906430682,fechner
433,13_epo,64.0,0.6361043094515241,fechner
434,13_epo,65.0,0.6341111162058357,fechner
435,13_epo,66.0,0.6321740143414089,fechner
436,13_epo,67.0,0.6302907323202873,fechner
437,13_epo,68.0,0.6284591158956924,fechner
438,13_epo,69.0,0.6266771209151168,fechner
439,13_epo,70.0,0.6249428066218761,fechner
440,13_epo,71.0,0.6232543294179952,fechner
441,13_epo,72.0,0.6216099370540911,fechner
442,13_epo,73.0,0.6200079632145146,fechner
443,13_epo,74.0,0.6184468224684374,fechner
444,13_epo,75.0,0.6169250055598364,fechner
445,13_epo,76.0,0.6154410750113961,fechner
446,13_epo,77.0,0.6139936610193054,fechner
447,13_epo,78.0,0.6125814576176931,fechner
448,13_epo,79.0,0.6112032190931068,fechner
449,13_epo,80.0,0.6098577566309537,fechner
450,13_epo,81.0,0.6085439351772196,fechner
451,13_epo,82.0,0.6072606705000847,fechner
452,13_epo,83.0,0.6060069264372171,fechner
453,13_epo,84.0,0.6047817123156434,fechner
454,13_epo,85.0,0.6035840805320807,fechner
455,13_epo,86.0,0.6024131242825442,fechner
456,13_epo,87.0,0.601267975430893,fechner
457,13_epo,88.0,0.6001478025067626,fechner
458,13_epo,89.0,0.5990518088240411,fechner
459,13_epo,90.0,0.5979792307117179,fechner
460,13_epo,91.0,0.5969293358495338,fechner
461,13_epo,92.0,0.5959014217014255,fechner
462,13_epo,93.0,0.5948948140402757,fechner
463,13_epo,94.0,0.5939088655579442,fechner
464,13_epo,95.0,0.5929429545550079,fechner
465,14_epo,3.0,0.7121164559702216,fechner
466,14_epo,4.0,0.6350250537390659,fechner
467,14_epo,5.0,0.6022732500709657,fechner
468,14_epo,6.0,0.5830081665711518,fechner
469,14_epo,7.000000000000001,0.5700911368828572,fechner
470,14_epo,8.0,0.5607560926436047,fechner
471,14_epo,9.0,0.5536662018435392,fechner
472,14_epo,10.0,0.5480856546992119,fechner
473,14_epo,11.0,0.5435724392536386,fechner
474,14_epo,12.0,0.5398436156287924,fechner
475,14_epo,13.0,0.5367090551943754,fechner
476,14_epo,14.000000000000002,0.5340359808414474,fechner
477,14_epo,15.0,0.5317287121383036,fechner
478,14_epo,16.0,0.529716476968168,fechner
479,14_epo,17.0,0.5279457571412498,fechner
480,14_epo,18.0,0.5263753064895418,fechner
481,14_epo,19.0,0.5249728082977869,fechner
482,14_epo,20.0,0.5237125730950731,fechner
483,14_epo,21.0,0.5225739163574504,fechner
484,14_epo,22.0,0.5215399920991485,fechner
485,14_epo,23.0,0.5205969391342044,fechner
486,14_epo,24.0,0.5197332461373991,fechner
487,14_epo,25.0,0.5189392725967308,fechner
488,14_epo,26.0,0.5182068826525359,fechner
489,14_epo,27.0,0.5175291618919301,fechner
490,14_epo,28.000000000000004,0.516900195924509,fechner
491,14_epo,28.999999999999996,0.5163148955364172,fechner
492,14_epo,30.0,0.5157688573578734,fechner
493,14_epo,31.0,0.515258251889745,fechner
494,14_epo,32.0,0.51477973281007,fechner
495,14_epo,33.0,0.5143303629799805,fechner
496,14_epo,34.0,0.5139075536632985,fechner
497,14_epo,35.0,0.5135090142826538,fechner
498,14_epo,36.0,0.5131327106382162,fechner
499,14_epo,37.0,0.5127768299694736,fechner
500,14_epo,38.0,0.5124397515856969,fechner
501,14_epo,39.0,0.5121200220552278,fechner
502,14_epo,40.0,0.5118163341479588,fechner
503,14_epo,41.0,0.5115275088842407,fechner
504,14_epo,42.0,0.5112524801678874,fechner
505,14_epo,43.0,0.5109902815790622,fechner
506,14_epo,44.0,0.5107400349806639,fechner
507,14_epo,45.0,0.5105009406539465,fechner
508,14_epo,46.0,0.5102722687289597,fechner
509,14_epo,47.0,0.510053351715612,fechner
510,14_epo,48.0,0.5098435779737704,fechner
511,14_epo,49.0,0.5096423859873918,fechner
512,14_epo,50.0,0.5094492593294212,fechner
513,14_epo,51.0,0.5092637222220927,fechner
514,14_epo,52.0,0.5090853356120207,fechner
515,14_epo,53.0,0.5089136936917249,fechner
516,14_epo,54.0,0.5087484208094093,fechner
517,14_epo,55.00000000000001,0.5085891687173352,fechner
518,14_epo,56.00000000000001,0.5084356141162558,fechner
519,14_epo,56.99999999999999,0.5082874564593836,fechner
520,14_epo,57.99999999999999,0.5081444159844247,fechner
521,14_epo,59.0,0.5080062319465074,fechner
522,14_epo,60.0,0.5078726610284613,fechner
523,14_epo,61.0,0.5077434759080189,fechner
524,14_epo,62.0,0.5076184639641487,fechner
525,14_epo,63.0,0.5074974261070033,fechner
526,14_epo,64.0,0.5073801757179116,fechner
527,14_epo,65.0,0.5072665376875225,fechner
528,14_epo,66.0,0.5071563475416522,fechner
529,14_epo,67.0,0.5070494506456442,fechner
530,14_epo,68.0,0.5069457014791303,fechner
531,14_epo,69.0,0.50684496297403,fechner
532,14_epo,70.0,0.5067471059094438,fechner
533,14_epo,71.0,0.5066520083578158,fechner
534,14_epo,72.0,0.5065595551773644,fechner
535,14_epo,73.0,0.5064696375463345,fechner
536,14_epo,74.0,0.5063821525351021,fechner
537,14_epo,75.0,0.5062970027125908,fechner
538,14_epo,76.0,0.5062140957838295,fechner
539,14_epo,77.0,0.5061333442558161,fechner
540,14_epo,78.0,0.5060546651291372,fechner
541,14_epo,79.0,0.5059779796130593,fechner
542,14_epo,80.0,0.5059032128620311,fechner
543,14_epo,81.0,0.5058302937317423,fechner
544,14_epo,82.0,0.5057591545530672,fechner
545,14_epo,83.0,0.50568973092238,fechner
546,14_epo,84.0,0.505621961506875,fechner
547,14_epo,85.0,0.5055557878636537,fechner
548,14_epo,86.0,0.5054911542714564,fechner
549,14_epo,87.0,0.5054280075740174,fechner
550,14_epo,88.0,0.5053662970341191,fechner
551,14_epo,89.0,0.5053059741975009,fechner
552,14_epo,90.0,0.5052469927658559,fechner
553,14_epo,91.0,0.505189308478214,fechner
554,14_epo,92.0,0.5051328790000723,fechner
555,14_epo,93.0,0.50507766381969,fechner
556,14_epo,94.0,0.5050236241510123,fechner
557,14_epo,95.0,0.5049707228427337,fechner
558,15_epo,3.0,0.5000000007808233,fechner
559,15_epo,4.0,0.5000000004774813,fechner
560,15_epo,5.0,0.5000000003577396,fechner
561,15_epo,6.0,0.5000000002889313,fechner
562,15_epo,7.000000000000001,0.5000000002433144,fechner
563,15_epo,8.0,0.5000000002105603,fechner
564,15_epo,9.0,0.5000000001857857,fechner
565,15_epo,10.0,0.5000000001663395,fechner
566,15_epo,11.0,0.5000000001506435,fechner
567,15_epo,12.0,0.5000000001376943,fechner
568,15_epo,13.0,0.5000000001268209,fechner
569,15_epo,14.000000000000002,0.5000000001175563,fechner
570,15_epo,15.0,0.500000000109565,fechner
571,15_epo,16.0,0.5000000001025994,fechner
572,15_epo,17.0,0.5000000000964726,fechner
573,15_epo,18.0,0.5000000000910408,fechner
574,15_epo,19.0,0.5000000000861915,fechner
575,15_epo,20.0,0.5000000000818352,fechner
576,15_epo,21.0,0.5000000000779,fechner
577,15_epo,22.0,0.5000000000743275,fechner
578,15_epo,23.0,0.5000000000710696,fechner
579,15_epo,24.0,0.5000000000680863,fechner
580,15_epo,25.0,0.5000000000653442,fechner
581,15_epo,26.0,0.500000000062815,fechner
582,15_epo,27.0,0.5000000000604748,fechner
583,15_epo,28.000000000000004,0.5000000000583033,fechner
584,15_epo,28.999999999999996,0.5000000000562825,fechner
585,15_epo,30.0,0.5000000000543976,fechner
586,15_epo,31.0,0.500000000052635,fechner
587,15_epo,32.0,0.5000000000509833,fechner
588,15_epo,33.0,0.5000000000494323,fechner
589,15_epo,34.0,0.5000000000479732,fechner
590,15_epo,35.0,0.5000000000465977,fechner
591,15_epo,36.0,0.5000000000452991,fechner
592,15_epo,37.0,0.5000000000440711,fechner
593,15_epo,38.0,0.5000000000429079,fechner
594,15_epo,39.0,0.5000000000418046,fechner
595,15_epo,40.0,0.5000000000407567,fechner
596,15_epo,41.0,0.5000000000397602,fechner
597,15_epo,42.0,0.5000000000388112,fechner
598,15_epo,43.0,0.5000000000379066,fechner
599,15_epo,44.0,0.5000000000370431,fechner
600,15_epo,45.0,0.5000000000362183,fechner
601,15_epo,46.0,0.5000000000354293,fechner
602,15_epo,47.0,0.500000000034674,fechner
603,15_epo,48.0,0.5000000000339504,fechner
604,15_epo,49.0,0.5000000000332563,fechner
605,15_epo,50.0,0.50000000003259,fechner
606,15_epo,51.0,0.50000000003195,fechner
607,15_epo,52.0,0.5000000000313346,fechner
608,15_epo,53.0,0.5000000000307425,fechner
609,15_epo,54.0,0.5000000000301724,fechner
610,15_epo,55.00000000000001,0.5000000000296231,fechner
611,15_epo,56.00000000000001,0.5000000000290933,fechner
612,15_epo,56.99999999999999,0.5000000000285822,fechner
613,15_epo,57.99999999999999,0.5000000000280889,fechner
614,15_epo,59.0,0.5000000000276122,fechner
615,15_epo,60.0,0.5000000000271515,fechner
616,15_epo,61.0,0.5000000000267059,fechner
617,15_epo,62.0,0.5000000000262746,fechner
618,15_epo,63.0,0.5000000000258571,fechner
619,15_epo,64.0,0.5000000000254528,fechner
620,15_epo,65.0,0.5000000000250607,fechner
621,15_epo,66.0,0.5000000000246807,fechner
622,15_epo,67.0,0.500000000024312,fechner
623,15_epo,68.0,0.5000000000239541,fechner
624,15_epo,69.0,0.5000000000236067,fechner
625,15_epo,70.0,0.500000000023269,fechner
626,15_epo,71.0,0.5000000000229411,fechner
627,15_epo,72.0,0.5000000000226222,fechner
628,15_epo,73.0,0.500000000022312,fechner
629,15_epo,74.0,0.5000000000220103,fechner
630,15_epo,75.0,0.5000000000217166,fechner
631,15_epo,76.0,0.5000000000214306,fechner
632,15_epo,77.0,0.5000000000211522,fechner
633,15_epo,78.0,0.5000000000208807,fechner
634,15_epo,79.0,0.5000000000206163,fechner
635,15_epo,80.0,0.5000000000203584,fechner
636,15_epo,81.0,0.5000000000201069,fechner
637,15_epo,82.0,0.5000000000198616,fechner
638,15_epo,83.0,0.5000000000196221,fechner
639,15_epo,84.0,0.5000000000193884,fechner
640,15_epo,85.0,0.5000000000191601,fechner
641,15_epo,86.0,0.5000000000189373,fechner
642,15_epo,87.0,0.5000000000187195,fechner
643,15_epo,88.0,0.5000000000185066,fechner
644,15_epo,89.0,0.5000000000182986,fechner
645,15_epo,90.0,0.5000000000180952,fechner
646,15_epo,91.0,0.5000000000178962,fechner
647,15_epo,92.0,0.5000000000177016,fechner
648,15_epo,93.0,0.5000000000175111,fechner
649,15_epo,94.0,0.5000000000173248,fechner
650,15_epo,95.0,0.5000000000171423,fechner
651,16_epo,3.0,0.9999999829724641,fechner
652,16_epo,4.0,0.9999822473368435,fechner
653,16_epo,5.0,0.9997242416042291,fechner
654,16_epo,6.0,0.998667455929303,fechner
655,16_epo,7.000000000000001,0.9962200658548115,fechner
656,16_epo,8.0,0.9920284681862424,fechner
657,16_epo,9.0,0.9860234172294522,fechner
658,16_epo,10.0,0.9783484314526953,fechner
659,16_epo,11.0,0.9692668348202498,fechner
660,16_epo,12.0,0.9590870798617199,fechner
661,16_epo,13.0,0.948114166747183,fechner
662,16_epo,14.000000000000002,0.9366230054738185,fechner
663,16_epo,15.0,0.9248469712242355,fechner
664,16_epo,16.0,0.9129757405217303,fechner
665,16_epo,17.0,0.9011581528788921,fechner
666,16_epo,18.0,0.8895073577658588,fechner
667,16_epo,19.0,0.878106630197054,fechner
668,16_epo,20.0,0.8670149857369185,fechner
669,16_epo,21.0,0.8562721870059578,fechner
670,16_epo,22.0,0.8459030000648462,fechner
671,16_epo,23.0,0.8359207016082572,fechner
672,16_epo,24.0,0.8263299061746204,fechner
673,16_epo,25.0,0.8171288085857392,fechner
674,16_epo,26.0,0.8083109402656512,fechner
675,16_epo,27.0,0.7998665305531899,fechner
676,16_epo,28.000000000000004,0.791783552155443,fechner
677,16_epo,28.999999999999996,0.7840485169779304,fechner
678,16_epo,30.0,0.7766470764268866,fechner
679,16_epo,31.0,0.7695644696315687,fechner
680,16_epo,32.0,0.762785854072335,fechner
681,16_epo,33.0,0.7562965457525725,fechner
682,16_epo,34.0,0.7500821901344584,fechner
683,16_epo,35.0,0.7441288803502811,fechner
684,16_epo,36.0,0.7384232354879476,fechner
685,16_epo,37.0,0.7329524488394187,fechner
686,16_epo,38.0,0.7277043137308125,fechner
687,16_epo,39.0,0.7226672327880724,fechner
688,16_epo,40.0,0.7178302151234365,fechner
689,16_epo,41.0,0.7131828648686261,fechner
690,16_epo,42.0,0.7087153636620486,fechner
691,16_epo,43.0,0.7044184490655714,fechner
692,16_epo,44.0,0.700283390399592,fechner
693,16_epo,45.0,0.6963019631104187,fechner
694,16_epo,46.0,0.6924664224961231,fechner
695,16_epo,47.0,0.6887694773962398,fechner
696,16_epo,48.0,0.6852042642818257,fechner
697,16_epo,49.0,0.6817643220535771,fechner
698,16_epo,50.0,0.6784435677578714,fechner
699,16_epo,51.0,0.6752362733566342,fechner
700,16_epo,52.0,0.672137043631393,fechner
701,16_epo,53.0,0.6691407952605242,fechner
702,16_epo,54.0,0.6662427370782328,fechner
703,16_epo,55.00000000000001,0.6634383515017261,fechner
704,16_epo,56.00000000000001,0.6607233770973359,fechner
705,16_epo,56.99999999999999,0.6580937922455272,fechner
706,16_epo,57.99999999999999,0.6555457998576161,fechner
707,16_epo,59.0,0.65307581309268,fechner
708,16_epo,60.0,0.650680442020899,fechner
709,16_epo,61.0,0.6483564811788528,fechner
710,16_epo,62.0,0.6461008979627283,fechner
711,16_epo,63.0,0.6439108218065998,fechner
712,16_epo,64.0,0.6417835340947389,fechner
713,16_epo,65.0,0.6397164587590581,fechner
714,16_epo,66.0,0.6377071535151799,fechner
715,16_epo,67.0,0.6357533016931426,fechner
716,16_epo,68.0,0.6338527046213085,fechner
717,16_epo,69.0,0.6320032745245971,fechner
718,16_epo,70.0,0.6302030279006622,fechner
719,16_epo,71.0,0.6284500793400546,fechner
720,16_epo,72.0,0.626742635758733,fechner
721,16_epo,73.0,0.62507899101349,fechner
722,16_epo,74.0,0.6234575208729486,fechner
723,16_epo,75.0,0.6218766783187588,fechner
724,16_epo,76.0,0.6203349891534508,fechner
725,16_epo,77.0,0.6188310478931447,fechner
726,16_epo,78.0,0.6173635139249044,fechner
727,16_epo,79.0,0.6159311079100328,fechner
728,16_epo,80.0,0.6145326084159856,fechner
729,16_epo,81.0,0.6131668487608657,fechner
730,16_epo,82.0,0.6118327140556702,fechner
731,16_epo,83.0,0.6105291384305358,fechner
732,16_epo,84.0,0.6092551024322788,fechner
733,16_epo,85.0,0.6080096305814531,fechner
734,16_epo,86.0,0.6067917890780211,fechner
735,16_epo,87.0,0.6056006836455416,fechner
736,16_epo,88.0,0.6044354575045212,fechner
737,16_epo,89.0,0.603295289466259,fechner
738,16_epo,90.0,0.6021793921391476,fechner
739,16_epo,91.0,0.6010870102399815,fechner
740,16_epo,92.0,0.6000174190033534,fechner
741,16_epo,93.0,0.5989699226827351,fechner
742,16_epo,94.0,0.5979438531372743,fechner
743,16_epo,95.0,0.5969385684987882,fechner
744,17_epo,3.0,0.5000005919015187,fechner
745,17_epo,4.0,0.5000003619537299,fechner
746,17_epo,5.0,0.5000002711837708,fechner
747,17_epo,6.0,0.5000002190237891,fechner
748,17_epo,7.000000000000001,0.5000001844439764,fechner
749,17_epo,8.0,0.500000159614811,fechner
750,17_epo,9.0,0.5000001408344943,fechner
751,17_epo,10.0,0.5000001260932726,fechner
752,17_epo,11.0,0.5000001141949644,fechner
753,17_epo,12.0,0.5000001043788755,fechner
754,17_epo,13.0,0.5000000961363031,fechner
755,17_epo,14.000000000000002,0.5000000891132944,fechner
756,17_epo,15.0,0.5000000830555155,fechner
757,17_epo,16.0,0.500000077775269,fechner
758,17_epo,17.0,0.5000000731308779,fechner
759,17_epo,18.0,0.5000000690133162,fechner
760,17_epo,19.0,0.5000000653372675,fechner
761,17_epo,20.0,0.5000000620349827,fechner
762,17_epo,21.0,0.5000000590519602,fechner
763,17_epo,22.0,0.5000000563438464,fechner
764,17_epo,23.0,0.5000000538741698,fechner
765,17_epo,24.0,0.5000000516126597,fechner
766,17_epo,25.0,0.500000049533977,fechner
767,17_epo,26.0,0.5000000476167472,fechner
768,17_epo,27.0,0.5000000458428113,fechner
769,17_epo,28.000000000000004,0.5000000441966425,fechner
770,17_epo,28.999999999999996,0.500000042664884,fechner
771,17_epo,30.0,0.5000000412359821,fechner
772,17_epo,31.0,0.5000000398998916,fechner
773,17_epo,32.0,0.5000000386478366,fechner
774,17_epo,33.0,0.5000000374721159,fechner
775,17_epo,34.0,0.5000000363659428,fechner
776,17_epo,35.0,0.5000000353233135,fechner
777,17_epo,36.0,0.5000000343388971,fechner
778,17_epo,37.0,0.5000000334079433,fechner
779,17_epo,38.0,0.500000032526206,fechner
780,17_epo,39.0,0.5000000316898775,fechner
781,17_epo,40.0,0.5000000308955338,fechner
782,17_epo,41.0,0.5000000301400868,fechner
783,17_epo,42.0,0.5000000294207446,fechner
784,17_epo,43.0,0.5000000287349764,fechner
785,17_epo,44.0,0.5000000280804828,fechner
786,17_epo,45.0,0.50000002745517,fechner
787,17_epo,46.0,0.5000000268571271,fechner
788,17_epo,47.0,0.5000000262846065,fechner
789,17_epo,48.0,0.5000000257360073,fechner
790,17_epo,49.0,0.5000000252098596,fechner
791,17_epo,50.0,0.5000000247048116,fechner
792,17_epo,51.0,0.5000000242196182,fechner
793,17_epo,52.0,0.5000000237531301,fechner
794,17_epo,53.0,0.5000000233042853,fechner
795,17_epo,54.0,0.5000000228721008,fechner
796,17_epo,55.00000000000001,0.5000000224556653,fechner
797,17_epo,56.00000000000001,0.5000000220541327,fechner
798,17_epo,56.99999999999999,0.5000000216667166,fechner
799,17_epo,57.99999999999999,0.5000000212926851,fechner
800,17_epo,59.0,0.5000000209313556,fechner
801,17_epo,60.0,0.5000000205820919,fechner
802,17_epo,61.0,0.500000020244299,fechner
803,17_epo,62.0,0.5000000199174207,fechner
804,17_epo,63.0,0.5000000196009362,fechner
805,17_epo,64.0,0.5000000192943571,fechner
806,17_epo,65.0,0.5000000189972255,fechner
807,17_epo,66.0,0.5000000187091109,fechner
808,17_epo,67.0,0.500000018429609,fechner
809,17_epo,68.0,0.5000000181583389,fechner
810,17_epo,69.0,0.5000000178949424,fechner
811,17_epo,70.0,0.5000000176390812,fechner
812,17_epo,71.0,0.5000000173904363,fechner
813,17_epo,72.0,0.5000000171487068,fechner
814,17_epo,73.0,0.5000000169136078,fechner
815,17_epo,74.0,0.5000000166848704,fechner
816,17_epo,75.0,0.5000000164622393,fechner
817,17_epo,76.0,0.5000000162454735,fechner
818,17_epo,77.0,0.500000016034344,fechner
819,17_epo,78.0,0.5000000158286336,fechner
820,17_epo,79.0,0.5000000156281363,fechner
821,17_epo,80.0,0.5000000154326566,fechner
822,17_epo,81.0,0.5000000152420081,fechner
823,17_epo,82.0,0.500000015056014,fechner
824,17_epo,83.0,0.5000000148745057,fechner
825,17_epo,84.0,0.500000014697323,fechner
826,17_epo,85.0,0.500000014524313,fechner
827,17_epo,86.0,0.5000000143553298,fechner
828,17_epo,87.0,0.5000000141902347,fechner
829,17_epo,88.0,0.5000000140288946,fechner
830,17_epo,89.0,0.5000000138711831,fechner
831,17_epo,90.0,0.500000013716979,fechner
832,17_epo,91.0,0.5000000135661667,fechner
833,17_epo,92.0,0.5000000134186353,fechner
834,17_epo,93.0,0.500000013274279,fechner
835,17_epo,94.0,0.5000000131329964,fechner
836,17_epo,95.0,0.50000001299469,fechner
837,18_epo,3.0,0.5000000000560296,fechner
838,18_epo,4.0,0.5000000000342627,fechner
839,18_epo,5.0,0.5000000000256704,fechner
840,18_epo,6.0,0.5000000000207329,fechner
841,18_epo,7.000000000000001,0.5000000000174596,fechner
842,18_epo,8.0,0.5000000000151092,fechner
843,18_epo,9.0,0.5000000000133314,fechner
844,18_epo,10.0,0.500000000011936,fechner
845,18_epo,11.0,0.5000000000108098,fechner
846,18_epo,12.0,0.5000000000098805,fechner
847,18_epo,13.0,0.5000000000091003,fechner
848,18_epo,14.000000000000002,0.5000000000084355,fechner
849,18_epo,15.0,0.500000000007862,fechner
850,18_epo,16.0,0.5000000000073622,fechner
851,18_epo,17.0,0.5000000000069226,fechner
852,18_epo,18.0,0.5000000000065329,fechner
853,18_epo,19.0,0.5000000000061848,fechner
854,18_epo,20.0,0.5000000000058723,fechner
855,18_epo,21.0,0.5000000000055899,fechner
856,18_epo,22.0,0.5000000000053335,fechner
857,18_epo,23.0,0.5000000000050998,fechner
858,18_epo,24.0,0.5000000000048856,fechner
859,18_epo,25.0,0.5000000000046889,fechner
860,18_epo,26.0,0.5000000000045074,fechner
861,18_epo,27.0,0.5000000000043395,fechner
862,18_epo,28.000000000000004,0.5000000000041837,fechner
863,18_epo,28.999999999999996,0.5000000000040387,fechner
864,18_epo,30.0,0.5000000000039034,fechner
865,18_epo,31.0,0.500000000003777,fechner
866,18_epo,32.0,0.5000000000036584,fechner
867,18_epo,33.0,0.5000000000035472,fechner
868,18_epo,34.0,0.5000000000034425,fechner
869,18_epo,35.0,0.5000000000033438,fechner
870,18_epo,36.0,0.5000000000032505,fechner
871,18_epo,37.0,0.5000000000031625,fechner
872,18_epo,38.0,0.500000000003079,fechner
873,18_epo,39.0,0.5000000000029998,fechner
874,18_epo,40.0,0.5000000000029245,fechner
875,18_epo,41.0,0.500000000002853,fechner
876,18_epo,42.0,0.500000000002785,fechner
877,18_epo,43.0,0.50000000000272,fechner
878,18_epo,44.0,0.5000000000026581,fechner
879,18_epo,45.0,0.5000000000025989,fechner
880,18_epo,46.0,0.5000000000025423,fechner
881,18_epo,47.0,0.5000000000024881,fechner
882,18_epo,48.0,0.5000000000024362,fechner
883,18_epo,49.0,0.5000000000023864,fechner
884,18_epo,50.0,0.5000000000023386,fechner
885,18_epo,51.0,0.5000000000022926,fechner
886,18_epo,52.0,0.5000000000022485,fechner
887,18_epo,53.0,0.500000000002206,fechner
888,18_epo,54.0,0.500000000002165,fechner
889,18_epo,55.00000000000001,0.5000000000021256,fechner
890,18_epo,56.00000000000001,0.5000000000020877,fechner
891,18_epo,56.99999999999999,0.500000000002051,fechner
892,18_epo,57.99999999999999,0.5000000000020156,fechner
893,18_epo,59.0,0.5000000000019814,fechner
894,18_epo,60.0,0.5000000000019483,fechner
895,18_epo,61.0,0.5000000000019164,fechner
896,18_epo,62.0,0.5000000000018854,fechner
897,18_epo,63.0,0.5000000000018554,fechner
898,18_epo,64.0,0.5000000000018264,fechner
899,18_epo,65.0,0.5000000000017983,fechner
900,18_epo,66.0,0.500000000001771,fechner
901,18_epo,67.0,0.5000000000017446,fechner
902,18_epo,68.0,0.5000000000017188,fechner
903,18_epo,69.0,0.500000000001694,fechner
904,18_epo,70.0,0.5000000000016698,fechner
905,18_epo,71.0,0.5000000000016462,fechner
906,18_epo,72.0,0.5000000000016234,fechner
907,18_epo,73.0,0.500000000001601,fechner
908,18_epo,74.0,0.5000000000015794,fechner
909,18_epo,75.0,0.5000000000015583,fechner
910,18_epo,76.0,0.5000000000015378,fechner
911,18_epo,77.0,0.5000000000015178,fechner
912,18_epo,78.0,0.5000000000014984,fechner
913,18_epo,79.0,0.5000000000014794,fechner
914,18_epo,80.0,0.5000000000014608,fechner
915,18_epo,81.0,0.5000000000014428,fechner
916,18_epo,82.0,0.5000000000014252,fechner
917,18_epo,83.0,0.5000000000014081,fechner
918,18_epo,84.0,0.5000000000013912,fechner
919,18_epo,85.0,0.5000000000013749,fechner
920,18_epo,86.0,0.5000000000013589,fechner
921,18_epo,87.0,0.5000000000013433,fechner
922,18_epo,88.0,0.500000000001328,fechner
923,18_epo,89.0,0.5000000000013131,fechner
924,18_epo,90.0,0.5000000000012985,fechner
925,18_epo,91.0,0.5000000000012842,fechner
926,18_epo,92.0,0.5000000000012702,fechner
927,18_epo,93.0,0.5000000000012566,fechner
928,18_epo,94.0,0.5000000000012432,fechner
929,18_epo,95.0,0.5000000000012301,fechner
930,19_epo,3.0,0.999990371108633,fechner
931,19_epo,4.0,0.9991448594953541,fechner
932,19_epo,5.0,0.9949937437180566,fechner
933,19_epo,6.0,0.9862675480178593,fechner
934,19_epo,7.000000000000001,0.9733862764415913,fechner
935,19_epo,8.0,0.9575000258964748,fechner
936,19_epo,9.0,0.9398190527847179,fechner
937,19_epo,10.0,0.9213376702983418,fechner
938,19_epo,11.0,0.9027772635248403,fechner
939,19_epo,12.0,0.8846186607661533,fechner
940,19_epo,13.0,0.8671583014544959,fechner
941,19_epo,14.000000000000002,0.850561530232042,fechner
942,19_epo,15.0,0.8349049846978627,fechner
943,19_epo,16.0,0.8202076212202895,fechner
944,19_epo,17.0,0.8064523762411429,fechner
945,19_epo,18.0,0.7936008308956487,fechner
946,19_epo,19.0,0.7816029100583216,fechner
947,19_epo,20.0,0.7704031623240916,fechner
948,19_epo,21.0,0.7599447313663168,fechner
949,19_epo,22.0,0.7501717903933128,fechner
950,19_epo,23.0,0.7410309656735914,fechner
951,19_epo,24.0,0.7324721032051273,fechner
952,19_epo,25.0,0.7244486148657229,fechner
953,19_epo,26.0,0.7169175607351991,fechner
954,19_epo,27.0,0.7098395708081363,fechner
955,19_epo,28.000000000000004,0.7031786735890141,fechner
956,19_epo,28.999999999999996,0.6969020752727286,fechner
957,19_epo,30.0,0.690979917421417,fechner
958,19_epo,31.0,0.6853850306008841,fechner
959,19_epo,32.0,0.680092694559642,fechner
960,19_epo,33.0,0.6750804110323337,fechner
961,19_epo,34.0,0.6703276923331026,fechner
962,19_epo,35.0,0.6658158670424345,fechner
963,19_epo,36.0,0.6615279029281733,fechner
964,19_epo,37.0,0.657448246540233,fechner
965,19_epo,38.0,0.6535626785200055,fechner
966,19_epo,39.0,0.649858183463287,fechner
967,19_epo,40.0,0.6463228330987097,fechner
968,19_epo,41.0,0.6429456815448881,fechner
969,19_epo,42.0,0.6397166714575108,fechner
970,19_epo,43.0,0.6366265499518133,fechner
971,19_epo,44.0,0.6336667932729604,fechner
972,19_epo,45.0,0.6308295392782669,fechner
973,19_epo,46.0,0.6281075268856771,fechner
974,19_epo,47.0,0.6254940417293005,fechner
975,19_epo,48.0,0.622982867343393,fechner
976,19_epo,49.0,0.6205682412701219,fechner
977,19_epo,50.0,0.6182448155535624,fechner
978,19_epo,51.0,0.6160076211427693,fechner
979,19_epo,52.0,0.613852035780773,fechner
980,19_epo,53.0,0.6117737550044642,fechner
981,19_epo,54.0,0.6097687659230187,fechner
982,19_epo,55.00000000000001,0.6078333234803306,fechner
983,19_epo,56.00000000000001,0.6059639289403527,fechner
984,19_epo,56.99999999999999,0.6041573103637583,fechner
985,19_epo,57.99999999999999,0.6024104048704072,fechner
986,19_epo,59.0,0.6007203425050814,fechner
987,19_epo,60.0,0.5990844315442442,fechner
988,19_epo,61.0,0.5975001450994744,fechner
989,19_epo,62.0,0.5959651088890346,fechner
990,19_epo,63.0,0.5944770900629847,fechner
991,19_epo,64.0,0.5930339869795899,fechner
992,19_epo,65.0,0.591633819841689,fechner
993,19_epo,66.0,0.5902747221113317,fechner
994,19_epo,67.0,0.5889549326295727,fechner
995,19_epo,68.0,0.5876727883758767,fechner
996,19_epo,69.0,0.5864267178083385,fechner
997,19_epo,70.0,0.5852152347319017,fechner
998,19_epo,71.0,0.5840369326470808,fechner
999,19_epo,72.0,0.5828904795364368,fechner
1000,19_epo,73.0,0.5817746130502754,fechner
1001,19_epo,74.0,0.5806881360568065,fechner
1002,19_epo,75.0,0.5796299125253757,fechner
1003,19_epo,76.0,0.5785988637143801,fechner
1004,19_epo,77.0,0.5775939646381842,fechner
1005,19_epo,78.0,0.5766142407897583,fechner
1006,19_epo,79.0,0.5756587650979336,fechner
1007,19_epo,80.0,0.5747266551001102,fechner
1008,19_epo,81.0,0.573817070313,fechner
1009,19_epo,82.0,0.572929209785568,fechner
1010,19_epo,83.0,0.57206230981974,fechner
1011,19_epo,84.0,0.5712156418457334,fechner
1012,19_epo,85.0,0.5703885104400148,fechner
1013,19_epo,86.0,0.5695802514749332,fechner
1014,19_epo,87.0,0.5687902303900138,fechner
1015,19_epo,88.0,0.5680178405757593,fechner
1016,19_epo,89.0,0.5672625018615718,fechner
1017,19_epo,90.0,0.5665236591001094,fechner
1018,19_epo,91.0,0.5658007808410315,fechner
1019,19_epo,92.0,0.565093358087661,fechner
1020,19_epo,93.0,0.5644009031306227,fechner
1021,19_epo,94.0,0.5637229484529849,fechner
1022,19_epo,95.0,0.5630590457018829,fechner
1023,1_epo,3.0,0.9999999999834499,fechner
1024,1_epo,4.0,0.9999997446193126,fechner
1025,1_epo,5.0,0.9999885048670059,fechner
1026,1_epo,6.0,0.9998975426096254,fechner
1027,1_epo,7.000000000000001,0.9995632302051478,fechner
1028,1_epo,8.0,0.998763607810288,fechner
1029,1_epo,9.0,0.9972861383918415,fechner
1030,1_epo,10.0,0.9949755959816659,fechner
1031,1_epo,11.0,0.9917510868277042,fechner
1032,1_epo,12.0,0.987601445176395,fechner
1033,1_epo,13.0,0.9825703972994536,fechner
1034,1_epo,14.000000000000002,0.9767392792913203,fechner
1035,1_epo,15.0,0.9702113797726598,fechner
1036,1_epo,16.0,0.9630994951116294,fechner
1037,1_epo,17.0,0.9555169181289318,fechner
1038,1_epo,18.0,0.9475714498816716,fechner
1039,1_epo,19.0,0.9393618104506682,fechner
1040,1_epo,20.0,0.9309758216298468,fechner
1041,1_epo,21.0,0.9224898216932335,fechner
1042,1_epo,22.0,0.9139688859213546,fechner
1043,1_epo,23.0,0.9054675355329715,fechner
1044,1_epo,24.0,0.8970307097294624,fechner
1045,1_epo,25.0,0.88869484781567,fechner
1046,1_epo,26.0,0.8804889822778187,fechner
1047,1_epo,27.0,0.8724357823724904,fechner
1048,1_epo,28.000000000000004,0.8645525145718299,fechner
1049,1_epo,28.999999999999996,0.8568519041394296,fechner
1050,1_epo,30.0,0.849342893652139,fechner
1051,1_epo,31.0,0.8420313013493806,fechner
1052,1_epo,32.0,0.8349203862079638,fechner
1053,1_epo,33.0,0.828011328635768,fechner
1054,1_epo,34.0,0.8213036363773032,fechner
1055,1_epo,35.0,0.8147954851277688,fechner
1056,1_epo,36.0,0.80848400279686,fechner
1057,1_epo,37.0,0.8023655055709898,fechner
1058,1_epo,38.0,0.7964356930347012,fechner
1059,1_epo,39.0,0.7906898087162622,fechner
1060,1_epo,40.0,0.7851227715697332,fechner
1061,1_epo,41.0,0.7797292831232624,fechner
1062,1_epo,42.0,0.7745039143227922,fechner
1063,1_epo,43.0,0.7694411754841698,fechner
1064,1_epo,44.0,0.764535572231663,fechner
1065,1_epo,45.0,0.7597816498409021,fechner
1066,1_epo,46.0,0.7551740280117902,fechner
1067,1_epo,47.0,0.7507074277639226,fechner
1068,1_epo,48.0,0.746376691865882,fechner
1069,1_epo,49.0,0.7421767999731514,fechner
1070,1_epo,50.0,0.7381028794508829,fechner
1071,1_epo,51.0,0.7341502126915751,fechner
1072,1_epo,52.0,0.7303142415988636,fechner
1073,1_epo,53.0,0.7265905697927922,fechner
1074,1_epo,54.0,0.722974962995392,fechner
1075,1_epo,55.00000000000001,0.7194633479750621,fechner
1076,1_epo,56.00000000000001,0.7160518103614006,fechner
1077,1_epo,56.99999999999999,0.7127365915866077,fechner
1078,1_epo,57.99999999999999,0.7095140851634593,fechner
1079,1_epo,59.0,0.7063808324715826,fechner
1080,1_epo,60.0,0.7033335181920204,fechner
1081,1_epo,61.0,0.7003689655037729,fechner
1082,1_epo,62.0,0.6974841311342396,fechner
1083,1_epo,63.0,0.6946761003374633,fechner
1084,1_epo,64.0,0.6919420818592107,fechner
1085,1_epo,65.0,0.6892794029356378,fechner
1086,1_epo,66.0,0.6866855043621747,fechner
1087,1_epo,67.0,0.6841579356609582,fechner
1088,1_epo,68.0,0.6816943503682974,fechner
1089,1_epo,69.0,0.6792925014580891,fechner
1090,1_epo,70.0,0.6769502369125352,fechner
1091,1_epo,71.0,0.6746654954478105,fechner
1092,1_epo,72.0,0.6724363023993393,fechner
1093,1_epo,73.0,0.6702607657689262,fechner
1094,1_epo,74.0,0.6681370724340557,fechner
1095,1_epo,75.0,0.6660634845181652,fechner
1096,1_epo,76.0,0.6640383359194827,fechner
1097,1_epo,77.0,0.6620600289951146,fechner
1098,1_epo,78.0,0.6601270313963581,fechner
1099,1_epo,79.0,0.6582378730507037,fechner
1100,1_epo,80.0,0.6563911432856252,fechner
1101,1_epo,81.0,0.6545854880890024,fechner
1102,1_epo,82.0,0.6528196075008957,fechner
1103,1_epo,83.0,0.6510922531312913,fechner
1104,1_epo,84.0,0.6494022257984663,fechner
1105,1_epo,85.0,0.6477483732826483,fechner
1106,1_epo,86.0,0.6461295881897339,fechner
1107,1_epo,87.0,0.6445448059199428,fechner
1108,1_epo,88.0,0.6429930027364384,fechner
1109,1_epo,89.0,0.6414731939290781,fechner
1110,1_epo,90.0,0.6399844320686382,fechner
1111,1_epo,91.0,0.6385258053470333,fechner
1112,1_epo,92.0,0.6370964359992191,fechner
1113,1_epo,93.0,0.6356954788026656,fechner
1114,1_epo,94.0,0.634322119650448,fechner
1115,1_epo,95.0,0.6329755741942036,fechner
1116,20_epo,3.0,0.9999999921643431,fechner
1117,20_epo,4.0,0.9999889556332701,fechner
1118,20_epo,5.0,0.999806745016639,fechner
1119,20_epo,6.0,0.9989997782622588,fechner
1120,20_epo,7.000000000000001,0.997029703596164,fechner
1121,20_epo,8.0,0.9935241238310011,fechner
1122,20_epo,9.0,0.9883527541166404,fechner
1123,20_epo,10.0,0.9815873166796587,fechner
1124,20_epo,11.0,0.9734273021237454,fechner
1125,20_epo,12.0,0.964132793454668,fechner
1126,20_epo,13.0,0.9539766577931367,fechner
1127,20_epo,14.000000000000002,0.9432155425669472,fechner
1128,20_epo,15.0,0.9320750988898495,fechner
1129,20_epo,16.0,0.9207446143731434,fechner
1130,20_epo,17.0,0.909377236214858,fechner
1131,20_epo,18.0,0.8980931331736937,fechner
1132,20_epo,19.0,0.8869839127101015,fechner
1133,20_epo,20.0,0.8761173053951936,fechner
1134,20_epo,21.0,0.8655415882037159,fechner
1135,20_epo,22.0,0.8552895027077371,fechner
1136,20_epo,23.0,0.8453815896942206,fechner
1137,20_epo,24.0,0.835828951230279,fechner
1138,20_epo,25.0,0.8266354944723934,fechner
1139,20_epo,26.0,0.8177997280318745,fechner
1140,20_epo,27.0,0.8093161836401906,fechner
1141,20_epo,28.000000000000004,0.8011765305182662,fechner
1142,20_epo,28.999999999999996,0.7933704414619805,fechner
1143,20_epo,30.0,0.7858862605261746,fechner
1144,20_epo,31.0,0.7787115135011039,fechner
1145,20_epo,32.0,0.7718332946550249,fechner
1146,20_epo,33.0,0.7652385566306211,fechner
1147,20_epo,34.0,0.7589143249106564,fechner
1148,20_epo,35.0,0.7528478538018486,fechner
1149,20_epo,36.0,0.74702673728603,fechner
1150,20_epo,37.0,0.741438985212095,fechner
1151,20_epo,38.0,0.7360730730202214,fechner
1152,20_epo,39.0,0.7309179713875724,fechner
1153,20_epo,40.0,0.725963160766344,fechner
1154,20_epo,41.0,0.7211986346718335,fechner
1155,20_epo,42.0,0.7166148947062784,fechner
1156,20_epo,43.0,0.7122029396224168,fechner
1157,20_epo,44.0,0.7079542501983003,fechner
1158,20_epo,45.0,0.703860771279628,fechner
1159,20_epo,46.0,0.699914892022431,fechner
1160,20_epo,47.0,0.6961094251172836,fechner
1161,20_epo,48.0,0.6924375855807922,fechner
1162,20_epo,49.0,0.6888929695485697,fechner
1163,20_epo,50.0,0.6854695333867052,fechner
1164,20_epo,51.0,0.6821615733483266,fechner
1165,20_epo,52.0,0.6789637059323816,fechner
1166,20_epo,53.0,0.6758708490486125,fechner
1167,20_epo,54.0,0.6728782040522772,fechner
1168,20_epo,55.00000000000001,0.6699812386816663,fechner
1169,20_epo,56.00000000000001,0.6671756709086573,fechner
1170,20_epo,56.99999999999999,0.6644574536957325,fechner
1171,20_epo,57.99999999999999,0.6618227606406942,fechner
1172,20_epo,59.0,0.6592679724817028,fechner
1173,20_epo,60.0,0.656789664429384,fechner
1174,20_epo,61.0,0.6543845942889885,fechner
1175,20_epo,62.0,0.6520496913334124,fechner
1176,20_epo,63.0,0.6497820458869079,fechner
1177,20_epo,64.0,0.6475788995792398,fechner
1178,20_epo,65.0,0.6454376362306099,fechner
1179,20_epo,66.0,0.6433557733287183,fechner
1180,20_epo,67.0,0.6413309540607065,fechner
1181,20_epo,68.0,0.639360939864307,fechner
1182,20_epo,69.0,0.6374436034642582,fechner
1183,20_epo,70.0,0.6355769223618272,fechner
1184,20_epo,71.0,0.6337589727471074,fechner
1185,20_epo,72.0,0.6319879238055603,fechner
1186,20_epo,73.0,0.6302620323920376,fechner
1187,20_epo,74.0,0.6285796380472273,fechner
1188,20_epo,75.0,0.626939158333121,fechner
1189,20_epo,76.0,0.6253390844656516,fechner
1190,20_epo,77.0,0.623777977224149,fechner
1191,20_epo,78.0,0.6222544631186528,fechner
1192,20_epo,79.0,0.6207672307974521,fechner
1193,20_epo,80.0,0.6193150276784484,fechner
1194,20_epo,81.0,0.617896656789099,fechner
1195,20_epo,82.0,0.6165109738007901,fechner
1196,20_epo,83.0,0.6151568842444711,fechner
1197,20_epo,84.0,0.6138333408953471,fechner
1198,20_epo,85.0,0.6125393413152793,fechner
1199,20_epo,86.0,0.6112739255423598,fechner
1200,20_epo,87.0,0.610036173917876,fechner
1201,20_epo,88.0,0.6088252050415801,fechner
1202,20_epo,89.0,0.6076401738468231,fechner
1203,20_epo,90.0,0.6064802697877085,fechner
1204,20_epo,91.0,0.6053447151309824,fechner
1205,20_epo,92.0,0.6042327633458817,fechner
1206,20_epo,93.0,0.6031436975856491,fechner
1207,20_epo,94.0,0.6020768292548507,fechner
1208,20_epo,95.0,0.6010314966570542,fechner
1209,21_epo,3.0,0.9999999962796946,fechner
1210,21_epo,4.0,0.9999929964052418,fechner
1211,21_epo,5.0,0.9998626139426182,fechner
1212,21_epo,6.0,0.9992405554557412,fechner
1213,21_epo,7.000000000000001,0.9976435328364216,fechner
1214,21_epo,8.0,0.9946963477592363,fechner
1215,21_epo,9.0,0.9902259595083636,fechner
1216,21_epo,10.0,0.984246493983383,fechner
1217,21_epo,11.0,0.9769021646796178,fechner
1218,21_epo,12.0,0.9684083595075571,fechner
1219,21_epo,13.0,0.9590060665938988,fechner
1220,21_epo,14.000000000000002,0.94893189413139,fechner
1221,21_epo,15.0,0.9384010144258812,fechner
1222,21_epo,16.0,0.9275992872668258,fechner
1223,21_epo,17.0,0.9166812493853579,fechner
1224,21_epo,18.0,0.9057714943235923,fechner
1225,21_epo,19.0,0.8949677663853426,fechner
1226,21_epo,20.0,0.8843447164067354,fechner
1227,21_epo,21.0,0.8739577064564235,fechner
1228,21_epo,22.0,0.863846339132963,fechner
1229,21_epo,23.0,0.8540375660457853,fechner
1230,21_epo,24.0,0.8445483347245972,fechner
1231,21_epo,25.0,0.8353877901110314,fechner
1232,21_epo,26.0,0.826559074348922,fechner
1233,21_epo,27.0,0.8180607789382884,fechner
1234,21_epo,28.000000000000004,0.8098881041361421,fechner
1235,21_epo,28.999999999999996,0.8020337764665134,fechner
1236,21_epo,30.0,0.7944887691008063,fechner
1237,21_epo,31.0,0.7872428632348184,fechner
1238,21_epo,32.0,0.7802850822314903,fechner
1239,21_epo,33.0,0.7736040245959449,fechner
1240,21_epo,34.0,0.767188116933292,fechner
1241,21_epo,35.0,0.7610258039098017,fechner
1242,21_epo,36.0,0.7551056888296392,fechner
1243,21_epo,37.0,0.7494166356614347,fechner
1244,21_epo,38.0,0.7439478411053464,fechner
1245,21_epo,39.0,0.7386888834912315,fechner
1246,21_epo,40.0,0.7336297538614694,fechner
1247,21_epo,41.0,0.7287608734489432,fechner
1248,21_epo,42.0,0.7240731008540358,fechner
1249,21_epo,43.0,0.7195577315068986,fechner
1250,21_epo,44.0,0.7152064914342627,fechner
1251,21_epo,45.0,0.7110115269026406,fechner
1252,21_epo,46.0,0.7069653911572057,fechner
1253,21_epo,47.0,0.7030610291980472,fechner
1254,21_epo,48.0,0.6992917613172799,fechner
1255,21_epo,49.0,0.6956512659490938,fechner
1256,21_epo,50.0,0.6921335622504555,fechner
1257,21_epo,51.0,0.6887329927249927,fechner
1258,21_epo,52.0,0.6854442061204473,fechner
1259,21_epo,53.0,0.682262140766113,fechner
1260,21_epo,54.0,0.679182008467007,fechner
1261,21_epo,55.00000000000001,0.6761992790331647,fechner
1262,21_epo,56.00000000000001,0.6733096654929345,fechner
1263,21_epo,56.99999999999999,0.6705091100166486,fechner
1264,21_epo,57.99999999999999,0.6677937705600097,fechner
1265,21_epo,59.0,0.6651600082238084,fechner
1266,21_epo,60.0,0.6626043753172105,fechner
1267,21_epo,61.0,0.6601236041051126,fechner
1268,21_epo,62.0,0.6577145962153552,fechner
1269,21_epo,63.0,0.6553744126784486,fechner
1270,21_epo,64.0,0.6531002645705527,fechner
1271,21_epo,65.0,0.6508895042294555,fechner
1272,21_epo,66.0,0.648739617012998,fechner
1273,21_epo,67.0,0.6466482135696349,fechner
1274,21_epo,68.0,0.6446130225914201,fechner
1275,21_epo,69.0,0.6426318840206,fechner
1276,21_epo,70.0,0.640702742682081,fechner
1277,21_epo,71.0,0.6388236423152303,fechner
1278,21_epo,72.0,0.6369927199797615,fechner
1279,21_epo,73.0,0.6352082008117641,fechner
1280,21_epo,74.0,0.6334683931072574,fechner
1281,21_epo,75.0,0.6317716837119696,fechner
1282,21_epo,76.0,0.6301165336973078,fechner
1283,21_epo,77.0,0.6285014743037372,fechner
1284,21_epo,78.0,0.6269251031339623,fechner
1285,21_epo,79.0,0.6253860805794547,fechner
1286,21_epo,80.0,0.623883126464935,fechner
1287,21_epo,81.0,0.6224150168964454,fechner
1288,21_epo,82.0,0.6209805812996159,fechner
1289,21_epo,83.0,0.619578699635615,fechner
1290,21_epo,84.0,0.6182082997831446,fechner
1291,21_epo,85.0,0.6168683550756208,fechner
1292,21_epo,86.0,0.6155578819834283,fechner
1293,21_epo,87.0,0.6142759379318288,fechner
1294,21_epo,88.0,0.6130216192457544,fechner
1295,21_epo,89.0,0.6117940592133152,fechner
1296,21_epo,90.0,0.6105924262604125,fechner
1297,21_epo,91.0,0.6094159222293715,fechner
1298,21_epo,92.0,0.6082637807549903,fechner
1299,21_epo,93.0,0.6071352657318617,fechner
1300,21_epo,94.0,0.6060296698672276,fechner
1301,21_epo,95.0,0.6049463133140328,fechner
1302,22_epo,3.0,0.9999999990712933,fechner
1303,22_epo,4.0,0.9999970024553755,fechner
1304,22_epo,5.0,0.9999272488976783,fechner
1305,22_epo,6.0,0.9995454214245711,fechner
1306,22_epo,7.000000000000001,0.9984695754397933,fechner
1307,22_epo,8.0,0.9963460051542469,fechner
1308,22_epo,9.0,0.992955248619629,fechner
1309,22_epo,10.0,0.9882310379934203,fechner
1310,22_epo,11.0,0.9822312990222474,fechner
1311,22_epo,12.0,0.9750955086341903,fechner
1312,22_epo,13.0,0.9670058344071167,fechner
1313,22_epo,14.000000000000002,0.9581579673347038,fechner
1314,22_epo,15.0,0.9487419093614494,fechner
1315,22_epo,16.0,0.9389308508061178,fechner
1316,22_epo,17.0,0.9288758605734748,fechner
1317,22_epo,18.0,0.9187043932998817,fechner
1318,22_epo,19.0,0.9085210936393112,fechner
1319,22_epo,20.0,0.8984098357797082,fechner
1320,22_epo,21.0,0.8884363040326019,fechner
1321,22_epo,22.0,0.878650688857844,fechner
1322,22_epo,23.0,0.8690902566010499,fechner
1323,22_epo,24.0,0.8597816708731215,fechner
1324,22_epo,25.0,0.85074301760443,fechner
1325,22_epo,26.0,0.8419855291818531,fechner
1326,22_epo,27.0,0.8335150265519556,fechner
1327,22_epo,28.000000000000004,0.82533310925326,fechner
1328,22_epo,28.999999999999996,0.8174381270277176,fechner
1329,22_epo,30.0,0.809825966183309,fechner
1330,22_epo,31.0,0.8024906812531879,fechner
1331,22_epo,32.0,0.7954249989400564,fechner
1332,22_epo,33.0,0.7886207175519369,fechner
1333,22_epo,34.0,0.7820690215099342,fechner
1334,22_epo,35.0,0.7757607272265801,fechner
1335,22_epo,36.0,0.7696864737861853,fechner
1336,22_epo,37.0,0.7638368694126152,fechner
1337,22_epo,38.0,0.7582026026575129,fechner
1338,22_epo,39.0,0.7527745255403653,fechner
1339,22_epo,40.0,0.7475437144733164,fechner
1340,22_epo,41.0,0.7425015136618222,fechner
1341,22_epo,42.0,0.7376395647445629,fechner
1342,22_epo,43.0,0.7329498256851891,fechner
1343,22_epo,44.0,0.7284245813225098,fechner
1344,22_epo,45.0,0.7240564474977458,fechner
1345,22_epo,46.0,0.7198383702852358,fechner
1346,22_epo,47.0,0.7157636215381016,fechner
1347,22_epo,48.0,0.7118257917079523,fechner
1348,22_epo,49.0,0.7080187806955058,fechner
1349,22_epo,50.0,0.7043367873272418,fechner
1350,22_epo,51.0,0.7007742979238971,fechner
1351,22_epo,52.0,0.697326074323364,fechner
1352,22_epo,53.0,0.693987141638238,fechner
1353,22_epo,54.0,0.6907527759626946,fechner
1354,22_epo,55.00000000000001,0.6876184921912849,fechner
1355,22_epo,56.00000000000001,0.6845800320709112,fechner
1356,22_epo,56.99999999999999,0.6816333525745513,fechner
1357,22_epo,57.99999999999999,0.678774614659546,fechner
1358,22_epo,59.0,0.6760001724530235,fechner
1359,22_epo,60.0,0.6733065628912319,fechner
1360,22_epo,61.0,0.6706904958272878,fechner
1361,22_epo,62.0,0.6681488446124079,fechner
1362,22_epo,63.0,0.6656786371484966,fechner
1363,22_epo,64.0,0.6632770474045641,fechner
1364,22_epo,65.0,0.6609413873854624,fechner
1365,22_epo,66.0,0.6586690995385668,fechner
1366,22_epo,67.0,0.6564577495820565,fechner
1367,22_epo,68.0,0.6543050197371614,fechner
1368,22_epo,69.0,0.652208702345997,fechner
1369,22_epo,70.0,0.6501666938562883,fechner
1370,22_epo,71.0,0.648176989154271,fechner
1371,22_epo,72.0,0.6462376762272979,fechner
1372,22_epo,73.0,0.6443469311380952,fechner
1373,22_epo,74.0,0.6425030132931474,fechner
1374,22_epo,75.0,0.6407042609883457,fechner
1375,22_epo,76.0,0.6389490872157108,fechner
1376,22_epo,77.0,0.6372359757157554,fechner
1377,22_epo,78.0,0.6355634772607892,fechner
1378,22_epo,79.0,0.6339302061552371,fechner
1379,22_epo,80.0,0.6323348369397874,fechner
1380,22_epo,81.0,0.6307761012869189,fechner
1381,22_epo,82.0,0.6292527850760817,fechner
1382,22_epo,83.0,0.6277637256374782,fechner
1383,22_epo,84.0,0.6263078091540709,fechner
1384,22_epo,85.0,0.6248839682120645,fechner
1385,22_epo,86.0,0.6234911794907088,fechner
1386,22_epo,87.0,0.6221284615828465,fechner
1387,22_epo,88.0,0.6207948729381652,fechner
1388,22_epo,89.0,0.6194895099216177,fechner
1389,22_epo,90.0,0.6182115049799594,fechner
1390,22_epo,91.0,0.6169600249097975,fechner
1391,22_epo,92.0,0.6157342692209682,fechner
1392,22_epo,93.0,0.6145334685894633,fechner
1393,22_epo,94.0,0.6133568833944839,fechner
1394,22_epo,95.0,0.6122038023345617,fechner
1395,23_epo,3.0,0.9999814191146369,fechner
1396,23_epo,4.0,0.9987222784737102,fechner
1397,23_epo,5.0,0.9932461614485426,fechner
1398,23_epo,6.0,0.9825517720265072,fechner
1399,23_epo,7.000000000000001,0.9675324517451572,fechner
1400,23_epo,8.0,0.9496718434295264,fechner
1401,23_epo,9.0,0.9303396702595078,fechner
1402,23_epo,10.0,0.9105705421777762,fechner
1403,23_epo,11.0,0.8910629332847398,fechner
1404,23_epo,12.0,0.872248719748005,fechner
1405,23_epo,13.0,0.8543697289024877,fechner
1406,23_epo,14.000000000000002,0.8375405882152356,fechner
1407,23_epo,15.0,0.821794668143723,fechner
1408,23_epo,16.0,0.8071156922810067,fechner
1409,23_epo,17.0,0.7934586926772578,fechner
1410,23_epo,18.0,0.780763533197536,fechner
1411,23_epo,19.0,0.7689634305766615,fechner
1412,23_epo,20.0,0.7579901825729595,fechner
1413,23_epo,21.0,0.7477772623998782,fechner
1414,23_epo,22.0,0.7382615489588017,fechner
1415,23_epo,23.0,0.7293841970470732,fechner
1416,23_epo,24.0,0.7210909749037283,fechner
1417,23_epo,25.0,0.713332280103883,fechner
1418,23_epo,26.0,0.7060629688118357,fechner
1419,23_epo,27.0,0.6992420839910737,fechner
1420,23_epo,28.000000000000004,0.6928325361567578,fechner
1421,23_epo,28.999999999999996,0.686800769587812,fechner
1422,23_epo,30.0,0.6811164336300878,fechner
1423,23_epo,31.0,0.6757520702361628,fechner
1424,23_epo,32.0,0.6706828235188601,fechner
1425,23_epo,33.0,0.6658861737487084,fechner
1426,23_epo,34.0,0.661341696186088,fechner
1427,23_epo,35.0,0.6570308439409028,fechner
1428,23_epo,36.0,0.6529367533923812,fechner
1429,23_epo,37.0,0.6490440703808944,fechner
1430,23_epo,38.0,0.6453387952735278,fechner
1431,23_epo,39.0,0.6418081450218813,fechner
1432,23_epo,40.0,0.6384404304203086,fechner
1433,23_epo,41.0,0.6352249469010822,fechner
1434,23_epo,42.0,0.632151877348123,fechner
1435,23_epo,43.0,0.6292122055596254,fechner
1436,23_epo,44.0,0.6263976391342558,fechner
1437,23_epo,45.0,0.6237005406911266,fechner
1438,23_epo,46.0,0.6211138664583529,fechner
1439,23_epo,47.0,0.6186311113777868,fechner
1440,23_epo,48.0,0.6162462599746387,fechner
1441,23_epo,49.0,0.6139537423306042,fechner
1442,23_epo,50.0,0.6117483945786885,fechner
1443,23_epo,51.0,0.6096254234080297,fechner
1444,23_epo,52.0,0.6075803741286623,fechner
1445,23_epo,53.0,0.6056091019002238,fechner
1446,23_epo,54.0,0.6037077457760014,fechner
1447,23_epo,55.00000000000001,0.6018727052551919,fechner
1448,23_epo,56.00000000000001,0.6001006190725791,fechner
1449,23_epo,56.99999999999999,0.5983883459866203,fechner
1450,23_epo,57.99999999999999,0.5967329473547852,fechner
1451,23_epo,59.0,0.595131671309378,fechner
1452,23_epo,60.0,0.5935819383684634,fechner
1453,23_epo,61.0,0.5920813283352733,fechner
1454,23_epo,62.0,0.5906275683559583,fechner
1455,23_epo,63.0,0.5892185220200166,fechner
1456,23_epo,64.0,0.5878521794004852,fechner
1457,23_epo,65.0,0.5865266479422006,fechner
1458,23_epo,66.0,0.5852401441163256,fechner
1459,23_epo,67.0,0.5839909857680923,fechner
1460,23_epo,68.0,0.5827775850924163,fechner
1461,23_epo,69.0,0.5815984421788876,fechner
1462,23_epo,70.0,0.5804521390736865,fechner
1463,23_epo,71.0,0.5793373343113534,fechner
1464,23_epo,72.0,0.5782527578741031,fechner
1465,23_epo,73.0,0.5771972065406261,fechner
1466,23_epo,74.0,0.5761695395900833,fechner
1467,23_epo,75.0,0.5751686748303789,fechner
1468,23_epo,76.0,0.5741935849227894,fechner
1469,23_epo,77.0,0.5732432939777177,fechner
1470,23_epo,78.0,0.5723168743987359,fechner
1471,23_epo,79.0,0.5714134439542354,fechner
1472,23_epo,80.0,0.5705321630579239,fechner
1473,23_epo,81.0,0.569672232241142,fechner
1474,23_epo,82.0,0.5688328898015302,fechner
1475,23_epo,83.0,0.5680134096139621,fechner
1476,23_epo,84.0,0.5672130990909338,fechner
1477,23_epo,85.0,0.5664312972807239,fechner
1478,23_epo,86.0,0.5656673730926669,fechner
1479,23_epo,87.0,0.5649207236398027,fechner
1480,23_epo,88.0,0.5641907726900101,fechner
1481,23_epo,89.0,0.5634769692174799,fechner
1482,23_epo,90.0,0.5627787860470762,fechner
1483,23_epo,91.0,0.562095718584749,fechner
1484,23_epo,92.0,0.561427283627735,fechner
1485,23_epo,93.0,0.5607730182487893,fechner
1486,23_epo,94.0,0.5601324787491596,fechner
1487,23_epo,95.0,0.5595052396754403,fechner
1488,24_epo,3.0,0.9999997578383131,fechner
1489,24_epo,4.0,0.9999099932818644,fechner
1490,24_epo,5.0,0.9990700102555438,fechner
1491,24_epo,6.0,0.9964490214646893,fechner
1492,24_epo,7.000000000000001,0.9913969696754469,fechner
1493,24_epo,8.0,0.9838249314117385,fechner
1494,24_epo,9.0,0.9740333202596932,fechner
1495,24_epo,10.0,0.9625016644419762,fechner
1496,24_epo,11.0,0.9497417163023534,fechner
1497,24_epo,12.0,0.9362181484872274,fechner
1498,24_epo,13.0,0.9223162636921254,fechner
1499,24_epo,14.000000000000002,0.9083366451527377,fechner
1500,24_epo,15.0,0.8945028779286671,fechner
1501,24_epo,16.0,0.8809741640821716,fechner
1502,24_epo,17.0,0.8678585597863521,fechner
1503,24_epo,18.0,0.8552248985145342,fechner
1504,24_epo,19.0,0.8431127329942545,fechner
1505,24_epo,20.0,0.8315402537130273,fechner
1506,24_epo,21.0,0.8205104096436046,fechner
1507,24_epo,22.0,0.8100155405448911,fechner
1508,24_epo,23.0,0.8000408270415373,fechner
1509,24_epo,24.0,0.7905668262690481,fechner
1510,24_epo,25.0,0.7815713128116242,fechner
1511,24_epo,26.0,0.7730305985832896,fechner
1512,24_epo,27.0,0.764920465660334,fechner
1513,24_epo,28.000000000000004,0.7572168138576438,fechner
1514,24_epo,28.999999999999996,0.7498960995335923,fechner
1515,24_epo,30.0,0.7429356226490146,fechner
1516,24_epo,31.0,0.7363137043536558,fechner
1517,24_epo,32.0,0.7300097862957944,fechner
1518,24_epo,33.0,0.7240044745862534,fechner
1519,24_epo,34.0,0.7182795452102096,fechner
1520,24_epo,35.0,0.7128179231364679,fechner
1521,24_epo,36.0,0.7076036440183294,fechner
1522,24_epo,37.0,0.7026218049069735,fechner
1523,24_epo,38.0,0.697858508578679,fechner
1524,24_epo,39.0,0.6933008047410801,fechner
1525,24_epo,40.0,0.6889366304047362,fechner
1526,24_epo,41.0,0.6847547509911519,fechner
1527,24_epo,42.0,0.6807447032278924,fechner
1528,24_epo,43.0,0.6768967405044943,fechner
1529,24_epo,44.0,0.6732017810917419,fechner
1530,24_epo,45.0,0.6696513594335542,fechner
1531,24_epo,46.0,0.6662375805846649,fechner
1532,24_epo,47.0,0.6629530777730799,fechner
1533,24_epo,48.0,0.6597909730027717,fechner
1534,24_epo,49.0,0.6567448405707648,fechner
1535,24_epo,50.0,0.6538086733475741,fechner
1536,24_epo,51.0,0.6509768516562672,fechner
1537,24_epo,52.0,0.6482441145798877,fechner
1538,24_epo,53.0,0.6456055335271245,fechner
1539,24_epo,54.0,0.6430564878901137,fechner
1540,24_epo,55.00000000000001,0.640592642634813,fechner
1541,24_epo,56.00000000000001,0.6382099276724973,fechner
1542,24_epo,56.99999999999999,0.6359045188699388,fechner
1543,24_epo,57.99999999999999,0.6336728205652306,fechner
1544,24_epo,59.0,0.6315114494656581,fechner
1545,24_epo,60.0,0.6294172198132851,fechner
1546,24_epo,61.0,0.6273871297128314,fechner
1547,24_epo,62.0,0.6254183485248965,fechner
1548,24_epo,63.0,0.6235082052355523,fechner
1549,24_epo,64.0,0.6216541777207725,fechner
1550,24_epo,65.0,0.619853882831084,fechner
1551,24_epo,66.0,0.6181050672282026,fechner
1552,24_epo,67.0,0.6164055989113113,fechner
1553,24_epo,68.0,0.6147534593760254,fechner
1554,24_epo,69.0,0.6131467363540472,fechner
1555,24_epo,70.0,0.6115836170860236,fechner
1556,24_epo,71.0,0.6100623820842617,fechner
1557,24_epo,72.0,0.6085813993457125,fechner
1558,24_epo,73.0,0.6071391189790745,fechner
1559,24_epo,74.0,0.6057340682129841,fechner
1560,24_epo,75.0,0.6043648467551194,fechner
1561,24_epo,76.0,0.6030301224746172,fechner
1562,24_epo,77.0,0.6017286273825777,fechner
1563,24_epo,78.0,0.6004591538875588,fechner
1564,24_epo,79.0,0.5992205513049282,fechner
1565,24_epo,80.0,0.5980117226007117,fechner
1566,24_epo,81.0,0.5968316213521905,fechner
1567,24_epo,82.0,0.595679248908987,fechner
1568,24_epo,83.0,0.5945536517397009,fechner
1569,24_epo,84.0,0.5934539189503997,fechner
1570,24_epo,85.0,0.5923791799623751,fechner
1571,24_epo,86.0,0.5913286023375915,fechner
1572,24_epo,87.0,0.5903013897411855,fechner
1573,24_epo,88.0,0.5892967800312272,fechner
1574,24_epo,89.0,0.5883140434667202,fechner
1575,24_epo,90.0,0.587352481025533,fechner
1576,24_epo,91.0,0.5864114228245972,fechner
1577,24_epo,92.0,0.5854902266353068,fechner
1578,24_epo,93.0,0.5845882764875892,fechner
1579,24_epo,94.0,0.583704981356621,fechner
1580,24_epo,95.0,0.582839773926616,fechner
1581,25_epo,3.0,0.9999997460968643,fechner
1582,25_epo,4.0,0.9999073494424426,fechner
1583,25_epo,5.0,0.9990496354757253,fechner
1584,25_epo,6.0,0.9963864866036128,fechner
1585,25_epo,7.000000000000001,0.991270215945804,fechner
1586,25_epo,8.0,0.9836204907046279,fechner
1587,25_epo,9.0,0.973746859492141,fechner
1588,25_epo,10.0,0.9621359202424824,fechner
1589,25_epo,11.0,0.9493039019656783,fechner
1590,25_epo,12.0,0.9357177523398598,fechner
1591,25_epo,13.0,0.9217634828162804,fechner
1592,25_epo,14.000000000000002,0.907741402231556,fechner
1593,25_epo,15.0,0.8938742784248508,fechner
1594,25_epo,16.0,0.8803202508252757,fechner
1595,25_epo,17.0,0.8671862520013666,fechner
1596,25_epo,18.0,0.8545400357857311,fechner
1597,25_epo,19.0,0.842420172274112,fechner
1598,25_epo,20.0,0.8308439875130925,fechner
1599,25_epo,21.0,0.8198136870140929,fechner
1600,25_epo,22.0,0.8093209810404549,fechner
1601,25_epo,23.0,0.7993505231089078,fechner
1602,25_epo,24.0,0.7898824325427926,fechner
1603,25_epo,25.0,0.7808941224810717,fechner
1604,25_epo,26.0,0.7723616078365838,fechner
1605,25_epo,27.0,0.7642604275657261,fechner
1606,25_epo,28.000000000000004,0.7565662831220497,fechner
1607,25_epo,28.999999999999996,0.7492554695139804,fechner
1608,25_epo,30.0,0.7423051558598939,fechner
1609,25_epo,31.0,0.7356935575573833,fechner
1610,25_epo,32.0,0.729400031105292,fechner
1611,25_epo,33.0,0.7234051143638928,fechner
1612,25_epo,34.0,0.7176905289171664,fechner
1613,25_epo,35.0,0.7122391566750815,fechner
1614,25_epo,36.0,0.707034999515255,fechner
1615,25_epo,37.0,0.7020631283055725,fechner
1616,25_epo,38.0,0.69730962584323,fechner
1617,25_epo,39.0,0.6927615269210253,fechner
1618,25_epo,40.0,0.6884067577624795,fechner
1619,25_epo,41.0,0.6842340763602781,fechner
1620,25_epo,42.0,0.6802330147386643,fechner
1621,25_epo,43.0,0.6763938237889441,fechner
1622,25_epo,44.0,0.672707421060591,fechner
1623,25_epo,45.0,0.6691653417007795,fechner
1624,25_epo,46.0,0.6657596926020852,fechner
1625,25_epo,47.0,0.6624831097263332,fechner
1626,25_epo,48.0,0.6593287185110227,fechner
1627,25_epo,49.0,0.6562900972250858,fechner
1628,25_epo,50.0,0.6533612431168467,fechner
1629,25_epo,51.0,0.6505365411844556,fechner
1630,25_epo,52.0,0.6478107353944045,fechner
1631,25_epo,53.0,0.645178902174614,fechner
1632,25_epo,54.0,0.6426364260131691,fechner
1633,25_epo,55.00000000000001,0.6401789770008179,fechner
1634,25_epo,56.00000000000001,0.6378024901638708,fechner
1635,25_epo,56.99999999999999,0.6355031464434608,fechner
1636,25_epo,57.99999999999999,0.6332773551868087,fechner
1637,25_epo,59.0,0.6311217380258024,fechner
1638,25_epo,60.0,0.6290331140276412,fechner
1639,25_epo,61.0,0.6270084860113685,fechner
1640,25_epo,62.0,0.6250450279327144,fechner
1641,25_epo,63.0,0.6231400732477459,fechner
1642,25_epo,64.0,0.6212911041733565,fechner
1643,25_epo,65.0,0.6194957417696146,fechner
1644,25_epo,66.0,0.6177517367754282,fechner
1645,25_epo,67.0,0.6160569611349335,fechner
1646,25_epo,68.0,0.6144094001574407,fechner
1647,25_epo,69.0,0.6128071452587588,fechner
1648,25_epo,70.0,0.6112483872362755,fechner
1649,25_epo,71.0,0.6097314100343172,fechner
1650,25_epo,72.0,0.6082545849601053,fechner
1651,25_epo,73.0,0.6068163653140716,fechner
1652,25_epo,74.0,0.6054152814014355,fechner
1653,25_epo,75.0,0.6040499358948088,fechner
1654,25_epo,76.0,0.6027189995201845,fechner
1655,25_epo,77.0,0.6014212070410425,fechner
1656,25_epo,78.0,0.6001553535174463,fechner
1657,25_epo,79.0,0.5989202908189729,fechner
1658,25_epo,80.0,0.5977149243720918,fechner
1659,25_epo,81.0,0.596538210124234,fechner
1660,25_epo,82.0,0.595389151708275,fechner
1661,25_epo,83.0,0.594266797792485,fechner
1662,25_epo,84.0,0.5931702396022449,fechner
1663,25_epo,85.0,0.5920986086009309,fechner
1664,25_epo,86.0,0.5910510743183939,fechner
1665,25_epo,87.0,0.5900268423163887,fechner
1666,25_epo,88.0,0.5890251522811641,fechner
1667,25_epo,89.0,0.5880452762341883,fechner
1668,25_epo,90.0,0.5870865168527057,fechner
1669,25_epo,91.0,0.5861482058924614,fechner
1670,25_epo,92.0,0.5852297027055257,fechner
1671,25_epo,93.0,0.5843303928466983,fechner
1672,25_epo,94.0,0.5834496867624607,fechner
1673,25_epo,95.0,0.5825870185569106,fechner
1674,2_epo,3.0,0.999999429250831,fechner
1675,2_epo,4.0,0.9998479670797176,fechner
1676,2_epo,5.0,0.9986231899537618,fechner
1677,2_epo,6.0,0.9951297506687367,fechner
1678,2_epo,7.000000000000001,0.9887918334597084,fechner
1679,2_epo,8.0,0.9797031024586949,fechner
1680,2_epo,9.0,0.9683433499560709,fechner
1681,2_epo,10.0,0.9553233310208984,fechner
1682,2_epo,11.0,0.941232879701557,fechner
1683,2_epo,12.0,0.9265723387542005,fechner
1684,2_epo,13.0,0.911733964637067,fechner
1685,2_epo,14.000000000000002,0.8970081893789492,fechner
1686,2_epo,15.0,0.8825996711467201,fechner
1687,2_epo,16.0,0.8686452922763617,fechner
1688,2_epo,17.0,0.8552305836355095,fechner
1689,2_epo,18.0,0.8424033564451591,fechner
1690,2_epo,19.0,0.8301844254189297,fechner
1691,2_epo,20.0,0.8185757621909433,fechner
1692,2_epo,21.0,0.8075665513673721,fechner
1693,2_epo,22.0,0.7971376103089596,fechner
1694,2_epo,23.0,0.7872645679380644,fechner
1695,2_epo,24.0,0.7779201199358722,fechner
1696,2_epo,25.0,0.7690756056281454,fechner
1697,2_epo,26.0,0.7607020917057816,fechner
1698,2_epo,27.0,0.752771100366082,fechner
1699,2_epo,28.000000000000004,0.7452550830398198,fechner
1700,2_epo,28.999999999999996,0.7381277135328352,fechner
1701,2_epo,30.0,0.7313640541585674,fechner
1702,2_epo,31.0,0.7249406335629052,fechner
1703,2_epo,32.0,0.7188354640806588,fechner
1704,2_epo,33.0,0.71302801856294,fechner
1705,2_epo,34.0,0.7074991808856134,fechner
1706,2_epo,35.0,0.702231180203574,fechner
1707,2_epo,36.0,0.697207516022205,fechner
1708,2_epo,37.0,0.6924128790004181,fechner
1709,2_epo,38.0,0.687833070849366,fechner
1710,2_epo,39.0,0.683454925580254,fechner
1711,2_epo,40.0,0.6792662335624163,fechner
1712,2_epo,41.0,0.6752556692910228,fechner
1713,2_epo,42.0,0.6714127233685816,fechner
1714,2_epo,43.0,0.6677276389294972,fechner
1715,2_epo,44.0,0.6641913525486935,fechner
1716,2_epo,45.0,0.6607954395492693,fechner
1717,2_epo,46.0,0.6575320635426222,fechner
1718,2_epo,47.0,0.6543939299845323,fechner
1719,2_epo,48.0,0.6513742435030566,fechner
1720,2_epo,49.0,0.6484666687419216,fechner
1721,2_epo,50.0,0.6456652944615906,fechner
1722,2_epo,51.0,0.6429646006457593,fechner
1723,2_epo,52.0,0.6403594283711945,fechner
1724,2_epo,53.0,0.6378449522117815,fechner
1725,2_epo,54.0,0.6354166549621104,fechner
1726,2_epo,55.00000000000001,0.6330703044810347,fechner
1727,2_epo,56.00000000000001,0.6308019324707663,fechner
1728,2_epo,56.99999999999999,0.6286078150218286,fechner
1729,2_epo,57.99999999999999,0.6264844547683155,fechner
1730,2_epo,59.0,0.6244285645112455,fechner
1731,2_epo,60.0,0.6224370521802598,fechner
1732,2_epo,61.0,0.6205070070154759,fechner
1733,2_epo,62.0,0.6186356868619711,fechner
1734,2_epo,63.0,0.6168205064791428,fechner
1735,2_epo,64.0,0.615059026776144,fechner
1736,2_epo,65.0,0.6133489448927459,fechner
1737,2_epo,66.0,0.611688085052389,fechner
1738,2_epo,67.0,0.6100743901209418,fechner
1739,2_epo,68.0,0.6085059138107772,fechner
1740,2_epo,69.0,0.6069808134753356,fechner
1741,2_epo,70.0,0.6054973434443442,fechner
1742,2_epo,71.0,0.6040538488544159,fechner
1743,2_epo,72.0,0.6026487599338488,fechner
1744,2_epo,73.0,0.601280586704177,fechner
1745,2_epo,74.0,0.5999479140643748,fechner
1746,2_epo,75.0,0.5986493972266747,fechner
1747,2_epo,76.0,0.5973837574757006,fechner
1748,2_epo,77.0,0.5961497782251258,fechner
1749,2_epo,78.0,0.5949463013483137,fechner
1750,2_epo,79.0,0.5937722237614567,fechner
1751,2_epo,80.0,0.5926264942395769,fechner
1752,2_epo,81.0,0.5915081104474377,fechner
1753,2_epo,82.0,0.59041611616895,fechner
1754,2_epo,83.0,0.5893495987200301,fechner
1755,2_epo,84.0,0.588307686531141,fechner
1756,2_epo,85.0,0.5872895468868854,fechner
1757,2_epo,86.0,0.5862943838110645,fechner
1758,2_epo,87.0,0.5853214360865632,fechner
1759,2_epo,88.0,0.5843699754002906,fechner
1760,2_epo,89.0,0.5834393046041874,fechner
1761,2_epo,90.0,0.5825287560840335,fechner
1762,2_epo,91.0,0.5816376902284437,fechner
1763,2_epo,92.0,0.5807654939910359,fechner
1764,2_epo,93.0,0.579911579539312,fechner
1765,2_epo,94.0,0.579075382984277,fechner
1766,2_epo,95.0,0.5782563631852978,fechner
1767,3_epo,3.0,0.5000000000105618,fechner
1768,3_epo,4.0,0.5000000000064586,fechner
1769,3_epo,5.0,0.500000000004839,fechner
1770,3_epo,6.0,0.5000000000039082,fechner
1771,3_epo,7.000000000000001,0.5000000000032911,fechner
1772,3_epo,8.0,0.5000000000028482,fechner
1773,3_epo,9.0,0.500000000002513,fechner
1774,3_epo,10.0,0.50000000000225,fechner
1775,3_epo,11.0,0.5000000000020377,fechner
1776,3_epo,12.0,0.5000000000018625,fechner
1777,3_epo,13.0,0.5000000000017154,fechner
1778,3_epo,14.000000000000002,0.5000000000015902,fechner
1779,3_epo,15.0,0.500000000001482,fechner
1780,3_epo,16.0,0.5000000000013878,fechner
1781,3_epo,17.0,0.500000000001305,fechner
1782,3_epo,18.0,0.5000000000012315,fechner
1783,3_epo,19.0,0.5000000000011658,fechner
1784,3_epo,20.0,0.500000000001107,fechner
1785,3_epo,21.0,0.5000000000010537,fechner
1786,3_epo,22.0,0.5000000000010054,fechner
1787,3_epo,23.0,0.5000000000009613,fechner
1788,3_epo,24.0,0.5000000000009209,fechner
1789,3_epo,25.0,0.5000000000008838,fechner
1790,3_epo,26.0,0.5000000000008497,fechner
1791,3_epo,27.0,0.500000000000818,fechner
1792,3_epo,28.000000000000004,0.5000000000007887,fechner
1793,3_epo,28.999999999999996,0.5000000000007613,fechner
1794,3_epo,30.0,0.5000000000007359,fechner
1795,3_epo,31.0,0.500000000000712,fechner
1796,3_epo,32.0,0.5000000000006897,fechner
1797,3_epo,33.0,0.5000000000006687,fechner
1798,3_epo,34.0,0.5000000000006489,fechner
1799,3_epo,35.0,0.5000000000006303,fechner
1800,3_epo,36.0,0.5000000000006127,fechner
1801,3_epo,37.0,0.5000000000005962,fechner
1802,3_epo,38.0,0.5000000000005804,fechner
1803,3_epo,39.0,0.5000000000005654,fechner
1804,3_epo,40.0,0.5000000000005513,fechner
1805,3_epo,41.0,0.5000000000005378,fechner
1806,3_epo,42.0,0.500000000000525,fechner
1807,3_epo,43.0,0.5000000000005127,fechner
1808,3_epo,44.0,0.500000000000501,fechner
1809,3_epo,45.0,0.5000000000004899,fechner
1810,3_epo,46.0,0.5000000000004793,fechner
1811,3_epo,47.0,0.5000000000004691,fechner
1812,3_epo,48.0,0.5000000000004592,fechner
1813,3_epo,49.0,0.5000000000004499,fechner
1814,3_epo,50.0,0.5000000000004409,fechner
1815,3_epo,51.0,0.5000000000004322,fechner
1816,3_epo,52.0,0.5000000000004239,fechner
1817,3_epo,53.0,0.5000000000004159,fechner
1818,3_epo,54.0,0.5000000000004081,fechner
1819,3_epo,55.00000000000001,0.5000000000004007,fechner
1820,3_epo,56.00000000000001,0.5000000000003936,fechner
1821,3_epo,56.99999999999999,0.5000000000003866,fechner
1822,3_epo,57.99999999999999,0.5000000000003799,fechner
1823,3_epo,59.0,0.5000000000003735,fechner
1824,3_epo,60.0,0.5000000000003673,fechner
1825,3_epo,61.0,0.5000000000003613,fechner
1826,3_epo,62.0,0.5000000000003554,fechner
1827,3_epo,63.0,0.5000000000003497,fechner
1828,3_epo,64.0,0.5000000000003443,fechner
1829,3_epo,65.0,0.500000000000339,fechner
1830,3_epo,66.0,0.5000000000003338,fechner
1831,3_epo,67.0,0.5000000000003288,fechner
1832,3_epo,68.0,0.5000000000003241,fechner
1833,3_epo,69.0,0.5000000000003193,fechner
1834,3_epo,70.0,0.5000000000003147,fechner
1835,3_epo,71.0,0.5000000000003103,fechner
1836,3_epo,72.0,0.500000000000306,fechner
1837,3_epo,73.0,0.5000000000003019,fechner
1838,3_epo,74.0,0.5000000000002978,fechner
1839,3_epo,75.0,0.5000000000002938,fechner
1840,3_epo,76.0,0.5000000000002899,fechner
1841,3_epo,77.0,0.5000000000002861,fechner
1842,3_epo,78.0,0.5000000000002824,fechner
1843,3_epo,79.0,0.5000000000002789,fechner
1844,3_epo,80.0,0.5000000000002754,fechner
1845,3_epo,81.0,0.500000000000272,fechner
1846,3_epo,82.0,0.5000000000002687,fechner
1847,3_epo,83.0,0.5000000000002655,fechner
1848,3_epo,84.0,0.5000000000002622,fechner
1849,3_epo,85.0,0.5000000000002592,fechner
1850,3_epo,86.0,0.5000000000002561,fechner
1851,3_epo,87.0,0.5000000000002532,fechner
1852,3_epo,88.0,0.5000000000002504,fechner
1853,3_epo,89.0,0.5000000000002476,fechner
1854,3_epo,90.0,0.5000000000002448,fechner
1855,3_epo,91.0,0.5000000000002421,fechner
1856,3_epo,92.0,0.5000000000002395,fechner
1857,3_epo,93.0,0.5000000000002369,fechner
1858,3_epo,94.0,0.5000000000002344,fechner
1859,3_epo,95.0,0.5000000000002319,fechner
1860,4_epo,3.0,0.9998083641153688,fechner
1861,4_epo,4.0,0.9946980045232746,fechner
1862,4_epo,5.0,0.9805772367718537,fechner
1863,4_epo,6.0,0.9595884774680612,fechner
1864,4_epo,7.000000000000001,0.9350703402912643,fechner
1865,4_epo,8.0,0.9095582346750779,fechner
1866,4_epo,9.0,0.8845930648666652,fechner
1867,4_epo,10.0,0.8609837316945513,fechner
1868,4_epo,11.0,0.8390826734972686,fechner
1869,4_epo,12.0,0.818981782820342,fechner
1870,4_epo,13.0,0.8006345568288855,fechner
1871,4_epo,14.000000000000002,0.7839275041032752,fechner
1872,4_epo,15.0,0.7687201660503112,fechner
1873,4_epo,16.0,0.754866675489704,fechner
1874,4_epo,17.0,0.7422267611805679,fechner
1875,4_epo,18.0,0.7306708480215026,fechner
1876,4_epo,19.0,0.720081930143839,fechner
1877,4_epo,20.0,0.7103557385664713,fechner
1878,4_epo,21.0,0.7014000586574873,fechner
1879,4_epo,22.0,0.6931336713693441,fechner
1880,4_epo,23.0,0.6854851751964888,fechner
1881,4_epo,24.0,0.6783918229571475,fechner
1882,4_epo,25.0,0.671798438551446,fechner
1883,4_epo,26.0,0.665656440715574,fechner
1884,4_epo,27.0,0.6599229802420099,fechner
1885,4_epo,28.000000000000004,0.6545601865680839,fechner
1886,4_epo,28.999999999999996,0.6495345146781017,fechner
1887,4_epo,30.0,0.6448161814041647,fechner
1888,4_epo,31.0,0.6403786800059349,fechner
1889,4_epo,32.0,0.6361983625385333,fechner
1890,4_epo,33.0,0.6322540805185334,fechner
1891,4_epo,34.0,0.6285268755167159,fechner
1892,4_epo,35.0,0.6249997124088451,fechner
1893,4_epo,36.0,0.6216572490366394,fechner
1894,4_epo,37.0,0.6184856369432205,fechner
1895,4_epo,38.0,0.6154723486444651,fechner
1896,4_epo,39.0,0.6126060275845805,fechner
1897,4_epo,40.0,0.6098763575106853,fechner
1898,4_epo,41.0,0.6072739484989167,fechner
1899,4_epo,42.0,0.6047902372854143,fechner
1900,4_epo,43.0,0.6024173999105606,fechner
1901,4_epo,44.0,0.6001482749840484,fechner
1902,4_epo,45.0,0.597976296130396,fechner
1903,4_epo,46.0,0.5958954323869675,fechner
1904,4_epo,47.0,0.5939001355057062,fechner
1905,4_epo,48.0,0.5919852932610882,fechner
1906,4_epo,49.0,0.5901461879947092,fechner
1907,4_epo,50.0,0.5883784597352618,fechner
1908,4_epo,51.0,0.5866780733245598,fechner
1909,4_epo,52.0,0.5850412890583769,fechner
1910,4_epo,53.0,0.5834646364173842,fechner
1911,4_epo,54.0,0.5819448905202098,fechner
1912,4_epo,55.00000000000001,0.5804790509791649,fechner
1913,4_epo,56.00000000000001,0.5790643228807248,fechner
1914,4_epo,56.99999999999999,0.5776980996485264,fechner
1915,4_epo,57.99999999999999,0.5763779475773095,fechner
1916,4_epo,59.0,0.5751015918526697,fechner
1917,4_epo,60.0,0.5738669038943033,fechner
1918,4_epo,61.0,0.5726718898801726,fechner
1919,4_epo,62.0,0.5715146803261355,fechner
1920,4_epo,63.0,0.5703935206104381,fechner
1921,4_epo,64.0,0.5693067623454074,fechner
1922,4_epo,65.0,0.5682528555099453,fechner
1923,4_epo,66.0,0.5672303412662708,fechner
1924,4_epo,67.0,0.5662378453929677,fechner
1925,4_epo,68.0,0.5652740722739353,fechner
1926,4_epo,69.0,0.5643377993894679,fechner
1927,4_epo,70.0,0.5634278722615077,fechner
1928,4_epo,71.0,0.5625431998102464,fechner
1929,4_epo,72.0,0.5616827500837738,fechner
1930,4_epo,73.0,0.5608455463264707,fechner
1931,4_epo,74.0,0.5600306633553751,fechner
1932,4_epo,75.0,0.5592372242168947,fechner
1933,4_epo,76.0,0.5584643970990082,fechner
1934,4_epo,77.0,0.5577113924765822,fechner
1935,4_epo,78.0,0.5569774604696228,fechner
1936,4_epo,79.0,0.5562618883962486,fechner
1937,4_epo,80.0,0.5555639985039174,fechner
1938,4_epo,81.0,0.5548831458640068,fechner
1939,4_epo,82.0,0.5542187164162516,fechner
1940,4_epo,83.0,0.5535701251507859,fechner
1941,4_epo,84.0,0.5529368144166741,fechner
1942,4_epo,85.0,0.552318252346823,fechner
1943,4_epo,86.0,0.5517139313900696,fechner
1944,4_epo,87.0,0.5511233669420678,fechner
1945,4_epo,88.0,0.5505460960673277,fechner
1946,4_epo,89.0,0.549981676305434,fechner
1947,4_epo,90.0,0.5494296845550604,fechner
1948,4_epo,91.0,0.5488897160299558,fechner
1949,4_epo,92.0,0.548361383281558,fechner
1950,4_epo,93.0,0.5478443152833441,fechner
1951,4_epo,94.0,0.5473381565724283,fechner
1952,4_epo,95.0,0.5468425664442897,fechner
1953,5_epo,3.0,0.9999999874702644,fechner
1954,5_epo,4.0,0.9999852834627638,fechner
1955,5_epo,5.0,0.9997603853289236,fechner
1956,5_epo,6.0,0.9988102616488075,fechner
1957,5_epo,7.000000000000001,0.9965634393573103,fechner
1958,5_epo,8.0,0.9926566416548925,fechner
1959,5_epo,9.0,0.9869943208855991,fechner
1960,5_epo,10.0,0.9796901491027165,fechner
1961,5_epo,11.0,0.9709815077948712,fechner
1962,5_epo,12.0,0.9611575927780865,fechner
1963,5_epo,13.0,0.9505109185130122,fechner
1964,5_epo,14.000000000000002,0.9393095656594882,fechner
1965,5_epo,15.0,0.9277842980378712,fechner
1966,5_epo,16.0,0.916125061691857,fechner
1967,5_epo,17.0,0.9044827688103638,fechner
1968,5_epo,18.0,0.8929736480947292,fechner
1969,5_epo,19.0,0.8816845084108494,fechner
1970,5_epo,20.0,0.8706779930207644,fechner
1971,5_epo,21.0,0.8599973648998445,fechner
1972,5_epo,22.0,0.8496706388931901,fechner
1973,5_epo,23.0,0.8397140292137907,fechner
1974,5_epo,24.0,0.8301347581005882,fechner
1975,5_epo,25.0,0.8209333046345098,fechner
1976,5_epo,26.0,0.8121051814821137,fechner
1977,5_epo,27.0,0.8036423236062104,fechner
1978,5_epo,28.000000000000004,0.7955341636441693,fechner
1979,5_epo,28.999999999999996,0.7877684575130404,fechner
1980,5_epo,30.0,0.7803319128237968,fechner
1981,5_epo,31.0,0.7732106627860111,fechner
1982,5_epo,32.0,0.7663906197873988,fechner
1983,5_epo,33.0,0.7598577357641907,fechner
1984,5_epo,34.0,0.7535981907185397,fechner
1985,5_epo,35.0,0.747598526112282,fechner
1986,5_epo,36.0,0.741845736186935,fechner
1987,5_epo,37.0,0.7363273273549709,fechner
1988,5_epo,38.0,0.7310313535261685,fechner
1989,5_epo,39.0,0.7259464334483067,fechner
1990,5_epo,40.0,0.7210617547494949,fechner
1991,5_epo,41.0,0.7163670682860782,fechner
1992,5_epo,42.0,0.7118526755583209,fechner
1993,5_epo,43.0,0.7075094113030438,fechner
1994,5_epo,44.0,0.7033286228664221,fechner
1995,5_epo,45.0,0.699302147568596,fechner
1996,5_epo,46.0,0.6954222889692334,fechner
1997,5_epo,47.0,0.6916817927097604,fechner
1998,5_epo,48.0,0.688073822428303,fechner
1999,5_epo,49.0,0.6845919361053647,fechner
2000,5_epo,50.0,0.6812300630926146,fechner
2001,5_epo,51.0,0.6779824819965898,fechner
2002,5_epo,52.0,0.6748437995279949,fechner
2003,5_epo,53.0,0.671808930381208,fechner
2004,5_epo,54.0,0.6688730781741817,fechner
2005,5_epo,55.00000000000001,0.6660317174534862,fechner
2006,5_epo,56.00000000000001,0.663280576750735,fechner
2007,5_epo,56.99999999999999,0.6606156226634315,fechner
2008,5_epo,57.99999999999999,0.6580330449241593,fechner
2009,5_epo,59.0,0.6555292424160203,fechner
2010,5_epo,60.0,0.6531008100885416,fechner
2011,5_epo,61.0,0.6507445267263715,fechner
2012,5_epo,62.0,0.6484573435224809,fechner
2013,5_epo,63.0,0.6462363734079514,fechner
2014,5_epo,64.0,0.6440788810914826,fechner
2015,5_epo,65.0,0.6419822737632896,fechner
2016,5_epo,66.0,0.6399440924199239,fechner
2017,5_epo,67.0,0.6379620037686251,fechner
2018,5_epo,68.0,0.6360337926719856,fechner
2019,5_epo,69.0,0.6341573550959478,fechner
2020,5_epo,70.0,0.6323306915263772,fechner
2021,5_epo,71.0,0.6305519008216391,fechner
2022,5_epo,72.0,0.6288191744707312,fechner
2023,5_epo,73.0,0.6271307912285606,fechner
2024,5_epo,74.0,0.6254851121018913,fechner
2025,5_epo,75.0,0.6238805756613413,fechner
2026,5_epo,76.0,0.6223156936565304,fechner
2027,5_epo,77.0,0.6207890469131271,fechner
2028,5_epo,78.0,0.6192992814920549,fechner
2029,5_epo,79.0,0.6178451050925619,fechner
2030,5_epo,80.0,0.6164252836821773,fechner
2031,5_epo,81.0,0.6150386383378165,fechner
2032,5_epo,82.0,0.6136840422834564,fechner
2033,5_epo,83.0,0.6123604181108542,fechner
2034,5_epo,84.0,0.6110667351707839,fechner
2035,5_epo,85.0,0.6098020071231783,fechner
2036,5_epo,86.0,0.6085652896354069,fechner
2037,5_epo,87.0,0.6073556782187083,fechner
2038,5_epo,88.0,0.6061723061935238,fechner
2039,5_epo,89.0,0.6050143427751455,fechner
2040,5_epo,90.0,0.6038809912717108,fechner
2041,5_epo,91.0,0.6027714873871546,fechner
2042,5_epo,92.0,0.6016850976222543,fechner
2043,5_epo,93.0,0.6006211177673968,fechner
2044,5_epo,94.0,0.5995788714811424,fechner
2045,5_epo,95.0,0.5985577089490907,fechner
2046,6_epo,3.0,0.9999402189589394,fechner
2047,6_epo,4.0,0.9973925972613114,fechner
2048,6_epo,5.0,0.9885184624132478,fechner
2049,6_epo,6.0,0.9733639977735525,fechner
2050,6_epo,7.000000000000001,0.9539269326560578,fechner
2051,6_epo,8.0,0.9322908098047192,fechner
2052,6_epo,9.0,0.9100190844901184,fechner
2053,6_epo,10.0,0.888119421459055,fechner
2054,6_epo,11.0,0.8671727258499254,fechner
2055,6_epo,12.0,0.847472466953504,fechner
2056,6_epo,13.0,0.8291323151667227,fechner
2057,6_epo,14.000000000000002,0.8121596243097736,fechner
2058,6_epo,15.0,0.7965025564248279,fechner
2059,6_epo,16.0,0.7820791542728043,fechner
2060,6_epo,17.0,0.7687947378335294,fechner
2061,6_epo,18.0,0.7565519862303638,fechner
2062,6_epo,19.0,0.7452565313757035,fechner
2063,6_epo,20.0,0.7348198434192408,fechner
2064,6_epo,21.0,0.7251605109365135,fechner
2065,6_epo,22.0,0.7162045919415326,fechner
2066,6_epo,23.0,0.7078854464907836,fechner
2067,6_epo,24.0,0.7001432980168399,fechner
2068,6_epo,25.0,0.6929246701045508,fechner
2069,6_epo,26.0,0.6861817840383593,fechner
2070,6_epo,27.0,0.6798719651127452,fechner
2071,6_epo,28.000000000000004,0.6739570831549275,fechner
2072,6_epo,28.999999999999996,0.6684030392573931,fechner
2073,6_epo,30.0,0.663179302842965,fechner
2074,6_epo,31.0,0.6582584987186941,fechner
2075,6_epo,32.0,0.6536160413779243,fechner
2076,6_epo,33.0,0.6492298126554762,fechner
2077,6_epo,34.0,0.6450798784188805,fechner
2078,6_epo,35.0,0.6411482399753028,fechner
2079,6_epo,36.0,0.6374186160976384,fechner
2080,6_epo,37.0,0.6338762519084654,fechner
2081,6_epo,38.0,0.630507751238432,fechner
2082,6_epo,39.0,0.6273009294566743,fechner
2083,6_epo,40.0,0.6242446841333469,fechner
2084,6_epo,41.0,0.6213288812275023,fechner
2085,6_epo,42.0,0.6185442547931058,fechner
2086,6_epo,43.0,0.6158823184613522,fechner
2087,6_epo,44.0,0.6133352871902599,fechner
2088,6_epo,45.0,0.6108960079752925,fechner
2089,6_epo,46.0,0.6085578983905987,fechner
2090,6_epo,47.0,0.6063148919823995,fechner
2091,6_epo,48.0,0.6041613896671203,fechner
2092,6_epo,49.0,0.6020922163997555,fechner
2093,6_epo,50.0,0.6001025824751524,fechner
2094,6_epo,51.0,0.5981880489085786,fechner
2095,6_epo,52.0,0.596344496414001,fechner
2096,6_epo,53.0,0.5945680975605903,fechner
2097,6_epo,54.0,0.5928552917415211,fechner
2098,6_epo,55.00000000000001,0.5912027626353651,fechner
2099,6_epo,56.00000000000001,0.5896074178803286,fechner
2100,6_epo,56.99999999999999,0.5880663707161611,fechner
2101,6_epo,57.99999999999999,0.5865769233785292,fechner
2102,6_epo,59.0,0.5851365520566434,fechner
2103,6_epo,60.0,0.5837428932475255,fechner
2104,6_epo,61.0,0.5823937313599662,fechner
2105,6_epo,62.0,0.5810869874383661,fechner
2106,6_epo,63.0,0.5798207088916127,fechner
2107,6_epo,64.0,0.5785930601252345,fechner
2108,6_epo,65.0,0.5774023139865228,fechner
2109,6_epo,66.0,0.5762468439423593,fechner
2110,6_epo,67.0,0.5751251169183182,fechner
2111,6_epo,68.0,0.5740356867353616,fechner
2112,6_epo,69.0,0.572977188087293,fechner
2113,6_epo,70.0,0.5719483310081633,fechner
2114,6_epo,71.0,0.5709478957841523,fechner
2115,6_epo,72.0,0.5699747282691656,fechner
2116,6_epo,73.0,0.569027735567566,fechner
2117,6_epo,74.0,0.5681058820511593,fechner
2118,6_epo,75.0,0.5672081856808607,fechner
2119,6_epo,76.0,0.5663337146063838,fechner
2120,6_epo,77.0,0.5654815840199175,fechner
2121,6_epo,78.0,0.564650953242076,fechner
2122,6_epo,79.0,0.5638410230204935,fechner
2123,6_epo,80.0,0.5630510330232918,fechner
2124,6_epo,81.0,0.5622802595113151,fechner
2125,6_epo,82.0,0.5615280131745249,fechner
2126,6_epo,83.0,0.5607936371192775,fechner
2127,6_epo,84.0,0.5600765049944241,fechner
2128,6_epo,85.0,0.5593760192452474,fechner
2129,6_epo,86.0,0.5586916094852306,fechner
2130,6_epo,87.0,0.5580227309765301,fechner
2131,6_epo,88.0,0.557368863210825,fechner
2132,6_epo,89.0,0.5567295085829248,fechner
2133,6_epo,90.0,0.5561041911501754,fechner
2134,6_epo,91.0,0.5554924554712866,fechner
2135,6_epo,92.0,0.5548938655187365,fechner
2136,6_epo,93.0,0.5543080036593995,fechner
2137,6_epo,94.0,0.5537344696984706,fechner
2138,6_epo,95.0,0.5531728799821755,fechner
2139,7_epo,3.0,0.9038829260622461,fechner
2140,7_epo,4.0,0.7974569325582148,fechner
2141,7_epo,5.0,0.7362931970199883,fechner
2142,7_epo,6.0,0.6962059995694926,fechner
2143,7_epo,7.000000000000001,0.6678252302520907,fechner
2144,7_epo,8.0,0.6466517807195009,fechner
2145,7_epo,9.0,0.6302397523795867,fechner
2146,7_epo,10.0,0.6171409178852852,fechner
2147,7_epo,11.0,0.6064417302223652,fechner
2148,7_epo,12.0,0.597536890844423,fechner
2149,7_epo,13.0,0.5900092240130882,fechner
2150,7_epo,14.000000000000002,0.5835617542462662,fechner
2151,7_epo,15.0,0.577977269439822,fechner
2152,7_epo,16.0,0.5730931976581956,fechner
2153,7_epo,17.0,0.5687854263092912,fechner
2154,7_epo,18.0,0.5649575548356826,fechner
2155,7_epo,19.0,0.5615335633715941,fechner
2156,7_epo,20.0,0.5584526934904525,fechner
2157,7_epo,21.0,0.5556657991333569,fechner
2158,7_epo,22.0,0.5531326973499667,fechner
2159,7_epo,23.0,0.5508202130460447,fechner
2160,7_epo,24.0,0.5487007144055249,fechner
2161,7_epo,25.0,0.5467510010334329,fechner
2162,7_epo,26.0,0.5449514494991621,fechner
2163,7_epo,27.0,0.5432853493160973,fechner
2164,7_epo,28.000000000000004,0.5417383815968358,fechner
2165,7_epo,28.999999999999996,0.5402982058435808,fechner
2166,7_epo,30.0,0.5389541295731791,fechner
2167,7_epo,31.0,0.5376968420246181,fechner
2168,7_epo,32.0,0.5365181978976732,fechner
2169,7_epo,33.0,0.5354110404864817,fechner
2170,7_epo,34.0,0.5343690560804523,fechner
2171,7_epo,35.0,0.5333866533668234,fechner
2172,7_epo,36.0,0.5324588629645016,fechner
2173,7_epo,37.0,0.5315812532739554,fechner
2174,7_epo,38.0,0.5307498596326578,fechner
2175,7_epo,39.0,0.5299611243842001,fechner
2176,7_epo,40.0,0.5292118459483867,fechner
2177,7_epo,41.0,0.5284991353534138,fechner
2178,7_epo,42.0,0.5278203789848109,fechner
2179,7_epo,43.0,0.5271732065378383,fechner
2180,7_epo,44.0,0.5265554633445255,fechner
2181,7_epo,45.0,0.5259651863940757,fechner
2182,7_epo,46.0,0.5254005834839861,fechner
2183,7_epo,47.0,0.5248600150351231,fechner
2184,7_epo,48.0,0.5243419781818706,fechner
2185,7_epo,49.0,0.5238450928120305,fechner
2186,7_epo,50.0,0.5233680892832606,fechner
2187,7_epo,51.0,0.5229097975857341,fechner
2188,7_epo,52.0,0.5224691377561733,fechner
2189,7_epo,53.0,0.5220451113778477,fechner
2190,7_epo,54.0,0.5216367940256533,fechner
2191,7_epo,55.00000000000001,0.5212433285358999,fechner
2192,7_epo,56.00000000000001,0.5208639189976442,fechner
2193,7_epo,56.99999999999999,0.5204978253768942,fechner
2194,7_epo,57.99999999999999,0.5201443586972547,fechner
2195,7_epo,59.0,0.5198028767109519,fechner
2196,7_epo,60.0,0.5194727800029892,fechner
2197,7_epo,61.0,0.5191535084787027,fechner
2198,7_epo,62.0,0.5188445381914021,fechner
2199,7_epo,63.0,0.5185453784722897,fechner
2200,7_epo,64.0,0.5182555693295772,fechner
2201,7_epo,65.0,0.5179746790877939,fechner
2202,7_epo,66.0,0.5177023022417995,fechner
2203,7_epo,67.0,0.517438057503057,fechner
2204,7_epo,68.0,0.5171815860183671,fechner
2205,7_epo,69.0,0.516932549743556,fechner
2206,7_epo,70.0,0.5166906299566185,fechner
2207,7_epo,71.0,0.5164555258965581,fechner
2208,7_epo,72.0,0.5162269535156991,fechner
2209,7_epo,73.0,0.5160046443345869,fechner
2210,7_epo,74.0,0.5157883443897652,fechner
2211,7_epo,75.0,0.5155778132657608,fechner
2212,7_epo,76.0,0.5153728232035164,fechner
2213,7_epo,77.0,0.5151731582783182,fechner
2214,7_epo,78.0,0.51497861364098,fechner
2215,7_epo,79.0,0.5147889948166763,fechner
2216,7_epo,80.0,0.5146041170563795,fechner
2217,7_epo,81.0,0.5144238047363525,fechner
2218,7_epo,82.0,0.5142478908015928,fechner
2219,7_epo,83.0,0.5140762162495216,fechner
2220,7_epo,84.0,0.5139086296505618,fechner
2221,7_epo,85.0,0.513744986702567,fechner
2222,7_epo,86.0,0.5135851498163441,fechner
2223,7_epo,87.0,0.5134289877297687,fechner
2224,7_epo,88.0,0.5132763751482168,fechner
2225,7_epo,89.0,0.5131271924092426,fechner
2226,7_epo,90.0,0.5129813251696174,fechner
2227,7_epo,91.0,0.5128386641130069,fechner
2228,7_epo,92.0,0.5126991046767182,fechner
2229,7_epo,93.0,0.5125625467960796,fechner
2230,7_epo,94.0,0.5124288946651399,fechner
2231,7_epo,95.0,0.512298056512485,fechner
2232,8_epo,3.0,0.5000000028663972,fechner
2233,8_epo,4.0,0.5000000017528307,fechner
2234,8_epo,5.0,0.5000000013132597,fechner
2235,8_epo,6.0,0.5000000010606649,fechner
2236,8_epo,7.000000000000001,0.5000000008932055,fechner
2237,8_epo,8.0,0.5000000007729655,fechner
2238,8_epo,9.0,0.5000000006820182,fechner
2239,8_epo,10.0,0.500000000610631,fechner
2240,8_epo,11.0,0.5000000005530112,fechner
2241,8_epo,12.0,0.5000000005054749,fechner
2242,8_epo,13.0,0.5000000004655586,fechner
2243,8_epo,14.000000000000002,0.5000000004315484,fechner
2244,8_epo,15.0,0.5000000004022124,fechner
2245,8_epo,16.0,0.5000000003766417,fechner
2246,8_epo,17.0,0.5000000003541504,fechner
2247,8_epo,18.0,0.5000000003342103,fechner
2248,8_epo,19.0,0.5000000003164083,fechner
2249,8_epo,20.0,0.5000000003004164,fechner
2250,8_epo,21.0,0.5000000002859705,fechner
2251,8_epo,22.0,0.500000000272856,fechner
2252,8_epo,23.0,0.5000000002608961,fechner
2253,8_epo,24.0,0.5000000002499443,fechner
2254,8_epo,25.0,0.5000000002398779,fechner
2255,8_epo,26.0,0.5000000002305933,fechner
2256,8_epo,27.0,0.5000000002220026,fechner
2257,8_epo,28.000000000000004,0.5000000002140308,fechner
2258,8_epo,28.999999999999996,0.500000000206613,fechner
2259,8_epo,30.0,0.5000000001996932,fechner
2260,8_epo,31.0,0.5000000001932229,fechner
2261,8_epo,32.0,0.5000000001871596,fechner
2262,8_epo,33.0,0.500000000181466,fechner
2263,8_epo,34.0,0.5000000001761091,fechner
2264,8_epo,35.0,0.5000000001710599,fechner
2265,8_epo,36.0,0.5000000001662928,fechner
2266,8_epo,37.0,0.5000000001617844,fechner
2267,8_epo,38.0,0.5000000001575144,fechner
2268,8_epo,39.0,0.5000000001534644,fechner
2269,8_epo,40.0,0.5000000001496175,fechner
2270,8_epo,41.0,0.5000000001459592,fechner
2271,8_epo,42.0,0.5000000001424756,fechner
2272,8_epo,43.0,0.5000000001391547,fechner
2273,8_epo,44.0,0.5000000001359851,fechner
2274,8_epo,45.0,0.500000000132957,fechner
2275,8_epo,46.0,0.5000000001300609,fechner
2276,8_epo,47.0,0.5000000001272883,fechner
2277,8_epo,48.0,0.5000000001246316,fechner
2278,8_epo,49.0,0.5000000001220836,fechner
2279,8_epo,50.0,0.5000000001196379,fechner
2280,8_epo,51.0,0.5000000001172882,fechner
2281,8_epo,52.0,0.5000000001150291,fechner
2282,8_epo,53.0,0.5000000001128555,fechner
2283,8_epo,54.0,0.5000000001107626,fechner
2284,8_epo,55.00000000000001,0.5000000001087459,fechner
2285,8_epo,56.00000000000001,0.5000000001068015,fechner
2286,8_epo,56.99999999999999,0.5000000001049253,fechner
2287,8_epo,57.99999999999999,0.500000000103114,fechner
2288,8_epo,59.0,0.5000000001013641,fechner
2289,8_epo,60.0,0.5000000000996727,fechner
2290,8_epo,61.0,0.5000000000980369,fechner
2291,8_epo,62.0,0.500000000096454,fechner
2292,8_epo,63.0,0.5000000000949213,fechner
2293,8_epo,64.0,0.5000000000934367,fechner
2294,8_epo,65.0,0.5000000000919977,fechner
2295,8_epo,66.0,0.5000000000906025,fechner
2296,8_epo,67.0,0.5000000000892489,fechner
2297,8_epo,68.0,0.5000000000879353,fechner
2298,8_epo,69.0,0.5000000000866597,fechner
2299,8_epo,70.0,0.5000000000854207,fechner
2300,8_epo,71.0,0.5000000000842165,fechner
2301,8_epo,72.0,0.5000000000830459,fechner
2302,8_epo,73.0,0.5000000000819074,fechner
2303,8_epo,74.0,0.5000000000807997,fechner
2304,8_epo,75.0,0.5000000000797216,fechner
2305,8_epo,76.0,0.5000000000786718,fechner
2306,8_epo,77.0,0.5000000000776494,fechner
2307,8_epo,78.0,0.5000000000766532,fechner
2308,8_epo,79.0,0.5000000000756822,fechner
2309,8_epo,80.0,0.5000000000747357,fechner
2310,8_epo,81.0,0.5000000000738124,fechner
2311,8_epo,82.0,0.5000000000729117,fechner
2312,8_epo,83.0,0.5000000000720327,fechner
2313,8_epo,84.0,0.5000000000711746,fechner
2314,8_epo,85.0,0.5000000000703368,fechner
2315,8_epo,86.0,0.5000000000695185,fechner
2316,8_epo,87.0,0.5000000000687189,fechner
2317,8_epo,88.0,0.5000000000679377,fechner
2318,8_epo,89.0,0.5000000000671739,fechner
2319,8_epo,90.0,0.5000000000664271,fechner
2320,8_epo,91.0,0.5000000000656968,fechner
2321,8_epo,92.0,0.5000000000649824,fechner
2322,8_epo,93.0,0.5000000000642832,fechner
2323,8_epo,94.0,0.5000000000635991,fechner
2324,8_epo,95.0,0.5000000000629293,fechner
2325,9_epo,3.0,0.9999942999733626,fechner
2326,9_epo,4.0,0.9993792769938611,fechner
2327,9_epo,5.0,0.9960585614044787,fechner
2328,9_epo,6.0,0.9886618052882177,fechner
2329,9_epo,7.000000000000001,0.9773067455585054,fechner
2330,9_epo,8.0,0.9628955374183535,fechner
2331,9_epo,9.0,0.9464996046607961,fechner
2332,9_epo,10.0,0.929061032257474,fechner
2333,9_epo,11.0,0.9113009617445744,fechner
2334,9_epo,12.0,0.893725367587875,fechner
2335,9_epo,13.0,0.8766649299711281,fechner
2336,9_epo,14.000000000000002,0.8603196965335295,fechner
2337,9_epo,15.0,0.8447975496800159,fechner
2338,9_epo,16.0,0.8301438959478699,fechner
2339,9_epo,17.0,0.8163632714546962,fechner
2340,9_epo,18.0,0.8034345049213325,fechner
2341,9_epo,19.0,0.7913210939081302,fechner
2342,9_epo,20.0,0.7799781622124381,fechner
2343,9_epo,21.0,0.7693570344595136,fechner
2344,9_epo,22.0,0.7594081771711582,fechner
2345,9_epo,23.0,0.7500830338526391,fechner
2346,9_epo,24.0,0.7413351194044332,fechner
2347,9_epo,25.0,0.733120624094725,fechner
2348,9_epo,26.0,0.7253986971945482,fechner
2349,9_epo,27.0,0.7181315251935011,fechner
2350,9_epo,28.000000000000004,0.7112842817758869,fechner
2351,9_epo,28.999999999999996,0.7048250010462378,fechner
2352,9_epo,30.0,0.6987244080603369,fechner
2353,9_epo,31.0,0.6929557289216537,fechner
2354,9_epo,32.0,0.6874944947451905,fechner
2355,9_epo,33.0,0.6823183484430563,fechner
2356,9_epo,34.0,0.6774068597119881,fechner
2357,9_epo,35.0,0.6727413512329758,fechner
2358,9_epo,36.0,0.668304737539427,fechner
2359,9_epo,37.0,0.6640813770088889,fechner
2360,9_epo,38.0,0.6600569368043172,fechner
2361,9_epo,39.0,0.6562182702116419,fechner
2362,9_epo,40.0,0.6525533056073666,fechner
2363,9_epo,41.0,0.6490509461862837,fechner
2364,9_epo,42.0,0.6457009795464395,fechner
2365,9_epo,43.0,0.6424939962400764,fechner
2366,9_epo,44.0,0.6394213164378262,fechner
2367,9_epo,45.0,0.6364749239070978,fechner
2368,9_epo,46.0,0.6336474065667115,fechner
2369,9_epo,47.0,0.630931902943258,fechner
2370,9_epo,48.0,0.6283220539172932,fechner
2371,9_epo,49.0,0.625811959207341,fechner
2372,9_epo,50.0,0.6233961380957121,fechner
2373,9_epo,51.0,0.6210694939518137,fechner
2374,9_epo,52.0,0.6188272821557509,fechner
2375,9_epo,53.0,0.6166650810676896,fechner
2376,9_epo,54.0,0.6145787657268242,fechner
2377,9_epo,55.00000000000001,0.6125644839982004,fechner
2378,9_epo,56.00000000000001,0.6106186349163463,fechner
2379,9_epo,56.99999999999999,0.6087378490020413,fechner
2380,9_epo,57.99999999999999,0.6069189703528886,fechner
2381,9_epo,59.0,0.6051590403299867,fechner
2382,9_epo,60.0,0.6034552826821934,fechner
2383,9_epo,61.0,0.6018050899665097,fechner
2384,9_epo,62.0,0.600206011138233,fechner
2385,9_epo,63.0,0.5986557401979334,fechner
2386,9_epo,64.0,0.5971521057942177,fechner
2387,9_epo,65.0,0.5956930616918102,fechner
2388,9_epo,66.0,0.594276678023867,fechner
2389,9_epo,67.0,0.5929011332557905,fechner
2390,9_epo,68.0,0.5915647067952284,fechner
2391,9_epo,69.0,0.5902657721895486,fechner
2392,9_epo,70.0,0.5890027908579712,fechner
2393,9_epo,71.0,0.5877743063107833,fechner
2394,9_epo,72.0,0.5865789388127431,fechner
2395,9_epo,73.0,0.5854153804519717,fechner
2396,9_epo,74.0,0.5842823905793577,fechner
2397,9_epo,75.0,0.5831787915868595,fechner
2398,9_epo,76.0,0.5821034649960767,fechner
2399,9_epo,77.0,0.5810553478311588,fechner
2400,9_epo,78.0,0.5800334292525229,fechner
2401,9_epo,79.0,0.5790367474300284,fechner
2402,9_epo,80.0,0.5780643866361967,fechner
2403,9_epo,81.0,0.5771154745418224,fechner
2404,9_epo,82.0,0.5761891796979044,fechner
2405,9_epo,83.0,0.5752847091892439,fechner
2406,9_epo,84.0,0.5744013064463503,fechner
2407,9_epo,85.0,0.5735382492034534,fechner
2408,9_epo,86.0,0.5726948475914732,fechner
2409,9_epo,87.0,0.571870442355749,fechner
2410,9_epo,88.0,0.5710644031891976,fechner
2411,9_epo,89.0,0.5702761271723406,fechner
2412,9_epo,90.0,0.5695050373123655,fechner
2413,9_epo,91.0,0.5687505811740167,fechner
2414,9_epo,92.0,0.5680122295957083,fechner
2415,9_epo,93.0,0.5672894754847819,fechner
2416,9_epo,94.0,0.5665818326863131,fechner
2417,9_epo,95.0,0.5658888349203257,fechner
