,participant,contrast,mrt,name
0,0_epo,3.0,307.3099219926353,fechner
1,0_epo,4.0,312.7274933464947,fechner
2,0_epo,5.0,317.3951896563406,fechner
3,0_epo,6.0,321.82763223504,fechner
4,0_epo,7.000000000000001,326.14687015596814,fechner
5,0_epo,8.0,330.39806497700533,fechner
6,0_epo,9.0,334.59819158940405,fechner
7,0_epo,10.0,338.75002240101446,fechner
8,0_epo,11.0,342.84810132273304,fechner
9,0_epo,12.0,346.8822591864388,fechner
10,0_epo,13.0,350.8400544393254,fechner
11,0_epo,14.000000000000002,354.70852418813655,fechner
12,0_epo,15.0,358.47539519435156,fechner
13,0_epo,16.0,362.12985766436134,fechner
14,0_epo,17.0,365.66299588314007,fechner
15,0_epo,18.0,369.06796248107116,fechner
16,0_epo,19.0,372.33997189128655,fechner
17,0_epo,20.0,375.47617493059096,fechner
18,0_epo,21.0,378.4754626366347,fechner
19,0_epo,22.0,381.3382349829049,fechner
20,0_epo,23.0,384.0661595612908,fechner
21,0_epo,24.0,386.66193692948923,fechner
22,0_epo,25.0,389.12908292686143,fechner
23,0_epo,26.0,391.47173358658085,fechner
24,0_epo,27.0,393.69447499102654,fechner
25,0_epo,28.000000000000004,395.80219822073104,fechner
26,0_epo,28.999999999999996,397.79997816270105,fechner
27,0_epo,30.0,399.69297414713685,fechner
28,0_epo,31.0,401.4863499953179,fechner
29,0_epo,32.0,403.18521095072543,fechner
30,0_epo,33.0,404.7945550306948,fechner
31,0_epo,34.0,406.31923650557786,fechner
32,0_epo,35.0,407.76393943690994,fechner
33,0_epo,36.0,409.13315945204954,fechner
34,0_epo,37.0,410.4311921787456,fechner
35,0_epo,38.0,411.66212699607496,fechner
36,0_epo,39.0,412.82984497102956,fechner
37,0_epo,40.0,413.93802003948264,fechner
38,0_epo,41.0,414.99012265563215,fechner
39,0_epo,42.0,415.9894252761719,fechner
40,0_epo,43.0,416.9390091661338,fechner
41,0_epo,44.0,417.8417721147502,fechner
42,0_epo,45.0,418.7004367341424,fechner
43,0_epo,46.0,419.51755908342767,fechner
44,0_epo,47.0,420.2955374180932,fechner
45,0_epo,48.0,421.0366209111456,fechner
46,0_epo,49.0,421.74291823033104,fechner
47,0_epo,50.0,422.4164058861148,fechner
48,0_epo,51.0,423.0589362893998,fechner
49,0_epo,52.0,423.6722454772337,fechner
50,0_epo,53.0,424.2579604799187,fechner
51,0_epo,54.0,424.81760631476806,fechner
52,0_epo,55.00000000000001,425.3526126008702,fechner
53,0_epo,56.00000000000001,425.86431979617043,fechner
54,0_epo,56.99999999999999,426.35398506337316,fechner
55,0_epo,57.99999999999999,426.822787774971,fechner
56,0_epo,59.0,427.2718346704041,fechner
57,0_epo,60.0,427.70216468017986,fechner
58,0_epo,61.0,428.11475343292807,fechner
59,0_epo,62.0,428.5105174619837,fechner
60,0_epo,63.0,428.8903181283014,fechner
61,0_epo,64.0,429.25496527641434,fechner
62,0_epo,65.0,429.605220639824,fechner
63,0_epo,66.0,429.94180101172685,fechner
64,0_epo,67.0,430.2653811963743,fechner
65,0_epo,68.0,430.5765967556875,fechner
66,0_epo,69.0,430.8760465650183,fechner
67,0_epo,70.0,431.16429519119487,fechner
68,0_epo,71.0,431.441875105235,fechner
69,0_epo,72.0,431.70928874135564,fechner
70,0_epo,73.0,431.967010413173,fechner
71,0_epo,74.0,432.21548809727807,fechner
72,0_epo,75.0,432.45514509368536,fechner
73,0_epo,76.0,432.68638157200724,fechner
74,0_epo,77.0,432.9095760115831,fechner
75,0_epo,78.0,433.12508654321533,fechner
76,0_epo,79.0,433.3332521996119,fechner
77,0_epo,80.0,433.5343940811232,fechner
78,0_epo,81.0,433.7288164428816,fechner
79,0_epo,82.0,433.9168077090006,fechner
80,0_epo,83.0,434.0986414190772,fechner
81,0_epo,84.0,434.2745771118498,fechner
82,0_epo,85.0,434.44486115050535,fechner
83,0_epo,86.0,434.609727493794,fechner
84,0_epo,87.0,434.7693984168023,fechner
85,0_epo,88.0,434.92408518494517,fechner
86,0_epo,89.0,435.073988684477,fechner
87,0_epo,90.0,435.21930001257124,fechner
88,0_epo,91.0,435.3602010297962,fechner
89,0_epo,92.0,435.49686487760107,fechner
90,0_epo,93.0,435.6294564632358,fechner
91,0_epo,94.0,435.7581329143478,fechner
92,0_epo,95.0,435.8830440053337,fechner
93,10_epo,3.0,415.1254854690118,fechner
94,10_epo,4.0,432.9366717993612,fechner
95,10_epo,5.0,448.282496893166,fechner
96,10_epo,6.0,462.8545640154407,fechner
97,10_epo,7.000000000000001,477.05268371295216,fechner
98,10_epo,8.0,491.02185121918603,fechner
99,10_epo,9.0,504.81238165813625,fechner
100,10_epo,10.0,518.4267958430685,fechner
101,10_epo,11.0,531.8406401289569,fechner
102,10_epo,12.0,545.0150045576165,fechner
103,10_epo,13.0,557.90511105455,fechner
104,10_epo,14.000000000000002,570.4662618805686,fechner
105,10_epo,15.0,582.6577420050234,fechner
106,10_epo,16.0,594.4451222172307,fechner
107,10_epo,17.0,605.8013598668597,fechner
108,10_epo,18.0,616.7070435366851,fechner
109,10_epo,19.0,627.1500674969764,fechner
110,10_epo,20.0,637.1249591582535,fechner
111,10_epo,21.0,646.632025072399,fechner
112,10_epo,22.0,655.6764321319004,fechner
113,10_epo,23.0,664.2673015894088,fechner
114,10_epo,24.0,672.4168638586021,fechner
115,10_epo,25.0,680.1397004790647,fechner
116,10_epo,26.0,687.4520845995327,fechner
117,10_epo,27.0,694.3714213668854,fechner
118,10_epo,28.000000000000004,700.9157833996003,fechner
119,10_epo,28.999999999999996,707.1035330053484,fechner
120,10_epo,30.0,712.9530211370324,fechner
121,10_epo,31.0,718.4823526402854,fechner
122,10_epo,32.0,723.7092076696471,fechner
123,10_epo,33.0,728.6507099167148,fechner
124,10_epo,34.0,733.3233332805443,fechner
125,10_epo,35.0,737.742839673325,fechner
126,10_epo,36.0,741.9242417018698,fechner
127,10_epo,37.0,745.8817849447001,fechner
128,10_epo,38.0,749.6289454279741,fechner
129,10_epo,39.0,753.1784386804827,fechner
130,10_epo,40.0,756.5422374181916,fechner
131,10_epo,41.0,759.7315954782639,fechner
132,10_epo,42.0,762.7570761003961,fechner
133,10_epo,43.0,765.6285830501952,fechner
134,10_epo,44.0,768.355393405991,fechner
135,10_epo,45.0,770.9461910972464,fechner
136,10_epo,46.0,773.4091004988954,fechner
137,10_epo,47.0,775.7517195599637,fechner
138,10_epo,48.0,777.9811520838587,fechner
139,10_epo,49.0,780.1040388880796,fechner
140,10_epo,50.0,782.1265876579629,fechner
141,10_epo,51.0,784.0546013769267,fechner
142,10_epo,52.0,785.8935052681278,fechner
143,10_epo,53.0,787.6483722225297,fechner
144,10_epo,54.0,789.3239467186046,fechner
145,10_epo,55.00000000000001,790.9246672612329,fechner
146,10_epo,56.00000000000001,792.4546873835187,fechner
147,10_epo,56.99999999999999,793.917895266506,fechner
148,10_epo,57.99999999999999,795.3179320392383,fechner
149,10_epo,59.0,796.6582088261202,fechner
150,10_epo,60.0,797.9419226108075,fechner
151,10_epo,61.0,799.1720709863981,fechner
152,10_epo,62.0,800.3514658609832,fechner
153,10_epo,63.0,801.4827461859734,fechner
154,10_epo,64.0,802.5683897722978,fechner
155,10_epo,65.0,803.6107242568347,fechner
156,10_epo,66.0,804.6119372783793,fechner
157,10_epo,67.0,805.5740859192553,fechner
158,10_epo,68.0,806.4991054654114,fechner
159,10_epo,69.0,807.3888175345804,fechner
160,10_epo,70.0,808.2449376188696,fechner
161,10_epo,71.0,809.0690820850461,fechner
162,10_epo,72.0,809.8627746727938,fechner
163,10_epo,73.0,810.6274525283632,fechner
164,10_epo,74.0,811.3644718083466,fechner
165,10_epo,75.0,812.0751128857524,fechner
166,10_epo,76.0,812.7605851881802,fechner
167,10_epo,77.0,813.4220316956461,fechner
168,10_epo,78.0,814.0605331235365,fechner
169,10_epo,79.0,814.6771118142209,fechner
170,10_epo,80.0,815.2727353590543,fechner
171,10_epo,81.0,815.8483199708332,fechner
172,10_epo,82.0,816.4047336252161,fechner
173,10_epo,83.0,816.9427989881965,fechner
174,10_epo,84.0,817.4632961453954,fechner
175,10_epo,85.0,817.9669651477133,fechner
176,10_epo,86.0,818.4545083867711,fechner
177,10_epo,87.0,818.9265928125229,fechner
178,10_epo,88.0,819.3838520044725,fechner
179,10_epo,89.0,819.8268881070456,fechner
180,10_epo,90.0,820.2562736388638,fechner
181,10_epo,91.0,820.6725531849124,fechner
182,10_epo,92.0,821.0762449799174,fechner
183,10_epo,93.0,821.4678423906076,fechner
184,10_epo,94.0,821.8478153039622,fechner
185,10_epo,95.0,822.2166114280017,fechner
186,11_epo,3.0,357.6102450525223,fechner
187,11_epo,4.0,395.645165332519,fechner
188,11_epo,5.0,428.4105370732523,fechner
189,11_epo,6.0,459.4842449911242,fechner
190,11_epo,7.000000000000001,489.62631065791965,fechner
191,11_epo,8.0,519.0002543397468,fechner
192,11_epo,9.0,547.551788655481,fechner
193,11_epo,10.0,575.1462750210906,fechner
194,11_epo,11.0,601.635821367123,fechner
195,11_epo,12.0,626.8930524249295,fechner
196,11_epo,13.0,650.8256790128029,fechner
197,11_epo,14.000000000000002,673.3798307236383,fechner
198,11_epo,15.0,694.5372599204441,fechner
199,11_epo,16.0,714.3096830069019,fechner
200,11_epo,17.0,732.7322426882737,fechner
201,11_epo,18.0,749.8572015675031,fechner
202,11_epo,19.0,765.7484109771224,fechner
203,11_epo,20.0,780.4767531601817,fechner
204,11_epo,21.0,794.1165594000446,fechner
205,11_epo,22.0,806.7429080488544,fechner
206,11_epo,23.0,818.4296666577557,fechner
207,11_epo,24.0,829.2481360810305,fechner
208,11_epo,25.0,839.266165272911,fechner
209,11_epo,26.0,848.5476237143431,fechner
210,11_epo,27.0,857.1521384355748,fechner
211,11_epo,28.000000000000004,865.1350215459139,fechner
212,11_epo,28.999999999999996,872.5473307497643,fechner
213,11_epo,30.0,879.4360191285818,fechner
214,11_epo,31.0,885.844141586595,fechner
215,11_epo,32.0,891.8110940974628,fechner
216,11_epo,33.0,897.3728686270117,fechner
217,11_epo,34.0,902.5623117191417,fechner
218,11_epo,35.0,907.4093785554406,fechner
219,11_epo,36.0,911.9413771203153,fechner
220,11_epo,37.0,916.1831991568395,fechner
221,11_epo,38.0,920.1575360707465,fechner
222,11_epo,39.0,923.88507897714,fechner
223,11_epo,40.0,927.3847027992115,fechner
224,11_epo,41.0,930.6736348063919,fechner
225,11_epo,42.0,933.7676082857748,fechner
226,11_epo,43.0,936.6810022238354,fechner
227,11_epo,44.0,939.4269679714824,fechner
228,11_epo,45.0,942.0175439009586,fechner
229,11_epo,46.0,944.4637590573993,fechner
230,11_epo,47.0,946.7757267751934,fechner
231,11_epo,48.0,948.9627291797074,fechner
232,11_epo,49.0,951.0332934357056,fechner
233,11_epo,50.0,952.9952605399194,fechner
234,11_epo,51.0,954.8558473901928,fechner
235,11_epo,52.0,956.6217027997241,fechner
236,11_epo,53.0,958.2989580636868,fechner
237,11_epo,54.0,959.8932726277868,fechner
238,11_epo,55.00000000000001,961.409875354635,fechner
239,11_epo,56.00000000000001,962.853601834349,fechner
240,11_epo,56.99999999999999,964.228928140578,fechner
241,11_epo,57.99999999999999,965.5400013920122,fechner
242,11_epo,59.0,966.7906674422342,fechner
243,11_epo,60.0,967.9844959871884,fechner
244,11_epo,61.0,969.1248033493764,fechner
245,11_epo,62.0,970.2146731707742,fechner
246,11_epo,63.0,971.256975222216,fechner
247,11_epo,64.0,972.2543825152611,fechner
248,11_epo,65.0,973.2093868831519,fechner
249,11_epo,66.0,974.1243131801389,fechner
250,11_epo,67.0,975.0013322329526,fechner
251,11_epo,68.0,975.8424726643888,fechner
252,11_epo,69.0,976.6496316966424,fechner
253,11_epo,70.0,977.4245850310011,fechner
254,11_epo,71.0,978.1689958906879,fechner
255,11_epo,72.0,978.8844233048636,fechner
256,11_epo,73.0,979.5723297039497,fechner
257,11_epo,74.0,980.2340878894339,fechner
258,11_epo,75.0,980.8709874350441,fechner
259,11_epo,76.0,981.4842405705793,fechner
260,11_epo,77.0,982.0749875946615,fechner
261,11_epo,78.0,982.644301858181,fechner
262,11_epo,79.0,983.1931943561826,fechner
263,11_epo,80.0,983.7226179623167,fechner
264,11_epo,81.0,984.2334713367562,fechner
265,11_epo,82.0,984.726602535545,fechner
266,11_epo,83.0,985.2028123467479,fechner
267,11_epo,84.0,985.6628573764056,fechner
268,11_epo,85.0,986.1074529051833,fechner
269,11_epo,86.0,986.537275534693,fechner
270,11_epo,87.0,986.9529656407515,fechner
271,11_epo,88.0,987.3551296492795,fechner
272,11_epo,89.0,987.7443421491471,fechner
273,11_epo,90.0,988.121147855012,fechner
274,11_epo,91.0,988.4860634320382,fechner
275,11_epo,92.0,988.8395791933604,fechner
276,11_epo,93.0,989.1821606802107,fechner
277,11_epo,94.0,989.5142501337839,fechner
278,11_epo,95.0,989.8362678671341,fechner
279,12_epo,3.0,409.9820201784556,fechner
280,12_epo,4.0,437.7474334717658,fechner
281,12_epo,5.0,461.66971867377646,fechner
282,12_epo,6.0,484.38693832356984,fechner
283,12_epo,7.000000000000001,506.5279597138612,fechner
284,12_epo,8.0,528.3334909777604,fechner
285,12_epo,9.0,549.9068890504756,fechner
286,12_epo,10.0,571.2840816024811,fechner
287,12_epo,11.0,592.4607506408422,fechner
288,12_epo,12.0,613.4068773240778,fechner
289,12_epo,13.0,634.0766901462929,fechner
290,12_epo,14.000000000000002,654.4162343499956,fechner
291,12_epo,15.0,674.3691800573268,fechner
292,12_epo,16.0,693.8811102132053,fechner
293,12_epo,17.0,712.9024855667014,fechner
294,12_epo,18.0,731.3905022496234,fechner
295,12_epo,19.0,749.3100663374416,fechner
296,12_epo,20.0,766.6340988961267,fechner
297,12_epo,21.0,783.3433601805832,fechner
298,12_epo,22.0,799.4259503343652,fechner
299,12_epo,23.0,814.8766117164325,fechner
300,12_epo,24.0,829.6959281907501,fechner
301,12_epo,25.0,843.8894909933967,fechner
302,12_epo,26.0,857.4670796566845,fechner
303,12_epo,27.0,870.441889781605,fechner
304,12_epo,28.000000000000004,882.8298267303397,fechner
305,12_epo,28.999999999999996,894.6488749436329,fechner
306,12_epo,30.0,905.9185459394838,fechner
307,12_epo,31.0,916.6594035331385,fechner
308,12_epo,32.0,926.8926619243459,fechner
309,12_epo,33.0,936.639850603682,fechner
310,12_epo,34.0,945.922539196476,fechner
311,12_epo,35.0,954.7621151266789,fechner
312,12_epo,36.0,963.1796071434401,fechner
313,12_epo,37.0,971.1955481619026,fechner
314,12_epo,38.0,978.829871419629,fechner
315,12_epo,39.0,986.1018345659022,fechner
316,12_epo,40.0,993.0299669318002,fechner
317,12_epo,41.0,999.6320358411886,fechner
318,12_epo,42.0,1005.9250283963412,fechner
319,12_epo,43.0,1011.9251456956522,fechner
320,12_epo,44.0,1017.6478069100096,fechner
321,12_epo,45.0,1023.1076610583423,fechner
322,12_epo,46.0,1028.3186046835829,fechner
323,12_epo,47.0,1033.2938039416124,fechner
324,12_epo,48.0,1038.0457198820202,fechner
325,12_epo,49.0,1042.5861359256824,fechner
326,12_epo,50.0,1046.9261867348946,fechner
327,12_epo,51.0,1051.0763878317723,fechner
328,12_epo,52.0,1055.0466654540105,fechner
329,12_epo,53.0,1058.8463862477254,fechner
330,12_epo,54.0,1062.4843864883812,fechner
331,12_epo,55.00000000000001,1065.969000595729,fechner
332,12_epo,56.00000000000001,1069.3080887698154,fechner
333,12_epo,56.99999999999999,1072.5090636247553,fechner
334,12_epo,57.99999999999999,1075.5789157369518,fechner
335,12_epo,59.0,1078.5242380564637,fechner
336,12_epo,60.0,1081.351249155631,fechner
337,12_epo,61.0,1084.0658153090374,fechner
338,12_epo,62.0,1086.6734714143747,fechner
339,12_epo,63.0,1089.1794407756224,fechner
340,12_epo,64.0,1091.5886537788285,fechner
341,12_epo,65.0,1093.9057654972237,fechner
342,12_epo,66.0,1096.1351722669517,fechner
343,12_epo,67.0,1098.2810272776314,fechner
344,12_epo,68.0,1100.3472552237379,fechner
345,12_epo,69.0,1102.3375660635274,fechner
346,12_epo,70.0,1104.2554679322532,fechner
347,12_epo,71.0,1106.1042792558276,fechner
348,12_epo,72.0,1107.8871401100826,fechner
349,12_epo,73.0,1109.6070228694207,fechner
350,12_epo,74.0,1111.2667421870806,fechner
351,12_epo,75.0,1112.8689643474968,fechner
352,12_epo,76.0,1114.4162160293952,fechner
353,12_epo,77.0,1115.9108925163803,fechner
354,12_epo,78.0,1117.3552653898485,fechner
355,12_epo,79.0,1118.7514897371746,fechner
356,12_epo,80.0,1120.1016109062482,fechner
357,12_epo,81.0,1121.4075708356206,fechner
358,12_epo,82.0,1122.67121398776,fechner
359,12_epo,83.0,1123.8942929112432,fechner
360,12_epo,84.0,1125.0784734560755,fechner
361,12_epo,85.0,1126.2253396648116,fechner
362,12_epo,86.0,1127.336398360685,fechner
363,12_epo,87.0,1128.4130834525806,fechner
364,12_epo,88.0,1129.4567599753766,fechner
365,12_epo,89.0,1130.4687278829672,fechner
366,12_epo,90.0,1131.4502256101212,fechner
367,12_epo,91.0,1132.402433418254,fechner
368,12_epo,92.0,1133.326476539184,fechner
369,12_epo,93.0,1134.2234281299861,fechner
370,12_epo,94.0,1135.094312051191,fechner
371,12_epo,95.0,1135.9401054797327,fechner
372,13_epo,3.0,311.2617323694858,fechner
373,13_epo,4.0,316.7387178922323,fechner
374,13_epo,5.0,321.45760573146106,fechner
375,13_epo,6.0,325.93868109033065,fechner
376,13_epo,7.000000000000001,330.3054344570159,fechner
377,13_epo,8.0,334.6037839214647,fechner
378,13_epo,9.0,338.8513212175794,fechner
379,13_epo,10.0,343.0513863318865,fechner
380,13_epo,11.0,347.19901408780913,fechner
381,13_epo,12.0,351.28440623352293,fechner
382,13_epo,13.0,355.2953462114453,fechner
383,13_epo,14.000000000000002,359.2189468266807,fechner
384,13_epo,15.0,363.0428752777489,fechner
385,13_epo,16.0,366.7561511666088,fechner
386,13_epo,17.0,370.3496053608661,fechner
387,13_epo,18.0,373.81608217094686,fechner
388,13_epo,19.0,377.15045779680133,fechner
389,13_epo,20.0,380.3495356994416,fechner
390,13_epo,21.0,383.4118666626668,fechner
391,13_epo,22.0,386.33752936614246,fechner
392,13_epo,23.0,389.1278970702944,fechner
393,13_epo,24.0,391.7854077554376,fechner
394,13_epo,25.0,394.3133486847991,fechner
395,13_epo,26.0,396.7156616395009,fechner
396,13_epo,27.0,398.99677171285134,fechner
397,13_epo,28.000000000000004,401.16144026243785,fechner
398,13_epo,28.999999999999996,403.21464114267053,fechner
399,13_epo,30.0,405.1614584605423,fechner
400,13_epo,31.0,407.0070036396942,fechner
401,13_epo,32.0,408.756349408339,fechner
402,13_epo,33.0,410.4144783450046,fechner
403,13_epo,34.0,411.98624374962776,fechner
404,13_epo,35.0,413.4763408049977,fechner
405,13_epo,36.0,414.8892862198842,fechner
406,13_epo,37.0,416.2294047774112,fechner
407,13_epo,38.0,417.5008214360053,fechner
408,13_epo,39.0,418.70745783728444,fechner
409,13_epo,40.0,419.8530322614203,fechner
410,13_epo,41.0,420.9410622343912,fechner
411,13_epo,42.0,421.9748691334674,fechner
412,13_epo,43.0,422.9575842585567,fechner
413,13_epo,44.0,423.892155939572,fechner
414,13_epo,45.0,424.7813573358605,fechner
415,13_epo,46.0,425.6277946550866,fechner
416,13_epo,47.0,426.43391557781075,fechner
417,13_epo,48.0,427.20201772222674,fechner
418,13_epo,49.0,427.93425702277574,fechner
419,13_epo,50.0,428.6326559281082,fechner
420,13_epo,51.0,429.29911134939425,fechner
421,13_epo,52.0,429.93540231035905,fechner
422,13_epo,53.0,430.5431972665685,fechner
423,13_epo,54.0,431.1240610741861,fechner
424,13_epo,55.00000000000001,431.67946159829694,fechner
425,13_epo,56.00000000000001,432.21077595849744,fechner
426,13_epo,56.99999999999999,432.719296415214,fechner
427,13_epo,57.99999999999999,433.20623590450225,fechner
428,13_epo,59.0,433.67273323219615,fechner
429,13_epo,60.0,434.11985794046024,fechner
430,13_epo,61.0,434.5486148612469,fechner
431,13_epo,62.0,434.9599483720341,fechner
432,13_epo,63.0,435.354746369655,fechner
433,13_epo,64.0,435.73384397811594,fechner
434,13_epo,65.0,436.0980270061347,fechner
435,13_epo,66.0,436.44803516977726,fechner
436,13_epo,67.0,436.78456509507186,fechner
437,13_epo,68.0,437.1082731148944,fechner
438,13_epo,69.0,437.41977787376527,fechner
439,13_epo,70.0,437.7196627535072,fechner
440,13_epo,71.0,438.00847813200977,fechner
441,13_epo,72.0,438.286743486635,fechner
442,13_epo,73.0,438.55494935309696,fechner
443,13_epo,74.0,438.81355914996954,fechner
444,13_epo,75.0,439.0630108783112,fechner
445,13_epo,76.0,439.30371870526596,fechner
446,13_epo,77.0,439.5360744398968,fechner
447,13_epo,78.0,439.7604489089346,fechner
448,13_epo,79.0,439.97719323958694,fechner
449,13_epo,80.0,440.18664005604444,fechner
450,13_epo,81.0,440.38910459584685,fechner
451,13_epo,82.0,440.58488575182184,fechner
452,13_epo,83.0,440.774267044902,fechner
453,13_epo,84.0,440.95751753273,fechner
454,13_epo,85.0,441.1348926586075,fechner
455,13_epo,86.0,441.30663504500603,fechner
456,13_epo,87.0,441.47297523555005,fechner
457,13_epo,88.0,441.63413238909004,fechner
458,13_epo,89.0,441.79031492922235,fechner
459,13_epo,90.0,441.9417211523604,fechner
460,13_epo,91.0,442.08853979723716,fechner
461,13_epo,92.0,442.23095057850367,fechner
462,13_epo,93.0,442.36912468689536,fechner
463,13_epo,94.0,442.50322525825703,fechner
464,13_epo,95.0,442.6334078135471,fechner
465,14_epo,3.0,377.46725323415785,fechner
466,14_epo,4.0,383.6549005884041,fechner
467,14_epo,5.0,388.9860902801243,fechner
468,14_epo,6.0,394.0487447190687,fechner
469,14_epo,7.000000000000001,398.98313627033224,fechner
470,14_epo,8.0,403.84331548618115,fechner
471,14_epo,9.0,408.65313322407354,fechner
472,14_epo,10.0,413.42180137593624,fechner
473,14_epo,11.0,418.14979921546654,fechner
474,14_epo,12.0,422.83191521317553,fechner
475,14_epo,13.0,427.45928542371877,fechner
476,14_epo,14.000000000000002,432.0209557533754,fechner
477,14_epo,15.0,436.50511078284393,fechner
478,14_epo,16.0,440.90001348612805,fechner
479,14_epo,17.0,445.1946857275883,fechner
480,14_epo,18.0,449.37936398571065,fechner
481,14_epo,19.0,453.4457692735682,fechner
482,14_epo,20.0,457.38723079133973,fechner
483,14_epo,21.0,461.19870001149934,fechner
484,14_epo,22.0,464.8766870825237,fechner
485,14_epo,23.0,468.41914586094583,fechner
486,14_epo,24.0,471.8253283579348,fechner
487,14_epo,25.0,475.0956243764164,fechner
488,14_epo,26.0,478.2313978294639,fechner
489,14_epo,27.0,481.23482772314276,fechner
490,14_epo,28.000000000000004,484.10875901862903,fechner
491,14_epo,28.999999999999996,486.85656647431506,fechner
492,14_epo,30.0,489.482033006078,fechner
493,14_epo,31.0,491.9892429893345,fechner
494,14_epo,32.0,494.38249016469547,fechner
495,14_epo,33.0,496.6661993173268,fechner
496,14_epo,34.0,498.8448606096719,fechner
497,14_epo,35.0,500.92297530252296,fechner
498,14_epo,36.0,502.90501155696245,fechner
499,14_epo,37.0,504.795369036086,fechner
500,14_epo,38.0,506.59835109567877,fechner
501,14_epo,39.0,508.3181434489116,fechner
502,14_epo,40.0,509.9587982986424,fechner
503,14_epo,41.0,511.5242230430782,fechner
504,14_epo,42.0,513.0181727704141,fechner
505,14_epo,43.0,514.4442458618657,fechner
506,14_epo,44.0,515.805882118085,fechner
507,14_epo,45.0,517.1063629102852,fechner
508,14_epo,46.0,518.3488129341856,fechner
509,14_epo,47.0,519.5362032123869,fechner
510,14_epo,48.0,520.6713550494853,fechner
511,14_epo,49.0,521.756944694899,fechner
512,14_epo,50.0,522.7955085117259,fechner
513,14_epo,51.0,523.7894484868605,fechner
514,14_epo,52.0,524.7410379487858,fechner
515,14_epo,53.0,525.6524273857059,fechner
516,14_epo,54.0,526.5256502786499,fechner
517,14_epo,55.00000000000001,527.3626288824629,fechner
518,14_epo,56.00000000000001,528.1651799027626,fechner
519,14_epo,56.99999999999999,528.9350200294334,fechner
520,14_epo,57.99999999999999,529.673771297482,fechner
521,14_epo,59.0,530.3829662544383,fechner
522,14_epo,60.0,531.0640529202648,fechner
523,14_epo,61.0,531.7183995311871,fechner
524,14_epo,62.0,532.3472990632201,fechner
525,14_epo,63.0,532.9519735346032,fechner
526,14_epo,64.0,533.5335780890485,fechner
527,14_epo,65.0,534.0932048637833,fechner
528,14_epo,66.0,534.6318866479293,fechner
529,14_epo,67.0,535.150600337913,fechner
530,14_epo,68.0,535.6502701974238,fechner
531,14_epo,69.0,536.1317709299736,fechner
532,14_epo,70.0,536.5959305724563,fechner
533,14_epo,71.0,537.0435332182435,fechner
534,14_epo,72.0,537.475321578398,fechner
535,14_epo,73.0,537.8919993894829,fechner
536,14_epo,74.0,538.2942336762942,fechner
537,14_epo,75.0,538.682656877616,fechner
538,14_epo,76.0,539.0578688428243,fechner
539,14_epo,77.0,539.4204387068752,fechner
540,14_epo,78.0,539.7709066508816,fechner
541,14_epo,79.0,540.1097855551591,fechner
542,14_epo,80.0,540.4375625512795,fechner
543,14_epo,81.0,540.754700479332,fechner
544,14_epo,82.0,541.0616392562597,fechner
545,14_epo,83.0,541.3587971608132,fechner
546,14_epo,84.0,541.6465720403403,fechner
547,14_epo,85.0,541.925342444331,fechner
548,14_epo,86.0,542.1954686893374,fechner
549,14_epo,87.0,542.4572938596094,fechner
550,14_epo,88.0,542.7111447475171,fechner
551,14_epo,89.0,542.9573327375803,fechner
552,14_epo,90.0,543.1961546376775,fechner
553,14_epo,91.0,543.4278934607883,fechner
554,14_epo,92.0,543.6528191603993,fechner
555,14_epo,93.0,543.8711893225094,fechner
556,14_epo,94.0,544.0832498169743,fechner
557,14_epo,95.0,544.2892354107566,fechner
558,15_epo,3.0,758.8608732195007,fechner
559,15_epo,4.0,797.2870382603436,fechner
560,15_epo,5.0,830.393993467557,fechner
561,15_epo,6.0,861.8266930153053,fechner
562,15_epo,7.000000000000001,892.4302237309656,fechner
563,15_epo,8.0,922.4820325362956,fechner
564,15_epo,9.0,952.0422503910131,fechner
565,15_epo,10.0,981.0651114547455,fechner
566,15_epo,11.0,1009.4534093678267,fechner
567,15_epo,12.0,1037.091431688512,fechner
568,15_epo,13.0,1063.8656635775596,fechner
569,15_epo,14.000000000000002,1089.6770438160825,fechner
570,15_epo,15.0,1114.447205358018,fechner
571,15_epo,16.0,1138.1205844131935,fechner
572,15_epo,17.0,1160.6638701803563,fechner
573,15_epo,18.0,1182.0638978855472,fechner
574,15_epo,19.0,1202.32476851529,fechner
575,15_epo,20.0,1221.4647205606402,fechner
576,15_epo,21.0,1239.5130826981213,fechner
577,15_epo,22.0,1256.5074946206018,fechner
578,15_epo,23.0,1272.4914860162594,fechner
579,15_epo,24.0,1287.5124405075437,fechner
580,15_epo,25.0,1301.6199329228928,fechner
581,15_epo,26.0,1314.8644070395032,fechner
582,15_epo,27.0,1327.2961511356746,fechner
583,15_epo,28.000000000000004,1338.964526115261,fechner
584,15_epo,28.999999999999996,1349.917402664523,fechner
585,15_epo,30.0,1360.2007678853124,fechner
586,15_epo,31.0,1369.8584668327912,fechner
587,15_epo,32.0,1378.932049579802,fechner
588,15_epo,33.0,1387.4606993783718,fechner
589,15_epo,34.0,1395.4812219568566,fechner
590,15_epo,35.0,1403.0280798832218,fechner
591,15_epo,36.0,1410.1334592286214,fechner
592,15_epo,37.0,1416.8273585152695,fechner
593,15_epo,38.0,1423.1376921861254,fechner
594,15_epo,39.0,1429.0904026571889,fechner
595,15_epo,40.0,1434.709576472253,fechner
596,15_epo,41.0,1440.0175612361395,fechner
597,15_epo,42.0,1445.0350809103147,fechner
598,15_epo,43.0,1449.7813477613217,fechner
599,15_epo,44.0,1454.274169797334,fechner
600,15_epo,45.0,1458.5300529442854,fechner
601,15_epo,46.0,1462.5642975273286,fechner
602,15_epo,47.0,1466.3910888577827,fechner
603,15_epo,48.0,1470.0235818977503,fechner
604,15_epo,49.0,1473.4739800983086,fechner
605,15_epo,50.0,1476.7536085937033,fechner
606,15_epo,51.0,1479.8729819921402,fechner
607,15_epo,52.0,1482.84186704042,fechner
608,15_epo,53.0,1485.6693404602513,fechner
609,15_epo,54.0,1488.3638422627428,fechner
610,15_epo,55.00000000000001,1490.9332248475907,fechner
611,15_epo,56.00000000000001,1493.384798187328,fechner
612,15_epo,56.99999999999999,1495.725371386587,fechner
613,15_epo,57.99999999999999,1497.9612908930876,fechner
614,15_epo,59.0,1500.0984756220955,fechner
615,15_epo,60.0,1502.1424492402152,fechner
616,15_epo,61.0,1504.0983698381524,fechner
617,15_epo,62.0,1505.9710572059535,fechner
618,15_epo,63.0,1507.765017908536,fechner
619,15_epo,64.0,1509.484468344179,fechner
620,15_epo,65.0,1511.1333559542945,fechner
621,15_epo,66.0,1512.7153787392479,fechner
622,15_epo,67.0,1514.2340032222883,fechner
623,15_epo,68.0,1515.6924809918548,fechner
624,15_epo,69.0,1517.0938639415367,fechner
625,15_epo,70.0,1518.4410183168463,fechner
626,15_epo,71.0,1519.7366376686357,fechner
627,15_epo,72.0,1520.9832548043858,fechner
628,15_epo,73.0,1522.1832528207538,fechner
629,15_epo,74.0,1523.3388752935346,fechner
630,15_epo,75.0,1524.4522356946056,fechner
631,15_epo,76.0,1525.5253260994093,fechner
632,15_epo,77.0,1526.5600252430102,fechner
633,15_epo,78.0,1527.5581059777653,fechner
634,15_epo,79.0,1528.5212421810543,fechner
635,15_epo,80.0,1529.4510151573622,fechner
636,15_epo,81.0,1530.3489195751974,fechner
637,15_epo,82.0,1531.216368975863,fechner
638,15_epo,83.0,1532.0547008879605,fechner
639,15_epo,84.0,1532.8651815786134,fechner
640,15_epo,85.0,1533.64901046979,fechner
641,15_epo,86.0,1534.4073242457168,fechner
642,15_epo,87.0,1535.1412006752007,fechner
643,15_epo,88.0,1535.8516621706885,fechner
644,15_epo,89.0,1536.539679104093,fechner
645,15_epo,90.0,1537.206172897764,fechner
646,15_epo,91.0,1537.852018907467,fechner
647,15_epo,92.0,1538.47804911288,fechner
648,15_epo,93.0,1539.085054629838,fechner
649,15_epo,94.0,1539.6737880574324,fechner
650,15_epo,95.0,1540.2449656720075,fechner
651,16_epo,3.0,370.9683098918368,fechner
652,16_epo,4.0,377.6196031138487,fechner
653,16_epo,5.0,383.350264316864,fechner
654,16_epo,6.0,388.79229236372754,fechner
655,16_epo,7.000000000000001,394.0966517512011,fechner
656,16_epo,8.0,399.3220959070577,fechner
657,16_epo,9.0,404.49569580184163,fechner
658,16_epo,10.0,409.62963522035835,fechner
659,16_epo,11.0,414.72735065418044,fechner
660,16_epo,12.0,419.78643616032014,fechner
661,16_epo,13.0,424.80045514603967,fechner
662,16_epo,14.000000000000002,429.7603153490979,fechner
663,16_epo,15.0,434.6553933201463,fechner
664,16_epo,16.0,439.4744523991471,fechner
665,16_epo,17.0,444.20636568396986,fechner
666,16_epo,18.0,448.8406560922912,fechner
667,16_epo,19.0,453.36787256462094,fechner
668,16_epo,20.0,457.7798266041271,fechner
669,16_epo,21.0,462.0697152266163,fechner
670,16_epo,22.0,466.2321556036702,fechner
671,16_epo,23.0,470.26315421894645,fechner
672,16_epo,24.0,474.1600300750475,fechner
673,16_epo,25.0,477.92130798484226,fechner
674,16_epo,26.0,481.5465946274866,fechner
675,16_epo,27.0,485.0364470469809,fechner
676,16_epo,28.000000000000004,488.39224070681274,fechner
677,16_epo,28.999999999999996,491.6160421030928,fechner
678,16_epo,30.0,494.71048925397673,fechner
679,16_epo,31.0,497.6786820771275,fechner
680,16_epo,32.0,500.5240836832081,fechner
681,16_epo,33.0,503.2504328952586,fechner
682,16_epo,34.0,505.861667798654,fechner
683,16_epo,35.0,508.3618597878472,fechner
684,16_epo,36.0,510.75515736492173,fechner
685,16_epo,37.0,513.0457388287223,fechner
686,16_epo,38.0,515.2377729459549,fechner
687,16_epo,39.0,517.3353866966617,fechner
688,16_epo,40.0,519.342639220091,fechner
689,16_epo,41.0,521.2635011412929,fechner
690,16_epo,42.0,523.1018385249461,fechner
691,16_epo,43.0,524.8614007746276,fechner
692,16_epo,44.0,526.5458118684917,fechner
693,16_epo,45.0,528.1585643931475,fechner
694,16_epo,46.0,529.7030159044441,fechner
695,16_epo,47.0,531.1823872058033,fechner
696,16_epo,48.0,532.5997621910576,fechner
697,16_epo,49.0,533.9580889493446,fechner
698,16_epo,50.0,535.2601818745171,fechner
699,16_epo,51.0,536.5087245610896,fechner
700,16_epo,52.0,537.7062733032748,fechner
701,16_epo,53.0,538.85526104364,fechner
702,16_epo,54.0,539.9580016437724,fechner
703,16_epo,55.00000000000001,541.016694371523,fechner
704,16_epo,56.00000000000001,542.0334285183488,fechner
705,16_epo,56.99999999999999,543.0101880763725,fechner
706,16_epo,57.99999999999999,543.9488564184068,fechner
707,16_epo,59.0,544.8512209356809,fechner
708,16_epo,60.0,545.7189775976354,fechner
709,16_epo,61.0,546.5537354062186,fechner
710,16_epo,62.0,547.3570207237983,fechner
711,16_epo,63.0,548.1302814593645,fechner
712,16_epo,64.0,548.8748911022512,fechner
713,16_epo,65.0,549.5921525963499,fechner
714,16_epo,66.0,550.2833020508207,fechner
715,16_epo,67.0,550.9495122857609,fechner
716,16_epo,68.0,551.5918962132495,fechner
717,16_epo,69.0,552.2115100557328,fechner
718,16_epo,70.0,552.8093564049217,fechner
719,16_epo,71.0,553.3863871252955,fechner
720,16_epo,72.0,553.943506106993,fechner
721,16_epo,73.0,554.4815718733645,fechner
722,16_epo,74.0,555.0014000488038,fechner
723,16_epo,75.0,555.5037656926773,fechner
724,16_epo,76.0,555.9894055052832,fechner
725,16_epo,77.0,556.4590199117907,fechner
726,16_epo,78.0,556.9132750300707,fechner
727,16_epo,79.0,557.3528045282318,fechner
728,16_epo,80.0,557.7782113775438,fechner
729,16_epo,81.0,558.1900695062692,fechner
730,16_epo,82.0,558.5889253597323,fechner
731,16_epo,83.0,558.975299371763,fechner
732,16_epo,84.0,559.3496873524324,fechner
733,16_epo,85.0,559.7125617967907,fechner
734,16_epo,86.0,560.0643731190917,fechner
735,16_epo,87.0,560.4055508167733,fechner
736,16_epo,88.0,560.7365045682509,fechner
737,16_epo,89.0,561.0576252683635,fechner
738,16_epo,90.0,561.369286005113,fechner
739,16_epo,91.0,561.6718429811358,fechner
740,16_epo,92.0,561.9656363831534,fechner
741,16_epo,93.0,562.2509912024695,fechner
742,16_epo,94.0,562.5282180093985,fechner
743,16_epo,95.0,562.7976136843508,fechner
744,17_epo,3.0,603.8579563195733,fechner
745,17_epo,4.0,612.5083164046143,fechner
746,17_epo,5.0,619.961346020341,fechner
747,17_epo,6.0,627.0390092629407,fechner
748,17_epo,7.000000000000001,633.9378169723382,fechner
749,17_epo,8.0,640.7349983547032,fechner
750,17_epo,9.0,647.4680265406506,fechner
751,17_epo,10.0,654.1571769105605,fechner
752,17_epo,11.0,660.8137403926572,fechner
753,17_epo,12.0,667.443455310872,fechner
754,17_epo,13.0,674.0481142418981,fechner
755,17_epo,14.000000000000002,680.6264482219692,fechner
756,17_epo,15.0,687.1747343949529,fechner
757,17_epo,16.0,693.6873038893499,fechner
758,17_epo,17.0,700.1570098525261,fechner
759,17_epo,18.0,706.5756667462406,fechner
760,17_epo,19.0,712.9344547641653,fechner
761,17_epo,20.0,719.2242800991944,fechner
762,17_epo,21.0,725.4360841842235,fechner
763,17_epo,22.0,731.5610988888858,fechner
764,17_epo,23.0,737.5910482283194,fechner
765,17_epo,24.0,743.5182998282787,fechner
766,17_epo,25.0,749.335971121561,fechner
767,17_epo,26.0,755.0379961626146,fechner
768,17_epo,27.0,760.619159237432,fechner
769,17_epo,28.000000000000004,766.0751013032411,fechner
770,17_epo,28.999999999999996,771.4023048734518,fechner
771,17_epo,30.0,776.5980623872614,fechner
772,17_epo,31.0,781.6604324565405,fechner
773,17_epo,32.0,786.5881877242776,fechner
774,17_epo,33.0,791.3807574373783,fechner
775,17_epo,34.0,796.0381672550784,fechner
776,17_epo,35.0,800.5609782947918,fechner
777,17_epo,36.0,804.9502269644624,fechner
778,17_epo,37.0,809.2073667440168,fechner
779,17_epo,38.0,813.3342127547323,fechner
780,17_epo,39.0,817.3328896888463,fechner
781,17_epo,40.0,821.2057834562205,fechner
782,17_epo,41.0,824.9554967337606,fechner
783,17_epo,42.0,828.5848084701875,fechner
784,17_epo,43.0,832.0966372976113,fechner
785,17_epo,44.0,835.4940087267257,fechner
786,17_epo,45.0,838.7800259495021,fechner
787,17_epo,46.0,841.9578440377455,fechner
788,17_epo,47.0,845.0306473042366,fechner
789,17_epo,48.0,848.0016295823249,fechner
790,17_epo,49.0,850.8739771772547,fechner
791,17_epo,50.0,853.6508542461056,fechner
792,17_epo,51.0,856.3353903713016,fechner
793,17_epo,52.0,858.9306701038536,fechner
794,17_epo,53.0,861.4397242657492,fechner
795,17_epo,54.0,863.8655228153656,fechner
796,17_epo,55.00000000000001,866.2109690947902,fechner
797,17_epo,56.00000000000001,868.4788952930353,fechner
798,17_epo,56.99999999999999,870.6720589739225,fechner
799,17_epo,57.99999999999999,872.7931405316838,fechner
800,17_epo,59.0,874.8447414508547,fechner
801,17_epo,60.0,876.8293832597625,fechner
802,17_epo,61.0,878.7495070787259,fechner
803,17_epo,62.0,880.6074736749916,fechner
804,17_epo,63.0,882.4055639464345,fechner
805,17_epo,64.0,884.1459797651474,fechner
806,17_epo,65.0,885.8308451203001,fechner
807,17_epo,66.0,887.4622075070996,fechner
808,17_epo,67.0,889.0420395153618,fechner
809,17_epo,68.0,890.5722405772066,fechner
810,17_epo,69.0,892.0546388387224,fechner
811,17_epo,70.0,893.4909931252055,fechner
812,17_epo,71.0,894.8829949737931,fechner
813,17_epo,72.0,896.2322707110344,fechner
814,17_epo,73.0,897.5403835562383,fechner
815,17_epo,74.0,898.8088357343279,fechner
816,17_epo,75.0,900.0390705844667,fechner
817,17_epo,76.0,901.2324746529561,fechner
818,17_epo,77.0,902.3903797608343,fechner
819,17_epo,78.0,903.5140650383071,fechner
820,17_epo,79.0,904.6047589196045,fechner
821,17_epo,80.0,905.6636410931345,fechner
822,17_epo,81.0,906.6918444029084,fechner
823,17_epo,82.0,907.6904566981434,fechner
824,17_epo,83.0,908.660522628789,fechner
825,17_epo,84.0,909.6030453853891,fechner
826,17_epo,85.0,910.5189883823042,fechner
827,17_epo,86.0,911.4092768838088,fechner
828,17_epo,87.0,912.27479957301,fechner
829,17_epo,88.0,913.1164100638748,fechner
830,17_epo,89.0,913.9349283569585,fechner
831,17_epo,90.0,914.7311422396665,fechner
832,17_epo,91.0,915.5058086320715,fechner
833,17_epo,92.0,916.2596548794804,fechner
834,17_epo,93.0,916.9933799930494,fechner
835,17_epo,94.0,917.7076558398688,fechner
836,17_epo,95.0,918.403128283983,fechner
837,18_epo,3.0,369.2110078862767,fechner
838,18_epo,4.0,369.2110078862966,fechner
839,18_epo,5.0,369.21100788630184,fechner
840,18_epo,6.0,369.2110078863041,fechner
841,18_epo,7.000000000000001,369.2110078863054,fechner
842,18_epo,8.0,369.21100788630616,fechner
843,18_epo,9.0,369.2110078863067,fechner
844,18_epo,10.0,369.2110078863071,fechner
845,18_epo,11.0,369.2110078863073,fechner
846,18_epo,12.0,369.2110078863075,fechner
847,18_epo,13.0,369.2110078863077,fechner
848,18_epo,14.000000000000002,369.2110078863078,fechner
849,18_epo,15.0,369.21100788630787,fechner
850,18_epo,16.0,369.2110078863079,fechner
851,18_epo,17.0,369.211007886308,fechner
852,18_epo,18.0,369.21100788630804,fechner
853,18_epo,19.0,369.2110078863081,fechner
854,18_epo,20.0,369.2110078863081,fechner
855,18_epo,21.0,369.21100788630815,fechner
856,18_epo,22.0,369.2110078863082,fechner
857,18_epo,23.0,369.2110078863082,fechner
858,18_epo,24.0,369.2110078863082,fechner
859,18_epo,25.0,369.21100788630827,fechner
860,18_epo,26.0,369.21100788630827,fechner
861,18_epo,27.0,369.21100788630827,fechner
862,18_epo,28.000000000000004,369.2110078863083,fechner
863,18_epo,28.999999999999996,369.2110078863083,fechner
864,18_epo,30.0,369.2110078863083,fechner
865,18_epo,31.0,369.2110078863083,fechner
866,18_epo,32.0,369.2110078863083,fechner
867,18_epo,33.0,369.2110078863083,fechner
868,18_epo,34.0,369.2110078863084,fechner
869,18_epo,35.0,369.2110078863084,fechner
870,18_epo,36.0,369.2110078863084,fechner
871,18_epo,37.0,369.2110078863084,fechner
872,18_epo,38.0,369.2110078863084,fechner
873,18_epo,39.0,369.2110078863084,fechner
874,18_epo,40.0,369.2110078863084,fechner
875,18_epo,41.0,369.2110078863084,fechner
876,18_epo,42.0,369.2110078863084,fechner
877,18_epo,43.0,369.2110078863084,fechner
878,18_epo,44.0,369.21100788630844,fechner
879,18_epo,45.0,369.21100788630844,fechner
880,18_epo,46.0,369.21100788630844,fechner
881,18_epo,47.0,369.21100788630844,fechner
882,18_epo,48.0,369.21100788630844,fechner
883,18_epo,49.0,369.21100788630844,fechner
884,18_epo,50.0,369.21100788630844,fechner
885,18_epo,51.0,369.21100788630844,fechner
886,18_epo,52.0,369.21100788630844,fechner
887,18_epo,53.0,369.21100788630844,fechner
888,18_epo,54.0,369.21100788630844,fechner
889,18_epo,55.00000000000001,369.21100788630844,fechner
890,18_epo,56.00000000000001,369.21100788630844,fechner
891,18_epo,56.99999999999999,369.21100788630844,fechner
892,18_epo,57.99999999999999,369.21100788630844,fechner
893,18_epo,59.0,369.21100788630844,fechner
894,18_epo,60.0,369.21100788630844,fechner
895,18_epo,61.0,369.21100788630844,fechner
896,18_epo,62.0,369.21100788630844,fechner
897,18_epo,63.0,369.21100788630844,fechner
898,18_epo,64.0,369.21100788630844,fechner
899,18_epo,65.0,369.21100788630844,fechner
900,18_epo,66.0,369.21100788630844,fechner
901,18_epo,67.0,369.21100788630844,fechner
902,18_epo,68.0,369.21100788630844,fechner
903,18_epo,69.0,369.21100788630844,fechner
904,18_epo,70.0,369.21100788630844,fechner
905,18_epo,71.0,369.21100788630844,fechner
906,18_epo,72.0,369.21100788630844,fechner
907,18_epo,73.0,369.21100788630844,fechner
908,18_epo,74.0,369.21100788630844,fechner
909,18_epo,75.0,369.21100788630844,fechner
910,18_epo,76.0,369.21100788630844,fechner
911,18_epo,77.0,369.21100788630844,fechner
912,18_epo,78.0,369.21100788630844,fechner
913,18_epo,79.0,369.21100788630844,fechner
914,18_epo,80.0,369.21100788630844,fechner
915,18_epo,81.0,369.21100788630844,fechner
916,18_epo,82.0,369.21100788630844,fechner
917,18_epo,83.0,369.21100788630844,fechner
918,18_epo,84.0,369.21100788630844,fechner
919,18_epo,85.0,369.21100788630844,fechner
920,18_epo,86.0,369.21100788630844,fechner
921,18_epo,87.0,369.21100788630844,fechner
922,18_epo,88.0,369.21100788630844,fechner
923,18_epo,89.0,369.21100788630844,fechner
924,18_epo,90.0,369.21100788630844,fechner
925,18_epo,91.0,369.21100788630844,fechner
926,18_epo,92.0,369.21100788630844,fechner
927,18_epo,93.0,369.2110078863085,fechner
928,18_epo,94.0,369.2110078863085,fechner
929,18_epo,95.0,369.2110078863085,fechner
930,19_epo,3.0,465.2368101725665,fechner
931,19_epo,4.0,476.6775945377125,fechner
932,19_epo,5.0,486.53481463102383,fechner
933,19_epo,6.0,495.89557383942304,fechner
934,19_epo,7.000000000000001,505.01965988516287,fechner
935,19_epo,8.0,514.0086185808634,fechner
936,19_epo,9.0,522.9102146804223,fechner
937,19_epo,10.0,531.7475161906178,fechner
938,19_epo,11.0,540.5293777730001,fechner
939,19_epo,12.0,549.2551415205123,fechner
940,19_epo,13.0,557.9173685041163,fechner
941,19_epo,14.000000000000002,566.5038410077163,fechner
942,19_epo,15.0,574.9992177481197,fechner
943,19_epo,16.0,583.3864366570158,fechner
944,19_epo,17.0,591.6478777130563,fechner
945,19_epo,18.0,599.7662874953666,fechner
946,19_epo,19.0,607.7254762718931,fechner
947,19_epo,20.0,615.5108091425224,fechner
948,19_epo,21.0,623.1095197106597,fechner
949,19_epo,22.0,630.5108774758268,fechner
950,19_epo,23.0,637.7062396165751,fechner
951,19_epo,24.0,644.6890152607998,fechner
952,19_epo,25.0,651.4545667021371,fechner
953,19_epo,26.0,658.0000680122926,fechner
954,19_epo,27.0,664.3243375647263,fechner
955,19_epo,28.000000000000004,670.4276573812463,fechner
956,19_epo,28.999999999999996,676.311589065087,fechner
957,19_epo,30.0,681.9787934320137,fechner
958,19_epo,31.0,687.4328587828537,fechner
959,19_epo,32.0,692.6781410352962,fechner
960,19_epo,33.0,697.7196175945899,fechner
961,19_epo,34.0,702.5627558324394,fechner
962,19_epo,35.0,707.2133963032379,fechner
963,19_epo,36.0,711.6776503039488,fechner
964,19_epo,37.0,715.9618110322732,fechner
965,19_epo,38.0,720.0722773778854,fechner
966,19_epo,39.0,724.0154892610002,fechner
967,19_epo,40.0,727.7978733849845,fechner
968,19_epo,41.0,731.4257982741974,fechner
969,19_epo,42.0,734.9055375084159,fechner
970,19_epo,43.0,738.2432401285486,fechner
971,19_epo,44.0,741.4449072654339,fechner
972,19_epo,45.0,744.516374127512,fechner
973,19_epo,46.0,747.4632965689874,fechner
974,19_epo,47.0,750.2911415444313,fechner
975,19_epo,48.0,753.0051808362246,fechner
976,19_epo,49.0,755.6104875164433,fechner
977,19_epo,50.0,758.1119346739415,fechner
978,19_epo,51.0,760.5141960001325,fechner
979,19_epo,52.0,762.8217478833401,fechner
980,19_epo,53.0,765.038872711761,fechner
981,19_epo,54.0,767.1696631294052,fechner
982,19_epo,55.00000000000001,769.2180270282904,fechner
983,19_epo,56.00000000000001,771.187693094126,fechner
984,19_epo,56.99999999999999,773.0822167522083,fechner
985,19_epo,57.99999999999999,774.9049863857321,fechner
986,19_epo,59.0,776.6592297206491,fechner
987,19_epo,60.0,778.3480202900131,fechner
988,19_epo,61.0,779.9742839067798,fechner
989,19_epo,62.0,781.5408050876981,fechner
990,19_epo,63.0,783.0502333824737,fechner
991,19_epo,64.0,784.5050895721646,fechner
992,19_epo,65.0,785.9077717089549,fechner
993,19_epo,66.0,787.2605609763378,fechner
994,19_epo,67.0,788.5656273544481,fechner
995,19_epo,68.0,789.8250350800329,fechner
996,19_epo,69.0,791.0407478944625,fechner
997,19_epo,70.0,792.2146340763771,fechner
998,19_epo,71.0,793.3484712581746,fechner
999,19_epo,72.0,794.4439510276351,fechner
1000,19_epo,73.0,795.5026833176432,fechner
1001,19_epo,74.0,796.5262005882919,fechner
1002,19_epo,75.0,797.5159618066417,fechner
1003,19_epo,76.0,798.4733562301916,fechner
1004,19_epo,77.0,799.3997070006518,fechner
1005,19_epo,78.0,800.296274555007,fechner
1006,19_epo,79.0,801.164259861087,fechner
1007,19_epo,80.0,802.0048074849952,fechner
1008,19_epo,81.0,802.8190084977817,fechner
1009,19_epo,82.0,803.6079032286929,fechner
1010,19_epo,83.0,804.3724838722477,fechner
1011,19_epo,84.0,805.1136969562281,fechner
1012,19_epo,85.0,805.8324456774934,fechner
1013,19_epo,86.0,806.5295921123223,fechner
1014,19_epo,87.0,807.20595930775,fechner
1015,19_epo,88.0,807.8623332601289,fechner
1016,19_epo,89.0,808.4994647868915,fechner
1017,19_epo,90.0,809.1180712972326,fechner
1018,19_epo,91.0,809.7188384671798,fechner
1019,19_epo,92.0,810.3024218242579,fechner
1020,19_epo,93.0,810.869448246704,fechner
1021,19_epo,94.0,811.4205173819528,fechner
1022,19_epo,95.0,811.9562029888505,fechner
1023,1_epo,3.0,283.6711869848096,fechner
1024,1_epo,4.0,294.91262060278257,fechner
1025,1_epo,5.0,304.5979144048451,fechner
1026,1_epo,6.0,313.79314951566965,fechner
1027,1_epo,7.000000000000001,322.74475950672365,fechner
1028,1_epo,8.0,331.53248269446465,fechner
1029,1_epo,9.0,340.172149755879,fechner
1030,1_epo,10.0,348.6486929853084,fechner
1031,1_epo,11.0,356.93238491344795,fechner
1032,1_epo,12.0,364.9886162855639,fechner
1033,1_epo,13.0,372.7839619244128,fechner
1034,1_epo,14.000000000000002,380.28969351073005,fechner
1035,1_epo,15.0,387.4834957317162,fechner
1036,1_epo,16.0,394.3499674012312,fechner
1037,1_epo,17.0,400.880355647157,fechner
1038,1_epo,18.0,407.0718537530314,fechner
1039,1_epo,19.0,412.926693830267,fechner
1040,1_epo,20.0,418.45118659850056,fechner
1041,1_epo,21.0,423.6548014845789,fechner
1042,1_epo,22.0,428.5493382979784,fechner
1043,1_epo,23.0,433.1482134398054,fechner
1044,1_epo,24.0,437.46586556638516,fechner
1045,1_epo,25.0,441.5172749396712,fechner
1046,1_epo,26.0,445.31758503404353,fechner
1047,1_epo,27.0,448.88181258751297,fechner
1048,1_epo,28.000000000000004,452.2246319315645,fechner
1049,1_epo,28.999999999999996,455.3602202436044,fechner
1050,1_epo,30.0,458.3021517665686,fechner
1051,1_epo,31.0,461.0633306686147,fechner
1052,1_epo,32.0,463.65595385397876,fechner
1053,1_epo,33.0,466.0914965630942,fechner
1054,1_epo,34.0,468.3807149575325,fechner
1055,1_epo,35.0,470.5336610534863,fechner
1056,1_epo,36.0,472.5597063491292,fechner
1057,1_epo,37.0,474.4675713010818,fechner
1058,1_epo,38.0,476.26535846368745,fechner
1059,1_epo,39.0,477.96058763362225,fechner
1060,1_epo,40.0,479.56023176255115,fechner
1061,1_epo,41.0,481.07075273118505,fechner
1062,1_epo,42.0,482.49813633589446,fechner
1063,1_epo,43.0,483.8479260382028,fechner
1064,1_epo,44.0,485.12525517987336,fechner
1065,1_epo,45.0,486.3348774817033,fechner
1066,1_epo,46.0,487.48119573044113,fechner
1067,1_epo,47.0,488.5682886218854,fechner
1068,1_epo,48.0,489.5999357742612,fechner
1069,1_epo,49.0,490.57964095849985,fechner
1070,1_epo,50.0,491.5106536142301,fechner
1071,1_epo,51.0,492.3959887346501,fechner
1072,1_epo,52.0,493.23844521194746,fechner
1073,1_epo,53.0,494.04062273907397,fechner
1074,1_epo,54.0,494.80493736465417,fechner
1075,1_epo,55.00000000000001,495.5336357965059,fechner
1076,1_epo,56.00000000000001,496.2288085463622,fechner
1077,1_epo,56.99999999999999,496.89240200444027,fechner
1078,1_epo,57.99999999999999,497.52622952788386,fechner
1079,1_epo,59.0,498.13198162211484,fechner
1080,1_epo,60.0,498.71123528897834,fechner
1081,1_epo,61.0,499.2654626104004,fechner
1082,1_epo,62.0,499.79603863122844,fechner
1083,1_epo,63.0,500.3042486000452,fechner
1084,1_epo,64.0,500.7912946221005,fechner
1085,1_epo,65.0,501.2583017741219,fechner
1086,1_epo,66.0,501.7063237266501,fechner
1087,1_epo,67.0,502.1363479157156,fechner
1088,1_epo,68.0,502.54930030211966,fechner
1089,1_epo,69.0,502.9460497533015,fechner
1090,1_epo,70.0,503.3274120797483,fechner
1091,1_epo,71.0,503.69415375513074,fechner
1092,1_epo,72.0,504.0469953467981,fechner
1093,1_epo,73.0,504.3866146809407,fechner
1094,1_epo,74.0,504.7136497645977,fechner
1095,1_epo,75.0,505.0287014847429,fechner
1096,1_epo,76.0,505.3323361029165,fechner
1097,1_epo,77.0,505.6250875622447,fechner
1098,1_epo,78.0,505.90745962223014,fechner
1099,1_epo,79.0,506.17992783535016,fechner
1100,1_epo,80.0,506.4429413782786,fechner
1101,1_epo,81.0,506.6969247494487,fechner
1102,1_epo,82.0,506.94227934364966,fechner
1103,1_epo,83.0,507.1793849134455,fechner
1104,1_epo,84.0,507.4086009263571,fechner
1105,1_epo,85.0,507.6302678259959,fechner
1106,1_epo,86.0,507.8447082046378,fechner
1107,1_epo,87.0,508.0522278941021,fechner
1108,1_epo,88.0,508.2531169812179,fechner
1109,1_epo,89.0,508.4476507536426,fechner
1110,1_epo,90.0,508.6360905813181,fechner
1111,1_epo,91.0,508.8186847384126,fechner
1112,1_epo,92.0,508.9956691702033,fechner
1113,1_epo,93.0,509.16726820898907,fechner
1114,1_epo,94.0,509.3336952427924,fechner
1115,1_epo,95.0,509.49515334031037,fechner
1116,20_epo,3.0,301.3975633367049,fechner
1117,20_epo,4.0,312.0527960299083,fechner
1118,20_epo,5.0,321.233195927431,fechner
1119,20_epo,6.0,329.95123192531804,fechner
1120,20_epo,7.000000000000001,338.44896484452426,fechner
1121,20_epo,8.0,346.8215689533282,fechner
1122,20_epo,9.0,355.11541406251814,fechner
1123,20_epo,10.0,363.3561016586588,fechner
1124,20_epo,11.0,371.55890386441706,fechner
1125,20_epo,12.0,379.7332710513908,fechner
1126,20_epo,13.0,387.8849499989506,fechner
1127,20_epo,14.000000000000002,396.0170324134428,fechner
1128,20_epo,15.0,404.1305048256886,fechner
1129,20_epo,16.0,412.2245718346964,fechner
1130,20_epo,17.0,420.29688677075114,fechner
1131,20_epo,18.0,428.34375359051086,fechner
1132,20_epo,19.0,436.3603265146323,fechner
1133,20_epo,20.0,444.34081448667706,fechner
1134,20_epo,21.0,452.2786882483264,fechner
1135,20_epo,22.0,460.1668842614033,fechner
1136,20_epo,23.0,467.997999199713,fechner
1137,20_epo,24.0,475.76446968998874,fechner
1138,20_epo,25.0,483.45873348316394,fechner
1139,20_epo,26.0,491.0733697900653,fechner
1140,20_epo,27.0,498.6012178815842,fechner
1141,20_epo,28.000000000000004,506.0354741427051,fechner
1142,20_epo,28.999999999999996,513.3697685726169,fechner
1143,20_epo,30.0,520.5982222681679,fechner
1144,20_epo,31.0,527.7154877588955,fechner
1145,20_epo,32.0,534.7167742247276,fechner
1146,20_epo,33.0,541.5978596644763,fechner
1147,20_epo,34.0,548.3550920302513,fechner
1148,20_epo,35.0,554.9853812290728,fechner
1149,20_epo,36.0,561.4861837409733,fechner
1150,20_epo,37.0,567.8554814300238,fechner
1151,20_epo,38.0,574.0917559437464,fechner
1152,20_epo,39.0,580.1939599163218,fechner
1153,20_epo,40.0,586.1614860181463,fechner
1154,20_epo,41.0,591.9941347326258,fechner
1155,20_epo,42.0,597.6920815930581,fechner
1156,20_epo,43.0,603.2558444791905,fechner
1157,20_epo,44.0,608.6862514548274,fechner
1158,20_epo,45.0,613.9844095244579,fechner
1159,20_epo,46.0,619.15167459743,fechner
1160,20_epo,47.0,624.18962287185,fechner
1161,20_epo,48.0,629.1000237858875,fechner
1162,20_epo,49.0,633.8848146303977,fechner
1163,20_epo,50.0,638.5460768724892,fechner
1164,20_epo,51.0,643.0860142037095,fechner
1165,20_epo,52.0,647.5069322978218,fechner
1166,20_epo,53.0,651.811220240635,fechner
1167,20_epo,54.0,656.0013335771728,fechner
1168,20_epo,55.00000000000001,660.0797789087128,fechner
1169,20_epo,56.00000000000001,664.0490999632433,fechner
1170,20_epo,56.99999999999999,667.9118650569467,fechner
1171,20_epo,57.99999999999999,671.6706558609202,fechner
1172,20_epo,59.0,675.3280573859571,fechner
1173,20_epo,60.0,678.8866490984552,fechner
1174,20_epo,61.0,682.3489970820162,fechner
1175,20_epo,62.0,685.7176471617478,fechner
1176,20_epo,63.0,688.9951189114671,fechner
1177,20_epo,64.0,692.1839004676771,fechner
1178,20_epo,65.0,695.2864440782116,fechner
1179,20_epo,66.0,698.3051623176834,fechner
1180,20_epo,67.0,701.2424249061651,fechner
1181,20_epo,68.0,704.1005560718913,fechner
1182,20_epo,69.0,706.8818324030141,fechner
1183,20_epo,70.0,709.5884811376131,fechner
1184,20_epo,71.0,712.2226788451649,fechner
1185,20_epo,72.0,714.7865504564994,fechner
1186,20_epo,73.0,717.2821686029129,fechner
1187,20_epo,74.0,719.711553228531,fechner
1188,20_epo,75.0,722.07667144322,fechner
1189,20_epo,76.0,724.379437586362,fechner
1190,20_epo,77.0,726.6217134745812,fechner
1191,20_epo,78.0,728.8053088091118,fechner
1192,20_epo,79.0,730.9319817208645,fechner
1193,20_epo,80.0,733.0034394334604,fechner
1194,20_epo,81.0,735.0213390265117,fechner
1195,20_epo,82.0,736.987288283268,fechner
1196,20_epo,83.0,738.9028466084477,fechner
1197,20_epo,84.0,740.7695260035971,fechner
1198,20_epo,85.0,742.5887920887217,fechner
1199,20_epo,86.0,744.3620651602102,fechner
1200,20_epo,87.0,746.0907212762164,fechner
1201,20_epo,88.0,747.7760933616963,fechner
1202,20_epo,89.0,749.4194723262589,fechner
1203,20_epo,90.0,751.0221081888092,fechner
1204,20_epo,91.0,752.5852112037525,fechner
1205,20_epo,92.0,754.1099529841873,fechner
1206,20_epo,93.0,755.5974676181472,fechner
1207,20_epo,94.0,757.048852774498,fechner
1208,20_epo,95.0,758.4651707955813,fechner
1209,21_epo,3.0,429.1912287874135,fechner
1210,21_epo,4.0,442.38737470423763,fechner
1211,21_epo,5.0,453.756990001316,fechner
1212,21_epo,6.0,464.55398322307667,fechner
1213,21_epo,7.000000000000001,475.0781386659043,fechner
1214,21_epo,8.0,485.44732877121663,fechner
1215,21_epo,9.0,495.7189984260273,fechner
1216,21_epo,10.0,505.92493127432357,fechner
1217,21_epo,11.0,516.084275498124,fechner
1218,21_epo,12.0,526.209277673008,fechner
1219,21_epo,13.0,536.30808371587,fechner
1220,21_epo,14.000000000000002,546.3861984828344,fechner
1221,21_epo,15.0,556.4472725906317,fechner
1222,21_epo,16.0,566.4935319004707,fechner
1223,21_epo,17.0,576.5260137841916,fechner
1224,21_epo,18.0,586.5447019016358,fechner
1225,21_epo,19.0,596.5486125968143,fechner
1226,21_epo,20.0,606.5358634365078,fechner
1227,21_epo,21.0,616.5037404410322,fechner
1228,21_epo,22.0,626.4487717732336,fechner
1229,21_epo,23.0,636.3668102512844,fechner
1230,21_epo,24.0,646.2531239265419,fechner
1231,21_epo,25.0,656.1024923661657,fechner
1232,21_epo,26.0,665.9093056648294,fechner
1233,21_epo,27.0,675.6676631984899,fechner
1234,21_epo,28.000000000000004,685.3714694598544,fechner
1235,21_epo,28.999999999999996,695.0145248019987,fechner
1236,21_epo,30.0,704.5906094502652,fechner
1237,21_epo,31.0,714.093559655792,fechner
1238,21_epo,32.0,723.5173353207315,fechner
1239,21_epo,33.0,732.8560788097834,fechner
1240,21_epo,34.0,742.1041649719517,fechner
1241,21_epo,35.0,751.256242634656,fechner
1242,21_epo,36.0,760.3072680072403,fechner
1243,21_epo,37.0,769.2525305518817,fechner
1244,21_epo,38.0,778.0876719562825,fechner
1245,21_epo,39.0,786.8086988831619,fechner
1246,21_epo,40.0,795.4119901842674,fechner
1247,21_epo,41.0,803.8942992580951,fechner
1248,21_epo,42.0,812.2527522064289,fechner
1249,21_epo,43.0,820.484842409744,fechner
1250,21_epo,44.0,828.5884220991668,fechner
1251,21_epo,45.0,836.5616914560752,fechner
1252,21_epo,46.0,844.4031857216834,fechner
1253,21_epo,47.0,852.1117607499891,fechner
1254,21_epo,48.0,859.6865773893952,fechner
1255,21_epo,49.0,867.1270850322397,fechner
1256,21_epo,50.0,874.4330046278671,fechner
1257,21_epo,51.0,881.6043114142861,fechner
1258,21_epo,52.0,888.6412175860511,fechner
1259,21_epo,53.0,895.5441550818825,fechner
1260,21_epo,54.0,902.3137586447382,fechner
1261,21_epo,55.00000000000001,908.9508492794183,fechner
1262,21_epo,56.00000000000001,915.4564182082703,fechner
1263,21_epo,56.99999999999999,921.8316114039209,fechner
1264,21_epo,57.99999999999999,928.0777147590387,fechner
1265,21_epo,59.0,934.1961399366907,fechner
1266,21_epo,60.0,940.188410930735,fechner
1267,21_epo,61.0,946.0561513535952,fechner
1268,21_epo,62.0,951.8010724585531,fechner
1269,21_epo,63.0,957.424961895162,fechner
1270,21_epo,64.0,962.9296731892962,fechner
1271,21_epo,65.0,968.317115933598,fechner
1272,21_epo,66.0,973.5892466694667,fechner
1273,21_epo,67.0,978.7480604380859,fechner
1274,21_epo,68.0,983.7955829752462,fechner
1275,21_epo,69.0,988.7338635226786,fechner
1276,21_epo,70.0,993.5649682272281,fechner
1277,21_epo,71.0,998.2909740983381,fechner
1278,21_epo,72.0,1002.9139634939066,fechner
1279,21_epo,73.0,1007.4360191045413,fechner
1280,21_epo,74.0,1011.859219406521,fechner
1281,21_epo,75.0,1016.185634554275,fechner
1282,21_epo,76.0,1020.4173226839373,fechner
1283,21_epo,77.0,1024.5563266003865,fechner
1284,21_epo,78.0,1028.6046708212032,fechner
1285,21_epo,79.0,1032.56435895203,fechner
1286,21_epo,80.0,1036.4373713689943,fechner
1287,21_epo,81.0,1040.2256631850125,fechner
1288,21_epo,82.0,1043.9311624779893,fechner
1289,21_epo,83.0,1047.5557687601652,fechner
1290,21_epo,84.0,1051.101351669001,fechner
1291,21_epo,85.0,1054.5697498612103,fechner
1292,21_epo,86.0,1057.9627700926633,fechner
1293,21_epo,87.0,1061.282186468019,fechner
1294,21_epo,88.0,1064.5297398449839,fechner
1295,21_epo,89.0,1067.7071373791468,fechner
1296,21_epo,90.0,1070.8160521963136,fechner
1297,21_epo,91.0,1073.8581231801904,fechner
1298,21_epo,92.0,1076.8349548641702,fechner
1299,21_epo,93.0,1079.7481174167851,fechner
1300,21_epo,94.0,1082.5991467112253,fechner
1301,21_epo,95.0,1085.3895444700163,fechner
1302,22_epo,3.0,456.9500083901729,fechner
1303,22_epo,4.0,456.9500141349278,fechner
1304,22_epo,5.0,456.9500156402067,fechner
1305,22_epo,6.0,456.950016309936,fechner
1306,22_epo,7.000000000000001,456.9500166753758,fechner
1307,22_epo,8.0,456.95001689913477,fechner
1308,22_epo,9.0,456.9500170469301,fechner
1309,22_epo,10.0,456.95001714999586,fechner
1310,22_epo,11.0,456.95001722488263,fechner
1311,22_epo,12.0,456.95001728108116,fechner
1312,22_epo,13.0,456.9500173243722,fechner
1313,22_epo,14.000000000000002,456.95001735844977,fechner
1314,22_epo,15.0,456.95001738576826,fechner
1315,22_epo,16.0,456.95001740801223,fechner
1316,22_epo,17.0,456.95001742637015,fechner
1317,22_epo,18.0,456.9500174417007,fechner
1318,22_epo,19.0,456.95001745463696,fechner
1319,22_epo,20.0,456.9500174656544,fechner
1320,22_epo,21.0,456.9500174751155,fechner
1321,22_epo,22.0,456.950017483301,fechner
1322,22_epo,23.0,456.9500174904309,fechner
1323,22_epo,24.0,456.9500174966795,fechner
1324,22_epo,25.0,456.9500175021867,fechner
1325,22_epo,26.0,456.9500175070654,fechner
1326,22_epo,27.0,456.9500175114081,fechner
1327,22_epo,28.000000000000004,456.9500175152904,fechner
1328,22_epo,28.999999999999996,456.95001751877544,fechner
1329,22_epo,30.0,456.95001752191564,fechner
1330,22_epo,31.0,456.9500175247552,fechner
1331,22_epo,32.0,456.95001752733117,fechner
1332,22_epo,33.0,456.95001752967534,fechner
1333,22_epo,34.0,456.95001753181475,fechner
1334,22_epo,35.0,456.95001753377255,fechner
1335,22_epo,36.0,456.9500175355688,fechner
1336,22_epo,37.0,456.9500175372208,fechner
1337,22_epo,38.0,456.95001753874357,fechner
1338,22_epo,39.0,456.9500175401503,fechner
1339,22_epo,40.0,456.9500175414525,fechner
1340,22_epo,41.0,456.95001754266025,fechner
1341,22_epo,42.0,456.95001754378245,fechner
1342,22_epo,43.0,456.9500175448271,fechner
1343,22_epo,44.0,456.95001754580113,fechner
1344,22_epo,45.0,456.95001754671074,fechner
1345,22_epo,46.0,456.95001754756146,fechner
1346,22_epo,47.0,456.9500175483584,fechner
1347,22_epo,48.0,456.9500175491059,fechner
1348,22_epo,49.0,456.950017549808,fechner
1349,22_epo,50.0,456.9500175504684,fechner
1350,22_epo,51.0,456.9500175510901,fechner
1351,22_epo,52.0,456.9500175516763,fechner
1352,22_epo,53.0,456.95001755222955,fechner
1353,22_epo,54.0,456.9500175527523,fechner
1354,22_epo,55.00000000000001,456.9500175532467,fechner
1355,22_epo,56.00000000000001,456.9500175537148,fechner
1356,22_epo,56.99999999999999,456.9500175541585,fechner
1357,22_epo,57.99999999999999,456.95001755457935,fechner
1358,22_epo,59.0,456.950017554979,fechner
1359,22_epo,60.0,456.9500175553587,fechner
1360,22_epo,61.0,456.95001755572,fechner
1361,22_epo,62.0,456.95001755606387,fechner
1362,22_epo,63.0,456.95001755639146,fechner
1363,22_epo,64.0,456.95001755670376,fechner
1364,22_epo,65.0,456.95001755700184,fechner
1365,22_epo,66.0,456.95001755728634,fechner
1366,22_epo,67.0,456.9500175575583,fechner
1367,22_epo,68.0,456.9500175578182,fechner
1368,22_epo,69.0,456.950017558067,fechner
1369,22_epo,70.0,456.9500175583051,fechner
1370,22_epo,71.0,456.95001755853326,fechner
1371,22_epo,72.0,456.950017558752,fechner
1372,22_epo,73.0,456.9500175589617,fechner
1373,22_epo,74.0,456.95001755916303,fechner
1374,22_epo,75.0,456.9500175593563,fechner
1375,22_epo,76.0,456.950017559542,fechner
1376,22_epo,77.0,456.95001755972055,fechner
1377,22_epo,78.0,456.9500175598922,fechner
1378,22_epo,79.0,456.9500175600574,fechner
1379,22_epo,80.0,456.95001756021645,fechner
1380,22_epo,81.0,456.95001756036964,fechner
1381,22_epo,82.0,456.9500175605172,fechner
1382,22_epo,83.0,456.95001756065955,fechner
1383,22_epo,84.0,456.95001756079677,fechner
1384,22_epo,85.0,456.9500175609292,fechner
1385,22_epo,86.0,456.950017561057,fechner
1386,22_epo,87.0,456.95001756118046,fechner
1387,22_epo,88.0,456.9500175612997,fechner
1388,22_epo,89.0,456.950017561415,fechner
1389,22_epo,90.0,456.9500175615264,fechner
1390,22_epo,91.0,456.9500175616342,fechner
1391,22_epo,92.0,456.9500175617385,fechner
1392,22_epo,93.0,456.9500175618394,fechner
1393,22_epo,94.0,456.95001756193716,fechner
1394,22_epo,95.0,456.9500175620318,fechner
1395,23_epo,3.0,541.2111103817724,fechner
1396,23_epo,4.0,555.2003240126365,fechner
1397,23_epo,5.0,567.2446213401377,fechner
1398,23_epo,6.0,578.6324743149531,fechner
1399,23_epo,7.000000000000001,589.5963934898776,fechner
1400,23_epo,8.0,600.1488923692089,fechner
1401,23_epo,9.0,610.2373073146761,fechner
1402,23_epo,10.0,619.7995908222053,fechner
1403,23_epo,11.0,628.7869387205579,fechner
1404,23_epo,12.0,637.1710641469006,fechner
1405,23_epo,13.0,644.9440463527487,fechner
1406,23_epo,14.000000000000002,652.1149752308429,fechner
1407,23_epo,15.0,658.70565364149,fechner
1408,23_epo,16.0,664.7464813622855,fechner
1409,23_epo,17.0,670.272992959043,fechner
1410,23_epo,18.0,675.3231711194622,fechner
1411,23_epo,19.0,679.9354865603144,fechner
1412,23_epo,20.0,684.1475474119986,fechner
1413,23_epo,21.0,687.9952264896737,fechner
1414,23_epo,22.0,691.5121455645126,fechner
1415,23_epo,23.0,694.7294159230875,fechner
1416,23_epo,24.0,697.6755561385262,fechner
1417,23_epo,25.0,700.3765274667534,fechner
1418,23_epo,26.0,702.8558433728132,fechner
1419,23_epo,27.0,705.1347222939355,fechner
1420,23_epo,28.000000000000004,707.2322622647279,fechner
1421,23_epo,28.999999999999996,709.1656230286623,fechner
1422,23_epo,30.0,710.9502062945262,fechner
1423,23_epo,31.0,712.5998283482388,fechner
1424,23_epo,32.0,714.1268816888745,fechner
1425,23_epo,33.0,715.542484024813,fechner
1426,23_epo,34.0,716.8566140689844,fechner
1427,23_epo,35.0,718.0782342789596,fechner
1428,23_epo,36.0,719.2154011198761,fechner
1429,23_epo,37.0,720.2753636731561,fechner
1430,23_epo,38.0,721.264651533494,fechner
1431,23_epo,39.0,722.1891529739961,fechner
1432,23_epo,40.0,723.0541843447256,fechner
1433,23_epo,41.0,723.8645516238378,fechner
1434,23_epo,42.0,724.6246049769295,fechner
1435,23_epo,43.0,725.3382871084159,fechner
1436,23_epo,44.0,726.0091761147067,fechner
1437,23_epo,45.0,726.640523476444,fechner
1438,23_epo,46.0,727.2352877583372,fechner
1439,23_epo,47.0,727.7961645214177,fechner
1440,23_epo,48.0,728.3256128943658,fechner
1441,23_epo,49.0,728.8258791980816,fechner
1442,23_epo,50.0,729.2990179706883,fechner
1443,23_epo,51.0,729.7469106983817,fechner
1444,23_epo,52.0,730.1712825205642,fechner
1445,23_epo,53.0,730.5737171450829,fechner
1446,23_epo,54.0,730.9556701807102,fechner
1447,23_epo,55.00000000000001,731.3184810688176,fechner
1448,23_epo,56.00000000000001,731.6633837741133,fechner
1449,23_epo,56.99999999999999,731.9915163749769,fechner
1450,23_epo,57.99999999999999,732.3039296769949,fechner
1451,23_epo,59.0,732.6015949584869,fechner
1452,23_epo,60.0,732.8854109438404,fechner
1453,23_epo,61.0,733.1562100891356,fechner
1454,23_epo,62.0,733.4147642545909,fechner
1455,23_epo,63.0,733.6617898296672,fechner
1456,23_epo,64.0,733.8979523690309,fechner
1457,23_epo,65.0,734.1238707908861,fechner
1458,23_epo,66.0,734.340121183315,fechner
1459,23_epo,67.0,734.5472402590933,fechner
1460,23_epo,68.0,734.7457284949252,fechner
1461,23_epo,69.0,734.9360529870297,fechner
1462,23_epo,70.0,735.1186500515079,fechner
1463,23_epo,71.0,735.2939275948021,fechner
1464,23_epo,72.0,735.4622672768303,fechner
1465,23_epo,73.0,735.6240264869502,fechner
1466,23_epo,74.0,735.7795401507693,fechner
1467,23_epo,75.0,735.9291223839191,fechner
1468,23_epo,76.0,736.0730680072323,fechner
1469,23_epo,77.0,736.2116539362684,fechner
1470,23_epo,78.0,736.3451404568045,fechner
1471,23_epo,79.0,736.473772396741,fechner
1472,23_epo,80.0,736.5977802038024,fechner
1473,23_epo,81.0,736.7173809375038,fechner
1474,23_epo,82.0,736.8327791829935,fechner
1475,23_epo,83.0,736.9441678936575,fechner
1476,23_epo,84.0,737.051729168695,fechner
1477,23_epo,85.0,737.1556349712793,fechner
1478,23_epo,86.0,737.2560477923877,fechner
1479,23_epo,87.0,737.3531212649029,fechner
1480,23_epo,88.0,737.4470007321594,fechner
1481,23_epo,89.0,737.5378237747193,fechner
1482,23_epo,90.0,737.6257206988234,fechner
1483,23_epo,91.0,737.7108149896384,fechner
1484,23_epo,92.0,737.7932237321514,fechner
1485,23_epo,93.0,737.873058002299,fechner
1486,23_epo,94.0,737.950423230698,fechner
1487,23_epo,95.0,738.0254195411287,fechner
1488,24_epo,3.0,651.7597513449025,fechner
1489,24_epo,4.0,676.5281993610653,fechner
1490,24_epo,5.0,697.8682923223336,fechner
1491,24_epo,6.0,718.1324768693628,fechner
1492,24_epo,7.000000000000001,737.8771170146894,fechner
1493,24_epo,8.0,757.3047371427157,fechner
1494,24_epo,9.0,776.4866769762648,fechner
1495,24_epo,10.0,795.4280489048801,fechner
1496,24_epo,11.0,814.0963978997758,fechner
1497,24_epo,12.0,832.438882788755,fechner
1498,24_epo,13.0,850.3940945445235,fechner
1499,24_epo,14.000000000000002,867.9002945347346,fechner
1500,24_epo,15.0,884.9008708041302,fechner
1501,24_epo,16.0,901.3476064418464,fechner
1502,24_epo,17.0,917.2022907834636,fechner
1503,24_epo,18.0,932.437140788151,fechner
1504,24_epo,19.0,947.0344217002295,fechner
1505,24_epo,20.0,960.9855732995476,fechner
1506,24_epo,21.0,974.2900707280075,fechner
1507,24_epo,22.0,986.9541826336501,fechner
1508,24_epo,23.0,998.9897360459754,fechner
1509,24_epo,24.0,1010.4129565457805,fechner
1510,24_epo,25.0,1021.2434223385432,fechner
1511,24_epo,26.0,1031.5031497978175,fechner
1512,24_epo,27.0,1041.215813944941,fechner
1513,24_epo,28.000000000000004,1050.4060984259856,fechner
1514,24_epo,28.999999999999996,1059.0991643887035,fechner
1515,24_epo,30.0,1067.3202251089679,fechner
1516,24_epo,31.0,1075.0942124011726,fechner
1517,24_epo,32.0,1082.4455211338502,fechner
1518,24_epo,33.0,1089.3978191079436,fechner
1519,24_epo,34.0,1095.9739108289764,fechner
1520,24_epo,35.0,1102.1956451089045,fechner
1521,24_epo,36.0,1108.0838578372625,fechner
1522,24_epo,37.0,1113.6583425860692,fechner
1523,24_epo,38.0,1118.9378429168767,fechner
1524,24_epo,39.0,1123.9400613232635,fechner
1525,24_epo,40.0,1128.6816806652228,fechner
1526,24_epo,41.0,1133.178394739598,fechner
1527,24_epo,42.0,1137.4449452943204,fechner
1528,24_epo,43.0,1141.4951633473238,fechner
1529,24_epo,44.0,1145.342013127828,fechner
1530,24_epo,45.0,1148.9976373319498,fechner
1531,24_epo,46.0,1152.4734026889018,fechner
1532,24_epo,47.0,1155.7799450797984,fechner
1533,24_epo,48.0,1158.9272136481336,fechner
1534,24_epo,49.0,1161.9245134979362,fechner
1535,24_epo,50.0,1164.7805466996476,fechner
1536,24_epo,51.0,1167.50345142103,fechner
1537,24_epo,52.0,1170.1008390759846,fechner
1538,24_epo,53.0,1172.579829442244,fechner
1539,24_epo,54.0,1174.9470837429571,fechner
1540,24_epo,55.00000000000001,1177.2088357200819,fechner
1541,24_epo,56.00000000000001,1179.3709207514923,fechner
1542,24_epo,56.99999999999999,1181.4388030807486,fechner
1543,24_epo,57.99999999999999,1183.4176012399903,fechner
1544,24_epo,59.0,1185.3121117537055,fechner
1545,24_epo,60.0,1187.12683121513,fechner
1546,24_epo,61.0,1188.8659768285133,fechner
1547,24_epo,62.0,1190.5335055101298,fechner
1548,24_epo,63.0,1192.1331316391402,fechner
1549,24_epo,64.0,1193.6683435466443,fechner
1550,24_epo,65.0,1195.1424188278245,fechner
1551,24_epo,66.0,1196.558438558164,fechner
1552,24_epo,67.0,1197.9193004905358,fechner
1553,24_epo,68.0,1199.2277313056504,fechner
1554,24_epo,69.0,1200.4862979839945,fechner
1555,24_epo,70.0,1201.6974183630984,fechner
1556,24_epo,71.0,1202.8633709397807,fechner
1557,24_epo,72.0,1203.9863039729744,fechner
1558,24_epo,73.0,1205.0682439388659,fechner
1559,24_epo,74.0,1206.111103386407,fechner
1560,24_epo,75.0,1207.1166882377797,fechner
1561,24_epo,76.0,1208.0867045751265,fechner
1562,24_epo,77.0,1209.0227649517904,fechner
1563,24_epo,78.0,1209.9263942634511,fechner
1564,24_epo,79.0,1210.7990352118622,fechner
1565,24_epo,80.0,1211.6420533914245,fechner
1566,24_epo,81.0,1212.456742026519,fechner
1567,24_epo,82.0,1213.244326385385,fechner
1568,24_epo,83.0,1214.0059678943596,fechner
1569,24_epo,84.0,1214.74276797446,fechner
1570,24_epo,85.0,1215.4557716206016,fechner
1571,24_epo,86.0,1216.1459707421907,fechner
1572,24_epo,87.0,1216.8143072823914,fechner
1573,24_epo,88.0,1217.461676132034,fechner
1574,24_epo,89.0,1218.0889278529166,fechner
1575,24_epo,90.0,1218.6968712241267,fechner
1576,24_epo,91.0,1219.2862756239626,fechner
1577,24_epo,92.0,1219.8578732590906,fechner
1578,24_epo,93.0,1220.4123612516812,fechner
1579,24_epo,94.0,1220.950403594471,fechner
1580,24_epo,95.0,1221.4726329829318,fechner
1581,25_epo,3.0,361.0224970326399,fechner
1582,25_epo,4.0,373.2760251009836,fechner
1583,25_epo,5.0,383.832355270534,fechner
1584,25_epo,6.0,393.84678482123496,fechner
1585,25_epo,7.000000000000001,403.5699322429784,fechner
1586,25_epo,8.0,413.06174812914185,fechner
1587,25_epo,9.0,422.3111553090283,fechner
1588,25_epo,10.0,431.2788723436684,fechner
1589,25_epo,11.0,439.91866097609557,fechner
1590,25_epo,12.0,448.18853765036755,fechner
1591,25_epo,13.0,456.0560990690281,fechner
1592,25_epo,14.000000000000002,463.50026582741924,fechner
1593,25_epo,15.0,470.5109568206911,fechner
1594,25_epo,16.0,477.0876993255053,fechner
1595,25_epo,17.0,483.23781422495273,fechner
1596,25_epo,18.0,488.97455635301515,fechner
1597,25_epo,19.0,494.3154140329442,fechner
1598,25_epo,20.0,499.28065912443714,fechner
1599,25_epo,21.0,503.89217118037897,fechner
1600,25_epo,22.0,508.172522006254,fechner
1601,25_epo,23.0,512.1442890448836,fechner
1602,25_epo,24.0,515.8295598503842,fechner
1603,25_epo,25.0,519.2495903092051,fechner
1604,25_epo,26.0,522.4245829362393,fechner
1605,25_epo,27.0,525.3735565466915,fechner
1606,25_epo,28.000000000000004,528.114283765106,fechner
1607,25_epo,28.999999999999996,530.6632776084397,fechner
1608,25_epo,30.0,533.0358125224445,fechner
1609,25_epo,31.0,535.2459686967484,fechner
1610,25_epo,32.0,537.306691267637,fechner
1611,25_epo,33.0,539.229858216701,fechner
1612,25_epo,34.0,541.0263524804584,fechner
1613,25_epo,35.0,542.7061350914151,fechner
1614,25_epo,36.0,544.2783171560648,fechner
1615,25_epo,37.0,545.7512292093356,fechner
1616,25_epo,38.0,547.1324870249666,fechner
1617,25_epo,39.0,548.429053353031,fechner
1618,25_epo,40.0,549.6472953354639,fechner
1619,25_epo,41.0,550.7930375461364,fechner
1620,25_epo,42.0,551.8716107353896,fechner
1621,25_epo,43.0,552.8878964465418,fechner
1622,25_epo,44.0,553.8463677261809,fechner
1623,25_epo,45.0,554.7511261804783,fechner
1624,25_epo,46.0,555.6059356432783,fechner
1625,25_epo,47.0,556.414252723541,fechner
1626,25_epo,48.0,557.1792544936515,fechner
1627,25_epo,49.0,557.9038635689195,fechner
1628,25_epo,50.0,558.590770814317,fechner
1629,25_epo,51.0,559.2424558985258,fechner
1630,25_epo,52.0,559.8612058987275,fechner
1631,25_epo,53.0,560.4491321429349,fechner
1632,25_epo,54.0,561.0081854605003,fechner
1633,25_epo,55.00000000000001,561.5401699960365,fechner
1634,25_epo,56.00000000000001,562.0467557275229,fechner
1635,25_epo,56.99999999999999,562.529489815931,fechner
1636,25_epo,57.99999999999999,562.9898069013237,fechner
1637,25_epo,59.0,563.4290384490415,fechner
1638,25_epo,60.0,563.8484212392742,fechner
1639,25_epo,61.0,564.2491050839423,fechner
1640,25_epo,62.0,564.6321598463436,fechner
1641,25_epo,63.0,564.9985818313845,fechner
1642,25_epo,64.0,565.3492996073285,fechner
1643,25_epo,65.0,565.6851793138204,fechner
1644,25_epo,66.0,566.0070295053846,fechner
1645,25_epo,67.0,566.3156055746219,fechner
1646,25_epo,68.0,566.6116137948611,fechner
1647,25_epo,69.0,566.8957150180216,fechner
1648,25_epo,70.0,567.1685280598607,fechner
1649,25_epo,71.0,567.4306328015651,fechner
1650,25_epo,72.0,567.6825730337744,fechner
1651,25_epo,73.0,567.9248590665403,fechner
1652,25_epo,74.0,568.1579701264266,fechner
1653,25_epo,75.0,568.3823565598717,fechner
1654,25_epo,76.0,568.5984418600897,fechner
1655,25_epo,77.0,568.8066245331157,fechner
1656,25_epo,78.0,569.0072798171047,fechner
1657,25_epo,79.0,569.2007612676546,fechner
1658,25_epo,80.0,569.3874022207137,fechner
1659,25_epo,81.0,569.5675171435511,fechner
1660,25_epo,82.0,569.7414028832899,fechner
1661,25_epo,83.0,569.9093398216278,fechner
1662,25_epo,84.0,570.0715929435737,fechner
1663,25_epo,85.0,570.2284128273195,fechner
1664,25_epo,86.0,570.3800365617216,fechner
1665,25_epo,87.0,570.5266885972832,fechner
1666,25_epo,88.0,570.6685815360078,fechner
1667,25_epo,89.0,570.8059168650163,fechner
1668,25_epo,90.0,570.9388856383925,fechner
1669,25_epo,91.0,571.0676691113323,fechner
1670,25_epo,92.0,571.1924393303235,fechner
1671,25_epo,93.0,571.313359682756,fechner
1672,25_epo,94.0,571.4305854090835,fechner
1673,25_epo,95.0,571.5442640803841,fechner
1674,2_epo,3.0,518.9264451060648,fechner
1675,2_epo,4.0,539.4999711438576,fechner
1676,2_epo,5.0,557.2258334880078,fechner
1677,2_epo,6.0,574.0589100125743,fechner
1678,2_epo,7.000000000000001,590.4661865694599,fechner
1679,2_epo,8.0,606.6295091396195,fechner
1680,2_epo,9.0,622.6328786905053,fechner
1681,2_epo,10.0,638.5144331978983,fechner
1682,2_epo,11.0,654.2854128143747,fechner
1683,2_epo,12.0,669.9390773810903,fechner
1684,2_epo,13.0,685.4562301251028,fechner
1685,2_epo,14.000000000000002,700.8093992790065,fechner
1686,2_epo,15.0,715.9662645812157,fechner
1687,2_epo,16.0,730.892466814661,fechner
1688,2_epo,17.0,745.5538332650384,fechner
1689,2_epo,18.0,759.9180519865849,fechner
1690,2_epo,19.0,773.9558490830301,fechner
1691,2_epo,20.0,787.6417397606466,fechner
1692,2_epo,21.0,800.9544306094867,fechner
1693,2_epo,22.0,813.8769490115243,fechner
1694,2_epo,23.0,826.3965687234167,fechner
1695,2_epo,24.0,838.5045911399947,fechner
1696,2_epo,25.0,850.1960313675067,fechner
1697,2_epo,26.0,861.4692481896433,fechner
1698,2_epo,27.0,872.3255479419115,fechner
1699,2_epo,28.000000000000004,882.7687845141221,fechner
1700,2_epo,28.999999999999996,892.8049712445923,fechner
1701,2_epo,30.0,902.4419152887637,fechner
1702,2_epo,31.0,911.6888810052162,fechner
1703,2_epo,32.0,920.5562858403422,fechner
1704,2_epo,33.0,929.0554299420455,fechner
1705,2_epo,34.0,937.1982591356747,fechner
1706,2_epo,35.0,944.9971598126278,fechner
1707,2_epo,36.0,952.4647835944306,fechner
1708,2_epo,37.0,959.6138992439518,fechner
1709,2_epo,38.0,966.4572691209121,fechner
1710,2_epo,39.0,973.0075474578704,fechner
1711,2_epo,40.0,979.2771978165629,fechner
1712,2_epo,41.0,985.2784272356479,fechner
1713,2_epo,42.0,991.0231347720123,fechner
1714,2_epo,43.0,996.5228723487303,fechner
1715,2_epo,44.0,1001.7888160393005,fechner
1716,2_epo,45.0,1006.8317461303238,fechner
1717,2_epo,46.0,1011.662034506859,fechner
1718,2_epo,47.0,1016.2896380926396,fechner
1719,2_epo,48.0,1020.7240972489799,fechner
1720,2_epo,49.0,1024.9745381909313,fechner
1721,2_epo,50.0,1029.049678617091,fechner
1722,2_epo,51.0,1032.9578358711692,fechner
1723,2_epo,52.0,1036.7069370600225,fechner
1724,2_epo,53.0,1040.3045306455808,fechner
1725,2_epo,54.0,1043.7577991082926,fechner
1726,2_epo,55.00000000000001,1047.0735723486473,fechner
1727,2_epo,56.00000000000001,1050.2583415523773,fechner
1728,2_epo,56.99999999999999,1053.3182732952073,fechner
1729,2_epo,57.99999999999999,1056.2592237056667,fechner
1730,2_epo,59.0,1059.0867525405026,fechner
1731,2_epo,60.0,1061.8061370575265,fechner
1732,2_epo,61.0,1064.4223855961209,fechner
1733,2_epo,62.0,1066.9402507967618,fechner
1734,2_epo,63.0,1069.3642424085094,fechner
1735,2_epo,64.0,1071.6986396479026,fechner
1736,2_epo,65.0,1073.9475030846068,fechner
1737,2_epo,66.0,1076.1146860388933,fechner
1738,2_epo,67.0,1078.2038454838842,fechner
1739,2_epo,68.0,1080.218452451839,fechner
1740,2_epo,69.0,1082.1618019487596,fechner
1741,2_epo,70.0,1084.0370223855573,fechner
1742,2_epo,71.0,1085.8470845370514,fechner
1743,2_epo,72.0,1087.59481004236,fechner
1744,2_epo,73.0,1089.2828794619488,fechner
1745,2_epo,74.0,1090.9138399077544,fechner
1746,2_epo,75.0,1092.49011226358,fechner
1747,2_epo,76.0,1094.0139980133915,fechner
1748,2_epo,77.0,1095.4876856953008,fechner
1749,2_epo,78.0,1096.9132569989797,fechner
1750,2_epo,79.0,1098.2926925240188,fechner
1751,2_epo,80.0,1099.627877216409,fechner
1752,2_epo,81.0,1100.92060549986,fechner
1753,2_epo,82.0,1102.1725861181517,fechner
1754,2_epo,83.0,1103.3854467041363,fechner
1755,2_epo,84.0,1104.5607380903966,fechner
1756,2_epo,85.0,1105.6999383759196,fechner
1757,2_epo,86.0,1106.804456762509,fechner
1758,2_epo,87.0,1107.8756371740117,fechner
1759,2_epo,88.0,1108.9147616707673,fechner
1760,2_epo,89.0,1109.923053671091,fechner
1761,2_epo,90.0,1110.9016809909508,fechner
1762,2_epo,91.0,1111.851758712416,fechner
1763,2_epo,92.0,1112.7743518908724,fechner
1764,2_epo,93.0,1113.670478110432,fechner
1765,2_epo,94.0,1114.5411098964528,fechner
1766,2_epo,95.0,1115.387176993543,fechner
1767,3_epo,3.0,571.6524047206101,fechner
1768,3_epo,4.0,571.6524047206101,fechner
1769,3_epo,5.0,571.6524047206101,fechner
1770,3_epo,6.0,571.6524047206101,fechner
1771,3_epo,7.000000000000001,571.6524047206101,fechner
1772,3_epo,8.0,571.6524047206101,fechner
1773,3_epo,9.0,571.6524047206101,fechner
1774,3_epo,10.0,571.6524047206101,fechner
1775,3_epo,11.0,571.6524047206101,fechner
1776,3_epo,12.0,571.6524047206101,fechner
1777,3_epo,13.0,571.6524047206101,fechner
1778,3_epo,14.000000000000002,571.6524047206101,fechner
1779,3_epo,15.0,571.6524047206101,fechner
1780,3_epo,16.0,571.6524047206101,fechner
1781,3_epo,17.0,571.6524047206101,fechner
1782,3_epo,18.0,571.6524047206101,fechner
1783,3_epo,19.0,571.6524047206101,fechner
1784,3_epo,20.0,571.6524047206101,fechner
1785,3_epo,21.0,571.6524047206101,fechner
1786,3_epo,22.0,571.6524047206101,fechner
1787,3_epo,23.0,571.6524047206101,fechner
1788,3_epo,24.0,571.6524047206101,fechner
1789,3_epo,25.0,571.6524047206101,fechner
1790,3_epo,26.0,571.6524047206101,fechner
1791,3_epo,27.0,571.6524047206101,fechner
1792,3_epo,28.000000000000004,571.6524047206101,fechner
1793,3_epo,28.999999999999996,571.6524047206101,fechner
1794,3_epo,30.0,571.6524047206101,fechner
1795,3_epo,31.0,571.6524047206101,fechner
1796,3_epo,32.0,571.6524047206101,fechner
1797,3_epo,33.0,571.6524047206101,fechner
1798,3_epo,34.0,571.6524047206101,fechner
1799,3_epo,35.0,571.6524047206101,fechner
1800,3_epo,36.0,571.6524047206101,fechner
1801,3_epo,37.0,571.6524047206101,fechner
1802,3_epo,38.0,571.6524047206101,fechner
1803,3_epo,39.0,571.6524047206101,fechner
1804,3_epo,40.0,571.6524047206101,fechner
1805,3_epo,41.0,571.6524047206101,fechner
1806,3_epo,42.0,571.6524047206101,fechner
1807,3_epo,43.0,571.6524047206101,fechner
1808,3_epo,44.0,571.6524047206101,fechner
1809,3_epo,45.0,571.6524047206101,fechner
1810,3_epo,46.0,571.6524047206101,fechner
1811,3_epo,47.0,571.6524047206101,fechner
1812,3_epo,48.0,571.6524047206101,fechner
1813,3_epo,49.0,571.6524047206101,fechner
1814,3_epo,50.0,571.6524047206101,fechner
1815,3_epo,51.0,571.6524047206101,fechner
1816,3_epo,52.0,571.6524047206101,fechner
1817,3_epo,53.0,571.6524047206101,fechner
1818,3_epo,54.0,571.6524047206101,fechner
1819,3_epo,55.00000000000001,571.6524047206101,fechner
1820,3_epo,56.00000000000001,571.6524047206101,fechner
1821,3_epo,56.99999999999999,571.6524047206101,fechner
1822,3_epo,57.99999999999999,571.6524047206101,fechner
1823,3_epo,59.0,571.6524047206101,fechner
1824,3_epo,60.0,571.6524047206101,fechner
1825,3_epo,61.0,571.6524047206101,fechner
1826,3_epo,62.0,571.6524047206101,fechner
1827,3_epo,63.0,571.6524047206101,fechner
1828,3_epo,64.0,571.6524047206101,fechner
1829,3_epo,65.0,571.6524047206101,fechner
1830,3_epo,66.0,571.6524047206101,fechner
1831,3_epo,67.0,571.6524047206101,fechner
1832,3_epo,68.0,571.6524047206101,fechner
1833,3_epo,69.0,571.6524047206101,fechner
1834,3_epo,70.0,571.6524047206101,fechner
1835,3_epo,71.0,571.6524047206101,fechner
1836,3_epo,72.0,571.6524047206101,fechner
1837,3_epo,73.0,571.6524047206101,fechner
1838,3_epo,74.0,571.6524047206101,fechner
1839,3_epo,75.0,571.6524047206101,fechner
1840,3_epo,76.0,571.6524047206101,fechner
1841,3_epo,77.0,571.6524047206101,fechner
1842,3_epo,78.0,571.6524047206101,fechner
1843,3_epo,79.0,571.6524047206101,fechner
1844,3_epo,80.0,571.6524047206101,fechner
1845,3_epo,81.0,571.6524047206101,fechner
1846,3_epo,82.0,571.6524047206101,fechner
1847,3_epo,83.0,571.6524047206101,fechner
1848,3_epo,84.0,571.6524047206101,fechner
1849,3_epo,85.0,571.6524047206101,fechner
1850,3_epo,86.0,571.6524047206101,fechner
1851,3_epo,87.0,571.6524047206101,fechner
1852,3_epo,88.0,571.6524047206101,fechner
1853,3_epo,89.0,571.6524047206101,fechner
1854,3_epo,90.0,571.6524047206101,fechner
1855,3_epo,91.0,571.6524047206101,fechner
1856,3_epo,92.0,571.6524047206101,fechner
1857,3_epo,93.0,571.6524047206101,fechner
1858,3_epo,94.0,571.6524047206101,fechner
1859,3_epo,95.0,571.6524047206101,fechner
1860,4_epo,3.0,323.27406593052467,fechner
1861,4_epo,4.0,331.2170558264728,fechner
1862,4_epo,5.0,338.060625144451,fechner
1863,4_epo,6.0,344.5595224675972,fechner
1864,4_epo,7.000000000000001,350.8941783254725,fechner
1865,4_epo,8.0,357.1354338794727,fechner
1866,4_epo,9.0,363.3174353341284,fechner
1867,4_epo,10.0,369.4581694751616,fechner
1868,4_epo,11.0,375.5668593711558,fechner
1869,4_epo,12.0,381.6470698828257,fechner
1870,4_epo,13.0,387.69825146903804,fechner
1871,4_epo,14.000000000000002,393.71670457645814,fechner
1872,4_epo,15.0,399.6963289433375,fechner
1873,4_epo,16.0,405.6292802919768,fechner
1874,4_epo,17.0,411.50656322945366,fechner
1875,4_epo,18.0,417.31855787924127,fechner
1876,4_epo,19.0,423.0554719653301,fechner
1877,4_epo,20.0,428.70771331887784,fechner
1878,4_epo,21.0,434.26618300044123,fechner
1879,4_epo,22.0,439.7224937236942,fechner
1880,4_epo,23.0,445.06912128200895,fechner
1881,4_epo,24.0,450.2994982674482,fechner
1882,4_epo,25.0,455.4080598445379,fechner
1883,4_epo,26.0,460.39025104390277,fechner
1884,4_epo,27.0,465.2425042680056,fechner
1885,4_epo,28.000000000000004,469.96219467618806,fechner
1886,4_epo,28.999999999999996,474.5475799961111,fechner
1887,4_epo,30.0,478.99773019704924,fechner
1888,4_epo,31.0,483.3124514206921,fechner
1889,4_epo,32.0,487.4922076317846,fechner
1890,4_epo,33.0,491.5380426391755,fechner
1891,4_epo,34.0,495.4515044497425,fechner
1892,4_epo,35.0,499.23457334743216,fechner
1893,4_epo,36.0,502.8895946268711,fechner
1894,4_epo,37.0,506.41921654311784,fechner
1895,4_epo,38.0,509.8263337529101,fechner
1896,4_epo,39.0,513.1140363053732,fechner
1897,4_epo,40.0,516.2855640796777,fechner
1898,4_epo,41.0,519.3442664528962,fechner
1899,4_epo,42.0,522.2935669040301,fechner
1900,4_epo,43.0,525.1369322118919,fechner
1901,4_epo,44.0,527.8778458786054,fechner
1902,4_epo,45.0,530.519785401429,fechner
1903,4_epo,46.0,533.0662030189542,fechner
1904,4_epo,47.0,535.5205095699268,fechner
1905,4_epo,48.0,537.8860611211383,fechner
1906,4_epo,49.0,540.1661480428864,fechner
1907,4_epo,50.0,542.3639862346943,fechner
1908,4_epo,51.0,544.4827102290748,fechner
1909,4_epo,52.0,546.525367926209,fechner
1910,4_epo,53.0,548.4949167367998,fechner
1911,4_epo,54.0,550.3942209336531,fechner
1912,4_epo,55.00000000000001,552.2260500343903,fechner
1913,4_epo,56.00000000000001,553.9930780580033,fechner
1914,4_epo,56.99999999999999,555.6978835165914,fechner
1915,4_epo,57.99999999999999,557.3429500205976,fechner
1916,4_epo,59.0,558.9306673912163,fechner
1917,4_epo,60.0,560.4633331874418,fechner
1918,4_epo,61.0,561.9431545675577,fechner
1919,4_epo,62.0,563.3722504158396,fechner
1920,4_epo,63.0,564.7526536749644,fechner
1921,4_epo,64.0,566.0863138331897,fechner
1922,4_epo,65.0,567.3750995229052,fechner
1923,4_epo,66.0,568.6208011937673,fechner
1924,4_epo,67.0,569.8251338293876,fechner
1925,4_epo,68.0,570.9897396815751,fechner
1926,4_epo,69.0,572.116191000489,fechner
1927,4_epo,70.0,573.2059927428353,fechner
1928,4_epo,71.0,574.2605852434904,fechner
1929,4_epo,72.0,575.2813468387473,fechner
1930,4_epo,73.0,576.2695964317726,fechner
1931,4_epo,74.0,577.2265959929271,fechner
1932,4_epo,75.0,578.1535529893417,fechner
1933,4_epo,76.0,579.0516227396374,fechner
1934,4_epo,77.0,579.9219106909208,fechner
1935,4_epo,78.0,580.765474616253,fechner
1936,4_epo,79.0,581.5833267316613,fechner
1937,4_epo,80.0,582.3764357325063,fechner
1938,4_epo,81.0,583.145728749616,fechner
1939,4_epo,82.0,583.8920932260925,fechner
1940,4_epo,83.0,584.6163787161074,fechner
1941,4_epo,84.0,585.3193986073068,fechner
1942,4_epo,85.0,586.0019317687104,fechner
1943,4_epo,86.0,586.6647241261753,fechner
1944,4_epo,87.0,587.3084901676431,fechner
1945,4_epo,88.0,587.9339143804818,fechner
1946,4_epo,89.0,588.5416526233125,fechner
1947,4_epo,90.0,589.1323334347371,fechner
1948,4_epo,91.0,589.7065592814031,fechner
1949,4_epo,92.0,590.2649077478303,fechner
1950,4_epo,93.0,590.8079326704053,fechner
1951,4_epo,94.0,591.3361652179043,fechner
1952,4_epo,95.0,591.8501149208697,fechner
1953,5_epo,3.0,385.8215065773078,fechner
1954,5_epo,4.0,392.9229029901259,fechner
1955,5_epo,5.0,399.041228978955,fechner
1956,5_epo,6.0,404.84965527613616,fechner
1957,5_epo,7.000000000000001,410.50292459521825,fechner
1958,5_epo,8.0,416.04978382316733,fechner
1959,5_epo,9.0,421.4982866512522,fechner
1960,5_epo,10.0,426.8371108578737,fechner
1961,5_epo,11.0,432.046141598366,fechner
1962,5_epo,12.0,437.1027846255002,fechner
1963,5_epo,13.0,441.98578891324615,fechner
1964,5_epo,14.000000000000002,446.67737219626434,fechner
1965,5_epo,15.0,451.16417707478286,fechner
1966,5_epo,16.0,455.4374574983005,fechner
1967,5_epo,17.0,459.4927963906121,fechner
1968,5_epo,18.0,463.3295706810365,fechner
1969,5_epo,19.0,466.95031088275107,fechner
1970,5_epo,20.0,470.3600490990809,fechner
1971,5_epo,21.0,473.5657105358858,fechner
1972,5_epo,22.0,476.57557677549295,fechner
1973,5_epo,23.0,479.3988315020881,fechner
1974,5_epo,24.0,482.045188571434,fechner
1975,5_epo,25.0,484.5245962369129,fechner
1976,5_epo,26.0,486.84700839925443,fechner
1977,5_epo,27.0,489.02221278452976,fechner
1978,5_epo,28.000000000000004,491.05970616698744,fechner
1979,5_epo,28.999999999999996,492.96860759856287,fechner
1980,5_epo,30.0,494.75760173728946,fechner
1981,5_epo,31.0,496.43490556953236,fechner
1982,5_epo,32.0,498.0082529742874,fechner
1983,5_epo,33.0,499.48489261936504,fechner
1984,5_epo,34.0,500.87159558367387,fechner
1985,5_epo,35.0,502.17466986352997,fechner
1986,5_epo,36.0,503.3999795524502,fechner
1987,5_epo,37.0,504.55296699759987,fechner
1988,5_epo,38.0,505.6386766483032,fechner
1989,5_epo,39.0,506.66177963904255,fechner
1990,5_epo,40.0,507.6265984060966,fechner
1991,5_epo,41.0,508.53713083657414,fechner
1992,5_epo,42.0,509.39707360232364,fechner
1993,5_epo,43.0,510.2098444484104,fechner
1994,5_epo,44.0,510.9786032942845,fechner
1995,5_epo,45.0,511.70627207165654,fechner
1996,5_epo,46.0,512.3955532714788,fechner
1997,5_epo,47.0,513.0489472072985,fechner
1998,5_epo,48.0,513.6687680267726,fechner
1999,5_epo,49.0,514.2571585197798,fechner
2000,5_epo,50.0,514.8161037822961,fechner
2001,5_epo,51.0,515.3474438014925,fechner
2002,5_epo,52.0,515.8528850305687,fechner
2003,5_epo,53.0,516.334011022508,fechner
2004,5_epo,54.0,516.7922921909516,fechner
2005,5_epo,55.00000000000001,517.2290947642242,fechner
2006,5_epo,56.00000000000001,517.6456889956213,fechner
2007,5_epo,56.99999999999999,518.0432566896651,fechner
2008,5_epo,57.99999999999999,518.4228981003691,fechner
2009,5_epo,59.0,518.7856382537859,fechner
2010,5_epo,60.0,519.1324327433537,fechner
2011,5_epo,61.0,519.4641730428906,fechner
2012,5_epo,62.0,519.7816913785535,fechner
2013,5_epo,63.0,520.085765197733,fechner
2014,5_epo,64.0,520.3771212696989,fechner
2015,5_epo,65.0,520.6564394498665,fechner
2016,5_epo,66.0,520.9243561368133,fechner
2017,5_epo,67.0,521.1814674486455,fechner
2018,5_epo,68.0,521.4283321429788,fechner
2019,5_epo,69.0,521.6654743026571,fechner
2020,5_epo,70.0,521.893385807368,fechner
2021,5_epo,71.0,522.1125286095195,fechner
2022,5_epo,72.0,522.323336831101,fechner
2023,5_epo,73.0,522.5262186967624,fechner
2024,5_epo,74.0,522.7215583169802,fechner
2025,5_epo,75.0,522.9097173339422,fechner
2026,5_epo,76.0,523.0910364416602,fechner
2027,5_epo,77.0,523.2658367907909,fechner
2028,5_epo,78.0,523.4344212877212,fechner
2029,5_epo,79.0,523.5970757966269,fechner
2030,5_epo,80.0,523.7540702524466,fechner
2031,5_epo,81.0,523.9056596920175,fechner
2032,5_epo,82.0,524.0520852099856,fechner
2033,5_epo,83.0,524.1935748455297,fechner
2034,5_epo,84.0,524.3303444054137,fechner
2035,5_epo,85.0,524.4625982284115,fechner
2036,5_epo,86.0,524.5905298957116,fechner
2037,5_epo,87.0,524.7143228915229,fechner
2038,5_epo,88.0,524.8341512177383,fechner
2039,5_epo,89.0,524.9501799661975,fechner
2040,5_epo,90.0,525.0625658517861,fechner
2041,5_epo,91.0,525.1714577093431,fechner
2042,5_epo,92.0,525.2769969571045,fechner
2043,5_epo,93.0,525.3793180291832,fechner
2044,5_epo,94.0,525.478548779385,fechner
2045,5_epo,95.0,525.5748108584737,fechner
2046,6_epo,3.0,624.090115996304,fechner
2047,6_epo,4.0,635.2148450035486,fechner
2048,6_epo,5.0,644.7997563779631,fechner
2049,6_epo,6.0,653.9019309395455,fechner
2050,6_epo,7.000000000000001,662.7740953889062,fechner
2051,6_epo,8.0,671.5156186747262,fechner
2052,6_epo,9.0,680.1749210586206,fechner
2053,6_epo,10.0,688.7787615923963,fechner
2054,6_epo,11.0,697.3431679961022,fechner
2055,6_epo,12.0,705.8781847561498,fechner
2056,6_epo,13.0,714.3901261828074,fechner
2057,6_epo,14.000000000000002,722.8827003285462,fechner
2058,6_epo,15.0,731.3575924909107,fechner
2059,6_epo,16.0,739.8147910140057,fechner
2060,6_epo,17.0,748.2527989520576,fechner
2061,6_epo,18.0,756.6688041993111,fechner
2062,6_epo,19.0,765.0588420564625,fechner
2063,6_epo,20.0,773.4179629589797,fechner
2064,6_epo,21.0,781.7404069276023,fechner
2065,6_epo,22.0,790.0197810915781,fechner
2066,6_epo,23.0,798.2492348549619,fechner
2067,6_epo,24.0,806.4216273446543,fechner
2068,6_epo,25.0,814.5296827243499,fechner
2069,6_epo,26.0,822.5661302104205,fechner
2070,6_epo,27.0,830.5238268716694,fechner
2071,6_epo,28.000000000000004,838.3958623830756,fechner
2072,6_epo,28.999999999999996,846.175645777083,fechner
2073,6_epo,30.0,853.8569748899257,fechner
2074,6_epo,31.0,861.4340896561656,fechner
2075,6_epo,32.0,868.9017106937913,fechner
2076,6_epo,33.0,876.2550647785971,fechner
2077,6_epo,34.0,883.4898988614246,fechner
2078,6_epo,35.0,890.6024842622888,fechner
2079,6_epo,36.0,897.5896126037153,fechner
2080,6_epo,37.0,904.4485849395878,fechner
2081,6_epo,38.0,911.1771954092218,fechner
2082,6_epo,39.0,917.7737106096231,fechner
2083,6_epo,40.0,924.2368457396229,fechner
2084,6_epo,41.0,930.5657384331971,fechner
2085,6_epo,42.0,936.7599210695278,fechner
2086,6_epo,43.0,942.8192922265961,fechner
2087,6_epo,44.0,948.744087834664,fechner
2088,6_epo,45.0,954.5348524866121,fechner
2089,6_epo,46.0,960.1924112737123,fechner
2090,6_epo,47.0,965.7178424378766,fechner
2091,6_epo,48.0,971.1124510640421,fechner
2092,6_epo,49.0,976.3777439785373,fechner
2093,6_epo,50.0,981.5154059701246,fechner
2094,6_epo,51.0,986.527277409132,fechner
2095,6_epo,52.0,991.4153333058241,fechner
2096,6_epo,53.0,996.1816638210599,fechner
2097,6_epo,54.0,1000.8284562196208,fechner
2098,6_epo,55.00000000000001,1005.3579782385777,fechner
2099,6_epo,56.00000000000001,1009.7725628291053,fechner
2100,6_epo,56.99999999999999,1014.0745942195837,fechner
2101,6_epo,57.99999999999999,1018.266495240163,fechner
2102,6_epo,59.0,1022.3507158436913,fechner
2103,6_epo,60.0,1026.3297227546468,fechner
2104,6_epo,61.0,1030.20599017607,fechner
2105,6_epo,62.0,1033.9819914841548,fechner
2106,6_epo,63.0,1037.6601918408924,fechner
2107,6_epo,64.0,1041.2430416566801,fechner
2108,6_epo,65.0,1044.7329708369818,fechner
2109,6_epo,66.0,1048.132383749751,fechner
2110,6_epo,67.0,1051.4436548532508,fechner
2111,6_epo,68.0,1054.66912492711,fechner
2112,6_epo,69.0,1057.8110978527125,fechner
2113,6_epo,70.0,1060.871837892377,fechner
2114,6_epo,71.0,1063.8535674201175,fechner
2115,6_epo,72.0,1066.7584650600625,fechner
2116,6_epo,73.0,1069.5886641918028,fechner
2117,6_epo,74.0,1072.3462517850435,fechner
2118,6_epo,75.0,1075.0332675288637,fechner
2119,6_epo,76.0,1077.651703223726,fechner
2120,6_epo,77.0,1080.2035024070146,fechner
2121,6_epo,78.0,1082.6905601853948,fechner
2122,6_epo,79.0,1085.1147232496223,fechner
2123,6_epo,80.0,1087.4777900496201,fechner
2124,6_epo,81.0,1089.781511109686,fechner
2125,6_epo,82.0,1092.0275894655456,fechner
2126,6_epo,83.0,1094.2176812067617,fechner
2127,6_epo,84.0,1096.3533961095652,fechner
2128,6_epo,85.0,1098.4362983466865,fechner
2129,6_epo,86.0,1100.467907262108,fechner
2130,6_epo,87.0,1102.4496981999143,fechner
2131,6_epo,88.0,1104.383103377532,fechner
2132,6_epo,89.0,1106.2695127947081,fechner
2133,6_epo,90.0,1108.110275170517,fechner
2134,6_epo,91.0,1109.906698901533,fechner
2135,6_epo,92.0,1111.6600530351034,fechner
2136,6_epo,93.0,1113.3715682523455,fechner
2137,6_epo,94.0,1115.0424378561515,fechner
2138,6_epo,95.0,1116.6738187600433,fechner
2139,7_epo,3.0,498.2026054357627,fechner
2140,7_epo,4.0,506.6820943303104,fechner
2141,7_epo,5.0,513.9879037104217,fechner
2142,7_epo,6.0,520.925761275367,fechner
2143,7_epo,7.000000000000001,527.688294577901,fechner
2144,7_epo,8.0,534.3511955180547,fechner
2145,7_epo,9.0,540.9511507830483,fechner
2146,7_epo,10.0,547.5079166866988,fechner
2147,7_epo,11.0,554.0323340759944,fechner
2148,7_epo,12.0,560.529674332612,fechner
2149,7_epo,13.0,567.0012210884852,fechner
2150,7_epo,14.000000000000002,573.445164524401,fechner
2151,7_epo,15.0,579.8572367232233,fechner
2152,7_epo,16.0,586.2312523417498,fechner
2153,7_epo,17.0,592.5596066223605,fechner
2154,7_epo,18.0,598.8337377601158,fechner
2155,7_epo,19.0,605.0445461205667,fechner
2156,7_epo,20.0,611.1827613490452,fechner
2157,7_epo,21.0,617.2392516798117,fechner
2158,7_epo,22.0,623.2052739431537,fechner
2159,7_epo,23.0,629.0726663508167,fechner
2160,7_epo,24.0,634.8339886686434,fechner
2161,7_epo,25.0,640.4826158855208,fechner
2162,7_epo,26.0,646.0127921552616,fechner
2163,7_epo,27.0,651.4196518501471,fechner
2164,7_epo,28.000000000000004,656.6992142240891,fechner
2165,7_epo,28.999999999999996,661.8483576004517,fechner
2166,7_epo,30.0,666.8647782932702,fechner
2167,7_epo,31.0,671.746938723961,fechner
2168,7_epo,32.0,676.4940084635654,fechner
2169,7_epo,33.0,681.1058012471291,fechner
2170,7_epo,34.0,685.5827103908297,fechner
2171,7_epo,35.0,689.9256445023437,fechner
2172,7_epo,36.0,694.1359649120083,fechner
2173,7_epo,37.0,698.215425863445,fechner
2174,7_epo,38.0,702.1661181816645,fechner
2175,7_epo,39.0,705.990416877042,fechner
2176,7_epo,40.0,709.6909329372771,fechner
2177,7_epo,41.0,713.2704693988359,fechner
2178,7_epo,42.0,716.7319816672604,fechner
2179,7_epo,43.0,720.0785419655,fechner
2180,7_epo,44.0,723.3133077252254,fechner
2181,7_epo,45.0,726.4394936928567,fechner
2182,7_epo,46.0,729.4603474953705,fechner
2183,7_epo,47.0,732.3791283972179,fechner
2184,7_epo,48.0,735.1990889757764,fechner
2185,7_epo,49.0,737.9234594462257,fechner
2186,7_epo,50.0,740.5554343754972,fechner
2187,7_epo,51.0,743.0981615374039,fechner
2188,7_epo,52.0,745.5547326759277,fechner
2189,7_epo,53.0,747.9281759599083,fechner
2190,7_epo,54.0,750.2214499293132,fechner
2191,7_epo,55.00000000000001,752.4374387502548,fechner
2192,7_epo,56.00000000000001,754.5789486125946,fechner
2193,7_epo,56.99999999999999,756.6487051199861,fechner
2194,7_epo,57.99999999999999,758.6493515374023,fechner
2195,7_epo,59.0,760.5834477754105,fechner
2196,7_epo,60.0,762.453470003664,fechner
2197,7_epo,61.0,764.2618107982114,fechner
2198,7_epo,62.0,766.0107797383333,fechner
2199,7_epo,63.0,767.7026043786852,fechner
2200,7_epo,64.0,769.3394315316409,fechner
2201,7_epo,65.0,770.9233288029229,fechner
2202,7_epo,66.0,772.4562863309463,fechner
2203,7_epo,67.0,773.9402186868474,fechner
2204,7_epo,68.0,775.3769668980017,fechner
2205,7_epo,69.0,776.7683005629962,fechner
2206,7_epo,70.0,778.1159200305827,fechner
2207,7_epo,71.0,779.4214586191697,fechner
2208,7_epo,72.0,780.6864848569415,fechner
2209,7_epo,73.0,781.912504725798,fechner
2210,7_epo,74.0,783.1009638950188,fechner
2211,7_epo,75.0,784.2532499329209,fechner
2212,7_epo,76.0,785.3706944868387,fechner
2213,7_epo,77.0,786.454575423538,fechner
2214,7_epo,78.0,787.5061189237229,fechner
2215,7_epo,79.0,788.5265015256235,fechner
2216,7_epo,80.0,789.5168521138028,fechner
2217,7_epo,81.0,790.4782538502998,fechner
2218,7_epo,82.0,791.4117460460618,fechner
2219,7_epo,83.0,792.3183259713406,fechner
2220,7_epo,84.0,793.1989506043178,fechner
2221,7_epo,85.0,794.0545383177412,fechner
2222,7_epo,86.0,794.8859705037745,fechner
2223,7_epo,87.0,795.6940931376191,fechner
2224,7_epo,88.0,796.4797182807456,fechner
2225,7_epo,89.0,797.2436255248255,fechner
2226,7_epo,90.0,797.9865633776253,fechner
2227,7_epo,91.0,798.7092505922897,fechner
2228,7_epo,92.0,799.4123774415451,fechner
2229,7_epo,93.0,800.0966069384448,fechner
2230,7_epo,94.0,800.7625760053419,fechner
2231,7_epo,95.0,801.410896592807,fechner
2232,8_epo,3.0,427.67806921888746,fechner
2233,8_epo,4.0,427.67806921893265,fechner
2234,8_epo,5.0,427.6780692189445,fechner
2235,8_epo,6.0,427.67806921894976,fechner
2236,8_epo,7.000000000000001,427.6780692189526,fechner
2237,8_epo,8.0,427.6780692189544,fechner
2238,8_epo,9.0,427.67806921895556,fechner
2239,8_epo,10.0,427.67806921895635,fechner
2240,8_epo,11.0,427.678069218957,fechner
2241,8_epo,12.0,427.6780692189574,fechner
2242,8_epo,13.0,427.6780692189577,fechner
2243,8_epo,14.000000000000002,427.678069218958,fechner
2244,8_epo,15.0,427.6780692189582,fechner
2245,8_epo,16.0,427.6780692189584,fechner
2246,8_epo,17.0,427.6780692189585,fechner
2247,8_epo,18.0,427.6780692189587,fechner
2248,8_epo,19.0,427.67806921895874,fechner
2249,8_epo,20.0,427.67806921895885,fechner
2250,8_epo,21.0,427.6780692189589,fechner
2251,8_epo,22.0,427.678069218959,fechner
2252,8_epo,23.0,427.6780692189591,fechner
2253,8_epo,24.0,427.6780692189591,fechner
2254,8_epo,25.0,427.67806921895914,fechner
2255,8_epo,26.0,427.6780692189592,fechner
2256,8_epo,27.0,427.6780692189592,fechner
2257,8_epo,28.000000000000004,427.67806921895925,fechner
2258,8_epo,28.999999999999996,427.6780692189593,fechner
2259,8_epo,30.0,427.6780692189593,fechner
2260,8_epo,31.0,427.6780692189593,fechner
2261,8_epo,32.0,427.67806921895937,fechner
2262,8_epo,33.0,427.67806921895937,fechner
2263,8_epo,34.0,427.67806921895937,fechner
2264,8_epo,35.0,427.6780692189594,fechner
2265,8_epo,36.0,427.6780692189594,fechner
2266,8_epo,37.0,427.6780692189594,fechner
2267,8_epo,38.0,427.6780692189594,fechner
2268,8_epo,39.0,427.6780692189595,fechner
2269,8_epo,40.0,427.6780692189595,fechner
2270,8_epo,41.0,427.6780692189595,fechner
2271,8_epo,42.0,427.6780692189595,fechner
2272,8_epo,43.0,427.6780692189595,fechner
2273,8_epo,44.0,427.6780692189595,fechner
2274,8_epo,45.0,427.6780692189595,fechner
2275,8_epo,46.0,427.67806921895954,fechner
2276,8_epo,47.0,427.67806921895954,fechner
2277,8_epo,48.0,427.67806921895954,fechner
2278,8_epo,49.0,427.67806921895954,fechner
2279,8_epo,50.0,427.67806921895954,fechner
2280,8_epo,51.0,427.67806921895954,fechner
2281,8_epo,52.0,427.67806921895954,fechner
2282,8_epo,53.0,427.67806921895954,fechner
2283,8_epo,54.0,427.67806921895954,fechner
2284,8_epo,55.00000000000001,427.67806921895954,fechner
2285,8_epo,56.00000000000001,427.67806921895954,fechner
2286,8_epo,56.99999999999999,427.6780692189596,fechner
2287,8_epo,57.99999999999999,427.6780692189596,fechner
2288,8_epo,59.0,427.6780692189596,fechner
2289,8_epo,60.0,427.6780692189596,fechner
2290,8_epo,61.0,427.6780692189596,fechner
2291,8_epo,62.0,427.6780692189596,fechner
2292,8_epo,63.0,427.6780692189596,fechner
2293,8_epo,64.0,427.6780692189596,fechner
2294,8_epo,65.0,427.6780692189596,fechner
2295,8_epo,66.0,427.6780692189596,fechner
2296,8_epo,67.0,427.6780692189596,fechner
2297,8_epo,68.0,427.6780692189596,fechner
2298,8_epo,69.0,427.6780692189596,fechner
2299,8_epo,70.0,427.6780692189596,fechner
2300,8_epo,71.0,427.6780692189596,fechner
2301,8_epo,72.0,427.6780692189596,fechner
2302,8_epo,73.0,427.6780692189596,fechner
2303,8_epo,74.0,427.6780692189596,fechner
2304,8_epo,75.0,427.6780692189596,fechner
2305,8_epo,76.0,427.6780692189596,fechner
2306,8_epo,77.0,427.6780692189596,fechner
2307,8_epo,78.0,427.6780692189596,fechner
2308,8_epo,79.0,427.6780692189596,fechner
2309,8_epo,80.0,427.6780692189596,fechner
2310,8_epo,81.0,427.6780692189596,fechner
2311,8_epo,82.0,427.6780692189596,fechner
2312,8_epo,83.0,427.6780692189596,fechner
2313,8_epo,84.0,427.6780692189596,fechner
2314,8_epo,85.0,427.67806921895965,fechner
2315,8_epo,86.0,427.67806921895965,fechner
2316,8_epo,87.0,427.67806921895965,fechner
2317,8_epo,88.0,427.67806921895965,fechner
2318,8_epo,89.0,427.67806921895965,fechner
2319,8_epo,90.0,427.67806921895965,fechner
2320,8_epo,91.0,427.67806921895965,fechner
2321,8_epo,92.0,427.67806921895965,fechner
2322,8_epo,93.0,427.67806921895965,fechner
2323,8_epo,94.0,427.67806921895965,fechner
2324,8_epo,95.0,427.67806921895965,fechner
2325,9_epo,3.0,510.43836917847295,fechner
2326,9_epo,4.0,537.9666463769576,fechner
2327,9_epo,5.0,561.6841680795169,fechner
2328,9_epo,6.0,584.2011556031755,fechner
2329,9_epo,7.000000000000001,606.1197008094225,fechner
2330,9_epo,8.0,627.6326348982834,fechner
2331,9_epo,9.0,648.7757763474325,fechner
2332,9_epo,10.0,669.5094649295082,fechner
2333,9_epo,11.0,689.7588285003314,fechner
2334,9_epo,12.0,709.4379467072374,fechner
2335,9_epo,13.0,728.4647022430104,fechner
2336,9_epo,14.000000000000002,746.7692488555114,fechner
2337,9_epo,15.0,764.2980239076613,fechner
2338,9_epo,16.0,781.014779560911,fechner
2339,9_epo,17.0,796.899757606187,fechner
2340,9_epo,18.0,811.9478295644165,fechner
2341,9_epo,19.0,826.1661704705494,fechner
2342,9_epo,20.0,839.5718361697815,fechner
2343,9_epo,21.0,852.1894668841703,fechner
2344,9_epo,22.0,864.0492364577042,fechner
2345,9_epo,23.0,875.1850977677734,fechner
2346,9_epo,24.0,885.6333314709204,fechner
2347,9_epo,25.0,895.4313800616247,fechner
2348,9_epo,26.0,904.6169363006571,fechner
2349,9_epo,27.0,913.2272500557732,fechner
2350,9_epo,28.000000000000004,921.2986173950086,fechner
2351,9_epo,28.999999999999996,928.8660182686117,fechner
2352,9_epo,30.0,935.9628729258835,fechner
2353,9_epo,31.0,942.6208914725424,fechner
2354,9_epo,32.0,948.8699951725225,fechner
2355,9_epo,33.0,954.7382919601906,fechner
2356,9_epo,34.0,960.2520920291122,fechner
2357,9_epo,35.0,965.4359522670311,fechner
2358,9_epo,36.0,970.3127407308008,fechner
2359,9_epo,37.0,974.9037143436482,fechner
2360,9_epo,38.0,979.2286046055624,fechner
2361,9_epo,39.0,983.3057073930115,fechner
2362,9_epo,40.0,987.151973940697,fechner
2363,9_epo,41.0,990.7831008941779,fechner
2364,9_epo,42.0,994.2136179399389,fechner
2365,9_epo,43.0,997.4569719943223,fechner
2366,9_epo,44.0,1000.525607294084,fechner
2367,9_epo,45.0,1003.4310410033061,fechner
2368,9_epo,46.0,1006.1839341533771,fechner
2369,9_epo,47.0,1008.794157880447,fechner
2370,9_epo,48.0,1011.270855030493,fechner
2371,9_epo,49.0,1013.6224972757941,fechner
2372,9_epo,50.0,1015.8569379358515,fechner
2373,9_epo,51.0,1017.9814607266793,fechner
2374,9_epo,52.0,1020.0028246795907,fechner
2375,9_epo,53.0,1021.9273054777398,fechner
2376,9_epo,54.0,1023.7607334585506,fechner
2377,9_epo,55.00000000000001,1025.5085285248952,fechner
2378,9_epo,56.00000000000001,1027.1757321990772,fechner
2379,9_epo,56.99999999999999,1028.7670370426097,fechner
2380,9_epo,57.99999999999999,1030.2868136522738,fechner
2381,9_epo,59.0,1031.739135429764,fechner
2382,9_epo,60.0,1033.1278013088158,fechner
2383,9_epo,61.0,1034.4563566104287,fechner
2384,9_epo,62.0,1035.72811218388,fechner
2385,9_epo,63.0,1036.9461619788717,fechner
2386,9_epo,64.0,1038.1133991824154,fechner
2387,9_epo,65.0,1039.232531043039,fechner
2388,9_epo,66.0,1040.3060924946158,fechner
2389,9_epo,67.0,1041.336458682533,fechner
2390,9_epo,68.0,1042.3258564861023,fechner
2391,9_epo,69.0,1043.2763751229334,fechner
2392,9_epo,70.0,1044.1899759135256,fechner
2393,9_epo,71.0,1045.0685012774584,fechner
2394,9_epo,72.0,1045.913683026261,fechner
2395,9_epo,73.0,1046.7271500123286,fechner
2396,9_epo,74.0,1047.510435187987,fechner
2397,9_epo,75.0,1048.2649821240416,fechner
2398,9_epo,76.0,1048.9921510328024,fechner
2399,9_epo,77.0,1049.6932243365954,fechner
2400,9_epo,78.0,1050.3694118191947,fechner
2401,9_epo,79.0,1051.0218553943007,fechner
2402,9_epo,80.0,1051.6516335222389,fechner
2403,9_epo,81.0,1052.2597653033156,fechner
2404,9_epo,82.0,1052.8472142738212,fechner
2405,9_epo,83.0,1053.4148919284173,fechner
2406,9_epo,84.0,1053.9636609906179,fechner
2407,9_epo,85.0,1054.4943384511978,fechner
2408,9_epo,86.0,1055.0076983927086,fechner
2409,9_epo,87.0,1055.5044746167068,fechner
2410,9_epo,88.0,1055.9853630889343,fechner
2411,9_epo,89.0,1056.4510242163956,fechner
2412,9_epo,90.0,1056.9020849691321,fechner
2413,9_epo,91.0,1057.339140858419,fechner
2414,9_epo,92.0,1057.7627577821668,fechner
2415,9_epo,93.0,1058.1734737474121,fechner
2416,9_epo,94.0,1058.5718004789892,fechner
2417,9_epo,95.0,1058.9582249227394,fechner
