,participant,contrast,mrt,name
0,0_epo,3.0,11.684860766099058,fechner
1,0_epo,4.0,12.71583338284385,fechner
2,0_epo,5.0,13.444608516632131,fechner
3,0_epo,6.0,13.980284846813593,fechner
4,0_epo,7.000000000000001,14.376913659023725,fechner
5,0_epo,8.0,14.673818642110813,fechner
6,0_epo,9.0,14.899250449148502,fechner
7,0_epo,10.0,15.073073102448957,fechner
8,0_epo,11.0,15.209172995686671,fechner
9,0_epo,12.0,15.317304046552291,fechner
10,0_epo,13.0,15.404388973545863,fechner
11,0_epo,14.000000000000002,15.475405473737402,fechner
12,0_epo,15.0,15.533983135339941,fechner
13,0_epo,16.0,15.582806023868905,fechner
14,0_epo,17.0,15.62388627873814,fechner
15,0_epo,18.0,15.658752068742306,fechner
16,0_epo,19.0,15.68857831103291,fechner
17,0_epo,20.0,15.714278757035197,fechner
18,0_epo,21.0,15.736571700076563,fechner
19,0_epo,22.0,15.756027451162808,fechner
20,0_epo,23.0,15.7731030571406,fechner
21,0_epo,24.0,15.788167982716203,fechner
22,0_epo,25.0,15.801523316362687,fechner
23,0_epo,26.0,15.813416282009495,fechner
24,0_epo,27.0,15.824051311118268,fechner
25,0_epo,28.000000000000004,15.833598568359578,fechner
26,0_epo,28.999999999999996,15.842200573637093,fechner
27,0_epo,30.0,15.849977387718123,fechner
28,0_epo,31.0,15.857030704479591,fechner
29,0_epo,32.0,15.863447103915053,fechner
30,0_epo,33.0,15.86930065587643,fechner
31,0_epo,34.0,15.874655017752834,fechner
32,0_epo,35.0,15.879565134898108,fechner
33,0_epo,36.0,15.884078627117173,fechner
34,0_epo,37.0,15.888236925459285,fechner
35,0_epo,38.0,15.892076209207573,fechner
36,0_epo,39.0,15.895628182059474,fechner
37,0_epo,40.0,15.898920718167908,fechner
38,0_epo,41.0,15.901978402309627,fechner
39,0_epo,42.0,15.9048229834904,fechner
40,0_epo,43.0,15.907473757435707,fechner
41,0_epo,44.0,15.909947890391463,fechner
42,0_epo,45.0,15.912260694276467,fechner
43,0_epo,46.0,15.914425861341428,fechner
44,0_epo,47.0,15.916455664987222,fechner
45,0_epo,48.0,15.91836113219328,fechner
46,0_epo,49.0,15.920152192041307,fechner
47,0_epo,50.0,15.921837804039503,fechner
48,0_epo,51.0,15.923426069320207,fechner
49,0_epo,52.0,15.924924327268961,fechner
50,0_epo,53.0,15.926339239721765,fechner
51,0_epo,54.0,15.927676864521974,fechner
52,0_epo,55.00000000000001,15.92894271994344,fechner
53,0_epo,56.00000000000001,15.930141841251134,fechner
54,0_epo,56.99999999999999,15.93127883047523,fechner
55,0_epo,57.99999999999999,15.932357900312049,fechner
56,0_epo,59.0,15.933382912929408,fechner
57,0_epo,60.0,15.934357414340301,fechner
58,0_epo,61.0,15.935284664913091,fechner
59,0_epo,62.0,15.936167666505956,fechner
60,0_epo,63.0,15.937009186645243,fechner
61,0_epo,64.0,15.937811780109556,fechner
62,0_epo,65.0,15.938577808232518,fechner
63,0_epo,66.0,15.939309456195359,fechner
64,0_epo,67.0,15.940008748544676,fechner
65,0_epo,68.0,15.94067756314041,fechner
66,0_epo,69.0,15.941317643712598,fechner
67,0_epo,70.0,15.941930611183171,fechner
68,0_epo,71.0,15.94251797388951,fechner
69,0_epo,72.0,15.943081136829703,fechner
70,0_epo,73.0,15.943621410034911,fechner
71,0_epo,74.0,15.944140016161759,fechner
72,0_epo,75.0,15.944638097386541,fechner
73,0_epo,76.0,15.945116721673637,fechner
74,0_epo,77.0,15.945576888482146,fechner
75,0_epo,78.0,15.946019533967519,fechner
76,0_epo,79.0,15.94644553572857,fechner
77,0_epo,80.0,15.94685571714466,fechner
78,0_epo,81.0,15.947250851342996,fechner
79,0_epo,82.0,15.947631664831597,fechner
80,0_epo,83.0,15.947998840829747,fechner
81,0_epo,84.0,15.948353022324357,fechner
82,0_epo,85.0,15.948694814877669,fechner
83,0_epo,86.0,15.949024789209183,fechner
84,0_epo,87.0,15.949343483572271,fechner
85,0_epo,88.0,15.949651405943913,fechner
86,0_epo,89.0,15.949949036044211,fechner
87,0_epo,90.0,15.95023682720051,fechner
88,0_epo,91.0,15.950515208069758,fechner
89,0_epo,92.0,15.950784584231211,fechner
90,0_epo,93.0,15.951045339660515,fechner
91,0_epo,94.0,15.951297838095197,fechner
92,0_epo,95.0,15.951542424300538,fechner
93,10_epo,3.0,14.631712682302307,fechner
94,10_epo,4.0,15.166308956277428,fechner
95,10_epo,5.0,15.314307096520354,fechner
96,10_epo,6.0,15.381278065454625,fechner
97,10_epo,7.000000000000001,15.418118661781238,fechner
98,10_epo,8.0,15.440780971667241,fechner
99,10_epo,9.0,15.455793587127712,fechner
100,10_epo,10.0,15.466283454617766,fechner
101,10_epo,11.0,15.473916036779102,fechner
102,10_epo,12.0,15.479649813602334,fechner
103,10_epo,13.0,15.484070158137426,fechner
104,10_epo,14.000000000000002,15.487551868338178,fechner
105,10_epo,15.0,15.490344355712425,fechner
106,10_epo,16.0,15.492619019409164,fechner
107,10_epo,17.0,15.494496905550346,fechner
108,10_epo,18.0,15.49606552910499,fechner
109,10_epo,19.0,15.497389466913777,fechner
110,10_epo,20.0,15.49851723182153,fechner
111,10_epo,21.0,15.499485852137518,fechner
112,10_epo,22.0,15.500323993826042,fechner
113,10_epo,23.0,15.501054133387141,fechner
114,10_epo,24.0,15.501694098163377,fechner
115,10_epo,25.0,15.502258176486052,fechner
116,10_epo,26.0,15.502757929900314,fechner
117,10_epo,27.0,15.503202795600876,fechner
118,10_epo,28.000000000000004,15.503600538886708,fechner
119,10_epo,28.999999999999996,15.503957596896797,fechner
120,10_epo,30.0,15.504279342527726,fechner
121,10_epo,31.0,15.504570289059249,fechner
122,10_epo,32.0,15.504834250254103,fechner
123,10_epo,33.0,15.505074466682299,fechner
124,10_epo,34.0,15.505293706182666,fechner
125,10_epo,35.0,15.505494344346605,fechner
126,10_epo,36.0,15.505678429442801,fechner
127,10_epo,37.0,15.505847735130887,fechner
128,10_epo,38.0,15.506003803522134,fechner
129,10_epo,39.0,15.506147980557355,fechner
130,10_epo,40.0,15.506281445230721,fechner
131,10_epo,41.0,15.50640523385415,fechner
132,10_epo,42.0,15.506520260301885,fechner
133,10_epo,43.0,15.506627332979365,fechner
134,10_epo,44.0,15.506727169108666,fechner
135,10_epo,45.0,15.506820406805089,fechner
136,10_epo,46.0,15.506907615327094,fechner
137,10_epo,47.0,15.506989303808627,fechner
138,10_epo,48.0,15.507065928725668,fechner
139,10_epo,49.0,15.50713790030236,fechner
140,10_epo,50.0,15.507205588025577,fechner
141,10_epo,51.0,15.507269325407043,fechner
142,10_epo,52.0,15.507329414108083,fechner
143,10_epo,53.0,15.507386127522777,fechner
144,10_epo,54.0,15.507439713899313,fechner
145,10_epo,55.00000000000001,15.507490399066267,fechner
146,10_epo,56.00000000000001,15.507538388820135,fechner
147,10_epo,56.99999999999999,15.507583871021211,fechner
148,10_epo,57.99999999999999,15.50762701743799,fechner
149,10_epo,59.0,15.507667985373933,fechner
150,10_epo,60.0,15.507706919105479,fechner
151,10_epo,61.0,15.507743951155957,fechner
152,10_epo,62.0,15.507779203426427,fechner
153,10_epo,63.0,15.507812788201578,fechner
154,10_epo,64.0,15.507844809046142,fechner
155,10_epo,65.0,15.507875361605338,fechner
156,10_epo,66.0,15.507904534320835,fechner
157,10_epo,67.0,15.507932409072275,fechner
158,10_epo,68.0,15.507959061753168,fechner
159,10_epo,69.0,15.507984562788604,fechner
160,10_epo,70.0,15.508008977601465,fechner
161,10_epo,71.0,15.508032367032925,fechner
162,10_epo,72.0,15.508054787722246,fechner
163,10_epo,73.0,15.508076292450367,fechner
164,10_epo,74.0,15.50809693045111,fechner
165,10_epo,75.0,15.508116747693522,fechner
166,10_epo,76.0,15.508135787138302,fechner
167,10_epo,77.0,15.50815408897106,fechner
168,10_epo,78.0,15.508171690814715,fechner
169,10_epo,79.0,15.508188627923186,fechner
170,10_epo,80.0,15.508204933358183,fechner
171,10_epo,81.0,15.508220638150833,fechner
172,10_epo,82.0,15.508235771449526,fechner
173,10_epo,83.0,15.508250360655374,fechner
174,10_epo,84.0,15.508264431546444,fechner
175,10_epo,85.0,15.508278008391784,fechner
176,10_epo,86.0,15.508291114056208,fechner
177,10_epo,87.0,15.508303770096706,fechner
178,10_epo,88.0,15.508315996851202,fechner
179,10_epo,89.0,15.508327813520381,fechner
180,10_epo,90.0,15.508339238243153,fechner
181,10_epo,91.0,15.50835028816634,fechner
182,10_epo,92.0,15.508360979509133,fechner
183,10_epo,93.0,15.50837132762263,fechner
184,10_epo,94.0,15.50838134704503,fechner
185,10_epo,95.0,15.508391051552767,fechner
186,11_epo,3.0,13.53878627155095,fechner
187,11_epo,4.0,13.538788137356285,fechner
188,11_epo,5.0,13.538788626237984,fechner
189,11_epo,6.0,13.53878884375024,fechner
190,11_epo,7.000000000000001,13.538788962436122,fechner
191,11_epo,8.0,13.538789035107449,fechner
192,11_epo,9.0,13.53878908310763,fechner
193,11_epo,10.0,13.538789116580759,fechner
194,11_epo,11.0,13.538789140902074,fechner
195,11_epo,12.0,13.538789159153891,fechner
196,11_epo,13.0,13.538789173213706,fechner
197,11_epo,14.000000000000002,13.538789184281223,fechner
198,11_epo,15.0,13.538789193153553,fechner
199,11_epo,16.0,13.538789200377808,fechner
200,11_epo,17.0,13.538789206339995,fechner
201,11_epo,18.0,13.538789211318964,fechner
202,11_epo,19.0,13.538789215520332,fechner
203,11_epo,20.0,13.538789219098486,fechner
204,11_epo,21.0,13.538789222171213,fechner
205,11_epo,22.0,13.538789224829653,fechner
206,11_epo,23.0,13.53878922714525,fechner
207,11_epo,24.0,13.538789229174645,fechner
208,11_epo,25.0,13.538789230963232,fechner
209,11_epo,26.0,13.538789232547725,fechner
210,11_epo,27.0,13.53878923395809,fechner
211,11_epo,28.000000000000004,13.53878923521898,fechner
212,11_epo,28.999999999999996,13.538789236350826,fechner
213,11_epo,30.0,13.538789237370684,fechner
214,11_epo,31.0,13.538789238292871,fechner
215,11_epo,32.0,13.538789239129489,fechner
216,11_epo,33.0,13.538789239890818,fechner
217,11_epo,34.0,13.53878924058564,fechner
218,11_epo,35.0,13.53878924122149,fechner
219,11_epo,36.0,13.538789241804864,fechner
220,11_epo,37.0,13.538789242341384,fechner
221,11_epo,38.0,13.538789242835945,fechner
222,11_epo,39.0,13.538789243292813,fechner
223,11_epo,40.0,13.538789243715728,fechner
224,11_epo,41.0,13.538789244107972,fechner
225,11_epo,42.0,13.538789244472447,fechner
226,11_epo,43.0,13.538789244811712,fechner
227,11_epo,44.0,13.538789245128044,fechner
228,11_epo,45.0,13.538789245423464,fechner
229,11_epo,46.0,13.538789245699775,fechner
230,11_epo,47.0,13.538789245958595,fechner
231,11_epo,48.0,13.538789246201368,fechner
232,11_epo,49.0,13.538789246429396,fechner
233,11_epo,50.0,13.538789246643848,fechner
234,11_epo,51.0,13.538789246845782,fechner
235,11_epo,52.0,13.538789247036156,fechner
236,11_epo,53.0,13.538789247215833,fechner
237,11_epo,54.0,13.538789247385603,fechner
238,11_epo,55.00000000000001,13.538789247546179,fechner
239,11_epo,56.00000000000001,13.538789247698215,fechner
240,11_epo,56.99999999999999,13.538789247842306,fechner
241,11_epo,57.99999999999999,13.538789247978995,fechner
242,11_epo,59.0,13.538789248108785,fechner
243,11_epo,60.0,13.538789248232126,fechner
244,11_epo,61.0,13.538789248349444,fechner
245,11_epo,62.0,13.538789248461121,fechner
246,11_epo,63.0,13.538789248567516,fechner
247,11_epo,64.0,13.538789248668957,fechner
248,11_epo,65.0,13.538789248765745,fechner
249,11_epo,66.0,13.538789248858162,fechner
250,11_epo,67.0,13.538789248946467,fechner
251,11_epo,68.0,13.538789249030899,fechner
252,11_epo,69.0,13.538789249111684,fechner
253,11_epo,70.0,13.538789249189026,fechner
254,11_epo,71.0,13.53878924926312,fechner
255,11_epo,72.0,13.538789249334144,fechner
256,11_epo,73.0,13.538789249402267,fechner
257,11_epo,74.0,13.538789249467646,fechner
258,11_epo,75.0,13.53878924953042,fechner
259,11_epo,76.0,13.538789249590735,fechner
260,11_epo,77.0,13.538789249648712,fechner
261,11_epo,78.0,13.53878924970447,fechner
262,11_epo,79.0,13.538789249758123,fechner
263,11_epo,80.0,13.538789249809774,fechner
264,11_epo,81.0,13.538789249859525,fechner
265,11_epo,82.0,13.538789249907461,fechner
266,11_epo,83.0,13.538789249953677,fechner
267,11_epo,84.0,13.538789249998251,fechner
268,11_epo,85.0,13.538789250041258,fechner
269,11_epo,86.0,13.538789250082774,fechner
270,11_epo,87.0,13.538789250122862,fechner
271,11_epo,88.0,13.538789250161594,fechner
272,11_epo,89.0,13.538789250199025,fechner
273,11_epo,90.0,13.538789250235215,fechner
274,11_epo,91.0,13.538789250270218,fechner
275,11_epo,92.0,13.538789250304086,fechner
276,11_epo,93.0,13.538789250336865,fechner
277,11_epo,94.0,13.538789250368604,fechner
278,11_epo,95.0,13.538789250399343,fechner
279,12_epo,3.0,11.906062902668795,fechner
280,12_epo,4.0,13.06207387652476,fechner
281,12_epo,5.0,13.91510777564207,fechner
282,12_epo,6.0,14.567103263271207,fechner
283,12_epo,7.000000000000001,15.065251331447413,fechner
284,12_epo,8.0,15.447361591809146,fechner
285,12_epo,9.0,15.743015648444512,fechner
286,12_epo,10.0,15.974357270998635,fechner
287,12_epo,11.0,16.1575970951424,fechner
288,12_epo,12.0,16.304524047867066,fechner
289,12_epo,13.0,16.423732025182115,fechner
290,12_epo,14.000000000000002,16.521531584522872,fechner
291,12_epo,15.0,16.60260210391299,fechner
292,12_epo,16.0,16.670451402621147,fechner
293,12_epo,17.0,16.727738741879218,fechner
294,12_epo,18.0,16.776502633451237,fechner
295,12_epo,19.0,16.818322656736093,fechner
296,12_epo,20.0,16.85443543677818,fechner
297,12_epo,21.0,16.88581859366062,fechner
298,12_epo,22.0,16.913252132552273,fechner
299,12_epo,23.0,16.937363797933685,fechner
300,12_epo,24.0,16.958662918288404,fechner
301,12_epo,25.0,16.977565908404504,fechner
302,12_epo,26.0,16.99441566570352,fechner
303,12_epo,27.0,17.009496454699924,fechner
304,12_epo,28.000000000000004,17.023045426609958,fechner
305,12_epo,28.999999999999996,17.03526160713763,fechner
306,12_epo,30.0,17.046312962937993,fechner
307,12_epo,31.0,17.05634199812165,fechner
308,12_epo,32.0,17.06547021734845,fechner
309,12_epo,33.0,17.073801708499758,fechner
310,12_epo,34.0,17.081426036596866,fechner
311,12_epo,35.0,17.088420595265177,fechner
312,12_epo,36.0,17.094852528215746,fechner
313,12_epo,37.0,17.100780307804047,fechner
314,12_epo,38.0,17.10625503849724,fechner
315,12_epo,39.0,17.111321538431735,fechner
316,12_epo,40.0,17.11601924100741,fechner
317,12_epo,41.0,17.120382949792727,fechner
318,12_epo,42.0,17.12444347328111,fechner
319,12_epo,43.0,17.128228160779067,fechner
320,12_epo,44.0,17.13176135657494,fechner
321,12_epo,45.0,17.13506478627476,fechner
322,12_epo,46.0,17.138157886601586,fechner
323,12_epo,47.0,17.141058087888997,fechner
324,12_epo,48.0,17.14378105684323,fechner
325,12_epo,49.0,17.146340905815237,fechner
326,12_epo,50.0,17.148750373745322,fechner
327,12_epo,51.0,17.151020983067433,fechner
328,12_epo,52.0,17.153163176145526,fechner
329,12_epo,53.0,17.155186434229936,fechner
330,12_epo,54.0,17.157099381440844,fechner
331,12_epo,55.00000000000001,17.15890987588952,fechner
332,12_epo,56.00000000000001,17.160625089720014,fechner
333,12_epo,56.99999999999999,17.16225157958115,fechner
334,12_epo,57.99999999999999,17.16379534881174,fechner
335,12_epo,59.0,17.16526190243203,fechner
336,12_epo,60.0,17.166656295875036,fechner
337,12_epo,61.0,17.16798317825772,fechner
338,12_epo,62.0,17.16924683087886,fechner
339,12_epo,63.0,17.170451201534906,fechner
340,12_epo,64.0,17.17159993516436,fechner
341,12_epo,65.0,17.172696401261888,fechner
342,12_epo,66.0,17.17374371844511,fechner
343,12_epo,67.0,17.17474477650642,fechner
344,12_epo,68.0,17.175702256239497,fechner
345,12_epo,69.0,17.17661864729308,fechner
346,12_epo,70.0,17.177496264272875,fechner
347,12_epo,71.0,17.178337261285073,fechner
348,12_epo,72.0,17.17914364509123,fechner
349,12_epo,73.0,17.179917287023883,fechner
350,12_epo,74.0,17.180659933794253,fechner
351,12_epo,75.0,17.18137321730824,fechner
352,12_epo,76.0,17.182058663593082,fechner
353,12_epo,77.0,17.18271770092558,fechner
354,12_epo,78.0,17.183351667242327,fechner
355,12_epo,79.0,17.183961816903494,fechner
356,12_epo,80.0,17.184549326873697,fechner
357,12_epo,81.0,17.185115302376637,fechner
358,12_epo,82.0,17.18566078207406,fechner
359,12_epo,83.0,17.186186742814115,fechner
360,12_epo,84.0,17.18669410398962,fechner
361,12_epo,85.0,17.18718373154225,fechner
362,12_epo,86.0,17.18765644164528,fechner
363,12_epo,87.0,17.188113004093854,fechner
364,12_epo,88.0,17.188554145429134,fechner
365,12_epo,89.0,17.188980551819824,fechner
366,12_epo,90.0,17.189392871722443,fechner
367,12_epo,91.0,17.189791718339393,fechner
368,12_epo,92.0,17.19017767189235,fechner
369,12_epo,93.0,17.19055128172654,fechner
370,12_epo,94.0,17.19091306826014,fechner
371,12_epo,95.0,17.19126352479171,fechner
372,13_epo,3.0,9.526443743606576,fechner
373,13_epo,4.0,11.093595658963944,fechner
374,13_epo,5.0,11.61822778491115,fechner
375,13_epo,6.0,11.871685050637199,fechner
376,13_epo,7.000000000000001,12.0157255553031,fechner
377,13_epo,8.0,12.106025654897593,fechner
378,13_epo,9.0,12.166572907453867,fechner
379,13_epo,10.0,12.20922934753767,fechner
380,13_epo,11.0,12.24044967439972,fechner
381,13_epo,12.0,12.26400525078044,fechner
382,13_epo,13.0,12.282225131936368,fechner
383,13_epo,14.000000000000002,12.296613173515452,fechner
384,13_epo,15.0,12.308176702108412,fechner
385,13_epo,16.0,12.317611572228763,fechner
386,13_epo,17.0,12.32541127675415,fechner
387,13_epo,18.0,12.33193383207997,fechner
388,13_epo,19.0,12.33744416980378,fechner
389,13_epo,20.0,12.342141793589425,fechner
390,13_epo,21.0,12.346179286650866,fechner
391,13_epo,22.0,12.349674977818678,fechner
392,13_epo,23.0,12.352721785100442,fechner
393,13_epo,24.0,12.35539350222261,fechner
394,13_epo,25.0,12.35774934052695,fechner
395,13_epo,26.0,12.359837259032753,fechner
396,13_epo,27.0,12.361696438973466,fechner
397,13_epo,28.000000000000004,12.36335914533105,fechner
398,13_epo,28.999999999999996,12.364852143130044,fechner
399,13_epo,30.0,12.36619778627067,fechner
400,13_epo,31.0,12.367414862725996,fechner
401,13_epo,32.0,12.368519256519821,fechner
402,13_epo,33.0,12.369524470543032,fechner
403,13_epo,34.0,12.370442042687998,fechner
404,13_epo,35.0,12.371281879489237,fechner
405,13_epo,36.0,12.372052525455603,fechner
406,13_epo,37.0,12.37276138188772,fechner
407,13_epo,38.0,12.373414885731343,fechner
408,13_epo,39.0,12.374018656599977,fechner
409,13_epo,40.0,12.374577618283457,fechner
410,13_epo,41.0,12.375096099682324,fechner
411,13_epo,42.0,12.375577919057005,fechner
412,13_epo,43.0,12.376026454672463,fechner
413,13_epo,44.0,12.376444704293366,fechner
414,13_epo,45.0,12.376835335497168,fechner
415,13_epo,46.0,12.377200728390253,fechner
416,13_epo,47.0,12.377543012010914,fechner
417,13_epo,48.0,12.377864095463657,fechner
418,13_epo,49.0,12.378165694639057,fechner
419,13_epo,50.0,12.378449355220429,fechner
420,13_epo,51.0,12.378716472555727,fechner
421,13_epo,52.0,12.378968308873617,fechner
422,13_epo,53.0,12.379206008241951,fechner
423,13_epo,54.0,12.379430609600744,fechner
424,13_epo,55.00000000000001,12.379643058147938,fechner
425,13_epo,56.00000000000001,12.379844215311687,fechner
426,13_epo,56.99999999999999,12.380034867506287,fechner
427,13_epo,57.99999999999999,12.380215733838385,fechner
428,13_epo,59.0,12.380387472904985,fechner
429,13_epo,60.0,12.380550688803465,fechner
430,13_epo,61.0,12.38070593645645,fechner
431,13_epo,62.0,12.380853726339257,fechner
432,13_epo,63.0,12.380994528685411,fechner
433,13_epo,64.0,12.38112877723505,fechner
434,13_epo,65.0,12.381256872582119,fechner
435,13_epo,66.0,12.381379185168768,fechner
436,13_epo,67.0,12.381496057968732,fechner
437,13_epo,68.0,12.381607808896149,fechner
438,13_epo,69.0,12.381714732971457,fechner
439,13_epo,70.0,12.381817104271956,fechner
440,13_epo,71.0,12.381915177691148,fechner
441,13_epo,72.0,12.382009190528045,fechner
442,13_epo,73.0,12.382099363924883,fechner
443,13_epo,74.0,12.382185904169662,fechner
444,13_epo,75.0,12.382269003877722,fechner
445,13_epo,76.0,12.382348843065131,fechner
446,13_epo,77.0,12.382425590125,fechner
447,13_epo,78.0,12.382499402716636,fechner
448,13_epo,79.0,12.382570428576365,fechner
449,13_epo,80.0,12.382638806257747,fechner
450,13_epo,81.0,12.382704665808156,fechner
451,13_epo,82.0,12.382768129387923,fechner
452,13_epo,83.0,12.38282931183751,fechner
453,13_epo,84.0,12.382888321197653,fechner
454,13_epo,85.0,12.382945259186902,fechner
455,13_epo,86.0,12.38300022164047,fechner
456,13_epo,87.0,12.383053298913946,fechner
457,13_epo,88.0,12.383104576255063,fechner
458,13_epo,89.0,12.383154134146338,fechner
459,13_epo,90.0,12.383202048621241,fechner
460,13_epo,91.0,12.383248391556087,fechner
461,13_epo,92.0,12.383293230939884,fechner
462,13_epo,93.0,12.383336631123937,fechner
463,13_epo,94.0,12.38337865305296,fechner
464,13_epo,95.0,12.38341935447921,fechner
465,14_epo,3.0,12.731125624740733,fechner
466,14_epo,4.0,13.630830950591875,fechner
467,14_epo,5.0,13.89293133896386,fechner
468,14_epo,6.0,14.013502938269742,fechner
469,14_epo,7.000000000000001,14.080362511303031,fechner
470,14_epo,8.0,14.121680824075655,fechner
471,14_epo,9.0,14.149132244966916,fechner
472,14_epo,10.0,14.16835162663598,fechner
473,14_epo,11.0,14.182355664971565,fechner
474,14_epo,12.0,14.19288678540314,fechner
475,14_epo,13.0,14.201011974207052,fechner
476,14_epo,14.000000000000002,14.207415769168541,fechner
477,14_epo,15.0,14.212554412121111,fechner
478,14_epo,16.0,14.216741827297323,fechner
479,14_epo,17.0,14.220199936788182,fechner
480,14_epo,18.0,14.223089318874253,fechner
481,14_epo,19.0,14.225528543726567,fechner
482,14_epo,20.0,14.2276067368715,fechner
483,14_epo,21.0,14.22939195772559,fechner
484,14_epo,22.0,14.230936917074066,fechner
485,14_epo,23.0,14.232282959199686,fechner
486,14_epo,24.0,14.233462886597149,fechner
487,14_epo,25.0,14.234502997002169,fechner
488,14_epo,26.0,14.23542457450749,fechner
489,14_epo,27.0,14.236244996027024,fechner
490,14_epo,28.000000000000004,14.236978562620768,fechner
491,14_epo,28.999999999999996,14.237637131281604,fechner
492,14_epo,30.0,14.23823060016582,fechner
493,14_epo,31.0,14.238767284914937,fechner
494,14_epo,32.0,14.239254213164596,fechner
495,14_epo,33.0,14.239697356974135,fechner
496,14_epo,34.0,14.240101817707751,fechner
497,14_epo,35.0,14.240471974177472,fechner
498,14_epo,36.0,14.240811602167282,fechner
499,14_epo,37.0,14.24112397149209,fechner
500,14_epo,38.0,14.241411925294258,fechner
501,14_epo,39.0,14.241677945200644,fechner
502,14_epo,40.0,14.24192420515185,fechner
503,14_epo,41.0,14.24215261610116,fechner
504,14_epo,42.0,14.242364863312279,fechner
505,14_epo,43.0,14.24256243762479,fechner
506,14_epo,44.0,14.242746661777781,fechner
507,14_epo,45.0,14.242918712665075,fechner
508,14_epo,46.0,14.243079640225437,fechner
509,14_epo,47.0,14.243230383537332,fechner
510,14_epo,48.0,14.243371784581324,fechner
511,14_epo,49.0,14.243504600048807,fechner
512,14_epo,50.0,14.243629511507805,fechner
513,14_epo,51.0,14.24374713418214,fechner
514,14_epo,52.0,14.243858024556015,fechner
515,14_epo,53.0,14.243962686980339,fechner
516,14_epo,54.0,14.244061579427912,fechner
517,14_epo,55.00000000000001,14.24415511852043,fechner
518,14_epo,56.00000000000001,14.244243683930954,fechner
519,14_epo,56.99999999999999,14.244327622248814,fechner
520,14_epo,57.99999999999999,14.244407250380883,fechner
521,14_epo,59.0,14.244482858551544,fechner
522,14_epo,60.0,14.244554712954764,fechner
523,14_epo,61.0,14.244623058103501,fechner
524,14_epo,62.0,14.244688118915391,fechner
525,14_epo,63.0,14.244750102567954,fechner
526,14_epo,64.0,14.244809200152048,fechner
527,14_epo,65.0,14.244865588148203,fechner
528,14_epo,66.0,14.24491942974724,fechner
529,14_epo,67.0,14.244970876033666,fechner
530,14_epo,68.0,14.245020067047887,fechner
531,14_epo,69.0,14.245067132741244,fechner
532,14_epo,70.0,14.24511219383604,fechner
533,14_epo,71.0,14.245155362601214,fechner
534,14_epo,72.0,14.245196743552986,fechner
535,14_epo,73.0,14.245236434088683,fechner
536,14_epo,74.0,14.245274525060902,fechner
537,14_epo,75.0,14.24531110129832,fechner
538,14_epo,76.0,14.245346242078835,fechner
539,14_epo,77.0,14.24538002155985,fechner
540,14_epo,78.0,14.245412509170182,fechner
541,14_epo,79.0,14.245443769967356,fechner
542,14_epo,80.0,14.24547386496383,fechner
543,14_epo,81.0,14.245502851425156,fechner
544,14_epo,82.0,14.245530783142787,fechner
545,14_epo,83.0,14.245557710683995,fechner
546,14_epo,84.0,14.24558368162109,fechner
547,14_epo,85.0,14.245608740741782,fechner
548,14_epo,86.0,14.245632930242557,fechner
549,14_epo,87.0,14.24565628990656,fechner
550,14_epo,88.0,14.24567885726734,fechner
551,14_epo,89.0,14.245700667759845,fechner
552,14_epo,90.0,14.245721754859673,fechner
553,14_epo,91.0,14.245742150211683,fechner
554,14_epo,92.0,14.245761883748845,fechner
555,14_epo,93.0,14.245780983802195,fechner
556,14_epo,94.0,14.245799477202661,fechner
557,14_epo,95.0,14.24581738937535,fechner
558,15_epo,3.0,12.680869809143696,fechner
559,15_epo,4.0,13.220029879112234,fechner
560,15_epo,5.0,13.515831010733006,fechner
561,15_epo,6.0,13.696930192686628,fechner
562,15_epo,7.000000000000001,13.814793788313048,fechner
563,15_epo,8.0,13.895256875810508,fechner
564,15_epo,9.0,13.952379317919982,fechner
565,15_epo,10.0,13.994271359392235,fechner
566,15_epo,11.0,14.025843565554068,fechner
567,15_epo,12.0,14.05019506150971,fechner
568,15_epo,13.0,14.069353023188878,fechner
569,15_epo,14.000000000000002,14.084685305027804,fechner
570,15_epo,15.0,14.097140270270998,fechner
571,15_epo,16.0,14.107391305971783,fechner
572,15_epo,17.0,14.115926734974922,fechner
573,15_epo,18.0,14.12310737271269,fechner
574,15_epo,19.0,14.129204322692493,fechner
575,15_epo,20.0,14.134424369717511,fechner
576,15_epo,21.0,14.138927396076788,fechner
577,15_epo,22.0,14.142838551762386,fechner
578,15_epo,23.0,14.146256904442499,fechner
579,15_epo,24.0,14.149261683366852,fechner
580,15_epo,25.0,14.151916850830732,fechner
581,15_epo,26.0,14.15427449304241,fechner
582,15_epo,27.0,14.15637736565788,fechner
583,15_epo,28.000000000000004,14.158260826039111,fechner
584,15_epo,28.999999999999996,14.159954315146608,fechner
585,15_epo,30.0,14.161482504947067,fechner
586,15_epo,31.0,14.16286619477674,fechner
587,15_epo,32.0,14.164123017430475,fechner
588,15_epo,33.0,14.165267999708322,fechner
589,15_epo,34.0,14.166314010675872,fechner
590,15_epo,35.0,14.167272122594563,fechner
591,15_epo,36.0,14.168151903414964,fechner
592,15_epo,37.0,14.16896165525436,fechner
593,15_epo,38.0,14.169708609952961,fechner
594,15_epo,39.0,14.170399090306422,fechner
595,15_epo,40.0,14.171038643684287,fechner
596,15_epo,41.0,14.171632153304985,fechner
597,15_epo,42.0,14.172183931333782,fechner
598,15_epo,43.0,14.172697797116708,fechner
599,15_epo,44.0,14.173177143199885,fechner
600,15_epo,45.0,14.173624991264433,fechner
601,15_epo,46.0,14.174044039698414,fechner
602,15_epo,47.0,14.174436704203867,fechner
603,15_epo,48.0,14.174805152579617,fechner
604,15_epo,49.0,14.17515133461471,fechner
605,15_epo,50.0,14.175477007862009,fechner
606,15_epo,51.0,14.175783759927857,fechner
607,15_epo,52.0,14.176073027805549,fechner
608,15_epo,53.0,14.17634611469206,fechner
609,15_epo,54.0,14.176604204655417,fechner
610,15_epo,55.00000000000001,14.17684837546085,fechner
611,15_epo,56.00000000000001,14.177079609815115,fechner
612,15_epo,56.99999999999999,14.177298805247935,fechner
613,15_epo,57.99999999999999,14.177506782816048,fechner
614,15_epo,59.0,14.17770429478745,fechner
615,15_epo,60.0,14.177892031440058,fechner
616,15_epo,61.0,14.17807062708949,fechner
617,15_epo,62.0,14.178240665444239,fechner
618,15_epo,63.0,14.178402684372628,fechner
619,15_epo,64.0,14.178557180154181,fechner
620,15_epo,65.0,14.178704611278219,fechner
621,15_epo,66.0,14.178845401843873,fechner
622,15_epo,67.0,14.178979944608624,fechner
623,15_epo,68.0,14.17910860372626,fechner
624,15_epo,69.0,14.179231717209905,fechner
625,15_epo,70.0,14.179349599151177,fechner
626,15_epo,71.0,14.179462541722705,fechner
627,15_epo,72.0,14.179570816987825,fechner
628,15_epo,73.0,14.179674678538381,fechner
629,15_epo,74.0,14.179774362979026,fechner
630,15_epo,75.0,14.179870091274267,fechner
631,15_epo,76.0,14.179962069972543,fechner
632,15_epo,77.0,14.180050492319998,fechner
633,15_epo,78.0,14.18013553927517,fechner
634,15_epo,79.0,14.180217380434554,fechner
635,15_epo,80.0,14.180296174877833,fechner
636,15_epo,81.0,14.18037207194068,fechner
637,15_epo,82.0,14.180445211922125,fechner
638,15_epo,83.0,14.180515726732756,fechner
639,15_epo,84.0,14.180583740489297,fechner
640,15_epo,85.0,14.180649370060635,fechner
641,15_epo,86.0,14.180712725569727,fechner
642,15_epo,87.0,14.180773910855432,fechner
643,15_epo,88.0,14.18083302389788,fechner
644,15_epo,89.0,14.180890157210635,fechner
645,15_epo,90.0,14.180945398202567,fechner
646,15_epo,91.0,14.180998829512099,fechner
647,15_epo,92.0,14.181050529316186,fechner
648,15_epo,93.0,14.181100571616234,fechner
649,15_epo,94.0,14.181149026502814,fechner
650,15_epo,95.0,14.181195960401064,fechner
651,16_epo,3.0,13.230732133645645,fechner
652,16_epo,4.0,13.230732133645645,fechner
653,16_epo,5.0,13.230732133645645,fechner
654,16_epo,6.0,13.230732133645645,fechner
655,16_epo,7.000000000000001,13.230732133645645,fechner
656,16_epo,8.0,13.230732133645645,fechner
657,16_epo,9.0,13.230732133645645,fechner
658,16_epo,10.0,13.230732133645645,fechner
659,16_epo,11.0,13.230732133645645,fechner
660,16_epo,12.0,13.230732133645645,fechner
661,16_epo,13.0,13.230732133645645,fechner
662,16_epo,14.000000000000002,13.230732133645645,fechner
663,16_epo,15.0,13.230732133645645,fechner
664,16_epo,16.0,13.230732133645645,fechner
665,16_epo,17.0,13.230732133645645,fechner
666,16_epo,18.0,13.230732133645645,fechner
667,16_epo,19.0,13.230732133645645,fechner
668,16_epo,20.0,13.230732133645645,fechner
669,16_epo,21.0,13.230732133645645,fechner
670,16_epo,22.0,13.230732133645645,fechner
671,16_epo,23.0,13.230732133645645,fechner
672,16_epo,24.0,13.230732133645645,fechner
673,16_epo,25.0,13.230732133645645,fechner
674,16_epo,26.0,13.230732133645645,fechner
675,16_epo,27.0,13.230732133645645,fechner
676,16_epo,28.000000000000004,13.230732133645645,fechner
677,16_epo,28.999999999999996,13.230732133645645,fechner
678,16_epo,30.0,13.230732133645645,fechner
679,16_epo,31.0,13.230732133645645,fechner
680,16_epo,32.0,13.230732133645645,fechner
681,16_epo,33.0,13.230732133645645,fechner
682,16_epo,34.0,13.230732133645645,fechner
683,16_epo,35.0,13.230732133645645,fechner
684,16_epo,36.0,13.230732133645645,fechner
685,16_epo,37.0,13.230732133645645,fechner
686,16_epo,38.0,13.230732133645645,fechner
687,16_epo,39.0,13.230732133645645,fechner
688,16_epo,40.0,13.230732133645645,fechner
689,16_epo,41.0,13.230732133645645,fechner
690,16_epo,42.0,13.230732133645645,fechner
691,16_epo,43.0,13.230732133645645,fechner
692,16_epo,44.0,13.230732133645645,fechner
693,16_epo,45.0,13.230732133645645,fechner
694,16_epo,46.0,13.230732133645645,fechner
695,16_epo,47.0,13.230732133645645,fechner
696,16_epo,48.0,13.230732133645645,fechner
697,16_epo,49.0,13.230732133645645,fechner
698,16_epo,50.0,13.230732133645645,fechner
699,16_epo,51.0,13.230732133645645,fechner
700,16_epo,52.0,13.230732133645645,fechner
701,16_epo,53.0,13.230732133645645,fechner
702,16_epo,54.0,13.230732133645645,fechner
703,16_epo,55.00000000000001,13.230732133645645,fechner
704,16_epo,56.00000000000001,13.230732133645645,fechner
705,16_epo,56.99999999999999,13.230732133645645,fechner
706,16_epo,57.99999999999999,13.230732133645645,fechner
707,16_epo,59.0,13.230732133645645,fechner
708,16_epo,60.0,13.230732133645645,fechner
709,16_epo,61.0,13.230732133645645,fechner
710,16_epo,62.0,13.230732133645645,fechner
711,16_epo,63.0,13.230732133645645,fechner
712,16_epo,64.0,13.230732133645645,fechner
713,16_epo,65.0,13.230732133645645,fechner
714,16_epo,66.0,13.230732133645645,fechner
715,16_epo,67.0,13.230732133645645,fechner
716,16_epo,68.0,13.230732133645645,fechner
717,16_epo,69.0,13.230732133645645,fechner
718,16_epo,70.0,13.230732133645645,fechner
719,16_epo,71.0,13.230732133645645,fechner
720,16_epo,72.0,13.230732133645645,fechner
721,16_epo,73.0,13.230732133645645,fechner
722,16_epo,74.0,13.230732133645645,fechner
723,16_epo,75.0,13.230732133645645,fechner
724,16_epo,76.0,13.230732133645645,fechner
725,16_epo,77.0,13.230732133645645,fechner
726,16_epo,78.0,13.230732133645645,fechner
727,16_epo,79.0,13.230732133645645,fechner
728,16_epo,80.0,13.230732133645645,fechner
729,16_epo,81.0,13.230732133645645,fechner
730,16_epo,82.0,13.230732133645645,fechner
731,16_epo,83.0,13.230732133645645,fechner
732,16_epo,84.0,13.230732133645645,fechner
733,16_epo,85.0,13.230732133645645,fechner
734,16_epo,86.0,13.230732133645645,fechner
735,16_epo,87.0,13.230732133645645,fechner
736,16_epo,88.0,13.230732133645645,fechner
737,16_epo,89.0,13.230732133645645,fechner
738,16_epo,90.0,13.230732133645645,fechner
739,16_epo,91.0,13.230732133645645,fechner
740,16_epo,92.0,13.230732133645645,fechner
741,16_epo,93.0,13.230732133645645,fechner
742,16_epo,94.0,13.230732133645645,fechner
743,16_epo,95.0,13.230732133645645,fechner
744,17_epo,3.0,14.139857405155054,fechner
745,17_epo,4.0,14.139859687021445,fechner
746,17_epo,5.0,14.139860284921523,fechner
747,17_epo,6.0,14.139860550938188,fechner
748,17_epo,7.000000000000001,14.139860696090619,fechner
749,17_epo,8.0,14.139860784967418,fechner
750,17_epo,9.0,14.139860843671496,fechner
751,17_epo,10.0,14.139860884609034,fechner
752,17_epo,11.0,14.13986091435393,fechner
753,17_epo,12.0,14.139860936675852,fechner
754,17_epo,13.0,14.139860953870965,fechner
755,17_epo,14.000000000000002,14.139860967406507,fechner
756,17_epo,15.0,14.139860978257342,fechner
757,17_epo,16.0,14.13986098709259,fechner
758,17_epo,17.0,14.139860994384327,fechner
759,17_epo,18.0,14.139861000473589,fechner
760,17_epo,19.0,14.139861005611852,fechner
761,17_epo,20.0,14.139861009987927,fechner
762,17_epo,21.0,14.139861013745863,fechner
763,17_epo,22.0,14.139861016997127,fechner
764,17_epo,23.0,14.139861019829095,fechner
765,17_epo,24.0,14.139861022311042,fechner
766,17_epo,25.0,14.139861024498476,fechner
767,17_epo,26.0,14.139861026436309,fechner
768,17_epo,27.0,14.139861028161182,fechner
769,17_epo,28.000000000000004,14.139861029703248,fechner
770,17_epo,28.999999999999996,14.139861031087493,fechner
771,17_epo,30.0,14.139861032334776,fechner
772,17_epo,31.0,14.139861033462607,fechner
773,17_epo,32.0,14.139861034485788,fechner
774,17_epo,33.0,14.139861035416894,fechner
775,17_epo,34.0,14.139861036266659,fechner
776,17_epo,35.0,14.1398610370443,fechner
777,17_epo,36.0,14.139861037757765,fechner
778,17_epo,37.0,14.139861038413928,fechner
779,17_epo,38.0,14.139861039018774,fechner
780,17_epo,39.0,14.139861039577523,fechner
781,17_epo,40.0,14.139861040094745,fechner
782,17_epo,41.0,14.139861040574461,fechner
783,17_epo,42.0,14.139861041020211,fechner
784,17_epo,43.0,14.13986104143513,fechner
785,17_epo,44.0,14.139861041822003,fechner
786,17_epo,45.0,14.139861042183302,fechner
787,17_epo,46.0,14.13986104252123,fechner
788,17_epo,47.0,14.139861042837767,fechner
789,17_epo,48.0,14.139861043134678,fechner
790,17_epo,49.0,14.139861043413555,fechner
791,17_epo,50.0,14.13986104367583,fechner
792,17_epo,51.0,14.139861043922796,fechner
793,17_epo,52.0,14.139861044155621,fechner
794,17_epo,53.0,14.139861044375367,fechner
795,17_epo,54.0,14.139861044582993,fechner
796,17_epo,55.00000000000001,14.139861044779378,fechner
797,17_epo,56.00000000000001,14.139861044965318,fechner
798,17_epo,56.99999999999999,14.139861045141542,fechner
799,17_epo,57.99999999999999,14.139861045308713,fechner
800,17_epo,59.0,14.139861045467443,fechner
801,17_epo,60.0,14.139861045618291,fechner
802,17_epo,61.0,14.13986104576177,fechner
803,17_epo,62.0,14.139861045898352,fechner
804,17_epo,63.0,14.139861046028473,fechner
805,17_epo,64.0,14.139861046152534,fechner
806,17_epo,65.0,14.139861046270905,fechner
807,17_epo,66.0,14.13986104638393,fechner
808,17_epo,67.0,14.139861046491927,fechner
809,17_epo,68.0,14.139861046595186,fechner
810,17_epo,69.0,14.139861046693985,fechner
811,17_epo,70.0,14.139861046788575,fechner
812,17_epo,71.0,14.139861046879192,fechner
813,17_epo,72.0,14.139861046966056,fechner
814,17_epo,73.0,14.13986104704937,fechner
815,17_epo,74.0,14.139861047129326,fechner
816,17_epo,75.0,14.139861047206102,fechner
817,17_epo,76.0,14.139861047279865,fechner
818,17_epo,77.0,14.13986104735077,fechner
819,17_epo,78.0,14.139861047418963,fechner
820,17_epo,79.0,14.139861047484581,fechner
821,17_epo,80.0,14.13986104754775,fechner
822,17_epo,81.0,14.139861047608592,fechner
823,17_epo,82.0,14.139861047667221,fechner
824,17_epo,83.0,14.139861047723741,fechner
825,17_epo,84.0,14.139861047778254,fechner
826,17_epo,85.0,14.139861047830852,fechner
827,17_epo,86.0,14.139861047881626,fechner
828,17_epo,87.0,14.139861047930657,fechner
829,17_epo,88.0,14.139861047978025,fechner
830,17_epo,89.0,14.139861048023802,fechner
831,17_epo,90.0,14.139861048068063,fechner
832,17_epo,91.0,14.139861048110872,fechner
833,17_epo,92.0,14.139861048152289,fechner
834,17_epo,93.0,14.13986104819238,fechner
835,17_epo,94.0,14.139861048231195,fechner
836,17_epo,95.0,14.13986104826879,fechner
837,18_epo,3.0,12.330289783474043,fechner
838,18_epo,4.0,13.086024666451697,fechner
839,18_epo,5.0,13.523475351773406,fechner
840,18_epo,6.0,13.800485825431823,fechner
841,18_epo,7.000000000000001,13.984769364793323,fechner
842,18_epo,8.0,14.112456879649967,fechner
843,18_epo,9.0,14.204054344329593,fechner
844,18_epo,10.0,14.271739072529744,fechner
845,18_epo,11.0,14.32303858250055,fechner
846,18_epo,12.0,14.362776576514937,fechner
847,18_epo,13.0,14.394144844955937,fechner
848,18_epo,14.000000000000002,14.419316334373722,fechner
849,18_epo,15.0,14.439808208036172,fechner
850,18_epo,16.0,14.456703812715219,fechner
851,18_epo,17.0,14.470792372630552,fechner
852,18_epo,18.0,14.482659244184264,fechner
853,18_epo,19.0,14.492745632317783,fechner
854,18_epo,20.0,14.50138896313194,fechner
855,18_epo,21.0,14.508850719249198,fechner
856,18_epo,22.0,14.515335977200499,fechner
857,18_epo,23.0,14.521007346240095,fechner
858,18_epo,24.0,14.525995062766848,fechner
859,18_epo,25.0,14.530404401827587,fechner
860,18_epo,26.0,14.53432118813297,fechner
861,18_epo,27.0,14.537815942151685,fechner
862,18_epo,28.000000000000004,14.540947033332234,fechner
863,18_epo,28.999999999999996,14.54376310248034,fechner
864,18_epo,30.0,14.546304940204765,fechner
865,18_epo,31.0,14.5486069563584,fechner
866,18_epo,32.0,14.550698338963139,fechner
867,18_epo,33.0,14.552603975260842,fechner
868,18_epo,34.0,14.55434518899466,fechner
869,18_epo,35.0,14.555940334588684,fechner
870,18_epo,36.0,14.557405279058925,fechner
871,18_epo,37.0,14.558753795223147,fechner
872,18_epo,38.0,14.55999788436203,fechner
873,18_epo,39.0,14.561148042415367,fechner
874,18_epo,40.0,14.562213480715306,fechner
875,18_epo,41.0,14.56320230990751,fechner
876,18_epo,42.0,14.564121693904568,fechner
877,18_epo,43.0,14.564977979318563,fechner
878,18_epo,44.0,14.565776804731998,fechner
879,18_epo,45.0,14.56652319331427,fechner
880,18_epo,46.0,14.567221631619912,fechner
881,18_epo,47.0,14.567876136873325,fechner
882,18_epo,48.0,14.568490314621403,fechner
883,18_epo,49.0,14.569067408297002,fechner
884,18_epo,50.0,14.569610341963658,fechner
885,18_epo,51.0,14.570121757292195,fechner
886,18_epo,52.0,14.570604045641161,fechner
887,18_epo,53.0,14.57105937596776,fechner
888,18_epo,54.0,14.571489719176823,fechner
889,18_epo,55.00000000000001,14.571896869417664,fechner
890,18_epo,56.00000000000001,14.572282462758059,fechner
891,18_epo,56.99999999999999,14.572647993597885,fechner
892,18_epo,57.99999999999999,14.572994829129605,fechner
893,18_epo,59.0,14.573324222106589,fechner
894,18_epo,60.0,14.573637322141723,fechner
895,18_epo,61.0,14.573935185726425,fechner
896,18_epo,62.0,14.574218785132928,fechner
897,18_epo,63.0,14.574489016339792,fechner
898,18_epo,64.0,14.574746706101186,fechner
899,18_epo,65.0,14.574992618263959,fechner
900,18_epo,66.0,14.575227459422598,fechner
901,18_epo,67.0,14.575451883990143,fechner
902,18_epo,68.0,14.575666498753002,fechner
903,18_epo,69.0,14.575871866968754,fechner
904,18_epo,70.0,14.576068512058635,fechner
905,18_epo,71.0,14.576256920939825,fechner
906,18_epo,72.0,14.576437547037166,fechner
907,18_epo,73.0,14.576610813009012,fechner
908,18_epo,74.0,14.576777113217837,fechner
909,18_epo,75.0,14.57693681597253,fechner
910,18_epo,76.0,14.577090265566158,fechner
911,18_epo,77.0,14.577237784130244,fechner
912,18_epo,78.0,14.577379673324213,fechner
913,18_epo,79.0,14.577516215876486,fechner
914,18_epo,80.0,14.577647676991987,fechner
915,18_epo,81.0,14.57777430563906,fechner
916,18_epo,82.0,14.577896335727537,fechner
917,18_epo,83.0,14.578013987188259,fechner
918,18_epo,84.0,14.578127466963442,fechner
919,18_epo,85.0,14.578236969916139,fechner
920,18_epo,86.0,14.578342679666301,fechner
921,18_epo,87.0,14.578444769360118,fechner
922,18_epo,88.0,14.578543402378635,fechner
923,18_epo,89.0,14.57863873299108,fechner
924,18_epo,90.0,14.57873090695779,fechner
925,18_epo,91.0,14.578820062087093,fechner
926,18_epo,92.0,14.578906328750138,fechner
927,18_epo,93.0,14.578989830357278,fechner
928,18_epo,94.0,14.579070683799229,fechner
929,18_epo,95.0,14.579148999855954,fechner
930,19_epo,3.0,12.998383621535526,fechner
931,19_epo,4.0,12.998383621535526,fechner
932,19_epo,5.0,12.998383621535526,fechner
933,19_epo,6.0,12.998383621535526,fechner
934,19_epo,7.000000000000001,12.998383621535526,fechner
935,19_epo,8.0,12.998383621535526,fechner
936,19_epo,9.0,12.998383621535526,fechner
937,19_epo,10.0,12.998383621535526,fechner
938,19_epo,11.0,12.998383621535526,fechner
939,19_epo,12.0,12.998383621535526,fechner
940,19_epo,13.0,12.998383621535526,fechner
941,19_epo,14.000000000000002,12.998383621535526,fechner
942,19_epo,15.0,12.998383621535526,fechner
943,19_epo,16.0,12.998383621535526,fechner
944,19_epo,17.0,12.998383621535526,fechner
945,19_epo,18.0,12.998383621535526,fechner
946,19_epo,19.0,12.998383621535526,fechner
947,19_epo,20.0,12.998383621535526,fechner
948,19_epo,21.0,12.998383621535526,fechner
949,19_epo,22.0,12.998383621535526,fechner
950,19_epo,23.0,12.998383621535526,fechner
951,19_epo,24.0,12.998383621535526,fechner
952,19_epo,25.0,12.998383621535526,fechner
953,19_epo,26.0,12.998383621535526,fechner
954,19_epo,27.0,12.998383621535526,fechner
955,19_epo,28.000000000000004,12.998383621535526,fechner
956,19_epo,28.999999999999996,12.998383621535526,fechner
957,19_epo,30.0,12.998383621535526,fechner
958,19_epo,31.0,12.998383621535526,fechner
959,19_epo,32.0,12.998383621535526,fechner
960,19_epo,33.0,12.998383621535526,fechner
961,19_epo,34.0,12.998383621535526,fechner
962,19_epo,35.0,12.998383621535526,fechner
963,19_epo,36.0,12.998383621535526,fechner
964,19_epo,37.0,12.998383621535526,fechner
965,19_epo,38.0,12.998383621535526,fechner
966,19_epo,39.0,12.998383621535526,fechner
967,19_epo,40.0,12.998383621535526,fechner
968,19_epo,41.0,12.998383621535526,fechner
969,19_epo,42.0,12.998383621535526,fechner
970,19_epo,43.0,12.998383621535526,fechner
971,19_epo,44.0,12.998383621535526,fechner
972,19_epo,45.0,12.998383621535526,fechner
973,19_epo,46.0,12.998383621535526,fechner
974,19_epo,47.0,12.998383621535526,fechner
975,19_epo,48.0,12.998383621535526,fechner
976,19_epo,49.0,12.998383621535526,fechner
977,19_epo,50.0,12.998383621535526,fechner
978,19_epo,51.0,12.998383621535526,fechner
979,19_epo,52.0,12.998383621535526,fechner
980,19_epo,53.0,12.998383621535526,fechner
981,19_epo,54.0,12.998383621535526,fechner
982,19_epo,55.00000000000001,12.998383621535526,fechner
983,19_epo,56.00000000000001,12.998383621535526,fechner
984,19_epo,56.99999999999999,12.998383621535526,fechner
985,19_epo,57.99999999999999,12.998383621535526,fechner
986,19_epo,59.0,12.998383621535526,fechner
987,19_epo,60.0,12.998383621535526,fechner
988,19_epo,61.0,12.998383621535526,fechner
989,19_epo,62.0,12.998383621535526,fechner
990,19_epo,63.0,12.998383621535526,fechner
991,19_epo,64.0,12.998383621535526,fechner
992,19_epo,65.0,12.998383621535526,fechner
993,19_epo,66.0,12.998383621535526,fechner
994,19_epo,67.0,12.998383621535526,fechner
995,19_epo,68.0,12.998383621535526,fechner
996,19_epo,69.0,12.998383621535526,fechner
997,19_epo,70.0,12.998383621535526,fechner
998,19_epo,71.0,12.998383621535526,fechner
999,19_epo,72.0,12.998383621535526,fechner
1000,19_epo,73.0,12.998383621535526,fechner
1001,19_epo,74.0,12.998383621535526,fechner
1002,19_epo,75.0,12.998383621535526,fechner
1003,19_epo,76.0,12.998383621535526,fechner
1004,19_epo,77.0,12.998383621535526,fechner
1005,19_epo,78.0,12.998383621535526,fechner
1006,19_epo,79.0,12.998383621535526,fechner
1007,19_epo,80.0,12.998383621535526,fechner
1008,19_epo,81.0,12.998383621535526,fechner
1009,19_epo,82.0,12.998383621535526,fechner
1010,19_epo,83.0,12.998383621535526,fechner
1011,19_epo,84.0,12.998383621535526,fechner
1012,19_epo,85.0,12.998383621535526,fechner
1013,19_epo,86.0,12.998383621535526,fechner
1014,19_epo,87.0,12.998383621535526,fechner
1015,19_epo,88.0,12.998383621535526,fechner
1016,19_epo,89.0,12.998383621535526,fechner
1017,19_epo,90.0,12.998383621535526,fechner
1018,19_epo,91.0,12.998383621535526,fechner
1019,19_epo,92.0,12.998383621535526,fechner
1020,19_epo,93.0,12.998383621535526,fechner
1021,19_epo,94.0,12.998383621535526,fechner
1022,19_epo,95.0,12.998383621535526,fechner
1023,1_epo,3.0,13.409296930505475,fechner
1024,1_epo,4.0,13.409298992250372,fechner
1025,1_epo,5.0,13.409299532472975,fechner
1026,1_epo,6.0,13.409299772827785,fechner
1027,1_epo,7.000000000000001,13.409299903977756,fechner
1028,1_epo,8.0,13.409299984280844,fechner
1029,1_epo,9.0,13.40930003732189,fechner
1030,1_epo,10.0,13.409300074310288,fechner
1031,1_epo,11.0,13.409300101185767,fechner
1032,1_epo,12.0,13.409300121354349,fechner
1033,1_epo,13.0,13.409300136890693,fechner
1034,1_epo,14.000000000000002,13.409300149120494,fechner
1035,1_epo,15.0,13.409300158924575,fechner
1036,1_epo,16.0,13.409300166907506,fechner
1037,1_epo,17.0,13.40930017349583,fechner
1038,1_epo,18.0,13.409300178997675,fechner
1039,1_epo,19.0,13.40930018364026,fechner
1040,1_epo,20.0,13.409300187594187,fechner
1041,1_epo,21.0,13.409300190989603,fechner
1042,1_epo,22.0,13.409300193927228,fechner
1043,1_epo,23.0,13.409300196486003,fechner
1044,1_epo,24.0,13.40930019872852,fechner
1045,1_epo,25.0,13.409300200704939,fechner
1046,1_epo,26.0,13.409300202455832,fechner
1047,1_epo,27.0,13.409300204014311,fechner
1048,1_epo,28.000000000000004,13.409300205407616,fechner
1049,1_epo,28.999999999999996,13.409300206658328,fechner
1050,1_epo,30.0,13.409300207785288,fechner
1051,1_epo,31.0,13.40930020880432,fechner
1052,1_epo,32.0,13.4093002097288,fechner
1053,1_epo,33.0,13.40930021057008,fechner
1054,1_epo,34.0,13.409300211337872,fechner
1055,1_epo,35.0,13.409300212040497,fechner
1056,1_epo,36.0,13.409300212685134,fechner
1057,1_epo,37.0,13.409300213278,fechner
1058,1_epo,38.0,13.4093002138245,fechner
1059,1_epo,39.0,13.409300214329347,fechner
1060,1_epo,40.0,13.409300214796673,fechner
1061,1_epo,41.0,13.409300215230111,fechner
1062,1_epo,42.0,13.409300215632861,fechner
1063,1_epo,43.0,13.409300216007756,fechner
1064,1_epo,44.0,13.409300216357307,fechner
1065,1_epo,45.0,13.409300216683752,fechner
1066,1_epo,46.0,13.409300216989083,fechner
1067,1_epo,47.0,13.409300217275081,fechner
1068,1_epo,48.0,13.40930021754335,fechner
1069,1_epo,49.0,13.409300217795325,fechner
1070,1_epo,50.0,13.4093002180323,fechner
1071,1_epo,51.0,13.40930021825544,fechner
1072,1_epo,52.0,13.409300218465805,fechner
1073,1_epo,53.0,13.409300218664352,fechner
1074,1_epo,54.0,13.409300218851952,fechner
1075,1_epo,55.00000000000001,13.40930021902939,fechner
1076,1_epo,56.00000000000001,13.409300219197394,fechner
1077,1_epo,56.99999999999999,13.409300219356616,fechner
1078,1_epo,57.99999999999999,13.409300219507662,fechner
1079,1_epo,59.0,13.40930021965108,fechner
1080,1_epo,60.0,13.409300219787374,fechner
1081,1_epo,61.0,13.409300219917013,fechner
1082,1_epo,62.0,13.40930022004042,fechner
1083,1_epo,63.0,13.409300220157986,fechner
1084,1_epo,64.0,13.409300220270081,fechner
1085,1_epo,65.0,13.409300220377034,fechner
1086,1_epo,66.0,13.409300220479155,fechner
1087,1_epo,67.0,13.409300220576734,fechner
1088,1_epo,68.0,13.409300220670032,fechner
1089,1_epo,69.0,13.4093002207593,fechner
1090,1_epo,70.0,13.409300220844765,fechner
1091,1_epo,71.0,13.40930022092664,fechner
1092,1_epo,72.0,13.409300221005125,fechner
1093,1_epo,73.0,13.409300221080402,fechner
1094,1_epo,74.0,13.409300221152645,fechner
1095,1_epo,75.0,13.409300221222013,fechner
1096,1_epo,76.0,13.409300221288662,fechner
1097,1_epo,77.0,13.409300221352726,fechner
1098,1_epo,78.0,13.409300221414341,fechner
1099,1_epo,79.0,13.409300221473629,fechner
1100,1_epo,80.0,13.409300221530705,fechner
1101,1_epo,81.0,13.409300221585678,fechner
1102,1_epo,82.0,13.40930022163865,fechner
1103,1_epo,83.0,13.409300221689717,fechner
1104,1_epo,84.0,13.409300221738972,fechner
1105,1_epo,85.0,13.409300221786497,fechner
1106,1_epo,86.0,13.409300221832371,fechner
1107,1_epo,87.0,13.409300221876672,fechner
1108,1_epo,88.0,13.40930022191947,fechner
1109,1_epo,89.0,13.409300221960832,fechner
1110,1_epo,90.0,13.409300222000823,fechner
1111,1_epo,91.0,13.409300222039501,fechner
1112,1_epo,92.0,13.409300222076926,fechner
1113,1_epo,93.0,13.409300222113147,fechner
1114,1_epo,94.0,13.40930022214822,fechner
1115,1_epo,95.0,13.409300222182189,fechner
1116,20_epo,3.0,15.359631167405427,fechner
1117,20_epo,4.0,15.359631167405478,fechner
1118,20_epo,5.0,15.35963116740549,fechner
1119,20_epo,6.0,15.359631167405498,fechner
1120,20_epo,7.000000000000001,15.359631167405501,fechner
1121,20_epo,8.0,15.359631167405503,fechner
1122,20_epo,9.0,15.359631167405505,fechner
1123,20_epo,10.0,15.359631167405505,fechner
1124,20_epo,11.0,15.359631167405505,fechner
1125,20_epo,12.0,15.359631167405507,fechner
1126,20_epo,13.0,15.359631167405507,fechner
1127,20_epo,14.000000000000002,15.359631167405507,fechner
1128,20_epo,15.0,15.359631167405507,fechner
1129,20_epo,16.0,15.359631167405507,fechner
1130,20_epo,17.0,15.359631167405507,fechner
1131,20_epo,18.0,15.359631167405508,fechner
1132,20_epo,19.0,15.359631167405508,fechner
1133,20_epo,20.0,15.359631167405508,fechner
1134,20_epo,21.0,15.359631167405508,fechner
1135,20_epo,22.0,15.359631167405508,fechner
1136,20_epo,23.0,15.359631167405508,fechner
1137,20_epo,24.0,15.359631167405508,fechner
1138,20_epo,25.0,15.359631167405508,fechner
1139,20_epo,26.0,15.359631167405508,fechner
1140,20_epo,27.0,15.359631167405508,fechner
1141,20_epo,28.000000000000004,15.359631167405508,fechner
1142,20_epo,28.999999999999996,15.359631167405508,fechner
1143,20_epo,30.0,15.359631167405508,fechner
1144,20_epo,31.0,15.359631167405508,fechner
1145,20_epo,32.0,15.359631167405508,fechner
1146,20_epo,33.0,15.359631167405508,fechner
1147,20_epo,34.0,15.359631167405508,fechner
1148,20_epo,35.0,15.359631167405508,fechner
1149,20_epo,36.0,15.359631167405508,fechner
1150,20_epo,37.0,15.359631167405508,fechner
1151,20_epo,38.0,15.359631167405508,fechner
1152,20_epo,39.0,15.359631167405508,fechner
1153,20_epo,40.0,15.359631167405508,fechner
1154,20_epo,41.0,15.359631167405508,fechner
1155,20_epo,42.0,15.359631167405508,fechner
1156,20_epo,43.0,15.359631167405508,fechner
1157,20_epo,44.0,15.359631167405508,fechner
1158,20_epo,45.0,15.359631167405508,fechner
1159,20_epo,46.0,15.359631167405508,fechner
1160,20_epo,47.0,15.359631167405508,fechner
1161,20_epo,48.0,15.359631167405508,fechner
1162,20_epo,49.0,15.359631167405508,fechner
1163,20_epo,50.0,15.359631167405508,fechner
1164,20_epo,51.0,15.359631167405508,fechner
1165,20_epo,52.0,15.359631167405508,fechner
1166,20_epo,53.0,15.359631167405508,fechner
1167,20_epo,54.0,15.359631167405508,fechner
1168,20_epo,55.00000000000001,15.359631167405508,fechner
1169,20_epo,56.00000000000001,15.359631167405508,fechner
1170,20_epo,56.99999999999999,15.359631167405508,fechner
1171,20_epo,57.99999999999999,15.359631167405508,fechner
1172,20_epo,59.0,15.359631167405508,fechner
1173,20_epo,60.0,15.359631167405508,fechner
1174,20_epo,61.0,15.359631167405508,fechner
1175,20_epo,62.0,15.359631167405508,fechner
1176,20_epo,63.0,15.359631167405508,fechner
1177,20_epo,64.0,15.359631167405508,fechner
1178,20_epo,65.0,15.359631167405508,fechner
1179,20_epo,66.0,15.359631167405508,fechner
1180,20_epo,67.0,15.359631167405508,fechner
1181,20_epo,68.0,15.359631167405508,fechner
1182,20_epo,69.0,15.359631167405508,fechner
1183,20_epo,70.0,15.359631167405508,fechner
1184,20_epo,71.0,15.359631167405508,fechner
1185,20_epo,72.0,15.359631167405508,fechner
1186,20_epo,73.0,15.359631167405508,fechner
1187,20_epo,74.0,15.359631167405508,fechner
1188,20_epo,75.0,15.359631167405508,fechner
1189,20_epo,76.0,15.359631167405508,fechner
1190,20_epo,77.0,15.359631167405508,fechner
1191,20_epo,78.0,15.359631167405508,fechner
1192,20_epo,79.0,15.359631167405508,fechner
1193,20_epo,80.0,15.359631167405508,fechner
1194,20_epo,81.0,15.359631167405508,fechner
1195,20_epo,82.0,15.359631167405508,fechner
1196,20_epo,83.0,15.359631167405508,fechner
1197,20_epo,84.0,15.359631167405508,fechner
1198,20_epo,85.0,15.359631167405508,fechner
1199,20_epo,86.0,15.359631167405508,fechner
1200,20_epo,87.0,15.359631167405508,fechner
1201,20_epo,88.0,15.359631167405508,fechner
1202,20_epo,89.0,15.359631167405508,fechner
1203,20_epo,90.0,15.359631167405508,fechner
1204,20_epo,91.0,15.359631167405508,fechner
1205,20_epo,92.0,15.359631167405508,fechner
1206,20_epo,93.0,15.359631167405508,fechner
1207,20_epo,94.0,15.359631167405508,fechner
1208,20_epo,95.0,15.359631167405508,fechner
1209,21_epo,3.0,14.423040194698244,fechner
1210,21_epo,4.0,14.423064460925442,fechner
1211,21_epo,5.0,14.42307082094788,fechner
1212,21_epo,6.0,14.423073650868709,fechner
1213,21_epo,7.000000000000001,14.423075195079555,fechner
1214,21_epo,8.0,14.423076140620395,fechner
1215,21_epo,9.0,14.423076765168926,fechner
1216,21_epo,10.0,14.423077200704595,fechner
1217,21_epo,11.0,14.423077517163536,fechner
1218,21_epo,12.0,14.423077754649867,fechner
1219,21_epo,13.0,14.423077937591996,fechner
1220,21_epo,14.000000000000002,14.423078081599643,fechner
1221,21_epo,15.0,14.42307819704436,fechner
1222,21_epo,16.0,14.423078291044911,fechner
1223,21_epo,17.0,14.423078368623782,fechner
1224,21_epo,18.0,14.423078433409252,fechner
1225,21_epo,19.0,14.423078488076808,fechner
1226,21_epo,20.0,14.423078534635268,fechner
1227,21_epo,21.0,14.42307857461717,fechner
1228,21_epo,22.0,14.42307860920847,fechner
1229,21_epo,23.0,14.42307863933873,fechner
1230,21_epo,24.0,14.42307866574501,fechner
1231,21_epo,25.0,14.423078689017899,fechner
1232,21_epo,26.0,14.423078709635163,fechner
1233,21_epo,27.0,14.423078727986708,fechner
1234,21_epo,28.000000000000004,14.423078744393301,fechner
1235,21_epo,28.999999999999996,14.423078759120802,fechner
1236,21_epo,30.0,14.423078772391086,fechner
1237,21_epo,31.0,14.423078784390507,fechner
1238,21_epo,32.0,14.423078795276513,fechner
1239,21_epo,33.0,14.423078805182879,fechner
1240,21_epo,34.0,14.423078814223851,fechner
1241,21_epo,35.0,14.423078822497475,fechner
1242,21_epo,36.0,14.423078830088283,fechner
1243,21_epo,37.0,14.423078837069468,fechner
1244,21_epo,38.0,14.423078843504662,fechner
1245,21_epo,39.0,14.4230788494494,fechner
1246,21_epo,40.0,14.423078854952328,fechner
1247,21_epo,41.0,14.423078860056197,fechner
1248,21_epo,42.0,14.42307886479871,fechner
1249,21_epo,43.0,14.423078869213214,fechner
1250,21_epo,44.0,14.423078873329299,fechner
1251,21_epo,45.0,14.42307887717328,fechner
1252,21_epo,46.0,14.423078880768646,fechner
1253,21_epo,47.0,14.42307888413639,fechner
1254,21_epo,48.0,14.423078887295341,fechner
1255,21_epo,49.0,14.42307889026242,fechner
1256,21_epo,50.0,14.423078893052866,fechner
1257,21_epo,51.0,14.423078895680428,fechner
1258,21_epo,52.0,14.42307889815755,fechner
1259,21_epo,53.0,14.423078900495508,fechner
1260,21_epo,54.0,14.42307890270454,fechner
1261,21_epo,55.00000000000001,14.423078904793954,fechner
1262,21_epo,56.00000000000001,14.42307890677224,fechner
1263,21_epo,56.99999999999999,14.423078908647142,fechner
1264,21_epo,57.99999999999999,14.423078910425746,fechner
1265,21_epo,59.0,14.423078912114535,fechner
1266,21_epo,60.0,14.423078913719461,fechner
1267,21_epo,61.0,14.423078915245988,fechner
1268,21_epo,62.0,14.42307891669914,fechner
1269,21_epo,63.0,14.423078918083547,fechner
1270,21_epo,64.0,14.423078919403482,fechner
1271,21_epo,65.0,14.423078920662885,fechner
1272,21_epo,66.0,14.423078921865404,fechner
1273,21_epo,67.0,14.423078923014415,fechner
1274,21_epo,68.0,14.42307892411305,fechner
1275,21_epo,69.0,14.423078925164207,fechner
1276,21_epo,70.0,14.423078926170586,fechner
1277,21_epo,71.0,14.423078927134695,fechner
1278,21_epo,72.0,14.42307892805887,fechner
1279,21_epo,73.0,14.423078928945285,fechner
1280,21_epo,74.0,14.423078929795972,fechner
1281,21_epo,75.0,14.423078930612824,fechner
1282,21_epo,76.0,14.423078931397615,fechner
1283,21_epo,77.0,14.423078932152,fechner
1284,21_epo,78.0,14.42307893287753,fechner
1285,21_epo,79.0,14.423078933575658,fechner
1286,21_epo,80.0,14.42307893424775,fechner
1287,21_epo,81.0,14.423078934895079,fechner
1288,21_epo,82.0,14.423078935518852,fechner
1289,21_epo,83.0,14.423078936120197,fechner
1290,21_epo,84.0,14.423078936700175,fechner
1291,21_epo,85.0,14.42307893725979,fechner
1292,21_epo,86.0,14.42307893779998,fechner
1293,21_epo,87.0,14.42307893832164,fechner
1294,21_epo,88.0,14.423078938825602,fechner
1295,21_epo,89.0,14.423078939312662,fechner
1296,21_epo,90.0,14.423078939783563,fechner
1297,21_epo,91.0,14.423078940239018,fechner
1298,21_epo,92.0,14.42307894067969,fechner
1299,21_epo,93.0,14.423078941106215,fechner
1300,21_epo,94.0,14.423078941519194,fechner
1301,21_epo,95.0,14.423078941919188,fechner
1302,22_epo,3.0,15.435750497632165,fechner
1303,22_epo,4.0,15.959435708313336,fechner
1304,22_epo,5.0,16.10538235689934,fechner
1305,22_epo,6.0,16.171564353889764,fechner
1306,22_epo,7.000000000000001,16.208008068297488,fechner
1307,22_epo,8.0,16.230439349525618,fechner
1308,22_epo,9.0,16.245304424579228,fechner
1309,22_epo,10.0,16.255693805018723,fechner
1310,22_epo,11.0,16.263254618705933,fechner
1311,22_epo,12.0,16.268935228105867,fechner
1312,22_epo,13.0,16.273315021679316,fechner
1313,22_epo,14.000000000000002,16.27676505985392,fechner
1314,22_epo,15.0,16.279532315647245,fechner
1315,22_epo,16.0,16.281786538944438,fechner
1316,22_epo,17.0,16.283647626210104,fechner
1317,22_epo,18.0,16.285202270154812,fechner
1318,22_epo,19.0,16.286514446343126,fechner
1319,22_epo,20.0,16.28763221935831,fechner
1320,22_epo,21.0,16.288592277591363,fechner
1321,22_epo,22.0,16.28942302532673,fechner
1322,22_epo,23.0,16.29014673488021,fechner
1323,22_epo,24.0,16.2907810723291,fechner
1324,22_epo,25.0,16.291340197232266,fechner
1325,22_epo,26.0,16.291835567277897,fechner
1326,22_epo,27.0,16.292276535132284,fechner
1327,22_epo,28.000000000000004,16.29267079672044,fechner
1328,22_epo,28.999999999999996,16.293024731805538,fechner
1329,22_epo,30.0,16.293343665493385,fechner
1330,22_epo,31.0,16.293632070993883,fechner
1331,22_epo,32.0,16.293893728267534,fechner
1332,22_epo,33.0,16.294131849206362,fechner
1333,22_epo,34.0,16.294349177188817,fechner
1334,22_epo,35.0,16.294548066839017,fechner
1335,22_epo,36.0,16.294730548368364,fechner
1336,22_epo,37.0,16.294898379816804,fechner
1337,22_epo,38.0,16.29505308972834,fechner
1338,22_epo,39.0,16.295196012213097,fechner
1339,22_epo,40.0,16.295328315910652,fechner
1340,22_epo,41.0,16.295451028038457,fechner
1341,22_epo,42.0,16.29556505445653,fechner
1342,22_epo,43.0,16.295671196485706,fechner
1343,22_epo,44.0,16.295770165066433,fechner
1344,22_epo,45.0,16.29586259272848,fechner
1345,22_epo,46.0,16.295949043750124,fechner
1346,22_epo,47.0,16.296030022813422,fechner
1347,22_epo,48.0,16.296105982404754,fechner
1348,22_epo,49.0,16.29617732916451,fechner
1349,22_epo,50.0,16.296244429353035,fechner
1350,22_epo,51.0,16.29630761357079,fechner
1351,22_epo,52.0,16.29636718084686,fechner
1352,22_epo,53.0,16.296423402190563,fechner
1353,22_epo,54.0,16.296476523685342,fechner
1354,22_epo,55.00000000000001,16.29652676919117,fechner
1355,22_epo,56.00000000000001,16.29657434271108,fechner
1356,22_epo,56.99999999999999,16.29661943046866,fechner
1357,22_epo,57.99999999999999,16.296662202736286,fechner
1358,22_epo,59.0,16.29670281544765,fechner
1359,22_epo,60.0,16.296741411623135,fechner
1360,22_epo,61.0,16.296778122632595,fechner
1361,22_epo,62.0,16.29681306931632,fechner
1362,22_epo,63.0,16.296846362982066,fechner
1363,22_epo,64.0,16.29687810629372,fechner
1364,22_epo,65.0,16.29690839406466,fechner
1365,22_epo,66.0,16.296937313967504,fechner
1366,22_epo,67.0,16.29696494717006,fechner
1367,22_epo,68.0,16.29699136890611,fechner
1368,22_epo,69.0,16.297016648988652,fechner
1369,22_epo,70.0,16.297040852272055,fechner
1370,22_epo,71.0,16.297064039068843,fechner
1371,22_epo,72.0,16.29708626552623,fechner
1372,22_epo,73.0,16.29710758396666,fechner
1373,22_epo,74.0,16.29712804319635,fechner
1374,22_epo,75.0,16.29714768878511,fechner
1375,22_epo,76.0,16.297166563320623,fechner
1376,22_epo,77.0,16.29718470663957,fechner
1377,22_epo,78.0,16.297202156038246,fechner
1378,22_epo,79.0,16.297218946464543,fechner
1379,22_epo,80.0,16.297235110693208,fechner
1380,22_epo,81.0,16.297250679486034,fechner
1381,22_epo,82.0,16.297265681738455,fechner
1382,22_epo,83.0,16.297280144613822,fechner
1383,22_epo,84.0,16.297294093666522,fechner
1384,22_epo,85.0,16.297307552955044,fechner
1385,22_epo,86.0,16.297320545145837,fechner
1386,22_epo,87.0,16.29733309160889,fechner
1387,22_epo,88.0,16.29734521250572,fechner
1388,22_epo,89.0,16.297356926870474,fechner
1389,22_epo,90.0,16.297368252684738,fechner
1390,22_epo,91.0,16.297379206946637,fechner
1391,22_epo,92.0,16.297389805734706,fechner
1392,22_epo,93.0,16.297400064266927,fechner
1393,22_epo,94.0,16.29740999695546,fechner
1394,22_epo,95.0,16.297419617457262,fechner
1395,23_epo,3.0,10.611873920985227,fechner
1396,23_epo,4.0,11.647528566342805,fechner
1397,23_epo,5.0,12.37999176010546,fechner
1398,23_epo,6.0,12.918621267249959,fechner
1399,23_epo,7.000000000000001,13.317577212971177,fechner
1400,23_epo,8.0,13.616304592200967,fechner
1401,23_epo,9.0,13.843166713321008,fechner
1402,23_epo,10.0,14.018119943565788,fechner
1403,23_epo,11.0,14.155121993926466,fechner
1404,23_epo,12.0,14.263980451078439,fechner
1405,23_epo,13.0,14.351658076613399,fechner
1406,23_epo,14.000000000000002,14.4231624613516,fechner
1407,23_epo,15.0,14.482145631962778,fechner
1408,23_epo,16.0,14.531308630999357,fechner
1409,23_epo,17.0,14.572676561131374,fechner
1410,23_epo,18.0,14.607787585424001,fechner
1411,23_epo,19.0,14.637824401168409,fechner
1412,23_epo,20.0,14.6637068738702,fechner
1413,23_epo,21.0,14.686158145631358,fechner
1414,23_epo,22.0,14.705752406368468,fechner
1415,23_epo,23.0,14.722949831685563,fechner
1416,23_epo,24.0,14.73812242974093,fechner
1417,23_epo,25.0,14.751573371934935,fechner
1418,23_epo,26.0,14.763551599869823,fechner
1419,23_epo,27.0,14.774262970775172,fechner
1420,23_epo,28.000000000000004,14.783878840113418,fechner
1421,23_epo,28.999999999999996,14.792542728130167,fechner
1422,23_epo,30.0,14.800375540567835,fechner
1423,23_epo,31.0,14.80747968874944,fechner
1424,23_epo,32.0,14.813942364822921,fechner
1425,23_epo,33.0,14.819838163380062,fechner
1426,23_epo,34.0,14.82523119359501,fechner
1427,23_epo,35.0,14.83017679141511,fechner
1428,23_epo,36.0,14.834722915669944,fechner
1429,23_epo,37.0,14.83891129277766,fechner
1430,23_epo,38.0,14.84277836027436,fechner
1431,23_epo,39.0,14.846356048425411,fechner
1432,23_epo,40.0,14.849672430797165,fechner
1433,23_epo,41.0,14.852752268221323,fechner
1434,23_epo,42.0,14.855617465593921,fechner
1435,23_epo,43.0,14.858287457063932,fechner
1436,23_epo,44.0,14.860779532121688,fechner
1437,23_epo,45.0,14.863109112698286,fechner
1438,23_epo,46.0,14.865289989487426,fechner
1439,23_epo,47.0,14.867334524188546,fechner
1440,23_epo,48.0,14.869253823160188,fechner
1441,23_epo,49.0,14.871057887000063,fechner
1442,23_epo,50.0,14.872755739782955,fechner
1443,23_epo,51.0,14.874355541050942,fechner
1444,23_epo,52.0,14.87586468313176,fechner
1445,23_epo,53.0,14.87728987593732,fechner
1446,23_epo,54.0,14.878637221046276,fechner
1447,23_epo,55.00000000000001,14.879912276587904,fechner
1448,23_epo,56.00000000000001,14.881120114207587,fechner
1449,23_epo,56.99999999999999,14.882265369197407,fechner
1450,23_epo,57.99999999999999,14.883352284711725,fechner
1451,23_epo,59.0,14.884384750850877,fechner
1452,23_epo,60.0,14.88536633928148,fechner
1453,23_epo,61.0,14.886300333965735,fechner
1454,23_epo,62.0,14.887189758490818,fechner
1455,23_epo,63.0,14.888037400420984,fechner
1456,23_epo,64.0,14.888845833036903,fechner
1457,23_epo,65.0,14.889617434777305,fechner
1458,23_epo,66.0,14.890354406656021,fechner
1459,23_epo,67.0,14.891058787891508,fechner
1460,23_epo,68.0,14.891732469955265,fechner
1461,23_epo,69.0,14.892377209219124,fechner
1462,23_epo,70.0,14.892994638358644,fechner
1463,23_epo,71.0,14.893586276650401,fechner
1464,23_epo,72.0,14.894153539283932,fechner
1465,23_epo,73.0,14.894697745794547,fechner
1466,23_epo,74.0,14.895220127710504,fechner
1467,23_epo,75.0,14.895721835497001,fechner
1468,23_epo,76.0,14.896203944869871,fechner
1469,23_epo,77.0,14.89666746254345,fechner
1470,23_epo,78.0,14.8971133314698,fechner
1471,23_epo,79.0,14.897542435620018,fechner
1472,23_epo,80.0,14.897955604352802,fechner
1473,23_epo,81.0,14.898353616410423,fechner
1474,23_epo,82.0,14.898737203577989,fechner
1475,23_epo,83.0,14.89910705403797,fechner
1476,23_epo,84.0,14.899463815448703,fechner
1477,23_epo,85.0,14.899808097772405,fechner
1478,23_epo,86.0,14.900140475875782,fechner
1479,23_epo,87.0,14.900461491923872,fechner
1480,23_epo,88.0,14.90077165758564,fechner
1481,23_epo,89.0,14.901071456068092,fechner
1482,23_epo,90.0,14.901361343993928,fechner
1483,23_epo,91.0,14.901641753136374,fechner
1484,23_epo,92.0,14.901913092023422,fechner
1485,23_epo,93.0,14.90217574742261,fechner
1486,23_epo,94.0,14.902430085716396,fechner
1487,23_epo,95.0,14.902676454177222,fechner
1488,24_epo,3.0,14.260031968039206,fechner
1489,24_epo,4.0,14.260031968257323,fechner
1490,24_epo,5.0,14.260031968314472,fechner
1491,24_epo,6.0,14.260031968339899,fechner
1492,24_epo,7.000000000000001,14.260031968353774,fechner
1493,24_epo,8.0,14.260031968362268,fechner
1494,24_epo,9.0,14.26003196836788,fechner
1495,24_epo,10.0,14.260031968371791,fechner
1496,24_epo,11.0,14.260031968374635,fechner
1497,24_epo,12.0,14.260031968376769,fechner
1498,24_epo,13.0,14.260031968378414,fechner
1499,24_epo,14.000000000000002,14.260031968379705,fechner
1500,24_epo,15.0,14.260031968380742,fechner
1501,24_epo,16.0,14.260031968381588,fechner
1502,24_epo,17.0,14.260031968382286,fechner
1503,24_epo,18.0,14.260031968382867,fechner
1504,24_epo,19.0,14.260031968383359,fechner
1505,24_epo,20.0,14.260031968383776,fechner
1506,24_epo,21.0,14.260031968384137,fechner
1507,24_epo,22.0,14.260031968384446,fechner
1508,24_epo,23.0,14.260031968384718,fechner
1509,24_epo,24.0,14.260031968384954,fechner
1510,24_epo,25.0,14.260031968385164,fechner
1511,24_epo,26.0,14.260031968385348,fechner
1512,24_epo,27.0,14.260031968385514,fechner
1513,24_epo,28.000000000000004,14.260031968385661,fechner
1514,24_epo,28.999999999999996,14.260031968385793,fechner
1515,24_epo,30.0,14.260031968385913,fechner
1516,24_epo,31.0,14.26003196838602,fechner
1517,24_epo,32.0,14.260031968386118,fechner
1518,24_epo,33.0,14.260031968386208,fechner
1519,24_epo,34.0,14.260031968386288,fechner
1520,24_epo,35.0,14.260031968386361,fechner
1521,24_epo,36.0,14.260031968386432,fechner
1522,24_epo,37.0,14.260031968386494,fechner
1523,24_epo,38.0,14.260031968386551,fechner
1524,24_epo,39.0,14.260031968386604,fechner
1525,24_epo,40.0,14.260031968386656,fechner
1526,24_epo,41.0,14.2600319683867,fechner
1527,24_epo,42.0,14.260031968386743,fechner
1528,24_epo,43.0,14.260031968386782,fechner
1529,24_epo,44.0,14.26003196838682,fechner
1530,24_epo,45.0,14.260031968386855,fechner
1531,24_epo,46.0,14.260031968386885,fechner
1532,24_epo,47.0,14.260031968386917,fechner
1533,24_epo,48.0,14.260031968386945,fechner
1534,24_epo,49.0,14.26003196838697,fechner
1535,24_epo,50.0,14.260031968386997,fechner
1536,24_epo,51.0,14.26003196838702,fechner
1537,24_epo,52.0,14.260031968387041,fechner
1538,24_epo,53.0,14.260031968387063,fechner
1539,24_epo,54.0,14.260031968387084,fechner
1540,24_epo,55.00000000000001,14.260031968387102,fechner
1541,24_epo,56.00000000000001,14.26003196838712,fechner
1542,24_epo,56.99999999999999,14.260031968387137,fechner
1543,24_epo,57.99999999999999,14.260031968387153,fechner
1544,24_epo,59.0,14.26003196838717,fechner
1545,24_epo,60.0,14.260031968387182,fechner
1546,24_epo,61.0,14.260031968387196,fechner
1547,24_epo,62.0,14.260031968387208,fechner
1548,24_epo,63.0,14.26003196838722,fechner
1549,24_epo,64.0,14.260031968387233,fechner
1550,24_epo,65.0,14.260031968387246,fechner
1551,24_epo,66.0,14.260031968387255,fechner
1552,24_epo,67.0,14.260031968387265,fechner
1553,24_epo,68.0,14.260031968387276,fechner
1554,24_epo,69.0,14.260031968387285,fechner
1555,24_epo,70.0,14.260031968387294,fechner
1556,24_epo,71.0,14.260031968387302,fechner
1557,24_epo,72.0,14.260031968387311,fechner
1558,24_epo,73.0,14.26003196838732,fechner
1559,24_epo,74.0,14.260031968387326,fechner
1560,24_epo,75.0,14.260031968387333,fechner
1561,24_epo,76.0,14.26003196838734,fechner
1562,24_epo,77.0,14.260031968387347,fechner
1563,24_epo,78.0,14.260031968387354,fechner
1564,24_epo,79.0,14.260031968387361,fechner
1565,24_epo,80.0,14.260031968387366,fechner
1566,24_epo,81.0,14.260031968387374,fechner
1567,24_epo,82.0,14.260031968387379,fechner
1568,24_epo,83.0,14.260031968387384,fechner
1569,24_epo,84.0,14.26003196838739,fechner
1570,24_epo,85.0,14.260031968387395,fechner
1571,24_epo,86.0,14.260031968387398,fechner
1572,24_epo,87.0,14.260031968387402,fechner
1573,24_epo,88.0,14.260031968387407,fechner
1574,24_epo,89.0,14.26003196838741,fechner
1575,24_epo,90.0,14.260031968387416,fechner
1576,24_epo,91.0,14.26003196838742,fechner
1577,24_epo,92.0,14.260031968387425,fechner
1578,24_epo,93.0,14.260031968387429,fechner
1579,24_epo,94.0,14.260031968387432,fechner
1580,24_epo,95.0,14.260031968387436,fechner
1581,25_epo,3.0,11.254890163642374,fechner
1582,25_epo,4.0,12.283107208888996,fechner
1583,25_epo,5.0,13.00918192445743,fechner
1584,25_epo,6.0,13.542392869959428,fechner
1585,25_epo,7.000000000000001,13.936918186524254,fechner
1586,25_epo,8.0,14.232089761633238,fechner
1587,25_epo,9.0,14.45611343729339,fechner
1588,25_epo,10.0,14.628795687631579,fechner
1589,25_epo,11.0,14.763969292980885,fechner
1590,25_epo,12.0,14.87134344577514,fechner
1591,25_epo,13.0,14.95780526640018,fechner
1592,25_epo,14.000000000000002,15.028304682700579,fechner
1593,25_epo,15.0,15.086449770820622,fechner
1594,25_epo,16.0,15.13490793162781,fechner
1595,25_epo,17.0,15.17567834633543,fechner
1596,25_epo,18.0,15.21027904888397,fechner
1597,25_epo,19.0,15.23987697506655,fechner
1598,25_epo,20.0,15.265379544409273,fechner
1599,25_epo,21.0,15.287499989070524,fechner
1600,25_epo,22.0,15.30680454437894,fechner
1601,25_epo,23.0,15.323746951199462,fechner
1602,25_epo,24.0,15.338693973749193,fechner
1603,25_epo,25.0,15.3519444797522,fechner
1604,25_epo,26.0,15.363743855167908,fechner
1605,25_epo,27.0,15.374295000987848,fechner
1606,25_epo,28.000000000000004,15.383766800063968,fechner
1607,25_epo,28.999999999999996,15.392300692817134,fechner
1608,25_epo,30.0,15.400015826175014,fechner
1609,25_epo,31.0,15.407013116563212,fechner
1610,25_epo,32.0,15.413378479443741,fechner
1611,25_epo,33.0,15.419185414118367,fechner
1612,25_epo,34.0,15.424497086037718,fechner
1613,25_epo,35.0,15.429368014687256,fechner
1614,25_epo,36.0,15.433845449786267,fechner
1615,25_epo,37.0,15.43797049960052,fechner
1616,25_epo,38.0,15.441779060907173,fechner
1617,25_epo,39.0,15.44530258932982,fechner
1618,25_epo,40.0,15.448568740494188,fechner
1619,25_epo,41.0,15.451601906096123,fechner
1620,25_epo,42.0,15.454423664051383,fechner
1621,25_epo,43.0,15.457053158063301,fechner
1622,25_epo,44.0,15.459507418941527,fechner
1623,25_epo,45.0,15.461801637639594,fechner
1624,25_epo,46.0,15.46394939810564,fechner
1625,25_epo,47.0,15.465962876549419,fechner
1626,25_epo,48.0,15.467853012535805,fechner
1627,25_epo,49.0,15.469629656356245,fechner
1628,25_epo,50.0,15.471301696355521,fechner
1629,25_epo,51.0,15.472877169263485,fechner
1630,25_epo,52.0,15.474363356070313,fechner
1631,25_epo,53.0,15.475766865565964,fechner
1632,25_epo,54.0,15.477093707321474,fechner
1633,25_epo,55.00000000000001,15.478349355607268,fechner
1634,25_epo,56.00000000000001,15.479538805509975,fechner
1635,25_epo,56.99999999999999,15.48066662231546,fechner
1636,25_epo,57.99999999999999,15.481736985064444,fechner
1637,25_epo,59.0,15.482753725052262,fechner
1638,25_epo,60.0,15.48372035993156,fechner
1639,25_epo,61.0,15.484640123981723,fechner
1640,25_epo,62.0,15.485515995029003,fechner
1641,25_epo,63.0,15.486350718433677,fechner
1642,25_epo,64.0,15.487146828503358,fechner
1643,25_epo,65.0,15.487906667642905,fechner
1644,25_epo,66.0,15.488632403509909,fechner
1645,25_epo,67.0,15.489326044409404,fechner
1646,25_epo,68.0,15.489989453131107,fechner
1647,25_epo,69.0,15.490624359406434,fechner
1648,25_epo,70.0,15.491232371140338,fechner
1649,25_epo,71.0,15.491814984553516,fechner
1650,25_epo,72.0,15.492373593354113,fechner
1651,25_epo,73.0,15.492909497043426,fechner
1652,25_epo,74.0,15.4934239084478,fechner
1653,25_epo,75.0,15.49391796055788,fechner
1654,25_epo,76.0,15.494392712747027,fechner
1655,25_epo,77.0,15.494849156432448,fechner
1656,25_epo,78.0,15.495288220235288,fechner
1657,25_epo,79.0,15.49571077468971,fechner
1658,25_epo,80.0,15.496117636545472,fechner
1659,25_epo,81.0,15.496509572703474,fechner
1660,25_epo,82.0,15.496887303819697,fechner
1661,25_epo,83.0,15.497251507609018,fechner
1662,25_epo,84.0,15.497602821877093,fechner
1663,25_epo,85.0,15.497941847305615,fechner
1664,25_epo,86.0,15.498269150013542,fechner
1665,25_epo,87.0,15.498585263914688,fechner
1666,25_epo,88.0,15.49889069288991,fechner
1667,25_epo,89.0,15.499185912790429,fechner
1668,25_epo,90.0,15.499471373287012,fechner
1669,25_epo,91.0,15.499747499578518,fechner
1670,25_epo,92.0,15.500014693971828,fechner
1671,25_epo,93.0,15.50027333734409,fechner
1672,25_epo,94.0,15.50052379049726,fechner
1673,25_epo,95.0,15.500766395413816,fechner
1674,2_epo,3.0,14.938426747335022,fechner
1675,2_epo,4.0,14.938446053442162,fechner
1676,2_epo,5.0,14.93845111330188,fechner
1677,2_epo,6.0,14.938453364689774,fechner
1678,2_epo,7.000000000000001,14.938454593205828,fechner
1679,2_epo,8.0,14.93845534544077,fechner
1680,2_epo,9.0,14.938455842306169,fechner
1681,2_epo,10.0,14.93845618880028,fechner
1682,2_epo,11.0,14.938456440561705,fechner
1683,2_epo,12.0,14.938456629495741,fechner
1684,2_epo,13.0,14.938456775036672,fechner
1685,2_epo,14.000000000000002,14.938456889602959,fechner
1686,2_epo,15.0,14.938456981445784,fechner
1687,2_epo,16.0,14.938457056228543,fechner
1688,2_epo,17.0,14.938457117946918,fechner
1689,2_epo,18.0,14.938457169487409,fechner
1690,2_epo,19.0,14.938457212978525,fechner
1691,2_epo,20.0,14.938457250018399,fechner
1692,2_epo,21.0,14.938457281826247,fechner
1693,2_epo,22.0,14.938457309345567,fechner
1694,2_epo,23.0,14.938457333315878,fechner
1695,2_epo,24.0,14.93845735432355,fechner
1696,2_epo,25.0,14.938457372838435,fechner
1697,2_epo,26.0,14.938457389240623,fechner
1698,2_epo,27.0,14.938457403840303,fechner
1699,2_epo,28.000000000000004,14.938457416892664,fechner
1700,2_epo,28.999999999999996,14.938457428609214,fechner
1701,2_epo,30.0,14.938457439166465,fechner
1702,2_epo,31.0,14.938457448712674,fechner
1703,2_epo,32.0,14.9384574573731,fechner
1704,2_epo,33.0,14.938457465254166,fechner
1705,2_epo,34.0,14.938457472446762,fechner
1706,2_epo,35.0,14.93845747902889,fechner
1707,2_epo,36.0,14.938457485067804,fechner
1708,2_epo,37.0,14.938457490621724,fechner
1709,2_epo,38.0,14.93845749574128,fechner
1710,2_epo,39.0,14.938457500470651,fechner
1711,2_epo,40.0,14.938457504848534,fechner
1712,2_epo,41.0,14.938457508908947,fechner
1713,2_epo,42.0,14.93845751268188,fechner
1714,2_epo,43.0,14.938457516193864,fechner
1715,2_epo,44.0,14.938457519468438,fechner
1716,2_epo,45.0,14.93845752252654,fechner
1717,2_epo,46.0,14.938457525386852,fechner
1718,2_epo,47.0,14.938457528066081,fechner
1719,2_epo,48.0,14.938457530579203,fechner
1720,2_epo,49.0,14.93845753293968,fechner
1721,2_epo,50.0,14.938457535159632,fechner
1722,2_epo,51.0,14.938457537250006,fechner
1723,2_epo,52.0,14.938457539220694,fechner
1724,2_epo,53.0,14.93845754108067,fechner
1725,2_epo,54.0,14.938457542838076,fechner
1726,2_epo,55.00000000000001,14.938457544500322,fechner
1727,2_epo,56.00000000000001,14.938457546074158,fechner
1728,2_epo,56.99999999999999,14.938457547565749,fechner
1729,2_epo,57.99999999999999,14.938457548980725,fechner
1730,2_epo,59.0,14.938457550324252,fechner
1731,2_epo,60.0,14.93845755160106,fechner
1732,2_epo,61.0,14.938457552815496,fechner
1733,2_epo,62.0,14.93845755397156,fechner
1734,2_epo,63.0,14.938457555072933,fechner
1735,2_epo,64.0,14.938457556123014,fechner
1736,2_epo,65.0,14.938457557124938,fechner
1737,2_epo,66.0,14.93845755808161,fechner
1738,2_epo,67.0,14.938457558995713,fechner
1739,2_epo,68.0,14.938457559869736,fechner
1740,2_epo,69.0,14.938457560705992,fechner
1741,2_epo,70.0,14.93845756150662,fechner
1742,2_epo,71.0,14.938457562273625,fechner
1743,2_epo,72.0,14.938457563008855,fechner
1744,2_epo,73.0,14.93845756371405,fechner
1745,2_epo,74.0,14.938457564390818,fechner
1746,2_epo,75.0,14.938457565040672,fechner
1747,2_epo,76.0,14.938457565665015,fechner
1748,2_epo,77.0,14.93845756626517,fechner
1749,2_epo,78.0,14.938457566842368,fechner
1750,2_epo,79.0,14.938457567397768,fechner
1751,2_epo,80.0,14.938457567932453,fechner
1752,2_epo,81.0,14.93845756844744,fechner
1753,2_epo,82.0,14.938457568943686,fechner
1754,2_epo,83.0,14.93845756942209,fechner
1755,2_epo,84.0,14.938457569883495,fechner
1756,2_epo,85.0,14.9384575703287,fechner
1757,2_epo,86.0,14.938457570758452,fechner
1758,2_epo,87.0,14.93845757117346,fechner
1759,2_epo,88.0,14.938457571574391,fechner
1760,2_epo,89.0,14.938457571961873,fechner
1761,2_epo,90.0,14.938457572336501,fechner
1762,2_epo,91.0,14.938457572698841,fechner
1763,2_epo,92.0,14.938457573049421,fechner
1764,2_epo,93.0,14.938457573388744,fechner
1765,2_epo,94.0,14.938457573717292,fechner
1766,2_epo,95.0,14.93845757403551,fechner
1767,3_epo,3.0,15.409553111666279,fechner
1768,3_epo,4.0,15.409573895228947,fechner
1769,3_epo,5.0,15.409579342366373,fechner
1770,3_epo,6.0,15.409581766081391,fechner
1771,3_epo,7.000000000000001,15.409583088633271,fechner
1772,3_epo,8.0,15.409583898448156,fechner
1773,3_epo,9.0,15.409584433346486,fechner
1774,3_epo,10.0,15.409584806363378,fechner
1775,3_epo,11.0,15.409585077396237,fechner
1776,3_epo,12.0,15.409585280792536,fechner
1777,3_epo,13.0,15.409585437474155,fechner
1778,3_epo,14.000000000000002,15.409585560810134,fechner
1779,3_epo,15.0,15.40958565968325,fechner
1780,3_epo,16.0,15.409585740190412,fechner
1781,3_epo,17.0,15.409585806633151,fechner
1782,3_epo,18.0,15.409585862118922,fechner
1783,3_epo,19.0,15.409585908939164,fechner
1784,3_epo,20.0,15.409585948814335,fechner
1785,3_epo,21.0,15.40958598305699,fechner
1786,3_epo,22.0,15.409586012682839,fechner
1787,3_epo,23.0,15.409586038488012,fechner
1788,3_epo,24.0,15.409586061103768,fechner
1789,3_epo,25.0,15.40958608103592,fechner
1790,3_epo,26.0,15.409586098693651,fechner
1791,3_epo,27.0,15.4095861144109,fechner
1792,3_epo,28.000000000000004,15.409586128462385,fechner
1793,3_epo,28.999999999999996,15.409586141075804,fechner
1794,3_epo,30.0,15.40958615244119,fechner
1795,3_epo,31.0,15.409586162718135,fechner
1796,3_epo,32.0,15.409586172041495,fechner
1797,3_epo,33.0,15.409586180525837,fechner
1798,3_epo,34.0,15.409586188269008,fechner
1799,3_epo,35.0,15.409586195354985,fechner
1800,3_epo,36.0,15.40958620185616,fechner
1801,3_epo,37.0,15.409586207835218,fechner
1802,3_epo,38.0,15.409586213346664,fechner
1803,3_epo,39.0,15.409586218438056,fechner
1804,3_epo,40.0,15.409586223151056,fechner
1805,3_epo,41.0,15.409586227522283,fechner
1806,3_epo,42.0,15.409586231584024,fechner
1807,3_epo,43.0,15.409586235364841,fechner
1808,3_epo,44.0,15.409586238890077,fechner
1809,3_epo,45.0,15.40958624218227,fechner
1810,3_epo,46.0,15.409586245261531,fechner
1811,3_epo,47.0,15.40958624814585,fechner
1812,3_epo,48.0,15.409586250851344,fechner
1813,3_epo,49.0,15.409586253392508,fechner
1814,3_epo,50.0,15.409586255782393,fechner
1815,3_epo,51.0,15.409586258032778,fechner
1816,3_epo,52.0,15.40958626015432,fechner
1817,3_epo,53.0,15.409586262156672,fechner
1818,3_epo,54.0,15.409586264048604,fechner
1819,3_epo,55.00000000000001,15.40958626583809,fechner
1820,3_epo,56.00000000000001,15.4095862675324,fechner
1821,3_epo,56.99999999999999,15.409586269138169,fechner
1822,3_epo,57.99999999999999,15.409586270661459,fechner
1823,3_epo,59.0,15.409586272107829,fechner
1824,3_epo,60.0,15.409586273482372,fechner
1825,3_epo,61.0,15.40958627478977,fechner
1826,3_epo,62.0,15.409586276034327,fechner
1827,3_epo,63.0,15.409586277220008,fechner
1828,3_epo,64.0,15.40958627835047,fechner
1829,3_epo,65.0,15.40958627942909,fechner
1830,3_epo,66.0,15.409586280458992,fechner
1831,3_epo,67.0,15.409586281443067,fechner
1832,3_epo,68.0,15.409586282383996,fechner
1833,3_epo,69.0,15.409586283284263,fechner
1834,3_epo,70.0,15.40958628414618,fechner
1835,3_epo,71.0,15.409586284971894,fechner
1836,3_epo,72.0,15.409586285763407,fechner
1837,3_epo,73.0,15.40958628652258,fechner
1838,3_epo,74.0,15.409586287251155,fechner
1839,3_epo,75.0,15.40958628795075,fechner
1840,3_epo,76.0,15.409586288622888,fechner
1841,3_epo,77.0,15.409586289268983,fechner
1842,3_epo,78.0,15.409586289890367,fechner
1843,3_epo,79.0,15.40958629048828,fechner
1844,3_epo,80.0,15.409586291063894,fechner
1845,3_epo,81.0,15.409586291618302,fechner
1846,3_epo,82.0,15.409586292152534,fechner
1847,3_epo,83.0,15.409586292667559,fechner
1848,3_epo,84.0,15.409586293164283,fechner
1849,3_epo,85.0,15.409586293643567,fechner
1850,3_epo,86.0,15.409586294106216,fechner
1851,3_epo,87.0,15.409586294552991,fechner
1852,3_epo,88.0,15.409586294984612,fechner
1853,3_epo,89.0,15.409586295401756,fechner
1854,3_epo,90.0,15.409586295805061,fechner
1855,3_epo,91.0,15.409586296195137,fechner
1856,3_epo,92.0,15.409586296572552,fechner
1857,3_epo,93.0,15.409586296937853,fechner
1858,3_epo,94.0,15.409586297291547,fechner
1859,3_epo,95.0,15.409586297634124,fechner
1860,4_epo,3.0,9.260832483007661,fechner
1861,4_epo,4.0,10.176494777949317,fechner
1862,4_epo,5.0,10.794180224454138,fechner
1863,4_epo,6.0,11.230819941261329,fechner
1864,4_epo,7.000000000000001,11.544620859193621,fechner
1865,4_epo,8.0,11.774318616413186,fechner
1866,4_epo,9.0,11.945796699935066,fechner
1867,4_epo,10.0,12.076319420109991,fechner
1868,4_epo,11.0,12.177497034557678,fechner
1869,4_epo,12.0,12.257250756113628,fechner
1870,4_epo,13.0,12.321078331212037,fechner
1871,4_epo,14.000000000000002,12.372864277510704,fechner
1872,4_epo,15.0,12.415401853333918,fechner
1873,4_epo,16.0,12.450733495571443,fechner
1874,4_epo,17.0,12.480376246339254,fechner
1875,4_epo,18.0,12.505473454931675,fechner
1876,4_epo,19.0,12.526898536960887,fechner
1877,4_epo,20.0,12.545327072344763,fechner
1878,4_epo,21.0,12.561287666122196,fechner
1879,4_epo,22.0,12.575198344889298,fechner
1880,4_epo,23.0,12.587392955717387,fechner
1881,4_epo,24.0,12.598140557363799,fechner
1882,4_epo,25.0,12.607659833753036,fechner
1883,4_epo,26.0,12.616129927023945,fechner
1884,4_epo,27.0,12.62369866457879,fechner
1885,4_epo,28.000000000000004,12.630488868146546,fechner
1886,4_epo,28.999999999999996,12.636603236369337,fechner
1887,4_epo,30.0,12.642128155955238,fechner
1888,4_epo,31.0,12.647136700565929,fechner
1889,4_epo,32.0,12.651691008505345,fechner
1890,4_epo,33.0,12.655844181393674,fechner
1891,4_epo,34.0,12.659641810576067,fechner
1892,4_epo,35.0,12.663123212086338,fechner
1893,4_epo,36.0,12.666322431842632,fechner
1894,4_epo,37.0,12.669269068498922,fechner
1895,4_epo,38.0,12.671988950678303,fechner
1896,4_epo,39.0,12.674504697223119,fechner
1897,4_epo,40.0,12.6768361829331,fechner
1898,4_epo,41.0,12.67900092753424,fechner
1899,4_epo,42.0,12.681014421969952,fechner
1900,4_epo,43.0,12.682890403268757,fechner
1901,4_epo,44.0,12.684641087024806,fechner
1902,4_epo,45.0,12.68627736478369,fechner
1903,4_epo,46.0,12.687808972247364,fechner
1904,4_epo,47.0,12.689244633116354,fechner
1905,4_epo,48.0,12.69059218251238,fechner
1906,4_epo,49.0,12.691858673222091,fechner
1907,4_epo,50.0,12.693050467436409,fechner
1908,4_epo,51.0,12.69417331620128,fechner
1909,4_epo,52.0,12.69523242842257,fechner
1910,4_epo,53.0,12.696232530963243,fechner
1911,4_epo,54.0,12.697177921121202,fechner
1912,4_epo,55.00000000000001,12.698072512570407,fechner
1913,4_epo,56.00000000000001,12.698919875678346,fechner
1914,4_epo,56.99999999999999,12.699723272971863,fechner
1915,4_epo,57.99999999999999,12.70048569040653,fechner
1916,4_epo,59.0,12.701209864996752,fechner
1917,4_epo,60.0,12.701898309282248,fechner
1918,4_epo,61.0,12.702553333037665,fechner
1919,4_epo,62.0,12.703177062574367,fechner
1920,4_epo,63.0,12.703771457934423,fechner
1921,4_epo,64.0,12.7043383282356,fechner
1922,4_epo,65.0,12.704879345390879,fechner
1923,4_epo,66.0,12.705396056396138,fechner
1924,4_epo,67.0,12.70588989435417,fechner
1925,4_epo,68.0,12.706362188381155,fechner
1926,4_epo,69.0,12.706814172523185,fechner
1927,4_epo,70.0,12.707246993794167,fechner
1928,4_epo,71.0,12.707661719432577,fechner
1929,4_epo,72.0,12.708059343462589,fechner
1930,4_epo,73.0,12.70844079263468,fechner
1931,4_epo,74.0,12.70880693181183,fechner
1932,4_epo,75.0,12.709158568859639,fechner
1933,4_epo,76.0,12.709496459091833,fechner
1934,4_epo,77.0,12.709821309316762,fechner
1935,4_epo,78.0,12.710133781525254,fechner
1936,4_epo,79.0,12.710434496255662,fechner
1937,4_epo,80.0,12.71072403566801,fechner
1938,4_epo,81.0,12.71100294635558,fechner
1939,4_epo,82.0,12.711271741919237,fechner
1940,4_epo,83.0,12.711530905327118,fechner
1941,4_epo,84.0,12.711780891079858,fechner
1942,4_epo,85.0,12.71202212719944,fechner
1943,4_epo,86.0,12.712255017057927,fechner
1944,4_epo,87.0,12.71247994106057,fechner
1945,4_epo,88.0,12.712697258196467,fechner
1946,4_epo,89.0,12.712907307468463,fechner
1947,4_epo,90.0,12.713110409212975,fechner
1948,4_epo,91.0,12.713306866319302,fechner
1949,4_epo,92.0,12.713496965357034,fechner
1950,4_epo,93.0,12.713680977619457,fechner
1951,4_epo,94.0,12.713859160089953,fechner
1952,4_epo,95.0,12.714031756337867,fechner
1953,5_epo,3.0,15.653256110649108,fechner
1954,5_epo,4.0,15.653256110649167,fechner
1955,5_epo,5.0,15.653256110649185,fechner
1956,5_epo,6.0,15.653256110649192,fechner
1957,5_epo,7.000000000000001,15.653256110649195,fechner
1958,5_epo,8.0,15.653256110649195,fechner
1959,5_epo,9.0,15.653256110649199,fechner
1960,5_epo,10.0,15.653256110649199,fechner
1961,5_epo,11.0,15.653256110649199,fechner
1962,5_epo,12.0,15.653256110649203,fechner
1963,5_epo,13.0,15.653256110649203,fechner
1964,5_epo,14.000000000000002,15.653256110649203,fechner
1965,5_epo,15.0,15.653256110649203,fechner
1966,5_epo,16.0,15.653256110649203,fechner
1967,5_epo,17.0,15.653256110649203,fechner
1968,5_epo,18.0,15.653256110649203,fechner
1969,5_epo,19.0,15.653256110649203,fechner
1970,5_epo,20.0,15.653256110649203,fechner
1971,5_epo,21.0,15.653256110649203,fechner
1972,5_epo,22.0,15.653256110649203,fechner
1973,5_epo,23.0,15.653256110649203,fechner
1974,5_epo,24.0,15.653256110649203,fechner
1975,5_epo,25.0,15.653256110649203,fechner
1976,5_epo,26.0,15.653256110649203,fechner
1977,5_epo,27.0,15.653256110649203,fechner
1978,5_epo,28.000000000000004,15.653256110649203,fechner
1979,5_epo,28.999999999999996,15.653256110649203,fechner
1980,5_epo,30.0,15.653256110649203,fechner
1981,5_epo,31.0,15.653256110649203,fechner
1982,5_epo,32.0,15.653256110649203,fechner
1983,5_epo,33.0,15.653256110649203,fechner
1984,5_epo,34.0,15.653256110649203,fechner
1985,5_epo,35.0,15.653256110649203,fechner
1986,5_epo,36.0,15.653256110649203,fechner
1987,5_epo,37.0,15.653256110649203,fechner
1988,5_epo,38.0,15.653256110649203,fechner
1989,5_epo,39.0,15.653256110649203,fechner
1990,5_epo,40.0,15.653256110649203,fechner
1991,5_epo,41.0,15.653256110649203,fechner
1992,5_epo,42.0,15.653256110649203,fechner
1993,5_epo,43.0,15.653256110649203,fechner
1994,5_epo,44.0,15.653256110649203,fechner
1995,5_epo,45.0,15.653256110649203,fechner
1996,5_epo,46.0,15.653256110649203,fechner
1997,5_epo,47.0,15.653256110649203,fechner
1998,5_epo,48.0,15.653256110649203,fechner
1999,5_epo,49.0,15.653256110649203,fechner
2000,5_epo,50.0,15.653256110649203,fechner
2001,5_epo,51.0,15.653256110649203,fechner
2002,5_epo,52.0,15.653256110649203,fechner
2003,5_epo,53.0,15.653256110649203,fechner
2004,5_epo,54.0,15.653256110649203,fechner
2005,5_epo,55.00000000000001,15.653256110649203,fechner
2006,5_epo,56.00000000000001,15.653256110649203,fechner
2007,5_epo,56.99999999999999,15.653256110649203,fechner
2008,5_epo,57.99999999999999,15.653256110649203,fechner
2009,5_epo,59.0,15.653256110649203,fechner
2010,5_epo,60.0,15.653256110649203,fechner
2011,5_epo,61.0,15.653256110649203,fechner
2012,5_epo,62.0,15.653256110649203,fechner
2013,5_epo,63.0,15.653256110649203,fechner
2014,5_epo,64.0,15.653256110649203,fechner
2015,5_epo,65.0,15.653256110649203,fechner
2016,5_epo,66.0,15.653256110649203,fechner
2017,5_epo,67.0,15.653256110649203,fechner
2018,5_epo,68.0,15.653256110649203,fechner
2019,5_epo,69.0,15.653256110649203,fechner
2020,5_epo,70.0,15.653256110649203,fechner
2021,5_epo,71.0,15.653256110649203,fechner
2022,5_epo,72.0,15.653256110649203,fechner
2023,5_epo,73.0,15.653256110649203,fechner
2024,5_epo,74.0,15.653256110649203,fechner
2025,5_epo,75.0,15.653256110649203,fechner
2026,5_epo,76.0,15.653256110649203,fechner
2027,5_epo,77.0,15.653256110649203,fechner
2028,5_epo,78.0,15.653256110649203,fechner
2029,5_epo,79.0,15.653256110649203,fechner
2030,5_epo,80.0,15.653256110649203,fechner
2031,5_epo,81.0,15.653256110649203,fechner
2032,5_epo,82.0,15.653256110649203,fechner
2033,5_epo,83.0,15.653256110649203,fechner
2034,5_epo,84.0,15.653256110649203,fechner
2035,5_epo,85.0,15.653256110649203,fechner
2036,5_epo,86.0,15.653256110649203,fechner
2037,5_epo,87.0,15.653256110649203,fechner
2038,5_epo,88.0,15.653256110649203,fechner
2039,5_epo,89.0,15.653256110649203,fechner
2040,5_epo,90.0,15.653256110649203,fechner
2041,5_epo,91.0,15.653256110649203,fechner
2042,5_epo,92.0,15.653256110649203,fechner
2043,5_epo,93.0,15.653256110649203,fechner
2044,5_epo,94.0,15.653256110649203,fechner
2045,5_epo,95.0,15.653256110649203,fechner
2046,6_epo,3.0,16.256571261681867,fechner
2047,6_epo,4.0,16.25657126168462,fechner
2048,6_epo,5.0,16.25657126168534,fechner
2049,6_epo,6.0,16.256571261685664,fechner
2050,6_epo,7.000000000000001,16.25657126168584,fechner
2051,6_epo,8.0,16.256571261685945,fechner
2052,6_epo,9.0,16.256571261686013,fechner
2053,6_epo,10.0,16.256571261686066,fechner
2054,6_epo,11.0,16.2565712616861,fechner
2055,6_epo,12.0,16.25657126168613,fechner
2056,6_epo,13.0,16.25657126168615,fechner
2057,6_epo,14.000000000000002,16.256571261686165,fechner
2058,6_epo,15.0,16.256571261686176,fechner
2059,6_epo,16.0,16.256571261686187,fechner
2060,6_epo,17.0,16.256571261686197,fechner
2061,6_epo,18.0,16.256571261686204,fechner
2062,6_epo,19.0,16.25657126168621,fechner
2063,6_epo,20.0,16.256571261686215,fechner
2064,6_epo,21.0,16.256571261686222,fechner
2065,6_epo,22.0,16.256571261686226,fechner
2066,6_epo,23.0,16.25657126168623,fechner
2067,6_epo,24.0,16.256571261686233,fechner
2068,6_epo,25.0,16.256571261686233,fechner
2069,6_epo,26.0,16.256571261686236,fechner
2070,6_epo,27.0,16.25657126168624,fechner
2071,6_epo,28.000000000000004,16.25657126168624,fechner
2072,6_epo,28.999999999999996,16.256571261686243,fechner
2073,6_epo,30.0,16.256571261686243,fechner
2074,6_epo,31.0,16.256571261686243,fechner
2075,6_epo,32.0,16.256571261686247,fechner
2076,6_epo,33.0,16.256571261686247,fechner
2077,6_epo,34.0,16.256571261686247,fechner
2078,6_epo,35.0,16.25657126168625,fechner
2079,6_epo,36.0,16.25657126168625,fechner
2080,6_epo,37.0,16.25657126168625,fechner
2081,6_epo,38.0,16.25657126168625,fechner
2082,6_epo,39.0,16.256571261686254,fechner
2083,6_epo,40.0,16.256571261686254,fechner
2084,6_epo,41.0,16.256571261686254,fechner
2085,6_epo,42.0,16.256571261686254,fechner
2086,6_epo,43.0,16.256571261686254,fechner
2087,6_epo,44.0,16.256571261686254,fechner
2088,6_epo,45.0,16.256571261686258,fechner
2089,6_epo,46.0,16.256571261686258,fechner
2090,6_epo,47.0,16.256571261686258,fechner
2091,6_epo,48.0,16.256571261686258,fechner
2092,6_epo,49.0,16.256571261686258,fechner
2093,6_epo,50.0,16.256571261686258,fechner
2094,6_epo,51.0,16.256571261686258,fechner
2095,6_epo,52.0,16.256571261686258,fechner
2096,6_epo,53.0,16.256571261686258,fechner
2097,6_epo,54.0,16.256571261686258,fechner
2098,6_epo,55.00000000000001,16.256571261686258,fechner
2099,6_epo,56.00000000000001,16.256571261686258,fechner
2100,6_epo,56.99999999999999,16.25657126168626,fechner
2101,6_epo,57.99999999999999,16.25657126168626,fechner
2102,6_epo,59.0,16.25657126168626,fechner
2103,6_epo,60.0,16.25657126168626,fechner
2104,6_epo,61.0,16.25657126168626,fechner
2105,6_epo,62.0,16.25657126168626,fechner
2106,6_epo,63.0,16.25657126168626,fechner
2107,6_epo,64.0,16.25657126168626,fechner
2108,6_epo,65.0,16.25657126168626,fechner
2109,6_epo,66.0,16.25657126168626,fechner
2110,6_epo,67.0,16.25657126168626,fechner
2111,6_epo,68.0,16.25657126168626,fechner
2112,6_epo,69.0,16.25657126168626,fechner
2113,6_epo,70.0,16.25657126168626,fechner
2114,6_epo,71.0,16.25657126168626,fechner
2115,6_epo,72.0,16.25657126168626,fechner
2116,6_epo,73.0,16.25657126168626,fechner
2117,6_epo,74.0,16.25657126168626,fechner
2118,6_epo,75.0,16.25657126168626,fechner
2119,6_epo,76.0,16.25657126168626,fechner
2120,6_epo,77.0,16.25657126168626,fechner
2121,6_epo,78.0,16.25657126168626,fechner
2122,6_epo,79.0,16.25657126168626,fechner
2123,6_epo,80.0,16.25657126168626,fechner
2124,6_epo,81.0,16.25657126168626,fechner
2125,6_epo,82.0,16.25657126168626,fechner
2126,6_epo,83.0,16.25657126168626,fechner
2127,6_epo,84.0,16.25657126168626,fechner
2128,6_epo,85.0,16.25657126168626,fechner
2129,6_epo,86.0,16.25657126168626,fechner
2130,6_epo,87.0,16.256571261686265,fechner
2131,6_epo,88.0,16.256571261686265,fechner
2132,6_epo,89.0,16.256571261686265,fechner
2133,6_epo,90.0,16.256571261686265,fechner
2134,6_epo,91.0,16.256571261686265,fechner
2135,6_epo,92.0,16.256571261686265,fechner
2136,6_epo,93.0,16.256571261686265,fechner
2137,6_epo,94.0,16.256571261686265,fechner
2138,6_epo,95.0,16.256571261686265,fechner
2139,7_epo,3.0,14.23654197066812,fechner
2140,7_epo,4.0,15.382333439160682,fechner
2141,7_epo,5.0,15.721030053751528,fechner
2142,7_epo,6.0,15.877595656668928,fechner
2143,7_epo,7.000000000000001,15.964622005052366,fechner
2144,7_epo,8.0,16.018477312841146,fechner
2145,7_epo,9.0,16.054289574777307,fechner
2146,7_epo,10.0,16.079377517308593,fechner
2147,7_epo,11.0,16.097665389052732,fechner
2148,7_epo,12.0,16.111422288250804,fechner
2149,7_epo,13.0,16.12203882696992,fechner
2150,7_epo,14.000000000000002,16.13040771059998,fechner
2151,7_epo,15.0,16.137124204322323,fechner
2152,7_epo,16.0,16.14259804253745,fechner
2153,7_epo,17.0,16.147118965578883,fechner
2154,7_epo,18.0,16.15089667533039,fechner
2155,7_epo,19.0,16.154086046250015,fechner
2156,7_epo,20.0,16.156803512643943,fechner
2157,7_epo,21.0,16.159138000804013,fechner
2158,7_epo,22.0,16.161158391086676,fechner
2159,7_epo,23.0,16.162918716336375,fechner
2160,7_epo,24.0,16.16446185011486,fechner
2161,7_epo,25.0,16.165822166912143,fechner
2162,7_epo,26.0,16.167027489730405,fechner
2163,7_epo,27.0,16.16810053545724,fechner
2164,7_epo,28.000000000000004,16.16906000095244,fechner
2165,7_epo,28.999999999999996,16.169921388534085,fechner
2166,7_epo,30.0,16.170697640034614,fechner
2167,7_epo,31.0,16.171399628585856,fechner
2168,7_epo,32.0,16.17203654351808,fechner
2169,7_epo,33.0,16.172616194147018,fechner
2170,7_epo,34.0,16.173145251429645,fechner
2171,7_epo,35.0,16.173629441610647,fechner
2172,7_epo,36.0,16.174073702467535,fechner
2173,7_epo,37.0,16.174482310194485,fechner
2174,7_epo,38.0,16.174858983070045,fechner
2175,7_epo,39.0,16.175206966643046,fechner
2176,7_epo,40.0,16.17552910411106,fechner
2177,7_epo,41.0,16.175827894763575,fechner
2178,7_epo,42.0,16.17610554274961,fechner
2179,7_epo,43.0,16.176363997959275,fechner
2180,7_epo,44.0,16.17660499044435,fechner
2181,7_epo,45.0,16.176830059519826,fechner
2182,7_epo,46.0,16.17704057846588,fechner
2183,7_epo,47.0,16.17723777557466,fechner
2184,7_epo,48.0,16.1774227521476,fechner
2185,7_epo,49.0,16.177596497938058,fechner
2186,7_epo,50.0,16.17775990444577,fechner
2187,7_epo,51.0,16.17791377639802,fechner
2188,7_epo,52.0,16.178058841694934,fechner
2189,7_epo,53.0,16.17819576004936,fechner
2190,7_epo,54.0,16.178325130513695,fechner
2191,7_epo,55.00000000000001,16.178447498054492,fechner
2192,7_epo,56.00000000000001,16.178563359310267,fechner
2193,7_epo,56.99999999999999,16.178673167646423,fechner
2194,7_epo,57.99999999999999,16.178777337603666,fechner
2195,7_epo,59.0,16.178876248821805,fechner
2196,7_epo,60.0,16.178970249508396,fechner
2197,7_epo,61.0,16.179059659511644,fechner
2198,7_epo,62.0,16.17914477304836,fechner
2199,7_epo,63.0,16.179225861130522,fechner
2200,7_epo,64.0,16.179303173727902,fechner
2201,7_epo,65.0,16.179376941699118,fechner
2202,7_epo,66.0,16.17944737851896,fechner
2203,7_epo,67.0,16.179514681826305,fechner
2204,7_epo,68.0,16.17957903481347,fechner
2205,7_epo,69.0,16.179640607475406,fechner
2206,7_epo,70.0,16.179699557734654,fechner
2207,7_epo,71.0,16.179756032455945,fechner
2208,7_epo,72.0,16.179810168362675,fechner
2209,7_epo,73.0,16.179862092865964,fechner
2210,7_epo,74.0,16.17991192481569,fechner
2211,7_epo,75.0,16.179959775181764,fechner
2212,7_epo,76.0,16.180005747672993,fechner
2213,7_epo,77.0,16.180049939299952,fechner
2214,7_epo,78.0,16.180092440887602,fechner
2215,7_epo,79.0,16.180133337542685,fechner
2216,7_epo,80.0,16.18017270908045,fechner
2217,7_epo,81.0,16.180210630414646,fechner
2218,7_epo,82.0,16.180247171914413,fechner
2219,7_epo,83.0,16.180282399731208,fechner
2220,7_epo,84.0,16.180316376098588,fechner
2221,7_epo,85.0,16.180349159607452,fechner
2222,7_epo,86.0,16.18038080545897,fechner
2223,7_epo,87.0,16.18041136569727,fechner
2224,7_epo,88.0,16.18044088942365,fechner
2225,7_epo,89.0,16.180469422994083,fechner
2226,7_epo,90.0,16.1804970102014,fechner
2227,7_epo,91.0,16.180523692443487,fechner
2228,7_epo,92.0,16.18054950887881,fechner
2229,7_epo,93.0,16.180574496570216,fechner
2230,7_epo,94.0,16.18059869061813,fechner
2231,7_epo,95.0,16.18062212428394,fechner
2232,8_epo,3.0,16.22325450451297,fechner
2233,8_epo,4.0,16.223254504512976,fechner
2234,8_epo,5.0,16.223254504512976,fechner
2235,8_epo,6.0,16.223254504512976,fechner
2236,8_epo,7.000000000000001,16.223254504512976,fechner
2237,8_epo,8.0,16.223254504512976,fechner
2238,8_epo,9.0,16.223254504512976,fechner
2239,8_epo,10.0,16.223254504512976,fechner
2240,8_epo,11.0,16.223254504512976,fechner
2241,8_epo,12.0,16.223254504512976,fechner
2242,8_epo,13.0,16.223254504512976,fechner
2243,8_epo,14.000000000000002,16.223254504512976,fechner
2244,8_epo,15.0,16.223254504512976,fechner
2245,8_epo,16.0,16.223254504512976,fechner
2246,8_epo,17.0,16.223254504512976,fechner
2247,8_epo,18.0,16.223254504512976,fechner
2248,8_epo,19.0,16.223254504512976,fechner
2249,8_epo,20.0,16.223254504512976,fechner
2250,8_epo,21.0,16.223254504512976,fechner
2251,8_epo,22.0,16.223254504512976,fechner
2252,8_epo,23.0,16.223254504512976,fechner
2253,8_epo,24.0,16.223254504512976,fechner
2254,8_epo,25.0,16.223254504512976,fechner
2255,8_epo,26.0,16.223254504512976,fechner
2256,8_epo,27.0,16.223254504512976,fechner
2257,8_epo,28.000000000000004,16.223254504512976,fechner
2258,8_epo,28.999999999999996,16.223254504512976,fechner
2259,8_epo,30.0,16.223254504512976,fechner
2260,8_epo,31.0,16.223254504512976,fechner
2261,8_epo,32.0,16.223254504512976,fechner
2262,8_epo,33.0,16.223254504512976,fechner
2263,8_epo,34.0,16.223254504512976,fechner
2264,8_epo,35.0,16.223254504512976,fechner
2265,8_epo,36.0,16.223254504512976,fechner
2266,8_epo,37.0,16.223254504512976,fechner
2267,8_epo,38.0,16.223254504512976,fechner
2268,8_epo,39.0,16.223254504512976,fechner
2269,8_epo,40.0,16.223254504512976,fechner
2270,8_epo,41.0,16.223254504512976,fechner
2271,8_epo,42.0,16.223254504512976,fechner
2272,8_epo,43.0,16.223254504512976,fechner
2273,8_epo,44.0,16.223254504512976,fechner
2274,8_epo,45.0,16.223254504512976,fechner
2275,8_epo,46.0,16.223254504512976,fechner
2276,8_epo,47.0,16.223254504512976,fechner
2277,8_epo,48.0,16.223254504512976,fechner
2278,8_epo,49.0,16.223254504512976,fechner
2279,8_epo,50.0,16.223254504512976,fechner
2280,8_epo,51.0,16.223254504512976,fechner
2281,8_epo,52.0,16.223254504512976,fechner
2282,8_epo,53.0,16.223254504512976,fechner
2283,8_epo,54.0,16.223254504512976,fechner
2284,8_epo,55.00000000000001,16.223254504512976,fechner
2285,8_epo,56.00000000000001,16.223254504512976,fechner
2286,8_epo,56.99999999999999,16.223254504512976,fechner
2287,8_epo,57.99999999999999,16.223254504512976,fechner
2288,8_epo,59.0,16.223254504512976,fechner
2289,8_epo,60.0,16.223254504512976,fechner
2290,8_epo,61.0,16.223254504512976,fechner
2291,8_epo,62.0,16.223254504512976,fechner
2292,8_epo,63.0,16.223254504512976,fechner
2293,8_epo,64.0,16.223254504512976,fechner
2294,8_epo,65.0,16.223254504512976,fechner
2295,8_epo,66.0,16.223254504512976,fechner
2296,8_epo,67.0,16.223254504512976,fechner
2297,8_epo,68.0,16.223254504512976,fechner
2298,8_epo,69.0,16.223254504512976,fechner
2299,8_epo,70.0,16.223254504512976,fechner
2300,8_epo,71.0,16.223254504512976,fechner
2301,8_epo,72.0,16.223254504512976,fechner
2302,8_epo,73.0,16.223254504512976,fechner
2303,8_epo,74.0,16.223254504512976,fechner
2304,8_epo,75.0,16.223254504512976,fechner
2305,8_epo,76.0,16.223254504512976,fechner
2306,8_epo,77.0,16.223254504512976,fechner
2307,8_epo,78.0,16.223254504512976,fechner
2308,8_epo,79.0,16.223254504512976,fechner
2309,8_epo,80.0,16.223254504512976,fechner
2310,8_epo,81.0,16.223254504512976,fechner
2311,8_epo,82.0,16.223254504512976,fechner
2312,8_epo,83.0,16.223254504512976,fechner
2313,8_epo,84.0,16.223254504512976,fechner
2314,8_epo,85.0,16.223254504512976,fechner
2315,8_epo,86.0,16.223254504512976,fechner
2316,8_epo,87.0,16.223254504512976,fechner
2317,8_epo,88.0,16.223254504512976,fechner
2318,8_epo,89.0,16.223254504512976,fechner
2319,8_epo,90.0,16.223254504512976,fechner
2320,8_epo,91.0,16.223254504512976,fechner
2321,8_epo,92.0,16.223254504512976,fechner
2322,8_epo,93.0,16.223254504512976,fechner
2323,8_epo,94.0,16.223254504512976,fechner
2324,8_epo,95.0,16.223254504512976,fechner
2325,9_epo,3.0,11.26651939344196,fechner
2326,9_epo,4.0,12.675428661617733,fechner
2327,9_epo,5.0,13.13412696612759,fechner
2328,9_epo,6.0,13.353454979040597,fechner
2329,9_epo,7.000000000000001,13.477445415436268,fechner
2330,9_epo,8.0,13.55493540835647,fechner
2331,9_epo,9.0,13.606789836868566,fechner
2332,9_epo,10.0,13.643272270638356,fechner
2333,9_epo,11.0,13.669947787116023,fechner
2334,9_epo,12.0,13.690059773476628,fechner
2335,9_epo,13.0,13.705607511380135,fechner
2336,9_epo,14.000000000000002,13.717880106027375,fechner
2337,9_epo,15.0,13.727740092061559,fechner
2338,9_epo,16.0,13.735782784654424,fechner
2339,9_epo,17.0,13.742430078840355,fechner
2340,9_epo,18.0,13.747987872572244,fechner
2341,9_epo,19.0,13.752682421830196,fechner
2342,9_epo,20.0,13.756684037806709,fechner
2343,9_epo,21.0,13.760122932683132,fechner
2344,9_epo,22.0,13.763100057163786,fechner
2345,9_epo,23.0,13.765694663210386,fechner
2346,9_epo,24.0,13.767969677568724,fechner
2347,9_epo,25.0,13.76997558244817,fechner
2348,9_epo,26.0,13.77175325977522,fechner
2349,9_epo,27.0,13.77333610406977,fechner
2350,9_epo,28.000000000000004,13.774751611472272,fechner
2351,9_epo,28.999999999999996,13.77602258841237,fechner
2352,9_epo,30.0,13.77716808061854,fechner
2353,9_epo,31.0,13.778204094112569,fechner
2354,9_epo,32.0,13.7791441598097,fechner
2355,9_epo,33.0,13.779999779357256,fechner
2356,9_epo,34.0,13.780780779947772,fechner
2357,9_epo,35.0,13.781495598757505,fechner
2358,9_epo,36.0,13.782151512532698,fechner
2359,9_epo,37.0,13.782754824095408,fechner
2360,9_epo,38.0,13.783311014771334,fechner
2361,9_epo,39.0,13.783824869678474,fechner
2362,9_epo,40.0,13.784300581264628,fechner
2363,9_epo,41.0,13.784741835306972,fechner
2364,9_epo,42.0,13.785151882690116,fechner
2365,9_epo,43.0,13.785533599589423,fechner
2366,9_epo,44.0,13.7858895381528,fechner
2367,9_epo,45.0,13.786221969358142,fechner
2368,9_epo,46.0,13.78653291939763,fechner
2369,9_epo,47.0,13.786824200683094,fechner
2370,9_epo,48.0,13.787097438362741,fechner
2371,9_epo,49.0,13.787354093077079,fechner
2372,9_epo,50.0,13.78759548055176,fechner
2373,9_epo,51.0,13.787822788520119,fechner
2374,9_epo,52.0,13.78803709138357,fechner
2375,9_epo,53.0,13.788239362949055,fechner
2376,9_epo,54.0,13.788430487526595,fechner
2377,9_epo,55.00000000000001,13.788611269623877,fechner
2378,9_epo,56.00000000000001,13.78878244243716,fechner
2379,9_epo,56.99999999999999,13.788944675306226,fechner
2380,9_epo,57.99999999999999,13.789098580275473,fechner
2381,9_epo,59.0,13.789244717881592,fechner
2382,9_epo,60.0,13.789383602270274,fechner
2383,9_epo,61.0,13.78951570572947,fechner
2384,9_epo,62.0,13.789641462714,fechner
2385,9_epo,63.0,13.789761273425738,fechner
2386,9_epo,64.0,13.789875507004608,fechner
2387,9_epo,65.0,13.789984504377943,fechner
2388,9_epo,66.0,13.790088580809527,fechner
2389,9_epo,67.0,13.790188028183811,fechner
2390,9_epo,68.0,13.790283117056394,fechner
2391,9_epo,69.0,13.790374098497663,fechner
2392,9_epo,70.0,13.790461205753148,fechner
2393,9_epo,71.0,13.790544655741067,fechner
2394,9_epo,72.0,13.790624650405114,fechner
2395,9_epo,73.0,13.790701377938246,fechner
2396,9_epo,74.0,13.790775013891313,fechner
2397,9_epo,75.0,13.790845722178801,fechner
2398,9_epo,76.0,13.790913655992433,fechner
2399,9_epo,77.0,13.790978958632156,fechner
2400,9_epo,78.0,13.791041764262909,fechner
2401,9_epo,79.0,13.791102198604761,fechner
2402,9_epo,80.0,13.791160379562898,fechner
2403,9_epo,81.0,13.791216417803467,fechner
2404,9_epo,82.0,13.791270417280549,fechner
2405,9_epo,83.0,13.791322475718832,fechner
2406,9_epo,84.0,13.791372685056363,fechner
2407,9_epo,85.0,13.791421131850912,fechner
2408,9_epo,86.0,13.791467897653495,fechner
2409,9_epo,87.0,13.791513059351956,fechner
2410,9_epo,88.0,13.79155668948737,fechner
2411,9_epo,89.0,13.791598856545642,fechner
2412,9_epo,90.0,13.791639625226566,fechner
2413,9_epo,91.0,13.791679056692281,fechner
2414,9_epo,92.0,13.791717208796888,fechner
2415,9_epo,93.0,13.791754136298877,fechner
2416,9_epo,94.0,13.791789891057812,fechner
2417,9_epo,95.0,13.791824522216578,fechner
