,participant,contrast,mrt,name
0,0_epo,3.0,8.17825657148589,linear
1,0_epo,4.0,8.181388485556303,linear
2,0_epo,5.0,8.184520399626717,linear
3,0_epo,6.0,8.187652313697127,linear
4,0_epo,7.000000000000001,8.19078422776754,linear
5,0_epo,8.0,8.193916141837953,linear
6,0_epo,9.0,8.197048055908363,linear
7,0_epo,10.0,8.200179969978777,linear
8,0_epo,11.0,8.203311884049187,linear
9,0_epo,12.0,8.206443798119599,linear
10,0_epo,13.0,8.209575712190013,linear
11,0_epo,14.000000000000002,8.212707626260423,linear
12,0_epo,15.0,8.215839540330837,linear
13,0_epo,16.0,8.218971454401247,linear
14,0_epo,17.0,8.22210336847166,linear
15,0_epo,18.0,8.225235282542073,linear
16,0_epo,19.0,8.228367196612483,linear
17,0_epo,20.0,8.231499110682895,linear
18,0_epo,21.0,8.234631024753307,linear
19,0_epo,22.0,8.23776293882372,linear
20,0_epo,23.0,8.240894852894131,linear
21,0_epo,24.0,8.244026766964543,linear
22,0_epo,25.0,8.247158681034955,linear
23,0_epo,26.0,8.250290595105367,linear
24,0_epo,27.0,8.25342250917578,linear
25,0_epo,28.000000000000004,8.256554423246191,linear
26,0_epo,28.999999999999996,8.259686337316603,linear
27,0_epo,30.0,8.262818251387015,linear
28,0_epo,31.0,8.265950165457427,linear
29,0_epo,32.0,8.26908207952784,linear
30,0_epo,33.0,8.272213993598251,linear
31,0_epo,34.0,8.275345907668662,linear
32,0_epo,35.0,8.278477821739076,linear
33,0_epo,36.0,8.281609735809488,linear
34,0_epo,37.0,8.2847416498799,linear
35,0_epo,38.0,8.287873563950312,linear
36,0_epo,39.0,8.291005478020722,linear
37,0_epo,40.0,8.294137392091136,linear
38,0_epo,41.0,8.297269306161548,linear
39,0_epo,42.0,8.300401220231958,linear
40,0_epo,43.0,8.303533134302372,linear
41,0_epo,44.0,8.306665048372782,linear
42,0_epo,45.0,8.309796962443196,linear
43,0_epo,46.0,8.312928876513608,linear
44,0_epo,47.0,8.316060790584018,linear
45,0_epo,48.0,8.319192704654432,linear
46,0_epo,49.0,8.322324618724842,linear
47,0_epo,50.0,8.325456532795254,linear
48,0_epo,51.0,8.328588446865668,linear
49,0_epo,52.0,8.331720360936078,linear
50,0_epo,53.0,8.33485227500649,linear
51,0_epo,54.0,8.337984189076904,linear
52,0_epo,55.00000000000001,8.341116103147314,linear
53,0_epo,56.00000000000001,8.344248017217728,linear
54,0_epo,56.99999999999999,8.347379931288138,linear
55,0_epo,57.99999999999999,8.35051184535855,linear
56,0_epo,59.0,8.353643759428964,linear
57,0_epo,60.0,8.356775673499374,linear
58,0_epo,61.0,8.359907587569786,linear
59,0_epo,62.0,8.363039501640198,linear
60,0_epo,63.0,8.36617141571061,linear
61,0_epo,64.0,8.369303329781024,linear
62,0_epo,65.0,8.372435243851434,linear
63,0_epo,66.0,8.375567157921846,linear
64,0_epo,67.0,8.378699071992258,linear
65,0_epo,68.0,8.38183098606267,linear
66,0_epo,69.0,8.384962900133083,linear
67,0_epo,70.0,8.388094814203495,linear
68,0_epo,71.0,8.391226728273907,linear
69,0_epo,72.0,8.394358642344317,linear
70,0_epo,73.0,8.39749055641473,linear
71,0_epo,74.0,8.400622470485143,linear
72,0_epo,75.0,8.403754384555555,linear
73,0_epo,76.0,8.406886298625967,linear
74,0_epo,77.0,8.410018212696379,linear
75,0_epo,78.0,8.41315012676679,linear
76,0_epo,79.0,8.416282040837203,linear
77,0_epo,80.0,8.419413954907613,linear
78,0_epo,81.0,8.422545868978027,linear
79,0_epo,82.0,8.425677783048439,linear
80,0_epo,83.0,8.42880969711885,linear
81,0_epo,84.0,8.431941611189263,linear
82,0_epo,85.0,8.435073525259673,linear
83,0_epo,86.0,8.438205439330087,linear
84,0_epo,87.0,8.441337353400499,linear
85,0_epo,88.0,8.44446926747091,linear
86,0_epo,89.0,8.447601181541323,linear
87,0_epo,90.0,8.450733095611733,linear
88,0_epo,91.0,8.453865009682145,linear
89,0_epo,92.0,8.456996923752559,linear
90,0_epo,93.0,8.46012883782297,linear
91,0_epo,94.0,8.463260751893383,linear
92,0_epo,95.0,8.466392665963793,linear
93,10_epo,3.0,7.997289498486099,linear
94,10_epo,4.0,8.003970358843423,linear
95,10_epo,5.0,8.010651219200748,linear
96,10_epo,6.0,8.01733207955807,linear
97,10_epo,7.000000000000001,8.024012939915394,linear
98,10_epo,8.0,8.030693800272717,linear
99,10_epo,9.0,8.03737466063004,linear
100,10_epo,10.0,8.044055520987364,linear
101,10_epo,11.0,8.050736381344688,linear
102,10_epo,12.0,8.057417241702012,linear
103,10_epo,13.0,8.064098102059335,linear
104,10_epo,14.000000000000002,8.070778962416659,linear
105,10_epo,15.0,8.077459822773983,linear
106,10_epo,16.0,8.084140683131308,linear
107,10_epo,17.0,8.09082154348863,linear
108,10_epo,18.0,8.097502403845954,linear
109,10_epo,19.0,8.104183264203279,linear
110,10_epo,20.0,8.110864124560601,linear
111,10_epo,21.0,8.117544984917926,linear
112,10_epo,22.0,8.12422584527525,linear
113,10_epo,23.0,8.130906705632574,linear
114,10_epo,24.0,8.137587565989895,linear
115,10_epo,25.0,8.14426842634722,linear
116,10_epo,26.0,8.150949286704543,linear
117,10_epo,27.0,8.157630147061868,linear
118,10_epo,28.000000000000004,8.16431100741919,linear
119,10_epo,28.999999999999996,8.170991867776515,linear
120,10_epo,30.0,8.177672728133839,linear
121,10_epo,31.0,8.184353588491161,linear
122,10_epo,32.0,8.191034448848486,linear
123,10_epo,33.0,8.19771530920581,linear
124,10_epo,34.0,8.204396169563134,linear
125,10_epo,35.0,8.211077029920457,linear
126,10_epo,36.0,8.217757890277781,linear
127,10_epo,37.0,8.224438750635105,linear
128,10_epo,38.0,8.23111961099243,linear
129,10_epo,39.0,8.237800471349752,linear
130,10_epo,40.0,8.244481331707075,linear
131,10_epo,41.0,8.251162192064399,linear
132,10_epo,42.0,8.257843052421721,linear
133,10_epo,43.0,8.264523912779046,linear
134,10_epo,44.0,8.27120477313637,linear
135,10_epo,45.0,8.277885633493694,linear
136,10_epo,46.0,8.284566493851017,linear
137,10_epo,47.0,8.291247354208341,linear
138,10_epo,48.0,8.297928214565665,linear
139,10_epo,49.0,8.30460907492299,linear
140,10_epo,50.0,8.311289935280312,linear
141,10_epo,51.0,8.317970795637637,linear
142,10_epo,52.0,8.32465165599496,linear
143,10_epo,53.0,8.331332516352283,linear
144,10_epo,54.0,8.338013376709608,linear
145,10_epo,55.00000000000001,8.344694237066932,linear
146,10_epo,56.00000000000001,8.351375097424254,linear
147,10_epo,56.99999999999999,8.358055957781577,linear
148,10_epo,57.99999999999999,8.364736818138901,linear
149,10_epo,59.0,8.371417678496226,linear
150,10_epo,60.0,8.37809853885355,linear
151,10_epo,61.0,8.384779399210872,linear
152,10_epo,62.0,8.391460259568197,linear
153,10_epo,63.0,8.398141119925521,linear
154,10_epo,64.0,8.404821980282843,linear
155,10_epo,65.0,8.411502840640168,linear
156,10_epo,66.0,8.418183700997492,linear
157,10_epo,67.0,8.424864561354816,linear
158,10_epo,68.0,8.431545421712139,linear
159,10_epo,69.0,8.438226282069463,linear
160,10_epo,70.0,8.444907142426787,linear
161,10_epo,71.0,8.45158800278411,linear
162,10_epo,72.0,8.458268863141432,linear
163,10_epo,73.0,8.464949723498757,linear
164,10_epo,74.0,8.471630583856081,linear
165,10_epo,75.0,8.478311444213404,linear
166,10_epo,76.0,8.484992304570728,linear
167,10_epo,77.0,8.491673164928052,linear
168,10_epo,78.0,8.498354025285376,linear
169,10_epo,79.0,8.505034885642699,linear
170,10_epo,80.0,8.511715746000023,linear
171,10_epo,81.0,8.518396606357348,linear
172,10_epo,82.0,8.525077466714672,linear
173,10_epo,83.0,8.531758327071994,linear
174,10_epo,84.0,8.538439187429319,linear
175,10_epo,85.0,8.545120047786643,linear
176,10_epo,86.0,8.551800908143965,linear
177,10_epo,87.0,8.55848176850129,linear
178,10_epo,88.0,8.565162628858612,linear
179,10_epo,89.0,8.571843489215937,linear
180,10_epo,90.0,8.578524349573259,linear
181,10_epo,91.0,8.585205209930583,linear
182,10_epo,92.0,8.591886070287908,linear
183,10_epo,93.0,8.598566930645232,linear
184,10_epo,94.0,8.605247791002554,linear
185,10_epo,95.0,8.611928651359879,linear
186,11_epo,3.0,8.312259559269187,linear
187,11_epo,4.0,8.305981510784191,linear
188,11_epo,5.0,8.299703462299195,linear
189,11_epo,6.0,8.293425413814198,linear
190,11_epo,7.000000000000001,8.287147365329202,linear
191,11_epo,8.0,8.280869316844207,linear
192,11_epo,9.0,8.274591268359211,linear
193,11_epo,10.0,8.268313219874216,linear
194,11_epo,11.0,8.26203517138922,linear
195,11_epo,12.0,8.255757122904225,linear
196,11_epo,13.0,8.249479074419229,linear
197,11_epo,14.000000000000002,8.243201025934233,linear
198,11_epo,15.0,8.236922977449236,linear
199,11_epo,16.0,8.23064492896424,linear
200,11_epo,17.0,8.224366880479245,linear
201,11_epo,18.0,8.218088831994248,linear
202,11_epo,19.0,8.211810783509252,linear
203,11_epo,20.0,8.205532735024256,linear
204,11_epo,21.0,8.19925468653926,linear
205,11_epo,22.0,8.192976638054265,linear
206,11_epo,23.0,8.18669858956927,linear
207,11_epo,24.0,8.180420541084274,linear
208,11_epo,25.0,8.174142492599278,linear
209,11_epo,26.0,8.167864444114283,linear
210,11_epo,27.0,8.161586395629287,linear
211,11_epo,28.000000000000004,8.15530834714429,linear
212,11_epo,28.999999999999996,8.149030298659293,linear
213,11_epo,30.0,8.142752250174297,linear
214,11_epo,31.0,8.136474201689301,linear
215,11_epo,32.0,8.130196153204306,linear
216,11_epo,33.0,8.12391810471931,linear
217,11_epo,34.0,8.117640056234315,linear
218,11_epo,35.0,8.11136200774932,linear
219,11_epo,36.0,8.105083959264324,linear
220,11_epo,37.0,8.098805910779328,linear
221,11_epo,38.0,8.092527862294332,linear
222,11_epo,39.0,8.086249813809337,linear
223,11_epo,40.0,8.07997176532434,linear
224,11_epo,41.0,8.073693716839342,linear
225,11_epo,42.0,8.067415668354347,linear
226,11_epo,43.0,8.061137619869351,linear
227,11_epo,44.0,8.054859571384355,linear
228,11_epo,45.0,8.04858152289936,linear
229,11_epo,46.0,8.042303474414364,linear
230,11_epo,47.0,8.036025425929369,linear
231,11_epo,48.0,8.029747377444373,linear
232,11_epo,49.0,8.023469328959377,linear
233,11_epo,50.0,8.017191280474382,linear
234,11_epo,51.0,8.010913231989385,linear
235,11_epo,52.0,8.004635183504389,linear
236,11_epo,53.0,7.9983571350193925,linear
237,11_epo,54.0,7.992079086534397,linear
238,11_epo,55.00000000000001,7.985801038049401,linear
239,11_epo,56.00000000000001,7.979522989564406,linear
240,11_epo,56.99999999999999,7.973244941079409,linear
241,11_epo,57.99999999999999,7.966966892594414,linear
242,11_epo,59.0,7.960688844109418,linear
243,11_epo,60.0,7.9544107956244225,linear
244,11_epo,61.0,7.948132747139427,linear
245,11_epo,62.0,7.941854698654431,linear
246,11_epo,63.0,7.935576650169434,linear
247,11_epo,64.0,7.929298601684438,linear
248,11_epo,65.0,7.923020553199442,linear
249,11_epo,66.0,7.916742504714446,linear
250,11_epo,67.0,7.910464456229451,linear
251,11_epo,68.0,7.904186407744455,linear
252,11_epo,69.0,7.89790835925946,linear
253,11_epo,70.0,7.891630310774463,linear
254,11_epo,71.0,7.885352262289468,linear
255,11_epo,72.0,7.879074213804472,linear
256,11_epo,73.0,7.8727961653194765,linear
257,11_epo,74.0,7.866518116834479,linear
258,11_epo,75.0,7.8602400683494835,linear
259,11_epo,76.0,7.853962019864488,linear
260,11_epo,77.0,7.8476839713794915,linear
261,11_epo,78.0,7.841405922894496,linear
262,11_epo,79.0,7.8351278744095,linear
263,11_epo,80.0,7.828849825924505,linear
264,11_epo,81.0,7.822571777439509,linear
265,11_epo,82.0,7.816293728954514,linear
266,11_epo,83.0,7.810015680469517,linear
267,11_epo,84.0,7.803737631984521,linear
268,11_epo,85.0,7.797459583499525,linear
269,11_epo,86.0,7.7911815350145295,linear
270,11_epo,87.0,7.784903486529534,linear
271,11_epo,88.0,7.778625438044537,linear
272,11_epo,89.0,7.772347389559542,linear
273,11_epo,90.0,7.766069341074545,linear
274,11_epo,91.0,7.75979129258955,linear
275,11_epo,92.0,7.753513244104554,linear
276,11_epo,93.0,7.747235195619559,linear
277,11_epo,94.0,7.740957147134563,linear
278,11_epo,95.0,7.734679098649567,linear
279,12_epo,3.0,8.154520304645601,linear
280,12_epo,4.0,8.166939537097953,linear
281,12_epo,5.0,8.179358769550305,linear
282,12_epo,6.0,8.191778002002655,linear
283,12_epo,7.000000000000001,8.204197234455007,linear
284,12_epo,8.0,8.21661646690736,linear
285,12_epo,9.0,8.229035699359711,linear
286,12_epo,10.0,8.241454931812061,linear
287,12_epo,11.0,8.253874164264413,linear
288,12_epo,12.0,8.266293396716767,linear
289,12_epo,13.0,8.278712629169119,linear
290,12_epo,14.000000000000002,8.29113186162147,linear
291,12_epo,15.0,8.303551094073821,linear
292,12_epo,16.0,8.315970326526173,linear
293,12_epo,17.0,8.328389558978525,linear
294,12_epo,18.0,8.340808791430876,linear
295,12_epo,19.0,8.353228023883227,linear
296,12_epo,20.0,8.36564725633558,linear
297,12_epo,21.0,8.37806648878793,linear
298,12_epo,22.0,8.390485721240282,linear
299,12_epo,23.0,8.402904953692634,linear
300,12_epo,24.0,8.415324186144987,linear
301,12_epo,25.0,8.427743418597338,linear
302,12_epo,26.0,8.44016265104969,linear
303,12_epo,27.0,8.452581883502042,linear
304,12_epo,28.000000000000004,8.465001115954394,linear
305,12_epo,28.999999999999996,8.477420348406744,linear
306,12_epo,30.0,8.489839580859096,linear
307,12_epo,31.0,8.502258813311448,linear
308,12_epo,32.0,8.5146780457638,linear
309,12_epo,33.0,8.52709727821615,linear
310,12_epo,34.0,8.539516510668502,linear
311,12_epo,35.0,8.551935743120854,linear
312,12_epo,36.0,8.564354975573206,linear
313,12_epo,37.0,8.576774208025558,linear
314,12_epo,38.0,8.58919344047791,linear
315,12_epo,39.0,8.601612672930262,linear
316,12_epo,40.0,8.614031905382612,linear
317,12_epo,41.0,8.626451137834964,linear
318,12_epo,42.0,8.638870370287316,linear
319,12_epo,43.0,8.651289602739668,linear
320,12_epo,44.0,8.663708835192018,linear
321,12_epo,45.0,8.67612806764437,linear
322,12_epo,46.0,8.688547300096722,linear
323,12_epo,47.0,8.700966532549074,linear
324,12_epo,48.0,8.713385765001426,linear
325,12_epo,49.0,8.725804997453778,linear
326,12_epo,50.0,8.73822422990613,linear
327,12_epo,51.0,8.75064346235848,linear
328,12_epo,52.0,8.763062694810833,linear
329,12_epo,53.0,8.775481927263185,linear
330,12_epo,54.0,8.787901159715537,linear
331,12_epo,55.00000000000001,8.800320392167887,linear
332,12_epo,56.00000000000001,8.812739624620239,linear
333,12_epo,56.99999999999999,8.82515885707259,linear
334,12_epo,57.99999999999999,8.837578089524943,linear
335,12_epo,59.0,8.849997321977295,linear
336,12_epo,60.0,8.862416554429647,linear
337,12_epo,61.0,8.874835786881999,linear
338,12_epo,62.0,8.88725501933435,linear
339,12_epo,63.0,8.899674251786701,linear
340,12_epo,64.0,8.912093484239053,linear
341,12_epo,65.0,8.924512716691405,linear
342,12_epo,66.0,8.936931949143757,linear
343,12_epo,67.0,8.949351181596107,linear
344,12_epo,68.0,8.961770414048459,linear
345,12_epo,69.0,8.974189646500811,linear
346,12_epo,70.0,8.986608878953161,linear
347,12_epo,71.0,8.999028111405515,linear
348,12_epo,72.0,9.011447343857867,linear
349,12_epo,73.0,9.023866576310219,linear
350,12_epo,74.0,9.03628580876257,linear
351,12_epo,75.0,9.048705041214921,linear
352,12_epo,76.0,9.061124273667273,linear
353,12_epo,77.0,9.073543506119625,linear
354,12_epo,78.0,9.085962738571975,linear
355,12_epo,79.0,9.098381971024327,linear
356,12_epo,80.0,9.11080120347668,linear
357,12_epo,81.0,9.123220435929031,linear
358,12_epo,82.0,9.135639668381382,linear
359,12_epo,83.0,9.148058900833735,linear
360,12_epo,84.0,9.160478133286087,linear
361,12_epo,85.0,9.17289736573844,linear
362,12_epo,86.0,9.18531659819079,linear
363,12_epo,87.0,9.197735830643142,linear
364,12_epo,88.0,9.210155063095494,linear
365,12_epo,89.0,9.222574295547844,linear
366,12_epo,90.0,9.234993528000196,linear
367,12_epo,91.0,9.247412760452548,linear
368,12_epo,92.0,9.2598319929049,linear
369,12_epo,93.0,9.27225122535725,linear
370,12_epo,94.0,9.284670457809602,linear
371,12_epo,95.0,9.297089690261956,linear
372,13_epo,3.0,7.081623376270591,linear
373,13_epo,4.0,7.083891561584803,linear
374,13_epo,5.0,7.086159746899016,linear
375,13_epo,6.0,7.088427932213227,linear
376,13_epo,7.000000000000001,7.090696117527439,linear
377,13_epo,8.0,7.092964302841651,linear
378,13_epo,9.0,7.095232488155863,linear
379,13_epo,10.0,7.0975006734700745,linear
380,13_epo,11.0,7.099768858784286,linear
381,13_epo,12.0,7.102037044098498,linear
382,13_epo,13.0,7.10430522941271,linear
383,13_epo,14.000000000000002,7.106573414726922,linear
384,13_epo,15.0,7.108841600041134,linear
385,13_epo,16.0,7.111109785355346,linear
386,13_epo,17.0,7.113377970669558,linear
387,13_epo,18.0,7.11564615598377,linear
388,13_epo,19.0,7.117914341297982,linear
389,13_epo,20.0,7.120182526612193,linear
390,13_epo,21.0,7.122450711926405,linear
391,13_epo,22.0,7.1247188972406175,linear
392,13_epo,23.0,7.1269870825548285,linear
393,13_epo,24.0,7.12925526786904,linear
394,13_epo,25.0,7.131523453183253,linear
395,13_epo,26.0,7.133791638497464,linear
396,13_epo,27.0,7.136059823811676,linear
397,13_epo,28.000000000000004,7.138328009125889,linear
398,13_epo,28.999999999999996,7.1405961944401,linear
399,13_epo,30.0,7.142864379754312,linear
400,13_epo,31.0,7.145132565068524,linear
401,13_epo,32.0,7.147400750382736,linear
402,13_epo,33.0,7.149668935696948,linear
403,13_epo,34.0,7.1519371210111595,linear
404,13_epo,35.0,7.154205306325371,linear
405,13_epo,36.0,7.156473491639583,linear
406,13_epo,37.0,7.158741676953795,linear
407,13_epo,38.0,7.161009862268007,linear
408,13_epo,39.0,7.163278047582219,linear
409,13_epo,40.0,7.16554623289643,linear
410,13_epo,41.0,7.167814418210643,linear
411,13_epo,42.0,7.170082603524855,linear
412,13_epo,43.0,7.172350788839066,linear
413,13_epo,44.0,7.174618974153278,linear
414,13_epo,45.0,7.176887159467491,linear
415,13_epo,46.0,7.179155344781702,linear
416,13_epo,47.0,7.1814235300959135,linear
417,13_epo,48.0,7.183691715410126,linear
418,13_epo,49.0,7.185959900724337,linear
419,13_epo,50.0,7.188228086038549,linear
420,13_epo,51.0,7.190496271352762,linear
421,13_epo,52.0,7.192764456666973,linear
422,13_epo,53.0,7.195032641981185,linear
423,13_epo,54.0,7.197300827295398,linear
424,13_epo,55.00000000000001,7.199569012609609,linear
425,13_epo,56.00000000000001,7.201837197923821,linear
426,13_epo,56.99999999999999,7.204105383238032,linear
427,13_epo,57.99999999999999,7.2063735685522445,linear
428,13_epo,59.0,7.2086417538664564,linear
429,13_epo,60.0,7.2109099391806675,linear
430,13_epo,61.0,7.21317812449488,linear
431,13_epo,62.0,7.215446309809092,linear
432,13_epo,63.0,7.217714495123303,linear
433,13_epo,64.0,7.219982680437516,linear
434,13_epo,65.0,7.222250865751728,linear
435,13_epo,66.0,7.224519051065939,linear
436,13_epo,67.0,7.226787236380152,linear
437,13_epo,68.0,7.229055421694364,linear
438,13_epo,69.0,7.231323607008575,linear
439,13_epo,70.0,7.233591792322787,linear
440,13_epo,71.0,7.235859977636999,linear
441,13_epo,72.0,7.23812816295121,linear
442,13_epo,73.0,7.240396348265422,linear
443,13_epo,74.0,7.242664533579635,linear
444,13_epo,75.0,7.244932718893846,linear
445,13_epo,76.0,7.247200904208058,linear
446,13_epo,77.0,7.24946908952227,linear
447,13_epo,78.0,7.251737274836482,linear
448,13_epo,79.0,7.254005460150694,linear
449,13_epo,80.0,7.256273645464906,linear
450,13_epo,81.0,7.258541830779118,linear
451,13_epo,82.0,7.2608100160933295,linear
452,13_epo,83.0,7.263078201407541,linear
453,13_epo,84.0,7.265346386721753,linear
454,13_epo,85.0,7.267614572035965,linear
455,13_epo,86.0,7.269882757350176,linear
456,13_epo,87.0,7.272150942664389,linear
457,13_epo,88.0,7.274419127978601,linear
458,13_epo,89.0,7.276687313292812,linear
459,13_epo,90.0,7.278955498607025,linear
460,13_epo,91.0,7.281223683921237,linear
461,13_epo,92.0,7.283491869235448,linear
462,13_epo,93.0,7.28576005454966,linear
463,13_epo,94.0,7.288028239863872,linear
464,13_epo,95.0,7.2902964251780835,linear
465,14_epo,3.0,7.93696147757411,linear
466,14_epo,4.0,7.937537545214562,linear
467,14_epo,5.0,7.938113612855015,linear
468,14_epo,6.0,7.938689680495468,linear
469,14_epo,7.000000000000001,7.93926574813592,linear
470,14_epo,8.0,7.939841815776373,linear
471,14_epo,9.0,7.940417883416826,linear
472,14_epo,10.0,7.940993951057278,linear
473,14_epo,11.0,7.941570018697731,linear
474,14_epo,12.0,7.942146086338184,linear
475,14_epo,13.0,7.942722153978637,linear
476,14_epo,14.000000000000002,7.943298221619089,linear
477,14_epo,15.0,7.943874289259542,linear
478,14_epo,16.0,7.944450356899995,linear
479,14_epo,17.0,7.945026424540447,linear
480,14_epo,18.0,7.9456024921809,linear
481,14_epo,19.0,7.946178559821353,linear
482,14_epo,20.0,7.9467546274618055,linear
483,14_epo,21.0,7.9473306951022575,linear
484,14_epo,22.0,7.9479067627427105,linear
485,14_epo,23.0,7.948482830383163,linear
486,14_epo,24.0,7.949058898023615,linear
487,14_epo,25.0,7.949634965664068,linear
488,14_epo,26.0,7.9502110333045195,linear
489,14_epo,27.0,7.9507871009449715,linear
490,14_epo,28.000000000000004,7.9513631685854245,linear
491,14_epo,28.999999999999996,7.951939236225877,linear
492,14_epo,30.0,7.95251530386633,linear
493,14_epo,31.0,7.953091371506782,linear
494,14_epo,32.0,7.953667439147235,linear
495,14_epo,33.0,7.954243506787688,linear
496,14_epo,34.0,7.95481957442814,linear
497,14_epo,35.0,7.955395642068593,linear
498,14_epo,36.0,7.955971709709046,linear
499,14_epo,37.0,7.956547777349499,linear
500,14_epo,38.0,7.957123844989951,linear
501,14_epo,39.0,7.957699912630404,linear
502,14_epo,40.0,7.958275980270857,linear
503,14_epo,41.0,7.958852047911309,linear
504,14_epo,42.0,7.959428115551762,linear
505,14_epo,43.0,7.960004183192215,linear
506,14_epo,44.0,7.960580250832667,linear
507,14_epo,45.0,7.96115631847312,linear
508,14_epo,46.0,7.961732386113573,linear
509,14_epo,47.0,7.962308453754026,linear
510,14_epo,48.0,7.962884521394478,linear
511,14_epo,49.0,7.963460589034931,linear
512,14_epo,50.0,7.9640366566753835,linear
513,14_epo,51.0,7.964612724315836,linear
514,14_epo,52.0,7.9651887919562885,linear
515,14_epo,53.0,7.965764859596741,linear
516,14_epo,54.0,7.9663409272371934,linear
517,14_epo,55.00000000000001,7.966916994877646,linear
518,14_epo,56.00000000000001,7.967493062518099,linear
519,14_epo,56.99999999999999,7.968069130158552,linear
520,14_epo,57.99999999999999,7.968645197799004,linear
521,14_epo,59.0,7.969221265439457,linear
522,14_epo,60.0,7.96979733307991,linear
523,14_epo,61.0,7.970373400720362,linear
524,14_epo,62.0,7.970949468360815,linear
525,14_epo,63.0,7.971525536001268,linear
526,14_epo,64.0,7.97210160364172,linear
527,14_epo,65.0,7.972677671282173,linear
528,14_epo,66.0,7.973253738922626,linear
529,14_epo,67.0,7.973829806563079,linear
530,14_epo,68.0,7.974405874203531,linear
531,14_epo,69.0,7.974981941843984,linear
532,14_epo,70.0,7.975558009484437,linear
533,14_epo,71.0,7.976134077124889,linear
534,14_epo,72.0,7.976710144765342,linear
535,14_epo,73.0,7.977286212405795,linear
536,14_epo,74.0,7.9778622800462475,linear
537,14_epo,75.0,7.9784383476867,linear
538,14_epo,76.0,7.9790144153271525,linear
539,14_epo,77.0,7.979590482967605,linear
540,14_epo,78.0,7.980166550608056,linear
541,14_epo,79.0,7.980742618248509,linear
542,14_epo,80.0,7.9813186858889615,linear
543,14_epo,81.0,7.981894753529414,linear
544,14_epo,82.0,7.9824708211698665,linear
545,14_epo,83.0,7.983046888810319,linear
546,14_epo,84.0,7.983622956450772,linear
547,14_epo,85.0,7.984199024091224,linear
548,14_epo,86.0,7.984775091731677,linear
549,14_epo,87.0,7.98535115937213,linear
550,14_epo,88.0,7.985927227012582,linear
551,14_epo,89.0,7.986503294653035,linear
552,14_epo,90.0,7.987079362293488,linear
553,14_epo,91.0,7.987655429933941,linear
554,14_epo,92.0,7.988231497574393,linear
555,14_epo,93.0,7.988807565214846,linear
556,14_epo,94.0,7.989383632855299,linear
557,14_epo,95.0,7.989959700495751,linear
558,15_epo,3.0,7.40801668234562,linear
559,15_epo,4.0,7.422729212987662,linear
560,15_epo,5.0,7.437441743629704,linear
561,15_epo,6.0,7.452154274271746,linear
562,15_epo,7.000000000000001,7.4668668049137885,linear
563,15_epo,8.0,7.48157933555583,linear
564,15_epo,9.0,7.496291866197873,linear
565,15_epo,10.0,7.5110043968399145,linear
566,15_epo,11.0,7.525716927481957,linear
567,15_epo,12.0,7.540429458123999,linear
568,15_epo,13.0,7.5551419887660405,linear
569,15_epo,14.000000000000002,7.569854519408083,linear
570,15_epo,15.0,7.584567050050125,linear
571,15_epo,16.0,7.599279580692167,linear
572,15_epo,17.0,7.613992111334209,linear
573,15_epo,18.0,7.628704641976252,linear
574,15_epo,19.0,7.643417172618293,linear
575,15_epo,20.0,7.658129703260336,linear
576,15_epo,21.0,7.672842233902378,linear
577,15_epo,22.0,7.68755476454442,linear
578,15_epo,23.0,7.702267295186463,linear
579,15_epo,24.0,7.7169798258285045,linear
580,15_epo,25.0,7.731692356470547,linear
581,15_epo,26.0,7.746404887112589,linear
582,15_epo,27.0,7.7611174177546305,linear
583,15_epo,28.000000000000004,7.775829948396672,linear
584,15_epo,28.999999999999996,7.790542479038715,linear
585,15_epo,30.0,7.8052550096807565,linear
586,15_epo,31.0,7.819967540322799,linear
587,15_epo,32.0,7.834680070964842,linear
588,15_epo,33.0,7.8493926016068825,linear
589,15_epo,34.0,7.864105132248925,linear
590,15_epo,35.0,7.878817662890968,linear
591,15_epo,36.0,7.89353019353301,linear
592,15_epo,37.0,7.908242724175053,linear
593,15_epo,38.0,7.922955254817094,linear
594,15_epo,39.0,7.937667785459136,linear
595,15_epo,40.0,7.952380316101179,linear
596,15_epo,41.0,7.967092846743221,linear
597,15_epo,42.0,7.981805377385261,linear
598,15_epo,43.0,7.996517908027304,linear
599,15_epo,44.0,8.011230438669347,linear
600,15_epo,45.0,8.025942969311389,linear
601,15_epo,46.0,8.040655499953433,linear
602,15_epo,47.0,8.055368030595472,linear
603,15_epo,48.0,8.070080561237516,linear
604,15_epo,49.0,8.084793091879558,linear
605,15_epo,50.0,8.0995056225216,linear
606,15_epo,51.0,8.114218153163641,linear
607,15_epo,52.0,8.128930683805683,linear
608,15_epo,53.0,8.143643214447726,linear
609,15_epo,54.0,8.158355745089768,linear
610,15_epo,55.00000000000001,8.173068275731811,linear
611,15_epo,56.00000000000001,8.187780806373851,linear
612,15_epo,56.99999999999999,8.202493337015895,linear
613,15_epo,57.99999999999999,8.217205867657936,linear
614,15_epo,59.0,8.23191839829998,linear
615,15_epo,60.0,8.24663092894202,linear
616,15_epo,61.0,8.261343459584063,linear
617,15_epo,62.0,8.276055990226105,linear
618,15_epo,63.0,8.290768520868149,linear
619,15_epo,64.0,8.305481051510188,linear
620,15_epo,65.0,8.32019358215223,linear
621,15_epo,66.0,8.334906112794274,linear
622,15_epo,67.0,8.349618643436315,linear
623,15_epo,68.0,8.364331174078359,linear
624,15_epo,69.0,8.379043704720399,linear
625,15_epo,70.0,8.393756235362442,linear
626,15_epo,71.0,8.408468766004484,linear
627,15_epo,72.0,8.423181296646527,linear
628,15_epo,73.0,8.437893827288567,linear
629,15_epo,74.0,8.45260635793061,linear
630,15_epo,75.0,8.467318888572652,linear
631,15_epo,76.0,8.482031419214696,linear
632,15_epo,77.0,8.496743949856736,linear
633,15_epo,78.0,8.51145648049878,linear
634,15_epo,79.0,8.526169011140821,linear
635,15_epo,80.0,8.540881541782863,linear
636,15_epo,81.0,8.555594072424906,linear
637,15_epo,82.0,8.570306603066946,linear
638,15_epo,83.0,8.58501913370899,linear
639,15_epo,84.0,8.599731664351031,linear
640,15_epo,85.0,8.614444194993075,linear
641,15_epo,86.0,8.629156725635115,linear
642,15_epo,87.0,8.643869256277158,linear
643,15_epo,88.0,8.6585817869192,linear
644,15_epo,89.0,8.673294317561243,linear
645,15_epo,90.0,8.688006848203283,linear
646,15_epo,91.0,8.702719378845327,linear
647,15_epo,92.0,8.717431909487368,linear
648,15_epo,93.0,8.732144440129412,linear
649,15_epo,94.0,8.746856970771454,linear
650,15_epo,95.0,8.761569501413494,linear
651,16_epo,3.0,7.128749225962874,linear
652,16_epo,4.0,7.13900143663754,linear
653,16_epo,5.0,7.149253647312207,linear
654,16_epo,6.0,7.159505857986874,linear
655,16_epo,7.000000000000001,7.169758068661539,linear
656,16_epo,8.0,7.180010279336206,linear
657,16_epo,9.0,7.190262490010872,linear
658,16_epo,10.0,7.200514700685538,linear
659,16_epo,11.0,7.210766911360205,linear
660,16_epo,12.0,7.22101912203487,linear
661,16_epo,13.0,7.231271332709537,linear
662,16_epo,14.000000000000002,7.2415235433842025,linear
663,16_epo,15.0,7.251775754058869,linear
664,16_epo,16.0,7.2620279647335355,linear
665,16_epo,17.0,7.272280175408202,linear
666,16_epo,18.0,7.282532386082869,linear
667,16_epo,19.0,7.292784596757534,linear
668,16_epo,20.0,7.303036807432201,linear
669,16_epo,21.0,7.313289018106866,linear
670,16_epo,22.0,7.323541228781533,linear
671,16_epo,23.0,7.333793439456199,linear
672,16_epo,24.0,7.344045650130865,linear
673,16_epo,25.0,7.354297860805532,linear
674,16_epo,26.0,7.364550071480198,linear
675,16_epo,27.0,7.374802282154865,linear
676,16_epo,28.000000000000004,7.385054492829531,linear
677,16_epo,28.999999999999996,7.395306703504197,linear
678,16_epo,30.0,7.405558914178863,linear
679,16_epo,31.0,7.415811124853529,linear
680,16_epo,32.0,7.4260633355281955,linear
681,16_epo,33.0,7.436315546202862,linear
682,16_epo,34.0,7.446567756877528,linear
683,16_epo,35.0,7.456819967552194,linear
684,16_epo,36.0,7.46707217822686,linear
685,16_epo,37.0,7.477324388901527,linear
686,16_epo,38.0,7.487576599576194,linear
687,16_epo,39.0,7.4978288102508595,linear
688,16_epo,40.0,7.508081020925526,linear
689,16_epo,41.0,7.518333231600192,linear
690,16_epo,42.0,7.528585442274858,linear
691,16_epo,43.0,7.538837652949524,linear
692,16_epo,44.0,7.54908986362419,linear
693,16_epo,45.0,7.559342074298857,linear
694,16_epo,46.0,7.5695942849735225,linear
695,16_epo,47.0,7.57984649564819,linear
696,16_epo,48.0,7.5900987063228555,linear
697,16_epo,49.0,7.600350916997522,linear
698,16_epo,50.0,7.610603127672189,linear
699,16_epo,51.0,7.620855338346854,linear
700,16_epo,52.0,7.631107549021521,linear
701,16_epo,53.0,7.641359759696186,linear
702,16_epo,54.0,7.651611970370853,linear
703,16_epo,55.00000000000001,7.6618641810455195,linear
704,16_epo,56.00000000000001,7.672116391720185,linear
705,16_epo,56.99999999999999,7.682368602394852,linear
706,16_epo,57.99999999999999,7.692620813069518,linear
707,16_epo,59.0,7.702873023744185,linear
708,16_epo,60.0,7.71312523441885,linear
709,16_epo,61.0,7.723377445093517,linear
710,16_epo,62.0,7.733629655768183,linear
711,16_epo,63.0,7.743881866442849,linear
712,16_epo,64.0,7.754134077117516,linear
713,16_epo,65.0,7.764386287792182,linear
714,16_epo,66.0,7.774638498466848,linear
715,16_epo,67.0,7.784890709141514,linear
716,16_epo,68.0,7.795142919816181,linear
717,16_epo,69.0,7.805395130490847,linear
718,16_epo,70.0,7.815647341165513,linear
719,16_epo,71.0,7.825899551840179,linear
720,16_epo,72.0,7.836151762514846,linear
721,16_epo,73.0,7.846403973189512,linear
722,16_epo,74.0,7.856656183864177,linear
723,16_epo,75.0,7.866908394538845,linear
724,16_epo,76.0,7.87716060521351,linear
725,16_epo,77.0,7.887412815888176,linear
726,16_epo,78.0,7.897665026562843,linear
727,16_epo,79.0,7.90791723723751,linear
728,16_epo,80.0,7.918169447912176,linear
729,16_epo,81.0,7.928421658586843,linear
730,16_epo,82.0,7.938673869261509,linear
731,16_epo,83.0,7.948926079936174,linear
732,16_epo,84.0,7.95917829061084,linear
733,16_epo,85.0,7.969430501285507,linear
734,16_epo,86.0,7.979682711960173,linear
735,16_epo,87.0,7.989934922634839,linear
736,16_epo,88.0,8.000187133309506,linear
737,16_epo,89.0,8.010439343984173,linear
738,16_epo,90.0,8.020691554658837,linear
739,16_epo,91.0,8.030943765333504,linear
740,16_epo,92.0,8.04119597600817,linear
741,16_epo,93.0,8.051448186682837,linear
742,16_epo,94.0,8.061700397357503,linear
743,16_epo,95.0,8.07195260803217,linear
744,17_epo,3.0,7.894540875187631,linear
745,17_epo,4.0,7.903621878386691,linear
746,17_epo,5.0,7.912702881585751,linear
747,17_epo,6.0,7.921783884784813,linear
748,17_epo,7.000000000000001,7.930864887983873,linear
749,17_epo,8.0,7.9399458911829335,linear
750,17_epo,9.0,7.949026894381993,linear
751,17_epo,10.0,7.958107897581056,linear
752,17_epo,11.0,7.9671889007801155,linear
753,17_epo,12.0,7.976269903979175,linear
754,17_epo,13.0,7.985350907178236,linear
755,17_epo,14.000000000000002,7.994431910377298,linear
756,17_epo,15.0,8.003512913576358,linear
757,17_epo,16.0,8.012593916775417,linear
758,17_epo,17.0,8.02167491997448,linear
759,17_epo,18.0,8.03075592317354,linear
760,17_epo,19.0,8.0398369263726,linear
761,17_epo,20.0,8.04891792957166,linear
762,17_epo,21.0,8.057998932770722,linear
763,17_epo,22.0,8.067079935969781,linear
764,17_epo,23.0,8.076160939168842,linear
765,17_epo,24.0,8.085241942367903,linear
766,17_epo,25.0,8.094322945566963,linear
767,17_epo,26.0,8.103403948766024,linear
768,17_epo,27.0,8.112484951965085,linear
769,17_epo,28.000000000000004,8.121565955164147,linear
770,17_epo,28.999999999999996,8.130646958363206,linear
771,17_epo,30.0,8.139727961562267,linear
772,17_epo,31.0,8.148808964761328,linear
773,17_epo,32.0,8.157889967960388,linear
774,17_epo,33.0,8.166970971159449,linear
775,17_epo,34.0,8.17605197435851,linear
776,17_epo,35.0,8.185132977557569,linear
777,17_epo,36.0,8.194213980756631,linear
778,17_epo,37.0,8.203294983955692,linear
779,17_epo,38.0,8.21237598715475,linear
780,17_epo,39.0,8.221456990353811,linear
781,17_epo,40.0,8.230537993552874,linear
782,17_epo,41.0,8.239618996751933,linear
783,17_epo,42.0,8.248699999950993,linear
784,17_epo,43.0,8.257781003150054,linear
785,17_epo,44.0,8.266862006349115,linear
786,17_epo,45.0,8.275943009548175,linear
787,17_epo,46.0,8.285024012747236,linear
788,17_epo,47.0,8.294105015946297,linear
789,17_epo,48.0,8.303186019145357,linear
790,17_epo,49.0,8.312267022344418,linear
791,17_epo,50.0,8.321348025543479,linear
792,17_epo,51.0,8.33042902874254,linear
793,17_epo,52.0,8.3395100319416,linear
794,17_epo,53.0,8.348591035140661,linear
795,17_epo,54.0,8.35767203833972,linear
796,17_epo,55.00000000000001,8.366753041538782,linear
797,17_epo,56.00000000000001,8.375834044737843,linear
798,17_epo,56.99999999999999,8.384915047936902,linear
799,17_epo,57.99999999999999,8.393996051135963,linear
800,17_epo,59.0,8.403077054335025,linear
801,17_epo,60.0,8.412158057534084,linear
802,17_epo,61.0,8.421239060733145,linear
803,17_epo,62.0,8.430320063932207,linear
804,17_epo,63.0,8.439401067131266,linear
805,17_epo,64.0,8.448482070330327,linear
806,17_epo,65.0,8.457563073529387,linear
807,17_epo,66.0,8.466644076728448,linear
808,17_epo,67.0,8.475725079927509,linear
809,17_epo,68.0,8.48480608312657,linear
810,17_epo,69.0,8.493887086325628,linear
811,17_epo,70.0,8.50296808952469,linear
812,17_epo,71.0,8.512049092723752,linear
813,17_epo,72.0,8.521130095922812,linear
814,17_epo,73.0,8.530211099121873,linear
815,17_epo,74.0,8.539292102320934,linear
816,17_epo,75.0,8.548373105519994,linear
817,17_epo,76.0,8.557454108719053,linear
818,17_epo,77.0,8.566535111918116,linear
819,17_epo,78.0,8.575616115117176,linear
820,17_epo,79.0,8.584697118316235,linear
821,17_epo,80.0,8.593778121515296,linear
822,17_epo,81.0,8.602859124714358,linear
823,17_epo,82.0,8.611940127913417,linear
824,17_epo,83.0,8.621021131112478,linear
825,17_epo,84.0,8.630102134311539,linear
826,17_epo,85.0,8.6391831375106,linear
827,17_epo,86.0,8.64826414070966,linear
828,17_epo,87.0,8.65734514390872,linear
829,17_epo,88.0,8.666426147107781,linear
830,17_epo,89.0,8.675507150306842,linear
831,17_epo,90.0,8.684588153505903,linear
832,17_epo,91.0,8.693669156704962,linear
833,17_epo,92.0,8.702750159904024,linear
834,17_epo,93.0,8.711831163103085,linear
835,17_epo,94.0,8.720912166302146,linear
836,17_epo,95.0,8.729993169501205,linear
837,18_epo,3.0,8.658004117137859,linear
838,18_epo,4.0,8.649431775394339,linear
839,18_epo,5.0,8.640859433650819,linear
840,18_epo,6.0,8.6322870919073,linear
841,18_epo,7.000000000000001,8.623714750163781,linear
842,18_epo,8.0,8.615142408420262,linear
843,18_epo,9.0,8.606570066676744,linear
844,18_epo,10.0,8.597997724933224,linear
845,18_epo,11.0,8.589425383189704,linear
846,18_epo,12.0,8.580853041446185,linear
847,18_epo,13.0,8.572280699702665,linear
848,18_epo,14.000000000000002,8.563708357959147,linear
849,18_epo,15.0,8.555136016215627,linear
850,18_epo,16.0,8.54656367447211,linear
851,18_epo,17.0,8.53799133272859,linear
852,18_epo,18.0,8.52941899098507,linear
853,18_epo,19.0,8.520846649241552,linear
854,18_epo,20.0,8.51227430749803,linear
855,18_epo,21.0,8.503701965754512,linear
856,18_epo,22.0,8.495129624010993,linear
857,18_epo,23.0,8.486557282267475,linear
858,18_epo,24.0,8.477984940523955,linear
859,18_epo,25.0,8.469412598780435,linear
860,18_epo,26.0,8.460840257036917,linear
861,18_epo,27.0,8.452267915293396,linear
862,18_epo,28.000000000000004,8.443695573549878,linear
863,18_epo,28.999999999999996,8.435123231806358,linear
864,18_epo,30.0,8.426550890062838,linear
865,18_epo,31.0,8.41797854831932,linear
866,18_epo,32.0,8.4094062065758,linear
867,18_epo,33.0,8.400833864832283,linear
868,18_epo,34.0,8.392261523088763,linear
869,18_epo,35.0,8.383689181345243,linear
870,18_epo,36.0,8.375116839601723,linear
871,18_epo,37.0,8.366544497858204,linear
872,18_epo,38.0,8.357972156114686,linear
873,18_epo,39.0,8.349399814371166,linear
874,18_epo,40.0,8.340827472627648,linear
875,18_epo,41.0,8.332255130884128,linear
876,18_epo,42.0,8.323682789140609,linear
877,18_epo,43.0,8.315110447397089,linear
878,18_epo,44.0,8.30653810565357,linear
879,18_epo,45.0,8.297965763910051,linear
880,18_epo,46.0,8.289393422166532,linear
881,18_epo,47.0,8.280821080423014,linear
882,18_epo,48.0,8.272248738679494,linear
883,18_epo,49.0,8.263676396935974,linear
884,18_epo,50.0,8.255104055192454,linear
885,18_epo,51.0,8.246531713448935,linear
886,18_epo,52.0,8.237959371705417,linear
887,18_epo,53.0,8.229387029961897,linear
888,18_epo,54.0,8.220814688218377,linear
889,18_epo,55.00000000000001,8.21224234647486,linear
890,18_epo,56.00000000000001,8.20367000473134,linear
891,18_epo,56.99999999999999,8.195097662987822,linear
892,18_epo,57.99999999999999,8.1865253212443,linear
893,18_epo,59.0,8.177952979500782,linear
894,18_epo,60.0,8.169380637757262,linear
895,18_epo,61.0,8.160808296013743,linear
896,18_epo,62.0,8.152235954270225,linear
897,18_epo,63.0,8.143663612526705,linear
898,18_epo,64.0,8.135091270783187,linear
899,18_epo,65.0,8.126518929039666,linear
900,18_epo,66.0,8.117946587296146,linear
901,18_epo,67.0,8.109374245552628,linear
902,18_epo,68.0,8.100801903809108,linear
903,18_epo,69.0,8.09222956206559,linear
904,18_epo,70.0,8.08365722032207,linear
905,18_epo,71.0,8.075084878578553,linear
906,18_epo,72.0,8.066512536835033,linear
907,18_epo,73.0,8.057940195091511,linear
908,18_epo,74.0,8.049367853347993,linear
909,18_epo,75.0,8.040795511604474,linear
910,18_epo,76.0,8.032223169860956,linear
911,18_epo,77.0,8.023650828117436,linear
912,18_epo,78.0,8.015078486373916,linear
913,18_epo,79.0,8.006506144630398,linear
914,18_epo,80.0,7.997933802886878,linear
915,18_epo,81.0,7.989361461143358,linear
916,18_epo,82.0,7.980789119399839,linear
917,18_epo,83.0,7.97221677765632,linear
918,18_epo,84.0,7.963644435912801,linear
919,18_epo,85.0,7.9550720941692825,linear
920,18_epo,86.0,7.946499752425764,linear
921,18_epo,87.0,7.937927410682244,linear
922,18_epo,88.0,7.929355068938723,linear
923,18_epo,89.0,7.9207827271952045,linear
924,18_epo,90.0,7.912210385451686,linear
925,18_epo,91.0,7.903638043708167,linear
926,18_epo,92.0,7.895065701964648,linear
927,18_epo,93.0,7.886493360221128,linear
928,18_epo,94.0,7.877921018477609,linear
929,18_epo,95.0,7.8693486767340906,linear
930,19_epo,3.0,7.469631218920299,linear
931,19_epo,4.0,7.471306954346363,linear
932,19_epo,5.0,7.472982689772426,linear
933,19_epo,6.0,7.474658425198489,linear
934,19_epo,7.000000000000001,7.476334160624552,linear
935,19_epo,8.0,7.478009896050615,linear
936,19_epo,9.0,7.479685631476679,linear
937,19_epo,10.0,7.481361366902743,linear
938,19_epo,11.0,7.483037102328805,linear
939,19_epo,12.0,7.484712837754869,linear
940,19_epo,13.0,7.486388573180933,linear
941,19_epo,14.000000000000002,7.488064308606996,linear
942,19_epo,15.0,7.489740044033059,linear
943,19_epo,16.0,7.491415779459123,linear
944,19_epo,17.0,7.493091514885185,linear
945,19_epo,18.0,7.494767250311249,linear
946,19_epo,19.0,7.496442985737312,linear
947,19_epo,20.0,7.498118721163375,linear
948,19_epo,21.0,7.499794456589439,linear
949,19_epo,22.0,7.5014701920155025,linear
950,19_epo,23.0,7.503145927441565,linear
951,19_epo,24.0,7.504821662867629,linear
952,19_epo,25.0,7.506497398293693,linear
953,19_epo,26.0,7.5081731337197555,linear
954,19_epo,27.0,7.509848869145819,linear
955,19_epo,28.000000000000004,7.511524604571883,linear
956,19_epo,28.999999999999996,7.513200339997945,linear
957,19_epo,30.0,7.5148760754240085,linear
958,19_epo,31.0,7.516551810850072,linear
959,19_epo,32.0,7.518227546276135,linear
960,19_epo,33.0,7.519903281702199,linear
961,19_epo,34.0,7.521579017128262,linear
962,19_epo,35.0,7.523254752554325,linear
963,19_epo,36.0,7.524930487980389,linear
964,19_epo,37.0,7.526606223406452,linear
965,19_epo,38.0,7.528281958832515,linear
966,19_epo,39.0,7.529957694258579,linear
967,19_epo,40.0,7.531633429684641,linear
968,19_epo,41.0,7.533309165110705,linear
969,19_epo,42.0,7.534984900536768,linear
970,19_epo,43.0,7.536660635962831,linear
971,19_epo,44.0,7.538336371388895,linear
972,19_epo,45.0,7.540012106814959,linear
973,19_epo,46.0,7.541687842241021,linear
974,19_epo,47.0,7.543363577667085,linear
975,19_epo,48.0,7.545039313093149,linear
976,19_epo,49.0,7.546715048519212,linear
977,19_epo,50.0,7.548390783945275,linear
978,19_epo,51.0,7.550066519371338,linear
979,19_epo,52.0,7.551742254797401,linear
980,19_epo,53.0,7.553417990223465,linear
981,19_epo,54.0,7.555093725649528,linear
982,19_epo,55.00000000000001,7.556769461075591,linear
983,19_epo,56.00000000000001,7.558445196501655,linear
984,19_epo,56.99999999999999,7.5601209319277185,linear
985,19_epo,57.99999999999999,7.561796667353781,linear
986,19_epo,59.0,7.563472402779845,linear
987,19_epo,60.0,7.565148138205909,linear
988,19_epo,61.0,7.5668238736319715,linear
989,19_epo,62.0,7.568499609058034,linear
990,19_epo,63.0,7.570175344484098,linear
991,19_epo,64.0,7.571851079910161,linear
992,19_epo,65.0,7.5735268153362245,linear
993,19_epo,66.0,7.575202550762288,linear
994,19_epo,67.0,7.576878286188351,linear
995,19_epo,68.0,7.578554021614415,linear
996,19_epo,69.0,7.580229757040478,linear
997,19_epo,70.0,7.581905492466541,linear
998,19_epo,71.0,7.583581227892605,linear
999,19_epo,72.0,7.585256963318669,linear
1000,19_epo,73.0,7.586932698744731,linear
1001,19_epo,74.0,7.588608434170794,linear
1002,19_epo,75.0,7.590284169596858,linear
1003,19_epo,76.0,7.591959905022921,linear
1004,19_epo,77.0,7.593635640448984,linear
1005,19_epo,78.0,7.595311375875047,linear
1006,19_epo,79.0,7.596987111301111,linear
1007,19_epo,80.0,7.598662846727175,linear
1008,19_epo,81.0,7.600338582153237,linear
1009,19_epo,82.0,7.602014317579301,linear
1010,19_epo,83.0,7.603690053005365,linear
1011,19_epo,84.0,7.605365788431428,linear
1012,19_epo,85.0,7.60704152385749,linear
1013,19_epo,86.0,7.608717259283554,linear
1014,19_epo,87.0,7.610392994709617,linear
1015,19_epo,88.0,7.612068730135681,linear
1016,19_epo,89.0,7.613744465561744,linear
1017,19_epo,90.0,7.615420200987807,linear
1018,19_epo,91.0,7.617095936413871,linear
1019,19_epo,92.0,7.6187716718399345,linear
1020,19_epo,93.0,7.620447407265997,linear
1021,19_epo,94.0,7.622123142692061,linear
1022,19_epo,95.0,7.623798878118125,linear
1023,1_epo,3.0,7.0873237274669085,linear
1024,1_epo,4.0,7.0924664241442885,linear
1025,1_epo,5.0,7.09760912082167,linear
1026,1_epo,6.0,7.10275181749905,linear
1027,1_epo,7.000000000000001,7.107894514176431,linear
1028,1_epo,8.0,7.113037210853812,linear
1029,1_epo,9.0,7.118179907531192,linear
1030,1_epo,10.0,7.123322604208574,linear
1031,1_epo,11.0,7.128465300885954,linear
1032,1_epo,12.0,7.133607997563334,linear
1033,1_epo,13.0,7.1387506942407155,linear
1034,1_epo,14.000000000000002,7.1438933909180955,linear
1035,1_epo,15.0,7.149036087595476,linear
1036,1_epo,16.0,7.154178784272857,linear
1037,1_epo,17.0,7.159321480950238,linear
1038,1_epo,18.0,7.164464177627619,linear
1039,1_epo,19.0,7.169606874304999,linear
1040,1_epo,20.0,7.17474957098238,linear
1041,1_epo,21.0,7.179892267659761,linear
1042,1_epo,22.0,7.185034964337142,linear
1043,1_epo,23.0,7.190177661014522,linear
1044,1_epo,24.0,7.1953203576919025,linear
1045,1_epo,25.0,7.200463054369283,linear
1046,1_epo,26.0,7.205605751046664,linear
1047,1_epo,27.0,7.210748447724045,linear
1048,1_epo,28.000000000000004,7.215891144401425,linear
1049,1_epo,28.999999999999996,7.221033841078806,linear
1050,1_epo,30.0,7.226176537756187,linear
1051,1_epo,31.0,7.231319234433567,linear
1052,1_epo,32.0,7.236461931110949,linear
1053,1_epo,33.0,7.241604627788329,linear
1054,1_epo,34.0,7.2467473244657095,linear
1055,1_epo,35.0,7.25189002114309,linear
1056,1_epo,36.0,7.25703271782047,linear
1057,1_epo,37.0,7.262175414497852,linear
1058,1_epo,38.0,7.267318111175232,linear
1059,1_epo,39.0,7.272460807852613,linear
1060,1_epo,40.0,7.277603504529994,linear
1061,1_epo,41.0,7.282746201207374,linear
1062,1_epo,42.0,7.287888897884755,linear
1063,1_epo,43.0,7.293031594562136,linear
1064,1_epo,44.0,7.298174291239516,linear
1065,1_epo,45.0,7.303316987916896,linear
1066,1_epo,46.0,7.308459684594278,linear
1067,1_epo,47.0,7.313602381271658,linear
1068,1_epo,48.0,7.318745077949039,linear
1069,1_epo,49.0,7.32388777462642,linear
1070,1_epo,50.0,7.3290304713038,linear
1071,1_epo,51.0,7.334173167981182,linear
1072,1_epo,52.0,7.339315864658562,linear
1073,1_epo,53.0,7.344458561335942,linear
1074,1_epo,54.0,7.349601258013323,linear
1075,1_epo,55.00000000000001,7.354743954690703,linear
1076,1_epo,56.00000000000001,7.359886651368085,linear
1077,1_epo,56.99999999999999,7.365029348045465,linear
1078,1_epo,57.99999999999999,7.370172044722845,linear
1079,1_epo,59.0,7.375314741400227,linear
1080,1_epo,60.0,7.380457438077607,linear
1081,1_epo,61.0,7.385600134754988,linear
1082,1_epo,62.0,7.390742831432369,linear
1083,1_epo,63.0,7.3958855281097495,linear
1084,1_epo,64.0,7.4010282247871295,linear
1085,1_epo,65.0,7.40617092146451,linear
1086,1_epo,66.0,7.411313618141891,linear
1087,1_epo,67.0,7.416456314819272,linear
1088,1_epo,68.0,7.421599011496653,linear
1089,1_epo,69.0,7.426741708174033,linear
1090,1_epo,70.0,7.431884404851414,linear
1091,1_epo,71.0,7.437027101528795,linear
1092,1_epo,72.0,7.442169798206175,linear
1093,1_epo,73.0,7.4473124948835565,linear
1094,1_epo,74.0,7.4524551915609365,linear
1095,1_epo,75.0,7.457597888238317,linear
1096,1_epo,76.0,7.462740584915698,linear
1097,1_epo,77.0,7.467883281593078,linear
1098,1_epo,78.0,7.47302597827046,linear
1099,1_epo,79.0,7.47816867494784,linear
1100,1_epo,80.0,7.483311371625221,linear
1101,1_epo,81.0,7.488454068302602,linear
1102,1_epo,82.0,7.493596764979982,linear
1103,1_epo,83.0,7.498739461657363,linear
1104,1_epo,84.0,7.5038821583347435,linear
1105,1_epo,85.0,7.509024855012124,linear
1106,1_epo,86.0,7.514167551689505,linear
1107,1_epo,87.0,7.519310248366885,linear
1108,1_epo,88.0,7.524452945044266,linear
1109,1_epo,89.0,7.529595641721647,linear
1110,1_epo,90.0,7.534738338399028,linear
1111,1_epo,91.0,7.539881035076408,linear
1112,1_epo,92.0,7.54502373175379,linear
1113,1_epo,93.0,7.55016642843117,linear
1114,1_epo,94.0,7.55530912510855,linear
1115,1_epo,95.0,7.560451821785931,linear
1116,20_epo,3.0,7.874141444144683,linear
1117,20_epo,4.0,7.880887462752985,linear
1118,20_epo,5.0,7.887633481361288,linear
1119,20_epo,6.0,7.89437949996959,linear
1120,20_epo,7.000000000000001,7.901125518577894,linear
1121,20_epo,8.0,7.907871537186197,linear
1122,20_epo,9.0,7.914617555794499,linear
1123,20_epo,10.0,7.921363574402802,linear
1124,20_epo,11.0,7.928109593011104,linear
1125,20_epo,12.0,7.934855611619409,linear
1126,20_epo,13.0,7.941601630227711,linear
1127,20_epo,14.000000000000002,7.948347648836014,linear
1128,20_epo,15.0,7.9550936674443165,linear
1129,20_epo,16.0,7.961839686052621,linear
1130,20_epo,17.0,7.968585704660923,linear
1131,20_epo,18.0,7.9753317232692265,linear
1132,20_epo,19.0,7.982077741877529,linear
1133,20_epo,20.0,7.988823760485832,linear
1134,20_epo,21.0,7.995569779094136,linear
1135,20_epo,22.0,8.002315797702439,linear
1136,20_epo,23.0,8.00906181631074,linear
1137,20_epo,24.0,8.015807834919043,linear
1138,20_epo,25.0,8.022553853527349,linear
1139,20_epo,26.0,8.02929987213565,linear
1140,20_epo,27.0,8.036045890743953,linear
1141,20_epo,28.000000000000004,8.042791909352255,linear
1142,20_epo,28.999999999999996,8.049537927960557,linear
1143,20_epo,30.0,8.056283946568863,linear
1144,20_epo,31.0,8.063029965177165,linear
1145,20_epo,32.0,8.069775983785467,linear
1146,20_epo,33.0,8.07652200239377,linear
1147,20_epo,34.0,8.083268021002075,linear
1148,20_epo,35.0,8.090014039610377,linear
1149,20_epo,36.0,8.09676005821868,linear
1150,20_epo,37.0,8.103506076826982,linear
1151,20_epo,38.0,8.110252095435287,linear
1152,20_epo,39.0,8.11699811404359,linear
1153,20_epo,40.0,8.123744132651892,linear
1154,20_epo,41.0,8.130490151260194,linear
1155,20_epo,42.0,8.137236169868498,linear
1156,20_epo,43.0,8.143982188476802,linear
1157,20_epo,44.0,8.150728207085104,linear
1158,20_epo,45.0,8.157474225693406,linear
1159,20_epo,46.0,8.164220244301708,linear
1160,20_epo,47.0,8.170966262910014,linear
1161,20_epo,48.0,8.177712281518316,linear
1162,20_epo,49.0,8.184458300126618,linear
1163,20_epo,50.0,8.19120431873492,linear
1164,20_epo,51.0,8.197950337343224,linear
1165,20_epo,52.0,8.204696355951528,linear
1166,20_epo,53.0,8.21144237455983,linear
1167,20_epo,54.0,8.218188393168132,linear
1168,20_epo,55.00000000000001,8.224934411776436,linear
1169,20_epo,56.00000000000001,8.23168043038474,linear
1170,20_epo,56.99999999999999,8.238426448993042,linear
1171,20_epo,57.99999999999999,8.245172467601344,linear
1172,20_epo,59.0,8.251918486209648,linear
1173,20_epo,60.0,8.25866450481795,linear
1174,20_epo,61.0,8.265410523426254,linear
1175,20_epo,62.0,8.272156542034557,linear
1176,20_epo,63.0,8.27890256064286,linear
1177,20_epo,64.0,8.285648579251163,linear
1178,20_epo,65.0,8.292394597859467,linear
1179,20_epo,66.0,8.299140616467769,linear
1180,20_epo,67.0,8.305886635076071,linear
1181,20_epo,68.0,8.312632653684375,linear
1182,20_epo,69.0,8.319378672292677,linear
1183,20_epo,70.0,8.326124690900981,linear
1184,20_epo,71.0,8.332870709509283,linear
1185,20_epo,72.0,8.339616728117587,linear
1186,20_epo,73.0,8.34636274672589,linear
1187,20_epo,74.0,8.353108765334193,linear
1188,20_epo,75.0,8.359854783942495,linear
1189,20_epo,76.0,8.3666008025508,linear
1190,20_epo,77.0,8.373346821159101,linear
1191,20_epo,78.0,8.380092839767403,linear
1192,20_epo,79.0,8.386838858375707,linear
1193,20_epo,80.0,8.393584876984011,linear
1194,20_epo,81.0,8.400330895592313,linear
1195,20_epo,82.0,8.407076914200616,linear
1196,20_epo,83.0,8.41382293280892,linear
1197,20_epo,84.0,8.420568951417222,linear
1198,20_epo,85.0,8.427314970025526,linear
1199,20_epo,86.0,8.434060988633828,linear
1200,20_epo,87.0,8.440807007242132,linear
1201,20_epo,88.0,8.447553025850434,linear
1202,20_epo,89.0,8.454299044458738,linear
1203,20_epo,90.0,8.46104506306704,linear
1204,20_epo,91.0,8.467791081675342,linear
1205,20_epo,92.0,8.474537100283646,linear
1206,20_epo,93.0,8.48128311889195,linear
1207,20_epo,94.0,8.488029137500252,linear
1208,20_epo,95.0,8.494775156108554,linear
1209,21_epo,3.0,7.9737595213925045,linear
1210,21_epo,4.0,7.980385374986944,linear
1211,21_epo,5.0,7.987011228581382,linear
1212,21_epo,6.0,7.993637082175821,linear
1213,21_epo,7.000000000000001,8.000262935770259,linear
1214,21_epo,8.0,8.006888789364696,linear
1215,21_epo,9.0,8.013514642959137,linear
1216,21_epo,10.0,8.020140496553575,linear
1217,21_epo,11.0,8.026766350148014,linear
1218,21_epo,12.0,8.033392203742451,linear
1219,21_epo,13.0,8.040018057336892,linear
1220,21_epo,14.000000000000002,8.04664391093133,linear
1221,21_epo,15.0,8.053269764525767,linear
1222,21_epo,16.0,8.059895618120207,linear
1223,21_epo,17.0,8.066521471714644,linear
1224,21_epo,18.0,8.073147325309085,linear
1225,21_epo,19.0,8.079773178903523,linear
1226,21_epo,20.0,8.086399032497962,linear
1227,21_epo,21.0,8.0930248860924,linear
1228,21_epo,22.0,8.099650739686838,linear
1229,21_epo,23.0,8.106276593281278,linear
1230,21_epo,24.0,8.112902446875715,linear
1231,21_epo,25.0,8.119528300470154,linear
1232,21_epo,26.0,8.126154154064592,linear
1233,21_epo,27.0,8.132780007659033,linear
1234,21_epo,28.000000000000004,8.13940586125347,linear
1235,21_epo,28.999999999999996,8.146031714847908,linear
1236,21_epo,30.0,8.152657568442347,linear
1237,21_epo,31.0,8.159283422036786,linear
1238,21_epo,32.0,8.165909275631225,linear
1239,21_epo,33.0,8.172535129225663,linear
1240,21_epo,34.0,8.179160982820102,linear
1241,21_epo,35.0,8.18578683641454,linear
1242,21_epo,36.0,8.192412690008979,linear
1243,21_epo,37.0,8.199038543603418,linear
1244,21_epo,38.0,8.205664397197856,linear
1245,21_epo,39.0,8.212290250792295,linear
1246,21_epo,40.0,8.218916104386734,linear
1247,21_epo,41.0,8.225541957981173,linear
1248,21_epo,42.0,8.23216781157561,linear
1249,21_epo,43.0,8.238793665170048,linear
1250,21_epo,44.0,8.24541951876449,linear
1251,21_epo,45.0,8.252045372358927,linear
1252,21_epo,46.0,8.258671225953366,linear
1253,21_epo,47.0,8.265297079547803,linear
1254,21_epo,48.0,8.27192293314224,linear
1255,21_epo,49.0,8.278548786736682,linear
1256,21_epo,50.0,8.28517464033112,linear
1257,21_epo,51.0,8.291800493925559,linear
1258,21_epo,52.0,8.298426347519996,linear
1259,21_epo,53.0,8.305052201114437,linear
1260,21_epo,54.0,8.311678054708874,linear
1261,21_epo,55.00000000000001,8.318303908303314,linear
1262,21_epo,56.00000000000001,8.324929761897751,linear
1263,21_epo,56.99999999999999,8.331555615492189,linear
1264,21_epo,57.99999999999999,8.33818146908663,linear
1265,21_epo,59.0,8.344807322681067,linear
1266,21_epo,60.0,8.351433176275506,linear
1267,21_epo,61.0,8.358059029869944,linear
1268,21_epo,62.0,8.364684883464383,linear
1269,21_epo,63.0,8.371310737058822,linear
1270,21_epo,64.0,8.37793659065326,linear
1271,21_epo,65.0,8.384562444247699,linear
1272,21_epo,66.0,8.391188297842136,linear
1273,21_epo,67.0,8.397814151436577,linear
1274,21_epo,68.0,8.404440005031015,linear
1275,21_epo,69.0,8.411065858625452,linear
1276,21_epo,70.0,8.417691712219892,linear
1277,21_epo,71.0,8.42431756581433,linear
1278,21_epo,72.0,8.43094341940877,linear
1279,21_epo,73.0,8.437569273003207,linear
1280,21_epo,74.0,8.444195126597647,linear
1281,21_epo,75.0,8.450820980192084,linear
1282,21_epo,76.0,8.457446833786523,linear
1283,21_epo,77.0,8.464072687380963,linear
1284,21_epo,78.0,8.4706985409754,linear
1285,21_epo,79.0,8.47732439456984,linear
1286,21_epo,80.0,8.483950248164279,linear
1287,21_epo,81.0,8.490576101758718,linear
1288,21_epo,82.0,8.497201955353155,linear
1289,21_epo,83.0,8.503827808947593,linear
1290,21_epo,84.0,8.510453662542032,linear
1291,21_epo,85.0,8.517079516136471,linear
1292,21_epo,86.0,8.52370536973091,linear
1293,21_epo,87.0,8.530331223325348,linear
1294,21_epo,88.0,8.536957076919787,linear
1295,21_epo,89.0,8.543582930514226,linear
1296,21_epo,90.0,8.550208784108664,linear
1297,21_epo,91.0,8.556834637703103,linear
1298,21_epo,92.0,8.56346049129754,linear
1299,21_epo,93.0,8.57008634489198,linear
1300,21_epo,94.0,8.576712198486419,linear
1301,21_epo,95.0,8.583338052080858,linear
1302,22_epo,3.0,8.992202546459382,linear
1303,22_epo,4.0,8.990744945408997,linear
1304,22_epo,5.0,8.98928734435861,linear
1305,22_epo,6.0,8.987829743308225,linear
1306,22_epo,7.000000000000001,8.98637214225784,linear
1307,22_epo,8.0,8.984914541207454,linear
1308,22_epo,9.0,8.983456940157069,linear
1309,22_epo,10.0,8.981999339106684,linear
1310,22_epo,11.0,8.980541738056298,linear
1311,22_epo,12.0,8.979084137005914,linear
1312,22_epo,13.0,8.97762653595553,linear
1313,22_epo,14.000000000000002,8.976168934905143,linear
1314,22_epo,15.0,8.974711333854758,linear
1315,22_epo,16.0,8.973253732804373,linear
1316,22_epo,17.0,8.971796131753988,linear
1317,22_epo,18.0,8.970338530703602,linear
1318,22_epo,19.0,8.968880929653217,linear
1319,22_epo,20.0,8.967423328602832,linear
1320,22_epo,21.0,8.965965727552446,linear
1321,22_epo,22.0,8.964508126502063,linear
1322,22_epo,23.0,8.963050525451678,linear
1323,22_epo,24.0,8.961592924401291,linear
1324,22_epo,25.0,8.960135323350906,linear
1325,22_epo,26.0,8.958677722300521,linear
1326,22_epo,27.0,8.957220121250135,linear
1327,22_epo,28.000000000000004,8.95576252019975,linear
1328,22_epo,28.999999999999996,8.954304919149365,linear
1329,22_epo,30.0,8.952847318098978,linear
1330,22_epo,31.0,8.951389717048595,linear
1331,22_epo,32.0,8.94993211599821,linear
1332,22_epo,33.0,8.948474514947824,linear
1333,22_epo,34.0,8.94701691389744,linear
1334,22_epo,35.0,8.945559312847054,linear
1335,22_epo,36.0,8.944101711796668,linear
1336,22_epo,37.0,8.942644110746283,linear
1337,22_epo,38.0,8.941186509695898,linear
1338,22_epo,39.0,8.939728908645511,linear
1339,22_epo,40.0,8.938271307595128,linear
1340,22_epo,41.0,8.936813706544743,linear
1341,22_epo,42.0,8.935356105494357,linear
1342,22_epo,43.0,8.933898504443972,linear
1343,22_epo,44.0,8.932440903393587,linear
1344,22_epo,45.0,8.930983302343202,linear
1345,22_epo,46.0,8.929525701292816,linear
1346,22_epo,47.0,8.928068100242431,linear
1347,22_epo,48.0,8.926610499192046,linear
1348,22_epo,49.0,8.925152898141661,linear
1349,22_epo,50.0,8.923695297091276,linear
1350,22_epo,51.0,8.922237696040892,linear
1351,22_epo,52.0,8.920780094990505,linear
1352,22_epo,53.0,8.91932249394012,linear
1353,22_epo,54.0,8.917864892889735,linear
1354,22_epo,55.00000000000001,8.916407291839349,linear
1355,22_epo,56.00000000000001,8.914949690788964,linear
1356,22_epo,56.99999999999999,8.913492089738579,linear
1357,22_epo,57.99999999999999,8.912034488688194,linear
1358,22_epo,59.0,8.91057688763781,linear
1359,22_epo,60.0,8.909119286587424,linear
1360,22_epo,61.0,8.907661685537038,linear
1361,22_epo,62.0,8.906204084486653,linear
1362,22_epo,63.0,8.904746483436268,linear
1363,22_epo,64.0,8.903288882385882,linear
1364,22_epo,65.0,8.901831281335497,linear
1365,22_epo,66.0,8.900373680285112,linear
1366,22_epo,67.0,8.898916079234727,linear
1367,22_epo,68.0,8.897458478184342,linear
1368,22_epo,69.0,8.896000877133957,linear
1369,22_epo,70.0,8.89454327608357,linear
1370,22_epo,71.0,8.893085675033186,linear
1371,22_epo,72.0,8.891628073982801,linear
1372,22_epo,73.0,8.890170472932416,linear
1373,22_epo,74.0,8.88871287188203,linear
1374,22_epo,75.0,8.887255270831645,linear
1375,22_epo,76.0,8.88579766978126,linear
1376,22_epo,77.0,8.884340068730875,linear
1377,22_epo,78.0,8.88288246768049,linear
1378,22_epo,79.0,8.881424866630105,linear
1379,22_epo,80.0,8.879967265579719,linear
1380,22_epo,81.0,8.878509664529334,linear
1381,22_epo,82.0,8.87705206347895,linear
1382,22_epo,83.0,8.875594462428563,linear
1383,22_epo,84.0,8.874136861378178,linear
1384,22_epo,85.0,8.872679260327793,linear
1385,22_epo,86.0,8.871221659277408,linear
1386,22_epo,87.0,8.869764058227023,linear
1387,22_epo,88.0,8.868306457176638,linear
1388,22_epo,89.0,8.866848856126252,linear
1389,22_epo,90.0,8.865391255075867,linear
1390,22_epo,91.0,8.863933654025482,linear
1391,22_epo,92.0,8.862476052975095,linear
1392,22_epo,93.0,8.86101845192471,linear
1393,22_epo,94.0,8.859560850874326,linear
1394,22_epo,95.0,8.858103249823941,linear
1395,23_epo,3.0,7.278635969564555,linear
1396,23_epo,4.0,7.287924252318599,linear
1397,23_epo,5.0,7.297212535072643,linear
1398,23_epo,6.0,7.306500817826687,linear
1399,23_epo,7.000000000000001,7.315789100580732,linear
1400,23_epo,8.0,7.325077383334776,linear
1401,23_epo,9.0,7.33436566608882,linear
1402,23_epo,10.0,7.343653948842863,linear
1403,23_epo,11.0,7.3529422315969075,linear
1404,23_epo,12.0,7.362230514350951,linear
1405,23_epo,13.0,7.371518797104995,linear
1406,23_epo,14.000000000000002,7.380807079859039,linear
1407,23_epo,15.0,7.390095362613083,linear
1408,23_epo,16.0,7.399383645367128,linear
1409,23_epo,17.0,7.408671928121171,linear
1410,23_epo,18.0,7.417960210875215,linear
1411,23_epo,19.0,7.427248493629259,linear
1412,23_epo,20.0,7.436536776383304,linear
1413,23_epo,21.0,7.445825059137348,linear
1414,23_epo,22.0,7.4551133418913915,linear
1415,23_epo,23.0,7.464401624645435,linear
1416,23_epo,24.0,7.4736899073994785,linear
1417,23_epo,25.0,7.482978190153523,linear
1418,23_epo,26.0,7.492266472907567,linear
1419,23_epo,27.0,7.501554755661611,linear
1420,23_epo,28.000000000000004,7.510843038415655,linear
1421,23_epo,28.999999999999996,7.5201313211697,linear
1422,23_epo,30.0,7.529419603923744,linear
1423,23_epo,31.0,7.538707886677787,linear
1424,23_epo,32.0,7.547996169431831,linear
1425,23_epo,33.0,7.5572844521858755,linear
1426,23_epo,34.0,7.566572734939919,linear
1427,23_epo,35.0,7.575861017693963,linear
1428,23_epo,36.0,7.585149300448007,linear
1429,23_epo,37.0,7.594437583202051,linear
1430,23_epo,38.0,7.603725865956095,linear
1431,23_epo,39.0,7.613014148710139,linear
1432,23_epo,40.0,7.622302431464183,linear
1433,23_epo,41.0,7.631590714218227,linear
1434,23_epo,42.0,7.640878996972272,linear
1435,23_epo,43.0,7.650167279726316,linear
1436,23_epo,44.0,7.659455562480359,linear
1437,23_epo,45.0,7.668743845234403,linear
1438,23_epo,46.0,7.678032127988447,linear
1439,23_epo,47.0,7.687320410742491,linear
1440,23_epo,48.0,7.696608693496535,linear
1441,23_epo,49.0,7.705896976250579,linear
1442,23_epo,50.0,7.715185259004623,linear
1443,23_epo,51.0,7.724473541758667,linear
1444,23_epo,52.0,7.733761824512711,linear
1445,23_epo,53.0,7.743050107266755,linear
1446,23_epo,54.0,7.752338390020799,linear
1447,23_epo,55.00000000000001,7.7616266727748435,linear
1448,23_epo,56.00000000000001,7.7709149555288874,linear
1449,23_epo,56.99999999999999,7.780203238282931,linear
1450,23_epo,57.99999999999999,7.789491521036974,linear
1451,23_epo,59.0,7.798779803791018,linear
1452,23_epo,60.0,7.808068086545063,linear
1453,23_epo,61.0,7.817356369299106,linear
1454,23_epo,62.0,7.826644652053152,linear
1455,23_epo,63.0,7.835932934807196,linear
1456,23_epo,64.0,7.84522121756124,linear
1457,23_epo,65.0,7.854509500315283,linear
1458,23_epo,66.0,7.863797783069327,linear
1459,23_epo,67.0,7.873086065823371,linear
1460,23_epo,68.0,7.8823743485774145,linear
1461,23_epo,69.0,7.891662631331458,linear
1462,23_epo,70.0,7.900950914085502,linear
1463,23_epo,71.0,7.910239196839548,linear
1464,23_epo,72.0,7.919527479593591,linear
1465,23_epo,73.0,7.928815762347635,linear
1466,23_epo,74.0,7.938104045101679,linear
1467,23_epo,75.0,7.947392327855723,linear
1468,23_epo,76.0,7.956680610609767,linear
1469,23_epo,77.0,7.965968893363811,linear
1470,23_epo,78.0,7.975257176117855,linear
1471,23_epo,79.0,7.984545458871899,linear
1472,23_epo,80.0,7.993833741625943,linear
1473,23_epo,81.0,8.003122024379987,linear
1474,23_epo,82.0,8.012410307134031,linear
1475,23_epo,83.0,8.021698589888075,linear
1476,23_epo,84.0,8.030986872642119,linear
1477,23_epo,85.0,8.040275155396163,linear
1478,23_epo,86.0,8.049563438150207,linear
1479,23_epo,87.0,8.05885172090425,linear
1480,23_epo,88.0,8.068140003658296,linear
1481,23_epo,89.0,8.077428286412339,linear
1482,23_epo,90.0,8.086716569166382,linear
1483,23_epo,91.0,8.096004851920426,linear
1484,23_epo,92.0,8.10529313467447,linear
1485,23_epo,93.0,8.114581417428514,linear
1486,23_epo,94.0,8.123869700182558,linear
1487,23_epo,95.0,8.133157982936602,linear
1488,24_epo,3.0,8.059242532895471,linear
1489,24_epo,4.0,8.055468533900305,linear
1490,24_epo,5.0,8.051694534905137,linear
1491,24_epo,6.0,8.04792053590997,linear
1492,24_epo,7.000000000000001,8.044146536914802,linear
1493,24_epo,8.0,8.040372537919634,linear
1494,24_epo,9.0,8.036598538924467,linear
1495,24_epo,10.0,8.032824539929301,linear
1496,24_epo,11.0,8.029050540934133,linear
1497,24_epo,12.0,8.025276541938966,linear
1498,24_epo,13.0,8.021502542943798,linear
1499,24_epo,14.000000000000002,8.017728543948632,linear
1500,24_epo,15.0,8.013954544953464,linear
1501,24_epo,16.0,8.010180545958297,linear
1502,24_epo,17.0,8.00640654696313,linear
1503,24_epo,18.0,8.002632547967963,linear
1504,24_epo,19.0,7.9988585489727955,linear
1505,24_epo,20.0,7.995084549977629,linear
1506,24_epo,21.0,7.991310550982463,linear
1507,24_epo,22.0,7.9875365519872945,linear
1508,24_epo,23.0,7.983762552992128,linear
1509,24_epo,24.0,7.97998855399696,linear
1510,24_epo,25.0,7.9762145550017935,linear
1511,24_epo,26.0,7.972440556006625,linear
1512,24_epo,27.0,7.968666557011459,linear
1513,24_epo,28.000000000000004,7.964892558016291,linear
1514,24_epo,28.999999999999996,7.961118559021124,linear
1515,24_epo,30.0,7.957344560025958,linear
1516,24_epo,31.0,7.95357056103079,linear
1517,24_epo,32.0,7.9497965620356235,linear
1518,24_epo,33.0,7.946022563040455,linear
1519,24_epo,34.0,7.942248564045289,linear
1520,24_epo,35.0,7.938474565050121,linear
1521,24_epo,36.0,7.934700566054954,linear
1522,24_epo,37.0,7.930926567059786,linear
1523,24_epo,38.0,7.92715256806462,linear
1524,24_epo,39.0,7.923378569069453,linear
1525,24_epo,40.0,7.919604570074285,linear
1526,24_epo,41.0,7.915830571079119,linear
1527,24_epo,42.0,7.912056572083951,linear
1528,24_epo,43.0,7.908282573088784,linear
1529,24_epo,44.0,7.904508574093616,linear
1530,24_epo,45.0,7.90073457509845,linear
1531,24_epo,46.0,7.8969605761032815,linear
1532,24_epo,47.0,7.893186577108115,linear
1533,24_epo,48.0,7.889412578112949,linear
1534,24_epo,49.0,7.8856385791177805,linear
1535,24_epo,50.0,7.881864580122614,linear
1536,24_epo,51.0,7.878090581127446,linear
1537,24_epo,52.0,7.874316582132279,linear
1538,24_epo,53.0,7.870542583137111,linear
1539,24_epo,54.0,7.866768584141944,linear
1540,24_epo,55.00000000000001,7.862994585146776,linear
1541,24_epo,56.00000000000001,7.85922058615161,linear
1542,24_epo,56.99999999999999,7.855446587156441,linear
1543,24_epo,57.99999999999999,7.851672588161275,linear
1544,24_epo,59.0,7.847898589166109,linear
1545,24_epo,60.0,7.84412459017094,linear
1546,24_epo,61.0,7.840350591175774,linear
1547,24_epo,62.0,7.836576592180606,linear
1548,24_epo,63.0,7.8328025931854395,linear
1549,24_epo,64.0,7.829028594190271,linear
1550,24_epo,65.0,7.825254595195105,linear
1551,24_epo,66.0,7.821480596199937,linear
1552,24_epo,67.0,7.81770659720477,linear
1553,24_epo,68.0,7.813932598209604,linear
1554,24_epo,69.0,7.810158599214436,linear
1555,24_epo,70.0,7.8063846002192685,linear
1556,24_epo,71.0,7.802610601224101,linear
1557,24_epo,72.0,7.798836602228935,linear
1558,24_epo,73.0,7.7950626032337675,linear
1559,24_epo,74.0,7.7912886042386,linear
1560,24_epo,75.0,7.787514605243433,linear
1561,24_epo,76.0,7.783740606248266,linear
1562,24_epo,77.0,7.779966607253098,linear
1563,24_epo,78.0,7.776192608257931,linear
1564,24_epo,79.0,7.772418609262764,linear
1565,24_epo,80.0,7.768644610267597,linear
1566,24_epo,81.0,7.764870611272429,linear
1567,24_epo,82.0,7.761096612277263,linear
1568,24_epo,83.0,7.757322613282096,linear
1569,24_epo,84.0,7.753548614286928,linear
1570,24_epo,85.0,7.749774615291761,linear
1571,24_epo,86.0,7.746000616296594,linear
1572,24_epo,87.0,7.7422266173014265,linear
1573,24_epo,88.0,7.738452618306259,linear
1574,24_epo,89.0,7.734678619311092,linear
1575,24_epo,90.0,7.730904620315925,linear
1576,24_epo,91.0,7.727130621320757,linear
1577,24_epo,92.0,7.723356622325591,linear
1578,24_epo,93.0,7.719582623330424,linear
1579,24_epo,94.0,7.715808624335256,linear
1580,24_epo,95.0,7.712034625340089,linear
1581,25_epo,3.0,8.614426456946177,linear
1582,25_epo,4.0,8.625957378704017,linear
1583,25_epo,5.0,8.63748830046186,linear
1584,25_epo,6.0,8.649019222219701,linear
1585,25_epo,7.000000000000001,8.660550143977543,linear
1586,25_epo,8.0,8.672081065735384,linear
1587,25_epo,9.0,8.683611987493226,linear
1588,25_epo,10.0,8.695142909251068,linear
1589,25_epo,11.0,8.706673831008908,linear
1590,25_epo,12.0,8.71820475276675,linear
1591,25_epo,13.0,8.729735674524592,linear
1592,25_epo,14.000000000000002,8.741266596282435,linear
1593,25_epo,15.0,8.752797518040275,linear
1594,25_epo,16.0,8.764328439798117,linear
1595,25_epo,17.0,8.775859361555959,linear
1596,25_epo,18.0,8.787390283313801,linear
1597,25_epo,19.0,8.798921205071641,linear
1598,25_epo,20.0,8.810452126829484,linear
1599,25_epo,21.0,8.821983048587326,linear
1600,25_epo,22.0,8.833513970345166,linear
1601,25_epo,23.0,8.845044892103008,linear
1602,25_epo,24.0,8.85657581386085,linear
1603,25_epo,25.0,8.868106735618692,linear
1604,25_epo,26.0,8.879637657376533,linear
1605,25_epo,27.0,8.891168579134375,linear
1606,25_epo,28.000000000000004,8.902699500892217,linear
1607,25_epo,28.999999999999996,8.914230422650057,linear
1608,25_epo,30.0,8.9257613444079,linear
1609,25_epo,31.0,8.937292266165741,linear
1610,25_epo,32.0,8.948823187923583,linear
1611,25_epo,33.0,8.960354109681424,linear
1612,25_epo,34.0,8.971885031439266,linear
1613,25_epo,35.0,8.983415953197108,linear
1614,25_epo,36.0,8.994946874954948,linear
1615,25_epo,37.0,9.00647779671279,linear
1616,25_epo,38.0,9.01800871847063,linear
1617,25_epo,39.0,9.029539640228474,linear
1618,25_epo,40.0,9.041070561986315,linear
1619,25_epo,41.0,9.052601483744157,linear
1620,25_epo,42.0,9.064132405501999,linear
1621,25_epo,43.0,9.075663327259841,linear
1622,25_epo,44.0,9.087194249017681,linear
1623,25_epo,45.0,9.098725170775522,linear
1624,25_epo,46.0,9.110256092533366,linear
1625,25_epo,47.0,9.121787014291206,linear
1626,25_epo,48.0,9.133317936049048,linear
1627,25_epo,49.0,9.144848857806888,linear
1628,25_epo,50.0,9.156379779564732,linear
1629,25_epo,51.0,9.167910701322572,linear
1630,25_epo,52.0,9.179441623080413,linear
1631,25_epo,53.0,9.190972544838257,linear
1632,25_epo,54.0,9.202503466596097,linear
1633,25_epo,55.00000000000001,9.214034388353939,linear
1634,25_epo,56.00000000000001,9.22556531011178,linear
1635,25_epo,56.99999999999999,9.237096231869623,linear
1636,25_epo,57.99999999999999,9.248627153627464,linear
1637,25_epo,59.0,9.260158075385306,linear
1638,25_epo,60.0,9.271688997143146,linear
1639,25_epo,61.0,9.283219918900988,linear
1640,25_epo,62.0,9.29475084065883,linear
1641,25_epo,63.0,9.30628176241667,linear
1642,25_epo,64.0,9.317812684174514,linear
1643,25_epo,65.0,9.329343605932355,linear
1644,25_epo,66.0,9.340874527690197,linear
1645,25_epo,67.0,9.352405449448037,linear
1646,25_epo,68.0,9.36393637120588,linear
1647,25_epo,69.0,9.375467292963721,linear
1648,25_epo,70.0,9.386998214721562,linear
1649,25_epo,71.0,9.398529136479404,linear
1650,25_epo,72.0,9.410060058237246,linear
1651,25_epo,73.0,9.421590979995088,linear
1652,25_epo,74.0,9.433121901752928,linear
1653,25_epo,75.0,9.444652823510772,linear
1654,25_epo,76.0,9.456183745268612,linear
1655,25_epo,77.0,9.467714667026453,linear
1656,25_epo,78.0,9.479245588784295,linear
1657,25_epo,79.0,9.490776510542137,linear
1658,25_epo,80.0,9.502307432299979,linear
1659,25_epo,81.0,9.51383835405782,linear
1660,25_epo,82.0,9.525369275815661,linear
1661,25_epo,83.0,9.536900197573503,linear
1662,25_epo,84.0,9.548431119331346,linear
1663,25_epo,85.0,9.559962041089186,linear
1664,25_epo,86.0,9.571492962847028,linear
1665,25_epo,87.0,9.58302388460487,linear
1666,25_epo,88.0,9.59455480636271,linear
1667,25_epo,89.0,9.606085728120554,linear
1668,25_epo,90.0,9.617616649878395,linear
1669,25_epo,91.0,9.629147571636237,linear
1670,25_epo,92.0,9.640678493394077,linear
1671,25_epo,93.0,9.652209415151919,linear
1672,25_epo,94.0,9.663740336909761,linear
1673,25_epo,95.0,9.675271258667602,linear
1674,2_epo,3.0,8.42605723255334,linear
1675,2_epo,4.0,8.419678388295791,linear
1676,2_epo,5.0,8.413299544038242,linear
1677,2_epo,6.0,8.406920699780693,linear
1678,2_epo,7.000000000000001,8.400541855523144,linear
1679,2_epo,8.0,8.394163011265595,linear
1680,2_epo,9.0,8.387784167008048,linear
1681,2_epo,10.0,8.3814053227505,linear
1682,2_epo,11.0,8.37502647849295,linear
1683,2_epo,12.0,8.368647634235401,linear
1684,2_epo,13.0,8.362268789977852,linear
1685,2_epo,14.000000000000002,8.355889945720303,linear
1686,2_epo,15.0,8.349511101462758,linear
1687,2_epo,16.0,8.343132257205209,linear
1688,2_epo,17.0,8.33675341294766,linear
1689,2_epo,18.0,8.330374568690111,linear
1690,2_epo,19.0,8.323995724432562,linear
1691,2_epo,20.0,8.317616880175013,linear
1692,2_epo,21.0,8.311238035917466,linear
1693,2_epo,22.0,8.304859191659917,linear
1694,2_epo,23.0,8.298480347402368,linear
1695,2_epo,24.0,8.292101503144819,linear
1696,2_epo,25.0,8.28572265888727,linear
1697,2_epo,26.0,8.279343814629723,linear
1698,2_epo,27.0,8.272964970372174,linear
1699,2_epo,28.000000000000004,8.266586126114625,linear
1700,2_epo,28.999999999999996,8.260207281857076,linear
1701,2_epo,30.0,8.253828437599527,linear
1702,2_epo,31.0,8.247449593341978,linear
1703,2_epo,32.0,8.24107074908443,linear
1704,2_epo,33.0,8.234691904826882,linear
1705,2_epo,34.0,8.228313060569333,linear
1706,2_epo,35.0,8.221934216311785,linear
1707,2_epo,36.0,8.215555372054236,linear
1708,2_epo,37.0,8.209176527796687,linear
1709,2_epo,38.0,8.20279768353914,linear
1710,2_epo,39.0,8.196418839281591,linear
1711,2_epo,40.0,8.190039995024042,linear
1712,2_epo,41.0,8.183661150766493,linear
1713,2_epo,42.0,8.177282306508944,linear
1714,2_epo,43.0,8.170903462251397,linear
1715,2_epo,44.0,8.164524617993848,linear
1716,2_epo,45.0,8.1581457737363,linear
1717,2_epo,46.0,8.15176692947875,linear
1718,2_epo,47.0,8.145388085221201,linear
1719,2_epo,48.0,8.139009240963652,linear
1720,2_epo,49.0,8.132630396706105,linear
1721,2_epo,50.0,8.126251552448556,linear
1722,2_epo,51.0,8.119872708191007,linear
1723,2_epo,52.0,8.113493863933458,linear
1724,2_epo,53.0,8.10711501967591,linear
1725,2_epo,54.0,8.100736175418362,linear
1726,2_epo,55.00000000000001,8.094357331160815,linear
1727,2_epo,56.00000000000001,8.087978486903266,linear
1728,2_epo,56.99999999999999,8.081599642645717,linear
1729,2_epo,57.99999999999999,8.075220798388168,linear
1730,2_epo,59.0,8.068841954130619,linear
1731,2_epo,60.0,8.06246310987307,linear
1732,2_epo,61.0,8.056084265615523,linear
1733,2_epo,62.0,8.049705421357974,linear
1734,2_epo,63.0,8.043326577100425,linear
1735,2_epo,64.0,8.036947732842876,linear
1736,2_epo,65.0,8.030568888585327,linear
1737,2_epo,66.0,8.024190044327778,linear
1738,2_epo,67.0,8.01781120007023,linear
1739,2_epo,68.0,8.011432355812682,linear
1740,2_epo,69.0,8.005053511555133,linear
1741,2_epo,70.0,7.998674667297585,linear
1742,2_epo,71.0,7.992295823040036,linear
1743,2_epo,72.0,7.985916978782488,linear
1744,2_epo,73.0,7.979538134524939,linear
1745,2_epo,74.0,7.9731592902673905,linear
1746,2_epo,75.0,7.9667804460098415,linear
1747,2_epo,76.0,7.9604016017522925,linear
1748,2_epo,77.0,7.9540227574947435,linear
1749,2_epo,78.0,7.947643913237196,linear
1750,2_epo,79.0,7.941265068979648,linear
1751,2_epo,80.0,7.934886224722099,linear
1752,2_epo,81.0,7.92850738046455,linear
1753,2_epo,82.0,7.922128536207001,linear
1754,2_epo,83.0,7.915749691949452,linear
1755,2_epo,84.0,7.909370847691905,linear
1756,2_epo,85.0,7.902992003434356,linear
1757,2_epo,86.0,7.896613159176807,linear
1758,2_epo,87.0,7.890234314919258,linear
1759,2_epo,88.0,7.883855470661709,linear
1760,2_epo,89.0,7.877476626404163,linear
1761,2_epo,90.0,7.871097782146614,linear
1762,2_epo,91.0,7.864718937889065,linear
1763,2_epo,92.0,7.858340093631516,linear
1764,2_epo,93.0,7.851961249373967,linear
1765,2_epo,94.0,7.845582405116418,linear
1766,2_epo,95.0,7.839203560858871,linear
1767,3_epo,3.0,8.672632504041573,linear
1768,3_epo,4.0,8.666543459302309,linear
1769,3_epo,5.0,8.660454414563043,linear
1770,3_epo,6.0,8.654365369823779,linear
1771,3_epo,7.000000000000001,8.648276325084515,linear
1772,3_epo,8.0,8.642187280345249,linear
1773,3_epo,9.0,8.636098235605985,linear
1774,3_epo,10.0,8.630009190866721,linear
1775,3_epo,11.0,8.623920146127455,linear
1776,3_epo,12.0,8.617831101388191,linear
1777,3_epo,13.0,8.611742056648925,linear
1778,3_epo,14.000000000000002,8.605653011909663,linear
1779,3_epo,15.0,8.599563967170397,linear
1780,3_epo,16.0,8.593474922431131,linear
1781,3_epo,17.0,8.587385877691867,linear
1782,3_epo,18.0,8.581296832952603,linear
1783,3_epo,19.0,8.575207788213339,linear
1784,3_epo,20.0,8.569118743474073,linear
1785,3_epo,21.0,8.563029698734807,linear
1786,3_epo,22.0,8.556940653995545,linear
1787,3_epo,23.0,8.550851609256279,linear
1788,3_epo,24.0,8.544762564517013,linear
1789,3_epo,25.0,8.538673519777749,linear
1790,3_epo,26.0,8.532584475038485,linear
1791,3_epo,27.0,8.52649543029922,linear
1792,3_epo,28.000000000000004,8.520406385559955,linear
1793,3_epo,28.999999999999996,8.51431734082069,linear
1794,3_epo,30.0,8.508228296081427,linear
1795,3_epo,31.0,8.502139251342161,linear
1796,3_epo,32.0,8.496050206602897,linear
1797,3_epo,33.0,8.489961161863631,linear
1798,3_epo,34.0,8.483872117124367,linear
1799,3_epo,35.0,8.477783072385103,linear
1800,3_epo,36.0,8.471694027645837,linear
1801,3_epo,37.0,8.465604982906571,linear
1802,3_epo,38.0,8.459515938167309,linear
1803,3_epo,39.0,8.453426893428043,linear
1804,3_epo,40.0,8.447337848688779,linear
1805,3_epo,41.0,8.441248803949513,linear
1806,3_epo,42.0,8.435159759210249,linear
1807,3_epo,43.0,8.429070714470985,linear
1808,3_epo,44.0,8.422981669731719,linear
1809,3_epo,45.0,8.416892624992455,linear
1810,3_epo,46.0,8.41080358025319,linear
1811,3_epo,47.0,8.404714535513925,linear
1812,3_epo,48.0,8.398625490774661,linear
1813,3_epo,49.0,8.392536446035395,linear
1814,3_epo,50.0,8.386447401296131,linear
1815,3_epo,51.0,8.380358356556867,linear
1816,3_epo,52.0,8.374269311817601,linear
1817,3_epo,53.0,8.368180267078337,linear
1818,3_epo,54.0,8.362091222339073,linear
1819,3_epo,55.00000000000001,8.356002177599807,linear
1820,3_epo,56.00000000000001,8.349913132860543,linear
1821,3_epo,56.99999999999999,8.343824088121277,linear
1822,3_epo,57.99999999999999,8.337735043382015,linear
1823,3_epo,59.0,8.331645998642749,linear
1824,3_epo,60.0,8.325556953903483,linear
1825,3_epo,61.0,8.319467909164219,linear
1826,3_epo,62.0,8.313378864424955,linear
1827,3_epo,63.0,8.307289819685689,linear
1828,3_epo,64.0,8.301200774946425,linear
1829,3_epo,65.0,8.295111730207159,linear
1830,3_epo,66.0,8.289022685467897,linear
1831,3_epo,67.0,8.282933640728631,linear
1832,3_epo,68.0,8.276844595989365,linear
1833,3_epo,69.0,8.270755551250101,linear
1834,3_epo,70.0,8.264666506510837,linear
1835,3_epo,71.0,8.258577461771573,linear
1836,3_epo,72.0,8.252488417032307,linear
1837,3_epo,73.0,8.246399372293041,linear
1838,3_epo,74.0,8.240310327553779,linear
1839,3_epo,75.0,8.234221282814513,linear
1840,3_epo,76.0,8.228132238075247,linear
1841,3_epo,77.0,8.222043193335983,linear
1842,3_epo,78.0,8.215954148596719,linear
1843,3_epo,79.0,8.209865103857455,linear
1844,3_epo,80.0,8.203776059118189,linear
1845,3_epo,81.0,8.197687014378923,linear
1846,3_epo,82.0,8.19159796963966,linear
1847,3_epo,83.0,8.185508924900395,linear
1848,3_epo,84.0,8.17941988016113,linear
1849,3_epo,85.0,8.173330835421865,linear
1850,3_epo,86.0,8.167241790682601,linear
1851,3_epo,87.0,8.161152745943337,linear
1852,3_epo,88.0,8.155063701204071,linear
1853,3_epo,89.0,8.148974656464805,linear
1854,3_epo,90.0,8.142885611725543,linear
1855,3_epo,91.0,8.136796566986277,linear
1856,3_epo,92.0,8.130707522247013,linear
1857,3_epo,93.0,8.124618477507747,linear
1858,3_epo,94.0,8.118529432768483,linear
1859,3_epo,95.0,8.112440388029219,linear
1860,4_epo,3.0,7.0171071132979135,linear
1861,4_epo,4.0,7.021695799784616,linear
1862,4_epo,5.0,7.026284486271318,linear
1863,4_epo,6.0,7.030873172758021,linear
1864,4_epo,7.000000000000001,7.035461859244723,linear
1865,4_epo,8.0,7.040050545731425,linear
1866,4_epo,9.0,7.044639232218128,linear
1867,4_epo,10.0,7.049227918704831,linear
1868,4_epo,11.0,7.053816605191534,linear
1869,4_epo,12.0,7.058405291678236,linear
1870,4_epo,13.0,7.062993978164938,linear
1871,4_epo,14.000000000000002,7.06758266465164,linear
1872,4_epo,15.0,7.072171351138343,linear
1873,4_epo,16.0,7.076760037625046,linear
1874,4_epo,17.0,7.0813487241117485,linear
1875,4_epo,18.0,7.085937410598451,linear
1876,4_epo,19.0,7.090526097085153,linear
1877,4_epo,20.0,7.095114783571855,linear
1878,4_epo,21.0,7.099703470058559,linear
1879,4_epo,22.0,7.104292156545261,linear
1880,4_epo,23.0,7.108880843031963,linear
1881,4_epo,24.0,7.113469529518666,linear
1882,4_epo,25.0,7.118058216005368,linear
1883,4_epo,26.0,7.122646902492071,linear
1884,4_epo,27.0,7.127235588978774,linear
1885,4_epo,28.000000000000004,7.131824275465476,linear
1886,4_epo,28.999999999999996,7.136412961952178,linear
1887,4_epo,30.0,7.1410016484388805,linear
1888,4_epo,31.0,7.145590334925584,linear
1889,4_epo,32.0,7.150179021412287,linear
1890,4_epo,33.0,7.154767707898989,linear
1891,4_epo,34.0,7.159356394385691,linear
1892,4_epo,35.0,7.163945080872393,linear
1893,4_epo,36.0,7.168533767359096,linear
1894,4_epo,37.0,7.1731224538457985,linear
1895,4_epo,38.0,7.177711140332502,linear
1896,4_epo,39.0,7.182299826819204,linear
1897,4_epo,40.0,7.186888513305906,linear
1898,4_epo,41.0,7.191477199792609,linear
1899,4_epo,42.0,7.196065886279311,linear
1900,4_epo,43.0,7.200654572766013,linear
1901,4_epo,44.0,7.2052432592527165,linear
1902,4_epo,45.0,7.209831945739419,linear
1903,4_epo,46.0,7.214420632226122,linear
1904,4_epo,47.0,7.219009318712824,linear
1905,4_epo,48.0,7.223598005199526,linear
1906,4_epo,49.0,7.228186691686228,linear
1907,4_epo,50.0,7.232775378172931,linear
1908,4_epo,51.0,7.237364064659634,linear
1909,4_epo,52.0,7.241952751146337,linear
1910,4_epo,53.0,7.246541437633039,linear
1911,4_epo,54.0,7.251130124119741,linear
1912,4_epo,55.00000000000001,7.255718810606444,linear
1913,4_epo,56.00000000000001,7.260307497093147,linear
1914,4_epo,56.99999999999999,7.264896183579849,linear
1915,4_epo,57.99999999999999,7.2694848700665515,linear
1916,4_epo,59.0,7.274073556553254,linear
1917,4_epo,60.0,7.278662243039956,linear
1918,4_epo,61.0,7.283250929526659,linear
1919,4_epo,62.0,7.287839616013362,linear
1920,4_epo,63.0,7.292428302500064,linear
1921,4_epo,64.0,7.297016988986766,linear
1922,4_epo,65.0,7.301605675473469,linear
1923,4_epo,66.0,7.306194361960172,linear
1924,4_epo,67.0,7.310783048446875,linear
1925,4_epo,68.0,7.315371734933577,linear
1926,4_epo,69.0,7.319960421420279,linear
1927,4_epo,70.0,7.324549107906981,linear
1928,4_epo,71.0,7.329137794393684,linear
1929,4_epo,72.0,7.333726480880387,linear
1930,4_epo,73.0,7.33831516736709,linear
1931,4_epo,74.0,7.342903853853792,linear
1932,4_epo,75.0,7.347492540340494,linear
1933,4_epo,76.0,7.352081226827197,linear
1934,4_epo,77.0,7.356669913313899,linear
1935,4_epo,78.0,7.3612585998006015,linear
1936,4_epo,79.0,7.365847286287305,linear
1937,4_epo,80.0,7.370435972774007,linear
1938,4_epo,81.0,7.37502465926071,linear
1939,4_epo,82.0,7.379613345747412,linear
1940,4_epo,83.0,7.384202032234114,linear
1941,4_epo,84.0,7.388790718720816,linear
1942,4_epo,85.0,7.3933794052075195,linear
1943,4_epo,86.0,7.397968091694222,linear
1944,4_epo,87.0,7.402556778180925,linear
1945,4_epo,88.0,7.407145464667627,linear
1946,4_epo,89.0,7.411734151154329,linear
1947,4_epo,90.0,7.416322837641032,linear
1948,4_epo,91.0,7.420911524127734,linear
1949,4_epo,92.0,7.425500210614437,linear
1950,4_epo,93.0,7.43008889710114,linear
1951,4_epo,94.0,7.434677583587842,linear
1952,4_epo,95.0,7.439266270074544,linear
1953,5_epo,3.0,8.316826017850241,linear
1954,5_epo,4.0,8.321522537537867,linear
1955,5_epo,5.0,8.326219057225492,linear
1956,5_epo,6.0,8.330915576913117,linear
1957,5_epo,7.000000000000001,8.335612096600745,linear
1958,5_epo,8.0,8.340308616288368,linear
1959,5_epo,9.0,8.345005135975994,linear
1960,5_epo,10.0,8.34970165566362,linear
1961,5_epo,11.0,8.354398175351244,linear
1962,5_epo,12.0,8.35909469503887,linear
1963,5_epo,13.0,8.363791214726495,linear
1964,5_epo,14.000000000000002,8.36848773441412,linear
1965,5_epo,15.0,8.373184254101746,linear
1966,5_epo,16.0,8.377880773789371,linear
1967,5_epo,17.0,8.382577293476997,linear
1968,5_epo,18.0,8.387273813164622,linear
1969,5_epo,19.0,8.391970332852248,linear
1970,5_epo,20.0,8.396666852539873,linear
1971,5_epo,21.0,8.401363372227499,linear
1972,5_epo,22.0,8.406059891915124,linear
1973,5_epo,23.0,8.41075641160275,linear
1974,5_epo,24.0,8.415452931290375,linear
1975,5_epo,25.0,8.420149450978,linear
1976,5_epo,26.0,8.424845970665626,linear
1977,5_epo,27.0,8.429542490353251,linear
1978,5_epo,28.000000000000004,8.434239010040876,linear
1979,5_epo,28.999999999999996,8.438935529728502,linear
1980,5_epo,30.0,8.443632049416127,linear
1981,5_epo,31.0,8.44832856910375,linear
1982,5_epo,32.0,8.453025088791378,linear
1983,5_epo,33.0,8.457721608479003,linear
1984,5_epo,34.0,8.462418128166627,linear
1985,5_epo,35.0,8.467114647854254,linear
1986,5_epo,36.0,8.47181116754188,linear
1987,5_epo,37.0,8.476507687229505,linear
1988,5_epo,38.0,8.48120420691713,linear
1989,5_epo,39.0,8.485900726604754,linear
1990,5_epo,40.0,8.490597246292381,linear
1991,5_epo,41.0,8.495293765980007,linear
1992,5_epo,42.0,8.49999028566763,linear
1993,5_epo,43.0,8.504686805355258,linear
1994,5_epo,44.0,8.509383325042881,linear
1995,5_epo,45.0,8.514079844730507,linear
1996,5_epo,46.0,8.518776364418134,linear
1997,5_epo,47.0,8.523472884105757,linear
1998,5_epo,48.0,8.528169403793385,linear
1999,5_epo,49.0,8.53286592348101,linear
2000,5_epo,50.0,8.537562443168634,linear
2001,5_epo,51.0,8.54225896285626,linear
2002,5_epo,52.0,8.546955482543884,linear
2003,5_epo,53.0,8.55165200223151,linear
2004,5_epo,54.0,8.556348521919137,linear
2005,5_epo,55.00000000000001,8.56104504160676,linear
2006,5_epo,56.00000000000001,8.565741561294388,linear
2007,5_epo,56.99999999999999,8.570438080982012,linear
2008,5_epo,57.99999999999999,8.575134600669637,linear
2009,5_epo,59.0,8.579831120357264,linear
2010,5_epo,60.0,8.584527640044888,linear
2011,5_epo,61.0,8.589224159732513,linear
2012,5_epo,62.0,8.59392067942014,linear
2013,5_epo,63.0,8.598617199107764,linear
2014,5_epo,64.0,8.60331371879539,linear
2015,5_epo,65.0,8.608010238483015,linear
2016,5_epo,66.0,8.61270675817064,linear
2017,5_epo,67.0,8.617403277858267,linear
2018,5_epo,68.0,8.622099797545891,linear
2019,5_epo,69.0,8.626796317233516,linear
2020,5_epo,70.0,8.631492836921144,linear
2021,5_epo,71.0,8.636189356608767,linear
2022,5_epo,72.0,8.640885876296393,linear
2023,5_epo,73.0,8.645582395984018,linear
2024,5_epo,74.0,8.650278915671644,linear
2025,5_epo,75.0,8.654975435359269,linear
2026,5_epo,76.0,8.659671955046894,linear
2027,5_epo,77.0,8.66436847473452,linear
2028,5_epo,78.0,8.669064994422145,linear
2029,5_epo,79.0,8.67376151410977,linear
2030,5_epo,80.0,8.678458033797396,linear
2031,5_epo,81.0,8.683154553485021,linear
2032,5_epo,82.0,8.687851073172647,linear
2033,5_epo,83.0,8.692547592860272,linear
2034,5_epo,84.0,8.697244112547898,linear
2035,5_epo,85.0,8.701940632235523,linear
2036,5_epo,86.0,8.706637151923147,linear
2037,5_epo,87.0,8.711333671610774,linear
2038,5_epo,88.0,8.7160301912984,linear
2039,5_epo,89.0,8.720726710986025,linear
2040,5_epo,90.0,8.72542323067365,linear
2041,5_epo,91.0,8.730119750361274,linear
2042,5_epo,92.0,8.734816270048901,linear
2043,5_epo,93.0,8.739512789736526,linear
2044,5_epo,94.0,8.74420930942415,linear
2045,5_epo,95.0,8.748905829111777,linear
2046,6_epo,3.0,8.203895267511625,linear
2047,6_epo,4.0,8.213158411871268,linear
2048,6_epo,5.0,8.222421556230913,linear
2049,6_epo,6.0,8.231684700590556,linear
2050,6_epo,7.000000000000001,8.240947844950199,linear
2051,6_epo,8.0,8.250210989309844,linear
2052,6_epo,9.0,8.259474133669487,linear
2053,6_epo,10.0,8.268737278029128,linear
2054,6_epo,11.0,8.278000422388773,linear
2055,6_epo,12.0,8.287263566748416,linear
2056,6_epo,13.0,8.296526711108061,linear
2057,6_epo,14.000000000000002,8.305789855467705,linear
2058,6_epo,15.0,8.315052999827348,linear
2059,6_epo,16.0,8.324316144186993,linear
2060,6_epo,17.0,8.333579288546636,linear
2061,6_epo,18.0,8.342842432906279,linear
2062,6_epo,19.0,8.352105577265922,linear
2063,6_epo,20.0,8.361368721625565,linear
2064,6_epo,21.0,8.370631865985208,linear
2065,6_epo,22.0,8.379895010344853,linear
2066,6_epo,23.0,8.389158154704496,linear
2067,6_epo,24.0,8.39842129906414,linear
2068,6_epo,25.0,8.407684443423785,linear
2069,6_epo,26.0,8.416947587783428,linear
2070,6_epo,27.0,8.42621073214307,linear
2071,6_epo,28.000000000000004,8.435473876502714,linear
2072,6_epo,28.999999999999996,8.444737020862357,linear
2073,6_epo,30.0,8.454000165222,linear
2074,6_epo,31.0,8.463263309581645,linear
2075,6_epo,32.0,8.472526453941288,linear
2076,6_epo,33.0,8.481789598300931,linear
2077,6_epo,34.0,8.491052742660576,linear
2078,6_epo,35.0,8.50031588702022,linear
2079,6_epo,36.0,8.509579031379863,linear
2080,6_epo,37.0,8.518842175739506,linear
2081,6_epo,38.0,8.528105320099149,linear
2082,6_epo,39.0,8.537368464458794,linear
2083,6_epo,40.0,8.546631608818437,linear
2084,6_epo,41.0,8.55589475317808,linear
2085,6_epo,42.0,8.565157897537725,linear
2086,6_epo,43.0,8.574421041897368,linear
2087,6_epo,44.0,8.583684186257011,linear
2088,6_epo,45.0,8.592947330616656,linear
2089,6_epo,46.0,8.602210474976298,linear
2090,6_epo,47.0,8.611473619335941,linear
2091,6_epo,48.0,8.620736763695586,linear
2092,6_epo,49.0,8.629999908055229,linear
2093,6_epo,50.0,8.639263052414872,linear
2094,6_epo,51.0,8.648526196774517,linear
2095,6_epo,52.0,8.65778934113416,linear
2096,6_epo,53.0,8.667052485493803,linear
2097,6_epo,54.0,8.676315629853448,linear
2098,6_epo,55.00000000000001,8.685578774213091,linear
2099,6_epo,56.00000000000001,8.694841918572733,linear
2100,6_epo,56.99999999999999,8.704105062932378,linear
2101,6_epo,57.99999999999999,8.71336820729202,linear
2102,6_epo,59.0,8.722631351651664,linear
2103,6_epo,60.0,8.731894496011309,linear
2104,6_epo,61.0,8.741157640370952,linear
2105,6_epo,62.0,8.750420784730595,linear
2106,6_epo,63.0,8.75968392909024,linear
2107,6_epo,64.0,8.768947073449883,linear
2108,6_epo,65.0,8.778210217809526,linear
2109,6_epo,66.0,8.78747336216917,linear
2110,6_epo,67.0,8.796736506528813,linear
2111,6_epo,68.0,8.805999650888458,linear
2112,6_epo,69.0,8.8152627952481,linear
2113,6_epo,70.0,8.824525939607744,linear
2114,6_epo,71.0,8.833789083967389,linear
2115,6_epo,72.0,8.843052228327032,linear
2116,6_epo,73.0,8.852315372686675,linear
2117,6_epo,74.0,8.861578517046318,linear
2118,6_epo,75.0,8.870841661405962,linear
2119,6_epo,76.0,8.880104805765605,linear
2120,6_epo,77.0,8.88936795012525,linear
2121,6_epo,78.0,8.898631094484893,linear
2122,6_epo,79.0,8.907894238844536,linear
2123,6_epo,80.0,8.91715738320418,linear
2124,6_epo,81.0,8.926420527563824,linear
2125,6_epo,82.0,8.935683671923467,linear
2126,6_epo,83.0,8.94494681628311,linear
2127,6_epo,84.0,8.954209960642753,linear
2128,6_epo,85.0,8.963473105002398,linear
2129,6_epo,86.0,8.972736249362042,linear
2130,6_epo,87.0,8.981999393721685,linear
2131,6_epo,88.0,8.99126253808133,linear
2132,6_epo,89.0,9.000525682440973,linear
2133,6_epo,90.0,9.009788826800616,linear
2134,6_epo,91.0,9.01905197116026,linear
2135,6_epo,92.0,9.028315115519902,linear
2136,6_epo,93.0,9.037578259879545,linear
2137,6_epo,94.0,9.04684140423919,linear
2138,6_epo,95.0,9.056104548598833,linear
2139,7_epo,3.0,8.4842547117525,linear
2140,7_epo,4.0,8.494785765288828,linear
2141,7_epo,5.0,8.505316818825156,linear
2142,7_epo,6.0,8.515847872361485,linear
2143,7_epo,7.000000000000001,8.526378925897813,linear
2144,7_epo,8.0,8.53690997943414,linear
2145,7_epo,9.0,8.547441032970468,linear
2146,7_epo,10.0,8.557972086506796,linear
2147,7_epo,11.0,8.568503140043124,linear
2148,7_epo,12.0,8.579034193579451,linear
2149,7_epo,13.0,8.589565247115777,linear
2150,7_epo,14.000000000000002,8.600096300652105,linear
2151,7_epo,15.0,8.610627354188432,linear
2152,7_epo,16.0,8.62115840772476,linear
2153,7_epo,17.0,8.63168946126109,linear
2154,7_epo,18.0,8.642220514797417,linear
2155,7_epo,19.0,8.652751568333745,linear
2156,7_epo,20.0,8.663282621870072,linear
2157,7_epo,21.0,8.6738136754064,linear
2158,7_epo,22.0,8.684344728942728,linear
2159,7_epo,23.0,8.694875782479055,linear
2160,7_epo,24.0,8.705406836015383,linear
2161,7_epo,25.0,8.71593788955171,linear
2162,7_epo,26.0,8.726468943088038,linear
2163,7_epo,27.0,8.736999996624364,linear
2164,7_epo,28.000000000000004,8.747531050160694,linear
2165,7_epo,28.999999999999996,8.758062103697021,linear
2166,7_epo,30.0,8.768593157233349,linear
2167,7_epo,31.0,8.779124210769677,linear
2168,7_epo,32.0,8.789655264306004,linear
2169,7_epo,33.0,8.800186317842332,linear
2170,7_epo,34.0,8.81071737137866,linear
2171,7_epo,35.0,8.821248424914987,linear
2172,7_epo,36.0,8.831779478451315,linear
2173,7_epo,37.0,8.842310531987643,linear
2174,7_epo,38.0,8.85284158552397,linear
2175,7_epo,39.0,8.8633726390603,linear
2176,7_epo,40.0,8.873903692596626,linear
2177,7_epo,41.0,8.884434746132953,linear
2178,7_epo,42.0,8.894965799669281,linear
2179,7_epo,43.0,8.905496853205609,linear
2180,7_epo,44.0,8.916027906741936,linear
2181,7_epo,45.0,8.926558960278264,linear
2182,7_epo,46.0,8.937090013814592,linear
2183,7_epo,47.0,8.94762106735092,linear
2184,7_epo,48.0,8.958152120887247,linear
2185,7_epo,49.0,8.968683174423575,linear
2186,7_epo,50.0,8.979214227959904,linear
2187,7_epo,51.0,8.989745281496232,linear
2188,7_epo,52.0,9.00027633503256,linear
2189,7_epo,53.0,9.010807388568887,linear
2190,7_epo,54.0,9.021338442105213,linear
2191,7_epo,55.00000000000001,9.03186949564154,linear
2192,7_epo,56.00000000000001,9.042400549177868,linear
2193,7_epo,56.99999999999999,9.052931602714196,linear
2194,7_epo,57.99999999999999,9.063462656250524,linear
2195,7_epo,59.0,9.073993709786851,linear
2196,7_epo,60.0,9.084524763323179,linear
2197,7_epo,61.0,9.095055816859508,linear
2198,7_epo,62.0,9.105586870395836,linear
2199,7_epo,63.0,9.116117923932164,linear
2200,7_epo,64.0,9.126648977468491,linear
2201,7_epo,65.0,9.137180031004819,linear
2202,7_epo,66.0,9.147711084541147,linear
2203,7_epo,67.0,9.158242138077474,linear
2204,7_epo,68.0,9.1687731916138,linear
2205,7_epo,69.0,9.179304245150128,linear
2206,7_epo,70.0,9.189835298686456,linear
2207,7_epo,71.0,9.200366352222783,linear
2208,7_epo,72.0,9.21089740575911,linear
2209,7_epo,73.0,9.22142845929544,linear
2210,7_epo,74.0,9.231959512831768,linear
2211,7_epo,75.0,9.242490566368096,linear
2212,7_epo,76.0,9.253021619904423,linear
2213,7_epo,77.0,9.263552673440751,linear
2214,7_epo,78.0,9.274083726977079,linear
2215,7_epo,79.0,9.284614780513406,linear
2216,7_epo,80.0,9.295145834049734,linear
2217,7_epo,81.0,9.305676887586062,linear
2218,7_epo,82.0,9.316207941122387,linear
2219,7_epo,83.0,9.326738994658715,linear
2220,7_epo,84.0,9.337270048195045,linear
2221,7_epo,85.0,9.347801101731372,linear
2222,7_epo,86.0,9.3583321552677,linear
2223,7_epo,87.0,9.368863208804028,linear
2224,7_epo,88.0,9.379394262340355,linear
2225,7_epo,89.0,9.389925315876683,linear
2226,7_epo,90.0,9.40045636941301,linear
2227,7_epo,91.0,9.410987422949338,linear
2228,7_epo,92.0,9.421518476485666,linear
2229,7_epo,93.0,9.432049530021994,linear
2230,7_epo,94.0,9.442580583558321,linear
2231,7_epo,95.0,9.453111637094649,linear
2232,8_epo,3.0,9.26851102175789,linear
2233,8_epo,4.0,9.264552742593155,linear
2234,8_epo,5.0,9.260594463428424,linear
2235,8_epo,6.0,9.25663618426369,linear
2236,8_epo,7.000000000000001,9.252677905098958,linear
2237,8_epo,8.0,9.248719625934225,linear
2238,8_epo,9.0,9.244761346769494,linear
2239,8_epo,10.0,9.24080306760476,linear
2240,8_epo,11.0,9.236844788440028,linear
2241,8_epo,12.0,9.232886509275296,linear
2242,8_epo,13.0,9.228928230110563,linear
2243,8_epo,14.000000000000002,9.22496995094583,linear
2244,8_epo,15.0,9.221011671781099,linear
2245,8_epo,16.0,9.217053392616366,linear
2246,8_epo,17.0,9.213095113451633,linear
2247,8_epo,18.0,9.209136834286902,linear
2248,8_epo,19.0,9.205178555122169,linear
2249,8_epo,20.0,9.201220275957436,linear
2250,8_epo,21.0,9.197261996792705,linear
2251,8_epo,22.0,9.193303717627971,linear
2252,8_epo,23.0,9.189345438463238,linear
2253,8_epo,24.0,9.185387159298505,linear
2254,8_epo,25.0,9.181428880133772,linear
2255,8_epo,26.0,9.17747060096904,linear
2256,8_epo,27.0,9.173512321804306,linear
2257,8_epo,28.000000000000004,9.169554042639575,linear
2258,8_epo,28.999999999999996,9.165595763474842,linear
2259,8_epo,30.0,9.16163748431011,linear
2260,8_epo,31.0,9.157679205145378,linear
2261,8_epo,32.0,9.153720925980645,linear
2262,8_epo,33.0,9.149762646815912,linear
2263,8_epo,34.0,9.14580436765118,linear
2264,8_epo,35.0,9.141846088486448,linear
2265,8_epo,36.0,9.137887809321715,linear
2266,8_epo,37.0,9.133929530156983,linear
2267,8_epo,38.0,9.12997125099225,linear
2268,8_epo,39.0,9.126012971827517,linear
2269,8_epo,40.0,9.122054692662784,linear
2270,8_epo,41.0,9.118096413498053,linear
2271,8_epo,42.0,9.11413813433332,linear
2272,8_epo,43.0,9.110179855168587,linear
2273,8_epo,44.0,9.106221576003856,linear
2274,8_epo,45.0,9.102263296839123,linear
2275,8_epo,46.0,9.09830501767439,linear
2276,8_epo,47.0,9.094346738509657,linear
2277,8_epo,48.0,9.090388459344924,linear
2278,8_epo,49.0,9.08643018018019,linear
2279,8_epo,50.0,9.08247190101546,linear
2280,8_epo,51.0,9.078513621850727,linear
2281,8_epo,52.0,9.074555342685994,linear
2282,8_epo,53.0,9.070597063521262,linear
2283,8_epo,54.0,9.06663878435653,linear
2284,8_epo,55.00000000000001,9.062680505191796,linear
2285,8_epo,56.00000000000001,9.058722226027063,linear
2286,8_epo,56.99999999999999,9.054763946862332,linear
2287,8_epo,57.99999999999999,9.050805667697599,linear
2288,8_epo,59.0,9.046847388532866,linear
2289,8_epo,60.0,9.042889109368135,linear
2290,8_epo,61.0,9.038930830203402,linear
2291,8_epo,62.0,9.034972551038669,linear
2292,8_epo,63.0,9.031014271873937,linear
2293,8_epo,64.0,9.027055992709204,linear
2294,8_epo,65.0,9.023097713544471,linear
2295,8_epo,66.0,9.01913943437974,linear
2296,8_epo,67.0,9.015181155215007,linear
2297,8_epo,68.0,9.011222876050272,linear
2298,8_epo,69.0,9.007264596885541,linear
2299,8_epo,70.0,9.003306317720808,linear
2300,8_epo,71.0,8.999348038556075,linear
2301,8_epo,72.0,8.995389759391342,linear
2302,8_epo,73.0,8.99143148022661,linear
2303,8_epo,74.0,8.987473201061878,linear
2304,8_epo,75.0,8.983514921897145,linear
2305,8_epo,76.0,8.979556642732414,linear
2306,8_epo,77.0,8.97559836356768,linear
2307,8_epo,78.0,8.971640084402948,linear
2308,8_epo,79.0,8.967681805238216,linear
2309,8_epo,80.0,8.963723526073483,linear
2310,8_epo,81.0,8.95976524690875,linear
2311,8_epo,82.0,8.955806967744019,linear
2312,8_epo,83.0,8.951848688579286,linear
2313,8_epo,84.0,8.947890409414553,linear
2314,8_epo,85.0,8.943932130249822,linear
2315,8_epo,86.0,8.939973851085089,linear
2316,8_epo,87.0,8.936015571920356,linear
2317,8_epo,88.0,8.932057292755623,linear
2318,8_epo,89.0,8.928099013590892,linear
2319,8_epo,90.0,8.924140734426157,linear
2320,8_epo,91.0,8.920182455261424,linear
2321,8_epo,92.0,8.916224176096692,linear
2322,8_epo,93.0,8.91226589693196,linear
2323,8_epo,94.0,8.908307617767226,linear
2324,8_epo,95.0,8.904349338602495,linear
2325,9_epo,3.0,8.050201559374274,linear
2326,9_epo,4.0,8.04502577574132,linear
2327,9_epo,5.0,8.039849992108367,linear
2328,9_epo,6.0,8.034674208475412,linear
2329,9_epo,7.000000000000001,8.02949842484246,linear
2330,9_epo,8.0,8.024322641209507,linear
2331,9_epo,9.0,8.019146857576551,linear
2332,9_epo,10.0,8.013971073943598,linear
2333,9_epo,11.0,8.008795290310644,linear
2334,9_epo,12.0,8.003619506677689,linear
2335,9_epo,13.0,7.998443723044736,linear
2336,9_epo,14.000000000000002,7.9932679394117825,linear
2337,9_epo,15.0,7.98809215577883,linear
2338,9_epo,16.0,7.9829163721458745,linear
2339,9_epo,17.0,7.977740588512921,linear
2340,9_epo,18.0,7.972564804879968,linear
2341,9_epo,19.0,7.967389021247013,linear
2342,9_epo,20.0,7.962213237614059,linear
2343,9_epo,21.0,7.957037453981107,linear
2344,9_epo,22.0,7.951861670348151,linear
2345,9_epo,23.0,7.946685886715198,linear
2346,9_epo,24.0,7.941510103082245,linear
2347,9_epo,25.0,7.9363343194492915,linear
2348,9_epo,26.0,7.931158535816336,linear
2349,9_epo,27.0,7.925982752183383,linear
2350,9_epo,28.000000000000004,7.92080696855043,linear
2351,9_epo,28.999999999999996,7.9156311849174745,linear
2352,9_epo,30.0,7.910455401284522,linear
2353,9_epo,31.0,7.905279617651568,linear
2354,9_epo,32.0,7.900103834018613,linear
2355,9_epo,33.0,7.89492805038566,linear
2356,9_epo,34.0,7.889752266752707,linear
2357,9_epo,35.0,7.884576483119753,linear
2358,9_epo,36.0,7.879400699486799,linear
2359,9_epo,37.0,7.874224915853845,linear
2360,9_epo,38.0,7.8690491322208915,linear
2361,9_epo,39.0,7.863873348587937,linear
2362,9_epo,40.0,7.8586975649549835,linear
2363,9_epo,41.0,7.85352178132203,linear
2364,9_epo,42.0,7.8483459976890755,linear
2365,9_epo,43.0,7.843170214056122,linear
2366,9_epo,44.0,7.837994430423168,linear
2367,9_epo,45.0,7.832818646790215,linear
2368,9_epo,46.0,7.82764286315726,linear
2369,9_epo,47.0,7.822467079524307,linear
2370,9_epo,48.0,7.817291295891353,linear
2371,9_epo,49.0,7.8121155122584,linear
2372,9_epo,50.0,7.806939728625445,linear
2373,9_epo,51.0,7.801763944992492,linear
2374,9_epo,52.0,7.796588161359538,linear
2375,9_epo,53.0,7.791412377726584,linear
2376,9_epo,54.0,7.78623659409363,linear
2377,9_epo,55.00000000000001,7.781060810460676,linear
2378,9_epo,56.00000000000001,7.775885026827722,linear
2379,9_epo,56.99999999999999,7.770709243194768,linear
2380,9_epo,57.99999999999999,7.765533459561815,linear
2381,9_epo,59.0,7.760357675928861,linear
2382,9_epo,60.0,7.755181892295907,linear
2383,9_epo,61.0,7.750006108662954,linear
2384,9_epo,62.0,7.74483032503,linear
2385,9_epo,63.0,7.739654541397045,linear
2386,9_epo,64.0,7.7344787577640925,linear
2387,9_epo,65.0,7.729302974131138,linear
2388,9_epo,66.0,7.7241271904981845,linear
2389,9_epo,67.0,7.718951406865231,linear
2390,9_epo,68.0,7.7137756232322765,linear
2391,9_epo,69.0,7.708599839599323,linear
2392,9_epo,70.0,7.703424055966369,linear
2393,9_epo,71.0,7.698248272333416,linear
2394,9_epo,72.0,7.693072488700461,linear
2395,9_epo,73.0,7.687896705067508,linear
2396,9_epo,74.0,7.682720921434554,linear
2397,9_epo,75.0,7.6775451378016,linear
2398,9_epo,76.0,7.672369354168647,linear
2399,9_epo,77.0,7.667193570535693,linear
2400,9_epo,78.0,7.662017786902738,linear
2401,9_epo,79.0,7.6568420032697855,linear
2402,9_epo,80.0,7.651666219636831,linear
2403,9_epo,81.0,7.6464904360038775,linear
2404,9_epo,82.0,7.641314652370924,linear
2405,9_epo,83.0,7.636138868737969,linear
2406,9_epo,84.0,7.630963085105016,linear
2407,9_epo,85.0,7.625787301472062,linear
2408,9_epo,86.0,7.620611517839109,linear
2409,9_epo,87.0,7.615435734206154,linear
2410,9_epo,88.0,7.610259950573201,linear
2411,9_epo,89.0,7.605084166940247,linear
2412,9_epo,90.0,7.599908383307293,linear
2413,9_epo,91.0,7.59473259967434,linear
2414,9_epo,92.0,7.5895568160413855,linear
2415,9_epo,93.0,7.584381032408431,linear
2416,9_epo,94.0,7.579205248775478,linear
2417,9_epo,95.0,7.574029465142524,linear
