,participant,contrast,mrt,name
0,0_epo,3.0,406.5142252887323,pieron
1,0_epo,4.0,406.5142252887323,pieron
2,0_epo,5.0,406.5142252887323,pieron
3,0_epo,6.0,406.5142252887323,pieron
4,0_epo,7.000000000000001,406.5142252887323,pieron
5,0_epo,8.0,406.5142252887323,pieron
6,0_epo,9.0,406.5142252887323,pieron
7,0_epo,10.0,406.5142252887323,pieron
8,0_epo,11.0,406.5142252887323,pieron
9,0_epo,12.0,406.5142252887323,pieron
10,0_epo,13.0,406.5142252887323,pieron
11,0_epo,14.000000000000002,406.5142252887323,pieron
12,0_epo,15.0,406.5142252887323,pieron
13,0_epo,16.0,406.5142252887323,pieron
14,0_epo,17.0,406.5142252887323,pieron
15,0_epo,18.0,406.5142252887323,pieron
16,0_epo,19.0,406.5142252887323,pieron
17,0_epo,20.0,406.5142252887323,pieron
18,0_epo,21.0,406.5142252887323,pieron
19,0_epo,22.0,406.5142252887323,pieron
20,0_epo,23.0,406.5142252887323,pieron
21,0_epo,24.0,406.5142252887323,pieron
22,0_epo,25.0,406.5142252887323,pieron
23,0_epo,26.0,406.5142252887323,pieron
24,0_epo,27.0,406.5142252887323,pieron
25,0_epo,28.000000000000004,406.5142252887323,pieron
26,0_epo,28.999999999999996,406.5142252887323,pieron
27,0_epo,30.0,406.5142252887323,pieron
28,0_epo,31.0,406.5142252887323,pieron
29,0_epo,32.0,406.5142252887323,pieron
30,0_epo,33.0,406.5142252887323,pieron
31,0_epo,34.0,406.5142252887323,pieron
32,0_epo,35.0,406.5142252887323,pieron
33,0_epo,36.0,406.5142252887323,pieron
34,0_epo,37.0,406.5142252887323,pieron
35,0_epo,38.0,406.5142252887323,pieron
36,0_epo,39.0,406.5142252887323,pieron
37,0_epo,40.0,406.5142252887323,pieron
38,0_epo,41.0,406.5142252887323,pieron
39,0_epo,42.0,406.5142252887323,pieron
40,0_epo,43.0,406.5142252887323,pieron
41,0_epo,44.0,406.5142252887323,pieron
42,0_epo,45.0,406.5142252887323,pieron
43,0_epo,46.0,406.5142252887323,pieron
44,0_epo,47.0,406.5142252887323,pieron
45,0_epo,48.0,406.5142252887323,pieron
46,0_epo,49.0,406.5142252887323,pieron
47,0_epo,50.0,406.5142252887323,pieron
48,0_epo,51.0,406.5142252887323,pieron
49,0_epo,52.0,406.5142252887323,pieron
50,0_epo,53.0,406.5142252887323,pieron
51,0_epo,54.0,406.5142252887323,pieron
52,0_epo,55.00000000000001,406.5142252887323,pieron
53,0_epo,56.00000000000001,406.5142252887323,pieron
54,0_epo,56.99999999999999,406.5142252887323,pieron
55,0_epo,57.99999999999999,406.5142252887323,pieron
56,0_epo,59.0,406.5142252887323,pieron
57,0_epo,60.0,406.5142252887323,pieron
58,0_epo,61.0,406.5142252887323,pieron
59,0_epo,62.0,406.5142252887323,pieron
60,0_epo,63.0,406.5142252887323,pieron
61,0_epo,64.0,406.5142252887323,pieron
62,0_epo,65.0,406.5142252887323,pieron
63,0_epo,66.0,406.5142252887323,pieron
64,0_epo,67.0,406.5142252887323,pieron
65,0_epo,68.0,406.5142252887323,pieron
66,0_epo,69.0,406.5142252887323,pieron
67,0_epo,70.0,406.5142252887323,pieron
68,0_epo,71.0,406.5142252887323,pieron
69,0_epo,72.0,406.5142252887323,pieron
70,0_epo,73.0,406.5142252887323,pieron
71,0_epo,74.0,406.5142252887323,pieron
72,0_epo,75.0,406.5142252887323,pieron
73,0_epo,76.0,406.5142252887323,pieron
74,0_epo,77.0,406.5142252887323,pieron
75,0_epo,78.0,406.5142252887323,pieron
76,0_epo,79.0,406.5142252887323,pieron
77,0_epo,80.0,406.5142252887323,pieron
78,0_epo,81.0,406.5142252887323,pieron
79,0_epo,82.0,406.5142252887323,pieron
80,0_epo,83.0,406.5142252887323,pieron
81,0_epo,84.0,406.5142252887323,pieron
82,0_epo,85.0,406.5142252887323,pieron
83,0_epo,86.0,406.5142252887323,pieron
84,0_epo,87.0,406.5142252887323,pieron
85,0_epo,88.0,406.5142252887323,pieron
86,0_epo,89.0,406.5142252887323,pieron
87,0_epo,90.0,406.5142252887323,pieron
88,0_epo,91.0,406.5142252887323,pieron
89,0_epo,92.0,406.5142252887323,pieron
90,0_epo,93.0,406.5142252887323,pieron
91,0_epo,94.0,406.5142252887323,pieron
92,0_epo,95.0,406.5142252887323,pieron
93,10_epo,3.0,729.4402236237536,pieron
94,10_epo,4.0,729.4402236237536,pieron
95,10_epo,5.0,729.4402236237536,pieron
96,10_epo,6.0,729.4402236237536,pieron
97,10_epo,7.000000000000001,729.4402236237536,pieron
98,10_epo,8.0,729.4402236237536,pieron
99,10_epo,9.0,729.4402236237536,pieron
100,10_epo,10.0,729.4402236237536,pieron
101,10_epo,11.0,729.4402236237536,pieron
102,10_epo,12.0,729.4402236237536,pieron
103,10_epo,13.0,729.4402236237536,pieron
104,10_epo,14.000000000000002,729.4402236237536,pieron
105,10_epo,15.0,729.4402236237536,pieron
106,10_epo,16.0,729.4402236237536,pieron
107,10_epo,17.0,729.4402236237536,pieron
108,10_epo,18.0,729.4402236237536,pieron
109,10_epo,19.0,729.4402236237536,pieron
110,10_epo,20.0,729.4402236237536,pieron
111,10_epo,21.0,729.4402236237536,pieron
112,10_epo,22.0,729.4402236237536,pieron
113,10_epo,23.0,729.4402236237536,pieron
114,10_epo,24.0,729.4402236237536,pieron
115,10_epo,25.0,729.4402236237536,pieron
116,10_epo,26.0,729.4402236237536,pieron
117,10_epo,27.0,729.4402236237536,pieron
118,10_epo,28.000000000000004,729.4402236237536,pieron
119,10_epo,28.999999999999996,729.4402236237536,pieron
120,10_epo,30.0,729.4402236237536,pieron
121,10_epo,31.0,729.4402236237536,pieron
122,10_epo,32.0,729.4402236237536,pieron
123,10_epo,33.0,729.4402236237536,pieron
124,10_epo,34.0,729.4402236237536,pieron
125,10_epo,35.0,729.4402236237536,pieron
126,10_epo,36.0,729.4402236237536,pieron
127,10_epo,37.0,729.4402236237536,pieron
128,10_epo,38.0,729.4402236237536,pieron
129,10_epo,39.0,729.4402236237536,pieron
130,10_epo,40.0,729.4402236237536,pieron
131,10_epo,41.0,729.4402236237536,pieron
132,10_epo,42.0,729.4402236237536,pieron
133,10_epo,43.0,729.4402236237536,pieron
134,10_epo,44.0,729.4402236237536,pieron
135,10_epo,45.0,729.4402236237536,pieron
136,10_epo,46.0,729.4402236237536,pieron
137,10_epo,47.0,729.4402236237536,pieron
138,10_epo,48.0,729.4402236237536,pieron
139,10_epo,49.0,729.4402236237536,pieron
140,10_epo,50.0,729.4402236237536,pieron
141,10_epo,51.0,729.4402236237536,pieron
142,10_epo,52.0,729.4402236237536,pieron
143,10_epo,53.0,729.4402236237536,pieron
144,10_epo,54.0,729.4402236237536,pieron
145,10_epo,55.00000000000001,729.4402236237536,pieron
146,10_epo,56.00000000000001,729.4402236237536,pieron
147,10_epo,56.99999999999999,729.4402236237536,pieron
148,10_epo,57.99999999999999,729.4402236237536,pieron
149,10_epo,59.0,729.4402236237536,pieron
150,10_epo,60.0,729.4402236237536,pieron
151,10_epo,61.0,729.4402236237536,pieron
152,10_epo,62.0,729.4402236237536,pieron
153,10_epo,63.0,729.4402236237536,pieron
154,10_epo,64.0,729.4402236237536,pieron
155,10_epo,65.0,729.4402236237536,pieron
156,10_epo,66.0,729.4402236237536,pieron
157,10_epo,67.0,729.4402236237536,pieron
158,10_epo,68.0,729.4402236237536,pieron
159,10_epo,69.0,729.4402236237536,pieron
160,10_epo,70.0,729.4402236237536,pieron
161,10_epo,71.0,729.4402236237536,pieron
162,10_epo,72.0,729.4402236237536,pieron
163,10_epo,73.0,729.4402236237536,pieron
164,10_epo,74.0,729.4402236237536,pieron
165,10_epo,75.0,729.4402236237536,pieron
166,10_epo,76.0,729.4402236237536,pieron
167,10_epo,77.0,729.4402236237536,pieron
168,10_epo,78.0,729.4402236237536,pieron
169,10_epo,79.0,729.4402236237536,pieron
170,10_epo,80.0,729.4402236237536,pieron
171,10_epo,81.0,729.4402236237536,pieron
172,10_epo,82.0,729.4402236237536,pieron
173,10_epo,83.0,729.4402236237536,pieron
174,10_epo,84.0,729.4402236237536,pieron
175,10_epo,85.0,729.4402236237536,pieron
176,10_epo,86.0,729.4402236237536,pieron
177,10_epo,87.0,729.4402236237536,pieron
178,10_epo,88.0,729.4402236237536,pieron
179,10_epo,89.0,729.4402236237536,pieron
180,10_epo,90.0,729.4402236237536,pieron
181,10_epo,91.0,729.4402236237536,pieron
182,10_epo,92.0,729.4402236237536,pieron
183,10_epo,93.0,729.4402236237536,pieron
184,10_epo,94.0,729.4402236237536,pieron
185,10_epo,95.0,729.4402236237536,pieron
186,11_epo,3.0,877.0682261348255,pieron
187,11_epo,4.0,877.0682261348255,pieron
188,11_epo,5.0,877.0682261348255,pieron
189,11_epo,6.0,877.0682261348255,pieron
190,11_epo,7.000000000000001,877.0682261348255,pieron
191,11_epo,8.0,877.0682261348255,pieron
192,11_epo,9.0,877.0682261348255,pieron
193,11_epo,10.0,877.0682261348255,pieron
194,11_epo,11.0,877.0682261348255,pieron
195,11_epo,12.0,877.0682261348255,pieron
196,11_epo,13.0,877.0682261348255,pieron
197,11_epo,14.000000000000002,877.0682261348255,pieron
198,11_epo,15.0,877.0682261348255,pieron
199,11_epo,16.0,877.0682261348255,pieron
200,11_epo,17.0,877.0682261348255,pieron
201,11_epo,18.0,877.0682261348255,pieron
202,11_epo,19.0,877.0682261348255,pieron
203,11_epo,20.0,877.0682261348255,pieron
204,11_epo,21.0,877.0682261348255,pieron
205,11_epo,22.0,877.0682261348255,pieron
206,11_epo,23.0,877.0682261348255,pieron
207,11_epo,24.0,877.0682261348255,pieron
208,11_epo,25.0,877.0682261348255,pieron
209,11_epo,26.0,877.0682261348255,pieron
210,11_epo,27.0,877.0682261348255,pieron
211,11_epo,28.000000000000004,877.0682261348255,pieron
212,11_epo,28.999999999999996,877.0682261348255,pieron
213,11_epo,30.0,877.0682261348255,pieron
214,11_epo,31.0,877.0682261348255,pieron
215,11_epo,32.0,877.0682261348255,pieron
216,11_epo,33.0,877.0682261348255,pieron
217,11_epo,34.0,877.0682261348255,pieron
218,11_epo,35.0,877.0682261348255,pieron
219,11_epo,36.0,877.0682261348255,pieron
220,11_epo,37.0,877.0682261348255,pieron
221,11_epo,38.0,877.0682261348255,pieron
222,11_epo,39.0,877.0682261348255,pieron
223,11_epo,40.0,877.0682261348255,pieron
224,11_epo,41.0,877.0682261348255,pieron
225,11_epo,42.0,877.0682261348255,pieron
226,11_epo,43.0,877.0682261348255,pieron
227,11_epo,44.0,877.0682261348255,pieron
228,11_epo,45.0,877.0682261348255,pieron
229,11_epo,46.0,877.0682261348255,pieron
230,11_epo,47.0,877.0682261348255,pieron
231,11_epo,48.0,877.0682261348255,pieron
232,11_epo,49.0,877.0682261348255,pieron
233,11_epo,50.0,877.0682261348255,pieron
234,11_epo,51.0,877.0682261348255,pieron
235,11_epo,52.0,877.0682261348255,pieron
236,11_epo,53.0,877.0682261348255,pieron
237,11_epo,54.0,877.0682261348255,pieron
238,11_epo,55.00000000000001,877.0682261348255,pieron
239,11_epo,56.00000000000001,877.0682261348255,pieron
240,11_epo,56.99999999999999,877.0682261348255,pieron
241,11_epo,57.99999999999999,877.0682261348255,pieron
242,11_epo,59.0,877.0682261348255,pieron
243,11_epo,60.0,877.0682261348255,pieron
244,11_epo,61.0,877.0682261348255,pieron
245,11_epo,62.0,877.0682261348255,pieron
246,11_epo,63.0,877.0682261348255,pieron
247,11_epo,64.0,877.0682261348255,pieron
248,11_epo,65.0,877.0682261348255,pieron
249,11_epo,66.0,877.0682261348255,pieron
250,11_epo,67.0,877.0682261348255,pieron
251,11_epo,68.0,877.0682261348255,pieron
252,11_epo,69.0,877.0682261348255,pieron
253,11_epo,70.0,877.0682261348255,pieron
254,11_epo,71.0,877.0682261348255,pieron
255,11_epo,72.0,877.0682261348255,pieron
256,11_epo,73.0,877.0682261348255,pieron
257,11_epo,74.0,877.0682261348255,pieron
258,11_epo,75.0,877.0682261348255,pieron
259,11_epo,76.0,877.0682261348255,pieron
260,11_epo,77.0,877.0682261348255,pieron
261,11_epo,78.0,877.0682261348255,pieron
262,11_epo,79.0,877.0682261348255,pieron
263,11_epo,80.0,877.0682261348255,pieron
264,11_epo,81.0,877.0682261348255,pieron
265,11_epo,82.0,877.0682261348255,pieron
266,11_epo,83.0,877.0682261348255,pieron
267,11_epo,84.0,877.0682261348255,pieron
268,11_epo,85.0,877.0682261348255,pieron
269,11_epo,86.0,877.0682261348255,pieron
270,11_epo,87.0,877.0682261348255,pieron
271,11_epo,88.0,877.0682261348255,pieron
272,11_epo,89.0,877.0682261348255,pieron
273,11_epo,90.0,877.0682261348255,pieron
274,11_epo,91.0,877.0682261348255,pieron
275,11_epo,92.0,877.0682261348255,pieron
276,11_epo,93.0,877.0682261348255,pieron
277,11_epo,94.0,877.0682261348255,pieron
278,11_epo,95.0,877.0682261348255,pieron
279,12_epo,3.0,951.9373837305051,pieron
280,12_epo,4.0,951.9373837305048,pieron
281,12_epo,5.0,951.9373837305048,pieron
282,12_epo,6.0,951.9373837305047,pieron
283,12_epo,7.000000000000001,951.9373837305047,pieron
284,12_epo,8.0,951.9373837305047,pieron
285,12_epo,9.0,951.9373837305047,pieron
286,12_epo,10.0,951.9373837305045,pieron
287,12_epo,11.0,951.9373837305045,pieron
288,12_epo,12.0,951.9373837305045,pieron
289,12_epo,13.0,951.9373837305045,pieron
290,12_epo,14.000000000000002,951.9373837305045,pieron
291,12_epo,15.0,951.9373837305045,pieron
292,12_epo,16.0,951.9373837305043,pieron
293,12_epo,17.0,951.9373837305043,pieron
294,12_epo,18.0,951.9373837305043,pieron
295,12_epo,19.0,951.9373837305043,pieron
296,12_epo,20.0,951.9373837305043,pieron
297,12_epo,21.0,951.9373837305043,pieron
298,12_epo,22.0,951.9373837305043,pieron
299,12_epo,23.0,951.9373837305043,pieron
300,12_epo,24.0,951.9373837305043,pieron
301,12_epo,25.0,951.9373837305043,pieron
302,12_epo,26.0,951.9373837305043,pieron
303,12_epo,27.0,951.937383730504,pieron
304,12_epo,28.000000000000004,951.937383730504,pieron
305,12_epo,28.999999999999996,951.937383730504,pieron
306,12_epo,30.0,951.937383730504,pieron
307,12_epo,31.0,951.937383730504,pieron
308,12_epo,32.0,951.937383730504,pieron
309,12_epo,33.0,951.937383730504,pieron
310,12_epo,34.0,951.937383730504,pieron
311,12_epo,35.0,951.937383730504,pieron
312,12_epo,36.0,951.937383730504,pieron
313,12_epo,37.0,951.937383730504,pieron
314,12_epo,38.0,951.937383730504,pieron
315,12_epo,39.0,951.937383730504,pieron
316,12_epo,40.0,951.937383730504,pieron
317,12_epo,41.0,951.937383730504,pieron
318,12_epo,42.0,951.937383730504,pieron
319,12_epo,43.0,951.937383730504,pieron
320,12_epo,44.0,951.937383730504,pieron
321,12_epo,45.0,951.937383730504,pieron
322,12_epo,46.0,951.9373837305038,pieron
323,12_epo,47.0,951.9373837305038,pieron
324,12_epo,48.0,951.9373837305038,pieron
325,12_epo,49.0,951.9373837305038,pieron
326,12_epo,50.0,951.9373837305038,pieron
327,12_epo,51.0,951.9373837305038,pieron
328,12_epo,52.0,951.9373837305038,pieron
329,12_epo,53.0,951.9373837305038,pieron
330,12_epo,54.0,951.9373837305038,pieron
331,12_epo,55.00000000000001,951.9373837305038,pieron
332,12_epo,56.00000000000001,951.9373837305038,pieron
333,12_epo,56.99999999999999,951.9373837305038,pieron
334,12_epo,57.99999999999999,951.9373837305038,pieron
335,12_epo,59.0,951.9373837305038,pieron
336,12_epo,60.0,951.9373837305038,pieron
337,12_epo,61.0,951.9373837305038,pieron
338,12_epo,62.0,951.9373837305038,pieron
339,12_epo,63.0,951.9373837305038,pieron
340,12_epo,64.0,951.9373837305038,pieron
341,12_epo,65.0,951.9373837305038,pieron
342,12_epo,66.0,951.9373837305038,pieron
343,12_epo,67.0,951.9373837305038,pieron
344,12_epo,68.0,951.9373837305038,pieron
345,12_epo,69.0,951.9373837305038,pieron
346,12_epo,70.0,951.9373837305038,pieron
347,12_epo,71.0,951.9373837305038,pieron
348,12_epo,72.0,951.9373837305038,pieron
349,12_epo,73.0,951.9373837305038,pieron
350,12_epo,74.0,951.9373837305038,pieron
351,12_epo,75.0,951.9373837305038,pieron
352,12_epo,76.0,951.9373837305038,pieron
353,12_epo,77.0,951.9373837305036,pieron
354,12_epo,78.0,951.9373837305036,pieron
355,12_epo,79.0,951.9373837305036,pieron
356,12_epo,80.0,951.9373837305036,pieron
357,12_epo,81.0,951.9373837305036,pieron
358,12_epo,82.0,951.9373837305036,pieron
359,12_epo,83.0,951.9373837305036,pieron
360,12_epo,84.0,951.9373837305036,pieron
361,12_epo,85.0,951.9373837305036,pieron
362,12_epo,86.0,951.9373837305036,pieron
363,12_epo,87.0,951.9373837305036,pieron
364,12_epo,88.0,951.9373837305036,pieron
365,12_epo,89.0,951.9373837305036,pieron
366,12_epo,90.0,951.9373837305036,pieron
367,12_epo,91.0,951.9373837305036,pieron
368,12_epo,92.0,951.9373837305036,pieron
369,12_epo,93.0,951.9373837305036,pieron
370,12_epo,94.0,951.9373837305036,pieron
371,12_epo,95.0,951.9373837305036,pieron
372,13_epo,3.0,411.8503581726148,pieron
373,13_epo,4.0,411.8503581726148,pieron
374,13_epo,5.0,411.8503581726148,pieron
375,13_epo,6.0,411.8503581726148,pieron
376,13_epo,7.000000000000001,411.8503581726148,pieron
377,13_epo,8.0,411.8503581726148,pieron
378,13_epo,9.0,411.8503581726148,pieron
379,13_epo,10.0,411.8503581726148,pieron
380,13_epo,11.0,411.8503581726148,pieron
381,13_epo,12.0,411.8503581726148,pieron
382,13_epo,13.0,411.8503581726148,pieron
383,13_epo,14.000000000000002,411.8503581726148,pieron
384,13_epo,15.0,411.8503581726148,pieron
385,13_epo,16.0,411.8503581726148,pieron
386,13_epo,17.0,411.8503581726148,pieron
387,13_epo,18.0,411.8503581726148,pieron
388,13_epo,19.0,411.8503581726148,pieron
389,13_epo,20.0,411.8503581726148,pieron
390,13_epo,21.0,411.8503581726148,pieron
391,13_epo,22.0,411.8503581726148,pieron
392,13_epo,23.0,411.8503581726148,pieron
393,13_epo,24.0,411.8503581726148,pieron
394,13_epo,25.0,411.8503581726148,pieron
395,13_epo,26.0,411.8503581726148,pieron
396,13_epo,27.0,411.8503581726148,pieron
397,13_epo,28.000000000000004,411.8503581726148,pieron
398,13_epo,28.999999999999996,411.8503581726147,pieron
399,13_epo,30.0,411.8503581726147,pieron
400,13_epo,31.0,411.8503581726147,pieron
401,13_epo,32.0,411.8503581726147,pieron
402,13_epo,33.0,411.8503581726147,pieron
403,13_epo,34.0,411.8503581726147,pieron
404,13_epo,35.0,411.8503581726147,pieron
405,13_epo,36.0,411.8503581726147,pieron
406,13_epo,37.0,411.8503581726147,pieron
407,13_epo,38.0,411.8503581726147,pieron
408,13_epo,39.0,411.8503581726147,pieron
409,13_epo,40.0,411.8503581726147,pieron
410,13_epo,41.0,411.8503581726147,pieron
411,13_epo,42.0,411.8503581726147,pieron
412,13_epo,43.0,411.8503581726147,pieron
413,13_epo,44.0,411.8503581726147,pieron
414,13_epo,45.0,411.8503581726147,pieron
415,13_epo,46.0,411.8503581726147,pieron
416,13_epo,47.0,411.8503581726147,pieron
417,13_epo,48.0,411.8503581726147,pieron
418,13_epo,49.0,411.8503581726147,pieron
419,13_epo,50.0,411.8503581726147,pieron
420,13_epo,51.0,411.8503581726147,pieron
421,13_epo,52.0,411.8503581726147,pieron
422,13_epo,53.0,411.8503581726147,pieron
423,13_epo,54.0,411.8503581726147,pieron
424,13_epo,55.00000000000001,411.8503581726147,pieron
425,13_epo,56.00000000000001,411.8503581726147,pieron
426,13_epo,56.99999999999999,411.8503581726147,pieron
427,13_epo,57.99999999999999,411.8503581726147,pieron
428,13_epo,59.0,411.8503581726147,pieron
429,13_epo,60.0,411.8503581726147,pieron
430,13_epo,61.0,411.8503581726147,pieron
431,13_epo,62.0,411.8503581726147,pieron
432,13_epo,63.0,411.8503581726147,pieron
433,13_epo,64.0,411.8503581726147,pieron
434,13_epo,65.0,411.8503581726147,pieron
435,13_epo,66.0,411.8503581726147,pieron
436,13_epo,67.0,411.8503581726147,pieron
437,13_epo,68.0,411.8503581726147,pieron
438,13_epo,69.0,411.8503581726147,pieron
439,13_epo,70.0,411.8503581726147,pieron
440,13_epo,71.0,411.8503581726147,pieron
441,13_epo,72.0,411.8503581726147,pieron
442,13_epo,73.0,411.8503581726147,pieron
443,13_epo,74.0,411.8503581726147,pieron
444,13_epo,75.0,411.8503581726147,pieron
445,13_epo,76.0,411.8503581726147,pieron
446,13_epo,77.0,411.8503581726147,pieron
447,13_epo,78.0,411.8503581726147,pieron
448,13_epo,79.0,411.8503581726147,pieron
449,13_epo,80.0,411.8503581726147,pieron
450,13_epo,81.0,411.8503581726147,pieron
451,13_epo,82.0,411.8503581726147,pieron
452,13_epo,83.0,411.8503581726147,pieron
453,13_epo,84.0,411.8503581726147,pieron
454,13_epo,85.0,411.8503581726147,pieron
455,13_epo,86.0,411.8503581726147,pieron
456,13_epo,87.0,411.8503581726147,pieron
457,13_epo,88.0,411.8503581726147,pieron
458,13_epo,89.0,411.8503581726147,pieron
459,13_epo,90.0,411.8503581726147,pieron
460,13_epo,91.0,411.8503581726147,pieron
461,13_epo,92.0,411.8503581726147,pieron
462,13_epo,93.0,411.8503581726147,pieron
463,13_epo,94.0,411.8503581726147,pieron
464,13_epo,95.0,411.8503581726147,pieron
465,14_epo,3.0,501.0444317082371,pieron
466,14_epo,4.0,501.0444317082371,pieron
467,14_epo,5.0,501.0444317082371,pieron
468,14_epo,6.0,501.0444317082371,pieron
469,14_epo,7.000000000000001,501.0444317082371,pieron
470,14_epo,8.0,501.0444317082371,pieron
471,14_epo,9.0,501.0444317082371,pieron
472,14_epo,10.0,501.0444317082371,pieron
473,14_epo,11.0,501.0444317082371,pieron
474,14_epo,12.0,501.0444317082371,pieron
475,14_epo,13.0,501.0444317082371,pieron
476,14_epo,14.000000000000002,501.0444317082371,pieron
477,14_epo,15.0,501.0444317082371,pieron
478,14_epo,16.0,501.0444317082371,pieron
479,14_epo,17.0,501.0444317082371,pieron
480,14_epo,18.0,501.0444317082371,pieron
481,14_epo,19.0,501.0444317082371,pieron
482,14_epo,20.0,501.0444317082371,pieron
483,14_epo,21.0,501.0444317082371,pieron
484,14_epo,22.0,501.0444317082371,pieron
485,14_epo,23.0,501.0444317082371,pieron
486,14_epo,24.0,501.0444317082371,pieron
487,14_epo,25.0,501.0444317082371,pieron
488,14_epo,26.0,501.0444317082371,pieron
489,14_epo,27.0,501.0444317082371,pieron
490,14_epo,28.000000000000004,501.0444317082371,pieron
491,14_epo,28.999999999999996,501.0444317082371,pieron
492,14_epo,30.0,501.0444317082371,pieron
493,14_epo,31.0,501.0444317082371,pieron
494,14_epo,32.0,501.0444317082371,pieron
495,14_epo,33.0,501.0444317082371,pieron
496,14_epo,34.0,501.0444317082371,pieron
497,14_epo,35.0,501.0444317082371,pieron
498,14_epo,36.0,501.0444317082371,pieron
499,14_epo,37.0,501.0444317082371,pieron
500,14_epo,38.0,501.0444317082371,pieron
501,14_epo,39.0,501.0444317082371,pieron
502,14_epo,40.0,501.0444317082371,pieron
503,14_epo,41.0,501.0444317082371,pieron
504,14_epo,42.0,501.0444317082371,pieron
505,14_epo,43.0,501.0444317082371,pieron
506,14_epo,44.0,501.0444317082371,pieron
507,14_epo,45.0,501.0444317082371,pieron
508,14_epo,46.0,501.0444317082371,pieron
509,14_epo,47.0,501.0444317082371,pieron
510,14_epo,48.0,501.0444317082371,pieron
511,14_epo,49.0,501.0444317082371,pieron
512,14_epo,50.0,501.0444317082371,pieron
513,14_epo,51.0,501.0444317082371,pieron
514,14_epo,52.0,501.0444317082371,pieron
515,14_epo,53.0,501.0444317082371,pieron
516,14_epo,54.0,501.0444317082371,pieron
517,14_epo,55.00000000000001,501.0444317082371,pieron
518,14_epo,56.00000000000001,501.0444317082371,pieron
519,14_epo,56.99999999999999,501.0444317082371,pieron
520,14_epo,57.99999999999999,501.0444317082371,pieron
521,14_epo,59.0,501.0444317082371,pieron
522,14_epo,60.0,501.0444317082371,pieron
523,14_epo,61.0,501.0444317082371,pieron
524,14_epo,62.0,501.0444317082371,pieron
525,14_epo,63.0,501.0444317082371,pieron
526,14_epo,64.0,501.0444317082371,pieron
527,14_epo,65.0,501.0444317082371,pieron
528,14_epo,66.0,501.0444317082371,pieron
529,14_epo,67.0,501.0444317082371,pieron
530,14_epo,68.0,501.0444317082371,pieron
531,14_epo,69.0,501.0444317082371,pieron
532,14_epo,70.0,501.0444317082371,pieron
533,14_epo,71.0,501.0444317082371,pieron
534,14_epo,72.0,501.0444317082371,pieron
535,14_epo,73.0,501.0444317082371,pieron
536,14_epo,74.0,501.0444317082371,pieron
537,14_epo,75.0,501.0444317082371,pieron
538,14_epo,76.0,501.0444317082371,pieron
539,14_epo,77.0,501.0444317082371,pieron
540,14_epo,78.0,501.0444317082371,pieron
541,14_epo,79.0,501.0444317082371,pieron
542,14_epo,80.0,501.0444317082371,pieron
543,14_epo,81.0,501.0444317082371,pieron
544,14_epo,82.0,501.0444317082371,pieron
545,14_epo,83.0,501.0444317082371,pieron
546,14_epo,84.0,501.0444317082371,pieron
547,14_epo,85.0,501.0444317082371,pieron
548,14_epo,86.0,501.0444317082371,pieron
549,14_epo,87.0,501.0444317082371,pieron
550,14_epo,88.0,501.0444317082371,pieron
551,14_epo,89.0,501.0444317082371,pieron
552,14_epo,90.0,501.0444317082371,pieron
553,14_epo,91.0,501.0444317082371,pieron
554,14_epo,92.0,501.0444317082371,pieron
555,14_epo,93.0,501.0444317082371,pieron
556,14_epo,94.0,501.0444317082371,pieron
557,14_epo,95.0,501.0444317082371,pieron
558,15_epo,3.0,1356.5443840541084,pieron
559,15_epo,4.0,1356.5443840541084,pieron
560,15_epo,5.0,1356.5443840541084,pieron
561,15_epo,6.0,1356.5443840541084,pieron
562,15_epo,7.000000000000001,1356.5443840541084,pieron
563,15_epo,8.0,1356.5443840541084,pieron
564,15_epo,9.0,1356.5443840541084,pieron
565,15_epo,10.0,1356.5443840541084,pieron
566,15_epo,11.0,1356.5443840541084,pieron
567,15_epo,12.0,1356.5443840541084,pieron
568,15_epo,13.0,1356.5443840541084,pieron
569,15_epo,14.000000000000002,1356.5443840541084,pieron
570,15_epo,15.0,1356.5443840541084,pieron
571,15_epo,16.0,1356.5443840541084,pieron
572,15_epo,17.0,1356.5443840541084,pieron
573,15_epo,18.0,1356.5443840541084,pieron
574,15_epo,19.0,1356.5443840541084,pieron
575,15_epo,20.0,1356.5443840541084,pieron
576,15_epo,21.0,1356.5443840541084,pieron
577,15_epo,22.0,1356.5443840541084,pieron
578,15_epo,23.0,1356.5443840541084,pieron
579,15_epo,24.0,1356.5443840541084,pieron
580,15_epo,25.0,1356.5443840541084,pieron
581,15_epo,26.0,1356.5443840541084,pieron
582,15_epo,27.0,1356.5443840541084,pieron
583,15_epo,28.000000000000004,1356.5443840541084,pieron
584,15_epo,28.999999999999996,1356.5443840541084,pieron
585,15_epo,30.0,1356.5443840541084,pieron
586,15_epo,31.0,1356.5443840541084,pieron
587,15_epo,32.0,1356.5443840541084,pieron
588,15_epo,33.0,1356.5443840541084,pieron
589,15_epo,34.0,1356.5443840541084,pieron
590,15_epo,35.0,1356.5443840541084,pieron
591,15_epo,36.0,1356.5443840541084,pieron
592,15_epo,37.0,1356.5443840541084,pieron
593,15_epo,38.0,1356.5443840541084,pieron
594,15_epo,39.0,1356.5443840541084,pieron
595,15_epo,40.0,1356.5443840541084,pieron
596,15_epo,41.0,1356.5443840541084,pieron
597,15_epo,42.0,1356.5443840541084,pieron
598,15_epo,43.0,1356.5443840541084,pieron
599,15_epo,44.0,1356.5443840541084,pieron
600,15_epo,45.0,1356.5443840541084,pieron
601,15_epo,46.0,1356.5443840541084,pieron
602,15_epo,47.0,1356.5443840541084,pieron
603,15_epo,48.0,1356.5443840541084,pieron
604,15_epo,49.0,1356.5443840541084,pieron
605,15_epo,50.0,1356.5443840541084,pieron
606,15_epo,51.0,1356.5443840541084,pieron
607,15_epo,52.0,1356.5443840541084,pieron
608,15_epo,53.0,1356.5443840541084,pieron
609,15_epo,54.0,1356.5443840541084,pieron
610,15_epo,55.00000000000001,1356.5443840541084,pieron
611,15_epo,56.00000000000001,1356.5443840541084,pieron
612,15_epo,56.99999999999999,1356.5443840541084,pieron
613,15_epo,57.99999999999999,1356.5443840541084,pieron
614,15_epo,59.0,1356.5443840541084,pieron
615,15_epo,60.0,1356.5443840541084,pieron
616,15_epo,61.0,1356.5443840541084,pieron
617,15_epo,62.0,1356.5443840541084,pieron
618,15_epo,63.0,1356.5443840541084,pieron
619,15_epo,64.0,1356.5443840541084,pieron
620,15_epo,65.0,1356.5443840541084,pieron
621,15_epo,66.0,1356.5443840541084,pieron
622,15_epo,67.0,1356.5443840541084,pieron
623,15_epo,68.0,1356.5443840541084,pieron
624,15_epo,69.0,1356.5443840541084,pieron
625,15_epo,70.0,1356.5443840541084,pieron
626,15_epo,71.0,1356.5443840541084,pieron
627,15_epo,72.0,1356.5443840541084,pieron
628,15_epo,73.0,1356.5443840541084,pieron
629,15_epo,74.0,1356.5443840541084,pieron
630,15_epo,75.0,1356.5443840541084,pieron
631,15_epo,76.0,1356.5443840541084,pieron
632,15_epo,77.0,1356.5443840541084,pieron
633,15_epo,78.0,1356.5443840541084,pieron
634,15_epo,79.0,1356.5443840541084,pieron
635,15_epo,80.0,1356.5443840541084,pieron
636,15_epo,81.0,1356.5443840541084,pieron
637,15_epo,82.0,1356.5443840541084,pieron
638,15_epo,83.0,1356.5443840541084,pieron
639,15_epo,84.0,1356.5443840541084,pieron
640,15_epo,85.0,1356.5443840541084,pieron
641,15_epo,86.0,1356.5443840541084,pieron
642,15_epo,87.0,1356.5443840541084,pieron
643,15_epo,88.0,1356.5443840541084,pieron
644,15_epo,89.0,1356.5443840541084,pieron
645,15_epo,90.0,1356.5443840541084,pieron
646,15_epo,91.0,1356.5443840541084,pieron
647,15_epo,92.0,1356.5443840541084,pieron
648,15_epo,93.0,1356.5443840541084,pieron
649,15_epo,94.0,1356.5443840541084,pieron
650,15_epo,95.0,1356.5443840541084,pieron
651,16_epo,3.0,510.92184653916183,pieron
652,16_epo,4.0,510.92184653916183,pieron
653,16_epo,5.0,510.92184653916183,pieron
654,16_epo,6.0,510.92184653916183,pieron
655,16_epo,7.000000000000001,510.92184653916183,pieron
656,16_epo,8.0,510.92184653916183,pieron
657,16_epo,9.0,510.92184653916183,pieron
658,16_epo,10.0,510.92184653916183,pieron
659,16_epo,11.0,510.92184653916183,pieron
660,16_epo,12.0,510.92184653916183,pieron
661,16_epo,13.0,510.92184653916183,pieron
662,16_epo,14.000000000000002,510.92184653916183,pieron
663,16_epo,15.0,510.92184653916183,pieron
664,16_epo,16.0,510.92184653916183,pieron
665,16_epo,17.0,510.92184653916183,pieron
666,16_epo,18.0,510.92184653916183,pieron
667,16_epo,19.0,510.92184653916183,pieron
668,16_epo,20.0,510.92184653916183,pieron
669,16_epo,21.0,510.92184653916183,pieron
670,16_epo,22.0,510.92184653916183,pieron
671,16_epo,23.0,510.92184653916183,pieron
672,16_epo,24.0,510.92184653916183,pieron
673,16_epo,25.0,510.92184653916183,pieron
674,16_epo,26.0,510.92184653916183,pieron
675,16_epo,27.0,510.92184653916183,pieron
676,16_epo,28.000000000000004,510.92184653916183,pieron
677,16_epo,28.999999999999996,510.92184653916183,pieron
678,16_epo,30.0,510.92184653916183,pieron
679,16_epo,31.0,510.92184653916183,pieron
680,16_epo,32.0,510.92184653916183,pieron
681,16_epo,33.0,510.92184653916183,pieron
682,16_epo,34.0,510.92184653916183,pieron
683,16_epo,35.0,510.92184653916183,pieron
684,16_epo,36.0,510.92184653916183,pieron
685,16_epo,37.0,510.92184653916183,pieron
686,16_epo,38.0,510.92184653916183,pieron
687,16_epo,39.0,510.92184653916183,pieron
688,16_epo,40.0,510.92184653916183,pieron
689,16_epo,41.0,510.92184653916183,pieron
690,16_epo,42.0,510.92184653916183,pieron
691,16_epo,43.0,510.92184653916183,pieron
692,16_epo,44.0,510.92184653916183,pieron
693,16_epo,45.0,510.92184653916183,pieron
694,16_epo,46.0,510.92184653916183,pieron
695,16_epo,47.0,510.92184653916183,pieron
696,16_epo,48.0,510.92184653916183,pieron
697,16_epo,49.0,510.92184653916183,pieron
698,16_epo,50.0,510.92184653916183,pieron
699,16_epo,51.0,510.92184653916183,pieron
700,16_epo,52.0,510.92184653916183,pieron
701,16_epo,53.0,510.92184653916183,pieron
702,16_epo,54.0,510.92184653916183,pieron
703,16_epo,55.00000000000001,510.92184653916183,pieron
704,16_epo,56.00000000000001,510.92184653916183,pieron
705,16_epo,56.99999999999999,510.92184653916183,pieron
706,16_epo,57.99999999999999,510.92184653916183,pieron
707,16_epo,59.0,510.92184653916183,pieron
708,16_epo,60.0,510.92184653916183,pieron
709,16_epo,61.0,510.92184653916183,pieron
710,16_epo,62.0,510.92184653916183,pieron
711,16_epo,63.0,510.92184653916183,pieron
712,16_epo,64.0,510.92184653916183,pieron
713,16_epo,65.0,510.92184653916183,pieron
714,16_epo,66.0,510.92184653916183,pieron
715,16_epo,67.0,510.92184653916183,pieron
716,16_epo,68.0,510.92184653916183,pieron
717,16_epo,69.0,510.92184653916183,pieron
718,16_epo,70.0,510.92184653916183,pieron
719,16_epo,71.0,510.92184653916183,pieron
720,16_epo,72.0,510.92184653916183,pieron
721,16_epo,73.0,510.92184653916183,pieron
722,16_epo,74.0,510.92184653916183,pieron
723,16_epo,75.0,510.92184653916183,pieron
724,16_epo,76.0,510.92184653916183,pieron
725,16_epo,77.0,510.92184653916183,pieron
726,16_epo,78.0,510.92184653916183,pieron
727,16_epo,79.0,510.92184653916183,pieron
728,16_epo,80.0,510.92184653916183,pieron
729,16_epo,81.0,510.92184653916183,pieron
730,16_epo,82.0,510.92184653916183,pieron
731,16_epo,83.0,510.92184653916183,pieron
732,16_epo,84.0,510.92184653916183,pieron
733,16_epo,85.0,510.92184653916183,pieron
734,16_epo,86.0,510.92184653916183,pieron
735,16_epo,87.0,510.92184653916183,pieron
736,16_epo,88.0,510.92184653916183,pieron
737,16_epo,89.0,510.92184653916183,pieron
738,16_epo,90.0,510.92184653916183,pieron
739,16_epo,91.0,510.92184653916183,pieron
740,16_epo,92.0,510.92184653916183,pieron
741,16_epo,93.0,510.92184653916183,pieron
742,16_epo,94.0,510.92184653916183,pieron
743,16_epo,95.0,510.92184653916183,pieron
744,17_epo,3.0,815.6087637530154,pieron
745,17_epo,4.0,815.6087637530154,pieron
746,17_epo,5.0,815.6087637530154,pieron
747,17_epo,6.0,815.6087637530154,pieron
748,17_epo,7.000000000000001,815.6087637530154,pieron
749,17_epo,8.0,815.6087637530154,pieron
750,17_epo,9.0,815.6087637530154,pieron
751,17_epo,10.0,815.6087637530154,pieron
752,17_epo,11.0,815.6087637530154,pieron
753,17_epo,12.0,815.6087637530154,pieron
754,17_epo,13.0,815.6087637530154,pieron
755,17_epo,14.000000000000002,815.6087637530154,pieron
756,17_epo,15.0,815.6087637530154,pieron
757,17_epo,16.0,815.6087637530154,pieron
758,17_epo,17.0,815.6087637530154,pieron
759,17_epo,18.0,815.6087637530154,pieron
760,17_epo,19.0,815.6087637530154,pieron
761,17_epo,20.0,815.6087637530154,pieron
762,17_epo,21.0,815.6087637530154,pieron
763,17_epo,22.0,815.6087637530154,pieron
764,17_epo,23.0,815.6087637530154,pieron
765,17_epo,24.0,815.6087637530154,pieron
766,17_epo,25.0,815.6087637530154,pieron
767,17_epo,26.0,815.6087637530154,pieron
768,17_epo,27.0,815.6087637530154,pieron
769,17_epo,28.000000000000004,815.6087637530154,pieron
770,17_epo,28.999999999999996,815.6087637530154,pieron
771,17_epo,30.0,815.6087637530154,pieron
772,17_epo,31.0,815.6087637530154,pieron
773,17_epo,32.0,815.6087637530154,pieron
774,17_epo,33.0,815.6087637530154,pieron
775,17_epo,34.0,815.6087637530154,pieron
776,17_epo,35.0,815.6087637530154,pieron
777,17_epo,36.0,815.6087637530154,pieron
778,17_epo,37.0,815.6087637530154,pieron
779,17_epo,38.0,815.6087637530154,pieron
780,17_epo,39.0,815.6087637530154,pieron
781,17_epo,40.0,815.6087637530154,pieron
782,17_epo,41.0,815.6087637530154,pieron
783,17_epo,42.0,815.6087637530154,pieron
784,17_epo,43.0,815.6087637530154,pieron
785,17_epo,44.0,815.6087637530154,pieron
786,17_epo,45.0,815.6087637530154,pieron
787,17_epo,46.0,815.6087637530154,pieron
788,17_epo,47.0,815.6087637530154,pieron
789,17_epo,48.0,815.6087637530154,pieron
790,17_epo,49.0,815.6087637530154,pieron
791,17_epo,50.0,815.6087637530154,pieron
792,17_epo,51.0,815.6087637530154,pieron
793,17_epo,52.0,815.6087637530154,pieron
794,17_epo,53.0,815.6087637530154,pieron
795,17_epo,54.0,815.6087637530154,pieron
796,17_epo,55.00000000000001,815.6087637530154,pieron
797,17_epo,56.00000000000001,815.6087637530154,pieron
798,17_epo,56.99999999999999,815.6087637530154,pieron
799,17_epo,57.99999999999999,815.6087637530154,pieron
800,17_epo,59.0,815.6087637530154,pieron
801,17_epo,60.0,815.6087637530154,pieron
802,17_epo,61.0,815.6087637530154,pieron
803,17_epo,62.0,815.6087637530154,pieron
804,17_epo,63.0,815.6087637530154,pieron
805,17_epo,64.0,815.6087637530154,pieron
806,17_epo,65.0,815.6087637530154,pieron
807,17_epo,66.0,815.6087637530154,pieron
808,17_epo,67.0,815.6087637530154,pieron
809,17_epo,68.0,815.6087637530154,pieron
810,17_epo,69.0,815.6087637530154,pieron
811,17_epo,70.0,815.6087637530154,pieron
812,17_epo,71.0,815.6087637530154,pieron
813,17_epo,72.0,815.6087637530154,pieron
814,17_epo,73.0,815.6087637530154,pieron
815,17_epo,74.0,815.6087637530154,pieron
816,17_epo,75.0,815.6087637530154,pieron
817,17_epo,76.0,815.6087637530154,pieron
818,17_epo,77.0,815.6087637530154,pieron
819,17_epo,78.0,815.6087637530154,pieron
820,17_epo,79.0,815.6087637530154,pieron
821,17_epo,80.0,815.6087637530154,pieron
822,17_epo,81.0,815.6087637530154,pieron
823,17_epo,82.0,815.6087637530154,pieron
824,17_epo,83.0,815.6087637530154,pieron
825,17_epo,84.0,815.6087637530154,pieron
826,17_epo,85.0,815.6087637530154,pieron
827,17_epo,86.0,815.6087637530154,pieron
828,17_epo,87.0,815.6087637530154,pieron
829,17_epo,88.0,815.6087637530154,pieron
830,17_epo,89.0,815.6087637530154,pieron
831,17_epo,90.0,815.6087637530154,pieron
832,17_epo,91.0,815.6087637530154,pieron
833,17_epo,92.0,815.6087637530154,pieron
834,17_epo,93.0,815.6087637530154,pieron
835,17_epo,94.0,815.6087637530154,pieron
836,17_epo,95.0,815.6087637530154,pieron
837,18_epo,3.0,398.44497828918577,pieron
838,18_epo,4.0,395.03510965727156,pieron
839,18_epo,5.0,392.41031890134417,pieron
840,18_epo,6.0,390.2786602794429,pieron
841,18_epo,7.000000000000001,388.485405198132,pieron
842,18_epo,8.0,386.9386785155705,pieron
843,18_epo,9.0,385.5794812812103,pieron
844,18_epo,10.0,384.3676840858359,pieron
845,18_epo,11.0,383.27476133797416,pieron
846,18_epo,12.0,382.2797148141415,pieron
847,18_epo,13.0,381.3666421551906,pieron
848,18_epo,14.000000000000002,380.52321334265014,pieron
849,18_epo,15.0,379.739676632489,pieron
850,18_epo,16.0,379.0081875539439,pieron
851,18_epo,17.0,378.3223427095957,pieron
852,18_epo,18.0,377.67684770883085,pieron
853,18_epo,19.0,377.06727546265415,pieron
854,18_epo,20.0,376.48988686928965,pieron
855,18_epo,21.0,375.94149552287644,pieron
856,18_epo,22.0,375.4193640893167,pieron
857,18_epo,23.0,374.92112385718985,pieron
858,18_epo,24.0,374.44471151393583,pieron
859,18_epo,25.0,373.98831890584444,pieron
860,18_epo,26.0,373.550352710361,pieron
861,18_epo,27.0,373.12940176443493,pieron
862,18_epo,28.000000000000004,372.7242103696726,pieron
863,18_epo,28.999999999999996,372.33365630942114,pieron
864,18_epo,30.0,371.9567326144391,pieron
865,18_epo,31.0,371.59253233590994,pieron
866,18_epo,32.0,371.24023575003025,pieron
867,18_epo,33.0,370.8990995429661,pieron
868,18_epo,34.0,370.56844761968136,pieron
869,18_epo,35.0,370.2476632527911,pieron
870,18_epo,36.0,369.93618234381506,pieron
871,18_epo,37.0,369.63348761304655,pieron
872,18_epo,38.0,369.3391035687157,pieron
873,18_epo,39.0,369.0525921333875,pieron
874,18_epo,40.0,368.77354882726434,pieron
875,18_epo,41.0,368.50159942547674,pieron
876,18_epo,42.0,368.236397020493,pieron
877,18_epo,43.0,367.97761943217034,pieron
878,18_epo,44.0,367.72496691725917,pieron
879,18_epo,45.0,367.47816013778487,pieron
880,18_epo,46.0,367.2369383540012,pieron
881,18_epo,47.0,367.0010578127939,pieron
882,18_epo,48.0,366.7702903067248,pieron
883,18_epo,49.0,366.54442188250374,pieron
884,18_epo,50.0,366.3232516806838,pieron
885,18_epo,51.0,366.1065908909141,pieron
886,18_epo,52.0,365.8942618092217,pieron
887,18_epo,53.0,365.68609698560164,pieron
888,18_epo,54.0,365.48193845174137,pieron
889,18_epo,55.00000000000001,365.28163702001143,pieron
890,18_epo,56.00000000000001,365.08505164598057,pieron
891,18_epo,56.99999999999999,364.89204884767753,pieron
892,18_epo,57.99999999999999,364.70250217564706,pieron
893,18_epo,59.0,364.5162917285671,pieron
894,18_epo,60.0,364.3333037098091,pieron
895,18_epo,61.0,364.15343002085984,pieron
896,18_epo,62.0,363.9765678879948,pieron
897,18_epo,63.0,363.8026195189906,pieron
898,18_epo,64.0,363.6314917870272,pieron
899,18_epo,65.0,363.46309593923877,pieron
900,18_epo,66.0,363.2973473276405,pieron
901,18_epo,67.0,363.13416516040786,pieron
902,18_epo,68.0,362.97347227168547,pieron
903,18_epo,69.0,362.8151949082983,pieron
904,18_epo,70.0,362.65926253189645,pieron
905,18_epo,71.0,362.505607635215,pieron
906,18_epo,72.0,362.3541655712576,pieron
907,18_epo,73.0,362.20487439433094,pieron
908,18_epo,74.0,362.0576747119545,pieron
909,18_epo,75.0,361.9125095467695,pieron
910,18_epo,76.0,361.7693242076455,pieron
911,18_epo,77.0,361.6280661692611,pieron
912,18_epo,78.0,361.4886849594995,pieron
913,18_epo,79.0,361.35113205405764,pieron
914,18_epo,80.0,361.2153607777234,pieron
915,18_epo,81.0,361.0813262118202,pieron
916,18_epo,82.0,360.94898510736317,pieron
917,18_epo,83.0,360.8182958035095,pieron
918,18_epo,84.0,360.6892181509208,pieron
919,18_epo,85.0,360.5617134396865,pieron
920,18_epo,86.0,360.4357443314876,pieron
921,18_epo,87.0,360.31127479570375,pieron
922,18_epo,88.0,360.18827004919353,pieron
923,18_epo,89.0,360.0666964994967,pieron
924,18_epo,90.0,359.9465216912278,pieron
925,18_epo,91.0,359.8277142554496,pieron
926,18_epo,92.0,359.71024386182836,pieron
927,18_epo,93.0,359.594081173391,pieron
928,18_epo,94.0,359.479197803716,pieron
929,18_epo,95.0,359.3655662764019,pieron
930,19_epo,3.0,714.9075544462952,pieron
931,19_epo,4.0,714.9075544462952,pieron
932,19_epo,5.0,714.9075544462952,pieron
933,19_epo,6.0,714.9075544462952,pieron
934,19_epo,7.000000000000001,714.9075544462952,pieron
935,19_epo,8.0,714.9075544462952,pieron
936,19_epo,9.0,714.9075544462952,pieron
937,19_epo,10.0,714.9075544462952,pieron
938,19_epo,11.0,714.9075544462952,pieron
939,19_epo,12.0,714.9075544462952,pieron
940,19_epo,13.0,714.9075544462952,pieron
941,19_epo,14.000000000000002,714.9075544462952,pieron
942,19_epo,15.0,714.9075544462952,pieron
943,19_epo,16.0,714.9075544462952,pieron
944,19_epo,17.0,714.9075544462952,pieron
945,19_epo,18.0,714.9075544462952,pieron
946,19_epo,19.0,714.9075544462952,pieron
947,19_epo,20.0,714.9075544462952,pieron
948,19_epo,21.0,714.9075544462952,pieron
949,19_epo,22.0,714.9075544462952,pieron
950,19_epo,23.0,714.9075544462952,pieron
951,19_epo,24.0,714.9075544462952,pieron
952,19_epo,25.0,714.9075544462952,pieron
953,19_epo,26.0,714.9075544462952,pieron
954,19_epo,27.0,714.9075544462952,pieron
955,19_epo,28.000000000000004,714.9075544462952,pieron
956,19_epo,28.999999999999996,714.9075544462952,pieron
957,19_epo,30.0,714.9075544462952,pieron
958,19_epo,31.0,714.9075544462952,pieron
959,19_epo,32.0,714.9075544462952,pieron
960,19_epo,33.0,714.9075544462952,pieron
961,19_epo,34.0,714.9075544462952,pieron
962,19_epo,35.0,714.9075544462952,pieron
963,19_epo,36.0,714.9075544462952,pieron
964,19_epo,37.0,714.9075544462952,pieron
965,19_epo,38.0,714.9075544462952,pieron
966,19_epo,39.0,714.9075544462952,pieron
967,19_epo,40.0,714.9075544462952,pieron
968,19_epo,41.0,714.9075544462952,pieron
969,19_epo,42.0,714.9075544462952,pieron
970,19_epo,43.0,714.9075544462952,pieron
971,19_epo,44.0,714.9075544462952,pieron
972,19_epo,45.0,714.9075544462952,pieron
973,19_epo,46.0,714.9075544462952,pieron
974,19_epo,47.0,714.9075544462952,pieron
975,19_epo,48.0,714.9075544462952,pieron
976,19_epo,49.0,714.9075544462952,pieron
977,19_epo,50.0,714.9075544462952,pieron
978,19_epo,51.0,714.9075544462952,pieron
979,19_epo,52.0,714.9075544462952,pieron
980,19_epo,53.0,714.9075544462952,pieron
981,19_epo,54.0,714.9075544462952,pieron
982,19_epo,55.00000000000001,714.9075544462952,pieron
983,19_epo,56.00000000000001,714.9075544462952,pieron
984,19_epo,56.99999999999999,714.9075544462952,pieron
985,19_epo,57.99999999999999,714.9075544462952,pieron
986,19_epo,59.0,714.9075544462952,pieron
987,19_epo,60.0,714.9075544462952,pieron
988,19_epo,61.0,714.9075544462952,pieron
989,19_epo,62.0,714.9075544462952,pieron
990,19_epo,63.0,714.9075544462952,pieron
991,19_epo,64.0,714.9075544462952,pieron
992,19_epo,65.0,714.9075544462952,pieron
993,19_epo,66.0,714.9075544462952,pieron
994,19_epo,67.0,714.9075544462952,pieron
995,19_epo,68.0,714.9075544462952,pieron
996,19_epo,69.0,714.9075544462952,pieron
997,19_epo,70.0,714.9075544462952,pieron
998,19_epo,71.0,714.9075544462952,pieron
999,19_epo,72.0,714.9075544462952,pieron
1000,19_epo,73.0,714.9075544462952,pieron
1001,19_epo,74.0,714.9075544462952,pieron
1002,19_epo,75.0,714.9075544462952,pieron
1003,19_epo,76.0,714.9075544462952,pieron
1004,19_epo,77.0,714.9075544462952,pieron
1005,19_epo,78.0,714.9075544462952,pieron
1006,19_epo,79.0,714.9075544462952,pieron
1007,19_epo,80.0,714.9075544462952,pieron
1008,19_epo,81.0,714.9075544462952,pieron
1009,19_epo,82.0,714.9075544462952,pieron
1010,19_epo,83.0,714.9075544462952,pieron
1011,19_epo,84.0,714.9075544462952,pieron
1012,19_epo,85.0,714.9075544462952,pieron
1013,19_epo,86.0,714.9075544462952,pieron
1014,19_epo,87.0,714.9075544462952,pieron
1015,19_epo,88.0,714.9075544462952,pieron
1016,19_epo,89.0,714.9075544462952,pieron
1017,19_epo,90.0,714.9075544462952,pieron
1018,19_epo,91.0,714.9075544462952,pieron
1019,19_epo,92.0,714.9075544462952,pieron
1020,19_epo,93.0,714.9075544462952,pieron
1021,19_epo,94.0,714.9075544462952,pieron
1022,19_epo,95.0,714.9075544462952,pieron
1023,1_epo,3.0,462.78271754143594,pieron
1024,1_epo,4.0,462.78271754143594,pieron
1025,1_epo,5.0,462.78271754143594,pieron
1026,1_epo,6.0,462.78271754143594,pieron
1027,1_epo,7.000000000000001,462.78271754143594,pieron
1028,1_epo,8.0,462.78271754143594,pieron
1029,1_epo,9.0,462.78271754143594,pieron
1030,1_epo,10.0,462.78271754143594,pieron
1031,1_epo,11.0,462.78271754143594,pieron
1032,1_epo,12.0,462.78271754143594,pieron
1033,1_epo,13.0,462.78271754143594,pieron
1034,1_epo,14.000000000000002,462.78271754143594,pieron
1035,1_epo,15.0,462.78271754143594,pieron
1036,1_epo,16.0,462.78271754143594,pieron
1037,1_epo,17.0,462.78271754143594,pieron
1038,1_epo,18.0,462.78271754143594,pieron
1039,1_epo,19.0,462.78271754143594,pieron
1040,1_epo,20.0,462.78271754143594,pieron
1041,1_epo,21.0,462.78271754143594,pieron
1042,1_epo,22.0,462.78271754143594,pieron
1043,1_epo,23.0,462.78271754143594,pieron
1044,1_epo,24.0,462.78271754143594,pieron
1045,1_epo,25.0,462.78271754143594,pieron
1046,1_epo,26.0,462.78271754143594,pieron
1047,1_epo,27.0,462.78271754143594,pieron
1048,1_epo,28.000000000000004,462.78271754143594,pieron
1049,1_epo,28.999999999999996,462.78271754143594,pieron
1050,1_epo,30.0,462.78271754143594,pieron
1051,1_epo,31.0,462.78271754143594,pieron
1052,1_epo,32.0,462.78271754143594,pieron
1053,1_epo,33.0,462.78271754143594,pieron
1054,1_epo,34.0,462.78271754143594,pieron
1055,1_epo,35.0,462.78271754143594,pieron
1056,1_epo,36.0,462.78271754143594,pieron
1057,1_epo,37.0,462.78271754143594,pieron
1058,1_epo,38.0,462.78271754143594,pieron
1059,1_epo,39.0,462.78271754143594,pieron
1060,1_epo,40.0,462.78271754143594,pieron
1061,1_epo,41.0,462.78271754143594,pieron
1062,1_epo,42.0,462.78271754143594,pieron
1063,1_epo,43.0,462.78271754143594,pieron
1064,1_epo,44.0,462.78271754143594,pieron
1065,1_epo,45.0,462.78271754143594,pieron
1066,1_epo,46.0,462.78271754143594,pieron
1067,1_epo,47.0,462.78271754143594,pieron
1068,1_epo,48.0,462.78271754143594,pieron
1069,1_epo,49.0,462.78271754143594,pieron
1070,1_epo,50.0,462.78271754143594,pieron
1071,1_epo,51.0,462.78271754143594,pieron
1072,1_epo,52.0,462.78271754143594,pieron
1073,1_epo,53.0,462.78271754143594,pieron
1074,1_epo,54.0,462.78271754143594,pieron
1075,1_epo,55.00000000000001,462.78271754143594,pieron
1076,1_epo,56.00000000000001,462.78271754143594,pieron
1077,1_epo,56.99999999999999,462.78271754143594,pieron
1078,1_epo,57.99999999999999,462.78271754143594,pieron
1079,1_epo,59.0,462.78271754143594,pieron
1080,1_epo,60.0,462.78271754143594,pieron
1081,1_epo,61.0,462.78271754143594,pieron
1082,1_epo,62.0,462.78271754143594,pieron
1083,1_epo,63.0,462.78271754143594,pieron
1084,1_epo,64.0,462.78271754143594,pieron
1085,1_epo,65.0,462.78271754143594,pieron
1086,1_epo,66.0,462.78271754143594,pieron
1087,1_epo,67.0,462.78271754143594,pieron
1088,1_epo,68.0,462.78271754143594,pieron
1089,1_epo,69.0,462.78271754143594,pieron
1090,1_epo,70.0,462.78271754143594,pieron
1091,1_epo,71.0,462.78271754143594,pieron
1092,1_epo,72.0,462.78271754143594,pieron
1093,1_epo,73.0,462.78271754143594,pieron
1094,1_epo,74.0,462.78271754143594,pieron
1095,1_epo,75.0,462.78271754143594,pieron
1096,1_epo,76.0,462.78271754143594,pieron
1097,1_epo,77.0,462.78271754143594,pieron
1098,1_epo,78.0,462.78271754143594,pieron
1099,1_epo,79.0,462.78271754143594,pieron
1100,1_epo,80.0,462.78271754143594,pieron
1101,1_epo,81.0,462.78271754143594,pieron
1102,1_epo,82.0,462.78271754143594,pieron
1103,1_epo,83.0,462.78271754143594,pieron
1104,1_epo,84.0,462.78271754143594,pieron
1105,1_epo,85.0,462.78271754143594,pieron
1106,1_epo,86.0,462.78271754143594,pieron
1107,1_epo,87.0,462.78271754143594,pieron
1108,1_epo,88.0,462.78271754143594,pieron
1109,1_epo,89.0,462.78271754143594,pieron
1110,1_epo,90.0,462.78271754143594,pieron
1111,1_epo,91.0,462.78271754143594,pieron
1112,1_epo,92.0,462.78271754143594,pieron
1113,1_epo,93.0,462.78271754143594,pieron
1114,1_epo,94.0,462.78271754143594,pieron
1115,1_epo,95.0,462.78271754143594,pieron
1116,20_epo,3.0,595.0237771735002,pieron
1117,20_epo,4.0,595.0237771735002,pieron
1118,20_epo,5.0,595.0237771735002,pieron
1119,20_epo,6.0,595.0237771735002,pieron
1120,20_epo,7.000000000000001,595.0237771735002,pieron
1121,20_epo,8.0,595.0237771735002,pieron
1122,20_epo,9.0,595.0237771735002,pieron
1123,20_epo,10.0,595.0237771735002,pieron
1124,20_epo,11.0,595.0237771735002,pieron
1125,20_epo,12.0,595.0237771735002,pieron
1126,20_epo,13.0,595.0237771735002,pieron
1127,20_epo,14.000000000000002,595.0237771735002,pieron
1128,20_epo,15.0,595.0237771735002,pieron
1129,20_epo,16.0,595.0237771735002,pieron
1130,20_epo,17.0,595.0237771735002,pieron
1131,20_epo,18.0,595.0237771735002,pieron
1132,20_epo,19.0,595.0237771735002,pieron
1133,20_epo,20.0,595.0237771735002,pieron
1134,20_epo,21.0,595.0237771735002,pieron
1135,20_epo,22.0,595.0237771735002,pieron
1136,20_epo,23.0,595.0237771735002,pieron
1137,20_epo,24.0,595.0237771735002,pieron
1138,20_epo,25.0,595.0237771735002,pieron
1139,20_epo,26.0,595.0237771735002,pieron
1140,20_epo,27.0,595.0237771735002,pieron
1141,20_epo,28.000000000000004,595.0237771735002,pieron
1142,20_epo,28.999999999999996,595.0237771735002,pieron
1143,20_epo,30.0,595.0237771735002,pieron
1144,20_epo,31.0,595.0237771735002,pieron
1145,20_epo,32.0,595.0237771735002,pieron
1146,20_epo,33.0,595.0237771735002,pieron
1147,20_epo,34.0,595.0237771735002,pieron
1148,20_epo,35.0,595.0237771735002,pieron
1149,20_epo,36.0,595.0237771735002,pieron
1150,20_epo,37.0,595.0237771735002,pieron
1151,20_epo,38.0,595.0237771735002,pieron
1152,20_epo,39.0,595.0237771735002,pieron
1153,20_epo,40.0,595.0237771735002,pieron
1154,20_epo,41.0,595.0237771735002,pieron
1155,20_epo,42.0,595.0237771735002,pieron
1156,20_epo,43.0,595.0237771735002,pieron
1157,20_epo,44.0,595.0237771735002,pieron
1158,20_epo,45.0,595.0237771735002,pieron
1159,20_epo,46.0,595.0237771735002,pieron
1160,20_epo,47.0,595.0237771735002,pieron
1161,20_epo,48.0,595.0237771735002,pieron
1162,20_epo,49.0,595.0237771735002,pieron
1163,20_epo,50.0,595.0237771735002,pieron
1164,20_epo,51.0,595.0237771735002,pieron
1165,20_epo,52.0,595.0237771735002,pieron
1166,20_epo,53.0,595.0237771735002,pieron
1167,20_epo,54.0,595.0237771735002,pieron
1168,20_epo,55.00000000000001,595.0237771735002,pieron
1169,20_epo,56.00000000000001,595.0237771735002,pieron
1170,20_epo,56.99999999999999,595.0237771735002,pieron
1171,20_epo,57.99999999999999,595.0237771735002,pieron
1172,20_epo,59.0,595.0237771735002,pieron
1173,20_epo,60.0,595.0237771735002,pieron
1174,20_epo,61.0,595.0237771735002,pieron
1175,20_epo,62.0,595.0237771735002,pieron
1176,20_epo,63.0,595.0237771735002,pieron
1177,20_epo,64.0,595.0237771735002,pieron
1178,20_epo,65.0,595.0237771735002,pieron
1179,20_epo,66.0,595.0237771735002,pieron
1180,20_epo,67.0,595.0237771735002,pieron
1181,20_epo,68.0,595.0237771735002,pieron
1182,20_epo,69.0,595.0237771735002,pieron
1183,20_epo,70.0,595.0237771735002,pieron
1184,20_epo,71.0,595.0237771735002,pieron
1185,20_epo,72.0,595.0237771735002,pieron
1186,20_epo,73.0,595.0237771735002,pieron
1187,20_epo,74.0,595.0237771735002,pieron
1188,20_epo,75.0,595.0237771735002,pieron
1189,20_epo,76.0,595.0237771735002,pieron
1190,20_epo,77.0,595.0237771735002,pieron
1191,20_epo,78.0,595.0237771735002,pieron
1192,20_epo,79.0,595.0237771735002,pieron
1193,20_epo,80.0,595.0237771735002,pieron
1194,20_epo,81.0,595.0237771735002,pieron
1195,20_epo,82.0,595.0237771735002,pieron
1196,20_epo,83.0,595.0237771735002,pieron
1197,20_epo,84.0,595.0237771735002,pieron
1198,20_epo,85.0,595.0237771735002,pieron
1199,20_epo,86.0,595.0237771735002,pieron
1200,20_epo,87.0,595.0237771735002,pieron
1201,20_epo,88.0,595.0237771735002,pieron
1202,20_epo,89.0,595.0237771735002,pieron
1203,20_epo,90.0,595.0237771735002,pieron
1204,20_epo,91.0,595.0237771735002,pieron
1205,20_epo,92.0,595.0237771735002,pieron
1206,20_epo,93.0,595.0237771735002,pieron
1207,20_epo,94.0,595.0237771735002,pieron
1208,20_epo,95.0,595.0237771735002,pieron
1209,21_epo,3.0,815.2557249493847,pieron
1210,21_epo,4.0,815.2557249493847,pieron
1211,21_epo,5.0,815.2557249493847,pieron
1212,21_epo,6.0,815.2557249493847,pieron
1213,21_epo,7.000000000000001,815.2557249493847,pieron
1214,21_epo,8.0,815.2557249493847,pieron
1215,21_epo,9.0,815.2557249493847,pieron
1216,21_epo,10.0,815.2557249493847,pieron
1217,21_epo,11.0,815.2557249493847,pieron
1218,21_epo,12.0,815.2557249493847,pieron
1219,21_epo,13.0,815.2557249493847,pieron
1220,21_epo,14.000000000000002,815.2557249493847,pieron
1221,21_epo,15.0,815.2557249493847,pieron
1222,21_epo,16.0,815.2557249493847,pieron
1223,21_epo,17.0,815.2557249493847,pieron
1224,21_epo,18.0,815.2557249493847,pieron
1225,21_epo,19.0,815.2557249493847,pieron
1226,21_epo,20.0,815.2557249493847,pieron
1227,21_epo,21.0,815.2557249493847,pieron
1228,21_epo,22.0,815.2557249493847,pieron
1229,21_epo,23.0,815.2557249493847,pieron
1230,21_epo,24.0,815.2557249493847,pieron
1231,21_epo,25.0,815.2557249493847,pieron
1232,21_epo,26.0,815.2557249493847,pieron
1233,21_epo,27.0,815.2557249493847,pieron
1234,21_epo,28.000000000000004,815.2557249493847,pieron
1235,21_epo,28.999999999999996,815.2557249493847,pieron
1236,21_epo,30.0,815.2557249493847,pieron
1237,21_epo,31.0,815.2557249493847,pieron
1238,21_epo,32.0,815.2557249493847,pieron
1239,21_epo,33.0,815.2557249493847,pieron
1240,21_epo,34.0,815.2557249493847,pieron
1241,21_epo,35.0,815.2557249493847,pieron
1242,21_epo,36.0,815.2557249493847,pieron
1243,21_epo,37.0,815.2557249493847,pieron
1244,21_epo,38.0,815.2557249493847,pieron
1245,21_epo,39.0,815.2557249493847,pieron
1246,21_epo,40.0,815.2557249493847,pieron
1247,21_epo,41.0,815.2557249493847,pieron
1248,21_epo,42.0,815.2557249493847,pieron
1249,21_epo,43.0,815.2557249493847,pieron
1250,21_epo,44.0,815.2557249493847,pieron
1251,21_epo,45.0,815.2557249493847,pieron
1252,21_epo,46.0,815.2557249493847,pieron
1253,21_epo,47.0,815.2557249493847,pieron
1254,21_epo,48.0,815.2557249493847,pieron
1255,21_epo,49.0,815.2557249493847,pieron
1256,21_epo,50.0,815.2557249493847,pieron
1257,21_epo,51.0,815.2557249493847,pieron
1258,21_epo,52.0,815.2557249493847,pieron
1259,21_epo,53.0,815.2557249493847,pieron
1260,21_epo,54.0,815.2557249493847,pieron
1261,21_epo,55.00000000000001,815.2557249493847,pieron
1262,21_epo,56.00000000000001,815.2557249493847,pieron
1263,21_epo,56.99999999999999,815.2557249493847,pieron
1264,21_epo,57.99999999999999,815.2557249493847,pieron
1265,21_epo,59.0,815.2557249493847,pieron
1266,21_epo,60.0,815.2557249493847,pieron
1267,21_epo,61.0,815.2557249493847,pieron
1268,21_epo,62.0,815.2557249493847,pieron
1269,21_epo,63.0,815.2557249493847,pieron
1270,21_epo,64.0,815.2557249493847,pieron
1271,21_epo,65.0,815.2557249493847,pieron
1272,21_epo,66.0,815.2557249493847,pieron
1273,21_epo,67.0,815.2557249493847,pieron
1274,21_epo,68.0,815.2557249493847,pieron
1275,21_epo,69.0,815.2557249493847,pieron
1276,21_epo,70.0,815.2557249493847,pieron
1277,21_epo,71.0,815.2557249493847,pieron
1278,21_epo,72.0,815.2557249493847,pieron
1279,21_epo,73.0,815.2557249493847,pieron
1280,21_epo,74.0,815.2557249493847,pieron
1281,21_epo,75.0,815.2557249493847,pieron
1282,21_epo,76.0,815.2557249493847,pieron
1283,21_epo,77.0,815.2557249493847,pieron
1284,21_epo,78.0,815.2557249493847,pieron
1285,21_epo,79.0,815.2557249493847,pieron
1286,21_epo,80.0,815.2557249493847,pieron
1287,21_epo,81.0,815.2557249493847,pieron
1288,21_epo,82.0,815.2557249493847,pieron
1289,21_epo,83.0,815.2557249493847,pieron
1290,21_epo,84.0,815.2557249493847,pieron
1291,21_epo,85.0,815.2557249493847,pieron
1292,21_epo,86.0,815.2557249493847,pieron
1293,21_epo,87.0,815.2557249493847,pieron
1294,21_epo,88.0,815.2557249493847,pieron
1295,21_epo,89.0,815.2557249493847,pieron
1296,21_epo,90.0,815.2557249493847,pieron
1297,21_epo,91.0,815.2557249493847,pieron
1298,21_epo,92.0,815.2557249493847,pieron
1299,21_epo,93.0,815.2557249493847,pieron
1300,21_epo,94.0,815.2557249493847,pieron
1301,21_epo,95.0,815.2557249493847,pieron
1302,22_epo,3.0,460.0171435273487,pieron
1303,22_epo,4.0,459.6713123071338,pieron
1304,22_epo,5.0,459.4032438251364,pieron
1305,22_epo,6.0,459.1843319792127,pieron
1306,22_epo,7.000000000000001,458.99932603562047,pieron
1307,22_epo,8.0,458.83912684921637,pieron
1308,22_epo,9.0,458.6978675630604,pieron
1309,22_epo,10.0,458.5715436763659,pieron
1310,22_epo,11.0,458.4572997906602,pieron
1311,22_epo,12.0,458.35302814678784,pieron
1312,22_epo,13.0,458.2571284754651,pieron
1313,22_epo,14.000000000000002,458.1683571365531,pieron
1314,22_epo,15.0,458.08572845419343,pieron
1315,22_epo,16.0,458.0084479735411,pieron
1316,22_epo,17.0,457.93586599608506,pieron
1317,22_epo,18.0,457.8674444221255,pieron
1318,22_epo,19.0,457.8027325740867,pieron
1319,22_epo,20.0,457.74134923123756,pieron
1320,22_epo,21.0,457.6829690541827,pieron
1321,22_epo,22.0,457.6273121717962,pieron
1322,22_epo,23.0,457.57413608583215,pieron
1323,22_epo,24.0,457.5232293005172,pieron
1324,22_epo,25.0,457.4744062540481,pieron
1325,22_epo,26.0,457.4275032452321,pieron
1326,22_epo,27.0,457.3823751296566,pieron
1327,22_epo,28.000000000000004,457.3388926172789,pieron
1328,22_epo,28.999999999999996,457.2969400446693,pieron
1329,22_epo,30.0,457.2564135252592,pieron
1330,22_epo,31.0,457.21721940315007,pieron
1331,22_epo,32.0,457.17927295260296,pieron
1332,22_epo,33.0,457.14249727780475,pieron
1333,22_epo,34.0,457.1068223770085,pieron
1334,22_epo,35.0,457.0721843424315,pieron
1335,22_epo,36.0,457.03852467294763,pieron
1336,22_epo,37.0,457.0057896810148,pieron
1337,22_epo,38.0,456.9739299787477,pieron
1338,22_epo,39.0,456.9429000307908,pieron
1339,22_epo,40.0,456.912657763837,pieron
1340,22_epo,41.0,456.8831642243932,pieron
1341,22_epo,42.0,456.8543832778119,pieron
1342,22_epo,43.0,456.8262813427584,pieron
1343,22_epo,44.0,456.79882715622324,pieron
1344,22_epo,45.0,456.7719915649569,pieron
1345,22_epo,46.0,456.745747339842,pieron
1346,22_epo,47.0,456.7200690102395,pieron
1347,22_epo,48.0,456.69493271578517,pieron
1348,22_epo,49.0,456.6703160734754,pieron
1349,22_epo,50.0,456.6461980581891,pieron
1350,22_epo,51.0,456.62255889504604,pieron
1351,22_epo,52.0,456.5993799622245,pieron
1352,22_epo,53.0,456.5766437030402,pieron
1353,22_epo,54.0,456.55433354624734,pieron
1354,22_epo,55.00000000000001,456.53243383365685,pieron
1355,22_epo,56.00000000000001,456.51092975428026,pieron
1356,22_epo,56.99999999999999,456.48980728430433,pieron
1357,22_epo,57.99999999999999,456.46905313228996,pieron
1358,22_epo,59.0,456.44865468905687,pieron
1359,22_epo,60.0,456.42859998178324,pieron
1360,22_epo,61.0,456.4088776319009,pieron
1361,22_epo,62.0,456.3894768164156,pieron
1362,22_epo,63.0,456.37038723232416,pieron
1363,22_epo,64.0,456.3515990638347,pieron
1364,22_epo,65.0,456.33310295212993,pieron
1365,22_epo,66.0,456.31488996743934,pieron
1366,22_epo,67.0,456.2969515832138,pieron
1367,22_epo,68.0,456.279279652213,pieron
1368,22_epo,69.0,456.2618663843398,pieron
1369,22_epo,70.0,456.2447043260711,pieron
1370,22_epo,71.0,456.2277863413468,pieron
1371,22_epo,72.0,456.2111055937976,pieron
1372,22_epo,73.0,456.1946555301978,pieron
1373,22_epo,74.0,456.1784298650459,pieron
1374,22_epo,75.0,456.16242256617903,pieron
1375,22_epo,76.0,456.1466278413422,pieron
1376,22_epo,77.0,456.13104012563474,pieron
1377,22_epo,78.0,456.1156540697677,pieron
1378,22_epo,79.0,456.1004645290698,pieron
1379,22_epo,80.0,456.0854665531847,pieron
1380,22_epo,81.0,456.0706553764084,pieron
1381,22_epo,82.0,456.0560264086211,pieron
1382,22_epo,83.0,456.0415752267672,pieron
1383,22_epo,84.0,456.02729756684715,pieron
1384,22_epo,85.0,456.013189316383,pieron
1385,22_epo,86.0,455.99924650732385,pieron
1386,22_epo,87.0,455.98546530936386,pieron
1387,22_epo,88.0,455.9718420236397,pieron
1388,22_epo,89.0,455.9583730767865,pieron
1389,22_epo,90.0,455.9450550153243,pieron
1390,22_epo,91.0,455.93188450035615,pieron
1391,22_epo,92.0,455.9188583025555,pieron
1392,22_epo,93.0,455.90597329742445,pieron
1393,22_epo,94.0,455.8932264608062,pieron
1394,22_epo,95.0,455.8806148646351,pieron
1395,23_epo,3.0,707.1210414420249,pieron
1396,23_epo,4.0,707.1210414420226,pieron
1397,23_epo,5.0,707.1210414420207,pieron
1398,23_epo,6.0,707.1210414420192,pieron
1399,23_epo,7.000000000000001,707.1210414420179,pieron
1400,23_epo,8.0,707.1210414420168,pieron
1401,23_epo,9.0,707.1210414420157,pieron
1402,23_epo,10.0,707.121041442015,pieron
1403,23_epo,11.0,707.1210414420142,pieron
1404,23_epo,12.0,707.1210414420134,pieron
1405,23_epo,13.0,707.1210414420127,pieron
1406,23_epo,14.000000000000002,707.121041442012,pieron
1407,23_epo,15.0,707.1210414420115,pieron
1408,23_epo,16.0,707.121041442011,pieron
1409,23_epo,17.0,707.1210414420104,pieron
1410,23_epo,18.0,707.12104144201,pieron
1411,23_epo,19.0,707.1210414420096,pieron
1412,23_epo,20.0,707.1210414420092,pieron
1413,23_epo,21.0,707.1210414420086,pieron
1414,23_epo,22.0,707.1210414420084,pieron
1415,23_epo,23.0,707.1210414420078,pieron
1416,23_epo,24.0,707.1210414420075,pieron
1417,23_epo,25.0,707.1210414420073,pieron
1418,23_epo,26.0,707.1210414420069,pieron
1419,23_epo,27.0,707.1210414420066,pieron
1420,23_epo,28.000000000000004,707.1210414420062,pieron
1421,23_epo,28.999999999999996,707.1210414420059,pieron
1422,23_epo,30.0,707.1210414420057,pieron
1423,23_epo,31.0,707.1210414420054,pieron
1424,23_epo,32.0,707.1210414420052,pieron
1425,23_epo,33.0,707.1210414420049,pieron
1426,23_epo,34.0,707.1210414420048,pieron
1427,23_epo,35.0,707.1210414420044,pieron
1428,23_epo,36.0,707.1210414420043,pieron
1429,23_epo,37.0,707.121041442004,pieron
1430,23_epo,38.0,707.1210414420038,pieron
1431,23_epo,39.0,707.1210414420035,pieron
1432,23_epo,40.0,707.1210414420033,pieron
1433,23_epo,41.0,707.1210414420032,pieron
1434,23_epo,42.0,707.1210414420028,pieron
1435,23_epo,43.0,707.1210414420027,pieron
1436,23_epo,44.0,707.1210414420025,pieron
1437,23_epo,45.0,707.1210414420024,pieron
1438,23_epo,46.0,707.121041442002,pieron
1439,23_epo,47.0,707.1210414420019,pieron
1440,23_epo,48.0,707.1210414420017,pieron
1441,23_epo,49.0,707.1210414420016,pieron
1442,23_epo,50.0,707.1210414420013,pieron
1443,23_epo,51.0,707.1210414420012,pieron
1444,23_epo,52.0,707.121041442001,pieron
1445,23_epo,53.0,707.1210414420009,pieron
1446,23_epo,54.0,707.1210414420009,pieron
1447,23_epo,55.00000000000001,707.1210414420007,pieron
1448,23_epo,56.00000000000001,707.1210414420005,pieron
1449,23_epo,56.99999999999999,707.1210414420003,pieron
1450,23_epo,57.99999999999999,707.1210414420002,pieron
1451,23_epo,59.0,707.1210414420001,pieron
1452,23_epo,60.0,707.1210414419999,pieron
1453,23_epo,61.0,707.1210414419998,pieron
1454,23_epo,62.0,707.1210414419998,pieron
1455,23_epo,63.0,707.1210414419995,pieron
1456,23_epo,64.0,707.1210414419994,pieron
1457,23_epo,65.0,707.1210414419993,pieron
1458,23_epo,66.0,707.1210414419991,pieron
1459,23_epo,67.0,707.121041441999,pieron
1460,23_epo,68.0,707.121041441999,pieron
1461,23_epo,69.0,707.1210414419987,pieron
1462,23_epo,70.0,707.1210414419986,pieron
1463,23_epo,71.0,707.1210414419984,pieron
1464,23_epo,72.0,707.1210414419984,pieron
1465,23_epo,73.0,707.1210414419983,pieron
1466,23_epo,74.0,707.1210414419982,pieron
1467,23_epo,75.0,707.1210414419979,pieron
1468,23_epo,76.0,707.1210414419979,pieron
1469,23_epo,77.0,707.1210414419978,pieron
1470,23_epo,78.0,707.1210414419976,pieron
1471,23_epo,79.0,707.1210414419976,pieron
1472,23_epo,80.0,707.1210414419975,pieron
1473,23_epo,81.0,707.1210414419974,pieron
1474,23_epo,82.0,707.1210414419974,pieron
1475,23_epo,83.0,707.1210414419971,pieron
1476,23_epo,84.0,707.121041441997,pieron
1477,23_epo,85.0,707.121041441997,pieron
1478,23_epo,86.0,707.1210414419968,pieron
1479,23_epo,87.0,707.1210414419967,pieron
1480,23_epo,88.0,707.1210414419967,pieron
1481,23_epo,89.0,707.1210414419965,pieron
1482,23_epo,90.0,707.1210414419965,pieron
1483,23_epo,91.0,707.1210414419963,pieron
1484,23_epo,92.0,707.1210414419962,pieron
1485,23_epo,93.0,707.1210414419962,pieron
1486,23_epo,94.0,707.1210414419961,pieron
1487,23_epo,95.0,707.1210414419961,pieron
1488,24_epo,3.0,1091.0089666193176,pieron
1489,24_epo,4.0,1091.0089666193176,pieron
1490,24_epo,5.0,1091.0089666193176,pieron
1491,24_epo,6.0,1091.0089666193176,pieron
1492,24_epo,7.000000000000001,1091.0089666193176,pieron
1493,24_epo,8.0,1091.0089666193176,pieron
1494,24_epo,9.0,1091.0089666193176,pieron
1495,24_epo,10.0,1091.0089666193176,pieron
1496,24_epo,11.0,1091.0089666193176,pieron
1497,24_epo,12.0,1091.0089666193176,pieron
1498,24_epo,13.0,1091.0089666193176,pieron
1499,24_epo,14.000000000000002,1091.0089666193176,pieron
1500,24_epo,15.0,1091.0089666193176,pieron
1501,24_epo,16.0,1091.0089666193176,pieron
1502,24_epo,17.0,1091.0089666193176,pieron
1503,24_epo,18.0,1091.0089666193176,pieron
1504,24_epo,19.0,1091.0089666193176,pieron
1505,24_epo,20.0,1091.0089666193176,pieron
1506,24_epo,21.0,1091.0089666193176,pieron
1507,24_epo,22.0,1091.0089666193176,pieron
1508,24_epo,23.0,1091.0089666193176,pieron
1509,24_epo,24.0,1091.0089666193176,pieron
1510,24_epo,25.0,1091.0089666193176,pieron
1511,24_epo,26.0,1091.0089666193176,pieron
1512,24_epo,27.0,1091.0089666193176,pieron
1513,24_epo,28.000000000000004,1091.0089666193176,pieron
1514,24_epo,28.999999999999996,1091.0089666193176,pieron
1515,24_epo,30.0,1091.0089666193176,pieron
1516,24_epo,31.0,1091.0089666193176,pieron
1517,24_epo,32.0,1091.0089666193176,pieron
1518,24_epo,33.0,1091.0089666193176,pieron
1519,24_epo,34.0,1091.0089666193176,pieron
1520,24_epo,35.0,1091.0089666193176,pieron
1521,24_epo,36.0,1091.0089666193176,pieron
1522,24_epo,37.0,1091.0089666193176,pieron
1523,24_epo,38.0,1091.0089666193176,pieron
1524,24_epo,39.0,1091.0089666193176,pieron
1525,24_epo,40.0,1091.0089666193176,pieron
1526,24_epo,41.0,1091.0089666193176,pieron
1527,24_epo,42.0,1091.0089666193176,pieron
1528,24_epo,43.0,1091.0089666193176,pieron
1529,24_epo,44.0,1091.0089666193176,pieron
1530,24_epo,45.0,1091.0089666193176,pieron
1531,24_epo,46.0,1091.0089666193176,pieron
1532,24_epo,47.0,1091.0089666193176,pieron
1533,24_epo,48.0,1091.0089666193176,pieron
1534,24_epo,49.0,1091.0089666193176,pieron
1535,24_epo,50.0,1091.0089666193176,pieron
1536,24_epo,51.0,1091.0089666193176,pieron
1537,24_epo,52.0,1091.0089666193176,pieron
1538,24_epo,53.0,1091.0089666193176,pieron
1539,24_epo,54.0,1091.0089666193176,pieron
1540,24_epo,55.00000000000001,1091.0089666193176,pieron
1541,24_epo,56.00000000000001,1091.0089666193176,pieron
1542,24_epo,56.99999999999999,1091.0089666193176,pieron
1543,24_epo,57.99999999999999,1091.0089666193176,pieron
1544,24_epo,59.0,1091.0089666193176,pieron
1545,24_epo,60.0,1091.0089666193176,pieron
1546,24_epo,61.0,1091.0089666193176,pieron
1547,24_epo,62.0,1091.0089666193176,pieron
1548,24_epo,63.0,1091.0089666193176,pieron
1549,24_epo,64.0,1091.0089666193176,pieron
1550,24_epo,65.0,1091.0089666193176,pieron
1551,24_epo,66.0,1091.0089666193176,pieron
1552,24_epo,67.0,1091.0089666193176,pieron
1553,24_epo,68.0,1091.0089666193176,pieron
1554,24_epo,69.0,1091.0089666193176,pieron
1555,24_epo,70.0,1091.0089666193176,pieron
1556,24_epo,71.0,1091.0089666193176,pieron
1557,24_epo,72.0,1091.0089666193176,pieron
1558,24_epo,73.0,1091.0089666193176,pieron
1559,24_epo,74.0,1091.0089666193176,pieron
1560,24_epo,75.0,1091.0089666193176,pieron
1561,24_epo,76.0,1091.0089666193176,pieron
1562,24_epo,77.0,1091.0089666193176,pieron
1563,24_epo,78.0,1091.0089666193176,pieron
1564,24_epo,79.0,1091.0089666193176,pieron
1565,24_epo,80.0,1091.0089666193176,pieron
1566,24_epo,81.0,1091.0089666193176,pieron
1567,24_epo,82.0,1091.0089666193176,pieron
1568,24_epo,83.0,1091.0089666193176,pieron
1569,24_epo,84.0,1091.0089666193176,pieron
1570,24_epo,85.0,1091.0089666193176,pieron
1571,24_epo,86.0,1091.0089666193176,pieron
1572,24_epo,87.0,1091.0089666193176,pieron
1573,24_epo,88.0,1091.0089666193176,pieron
1574,24_epo,89.0,1091.0089666193176,pieron
1575,24_epo,90.0,1091.0089666193176,pieron
1576,24_epo,91.0,1091.0089666193176,pieron
1577,24_epo,92.0,1091.0089666193176,pieron
1578,24_epo,93.0,1091.0089666193176,pieron
1579,24_epo,94.0,1091.0089666193176,pieron
1580,24_epo,95.0,1091.0089666193176,pieron
1581,25_epo,3.0,533.3153332585277,pieron
1582,25_epo,4.0,533.3153332585277,pieron
1583,25_epo,5.0,533.3153332585277,pieron
1584,25_epo,6.0,533.3153332585277,pieron
1585,25_epo,7.000000000000001,533.3153332585277,pieron
1586,25_epo,8.0,533.3153332585277,pieron
1587,25_epo,9.0,533.3153332585277,pieron
1588,25_epo,10.0,533.3153332585277,pieron
1589,25_epo,11.0,533.3153332585277,pieron
1590,25_epo,12.0,533.3153332585277,pieron
1591,25_epo,13.0,533.3153332585277,pieron
1592,25_epo,14.000000000000002,533.3153332585277,pieron
1593,25_epo,15.0,533.3153332585277,pieron
1594,25_epo,16.0,533.3153332585277,pieron
1595,25_epo,17.0,533.3153332585277,pieron
1596,25_epo,18.0,533.3153332585277,pieron
1597,25_epo,19.0,533.3153332585277,pieron
1598,25_epo,20.0,533.3153332585277,pieron
1599,25_epo,21.0,533.3153332585277,pieron
1600,25_epo,22.0,533.3153332585277,pieron
1601,25_epo,23.0,533.3153332585277,pieron
1602,25_epo,24.0,533.3153332585277,pieron
1603,25_epo,25.0,533.3153332585277,pieron
1604,25_epo,26.0,533.3153332585277,pieron
1605,25_epo,27.0,533.3153332585277,pieron
1606,25_epo,28.000000000000004,533.3153332585277,pieron
1607,25_epo,28.999999999999996,533.3153332585277,pieron
1608,25_epo,30.0,533.3153332585277,pieron
1609,25_epo,31.0,533.3153332585277,pieron
1610,25_epo,32.0,533.3153332585277,pieron
1611,25_epo,33.0,533.3153332585277,pieron
1612,25_epo,34.0,533.3153332585277,pieron
1613,25_epo,35.0,533.3153332585277,pieron
1614,25_epo,36.0,533.3153332585277,pieron
1615,25_epo,37.0,533.3153332585277,pieron
1616,25_epo,38.0,533.3153332585277,pieron
1617,25_epo,39.0,533.3153332585277,pieron
1618,25_epo,40.0,533.3153332585277,pieron
1619,25_epo,41.0,533.3153332585277,pieron
1620,25_epo,42.0,533.3153332585277,pieron
1621,25_epo,43.0,533.3153332585277,pieron
1622,25_epo,44.0,533.3153332585277,pieron
1623,25_epo,45.0,533.3153332585277,pieron
1624,25_epo,46.0,533.3153332585277,pieron
1625,25_epo,47.0,533.3153332585277,pieron
1626,25_epo,48.0,533.3153332585277,pieron
1627,25_epo,49.0,533.3153332585277,pieron
1628,25_epo,50.0,533.3153332585277,pieron
1629,25_epo,51.0,533.3153332585277,pieron
1630,25_epo,52.0,533.3153332585277,pieron
1631,25_epo,53.0,533.3153332585277,pieron
1632,25_epo,54.0,533.3153332585277,pieron
1633,25_epo,55.00000000000001,533.3153332585277,pieron
1634,25_epo,56.00000000000001,533.3153332585277,pieron
1635,25_epo,56.99999999999999,533.3153332585277,pieron
1636,25_epo,57.99999999999999,533.3153332585277,pieron
1637,25_epo,59.0,533.3153332585277,pieron
1638,25_epo,60.0,533.3153332585277,pieron
1639,25_epo,61.0,533.3153332585277,pieron
1640,25_epo,62.0,533.3153332585277,pieron
1641,25_epo,63.0,533.3153332585277,pieron
1642,25_epo,64.0,533.3153332585277,pieron
1643,25_epo,65.0,533.3153332585277,pieron
1644,25_epo,66.0,533.3153332585277,pieron
1645,25_epo,67.0,533.3153332585277,pieron
1646,25_epo,68.0,533.3153332585277,pieron
1647,25_epo,69.0,533.3153332585277,pieron
1648,25_epo,70.0,533.3153332585277,pieron
1649,25_epo,71.0,533.3153332585277,pieron
1650,25_epo,72.0,533.3153332585277,pieron
1651,25_epo,73.0,533.3153332585277,pieron
1652,25_epo,74.0,533.3153332585277,pieron
1653,25_epo,75.0,533.3153332585277,pieron
1654,25_epo,76.0,533.3153332585277,pieron
1655,25_epo,77.0,533.3153332585277,pieron
1656,25_epo,78.0,533.3153332585277,pieron
1657,25_epo,79.0,533.3153332585277,pieron
1658,25_epo,80.0,533.3153332585277,pieron
1659,25_epo,81.0,533.3153332585277,pieron
1660,25_epo,82.0,533.3153332585277,pieron
1661,25_epo,83.0,533.3153332585277,pieron
1662,25_epo,84.0,533.3153332585277,pieron
1663,25_epo,85.0,533.3153332585277,pieron
1664,25_epo,86.0,533.3153332585277,pieron
1665,25_epo,87.0,533.3153332585277,pieron
1666,25_epo,88.0,533.3153332585277,pieron
1667,25_epo,89.0,533.3153332585277,pieron
1668,25_epo,90.0,533.3153332585277,pieron
1669,25_epo,91.0,533.3153332585277,pieron
1670,25_epo,92.0,533.3153332585277,pieron
1671,25_epo,93.0,533.3153332585277,pieron
1672,25_epo,94.0,533.3153332585277,pieron
1673,25_epo,95.0,533.3153332585277,pieron
1674,2_epo,3.0,950.0863943994221,pieron
1675,2_epo,4.0,950.0863943994221,pieron
1676,2_epo,5.0,950.0863943994219,pieron
1677,2_epo,6.0,950.0863943994219,pieron
1678,2_epo,7.000000000000001,950.0863943994219,pieron
1679,2_epo,8.0,950.0863943994219,pieron
1680,2_epo,9.0,950.0863943994219,pieron
1681,2_epo,10.0,950.0863943994219,pieron
1682,2_epo,11.0,950.0863943994217,pieron
1683,2_epo,12.0,950.0863943994217,pieron
1684,2_epo,13.0,950.0863943994217,pieron
1685,2_epo,14.000000000000002,950.0863943994217,pieron
1686,2_epo,15.0,950.0863943994217,pieron
1687,2_epo,16.0,950.0863943994217,pieron
1688,2_epo,17.0,950.0863943994217,pieron
1689,2_epo,18.0,950.0863943994217,pieron
1690,2_epo,19.0,950.0863943994217,pieron
1691,2_epo,20.0,950.0863943994217,pieron
1692,2_epo,21.0,950.0863943994217,pieron
1693,2_epo,22.0,950.0863943994217,pieron
1694,2_epo,23.0,950.0863943994217,pieron
1695,2_epo,24.0,950.0863943994217,pieron
1696,2_epo,25.0,950.0863943994217,pieron
1697,2_epo,26.0,950.0863943994217,pieron
1698,2_epo,27.0,950.0863943994215,pieron
1699,2_epo,28.000000000000004,950.0863943994215,pieron
1700,2_epo,28.999999999999996,950.0863943994215,pieron
1701,2_epo,30.0,950.0863943994215,pieron
1702,2_epo,31.0,950.0863943994215,pieron
1703,2_epo,32.0,950.0863943994215,pieron
1704,2_epo,33.0,950.0863943994215,pieron
1705,2_epo,34.0,950.0863943994215,pieron
1706,2_epo,35.0,950.0863943994215,pieron
1707,2_epo,36.0,950.0863943994215,pieron
1708,2_epo,37.0,950.0863943994215,pieron
1709,2_epo,38.0,950.0863943994215,pieron
1710,2_epo,39.0,950.0863943994215,pieron
1711,2_epo,40.0,950.0863943994215,pieron
1712,2_epo,41.0,950.0863943994215,pieron
1713,2_epo,42.0,950.0863943994215,pieron
1714,2_epo,43.0,950.0863943994215,pieron
1715,2_epo,44.0,950.0863943994215,pieron
1716,2_epo,45.0,950.0863943994215,pieron
1717,2_epo,46.0,950.0863943994215,pieron
1718,2_epo,47.0,950.0863943994215,pieron
1719,2_epo,48.0,950.0863943994215,pieron
1720,2_epo,49.0,950.0863943994215,pieron
1721,2_epo,50.0,950.0863943994215,pieron
1722,2_epo,51.0,950.0863943994215,pieron
1723,2_epo,52.0,950.0863943994215,pieron
1724,2_epo,53.0,950.0863943994215,pieron
1725,2_epo,54.0,950.0863943994215,pieron
1726,2_epo,55.00000000000001,950.0863943994215,pieron
1727,2_epo,56.00000000000001,950.0863943994215,pieron
1728,2_epo,56.99999999999999,950.0863943994215,pieron
1729,2_epo,57.99999999999999,950.0863943994215,pieron
1730,2_epo,59.0,950.0863943994215,pieron
1731,2_epo,60.0,950.0863943994215,pieron
1732,2_epo,61.0,950.0863943994215,pieron
1733,2_epo,62.0,950.0863943994215,pieron
1734,2_epo,63.0,950.0863943994215,pieron
1735,2_epo,64.0,950.0863943994215,pieron
1736,2_epo,65.0,950.0863943994212,pieron
1737,2_epo,66.0,950.0863943994212,pieron
1738,2_epo,67.0,950.0863943994212,pieron
1739,2_epo,68.0,950.0863943994212,pieron
1740,2_epo,69.0,950.0863943994212,pieron
1741,2_epo,70.0,950.0863943994212,pieron
1742,2_epo,71.0,950.0863943994212,pieron
1743,2_epo,72.0,950.0863943994212,pieron
1744,2_epo,73.0,950.0863943994212,pieron
1745,2_epo,74.0,950.0863943994212,pieron
1746,2_epo,75.0,950.0863943994212,pieron
1747,2_epo,76.0,950.0863943994212,pieron
1748,2_epo,77.0,950.0863943994212,pieron
1749,2_epo,78.0,950.0863943994212,pieron
1750,2_epo,79.0,950.0863943994212,pieron
1751,2_epo,80.0,950.0863943994212,pieron
1752,2_epo,81.0,950.0863943994212,pieron
1753,2_epo,82.0,950.0863943994212,pieron
1754,2_epo,83.0,950.0863943994212,pieron
1755,2_epo,84.0,950.0863943994212,pieron
1756,2_epo,85.0,950.0863943994212,pieron
1757,2_epo,86.0,950.0863943994212,pieron
1758,2_epo,87.0,950.0863943994212,pieron
1759,2_epo,88.0,950.0863943994212,pieron
1760,2_epo,89.0,950.0863943994212,pieron
1761,2_epo,90.0,950.0863943994212,pieron
1762,2_epo,91.0,950.0863943994212,pieron
1763,2_epo,92.0,950.0863943994212,pieron
1764,2_epo,93.0,950.0863943994212,pieron
1765,2_epo,94.0,950.0863943994212,pieron
1766,2_epo,95.0,950.0863943994212,pieron
1767,3_epo,3.0,571.6523933756799,pieron
1768,3_epo,4.0,571.6523933756799,pieron
1769,3_epo,5.0,571.6523933756799,pieron
1770,3_epo,6.0,571.6523933756799,pieron
1771,3_epo,7.000000000000001,571.6523933756799,pieron
1772,3_epo,8.0,571.6523933756799,pieron
1773,3_epo,9.0,571.6523933756799,pieron
1774,3_epo,10.0,571.6523933756799,pieron
1775,3_epo,11.0,571.6523933756799,pieron
1776,3_epo,12.0,571.6523933756799,pieron
1777,3_epo,13.0,571.6523933756799,pieron
1778,3_epo,14.000000000000002,571.6523933756799,pieron
1779,3_epo,15.0,571.6523933756799,pieron
1780,3_epo,16.0,571.6523933756799,pieron
1781,3_epo,17.0,571.6523933756799,pieron
1782,3_epo,18.0,571.6523933756799,pieron
1783,3_epo,19.0,571.6523933756799,pieron
1784,3_epo,20.0,571.6523933756799,pieron
1785,3_epo,21.0,571.6523933756799,pieron
1786,3_epo,22.0,571.6523933756799,pieron
1787,3_epo,23.0,571.6523933756799,pieron
1788,3_epo,24.0,571.6523933756799,pieron
1789,3_epo,25.0,571.6523933756799,pieron
1790,3_epo,26.0,571.6523933756799,pieron
1791,3_epo,27.0,571.6523933756799,pieron
1792,3_epo,28.000000000000004,571.6523933756799,pieron
1793,3_epo,28.999999999999996,571.6523933756799,pieron
1794,3_epo,30.0,571.6523933756799,pieron
1795,3_epo,31.0,571.6523933756799,pieron
1796,3_epo,32.0,571.6523933756799,pieron
1797,3_epo,33.0,571.6523933756799,pieron
1798,3_epo,34.0,571.6523933756799,pieron
1799,3_epo,35.0,571.6523933756799,pieron
1800,3_epo,36.0,571.6523933756799,pieron
1801,3_epo,37.0,571.6523933756799,pieron
1802,3_epo,38.0,571.6523933756799,pieron
1803,3_epo,39.0,571.6523933756799,pieron
1804,3_epo,40.0,571.6523933756799,pieron
1805,3_epo,41.0,571.6523933756799,pieron
1806,3_epo,42.0,571.6523933756799,pieron
1807,3_epo,43.0,571.6523933756799,pieron
1808,3_epo,44.0,571.6523933756799,pieron
1809,3_epo,45.0,571.6523933756799,pieron
1810,3_epo,46.0,571.6523933756799,pieron
1811,3_epo,47.0,571.6523933756799,pieron
1812,3_epo,48.0,571.6523933756799,pieron
1813,3_epo,49.0,571.6523933756799,pieron
1814,3_epo,50.0,571.6523933756799,pieron
1815,3_epo,51.0,571.6523933756799,pieron
1816,3_epo,52.0,571.6523933756799,pieron
1817,3_epo,53.0,571.6523933756799,pieron
1818,3_epo,54.0,571.6523933756799,pieron
1819,3_epo,55.00000000000001,571.6523933756799,pieron
1820,3_epo,56.00000000000001,571.6523933756799,pieron
1821,3_epo,56.99999999999999,571.6523933756799,pieron
1822,3_epo,57.99999999999999,571.6523933756799,pieron
1823,3_epo,59.0,571.6523933756799,pieron
1824,3_epo,60.0,571.6523933756799,pieron
1825,3_epo,61.0,571.6523933756799,pieron
1826,3_epo,62.0,571.6523933756799,pieron
1827,3_epo,63.0,571.6523933756799,pieron
1828,3_epo,64.0,571.6523933756799,pieron
1829,3_epo,65.0,571.6523933756799,pieron
1830,3_epo,66.0,571.6523933756799,pieron
1831,3_epo,67.0,571.6523933756799,pieron
1832,3_epo,68.0,571.6523933756799,pieron
1833,3_epo,69.0,571.6523933756799,pieron
1834,3_epo,70.0,571.6523933756799,pieron
1835,3_epo,71.0,571.6523933756799,pieron
1836,3_epo,72.0,571.6523933756799,pieron
1837,3_epo,73.0,571.6523933756799,pieron
1838,3_epo,74.0,571.6523933756799,pieron
1839,3_epo,75.0,571.6523933756799,pieron
1840,3_epo,76.0,571.6523933756799,pieron
1841,3_epo,77.0,571.6523933756799,pieron
1842,3_epo,78.0,571.6523933756799,pieron
1843,3_epo,79.0,571.6523933756799,pieron
1844,3_epo,80.0,571.6523933756799,pieron
1845,3_epo,81.0,571.6523933756799,pieron
1846,3_epo,82.0,571.6523933756799,pieron
1847,3_epo,83.0,571.6523933756799,pieron
1848,3_epo,84.0,571.6523933756799,pieron
1849,3_epo,85.0,571.6523933756799,pieron
1850,3_epo,86.0,571.6523933756799,pieron
1851,3_epo,87.0,571.6523933756799,pieron
1852,3_epo,88.0,571.6523933756799,pieron
1853,3_epo,89.0,571.6523933756799,pieron
1854,3_epo,90.0,571.6523933756799,pieron
1855,3_epo,91.0,571.6523933756799,pieron
1856,3_epo,92.0,571.6523933756799,pieron
1857,3_epo,93.0,571.6523933756799,pieron
1858,3_epo,94.0,571.6523933756799,pieron
1859,3_epo,95.0,571.6523933756799,pieron
1860,4_epo,3.0,511.10308997651333,pieron
1861,4_epo,4.0,511.103089976513,pieron
1862,4_epo,5.0,511.10308997651276,pieron
1863,4_epo,6.0,511.10308997651265,pieron
1864,4_epo,7.000000000000001,511.10308997651254,pieron
1865,4_epo,8.0,511.1030899765124,pieron
1866,4_epo,9.0,511.1030899765123,pieron
1867,4_epo,10.0,511.1030899765123,pieron
1868,4_epo,11.0,511.1030899765122,pieron
1869,4_epo,12.0,511.1030899765121,pieron
1870,4_epo,13.0,511.1030899765121,pieron
1871,4_epo,14.000000000000002,511.10308997651197,pieron
1872,4_epo,15.0,511.10308997651197,pieron
1873,4_epo,16.0,511.1030899765119,pieron
1874,4_epo,17.0,511.1030899765119,pieron
1875,4_epo,18.0,511.1030899765119,pieron
1876,4_epo,19.0,511.1030899765118,pieron
1877,4_epo,20.0,511.1030899765118,pieron
1878,4_epo,21.0,511.1030899765118,pieron
1879,4_epo,22.0,511.1030899765117,pieron
1880,4_epo,23.0,511.1030899765117,pieron
1881,4_epo,24.0,511.1030899765117,pieron
1882,4_epo,25.0,511.10308997651157,pieron
1883,4_epo,26.0,511.10308997651157,pieron
1884,4_epo,27.0,511.10308997651157,pieron
1885,4_epo,28.000000000000004,511.10308997651157,pieron
1886,4_epo,28.999999999999996,511.10308997651146,pieron
1887,4_epo,30.0,511.10308997651146,pieron
1888,4_epo,31.0,511.10308997651146,pieron
1889,4_epo,32.0,511.10308997651146,pieron
1890,4_epo,33.0,511.10308997651134,pieron
1891,4_epo,34.0,511.10308997651134,pieron
1892,4_epo,35.0,511.10308997651134,pieron
1893,4_epo,36.0,511.10308997651134,pieron
1894,4_epo,37.0,511.10308997651134,pieron
1895,4_epo,38.0,511.10308997651134,pieron
1896,4_epo,39.0,511.1030899765112,pieron
1897,4_epo,40.0,511.1030899765112,pieron
1898,4_epo,41.0,511.1030899765112,pieron
1899,4_epo,42.0,511.1030899765112,pieron
1900,4_epo,43.0,511.1030899765112,pieron
1901,4_epo,44.0,511.1030899765112,pieron
1902,4_epo,45.0,511.1030899765111,pieron
1903,4_epo,46.0,511.1030899765111,pieron
1904,4_epo,47.0,511.1030899765111,pieron
1905,4_epo,48.0,511.1030899765111,pieron
1906,4_epo,49.0,511.1030899765111,pieron
1907,4_epo,50.0,511.1030899765111,pieron
1908,4_epo,51.0,511.1030899765111,pieron
1909,4_epo,52.0,511.103089976511,pieron
1910,4_epo,53.0,511.103089976511,pieron
1911,4_epo,54.0,511.103089976511,pieron
1912,4_epo,55.00000000000001,511.103089976511,pieron
1913,4_epo,56.00000000000001,511.103089976511,pieron
1914,4_epo,56.99999999999999,511.103089976511,pieron
1915,4_epo,57.99999999999999,511.103089976511,pieron
1916,4_epo,59.0,511.103089976511,pieron
1917,4_epo,60.0,511.1030899765109,pieron
1918,4_epo,61.0,511.1030899765109,pieron
1919,4_epo,62.0,511.1030899765109,pieron
1920,4_epo,63.0,511.1030899765109,pieron
1921,4_epo,64.0,511.1030899765109,pieron
1922,4_epo,65.0,511.1030899765109,pieron
1923,4_epo,66.0,511.1030899765109,pieron
1924,4_epo,67.0,511.1030899765109,pieron
1925,4_epo,68.0,511.1030899765109,pieron
1926,4_epo,69.0,511.1030899765109,pieron
1927,4_epo,70.0,511.1030899765108,pieron
1928,4_epo,71.0,511.1030899765108,pieron
1929,4_epo,72.0,511.1030899765108,pieron
1930,4_epo,73.0,511.1030899765108,pieron
1931,4_epo,74.0,511.1030899765108,pieron
1932,4_epo,75.0,511.1030899765108,pieron
1933,4_epo,76.0,511.1030899765108,pieron
1934,4_epo,77.0,511.1030899765108,pieron
1935,4_epo,78.0,511.1030899765108,pieron
1936,4_epo,79.0,511.1030899765108,pieron
1937,4_epo,80.0,511.1030899765108,pieron
1938,4_epo,81.0,511.10308997651066,pieron
1939,4_epo,82.0,511.10308997651066,pieron
1940,4_epo,83.0,511.10308997651066,pieron
1941,4_epo,84.0,511.10308997651066,pieron
1942,4_epo,85.0,511.10308997651066,pieron
1943,4_epo,86.0,511.10308997651066,pieron
1944,4_epo,87.0,511.10308997651066,pieron
1945,4_epo,88.0,511.10308997651066,pieron
1946,4_epo,89.0,511.10308997651066,pieron
1947,4_epo,90.0,511.10308997651066,pieron
1948,4_epo,91.0,511.10308997651066,pieron
1949,4_epo,92.0,511.10308997651066,pieron
1950,4_epo,93.0,511.10308997651055,pieron
1951,4_epo,94.0,511.10308997651055,pieron
1952,4_epo,95.0,511.10308997651055,pieron
1953,5_epo,3.0,497.3405005053615,pieron
1954,5_epo,4.0,497.3405005053615,pieron
1955,5_epo,5.0,497.3405005053615,pieron
1956,5_epo,6.0,497.3405005053615,pieron
1957,5_epo,7.000000000000001,497.3405005053615,pieron
1958,5_epo,8.0,497.3405005053615,pieron
1959,5_epo,9.0,497.3405005053615,pieron
1960,5_epo,10.0,497.3405005053615,pieron
1961,5_epo,11.0,497.3405005053615,pieron
1962,5_epo,12.0,497.3405005053615,pieron
1963,5_epo,13.0,497.3405005053615,pieron
1964,5_epo,14.000000000000002,497.3405005053615,pieron
1965,5_epo,15.0,497.3405005053615,pieron
1966,5_epo,16.0,497.3405005053615,pieron
1967,5_epo,17.0,497.3405005053615,pieron
1968,5_epo,18.0,497.3405005053615,pieron
1969,5_epo,19.0,497.3405005053615,pieron
1970,5_epo,20.0,497.3405005053615,pieron
1971,5_epo,21.0,497.3405005053615,pieron
1972,5_epo,22.0,497.3405005053615,pieron
1973,5_epo,23.0,497.3405005053615,pieron
1974,5_epo,24.0,497.3405005053615,pieron
1975,5_epo,25.0,497.3405005053615,pieron
1976,5_epo,26.0,497.3405005053615,pieron
1977,5_epo,27.0,497.3405005053614,pieron
1978,5_epo,28.000000000000004,497.3405005053614,pieron
1979,5_epo,28.999999999999996,497.3405005053614,pieron
1980,5_epo,30.0,497.3405005053614,pieron
1981,5_epo,31.0,497.3405005053614,pieron
1982,5_epo,32.0,497.3405005053614,pieron
1983,5_epo,33.0,497.3405005053614,pieron
1984,5_epo,34.0,497.3405005053614,pieron
1985,5_epo,35.0,497.3405005053614,pieron
1986,5_epo,36.0,497.3405005053614,pieron
1987,5_epo,37.0,497.3405005053614,pieron
1988,5_epo,38.0,497.3405005053614,pieron
1989,5_epo,39.0,497.3405005053614,pieron
1990,5_epo,40.0,497.3405005053614,pieron
1991,5_epo,41.0,497.3405005053614,pieron
1992,5_epo,42.0,497.3405005053614,pieron
1993,5_epo,43.0,497.3405005053614,pieron
1994,5_epo,44.0,497.3405005053614,pieron
1995,5_epo,45.0,497.3405005053614,pieron
1996,5_epo,46.0,497.3405005053614,pieron
1997,5_epo,47.0,497.3405005053614,pieron
1998,5_epo,48.0,497.3405005053614,pieron
1999,5_epo,49.0,497.3405005053614,pieron
2000,5_epo,50.0,497.3405005053614,pieron
2001,5_epo,51.0,497.3405005053614,pieron
2002,5_epo,52.0,497.3405005053614,pieron
2003,5_epo,53.0,497.3405005053614,pieron
2004,5_epo,54.0,497.3405005053614,pieron
2005,5_epo,55.00000000000001,497.3405005053614,pieron
2006,5_epo,56.00000000000001,497.3405005053614,pieron
2007,5_epo,56.99999999999999,497.3405005053614,pieron
2008,5_epo,57.99999999999999,497.3405005053614,pieron
2009,5_epo,59.0,497.3405005053614,pieron
2010,5_epo,60.0,497.3405005053614,pieron
2011,5_epo,61.0,497.3405005053614,pieron
2012,5_epo,62.0,497.3405005053614,pieron
2013,5_epo,63.0,497.3405005053614,pieron
2014,5_epo,64.0,497.3405005053614,pieron
2015,5_epo,65.0,497.3405005053614,pieron
2016,5_epo,66.0,497.3405005053614,pieron
2017,5_epo,67.0,497.3405005053614,pieron
2018,5_epo,68.0,497.3405005053614,pieron
2019,5_epo,69.0,497.3405005053614,pieron
2020,5_epo,70.0,497.3405005053614,pieron
2021,5_epo,71.0,497.3405005053614,pieron
2022,5_epo,72.0,497.3405005053614,pieron
2023,5_epo,73.0,497.3405005053614,pieron
2024,5_epo,74.0,497.3405005053614,pieron
2025,5_epo,75.0,497.3405005053614,pieron
2026,5_epo,76.0,497.3405005053614,pieron
2027,5_epo,77.0,497.3405005053614,pieron
2028,5_epo,78.0,497.3405005053614,pieron
2029,5_epo,79.0,497.3405005053614,pieron
2030,5_epo,80.0,497.3405005053614,pieron
2031,5_epo,81.0,497.3405005053614,pieron
2032,5_epo,82.0,497.3405005053614,pieron
2033,5_epo,83.0,497.3405005053614,pieron
2034,5_epo,84.0,497.3405005053614,pieron
2035,5_epo,85.0,497.3405005053614,pieron
2036,5_epo,86.0,497.3405005053614,pieron
2037,5_epo,87.0,497.3405005053614,pieron
2038,5_epo,88.0,497.3405005053614,pieron
2039,5_epo,89.0,497.3405005053614,pieron
2040,5_epo,90.0,497.3405005053614,pieron
2041,5_epo,91.0,497.3405005053614,pieron
2042,5_epo,92.0,497.3405005053614,pieron
2043,5_epo,93.0,497.3405005053614,pieron
2044,5_epo,94.0,497.3405005053614,pieron
2045,5_epo,95.0,497.3405005053614,pieron
2046,6_epo,3.0,934.3896004767196,pieron
2047,6_epo,4.0,934.3896004767194,pieron
2048,6_epo,5.0,934.3896004767194,pieron
2049,6_epo,6.0,934.3896004767191,pieron
2050,6_epo,7.000000000000001,934.3896004767191,pieron
2051,6_epo,8.0,934.3896004767189,pieron
2052,6_epo,9.0,934.3896004767189,pieron
2053,6_epo,10.0,934.3896004767189,pieron
2054,6_epo,11.0,934.3896004767189,pieron
2055,6_epo,12.0,934.3896004767187,pieron
2056,6_epo,13.0,934.3896004767187,pieron
2057,6_epo,14.000000000000002,934.3896004767187,pieron
2058,6_epo,15.0,934.3896004767187,pieron
2059,6_epo,16.0,934.3896004767187,pieron
2060,6_epo,17.0,934.3896004767187,pieron
2061,6_epo,18.0,934.3896004767184,pieron
2062,6_epo,19.0,934.3896004767184,pieron
2063,6_epo,20.0,934.3896004767184,pieron
2064,6_epo,21.0,934.3896004767184,pieron
2065,6_epo,22.0,934.3896004767184,pieron
2066,6_epo,23.0,934.3896004767184,pieron
2067,6_epo,24.0,934.3896004767184,pieron
2068,6_epo,25.0,934.3896004767184,pieron
2069,6_epo,26.0,934.3896004767183,pieron
2070,6_epo,27.0,934.3896004767183,pieron
2071,6_epo,28.000000000000004,934.3896004767183,pieron
2072,6_epo,28.999999999999996,934.3896004767183,pieron
2073,6_epo,30.0,934.3896004767183,pieron
2074,6_epo,31.0,934.3896004767183,pieron
2075,6_epo,32.0,934.3896004767183,pieron
2076,6_epo,33.0,934.3896004767183,pieron
2077,6_epo,34.0,934.3896004767183,pieron
2078,6_epo,35.0,934.3896004767183,pieron
2079,6_epo,36.0,934.3896004767183,pieron
2080,6_epo,37.0,934.3896004767183,pieron
2081,6_epo,38.0,934.3896004767181,pieron
2082,6_epo,39.0,934.3896004767181,pieron
2083,6_epo,40.0,934.3896004767181,pieron
2084,6_epo,41.0,934.3896004767181,pieron
2085,6_epo,42.0,934.3896004767181,pieron
2086,6_epo,43.0,934.3896004767181,pieron
2087,6_epo,44.0,934.3896004767181,pieron
2088,6_epo,45.0,934.3896004767181,pieron
2089,6_epo,46.0,934.3896004767181,pieron
2090,6_epo,47.0,934.3896004767181,pieron
2091,6_epo,48.0,934.3896004767181,pieron
2092,6_epo,49.0,934.3896004767181,pieron
2093,6_epo,50.0,934.3896004767181,pieron
2094,6_epo,51.0,934.3896004767181,pieron
2095,6_epo,52.0,934.3896004767181,pieron
2096,6_epo,53.0,934.3896004767181,pieron
2097,6_epo,54.0,934.3896004767181,pieron
2098,6_epo,55.00000000000001,934.3896004767181,pieron
2099,6_epo,56.00000000000001,934.3896004767179,pieron
2100,6_epo,56.99999999999999,934.3896004767179,pieron
2101,6_epo,57.99999999999999,934.3896004767179,pieron
2102,6_epo,59.0,934.3896004767179,pieron
2103,6_epo,60.0,934.3896004767179,pieron
2104,6_epo,61.0,934.3896004767179,pieron
2105,6_epo,62.0,934.3896004767179,pieron
2106,6_epo,63.0,934.3896004767179,pieron
2107,6_epo,64.0,934.3896004767179,pieron
2108,6_epo,65.0,934.3896004767179,pieron
2109,6_epo,66.0,934.3896004767179,pieron
2110,6_epo,67.0,934.3896004767179,pieron
2111,6_epo,68.0,934.3896004767179,pieron
2112,6_epo,69.0,934.3896004767179,pieron
2113,6_epo,70.0,934.3896004767179,pieron
2114,6_epo,71.0,934.3896004767179,pieron
2115,6_epo,72.0,934.3896004767179,pieron
2116,6_epo,73.0,934.3896004767179,pieron
2117,6_epo,74.0,934.3896004767179,pieron
2118,6_epo,75.0,934.3896004767179,pieron
2119,6_epo,76.0,934.3896004767179,pieron
2120,6_epo,77.0,934.3896004767179,pieron
2121,6_epo,78.0,934.3896004767179,pieron
2122,6_epo,79.0,934.3896004767179,pieron
2123,6_epo,80.0,934.3896004767179,pieron
2124,6_epo,81.0,934.3896004767179,pieron
2125,6_epo,82.0,934.3896004767179,pieron
2126,6_epo,83.0,934.3896004767178,pieron
2127,6_epo,84.0,934.3896004767178,pieron
2128,6_epo,85.0,934.3896004767178,pieron
2129,6_epo,86.0,934.3896004767178,pieron
2130,6_epo,87.0,934.3896004767178,pieron
2131,6_epo,88.0,934.3896004767178,pieron
2132,6_epo,89.0,934.3896004767178,pieron
2133,6_epo,90.0,934.3896004767178,pieron
2134,6_epo,91.0,934.3896004767178,pieron
2135,6_epo,92.0,934.3896004767178,pieron
2136,6_epo,93.0,934.3896004767178,pieron
2137,6_epo,94.0,934.3896004767178,pieron
2138,6_epo,95.0,934.3896004767178,pieron
2139,7_epo,3.0,707.0786204128834,pieron
2140,7_epo,4.0,707.0786204128834,pieron
2141,7_epo,5.0,707.0786204128834,pieron
2142,7_epo,6.0,707.0786204128834,pieron
2143,7_epo,7.000000000000001,707.0786204128834,pieron
2144,7_epo,8.0,707.0786204128834,pieron
2145,7_epo,9.0,707.0786204128834,pieron
2146,7_epo,10.0,707.0786204128834,pieron
2147,7_epo,11.0,707.0786204128834,pieron
2148,7_epo,12.0,707.0786204128834,pieron
2149,7_epo,13.0,707.0786204128834,pieron
2150,7_epo,14.000000000000002,707.0786204128834,pieron
2151,7_epo,15.0,707.0786204128834,pieron
2152,7_epo,16.0,707.0786204128834,pieron
2153,7_epo,17.0,707.0786204128834,pieron
2154,7_epo,18.0,707.0786204128834,pieron
2155,7_epo,19.0,707.0786204128834,pieron
2156,7_epo,20.0,707.0786204128834,pieron
2157,7_epo,21.0,707.0786204128834,pieron
2158,7_epo,22.0,707.0786204128834,pieron
2159,7_epo,23.0,707.0786204128834,pieron
2160,7_epo,24.0,707.0786204128834,pieron
2161,7_epo,25.0,707.0786204128834,pieron
2162,7_epo,26.0,707.0786204128834,pieron
2163,7_epo,27.0,707.0786204128834,pieron
2164,7_epo,28.000000000000004,707.0786204128834,pieron
2165,7_epo,28.999999999999996,707.0786204128834,pieron
2166,7_epo,30.0,707.0786204128834,pieron
2167,7_epo,31.0,707.0786204128834,pieron
2168,7_epo,32.0,707.0786204128834,pieron
2169,7_epo,33.0,707.0786204128834,pieron
2170,7_epo,34.0,707.0786204128834,pieron
2171,7_epo,35.0,707.0786204128834,pieron
2172,7_epo,36.0,707.0786204128834,pieron
2173,7_epo,37.0,707.0786204128834,pieron
2174,7_epo,38.0,707.0786204128834,pieron
2175,7_epo,39.0,707.0786204128834,pieron
2176,7_epo,40.0,707.0786204128834,pieron
2177,7_epo,41.0,707.0786204128834,pieron
2178,7_epo,42.0,707.0786204128834,pieron
2179,7_epo,43.0,707.0786204128834,pieron
2180,7_epo,44.0,707.0786204128834,pieron
2181,7_epo,45.0,707.0786204128834,pieron
2182,7_epo,46.0,707.0786204128834,pieron
2183,7_epo,47.0,707.0786204128834,pieron
2184,7_epo,48.0,707.0786204128834,pieron
2185,7_epo,49.0,707.0786204128834,pieron
2186,7_epo,50.0,707.0786204128834,pieron
2187,7_epo,51.0,707.0786204128834,pieron
2188,7_epo,52.0,707.0786204128834,pieron
2189,7_epo,53.0,707.0786204128834,pieron
2190,7_epo,54.0,707.0786204128834,pieron
2191,7_epo,55.00000000000001,707.0786204128834,pieron
2192,7_epo,56.00000000000001,707.0786204128834,pieron
2193,7_epo,56.99999999999999,707.0786204128834,pieron
2194,7_epo,57.99999999999999,707.0786204128834,pieron
2195,7_epo,59.0,707.0786204128834,pieron
2196,7_epo,60.0,707.0786204128834,pieron
2197,7_epo,61.0,707.0786204128834,pieron
2198,7_epo,62.0,707.0786204128834,pieron
2199,7_epo,63.0,707.0786204128834,pieron
2200,7_epo,64.0,707.0786204128834,pieron
2201,7_epo,65.0,707.0786204128834,pieron
2202,7_epo,66.0,707.0786204128834,pieron
2203,7_epo,67.0,707.0786204128834,pieron
2204,7_epo,68.0,707.0786204128834,pieron
2205,7_epo,69.0,707.0786204128834,pieron
2206,7_epo,70.0,707.0786204128834,pieron
2207,7_epo,71.0,707.0786204128834,pieron
2208,7_epo,72.0,707.0786204128834,pieron
2209,7_epo,73.0,707.0786204128834,pieron
2210,7_epo,74.0,707.0786204128834,pieron
2211,7_epo,75.0,707.0786204128834,pieron
2212,7_epo,76.0,707.0786204128834,pieron
2213,7_epo,77.0,707.0786204128834,pieron
2214,7_epo,78.0,707.0786204128834,pieron
2215,7_epo,79.0,707.0786204128834,pieron
2216,7_epo,80.0,707.0786204128834,pieron
2217,7_epo,81.0,707.0786204128834,pieron
2218,7_epo,82.0,707.0786204128834,pieron
2219,7_epo,83.0,707.0786204128834,pieron
2220,7_epo,84.0,707.0786204128834,pieron
2221,7_epo,85.0,707.0786204128834,pieron
2222,7_epo,86.0,707.0786204128834,pieron
2223,7_epo,87.0,707.0786204128834,pieron
2224,7_epo,88.0,707.0786204128834,pieron
2225,7_epo,89.0,707.0786204128834,pieron
2226,7_epo,90.0,707.0786204128834,pieron
2227,7_epo,91.0,707.0786204128834,pieron
2228,7_epo,92.0,707.0786204128834,pieron
2229,7_epo,93.0,707.0786204128834,pieron
2230,7_epo,94.0,707.0786204128834,pieron
2231,7_epo,95.0,707.0786204128834,pieron
2232,8_epo,3.0,430.47850285394804,pieron
2233,8_epo,4.0,430.1624842601544,pieron
2234,8_epo,5.0,429.91752096672013,pieron
2235,8_epo,6.0,429.71747493901347,pieron
2236,8_epo,7.000000000000001,429.5484110554884,pieron
2237,8_epo,8.0,429.4020150234578,pieron
2238,8_epo,9.0,429.27292598646153,pieron
2239,8_epo,10.0,429.1574847920772,pieron
2240,8_epo,11.0,429.05308227331415,pieron
2241,8_epo,12.0,428.9577924187581,pieron
2242,8_epo,13.0,428.8701529387599,pieron
2243,8_epo,14.000000000000002,428.7890274173698,pieron
2244,8_epo,15.0,428.7135151574441,pieron
2245,8_epo,16.0,428.6428901937729,pieron
2246,8_epo,17.0,428.57655883564195,pieron
2247,8_epo,18.0,428.514029368778,pieron
2248,8_epo,19.0,428.4548899635457,pieron
2249,8_epo,20.0,428.39879225885045,pieron
2250,8_epo,21.0,428.3454389572283,pieron
2251,8_epo,22.0,428.2945743096551,pieron
2252,8_epo,23.0,428.24597671816616,pieron
2253,8_epo,24.0,428.199452914706,pieron
2254,8_epo,25.0,428.15483332962066,pieron
2255,8_epo,26.0,428.1119683694844,pieron
2256,8_epo,27.0,428.07072539810116,pieron
2257,8_epo,28.000000000000004,428.0309862670711,pieron
2258,8_epo,28.999999999999996,427.9926452800852,pieron
2259,8_epo,30.0,427.9556075026332,pieron
2260,8_epo,31.0,427.91978734910145,pieron
2261,8_epo,32.0,427.88510739436936,pieron
2262,8_epo,33.0,427.851497368416,pieron
2263,8_epo,34.0,427.8188933011305,pieron
2264,8_epo,35.0,427.7872367911767,pieron
2265,8_epo,36.0,427.75647437792776,pieron
2266,8_epo,37.0,427.72655699951264,pieron
2267,8_epo,38.0,427.6974395231851,pieron
2268,8_epo,39.0,427.6690803367355,pieron
2269,8_epo,40.0,427.6414409916633,pieron
2270,8_epo,41.0,427.6144858904403,pieron
2271,8_epo,42.0,427.58818201148017,pieron
2272,8_epo,43.0,427.5624986664916,pieron
2273,8_epo,44.0,427.5374072857416,pieron
2274,8_epo,45.0,427.5128812274659,pieron
2275,8_epo,46.0,427.48889560823784,pieron
2276,8_epo,47.0,427.46542715159046,pieron
2277,8_epo,48.0,427.44245405258533,pieron
2278,8_epo,49.0,427.41995585635215,pieron
2279,8_epo,50.0,427.3979133489066,pieron
2280,8_epo,51.0,427.37630845878516,pieron
2281,8_epo,52.0,427.35512416823667,pieron
2282,8_epo,53.0,427.334344432878,pieron
2283,8_epo,54.0,427.3139541088626,pieron
2284,8_epo,55.00000000000001,427.29393888673616,pieron
2285,8_epo,56.00000000000001,427.2742852312548,pieron
2286,8_epo,56.99999999999999,427.25498032653235,pieron
2287,8_epo,57.99999999999999,427.23601202596103,pieron
2288,8_epo,59.0,427.2173688064145,pieron
2289,8_epo,60.0,427.19903972630266,pieron
2290,8_epo,61.0,427.18101438709397,pieron
2291,8_epo,62.0,427.1632828979698,pieron
2292,8_epo,63.0,427.14583584330603,pieron
2293,8_epo,64.0,427.1286642527187,pieron
2294,8_epo,65.0,427.1117595734318,pieron
2295,8_epo,66.0,427.09511364475674,pieron
2296,8_epo,67.0,427.0787186744901,pieron
2297,8_epo,68.0,427.06256721706336,pieron
2298,8_epo,69.0,427.046652153286,pieron
2299,8_epo,70.0,427.0309666715483,pieron
2300,8_epo,71.0,427.0155042503573,pieron
2301,8_epo,72.0,427.0002586420956,pieron
2302,8_epo,73.0,426.98522385789977,pieron
2303,8_epo,74.0,426.97039415356915,pieron
2304,8_epo,75.0,426.95576401642,pieron
2305,8_epo,76.0,426.94132815301145,pieron
2306,8_epo,77.0,426.9270814776738,pieron
2307,8_epo,78.0,426.9130191017773,pieron
2308,8_epo,79.0,426.8991363236851,pieron
2309,8_epo,80.0,426.88542861933837,pieron
2310,8_epo,81.0,426.87189163342606,pieron
2311,8_epo,82.0,426.8585211710976,pieron
2312,8_epo,83.0,426.8453131901776,pieron
2313,8_epo,84.0,426.8322637938467,pieron
2314,8_epo,85.0,426.8193692237566,pieron
2315,8_epo,86.0,426.806625853547,pieron
2316,8_epo,87.0,426.7940301827383,pieron
2317,8_epo,88.0,426.7815788309729,pieron
2318,8_epo,89.0,426.7692685325828,pieron
2319,8_epo,90.0,426.7570961314594,pieron
2320,8_epo,91.0,426.74505857620875,pieron
2321,8_epo,92.0,426.73315291557003,pieron
2322,8_epo,93.0,426.7213762940834,pieron
2323,8_epo,94.0,426.7097259479879,pieron
2324,8_epo,95.0,426.69819920133773,pieron
2325,9_epo,3.0,945.502232083318,pieron
2326,9_epo,4.0,945.502232083318,pieron
2327,9_epo,5.0,945.502232083318,pieron
2328,9_epo,6.0,945.502232083318,pieron
2329,9_epo,7.000000000000001,945.502232083318,pieron
2330,9_epo,8.0,945.502232083318,pieron
2331,9_epo,9.0,945.502232083318,pieron
2332,9_epo,10.0,945.502232083318,pieron
2333,9_epo,11.0,945.502232083318,pieron
2334,9_epo,12.0,945.502232083318,pieron
2335,9_epo,13.0,945.502232083318,pieron
2336,9_epo,14.000000000000002,945.502232083318,pieron
2337,9_epo,15.0,945.502232083318,pieron
2338,9_epo,16.0,945.502232083318,pieron
2339,9_epo,17.0,945.502232083318,pieron
2340,9_epo,18.0,945.502232083318,pieron
2341,9_epo,19.0,945.502232083318,pieron
2342,9_epo,20.0,945.502232083318,pieron
2343,9_epo,21.0,945.502232083318,pieron
2344,9_epo,22.0,945.502232083318,pieron
2345,9_epo,23.0,945.502232083318,pieron
2346,9_epo,24.0,945.502232083318,pieron
2347,9_epo,25.0,945.502232083318,pieron
2348,9_epo,26.0,945.502232083318,pieron
2349,9_epo,27.0,945.502232083318,pieron
2350,9_epo,28.000000000000004,945.502232083318,pieron
2351,9_epo,28.999999999999996,945.502232083318,pieron
2352,9_epo,30.0,945.502232083318,pieron
2353,9_epo,31.0,945.502232083318,pieron
2354,9_epo,32.0,945.502232083318,pieron
2355,9_epo,33.0,945.502232083318,pieron
2356,9_epo,34.0,945.502232083318,pieron
2357,9_epo,35.0,945.502232083318,pieron
2358,9_epo,36.0,945.502232083318,pieron
2359,9_epo,37.0,945.502232083318,pieron
2360,9_epo,38.0,945.502232083318,pieron
2361,9_epo,39.0,945.502232083318,pieron
2362,9_epo,40.0,945.502232083318,pieron
2363,9_epo,41.0,945.502232083318,pieron
2364,9_epo,42.0,945.502232083318,pieron
2365,9_epo,43.0,945.502232083318,pieron
2366,9_epo,44.0,945.502232083318,pieron
2367,9_epo,45.0,945.502232083318,pieron
2368,9_epo,46.0,945.502232083318,pieron
2369,9_epo,47.0,945.502232083318,pieron
2370,9_epo,48.0,945.502232083318,pieron
2371,9_epo,49.0,945.502232083318,pieron
2372,9_epo,50.0,945.502232083318,pieron
2373,9_epo,51.0,945.502232083318,pieron
2374,9_epo,52.0,945.502232083318,pieron
2375,9_epo,53.0,945.502232083318,pieron
2376,9_epo,54.0,945.502232083318,pieron
2377,9_epo,55.00000000000001,945.502232083318,pieron
2378,9_epo,56.00000000000001,945.502232083318,pieron
2379,9_epo,56.99999999999999,945.502232083318,pieron
2380,9_epo,57.99999999999999,945.502232083318,pieron
2381,9_epo,59.0,945.502232083318,pieron
2382,9_epo,60.0,945.502232083318,pieron
2383,9_epo,61.0,945.502232083318,pieron
2384,9_epo,62.0,945.502232083318,pieron
2385,9_epo,63.0,945.502232083318,pieron
2386,9_epo,64.0,945.502232083318,pieron
2387,9_epo,65.0,945.502232083318,pieron
2388,9_epo,66.0,945.502232083318,pieron
2389,9_epo,67.0,945.502232083318,pieron
2390,9_epo,68.0,945.502232083318,pieron
2391,9_epo,69.0,945.502232083318,pieron
2392,9_epo,70.0,945.502232083318,pieron
2393,9_epo,71.0,945.502232083318,pieron
2394,9_epo,72.0,945.502232083318,pieron
2395,9_epo,73.0,945.502232083318,pieron
2396,9_epo,74.0,945.502232083318,pieron
2397,9_epo,75.0,945.502232083318,pieron
2398,9_epo,76.0,945.502232083318,pieron
2399,9_epo,77.0,945.502232083318,pieron
2400,9_epo,78.0,945.502232083318,pieron
2401,9_epo,79.0,945.502232083318,pieron
2402,9_epo,80.0,945.502232083318,pieron
2403,9_epo,81.0,945.502232083318,pieron
2404,9_epo,82.0,945.502232083318,pieron
2405,9_epo,83.0,945.502232083318,pieron
2406,9_epo,84.0,945.502232083318,pieron
2407,9_epo,85.0,945.502232083318,pieron
2408,9_epo,86.0,945.502232083318,pieron
2409,9_epo,87.0,945.502232083318,pieron
2410,9_epo,88.0,945.502232083318,pieron
2411,9_epo,89.0,945.502232083318,pieron
2412,9_epo,90.0,945.502232083318,pieron
2413,9_epo,91.0,945.502232083318,pieron
2414,9_epo,92.0,945.502232083318,pieron
2415,9_epo,93.0,945.502232083318,pieron
2416,9_epo,94.0,945.502232083318,pieron
2417,9_epo,95.0,945.502232083318,pieron
