,participant,contrast,mpc,name
0,0_epo,3.0,0.5000000010495207,fechner
1,0_epo,4.0,0.5000000006417924,fechner
2,0_epo,5.0,0.5000000004808451,fechner
3,0_epo,6.0,0.5000000003883586,fechner
4,0_epo,7.000000000000001,0.5000000003270438,fechner
5,0_epo,8.0,0.5000000002830185,fechner
6,0_epo,9.0,0.5000000002497185,fechner
7,0_epo,10.0,0.5000000002235803,fechner
8,0_epo,11.0,0.500000000202483,fechner
9,0_epo,12.0,0.5000000001850777,fechner
10,0_epo,13.0,0.5000000001704625,fechner
11,0_epo,14.000000000000002,0.5000000001580098,fechner
12,0_epo,15.0,0.5000000001472685,fechner
13,0_epo,16.0,0.500000000137906,fechner
14,0_epo,17.0,0.5000000001296708,fechner
15,0_epo,18.0,0.5000000001223699,fechner
16,0_epo,19.0,0.5000000001158518,fechner
17,0_epo,20.0,0.5000000001099963,fechner
18,0_epo,21.0,0.500000000104707,fechner
19,0_epo,22.0,0.5000000000999052,fechner
20,0_epo,23.0,0.5000000000955261,fechner
21,0_epo,24.0,0.5000000000915161,fechner
22,0_epo,25.0,0.5000000000878304,fechner
23,0_epo,26.0,0.5000000000844309,fechner
24,0_epo,27.0,0.5000000000812854,fechner
25,0_epo,28.000000000000004,0.5000000000783665,fechner
26,0_epo,28.999999999999996,0.5000000000756506,fechner
27,0_epo,30.0,0.500000000073117,fechner
28,0_epo,31.0,0.5000000000707479,fechner
29,0_epo,32.0,0.5000000000685279,fechner
30,0_epo,33.0,0.5000000000664431,fechner
31,0_epo,34.0,0.5000000000644818,fechner
32,0_epo,35.0,0.500000000062633,fechner
33,0_epo,36.0,0.5000000000608875,fechner
34,0_epo,37.0,0.5000000000592367,fechner
35,0_epo,38.0,0.5000000000576733,fechner
36,0_epo,39.0,0.5000000000561904,fechner
37,0_epo,40.0,0.500000000054782,fechner
38,0_epo,41.0,0.5000000000534425,fechner
39,0_epo,42.0,0.5000000000521669,fechner
40,0_epo,43.0,0.500000000050951,fechner
41,0_epo,44.0,0.5000000000497905,fechner
42,0_epo,45.0,0.5000000000486817,fechner
43,0_epo,46.0,0.5000000000476214,fechner
44,0_epo,47.0,0.5000000000466062,fechner
45,0_epo,48.0,0.5000000000456334,fechner
46,0_epo,49.0,0.5000000000447005,fechner
47,0_epo,50.0,0.500000000043805,fechner
48,0_epo,51.0,0.5000000000429446,fechner
49,0_epo,52.0,0.5000000000421175,fechner
50,0_epo,53.0,0.5000000000413216,fechner
51,0_epo,54.0,0.5000000000405553,fechner
52,0_epo,55.00000000000001,0.5000000000398169,fechner
53,0_epo,56.00000000000001,0.5000000000391049,fechner
54,0_epo,56.99999999999999,0.500000000038418,fechner
55,0_epo,57.99999999999999,0.5000000000377548,fechner
56,0_epo,59.0,0.5000000000371141,fechner
57,0_epo,60.0,0.5000000000364948,fechner
58,0_epo,61.0,0.5000000000358958,fechner
59,0_epo,62.0,0.5000000000353163,fechner
60,0_epo,63.0,0.5000000000347551,fechner
61,0_epo,64.0,0.5000000000342115,fechner
62,0_epo,65.0,0.5000000000336846,fechner
63,0_epo,66.0,0.5000000000331738,fechner
64,0_epo,67.0,0.5000000000326782,fechner
65,0_epo,68.0,0.5000000000321971,fechner
66,0_epo,69.0,0.5000000000317302,fechner
67,0_epo,70.0,0.5000000000312764,fechner
68,0_epo,71.0,0.5000000000308356,fechner
69,0_epo,72.0,0.500000000030407,fechner
70,0_epo,73.0,0.5000000000299901,fechner
71,0_epo,74.0,0.5000000000295846,fechner
72,0_epo,75.0,0.5000000000291898,fechner
73,0_epo,76.0,0.5000000000288054,fechner
74,0_epo,77.0,0.500000000028431,fechner
75,0_epo,78.0,0.5000000000280663,fechner
76,0_epo,79.0,0.5000000000277108,fechner
77,0_epo,80.0,0.5000000000273642,fechner
78,0_epo,81.0,0.5000000000270262,fechner
79,0_epo,82.0,0.5000000000266963,fechner
80,0_epo,83.0,0.5000000000263745,fechner
81,0_epo,84.0,0.5000000000260604,fechner
82,0_epo,85.0,0.5000000000257535,fechner
83,0_epo,86.0,0.500000000025454,fechner
84,0_epo,87.0,0.5000000000251612,fechner
85,0_epo,88.0,0.5000000000248751,fechner
86,0_epo,89.0,0.5000000000245954,fechner
87,0_epo,90.0,0.5000000000243221,fechner
88,0_epo,91.0,0.5000000000240546,fechner
89,0_epo,92.0,0.5000000000237931,fechner
90,0_epo,93.0,0.5000000000235371,fechner
91,0_epo,94.0,0.5000000000232866,fechner
92,0_epo,95.0,0.5000000000230413,fechner
93,10_epo,3.0,0.9991578962833804,fechner
94,10_epo,4.0,0.9869873584298132,fechner
95,10_epo,5.0,0.9624274537395268,fechner
96,10_epo,6.0,0.9320987881602526,fechner
97,10_epo,7.000000000000001,0.9007720412714084,fechner
98,10_epo,8.0,0.8708945522664958,fechner
99,10_epo,9.0,0.8434718669670537,fechner
100,10_epo,10.0,0.8187639018847827,fechner
101,10_epo,11.0,0.7966843720670513,fechner
102,10_epo,12.0,0.7770062803571086,fechner
103,10_epo,13.0,0.7594613983703886,fechner
104,10_epo,14.000000000000002,0.7437855957559807,fechner
105,10_epo,15.0,0.7297374719059886,fechner
106,10_epo,16.0,0.7171042247271546,fechner
107,10_epo,17.0,0.7057016879363776,fechner
108,10_epo,18.0,0.6953719324804375,fechner
109,10_epo,19.0,0.6859800606633383,fechner
110,10_epo,20.0,0.6774109439127078,fechner
111,10_epo,21.0,0.6695662230241192,fechner
112,10_epo,22.0,0.6623616807732688,fechner
113,10_epo,23.0,0.6557249994049688,fechner
114,10_epo,24.0,0.6495938735262767,fechner
115,10_epo,25.0,0.6439144339943739,fechner
116,10_epo,26.0,0.6386399361918857,fechner
117,10_epo,27.0,0.6337296694528091,fechner
118,10_epo,28.000000000000004,0.6291480498075119,fechner
119,10_epo,28.999999999999996,0.6248638639743339,fechner
120,10_epo,30.0,0.6208496378940319,fechner
121,10_epo,31.0,0.6170811078034482,fechner
122,10_epo,32.0,0.6135367758217618,fechner
123,10_epo,33.0,0.6101975353220718,fechner
124,10_epo,34.0,0.6070463540666626,fechner
125,10_epo,35.0,0.6040680052880775,fechner
126,10_epo,36.0,0.6012488386867746,fechner
127,10_epo,37.0,0.5985765847656898,fechner
128,10_epo,38.0,0.596040187096705,fechner
129,10_epo,39.0,0.5936296580668361,fechner
130,10_epo,40.0,0.5913359544260641,fechner
131,10_epo,41.0,0.5891508695889918,fechner
132,10_epo,42.0,0.5870669401569005,fechner
133,10_epo,43.0,0.5850773645477345,fechner
134,10_epo,44.0,0.583175931967025,fechner
135,10_epo,45.0,0.5813569602371207,fechner
136,10_epo,46.0,0.57961524123686,fechner
137,10_epo,47.0,0.5779459928982169,fechner
138,10_epo,48.0,0.5763448168679243,fechner
139,10_epo,49.0,0.5748076610765855,fechner
140,10_epo,50.0,0.573330786570183,fechner
141,10_epo,51.0,0.5719107380530803,fechner
142,10_epo,52.0,0.5705443176707667,fechner
143,10_epo,53.0,0.569228561627317,fechner
144,10_epo,54.0,0.5679607192889138,fechner
145,10_epo,55.00000000000001,0.5667382344725702,fechner
146,10_epo,56.00000000000001,0.565558728659787,fechner
147,10_epo,56.99999999999999,0.5644199859094642,fechner
148,10_epo,57.99999999999999,0.5633199392739328,fechner
149,10_epo,59.0,0.5622566585472542,fechner
150,10_epo,60.0,0.561228339196646,fechner
151,10_epo,61.0,0.5602332923465615,fechner
152,10_epo,62.0,0.5592699357010432,fechner
153,10_epo,63.0,0.5583367853038927,fechner
154,10_epo,64.0,0.5574324480482301,fechner
155,10_epo,65.0,0.5565556148574844,fechner
156,10_epo,66.0,0.5557050544689356,fechner
157,10_epo,67.0,0.554879607758859,fechner
158,10_epo,68.0,0.5540781825552319,fechner
159,10_epo,69.0,0.5532997488900157,fechner
160,10_epo,70.0,0.5525433346483252,fechner
161,10_epo,71.0,0.5518080215764544,fechner
162,10_epo,72.0,0.5510929416148163,fechner
163,10_epo,73.0,0.5503972735254665,fechner
164,10_epo,74.0,0.5497202397870564,fechner
165,10_epo,75.0,0.5490611037328811,fechner
166,10_epo,76.0,0.5484191669101715,fechner
167,10_epo,77.0,0.5477937666409939,fechner
168,10_epo,78.0,0.547184273767077,fechner
169,10_epo,79.0,0.5465900905626349,fechner
170,10_epo,80.0,0.5460106488008029,fechner
171,10_epo,81.0,0.5454454079606943,fechner
172,10_epo,82.0,0.5448938535633221,fechner
173,10_epo,83.0,0.5443554956257324,fechner
174,10_epo,84.0,0.5438298672236948,fechner
175,10_epo,85.0,0.5433165231541807,fechner
176,10_epo,86.0,0.5428150386896565,fechner
177,10_epo,87.0,0.5423250084169405,fechner
178,10_epo,88.0,0.5418460451540162,fechner
179,10_epo,89.0,0.5413777789387764,fechner
180,10_epo,90.0,0.5409198560841988,fechner
181,10_epo,91.0,0.5404719382949279,fechner
182,10_epo,92.0,0.5400337018406653,fechner
183,10_epo,93.0,0.5396048367821623,fechner
184,10_epo,94.0,0.539185046245956,fechner
185,10_epo,95.0,0.5387740457443135,fechner
186,11_epo,3.0,0.9983267600760315,fechner
187,11_epo,4.0,0.9803215348685846,fechner
188,11_epo,5.0,0.9492242830668705,fechner
189,11_epo,6.0,0.9141196462487314,fechner
190,11_epo,7.000000000000001,0.8799139480199575,fechner
191,11_epo,8.0,0.848580602434624,fechner
192,11_epo,9.0,0.8206448965858458,fechner
193,11_epo,10.0,0.7960111668761936,fechner
194,11_epo,11.0,0.7743555679825931,fechner
195,11_epo,12.0,0.755299092457832,fechner
196,11_epo,13.0,0.7384782729531059,fechner
197,11_epo,14.000000000000002,0.7235701196887862,fechner
198,11_epo,15.0,0.7102973669429516,fechner
199,11_epo,16.0,0.6984258125566919,fechner
200,11_epo,17.0,0.687758975472251,fechner
201,11_epo,18.0,0.6781323084642646,fechner
202,11_epo,19.0,0.6694078522056895,fechner
203,11_epo,20.0,0.6614696162501656,fechner
204,11_epo,21.0,0.654219715989136,fechner
205,11_epo,22.0,0.6475751947972982,fechner
206,11_epo,23.0,0.6414654306411796,fechner
207,11_epo,24.0,0.6358300262098688,fechner
208,11_epo,25.0,0.6306170926997071,fechner
209,11_epo,26.0,0.6257818515055307,fechner
210,11_epo,27.0,0.6212854917655571,fechner
211,11_epo,28.000000000000004,0.6170942336996362,fechner
212,11_epo,28.999999999999996,0.6131785576778169,fechner
213,11_epo,30.0,0.6095125670730912,fechner
214,11_epo,31.0,0.6060734594471389,fechner
215,11_epo,32.0,0.6028410857744991,fechner
216,11_epo,33.0,0.5997975814894106,fechner
217,11_epo,34.0,0.596927056362311,fechner
218,11_epo,35.0,0.5942153327608762,fechner
219,11_epo,36.0,0.5916497238683791,fechner
220,11_epo,37.0,0.5892188450343113,fechner
221,11_epo,38.0,0.5869124527081802,fechner
222,11_epo,39.0,0.5847213064269846,fechner
223,11_epo,40.0,0.5826370501445531,fechner
224,11_epo,41.0,0.580652109849105,fechner
225,11_epo,42.0,0.5787596049471948,fechner
226,11_epo,43.0,0.5769532713235255,fechner
227,11_epo,44.0,0.5752273943372703,fechner
228,11_epo,45.0,0.5735767503025028,fechner
229,11_epo,46.0,0.5719965552357077,fechner
230,11_epo,47.0,0.5704824198470886,fechner
231,11_epo,48.0,0.5690303099124601,fechner
232,11_epo,49.0,0.5676365112951848,fechner
233,11_epo,50.0,0.5662975989979944,fechner
234,11_epo,51.0,0.5650104097166261,fechner
235,11_epo,52.0,0.563772017444321,fechner
236,11_epo,53.0,0.5625797117409852,fechner
237,11_epo,54.0,0.5614309783353609,fechner
238,11_epo,55.00000000000001,0.5603234817746481,fechner
239,11_epo,56.00000000000001,0.5592550498750508,fechner
240,11_epo,56.99999999999999,0.5582236597599103,fechner
241,11_epo,57.99999999999999,0.5572274253003375,fechner
242,11_epo,59.0,0.5562645857974076,fechner
243,11_epo,60.0,0.5553334957656441,fechner
244,11_epo,61.0,0.5544326156952689,fechner
245,11_epo,62.0,0.553560503685967,fechner
246,11_epo,63.0,0.5527158078580804,fechner
247,11_epo,64.0,0.5518972594585418,fechner
248,11_epo,65.0,0.5511036665887147,fechner
249,11_epo,66.0,0.5503339084898758,fechner
250,11_epo,67.0,0.5495869303295353,fechner
251,11_epo,68.0,0.5488617384382727,fechner
252,11_epo,69.0,0.5481573959524613,fechner
253,11_epo,70.0,0.5474730188232069,fechner
254,11_epo,71.0,0.546807772156191,fechner
255,11_epo,72.0,0.546160866850936,fechner
256,11_epo,73.0,0.5455315565113729,fechner
257,11_epo,74.0,0.5449191346025655,fechner
258,11_epo,75.0,0.5443229318310707,fechner
259,11_epo,76.0,0.543742313728721,fechner
260,11_epo,77.0,0.5431766784216859,fechner
261,11_epo,78.0,0.542625454568481,fechner
262,11_epo,79.0,0.5420880994522168,fechner
263,11_epo,80.0,0.5415640972138248,fechner
264,11_epo,81.0,0.5410529572142765,fechner
265,11_epo,82.0,0.540554212514966,fechner
266,11_epo,83.0,0.5400674184664461,fechner
267,11_epo,84.0,0.5395921513966269,fechner
268,11_epo,85.0,0.5391280073903725,fechner
269,11_epo,86.0,0.5386746011531623,fechner
270,11_epo,87.0,0.5382315649521509,fechner
271,11_epo,88.0,0.537798547628556,fechner
272,11_epo,89.0,0.5373752136758427,fechner
273,11_epo,90.0,0.5369612423786526,fechner
274,11_epo,91.0,0.5365563270078658,fechner
275,11_epo,92.0,0.5361601740675818,fechner
276,11_epo,93.0,0.5357725025901583,fechner
277,11_epo,94.0,0.5353930434757727,fechner
278,11_epo,95.0,0.5350215388732654,fechner
279,12_epo,3.0,0.500012187997495,fechner
280,12_epo,4.0,0.5000074530830125,fechner
281,12_epo,5.0,0.5000055840152722,fechner
282,12_epo,6.0,0.5000045099755783,fechner
283,12_epo,7.000000000000001,0.5000037979336974,fechner
284,12_epo,8.0,0.5000032866699214,fechner
285,12_epo,9.0,0.5000028999595545,fechner
286,12_epo,10.0,0.5000025964192409,fechner
287,12_epo,11.0,0.5000023514180922,fechner
288,12_epo,12.0,0.5000021492924641,fechner
289,12_epo,13.0,0.5000019795675218,fechner
290,12_epo,14.000000000000002,0.5000018349549298,fechner
291,12_epo,15.0,0.5000017102176331,fechner
292,12_epo,16.0,0.500001601490712,fechner
293,12_epo,17.0,0.5000015058568514,fechner
294,12_epo,18.0,0.5000014210710699,fechner
295,12_epo,19.0,0.5000013453765997,fechner
296,12_epo,20.0,0.5000012773783983,fechner
297,12_epo,21.0,0.5000012159542098,fechner
298,12_epo,22.0,0.500001160190735,fechner
299,12_epo,23.0,0.5000011093369867,fechner
300,12_epo,24.0,0.5000010627696455,fechner
301,12_epo,25.0,0.5000010199669526,fechner
302,12_epo,26.0,0.5000009804887755,fechner
303,12_epo,27.0,0.5000009439612038,fechner
304,12_epo,28.000000000000004,0.5000009100645143,fechner
305,12_epo,28.999999999999996,0.5000008785236763,fechner
306,12_epo,30.0,0.500000849100788,fechner
307,12_epo,31.0,0.5000008215890037,fechner
308,12_epo,32.0,0.5000007958076158,fechner
309,12_epo,33.0,0.5000007715980451,fechner
310,12_epo,34.0,0.500000748820549,fechner
311,12_epo,35.0,0.5000007273515003,fechner
312,12_epo,36.0,0.5000007070811255,fechner
313,12_epo,37.0,0.5000006879116148,fechner
314,12_epo,38.0,0.5000006697555328,fechner
315,12_epo,39.0,0.5000006525344771,fechner
316,12_epo,40.0,0.5000006361779392,fechner
317,12_epo,41.0,0.500000620622335,fechner
318,12_epo,42.0,0.500000605810173,fechner
319,12_epo,43.0,0.5000005916893423,fechner
320,12_epo,44.0,0.5000005782124957,fechner
321,12_epo,45.0,0.5000005653365173,fechner
322,12_epo,46.0,0.50000055302206,fechner
323,12_epo,47.0,0.500000541233142,fechner
324,12_epo,48.0,0.5000005299367939,fechner
325,12_epo,49.0,0.50000051910275,fechner
326,12_epo,50.0,0.5000005087031766,fechner
327,12_epo,51.0,0.5000004987124318,fechner
328,12_epo,52.0,0.5000004891068545,fechner
329,12_epo,53.0,0.5000004798645759,fechner
330,12_epo,54.0,0.5000004709653532,fechner
331,12_epo,55.00000000000001,0.5000004623904212,fechner
332,12_epo,56.00000000000001,0.5000004541223596,fechner
333,12_epo,56.99999999999999,0.5000004461449747,fechner
334,12_epo,57.99999999999999,0.5000004384431932,fechner
335,12_epo,59.0,0.5000004310029668,fechner
336,12_epo,60.0,0.5000004238111867,fechner
337,12_epo,61.0,0.500000416855606,fechner
338,12_epo,62.0,0.5000004101247705,fechner
339,12_epo,63.0,0.5000004036079547,fechner
340,12_epo,64.0,0.5000003972951057,fechner
341,12_epo,65.0,0.5000003911767905,fechner
342,12_epo,66.0,0.5000003852441494,fechner
343,12_epo,67.0,0.5000003794888526,fechner
344,12_epo,68.0,0.5000003739030618,fechner
345,12_epo,69.0,0.5000003684793942,fechner
346,12_epo,70.0,0.5000003632108891,fechner
347,12_epo,71.0,0.5000003580909796,fechner
348,12_epo,72.0,0.5000003531134639,fechner
349,12_epo,73.0,0.500000348272481,fechner
350,12_epo,74.0,0.5000003435624868,fechner
351,12_epo,75.0,0.5000003389782343,fechner
352,12_epo,76.0,0.5000003345147523,fechner
353,12_epo,77.0,0.5000003301673289,fechner
354,12_epo,78.0,0.5000003259314941,fechner
355,12_epo,79.0,0.5000003218030045,fechner
356,12_epo,80.0,0.5000003177778292,fechner
357,12_epo,81.0,0.500000313852137,fechner
358,12_epo,82.0,0.5000003100222835,fechner
359,12_epo,83.0,0.5000003062848005,fechner
360,12_epo,84.0,0.5000003026363852,fechner
361,12_epo,85.0,0.50000029907389,fechner
362,12_epo,86.0,0.5000002955943145,fechner
363,12_epo,87.0,0.5000002921947961,fechner
364,12_epo,88.0,0.5000002888726026,fechner
365,12_epo,89.0,0.5000002856251248,fechner
366,12_epo,90.0,0.5000002824498695,fechner
367,12_epo,91.0,0.5000002793444533,fechner
368,12_epo,92.0,0.5000002763065966,fechner
369,12_epo,93.0,0.500000273334118,fechner
370,12_epo,94.0,0.5000002704249288,fechner
371,12_epo,95.0,0.5000002675770286,fechner
372,13_epo,3.0,0.8951409678337883,fechner
373,13_epo,4.0,0.78773066824159,fechner
374,13_epo,5.0,0.727595135367231,fechner
375,13_epo,6.0,0.6885797970996501,fechner
376,13_epo,7.000000000000001,0.6611024472030397,fechner
377,13_epo,8.0,0.6406666746362477,fechner
378,13_epo,9.0,0.6248582327304839,fechner
379,13_epo,10.0,0.612258503427013,fechner
380,13_epo,11.0,0.6019771445404971,fechner
381,13_epo,12.0,0.5934263293540447,fechner
382,13_epo,13.0,0.586201977382563,fechner
383,13_epo,14.000000000000002,0.5800170002030458,fechner
384,13_epo,15.0,0.5746617367296922,fechner
385,13_epo,16.0,0.5699794554768844,fechner
386,13_epo,17.0,0.565850618646992,fechner
387,13_epo,18.0,0.5621824526155651,fechner
388,13_epo,19.0,0.5589018457031668,fechner
389,13_epo,20.0,0.5559503959928542,fechner
390,13_epo,21.0,0.5532808855581948,fechner
391,13_epo,22.0,0.5508547232962919,fechner
392,13_epo,23.0,0.5486400592601494,fechner
393,13_epo,24.0,0.5466103732428396,fechner
394,13_epo,25.0,0.5447434039619173,fechner
395,13_epo,26.0,0.5430203265997657,fechner
396,13_epo,27.0,0.5414251139601333,fechner
397,13_epo,28.000000000000004,0.5399440351059323,fechner
398,13_epo,28.999999999999996,0.5385652581387274,fechner
399,13_epo,30.0,0.5372785327152377,fechner
400,13_epo,31.0,0.5360749342233458,fechner
401,13_epo,32.0,0.5349466560790126,fechner
402,13_epo,33.0,0.5338868399008265,fechner
403,13_epo,34.0,0.5328894357382095,fechner
404,13_epo,35.0,0.5319490863239826,fechner
405,13_epo,36.0,0.5310610306663105,fechner
406,13_epo,37.0,0.5302210233111927,fechner
407,13_epo,38.0,0.5294252663813506,fechner
408,13_epo,39.0,0.5286703520926948,fechner
409,13_epo,40.0,0.5279532139105404,fechner
410,13_epo,41.0,0.5272710848672443,fechner
411,13_epo,42.0,0.5266214618451974,fechner
412,13_epo,43.0,0.526002074852134,fechner
413,13_epo,44.0,0.5254108604930207,fechner
414,13_epo,45.0,0.5248459389845433,fechner
415,13_epo,46.0,0.5243055941721706,fechner
416,13_epo,47.0,0.5237882561018634,fechner
417,13_epo,48.0,0.5232924857732901,fechner
418,13_epo,49.0,0.5228169617624332,fechner
419,13_epo,50.0,0.5223604684514928,fechner
420,13_epo,51.0,0.5219218856451704,fechner
421,13_epo,52.0,0.5215001793864585,fechner
422,13_epo,53.0,0.521094393813303,fechner
423,13_epo,54.0,0.5207036439210478,fechner
424,13_epo,55.00000000000001,0.5203271091152424,fechner
425,13_epo,56.00000000000001,0.519964027455903,fechner
426,13_epo,56.99999999999999,0.5196136905082192,fechner
427,13_epo,57.99999999999999,0.5192754387264369,fechner
428,13_epo,59.0,0.5189486573075935,fechner
429,13_epo,60.0,0.5186327724602362,fechner
430,13_epo,61.0,0.5183272480404545,fechner
431,13_epo,62.0,0.5180315825137211,fechner
432,13_epo,63.0,0.5177453062063043,fechner
433,13_epo,64.0,0.517467978814555,fechner
434,13_epo,65.0,0.5171991871442727,fechner
435,13_epo,66.0,0.5169385430557283,fechner
436,13_epo,67.0,0.5166856815928413,fechner
437,13_epo,68.0,0.5164402592775383,fechner
438,13_epo,69.0,0.5162019525525245,fechner
439,13_epo,70.0,0.5159704563576141,fechner
440,13_epo,71.0,0.5157454828264455,fechner
441,13_epo,72.0,0.5155267600918662,fechner
442,13_epo,73.0,0.5153140311895621,fechner
443,13_epo,74.0,0.5151070530506319,fechner
444,13_epo,75.0,0.5149055955747975,fechner
445,13_epo,76.0,0.5147094407768231,fechner
446,13_epo,77.0,0.5145183819994793,fechner
447,13_epo,78.0,0.5143322231870793,fechner
448,13_epo,79.0,0.5141507782142173,fechner
449,13_epo,80.0,0.5139738702648741,fechner
450,13_epo,81.0,0.513801331257537,fechner
451,13_epo,82.0,0.5136330013124037,fechner
452,13_epo,83.0,0.5134687282571168,fechner
453,13_epo,84.0,0.5133083671678198,fechner
454,13_epo,85.0,0.5131517799426222,fechner
455,13_epo,86.0,0.5129988349048349,fechner
456,13_epo,87.0,0.5128494064335797,fechner
457,13_epo,88.0,0.5127033746195948,fechner
458,13_epo,89.0,0.5125606249442525,fechner
459,13_epo,90.0,0.5124210479799842,fechner
460,13_epo,91.0,0.5122845391104652,fechner
461,13_epo,92.0,0.5121509982690543,fechner
462,13_epo,93.0,0.5120203296941136,fechner
463,13_epo,94.0,0.5118924416999531,fechner
464,13_epo,95.0,0.5117672464622457,fechner
465,14_epo,3.0,0.5191595381029603,fechner
466,14_epo,4.0,0.5117198426953099,fechner
467,14_epo,5.0,0.5087814719273829,fechner
468,14_epo,6.0,0.5070926811553468,fechner
469,14_epo,7.000000000000001,0.5059729942706055,fechner
470,14_epo,8.0,0.5051689936372841,fechner
471,14_epo,9.0,0.5045608445990337,fechner
472,14_epo,10.0,0.5040834810304359,fechner
473,14_epo,11.0,0.503698173781573,fechner
474,14_epo,12.0,0.503380292476948,fechner
475,14_epo,13.0,0.5031133653416564,fechner
476,14_epo,14.000000000000002,0.5028859310999307,fechner
477,14_epo,15.0,0.5026897540496975,fechner
478,14_epo,16.0,0.5025187561866435,fechner
479,14_epo,17.0,0.5023683496567767,fechner
480,14_epo,18.0,0.5022350038996992,fechner
481,14_epo,19.0,0.502115956117219,fechner
482,14_epo,20.0,0.5020090123660782,fechner
483,14_epo,21.0,0.501912407694686,fechner
484,14_epo,22.0,0.5018247057666464,fechner
485,14_epo,23.0,0.501744725506108,fechner
486,14_epo,24.0,0.5016714866162107,fechner
487,14_epo,25.0,0.5016041685220785,fechner
488,14_epo,26.0,0.5015420790209524,fechner
489,14_epo,27.0,0.5014846300566147,fechner
490,14_epo,28.000000000000004,0.5014313187937063,fechner
491,14_epo,28.999999999999996,0.5013817126837938,fechner
492,14_epo,30.0,0.5013354375722302,fechner
493,14_epo,31.0,0.5012921681457426,fechner
494,14_epo,32.0,0.5012516201993498,fechner
495,14_epo,33.0,0.5012135443300765,fechner
496,14_epo,34.0,0.5011777207589885,fechner
497,14_epo,35.0,0.5011439550524728,fechner
498,14_epo,36.0,0.5011120745654134,fechner
499,14_epo,37.0,0.5010819254678555,fechner
500,14_epo,38.0,0.5010533702463015,fechner
501,14_epo,39.0,0.5010262855934265,fechner
502,14_epo,40.0,0.5010005606174608,fechner
503,14_epo,41.0,0.5009760953160722,fechner
504,14_epo,42.0,0.5009527992702092,fechner
505,14_epo,43.0,0.5009305905217467,fechner
506,14_epo,44.0,0.5009093946054195,fechner
507,14_epo,45.0,0.5008891437108276,fechner
508,14_epo,46.0,0.5008697759545533,fechner
509,14_epo,47.0,0.500851234745855,fechner
510,14_epo,48.0,0.5008334682321856,fechner
511,14_epo,49.0,0.5008164288130452,fechner
512,14_epo,50.0,0.500800072712536,fechner
513,14_epo,51.0,0.5007843596025024,fechner
514,14_epo,52.0,0.5007692522694057,fechner
515,14_epo,53.0,0.5007547163191176,fechner
516,14_epo,54.0,0.5007407199146894,fechner
517,14_epo,55.00000000000001,0.500727233542873,fechner
518,14_epo,56.00000000000001,0.5007142298057815,fechner
519,14_epo,56.99999999999999,0.5007016832345833,fechner
520,14_epo,57.99999999999999,0.5006895701225583,fechner
521,14_epo,59.0,0.5006778683752057,fechner
522,14_epo,60.0,0.500666557375405,fechner
523,14_epo,61.0,0.5006556178618952,fechner
524,14_epo,62.0,0.50064503181956,fechner
525,14_epo,63.0,0.5006347823802035,fechner
526,14_epo,64.0,0.5006248537326619,fechner
527,14_epo,65.0,0.5006152310412425,fechner
528,14_epo,66.0,0.5006059003716051,fechner
529,14_epo,67.0,0.5005968486233012,fechner
530,14_epo,68.0,0.5005880634682868,fechner
531,14_epo,69.0,0.5005795332947979,fechner
532,14_epo,70.0,0.5005712471560532,fechner
533,14_epo,71.0,0.500563194723303,fechner
534,14_epo,72.0,0.500555366242804,fechner
535,14_epo,73.0,0.5005477524963386,fechner
536,14_epo,74.0,0.5005403447649461,fechner
537,14_epo,75.0,0.500533134795562,fechner
538,14_epo,76.0,0.5005261147702983,fechner
539,14_epo,77.0,0.5005192772781237,fechner
540,14_epo,78.0,0.500512615288728,fechner
541,14_epo,79.0,0.5005061221283756,fechner
542,14_epo,80.0,0.5004997914575747,fechner
543,14_epo,81.0,0.5004936172504049,fechner
544,14_epo,82.0,0.5004875937753595,fechner
545,14_epo,83.0,0.500481715577577,fechner
546,14_epo,84.0,0.5004759774623446,fechner
547,14_epo,85.0,0.5004703744797669,fechner
548,14_epo,86.0,0.5004649019105085,fechner
549,14_epo,87.0,0.5004595552525204,fechner
550,14_epo,88.0,0.5004543302086739,fechner
551,14_epo,89.0,0.5004492226752296,fechner
552,14_epo,90.0,0.5004442287310762,fechner
553,14_epo,91.0,0.5004393446276807,fechner
554,14_epo,92.0,0.5004345667796949,fechner
555,14_epo,93.0,0.5004298917561685,fechner
556,14_epo,94.0,0.5004253162723254,fechner
557,14_epo,95.0,0.5004208371818587,fechner
558,15_epo,3.0,0.5000000000000151,fechner
559,15_epo,4.0,0.5000000000000092,fechner
560,15_epo,5.0,0.5000000000000069,fechner
561,15_epo,6.0,0.5000000000000056,fechner
562,15_epo,7.000000000000001,0.5000000000000047,fechner
563,15_epo,8.0,0.5000000000000041,fechner
564,15_epo,9.0,0.5000000000000036,fechner
565,15_epo,10.0,0.5000000000000032,fechner
566,15_epo,11.0,0.5000000000000029,fechner
567,15_epo,12.0,0.5000000000000027,fechner
568,15_epo,13.0,0.5000000000000024,fechner
569,15_epo,14.000000000000002,0.5000000000000023,fechner
570,15_epo,15.0,0.5000000000000021,fechner
571,15_epo,16.0,0.500000000000002,fechner
572,15_epo,17.0,0.5000000000000019,fechner
573,15_epo,18.0,0.5000000000000018,fechner
574,15_epo,19.0,0.5000000000000017,fechner
575,15_epo,20.0,0.5000000000000016,fechner
576,15_epo,21.0,0.5000000000000016,fechner
577,15_epo,22.0,0.5000000000000014,fechner
578,15_epo,23.0,0.5000000000000013,fechner
579,15_epo,24.0,0.5000000000000013,fechner
580,15_epo,25.0,0.5000000000000012,fechner
581,15_epo,26.0,0.5000000000000012,fechner
582,15_epo,27.0,0.5000000000000012,fechner
583,15_epo,28.000000000000004,0.5000000000000011,fechner
584,15_epo,28.999999999999996,0.5000000000000011,fechner
585,15_epo,30.0,0.5000000000000011,fechner
586,15_epo,31.0,0.500000000000001,fechner
587,15_epo,32.0,0.500000000000001,fechner
588,15_epo,33.0,0.500000000000001,fechner
589,15_epo,34.0,0.5000000000000009,fechner
590,15_epo,35.0,0.5000000000000009,fechner
591,15_epo,36.0,0.5000000000000009,fechner
592,15_epo,37.0,0.5000000000000009,fechner
593,15_epo,38.0,0.5000000000000009,fechner
594,15_epo,39.0,0.5000000000000008,fechner
595,15_epo,40.0,0.5000000000000008,fechner
596,15_epo,41.0,0.5000000000000008,fechner
597,15_epo,42.0,0.5000000000000008,fechner
598,15_epo,43.0,0.5000000000000008,fechner
599,15_epo,44.0,0.5000000000000008,fechner
600,15_epo,45.0,0.5000000000000007,fechner
601,15_epo,46.0,0.5000000000000007,fechner
602,15_epo,47.0,0.5000000000000007,fechner
603,15_epo,48.0,0.5000000000000007,fechner
604,15_epo,49.0,0.5000000000000007,fechner
605,15_epo,50.0,0.5000000000000007,fechner
606,15_epo,51.0,0.5000000000000007,fechner
607,15_epo,52.0,0.5000000000000007,fechner
608,15_epo,53.0,0.5000000000000006,fechner
609,15_epo,54.0,0.5000000000000006,fechner
610,15_epo,55.00000000000001,0.5000000000000006,fechner
611,15_epo,56.00000000000001,0.5000000000000006,fechner
612,15_epo,56.99999999999999,0.5000000000000006,fechner
613,15_epo,57.99999999999999,0.5000000000000006,fechner
614,15_epo,59.0,0.5000000000000006,fechner
615,15_epo,60.0,0.5000000000000006,fechner
616,15_epo,61.0,0.5000000000000006,fechner
617,15_epo,62.0,0.5000000000000006,fechner
618,15_epo,63.0,0.5000000000000006,fechner
619,15_epo,64.0,0.5000000000000006,fechner
620,15_epo,65.0,0.5000000000000004,fechner
621,15_epo,66.0,0.5000000000000004,fechner
622,15_epo,67.0,0.5000000000000004,fechner
623,15_epo,68.0,0.5000000000000004,fechner
624,15_epo,69.0,0.5000000000000004,fechner
625,15_epo,70.0,0.5000000000000004,fechner
626,15_epo,71.0,0.5000000000000004,fechner
627,15_epo,72.0,0.5000000000000004,fechner
628,15_epo,73.0,0.5000000000000004,fechner
629,15_epo,74.0,0.5000000000000004,fechner
630,15_epo,75.0,0.5000000000000004,fechner
631,15_epo,76.0,0.5000000000000004,fechner
632,15_epo,77.0,0.5000000000000004,fechner
633,15_epo,78.0,0.5000000000000004,fechner
634,15_epo,79.0,0.5000000000000004,fechner
635,15_epo,80.0,0.5000000000000004,fechner
636,15_epo,81.0,0.5000000000000004,fechner
637,15_epo,82.0,0.5000000000000004,fechner
638,15_epo,83.0,0.5000000000000004,fechner
639,15_epo,84.0,0.5000000000000003,fechner
640,15_epo,85.0,0.5000000000000003,fechner
641,15_epo,86.0,0.5000000000000003,fechner
642,15_epo,87.0,0.5000000000000003,fechner
643,15_epo,88.0,0.5000000000000003,fechner
644,15_epo,89.0,0.5000000000000003,fechner
645,15_epo,90.0,0.5000000000000003,fechner
646,15_epo,91.0,0.5000000000000003,fechner
647,15_epo,92.0,0.5000000000000003,fechner
648,15_epo,93.0,0.5000000000000003,fechner
649,15_epo,94.0,0.5000000000000003,fechner
650,15_epo,95.0,0.5000000000000003,fechner
651,16_epo,3.0,0.9999557389779629,fechner
652,16_epo,4.0,0.9978294669032938,fechner
653,16_epo,5.0,0.9899808646608128,fechner
654,16_epo,6.0,0.9761009310490288,fechner
655,16_epo,7.000000000000001,0.9578731142548196,fechner
656,16_epo,8.0,0.9372319096359513,fechner
657,16_epo,9.0,0.9157065169299579,fechner
658,16_epo,10.0,0.8943259713195016,fechner
659,16_epo,11.0,0.8737116897234594,fechner
660,16_epo,12.0,0.8541991204164712,fechner
661,16_epo,13.0,0.8359384729287181,fechner
662,16_epo,14.000000000000002,0.8189664767711542,fechner
663,16_epo,15.0,0.8032539315528975,fechner
664,16_epo,16.0,0.7887359033990599,fechner
665,16_epo,17.0,0.7753303227364188,fechner
666,16_epo,18.0,0.7629491172602505,fechner
667,16_epo,19.0,0.7515046508354084,fechner
668,16_epo,20.0,0.7409132603082954,fechner
669,16_epo,21.0,0.7310970261353906,fechner
670,16_epo,22.0,0.7219844879853028,fechner
671,16_epo,23.0,0.7135107465527326,fechner
672,16_epo,24.0,0.7056172230508859,fechner
673,16_epo,25.0,0.6982512417071057,fechner
674,16_epo,26.0,0.6913655345015715,fechner
675,16_epo,27.0,0.6849177264068089,fechner
676,16_epo,28.000000000000004,0.6788698341023169,fechner
677,16_epo,28.999999999999996,0.673187795662136,fechner
678,16_epo,30.0,0.6678410393562937,fechner
679,16_epo,31.0,0.6628020941609809,fechner
680,16_epo,32.0,0.6580462413902021,fechner
681,16_epo,33.0,0.6535512051360113,fechner
682,16_epo,34.0,0.649296878366237,fechner
683,16_epo,35.0,0.645265081221293,fechner
684,16_epo,36.0,0.6414393480528043,fechner
685,16_epo,37.0,0.6378047399182907,fechner
686,16_epo,38.0,0.6343476795032934,fechner
687,16_epo,39.0,0.6310558057339927,fechner
688,16_epo,40.0,0.6279178456394574,fechner
689,16_epo,41.0,0.6249235013063603,fechner
690,16_epo,42.0,0.6220633500315316,fechner
691,16_epo,43.0,0.619328756015366,fechner
692,16_epo,44.0,0.6167117921510267,fechner
693,16_epo,45.0,0.6142051706514224,fechner
694,16_epo,46.0,0.611802181419877,fechner
695,16_epo,47.0,0.6094966372133291,fechner
696,16_epo,48.0,0.6072828247711402,fechner
697,16_epo,49.0,0.6051554611902712,fechner
698,16_epo,50.0,0.6031096549208538,fechner
699,16_epo,51.0,0.6011408708368516,fechner
700,16_epo,52.0,0.5992448989062843,fechner
701,16_epo,53.0,0.5974178260458555,fechner
702,16_epo,54.0,0.5956560107970581,fechner
703,16_epo,55.00000000000001,0.5939560605060747,fechner
704,16_epo,56.00000000000001,0.5923148107289962,fechner
705,16_epo,56.99999999999999,0.5907293066179026,fechner
706,16_epo,57.99999999999999,0.5891967860729059,fechner
707,16_epo,59.0,0.5877146644709436,fechner
708,16_epo,60.0,0.5862805208044951,fechner
709,16_epo,61.0,0.5848920850829026,fechner
710,16_epo,62.0,0.5835472268660116,fechner
711,16_epo,63.0,0.5822439448147471,fechner
712,16_epo,64.0,0.5809803571562762,fechner
713,16_epo,65.0,0.5797546929728523,fechner
714,16_epo,66.0,0.5785652842334676,fechner
715,16_epo,67.0,0.5774105584962839,fechner
716,16_epo,68.0,0.5762890322175753,fechner
717,16_epo,69.0,0.575199304609785,fechner
718,16_epo,70.0,0.5741400519973447,fechner
719,16_epo,71.0,0.5731100226242702,fechner
720,16_epo,72.0,0.5721080318722821,fechner
721,16_epo,73.0,0.5711329578524119,fechner
722,16_epo,74.0,0.5701837373367847,fechner
723,16_epo,75.0,0.5692593620005943,fechner
724,16_epo,76.0,0.568358874947239,fechner
725,16_epo,77.0,0.5674813674922271,fechner
726,16_epo,78.0,0.5666259761838094,fechner
727,16_epo,79.0,0.5657918800404013,fechner
728,16_epo,80.0,0.5649782979867403,fechner
729,16_epo,81.0,0.5641844864724046,fechner
730,16_epo,82.0,0.5634097372578412,fechner
731,16_epo,83.0,0.5626533753543959,fechner
732,16_epo,84.0,0.5619147571060719,fechner
733,16_epo,85.0,0.5611932684018375,fechner
734,16_epo,86.0,0.5604883230082885,fechner
735,16_epo,87.0,0.5597993610133739,fechner
736,16_epo,88.0,0.5591258473726944,fechner
737,16_epo,89.0,0.5584672705506127,fechner
738,16_epo,90.0,0.5578231412490784,fechner
739,16_epo,91.0,0.5571929912176612,fechner
740,16_epo,92.0,0.5565763721388377,fechner
741,16_epo,93.0,0.5559728545830616,fechner
742,16_epo,94.0,0.5553820270285948,fechner
743,16_epo,95.0,0.554803494941491,fechner
744,17_epo,3.0,0.9987061034300011,fechner
745,17_epo,4.0,0.9831400309450816,fechner
746,17_epo,5.0,0.9546179566316744,fechner
747,17_epo,6.0,0.9213102586994659,fechner
748,17_epo,7.000000000000001,0.8881369526221664,fechner
749,17_epo,8.0,0.8572880560900116,fechner
750,17_epo,9.0,0.8294857892495462,fechner
751,17_epo,10.0,0.8047734104627458,fechner
752,17_epo,11.0,0.7829169684890397,fechner
753,17_epo,12.0,0.7635935477745669,fechner
754,17_epo,13.0,0.7464740426575236,fechner
755,17_epo,14.000000000000002,0.7312562259279708,fechner
756,17_epo,15.0,0.7176751658639885,fechner
757,17_epo,16.0,0.7055037852700188,fechner
758,17_epo,17.0,0.6945495125383976,fechner
759,17_epo,18.0,0.684649730308955,fechner
760,17_epo,19.0,0.675667198800847,fechner
761,17_epo,20.0,0.6674859176786986,fechner
762,17_epo,21.0,0.660007564592837,fechner
763,17_epo,22.0,0.6531485066376461,fechner
764,17_epo,23.0,0.6468373254875778,fechner
765,17_epo,24.0,0.6410127811582672,fechner
766,17_epo,25.0,0.6356221408179564,fechner
767,17_epo,26.0,0.6306198072397592,fechner
768,17_epo,27.0,0.62596619144906,fechner
769,17_epo,28.000000000000004,0.6216267837545741,fechner
770,17_epo,28.999999999999996,0.6175713858450855,fechner
771,17_epo,30.0,0.6137734737844066,fechner
772,17_epo,31.0,0.6102096676066971,fechner
773,17_epo,32.0,0.606859287963784,fechner
774,17_epo,33.0,0.6037039840887218,fechner
775,17_epo,34.0,0.6007274203879404,fechner
776,17_epo,35.0,0.5979150114074832,fechner
777,17_epo,36.0,0.5952536968614369,fechner
778,17_epo,37.0,0.5927317499635634,fechner
779,17_epo,38.0,0.5903386135471188,fechner
780,17_epo,39.0,0.5880647594569347,fechner
781,17_epo,40.0,0.585901567502607,fechner
782,17_epo,41.0,0.583841220911978,fechner
783,17_epo,42.0,0.5818766157513752,fechner
784,17_epo,43.0,0.5800012822080659,fechner
785,17_epo,44.0,0.5782093159806092,fechner
786,17_epo,45.0,0.576495318309712,fechner
787,17_epo,46.0,0.5748543434180701,fechner
788,17_epo,47.0,0.5732818523222446,fechner
789,17_epo,48.0,0.571773672140666,fechner
790,17_epo,49.0,0.57032596015559,fechner
791,17_epo,50.0,0.5689351719982434,fechner
792,17_epo,51.0,0.5675980334195084,fechner
793,17_epo,52.0,0.5663115151865618,fechner
794,17_epo,53.0,0.5650728107115155,fechner
795,17_epo,54.0,0.5638793160734726,fechner
796,17_epo,55.00000000000001,0.562728612142223,fechner
797,17_epo,56.00000000000001,0.5616184485515172,fechner
798,17_epo,56.99999999999999,0.5605467293036243,fechner
799,17_epo,57.99999999999999,0.5595114998156738,fechner
800,17_epo,59.0,0.5585109352428969,fechner
801,17_epo,60.0,0.5575433299349802,fechner
802,17_epo,61.0,0.5566070878998632,fechner
803,17_epo,62.0,0.5557007141649212,fechner
804,17_epo,63.0,0.5548228069389424,fechner
805,17_epo,64.0,0.5539720504899595,fechner
806,17_epo,65.0,0.5531472086640982,fechner
807,17_epo,66.0,0.5523471189793748,fechner
808,17_epo,67.0,0.5515706872360244,fechner
809,17_epo,68.0,0.5508168825915915,fechner
810,17_epo,69.0,0.5500847330548481,fechner
811,17_epo,70.0,0.5493733213577001,fechner
812,17_epo,71.0,0.5486817811687155,fechner
813,17_epo,72.0,0.5480092936158403,fechner
814,17_epo,73.0,0.5473550840893312,fechner
815,17_epo,74.0,0.5467184192989828,fechner
816,17_epo,75.0,0.5460986045624263,fechner
817,17_epo,76.0,0.5454949813036627,fechner
818,17_epo,77.0,0.544906924743106,fechner
819,17_epo,78.0,0.5443338417622904,fechner
820,17_epo,79.0,0.5437751689280625,fechner
821,17_epo,80.0,0.5432303706625667,fechner
822,17_epo,81.0,0.5426989375466524,fechner
823,17_epo,82.0,0.5421803847455199,fechner
824,17_epo,83.0,0.541674250546469,fechner
825,17_epo,84.0,0.5411800949995735,fechner
826,17_epo,85.0,0.54069749865294,fechner
827,17_epo,86.0,0.5402260613749779,fechner
828,17_epo,87.0,0.5397654012567905,fechner
829,17_epo,88.0,0.5393151535884122,fechner
830,17_epo,89.0,0.5388749699031682,fechner
831,17_epo,90.0,0.5384445170849393,fechner
832,17_epo,91.0,0.5380234765335596,fechner
833,17_epo,92.0,0.537611543383987,fechner
834,17_epo,93.0,0.5372084257752546,fechner
835,17_epo,94.0,0.5368138441655449,fechner
836,17_epo,95.0,0.5364275306900333,fechner
837,18_epo,3.0,0.5000395024532035,fechner
838,18_epo,4.0,0.5000241561473402,fechner
839,18_epo,5.0,0.5000180983219266,fechner
840,18_epo,6.0,0.5000146172576418,fechner
841,18_epo,7.000000000000001,0.5000123094625238,fechner
842,18_epo,8.0,0.5000106524082438,fechner
843,18_epo,9.0,0.5000093990433494,fechner
844,18_epo,10.0,0.5000084152404681,fechner
845,18_epo,11.0,0.50000762116856,fechner
846,18_epo,12.0,0.5000069660602714,fechner
847,18_epo,13.0,0.5000064159656716,fechner
848,18_epo,14.000000000000002,0.5000059472625759,fechner
849,18_epo,15.0,0.500005542977193,fechner
850,18_epo,16.0,0.5000051905829529,fechner
851,18_epo,17.0,0.5000048806245605,fechner
852,18_epo,18.0,0.5000046058258191,fechner
853,18_epo,19.0,0.5000043604928776,fechner
854,18_epo,20.0,0.5000041401042721,fechner
855,18_epo,21.0,0.5000039410226642,fechner
856,18_epo,22.0,0.5000037602879654,fechner
857,18_epo,23.0,0.5000035954661547,fechner
858,18_epo,24.0,0.500003444536995,fechner
859,18_epo,25.0,0.5000033058094168,fechner
860,18_epo,26.0,0.500003177856909,fechner
861,18_epo,27.0,0.5000030594675919,fechner
862,18_epo,28.000000000000004,0.5000029496052137,fechner
863,18_epo,28.999999999999996,0.5000028473783728,fechner
864,18_epo,30.0,0.5000027520160076,fechner
865,18_epo,31.0,0.5000026628477112,fechner
866,18_epo,32.0,0.5000025792877929,fechner
867,18_epo,33.0,0.5000025008222836,fechner
868,18_epo,34.0,0.5000024269982632,fechner
869,18_epo,35.0,0.5000023574150444,fechner
870,18_epo,36.0,0.5000022917168415,fechner
871,18_epo,37.0,0.5000022295866431,fechner
872,18_epo,38.0,0.5000021707410633,fechner
873,18_epo,39.0,0.5000021149259919,fechner
874,18_epo,40.0,0.500002061912905,fechner
875,18_epo,41.0,0.5000020114957192,fechner
876,18_epo,42.0,0.5000019634881009,fechner
877,18_epo,43.0,0.5000019177211523,fechner
878,18_epo,44.0,0.5000018740414169,fechner
879,18_epo,45.0,0.5000018323091525,fechner
880,18_epo,46.0,0.5000017923968312,fechner
881,18_epo,47.0,0.5000017541878321,fechner
882,18_epo,48.0,0.5000017175752989,fechner
883,18_epo,49.0,0.5000016824611375,fechner
884,18_epo,50.0,0.5000016487551359,fechner
885,18_epo,51.0,0.5000016163741867,fechner
886,18_epo,52.0,0.5000015852416015,fechner
887,18_epo,53.0,0.5000015552865018,fechner
888,18_epo,54.0,0.5000015264432789,fechner
889,18_epo,55.00000000000001,0.5000014986511128,fechner
890,18_epo,56.00000000000001,0.5000014718535427,fechner
891,18_epo,56.99999999999999,0.5000014459980833,fechner
892,18_epo,57.99999999999999,0.5000014210358805,fechner
893,18_epo,59.0,0.5000013969214028,fechner
894,18_epo,60.0,0.5000013736121629,fechner
895,18_epo,61.0,0.5000013510684679,fechner
896,18_epo,62.0,0.5000013292531927,fechner
897,18_epo,63.0,0.5000013081315762,fechner
898,18_epo,64.0,0.5000012876710351,fechner
899,18_epo,65.0,0.5000012678409965,fechner
900,18_epo,66.0,0.5000012486127451,fechner
901,18_epo,67.0,0.5000012299592839,fechner
902,18_epo,68.0,0.5000012118552075,fechner
903,18_epo,69.0,0.5000011942765872,fechner
904,18_epo,70.0,0.5000011772008638,fechner
905,18_epo,71.0,0.5000011606067526,fechner
906,18_epo,72.0,0.5000011444741532,fechner
907,18_epo,73.0,0.5000011287840691,fechner
908,18_epo,74.0,0.5000011135185325,fechner
909,18_epo,75.0,0.500001098660536,fechner
910,18_epo,76.0,0.5000010841939686,fechner
911,18_epo,77.0,0.500001070103558,fechner
912,18_epo,78.0,0.5000010563748164,fechner
913,18_epo,79.0,0.5000010429939907,fechner
914,18_epo,80.0,0.500001029948017,fechner
915,18_epo,81.0,0.500001017224477,fechner
916,18_epo,82.0,0.5000010048115595,fechner
917,18_epo,83.0,0.5000009926980236,fechner
918,18_epo,84.0,0.5000009808731639,fechner
919,18_epo,85.0,0.50000096932678,fechner
920,18_epo,86.0,0.5000009580491465,fechner
921,18_epo,87.0,0.5000009470309856,fechner
922,18_epo,88.0,0.5000009362634421,fechner
923,18_epo,89.0,0.5000009257380591,fechner
924,18_epo,90.0,0.5000009154467563,fechner
925,18_epo,91.0,0.5000009053818086,fechner
926,18_epo,92.0,0.5000008955358276,fechner
927,18_epo,93.0,0.500000885901743,fechner
928,18_epo,94.0,0.5000008764727856,fechner
929,18_epo,95.0,0.5000008672424715,fechner
930,19_epo,3.0,0.6579661935341836,fechner
931,19_epo,4.0,0.5987061038917546,fechner
932,19_epo,5.0,0.5743805200579801,fechner
933,19_epo,6.0,0.5602292796576265,fechner
934,19_epo,7.000000000000001,0.5507918664811967,fechner
935,19_epo,8.0,0.5439925377914835,fechner
936,19_epo,9.0,0.5388385990168618,fechner
937,19_epo,10.0,0.5347872402207533,fechner
938,19_epo,11.0,0.5315138285786444,fechner
939,19_epo,12.0,0.5288112124832441,fechner
940,19_epo,13.0,0.5265405130397007,fechner
941,19_epo,14.000000000000002,0.5246049139797754,fechner
942,19_epo,15.0,0.522934743988749,fechner
943,19_epo,16.0,0.5214785251251727,fechner
944,19_epo,17.0,0.5201973636922385,fechner
945,19_epo,18.0,0.5190613060931625,fechner
946,19_epo,19.0,0.5180468974476305,fechner
947,19_epo,20.0,0.5171355021524965,fechner
948,19_epo,21.0,0.5163121216583162,fechner
949,19_epo,22.0,0.5155645452156983,fechner
950,19_epo,23.0,0.5148827287432046,fechner
951,19_epo,24.0,0.5142583331817887,fechner
952,19_epo,25.0,0.5136843763902419,fechner
953,19_epo,26.0,0.5131549672023189,fechner
954,19_epo,27.0,0.5126650998237744,fechner
955,19_epo,28.000000000000004,0.5122104931434477,fechner
956,19_epo,28.999999999999996,0.5117874638898756,fechner
957,19_epo,30.0,0.5113928255822403,fechner
958,19_epo,31.0,0.5110238073452951,fechner
959,19_epo,32.0,0.510677988169241,fechner
960,19_epo,33.0,0.5103532432862469,fechner
961,19_epo,34.0,0.5100477001317725,fechner
962,19_epo,35.0,0.509759701946823,fechner
963,19_epo,36.0,0.5094877775157491,fechner
964,19_epo,37.0,0.5092306158643228,fechner
965,19_epo,38.0,0.5089870449935737,fechner
966,19_epo,39.0,0.5087560139169236,fechner
967,19_epo,40.0,0.5085365774164211,fechner
968,19_epo,41.0,0.5083278830491682,fechner
969,19_epo,42.0,0.5081291600253217,fechner
970,19_epo,43.0,0.5079397096502218,fechner
971,19_epo,44.0,0.5077588970796485,fechner
972,19_epo,45.0,0.507586144182253,fechner
973,19_epo,46.0,0.5074209233393481,fechner
974,19_epo,47.0,0.5072627520413949,fechner
975,19_epo,48.0,0.5071111881641609,fechner
976,19_epo,49.0,0.5069658258267812,fechner
977,19_epo,50.0,0.506826291749713,fechner
978,19_epo,51.0,0.5066922420435362,fechner
979,19_epo,52.0,0.5065633593702421,fechner
980,19_epo,53.0,0.5064393504275274,fechner
981,19_epo,54.0,0.5063199437139838,fechner
982,19_epo,55.00000000000001,0.5062048875392385,fechner
983,19_epo,56.00000000000001,0.5060939482482645,fechner
984,19_epo,56.99999999999999,0.5059869086334269,fechner
985,19_epo,57.99999999999999,0.5058835665114979,fechner
986,19_epo,59.0,0.5057837334459732,fechner
987,19_epo,60.0,0.5056872335976617,fechner
988,19_epo,61.0,0.5055939026887651,fechner
989,19_epo,62.0,0.5055035870675779,fechner
990,19_epo,63.0,0.5054161428625814,fechner
991,19_epo,64.0,0.5053314352161168,fechner
992,19_epo,65.0,0.505249337589034,fechner
993,19_epo,66.0,0.5051697311287577,fechner
994,19_epo,67.0,0.5050925040941255,fechner
995,19_epo,68.0,0.5050175513311284,fechner
996,19_epo,69.0,0.5049447737943757,fechner
997,19_epo,70.0,0.504874078109696,fechner
998,19_epo,71.0,0.5048053761738026,fechner
999,19_epo,72.0,0.5047385847874135,fechner
1000,19_epo,73.0,0.5046736253186044,fechner
1001,19_epo,74.0,0.5046104233935269,fechner
1002,19_epo,75.0,0.5045489086119332,fechner
1003,19_epo,76.0,0.504489014285212,fechner
1004,19_epo,77.0,0.5044306771948865,fechner
1005,19_epo,78.0,0.5043738373697333,fechner
1006,19_epo,79.0,0.5043184378798644,fechner
1007,19_epo,80.0,0.5042644246462903,fechner
1008,19_epo,81.0,0.5042117462646171,fechner
1009,19_epo,82.0,0.5041603538416719,fechner
1010,19_epo,83.0,0.5041102008439624,fechner
1011,19_epo,84.0,0.5040612429569818,fechner
1012,19_epo,85.0,0.5040134379544647,fechner
1013,19_epo,86.0,0.5039667455767821,fechner
1014,19_epo,87.0,0.5039211274177382,fechner
1015,19_epo,88.0,0.5038765468190994,fechner
1016,19_epo,89.0,0.503832968772247,fechner
1017,19_epo,90.0,0.5037903598263965,fechner
1018,19_epo,91.0,0.5037486880028798,fechner
1019,19_epo,92.0,0.5037079227150257,fechner
1020,19_epo,93.0,0.5036680346932195,fechner
1021,19_epo,94.0,0.5036289959147512,fechner
1022,19_epo,95.0,0.5035907795381033,fechner
1023,1_epo,3.0,0.999527074985358,fechner
1024,1_epo,4.0,0.990822517928143,fechner
1025,1_epo,5.0,0.9709059361526537,fechner
1026,1_epo,6.0,0.9444342404526216,fechner
1027,1_epo,7.000000000000001,0.9157332313179404,fechner
1028,1_epo,8.0,0.8874124126732182,fechner
1029,1_epo,9.0,0.8607651434096386,fechner
1030,1_epo,10.0,0.836304596718867,fechner
1031,1_epo,11.0,0.81413170166037,fechner
1032,1_epo,12.0,0.7941484453874327,fechner
1033,1_epo,13.0,0.7761725575681768,fechner
1034,1_epo,14.000000000000002,0.759996179231166,fechner
1035,1_epo,15.0,0.7454143051303196,fechner
1036,1_epo,16.0,0.7322373960176957,fechner
1037,1_epo,17.0,0.7202959185635167,fechner
1038,1_epo,18.0,0.709440917796462,fechner
1039,1_epo,19.0,0.6995427649265475,fechner
1040,1_epo,20.0,0.6904891807533589,fechner
1041,1_epo,21.0,0.6821830840890776,fechner
1042,1_epo,22.0,0.6745405256036031,fechner
1043,1_epo,23.0,0.6674888175838638,fechner
1044,1_epo,24.0,0.6609648940422904,fechner
1045,1_epo,25.0,0.6549138986326835,fechner
1046,1_epo,26.0,0.6492879813515232,fechner
1047,1_epo,27.0,0.6440452790763439,fechner
1048,1_epo,28.000000000000004,0.6391490543103787,fechner
1049,1_epo,28.999999999999996,0.6345669682489152,fechner
1050,1_epo,30.0,0.6302704669881914,fechner
1051,1_epo,31.0,0.6262342626180762,fechner
1052,1_epo,32.0,0.6224358937197598,fechner
1053,1_epo,33.0,0.6188553522790753,fechner
1054,1_epo,34.0,0.6154747661805533,fechner
1055,1_epo,35.0,0.6122781282742896,fechner
1056,1_epo,36.0,0.6092510645376913,fechner
1057,1_epo,37.0,0.6063806351255956,fechner
1058,1_epo,38.0,0.6036551631540166,fechner
1059,1_epo,39.0,0.6010640869306896,fechner
1060,1_epo,40.0,0.5985978320611017,fechner
1061,1_epo,41.0,0.596247700448598,fechner
1062,1_epo,42.0,0.5940057736938991,fechner
1063,1_epo,43.0,0.5918648288015198,fechner
1064,1_epo,44.0,0.5898182644334352,fechner
1065,1_epo,45.0,0.5878600362263704,fechner
1066,1_epo,46.0,0.5859845999185345,fechner
1067,1_epo,47.0,0.5841868612227521,fechner
1068,1_epo,48.0,0.5824621315425863,fechner
1069,1_epo,49.0,0.5808060887616961,fechner
1070,1_epo,50.0,0.5792147424488546,fechner
1071,1_epo,51.0,0.5776844029154571,fechner
1072,1_epo,52.0,0.5762116536419944,fechner
1073,1_epo,53.0,0.5747933266573219,fechner
1074,1_epo,54.0,0.5734264805116768,fechner
1075,1_epo,55.00000000000001,0.5721083805329408,fechner
1076,1_epo,56.00000000000001,0.5708364810970156,fechner
1077,1_epo,56.99999999999999,0.569608409678506,fechner
1078,1_epo,57.99999999999999,0.5684219524781611,fechner
1079,1_epo,59.0,0.5672750414494752,fechner
1080,1_epo,60.0,0.5661657425691765,fechner
1081,1_epo,61.0,0.565092245215573,fechner
1082,1_epo,62.0,0.5640528525353453,fechner
1083,1_epo,63.0,0.5630459726937649,fechner
1084,1_epo,64.0,0.5620701109157964,fechner
1085,1_epo,65.0,0.5611238622363904,fechner
1086,1_epo,66.0,0.560205904887719,fechner
1087,1_epo,67.0,0.5593149942593498,fechner
1088,1_epo,68.0,0.5584499573745644,fechner
1089,1_epo,69.0,0.5576096878323304,fechner
1090,1_epo,70.0,0.5567931411699826,fechner
1091,1_epo,71.0,0.5559993306065284,fechner
1092,1_epo,72.0,0.5552273231307844,fechner
1093,1_epo,73.0,0.5544762359023239,fechner
1094,1_epo,74.0,0.5537452329365574,fechner
1095,1_epo,75.0,0.5530335220482211,fechner
1096,1_epo,76.0,0.5523403520301624,fechner
1097,1_epo,77.0,0.551665010046639,fechner
1098,1_epo,78.0,0.551006819222408,fechner
1099,1_epo,79.0,0.5503651364107212,fechner
1100,1_epo,80.0,0.5497393501249813,fechner
1101,1_epo,81.0,0.5491288786202717,fechner
1102,1_epo,82.0,0.5485331681122855,fechner
1103,1_epo,83.0,0.5479516911223413,fechner
1104,1_epo,84.0,0.547383944938228,fechner
1105,1_epo,85.0,0.5468294501815573,fechner
1106,1_epo,86.0,0.5462877494731483,fechner
1107,1_epo,87.0,0.5457584061887276,fechner
1108,1_epo,88.0,0.5452410032979158,fechner
1109,1_epo,89.0,0.5447351422800838,fechner
1110,1_epo,90.0,0.5442404421112224,fechner
1111,1_epo,91.0,0.5437565383164716,fechner
1112,1_epo,92.0,0.5432830820834083,fechner
1113,1_epo,93.0,0.5428197394316086,fechner
1114,1_epo,94.0,0.54236619043437,fechner
1115,1_epo,95.0,0.5419221284888203,fechner
1116,20_epo,3.0,0.782435179822501,fechner
1117,20_epo,4.0,0.6862575210607605,fechner
1118,20_epo,5.0,0.6425390708798767,fechner
1119,20_epo,6.0,0.6162383141288382,fechner
1120,20_epo,7.000000000000001,0.5984083055538838,fechner
1121,20_epo,8.0,0.5854403440669743,fechner
1122,20_epo,9.0,0.5755513153386032,fechner
1123,20_epo,10.0,0.5677461080037138,fechner
1124,20_epo,11.0,0.5614213580410294,fechner
1125,20_epo,12.0,0.5561882878789867,fechner
1126,20_epo,13.0,0.5517843779183413,fechner
1127,20_epo,14.000000000000002,0.5480256201645055,fechner
1128,20_epo,15.0,0.5447790364065125,fechner
1129,20_epo,16.0,0.5419460425530288,fechner
1130,20_epo,17.0,0.5394519519075356,fechner
1131,20_epo,18.0,0.5372391172131706,fechner
1132,20_epo,19.0,0.5352623149515884,fechner
1133,20_epo,20.0,0.5334855579908891,fechner
1134,20_epo,21.0,0.5318798446484908,fechner
1135,20_epo,22.0,0.5304215373018059,fechner
1136,20_epo,23.0,0.5290911737521408,fechner
1137,20_epo,24.0,0.5278725820090499,fechner
1138,20_epo,25.0,0.526752211622312,fechner
1139,20_epo,26.0,0.5257186220543566,fechner
1140,20_epo,27.0,0.524762086603431,fechner
1141,20_epo,28.000000000000004,0.5238742824814216,fechner
1142,20_epo,28.999999999999996,0.5230480459111717,fechner
1143,20_epo,30.0,0.5222771768420943,fechner
1144,20_epo,31.0,0.5215562819216691,fechner
1145,20_epo,32.0,0.520880647243921,fechner
1146,20_epo,33.0,0.5202461344805115,fechner
1147,20_epo,34.0,0.5196490955245732,fechner
1148,20_epo,35.0,0.5190863019043894,fechner
1149,20_epo,36.0,0.5185548860655251,fechner
1150,20_epo,37.0,0.5180522922542828,fechner
1151,20_epo,38.0,0.5175762352176295,fechner
1152,20_epo,39.0,0.517124665304482,fechner
1153,20_epo,40.0,0.5166957388389134,fechner
1154,20_epo,41.0,0.5162877928581804,fechner
1155,20_epo,42.0,0.5158993234827055,fechner
1156,20_epo,43.0,0.5155289673225998,fechner
1157,20_epo,44.0,0.5151754854343903,fechner
1158,20_epo,45.0,0.5148377494287102,fechner
1159,20_epo,46.0,0.5145147293996277,fechner
1160,20_epo,47.0,0.514205483402716,fechner
1161,20_epo,48.0,0.5139091482547417,fechner
1162,20_epo,49.0,0.5136249314651551,fechner
1163,20_epo,50.0,0.5133521041401151,fechner
1164,20_epo,51.0,0.5130899947249049,fechner
1165,20_epo,52.0,0.5128379834713408,fechner
1166,20_epo,53.0,0.512595497533987,fechner
1167,20_epo,54.0,0.5123620066133051,fechner
1168,20_epo,55.00000000000001,0.5121370190758338,fechner
1169,20_epo,56.00000000000001,0.5119200784915305,fechner
1170,20_epo,56.99999999999999,0.511710760536841,fechner
1171,20_epo,57.99999999999999,0.5115086702191907,fechner
1172,20_epo,59.0,0.5113134393846264,fechner
1173,20_epo,60.0,0.5111247244754539,fechner
1174,20_epo,61.0,0.5109422045090889,fechner
1175,20_epo,62.0,0.5107655792530614,fechner
1176,20_epo,63.0,0.5105945675743101,fechner
1177,20_epo,64.0,0.5104289059436443,fechner
1178,20_epo,65.0,0.5102683470786151,fechner
1179,20_epo,66.0,0.5101126587100694,fechner
1180,20_epo,67.0,0.5099616224594334,fechner
1181,20_epo,68.0,0.5098150328152925,fechner
1182,20_epo,69.0,0.5096726961991684,fechner
1183,20_epo,70.0,0.5095344301115508,fechner
1184,20_epo,71.0,0.5094000623502521,fechner
1185,20_epo,72.0,0.5092694302940359,fechner
1186,20_epo,73.0,0.5091423802452454,fechner
1187,20_epo,74.0,0.5090187668258389,fechner
1188,20_epo,75.0,0.5088984524218351,fechner
1189,20_epo,76.0,0.5087813066717013,fechner
1190,20_epo,77.0,0.5086672059946802,fechner
1191,20_epo,78.0,0.5085560331554636,fechner
1192,20_epo,79.0,0.5084476768619876,fechner
1193,20_epo,80.0,0.5083420313934428,fechner
1194,20_epo,81.0,0.508238996255886,fechner
1195,20_epo,82.0,0.508138475863091,fechner
1196,20_epo,83.0,0.5080403792405072,fechner
1197,20_epo,84.0,0.5079446197503958,fechner
1198,20_epo,85.0,0.5078511148363982,fechner
1199,20_epo,86.0,0.5077597857859502,fechner
1200,20_epo,87.0,0.5076705575091056,fechner
1201,20_epo,88.0,0.5075833583324607,fechner
1202,20_epo,89.0,0.5074981198069909,fechner
1203,20_epo,90.0,0.5074147765287144,fechner
1204,20_epo,91.0,0.5073332659711968,fechner
1205,20_epo,92.0,0.5072535283289923,fechner
1206,20_epo,93.0,0.5071755063711988,fechner
1207,20_epo,94.0,0.5070991453043714,fechner
1208,20_epo,95.0,0.5070243926441047,fechner
1209,21_epo,3.0,0.8514024515335563,fechner
1210,21_epo,4.0,0.7441170869249865,fechner
1211,21_epo,5.0,0.6899271065748203,fechner
1212,21_epo,6.0,0.6560967003073693,fechner
1213,21_epo,7.000000000000001,0.6327341698387609,fechner
1214,21_epo,8.0,0.6155584114712032,fechner
1215,21_epo,9.0,0.6023702124939343,fechner
1216,21_epo,10.0,0.5919121704190718,fechner
1217,21_epo,11.0,0.5834094000171777,fechner
1218,21_epo,12.0,0.5763568371364677,fechner
1219,21_epo,13.0,0.5704105494611467,fechner
1220,21_epo,14.000000000000002,0.5653279171729263,fechner
1221,21_epo,15.0,0.5609327311036418,fechner
1222,21_epo,16.0,0.5570938418110541,fechner
1223,21_epo,17.0,0.5537115748532775,fechner
1224,21_epo,18.0,0.5507087954893732,fechner
1225,21_epo,19.0,0.5480248616950811,fechner
1226,21_epo,20.0,0.5456114293809056,fechner
1227,21_epo,21.0,0.5434294786648032,fechner
1228,21_epo,22.0,0.5414471649064103,fechner
1229,21_epo,23.0,0.5396382389471055,fechner
1230,21_epo,24.0,0.5379808678085591,fechner
1231,21_epo,25.0,0.5364567420390883,fechner
1232,21_epo,26.0,0.5350503914721885,fechner
1233,21_epo,27.0,0.533748654680907,fechner
1234,21_epo,28.000000000000004,0.5325402632553676,fechner
1235,21_epo,28.999999999999996,0.5314155128877578,fechner
1236,21_epo,30.0,0.5303660008062441,fechner
1237,21_epo,31.0,0.529384414435645,fechner
1238,21_epo,32.0,0.5284643599811374,fechner
1239,21_epo,33.0,0.527600222397258,fechner
1240,21_epo,34.0,0.5267870502309945,fechner
1241,21_epo,35.0,0.5260204603283098,fechner
1242,21_epo,36.0,0.525296558515573,fechner
1243,21_epo,37.0,0.5246118732142808,fechner
1244,21_epo,38.0,0.5239632995922239,fechner
1245,21_epo,39.0,0.5233480523491226,fechner
1246,21_epo,40.0,0.5227636256175093,fechner
1247,21_epo,41.0,0.52220775875781,fechner
1248,21_epo,42.0,0.5216784070604541,fechner
1249,21_epo,43.0,0.5211737165524792,fechner
1250,21_epo,44.0,0.520692002252745,fechner
1251,21_epo,45.0,0.5202317293370421,fechner
1252,21_epo,46.0,0.519791496768493,fechner
1253,21_epo,47.0,0.5193700230246621,fechner
1254,21_epo,48.0,0.5189661336144702,fechner
1255,21_epo,49.0,0.5185787501283275,fechner
1256,21_epo,50.0,0.5182068806061032,fechner
1257,21_epo,51.0,0.517849611041465,fechner
1258,21_epo,52.0,0.5175060978691388,fechner
1259,21_epo,53.0,0.5171755613048766,fechner
1260,21_epo,54.0,0.5168572794272793,fechner
1261,21_epo,55.00000000000001,0.516550582906793,fechner
1262,21_epo,56.00000000000001,0.5162548503007653,fechner
1263,21_epo,56.99999999999999,0.5159695038448676,fechner
1264,21_epo,57.99999999999999,0.5156940056808248,fechner
1265,21_epo,59.0,0.5154278544685666,fechner
1266,21_epo,60.0,0.5151705823378444,fechner
1267,21_epo,61.0,0.514921752140272,fechner
1268,21_epo,62.0,0.5146809549677984,fechner
1269,21_epo,63.0,0.5144478079079465,fechner
1270,21_epo,64.0,0.5142219520098682,fechner
1271,21_epo,65.0,0.5140030504384698,fechner
1272,21_epo,66.0,0.5137907867966205,fechner
1273,21_epo,67.0,0.5135848635978529,fechner
1274,21_epo,68.0,0.5133850008740337,fechner
1275,21_epo,69.0,0.5131909349042901,fechner
1276,21_epo,70.0,0.5130024170530445,fechner
1277,21_epo,71.0,0.512819212706384,fechner
1278,21_epo,72.0,0.512641100297187,fechner
1279,21_epo,73.0,0.512467870410486,fechner
1280,21_epo,74.0,0.5122993249614616,fechner
1281,21_epo,75.0,0.5121352764392819,fechner
1282,21_epo,76.0,0.511975547210712,fechner
1283,21_epo,77.0,0.5118199688780538,fechner
1284,21_epo,78.0,0.5116683816865323,fechner
1285,21_epo,79.0,0.5115206339767422,fechner
1286,21_epo,80.0,0.5113765816782079,fechner
1287,21_epo,81.0,0.5112360878404959,fechner
1288,21_epo,82.0,0.5110990221986758,fechner
1289,21_epo,83.0,0.5109652607702226,fechner
1290,21_epo,84.0,0.5108346854807438,fechner
1291,21_epo,85.0,0.5107071838161503,fechner
1292,21_epo,86.0,0.5105826484991174,fechner
1293,21_epo,87.0,0.5104609771878815,fechner
1294,21_epo,88.0,0.51034207219559,fechner
1295,21_epo,89.0,0.5102258402285906,fechner
1296,21_epo,90.0,0.5101121921421818,fechner
1297,21_epo,91.0,0.510001042712482,fechner
1298,21_epo,92.0,0.5098923104231893,fechner
1299,21_epo,93.0,0.5097859172661098,fechner
1300,21_epo,94.0,0.509681788554429,fechner
1301,21_epo,95.0,0.5095798527477845,fechner
1302,22_epo,3.0,0.7666168035732079,fechner
1303,22_epo,4.0,0.674206385882507,fechner
1304,22_epo,5.0,0.6329488645315149,fechner
1305,22_epo,6.0,0.6082789560027799,fechner
1306,22_epo,7.000000000000001,0.5916045659963669,fechner
1307,22_epo,8.0,0.5794981034300284,fechner
1308,22_epo,9.0,0.5702762139701056,fechner
1309,22_epo,10.0,0.5630030199069486,fechner
1310,22_epo,11.0,0.5571125190927917,fechner
1311,22_epo,12.0,0.5522406667739114,fechner
1312,22_epo,13.0,0.5481419708892644,fechner
1313,22_epo,14.000000000000002,0.5446445321835419,fechner
1314,22_epo,15.0,0.5416242206160757,fechner
1315,22_epo,16.0,0.5389890690341709,fechner
1316,22_epo,17.0,0.5366694387184126,fechner
1317,22_epo,18.0,0.5346116008534495,fechner
1318,22_epo,19.0,0.532773420292492,fechner
1319,22_epo,20.0,0.5311213771267908,fechner
1320,22_epo,21.0,0.5296284645509319,fechner
1321,22_epo,22.0,0.5282726754276266,fechner
1322,22_epo,23.0,0.5270358932745084,fechner
1323,22_epo,24.0,0.5259030666555676,fechner
1324,22_epo,25.0,0.5248615857415112,fechner
1325,22_epo,26.0,0.5239008054239827,fechner
1326,22_epo,27.0,0.523011676226326,fechner
1327,22_epo,28.000000000000004,0.5221864555624082,fechner
1328,22_epo,28.999999999999996,0.5214184796160405,fechner
1329,22_epo,30.0,0.5207019814703848,fechner
1330,22_epo,31.0,0.5200319448884198,fechner
1331,22_epo,32.0,0.519403985837404,fechner
1332,22_epo,33.0,0.5188142557956608,fechner
1333,22_epo,34.0,0.5182593623023231,fechner
1334,22_epo,35.0,0.5177363032618596,fechner
1335,22_epo,36.0,0.5172424122999147,fechner
1336,22_epo,37.0,0.5167753130583439,fechner
1337,22_epo,38.0,0.5163328807668669,fechner
1338,22_epo,39.0,0.5159132097733578,fechner
1339,22_epo,40.0,0.5155145859809861,fechner
1340,22_epo,41.0,0.5151354633475701,fechner
1341,22_epo,42.0,0.5147744437648198,fechner
1342,22_epo,43.0,0.5144302597631651,fechner
1343,22_epo,44.0,0.5141017595894597,fechner
1344,22_epo,45.0,0.5137878942859518,fechner
1345,22_epo,46.0,0.513487706464017,fechner
1346,22_epo,47.0,0.5132003205186818,fechner
1347,22_epo,48.0,0.5129249340725847,fechner
1348,22_epo,49.0,0.5126608104727445,fechner
1349,22_epo,50.0,0.5124072721919457,fechner
1350,22_epo,51.0,0.5121636950099301,fechner
1351,22_epo,52.0,0.511929502868897,fechner
1352,22_epo,53.0,0.511704163313823,fechner
1353,22_epo,54.0,0.5114871834414433,fechner
1354,22_epo,55.00000000000001,0.5112781062928655,fechner
1355,22_epo,56.00000000000001,0.5110765076341262,fechner
1356,22_epo,56.99999999999999,0.5108819930768482,fechner
1357,22_epo,57.99999999999999,0.5106941954977936,fechner
1358,22_epo,59.0,0.5105127727217074,fechner
1359,22_epo,60.0,0.5103374054366256,fechner
1360,22_epo,61.0,0.5101677953148741,fechner
1361,22_epo,62.0,0.5100036633164523,fechner
1362,22_epo,63.0,0.5098447481544723,fechner
1363,22_epo,64.0,0.5096908049048685,fechner
1364,22_epo,65.0,0.5095416037447923,fechner
1365,22_epo,66.0,0.5093969288060026,fechner
1366,22_epo,67.0,0.5092565771312015,fechner
1367,22_epo,68.0,0.5091203577226875,fechner
1368,22_epo,69.0,0.5089880906739342,fechner
1369,22_epo,70.0,0.5088596063757812,fechner
1370,22_epo,71.0,0.5087347447898587,fechner
1371,22_epo,72.0,0.5086133547826956,fechner
1372,22_epo,73.0,0.508495293514677,fechner
1373,22_epo,74.0,0.5083804258786472,fechner
1374,22_epo,75.0,0.508268623983518,fechner
1375,22_epo,76.0,0.5081597666787256,fechner
1376,22_epo,77.0,0.5080537391158136,fechner
1377,22_epo,78.0,0.5079504323438044,fechner
1378,22_epo,79.0,0.5078497429353578,fechner
1379,22_epo,80.0,0.5077515726410187,fechner
1380,22_epo,81.0,0.5076558280691192,fechner
1381,22_epo,82.0,0.5075624203891449,fechner
1382,22_epo,83.0,0.5074712650565766,fechner
1383,22_epo,84.0,0.507382281557421,fechner
1384,22_epo,85.0,0.5072953931708019,fechner
1385,22_epo,86.0,0.5072105267481397,fechner
1386,22_epo,87.0,0.5071276125075843,fechner
1387,22_epo,88.0,0.507046583842483,fechner
1388,22_epo,89.0,0.5069673771427805,fechner
1389,22_epo,90.0,0.5068899316283416,fechner
1390,22_epo,91.0,0.5068141891932788,fechner
1391,22_epo,92.0,0.5067400942604466,fechner
1392,22_epo,93.0,0.5066675936453348,fechner
1393,22_epo,94.0,0.506596636428661,fechner
1394,22_epo,95.0,0.5065271738370212,fechner
1395,23_epo,3.0,0.5000000136377932,fechner
1396,23_epo,4.0,0.5000000083396476,fechner
1397,23_epo,5.0,0.5000000062482493,fechner
1398,23_epo,6.0,0.5000000050464495,fechner
1399,23_epo,7.000000000000001,0.5000000042497084,fechner
1400,23_epo,8.0,0.5000000036776283,fechner
1401,23_epo,9.0,0.5000000032449177,fechner
1402,23_epo,10.0,0.5000000029052705,fechner
1403,23_epo,11.0,0.5000000026311258,fechner
1404,23_epo,12.0,0.5000000024049567,fechner
1405,23_epo,13.0,0.5000000022150425,fechner
1406,23_epo,14.000000000000002,0.5000000020532278,fechner
1407,23_epo,15.0,0.5000000019136527,fechner
1408,23_epo,16.0,0.5000000017919924,fechner
1409,23_epo,17.0,0.5000000016849827,fechner
1410,23_epo,18.0,0.5000000015901114,fechner
1411,23_epo,19.0,0.5000000015054129,fechner
1412,23_epo,20.0,0.5000000014293261,fechner
1413,23_epo,21.0,0.5000000013605953,fechner
1414,23_epo,22.0,0.5000000012981987,fechner
1415,23_epo,23.0,0.5000000012412957,fechner
1416,23_epo,24.0,0.500000001189189,fechner
1417,23_epo,25.0,0.5000000011412948,fechner
1418,23_epo,26.0,0.5000000010971206,fechner
1419,23_epo,27.0,0.500000001056248,fechner
1420,23_epo,28.000000000000004,0.5000000010183192,fechner
1421,23_epo,28.999999999999996,0.5000000009830264,fechner
1422,23_epo,30.0,0.5000000009501037,fechner
1423,23_epo,31.0,0.5000000009193193,fechner
1424,23_epo,32.0,0.5000000008904711,fechner
1425,23_epo,33.0,0.5000000008633818,fechner
1426,23_epo,34.0,0.5000000008378949,fechner
1427,23_epo,35.0,0.500000000813872,fechner
1428,23_epo,36.0,0.5000000007911903,fechner
1429,23_epo,37.0,0.5000000007697406,fechner
1430,23_epo,38.0,0.5000000007494249,fechner
1431,23_epo,39.0,0.5000000007301553,fechner
1432,23_epo,40.0,0.500000000711853,fechner
1433,23_epo,41.0,0.500000000694447,fechner
1434,23_epo,42.0,0.500000000677873,fechner
1435,23_epo,43.0,0.5000000006620724,fechner
1436,23_epo,44.0,0.5000000006469925,fechner
1437,23_epo,45.0,0.5000000006325849,fechner
1438,23_epo,46.0,0.5000000006188056,fechner
1439,23_epo,47.0,0.5000000006056143,fechner
1440,23_epo,48.0,0.5000000005929742,fechner
1441,23_epo,49.0,0.5000000005808515,fechner
1442,23_epo,50.0,0.5000000005692148,fechner
1443,23_epo,51.0,0.5000000005580356,fechner
1444,23_epo,52.0,0.5000000005472874,fechner
1445,23_epo,53.0,0.5000000005369458,fechner
1446,23_epo,54.0,0.500000000526988,fechner
1447,23_epo,55.00000000000001,0.500000000517393,fechner
1448,23_epo,56.00000000000001,0.5000000005081415,fechner
1449,23_epo,56.99999999999999,0.5000000004992151,fechner
1450,23_epo,57.99999999999999,0.5000000004905972,fechner
1451,23_epo,59.0,0.500000000482272,fechner
1452,23_epo,60.0,0.5000000004742247,fechner
1453,23_epo,61.0,0.5000000004664418,fechner
1454,23_epo,62.0,0.5000000004589102,fechner
1455,23_epo,63.0,0.5000000004516182,fechner
1456,23_epo,64.0,0.5000000004445545,fechner
1457,23_epo,65.0,0.5000000004377083,fechner
1458,23_epo,66.0,0.50000000043107,fechner
1459,23_epo,67.0,0.5000000004246301,fechner
1460,23_epo,68.0,0.5000000004183799,fechner
1461,23_epo,69.0,0.5000000004123111,fechner
1462,23_epo,70.0,0.5000000004064158,fechner
1463,23_epo,71.0,0.5000000004006869,fechner
1464,23_epo,72.0,0.5000000003951173,fechner
1465,23_epo,73.0,0.5000000003897005,fechner
1466,23_epo,74.0,0.5000000003844302,fechner
1467,23_epo,75.0,0.5000000003793006,fechner
1468,23_epo,76.0,0.5000000003743063,fechner
1469,23_epo,77.0,0.5000000003694417,fechner
1470,23_epo,78.0,0.5000000003647019,fechner
1471,23_epo,79.0,0.5000000003600824,fechner
1472,23_epo,80.0,0.5000000003555783,fechner
1473,23_epo,81.0,0.5000000003511857,fechner
1474,23_epo,82.0,0.5000000003469003,fechner
1475,23_epo,83.0,0.5000000003427182,fechner
1476,23_epo,84.0,0.5000000003386358,fechner
1477,23_epo,85.0,0.5000000003346495,fechner
1478,23_epo,86.0,0.5000000003307561,fechner
1479,23_epo,87.0,0.5000000003269521,fechner
1480,23_epo,88.0,0.5000000003232348,fechner
1481,23_epo,89.0,0.500000000319601,fechner
1482,23_epo,90.0,0.5000000003160481,fechner
1483,23_epo,91.0,0.5000000003125733,fechner
1484,23_epo,92.0,0.500000000309174,fechner
1485,23_epo,93.0,0.500000000305848,fechner
1486,23_epo,94.0,0.5000000003025927,fechner
1487,23_epo,95.0,0.500000000299406,fechner
1488,24_epo,3.0,0.9934494234750635,fechner
1489,24_epo,4.0,0.9556711130085862,fechner
1490,24_epo,5.0,0.9089345428659023,fechner
1491,24_epo,6.0,0.865084057078736,fechner
1492,24_epo,7.000000000000001,0.827041508436591,fechner
1493,24_epo,8.0,0.7948081274154949,fechner
1494,24_epo,9.0,0.7676029014146536,fechner
1495,24_epo,10.0,0.7445516584732663,fechner
1496,24_epo,11.0,0.724883845340923,fechner
1497,24_epo,12.0,0.7079687995061192,fechner
1498,24_epo,13.0,0.6933037268312648,fechner
1499,24_epo,14.000000000000002,0.6804907047523113,fechner
1500,24_epo,15.0,0.6692144402515923,fechner
1501,24_epo,16.0,0.6592238131255067,fechner
1502,24_epo,17.0,0.6503173985802769,fechner
1503,24_epo,18.0,0.6423323622797498,fechner
1504,24_epo,19.0,0.6351360050790467,fechner
1505,24_epo,20.0,0.6286193253825044,fechner
1506,24_epo,21.0,0.6226920989170969,fechner
1507,24_epo,22.0,0.6172790961923859,fechner
1508,24_epo,23.0,0.6123171544944216,fechner
1509,24_epo,24.0,0.6077528946325491,fechner
1510,24_epo,25.0,0.6035409270755374,fechner
1511,24_epo,26.0,0.5996424320677227,fechner
1512,24_epo,27.0,0.5960240275706874,fechner
1513,24_epo,28.000000000000004,0.5926568603264735,fechner
1514,24_epo,28.999999999999996,0.5895158711261969,fechner
1515,24_epo,30.0,0.5865791970486377,fechner
1516,24_epo,31.0,0.5838276821274374,fechner
1517,24_epo,32.0,0.5812444744184546,fechner
1518,24_epo,33.0,0.5788146923502802,fechner
1519,24_epo,34.0,0.57652514696955,fechner
1520,24_epo,35.0,0.57436410954218,fechner
1521,24_epo,36.0,0.5723211161635182,fechner
1522,24_epo,37.0,0.5703868027271582,fechner
1523,24_epo,38.0,0.568552764923774,fechner
1524,24_epo,39.0,0.5668114389769058,fechner
1525,24_epo,40.0,0.5651559996387676,fechner
1526,24_epo,41.0,0.5635802726159377,fechner
1527,24_epo,42.0,0.5620786591101118,fechner
1528,24_epo,43.0,0.5606460705718236,fechner
1529,24_epo,44.0,0.559277872097204,fechner
1530,24_epo,45.0,0.5579698331664812,fechner
1531,24_epo,46.0,0.5567180846411688,fechner
1532,24_epo,47.0,0.5555190811149795,fechner
1533,24_epo,48.0,0.5543695678594488,fechner
1534,24_epo,49.0,0.5532665517253453,fechner
1535,24_epo,50.0,0.5522072754601544,fechner
1536,24_epo,51.0,0.551189194984195,fechner
1537,24_epo,52.0,0.5502099592364008,fechner
1538,24_epo,53.0,0.549267392257985,fechner
1539,24_epo,54.0,0.5483594772301421,fechner
1540,24_epo,55.00000000000001,0.5474843422222399,fechner
1541,24_epo,56.00000000000001,0.5466402474409481,fechner
1542,24_epo,56.99999999999999,0.5458255737995102,fechner
1543,24_epo,57.99999999999999,0.5450388126507762,fechner
1544,24_epo,59.0,0.5442785565483795,fechner
1545,24_epo,60.0,0.5435434909181704,fechner
1546,24_epo,61.0,0.5428323865371812,fechner
1547,24_epo,62.0,0.5421440927304121,fechner
1548,24_epo,63.0,0.5414775312069142,fechner
1549,24_epo,64.0,0.5408316904662944,fechner
1550,24_epo,65.0,0.540205620715103,fechner
1551,24_epo,66.0,0.5395984292397821,fechner
1552,24_epo,67.0,0.5390092761891265,fechner
1553,24_epo,68.0,0.5384373707246545,fechner
1554,24_epo,69.0,0.5378819675020411,fechner
1555,24_epo,70.0,0.53734236345092,fechner
1556,24_epo,71.0,0.5368178948239894,fechner
1557,24_epo,72.0,0.5363079344895466,fechner
1558,24_epo,73.0,0.5358118894443735,fechner
1559,24_epo,74.0,0.5353291985263593,fechner
1560,24_epo,75.0,0.5348593303084171,fechner
1561,24_epo,76.0,0.5344017811571732,fechner
1562,24_epo,77.0,0.5339560734415979,fechner
1563,24_epo,78.0,0.5335217538782585,fechner
1564,24_epo,79.0,0.5330983920012025,fechner
1565,24_epo,80.0,0.5326855787456698,fechner
1566,24_epo,81.0,0.532282925135885,fechner
1567,24_epo,82.0,0.5318900610681268,fechner
1568,24_epo,83.0,0.5315066341811046,fechner
1569,24_epo,84.0,0.5311323088064335,fechner
1570,24_epo,85.0,0.5307667649926615,fechner
1571,24_epo,86.0,0.5304096975969135,fechner
1572,24_epo,87.0,0.5300608154387515,fechner
1573,24_epo,88.0,0.5297198405113435,fechner
1574,24_epo,89.0,0.5293865072454648,fechner
1575,24_epo,90.0,0.5290605618222539,fechner
1576,24_epo,91.0,0.5287417615309998,fechner
1577,24_epo,92.0,0.528429874168557,fechner
1578,24_epo,93.0,0.5281246774772788,fechner
1579,24_epo,94.0,0.5278259586186167,fechner
1580,24_epo,95.0,0.5275335136797792,fechner
1581,25_epo,3.0,0.5387347027503621,fechner
1582,25_epo,4.0,0.5237164064453891,fechner
1583,25_epo,5.0,0.5177747088358914,fechner
1584,25_epo,6.0,0.5143579924182196,fechner
1585,25_epo,7.000000000000001,0.5120920973330269,fechner
1586,25_epo,8.0,0.510464816332598,fechner
1587,25_epo,9.0,0.5092338221896692,fechner
1588,25_epo,10.0,0.5082674995684598,fechner
1589,25_epo,11.0,0.5074874913745469,fechner
1590,25_epo,12.0,0.5068439580224727,fechner
1591,25_epo,13.0,0.5063035652941572,fechner
1592,25_epo,14.000000000000002,0.505843116919179,fechner
1593,25_epo,15.0,0.5054459437520976,fechner
1594,25_epo,16.0,0.5050997432308241,fechner
1595,25_epo,17.0,0.504795228646968,fechner
1596,25_epo,18.0,0.5045252532216572,fechner
1597,25_epo,19.0,0.5042842241729695,fechner
1598,25_epo,20.0,0.504067700158996,fechner
1599,25_epo,21.0,0.5038721082031223,fechner
1600,25_epo,22.0,0.50369454052992,fechner
1601,25_epo,23.0,0.5035326060886172,fechner
1602,25_epo,24.0,0.5033843202741296,fechner
1603,25_epo,25.0,0.5032480218192497,fechner
1604,25_epo,26.0,0.5031223093346326,fechner
1605,25_epo,27.0,0.5030059922691489,fechner
1606,25_epo,28.000000000000004,0.5028980525980936,fechner
1607,25_epo,28.999999999999996,0.5027976145915254,fechner
1608,25_epo,30.0,0.5027039207379292,fechner
1609,25_epo,31.0,0.5026163124061767,fechner
1610,25_epo,32.0,0.5025342141903831,fechner
1611,25_epo,33.0,0.5024571211430957,fechner
1612,25_epo,34.0,0.5023845882926238,fechner
1613,25_epo,35.0,0.5023162219807923,fechner
1614,25_epo,36.0,0.5022516726621192,fechner
1615,25_epo,37.0,0.5021906288842226,fechner
1616,25_epo,38.0,0.5021328122291031,fechner
1617,25_epo,39.0,0.5020779730407673,fechner
1618,25_epo,40.0,0.5020258868000158,fechner
1619,25_epo,41.0,0.5019763510347093,fechner
1620,25_epo,42.0,0.5019291826753501,fechner
1621,25_epo,43.0,0.5018842157827756,fechner
1622,25_epo,44.0,0.501841299588213,fechner
1623,25_epo,45.0,0.5018002967966734,fechner
1624,25_epo,46.0,0.5017610821132695,fechner
1625,25_epo,47.0,0.501723540958989,fechner
1626,25_epo,48.0,0.5016875683480762,fechner
1627,25_epo,49.0,0.5016530679037657,fechner
1628,25_epo,50.0,0.5016199509928595,fechner
1629,25_epo,51.0,0.5015881359627224,fechner
1630,25_epo,52.0,0.5015575474668208,fechner
1631,25_epo,53.0,0.5015281158670337,fechner
1632,25_epo,54.0,0.5014997767027249,fechner
1633,25_epo,55.00000000000001,0.5014724702180288,fechner
1634,25_epo,56.00000000000001,0.5014461409400324,fechner
1635,25_epo,56.99999999999999,0.5014207373015698,fechner
1636,25_epo,57.99999999999999,0.5013962113032145,fechner
1637,25_epo,59.0,0.501372518209798,fechner
1638,25_epo,60.0,0.5013496162774046,fechner
1639,25_epo,61.0,0.5013274665073301,fechner
1640,25_epo,62.0,0.5013060324239456,fechner
1641,25_epo,63.0,0.5012852798737979,fechner
1642,25_epo,64.0,0.5012651768436155,fechner
1643,25_epo,65.0,0.5012456932951733,fechner
1644,25_epo,66.0,0.5012268010152234,fechner
1645,25_epo,67.0,0.5012084734789096,fechner
1646,25_epo,68.0,0.5011906857252734,fechner
1647,25_epo,69.0,0.50117341424362,fechner
1648,25_epo,70.0,0.5011566368696561,fechner
1649,25_epo,71.0,0.5011403326904279,fechner
1650,25_epo,72.0,0.5011244819572074,fechner
1651,25_epo,73.0,0.5011090660055576,fechner
1652,25_epo,74.0,0.5010940671818966,fechner
1653,25_epo,75.0,0.5010794687759536,fechner
1654,25_epo,76.0,0.5010652549585695,fechner
1655,25_epo,77.0,0.501051410724358,fechner
1656,25_epo,78.0,0.5010379218387887,fechner
1657,25_epo,79.0,0.5010247747892964,fechner
1658,25_epo,80.0,0.5010119567400696,fechner
1659,25_epo,81.0,0.500999455490192,fechner
1660,25_epo,82.0,0.5009872594348566,fechner
1661,25_epo,83.0,0.5009753575293876,fechner
1662,25_epo,84.0,0.5009637392558395,fechner
1663,25_epo,85.0,0.5009523945919572,fechner
1664,25_epo,86.0,0.5009413139823069,fechner
1665,25_epo,87.0,0.5009304883114023,fechner
1666,25_epo,88.0,0.5009199088786656,fechner
1667,25_epo,89.0,0.5009095673750806,fechner
1668,25_epo,90.0,0.5008994558614049,fechner
1669,25_epo,91.0,0.5008895667478211,fechner
1670,25_epo,92.0,0.5008798927749177,fechner
1671,25_epo,93.0,0.5008704269958988,fechner
1672,25_epo,94.0,0.5008611627599319,fechner
1673,25_epo,95.0,0.5008520936965486,fechner
1674,2_epo,3.0,0.8769142693754904,fechner
1675,2_epo,4.0,0.7686523430009365,fechner
1676,2_epo,5.0,0.7108681131451146,fechner
1677,2_epo,6.0,0.674052682452834,fechner
1678,2_epo,7.000000000000001,0.6483650040300081,fechner
1679,2_epo,8.0,0.62936503565518,fechner
1680,2_epo,9.0,0.6147192600275461,fechner
1681,2_epo,10.0,0.603074475211067,fechner
1682,2_epo,11.0,0.5935888328474862,fechner
1683,2_epo,12.0,0.5857099513333003,fechner
1684,2_epo,13.0,0.5790598321942688,fechner
1685,2_epo,14.000000000000002,0.5733708355640645,fechner
1686,2_epo,15.0,0.5684480217533665,fechner
1687,2_epo,16.0,0.5641459700551348,fechner
1688,2_epo,17.0,0.5603539568863102,fechner
1689,2_epo,18.0,0.5569861682471963,fechner
1690,2_epo,19.0,0.5539750546366442,fechner
1691,2_epo,20.0,0.5512667090889358,fechner
1692,2_epo,21.0,0.5488175833111549,fechner
1693,2_epo,22.0,0.5465921101276826,fechner
1694,2_epo,23.0,0.5445609528692653,fechner
1695,2_epo,24.0,0.5426996967236483,fechner
1696,2_epo,25.0,0.5409878569874913,fechner
1697,2_epo,26.0,0.5394081180721179,fechner
1698,2_epo,27.0,0.5379457429042938,fechner
1699,2_epo,28.000000000000004,0.5365881097726241,fechner
1700,2_epo,28.999999999999996,0.5353243456224248,fechner
1701,2_epo,30.0,0.5341450331352251,fechner
1702,2_epo,31.0,0.5330419748221233,fechner
1703,2_epo,32.0,0.5320080015825585,fechner
1704,2_epo,33.0,0.5310368162421958,fechner
1705,2_epo,34.0,0.5301228648295181,fechner
1706,2_epo,35.0,0.5292612300152769,fechner
1707,2_epo,36.0,0.5284475423848081,fechner
1708,2_epo,37.0,0.5276779061542557,fechner
1709,2_epo,38.0,0.5269488366586812,fechner
1710,2_epo,39.0,0.5262572074906616,fechner
1711,2_epo,40.0,0.5256002055941085,fechner
1712,2_epo,41.0,0.5249752929501919,fechner
1713,2_epo,42.0,0.5243801737529099,fechner
1714,2_epo,43.0,0.5238127661777195,fechner
1715,2_epo,44.0,0.523271178010241,fechner
1716,2_epo,45.0,0.5227536855327966,fechner
1717,2_epo,46.0,0.5222587151716196,fechner
1718,2_epo,47.0,0.5217848274924577,fechner
1719,2_epo,48.0,0.5213307032012066,fechner
1720,2_epo,49.0,0.5208951308624308,fechner
1721,2_epo,50.0,0.5204769960946952,fechner
1722,2_epo,51.0,0.5200752720395447,fechner
1723,2_epo,52.0,0.5196890109323015,fechner
1724,2_epo,53.0,0.519317336628854,fechner
1725,2_epo,54.0,0.5189594379642581,fechner
1726,2_epo,55.00000000000001,0.5186145628370779,fechner
1727,2_epo,56.00000000000001,0.5182820129285792,fechner
1728,2_epo,56.99999999999999,0.5179611389786696,fechner
1729,2_epo,57.99999999999999,0.5176513365512726,fechner
1730,2_epo,59.0,0.5173520422309722,fechner
1731,2_epo,60.0,0.517062730200529,fechner
1732,2_epo,61.0,0.5167829091554932,fechner
1733,2_epo,62.0,0.5165121195177977,fechner
1734,2_epo,63.0,0.5162499309150617,fechner
1735,2_epo,64.0,0.5159959398965008,fechner
1736,2_epo,65.0,0.5157497678599303,fechner
1737,2_epo,66.0,0.5155110591674392,fechner
1738,2_epo,67.0,0.515279479430001,fechner
1739,2_epo,68.0,0.5150547139436068,fechner
1740,2_epo,69.0,0.5148364662615316,fechner
1741,2_epo,70.0,0.514624456889102,fechner
1742,2_epo,71.0,0.514418422088877,fechner
1743,2_epo,72.0,0.5142181127854923,fechner
1744,2_epo,73.0,0.5140232935606042,fechner
1745,2_epo,74.0,0.5138337417293958,fechner
1746,2_epo,75.0,0.5136492464910332,fechner
1747,2_epo,76.0,0.5134696081462448,fechner
1748,2_epo,77.0,0.5132946373759234,fechner
1749,2_epo,78.0,0.5131241545752641,fechner
1750,2_epo,79.0,0.5129579892385149,fechner
1751,2_epo,80.0,0.5127959793899084,fechner
1752,2_epo,81.0,0.5126379710567766,fechner
1753,2_epo,82.0,0.512483817781249,fechner
1754,2_epo,83.0,0.5123333801672744,fechner
1755,2_epo,84.0,0.5121865254600205,fechner
1756,2_epo,85.0,0.5120431271549849,fechner
1757,2_epo,86.0,0.5119030646343948,fechner
1758,2_epo,87.0,0.511766222828699,fechner
1759,2_epo,88.0,0.5116324919011557,fechner
1760,2_epo,89.0,0.5115017669536965,fechner
1761,2_epo,90.0,0.5113739477524124,fechner
1762,2_epo,91.0,0.5112489384711499,fechner
1763,2_epo,92.0,0.5111266474518388,fechner
1764,2_epo,93.0,0.511006986980292,fechner
1765,2_epo,94.0,0.5108898730763242,fechner
1766,2_epo,95.0,0.5107752252971327,fechner
1767,3_epo,3.0,0.5279348600163547,fechner
1768,3_epo,4.0,0.5170935908664768,fechner
1769,3_epo,5.0,0.5128090874485592,fechner
1770,3_epo,6.0,0.510346151238906,fechner
1771,3_epo,7.000000000000001,0.5087130466744375,fechner
1772,3_epo,8.0,0.507540320257027,fechner
1773,3_epo,9.0,0.5066532360891798,fechner
1774,3_epo,10.0,0.5059569080695543,fechner
1775,3_epo,11.0,0.5053948531738431,fechner
1776,3_epo,12.0,0.5049311482902588,fechner
1777,3_epo,13.0,0.5045417685937598,fechner
1778,3_epo,14.000000000000002,0.5042099968028962,fechner
1779,3_epo,15.0,0.5039238201429952,fechner
1780,3_epo,16.0,0.5036743729420371,fechner
1781,3_epo,17.0,0.5034549630345344,fechner
1782,3_epo,18.0,0.5032604404350747,fechner
1783,3_epo,19.0,0.5030867750430108,fechner
1784,3_epo,20.0,0.5029307665207404,fechner
1785,3_epo,21.0,0.5027898402887085,fechner
1786,3_epo,22.0,0.502661901113806,fechner
1787,3_epo,23.0,0.5025452261111133,fechner
1788,3_epo,24.0,0.5024383852738858,fechner
1789,3_epo,25.0,0.5023401815848078,fechner
1790,3_epo,26.0,0.502249605286409,fechner
1791,3_epo,27.0,0.5021657985433198,fechner
1792,3_epo,28.000000000000004,0.5020880278352792,fechner
1793,3_epo,28.999999999999996,0.5020156621728039,fechner
1794,3_epo,30.0,0.5019481557484152,fechner
1795,3_epo,31.0,0.5018850340022709,fechner
1796,3_epo,32.0,0.5018258823416542,fechner
1797,3_epo,33.0,0.5017703369417477,fechner
1798,3_epo,34.0,0.5017180771923081,fechner
1799,3_epo,35.0,0.5016688194560864,fechner
1800,3_epo,36.0,0.5016223118803037,fechner
1801,3_epo,37.0,0.5015783300592749,fechner
1802,3_epo,38.0,0.5015366733894011,fechner
1803,3_epo,39.0,0.5014971619907637,fechner
1804,3_epo,40.0,0.5014596340950319,fechner
1805,3_epo,41.0,0.5014239438192108,fechner
1806,3_epo,42.0,0.5013899592602564,fechner
1807,3_epo,43.0,0.5013575608578156,fechner
1808,3_epo,44.0,0.5013266399820333,fechner
1809,3_epo,45.0,0.5012970977111056,fechner
1810,3_epo,46.0,0.5012688437694587,fechner
1811,3_epo,47.0,0.5012417956024342,fechner
1812,3_epo,48.0,0.5012158775674216,fechner
1813,3_epo,49.0,0.5011910202246745,fechner
1814,3_epo,50.0,0.5011671597137586,fechner
1815,3_epo,51.0,0.5011442372037941,fechner
1816,3_epo,52.0,0.5011221984074964,fechner
1817,3_epo,53.0,0.5011009931505319,fechner
1818,3_epo,54.0,0.5010805749889775,fechner
1819,3_epo,55.00000000000001,0.5010609008687245,fechner
1820,3_epo,56.00000000000001,0.5010419308215535,fechner
1821,3_epo,56.99999999999999,0.5010236276933532,fechner
1822,3_epo,57.99999999999999,0.5010059569005836,fechner
1823,3_epo,59.0,0.5009888862116135,fechner
1824,3_epo,60.0,0.5009723855500188,fechner
1825,3_epo,61.0,0.5009564268173072,fechner
1826,3_epo,62.0,0.5009409837328677,fechner
1827,3_epo,63.0,0.5009260316892208,fechner
1828,3_epo,64.0,0.5009115476208912,fechner
1829,3_epo,65.0,0.5008975098854261,fechner
1830,3_epo,66.0,0.5008838981552699,fechner
1831,3_epo,67.0,0.5008706933193541,fechner
1832,3_epo,68.0,0.5008578773933978,fechner
1833,3_epo,69.0,0.5008454334380357,fechner
1834,3_epo,70.0,0.5008333454839824,fechner
1835,3_epo,71.0,0.5008215984635427,fechner
1836,3_epo,72.0,0.5008101781478443,fechner
1837,3_epo,73.0,0.5007990710892449,fechner
1838,3_epo,74.0,0.5007882645684216,fechner
1839,3_epo,75.0,0.5007777465457055,fechner
1840,3_epo,76.0,0.5007675056162665,fechner
1841,3_epo,77.0,0.500757530968801,fechner
1842,3_epo,78.0,0.5007478123474052,fechner
1843,3_epo,79.0,0.500738340016349,fechner
1844,3_epo,80.0,0.5007291047275012,fechner
1845,3_epo,81.0,0.500720097690171,fechner
1846,3_epo,82.0,0.500711310543162,fechner
1847,3_epo,83.0,0.5007027353288505,fechner
1848,3_epo,84.0,0.5006943644691199,fechner
1849,3_epo,85.0,0.5006861907429966,fechner
1850,3_epo,86.0,0.5006782072658501,fechner
1851,3_epo,87.0,0.5006704074700301,fechner
1852,3_epo,88.0,0.500662785086826,fechner
1853,3_epo,89.0,0.5006553341296458,fechner
1854,3_epo,90.0,0.5006480488783175,fechner
1855,3_epo,91.0,0.5006409238644285,fechner
1856,3_epo,92.0,0.5006339538576217,fechner
1857,3_epo,93.0,0.5006271338527783,fechner
1858,3_epo,94.0,0.5006204590580197,fechner
1859,3_epo,95.0,0.5006139248834677,fechner
1860,4_epo,3.0,0.9999491891259565,fechner
1861,4_epo,4.0,0.997638781677007,fechner
1862,4_epo,5.0,0.9893338580993314,fechner
1863,4_epo,6.0,0.9748801739021419,fechner
1864,4_epo,7.000000000000001,0.9561031284869241,fechner
1865,4_epo,8.0,0.9350065387272304,fechner
1866,4_epo,9.0,0.9131369603672588,fechner
1867,4_epo,10.0,0.891514990980019,fechner
1868,4_epo,11.0,0.8707443688519949,fechner
1869,4_epo,12.0,0.8511418116803363,fechner
1870,4_epo,13.0,0.8328410398155819,fechner
1871,4_epo,14.000000000000002,0.8158654264258062,fechner
1872,4_epo,15.0,0.8001754199912396,fechner
1873,4_epo,16.0,0.7856982664122085,fechner
1874,4_epo,17.0,0.7723460795574396,fechner
1875,4_epo,18.0,0.7600265052095564,fechner
1876,4_epo,19.0,0.7486487790767118,fechner
1877,4_epo,20.0,0.7381269681119625,fechner
1878,4_epo,21.0,0.7283815175258612,fechner
1879,4_epo,22.0,0.7193397994796837,fechner
1880,4_epo,23.0,0.71093609123566,fechner
1881,4_epo,24.0,0.7031112433535914,fechner
1882,4_epo,25.0,0.6958121948713631,fechner
1883,4_epo,26.0,0.6889914284040795,fechner
1884,4_epo,27.0,0.6826064187459596,fechner
1885,4_epo,28.000000000000004,0.6766191045109609,fechner
1886,4_epo,28.999999999999996,0.6709953977891707,fechner
1887,4_epo,30.0,0.6657047381134934,fechner
1888,4_epo,31.0,0.6607196919780397,fechner
1889,4_epo,32.0,0.6560155963270601,fechner
1890,4_epo,33.0,0.651570242969865,fechner
1891,4_epo,34.0,0.6473636002304526,fechner
1892,4_epo,35.0,0.6433775679734064,fechner
1893,4_epo,36.0,0.6395957622516203,fechner
1894,4_epo,37.0,0.6360033260686467,fechner
1895,4_epo,38.0,0.6325867630615633,fechner
1896,4_epo,39.0,0.6293337912433821,fechner
1897,4_epo,40.0,0.6262332142709771,fechner
1898,4_epo,41.0,0.623274808011224,fechner
1899,4_epo,42.0,0.6204492204578327,fechner
1900,4_epo,43.0,0.617747883301949,fechner
1901,4_epo,44.0,0.6151629336812892,fechner
1902,4_epo,45.0,0.6126871448269744,fechner
1903,4_epo,46.0,0.6103138644967572,fechner
1904,4_epo,47.0,0.6080369602304847,fechner
1905,4_epo,48.0,0.6058507705911017,fechner
1906,4_epo,49.0,0.603750061664626,fechner
1907,4_epo,50.0,0.6017299881876628,fechner
1908,4_epo,51.0,0.5997860587531104,fechner
1909,4_epo,52.0,0.5979141046155768,fechner
1910,4_epo,53.0,0.5961102516792105,fechner
1911,4_epo,54.0,0.594370895303517,fechner
1912,4_epo,55.00000000000001,0.5926926776084415,fechner
1913,4_epo,56.00000000000001,0.5910724669995706,fechner
1914,4_epo,56.99999999999999,0.5895073396685948,fechner
1915,4_epo,57.99999999999999,0.5879945628539212,fechner
1916,4_epo,59.0,0.5865315796721768,fechner
1917,4_epo,60.0,0.5851159953538271,fechner
1918,4_epo,61.0,0.5837455647357158,fechner
1919,4_epo,62.0,0.5824181808804358,fechner
1920,4_epo,63.0,0.581131864707358,fechner
1921,4_epo,64.0,0.5798847555332184,fechner
1922,4_epo,65.0,0.5786751024316108,fechner
1923,4_epo,66.0,0.577501256330776,fechner
1924,4_epo,67.0,0.5763616627779122,fechner
1925,4_epo,68.0,0.5752548553060005,fechner
1926,4_epo,69.0,0.5741794493459916,fechner
1927,4_epo,70.0,0.5731341366332431,fechner
1928,4_epo,71.0,0.5721176800624465,fechner
1929,4_epo,72.0,0.5711289089500107,fechner
1930,4_epo,73.0,0.5701667146670649,fechner
1931,4_epo,74.0,0.5692300466099659,fechner
1932,4_epo,75.0,0.5683179084785053,fechner
1933,4_epo,76.0,0.5674293548349553,fechner
1934,4_epo,77.0,0.5665634879197192,fechner
1935,4_epo,78.0,0.5657194547016934,fechner
1936,4_epo,79.0,0.5648964441435401,fechner
1937,4_epo,80.0,0.5640936846639448,fechner
1938,4_epo,81.0,0.5633104417806046,fechner
1939,4_epo,82.0,0.5625460159192068,fechner
1940,4_epo,83.0,0.5617997403749928,fechner
1941,4_epo,84.0,0.5610709794147307,fechner
1942,4_epo,85.0,0.5603591265080055,fechner
1943,4_epo,86.0,0.5596636026777162,fechner
1944,4_epo,87.0,0.5589838549605651,fechner
1945,4_epo,88.0,0.5583193549691196,fechner
1946,4_epo,89.0,0.5576695975477521,fechner
1947,4_epo,90.0,0.5570340995154233,fechner
1948,4_epo,91.0,0.5564123984888589,fechner
1949,4_epo,92.0,0.5558040517802175,fechner
1950,4_epo,93.0,0.5552086353638314,fechner
1951,4_epo,94.0,0.5546257429070405,fechner
1952,4_epo,95.0,0.5540549848605568,fechner
1953,5_epo,3.0,0.9982438106569247,fechner
1954,5_epo,4.0,0.9797415595067127,fechner
1955,5_epo,5.0,0.9481432810272358,fechner
1956,5_epo,6.0,0.9127011899750955,fechner
1957,5_epo,7.000000000000001,0.878308892757282,fechner
1958,5_epo,8.0,0.8468935574089799,fechner
1959,5_epo,9.0,0.8189412322187792,fechner
1960,5_epo,10.0,0.7943294808111452,fechner
1961,5_epo,11.0,0.7727175209870334,fechner
1962,5_epo,12.0,0.7537159677288535,fechner
1963,5_epo,13.0,0.7369551018769378,fechner
1964,5_epo,14.000000000000002,0.7221082212518157,fechner
1965,5_epo,15.0,0.7088958996339972,fechner
1966,5_epo,16.0,0.6970827210512202,fechner
1967,5_epo,17.0,0.6864715673828788,fechner
1968,5_epo,18.0,0.6768976043307439,fechner
1969,5_epo,19.0,0.6682227958368709,fechner
1970,5_epo,20.0,0.6603311986882218,fechner
1971,5_epo,21.0,0.6531250459050284,fechner
1972,5_epo,22.0,0.6465215356782008,fechner
1973,5_epo,23.0,0.6404502174939479,fechner
1974,5_epo,24.0,0.6348508697773653,fechner
1975,5_epo,25.0,0.6296717762343933,fechner
1976,5_epo,26.0,0.624868323285685,fechner
1977,5_epo,27.0,0.6204018553605215,fechner
1978,5_epo,28.000000000000004,0.6162387372385968,fechner
1979,5_epo,28.999999999999996,0.6123495828951881,fechner
1980,5_epo,30.0,0.6087086185948041,fechner
1981,5_epo,31.0,0.6052931545842889,fechner
1982,5_epo,32.0,0.6020831449646503,fechner
1983,5_epo,33.0,0.5990608194461667,fechner
1984,5_epo,34.0,0.596210373944293,fechner
1985,5_epo,35.0,0.5935177095413994,fechner
1986,5_epo,36.0,0.5909702113699927,fechner
1987,5_epo,37.0,0.5885565605834261,fechner
1988,5_epo,38.0,0.5862665738612697,fechner
1989,5_epo,39.0,0.5840910659193664,fechner
1990,5_epo,40.0,0.5820217313142297,fechner
1991,5_epo,41.0,0.5800510424907506,fechner
1992,5_epo,42.0,0.5781721615545558,fechner
1993,5_epo,43.0,0.5763788636819148,fechner
1994,5_epo,44.0,0.5746654704312659,fechner
1995,5_epo,45.0,0.573026791507269,fechner
1996,5_epo,46.0,0.571458073763475,fechner
1997,5_epo,47.0,0.5699549564232159,fechner
1998,5_epo,48.0,0.5685134316581386,fechner
1999,5_epo,49.0,0.5671298097962478,fechner
2000,5_epo,50.0,0.5658006885414478,fechner
2001,5_epo,51.0,0.5645229256784626,fechner
2002,5_epo,52.0,0.5632936148139115,fechner
2003,5_epo,53.0,0.5621100637688948,fechner
2004,5_epo,54.0,0.5609697752928167,fechner
2005,5_epo,55.00000000000001,0.5598704298141164,fechner
2006,5_epo,56.00000000000001,0.5588098699824806,fechner
2007,5_epo,56.99999999999999,0.5577860867901692,fechner
2008,5_epo,57.99999999999999,0.5567972070882397,fechner
2009,5_epo,59.0,0.5558414823375026,fechner
2010,5_epo,60.0,0.5549172784546239,fechner
2011,5_epo,61.0,0.5540230666314633,fechner
2012,5_epo,62.0,0.553157415020945,fechner
2013,5_epo,63.0,0.5523189811958639,fechner
2014,5_epo,64.0,0.5515065052983696,fechner
2015,5_epo,65.0,0.5507188038076889,fechner
2016,5_epo,66.0,0.5499547638621697,fechner
2017,5_epo,67.0,0.54921333807915,fechner
2018,5_epo,68.0,0.5484935398226184,fechner
2019,5_epo,69.0,0.54779443887428,fechner
2020,5_epo,70.0,0.5471151574685874,fechner
2021,5_epo,71.0,0.5464548666566238,fechner
2022,5_epo,72.0,0.5458127829675422,fechner
2023,5_epo,73.0,0.5451881653396053,fechner
2024,5_epo,74.0,0.544580312295827,fechner
2025,5_epo,75.0,0.5439885593418293,fechner
2026,5_epo,76.0,0.5434122765658246,fechner
2027,5_epo,77.0,0.5428508664226874,fechner
2028,5_epo,78.0,0.5423037616858835,fechner
2029,5_epo,79.0,0.54177042355264,fechner
2030,5_epo,80.0,0.5412503398891766,fechner
2031,5_epo,81.0,0.540743023604083,fechner
2032,5_epo,82.0,0.5402480111390888,fechner
2033,5_epo,83.0,0.5397648610674692,fechner
2034,5_epo,84.0,0.5392931527912582,fechner
2035,5_epo,85.0,0.5388324853292509,fechner
2036,5_epo,86.0,0.5383824761885119,fechner
2037,5_epo,87.0,0.5379427603127638,fechner
2038,5_epo,88.0,0.5375129891016275,fechner
2039,5_epo,89.0,0.5370928294952136,fechner
2040,5_epo,90.0,0.5366819631190508,fechner
2041,5_epo,91.0,0.5362800854847668,fechner
2042,5_epo,92.0,0.5358869052423356,fechner
2043,5_epo,93.0,0.5355021434800573,fechner
2044,5_epo,94.0,0.5351255330687539,fechner
2045,5_epo,95.0,0.5347568180469686,fechner
2046,6_epo,3.0,0.5000000000073822,fechner
2047,6_epo,4.0,0.5000000000045143,fechner
2048,6_epo,5.0,0.5000000000033822,fechner
2049,6_epo,6.0,0.5000000000027317,fechner
2050,6_epo,7.000000000000001,0.5000000000023004,fechner
2051,6_epo,8.0,0.5000000000019907,fechner
2052,6_epo,9.0,0.5000000000017565,fechner
2053,6_epo,10.0,0.5000000000015726,fechner
2054,6_epo,11.0,0.5000000000014243,fechner
2055,6_epo,12.0,0.5000000000013018,fechner
2056,6_epo,13.0,0.500000000001199,fechner
2057,6_epo,14.000000000000002,0.5000000000011114,fechner
2058,6_epo,15.0,0.5000000000010358,fechner
2059,6_epo,16.0,0.50000000000097,fechner
2060,6_epo,17.0,0.5000000000009122,fechner
2061,6_epo,18.0,0.5000000000008608,fechner
2062,6_epo,19.0,0.5000000000008149,fechner
2063,6_epo,20.0,0.5000000000007737,fechner
2064,6_epo,21.0,0.5000000000007365,fechner
2065,6_epo,22.0,0.5000000000007028,fechner
2066,6_epo,23.0,0.5000000000006719,fechner
2067,6_epo,24.0,0.5000000000006437,fechner
2068,6_epo,25.0,0.5000000000006178,fechner
2069,6_epo,26.0,0.5000000000005939,fechner
2070,6_epo,27.0,0.5000000000005718,fechner
2071,6_epo,28.000000000000004,0.5000000000005512,fechner
2072,6_epo,28.999999999999996,0.5000000000005321,fechner
2073,6_epo,30.0,0.5000000000005144,fechner
2074,6_epo,31.0,0.5000000000004976,fechner
2075,6_epo,32.0,0.5000000000004821,fechner
2076,6_epo,33.0,0.5000000000004674,fechner
2077,6_epo,34.0,0.5000000000004535,fechner
2078,6_epo,35.0,0.5000000000004405,fechner
2079,6_epo,36.0,0.5000000000004283,fechner
2080,6_epo,37.0,0.5000000000004167,fechner
2081,6_epo,38.0,0.5000000000004057,fechner
2082,6_epo,39.0,0.5000000000003952,fechner
2083,6_epo,40.0,0.5000000000003854,fechner
2084,6_epo,41.0,0.5000000000003759,fechner
2085,6_epo,42.0,0.5000000000003669,fechner
2086,6_epo,43.0,0.5000000000003584,fechner
2087,6_epo,44.0,0.5000000000003503,fechner
2088,6_epo,45.0,0.5000000000003424,fechner
2089,6_epo,46.0,0.500000000000335,fechner
2090,6_epo,47.0,0.5000000000003278,fechner
2091,6_epo,48.0,0.500000000000321,fechner
2092,6_epo,49.0,0.5000000000003144,fechner
2093,6_epo,50.0,0.5000000000003081,fechner
2094,6_epo,51.0,0.5000000000003021,fechner
2095,6_epo,52.0,0.5000000000002963,fechner
2096,6_epo,53.0,0.5000000000002907,fechner
2097,6_epo,54.0,0.5000000000002853,fechner
2098,6_epo,55.00000000000001,0.5000000000002801,fechner
2099,6_epo,56.00000000000001,0.5000000000002751,fechner
2100,6_epo,56.99999999999999,0.5000000000002702,fechner
2101,6_epo,57.99999999999999,0.5000000000002656,fechner
2102,6_epo,59.0,0.5000000000002611,fechner
2103,6_epo,60.0,0.5000000000002567,fechner
2104,6_epo,61.0,0.5000000000002525,fechner
2105,6_epo,62.0,0.5000000000002485,fechner
2106,6_epo,63.0,0.5000000000002445,fechner
2107,6_epo,64.0,0.5000000000002407,fechner
2108,6_epo,65.0,0.5000000000002369,fechner
2109,6_epo,66.0,0.5000000000002334,fechner
2110,6_epo,67.0,0.5000000000002298,fechner
2111,6_epo,68.0,0.5000000000002265,fechner
2112,6_epo,69.0,0.5000000000002232,fechner
2113,6_epo,70.0,0.50000000000022,fechner
2114,6_epo,71.0,0.5000000000002169,fechner
2115,6_epo,72.0,0.5000000000002139,fechner
2116,6_epo,73.0,0.5000000000002109,fechner
2117,6_epo,74.0,0.5000000000002081,fechner
2118,6_epo,75.0,0.5000000000002053,fechner
2119,6_epo,76.0,0.5000000000002026,fechner
2120,6_epo,77.0,0.5000000000002,fechner
2121,6_epo,78.0,0.5000000000001974,fechner
2122,6_epo,79.0,0.500000000000195,fechner
2123,6_epo,80.0,0.5000000000001925,fechner
2124,6_epo,81.0,0.5000000000001901,fechner
2125,6_epo,82.0,0.5000000000001877,fechner
2126,6_epo,83.0,0.5000000000001855,fechner
2127,6_epo,84.0,0.5000000000001833,fechner
2128,6_epo,85.0,0.5000000000001812,fechner
2129,6_epo,86.0,0.5000000000001791,fechner
2130,6_epo,87.0,0.500000000000177,fechner
2131,6_epo,88.0,0.500000000000175,fechner
2132,6_epo,89.0,0.500000000000173,fechner
2133,6_epo,90.0,0.5000000000001711,fechner
2134,6_epo,91.0,0.5000000000001692,fechner
2135,6_epo,92.0,0.5000000000001674,fechner
2136,6_epo,93.0,0.5000000000001655,fechner
2137,6_epo,94.0,0.5000000000001638,fechner
2138,6_epo,95.0,0.5000000000001621,fechner
2139,7_epo,3.0,0.9186843825233958,fechner
2140,7_epo,4.0,0.8149755372474545,fechner
2141,7_epo,5.0,0.7522874171457785,fechner
2142,7_epo,6.0,0.7103709915070291,fechner
2143,7_epo,7.000000000000001,0.6803840596957187,fechner
2144,7_epo,8.0,0.6578729579053402,fechner
2145,7_epo,9.0,0.6403537721019487,fechner
2146,7_epo,10.0,0.6263326179315142,fechner
2147,7_epo,11.0,0.6148573519005006,fechner
2148,7_epo,12.0,0.605292516086341,fechner
2149,7_epo,13.0,0.5971978264912646,fechner
2150,7_epo,14.000000000000002,0.5902586051733706,fechner
2151,7_epo,15.0,0.5842439808393799,fechner
2152,7_epo,16.0,0.5789807362987357,fechner
2153,7_epo,17.0,0.5743363721286326,fechner
2154,7_epo,18.0,0.5702078082941704,fechner
2155,7_epo,19.0,0.5665136495233466,fechner
2156,7_epo,20.0,0.5631887686769679,fechner
2157,7_epo,21.0,0.5601804363032539,fechner
2158,7_epo,22.0,0.5574455048960597,fechner
2159,7_epo,23.0,0.5549483271458989,fechner
2160,7_epo,24.0,0.552659194275208,fechner
2161,7_epo,25.0,0.5505531489411557,fechner
2162,7_epo,26.0,0.5486090719285659,fechner
2163,7_epo,27.0,0.5468089716940614,fechner
2164,7_epo,28.000000000000004,0.5451374260774111,fechner
2165,7_epo,28.999999999999996,0.5435811394693418,fechner
2166,7_epo,30.0,0.5421285885090883,fechner
2167,7_epo,31.0,0.5407697363301437,fechner
2168,7_epo,32.0,0.5394958003656253,fechner
2169,7_epo,33.0,0.5382990623566054,fechner
2170,7_epo,34.0,0.5371727118777796,fechner
2171,7_epo,35.0,0.5361107166793296,fechner
2172,7_epo,36.0,0.5351077146324253,fechner
2173,7_epo,37.0,0.5341589231924503,fechner
2174,7_epo,38.0,0.5332600631539387,fechner
2175,7_epo,39.0,0.5324072941327523,fechner
2176,7_epo,40.0,0.531597159723763,fechner
2177,7_epo,41.0,0.5308265406825349,fechner
2178,7_epo,42.0,0.5300926147939866,fechner
2179,7_epo,43.0,0.529392822339698,fechner
2180,7_epo,44.0,0.5287248362733584,fechner
2181,7_epo,45.0,0.5280865363721265,fechner
2182,7_epo,46.0,0.5274759867589888,fechner
2183,7_epo,47.0,0.5268914162941468,fechner
2184,7_epo,48.0,0.5263312014171068,fechner
2185,7_epo,49.0,0.5257938510894306,fechner
2186,7_epo,50.0,0.5252779935441019,fechner
2187,7_epo,51.0,0.5247823645935831,fechner
2188,7_epo,52.0,0.5243057972867657,fechner
2189,7_epo,53.0,0.5238472127366882,fechner
2190,7_epo,54.0,0.5234056119672735,fechner
2191,7_epo,55.00000000000001,0.5229800686494122,fechner
2192,7_epo,56.00000000000001,0.5225697226152345,fechner
2193,7_epo,56.99999999999999,0.5221737740550193,fechner
2194,7_epo,57.99999999999999,0.5217914783143601,fechner
2195,7_epo,59.0,0.5214221412203801,fechner
2196,7_epo,60.0,0.5210651148752811,fechner
2197,7_epo,61.0,0.520719793863603,fechner
2198,7_epo,62.0,0.5203856118264907,fechner
2199,7_epo,63.0,0.5200620383621911,fechner
2200,7_epo,64.0,0.5197485762171061,fechner
2201,7_epo,65.0,0.5194447587361105,fechner
2202,7_epo,66.0,0.5191501475446408,fechner
2203,7_epo,67.0,0.5188643304383442,fechner
2204,7_epo,68.0,0.5185869194589182,fechner
2205,7_epo,69.0,0.518317549137259,fechner
2206,7_epo,70.0,0.5180558748871855,fechner
2207,7_epo,71.0,0.5178015715348957,fechner
2208,7_epo,72.0,0.5175543319709602,fechner
2209,7_epo,73.0,0.5173138659131051,fechner
2210,7_epo,74.0,0.5170798987693008,fechner
2211,7_epo,75.0,0.5168521705918009,fechner
2212,7_epo,76.0,0.5166304351137504,fechner
2213,7_epo,77.0,0.5164144588608598,fechner
2214,7_epo,78.0,0.516204020331408,fechner
2215,7_epo,79.0,0.5159989092385197,fechner
2216,7_epo,80.0,0.5157989258092698,fechner
2217,7_epo,81.0,0.5156038801357018,fechner
2218,7_epo,82.0,0.5154135915733328,fechner
2219,7_epo,83.0,0.5152278881831348,fechner
2220,7_epo,84.0,0.5150466062133747,fechner
2221,7_epo,85.0,0.5148695896180286,fechner
2222,7_epo,86.0,0.5146966896087918,fechner
2223,7_epo,87.0,0.5145277642379853,fechner
2224,7_epo,88.0,0.5143626780098981,fechner
2225,7_epo,89.0,0.51420130151833,fechner
2226,7_epo,90.0,0.5140435111082983,fechner
2227,7_epo,91.0,0.5138891885600468,fechner
2228,7_epo,92.0,0.5137382207936642,fechner
2229,7_epo,93.0,0.5135904995927564,fechner
2230,7_epo,94.0,0.5134459213457583,fechner
2231,7_epo,95.0,0.5133043868035815,fechner
2232,8_epo,3.0,0.5000000000034853,fechner
2233,8_epo,4.0,0.5000000000021313,fechner
2234,8_epo,5.0,0.5000000000015968,fechner
2235,8_epo,6.0,0.5000000000012897,fechner
2236,8_epo,7.000000000000001,0.5000000000010861,fechner
2237,8_epo,8.0,0.5000000000009399,fechner
2238,8_epo,9.0,0.5000000000008293,fechner
2239,8_epo,10.0,0.5000000000007425,fechner
2240,8_epo,11.0,0.5000000000006725,fechner
2241,8_epo,12.0,0.5000000000006146,fechner
2242,8_epo,13.0,0.5000000000005661,fechner
2243,8_epo,14.000000000000002,0.5000000000005248,fechner
2244,8_epo,15.0,0.500000000000489,fechner
2245,8_epo,16.0,0.500000000000458,fechner
2246,8_epo,17.0,0.5000000000004307,fechner
2247,8_epo,18.0,0.5000000000004063,fechner
2248,8_epo,19.0,0.5000000000003847,fechner
2249,8_epo,20.0,0.5000000000003653,fechner
2250,8_epo,21.0,0.5000000000003477,fechner
2251,8_epo,22.0,0.5000000000003317,fechner
2252,8_epo,23.0,0.5000000000003173,fechner
2253,8_epo,24.0,0.500000000000304,fechner
2254,8_epo,25.0,0.5000000000002917,fechner
2255,8_epo,26.0,0.5000000000002804,fechner
2256,8_epo,27.0,0.50000000000027,fechner
2257,8_epo,28.000000000000004,0.5000000000002602,fechner
2258,8_epo,28.999999999999996,0.5000000000002512,fechner
2259,8_epo,30.0,0.5000000000002428,fechner
2260,8_epo,31.0,0.5000000000002349,fechner
2261,8_epo,32.0,0.5000000000002276,fechner
2262,8_epo,33.0,0.5000000000002207,fechner
2263,8_epo,34.0,0.5000000000002142,fechner
2264,8_epo,35.0,0.5000000000002081,fechner
2265,8_epo,36.0,0.5000000000002022,fechner
2266,8_epo,37.0,0.5000000000001967,fechner
2267,8_epo,38.0,0.5000000000001915,fechner
2268,8_epo,39.0,0.5000000000001866,fechner
2269,8_epo,40.0,0.500000000000182,fechner
2270,8_epo,41.0,0.5000000000001775,fechner
2271,8_epo,42.0,0.5000000000001733,fechner
2272,8_epo,43.0,0.5000000000001692,fechner
2273,8_epo,44.0,0.5000000000001653,fechner
2274,8_epo,45.0,0.5000000000001616,fechner
2275,8_epo,46.0,0.5000000000001582,fechner
2276,8_epo,47.0,0.5000000000001548,fechner
2277,8_epo,48.0,0.5000000000001515,fechner
2278,8_epo,49.0,0.5000000000001484,fechner
2279,8_epo,50.0,0.5000000000001454,fechner
2280,8_epo,51.0,0.5000000000001427,fechner
2281,8_epo,52.0,0.5000000000001399,fechner
2282,8_epo,53.0,0.5000000000001372,fechner
2283,8_epo,54.0,0.5000000000001347,fechner
2284,8_epo,55.00000000000001,0.5000000000001322,fechner
2285,8_epo,56.00000000000001,0.5000000000001299,fechner
2286,8_epo,56.99999999999999,0.5000000000001276,fechner
2287,8_epo,57.99999999999999,0.5000000000001253,fechner
2288,8_epo,59.0,0.5000000000001232,fechner
2289,8_epo,60.0,0.5000000000001212,fechner
2290,8_epo,61.0,0.5000000000001192,fechner
2291,8_epo,62.0,0.5000000000001174,fechner
2292,8_epo,63.0,0.5000000000001155,fechner
2293,8_epo,64.0,0.5000000000001136,fechner
2294,8_epo,65.0,0.5000000000001119,fechner
2295,8_epo,66.0,0.5000000000001101,fechner
2296,8_epo,67.0,0.5000000000001086,fechner
2297,8_epo,68.0,0.5000000000001069,fechner
2298,8_epo,69.0,0.5000000000001054,fechner
2299,8_epo,70.0,0.5000000000001039,fechner
2300,8_epo,71.0,0.5000000000001024,fechner
2301,8_epo,72.0,0.500000000000101,fechner
2302,8_epo,73.0,0.5000000000000996,fechner
2303,8_epo,74.0,0.5000000000000983,fechner
2304,8_epo,75.0,0.5000000000000969,fechner
2305,8_epo,76.0,0.5000000000000957,fechner
2306,8_epo,77.0,0.5000000000000945,fechner
2307,8_epo,78.0,0.5000000000000933,fechner
2308,8_epo,79.0,0.500000000000092,fechner
2309,8_epo,80.0,0.5000000000000909,fechner
2310,8_epo,81.0,0.5000000000000898,fechner
2311,8_epo,82.0,0.5000000000000887,fechner
2312,8_epo,83.0,0.5000000000000876,fechner
2313,8_epo,84.0,0.5000000000000866,fechner
2314,8_epo,85.0,0.5000000000000855,fechner
2315,8_epo,86.0,0.5000000000000846,fechner
2316,8_epo,87.0,0.5000000000000836,fechner
2317,8_epo,88.0,0.5000000000000826,fechner
2318,8_epo,89.0,0.5000000000000817,fechner
2319,8_epo,90.0,0.5000000000000808,fechner
2320,8_epo,91.0,0.5000000000000799,fechner
2321,8_epo,92.0,0.500000000000079,fechner
2322,8_epo,93.0,0.5000000000000782,fechner
2323,8_epo,94.0,0.5000000000000774,fechner
2324,8_epo,95.0,0.5000000000000765,fechner
2325,9_epo,3.0,0.9992635388625821,fechner
2326,9_epo,4.0,0.9879999459126679,fechner
2327,9_epo,5.0,0.9645879182649035,fechner
2328,9_epo,6.0,0.9351740036934727,fechner
2329,9_epo,7.000000000000001,0.9044464257844756,fechner
2330,9_epo,8.0,0.8749078124419192,fechner
2331,9_epo,9.0,0.8476400735025919,fechner
2332,9_epo,10.0,0.8229661018466246,fechner
2333,9_epo,11.0,0.8008445028831364,fechner
2334,9_epo,12.0,0.7810784144042808,fechner
2335,9_epo,13.0,0.7634192693141999,fechner
2336,9_epo,14.000000000000002,0.7476155635272808,fechner
2337,9_epo,15.0,0.7334339080624408,fechner
2338,9_epo,16.0,0.7206665151362646,fechner
2339,9_epo,17.0,0.7091322931314467,fechner
2340,9_epo,18.0,0.6986751344029315,fechner
2341,9_epo,19.0,0.689161154401743,fechner
2342,9_epo,20.0,0.680475718552635,fechner
2343,9_epo,21.0,0.6725206309369044,fechner
2344,9_epo,22.0,0.6652116301004779,fechner
2345,9_epo,23.0,0.6584762272422067,fechner
2346,9_epo,24.0,0.6522518719709018,fechner
2347,9_epo,25.0,0.6464844107267953,fechner
2348,9_epo,26.0,0.6411267974632148,fechner
2349,9_epo,27.0,0.6361380174272994,fechner
2350,9_epo,28.000000000000004,0.6314821889035811,fechner
2351,9_epo,28.999999999999996,0.6271278126411242,fechner
2352,9_epo,30.0,0.6230471434596163,fechner
2353,9_epo,31.0,0.6192156628360296,fechner
2354,9_epo,32.0,0.6156116349875487,fechner
2355,9_epo,33.0,0.6122157320892948,fechner
2356,9_epo,34.0,0.6090107168518103,fechner
2357,9_epo,35.0,0.6059811728062398,fechner
2358,9_epo,36.0,0.6031132743788252,fechner
2359,9_epo,37.0,0.6003945902484027,fechner
2360,9_epo,38.0,0.5978139146296766,fechner
2361,9_epo,39.0,0.5953611220604237,fechner
2362,9_epo,40.0,0.5930270420330204,fechner
2363,9_epo,41.0,0.5908033504329216,fechner
2364,9_epo,42.0,0.5886824752557328,fechner
2365,9_epo,43.0,0.586657514491911,fechner
2366,9_epo,44.0,0.5847221644113233,fechner
2367,9_epo,45.0,0.5828706567627979,fechner
2368,9_epo,46.0,0.581097703637736,fechner
2369,9_epo,47.0,0.5793984489407937,fechner
2370,9_epo,48.0,0.5777684255719373,fechner
2371,9_epo,49.0,0.5762035175586815,fechner
2372,9_epo,50.0,0.5746999264898182,fechner
2373,9_epo,51.0,0.5732541416963145,fechner
2374,9_epo,52.0,0.5718629137044222,fechner
2375,9_epo,53.0,0.5705232305529951,fechner
2376,9_epo,54.0,0.5692322966236257,fechner
2377,9_epo,55.00000000000001,0.5679875136802335,fechner
2378,9_epo,56.00000000000001,0.5667864638555545,fechner
2379,9_epo,56.99999999999999,0.5656268943567825,fechner
2380,9_epo,57.99999999999999,0.5645067036923439,fechner
2381,9_epo,59.0,0.5634239292472614,fechner
2382,9_epo,60.0,0.5623767360564265,fechner
2383,9_epo,61.0,0.5613634066439234,fechner
2384,9_epo,62.0,0.560382331812782,fechner
2385,9_epo,63.0,0.5594320022835665,fechner
2386,9_epo,64.0,0.5585110010923687,fechner
2387,9_epo,65.0,0.5576179966693229,fechner
2388,9_epo,66.0,0.5567517365279434,fechner
2389,9_epo,67.0,0.5559110415035896,fechner
2390,9_epo,68.0,0.5550948004863449,fechner
2391,9_epo,69.0,0.5543019655997161,fechner
2392,9_epo,70.0,0.5535315477819203,fechner
2393,9_epo,71.0,0.5527826127312256,fechner
2394,9_epo,72.0,0.5520542771809624,fechner
2395,9_epo,73.0,0.5513457054734623,fechner
2396,9_epo,74.0,0.5506561064054073,fechner
2397,9_epo,75.0,0.5499847303199169,fechner
2398,9_epo,76.0,0.5493308664232229,fechner
2399,9_epo,77.0,0.5486938403060166,fechner
2400,9_epo,78.0,0.5480730116515421,fechner
2401,9_epo,79.0,0.5474677721142724,fechner
2402,9_epo,80.0,0.5468775433545832,fechner
2403,9_epo,81.0,0.5463017752162382,fechner
2404,9_epo,82.0,0.5457399440347623,fechner
2405,9_epo,83.0,0.5451915510658888,fechner
2406,9_epo,84.0,0.5446561210242856,fechner
2407,9_epo,85.0,0.5441332007236575,fechner
2408,9_epo,86.0,0.5436223578101317,fechner
2409,9_epo,87.0,0.5431231795815677,fechner
2410,9_epo,88.0,0.5426352718860802,fechner
2411,9_epo,89.0,0.5421582580936598,fechner
2412,9_epo,90.0,0.541691778135305,fechner
2413,9_epo,91.0,0.5412354876045646,fechner
2414,9_epo,92.0,0.5407890569168183,fechner
2415,9_epo,93.0,0.5403521705220268,fechner
2416,9_epo,94.0,0.539924526167028,fechner
2417,9_epo,95.0,0.5395058342037915,fechner
