,participant,contrast,mrt,name
0,0_epo,3.0,8.323097577696485,pieron
1,0_epo,4.0,8.323097577696485,pieron
2,0_epo,5.0,8.323097577696485,pieron
3,0_epo,6.0,8.323097577696485,pieron
4,0_epo,7.000000000000001,8.323097577696485,pieron
5,0_epo,8.0,8.323097577696485,pieron
6,0_epo,9.0,8.323097577696485,pieron
7,0_epo,10.0,8.323097577696485,pieron
8,0_epo,11.0,8.323097577696485,pieron
9,0_epo,12.0,8.323097577696485,pieron
10,0_epo,13.0,8.323097577696485,pieron
11,0_epo,14.000000000000002,8.323097577696485,pieron
12,0_epo,15.0,8.323097577696485,pieron
13,0_epo,16.0,8.323097577696485,pieron
14,0_epo,17.0,8.323097577696485,pieron
15,0_epo,18.0,8.323097577696485,pieron
16,0_epo,19.0,8.323097577696485,pieron
17,0_epo,20.0,8.323097577696485,pieron
18,0_epo,21.0,8.323097577696485,pieron
19,0_epo,22.0,8.323097577696485,pieron
20,0_epo,23.0,8.323097577696485,pieron
21,0_epo,24.0,8.323097577696485,pieron
22,0_epo,25.0,8.323097577696485,pieron
23,0_epo,26.0,8.323097577696485,pieron
24,0_epo,27.0,8.323097577696485,pieron
25,0_epo,28.000000000000004,8.323097577696485,pieron
26,0_epo,28.999999999999996,8.323097577696485,pieron
27,0_epo,30.0,8.323097577696485,pieron
28,0_epo,31.0,8.323097577696485,pieron
29,0_epo,32.0,8.323097577696485,pieron
30,0_epo,33.0,8.323097577696485,pieron
31,0_epo,34.0,8.323097577696485,pieron
32,0_epo,35.0,8.323097577696485,pieron
33,0_epo,36.0,8.323097577696485,pieron
34,0_epo,37.0,8.323097577696485,pieron
35,0_epo,38.0,8.323097577696485,pieron
36,0_epo,39.0,8.323097577696485,pieron
37,0_epo,40.0,8.323097577696485,pieron
38,0_epo,41.0,8.323097577696485,pieron
39,0_epo,42.0,8.323097577696485,pieron
40,0_epo,43.0,8.323097577696485,pieron
41,0_epo,44.0,8.323097577696485,pieron
42,0_epo,45.0,8.323097577696485,pieron
43,0_epo,46.0,8.323097577696485,pieron
44,0_epo,47.0,8.323097577696485,pieron
45,0_epo,48.0,8.323097577696485,pieron
46,0_epo,49.0,8.323097577696485,pieron
47,0_epo,50.0,8.323097577696485,pieron
48,0_epo,51.0,8.323097577696485,pieron
49,0_epo,52.0,8.323097577696485,pieron
50,0_epo,53.0,8.323097577696485,pieron
51,0_epo,54.0,8.323097577696485,pieron
52,0_epo,55.00000000000001,8.323097577696485,pieron
53,0_epo,56.00000000000001,8.323097577696485,pieron
54,0_epo,56.99999999999999,8.323097577696485,pieron
55,0_epo,57.99999999999999,8.323097577696485,pieron
56,0_epo,59.0,8.323097577696485,pieron
57,0_epo,60.0,8.323097577696485,pieron
58,0_epo,61.0,8.323097577696485,pieron
59,0_epo,62.0,8.323097577696485,pieron
60,0_epo,63.0,8.323097577696485,pieron
61,0_epo,64.0,8.323097577696485,pieron
62,0_epo,65.0,8.323097577696485,pieron
63,0_epo,66.0,8.323097577696485,pieron
64,0_epo,67.0,8.323097577696485,pieron
65,0_epo,68.0,8.323097577696485,pieron
66,0_epo,69.0,8.323097577696485,pieron
67,0_epo,70.0,8.323097577696485,pieron
68,0_epo,71.0,8.323097577696485,pieron
69,0_epo,72.0,8.323097577696485,pieron
70,0_epo,73.0,8.323097577696485,pieron
71,0_epo,74.0,8.323097577696485,pieron
72,0_epo,75.0,8.323097577696485,pieron
73,0_epo,76.0,8.323097577696485,pieron
74,0_epo,77.0,8.323097577696485,pieron
75,0_epo,78.0,8.323097577696485,pieron
76,0_epo,79.0,8.323097577696485,pieron
77,0_epo,80.0,8.323097577696485,pieron
78,0_epo,81.0,8.323097577696485,pieron
79,0_epo,82.0,8.323097577696485,pieron
80,0_epo,83.0,8.323097577696485,pieron
81,0_epo,84.0,8.323097577696485,pieron
82,0_epo,85.0,8.323097577696485,pieron
83,0_epo,86.0,8.323097577696485,pieron
84,0_epo,87.0,8.323097577696485,pieron
85,0_epo,88.0,8.323097577696485,pieron
86,0_epo,89.0,8.323097577696485,pieron
87,0_epo,90.0,8.323097577696485,pieron
88,0_epo,91.0,8.323097577696485,pieron
89,0_epo,92.0,8.323097577696485,pieron
90,0_epo,93.0,8.323097577696485,pieron
91,0_epo,94.0,8.323097577696485,pieron
92,0_epo,95.0,8.323097577696485,pieron
93,10_epo,3.0,8.303469036697143,pieron
94,10_epo,4.0,8.303469036697143,pieron
95,10_epo,5.0,8.303469036697143,pieron
96,10_epo,6.0,8.303469036697143,pieron
97,10_epo,7.000000000000001,8.303469036697143,pieron
98,10_epo,8.0,8.303469036697143,pieron
99,10_epo,9.0,8.303469036697143,pieron
100,10_epo,10.0,8.303469036697143,pieron
101,10_epo,11.0,8.303469036697143,pieron
102,10_epo,12.0,8.303469036697143,pieron
103,10_epo,13.0,8.303469036697143,pieron
104,10_epo,14.000000000000002,8.303469036697143,pieron
105,10_epo,15.0,8.303469036697143,pieron
106,10_epo,16.0,8.303469036697143,pieron
107,10_epo,17.0,8.303469036697143,pieron
108,10_epo,18.0,8.303469036697143,pieron
109,10_epo,19.0,8.303469036697143,pieron
110,10_epo,20.0,8.303469036697143,pieron
111,10_epo,21.0,8.303469036697143,pieron
112,10_epo,22.0,8.303469036697143,pieron
113,10_epo,23.0,8.303469036697143,pieron
114,10_epo,24.0,8.303469036697143,pieron
115,10_epo,25.0,8.303469036697143,pieron
116,10_epo,26.0,8.303469036697143,pieron
117,10_epo,27.0,8.303469036697143,pieron
118,10_epo,28.000000000000004,8.303469036697143,pieron
119,10_epo,28.999999999999996,8.303469036697143,pieron
120,10_epo,30.0,8.303469036697143,pieron
121,10_epo,31.0,8.303469036697143,pieron
122,10_epo,32.0,8.303469036697143,pieron
123,10_epo,33.0,8.303469036697143,pieron
124,10_epo,34.0,8.303469036697143,pieron
125,10_epo,35.0,8.303469036697143,pieron
126,10_epo,36.0,8.303469036697143,pieron
127,10_epo,37.0,8.303469036697143,pieron
128,10_epo,38.0,8.303469036697143,pieron
129,10_epo,39.0,8.303469036697143,pieron
130,10_epo,40.0,8.303469036697143,pieron
131,10_epo,41.0,8.303469036697143,pieron
132,10_epo,42.0,8.303469036697143,pieron
133,10_epo,43.0,8.303469036697143,pieron
134,10_epo,44.0,8.303469036697143,pieron
135,10_epo,45.0,8.303469036697143,pieron
136,10_epo,46.0,8.303469036697143,pieron
137,10_epo,47.0,8.303469036697143,pieron
138,10_epo,48.0,8.303469036697143,pieron
139,10_epo,49.0,8.303469036697143,pieron
140,10_epo,50.0,8.303469036697143,pieron
141,10_epo,51.0,8.303469036697143,pieron
142,10_epo,52.0,8.303469036697143,pieron
143,10_epo,53.0,8.303469036697143,pieron
144,10_epo,54.0,8.303469036697143,pieron
145,10_epo,55.00000000000001,8.303469036697143,pieron
146,10_epo,56.00000000000001,8.303469036697143,pieron
147,10_epo,56.99999999999999,8.303469036697143,pieron
148,10_epo,57.99999999999999,8.303469036697143,pieron
149,10_epo,59.0,8.303469036697143,pieron
150,10_epo,60.0,8.303469036697143,pieron
151,10_epo,61.0,8.303469036697143,pieron
152,10_epo,62.0,8.303469036697143,pieron
153,10_epo,63.0,8.303469036697143,pieron
154,10_epo,64.0,8.303469036697143,pieron
155,10_epo,65.0,8.303469036697143,pieron
156,10_epo,66.0,8.303469036697143,pieron
157,10_epo,67.0,8.303469036697143,pieron
158,10_epo,68.0,8.303469036697143,pieron
159,10_epo,69.0,8.303469036697143,pieron
160,10_epo,70.0,8.303469036697143,pieron
161,10_epo,71.0,8.303469036697143,pieron
162,10_epo,72.0,8.303469036697143,pieron
163,10_epo,73.0,8.303469036697143,pieron
164,10_epo,74.0,8.303469036697143,pieron
165,10_epo,75.0,8.303469036697143,pieron
166,10_epo,76.0,8.303469036697143,pieron
167,10_epo,77.0,8.303469036697143,pieron
168,10_epo,78.0,8.303469036697143,pieron
169,10_epo,79.0,8.303469036697143,pieron
170,10_epo,80.0,8.303469036697143,pieron
171,10_epo,81.0,8.303469036697143,pieron
172,10_epo,82.0,8.303469036697143,pieron
173,10_epo,83.0,8.303469036697143,pieron
174,10_epo,84.0,8.303469036697143,pieron
175,10_epo,85.0,8.303469036697143,pieron
176,10_epo,86.0,8.303469036697143,pieron
177,10_epo,87.0,8.303469036697143,pieron
178,10_epo,88.0,8.303469036697143,pieron
179,10_epo,89.0,8.303469036697143,pieron
180,10_epo,90.0,8.303469036697143,pieron
181,10_epo,91.0,8.303469036697143,pieron
182,10_epo,92.0,8.303469036697143,pieron
183,10_epo,93.0,8.303469036697143,pieron
184,10_epo,94.0,8.303469036697143,pieron
185,10_epo,95.0,8.303469036697143,pieron
186,11_epo,3.0,8.774901101368602,pieron
187,11_epo,4.0,8.686582513372239,pieron
188,11_epo,5.0,8.61868991440456,pieron
189,11_epo,6.0,8.56361171263108,pieron
190,11_epo,7.000000000000001,8.51731845113413,pieron
191,11_epo,8.0,8.47741973327182,pieron
192,11_epo,9.0,8.442381736640234,pieron
193,11_epo,10.0,8.411161908938066,pieron
194,11_epo,11.0,8.383019607773353,pieron
195,11_epo,12.0,8.357409926053096,pieron
196,11_epo,13.0,8.33392039655504,pieron
197,11_epo,14.000000000000002,8.312231352324291,pieron
198,11_epo,15.0,8.292090074472279,pieron
199,11_epo,16.0,8.27329334907416,pieron
200,11_epo,17.0,8.25567535269471,pieron
201,11_epo,18.0,8.239099026554152,pieron
202,11_epo,19.0,8.223449800054087,pieron
203,11_epo,20.0,8.208630935906962,pieron
204,11_epo,21.0,8.194560019119598,pieron
205,11_epo,22.0,8.181166268545992,pieron
206,11_epo,23.0,8.168388450257321,pieron
207,11_epo,24.0,8.156173238105781,pieron
208,11_epo,25.0,8.14447391128338,pieron
209,11_epo,26.0,8.133249309093936,pieron
210,11_epo,27.0,8.12246298434522,pieron
211,11_epo,28.000000000000004,8.112082511763164,pieron
212,11_epo,28.999999999999996,8.102078918595097,pieron
213,11_epo,30.0,8.092426212401117,pieron
214,11_epo,31.0,8.083100986800641,pieron
215,11_epo,32.0,8.074082090237358,pieron
216,11_epo,33.0,8.06535034605968,pieron
217,11_epo,34.0,8.056888314671657,pieron
218,11_epo,35.0,8.048680090394807,pieron
219,11_epo,36.0,8.040711127139875,pieron
220,11_epo,37.0,8.032968088124939,pieron
221,11_epo,38.0,8.025438715770056,pieron
222,11_epo,39.0,8.018111718605716,pieron
223,11_epo,40.0,8.010976672595756,pieron
224,11_epo,41.0,8.004023934726833,pieron
225,11_epo,42.0,7.997244567080751,pieron
226,11_epo,43.0,7.990630269901104,pieron
227,11_epo,44.0,7.984173322406515,pieron
228,11_epo,45.0,7.977866530299925,pieron
229,11_epo,46.0,7.971703179085853,pieron
230,11_epo,47.0,7.965676992441904,pieron
231,11_epo,48.0,7.95978209500242,pieron
232,11_epo,49.0,7.954012979005259,pieron
233,11_epo,50.0,7.948364474330824,pieron
234,11_epo,51.0,7.942831721527913,pieron
235,11_epo,52.0,7.937410147476454,pieron
236,11_epo,53.0,7.932095443384038,pieron
237,11_epo,54.0,7.926883544852985,pieron
238,11_epo,55.00000000000001,7.921770613788702,pieron
239,11_epo,56.00000000000001,7.916753021949147,pieron
240,11_epo,56.99999999999999,7.9118273359600915,pieron
241,11_epo,57.99999999999999,7.906990303642373,pieron
242,11_epo,59.0,7.902238841515814,pieron
243,11_epo,60.0,7.897570023360418,pieron
244,11_epo,61.0,7.892981069729464,pieron
245,11_epo,62.0,7.888469338321046,pieron
246,11_epo,63.0,7.884032315125173,pieron
247,11_epo,64.0,7.879667606272773,pieron
248,11_epo,65.0,7.8753729305208795,pieron
249,11_epo,66.0,7.871146112315423,pieron
250,11_epo,67.0,7.866985075379223,pieron
251,11_epo,68.0,7.862887836778184,pieron
252,11_epo,69.0,7.858852501423611,pieron
253,11_epo,70.0,7.854877256972771,pieron
254,11_epo,71.0,7.850960369093591,pieron
255,11_epo,72.0,7.847100177062794,pieron
256,11_epo,73.0,7.843295089669682,pieron
257,11_epo,74.0,7.839543581400502,pieron
258,11_epo,75.0,7.835844188880661,pieron
259,11_epo,76.0,7.83219550755418,pieron
260,11_epo,77.0,7.828596188581651,pieron
261,11_epo,78.0,7.82504493593974,pieron
262,11_epo,79.0,7.821540503706677,pieron
263,11_epo,80.0,7.81808169351966,pieron
264,11_epo,81.0,7.814667352191266,pieron
265,11_epo,82.0,7.811296369473115,pieron
266,11_epo,83.0,7.807967675955988,pieron
267,11_epo,84.0,7.80468024109656,pieron
268,11_epo,85.0,7.801433071361703,pieron
269,11_epo,86.0,7.798225208482049,pieron
270,11_epo,87.0,7.795055727807209,pieron
271,11_epo,88.0,7.791923736755618,pieron
272,11_epo,89.0,7.7888283733525725,pieron
273,11_epo,90.0,7.785768804850493,pieron
274,11_epo,91.0,7.782744226425959,pieron
275,11_epo,92.0,7.779753859948417,pieron
276,11_epo,93.0,7.776796952815916,pieron
277,11_epo,94.0,7.773872776853526,pieron
278,11_epo,95.0,7.7709806272704505,pieron
279,12_epo,3.0,8.72109661169266,pieron
280,12_epo,4.0,8.72109661169266,pieron
281,12_epo,5.0,8.72109661169266,pieron
282,12_epo,6.0,8.72109661169266,pieron
283,12_epo,7.000000000000001,8.72109661169266,pieron
284,12_epo,8.0,8.72109661169266,pieron
285,12_epo,9.0,8.72109661169266,pieron
286,12_epo,10.0,8.72109661169266,pieron
287,12_epo,11.0,8.72109661169266,pieron
288,12_epo,12.0,8.72109661169266,pieron
289,12_epo,13.0,8.72109661169266,pieron
290,12_epo,14.000000000000002,8.72109661169266,pieron
291,12_epo,15.0,8.72109661169266,pieron
292,12_epo,16.0,8.72109661169266,pieron
293,12_epo,17.0,8.72109661169266,pieron
294,12_epo,18.0,8.72109661169266,pieron
295,12_epo,19.0,8.72109661169266,pieron
296,12_epo,20.0,8.72109661169266,pieron
297,12_epo,21.0,8.72109661169266,pieron
298,12_epo,22.0,8.72109661169266,pieron
299,12_epo,23.0,8.72109661169266,pieron
300,12_epo,24.0,8.72109661169266,pieron
301,12_epo,25.0,8.72109661169266,pieron
302,12_epo,26.0,8.72109661169266,pieron
303,12_epo,27.0,8.72109661169266,pieron
304,12_epo,28.000000000000004,8.72109661169266,pieron
305,12_epo,28.999999999999996,8.72109661169266,pieron
306,12_epo,30.0,8.72109661169266,pieron
307,12_epo,31.0,8.72109661169266,pieron
308,12_epo,32.0,8.72109661169266,pieron
309,12_epo,33.0,8.72109661169266,pieron
310,12_epo,34.0,8.72109661169266,pieron
311,12_epo,35.0,8.72109661169266,pieron
312,12_epo,36.0,8.72109661169266,pieron
313,12_epo,37.0,8.72109661169266,pieron
314,12_epo,38.0,8.72109661169266,pieron
315,12_epo,39.0,8.72109661169266,pieron
316,12_epo,40.0,8.72109661169266,pieron
317,12_epo,41.0,8.72109661169266,pieron
318,12_epo,42.0,8.72109661169266,pieron
319,12_epo,43.0,8.72109661169266,pieron
320,12_epo,44.0,8.72109661169266,pieron
321,12_epo,45.0,8.72109661169266,pieron
322,12_epo,46.0,8.72109661169266,pieron
323,12_epo,47.0,8.72109661169266,pieron
324,12_epo,48.0,8.72109661169266,pieron
325,12_epo,49.0,8.72109661169266,pieron
326,12_epo,50.0,8.72109661169266,pieron
327,12_epo,51.0,8.72109661169266,pieron
328,12_epo,52.0,8.72109661169266,pieron
329,12_epo,53.0,8.72109661169266,pieron
330,12_epo,54.0,8.72109661169266,pieron
331,12_epo,55.00000000000001,8.72109661169266,pieron
332,12_epo,56.00000000000001,8.72109661169266,pieron
333,12_epo,56.99999999999999,8.72109661169266,pieron
334,12_epo,57.99999999999999,8.72109661169266,pieron
335,12_epo,59.0,8.72109661169266,pieron
336,12_epo,60.0,8.72109661169266,pieron
337,12_epo,61.0,8.72109661169266,pieron
338,12_epo,62.0,8.72109661169266,pieron
339,12_epo,63.0,8.72109661169266,pieron
340,12_epo,64.0,8.72109661169266,pieron
341,12_epo,65.0,8.72109661169266,pieron
342,12_epo,66.0,8.72109661169266,pieron
343,12_epo,67.0,8.72109661169266,pieron
344,12_epo,68.0,8.72109661169266,pieron
345,12_epo,69.0,8.72109661169266,pieron
346,12_epo,70.0,8.72109661169266,pieron
347,12_epo,71.0,8.72109661169266,pieron
348,12_epo,72.0,8.72109661169266,pieron
349,12_epo,73.0,8.72109661169266,pieron
350,12_epo,74.0,8.72109661169266,pieron
351,12_epo,75.0,8.72109661169266,pieron
352,12_epo,76.0,8.72109661169266,pieron
353,12_epo,77.0,8.72109661169266,pieron
354,12_epo,78.0,8.72109661169266,pieron
355,12_epo,79.0,8.72109661169266,pieron
356,12_epo,80.0,8.72109661169266,pieron
357,12_epo,81.0,8.72109661169266,pieron
358,12_epo,82.0,8.72109661169266,pieron
359,12_epo,83.0,8.72109661169266,pieron
360,12_epo,84.0,8.72109661169266,pieron
361,12_epo,85.0,8.72109661169266,pieron
362,12_epo,86.0,8.72109661169266,pieron
363,12_epo,87.0,8.72109661169266,pieron
364,12_epo,88.0,8.72109661169266,pieron
365,12_epo,89.0,8.72109661169266,pieron
366,12_epo,90.0,8.72109661169266,pieron
367,12_epo,91.0,8.72109661169266,pieron
368,12_epo,92.0,8.72109661169266,pieron
369,12_epo,93.0,8.72109661169266,pieron
370,12_epo,94.0,8.72109661169266,pieron
371,12_epo,95.0,8.72109661169266,pieron
372,13_epo,3.0,7.185959901349985,pieron
373,13_epo,4.0,7.185959901349985,pieron
374,13_epo,5.0,7.185959901349985,pieron
375,13_epo,6.0,7.185959901349985,pieron
376,13_epo,7.000000000000001,7.185959901349985,pieron
377,13_epo,8.0,7.185959901349985,pieron
378,13_epo,9.0,7.185959901349985,pieron
379,13_epo,10.0,7.185959901349985,pieron
380,13_epo,11.0,7.185959901349985,pieron
381,13_epo,12.0,7.185959901349985,pieron
382,13_epo,13.0,7.185959901349985,pieron
383,13_epo,14.000000000000002,7.185959901349985,pieron
384,13_epo,15.0,7.185959901349985,pieron
385,13_epo,16.0,7.185959901349985,pieron
386,13_epo,17.0,7.185959901349985,pieron
387,13_epo,18.0,7.185959901349985,pieron
388,13_epo,19.0,7.185959901349985,pieron
389,13_epo,20.0,7.185959901349985,pieron
390,13_epo,21.0,7.185959901349985,pieron
391,13_epo,22.0,7.185959901349985,pieron
392,13_epo,23.0,7.185959901349985,pieron
393,13_epo,24.0,7.185959901349985,pieron
394,13_epo,25.0,7.185959901349985,pieron
395,13_epo,26.0,7.185959901349985,pieron
396,13_epo,27.0,7.185959901349985,pieron
397,13_epo,28.000000000000004,7.185959901349985,pieron
398,13_epo,28.999999999999996,7.185959901349985,pieron
399,13_epo,30.0,7.185959901349985,pieron
400,13_epo,31.0,7.185959901349985,pieron
401,13_epo,32.0,7.185959901349985,pieron
402,13_epo,33.0,7.185959901349985,pieron
403,13_epo,34.0,7.185959901349985,pieron
404,13_epo,35.0,7.185959901349985,pieron
405,13_epo,36.0,7.185959901349985,pieron
406,13_epo,37.0,7.185959901349985,pieron
407,13_epo,38.0,7.185959901349985,pieron
408,13_epo,39.0,7.185959901349985,pieron
409,13_epo,40.0,7.185959901349985,pieron
410,13_epo,41.0,7.185959901349985,pieron
411,13_epo,42.0,7.185959901349985,pieron
412,13_epo,43.0,7.185959901349985,pieron
413,13_epo,44.0,7.185959901349985,pieron
414,13_epo,45.0,7.185959901349985,pieron
415,13_epo,46.0,7.185959901349985,pieron
416,13_epo,47.0,7.185959901349985,pieron
417,13_epo,48.0,7.185959901349985,pieron
418,13_epo,49.0,7.185959901349985,pieron
419,13_epo,50.0,7.185959901349985,pieron
420,13_epo,51.0,7.185959901349985,pieron
421,13_epo,52.0,7.185959901349985,pieron
422,13_epo,53.0,7.185959901349985,pieron
423,13_epo,54.0,7.185959901349985,pieron
424,13_epo,55.00000000000001,7.185959901349985,pieron
425,13_epo,56.00000000000001,7.185959901349985,pieron
426,13_epo,56.99999999999999,7.185959901349985,pieron
427,13_epo,57.99999999999999,7.185959901349985,pieron
428,13_epo,59.0,7.185959901349985,pieron
429,13_epo,60.0,7.185959901349985,pieron
430,13_epo,61.0,7.185959901349985,pieron
431,13_epo,62.0,7.185959901349985,pieron
432,13_epo,63.0,7.185959901349985,pieron
433,13_epo,64.0,7.185959901349985,pieron
434,13_epo,65.0,7.185959901349985,pieron
435,13_epo,66.0,7.185959901349985,pieron
436,13_epo,67.0,7.185959901349985,pieron
437,13_epo,68.0,7.185959901349985,pieron
438,13_epo,69.0,7.185959901349985,pieron
439,13_epo,70.0,7.185959901349985,pieron
440,13_epo,71.0,7.185959901349985,pieron
441,13_epo,72.0,7.185959901349985,pieron
442,13_epo,73.0,7.185959901349985,pieron
443,13_epo,74.0,7.185959901349985,pieron
444,13_epo,75.0,7.185959901349985,pieron
445,13_epo,76.0,7.185959901349985,pieron
446,13_epo,77.0,7.185959901349985,pieron
447,13_epo,78.0,7.185959901349985,pieron
448,13_epo,79.0,7.185959901349985,pieron
449,13_epo,80.0,7.185959901349985,pieron
450,13_epo,81.0,7.185959901349985,pieron
451,13_epo,82.0,7.185959901349985,pieron
452,13_epo,83.0,7.185959901349985,pieron
453,13_epo,84.0,7.185959901349985,pieron
454,13_epo,85.0,7.185959901349985,pieron
455,13_epo,86.0,7.185959901349985,pieron
456,13_epo,87.0,7.185959901349985,pieron
457,13_epo,88.0,7.185959901349985,pieron
458,13_epo,89.0,7.185959901349985,pieron
459,13_epo,90.0,7.185959901349985,pieron
460,13_epo,91.0,7.185959901349985,pieron
461,13_epo,92.0,7.185959901349985,pieron
462,13_epo,93.0,7.185959901349985,pieron
463,13_epo,94.0,7.185959901349985,pieron
464,13_epo,95.0,7.185959901349985,pieron
465,14_epo,3.0,7.963320461442958,pieron
466,14_epo,4.0,7.963320461442958,pieron
467,14_epo,5.0,7.963320461442958,pieron
468,14_epo,6.0,7.963320461442958,pieron
469,14_epo,7.000000000000001,7.963320461442958,pieron
470,14_epo,8.0,7.963320461442958,pieron
471,14_epo,9.0,7.963320461442958,pieron
472,14_epo,10.0,7.963320461442958,pieron
473,14_epo,11.0,7.963320461442958,pieron
474,14_epo,12.0,7.963320461442958,pieron
475,14_epo,13.0,7.963320461442958,pieron
476,14_epo,14.000000000000002,7.963320461442958,pieron
477,14_epo,15.0,7.963320461442958,pieron
478,14_epo,16.0,7.963320461442958,pieron
479,14_epo,17.0,7.963320461442958,pieron
480,14_epo,18.0,7.963320461442958,pieron
481,14_epo,19.0,7.963320461442958,pieron
482,14_epo,20.0,7.963320461442958,pieron
483,14_epo,21.0,7.963320461442958,pieron
484,14_epo,22.0,7.963320461442958,pieron
485,14_epo,23.0,7.963320461442958,pieron
486,14_epo,24.0,7.963320461442958,pieron
487,14_epo,25.0,7.963320461442958,pieron
488,14_epo,26.0,7.963320461442958,pieron
489,14_epo,27.0,7.963320461442958,pieron
490,14_epo,28.000000000000004,7.963320461442958,pieron
491,14_epo,28.999999999999996,7.963320461442958,pieron
492,14_epo,30.0,7.963320461442958,pieron
493,14_epo,31.0,7.963320461442958,pieron
494,14_epo,32.0,7.963320461442958,pieron
495,14_epo,33.0,7.963320461442958,pieron
496,14_epo,34.0,7.963320461442958,pieron
497,14_epo,35.0,7.963320461442958,pieron
498,14_epo,36.0,7.963320461442958,pieron
499,14_epo,37.0,7.963320461442958,pieron
500,14_epo,38.0,7.963320461442958,pieron
501,14_epo,39.0,7.963320461442958,pieron
502,14_epo,40.0,7.963320461442958,pieron
503,14_epo,41.0,7.963320461442958,pieron
504,14_epo,42.0,7.963320461442958,pieron
505,14_epo,43.0,7.963320461442958,pieron
506,14_epo,44.0,7.963320461442958,pieron
507,14_epo,45.0,7.963320461442958,pieron
508,14_epo,46.0,7.963320461442958,pieron
509,14_epo,47.0,7.963320461442958,pieron
510,14_epo,48.0,7.963320461442958,pieron
511,14_epo,49.0,7.963320461442958,pieron
512,14_epo,50.0,7.963320461442958,pieron
513,14_epo,51.0,7.963320461442958,pieron
514,14_epo,52.0,7.963320461442958,pieron
515,14_epo,53.0,7.963320461442958,pieron
516,14_epo,54.0,7.963320461442958,pieron
517,14_epo,55.00000000000001,7.963320461442958,pieron
518,14_epo,56.00000000000001,7.963320461442958,pieron
519,14_epo,56.99999999999999,7.963320461442958,pieron
520,14_epo,57.99999999999999,7.963320461442958,pieron
521,14_epo,59.0,7.963320461442958,pieron
522,14_epo,60.0,7.963320461442958,pieron
523,14_epo,61.0,7.963320461442958,pieron
524,14_epo,62.0,7.963320461442958,pieron
525,14_epo,63.0,7.963320461442958,pieron
526,14_epo,64.0,7.963320461442958,pieron
527,14_epo,65.0,7.963320461442958,pieron
528,14_epo,66.0,7.963320461442958,pieron
529,14_epo,67.0,7.963320461442958,pieron
530,14_epo,68.0,7.963320461442958,pieron
531,14_epo,69.0,7.963320461442958,pieron
532,14_epo,70.0,7.963320461442958,pieron
533,14_epo,71.0,7.963320461442958,pieron
534,14_epo,72.0,7.963320461442958,pieron
535,14_epo,73.0,7.963320461442958,pieron
536,14_epo,74.0,7.963320461442958,pieron
537,14_epo,75.0,7.963320461442958,pieron
538,14_epo,76.0,7.963320461442958,pieron
539,14_epo,77.0,7.963320461442958,pieron
540,14_epo,78.0,7.963320461442958,pieron
541,14_epo,79.0,7.963320461442958,pieron
542,14_epo,80.0,7.963320461442958,pieron
543,14_epo,81.0,7.963320461442958,pieron
544,14_epo,82.0,7.963320461442958,pieron
545,14_epo,83.0,7.963320461442958,pieron
546,14_epo,84.0,7.963320461442958,pieron
547,14_epo,85.0,7.963320461442958,pieron
548,14_epo,86.0,7.963320461442958,pieron
549,14_epo,87.0,7.963320461442958,pieron
550,14_epo,88.0,7.963320461442958,pieron
551,14_epo,89.0,7.963320461442958,pieron
552,14_epo,90.0,7.963320461442958,pieron
553,14_epo,91.0,7.963320461442958,pieron
554,14_epo,92.0,7.963320461442958,pieron
555,14_epo,93.0,7.963320461442958,pieron
556,14_epo,94.0,7.963320461442958,pieron
557,14_epo,95.0,7.963320461442958,pieron
558,15_epo,3.0,8.061594202170488,pieron
559,15_epo,4.0,8.061594202170484,pieron
560,15_epo,5.0,8.06159420217048,pieron
561,15_epo,6.0,8.061594202170479,pieron
562,15_epo,7.000000000000001,8.061594202170477,pieron
563,15_epo,8.0,8.061594202170475,pieron
564,15_epo,9.0,8.061594202170474,pieron
565,15_epo,10.0,8.061594202170474,pieron
566,15_epo,11.0,8.06159420217047,pieron
567,15_epo,12.0,8.061594202170468,pieron
568,15_epo,13.0,8.061594202170468,pieron
569,15_epo,14.000000000000002,8.061594202170467,pieron
570,15_epo,15.0,8.061594202170467,pieron
571,15_epo,16.0,8.061594202170465,pieron
572,15_epo,17.0,8.061594202170465,pieron
573,15_epo,18.0,8.061594202170465,pieron
574,15_epo,19.0,8.061594202170463,pieron
575,15_epo,20.0,8.061594202170463,pieron
576,15_epo,21.0,8.061594202170463,pieron
577,15_epo,22.0,8.061594202170461,pieron
578,15_epo,23.0,8.061594202170461,pieron
579,15_epo,24.0,8.061594202170461,pieron
580,15_epo,25.0,8.06159420217046,pieron
581,15_epo,26.0,8.06159420217046,pieron
582,15_epo,27.0,8.06159420217046,pieron
583,15_epo,28.000000000000004,8.06159420217046,pieron
584,15_epo,28.999999999999996,8.061594202170458,pieron
585,15_epo,30.0,8.061594202170458,pieron
586,15_epo,31.0,8.061594202170458,pieron
587,15_epo,32.0,8.061594202170458,pieron
588,15_epo,33.0,8.061594202170458,pieron
589,15_epo,34.0,8.061594202170456,pieron
590,15_epo,35.0,8.061594202170456,pieron
591,15_epo,36.0,8.061594202170456,pieron
592,15_epo,37.0,8.061594202170456,pieron
593,15_epo,38.0,8.061594202170456,pieron
594,15_epo,39.0,8.061594202170454,pieron
595,15_epo,40.0,8.061594202170454,pieron
596,15_epo,41.0,8.061594202170454,pieron
597,15_epo,42.0,8.061594202170454,pieron
598,15_epo,43.0,8.061594202170454,pieron
599,15_epo,44.0,8.061594202170454,pieron
600,15_epo,45.0,8.061594202170452,pieron
601,15_epo,46.0,8.061594202170452,pieron
602,15_epo,47.0,8.061594202170452,pieron
603,15_epo,48.0,8.061594202170452,pieron
604,15_epo,49.0,8.061594202170452,pieron
605,15_epo,50.0,8.061594202170452,pieron
606,15_epo,51.0,8.061594202170452,pieron
607,15_epo,52.0,8.06159420217045,pieron
608,15_epo,53.0,8.06159420217045,pieron
609,15_epo,54.0,8.06159420217045,pieron
610,15_epo,55.00000000000001,8.06159420217045,pieron
611,15_epo,56.00000000000001,8.06159420217045,pieron
612,15_epo,56.99999999999999,8.06159420217045,pieron
613,15_epo,57.99999999999999,8.06159420217045,pieron
614,15_epo,59.0,8.06159420217045,pieron
615,15_epo,60.0,8.061594202170449,pieron
616,15_epo,61.0,8.061594202170449,pieron
617,15_epo,62.0,8.061594202170449,pieron
618,15_epo,63.0,8.061594202170449,pieron
619,15_epo,64.0,8.061594202170449,pieron
620,15_epo,65.0,8.061594202170449,pieron
621,15_epo,66.0,8.061594202170449,pieron
622,15_epo,67.0,8.061594202170449,pieron
623,15_epo,68.0,8.061594202170449,pieron
624,15_epo,69.0,8.061594202170449,pieron
625,15_epo,70.0,8.061594202170447,pieron
626,15_epo,71.0,8.061594202170447,pieron
627,15_epo,72.0,8.061594202170447,pieron
628,15_epo,73.0,8.061594202170447,pieron
629,15_epo,74.0,8.061594202170447,pieron
630,15_epo,75.0,8.061594202170447,pieron
631,15_epo,76.0,8.061594202170447,pieron
632,15_epo,77.0,8.061594202170447,pieron
633,15_epo,78.0,8.061594202170447,pieron
634,15_epo,79.0,8.061594202170447,pieron
635,15_epo,80.0,8.061594202170447,pieron
636,15_epo,81.0,8.061594202170445,pieron
637,15_epo,82.0,8.061594202170445,pieron
638,15_epo,83.0,8.061594202170445,pieron
639,15_epo,84.0,8.061594202170445,pieron
640,15_epo,85.0,8.061594202170445,pieron
641,15_epo,86.0,8.061594202170445,pieron
642,15_epo,87.0,8.061594202170445,pieron
643,15_epo,88.0,8.061594202170445,pieron
644,15_epo,89.0,8.061594202170445,pieron
645,15_epo,90.0,8.061594202170445,pieron
646,15_epo,91.0,8.061594202170445,pieron
647,15_epo,92.0,8.061594202170445,pieron
648,15_epo,93.0,8.061594202170443,pieron
649,15_epo,94.0,8.061594202170443,pieron
650,15_epo,95.0,8.061594202170443,pieron
651,16_epo,3.0,7.599043715431368,pieron
652,16_epo,4.0,7.599043715431368,pieron
653,16_epo,5.0,7.599043715431367,pieron
654,16_epo,6.0,7.599043715431367,pieron
655,16_epo,7.000000000000001,7.599043715431367,pieron
656,16_epo,8.0,7.599043715431365,pieron
657,16_epo,9.0,7.599043715431365,pieron
658,16_epo,10.0,7.599043715431365,pieron
659,16_epo,11.0,7.599043715431365,pieron
660,16_epo,12.0,7.599043715431365,pieron
661,16_epo,13.0,7.599043715431365,pieron
662,16_epo,14.000000000000002,7.599043715431363,pieron
663,16_epo,15.0,7.599043715431363,pieron
664,16_epo,16.0,7.599043715431363,pieron
665,16_epo,17.0,7.599043715431363,pieron
666,16_epo,18.0,7.599043715431363,pieron
667,16_epo,19.0,7.599043715431363,pieron
668,16_epo,20.0,7.599043715431363,pieron
669,16_epo,21.0,7.599043715431363,pieron
670,16_epo,22.0,7.599043715431363,pieron
671,16_epo,23.0,7.599043715431363,pieron
672,16_epo,24.0,7.599043715431363,pieron
673,16_epo,25.0,7.599043715431361,pieron
674,16_epo,26.0,7.599043715431361,pieron
675,16_epo,27.0,7.599043715431361,pieron
676,16_epo,28.000000000000004,7.599043715431361,pieron
677,16_epo,28.999999999999996,7.599043715431361,pieron
678,16_epo,30.0,7.599043715431361,pieron
679,16_epo,31.0,7.599043715431361,pieron
680,16_epo,32.0,7.599043715431361,pieron
681,16_epo,33.0,7.599043715431361,pieron
682,16_epo,34.0,7.599043715431361,pieron
683,16_epo,35.0,7.599043715431361,pieron
684,16_epo,36.0,7.599043715431361,pieron
685,16_epo,37.0,7.599043715431361,pieron
686,16_epo,38.0,7.599043715431361,pieron
687,16_epo,39.0,7.599043715431361,pieron
688,16_epo,40.0,7.599043715431361,pieron
689,16_epo,41.0,7.599043715431361,pieron
690,16_epo,42.0,7.599043715431361,pieron
691,16_epo,43.0,7.5990437154313595,pieron
692,16_epo,44.0,7.5990437154313595,pieron
693,16_epo,45.0,7.5990437154313595,pieron
694,16_epo,46.0,7.5990437154313595,pieron
695,16_epo,47.0,7.5990437154313595,pieron
696,16_epo,48.0,7.5990437154313595,pieron
697,16_epo,49.0,7.5990437154313595,pieron
698,16_epo,50.0,7.5990437154313595,pieron
699,16_epo,51.0,7.5990437154313595,pieron
700,16_epo,52.0,7.5990437154313595,pieron
701,16_epo,53.0,7.5990437154313595,pieron
702,16_epo,54.0,7.5990437154313595,pieron
703,16_epo,55.00000000000001,7.5990437154313595,pieron
704,16_epo,56.00000000000001,7.5990437154313595,pieron
705,16_epo,56.99999999999999,7.5990437154313595,pieron
706,16_epo,57.99999999999999,7.5990437154313595,pieron
707,16_epo,59.0,7.5990437154313595,pieron
708,16_epo,60.0,7.5990437154313595,pieron
709,16_epo,61.0,7.5990437154313595,pieron
710,16_epo,62.0,7.5990437154313595,pieron
711,16_epo,63.0,7.5990437154313595,pieron
712,16_epo,64.0,7.5990437154313595,pieron
713,16_epo,65.0,7.5990437154313595,pieron
714,16_epo,66.0,7.5990437154313595,pieron
715,16_epo,67.0,7.5990437154313595,pieron
716,16_epo,68.0,7.5990437154313595,pieron
717,16_epo,69.0,7.5990437154313595,pieron
718,16_epo,70.0,7.5990437154313595,pieron
719,16_epo,71.0,7.5990437154313595,pieron
720,16_epo,72.0,7.5990437154313595,pieron
721,16_epo,73.0,7.5990437154313595,pieron
722,16_epo,74.0,7.5990437154313595,pieron
723,16_epo,75.0,7.5990437154313595,pieron
724,16_epo,76.0,7.599043715431358,pieron
725,16_epo,77.0,7.599043715431358,pieron
726,16_epo,78.0,7.599043715431358,pieron
727,16_epo,79.0,7.599043715431358,pieron
728,16_epo,80.0,7.599043715431358,pieron
729,16_epo,81.0,7.599043715431358,pieron
730,16_epo,82.0,7.599043715431358,pieron
731,16_epo,83.0,7.599043715431358,pieron
732,16_epo,84.0,7.599043715431358,pieron
733,16_epo,85.0,7.599043715431358,pieron
734,16_epo,86.0,7.599043715431358,pieron
735,16_epo,87.0,7.599043715431358,pieron
736,16_epo,88.0,7.599043715431358,pieron
737,16_epo,89.0,7.599043715431358,pieron
738,16_epo,90.0,7.599043715431358,pieron
739,16_epo,91.0,7.599043715431358,pieron
740,16_epo,92.0,7.599043715431358,pieron
741,16_epo,93.0,7.599043715431358,pieron
742,16_epo,94.0,7.599043715431358,pieron
743,16_epo,95.0,7.599043715431358,pieron
744,17_epo,3.0,8.304362774605828,pieron
745,17_epo,4.0,8.304362774605826,pieron
746,17_epo,5.0,8.304362774605826,pieron
747,17_epo,6.0,8.304362774605824,pieron
748,17_epo,7.000000000000001,8.304362774605822,pieron
749,17_epo,8.0,8.304362774605822,pieron
750,17_epo,9.0,8.304362774605822,pieron
751,17_epo,10.0,8.30436277460582,pieron
752,17_epo,11.0,8.30436277460582,pieron
753,17_epo,12.0,8.30436277460582,pieron
754,17_epo,13.0,8.304362774605817,pieron
755,17_epo,14.000000000000002,8.304362774605817,pieron
756,17_epo,15.0,8.304362774605817,pieron
757,17_epo,16.0,8.304362774605817,pieron
758,17_epo,17.0,8.304362774605815,pieron
759,17_epo,18.0,8.304362774605815,pieron
760,17_epo,19.0,8.304362774605815,pieron
761,17_epo,20.0,8.304362774605815,pieron
762,17_epo,21.0,8.304362774605815,pieron
763,17_epo,22.0,8.304362774605815,pieron
764,17_epo,23.0,8.304362774605815,pieron
765,17_epo,24.0,8.304362774605815,pieron
766,17_epo,25.0,8.304362774605815,pieron
767,17_epo,26.0,8.304362774605815,pieron
768,17_epo,27.0,8.304362774605815,pieron
769,17_epo,28.000000000000004,8.304362774605815,pieron
770,17_epo,28.999999999999996,8.304362774605814,pieron
771,17_epo,30.0,8.304362774605814,pieron
772,17_epo,31.0,8.304362774605814,pieron
773,17_epo,32.0,8.304362774605814,pieron
774,17_epo,33.0,8.304362774605814,pieron
775,17_epo,34.0,8.304362774605814,pieron
776,17_epo,35.0,8.304362774605814,pieron
777,17_epo,36.0,8.304362774605814,pieron
778,17_epo,37.0,8.304362774605814,pieron
779,17_epo,38.0,8.304362774605812,pieron
780,17_epo,39.0,8.304362774605812,pieron
781,17_epo,40.0,8.304362774605812,pieron
782,17_epo,41.0,8.304362774605812,pieron
783,17_epo,42.0,8.304362774605812,pieron
784,17_epo,43.0,8.304362774605812,pieron
785,17_epo,44.0,8.304362774605812,pieron
786,17_epo,45.0,8.304362774605812,pieron
787,17_epo,46.0,8.304362774605812,pieron
788,17_epo,47.0,8.304362774605812,pieron
789,17_epo,48.0,8.304362774605812,pieron
790,17_epo,49.0,8.304362774605812,pieron
791,17_epo,50.0,8.30436277460581,pieron
792,17_epo,51.0,8.30436277460581,pieron
793,17_epo,52.0,8.30436277460581,pieron
794,17_epo,53.0,8.30436277460581,pieron
795,17_epo,54.0,8.30436277460581,pieron
796,17_epo,55.00000000000001,8.30436277460581,pieron
797,17_epo,56.00000000000001,8.30436277460581,pieron
798,17_epo,56.99999999999999,8.30436277460581,pieron
799,17_epo,57.99999999999999,8.30436277460581,pieron
800,17_epo,59.0,8.30436277460581,pieron
801,17_epo,60.0,8.30436277460581,pieron
802,17_epo,61.0,8.30436277460581,pieron
803,17_epo,62.0,8.30436277460581,pieron
804,17_epo,63.0,8.30436277460581,pieron
805,17_epo,64.0,8.30436277460581,pieron
806,17_epo,65.0,8.30436277460581,pieron
807,17_epo,66.0,8.304362774605808,pieron
808,17_epo,67.0,8.304362774605808,pieron
809,17_epo,68.0,8.304362774605808,pieron
810,17_epo,69.0,8.304362774605808,pieron
811,17_epo,70.0,8.304362774605808,pieron
812,17_epo,71.0,8.304362774605808,pieron
813,17_epo,72.0,8.304362774605808,pieron
814,17_epo,73.0,8.304362774605808,pieron
815,17_epo,74.0,8.304362774605808,pieron
816,17_epo,75.0,8.304362774605808,pieron
817,17_epo,76.0,8.304362774605808,pieron
818,17_epo,77.0,8.304362774605808,pieron
819,17_epo,78.0,8.304362774605808,pieron
820,17_epo,79.0,8.304362774605808,pieron
821,17_epo,80.0,8.304362774605808,pieron
822,17_epo,81.0,8.304362774605808,pieron
823,17_epo,82.0,8.304362774605808,pieron
824,17_epo,83.0,8.304362774605808,pieron
825,17_epo,84.0,8.304362774605808,pieron
826,17_epo,85.0,8.304362774605808,pieron
827,17_epo,86.0,8.304362774605808,pieron
828,17_epo,87.0,8.304362774605806,pieron
829,17_epo,88.0,8.304362774605806,pieron
830,17_epo,89.0,8.304362774605806,pieron
831,17_epo,90.0,8.304362774605806,pieron
832,17_epo,91.0,8.304362774605806,pieron
833,17_epo,92.0,8.304362774605806,pieron
834,17_epo,93.0,8.304362774605806,pieron
835,17_epo,94.0,8.304362774605806,pieron
836,17_epo,95.0,8.304362774605806,pieron
837,18_epo,3.0,9.314744240553626,pieron
838,18_epo,4.0,9.189448419166942,pieron
839,18_epo,5.0,9.093423258392043,pieron
840,18_epo,6.0,9.015710323343344,pieron
841,18_epo,7.000000000000001,8.950523342482985,pieron
842,18_epo,8.0,8.89443690979865,pieron
843,18_epo,9.0,8.845256965032108,pieron
844,18_epo,10.0,8.801494472417513,pieron
845,18_epo,11.0,8.76209303425888,pieron
846,18_epo,12.0,8.726276378105752,pieron
847,18_epo,13.0,8.693457550720591,pieron
848,18_epo,14.000000000000002,8.663182113667272,pieron
849,18_epo,15.0,8.635091134557722,pieron
850,18_epo,16.0,8.608896239885555,pieron
851,18_epo,17.0,8.584362303977313,pieron
852,18_epo,18.0,8.561295133050786,pieron
853,18_epo,19.0,8.539532510477736,pieron
854,18_epo,20.0,8.518937560341177,pieron
855,18_epo,21.0,8.49939374514427,pieron
856,18_epo,22.0,8.480801037900251,pieron
857,18_epo,23.0,8.463072952901905,pieron
858,18_epo,24.0,8.44613421417561,pieron
859,18_epo,25.0,8.429918904209774,pieron
860,18_epo,26.0,8.414368979058553,pieron
861,18_epo,27.0,8.399433066215773,pieron
862,18_epo,28.000000000000004,8.385065483080965,pieron
863,18_epo,28.999999999999996,8.371225429215126,pieron
864,18_epo,30.0,8.357876316764601,pieron
865,18_epo,31.0,8.344985211662006,pieron
866,18_epo,32.0,8.332522364340814,pieron
867,18_epo,33.0,8.320460813310671,pieron
868,18_epo,34.0,8.308776048443361,pieron
869,18_epo,35.0,8.297445723505243,pieron
870,18_epo,36.0,8.28644940954895,pieron
871,18_epo,37.0,8.275768382396363,pieron
872,18_epo,38.0,8.26538543871649,pieron
873,18_epo,39.0,8.255284736207846,pieron
874,18_epo,40.0,8.245451654195971,pieron
875,18_epo,41.0,8.23587267159845,pieron
876,18_epo,42.0,8.22653525972739,pieron
877,18_epo,43.0,8.217427787818673,pieron
878,18_epo,44.0,8.208539439519145,pieron
879,18_epo,45.0,8.199860138843068,pieron
880,18_epo,46.0,8.191380484339586,pieron
881,18_epo,47.0,8.183091690403675,pieron
882,18_epo,48.0,8.174985534821358,pieron
883,18_epo,49.0,8.167054311772086,pieron
884,18_epo,50.0,8.15929078962173,pieron
885,18_epo,51.0,8.151688172932749,pieron
886,18_epo,52.0,8.144240068196368,pieron
887,18_epo,53.0,8.136940452858255,pieron
888,18_epo,54.0,8.129783647265457,pieron
889,18_epo,55.00000000000001,8.12276428921057,pieron
890,18_epo,56.00000000000001,8.115877310790214,pieron
891,18_epo,56.99999999999999,8.10911791733016,pieron
892,18_epo,57.99999999999999,8.102481568159876,pieron
893,18_epo,59.0,8.09596395904526,pieron
894,18_epo,60.0,8.089561006111195,pieron
895,18_epo,61.0,8.083268831104943,pieron
896,18_epo,62.0,8.077083747868638,pieron
897,18_epo,63.0,8.0710022499039,pieron
898,18_epo,64.0,8.065020998924577,pieron
899,18_epo,65.0,8.059136814305006,pieron
900,18_epo,66.0,8.05334666334115,pieron
901,18_epo,67.0,8.047647652250683,pieron
902,18_epo,68.0,8.042037017845853,pieron
903,18_epo,69.0,8.03651211981975,pieron
904,18_epo,70.0,8.03107043359261,pieron
905,18_epo,71.0,8.025709543670118,pieron
906,18_epo,72.0,8.020427137470445,pieron
907,18_epo,73.0,8.015220999580903,pieron
908,18_epo,74.0,8.010089006408911,pieron
909,18_epo,75.0,8.005029121195236,pieron
910,18_epo,76.0,8.000039389360513,pieron
911,18_epo,77.0,7.995117934158739,pieron
912,18_epo,78.0,7.990262952613736,pieron
913,18_epo,79.0,7.985472711716821,pieron
914,18_epo,80.0,7.9807455448658375,pieron
915,18_epo,81.0,7.976079848527362,pieron
916,18_epo,82.0,7.971474079105605,pieron
917,18_epo,83.0,7.966926750002797,pieron
918,18_epo,84.0,7.962436428857227,pieron
919,18_epo,85.0,7.958001734946214,pieron
920,18_epo,86.0,7.9536213367423505,pieron
921,18_epo,87.0,7.949293949612305,pieron
922,18_epo,88.0,7.945018333648328,pieron
923,18_epo,89.0,7.9407932916234,pieron
924,18_epo,90.0,7.936617667061687,pieron
925,18_epo,91.0,7.932490342416551,pieron
926,18_epo,92.0,7.928410237349064,pieron
927,18_epo,93.0,7.924376307100429,pieron
928,18_epo,94.0,7.920387540952234,pieron
929,18_epo,95.0,7.9164429607689355,pieron
930,19_epo,3.0,7.5467887866837415,pieron
931,19_epo,4.0,7.546772953459006,pieron
932,19_epo,5.0,7.546760672278655,pieron
933,19_epo,6.0,7.546750637838508,pieron
934,19_epo,7.000000000000001,7.546742153850656,pieron
935,19_epo,8.0,7.546734804693808,pieron
936,19_epo,9.0,7.546728322283996,pieron
937,19_epo,10.0,7.546722523575539,pieron
938,19_epo,11.0,7.546717278009514,pieron
939,19_epo,12.0,7.546712489186114,pieron
940,19_epo,13.0,7.546708083898308,pieron
941,19_epo,14.000000000000002,7.54670400524115,pieron
942,19_epo,15.0,7.546700208104162,pieron
943,19_epo,16.0,7.546696656121453,pieron
944,19_epo,17.0,7.546693319548094,pieron
945,19_epo,18.0,7.546690173744407,pieron
946,19_epo,19.0,7.546687198070598,pieron
947,19_epo,20.0,7.546684375065263,pieron
948,19_epo,21.0,7.5466816898245295,pieron
949,19_epo,22.0,7.546679129525757,pieron
950,19_epo,23.0,7.546676683057201,pieron
951,19_epo,24.0,7.546674340726563,pieron
952,19_epo,25.0,7.54667209402906,pieron
953,19_epo,26.0,7.546669935461025,pieron
954,19_epo,27.0,7.546667858368687,pieron
955,19_epo,28.000000000000004,7.546665856824485,pieron
956,19_epo,28.999999999999996,7.546663925525084,pieron
957,19_epo,30.0,7.546662059706689,pieron
958,19_epo,31.0,7.546660255074257,pieron
959,19_epo,32.0,7.5466585077419355,pieron
960,19_epo,33.0,7.546656814182692,pieron
961,19_epo,34.0,7.546655171185445,pieron
962,19_epo,35.0,7.546653575818417,pieron
963,19_epo,36.0,7.54665202539766,pieron
964,19_epo,37.0,7.546650517459879,pieron
965,19_epo,38.0,7.5466490497388925,pieron
966,19_epo,39.0,7.546647620145149,pieron
967,19_epo,40.0,7.5466462267478285,pieron
968,19_epo,41.0,7.546644867759168,pieron
969,19_epo,42.0,7.546643541520668,pieron
970,19_epo,43.0,7.546642246490918,pieron
971,19_epo,44.0,7.546640981234836,pieron
972,19_epo,45.0,7.546639744414102,pieron
973,19_epo,46.0,7.546638534778648,pieron
974,19_epo,47.0,7.546637351159076,pieron
975,19_epo,48.0,7.546636192459851,pieron
976,19_epo,49.0,7.546635057653214,pieron
977,19_epo,50.0,7.546633945773706,pieron
978,19_epo,51.0,7.546632855913226,pieron
979,19_epo,52.0,7.5466317872165805,pieron
980,19_epo,53.0,7.546630738877455,pieron
981,19_epo,54.0,7.546629710134743,pieron
982,19_epo,55.00000000000001,7.546628700269251,pieron
983,19_epo,56.00000000000001,7.546627708600658,pieron
984,19_epo,56.99999999999999,7.546626734484774,pieron
985,19_epo,57.99999999999999,7.54662577731102,pieron
986,19_epo,59.0,7.546624836500133,pieron
987,19_epo,60.0,7.546623911502057,pieron
988,19_epo,61.0,7.5466230017940195,pieron
989,19_epo,62.0,7.546622106878747,pieron
990,19_epo,63.0,7.546621226282838,pieron
991,19_epo,64.0,7.546620359555259,pieron
992,19_epo,65.0,7.546619506265956,pieron
993,19_epo,66.0,7.546618666004576,pieron
994,19_epo,67.0,7.5466178383792775,pieron
995,19_epo,68.0,7.546617023015634,pieron
996,19_epo,69.0,7.546616219555623,pieron
997,19_epo,70.0,7.546615427656671,pieron
998,19_epo,71.0,7.54661464699079,pieron
999,19_epo,72.0,7.546613877243751,pieron
1000,19_epo,73.0,7.546613118114327,pieron
1001,19_epo,74.0,7.546612369313593,pieron
1002,19_epo,75.0,7.546611630564249,pieron
1003,19_epo,76.0,7.546610901600025,pieron
1004,19_epo,77.0,7.546610182165088,pieron
1005,19_epo,78.0,7.546609472013508,pieron
1006,19_epo,79.0,7.546608770908757,pieron
1007,19_epo,80.0,7.546608078623231,pieron
1008,19_epo,81.0,7.546607394937812,pieron
1009,19_epo,82.0,7.546606719641443,pieron
1010,19_epo,83.0,7.546606052530745,pieron
1011,19_epo,84.0,7.546605393409646,pieron
1012,19_epo,85.0,7.546604742089037,pieron
1013,19_epo,86.0,7.546604098386442,pieron
1014,19_epo,87.0,7.546603462125717,pieron
1015,19_epo,88.0,7.546602833136756,pieron
1016,19_epo,89.0,7.546602211255219,pieron
1017,19_epo,90.0,7.546601596322272,pieron
1018,19_epo,91.0,7.546600988184355,pieron
1019,19_epo,92.0,7.546600386692935,pieron
1020,19_epo,93.0,7.546599791704298,pieron
1021,19_epo,94.0,7.546599203079344,pieron
1022,19_epo,95.0,7.5465986206833895,pieron
1023,1_epo,3.0,7.323319521178633,pieron
1024,1_epo,4.0,7.323319521178633,pieron
1025,1_epo,5.0,7.323319521178633,pieron
1026,1_epo,6.0,7.323319521178633,pieron
1027,1_epo,7.000000000000001,7.323319521178633,pieron
1028,1_epo,8.0,7.323319521178633,pieron
1029,1_epo,9.0,7.323319521178633,pieron
1030,1_epo,10.0,7.323319521178633,pieron
1031,1_epo,11.0,7.323319521178633,pieron
1032,1_epo,12.0,7.323319521178633,pieron
1033,1_epo,13.0,7.323319521178633,pieron
1034,1_epo,14.000000000000002,7.323319521178633,pieron
1035,1_epo,15.0,7.323319521178633,pieron
1036,1_epo,16.0,7.323319521178633,pieron
1037,1_epo,17.0,7.323319521178633,pieron
1038,1_epo,18.0,7.323319521178633,pieron
1039,1_epo,19.0,7.323319521178633,pieron
1040,1_epo,20.0,7.323319521178633,pieron
1041,1_epo,21.0,7.323319521178633,pieron
1042,1_epo,22.0,7.323319521178633,pieron
1043,1_epo,23.0,7.323319521178633,pieron
1044,1_epo,24.0,7.323319521178633,pieron
1045,1_epo,25.0,7.323319521178633,pieron
1046,1_epo,26.0,7.323319521178633,pieron
1047,1_epo,27.0,7.323319521178633,pieron
1048,1_epo,28.000000000000004,7.323319521178633,pieron
1049,1_epo,28.999999999999996,7.323319521178633,pieron
1050,1_epo,30.0,7.323319521178633,pieron
1051,1_epo,31.0,7.323319521178633,pieron
1052,1_epo,32.0,7.323319521178633,pieron
1053,1_epo,33.0,7.323319521178633,pieron
1054,1_epo,34.0,7.323319521178633,pieron
1055,1_epo,35.0,7.323319521178633,pieron
1056,1_epo,36.0,7.323319521178633,pieron
1057,1_epo,37.0,7.323319521178633,pieron
1058,1_epo,38.0,7.323319521178633,pieron
1059,1_epo,39.0,7.323319521178633,pieron
1060,1_epo,40.0,7.323319521178633,pieron
1061,1_epo,41.0,7.323319521178633,pieron
1062,1_epo,42.0,7.323319521178633,pieron
1063,1_epo,43.0,7.323319521178633,pieron
1064,1_epo,44.0,7.323319521178633,pieron
1065,1_epo,45.0,7.323319521178633,pieron
1066,1_epo,46.0,7.323319521178633,pieron
1067,1_epo,47.0,7.323319521178633,pieron
1068,1_epo,48.0,7.323319521178633,pieron
1069,1_epo,49.0,7.323319521178633,pieron
1070,1_epo,50.0,7.323319521178633,pieron
1071,1_epo,51.0,7.323319521178633,pieron
1072,1_epo,52.0,7.323319521178633,pieron
1073,1_epo,53.0,7.323319521178633,pieron
1074,1_epo,54.0,7.323319521178633,pieron
1075,1_epo,55.00000000000001,7.323319521178633,pieron
1076,1_epo,56.00000000000001,7.323319521178633,pieron
1077,1_epo,56.99999999999999,7.323319521178633,pieron
1078,1_epo,57.99999999999999,7.323319521178633,pieron
1079,1_epo,59.0,7.323319521178633,pieron
1080,1_epo,60.0,7.323319521178633,pieron
1081,1_epo,61.0,7.323319521178633,pieron
1082,1_epo,62.0,7.323319521178633,pieron
1083,1_epo,63.0,7.323319521178633,pieron
1084,1_epo,64.0,7.323319521178633,pieron
1085,1_epo,65.0,7.323319521178633,pieron
1086,1_epo,66.0,7.323319521178633,pieron
1087,1_epo,67.0,7.323319521178633,pieron
1088,1_epo,68.0,7.323319521178633,pieron
1089,1_epo,69.0,7.323319521178633,pieron
1090,1_epo,70.0,7.323319521178633,pieron
1091,1_epo,71.0,7.323319521178633,pieron
1092,1_epo,72.0,7.323319521178633,pieron
1093,1_epo,73.0,7.323319521178633,pieron
1094,1_epo,74.0,7.323319521178633,pieron
1095,1_epo,75.0,7.323319521178633,pieron
1096,1_epo,76.0,7.323319521178633,pieron
1097,1_epo,77.0,7.323319521178633,pieron
1098,1_epo,78.0,7.323319521178633,pieron
1099,1_epo,79.0,7.323319521178633,pieron
1100,1_epo,80.0,7.323319521178633,pieron
1101,1_epo,81.0,7.323319521178633,pieron
1102,1_epo,82.0,7.323319521178633,pieron
1103,1_epo,83.0,7.323319521178633,pieron
1104,1_epo,84.0,7.323319521178633,pieron
1105,1_epo,85.0,7.323319521178633,pieron
1106,1_epo,86.0,7.323319521178633,pieron
1107,1_epo,87.0,7.323319521178633,pieron
1108,1_epo,88.0,7.323319521178633,pieron
1109,1_epo,89.0,7.323319521178633,pieron
1110,1_epo,90.0,7.323319521178633,pieron
1111,1_epo,91.0,7.323319521178633,pieron
1112,1_epo,92.0,7.323319521178633,pieron
1113,1_epo,93.0,7.323319521178633,pieron
1114,1_epo,94.0,7.323319521178633,pieron
1115,1_epo,95.0,7.323319521178633,pieron
1116,20_epo,3.0,8.184018342009518,pieron
1117,20_epo,4.0,8.184018342009518,pieron
1118,20_epo,5.0,8.184018342009518,pieron
1119,20_epo,6.0,8.184018342009518,pieron
1120,20_epo,7.000000000000001,8.184018342009518,pieron
1121,20_epo,8.0,8.184018342009518,pieron
1122,20_epo,9.0,8.184018342009518,pieron
1123,20_epo,10.0,8.184018342009518,pieron
1124,20_epo,11.0,8.184018342009518,pieron
1125,20_epo,12.0,8.184018342009518,pieron
1126,20_epo,13.0,8.184018342009518,pieron
1127,20_epo,14.000000000000002,8.184018342009518,pieron
1128,20_epo,15.0,8.184018342009518,pieron
1129,20_epo,16.0,8.184018342009518,pieron
1130,20_epo,17.0,8.184018342009518,pieron
1131,20_epo,18.0,8.184018342009518,pieron
1132,20_epo,19.0,8.184018342009518,pieron
1133,20_epo,20.0,8.184018342009518,pieron
1134,20_epo,21.0,8.184018342009518,pieron
1135,20_epo,22.0,8.184018342009518,pieron
1136,20_epo,23.0,8.184018342009518,pieron
1137,20_epo,24.0,8.184018342009518,pieron
1138,20_epo,25.0,8.184018342009518,pieron
1139,20_epo,26.0,8.184018342009518,pieron
1140,20_epo,27.0,8.184018342009518,pieron
1141,20_epo,28.000000000000004,8.184018342009518,pieron
1142,20_epo,28.999999999999996,8.184018342009518,pieron
1143,20_epo,30.0,8.184018342009518,pieron
1144,20_epo,31.0,8.184018342009518,pieron
1145,20_epo,32.0,8.184018342009518,pieron
1146,20_epo,33.0,8.184018342009518,pieron
1147,20_epo,34.0,8.184018342009518,pieron
1148,20_epo,35.0,8.184018342009518,pieron
1149,20_epo,36.0,8.184018342009518,pieron
1150,20_epo,37.0,8.184018342009518,pieron
1151,20_epo,38.0,8.184018342009518,pieron
1152,20_epo,39.0,8.184018342009518,pieron
1153,20_epo,40.0,8.184018342009518,pieron
1154,20_epo,41.0,8.184018342009518,pieron
1155,20_epo,42.0,8.184018342009518,pieron
1156,20_epo,43.0,8.184018342009518,pieron
1157,20_epo,44.0,8.184018342009518,pieron
1158,20_epo,45.0,8.184018342009518,pieron
1159,20_epo,46.0,8.184018342009518,pieron
1160,20_epo,47.0,8.184018342009518,pieron
1161,20_epo,48.0,8.184018342009518,pieron
1162,20_epo,49.0,8.184018342009518,pieron
1163,20_epo,50.0,8.184018342009518,pieron
1164,20_epo,51.0,8.184018342009518,pieron
1165,20_epo,52.0,8.184018342009518,pieron
1166,20_epo,53.0,8.184018342009518,pieron
1167,20_epo,54.0,8.184018342009518,pieron
1168,20_epo,55.00000000000001,8.184018342009518,pieron
1169,20_epo,56.00000000000001,8.184018342009518,pieron
1170,20_epo,56.99999999999999,8.184018342009518,pieron
1171,20_epo,57.99999999999999,8.184018342009518,pieron
1172,20_epo,59.0,8.184018342009518,pieron
1173,20_epo,60.0,8.184018342009518,pieron
1174,20_epo,61.0,8.184018342009518,pieron
1175,20_epo,62.0,8.184018342009518,pieron
1176,20_epo,63.0,8.184018342009518,pieron
1177,20_epo,64.0,8.184018342009518,pieron
1178,20_epo,65.0,8.184018342009518,pieron
1179,20_epo,66.0,8.184018342009518,pieron
1180,20_epo,67.0,8.184018342009518,pieron
1181,20_epo,68.0,8.184018342009518,pieron
1182,20_epo,69.0,8.184018342009518,pieron
1183,20_epo,70.0,8.184018342009518,pieron
1184,20_epo,71.0,8.184018342009518,pieron
1185,20_epo,72.0,8.184018342009518,pieron
1186,20_epo,73.0,8.184018342009518,pieron
1187,20_epo,74.0,8.184018342009518,pieron
1188,20_epo,75.0,8.184018342009518,pieron
1189,20_epo,76.0,8.184018342009518,pieron
1190,20_epo,77.0,8.184018342009518,pieron
1191,20_epo,78.0,8.184018342009518,pieron
1192,20_epo,79.0,8.184018342009518,pieron
1193,20_epo,80.0,8.184018342009518,pieron
1194,20_epo,81.0,8.184018342009518,pieron
1195,20_epo,82.0,8.184018342009518,pieron
1196,20_epo,83.0,8.184018342009518,pieron
1197,20_epo,84.0,8.184018342009518,pieron
1198,20_epo,85.0,8.184018342009518,pieron
1199,20_epo,86.0,8.184018342009518,pieron
1200,20_epo,87.0,8.184018342009518,pieron
1201,20_epo,88.0,8.184018342009518,pieron
1202,20_epo,89.0,8.184018342009518,pieron
1203,20_epo,90.0,8.184018342009518,pieron
1204,20_epo,91.0,8.184018342009518,pieron
1205,20_epo,92.0,8.184018342009518,pieron
1206,20_epo,93.0,8.184018342009518,pieron
1207,20_epo,94.0,8.184018342009518,pieron
1208,20_epo,95.0,8.184018342009518,pieron
1209,21_epo,3.0,8.267174848178106,pieron
1210,21_epo,4.0,8.267174848178106,pieron
1211,21_epo,5.0,8.267174848178106,pieron
1212,21_epo,6.0,8.267174848178106,pieron
1213,21_epo,7.000000000000001,8.267174848178106,pieron
1214,21_epo,8.0,8.267174848178106,pieron
1215,21_epo,9.0,8.267174848178106,pieron
1216,21_epo,10.0,8.267174848178106,pieron
1217,21_epo,11.0,8.267174848178106,pieron
1218,21_epo,12.0,8.267174848178106,pieron
1219,21_epo,13.0,8.267174848178106,pieron
1220,21_epo,14.000000000000002,8.267174848178106,pieron
1221,21_epo,15.0,8.267174848178106,pieron
1222,21_epo,16.0,8.267174848178106,pieron
1223,21_epo,17.0,8.267174848178106,pieron
1224,21_epo,18.0,8.267174848178106,pieron
1225,21_epo,19.0,8.267174848178106,pieron
1226,21_epo,20.0,8.267174848178106,pieron
1227,21_epo,21.0,8.267174848178106,pieron
1228,21_epo,22.0,8.267174848178106,pieron
1229,21_epo,23.0,8.267174848178106,pieron
1230,21_epo,24.0,8.267174848178106,pieron
1231,21_epo,25.0,8.267174848178106,pieron
1232,21_epo,26.0,8.267174848178106,pieron
1233,21_epo,27.0,8.267174848178106,pieron
1234,21_epo,28.000000000000004,8.267174848178106,pieron
1235,21_epo,28.999999999999996,8.267174848178106,pieron
1236,21_epo,30.0,8.267174848178106,pieron
1237,21_epo,31.0,8.267174848178106,pieron
1238,21_epo,32.0,8.267174848178106,pieron
1239,21_epo,33.0,8.267174848178106,pieron
1240,21_epo,34.0,8.267174848178106,pieron
1241,21_epo,35.0,8.267174848178106,pieron
1242,21_epo,36.0,8.267174848178106,pieron
1243,21_epo,37.0,8.267174848178106,pieron
1244,21_epo,38.0,8.267174848178106,pieron
1245,21_epo,39.0,8.267174848178106,pieron
1246,21_epo,40.0,8.267174848178106,pieron
1247,21_epo,41.0,8.267174848178106,pieron
1248,21_epo,42.0,8.267174848178106,pieron
1249,21_epo,43.0,8.267174848178106,pieron
1250,21_epo,44.0,8.267174848178106,pieron
1251,21_epo,45.0,8.267174848178106,pieron
1252,21_epo,46.0,8.267174848178106,pieron
1253,21_epo,47.0,8.267174848178106,pieron
1254,21_epo,48.0,8.267174848178106,pieron
1255,21_epo,49.0,8.267174848178106,pieron
1256,21_epo,50.0,8.267174848178106,pieron
1257,21_epo,51.0,8.267174848178106,pieron
1258,21_epo,52.0,8.267174848178106,pieron
1259,21_epo,53.0,8.267174848178106,pieron
1260,21_epo,54.0,8.267174848178106,pieron
1261,21_epo,55.00000000000001,8.267174848178106,pieron
1262,21_epo,56.00000000000001,8.267174848178106,pieron
1263,21_epo,56.99999999999999,8.267174848178106,pieron
1264,21_epo,57.99999999999999,8.267174848178106,pieron
1265,21_epo,59.0,8.267174848178106,pieron
1266,21_epo,60.0,8.267174848178106,pieron
1267,21_epo,61.0,8.267174848178106,pieron
1268,21_epo,62.0,8.267174848178106,pieron
1269,21_epo,63.0,8.267174848178106,pieron
1270,21_epo,64.0,8.267174848178106,pieron
1271,21_epo,65.0,8.267174848178106,pieron
1272,21_epo,66.0,8.267174848178106,pieron
1273,21_epo,67.0,8.267174848178106,pieron
1274,21_epo,68.0,8.267174848178106,pieron
1275,21_epo,69.0,8.267174848178106,pieron
1276,21_epo,70.0,8.267174848178106,pieron
1277,21_epo,71.0,8.267174848178106,pieron
1278,21_epo,72.0,8.267174848178106,pieron
1279,21_epo,73.0,8.267174848178106,pieron
1280,21_epo,74.0,8.267174848178106,pieron
1281,21_epo,75.0,8.267174848178106,pieron
1282,21_epo,76.0,8.267174848178106,pieron
1283,21_epo,77.0,8.267174848178106,pieron
1284,21_epo,78.0,8.267174848178106,pieron
1285,21_epo,79.0,8.267174848178106,pieron
1286,21_epo,80.0,8.267174848178106,pieron
1287,21_epo,81.0,8.267174848178106,pieron
1288,21_epo,82.0,8.267174848178106,pieron
1289,21_epo,83.0,8.267174848178106,pieron
1290,21_epo,84.0,8.267174848178106,pieron
1291,21_epo,85.0,8.267174848178106,pieron
1292,21_epo,86.0,8.267174848178106,pieron
1293,21_epo,87.0,8.267174848178106,pieron
1294,21_epo,88.0,8.267174848178106,pieron
1295,21_epo,89.0,8.267174848178106,pieron
1296,21_epo,90.0,8.267174848178106,pieron
1297,21_epo,91.0,8.267174848178106,pieron
1298,21_epo,92.0,8.267174848178106,pieron
1299,21_epo,93.0,8.267174848178106,pieron
1300,21_epo,94.0,8.267174848178106,pieron
1301,21_epo,95.0,8.267174848178106,pieron
1302,22_epo,3.0,8.925039551239685,pieron
1303,22_epo,4.0,8.925039551234617,pieron
1304,22_epo,5.0,8.925039551230684,pieron
1305,22_epo,6.0,8.92503955122747,pieron
1306,22_epo,7.000000000000001,8.925039551224755,pieron
1307,22_epo,8.0,8.925039551222403,pieron
1308,22_epo,9.0,8.925039551220326,pieron
1309,22_epo,10.0,8.925039551218472,pieron
1310,22_epo,11.0,8.92503955121679,pieron
1311,22_epo,12.0,8.925039551215256,pieron
1312,22_epo,13.0,8.925039551213846,pieron
1313,22_epo,14.000000000000002,8.925039551212542,pieron
1314,22_epo,15.0,8.925039551211324,pieron
1315,22_epo,16.0,8.925039551210189,pieron
1316,22_epo,17.0,8.92503955120912,pieron
1317,22_epo,18.0,8.925039551208112,pieron
1318,22_epo,19.0,8.92503955120716,pieron
1319,22_epo,20.0,8.925039551206256,pieron
1320,22_epo,21.0,8.925039551205396,pieron
1321,22_epo,22.0,8.925039551204575,pieron
1322,22_epo,23.0,8.925039551203794,pieron
1323,22_epo,24.0,8.925039551203042,pieron
1324,22_epo,25.0,8.925039551202323,pieron
1325,22_epo,26.0,8.925039551201634,pieron
1326,22_epo,27.0,8.925039551200967,pieron
1327,22_epo,28.000000000000004,8.925039551200328,pieron
1328,22_epo,28.999999999999996,8.925039551199708,pieron
1329,22_epo,30.0,8.92503955119911,pieron
1330,22_epo,31.0,8.925039551198534,pieron
1331,22_epo,32.0,8.925039551197974,pieron
1332,22_epo,33.0,8.925039551197433,pieron
1333,22_epo,34.0,8.925039551196905,pieron
1334,22_epo,35.0,8.925039551196395,pieron
1335,22_epo,36.0,8.9250395511959,pieron
1336,22_epo,37.0,8.925039551195415,pieron
1337,22_epo,38.0,8.925039551194946,pieron
1338,22_epo,39.0,8.925039551194487,pieron
1339,22_epo,40.0,8.925039551194041,pieron
1340,22_epo,41.0,8.925039551193608,pieron
1341,22_epo,42.0,8.92503955119318,pieron
1342,22_epo,43.0,8.925039551192768,pieron
1343,22_epo,44.0,8.925039551192363,pieron
1344,22_epo,45.0,8.925039551191967,pieron
1345,22_epo,46.0,8.92503955119158,pieron
1346,22_epo,47.0,8.9250395511912,pieron
1347,22_epo,48.0,8.925039551190828,pieron
1348,22_epo,49.0,8.925039551190466,pieron
1349,22_epo,50.0,8.92503955119011,pieron
1350,22_epo,51.0,8.925039551189762,pieron
1351,22_epo,52.0,8.925039551189418,pieron
1352,22_epo,53.0,8.925039551189084,pieron
1353,22_epo,54.0,8.925039551188753,pieron
1354,22_epo,55.00000000000001,8.925039551188432,pieron
1355,22_epo,56.00000000000001,8.925039551188114,pieron
1356,22_epo,56.99999999999999,8.925039551187801,pieron
1357,22_epo,57.99999999999999,8.925039551187494,pieron
1358,22_epo,59.0,8.925039551187192,pieron
1359,22_epo,60.0,8.925039551186897,pieron
1360,22_epo,61.0,8.925039551186606,pieron
1361,22_epo,62.0,8.925039551186318,pieron
1362,22_epo,63.0,8.925039551186037,pieron
1363,22_epo,64.0,8.92503955118576,pieron
1364,22_epo,65.0,8.925039551185485,pieron
1365,22_epo,66.0,8.925039551185218,pieron
1366,22_epo,67.0,8.925039551184954,pieron
1367,22_epo,68.0,8.92503955118469,pieron
1368,22_epo,69.0,8.925039551184435,pieron
1369,22_epo,70.0,8.925039551184181,pieron
1370,22_epo,71.0,8.92503955118393,pieron
1371,22_epo,72.0,8.925039551183685,pieron
1372,22_epo,73.0,8.92503955118344,pieron
1373,22_epo,74.0,8.9250395511832,pieron
1374,22_epo,75.0,8.925039551182964,pieron
1375,22_epo,76.0,8.925039551182731,pieron
1376,22_epo,77.0,8.925039551182502,pieron
1377,22_epo,78.0,8.925039551182275,pieron
1378,22_epo,79.0,8.92503955118205,pieron
1379,22_epo,80.0,8.925039551181829,pieron
1380,22_epo,81.0,8.92503955118161,pieron
1381,22_epo,82.0,8.925039551181394,pieron
1382,22_epo,83.0,8.925039551181179,pieron
1383,22_epo,84.0,8.925039551180967,pieron
1384,22_epo,85.0,8.92503955118076,pieron
1385,22_epo,86.0,8.925039551180554,pieron
1386,22_epo,87.0,8.92503955118035,pieron
1387,22_epo,88.0,8.925039551180149,pieron
1388,22_epo,89.0,8.92503955117995,pieron
1389,22_epo,90.0,8.925039551179752,pieron
1390,22_epo,91.0,8.925039551179557,pieron
1391,22_epo,92.0,8.925039551179365,pieron
1392,22_epo,93.0,8.925039551179175,pieron
1393,22_epo,94.0,8.925039551178985,pieron
1394,22_epo,95.0,8.9250395511788,pieron
1395,23_epo,3.0,7.70399304463499,pieron
1396,23_epo,4.0,7.70399304463499,pieron
1397,23_epo,5.0,7.70399304463499,pieron
1398,23_epo,6.0,7.70399304463499,pieron
1399,23_epo,7.000000000000001,7.70399304463499,pieron
1400,23_epo,8.0,7.70399304463499,pieron
1401,23_epo,9.0,7.70399304463499,pieron
1402,23_epo,10.0,7.70399304463499,pieron
1403,23_epo,11.0,7.70399304463499,pieron
1404,23_epo,12.0,7.70399304463499,pieron
1405,23_epo,13.0,7.70399304463499,pieron
1406,23_epo,14.000000000000002,7.70399304463499,pieron
1407,23_epo,15.0,7.70399304463499,pieron
1408,23_epo,16.0,7.70399304463499,pieron
1409,23_epo,17.0,7.70399304463499,pieron
1410,23_epo,18.0,7.70399304463499,pieron
1411,23_epo,19.0,7.70399304463499,pieron
1412,23_epo,20.0,7.70399304463499,pieron
1413,23_epo,21.0,7.70399304463499,pieron
1414,23_epo,22.0,7.703993044634988,pieron
1415,23_epo,23.0,7.703993044634988,pieron
1416,23_epo,24.0,7.703993044634988,pieron
1417,23_epo,25.0,7.703993044634988,pieron
1418,23_epo,26.0,7.703993044634988,pieron
1419,23_epo,27.0,7.703993044634988,pieron
1420,23_epo,28.000000000000004,7.703993044634988,pieron
1421,23_epo,28.999999999999996,7.703993044634988,pieron
1422,23_epo,30.0,7.703993044634988,pieron
1423,23_epo,31.0,7.703993044634988,pieron
1424,23_epo,32.0,7.703993044634988,pieron
1425,23_epo,33.0,7.703993044634988,pieron
1426,23_epo,34.0,7.703993044634988,pieron
1427,23_epo,35.0,7.703993044634988,pieron
1428,23_epo,36.0,7.703993044634988,pieron
1429,23_epo,37.0,7.703993044634988,pieron
1430,23_epo,38.0,7.703993044634988,pieron
1431,23_epo,39.0,7.703993044634988,pieron
1432,23_epo,40.0,7.703993044634988,pieron
1433,23_epo,41.0,7.703993044634988,pieron
1434,23_epo,42.0,7.703993044634988,pieron
1435,23_epo,43.0,7.703993044634988,pieron
1436,23_epo,44.0,7.703993044634988,pieron
1437,23_epo,45.0,7.703993044634988,pieron
1438,23_epo,46.0,7.703993044634988,pieron
1439,23_epo,47.0,7.703993044634988,pieron
1440,23_epo,48.0,7.703993044634988,pieron
1441,23_epo,49.0,7.703993044634988,pieron
1442,23_epo,50.0,7.703993044634988,pieron
1443,23_epo,51.0,7.703993044634988,pieron
1444,23_epo,52.0,7.703993044634988,pieron
1445,23_epo,53.0,7.703993044634988,pieron
1446,23_epo,54.0,7.703993044634988,pieron
1447,23_epo,55.00000000000001,7.703993044634988,pieron
1448,23_epo,56.00000000000001,7.703993044634988,pieron
1449,23_epo,56.99999999999999,7.703993044634988,pieron
1450,23_epo,57.99999999999999,7.703993044634988,pieron
1451,23_epo,59.0,7.703993044634988,pieron
1452,23_epo,60.0,7.703993044634988,pieron
1453,23_epo,61.0,7.703993044634988,pieron
1454,23_epo,62.0,7.703993044634988,pieron
1455,23_epo,63.0,7.703993044634988,pieron
1456,23_epo,64.0,7.703993044634988,pieron
1457,23_epo,65.0,7.703993044634988,pieron
1458,23_epo,66.0,7.703993044634988,pieron
1459,23_epo,67.0,7.703993044634988,pieron
1460,23_epo,68.0,7.703993044634988,pieron
1461,23_epo,69.0,7.703993044634988,pieron
1462,23_epo,70.0,7.703993044634988,pieron
1463,23_epo,71.0,7.703993044634988,pieron
1464,23_epo,72.0,7.703993044634988,pieron
1465,23_epo,73.0,7.703993044634988,pieron
1466,23_epo,74.0,7.703993044634988,pieron
1467,23_epo,75.0,7.703993044634988,pieron
1468,23_epo,76.0,7.703993044634988,pieron
1469,23_epo,77.0,7.703993044634988,pieron
1470,23_epo,78.0,7.703993044634988,pieron
1471,23_epo,79.0,7.703993044634988,pieron
1472,23_epo,80.0,7.703993044634988,pieron
1473,23_epo,81.0,7.703993044634988,pieron
1474,23_epo,82.0,7.703993044634988,pieron
1475,23_epo,83.0,7.703993044634988,pieron
1476,23_epo,84.0,7.703993044634988,pieron
1477,23_epo,85.0,7.703993044634988,pieron
1478,23_epo,86.0,7.703993044634988,pieron
1479,23_epo,87.0,7.703993044634988,pieron
1480,23_epo,88.0,7.703993044634988,pieron
1481,23_epo,89.0,7.703993044634988,pieron
1482,23_epo,90.0,7.703993044634988,pieron
1483,23_epo,91.0,7.703993044634988,pieron
1484,23_epo,92.0,7.703993044634988,pieron
1485,23_epo,93.0,7.703993044634988,pieron
1486,23_epo,94.0,7.703993044634988,pieron
1487,23_epo,95.0,7.703993044634988,pieron
1488,24_epo,3.0,8.39300237760681,pieron
1489,24_epo,4.0,8.33411302297489,pieron
1490,24_epo,5.0,8.288719589825652,pieron
1491,24_epo,6.0,8.251814050688864,pieron
1492,24_epo,7.000000000000001,8.220739090290644,pieron
1493,24_epo,8.0,8.19391534148747,pieron
1494,24_epo,9.0,8.170327776865253,pieron
1495,24_epo,10.0,8.149285523382176,pieron
1496,24_epo,11.0,8.130297179089826,pieron
1497,24_epo,12.0,8.113000814681303,pieron
1498,24_epo,13.0,8.097122197423056,pieron
1499,24_epo,14.000000000000002,8.082448601861396,pieron
1500,24_epo,15.0,8.068811713920889,pieron
1501,24_epo,16.0,8.056076086126533,pieron
1502,24_epo,17.0,8.044131113322068,pieron
1503,24_epo,18.0,8.032885315003858,pieron
1504,24_epo,19.0,8.022262172104483,pieron
1505,24_epo,20.0,8.012197037420014,pieron
1506,24_epo,21.0,8.002634803841847,pieron
1507,24_epo,22.0,7.9935281178628115,pieron
1508,24_epo,23.0,7.9848359922454115,pieron
1509,24_epo,24.0,7.976522715453673,pieron
1510,24_epo,25.0,7.968556984832051,pieron
1511,24_epo,26.0,7.960911210642628,pieron
1512,24_epo,27.0,7.953560952099991,pieron
1513,24_epo,28.000000000000004,7.946484456475023,pieron
1514,24_epo,28.999999999999996,7.939662279472537,pieron
1515,24_epo,30.0,7.933076970279691,pieron
1516,24_epo,31.0,7.926712808507638,pieron
1517,24_epo,32.0,7.920555583099082,pieron
1518,24_epo,33.0,7.914592405420946,pieron
1519,24_epo,34.0,7.908811550393223,pieron
1520,24_epo,35.0,7.903202320757396,pieron
1521,24_epo,36.0,7.897754930557034,pieron
1522,24_epo,37.0,7.892460404659015,pieron
1523,24_epo,38.0,7.887310491738164,pieron
1524,24_epo,39.0,7.8822975886183,pieron
1525,24_epo,40.0,7.877414674237506,pieron
1526,24_epo,41.0,7.872655251805877,pieron
1527,24_epo,42.0,7.868013297966386,pieron
1528,24_epo,43.0,7.863483217966101,pieron
1529,24_epo,44.0,7.859059806005332,pieron
1530,24_epo,45.0,7.854738210063681,pieron
1531,24_epo,46.0,7.850513900610215,pieron
1532,24_epo,47.0,7.846382642694509,pieron
1533,24_epo,48.0,7.842340470989803,pieron
1534,24_epo,49.0,7.838383667421502,pieron
1535,24_epo,50.0,7.834508741066447,pieron
1536,24_epo,51.0,7.830712410051967,pieron
1537,24_epo,52.0,7.82699158522088,pieron
1538,24_epo,53.0,7.823343355359717,pieron
1539,24_epo,54.0,7.819764973814196,pieron
1540,24_epo,55.00000000000001,7.816253846338564,pieron
1541,24_epo,56.00000000000001,7.812807520044908,pieron
1542,24_epo,56.99999999999999,7.809423673335129,pieron
1543,24_epo,57.99999999999999,7.806100106712626,pieron
1544,24_epo,59.0,7.802834734383121,pieron
1545,24_epo,60.0,7.799625576564677,pieron
1546,24_epo,61.0,7.796470752436354,pieron
1547,24_epo,62.0,7.793368473662905,pieron
1548,24_epo,63.0,7.790317038439985,pieron
1549,24_epo,64.0,7.78731482601053,pieron
1550,24_epo,65.0,7.78436029160824,pieron
1551,24_epo,66.0,7.781451961788964,pieron
1552,24_epo,67.0,7.77858843011476,pieron
1553,24_epo,68.0,7.775768353159227,pieron
1554,24_epo,69.0,7.7729904468058,pieron
1555,24_epo,70.0,7.7702534828136685,pieron
1556,24_epo,71.0,7.767556285628398,pieron
1557,24_epo,72.0,7.764897729416665,pieron
1558,24_epo,73.0,7.762276735306492,pieron
1559,24_epo,74.0,7.759692268816109,pieron
1560,24_epo,75.0,7.757143337456226,pieron
1561,24_epo,76.0,7.754628988491838,pieron
1562,24_epo,77.0,7.752148306851046,pieron
1563,24_epo,78.0,7.749700413169424,pieron
1564,24_epo,79.0,7.7472844619595636,pieron
1565,24_epo,80.0,7.744899639896292,pieron
1566,24_epo,81.0,7.742545164208898,pieron
1567,24_epo,82.0,7.740220281172498,pieron
1568,24_epo,83.0,7.737924264691246,pieron
1569,24_epo,84.0,7.735656414966818,pieron
1570,24_epo,85.0,7.733416057246027,pieron
1571,24_epo,86.0,7.731202540642078,pieron
1572,24_epo,87.0,7.729015237024245,pieron
1573,24_epo,88.0,7.726853539971323,pieron
1574,24_epo,89.0,7.7247168637844865,pieron
1575,24_epo,90.0,7.722604642555561,pieron
1576,24_epo,91.0,7.720516329287016,pieron
1577,24_epo,92.0,7.718451395060292,pieron
1578,24_epo,93.0,7.716409328249274,pieron
1579,24_epo,94.0,7.714389633776058,pieron
1580,24_epo,95.0,7.712391832406259,pieron
1581,25_epo,3.0,9.144973069868083,pieron
1582,25_epo,4.0,9.144973069868083,pieron
1583,25_epo,5.0,9.144973069868083,pieron
1584,25_epo,6.0,9.144973069868083,pieron
1585,25_epo,7.000000000000001,9.144973069868081,pieron
1586,25_epo,8.0,9.144973069868081,pieron
1587,25_epo,9.0,9.144973069868081,pieron
1588,25_epo,10.0,9.144973069868081,pieron
1589,25_epo,11.0,9.144973069868081,pieron
1590,25_epo,12.0,9.144973069868081,pieron
1591,25_epo,13.0,9.144973069868081,pieron
1592,25_epo,14.000000000000002,9.144973069868081,pieron
1593,25_epo,15.0,9.144973069868081,pieron
1594,25_epo,16.0,9.144973069868081,pieron
1595,25_epo,17.0,9.144973069868081,pieron
1596,25_epo,18.0,9.144973069868081,pieron
1597,25_epo,19.0,9.144973069868081,pieron
1598,25_epo,20.0,9.144973069868081,pieron
1599,25_epo,21.0,9.144973069868081,pieron
1600,25_epo,22.0,9.144973069868081,pieron
1601,25_epo,23.0,9.144973069868081,pieron
1602,25_epo,24.0,9.144973069868081,pieron
1603,25_epo,25.0,9.144973069868081,pieron
1604,25_epo,26.0,9.144973069868081,pieron
1605,25_epo,27.0,9.144973069868081,pieron
1606,25_epo,28.000000000000004,9.144973069868081,pieron
1607,25_epo,28.999999999999996,9.144973069868081,pieron
1608,25_epo,30.0,9.144973069868081,pieron
1609,25_epo,31.0,9.144973069868081,pieron
1610,25_epo,32.0,9.144973069868081,pieron
1611,25_epo,33.0,9.144973069868081,pieron
1612,25_epo,34.0,9.144973069868081,pieron
1613,25_epo,35.0,9.144973069868081,pieron
1614,25_epo,36.0,9.144973069868081,pieron
1615,25_epo,37.0,9.144973069868081,pieron
1616,25_epo,38.0,9.144973069868081,pieron
1617,25_epo,39.0,9.144973069868081,pieron
1618,25_epo,40.0,9.144973069868081,pieron
1619,25_epo,41.0,9.144973069868081,pieron
1620,25_epo,42.0,9.144973069868081,pieron
1621,25_epo,43.0,9.144973069868081,pieron
1622,25_epo,44.0,9.144973069868081,pieron
1623,25_epo,45.0,9.144973069868081,pieron
1624,25_epo,46.0,9.144973069868081,pieron
1625,25_epo,47.0,9.144973069868081,pieron
1626,25_epo,48.0,9.144973069868081,pieron
1627,25_epo,49.0,9.144973069868081,pieron
1628,25_epo,50.0,9.144973069868081,pieron
1629,25_epo,51.0,9.144973069868081,pieron
1630,25_epo,52.0,9.144973069868081,pieron
1631,25_epo,53.0,9.144973069868081,pieron
1632,25_epo,54.0,9.144973069868081,pieron
1633,25_epo,55.00000000000001,9.144973069868081,pieron
1634,25_epo,56.00000000000001,9.144973069868081,pieron
1635,25_epo,56.99999999999999,9.144973069868081,pieron
1636,25_epo,57.99999999999999,9.144973069868081,pieron
1637,25_epo,59.0,9.144973069868081,pieron
1638,25_epo,60.0,9.144973069868081,pieron
1639,25_epo,61.0,9.144973069868081,pieron
1640,25_epo,62.0,9.144973069868081,pieron
1641,25_epo,63.0,9.144973069868081,pieron
1642,25_epo,64.0,9.144973069868081,pieron
1643,25_epo,65.0,9.144973069868081,pieron
1644,25_epo,66.0,9.144973069868081,pieron
1645,25_epo,67.0,9.144973069868081,pieron
1646,25_epo,68.0,9.144973069868081,pieron
1647,25_epo,69.0,9.144973069868081,pieron
1648,25_epo,70.0,9.144973069868081,pieron
1649,25_epo,71.0,9.144973069868081,pieron
1650,25_epo,72.0,9.144973069868081,pieron
1651,25_epo,73.0,9.144973069868081,pieron
1652,25_epo,74.0,9.144973069868081,pieron
1653,25_epo,75.0,9.144973069868081,pieron
1654,25_epo,76.0,9.144973069868081,pieron
1655,25_epo,77.0,9.144973069868081,pieron
1656,25_epo,78.0,9.144973069868081,pieron
1657,25_epo,79.0,9.144973069868081,pieron
1658,25_epo,80.0,9.144973069868081,pieron
1659,25_epo,81.0,9.144973069868081,pieron
1660,25_epo,82.0,9.144973069868081,pieron
1661,25_epo,83.0,9.144973069868081,pieron
1662,25_epo,84.0,9.144973069868081,pieron
1663,25_epo,85.0,9.144973069868081,pieron
1664,25_epo,86.0,9.144973069868081,pieron
1665,25_epo,87.0,9.144973069868081,pieron
1666,25_epo,88.0,9.144973069868081,pieron
1667,25_epo,89.0,9.144973069868081,pieron
1668,25_epo,90.0,9.144973069868081,pieron
1669,25_epo,91.0,9.144973069868081,pieron
1670,25_epo,92.0,9.144973069868081,pieron
1671,25_epo,93.0,9.144973069868081,pieron
1672,25_epo,94.0,9.144973069868081,pieron
1673,25_epo,95.0,9.144973069868081,pieron
1674,2_epo,3.0,8.733443591320981,pieron
1675,2_epo,4.0,8.663477535227518,pieron
1676,2_epo,5.0,8.609593880744045,pieron
1677,2_epo,6.0,8.565816603428193,pieron
1678,2_epo,7.000000000000001,8.528977149861353,pieron
1679,2_epo,8.0,8.497193453957424,pieron
1680,2_epo,9.0,8.469256575689755,pieron
1681,2_epo,10.0,8.444344025504414,pieron
1682,2_epo,11.0,8.421871017456068,pieron
1683,2_epo,12.0,8.401406995572984,pieron
1684,2_epo,13.0,8.382625833833226,pieron
1685,2_epo,14.000000000000002,8.365274626968956,pieron
1686,2_epo,15.0,8.349153323778522,pieron
1687,2_epo,16.0,8.334100977394723,pieron
1688,2_epo,17.0,8.319986190870878,pieron
1689,2_epo,18.0,8.306700310840817,pieron
1690,2_epo,19.0,8.294152472703434,pieron
1691,2_epo,20.0,8.282265924360846,pieron
1692,2_epo,21.0,8.270975252208062,pieron
1693,2_epo,22.0,8.260224256208232,pieron
1694,2_epo,23.0,8.249964300037647,pieron
1695,2_epo,24.0,8.240153014368044,pieron
1696,2_epo,25.0,8.23075326635558,pieron
1697,2_epo,26.0,8.221732332379329,pieron
1698,2_epo,27.0,8.21306122777795,pieron
1699,2_epo,28.000000000000004,8.204714159158955,pieron
1700,2_epo,28.999999999999996,8.196668073347961,pieron
1701,2_epo,30.0,8.188902283225529,pieron
1702,2_epo,31.0,8.181398155252383,pieron
1703,2_epo,32.0,8.174138846875746,pieron
1704,2_epo,33.0,8.167109084563537,pieron
1705,2_epo,34.0,8.160294975154866,pieron
1706,2_epo,35.0,8.153683844704963,pieron
1707,2_epo,36.0,8.147264100155484,pieron
1708,2_epo,37.0,8.14102511006027,pieron
1709,2_epo,38.0,8.134957101303264,pieron
1710,2_epo,39.0,8.129051069304559,pieron
1711,2_epo,40.0,8.12329869965611,pieron
1712,2_epo,41.0,8.11769229948588,pieron
1713,2_epo,42.0,8.112224737137327,pieron
1714,2_epo,43.0,8.1068893889848,pieron
1715,2_epo,44.0,8.101680092396018,pieron
1716,2_epo,45.0,8.096591104008924,pieron
1717,2_epo,46.0,8.091617062618878,pieron
1718,2_epo,47.0,8.086752956078552,pieron
1719,2_epo,48.0,8.081994091701292,pieron
1720,2_epo,49.0,8.077336069732523,pieron
1721,2_epo,50.0,8.072774759515621,pieron
1722,2_epo,51.0,8.068306278030594,pieron
1723,2_epo,52.0,8.063926970527898,pieron
1724,2_epo,53.0,8.059633393016785,pieron
1725,2_epo,54.0,8.055422296399312,pieron
1726,2_epo,55.00000000000001,8.051290612067918,pieron
1727,2_epo,56.00000000000001,8.0472354388077,pieron
1728,2_epo,56.99999999999999,8.04325403086413,pieron
1729,2_epo,57.99999999999999,8.039343787054097,pieron
1730,2_epo,59.0,8.035502240812717,pieron
1731,2_epo,60.0,8.031727051081178,pieron
1732,2_epo,61.0,8.028015993951787,pieron
1733,2_epo,62.0,8.024366954996001,pieron
1734,2_epo,63.0,8.020777922209612,pieron
1735,2_epo,64.0,8.017246979516477,pieron
1736,2_epo,65.0,8.01377230077859,pieron
1737,2_epo,66.0,8.010352144265932,pieron
1738,2_epo,67.0,8.006984847544398,pieron
1739,2_epo,68.0,8.003668822744467,pieron
1740,2_epo,69.0,8.000402552177151,pieron
1741,2_epo,70.0,7.997184584267047,pieron
1742,2_epo,71.0,7.9940135297754225,pieron
1743,2_epo,72.0,7.9908880582888715,pieron
1744,2_epo,73.0,7.987806894951469,pieron
1745,2_epo,74.0,7.984768817420435,pieron
1746,2_epo,75.0,7.981772653027252,pieron
1747,2_epo,76.0,7.978817276127816,pieron
1748,2_epo,77.0,7.975901605626728,pieron
1749,2_epo,78.0,7.9730246026622,pieron
1750,2_epo,79.0,7.970185268439209,pieron
1751,2_epo,80.0,7.967382642199697,pieron
1752,2_epo,81.0,7.964615799319528,pieron
1753,2_epo,82.0,7.961883849522849,pieron
1754,2_epo,83.0,7.959185935205251,pieron
1755,2_epo,84.0,7.956521229857903,pieron
1756,2_epo,85.0,7.953888936585442,pieron
1757,2_epo,86.0,7.951288286711011,pieron
1758,2_epo,87.0,7.948718538462374,pieron
1759,2_epo,88.0,7.946178975733527,pieron
1760,2_epo,89.0,7.943668906916652,pieron
1761,2_epo,90.0,7.941187663799693,pieron
1762,2_epo,91.0,7.938734600525159,pieron
1763,2_epo,92.0,7.936309092606156,pieron
1764,2_epo,93.0,7.933910535995887,pieron
1765,2_epo,94.0,7.931538346207177,pieron
1766,2_epo,95.0,7.929191957478871,pieron
1767,3_epo,3.0,8.900760865797963,pieron
1768,3_epo,4.0,8.841983591367555,pieron
1769,3_epo,5.0,8.796659824064026,pieron
1770,3_epo,6.0,8.75980012642236,pieron
1771,3_epo,7.000000000000001,8.728756218640036,pieron
1772,3_epo,8.0,8.701953703655887,pieron
1773,3_epo,9.0,8.678380531013975,pieron
1774,3_epo,10.0,8.657347725746627,pieron
1775,3_epo,11.0,8.638365155422347,pieron
1776,3_epo,12.0,8.6210717726085,pieron
1777,3_epo,13.0,8.605193976266568,pieron
1778,3_epo,14.000000000000002,8.590519505064586,pieron
1779,3_epo,15.0,8.576880393277037,pieron
1780,3_epo,16.0,8.564141459672,pieron
1781,3_epo,17.0,8.55219230578234,pieron
1782,3_epo,18.0,8.540941613748458,pieron
1783,3_epo,19.0,8.53031299401239,pieron
1784,3_epo,20.0,8.520241903575599,pieron
1785,3_epo,21.0,8.510673319951245,pieron
1786,3_epo,22.0,8.501559958915633,pieron
1787,3_epo,23.0,8.492860890372123,pieron
1788,3_epo,24.0,8.484540450219349,pieron
1789,3_epo,25.0,8.476567375409267,pieron
1790,3_epo,26.0,8.46891410944911,pieron
1791,3_epo,27.0,8.461556239589006,pieron
1792,3_epo,28.000000000000004,8.454472036841109,pieron
1793,3_epo,28.999999999999996,8.447642077089881,pieron
1794,3_epo,30.0,8.4410489267315,pieron
1795,3_epo,31.0,8.43467688009542,pieron
1796,3_epo,32.0,8.428511738744271,pieron
1797,3_epo,33.0,8.422540624889145,pieron
1798,3_epo,34.0,8.416751822785235,pieron
1799,3_epo,35.0,8.411134643222093,pieron
1800,3_epo,36.0,8.40567930718947,pieron
1801,3_epo,37.0,8.400376845554062,pieron
1802,3_epo,38.0,8.3952190121752,pieron
1803,3_epo,39.0,8.390198208356816,pieron
1804,3_epo,40.0,8.385307416906935,pieron
1805,3_epo,41.0,8.380540144375745,pieron
1806,3_epo,42.0,8.37589037028518,pieron
1807,3_epo,43.0,8.371352502359109,pieron
1808,3_epo,44.0,8.366921336923252,pieron
1809,3_epo,45.0,8.362592023775022,pieron
1810,3_epo,46.0,8.358360034931641,pieron
1811,3_epo,47.0,8.3542211367541,pieron
1812,3_epo,48.0,8.35017136501891,pieron
1813,3_epo,49.0,8.346207002571603,pieron
1814,3_epo,50.0,8.342324559247768,pieron
1815,3_epo,51.0,8.338520753791215,pieron
1816,3_epo,52.0,8.334792497535723,pieron
1817,3_epo,53.0,8.331136879647968,pieron
1818,3_epo,54.0,8.327551153755959,pieron
1819,3_epo,55.00000000000001,8.324032725809804,pieron
1820,3_epo,56.00000000000001,8.32057914304111,pieron
1821,3_epo,56.99999999999999,8.317188083903865,pieron
1822,3_epo,57.99999999999999,8.31385734889403,pieron
1823,3_epo,59.0,8.310584852157373,pieron
1824,3_epo,60.0,8.307368613805687,pieron
1825,3_epo,61.0,8.304206752871002,pieron
1826,3_epo,62.0,8.301097480835159,pieron
1827,3_epo,63.0,8.298039095679425,pieron
1828,3_epo,64.0,8.295029976404754,pieron
1829,3_epo,65.0,8.292068577978768,pieron
1830,3_epo,66.0,8.289153426670223,pieron
1831,3_epo,67.0,8.286283115735863,pieron
1832,3_epo,68.0,8.283456301428211,pieron
1833,3_epo,69.0,8.280671699296102,pieron
1834,3_epo,70.0,8.277928080752556,pieron
1835,3_epo,71.0,8.27522426988719,pieron
1836,3_epo,72.0,8.272559140502528,pieron
1837,3_epo,73.0,8.269931613355661,pieron
1838,3_epo,74.0,8.267340653588372,pieron
1839,3_epo,75.0,8.264785268330543,pieron
1840,3_epo,76.0,8.262264504462983,pieron
1841,3_epo,77.0,8.259777446527146,pieron
1842,3_epo,78.0,8.257323214770322,pieron
1843,3_epo,79.0,8.254900963315892,pieron
1844,3_epo,80.0,8.2525098784492,pieron
1845,3_epo,81.0,8.250149177010357,pieron
1846,3_epo,82.0,8.247818104886123,pieron
1847,3_epo,83.0,8.24551593559356,pieron
1848,3_epo,84.0,8.243241968948926,pieron
1849,3_epo,85.0,8.240995529815672,pieron
1850,3_epo,86.0,8.238775966925974,pieron
1851,3_epo,87.0,8.236582651770727,pieron
1852,3_epo,88.0,8.234414977553214,pieron
1853,3_epo,89.0,8.232272358202202,pieron
1854,3_epo,90.0,8.230154227440387,pieron
1855,3_epo,91.0,8.228060037904564,pieron
1856,3_epo,92.0,8.225989260314071,pieron
1857,3_epo,93.0,8.223941382684412,pieron
1858,3_epo,94.0,8.221915909583101,pieron
1859,3_epo,95.0,8.219912361425072,pieron
1860,4_epo,3.0,7.22868546195635,pieron
1861,4_epo,4.0,7.22868546195635,pieron
1862,4_epo,5.0,7.22868546195635,pieron
1863,4_epo,6.0,7.22868546195635,pieron
1864,4_epo,7.000000000000001,7.22868546195635,pieron
1865,4_epo,8.0,7.22868546195635,pieron
1866,4_epo,9.0,7.22868546195635,pieron
1867,4_epo,10.0,7.22868546195635,pieron
1868,4_epo,11.0,7.22868546195635,pieron
1869,4_epo,12.0,7.22868546195635,pieron
1870,4_epo,13.0,7.22868546195635,pieron
1871,4_epo,14.000000000000002,7.22868546195635,pieron
1872,4_epo,15.0,7.22868546195635,pieron
1873,4_epo,16.0,7.22868546195635,pieron
1874,4_epo,17.0,7.22868546195635,pieron
1875,4_epo,18.0,7.22868546195635,pieron
1876,4_epo,19.0,7.22868546195635,pieron
1877,4_epo,20.0,7.22868546195635,pieron
1878,4_epo,21.0,7.22868546195635,pieron
1879,4_epo,22.0,7.22868546195635,pieron
1880,4_epo,23.0,7.22868546195635,pieron
1881,4_epo,24.0,7.22868546195635,pieron
1882,4_epo,25.0,7.22868546195635,pieron
1883,4_epo,26.0,7.22868546195635,pieron
1884,4_epo,27.0,7.22868546195635,pieron
1885,4_epo,28.000000000000004,7.22868546195635,pieron
1886,4_epo,28.999999999999996,7.22868546195635,pieron
1887,4_epo,30.0,7.22868546195635,pieron
1888,4_epo,31.0,7.22868546195635,pieron
1889,4_epo,32.0,7.22868546195635,pieron
1890,4_epo,33.0,7.22868546195635,pieron
1891,4_epo,34.0,7.22868546195635,pieron
1892,4_epo,35.0,7.22868546195635,pieron
1893,4_epo,36.0,7.22868546195635,pieron
1894,4_epo,37.0,7.22868546195635,pieron
1895,4_epo,38.0,7.22868546195635,pieron
1896,4_epo,39.0,7.22868546195635,pieron
1897,4_epo,40.0,7.22868546195635,pieron
1898,4_epo,41.0,7.22868546195635,pieron
1899,4_epo,42.0,7.22868546195635,pieron
1900,4_epo,43.0,7.22868546195635,pieron
1901,4_epo,44.0,7.22868546195635,pieron
1902,4_epo,45.0,7.22868546195635,pieron
1903,4_epo,46.0,7.22868546195635,pieron
1904,4_epo,47.0,7.22868546195635,pieron
1905,4_epo,48.0,7.22868546195635,pieron
1906,4_epo,49.0,7.22868546195635,pieron
1907,4_epo,50.0,7.22868546195635,pieron
1908,4_epo,51.0,7.22868546195635,pieron
1909,4_epo,52.0,7.22868546195635,pieron
1910,4_epo,53.0,7.22868546195635,pieron
1911,4_epo,54.0,7.22868546195635,pieron
1912,4_epo,55.00000000000001,7.22868546195635,pieron
1913,4_epo,56.00000000000001,7.22868546195635,pieron
1914,4_epo,56.99999999999999,7.22868546195635,pieron
1915,4_epo,57.99999999999999,7.22868546195635,pieron
1916,4_epo,59.0,7.22868546195635,pieron
1917,4_epo,60.0,7.22868546195635,pieron
1918,4_epo,61.0,7.22868546195635,pieron
1919,4_epo,62.0,7.22868546195635,pieron
1920,4_epo,63.0,7.22868546195635,pieron
1921,4_epo,64.0,7.22868546195635,pieron
1922,4_epo,65.0,7.22868546195635,pieron
1923,4_epo,66.0,7.22868546195635,pieron
1924,4_epo,67.0,7.22868546195635,pieron
1925,4_epo,68.0,7.22868546195635,pieron
1926,4_epo,69.0,7.22868546195635,pieron
1927,4_epo,70.0,7.22868546195635,pieron
1928,4_epo,71.0,7.22868546195635,pieron
1929,4_epo,72.0,7.22868546195635,pieron
1930,4_epo,73.0,7.22868546195635,pieron
1931,4_epo,74.0,7.22868546195635,pieron
1932,4_epo,75.0,7.22868546195635,pieron
1933,4_epo,76.0,7.22868546195635,pieron
1934,4_epo,77.0,7.22868546195635,pieron
1935,4_epo,78.0,7.22868546195635,pieron
1936,4_epo,79.0,7.22868546195635,pieron
1937,4_epo,80.0,7.22868546195635,pieron
1938,4_epo,81.0,7.22868546195635,pieron
1939,4_epo,82.0,7.22868546195635,pieron
1940,4_epo,83.0,7.22868546195635,pieron
1941,4_epo,84.0,7.22868546195635,pieron
1942,4_epo,85.0,7.22868546195635,pieron
1943,4_epo,86.0,7.22868546195635,pieron
1944,4_epo,87.0,7.22868546195635,pieron
1945,4_epo,88.0,7.22868546195635,pieron
1946,4_epo,89.0,7.22868546195635,pieron
1947,4_epo,90.0,7.22868546195635,pieron
1948,4_epo,91.0,7.22868546195635,pieron
1949,4_epo,92.0,7.22868546195635,pieron
1950,4_epo,93.0,7.22868546195635,pieron
1951,4_epo,94.0,7.22868546195635,pieron
1952,4_epo,95.0,7.22868546195635,pieron
1953,5_epo,3.0,8.533001808318176,pieron
1954,5_epo,4.0,8.533001808318176,pieron
1955,5_epo,5.0,8.533001808318176,pieron
1956,5_epo,6.0,8.533001808318176,pieron
1957,5_epo,7.000000000000001,8.533001808318176,pieron
1958,5_epo,8.0,8.533001808318176,pieron
1959,5_epo,9.0,8.533001808318176,pieron
1960,5_epo,10.0,8.533001808318176,pieron
1961,5_epo,11.0,8.533001808318176,pieron
1962,5_epo,12.0,8.533001808318176,pieron
1963,5_epo,13.0,8.533001808318176,pieron
1964,5_epo,14.000000000000002,8.533001808318176,pieron
1965,5_epo,15.0,8.533001808318176,pieron
1966,5_epo,16.0,8.533001808318176,pieron
1967,5_epo,17.0,8.533001808318176,pieron
1968,5_epo,18.0,8.533001808318176,pieron
1969,5_epo,19.0,8.533001808318176,pieron
1970,5_epo,20.0,8.533001808318176,pieron
1971,5_epo,21.0,8.533001808318176,pieron
1972,5_epo,22.0,8.533001808318176,pieron
1973,5_epo,23.0,8.533001808318176,pieron
1974,5_epo,24.0,8.533001808318176,pieron
1975,5_epo,25.0,8.533001808318176,pieron
1976,5_epo,26.0,8.533001808318176,pieron
1977,5_epo,27.0,8.533001808318176,pieron
1978,5_epo,28.000000000000004,8.533001808318176,pieron
1979,5_epo,28.999999999999996,8.533001808318176,pieron
1980,5_epo,30.0,8.533001808318176,pieron
1981,5_epo,31.0,8.533001808318176,pieron
1982,5_epo,32.0,8.533001808318176,pieron
1983,5_epo,33.0,8.533001808318176,pieron
1984,5_epo,34.0,8.533001808318176,pieron
1985,5_epo,35.0,8.533001808318176,pieron
1986,5_epo,36.0,8.533001808318176,pieron
1987,5_epo,37.0,8.533001808318176,pieron
1988,5_epo,38.0,8.533001808318176,pieron
1989,5_epo,39.0,8.533001808318176,pieron
1990,5_epo,40.0,8.533001808318176,pieron
1991,5_epo,41.0,8.533001808318176,pieron
1992,5_epo,42.0,8.533001808318176,pieron
1993,5_epo,43.0,8.533001808318176,pieron
1994,5_epo,44.0,8.533001808318176,pieron
1995,5_epo,45.0,8.533001808318176,pieron
1996,5_epo,46.0,8.533001808318176,pieron
1997,5_epo,47.0,8.533001808318176,pieron
1998,5_epo,48.0,8.533001808318176,pieron
1999,5_epo,49.0,8.533001808318176,pieron
2000,5_epo,50.0,8.533001808318176,pieron
2001,5_epo,51.0,8.533001808318176,pieron
2002,5_epo,52.0,8.533001808318176,pieron
2003,5_epo,53.0,8.533001808318176,pieron
2004,5_epo,54.0,8.533001808318176,pieron
2005,5_epo,55.00000000000001,8.533001808318176,pieron
2006,5_epo,56.00000000000001,8.533001808318176,pieron
2007,5_epo,56.99999999999999,8.533001808318176,pieron
2008,5_epo,57.99999999999999,8.533001808318176,pieron
2009,5_epo,59.0,8.533001808318176,pieron
2010,5_epo,60.0,8.533001808318176,pieron
2011,5_epo,61.0,8.533001808318176,pieron
2012,5_epo,62.0,8.533001808318176,pieron
2013,5_epo,63.0,8.533001808318176,pieron
2014,5_epo,64.0,8.533001808318176,pieron
2015,5_epo,65.0,8.533001808318176,pieron
2016,5_epo,66.0,8.533001808318176,pieron
2017,5_epo,67.0,8.533001808318176,pieron
2018,5_epo,68.0,8.533001808318176,pieron
2019,5_epo,69.0,8.533001808318176,pieron
2020,5_epo,70.0,8.533001808318176,pieron
2021,5_epo,71.0,8.533001808318176,pieron
2022,5_epo,72.0,8.533001808318176,pieron
2023,5_epo,73.0,8.533001808318176,pieron
2024,5_epo,74.0,8.533001808318176,pieron
2025,5_epo,75.0,8.533001808318176,pieron
2026,5_epo,76.0,8.533001808318176,pieron
2027,5_epo,77.0,8.533001808318176,pieron
2028,5_epo,78.0,8.533001808318176,pieron
2029,5_epo,79.0,8.533001808318176,pieron
2030,5_epo,80.0,8.533001808318176,pieron
2031,5_epo,81.0,8.533001808318176,pieron
2032,5_epo,82.0,8.533001808318176,pieron
2033,5_epo,83.0,8.533001808318176,pieron
2034,5_epo,84.0,8.533001808318176,pieron
2035,5_epo,85.0,8.533001808318176,pieron
2036,5_epo,86.0,8.533001808318176,pieron
2037,5_epo,87.0,8.533001808318176,pieron
2038,5_epo,88.0,8.533001808318176,pieron
2039,5_epo,89.0,8.533001808318176,pieron
2040,5_epo,90.0,8.533001808318176,pieron
2041,5_epo,91.0,8.533001808318176,pieron
2042,5_epo,92.0,8.533001808318176,pieron
2043,5_epo,93.0,8.533001808318176,pieron
2044,5_epo,94.0,8.533001808318176,pieron
2045,5_epo,95.0,8.533001808318176,pieron
2046,6_epo,3.0,8.626606308411198,pieron
2047,6_epo,4.0,8.626606308411198,pieron
2048,6_epo,5.0,8.626606308411198,pieron
2049,6_epo,6.0,8.626606308411198,pieron
2050,6_epo,7.000000000000001,8.626606308411198,pieron
2051,6_epo,8.0,8.626606308411198,pieron
2052,6_epo,9.0,8.626606308411198,pieron
2053,6_epo,10.0,8.626606308411198,pieron
2054,6_epo,11.0,8.626606308411198,pieron
2055,6_epo,12.0,8.626606308411198,pieron
2056,6_epo,13.0,8.626606308411198,pieron
2057,6_epo,14.000000000000002,8.626606308411198,pieron
2058,6_epo,15.0,8.626606308411198,pieron
2059,6_epo,16.0,8.626606308411198,pieron
2060,6_epo,17.0,8.626606308411198,pieron
2061,6_epo,18.0,8.626606308411198,pieron
2062,6_epo,19.0,8.626606308411198,pieron
2063,6_epo,20.0,8.626606308411198,pieron
2064,6_epo,21.0,8.626606308411198,pieron
2065,6_epo,22.0,8.626606308411198,pieron
2066,6_epo,23.0,8.626606308411198,pieron
2067,6_epo,24.0,8.626606308411198,pieron
2068,6_epo,25.0,8.626606308411198,pieron
2069,6_epo,26.0,8.626606308411198,pieron
2070,6_epo,27.0,8.626606308411198,pieron
2071,6_epo,28.000000000000004,8.626606308411198,pieron
2072,6_epo,28.999999999999996,8.626606308411198,pieron
2073,6_epo,30.0,8.626606308411198,pieron
2074,6_epo,31.0,8.626606308411198,pieron
2075,6_epo,32.0,8.626606308411198,pieron
2076,6_epo,33.0,8.626606308411198,pieron
2077,6_epo,34.0,8.626606308411198,pieron
2078,6_epo,35.0,8.626606308411198,pieron
2079,6_epo,36.0,8.626606308411198,pieron
2080,6_epo,37.0,8.626606308411198,pieron
2081,6_epo,38.0,8.626606308411198,pieron
2082,6_epo,39.0,8.626606308411198,pieron
2083,6_epo,40.0,8.626606308411198,pieron
2084,6_epo,41.0,8.626606308411198,pieron
2085,6_epo,42.0,8.626606308411198,pieron
2086,6_epo,43.0,8.626606308411198,pieron
2087,6_epo,44.0,8.626606308411198,pieron
2088,6_epo,45.0,8.626606308411198,pieron
2089,6_epo,46.0,8.626606308411198,pieron
2090,6_epo,47.0,8.626606308411198,pieron
2091,6_epo,48.0,8.626606308411198,pieron
2092,6_epo,49.0,8.626606308411198,pieron
2093,6_epo,50.0,8.626606308411198,pieron
2094,6_epo,51.0,8.626606308411198,pieron
2095,6_epo,52.0,8.626606308411198,pieron
2096,6_epo,53.0,8.626606308411198,pieron
2097,6_epo,54.0,8.626606308411198,pieron
2098,6_epo,55.00000000000001,8.626606308411198,pieron
2099,6_epo,56.00000000000001,8.626606308411198,pieron
2100,6_epo,56.99999999999999,8.626606308411198,pieron
2101,6_epo,57.99999999999999,8.626606308411198,pieron
2102,6_epo,59.0,8.626606308411198,pieron
2103,6_epo,60.0,8.626606308411198,pieron
2104,6_epo,61.0,8.626606308411198,pieron
2105,6_epo,62.0,8.626606308411198,pieron
2106,6_epo,63.0,8.626606308411198,pieron
2107,6_epo,64.0,8.626606308411198,pieron
2108,6_epo,65.0,8.626606308411198,pieron
2109,6_epo,66.0,8.626606308411198,pieron
2110,6_epo,67.0,8.626606308411198,pieron
2111,6_epo,68.0,8.626606308411198,pieron
2112,6_epo,69.0,8.626606308411198,pieron
2113,6_epo,70.0,8.626606308411198,pieron
2114,6_epo,71.0,8.626606308411198,pieron
2115,6_epo,72.0,8.626606308411198,pieron
2116,6_epo,73.0,8.626606308411198,pieron
2117,6_epo,74.0,8.626606308411198,pieron
2118,6_epo,75.0,8.626606308411198,pieron
2119,6_epo,76.0,8.626606308411198,pieron
2120,6_epo,77.0,8.626606308411198,pieron
2121,6_epo,78.0,8.626606308411198,pieron
2122,6_epo,79.0,8.626606308411198,pieron
2123,6_epo,80.0,8.626606308411198,pieron
2124,6_epo,81.0,8.626606308411198,pieron
2125,6_epo,82.0,8.626606308411198,pieron
2126,6_epo,83.0,8.626606308411198,pieron
2127,6_epo,84.0,8.626606308411198,pieron
2128,6_epo,85.0,8.626606308411198,pieron
2129,6_epo,86.0,8.626606308411198,pieron
2130,6_epo,87.0,8.626606308411198,pieron
2131,6_epo,88.0,8.626606308411198,pieron
2132,6_epo,89.0,8.626606308411198,pieron
2133,6_epo,90.0,8.626606308411198,pieron
2134,6_epo,91.0,8.626606308411198,pieron
2135,6_epo,92.0,8.626606308411198,pieron
2136,6_epo,93.0,8.626606308411198,pieron
2137,6_epo,94.0,8.626606308411198,pieron
2138,6_epo,95.0,8.626606308411198,pieron
2139,7_epo,3.0,8.971256996164719,pieron
2140,7_epo,4.0,8.971256996164719,pieron
2141,7_epo,5.0,8.971256996164719,pieron
2142,7_epo,6.0,8.971256996164719,pieron
2143,7_epo,7.000000000000001,8.971256996164719,pieron
2144,7_epo,8.0,8.971256996164719,pieron
2145,7_epo,9.0,8.971256996164719,pieron
2146,7_epo,10.0,8.971256996164719,pieron
2147,7_epo,11.0,8.971256996164719,pieron
2148,7_epo,12.0,8.971256996164719,pieron
2149,7_epo,13.0,8.971256996164719,pieron
2150,7_epo,14.000000000000002,8.971256996164719,pieron
2151,7_epo,15.0,8.971256996164719,pieron
2152,7_epo,16.0,8.971256996164719,pieron
2153,7_epo,17.0,8.971256996164719,pieron
2154,7_epo,18.0,8.971256996164719,pieron
2155,7_epo,19.0,8.971256996164719,pieron
2156,7_epo,20.0,8.971256996164719,pieron
2157,7_epo,21.0,8.971256996164719,pieron
2158,7_epo,22.0,8.971256996164719,pieron
2159,7_epo,23.0,8.971256996164719,pieron
2160,7_epo,24.0,8.971256996164719,pieron
2161,7_epo,25.0,8.971256996164719,pieron
2162,7_epo,26.0,8.971256996164719,pieron
2163,7_epo,27.0,8.971256996164719,pieron
2164,7_epo,28.000000000000004,8.971256996164719,pieron
2165,7_epo,28.999999999999996,8.971256996164719,pieron
2166,7_epo,30.0,8.971256996164719,pieron
2167,7_epo,31.0,8.971256996164719,pieron
2168,7_epo,32.0,8.971256996164719,pieron
2169,7_epo,33.0,8.971256996164719,pieron
2170,7_epo,34.0,8.971256996164719,pieron
2171,7_epo,35.0,8.971256996164719,pieron
2172,7_epo,36.0,8.971256996164719,pieron
2173,7_epo,37.0,8.971256996164719,pieron
2174,7_epo,38.0,8.971256996164719,pieron
2175,7_epo,39.0,8.971256996164719,pieron
2176,7_epo,40.0,8.971256996164719,pieron
2177,7_epo,41.0,8.971256996164719,pieron
2178,7_epo,42.0,8.971256996164719,pieron
2179,7_epo,43.0,8.971256996164719,pieron
2180,7_epo,44.0,8.971256996164719,pieron
2181,7_epo,45.0,8.971256996164719,pieron
2182,7_epo,46.0,8.971256996164719,pieron
2183,7_epo,47.0,8.971256996164719,pieron
2184,7_epo,48.0,8.971256996164719,pieron
2185,7_epo,49.0,8.971256996164719,pieron
2186,7_epo,50.0,8.971256996164719,pieron
2187,7_epo,51.0,8.971256996164719,pieron
2188,7_epo,52.0,8.971256996164719,pieron
2189,7_epo,53.0,8.971256996164719,pieron
2190,7_epo,54.0,8.971256996164719,pieron
2191,7_epo,55.00000000000001,8.971256996164719,pieron
2192,7_epo,56.00000000000001,8.971256996164719,pieron
2193,7_epo,56.99999999999999,8.971256996164719,pieron
2194,7_epo,57.99999999999999,8.971256996164719,pieron
2195,7_epo,59.0,8.971256996164719,pieron
2196,7_epo,60.0,8.971256996164719,pieron
2197,7_epo,61.0,8.971256996164719,pieron
2198,7_epo,62.0,8.971256996164719,pieron
2199,7_epo,63.0,8.971256996164719,pieron
2200,7_epo,64.0,8.971256996164719,pieron
2201,7_epo,65.0,8.971256996164719,pieron
2202,7_epo,66.0,8.971256996164719,pieron
2203,7_epo,67.0,8.971256996164719,pieron
2204,7_epo,68.0,8.971256996164719,pieron
2205,7_epo,69.0,8.971256996164719,pieron
2206,7_epo,70.0,8.971256996164719,pieron
2207,7_epo,71.0,8.971256996164719,pieron
2208,7_epo,72.0,8.971256996164719,pieron
2209,7_epo,73.0,8.971256996164719,pieron
2210,7_epo,74.0,8.971256996164719,pieron
2211,7_epo,75.0,8.971256996164719,pieron
2212,7_epo,76.0,8.971256996164719,pieron
2213,7_epo,77.0,8.971256996164719,pieron
2214,7_epo,78.0,8.971256996164719,pieron
2215,7_epo,79.0,8.971256996164719,pieron
2216,7_epo,80.0,8.971256996164719,pieron
2217,7_epo,81.0,8.971256996164719,pieron
2218,7_epo,82.0,8.971256996164719,pieron
2219,7_epo,83.0,8.971256996164719,pieron
2220,7_epo,84.0,8.971256996164719,pieron
2221,7_epo,85.0,8.971256996164719,pieron
2222,7_epo,86.0,8.971256996164719,pieron
2223,7_epo,87.0,8.971256996164719,pieron
2224,7_epo,88.0,8.971256996164719,pieron
2225,7_epo,89.0,8.971256996164719,pieron
2226,7_epo,90.0,8.971256996164719,pieron
2227,7_epo,91.0,8.971256996164719,pieron
2228,7_epo,92.0,8.971256996164719,pieron
2229,7_epo,93.0,8.971256996164719,pieron
2230,7_epo,94.0,8.971256996164719,pieron
2231,7_epo,95.0,8.971256996164719,pieron
2232,8_epo,3.0,9.285674759230343,pieron
2233,8_epo,4.0,9.263023098138586,pieron
2234,8_epo,5.0,9.245491164664495,pieron
2235,8_epo,6.0,9.231191166843988,pieron
2236,8_epo,7.000000000000001,9.219117947956311,pieron
2237,8_epo,8.0,9.208672414119343,pieron
2238,8_epo,9.0,9.199468624443185,pieron
2239,8_epo,10.0,9.191243349068058,pieron
2240,8_epo,11.0,9.183809018022641,pieron
2241,8_epo,12.0,9.177027256324193,pieron
2242,8_epo,13.0,9.170793062815932,pieron
2243,8_epo,14.000000000000002,9.16502487691278,pieron
2244,8_epo,15.0,9.159658085412795,pieron
2245,8_epo,16.0,9.154640632128315,pieron
2246,8_epo,17.0,9.14992996275566,pieron
2247,8_epo,18.0,9.145490845584737,pieron
2248,8_epo,19.0,9.141293783071667,pieron
2249,8_epo,20.0,9.137313831920514,pieron
2250,8_epo,21.0,9.133529711770223,pieron
2251,8_epo,22.0,9.129923121729032,pieron
2252,8_epo,23.0,9.126478209188376,pieron
2253,8_epo,24.0,9.1231811519412,pieron
2254,8_epo,25.0,9.120019825791424,pieron
2255,8_epo,26.0,9.116983537493347,pieron
2256,8_epo,27.0,9.11406280819697,pieron
2257,8_epo,28.000000000000004,9.111249196356216,pieron
2258,8_epo,28.999999999999996,9.108535151774985,pieron
2259,8_epo,30.0,9.105913894445099,pieron
2260,8_epo,31.0,9.103379313289416,pieron
2261,8_epo,32.0,9.100925881011422,pieron
2262,8_epo,33.0,9.098548582072077,pieron
2263,8_epo,34.0,9.096242851438422,pieron
2264,8_epo,35.0,9.09400452222726,pieron
2265,8_epo,36.0,9.091829780737655,pieron
2266,8_epo,37.0,9.089715127655634,pieron
2267,8_epo,38.0,9.087657344441752,pieron
2268,8_epo,39.0,9.085653464092385,pieron
2269,8_epo,40.0,9.08370074560929,pieron
2270,8_epo,41.0,9.081796651627112,pieron
2271,8_epo,42.0,9.079938828741493,pieron
2272,8_epo,43.0,9.078125090155908,pieron
2273,8_epo,44.0,9.076353400326873,pieron
2274,8_epo,45.0,9.074621861337594,pieron
2275,8_epo,46.0,9.072928700771866,pieron
2276,8_epo,47.0,9.07127226089421,pieron
2277,8_epo,48.0,9.069650988971068,pieron
2278,8_epo,49.0,9.068063428591635,pieron
2279,8_epo,50.0,9.066508211866978,pieron
2280,8_epo,51.0,9.064984052402915,pieron
2281,8_epo,52.0,9.063489738956397,pieron
2282,8_epo,53.0,9.062024129697114,pieron
2283,8_epo,54.0,9.06058614700637,pieron
2284,8_epo,55.00000000000001,9.059174772753996,pieron
2285,8_epo,56.00000000000001,9.0577890440015,pieron
2286,8_epo,56.99999999999999,9.056428049086193,pieron
2287,8_epo,57.99999999999999,9.055090924046377,pieron
2288,8_epo,59.0,9.053776849352667,pieron
2289,8_epo,60.0,9.052485046914438,pieron
2290,8_epo,61.0,9.051214777334144,pieron
2291,8_epo,62.0,9.04996533738523,pieron
2292,8_epo,63.0,9.048736057692183,pieron
2293,8_epo,64.0,9.04752630059358,pieron
2294,8_epo,65.0,9.046335458171066,pieron
2295,8_epo,66.0,9.045162950429065,pieron
2296,8_epo,67.0,9.044008223611604,pieron
2297,8_epo,68.0,9.042870748644017,pieron
2298,8_epo,69.0,9.041750019688601,pieron
2299,8_epo,70.0,9.040645552804369,pieron
2300,8_epo,71.0,9.039556884701996,pieron
2301,8_epo,72.0,9.038483571586031,pieron
2302,8_epo,73.0,9.037425188077037,pieron
2303,8_epo,74.0,9.036381326207225,pieron
2304,8_epo,75.0,9.0353515944836,pieron
2305,8_epo,76.0,9.034335617013245,pieron
2306,8_epo,77.0,9.0333330326859,pieron
2307,8_epo,78.0,9.032343494409329,pieron
2308,8_epo,79.0,9.031366668393536,pieron
2309,8_epo,80.0,9.030402233480007,pieron
2310,8_epo,81.0,9.02944988051274,pieron
2311,8_epo,82.0,9.02850931174789,pieron
2312,8_epo,83.0,9.027580240299288,pieron
2313,8_epo,84.0,9.026662389617192,pieron
2314,8_epo,85.0,9.025755492997954,pieron
2315,8_epo,86.0,9.024859293122395,pieron
2316,8_epo,87.0,9.023973541620922,pieron
2317,8_epo,88.0,9.023097998663534,pieron
2318,8_epo,89.0,9.022232432573022,pieron
2319,8_epo,90.0,9.021376619459833,pieron
2320,8_epo,91.0,9.020530342877127,pieron
2321,8_epo,92.0,9.019693393494713,pieron
2322,8_epo,93.0,9.018865568790671,pieron
2323,8_epo,94.0,9.018046672759443,pieron
2324,8_epo,95.0,9.017236515635433,pieron
2325,9_epo,3.0,8.105052157982573,pieron
2326,9_epo,4.0,8.071471966290206,pieron
2327,9_epo,5.0,8.045520986014594,pieron
2328,9_epo,6.0,8.024379440032734,pieron
2329,9_epo,7.000000000000001,8.006547865370141,pieron
2330,9_epo,8.0,7.991133484972074,pieron
2331,9_epo,9.0,7.97756167233709,pieron
2332,9_epo,10.0,7.965440804837102,pieron
2333,9_epo,11.0,7.954492012029012,pieron
2334,9_epo,12.0,7.944509688836785,pieron
2335,9_epo,13.0,7.935337904389963,pieron
2336,9_epo,14.000000000000002,7.926855598731394,pieron
2337,9_epo,15.0,7.918966911125921,pieron
2338,9_epo,16.0,7.911594643621405,pieron
2339,9_epo,17.0,7.904675714508136,pieron
2340,9_epo,18.0,7.898157916485125,pieron
2341,9_epo,19.0,7.891997554666712,pieron
2342,9_epo,20.0,7.886157692665901,pieron
2343,9_epo,21.0,7.880606828125303,pieron
2344,9_epo,22.0,7.875317877425984,pieron
2345,9_epo,23.0,7.8702673868453665,pieron
2346,9_epo,24.0,7.865434912156159,pieron
2347,9_epo,25.0,7.8608025252828675,pieron
2348,9_epo,26.0,7.856354418026209,pieron
2349,9_epo,27.0,7.852076580810399,pieron
2350,9_epo,28.000000000000004,7.847956540035547,pieron
2351,9_epo,28.999999999999996,7.843983141660777,pieron
2352,9_epo,30.0,7.840146371587976,pieron
2353,9_epo,31.0,7.836437205585955,pieron
2354,9_epo,32.0,7.832847483112422,pieron
2355,9_epo,33.0,7.829369800609571,pieron
2356,9_epo,34.0,7.825997420775827,pieron
2357,9_epo,35.0,7.8227241950277335,pieron
2358,9_epo,36.0,7.8195444969166426,pieron
2359,9_epo,37.0,7.816453164694543,pieron
2360,9_epo,38.0,7.813445451561317,pieron
2361,9_epo,39.0,7.8105169823931435,pieron
2362,9_epo,40.0,7.807663715964984,pieron
2363,9_epo,41.0,7.804881911851083,pieron
2364,9_epo,42.0,7.802168101325402,pieron
2365,9_epo,43.0,7.79951906169584,pieron
2366,9_epo,44.0,7.79693179359737,pieron
2367,9_epo,45.0,7.794403500844149,pieron
2368,9_epo,46.0,7.791931572502275,pieron
2369,9_epo,47.0,7.789513566895937,pieron
2370,9_epo,48.0,7.787147197302127,pieron
2371,9_epo,49.0,7.784830319124475,pieron
2372,9_epo,50.0,7.782560918366501,pieron
2373,9_epo,51.0,7.780337101249473,pieron
2374,9_epo,52.0,7.7781570848412285,pieron
2375,9_epo,53.0,7.776019188580085,pieron
2376,9_epo,54.0,7.773921826593256,pieron
2377,9_epo,55.00000000000001,7.771863500722045,pieron
2378,9_epo,56.00000000000001,7.769842794177252,pieron
2379,9_epo,56.99999999999999,7.7678583657576725,pieron
2380,9_epo,57.99999999999999,7.765908944572822,pieron
2381,9_epo,59.0,7.7639933252180064,pieron
2382,9_epo,60.0,7.762110363356043,pieron
2383,9_epo,61.0,7.760258971665173,pieron
2384,9_epo,62.0,7.7584381161173885,pieron
2385,9_epo,63.0,7.756646812555348,pieron
2386,9_epo,64.0,7.754884123539605,pieron
2387,9_epo,65.0,7.753149155440948,pieron
2388,9_epo,66.0,7.751441055755351,pieron
2389,9_epo,67.0,7.7497590106213785,pieron
2390,9_epo,68.0,7.748102242522023,pieron
2391,9_epo,69.0,7.7464700081547795,pieron
2392,9_epo,70.0,7.7448615964553955,pieron
2393,9_epo,71.0,7.743276326762176,pieron
2394,9_epo,72.0,7.741713547109037,pieron
2395,9_epo,73.0,7.740172632636622,pieron
2396,9_epo,74.0,7.738652984111807,pieron
2397,9_epo,75.0,7.737154026546865,pieron
2398,9_epo,76.0,7.735675207910329,pieron
2399,9_epo,77.0,7.734215997922365,pieron
2400,9_epo,78.0,7.7327758869280805,pieron
2401,9_epo,79.0,7.731354384842806,pieron
2402,9_epo,80.0,7.729951020163897,pieron
2403,9_epo,81.0,7.728565339044103,pieron
2404,9_epo,82.0,7.727196904421928,pieron
2405,9_epo,83.0,7.725845295204871,pieron
2406,9_epo,84.0,7.724510105501705,pieron
2407,9_epo,85.0,7.723190943900301,pieron
2408,9_epo,86.0,7.7218874327878275,pieron
2409,9_epo,87.0,7.720599207710348,pieron
2410,9_epo,88.0,7.71932591676911,pieron
2411,9_epo,89.0,7.718067220051056,pieron
2412,9_epo,90.0,7.7168227890912275,pieron
2413,9_epo,91.0,7.715592306364961,pieron
2414,9_epo,92.0,7.714375464807911,pieron
2415,9_epo,93.0,7.7131719673621,pieron
2416,9_epo,94.0,7.711981526546296,pieron
2417,9_epo,95.0,7.710803864049205,pieron
