,participant,contrast,mrt,name
0,0_epo,3.0,93.58068967059982,fechner
1,0_epo,4.0,102.6141876499787,fechner
2,0_epo,5.0,105.34887708054957,fechner
3,0_epo,6.0,106.6232485306331,fechner
4,0_epo,7.000000000000001,107.33443149657596,fechner
5,0_epo,8.0,107.77555736456227,fechner
6,0_epo,9.0,108.06932591502989,fechner
7,0_epo,10.0,108.27532881552219,fechner
8,0_epo,11.0,108.42560192932166,fechner
9,0_epo,12.0,108.53870324718032,fechner
10,0_epo,13.0,108.62602134923706,fechner
11,0_epo,14.000000000000002,108.69487462637244,fechner
12,0_epo,15.0,108.75014693218236,fechner
13,0_epo,16.0,108.7952020488838,fechner
14,0_epo,17.0,108.83241985534912,fechner
15,0_epo,18.0,108.86352352398039,fechner
16,0_epo,19.0,108.88978613538013,fechner
17,0_epo,20.0,108.91216506575223,fechner
18,0_epo,21.0,108.93139168692908,fechner
19,0_epo,22.0,108.94803262211727,fechner
20,0_epo,23.0,108.96253243618384,fechner
21,0_epo,24.0,108.97524393422404,fechner
22,0_epo,25.0,108.98645002143087,fechner
23,0_epo,26.0,108.99637971116002,fechner
24,0_epo,27.0,109.00522000777059,fechner
25,0_epo,28.000000000000004,109.01312483743993,fechner
26,0_epo,28.999999999999996,109.02022183727206,fechner
27,0_epo,30.0,109.02661757083492,fechner
28,0_epo,31.0,109.03240157399065,fechner
29,0_epo,32.0,109.03764952179499,fechner
30,0_epo,33.0,109.04242572830233,fechner
31,0_epo,34.0,109.04678513531054,fechner
32,0_epo,35.0,109.05077490615528,fechner
33,0_epo,36.0,109.05443571178482,fechner
34,0_epo,37.0,109.05780277523982,fechner
35,0_epo,38.0,109.06090672508472,fechner
36,0_epo,39.0,109.06377429673529,fechner
37,0_epo,40.0,109.06642891191376,fechner
38,0_epo,41.0,109.06889115986218,fechner
39,0_epo,42.0,109.07117919890956,fechner
40,0_epo,43.0,109.07330909311864,fechner
41,0_epo,44.0,109.07529509574151,fechner
42,0_epo,45.0,109.0771498888823,fechner
43,0_epo,46.0,109.07888478693535,fechner
44,0_epo,47.0,109.08050990992722,fechner
45,0_epo,48.0,109.0820343317472,fechner
46,0_epo,49.0,109.0834662073416,fechner
47,0_epo,50.0,109.08481288221735,fechner
48,0_epo,51.0,109.08608098701228,fechner
49,0_epo,52.0,109.08727651941716,fechner
50,0_epo,53.0,109.08840491534602,fechner
51,0_epo,54.0,109.08947111093894,fechner
52,0_epo,55.00000000000001,109.09047959672286,fechner
53,0_epo,56.00000000000001,109.09143446504386,fechner
54,0_epo,56.99999999999999,109.0923394517104,fechner
55,0_epo,57.99999999999999,109.09319797264052,fechner
56,0_epo,59.0,109.09401315618804,fechner
57,0_epo,60.0,109.09478787171871,fechner
58,0_epo,61.0,109.0955247549273,fechner
59,0_epo,62.0,109.09622623031262,fechner
60,0_epo,63.0,109.09689453116954,fechner
61,0_epo,64.0,109.09753171740729,fechner
62,0_epo,65.0,109.09813969145944,fechner
63,0_epo,66.0,109.09872021251597,fechner
64,0_epo,67.0,109.09927490927667,fechner
65,0_epo,68.0,109.09980529139914,fechner
66,0_epo,69.0,109.10031275979112,fechner
67,0_epo,70.0,109.10079861587997,fechner
68,0_epo,71.0,109.10126406997232,fechner
69,0_epo,72.0,109.10171024880603,fechner
70,0_epo,73.0,109.10213820238116,fechner
71,0_epo,74.0,109.10254891014844,fechner
72,0_epo,75.0,109.10294328662312,fechner
73,0_epo,76.0,109.10332218648439,fechner
74,0_epo,77.0,109.10368640921337,fechner
75,0_epo,78.0,109.10403670331718,fechner
76,0_epo,79.0,109.1043737701806,fechner
77,0_epo,80.0,109.10469826758204,fechner
78,0_epo,81.0,109.10501081290754,fechner
79,0_epo,82.0,109.10531198609148,fechner
80,0_epo,83.0,109.10560233231061,fechner
81,0_epo,84.0,109.10588236445454,fechner
82,0_epo,85.0,109.10615256539377,fechner
83,0_epo,86.0,109.10641339006389,fechner
84,0_epo,87.0,109.10666526738319,fechner
85,0_epo,88.0,109.10690860201785,fechner
86,0_epo,89.0,109.10714377600962,fechner
87,0_epo,90.0,109.10737115027676,fechner
88,0_epo,91.0,109.10759106600072,fechner
89,0_epo,92.0,109.10780384590723,fechner
90,0_epo,93.0,109.10800979545174,fechner
91,0_epo,94.0,109.10820920391676,fechner
92,0_epo,95.0,109.10840234542881,fechner
93,10_epo,3.0,71.22703205040533,fechner
94,10_epo,4.0,74.42788917556106,fechner
95,10_epo,5.0,77.18235586629257,fechner
96,10_epo,6.0,79.78108408464378,fechner
97,10_epo,7.000000000000001,82.2717202917591,fechner
98,10_epo,8.0,84.65281859669282,fechner
99,10_epo,9.0,86.9104741320834,fechner
100,10_epo,10.0,89.03096835690879,fechner
101,10_epo,11.0,91.00524813608133,fechner
102,10_epo,12.0,92.82982336856426,fechner
103,10_epo,13.0,94.50611965848414,fechner
104,10_epo,14.000000000000002,96.0393039118049,fechner
105,10_epo,15.0,97.43707545934923,fechner
106,10_epo,16.0,98.70863103123153,fechner
107,10_epo,17.0,99.86386410642619,fechner
108,10_epo,18.0,100.91278924685568,fechner
109,10_epo,19.0,101.86515459000181,fechner
110,10_epo,20.0,102.73019972303332,fechner
111,10_epo,21.0,103.51651985306479,fechner
112,10_epo,22.0,104.23200426699505,fechner
113,10_epo,23.0,104.88382451404465,fechner
114,10_epo,24.0,105.4784542757524,fechner
115,10_epo,25.0,106.0217081341626,fechner
116,10_epo,26.0,106.51879044117224,fechner
117,10_epo,27.0,106.97434841995229,fechner
118,10_epo,28.000000000000004,107.39252571750383,fechner
119,10_epo,28.999999999999996,107.77701408223236,fechner
120,10_epo,30.0,108.13110183224362,fechner
121,10_epo,31.0,108.45771844114893,fechner
122,10_epo,32.0,108.75947499737975,fechner
123,10_epo,33.0,109.03870056232789,fechner
124,10_epo,34.0,109.29747461343787,fechner
125,10_epo,35.0,109.5376558468194,fechner
126,10_epo,36.0,109.76090765509286,fechner
127,10_epo,37.0,109.96872060722416,fechner
128,10_epo,38.0,110.16243224969014,fechner
129,10_epo,39.0,110.34324453022172,fechner
130,10_epo,40.0,110.5122391217125,fechner
131,10_epo,41.0,110.67039089794744,fechner
132,10_epo,42.0,110.81857978665843,fechner
133,10_epo,43.0,110.95760120027978,fechner
134,10_epo,44.0,111.08817522134552,fechner
135,10_epo,45.0,111.21095469807037,fechner
136,10_epo,46.0,111.32653238639342,fechner
137,10_epo,47.0,111.43544725760663,fechner
138,10_epo,48.0,111.53819007552312,fechner
139,10_epo,49.0,111.63520833381246,fechner
140,10_epo,50.0,111.72691063246312,fechner
141,10_epo,51.0,111.81367056215495,fechner
142,10_epo,52.0,111.89583015646181,fechner
143,10_epo,53.0,111.97370296410294,fechner
144,10_epo,54.0,112.04757678677161,fechner
145,10_epo,55.00000000000001,112.11771612226535,fechner
146,10_epo,56.00000000000001,112.18436434760368,fechner
147,10_epo,56.99999999999999,112.24774567244974,fechner
148,10_epo,57.99999999999999,112.308066889357,fechner
149,10_epo,59.0,112.36551894406874,fechner
150,10_epo,60.0,112.42027834623485,fechner
151,10_epo,61.0,112.47250843842151,fechner
152,10_epo,62.0,112.52236053912281,fechner
153,10_epo,63.0,112.56997497359664,fechner
154,10_epo,64.0,112.61548200470136,fechner
155,10_epo,65.0,112.65900267447387,fechner
156,10_epo,66.0,112.70064956593437,fechner
157,10_epo,67.0,112.74052749350547,fechner
158,10_epo,68.0,112.77873412947199,fechner
159,10_epo,69.0,112.81536057306367,fechner
160,10_epo,70.0,112.8504918680047,fechner
161,10_epo,71.0,112.88420747372128,fechner
162,10_epo,72.0,112.91658169482795,fechner
163,10_epo,73.0,112.94768407300779,fechner
164,10_epo,74.0,112.97757974495731,fechner
165,10_epo,75.0,113.00632976967387,fechner
166,10_epo,76.0,113.03399142801598,fechner
167,10_epo,77.0,113.06061849715934,fechner
168,10_epo,78.0,113.0862615022989,fechner
169,10_epo,79.0,113.11096794770559,fechner
170,10_epo,80.0,113.13478252903107,fechner
171,10_epo,81.0,113.15774732856299,fechner
172,10_epo,82.0,113.17990199496322,fechner
173,10_epo,83.0,113.20128390886985,fechner
174,10_epo,84.0,113.22192833560784,fechner
175,10_epo,85.0,113.24186856613305,fechner
176,10_epo,86.0,113.26113604722583,fechner
177,10_epo,87.0,113.27976050185373,fechner
178,10_epo,88.0,113.29777004053545,fechner
179,10_epo,89.0,113.31519126446176,fechner
180,10_epo,90.0,113.33204936105703,fechner
181,10_epo,91.0,113.34836819260494,fechner
182,10_epo,92.0,113.36417037850222,fechner
183,10_epo,93.0,113.37947737165626,fechner
184,10_epo,94.0,113.39430952949428,fechner
185,10_epo,95.0,113.40868618001174,fechner
186,11_epo,3.0,45.9409818090283,fechner
187,11_epo,4.0,55.75374373256821,fechner
188,11_epo,5.0,64.0095847593136,fechner
189,11_epo,6.0,71.40430383947741,fechner
190,11_epo,7.000000000000001,77.98410205690307,fechner
191,11_epo,8.0,83.75756532536833,fechner
192,11_epo,9.0,88.76637044985195,fechner
193,11_epo,10.0,93.08028685006379,fechner
194,11_epo,11.0,96.78192523234611,fechner
195,11_epo,12.0,99.95496179946562,fechner
196,11_epo,13.0,102.6773625246736,fechner
197,11_epo,14.000000000000002,105.01833784412851,fechner
198,11_epo,15.0,107.03756305118658,fechner
199,11_epo,16.0,108.78559641517768,fechner
200,11_epo,17.0,110.30483397427948,fechner
201,11_epo,18.0,111.63063097401147,fechner
202,11_epo,19.0,112.79240117910119,fechner
203,11_epo,20.0,113.8146094200423,fechner
204,11_epo,21.0,114.71762881892457,fechner
205,11_epo,22.0,115.51846226072037,fechner
206,11_epo,23.0,116.23134031838663,fechner
207,11_epo,24.0,116.86821231161923,fechner
208,11_epo,25.0,117.43914758800848,fechner
209,11_epo,26.0,117.95266269112535,fechner
210,11_epo,27.0,118.41598798697869,fechner
211,11_epo,28.000000000000004,118.83528513504274,fechner
212,11_epo,28.999999999999996,119.21582477398216,fechner
213,11_epo,30.0,119.56213204280655,fechner
214,11_epo,31.0,119.87810609192961,fechner
215,11_epo,32.0,120.16711853506189,fechner
216,11_epo,33.0,120.4320948176115,fechner
217,11_epo,34.0,120.67558169320503,fechner
218,11_epo,35.0,120.89980337247967,fechner
219,11_epo,36.0,121.10670840733569,fechner
220,11_epo,37.0,121.29800897418588,fechner
221,11_epo,38.0,121.47521390079493,fechner
222,11_epo,39.0,121.63965652647761,fechner
223,11_epo,40.0,121.79251828147271,fechner
224,11_epo,41.0,121.93484870772141,fechner
225,11_epo,42.0,122.06758251174243,fechner
226,11_epo,43.0,122.1915541342427,fechner
227,11_epo,44.0,122.30751023535649,fechner
228,11_epo,45.0,122.41612042486992,fechner
229,11_epo,46.0,122.51798651023051,fechner
230,11_epo,47.0,122.61365048899852,fechner
231,11_epo,48.0,122.70360147463555,fechner
232,11_epo,49.0,122.78828171353173,fechner
233,11_epo,50.0,122.86809182565182,fechner
234,11_epo,51.0,122.94339538010802,fechner
235,11_epo,52.0,123.01452289951311,fechner
236,11_epo,53.0,123.08177537246938,fechner
237,11_epo,54.0,123.14542734147182,fechner
238,11_epo,55.00000000000001,123.20572962341583,fechner
239,11_epo,56.00000000000001,123.26291171144885,fechner
240,11_epo,56.99999999999999,123.31718389980729,fechner
241,11_epo,57.99999999999999,123.36873916730363,fechner
242,11_epo,59.0,123.41775485008151,fechner
243,11_epo,60.0,123.4643941299863,fechner
244,11_epo,61.0,123.5088073612734,fechner
245,11_epo,62.0,123.55113325529533,fechner
246,11_epo,63.0,123.59149994017989,fechner
247,11_epo,64.0,123.6300259102672,fechner
248,11_epo,65.0,123.66682087814989,fechner
249,11_epo,66.0,123.70198654051117,fechner
250,11_epo,67.0,123.73561726753552,fechner
251,11_epo,68.0,123.76780072444386,fechner
252,11_epo,69.0,123.79861843264919,fechner
253,11_epo,70.0,123.8281462771133,fechner
254,11_epo,71.0,123.8564549656942,fechner
255,11_epo,72.0,123.8836104455842,fechner
256,11_epo,73.0,123.90967428134095,fechner
257,11_epo,74.0,123.93470399849019,fechner
258,11_epo,75.0,123.95875339622387,fechner
259,11_epo,76.0,123.9818728323181,fechner
260,11_epo,77.0,124.00410948304553,fechner
261,11_epo,78.0,124.02550758055051,fechner
262,11_epo,79.0,124.0461086298852,fechner
263,11_epo,80.0,124.06595160766756,fechner
264,11_epo,81.0,124.08507314411227,fechner
265,11_epo,82.0,124.10350769000199,fechner
266,11_epo,83.0,124.12128767000061,fechner
267,11_epo,84.0,124.13844362356767,fechner
268,11_epo,85.0,124.15500433460284,fechner
269,11_epo,86.0,124.17099695083617,fechner
270,11_epo,87.0,124.18644709387809,fechner
271,11_epo,88.0,124.20137896075266,fechner
272,11_epo,89.0,124.21581541765687,fechner
273,11_epo,90.0,124.22977808661757,fechner
274,11_epo,91.0,124.24328742565237,fechner
275,11_epo,92.0,124.25636280298377,fechner
276,11_epo,93.0,124.26902256580445,fechner
277,11_epo,94.0,124.2812841040447,fechner
278,11_epo,95.0,124.29316390955215,fechner
279,12_epo,3.0,114.10700823755042,fechner
280,12_epo,4.0,116.06991126543404,fechner
281,12_epo,5.0,117.7217391347057,fechner
282,12_epo,6.0,119.20185019647484,fechner
283,12_epo,7.000000000000001,120.51945542924871,fechner
284,12_epo,8.0,121.6761290232859,fechner
285,12_epo,9.0,122.68004451324398,fechner
286,12_epo,10.0,123.5450213190154,fechner
287,12_epo,11.0,124.28748689951865,fechner
288,12_epo,12.0,124.92411799684393,fechner
289,12_epo,13.0,125.47047682690233,fechner
290,12_epo,14.000000000000002,125.94039336503785,fechner
291,12_epo,15.0,126.34580251665433,fechner
292,12_epo,16.0,126.69682279228475,fechner
293,12_epo,17.0,127.00194395173308,fechner
294,12_epo,18.0,127.26824918187904,fechner
295,12_epo,19.0,127.50163367845285,fechner
296,12_epo,20.0,127.70700242085236,fechner
297,12_epo,21.0,127.88844123041405,fechner
298,12_epo,22.0,128.04936089224216,fechner
299,12_epo,23.0,128.19261669560862,fechner
300,12_epo,24.0,128.3206066737712,fechner
301,12_epo,25.0,128.43535192663109,fechner
302,12_epo,26.0,128.53856213823315,fechner
303,12_epo,27.0,128.63168899103417,fechner
304,12_epo,28.000000000000004,128.71596974716442,fechner
305,12_epo,28.999999999999996,128.79246286699697,fechner
306,12_epo,30.0,128.86207718746024,fechner
307,12_epo,31.0,128.9255958904572,fechner
308,12_epo,32.0,128.9836962517163,fechner
309,12_epo,33.0,129.03696596570185,fechner
310,12_epo,34.0,129.08591668556613,fechner
311,12_epo,35.0,129.13099529168497,fechner
312,12_epo,36.0,129.17259330211593,fechner
313,12_epo,37.0,129.21105475834332,fechner
314,12_epo,38.0,129.24668285582567,fechner
315,12_epo,39.0,129.27974553782934,fechner
316,12_epo,40.0,129.31048023017942,fechner
317,12_epo,41.0,129.33909786177844,fechner
318,12_epo,42.0,129.3657862893829,fechner
319,12_epo,43.0,129.39071322386715,fechner
320,12_epo,44.0,129.4140287380132,fechner
321,12_epo,45.0,129.43586742191897,fechner
322,12_epo,46.0,129.45635024077677,fechner
323,12_epo,47.0,129.47558614051434,fechner
324,12_epo,48.0,129.4936734392188,fechner
325,12_epo,49.0,129.51070103604138,fechner
326,12_epo,50.0,129.5267494641621,fechner
327,12_epo,51.0,129.5418918101638,fechner
328,12_epo,52.0,129.5561945186609,fechner
329,12_epo,53.0,129.56971809811884,fechner
330,12_epo,54.0,129.58251774137628,fechner
331,12_epo,55.00000000000001,129.59464387235514,fechner
332,12_epo,56.00000000000001,129.60614262874861,fechner
333,12_epo,56.99999999999999,129.6170562890511,fechner
334,12_epo,57.99999999999999,129.62742365109375,fechner
335,12_epo,59.0,129.63728036823684,fechner
336,12_epo,60.0,129.6466592485112,fechner
337,12_epo,61.0,129.65559052127426,fechner
338,12_epo,62.0,129.66410207532584,fechner
339,12_epo,63.0,129.6722196719026,fechner
340,12_epo,64.0,129.6799671355178,fechner
341,12_epo,65.0,129.68736652522693,fechner
342,12_epo,66.0,129.69443828856896,fechner
343,12_epo,67.0,129.70120140014768,fechner
344,12_epo,68.0,129.70767348657043,fechner
345,12_epo,69.0,129.71387093925182,fechner
346,12_epo,70.0,129.71980901640416,fechner
347,12_epo,71.0,129.7255019353779,fechner
348,12_epo,72.0,129.7309629563779,fechner
349,12_epo,73.0,129.73620445845913,fechner
350,12_epo,74.0,129.7412380086026,fechner
351,12_epo,75.0,129.7460744245789,fechner
352,12_epo,76.0,129.75072383222744,fechner
353,12_epo,77.0,129.75519571770968,fechner
354,12_epo,78.0,129.75949897523142,fechner
355,12_epo,79.0,129.7636419506767,fechner
356,12_epo,80.0,129.7676324815476,fechner
357,12_epo,81.0,129.7714779335609,fechner
358,12_epo,82.0,129.77518523421793,fechner
359,12_epo,83.0,129.77876090362852,fechner
360,12_epo,84.0,129.78221108284222,fechner
361,12_epo,85.0,129.78554155991404,fechner
362,12_epo,86.0,129.7887577939088,fechner
363,12_epo,87.0,129.79186493702736,fechner
364,12_epo,88.0,129.79486785502115,fechner
365,12_epo,89.0,129.79777114604326,fechner
366,12_epo,90.0,129.80057915807214,fechner
367,12_epo,91.0,129.8032960050288,fechner
368,12_epo,92.0,129.805925581699,fechner
369,12_epo,93.0,129.80847157755926,fechner
370,12_epo,94.0,129.81093748959864,fechner
371,12_epo,95.0,129.813326634218,fechner
372,13_epo,3.0,51.787480937463,fechner
373,13_epo,4.0,54.54963973346648,fechner
374,13_epo,5.0,56.92282506427774,fechner
375,13_epo,6.0,59.14913052673946,fechner
376,13_epo,7.000000000000001,61.260364294187625,fechner
377,13_epo,8.0,63.24987217100522,fechner
378,13_epo,9.0,65.10504422274283,fechner
379,13_epo,10.0,66.81706967357594,fechner
380,13_epo,11.0,68.3831732641987,fechner
381,13_epo,12.0,69.80603037831821,fechner
382,13_epo,13.0,71.09231333306305,fechner
383,13_epo,14.000000000000002,72.25119968799346,fechner
384,13_epo,15.0,73.29314813933189,fechner
385,13_epo,16.0,74.22900608472148,fechner
386,13_epo,17.0,75.06941397973974,fechner
387,13_epo,18.0,75.82444151431899,fechner
388,13_epo,19.0,76.50339078789429,fechner
389,13_epo,20.0,77.11471275936604,fechner
390,13_epo,21.0,77.66599642000938,fechner
391,13_epo,22.0,78.16400183814345,fechner
392,13_epo,23.0,78.61471743396987,fechner
393,13_epo,24.0,79.02342861685193,fechner
394,13_epo,25.0,79.39478968217004,fechner
395,13_epo,26.0,79.73289410656176,fechner
396,13_epo,27.0,80.04134052410704,fechner
397,13_epo,28.000000000000004,80.3232930450484,fechner
398,13_epo,28.999999999999996,80.58153543856788,fechner
399,13_epo,30.0,80.81851921621363,fechner
400,13_epo,31.0,81.0364059431323,fechner
401,13_epo,32.0,81.23710425179456,fechner
402,13_epo,33.0,81.42230209164767,fechner
403,13_epo,34.0,81.593494753662,fechner
404,13_epo,35.0,81.75200918402115,fechner
405,13_epo,36.0,81.89902506079225,fechner
406,13_epo,37.0,82.03559306032922,fechner
407,13_epo,38.0,82.1626506918213,fechner
408,13_epo,39.0,82.28103603190686,fechner
409,13_epo,40.0,82.39149964825948,fechner
410,13_epo,41.0,82.49471496225124,fechner
411,13_epo,42.0,82.59128726638484,fechner
412,13_epo,43.0,82.68176158202766,fechner
413,13_epo,44.0,82.76662951677427,fechner
414,13_epo,45.0,82.84633525812993,fechner
415,13_epo,46.0,82.92128082074157,fechner
416,13_epo,47.0,82.99183064771324,fechner
417,13_epo,48.0,83.05831565226097,fechner
418,13_epo,49.0,83.1210367737585,fechner
419,13_epo,50.0,83.18026811180138,fechner
420,13_epo,51.0,83.2362596930179,fechner
421,13_epo,52.0,83.28923991775571,fechner
422,13_epo,53.0,83.33941772727941,fechner
423,13_epo,54.0,83.38698452656453,fechner
424,13_epo,55.00000000000001,83.43211589302251,fechner
425,13_epo,56.00000000000001,83.474973097424,fechner
426,13_epo,56.99999999999999,83.51570445979864,fechner
427,13_epo,57.99999999999999,83.55444656009475,fechner
428,13_epo,59.0,83.59132532080729,fechner
429,13_epo,60.0,83.62645697656606,fechner
430,13_epo,61.0,83.65994894376568,fechner
431,13_epo,62.0,83.69190060166865,fechner
432,13_epo,63.0,83.72240399498752,fechner
433,13_epo,64.0,83.75154446671675,fechner
434,13_epo,65.0,83.77940122891464,fechner
435,13_epo,66.0,83.80604787820558,fechner
436,13_epo,67.0,83.83155286196428,fechner
437,13_epo,68.0,83.85597990043969,fechner
438,13_epo,69.0,83.87938836946091,fechner
439,13_epo,70.0,83.90183364783215,fechner
440,13_epo,71.0,83.9233674330529,fechner
441,13_epo,72.0,83.94403802858866,fechner
442,13_epo,73.0,83.96389060555687,fechner
443,13_epo,74.0,83.98296744137515,fechner
444,13_epo,75.0,84.00130813764021,fechner
445,13_epo,76.0,84.01894981925959,fechner
446,13_epo,77.0,84.03592731664244,fechner
447,13_epo,78.0,84.05227333256262,fechner
448,13_epo,79.0,84.06801859513912,fechner
449,13_epo,80.0,84.08319199822812,fechner
450,13_epo,81.0,84.09782073038777,fechner
451,13_epo,82.0,84.11193039345926,fechner
452,13_epo,83.0,84.12554511170153,fechner
453,13_epo,84.0,84.13868763232443,fechner
454,13_epo,85.0,84.15137941818152,fechner
455,13_epo,86.0,84.1636407333085,fechner
456,13_epo,87.0,84.17549072192828,fechner
457,13_epo,88.0,84.18694748148276,fechner
458,13_epo,89.0,84.19802813019908,fechner
459,13_epo,90.0,84.20874886965018,fechner
460,13_epo,91.0,84.21912504272663,fechner
461,13_epo,92.0,84.22917118739834,fechner
462,13_epo,93.0,84.23890108660984,fechner
463,13_epo,94.0,84.24832781462247,fechner
464,13_epo,95.0,84.25746378008783,fechner
465,14_epo,3.0,90.12266607502345,fechner
466,14_epo,4.0,93.81153353559307,fechner
467,14_epo,5.0,94.83956149131008,fechner
468,14_epo,6.0,95.30573423291317,fechner
469,14_epo,7.000000000000001,95.56243537918711,fechner
470,14_epo,8.0,95.72043578442971,fechner
471,14_epo,9.0,95.82514154114351,fechner
472,14_epo,10.0,95.89832158263768,fechner
473,14_epo,11.0,95.95157791043358,fechner
474,14_epo,12.0,95.9915905656575,fechner
475,14_epo,13.0,96.02244061804534,fechner
476,14_epo,14.000000000000002,96.04674172318032,fechner
477,14_epo,15.0,96.06623349496444,fechner
478,14_epo,16.0,96.08211160680221,fechner
479,14_epo,17.0,96.095220577316,fechner
480,14_epo,18.0,96.10617104650618,fechner
481,14_epo,19.0,96.11541364078259,fechner
482,14_epo,20.0,96.12328691384623,fechner
483,14_epo,21.0,96.13004928856466,fechner
484,14_epo,22.0,96.13590083680957,fechner
485,14_epo,23.0,96.14099843854348,fechner
486,14_epo,24.0,96.14546652865349,fechner
487,14_epo,25.0,96.1494048430816,fechner
488,14_epo,26.0,96.15289408654434,fechner
489,14_epo,27.0,96.15600013657182,fechner
490,14_epo,28.000000000000004,96.158777201073,fechner
491,14_epo,28.999999999999996,96.16127021728303,fechner
492,14_epo,30.0,96.16351669372783,fechner
493,14_epo,31.0,96.1655481384197,fechner
494,14_epo,32.0,96.16739117631835,fechner
495,14_epo,33.0,96.16906843107054,fechner
496,14_epo,34.0,96.17059922624676,fechner
497,14_epo,35.0,96.17200014714278,fechner
498,14_epo,36.0,96.17328549398376,fechner
499,14_epo,37.0,96.17446764989684,fechner
500,14_epo,38.0,96.17555738150563,fechner
501,14_epo,39.0,96.17656408589698,fechner
502,14_epo,40.0,96.17749599463089,fechner
503,14_epo,41.0,96.17836034313031,fechner
504,14_epo,42.0,96.17916351201154,fechner
505,14_epo,43.0,96.1799111455467,fechner
506,14_epo,44.0,96.1806082513947,fechner
507,14_epo,45.0,96.18125928491202,fechner
508,14_epo,46.0,96.18186822071156,fechner
509,14_epo,47.0,96.1824386136274,fechner
510,14_epo,48.0,96.18297365084251,fechner
511,14_epo,49.0,96.18347619661381,fechner
512,14_epo,50.0,96.18394883077292,fechner
513,14_epo,51.0,96.1843938819736,fechner
514,14_epo,52.0,96.18481345648992,fechner
515,14_epo,53.0,96.18520946323274,fechner
516,14_epo,54.0,96.18558363554241,fechner
517,14_epo,55.00000000000001,96.1859375502236,fechner
518,14_epo,56.00000000000001,96.18627264421431,fechner
519,14_epo,56.99999999999999,96.18659022921938,fechner
520,14_epo,57.99999999999999,96.18689150458795,fechner
521,14_epo,59.0,96.18717756867154,fechner
522,14_epo,60.0,96.18744942886414,fechner
523,14_epo,61.0,96.18770801049685,fechner
524,14_epo,62.0,96.1879541647334,fechner
525,14_epo,63.0,96.18818867559332,fechner
526,14_epo,64.0,96.1884122662111,fechner
527,14_epo,65.0,96.18862560442459,fechner
528,14_epo,66.0,96.18882930777426,fechner
529,14_epo,67.0,96.1890239479823,fechner
530,14_epo,68.0,96.18921005497374,fechner
531,14_epo,69.0,96.18938812049096,fechner
532,14_epo,70.0,96.18955860134918,fechner
533,14_epo,71.0,96.18972192237234,fechner
534,14_epo,72.0,96.18987847904496,fechner
535,14_epo,73.0,96.19002863991118,fechner
536,14_epo,74.0,96.19017274874768,fechner
537,14_epo,75.0,96.19031112653501,fechner
538,14_epo,76.0,96.19044407324827,fechner
539,14_epo,77.0,96.19057186948552,fechner
540,14_epo,78.0,96.190694777951,fechner
541,14_epo,79.0,96.19081304480738,fechner
542,14_epo,80.0,96.1909269009105,fechner
543,14_epo,81.0,96.1910365629374,fechner
544,14_epo,82.0,96.19114223441916,fechner
545,14_epo,83.0,96.19124410668641,fechner
546,14_epo,84.0,96.19134235973686,fechner
547,14_epo,85.0,96.19143716303147,fechner
548,14_epo,86.0,96.19152867622608,fechner
549,14_epo,87.0,96.19161704984474,fechner
550,14_epo,88.0,96.1917024258992,fechner
551,14_epo,89.0,96.19178493846044,fechner
552,14_epo,90.0,96.19186471418551,fechner
553,14_epo,91.0,96.19194187280429,fechner
554,14_epo,92.0,96.19201652756921,fechner
555,14_epo,93.0,96.1920887856714,fechner
556,14_epo,94.0,96.19215874862576,fechner
557,14_epo,95.0,96.19222651262811,fechner
558,15_epo,3.0,131.44248450699098,fechner
559,15_epo,4.0,131.44248450699098,fechner
560,15_epo,5.0,131.44248450699098,fechner
561,15_epo,6.0,131.44248450699098,fechner
562,15_epo,7.000000000000001,131.44248450699098,fechner
563,15_epo,8.0,131.44248450699098,fechner
564,15_epo,9.0,131.44248450699098,fechner
565,15_epo,10.0,131.44248450699098,fechner
566,15_epo,11.0,131.44248450699098,fechner
567,15_epo,12.0,131.44248450699098,fechner
568,15_epo,13.0,131.44248450699098,fechner
569,15_epo,14.000000000000002,131.44248450699098,fechner
570,15_epo,15.0,131.44248450699098,fechner
571,15_epo,16.0,131.44248450699098,fechner
572,15_epo,17.0,131.44248450699098,fechner
573,15_epo,18.0,131.44248450699098,fechner
574,15_epo,19.0,131.44248450699098,fechner
575,15_epo,20.0,131.44248450699098,fechner
576,15_epo,21.0,131.44248450699098,fechner
577,15_epo,22.0,131.44248450699098,fechner
578,15_epo,23.0,131.44248450699098,fechner
579,15_epo,24.0,131.44248450699098,fechner
580,15_epo,25.0,131.44248450699098,fechner
581,15_epo,26.0,131.44248450699098,fechner
582,15_epo,27.0,131.44248450699098,fechner
583,15_epo,28.000000000000004,131.44248450699098,fechner
584,15_epo,28.999999999999996,131.44248450699098,fechner
585,15_epo,30.0,131.44248450699098,fechner
586,15_epo,31.0,131.44248450699098,fechner
587,15_epo,32.0,131.44248450699098,fechner
588,15_epo,33.0,131.44248450699098,fechner
589,15_epo,34.0,131.44248450699098,fechner
590,15_epo,35.0,131.44248450699098,fechner
591,15_epo,36.0,131.44248450699098,fechner
592,15_epo,37.0,131.44248450699098,fechner
593,15_epo,38.0,131.44248450699098,fechner
594,15_epo,39.0,131.44248450699098,fechner
595,15_epo,40.0,131.44248450699098,fechner
596,15_epo,41.0,131.44248450699098,fechner
597,15_epo,42.0,131.44248450699098,fechner
598,15_epo,43.0,131.44248450699098,fechner
599,15_epo,44.0,131.44248450699098,fechner
600,15_epo,45.0,131.44248450699098,fechner
601,15_epo,46.0,131.44248450699098,fechner
602,15_epo,47.0,131.44248450699098,fechner
603,15_epo,48.0,131.44248450699098,fechner
604,15_epo,49.0,131.44248450699098,fechner
605,15_epo,50.0,131.44248450699098,fechner
606,15_epo,51.0,131.44248450699098,fechner
607,15_epo,52.0,131.44248450699098,fechner
608,15_epo,53.0,131.44248450699098,fechner
609,15_epo,54.0,131.44248450699098,fechner
610,15_epo,55.00000000000001,131.44248450699098,fechner
611,15_epo,56.00000000000001,131.44248450699098,fechner
612,15_epo,56.99999999999999,131.44248450699098,fechner
613,15_epo,57.99999999999999,131.44248450699098,fechner
614,15_epo,59.0,131.44248450699098,fechner
615,15_epo,60.0,131.44248450699098,fechner
616,15_epo,61.0,131.44248450699098,fechner
617,15_epo,62.0,131.44248450699098,fechner
618,15_epo,63.0,131.44248450699098,fechner
619,15_epo,64.0,131.44248450699098,fechner
620,15_epo,65.0,131.44248450699098,fechner
621,15_epo,66.0,131.44248450699098,fechner
622,15_epo,67.0,131.44248450699098,fechner
623,15_epo,68.0,131.44248450699098,fechner
624,15_epo,69.0,131.44248450699098,fechner
625,15_epo,70.0,131.44248450699098,fechner
626,15_epo,71.0,131.44248450699098,fechner
627,15_epo,72.0,131.44248450699098,fechner
628,15_epo,73.0,131.44248450699098,fechner
629,15_epo,74.0,131.44248450699098,fechner
630,15_epo,75.0,131.44248450699098,fechner
631,15_epo,76.0,131.44248450699098,fechner
632,15_epo,77.0,131.44248450699098,fechner
633,15_epo,78.0,131.44248450699098,fechner
634,15_epo,79.0,131.44248450699098,fechner
635,15_epo,80.0,131.44248450699098,fechner
636,15_epo,81.0,131.44248450699098,fechner
637,15_epo,82.0,131.44248450699098,fechner
638,15_epo,83.0,131.44248450699098,fechner
639,15_epo,84.0,131.44248450699098,fechner
640,15_epo,85.0,131.44248450699098,fechner
641,15_epo,86.0,131.44248450699098,fechner
642,15_epo,87.0,131.44248450699098,fechner
643,15_epo,88.0,131.44248450699098,fechner
644,15_epo,89.0,131.44248450699098,fechner
645,15_epo,90.0,131.44248450699098,fechner
646,15_epo,91.0,131.44248450699098,fechner
647,15_epo,92.0,131.44248450699098,fechner
648,15_epo,93.0,131.44248450699098,fechner
649,15_epo,94.0,131.44248450699098,fechner
650,15_epo,95.0,131.44248450699098,fechner
651,16_epo,3.0,63.77254212474205,fechner
652,16_epo,4.0,66.65661067377242,fechner
653,16_epo,5.0,69.1365092180166,fechner
654,16_epo,6.0,71.46921522267891,fechner
655,16_epo,7.000000000000001,73.69207350701073,fechner
656,16_epo,8.0,75.80023149113603,fechner
657,16_epo,9.0,77.78038645108637,fechner
658,16_epo,10.0,79.62164023051584,fechner
659,16_epo,11.0,81.31862575812093,fechner
660,16_epo,12.0,82.8715061022439,fechner
661,16_epo,13.0,84.28482930163447,fechner
662,16_epo,14.000000000000002,85.56614954664234,fechner
663,16_epo,15.0,86.72479856042848,fechner
664,16_epo,16.0,87.77092996582078,fechner
665,16_epo,17.0,88.71483936128543,fechner
666,16_epo,18.0,89.56651621285263,fechner
667,16_epo,19.0,90.33537278504852,fechner
668,16_epo,20.0,91.0300998658037,fechner
669,16_epo,21.0,91.65860872197872,fechner
670,16_epo,22.0,92.22802883020654,fechner
671,16_epo,23.0,92.74473961350833,fechner
672,16_epo,24.0,93.21442120848208,fechner
673,16_epo,25.0,93.6421143116057,fechner
674,16_epo,26.0,94.03228272697285,fechner
675,16_epo,27.0,94.3888747057258,fechner
676,16_epo,28.000000000000004,94.71538082865563,fechner
677,16_epo,28.999999999999996,95.01488727397093,fechner
678,16_epo,30.0,95.29012400844715,fechner
679,16_epo,31.0,95.54350786923641,fechner
680,16_epo,32.0,95.77718075499214,fechner
681,16_epo,33.0,95.9930432804039,fechner
682,16_epo,34.0,96.1927843097101,fechner
683,16_epo,35.0,96.37790680040084,fechner
684,16_epo,36.0,96.54975037672654,fechner
685,16_epo,37.0,96.70951102589831,fechner
686,16_epo,38.0,96.85825827572894,fechner
687,16_epo,39.0,96.99695017573515,fechner
688,16_epo,40.0,97.12644636730077,fechner
689,16_epo,41.0,97.247519494031,fechner
690,16_epo,42.0,97.36086517175815,fechner
691,16_epo,43.0,97.46711070913874,fechner
692,16_epo,44.0,97.56682274444616,fechner
693,16_epo,45.0,97.66051394188682,fechner
694,16_epo,46.0,97.74864887131469,fechner
695,16_epo,47.0,97.83164917832471,fechner
696,16_epo,48.0,97.90989813708603,fechner
697,16_epo,49.0,97.98374466565788,fechner
698,16_epo,50.0,98.05350687266314,fechner
699,16_epo,51.0,98.11947519484035,fechner
700,16_epo,52.0,98.18191517695334,fechner
701,16_epo,53.0,98.2410699386228,fechner
702,16_epo,54.0,98.29716236669869,fechner
703,16_epo,55.00000000000001,98.35039706667877,fechner
704,16_epo,56.00000000000001,98.40096210227767,fechner
705,16_epo,56.99999999999999,98.44903054846013,fechner
706,16_epo,57.99999999999999,98.49476187998444,fechner
707,16_epo,59.0,98.5383032146824,fechner
708,16_epo,60.0,98.57979042826683,fechner
709,16_epo,61.0,98.61934915534991,fechner
710,16_epo,62.0,98.65709568953282,fechner
711,16_epo,63.0,98.69313779384476,fechner
712,16_epo,64.0,98.72757543143636,fechner
713,16_epo,65.0,98.76050142523941,fechner
714,16_epo,66.0,98.79200205426575,fechner
715,16_epo,67.0,98.82215759331211,fechner
716,16_epo,68.0,98.85104280204825,fechner
717,16_epo,69.0,98.87872736877362,fechner
718,16_epo,70.0,98.90527631352461,fechner
719,16_epo,71.0,98.93075035468321,fechner
720,16_epo,72.0,98.95520624277387,fechner
721,16_epo,73.0,98.97869706472608,fechner
722,16_epo,74.0,99.00127252152107,fechner
723,16_epo,75.0,99.02297918182371,fechner
724,16_epo,76.0,99.04386071392172,fechner
725,16_epo,77.0,99.0639580980468,fechner
726,16_epo,78.0,99.0833098209346,fechner
727,16_epo,79.0,99.10195205428599,fechner
728,16_epo,80.0,99.11991881862163,fechner
729,16_epo,81.0,99.13724213386901,fechner
730,16_epo,82.0,99.15395215788561,fechner
731,16_epo,83.0,99.17007731400163,fechner
732,16_epo,84.0,99.18564440855873,fechner
733,16_epo,85.0,99.20067873932429,fechner
734,16_epo,86.0,99.21520419557677,fechner
735,16_epo,87.0,99.22924335057995,fechner
736,16_epo,88.0,99.24281754709601,fechner
737,16_epo,89.0,99.25594697652612,fechner
738,16_epo,90.0,99.26865075221203,fechner
739,16_epo,91.0,99.28094697738257,fechner
740,16_epo,92.0,99.29285280818517,fechner
741,16_epo,93.0,99.30438451220176,fechner
742,16_epo,94.0,99.3155575228133,fechner
743,16_epo,95.0,99.32638648974368,fechner
744,17_epo,3.0,107.684520171111,fechner
745,17_epo,4.0,107.6845201711112,fechner
746,17_epo,5.0,107.68452017111126,fechner
747,17_epo,6.0,107.68452017111129,fechner
748,17_epo,7.000000000000001,107.6845201711113,fechner
749,17_epo,8.0,107.6845201711113,fechner
750,17_epo,9.0,107.6845201711113,fechner
751,17_epo,10.0,107.68452017111132,fechner
752,17_epo,11.0,107.68452017111132,fechner
753,17_epo,12.0,107.68452017111132,fechner
754,17_epo,13.0,107.68452017111132,fechner
755,17_epo,14.000000000000002,107.68452017111132,fechner
756,17_epo,15.0,107.68452017111132,fechner
757,17_epo,16.0,107.68452017111132,fechner
758,17_epo,17.0,107.68452017111132,fechner
759,17_epo,18.0,107.68452017111132,fechner
760,17_epo,19.0,107.68452017111132,fechner
761,17_epo,20.0,107.68452017111132,fechner
762,17_epo,21.0,107.68452017111132,fechner
763,17_epo,22.0,107.68452017111132,fechner
764,17_epo,23.0,107.68452017111132,fechner
765,17_epo,24.0,107.68452017111132,fechner
766,17_epo,25.0,107.68452017111133,fechner
767,17_epo,26.0,107.68452017111133,fechner
768,17_epo,27.0,107.68452017111133,fechner
769,17_epo,28.000000000000004,107.68452017111133,fechner
770,17_epo,28.999999999999996,107.68452017111133,fechner
771,17_epo,30.0,107.68452017111133,fechner
772,17_epo,31.0,107.68452017111133,fechner
773,17_epo,32.0,107.68452017111133,fechner
774,17_epo,33.0,107.68452017111133,fechner
775,17_epo,34.0,107.68452017111133,fechner
776,17_epo,35.0,107.68452017111133,fechner
777,17_epo,36.0,107.68452017111133,fechner
778,17_epo,37.0,107.68452017111133,fechner
779,17_epo,38.0,107.68452017111133,fechner
780,17_epo,39.0,107.68452017111133,fechner
781,17_epo,40.0,107.68452017111133,fechner
782,17_epo,41.0,107.68452017111133,fechner
783,17_epo,42.0,107.68452017111133,fechner
784,17_epo,43.0,107.68452017111133,fechner
785,17_epo,44.0,107.68452017111133,fechner
786,17_epo,45.0,107.68452017111133,fechner
787,17_epo,46.0,107.68452017111133,fechner
788,17_epo,47.0,107.68452017111133,fechner
789,17_epo,48.0,107.68452017111133,fechner
790,17_epo,49.0,107.68452017111133,fechner
791,17_epo,50.0,107.68452017111133,fechner
792,17_epo,51.0,107.68452017111133,fechner
793,17_epo,52.0,107.68452017111133,fechner
794,17_epo,53.0,107.68452017111133,fechner
795,17_epo,54.0,107.68452017111133,fechner
796,17_epo,55.00000000000001,107.68452017111133,fechner
797,17_epo,56.00000000000001,107.68452017111133,fechner
798,17_epo,56.99999999999999,107.68452017111133,fechner
799,17_epo,57.99999999999999,107.68452017111133,fechner
800,17_epo,59.0,107.68452017111133,fechner
801,17_epo,60.0,107.68452017111133,fechner
802,17_epo,61.0,107.68452017111133,fechner
803,17_epo,62.0,107.68452017111133,fechner
804,17_epo,63.0,107.68452017111133,fechner
805,17_epo,64.0,107.68452017111133,fechner
806,17_epo,65.0,107.68452017111133,fechner
807,17_epo,66.0,107.68452017111133,fechner
808,17_epo,67.0,107.68452017111133,fechner
809,17_epo,68.0,107.68452017111133,fechner
810,17_epo,69.0,107.68452017111133,fechner
811,17_epo,70.0,107.68452017111133,fechner
812,17_epo,71.0,107.68452017111133,fechner
813,17_epo,72.0,107.68452017111133,fechner
814,17_epo,73.0,107.68452017111133,fechner
815,17_epo,74.0,107.68452017111133,fechner
816,17_epo,75.0,107.68452017111133,fechner
817,17_epo,76.0,107.68452017111133,fechner
818,17_epo,77.0,107.68452017111133,fechner
819,17_epo,78.0,107.68452017111133,fechner
820,17_epo,79.0,107.68452017111133,fechner
821,17_epo,80.0,107.68452017111133,fechner
822,17_epo,81.0,107.68452017111133,fechner
823,17_epo,82.0,107.68452017111133,fechner
824,17_epo,83.0,107.68452017111133,fechner
825,17_epo,84.0,107.68452017111133,fechner
826,17_epo,85.0,107.68452017111133,fechner
827,17_epo,86.0,107.68452017111133,fechner
828,17_epo,87.0,107.68452017111133,fechner
829,17_epo,88.0,107.68452017111133,fechner
830,17_epo,89.0,107.68452017111133,fechner
831,17_epo,90.0,107.68452017111133,fechner
832,17_epo,91.0,107.68452017111133,fechner
833,17_epo,92.0,107.68452017111133,fechner
834,17_epo,93.0,107.68452017111133,fechner
835,17_epo,94.0,107.68452017111133,fechner
836,17_epo,95.0,107.68452017111133,fechner
837,18_epo,3.0,97.84628379465337,fechner
838,18_epo,4.0,97.84628379465337,fechner
839,18_epo,5.0,97.84628379465337,fechner
840,18_epo,6.0,97.84628379465337,fechner
841,18_epo,7.000000000000001,97.84628379465337,fechner
842,18_epo,8.0,97.84628379465337,fechner
843,18_epo,9.0,97.84628379465337,fechner
844,18_epo,10.0,97.84628379465337,fechner
845,18_epo,11.0,97.84628379465337,fechner
846,18_epo,12.0,97.84628379465337,fechner
847,18_epo,13.0,97.84628379465337,fechner
848,18_epo,14.000000000000002,97.84628379465337,fechner
849,18_epo,15.0,97.84628379465337,fechner
850,18_epo,16.0,97.84628379465337,fechner
851,18_epo,17.0,97.84628379465337,fechner
852,18_epo,18.0,97.84628379465337,fechner
853,18_epo,19.0,97.84628379465337,fechner
854,18_epo,20.0,97.84628379465337,fechner
855,18_epo,21.0,97.84628379465337,fechner
856,18_epo,22.0,97.84628379465337,fechner
857,18_epo,23.0,97.84628379465337,fechner
858,18_epo,24.0,97.84628379465337,fechner
859,18_epo,25.0,97.84628379465337,fechner
860,18_epo,26.0,97.84628379465337,fechner
861,18_epo,27.0,97.84628379465337,fechner
862,18_epo,28.000000000000004,97.84628379465337,fechner
863,18_epo,28.999999999999996,97.84628379465337,fechner
864,18_epo,30.0,97.84628379465337,fechner
865,18_epo,31.0,97.84628379465337,fechner
866,18_epo,32.0,97.84628379465337,fechner
867,18_epo,33.0,97.84628379465337,fechner
868,18_epo,34.0,97.84628379465337,fechner
869,18_epo,35.0,97.84628379465337,fechner
870,18_epo,36.0,97.84628379465337,fechner
871,18_epo,37.0,97.84628379465337,fechner
872,18_epo,38.0,97.84628379465337,fechner
873,18_epo,39.0,97.84628379465337,fechner
874,18_epo,40.0,97.84628379465337,fechner
875,18_epo,41.0,97.84628379465337,fechner
876,18_epo,42.0,97.84628379465337,fechner
877,18_epo,43.0,97.84628379465337,fechner
878,18_epo,44.0,97.84628379465337,fechner
879,18_epo,45.0,97.84628379465337,fechner
880,18_epo,46.0,97.84628379465337,fechner
881,18_epo,47.0,97.84628379465337,fechner
882,18_epo,48.0,97.84628379465337,fechner
883,18_epo,49.0,97.84628379465337,fechner
884,18_epo,50.0,97.84628379465337,fechner
885,18_epo,51.0,97.84628379465337,fechner
886,18_epo,52.0,97.84628379465337,fechner
887,18_epo,53.0,97.84628379465337,fechner
888,18_epo,54.0,97.84628379465337,fechner
889,18_epo,55.00000000000001,97.84628379465337,fechner
890,18_epo,56.00000000000001,97.84628379465337,fechner
891,18_epo,56.99999999999999,97.84628379465337,fechner
892,18_epo,57.99999999999999,97.84628379465337,fechner
893,18_epo,59.0,97.84628379465337,fechner
894,18_epo,60.0,97.84628379465337,fechner
895,18_epo,61.0,97.84628379465337,fechner
896,18_epo,62.0,97.84628379465337,fechner
897,18_epo,63.0,97.84628379465337,fechner
898,18_epo,64.0,97.84628379465337,fechner
899,18_epo,65.0,97.84628379465337,fechner
900,18_epo,66.0,97.84628379465337,fechner
901,18_epo,67.0,97.84628379465337,fechner
902,18_epo,68.0,97.84628379465337,fechner
903,18_epo,69.0,97.84628379465337,fechner
904,18_epo,70.0,97.84628379465337,fechner
905,18_epo,71.0,97.84628379465337,fechner
906,18_epo,72.0,97.84628379465337,fechner
907,18_epo,73.0,97.84628379465337,fechner
908,18_epo,74.0,97.84628379465337,fechner
909,18_epo,75.0,97.84628379465337,fechner
910,18_epo,76.0,97.84628379465337,fechner
911,18_epo,77.0,97.84628379465337,fechner
912,18_epo,78.0,97.84628379465337,fechner
913,18_epo,79.0,97.84628379465337,fechner
914,18_epo,80.0,97.84628379465337,fechner
915,18_epo,81.0,97.84628379465337,fechner
916,18_epo,82.0,97.84628379465337,fechner
917,18_epo,83.0,97.84628379465337,fechner
918,18_epo,84.0,97.84628379465337,fechner
919,18_epo,85.0,97.84628379465337,fechner
920,18_epo,86.0,97.84628379465337,fechner
921,18_epo,87.0,97.84628379465337,fechner
922,18_epo,88.0,97.84628379465337,fechner
923,18_epo,89.0,97.84628379465337,fechner
924,18_epo,90.0,97.84628379465337,fechner
925,18_epo,91.0,97.84628379465337,fechner
926,18_epo,92.0,97.84628379465337,fechner
927,18_epo,93.0,97.84628379465337,fechner
928,18_epo,94.0,97.84628379465337,fechner
929,18_epo,95.0,97.84628379465337,fechner
930,19_epo,3.0,99.73001029567735,fechner
931,19_epo,4.0,101.58430832483339,fechner
932,19_epo,5.0,103.13309336829595,fechner
933,19_epo,6.0,104.50340451332275,fechner
934,19_epo,7.000000000000001,105.70556829575048,fechner
935,19_epo,8.0,106.74572070115724,fechner
936,19_epo,9.0,107.636495753592,fechner
937,19_epo,10.0,108.39488069184479,fechner
938,19_epo,11.0,109.03908492572992,fechner
939,19_epo,12.0,109.58648098431313,fechner
940,19_epo,13.0,110.05259963606649,fechner
941,19_epo,14.000000000000002,110.45080855257162,fechner
942,19_epo,15.0,110.79235941076354,fechner
943,19_epo,16.0,111.08660202906445,fechner
944,19_epo,17.0,111.34125307101213,fechner
945,19_epo,18.0,111.56266288384694,fechner
946,19_epo,19.0,111.75605578437722,fechner
947,19_epo,20.0,111.92573575935391,fechner
948,19_epo,21.0,112.07525760745236,fechner
949,19_epo,22.0,112.20756699637796,fechner
950,19_epo,23.0,112.32511401147858,fechner
951,19_epo,24.0,112.42994476518174,fechner
952,19_epo,25.0,112.52377516329418,fechner
953,19_epo,26.0,112.60805030563594,fechner
954,19_epo,27.0,112.68399238440996,fechner
955,19_epo,28.000000000000004,112.7526393960192,fechner
956,19_epo,28.999999999999996,112.81487651933617,fechner
957,19_epo,30.0,112.87146163432186,fechner
958,19_epo,31.0,112.9230461498889,fechner
959,19_epo,32.0,112.97019206718225,fechner
960,19_epo,33.0,113.01338601251386,fechner
961,19_epo,34.0,113.05305082290585,fechner
962,19_epo,35.0,113.08955514811073,fechner
963,19_epo,36.0,113.12322143921418,fechner
964,19_epo,37.0,113.15433262001528,fechner
965,19_epo,38.0,113.18313767900419,fechner
966,19_epo,39.0,113.20985637354046,fechner
967,19_epo,40.0,113.23468320114345,fechner
968,19_epo,41.0,113.25779076358525,fechner
969,19_epo,42.0,113.27933262613234,fechner
970,19_epo,43.0,113.29944575556989,fechner
971,19_epo,44.0,113.31825260559123,fechner
972,19_epo,45.0,113.33586290598932,fechner
973,19_epo,46.0,113.35237520224942,fechner
974,19_epo,47.0,113.367878184149,fechner
975,19_epo,48.0,113.38245183545419,fechner
976,19_epo,49.0,113.39616843146923,fechner
977,19_epo,50.0,113.40909340682143,fechner
978,19_epo,51.0,113.42128611225871,fechner
979,19_epo,52.0,113.43280047626301,fechner
980,19_epo,53.0,113.44368558481487,fechner
981,19_epo,54.0,113.45398619059648,fechner
982,19_epo,55.00000000000001,113.46374316121185,fechner
983,19_epo,56.00000000000001,113.4729938745747,fechner
984,19_epo,56.99999999999999,113.48177256841757,fechner
985,19_epo,57.99999999999999,113.49011064987016,fechner
986,19_epo,59.0,113.49803697020563,fechner
987,19_epo,60.0,113.50557806913785,fechner
988,19_epo,61.0,113.5127583924452,fechner
989,19_epo,62.0,113.51960048618037,fechner
990,19_epo,63.0,113.52612517028723,fechner
991,19_epo,64.0,113.53235169407078,fechner
992,19_epo,65.0,113.53829787564555,fechner
993,19_epo,66.0,113.54398022721391,fechner
994,19_epo,67.0,113.54941406778848,fechner
995,19_epo,68.0,113.55461362477085,fechner
996,19_epo,69.0,113.55959212562271,fechner
997,19_epo,70.0,113.56436188071423,fechner
998,19_epo,71.0,113.56893435830321,fechner
999,19_epo,72.0,113.5733202524846,fechner
1000,19_epo,73.0,113.57752954485089,fechner
1001,19_epo,74.0,113.5815715605175,fechner
1002,19_epo,75.0,113.58545501909236,fechner
1003,19_epo,76.0,113.5891880811024,fechner
1004,19_epo,77.0,113.59277839033261,fechner
1005,19_epo,78.0,113.59623311248247,fechner
1006,19_epo,79.0,113.5995589705004,fechner
1007,19_epo,80.0,113.60276227691708,fechner
1008,19_epo,81.0,113.60584896346523,fechner
1009,19_epo,82.0,113.60882460824182,fechner
1010,19_epo,83.0,113.61169446064255,fechner
1011,19_epo,84.0,113.61446346427456,fechner
1012,19_epo,85.0,113.61713627803175,fechner
1013,19_epo,86.0,113.61971729549911,fechner
1014,19_epo,87.0,113.62221066283522,fechner
1015,19_epo,88.0,113.62462029526743,fechner
1016,19_epo,89.0,113.62694989232129,fechner
1017,19_epo,90.0,113.62920295189359,fechner
1018,19_epo,91.0,113.63138278326805,fechner
1019,19_epo,92.0,113.63349251916345,fechner
1020,19_epo,93.0,113.63553512689516,fechner
1021,19_epo,94.0,113.63751341872391,fechner
1022,19_epo,95.0,113.63943006145834,fechner
1023,1_epo,3.0,48.13159318025899,fechner
1024,1_epo,4.0,52.13431235494174,fechner
1025,1_epo,5.0,55.5826930112862,fechner
1026,1_epo,6.0,58.854520906370304,fechner
1027,1_epo,7.000000000000001,62.03258991662823,fechner
1028,1_epo,8.0,65.13771426632583,fechner
1029,1_epo,9.0,68.16741986419922,fechner
1030,1_epo,10.0,71.10966337783286,fechner
1031,1_epo,11.0,73.94968192036937,fechner
1032,1_epo,12.0,76.67369024995885,fechner
1033,1_epo,13.0,79.27071593784962,fechner
1034,1_epo,14.000000000000002,81.73327907575204,fechner
1035,1_epo,15.0,84.057385335038,fechner
1036,1_epo,16.0,86.24215009348426,fechner
1037,1_epo,17.0,88.28926073299756,fechner
1038,1_epo,18.0,90.20240384464667,fechner
1039,1_epo,19.0,91.98672828507742,fechner
1040,1_epo,20.0,93.64837834591154,fechner
1041,1_epo,21.0,95.1941086098455,fechner
1042,1_epo,22.0,96.63097906467675,fechner
1043,1_epo,23.0,97.96612239720375,fechner
1044,1_epo,24.0,99.20657268178935,fechner
1045,1_epo,25.0,100.35914426186223,fechner
1046,1_epo,26.0,101.4303504202374,fechner
1047,1_epo,27.0,102.426352778269,fechner
1048,1_epo,28.000000000000004,103.3529338634627,fechner
1049,1_epo,28.999999999999996,104.21548672810317,fechner
1050,1_epo,30.0,105.0190167861463,fechner
1051,1_epo,31.0,105.76815212564478,fechner
1052,1_epo,32.0,106.46715944875984,fechner
1053,1_epo,33.0,107.11996350829396,fechner
1054,1_epo,34.0,107.7301684732521,fechner
1055,1_epo,35.0,108.30108009215282,fechner
1056,1_epo,36.0,108.83572785591313,fechner
1057,1_epo,37.0,109.33688661335978,fechner
1058,1_epo,38.0,109.8070972796072,fechner
1059,1_epo,39.0,110.24868641525597,fechner
1060,1_epo,40.0,110.66378455426062,fechner
1061,1_epo,41.0,111.05434322957512,fechner
1062,1_epo,42.0,111.4221506954591,fechner
1063,1_epo,43.0,111.76884637912504,fechner
1064,1_epo,44.0,112.09593411644046,fechner
1065,1_epo,45.0,112.40479423986142,fechner
1066,1_epo,46.0,112.69669459407311,fechner
1067,1_epo,47.0,112.97280055774992,fechner
1068,1_epo,48.0,113.23418414975919,fechner
1069,1_epo,49.0,113.48183229600765,fechner
1070,1_epo,50.0,113.71665432968864,fechner
1071,1_epo,51.0,113.93948879345359,fechner
1072,1_epo,52.0,114.15110960737775,fechner
1073,1_epo,53.0,114.35223166177897,fechner
1074,1_epo,54.0,114.54351588916225,fechner
1075,1_epo,55.00000000000001,114.72557386492049,fechner
1076,1_epo,56.00000000000001,114.89897198200428,fechner
1077,1_epo,56.99999999999999,115.06423524062211,fechner
1078,1_epo,57.99999999999999,115.2218506901735,fechner
1079,1_epo,59.0,115.37227055705878,fechner
1080,1_epo,60.0,115.51591508874543,fechner
1081,1_epo,61.0,115.65317514149454,fechner
1082,1_epo,62.0,115.7844145364458,fechner
1083,1_epo,63.0,115.90997220630793,fechner
1084,1_epo,64.0,116.03016415268732,fechner
1085,1_epo,65.0,116.14528523208871,fechner
1086,1_epo,66.0,116.2556107868231,fechner
1087,1_epo,67.0,116.36139813543822,fechner
1088,1_epo,68.0,116.46288793583263,fechner
1089,1_epo,69.0,116.56030543290646,fechner
1090,1_epo,70.0,116.65386160142923,fechner
1091,1_epo,71.0,116.7437541937506,fechner
1092,1_epo,72.0,116.83016870103539,fechner
1093,1_epo,73.0,116.91327923585446,fechner
1094,1_epo,74.0,116.99324934320227,fechner
1095,1_epo,75.0,117.07023274632716,fechner
1096,1_epo,76.0,117.14437403314679,fechner
1097,1_epo,77.0,117.21580928846842,fechner
1098,1_epo,78.0,117.28466667673888,fechner
1099,1_epo,79.0,117.35106697960244,fechner
1100,1_epo,80.0,117.41512409214297,fechner
1101,1_epo,81.0,117.47694548132777,fechner
1102,1_epo,82.0,117.53663260984216,fechner
1103,1_epo,83.0,117.59428132821391,fechner
1104,1_epo,84.0,117.64998223786026,fechner
1105,1_epo,85.0,117.7038210274526,fechner
1106,1_epo,86.0,117.75587878477876,fechner
1107,1_epo,87.0,117.806232286088,fechner
1108,1_epo,88.0,117.85495426472822,fechner
1109,1_epo,89.0,117.90211366072613,fechner
1110,1_epo,90.0,117.94777585281612,fechner
1111,1_epo,91.0,117.9920028742946,fechner
1112,1_epo,92.0,118.03485361395704,fechner
1113,1_epo,93.0,118.07638400326856,fechner
1114,1_epo,94.0,118.11664719082101,fechner
1115,1_epo,95.0,118.15569370504116,fechner
1116,20_epo,3.0,71.10514213283552,fechner
1117,20_epo,4.0,74.16098109230539,fechner
1118,20_epo,5.0,76.79011460157078,fechner
1119,20_epo,6.0,79.26857525574323,fechner
1120,20_epo,7.000000000000001,81.64009863051595,fechner
1121,20_epo,8.0,83.90210128790973,fechner
1122,20_epo,9.0,86.04094350170735,fechner
1123,20_epo,10.0,88.04387932720425,fechner
1124,20_epo,11.0,89.90306937623949,fechner
1125,20_epo,12.0,91.61618681508088,fechner
1126,20_epo,13.0,93.18561627251654,fechner
1127,20_epo,14.000000000000002,94.61722199063134,fechner
1128,20_epo,15.0,95.91914041617721,fechner
1129,20_epo,16.0,97.1007773253029,fechner
1130,20_epo,17.0,98.17205130206935,fechner
1131,20_epo,18.0,99.14286317647392,fechner
1132,20_epo,19.0,100.0227489819063,fechner
1133,20_epo,20.0,100.82067142860859,fechner
1134,20_epo,21.0,101.54491050331899,fechner
1135,20_epo,22.0,102.20302184349167,fechner
1136,20_epo,23.0,102.80183935469532,fechner
1137,20_epo,24.0,103.34750513370214,fechner
1138,20_epo,25.0,103.84551491245742,fechner
1139,20_epo,26.0,104.30077107588757,fechner
1140,20_epo,27.0,104.71763806935205,fechner
1141,20_epo,28.000000000000004,105.09999694819113,fechner
1142,20_epo,28.999999999999996,105.45129714813936,fechner
1143,20_epo,30.0,105.7746044433033,fechner
1144,20_epo,31.0,106.07264463817641,fechner
1145,20_epo,32.0,106.34784290721663,fechner
1146,20_epo,33.0,106.60235891816848,fechner
1147,20_epo,34.0,106.8381180016143,fechner
1148,20_epo,35.0,107.05683869249923,fechner
1149,20_epo,36.0,107.26005699237037,fechner
1150,20_epo,37.0,107.44914769920588,fechner
1151,20_epo,38.0,107.62534313524428,fechner
1152,20_epo,39.0,107.7897495788945,fechner
1153,20_epo,40.0,107.9433616789498,fechner
1154,20_epo,41.0,108.08707510065221,fechner
1155,20_epo,42.0,108.2216976252979,fechner
1156,20_epo,43.0,108.34795889895582,fechner
1157,20_epo,44.0,108.46651900195464,fechner
1158,20_epo,45.0,108.57797598924645,fechner
1159,20_epo,46.0,108.6828725325689,fechner
1160,20_epo,47.0,108.7817017783868,fechner
1161,20_epo,48.0,108.8749125207307,fechner
1162,20_epo,49.0,108.9629137750654,fechner
1163,20_epo,50.0,109.04607882802114,fechner
1164,20_epo,51.0,109.12474882800291,fechner
1165,20_epo,52.0,109.19923597318531,fechner
1166,20_epo,53.0,109.26982634602867,fechner
1167,20_epo,54.0,109.3367824370739,fechner
1168,20_epo,55.00000000000001,109.40034539525334,fechner
1169,20_epo,56.00000000000001,109.46073703717781,fechner
1170,20_epo,56.99999999999999,109.5181616437254,fechner
1171,20_epo,57.99999999999999,109.57280756867712,fechner
1172,20_epo,59.0,109.62484868103998,fechner
1173,20_epo,60.0,109.67444566000886,fechner
1174,20_epo,61.0,109.72174715918065,fechner
1175,20_epo,62.0,109.76689085460522,fechner
1176,20_epo,63.0,109.81000438949268,fechner
1177,20_epo,64.0,109.85120622685848,fechner
1178,20_epo,65.0,109.89060642004868,fechner
1179,20_epo,66.0,109.92830730991793,fechner
1180,20_epo,67.0,109.96440415641092,fechner
1181,20_epo,68.0,109.99898571140437,fechner
1182,20_epo,69.0,110.03213473888329,fechner
1183,20_epo,70.0,110.06392848783902,fechner
1184,20_epo,71.0,110.09443912267305,fechner
1185,20_epo,72.0,110.12373411536083,fechner
1186,20_epo,73.0,110.15187660316289,fechner
1187,20_epo,74.0,110.1789257152594,fechner
1188,20_epo,75.0,110.20493687132111,fechner
1189,20_epo,76.0,110.22996205470919,fechner
1190,20_epo,77.0,110.254050062712,fechner
1191,20_epo,78.0,110.27724673597655,fechner
1192,20_epo,79.0,110.29959516906882,fechner
1193,20_epo,80.0,110.32113590389905,fechner
1194,20_epo,81.0,110.34190710757315,fechner
1195,20_epo,82.0,110.36194473607358,fechner
1196,20_epo,83.0,110.3812826850349,fechner
1197,20_epo,84.0,110.39995292875375,fechner
1198,20_epo,85.0,110.41798564846242,fechner
1199,20_epo,86.0,110.43540935079588,fechner
1200,20_epo,87.0,110.45225097729313,fechner
1201,20_epo,88.0,110.46853600569436,fechner
1202,20_epo,89.0,110.48428854372347,fechner
1203,20_epo,90.0,110.4995314159822,fechner
1204,20_epo,91.0,110.51428624452394,fechner
1205,20_epo,92.0,110.52857352362363,fechner
1206,20_epo,93.0,110.54241268921346,fechner
1207,20_epo,94.0,110.5558221834122,fechner
1208,20_epo,95.0,110.568819514538,fechner
1209,21_epo,3.0,72.375455035561,fechner
1210,21_epo,4.0,75.50492455679363,fechner
1211,21_epo,5.0,78.19848748651525,fechner
1212,21_epo,6.0,80.74182337768097,fechner
1213,21_epo,7.000000000000001,83.18343502922762,fechner
1214,21_epo,8.0,85.52331285541933,fechner
1215,21_epo,9.0,87.7483821312744,fechner
1216,21_epo,10.0,89.8449540769645,fechner
1217,21_epo,11.0,91.80337058217457,fechner
1218,21_epo,12.0,93.61915238871057,fechner
1219,21_epo,13.0,95.29257273625211,fechner
1220,21_epo,14.000000000000002,96.82764012578274,fechner
1221,21_epo,15.0,98.23098447003625,fechner
1222,21_epo,16.0,99.51086913516679,fechner
1223,21_epo,17.0,100.67640508345558,fechner
1224,21_epo,18.0,101.73697067285725,fechner
1225,21_epo,19.0,102.70180955034608,fechner
1226,21_epo,20.0,103.57976986333168,fechner
1227,21_epo,21.0,104.3791492574233,fechner
1228,21_epo,22.0,105.10761554466735,fechner
1229,21_epo,23.0,105.77217931876866,fechner
1230,21_epo,24.0,106.3792007117073,fechner
1231,21_epo,25.0,106.93441740209204,fechner
1232,21_epo,26.0,107.4429848226374,fechner
1233,21_epo,27.0,107.9095223884952,fechner
1234,21_epo,28.000000000000004,108.3381616576857,fechner
1235,21_epo,28.999999999999996,108.73259381776451,fechner
1236,21_epo,30.0,109.09611492313778,fechner
1237,21_epo,31.0,109.43166800850092,fechner
1238,21_epo,32.0,109.74188167018298,fechner
1239,21_epo,33.0,110.02910500887,fechner
1240,21_epo,34.0,110.2954390151975,fechner
1241,21_epo,35.0,110.542764590447,fechner
1242,21_epo,36.0,110.77276745369632,fechner
1243,21_epo,37.0,110.98696021211914,fechner
1244,21_epo,38.0,111.18670187499536,fechner
1245,21_epo,39.0,111.37321508273992,fechner
1246,21_epo,40.0,111.54760130549066,fechner
1247,21_epo,41.0,111.71085424521765,fechner
1248,21_epo,42.0,111.8638716533151,fechner
1249,21_epo,43.0,112.00746575370866,fechner
1250,21_epo,44.0,112.14237244055188,fechner
1251,21_epo,45.0,112.26925940008952,fechner
1252,21_epo,46.0,112.3887332884663,fechner
1253,21_epo,47.0,112.50134608122646,fechner
1254,21_epo,48.0,112.60760069594483,fechner
1255,21_epo,49.0,112.70795597675975,fechner
1256,21_epo,50.0,112.80283111841591,fechner
1257,21_epo,51.0,112.89260959762885,fechner
1258,21_epo,52.0,112.97764267101208,fechner
1259,21_epo,53.0,113.05825249132421,fechner
1260,21_epo,54.0,113.13473488726893,fechner
1261,21_epo,55.00000000000001,113.20736184639817,fechner
1262,21_epo,56.00000000000001,113.27638373572182,fechner
1263,21_epo,56.99999999999999,113.34203129032348,fechner
1264,21_epo,57.99999999999999,113.40451739653362,fechner
1265,21_epo,59.0,113.46403869295203,fechner
1266,21_epo,60.0,113.52077700976935,fechner
1267,21_epo,61.0,113.57490066436438,fechner
1268,21_epo,62.0,113.62656562899487,fechner
1269,21_epo,63.0,113.67591658451617,fechner
1270,21_epo,64.0,113.72308787241842,fechner
1271,21_epo,65.0,113.76820435603393,fechner
1272,21_epo,66.0,113.81138220050882,fechner
1273,21_epo,67.0,113.85272958003026,fechner
1274,21_epo,68.0,113.89234731983477,fechner
1275,21_epo,69.0,113.93032947967325,fechner
1276,21_epo,70.0,113.96676388466415,fechner
1277,21_epo,71.0,114.00173260880852,fechner
1278,21_epo,72.0,114.03531241586391,fechner
1279,21_epo,73.0,114.06757516176319,fechner
1280,21_epo,74.0,114.0985881623155,fechner
1281,21_epo,75.0,114.12841452952749,fechner
1282,21_epo,76.0,114.15711347953223,fechner
1283,21_epo,77.0,114.18474061479981,fechner
1284,21_epo,78.0,114.21134818302895,fechner
1285,21_epo,79.0,114.23698531487092,fechner
1286,21_epo,80.0,114.26169824242099,fechner
1287,21_epo,81.0,114.28553050021668,fechner
1288,21_epo,82.0,114.3085231103096,fechner
1289,21_epo,83.0,114.33071475282323,fechner
1290,21_epo,84.0,114.35214192327102,fechner
1291,21_epo,85.0,114.37283907778549,fechner
1292,21_epo,86.0,114.39283876729971,fechner
1293,21_epo,87.0,114.41217176162257,fechner
1294,21_epo,88.0,114.43086716426168,fechner
1295,21_epo,89.0,114.44895251876751,fechner
1296,21_epo,90.0,114.46645390730114,fechner
1297,21_epo,91.0,114.48339604206411,fechner
1298,21_epo,92.0,114.49980235017046,fechner
1299,21_epo,93.0,114.51569505248897,fechner
1300,21_epo,94.0,114.53109523693725,fechner
1301,21_epo,95.0,114.54602292666613,fechner
1302,22_epo,3.0,68.10984513827577,fechner
1303,22_epo,4.0,71.46313950004419,fechner
1304,22_epo,5.0,74.35071116201067,fechner
1305,22_epo,6.0,77.083102751316,fechner
1306,22_epo,7.000000000000001,79.71857561113202,fechner
1307,22_epo,8.0,82.26234967369159,fechner
1308,22_epo,9.0,84.70302368324248,fechner
1309,22_epo,10.0,87.02586084623093,fechner
1310,22_epo,11.0,89.21845075998885,fechner
1311,22_epo,12.0,91.27278013530956,fechner
1312,22_epo,13.0,93.18548878014892,fechner
1313,22_epo,14.000000000000002,94.95727895653656,fechner
1314,22_epo,15.0,96.59201879804577,fechner
1315,22_epo,16.0,98.09582474165228,fechner
1316,22_epo,17.0,99.47625544748095,fechner
1317,22_epo,18.0,100.74166331106353,fechner
1318,22_epo,19.0,101.90070464815717,fechner
1319,22_epo,20.0,102.96198918289093,fechner
1320,22_epo,21.0,103.9338426993508,fechner
1321,22_epo,22.0,104.82415691396719,fechner
1322,22_epo,23.0,105.64030389293764,fechner
1323,22_epo,24.0,106.38909655847584,fechner
1324,22_epo,25.0,107.07678094982556,fechner
1325,22_epo,26.0,107.7090494830767,fechner
1326,22_epo,27.0,108.29106736063257,fechner
1327,22_epo,28.000000000000004,108.82750654359518,fechner
1328,22_epo,28.999999999999996,109.32258340824511,fechner
1329,22_epo,30.0,109.78009746703255,fechner
1330,22_epo,31.0,110.20346944477335,fechner
1331,22_epo,32.0,110.59577764702419,fechner
1332,22_epo,33.0,110.95979200828323,fechner
1333,22_epo,34.0,111.2980055157908,fechner
1334,22_epo,35.0,111.61266291043817,fechner
1335,22_epo,36.0,111.90578669943815,fechner
1336,22_epo,37.0,112.17920059778194,fechner
1337,22_epo,38.0,112.43455056287411,fechner
1338,22_epo,39.0,112.67332361038702,fechner
1339,22_epo,40.0,112.89686460729742,fechner
1340,22_epo,41.0,113.10639123587016,fechner
1341,22_epo,42.0,113.30300731392362,fechner
1342,22_epo,43.0,113.4877146447116,fechner
1343,22_epo,44.0,113.66142355597972,fechner
1344,22_epo,45.0,113.8249622733883,fechner
1345,22_epo,46.0,113.97908525929314,fechner
1346,22_epo,47.0,114.12448063430665,fechner
1347,22_epo,48.0,114.26177678639179,fechner
1348,22_epo,49.0,114.39154826059617,fechner
1349,22_epo,50.0,114.51432101195924,fechner
1350,22_epo,51.0,114.63057709460546,fechner
1351,22_epo,52.0,114.74075885152196,fechner
1352,22_epo,53.0,114.84527266194314,fechner
1353,22_epo,54.0,114.9444922965481,fechner
1354,22_epo,55.00000000000001,115.03876192473989,fechner
1355,22_epo,56.00000000000001,115.12839881303933,fechner
1356,22_epo,56.99999999999999,115.2136957490138,fechner
1357,22_epo,57.99999999999999,115.29492322110508,fechner
1358,22_epo,59.0,115.37233138115354,fechner
1359,22_epo,60.0,115.44615181328268,fechner
1360,22_epo,61.0,115.51659913005439,fechner
1361,22_epo,62.0,115.58387241438686,fechner
1362,22_epo,63.0,115.64815652360109,fechner
1363,22_epo,64.0,115.7096232700931,fechner
1364,22_epo,65.0,115.76843249148585,fechner
1365,22_epo,66.0,115.82473302166757,fechner
1366,22_epo,67.0,115.8786635728502,fechner
1367,22_epo,68.0,115.93035353765875,fechner
1368,22_epo,69.0,115.97992371927185,fechner
1369,22_epo,70.0,116.02748699676057,fechner
1370,22_epo,71.0,116.07314893200011,fechner
1371,22_epo,72.0,116.11700832384537,fechner
1372,22_epo,73.0,116.1591577146587,fechner
1373,22_epo,74.0,116.19968385374075,fechner
1374,22_epo,75.0,116.23866812174182,fechner
1375,22_epo,76.0,116.27618691970909,fechner
1376,22_epo,77.0,116.3123120260502,fechner
1377,22_epo,78.0,116.34711092436106,fechner
1378,22_epo,79.0,116.38064710476864,fechner
1379,22_epo,80.0,116.4129803411753,fechner
1380,22_epo,81.0,116.44416694655507,fechner
1381,22_epo,82.0,116.47426000824227,fechner
1382,22_epo,83.0,116.50330960496335,fechner
1383,22_epo,84.0,116.53136300719602,fechner
1384,22_epo,85.0,116.55846486228691,fechner
1385,22_epo,86.0,116.58465736562508,fechner
1386,22_epo,87.0,116.60998041904699,fechner
1387,22_epo,88.0,116.63447177753869,fechner
1388,22_epo,89.0,116.65816718520388,fechner
1389,22_epo,90.0,116.68110050137774,fechner
1390,22_epo,91.0,116.70330381768679,fechner
1391,22_epo,92.0,116.72480756678367,fechner
1392,22_epo,93.0,116.74564062342071,fechner
1393,22_epo,94.0,116.76583039846814,fechner
1394,22_epo,95.0,116.78540292642919,fechner
1395,23_epo,3.0,90.23235540083932,fechner
1396,23_epo,4.0,91.9773501310567,fechner
1397,23_epo,5.0,93.42072030078701,fechner
1398,23_epo,6.0,94.67861015866197,fechner
1399,23_epo,7.000000000000001,95.76400695970297,fechner
1400,23_epo,8.0,96.68831908853218,fechner
1401,23_epo,9.0,97.46861995945777,fechner
1402,23_epo,10.0,98.12466405000612,fechner
1403,23_epo,11.0,98.67593812867919,fechner
1404,23_epo,12.0,99.1400489305697,fechner
1405,23_epo,13.0,99.53213178634954,fechner
1406,23_epo,14.000000000000002,99.86483086375613,fechner
1407,23_epo,15.0,100.14854094756588,fechner
1408,23_epo,16.0,100.39173663172109,fechner
1409,23_epo,17.0,100.6013031998443,fechner
1410,23_epo,18.0,100.78283293346637,fechner
1411,23_epo,19.0,100.94087575226676,fechner
1412,23_epo,20.0,101.07914474258455,fechner
1413,23_epo,21.0,101.2006817924372,fechner
1414,23_epo,22.0,101.30798982625114,fechner
1415,23_epo,23.0,101.4031379005198,fechner
1416,23_epo,24.0,101.48784461759078,fechner
1417,23_epo,25.0,101.56354437826576,fechner
1418,23_epo,26.0,101.63144011409814,fechner
1419,23_epo,27.0,101.69254538485117,fechner
1420,23_epo,28.000000000000004,101.74771810733216,fechner
1421,23_epo,28.999999999999996,101.79768768727519,fechner
1422,23_epo,30.0,101.843076936923,fechner
1423,23_epo,31.0,101.88441985756623,fechner
1424,23_epo,32.0,101.9221761307489,fechner
1425,23_epo,33.0,101.95674297929921,fechner
1426,23_epo,34.0,101.98846491786291,fechner
1427,23_epo,35.0,102.01764180282066,fechner
1428,23_epo,36.0,102.04453550607738,fechner
1429,23_epo,37.0,102.0693754706134,fechner
1430,23_epo,38.0,102.09236335357666,fechner
1431,23_epo,39.0,102.11367692178062,fechner
1432,23_epo,40.0,102.13347333222737,fechner
1433,23_epo,41.0,102.15189190476677,fechner
1434,23_epo,42.0,102.16905647374445,fechner
1435,23_epo,43.0,102.18507738934034,fechner
1436,23_epo,44.0,102.20005322637296,fechner
1437,23_epo,45.0,102.21407224795867,fechner
1438,23_epo,46.0,102.22721366303885,fechner
1439,23_epo,47.0,102.23954871000717,fechner
1440,23_epo,48.0,102.25114159315908,fechner
1441,23_epo,49.0,102.26205029419381,fechner
1442,23_epo,50.0,102.27232727732179,fechner
1443,23_epo,51.0,102.28202010351214,fechner
1444,23_epo,52.0,102.29117196692779,fechner
1445,23_epo,53.0,102.2998221645394,fechner
1446,23_epo,54.0,102.3080065082053,fechner
1447,23_epo,55.00000000000001,102.315757687086,fechner
1448,23_epo,56.00000000000001,102.32310558707951,fechner
1449,23_epo,56.99999999999999,102.330077572973,fechner
1450,23_epo,57.99999999999999,102.33669873817666,fechner
1451,23_epo,59.0,102.34299212620586,fechner
1452,23_epo,60.0,102.34897892748815,fechner
1453,23_epo,61.0,102.35467865457308,fechner
1454,23_epo,62.0,102.3601092983992,fechner
1455,23_epo,63.0,102.36528746791274,fechner
1456,23_epo,64.0,102.37022851502647,fechner
1457,23_epo,65.0,102.37494664664443,fechner
1458,23_epo,66.0,102.37945502525407,fechner
1459,23_epo,67.0,102.38376585939548,fechner
1460,23_epo,68.0,102.3878904851505,fechner
1461,23_epo,69.0,102.3918394396531,fechner
1462,23_epo,70.0,102.39562252749782,fechner
1463,23_epo,71.0,102.39924888081792,fechner
1464,23_epo,72.0,102.40272701371043,fechner
1465,23_epo,73.0,102.40606487160669,fechner
1466,23_epo,74.0,102.40926987611597,fechner
1467,23_epo,75.0,102.41234896580893,fechner
1468,23_epo,76.0,102.41530863335456,fechner
1469,23_epo,77.0,102.41815495937742,fechner
1470,23_epo,78.0,102.42089364336121,fechner
1471,23_epo,79.0,102.42353003188867,fechner
1472,23_epo,80.0,102.4260691444764,fechner
1473,23_epo,81.0,102.42851569723518,fechner
1474,23_epo,82.0,102.43087412456218,fechner
1475,23_epo,83.0,102.43314859904918,fechner
1476,23_epo,84.0,102.43534304977237,fechner
1477,23_epo,85.0,102.4374611791121,fechner
1478,23_epo,86.0,102.43950647823554,fechner
1479,23_epo,87.0,102.4414822413621,fechner
1480,23_epo,88.0,102.44339157891987,fechner
1481,23_epo,89.0,102.44523742968997,fechner
1482,23_epo,90.0,102.4470225720267,fechner
1483,23_epo,91.0,102.44874963423305,fechner
1484,23_epo,92.0,102.4504211041631,fechner
1485,23_epo,93.0,102.45203933811639,fechner
1486,23_epo,94.0,102.4536065690833,fechner
1487,23_epo,95.0,102.4551249143947,fechner
1488,24_epo,3.0,117.80430553638416,fechner
1489,24_epo,4.0,120.25944536187404,fechner
1490,24_epo,5.0,122.36118054807902,fechner
1491,24_epo,6.0,124.31237880600321,fechner
1492,24_epo,7.000000000000001,126.13202230226325,fechner
1493,24_epo,8.0,127.81176137905398,fechner
1494,24_epo,9.0,129.34361797390335,fechner
1495,24_epo,10.0,130.72607002050773,fechner
1496,24_epo,11.0,131.96384703305011,fechner
1497,24_epo,12.0,133.06604721310322,fechner
1498,24_epo,13.0,134.0441979181787,fechner
1499,24_epo,14.000000000000002,134.91075376196218,fechner
1500,24_epo,15.0,135.67808956972232,fechner
1501,24_epo,16.0,136.35789935230324,fechner
1502,24_epo,17.0,136.96088561983902,fechner
1503,24_epo,18.0,137.4966389963444,fechner
1504,24_epo,19.0,137.97363371842798,fechner
1505,24_epo,20.0,138.39928809115239,fechner
1506,24_epo,21.0,138.7800570261415,fechner
1507,24_epo,22.0,139.12153648646878,fechner
1508,24_epo,23.0,139.428568115659,fechner
1509,24_epo,24.0,139.70533772780678,fechner
1510,24_epo,25.0,139.95546466223757,fechner
1511,24_epo,26.0,140.1820809778593,fechner
1512,24_epo,27.0,140.3879005748323,fechner
1513,24_epo,28.000000000000004,140.575278913052,fechner
1514,24_epo,28.999999999999996,140.74626426024602,fechner
1515,24_epo,30.0,140.90264148109176,fechner
1516,24_epo,31.0,141.04596935549876,fechner
1517,24_epo,32.0,141.1776123392419,fechner
1518,24_epo,33.0,141.2987675831115,fechner
1519,24_epo,34.0,141.41048792455547,fechner
1520,24_epo,35.0,141.5137014675475,fechner
1521,24_epo,36.0,141.60922827659903,fechner
1522,24_epo,37.0,141.69779463120116,fechner
1523,24_epo,38.0,141.78004521777632,fechner
1524,24_epo,39.0,141.85655357687506,fechner
1525,24_epo,40.0,141.92783107292823,fechner
1526,24_epo,41.0,141.99433461128496,fechner
1527,24_epo,42.0,142.05647329146396,fechner
1528,24_epo,43.0,142.114614155519,fechner
1529,24_epo,44.0,142.1690871652821,fechner
1530,24_epo,45.0,142.22018952121388,fechner
1531,24_epo,46.0,142.26818941799942,fechner
1532,24_epo,47.0,142.313329317303,fechner
1533,24_epo,48.0,142.35582880576675,fechner
1534,24_epo,49.0,142.39588709600397,fechner
1535,24_epo,50.0,142.43368521965965,fechner
1536,24_epo,51.0,142.46938795432135,fechner
1537,24_epo,52.0,142.50314551992315,fechner
1538,24_epo,53.0,142.5350950751081,fechner
1539,24_epo,54.0,142.56536203964174,fechner
1540,24_epo,55.00000000000001,142.59406126526682,fechner
1541,24_epo,56.00000000000001,142.62129807425205,fechner
1542,24_epo,56.99999999999999,142.6471691822204,fechner
1543,24_epo,57.99999999999999,142.67176351957457,fechner
1544,24_epo,59.0,142.69516296390148,fechner
1545,24_epo,60.0,142.71744299408513,fechner
1546,24_epo,61.0,142.73867327544153,fechner
1547,24_epo,62.0,142.75891818397716,fechner
1548,24_epo,63.0,142.77823727682787,fechner
1549,24_epo,64.0,142.79668571504052,fechner
1550,24_epo,65.0,142.81431464408237,fechner
1551,24_epo,66.0,142.8311715367977,fechner
1552,24_epo,67.0,142.84730050295082,fechner
1553,24_epo,68.0,142.86274256899287,fechner
1554,24_epo,69.0,142.877535931256,fechner
1555,24_epo,70.0,142.8917161853966,fechner
1556,24_epo,71.0,142.90531653458186,fechner
1557,24_epo,72.0,142.9183679786238,fechner
1558,24_epo,73.0,142.93089948601363,fechner
1559,24_epo,74.0,142.94293815058896,fechner
1560,24_epo,75.0,142.95450933437166,fechner
1561,24_epo,76.0,142.96563679794596,fechner
1562,24_epo,77.0,142.97634281959498,fechner
1563,24_epo,78.0,142.986648304284,fechner
1564,24_epo,79.0,142.9965728834611,fechner
1565,24_epo,80.0,143.00613500654424,fechner
1566,24_epo,81.0,143.01535202487173,fechner
1567,24_epo,82.0,143.02424026881474,fechner
1568,24_epo,83.0,143.03281511867667,fechner
1569,24_epo,84.0,143.04109106994238,fechner
1570,24_epo,85.0,143.04908179338406,fechner
1571,24_epo,86.0,143.05680019047838,fechner
1572,24_epo,87.0,143.06425844454802,fechner
1573,24_epo,88.0,143.07146806799713,fechner
1574,24_epo,89.0,143.07843994597778,fechner
1575,24_epo,90.0,143.08518437678978,fechner
1576,24_epo,91.0,143.0917111092901,fechner
1577,24_epo,92.0,143.09802937756027,fechner
1578,24_epo,93.0,143.10414793305873,fechner
1579,24_epo,94.0,143.11007507446323,fechner
1580,24_epo,95.0,143.11581867539073,fechner
1581,25_epo,3.0,45.98310398779915,fechner
1582,25_epo,4.0,53.279385456024826,fechner
1583,25_epo,5.0,59.524567266484695,fechner
1584,25_epo,6.0,65.32043233912468,fechner
1585,25_epo,7.000000000000001,70.72273006709618,fechner
1586,25_epo,8.0,75.7066382206251,fechner
1587,25_epo,9.0,80.2488869044092,fechner
1588,25_epo,10.0,84.34558107641172,fechner
1589,25_epo,11.0,88.01141014051042,fechner
1590,25_epo,12.0,91.2739568596875,fechner
1591,25_epo,13.0,94.16790034553611,fechner
1592,25_epo,14.000000000000002,96.73055483536359,fechner
1593,25_epo,15.0,98.99889486559833,fechner
1594,25_epo,16.0,101.00779143945425,fechner
1595,25_epo,17.0,102.78910976813854,fechner
1596,25_epo,18.0,104.37136907750944,fechner
1597,25_epo,19.0,105.77974290520854,fechner
1598,25_epo,20.0,107.03624891957456,fechner
1599,25_epo,21.0,108.16003120738569,fechner
1600,25_epo,22.0,109.16767573267883,fechner
1601,25_epo,23.0,110.0735247014671,fechner
1602,25_epo,24.0,110.88997149905722,fechner
1603,25_epo,25.0,111.6277276431033,fechner
1604,25_epo,26.0,112.29605896382166,fechner
1605,25_epo,27.0,112.90299145733476,fechner
1606,25_epo,28.000000000000004,113.45548893343302,fechner
1607,25_epo,28.999999999999996,113.95960532200787,fechner
1608,25_epo,30.0,114.42061470753198,fechner
1609,25_epo,31.0,114.84312207157664,fechner
1610,25_epo,32.0,115.23115748635587,fechner
1611,25_epo,33.0,115.58825620403442,fechner
1612,25_epo,34.0,115.91752677598295,fechner
1613,25_epo,35.0,116.22170903951597,fechner
1614,25_epo,36.0,116.50322353954607,fechner
1615,25_epo,37.0,116.76421371380957,fechner
1616,25_epo,38.0,117.00658196325308,fechner
1617,25_epo,39.0,117.23202055190988,fechner
1618,25_epo,40.0,117.44203813018568,fechner
1619,25_epo,41.0,117.63798254861054,fechner
1620,25_epo,42.0,117.82106052254069,fechner
1621,25_epo,43.0,117.99235461899639,fechner
1622,25_epo,44.0,118.15283796210736,fechner
1623,25_epo,45.0,118.30338699117226,fechner
1624,25_epo,46.0,118.44479255311087,fechner
1625,25_epo,47.0,118.5777695674071,fechner
1626,25_epo,48.0,118.70296546507655,fechner
1627,25_epo,49.0,118.82096757255266,fechner
1628,25_epo,50.0,118.93230958567791,fechner
1629,25_epo,51.0,119.03747725738438,fechner
1630,25_epo,52.0,119.13691340446695,fechner
1631,25_epo,53.0,119.23102232352528,fechner
1632,25_epo,54.0,119.32017369320515,fechner
1633,25_epo,55.00000000000001,119.40470602891659,fechner
1634,25_epo,56.00000000000001,119.48492974692155,fechner
1635,25_epo,56.99999999999999,119.56112988679759,fechner
1636,25_epo,57.99999999999999,119.63356853457445,fechner
1637,25_epo,59.0,119.70248698311849,fechner
1638,25_epo,60.0,119.76810766145383,fechner
1639,25_epo,61.0,119.83063586052639,fechner
1640,25_epo,62.0,119.89026127933072,fechner
1641,25_epo,63.0,119.94715941223923,fechner
1642,25_epo,64.0,120.0014927957213,fechner
1643,25_epo,65.0,120.05341213035419,fechner
1644,25_epo,66.0,120.10305729205223,fechner
1645,25_epo,67.0,120.15055824473237,fechner
1646,25_epo,68.0,120.19603586515233,fechner
1647,25_epo,69.0,120.23960268937142,fechner
1648,25_epo,70.0,120.28136358916453,fechner
1649,25_epo,71.0,120.32141638574602,fechner
1650,25_epo,72.0,120.35985240730753,fechner
1651,25_epo,73.0,120.39675699613166,fechner
1652,25_epo,74.0,120.4322099703906,fechner
1653,25_epo,75.0,120.46628604516896,fechner
1654,25_epo,76.0,120.49905521674778,fechner
1655,25_epo,77.0,120.53058311374524,fechner
1656,25_epo,78.0,120.56093131832213,fechner
1657,25_epo,79.0,120.59015766031575,fechner
1658,25_epo,80.0,120.61831648686437,fechner
1659,25_epo,81.0,120.64545890981593,fechner
1660,25_epo,82.0,120.67163303297696,fechner
1661,25_epo,83.0,120.69688416104816,fechner
1662,25_epo,84.0,120.72125499190528,fechner
1663,25_epo,85.0,120.74478579371758,fechner
1664,25_epo,86.0,120.76751456824923,fechner
1665,25_epo,87.0,120.78947720155544,fechner
1666,25_epo,88.0,120.8107076031686,fechner
1667,25_epo,89.0,120.83123783476324,fechner
1668,25_epo,90.0,120.85109822919588,fechner
1669,25_epo,91.0,120.87031750072947,fechner
1670,25_epo,92.0,120.88892284717835,fechner
1671,25_epo,93.0,120.90694004464068,fechner
1672,25_epo,94.0,120.92439353542386,fechner
1673,25_epo,95.0,120.94130650971466,fechner
1674,2_epo,3.0,89.2339647439916,fechner
1675,2_epo,4.0,91.55019243689577,fechner
1676,2_epo,5.0,93.52726602576283,fechner
1677,2_epo,6.0,95.34975096950083,fechner
1678,2_epo,7.000000000000001,97.03199475904236,fechner
1679,2_epo,8.0,98.56666462607329,fechner
1680,2_epo,9.0,99.94933968321604,fechner
1681,2_epo,10.0,101.18260135080125,fechner
1682,2_epo,11.0,102.27476984119126,fechner
1683,2_epo,12.0,103.23762118047861,fechner
1684,2_epo,13.0,104.08442191294752,fechner
1685,2_epo,14.000000000000002,104.82857026120568,fechner
1686,2_epo,15.0,105.48278058649724,fechner
1687,2_epo,16.0,106.05866343805063,fechner
1688,2_epo,17.0,106.5665631509869,fechner
1689,2_epo,18.0,107.01554922566253,fechner
1690,2_epo,19.0,107.41349132583498,fechner
1691,2_epo,20.0,107.7671736406629,fechner
1692,2_epo,21.0,108.08242228303666,fechner
1693,2_epo,22.0,108.3642310285844,fechner
1694,2_epo,23.0,108.61687790130307,fechner
1695,2_epo,24.0,108.84402938843668,fechner
1696,2_epo,25.0,109.04883149294552,fechner
1697,2_epo,26.0,109.2339881243796,fechner
1698,2_epo,27.0,109.40182794858059,fechner
1699,2_epo,28.000000000000004,109.55436105022014,fechner
1700,2_epo,28.999999999999996,109.69332678419592,fechner
1701,2_epo,30.0,109.82023410604398,fechner
1702,2_epo,31.0,109.93639553780352,fechner
1703,2_epo,32.0,110.04295577775792,fechner
1704,2_epo,33.0,110.14091581797733,fechner
1705,2_epo,34.0,110.23115330122447,fechner
1706,2_epo,35.0,110.3144397319579,fechner
1707,2_epo,36.0,110.39145505543085,fechner
1708,2_epo,37.0,110.46280003333716,fechner
1709,2_epo,38.0,110.52900677254684,fechner
1710,2_epo,39.0,110.59054770343272,fechner
1711,2_epo,40.0,110.64784325438194,fechner
1712,2_epo,41.0,110.70126842771217,fechner
1713,2_epo,42.0,110.75115844796724,fechner
1714,2_epo,43.0,110.79781362523644,fechner
1715,2_epo,44.0,110.84150355270269,fechner
1716,2_epo,45.0,110.88247073822251,fechner
1717,2_epo,46.0,110.92093375365947,fechner
1718,2_epo,47.0,110.95708997235118,fechner
1719,2_epo,48.0,110.99111795399935,fechner
1720,2_epo,49.0,111.02317952704085,fechner
1721,2_epo,50.0,111.05342161085642,fechner
1722,2_epo,51.0,111.08197781373796,fechner
1723,2_epo,52.0,111.10896983714532,fechner
1724,2_epo,53.0,111.13450871226003,fechner
1725,2_epo,54.0,111.1586958910396,fechner
1726,2_epo,55.00000000000001,111.18162421076975,fechner
1727,2_epo,56.00000000000001,111.20337874840384,fechner
1728,2_epo,56.99999999999999,111.2240375786867,fechner
1729,2_epo,57.99999999999999,111.24367244811609,fechner
1730,2_epo,59.0,111.26234937514155,fechner
1731,2_epo,60.0,111.28012918559327,fechner
1732,2_epo,61.0,111.29706799113147,fechner
1733,2_epo,62.0,111.31321761747891,fechner
1734,2_epo,63.0,111.32862598831794,fechner
1735,2_epo,64.0,111.34333746997724,fechner
1736,2_epo,65.0,111.35739318138197,fechner
1737,2_epo,66.0,111.3708312731799,fechner
1738,2_epo,67.0,111.38368717947137,fechner
1739,2_epo,68.0,111.39599384515093,fechner
1740,2_epo,69.0,111.40778193150535,fechner
1741,2_epo,70.0,111.4190800023966,fechner
1742,2_epo,71.0,111.4299146930828,fechner
1743,2_epo,72.0,111.44031086349223,fechner
1744,2_epo,73.0,111.45029173755466,fechner
1745,2_epo,74.0,111.45987903001256,fechner
1746,2_epo,75.0,111.46909306197401,fechner
1747,2_epo,76.0,111.47795286632908,fechner
1748,2_epo,77.0,111.48647628402767,fechner
1749,2_epo,78.0,111.49468005210841,fechner
1750,2_epo,79.0,111.50257988427221,fechner
1751,2_epo,80.0,111.51019054471007,fechner
1752,2_epo,81.0,111.51752591581999,fechner
1753,2_epo,82.0,111.52459906038087,fechner
1754,2_epo,83.0,111.5314222786945,fechner
1755,2_epo,84.0,111.53800716115289,fechner
1756,2_epo,85.0,111.54436463664332,fechner
1757,2_epo,86.0,111.55050501716197,fechner
1758,2_epo,87.0,111.55643803897004,fechner
1759,2_epo,88.0,111.56217290059456,fechner
1760,2_epo,89.0,111.56771829794562,fechner
1761,2_epo,90.0,111.57308245679695,fechner
1762,2_epo,91.0,111.57827316285261,fechner
1763,2_epo,92.0,111.583297789602,fechner
1764,2_epo,93.0,111.58816332414645,fechner
1765,2_epo,94.0,111.5928763911639,fechner
1766,2_epo,95.0,111.59744327516309,fechner
1767,3_epo,3.0,93.4841483259756,fechner
1768,3_epo,4.0,93.4841483259756,fechner
1769,3_epo,5.0,93.4841483259756,fechner
1770,3_epo,6.0,93.4841483259756,fechner
1771,3_epo,7.000000000000001,93.4841483259756,fechner
1772,3_epo,8.0,93.4841483259756,fechner
1773,3_epo,9.0,93.4841483259756,fechner
1774,3_epo,10.0,93.4841483259756,fechner
1775,3_epo,11.0,93.4841483259756,fechner
1776,3_epo,12.0,93.4841483259756,fechner
1777,3_epo,13.0,93.4841483259756,fechner
1778,3_epo,14.000000000000002,93.4841483259756,fechner
1779,3_epo,15.0,93.4841483259756,fechner
1780,3_epo,16.0,93.4841483259756,fechner
1781,3_epo,17.0,93.4841483259756,fechner
1782,3_epo,18.0,93.4841483259756,fechner
1783,3_epo,19.0,93.4841483259756,fechner
1784,3_epo,20.0,93.4841483259756,fechner
1785,3_epo,21.0,93.4841483259756,fechner
1786,3_epo,22.0,93.4841483259756,fechner
1787,3_epo,23.0,93.4841483259756,fechner
1788,3_epo,24.0,93.4841483259756,fechner
1789,3_epo,25.0,93.4841483259756,fechner
1790,3_epo,26.0,93.4841483259756,fechner
1791,3_epo,27.0,93.4841483259756,fechner
1792,3_epo,28.000000000000004,93.4841483259756,fechner
1793,3_epo,28.999999999999996,93.4841483259756,fechner
1794,3_epo,30.0,93.4841483259756,fechner
1795,3_epo,31.0,93.4841483259756,fechner
1796,3_epo,32.0,93.4841483259756,fechner
1797,3_epo,33.0,93.4841483259756,fechner
1798,3_epo,34.0,93.4841483259756,fechner
1799,3_epo,35.0,93.4841483259756,fechner
1800,3_epo,36.0,93.4841483259756,fechner
1801,3_epo,37.0,93.4841483259756,fechner
1802,3_epo,38.0,93.4841483259756,fechner
1803,3_epo,39.0,93.4841483259756,fechner
1804,3_epo,40.0,93.4841483259756,fechner
1805,3_epo,41.0,93.4841483259756,fechner
1806,3_epo,42.0,93.4841483259756,fechner
1807,3_epo,43.0,93.4841483259756,fechner
1808,3_epo,44.0,93.4841483259756,fechner
1809,3_epo,45.0,93.4841483259756,fechner
1810,3_epo,46.0,93.4841483259756,fechner
1811,3_epo,47.0,93.4841483259756,fechner
1812,3_epo,48.0,93.4841483259756,fechner
1813,3_epo,49.0,93.4841483259756,fechner
1814,3_epo,50.0,93.4841483259756,fechner
1815,3_epo,51.0,93.4841483259756,fechner
1816,3_epo,52.0,93.4841483259756,fechner
1817,3_epo,53.0,93.4841483259756,fechner
1818,3_epo,54.0,93.4841483259756,fechner
1819,3_epo,55.00000000000001,93.4841483259756,fechner
1820,3_epo,56.00000000000001,93.4841483259756,fechner
1821,3_epo,56.99999999999999,93.4841483259756,fechner
1822,3_epo,57.99999999999999,93.4841483259756,fechner
1823,3_epo,59.0,93.4841483259756,fechner
1824,3_epo,60.0,93.4841483259756,fechner
1825,3_epo,61.0,93.4841483259756,fechner
1826,3_epo,62.0,93.4841483259756,fechner
1827,3_epo,63.0,93.4841483259756,fechner
1828,3_epo,64.0,93.4841483259756,fechner
1829,3_epo,65.0,93.4841483259756,fechner
1830,3_epo,66.0,93.4841483259756,fechner
1831,3_epo,67.0,93.4841483259756,fechner
1832,3_epo,68.0,93.4841483259756,fechner
1833,3_epo,69.0,93.4841483259756,fechner
1834,3_epo,70.0,93.4841483259756,fechner
1835,3_epo,71.0,93.4841483259756,fechner
1836,3_epo,72.0,93.4841483259756,fechner
1837,3_epo,73.0,93.4841483259756,fechner
1838,3_epo,74.0,93.4841483259756,fechner
1839,3_epo,75.0,93.4841483259756,fechner
1840,3_epo,76.0,93.4841483259756,fechner
1841,3_epo,77.0,93.4841483259756,fechner
1842,3_epo,78.0,93.4841483259756,fechner
1843,3_epo,79.0,93.4841483259756,fechner
1844,3_epo,80.0,93.4841483259756,fechner
1845,3_epo,81.0,93.4841483259756,fechner
1846,3_epo,82.0,93.4841483259756,fechner
1847,3_epo,83.0,93.4841483259756,fechner
1848,3_epo,84.0,93.4841483259756,fechner
1849,3_epo,85.0,93.4841483259756,fechner
1850,3_epo,86.0,93.4841483259756,fechner
1851,3_epo,87.0,93.4841483259756,fechner
1852,3_epo,88.0,93.4841483259756,fechner
1853,3_epo,89.0,93.4841483259756,fechner
1854,3_epo,90.0,93.4841483259756,fechner
1855,3_epo,91.0,93.4841483259756,fechner
1856,3_epo,92.0,93.4841483259756,fechner
1857,3_epo,93.0,93.4841483259756,fechner
1858,3_epo,94.0,93.4841483259756,fechner
1859,3_epo,95.0,93.4841483259756,fechner
1860,4_epo,3.0,56.66952511004231,fechner
1861,4_epo,4.0,64.0301894164,fechner
1862,4_epo,5.0,69.74308360360384,fechner
1863,4_epo,6.0,74.33991694054062,fechner
1864,4_epo,7.000000000000001,78.01045930711007,fechner
1865,4_epo,8.0,80.92882669335377,fechner
1866,4_epo,9.0,83.2525777533028,fechner
1867,4_epo,10.0,85.11292476424512,fechner
1868,4_epo,11.0,86.61371676776479,fechner
1869,4_epo,12.0,87.83503762471038,fechner
1870,4_epo,13.0,88.8379665359111,fechner
1871,4_epo,14.000000000000002,89.66897914563322,fechner
1872,4_epo,15.0,90.36353446252262,fechner
1873,4_epo,16.0,90.94883715660347,fechner
1874,4_epo,17.0,91.44590859655486,fechner
1875,4_epo,18.0,91.87112161170886,fechner
1876,4_epo,19.0,92.23733405576614,fechner
1877,4_epo,20.0,92.55472727563802,fechner
1878,4_epo,21.0,92.83142896900398,fechner
1879,4_epo,22.0,93.07397862875395,fechner
1880,4_epo,23.0,93.28767775357666,fechner
1881,4_epo,24.0,93.47685529781386,fechner
1882,4_epo,25.0,93.64507039885214,fechner
1883,4_epo,26.0,93.79526837698579,fechner
1884,4_epo,27.0,93.92990167598231,fechner
1885,4_epo,28.000000000000004,94.05102430784333,fechner
1886,4_epo,28.999999999999996,94.16036612811057,fechner
1887,4_epo,30.0,94.25939164749937,fechner
1888,4_epo,31.0,94.34934690463423,fechner
1889,4_epo,32.0,94.43129705844409,fechner
1890,4_epo,33.0,94.50615671922125,fechner
1891,4_epo,34.0,94.5747145619709,fechner
1892,4_epo,35.0,94.6376534099719,fechner
1893,4_epo,36.0,94.6955667085472,fechner
1894,4_epo,37.0,94.74897210593257,fechner
1895,4_epo,38.0,94.79832270318683,fechner
1896,4_epo,39.0,94.844016416154,fechner
1897,4_epo,40.0,94.88640380065588,fechner
1898,4_epo,41.0,94.92579462077784,fechner
1899,4_epo,42.0,94.96246338441911,fechner
1900,4_epo,43.0,94.99665402655224,fechner
1901,4_epo,44.0,95.02858388612918,fechner
1902,4_epo,45.0,95.05844709519963,fechner
1903,4_epo,46.0,95.08641747699272,fechner
1904,4_epo,47.0,95.11265103224561,fechner
1905,4_epo,48.0,95.13728807901268,fechner
1906,4_epo,49.0,95.16045509983897,fechner
1907,4_epo,50.0,95.18226634097549,fechner
1908,4_epo,51.0,95.20282520081341,fechner
1909,4_epo,52.0,95.2222254385847,fechner
1910,4_epo,53.0,95.24055222934186,fechner
1911,4_epo,54.0,95.2578830870858,fechner
1912,4_epo,55.00000000000001,95.27428867448268,fechner
1913,4_epo,56.00000000000001,95.2898335147688,fechner
1914,4_epo,56.99999999999999,95.30457661907745,fechner
1915,4_epo,57.99999999999999,95.31857204044596,fechner
1916,4_epo,59.0,95.33186936410848,fechner
1917,4_epo,60.0,95.34451414229093,fechner
1918,4_epo,61.0,95.35654828055436,fechner
1919,4_epo,62.0,95.36801038174507,fechner
1920,4_epo,63.0,95.37893605277277,fechner
1921,4_epo,64.0,95.38935817872765,fechner
1922,4_epo,65.0,95.39930716824122,fechner
1923,4_epo,66.0,95.40881117348069,fechner
1924,4_epo,67.0,95.41789628772332,fechner
1925,4_epo,68.0,95.42658672307982,fechner
1926,4_epo,69.0,95.4349049706087,fechner
1927,4_epo,70.0,95.44287194478429,fechner
1928,4_epo,71.0,95.4505071140384,fechner
1929,4_epo,72.0,95.45782861888588,fechner
1930,4_epo,73.0,95.46485337896354,fechner
1931,4_epo,74.0,95.47159719015372,fechner
1932,4_epo,75.0,95.47807481282659,fechner
1933,4_epo,76.0,95.48430005211605,fechner
1934,4_epo,77.0,95.49028583103923,fechner
1935,4_epo,78.0,95.4960442571784,fechner
1936,4_epo,79.0,95.50158668356411,fechner
1937,4_epo,80.0,95.50692376432795,fechner
1938,4_epo,81.0,95.51206550563138,fechner
1939,4_epo,82.0,95.51702131232264,fechner
1940,4_epo,83.0,95.52180003072641,fechner
1941,4_epo,84.0,95.52640998792685,fechner
1942,4_epo,85.0,95.5308590278694,fechner
1943,4_epo,86.0,95.53515454457064,fechner
1944,4_epo,87.0,95.53930351269909,fechner
1945,4_epo,88.0,95.54331251576053,fechner
1946,4_epo,89.0,95.54718777210073,fechner
1947,4_epo,90.0,95.55093515891569,fechner
1948,4_epo,91.0,95.55456023444214,fechner
1949,4_epo,92.0,95.55806825848403,fechner
1950,4_epo,93.0,95.56146421141585,fechner
1951,4_epo,94.0,95.56475281179044,fechner
1952,4_epo,95.0,95.56793853266728,fechner
1953,5_epo,3.0,55.54544599051864,fechner
1954,5_epo,4.0,60.426431287334665,fechner
1955,5_epo,5.0,64.62447145829721,fechner
1956,5_epo,6.0,68.57698976726945,fechner
1957,5_epo,7.000000000000001,72.3498897624288,fechner
1958,5_epo,8.0,75.9365354246264,fechner
1959,5_epo,9.0,79.31459784263821,fechner
1960,5_epo,10.0,82.46475904508397,fechner
1961,5_epo,11.0,85.37647631635586,fechner
1962,5_epo,12.0,88.04837629682211,fechner
1963,5_epo,13.0,90.48657769780694,fechner
1964,5_epo,14.000000000000002,92.70249715386117,fechner
1965,5_epo,15.0,94.7108225636589,fechner
1966,5_epo,16.0,96.52789545601277,fechner
1967,5_epo,17.0,98.17053242272605,fechner
1968,5_epo,18.0,99.65522793870934,fechner
1969,5_epo,19.0,100.99765550444698,fechner
1970,5_epo,20.0,102.21238696944634,fechner
1971,5_epo,21.0,103.31276336308362,fechner
1972,5_epo,22.0,104.31086603538716,fechner
1973,5_epo,23.0,105.21755079922107,fechner
1974,5_epo,24.0,106.04251893579683,fechner
1975,5_epo,25.0,106.79440736139516,fechner
1976,5_epo,26.0,107.48088636321818,fechner
1977,5_epo,27.0,108.10875760243009,fechner
1978,5_epo,28.000000000000004,108.68404801828999,fechner
1979,5_epo,28.999999999999996,109.21209722883732,fechner
1980,5_epo,30.0,109.69763730151965,fechner
1981,5_epo,31.0,110.1448645749927,fechner
1982,5_epo,32.0,110.55750370367198,fechner
1983,5_epo,33.0,110.9388643763426,fechner
1984,5_epo,34.0,111.29189130286574,fechner
1985,5_epo,35.0,111.61920811879683,fechner
1986,5_epo,36.0,111.92315586009202,fechner
1987,5_epo,37.0,112.20582663121468,fechner
1988,5_epo,38.0,112.46909304429242,fechner
1989,5_epo,39.0,112.71463395372372,fechner
1990,5_epo,40.0,112.94395695549933,fechner
1991,5_epo,41.0,113.15841806689076,fechner
1992,5_epo,42.0,113.35923895196213,fechner
1993,5_epo,43.0,113.5475220125178,fechner
1994,5_epo,44.0,113.72426362293409,fechner
1995,5_epo,45.0,113.8903657508083,fechner
1996,5_epo,46.0,114.04664617324589,fechner
1997,5_epo,47.0,114.19384747054573,fechner
1998,5_epo,48.0,114.33264495463646,fechner
1999,5_epo,49.0,114.46365366845848,fechner
2000,5_epo,50.0,114.58743457418657,fechner
2001,5_epo,51.0,114.70450003238805,fechner
2002,5_epo,52.0,114.8153186605817,fechner
2003,5_epo,53.0,114.92031964791202,fechner
2004,5_epo,54.0,115.01989659252493,fechner
2005,5_epo,55.00000000000001,115.11441091949848,fechner
2006,5_epo,56.00000000000001,115.20419492965195,fechner
2007,5_epo,56.99999999999999,115.28955452305777,fechner
2008,5_epo,57.99999999999999,115.3707716354685,fechner
2009,5_epo,59.0,115.4481064210206,fechner
2010,5_epo,60.0,115.52179921038072,fechner
2011,5_epo,61.0,115.59207226986507,fechner
2012,5_epo,62.0,115.6591313839114,fechner
2013,5_epo,63.0,115.72316728054757,fechner
2014,5_epo,64.0,115.7843569171234,fechner
2015,5_epo,65.0,115.84286464150287,fechner
2016,5_epo,66.0,115.89884324211155,fechner
2017,5_epo,67.0,115.95243489866137,fechner
2018,5_epo,68.0,116.00377204399965,fechner
2019,5_epo,69.0,116.05297814632908,fechner
2020,5_epo,70.0,116.10016841999138,fechner
2021,5_epo,71.0,116.14545047208358,fechner
2022,5_epo,72.0,116.18892489136692,fechner
2023,5_epo,73.0,116.23068578521261,fechner
2024,5_epo,74.0,116.27082126970342,fechner
2025,5_epo,75.0,116.30941391745436,fechner
2026,5_epo,76.0,116.3465411672284,fechner
2027,5_epo,77.0,116.38227569899092,fechner
2028,5_epo,78.0,116.41668577766396,fechner
2029,5_epo,79.0,116.44983556850327,fechner
2030,5_epo,80.0,116.4817854267198,fechner
2031,5_epo,81.0,116.51259216370171,fechner
2032,5_epo,82.0,116.54230929195386,fechner
2033,5_epo,83.0,116.57098725066203,fechner
2034,5_epo,84.0,116.59867361359998,fechner
2035,5_epo,85.0,116.62541328092892,fechner
2036,5_epo,86.0,116.65124865628984,fechner
2037,5_epo,87.0,116.67621981045409,fechner
2038,5_epo,88.0,116.70036463267728,fechner
2039,5_epo,89.0,116.72371897079408,fechner
2040,5_epo,90.0,116.74631676099493,fechner
2041,5_epo,91.0,116.76819014813778,fechner
2042,5_epo,92.0,116.78936959737135,fechner
2043,5_epo,93.0,116.8098839977748,fechner
2044,5_epo,94.0,116.82976075865587,fechner
2045,5_epo,95.0,116.84902589909235,fechner
2046,6_epo,3.0,137.37464426782634,fechner
2047,6_epo,4.0,139.10481658305096,fechner
2048,6_epo,5.0,140.50070938560697,fechner
2049,6_epo,6.0,141.6763059731992,fechner
2050,6_epo,7.000000000000001,142.6558563638898,fechner
2051,6_epo,8.0,143.4637814730747,fechner
2052,6_epo,9.0,144.12708160089352,fechner
2053,6_epo,10.0,144.67166319973492,fechner
2054,6_epo,11.0,145.120188325308,fechner
2055,6_epo,12.0,145.49147374732047,fechner
2056,6_epo,13.0,145.80070599345498,fechner
2057,6_epo,14.000000000000002,146.05996560856295,fechner
2058,6_epo,15.0,146.27880368350174,fechner
2059,6_epo,16.0,146.46476361613648,fechner
2060,6_epo,17.0,146.62381554915817,fechner
2061,6_epo,18.0,146.76070335992645,fechner
2062,6_epo,19.0,146.8792158863792,fechner
2063,6_epo,20.0,146.98239667724422,fechner
2064,6_epo,21.0,147.07270550276428,fechner
2065,6_epo,22.0,147.15214266939105,fechner
2066,6_epo,23.0,147.2223448994394,fechner
2067,6_epo,24.0,147.2846595445057,fechner
2068,6_epo,25.0,147.34020228984832,fechner
2069,6_epo,26.0,147.38990225259673,fechner
2070,6_epo,27.0,147.43453742045278,fechner
2071,6_epo,28.000000000000004,147.474762656575,fechner
2072,6_epo,28.999999999999996,147.5111319555322,fechner
2073,6_epo,30.0,147.5441162301798,fechner
2074,6_epo,31.0,147.57411760572185,fechner
2075,6_epo,32.0,147.60148096913028,fechner
2076,6_epo,33.0,147.62650335014968,fechner
2077,6_epo,34.0,147.6494415799662,fechner
2078,6_epo,35.0,147.67051857466762,fechner
2079,6_epo,36.0,147.68992851502477,fechner
2080,6_epo,37.0,147.7078411360894,fechner
2081,6_epo,38.0,147.72440529532432,fechner
2082,6_epo,39.0,147.7397519532596,fechner
2083,6_epo,40.0,147.75399667360992,fechner
2084,6_epo,41.0,147.7672417285967,fechner
2085,6_epo,42.0,147.77957787854552,fechner
2086,6_epo,43.0,147.7910858816439,fechner
2087,6_epo,44.0,147.80183777927448,fechner
2088,6_epo,45.0,147.81189799398322,fechner
2089,6_epo,46.0,147.82132427044792,fechner
2090,6_epo,47.0,147.83016848442387,fechner
2091,6_epo,48.0,147.8384773402905,fechner
2092,6_epo,49.0,147.8462929742899,fechner
2093,6_epo,50.0,147.85365347767208,fechner
2094,6_epo,51.0,147.86059335160863,fechner
2095,6_epo,52.0,147.8671439038077,fechner
2096,6_epo,53.0,147.8733335951734,fechner
2097,6_epo,54.0,147.8791883435398,fechner
2098,6_epo,55.00000000000001,147.88473179042154,fechner
2099,6_epo,56.00000000000001,147.8899855358169,fechner
2100,6_epo,56.99999999999999,147.89496934534475,fechner
2101,6_epo,57.99999999999999,147.89970133336445,fechner
2102,6_epo,59.0,147.90419812519693,fechner
2103,6_epo,60.0,147.90847500111892,fechner
2104,6_epo,61.0,147.91254602442578,fechner
2105,6_epo,62.0,147.91642415553883,fechner
2106,6_epo,63.0,147.920121353863,fechner
2107,6_epo,64.0,147.92364866886993,fechner
2108,6_epo,65.0,147.92701632168587,fechner
2109,6_epo,66.0,147.9302337782955,fechner
2110,6_epo,67.0,147.93330981532918,fechner
2111,6_epo,68.0,147.93625257927783,fechner
2112,6_epo,69.0,147.93906963987314,fechner
2113,6_epo,70.0,147.94176803827918,fechner
2114,6_epo,71.0,147.9443543306628,fechner
2115,6_epo,72.0,147.94683462764064,fechner
2116,6_epo,73.0,147.94921463004206,fechner
2117,6_epo,74.0,147.9514996613751,fechner
2118,6_epo,75.0,147.9536946973372,fechner
2119,6_epo,76.0,147.9558043926739,fechner
2120,6_epo,77.0,147.95783310565363,fechner
2121,6_epo,78.0,147.95978492039677,fechner
2122,6_epo,79.0,147.9616636672712,fechner
2123,6_epo,80.0,147.96347294154262,fechner
2124,6_epo,81.0,147.96521612044805,fechner
2125,6_epo,82.0,147.96689637884296,fechner
2126,6_epo,83.0,147.96851670355596,fechner
2127,6_epo,84.0,147.97007990657167,fechner
2128,6_epo,85.0,147.97158863714972,fechner
2129,6_epo,86.0,147.9730453929765,fechner
2130,6_epo,87.0,147.97445253043688,fechner
2131,6_epo,88.0,147.975812274084,fechner
2132,6_epo,89.0,147.97712672537847,fechner
2133,6_epo,90.0,147.97839787075947,fechner
2134,6_epo,91.0,147.97962758910668,fechner
2135,6_epo,92.0,147.98081765864376,fechner
2136,6_epo,93.0,147.98196976333156,fechner
2137,6_epo,94.0,147.98308549879292,fechner
2138,6_epo,95.0,147.9841663778082,fechner
2139,7_epo,3.0,79.27013540039614,fechner
2140,7_epo,4.0,95.47168751206092,fechner
2141,7_epo,5.0,101.2257686576265,fechner
2142,7_epo,6.0,104.06976054215598,fechner
2143,7_epo,7.000000000000001,105.70519588018398,fechner
2144,7_epo,8.0,106.73766867353046,fechner
2145,7_epo,9.0,107.43309401383327,fechner
2146,7_epo,10.0,107.92455491294619,fechner
2147,7_epo,11.0,108.28505773467602,fechner
2148,7_epo,12.0,108.55750518629722,fechner
2149,7_epo,13.0,108.76850521139451,fechner
2150,7_epo,14.000000000000002,108.93529392872162,fechner
2151,7_epo,15.0,109.0694456357181,fechner
2152,7_epo,16.0,109.17897174574914,fechner
2153,7_epo,17.0,109.26956303271912,fechner
2154,7_epo,18.0,109.34535346222209,fechner
2155,7_epo,19.0,109.40940551755804,fechner
2156,7_epo,20.0,109.46402748884978,fechner
2157,7_epo,21.0,109.51098616616272,fechner
2158,7_epo,22.0,109.55165261552077,fechner
2159,7_epo,23.0,109.58710408888544,fechner
2160,7_epo,24.0,109.61819654635156,fechner
2161,7_epo,25.0,109.64561710109699,fechner
2162,7_epo,26.0,109.66992250287082,fechner
2163,7_epo,27.0,109.69156775527293,fechner
2164,7_epo,28.000000000000004,109.71092765752529,fechner
2165,7_epo,28.999999999999996,109.72831320314201,fechner
2166,7_epo,30.0,109.7439841934084,fechner
2167,7_epo,31.0,109.7581590328924,fechner
2168,7_epo,32.0,109.77102240462149,fechner
2169,7_epo,33.0,109.7827313339918,fechner
2170,7_epo,34.0,109.79342001691862,fechner
2171,7_epo,35.0,109.80320369202649,fechner
2172,7_epo,36.0,109.81218176733877,fechner
2173,7_epo,37.0,109.82044036117527,fechner
2174,7_epo,38.0,109.82805437946422,fechner
2175,7_epo,39.0,109.83508922371286,fechner
2176,7_epo,40.0,109.84160220285267,fechner
2177,7_epo,41.0,109.84764370623682,fechner
2178,7_epo,42.0,109.85325818289405,fechner
2179,7_epo,43.0,109.8584849627789,fechner
2180,7_epo,44.0,109.86335894850639,fechner
2181,7_epo,45.0,109.86791120040654,fechner
2182,7_epo,46.0,109.87216943330068,fechner
2183,7_epo,47.0,109.87615843990571,fechner
2184,7_epo,48.0,109.87990045299797,fechner
2185,7_epo,49.0,109.88341545625744,fechner
2186,7_epo,50.0,109.8867214519401,fechner
2187,7_epo,51.0,109.88983469209904,fechner
2188,7_epo,52.0,109.89276987892069,fechner
2189,7_epo,53.0,109.89554033880292,fechner
2190,7_epo,54.0,109.89815817403738,fechner
2191,7_epo,55.00000000000001,109.90063439532965,fechner
2192,7_epo,56.00000000000001,109.90297903787575,fechner
2193,7_epo,56.99999999999999,109.9052012632864,fechner
2194,7_epo,57.99999999999999,109.90730944929737,fechner
2195,7_epo,59.0,109.90931126891134,fechner
2196,7_epo,60.0,109.9112137603702,fechner
2197,7_epo,61.0,109.91302338915293,fechner
2198,7_epo,62.0,109.91474610302069,fechner
2199,7_epo,63.0,109.91638738098676,fechner
2200,7_epo,64.0,109.91795227696568,fechner
2201,7_epo,65.0,109.91944545875201,fechner
2202,7_epo,66.0,109.92087124289188,fechner
2203,7_epo,67.0,109.922233625934,fechner
2204,7_epo,68.0,109.923536312484,fechner
2205,7_epo,69.0,109.9247827404304,fechner
2206,7_epo,70.0,109.92597610366303,fechner
2207,7_epo,71.0,109.92711937256564,fechner
2208,7_epo,72.0,109.92821531252768,fechner
2209,7_epo,73.0,109.92926650069171,fechner
2210,7_epo,74.0,109.93027534112564,fechner
2211,7_epo,75.0,109.93124407858737,fechner
2212,7_epo,76.0,109.93217481102855,fechner
2213,7_epo,77.0,109.93306950096824,fechner
2214,7_epo,78.0,109.93392998585156,fechner
2215,7_epo,79.0,109.93475798749556,fechner
2216,7_epo,80.0,109.9355551207129,fechner
2217,7_epo,81.0,109.9363229011946,fechner
2218,7_epo,82.0,109.93706275272329,fechner
2219,7_epo,83.0,109.93777601378143,fechner
2220,7_epo,84.0,109.9384639436117,fechner
2221,7_epo,85.0,109.93912772778069,fechner
2222,7_epo,86.0,109.9397684832925,fechner
2223,7_epo,87.0,109.94038726329265,fechner
2224,7_epo,88.0,109.94098506139974,fechner
2225,7_epo,89.0,109.9415628156982,fechner
2226,7_epo,90.0,109.94212141242208,fechner
2227,7_epo,91.0,109.94266168935661,fechner
2228,7_epo,92.0,109.94318443898247,fechner
2229,7_epo,93.0,109.94369041138451,fechner
2230,7_epo,94.0,109.94418031694453,fechner
2231,7_epo,95.0,109.94465482883723,fechner
2232,8_epo,3.0,93.70425112988463,fechner
2233,8_epo,4.0,93.70425112988463,fechner
2234,8_epo,5.0,93.70425112988463,fechner
2235,8_epo,6.0,93.70425112988463,fechner
2236,8_epo,7.000000000000001,93.70425112988463,fechner
2237,8_epo,8.0,93.70425112988463,fechner
2238,8_epo,9.0,93.70425112988463,fechner
2239,8_epo,10.0,93.70425112988463,fechner
2240,8_epo,11.0,93.70425112988463,fechner
2241,8_epo,12.0,93.70425112988463,fechner
2242,8_epo,13.0,93.70425112988463,fechner
2243,8_epo,14.000000000000002,93.70425112988463,fechner
2244,8_epo,15.0,93.70425112988463,fechner
2245,8_epo,16.0,93.70425112988463,fechner
2246,8_epo,17.0,93.70425112988463,fechner
2247,8_epo,18.0,93.70425112988463,fechner
2248,8_epo,19.0,93.70425112988463,fechner
2249,8_epo,20.0,93.70425112988463,fechner
2250,8_epo,21.0,93.70425112988463,fechner
2251,8_epo,22.0,93.70425112988463,fechner
2252,8_epo,23.0,93.70425112988463,fechner
2253,8_epo,24.0,93.70425112988463,fechner
2254,8_epo,25.0,93.70425112988463,fechner
2255,8_epo,26.0,93.70425112988463,fechner
2256,8_epo,27.0,93.70425112988463,fechner
2257,8_epo,28.000000000000004,93.70425112988463,fechner
2258,8_epo,28.999999999999996,93.70425112988463,fechner
2259,8_epo,30.0,93.70425112988463,fechner
2260,8_epo,31.0,93.70425112988463,fechner
2261,8_epo,32.0,93.70425112988463,fechner
2262,8_epo,33.0,93.70425112988463,fechner
2263,8_epo,34.0,93.70425112988463,fechner
2264,8_epo,35.0,93.70425112988463,fechner
2265,8_epo,36.0,93.70425112988463,fechner
2266,8_epo,37.0,93.70425112988463,fechner
2267,8_epo,38.0,93.70425112988463,fechner
2268,8_epo,39.0,93.70425112988463,fechner
2269,8_epo,40.0,93.70425112988463,fechner
2270,8_epo,41.0,93.70425112988463,fechner
2271,8_epo,42.0,93.70425112988463,fechner
2272,8_epo,43.0,93.70425112988463,fechner
2273,8_epo,44.0,93.70425112988463,fechner
2274,8_epo,45.0,93.70425112988463,fechner
2275,8_epo,46.0,93.70425112988463,fechner
2276,8_epo,47.0,93.70425112988463,fechner
2277,8_epo,48.0,93.70425112988463,fechner
2278,8_epo,49.0,93.70425112988463,fechner
2279,8_epo,50.0,93.70425112988463,fechner
2280,8_epo,51.0,93.70425112988463,fechner
2281,8_epo,52.0,93.70425112988463,fechner
2282,8_epo,53.0,93.70425112988463,fechner
2283,8_epo,54.0,93.70425112988463,fechner
2284,8_epo,55.00000000000001,93.70425112988463,fechner
2285,8_epo,56.00000000000001,93.70425112988463,fechner
2286,8_epo,56.99999999999999,93.70425112988463,fechner
2287,8_epo,57.99999999999999,93.70425112988463,fechner
2288,8_epo,59.0,93.70425112988463,fechner
2289,8_epo,60.0,93.70425112988463,fechner
2290,8_epo,61.0,93.70425112988463,fechner
2291,8_epo,62.0,93.70425112988463,fechner
2292,8_epo,63.0,93.70425112988463,fechner
2293,8_epo,64.0,93.70425112988463,fechner
2294,8_epo,65.0,93.70425112988463,fechner
2295,8_epo,66.0,93.70425112988463,fechner
2296,8_epo,67.0,93.70425112988463,fechner
2297,8_epo,68.0,93.70425112988463,fechner
2298,8_epo,69.0,93.70425112988463,fechner
2299,8_epo,70.0,93.70425112988463,fechner
2300,8_epo,71.0,93.70425112988463,fechner
2301,8_epo,72.0,93.70425112988463,fechner
2302,8_epo,73.0,93.70425112988463,fechner
2303,8_epo,74.0,93.70425112988463,fechner
2304,8_epo,75.0,93.70425112988463,fechner
2305,8_epo,76.0,93.70425112988463,fechner
2306,8_epo,77.0,93.70425112988463,fechner
2307,8_epo,78.0,93.70425112988463,fechner
2308,8_epo,79.0,93.70425112988463,fechner
2309,8_epo,80.0,93.70425112988463,fechner
2310,8_epo,81.0,93.70425112988463,fechner
2311,8_epo,82.0,93.70425112988463,fechner
2312,8_epo,83.0,93.70425112988463,fechner
2313,8_epo,84.0,93.70425112988463,fechner
2314,8_epo,85.0,93.70425112988463,fechner
2315,8_epo,86.0,93.70425112988463,fechner
2316,8_epo,87.0,93.70425112988463,fechner
2317,8_epo,88.0,93.70425112988463,fechner
2318,8_epo,89.0,93.70425112988463,fechner
2319,8_epo,90.0,93.70425112988463,fechner
2320,8_epo,91.0,93.70425112988463,fechner
2321,8_epo,92.0,93.70425112988463,fechner
2322,8_epo,93.0,93.70425112988463,fechner
2323,8_epo,94.0,93.70425112988463,fechner
2324,8_epo,95.0,93.70425112988463,fechner
2325,9_epo,3.0,86.85376656648634,fechner
2326,9_epo,4.0,88.79455920870434,fechner
2327,9_epo,5.0,90.42554147359371,fechner
2328,9_epo,6.0,91.88346663164872,fechner
2329,9_epo,7.000000000000001,93.1776538879833,fechner
2330,9_epo,8.0,94.31054303270234,fechner
2331,9_epo,9.0,95.29120870224746,fechner
2332,9_epo,10.0,96.13414080013283,fechner
2333,9_epo,11.0,96.85616656867694,fechner
2334,9_epo,12.0,97.47414038358727,fechner
2335,9_epo,13.0,98.00364764747167,fechner
2336,9_epo,14.000000000000002,98.45844621208958,fechner
2337,9_epo,15.0,98.85034702535076,fechner
2338,9_epo,16.0,99.1893217697815,fechner
2339,9_epo,17.0,99.48370842115706,fechner
2340,9_epo,18.0,99.74044371586291,fechner
2341,9_epo,19.0,99.96528707907012,fechner
2342,9_epo,20.0,100.16302069443113,fechner
2343,9_epo,21.0,100.33762106184412,fechner
2344,9_epo,22.0,100.492402623881,fechner
2345,9_epo,23.0,100.63013630929196,fechner
2346,9_epo,24.0,100.75314656874446,fechner
2347,9_epo,25.0,100.86339045499349,fechner
2348,9_epo,26.0,100.96252195092438,fechner
2349,9_epo,27.0,101.0519442922643,fechner
2350,9_epo,28.000000000000004,101.1328525727795,fechner
2351,9_epo,28.999999999999996,101.2062685044642,fechner
2352,9_epo,30.0,101.27306884915882,fechner
2353,9_epo,31.0,101.33400874205698,fechner
2354,9_epo,32.0,101.38974088610055,fechner
2355,9_epo,33.0,101.44083140152772,fechner
2356,9_epo,34.0,101.48777295887703,fechner
2357,9_epo,35.0,101.5309956993308,fechner
2358,9_epo,36.0,101.57087634720449,fechner
2359,9_epo,37.0,101.60774584052753,fechner
2360,9_epo,38.0,101.64189574284624,fechner
2361,9_epo,39.0,101.6735836492795,fechner
2362,9_epo,40.0,101.7030377598175,fechner
2363,9_epo,41.0,101.73046076078323,fechner
2364,9_epo,42.0,101.75603312961637,fechner
2365,9_epo,43.0,101.77991595739603,fechner
2366,9_epo,44.0,101.80225336676017,fechner
2367,9_epo,45.0,101.8231745893034,fechner
2368,9_epo,46.0,101.84279575549989,fechner
2369,9_epo,47.0,101.86122144120348,fechner
2370,9_epo,48.0,101.87854600741886,fechner
2371,9_epo,49.0,101.89485476400444,fechner
2372,9_epo,50.0,101.91022498300028,fechner
2373,9_epo,51.0,101.92472678317665,fechner
2374,9_epo,52.0,101.93842390400576,fechner
2375,9_epo,53.0,101.95137438444176,fechner
2376,9_epo,54.0,101.96363115954928,fechner
2377,9_epo,55.00000000000001,101.9752425860611,fechner
2378,9_epo,56.00000000000001,101.98625290630666,fechner
2379,9_epo,56.99999999999999,101.99670265857512,fechner
2380,9_epo,57.99999999999999,102.00662904081814,fechner
2381,9_epo,59.0,102.01606623361876,fechner
2382,9_epo,60.0,102.0250456875252,fechner
2383,9_epo,61.0,102.0335963791459,fechner
2384,9_epo,62.0,102.04174503980505,fechner
2385,9_epo,63.0,102.04951636004915,fechner
2386,9_epo,64.0,102.05693317286,fechner
2387,9_epo,65.0,102.0640166180576,fechner
2388,9_epo,66.0,102.07078629005694,fechner
2389,9_epo,67.0,102.07726037086792,fechner
2390,9_epo,68.0,102.08345574999107,fechner
2391,9_epo,69.0,102.08938813265746,fechner
2392,9_epo,70.0,102.09507213768427,fechner
2393,9_epo,71.0,102.10052138606426,fechner
2394,9_epo,72.0,102.10574858127437,fechner
2395,9_epo,73.0,102.11076558217289,fechner
2396,9_epo,74.0,102.11558346925351,fechner
2397,9_epo,75.0,102.12021260493681,fechner
2398,9_epo,76.0,102.12466268850216,fechner
2399,9_epo,77.0,102.12894280619578,fechner
2400,9_epo,78.0,102.13306147699173,fechner
2401,9_epo,79.0,102.13702669442948,fechner
2402,9_epo,80.0,102.14084596490714,fechner
2403,9_epo,81.0,102.14452634276796,fechner
2404,9_epo,82.0,102.14807446248253,fechner
2405,9_epo,83.0,102.15149656819733,fechner
2406,9_epo,84.0,102.15479854089253,fechner
2407,9_epo,85.0,102.15798592336661,fechner
2408,9_epo,86.0,102.16106394324406,fechner
2409,9_epo,87.0,102.16403753418228,fechner
2410,9_epo,88.0,102.16691135543654,fechner
2411,9_epo,89.0,102.16968980992634,fechner
2412,9_epo,90.0,102.17237706093275,fechner
2413,9_epo,91.0,102.17497704754328,fechner
2414,9_epo,92.0,102.17749349895094,fechner
2415,9_epo,93.0,102.1799299477027,fechner
2416,9_epo,94.0,102.18228974198473,fechner
2417,9_epo,95.0,102.18457605702376,fechner
