,participant,contrast,mrt,name
0,0_epo,3.0,6.643753462455154,fechner
1,0_epo,4.0,7.244018344482167,fechner
2,0_epo,5.0,7.586725759517105,fechner
3,0_epo,6.0,7.801825361260473,fechner
4,0_epo,7.000000000000001,7.944089071195865,fechner
5,0_epo,8.0,8.042270011575885,fechner
6,0_epo,9.0,8.112503152626276,fechner
7,0_epo,10.0,8.164294955729574,fechner
8,0_epo,11.0,8.203488906718711,fechner
9,0_epo,12.0,8.233814049112377,fechner
10,0_epo,13.0,8.257730112121184,fechner
11,0_epo,14.000000000000002,8.276907595786875,fechner
12,0_epo,15.0,8.292510617757408,fechner
13,0_epo,16.0,8.305369150283271,fechner
14,0_epo,17.0,8.316087075229486,fechner
15,0_epo,18.0,8.32511182008392,fechner
16,0_epo,19.0,8.332780336544793,fechner
17,0_epo,20.0,8.339350132032978,fechner
18,0_epo,21.0,8.34502063395567,fechner
19,0_epo,22.0,8.349948166845232,fechner
20,0_epo,23.0,8.354256626598492,fechner
21,0_epo,24.0,8.35804520379871,fechner
22,0_epo,25.0,8.361394049921426,fechner
23,0_epo,26.0,8.36436848773969,fechner
24,0_epo,27.0,8.367022177051167,fechner
25,0_epo,28.000000000000004,8.369399521041078,fechner
26,0_epo,28.999999999999996,8.371537514045787,fechner
27,0_epo,30.0,8.373467173817188,fechner
28,0_epo,31.0,8.37521466151622,fechner
29,0_epo,32.0,8.376802164739269,fechner
30,0_epo,33.0,8.378248599088787,fechner
31,0_epo,34.0,8.379570169612348,fechner
32,0_epo,35.0,8.380780823157934,fechner
33,0_epo,36.0,8.381892615175246,fechner
34,0_epo,37.0,8.382916008941432,fechner
35,0_epo,38.0,8.383860121054251,fechner
36,0_epo,39.0,8.384732923929406,fechner
37,0_epo,40.0,8.385541413687102,fechner
38,0_epo,41.0,8.386291750019314,fechner
39,0_epo,42.0,8.386989373251417,fechner
40,0_epo,43.0,8.387639102746515,fechner
41,0_epo,44.0,8.38824521997165,fechner
42,0_epo,45.0,8.38881153889589,fechner
43,0_epo,46.0,8.38934146587908,fechner
44,0_epo,47.0,8.389838050805155,fechner
45,0_epo,48.0,8.390304030891672,fechner
46,0_epo,49.0,8.390741868349332,fechner
47,0_epo,50.0,8.391153782857979,fechner
48,0_epo,51.0,8.391541779658107,fechner
49,0_epo,52.0,8.391907673921056,fechner
50,0_epo,53.0,8.39225311195042,fechner
51,0_epo,54.0,8.392579589676666,fechner
52,0_epo,55.00000000000001,8.392888468832522,fechner
53,0_epo,56.00000000000001,8.393180991135488,fechner
54,0_epo,56.99999999999999,8.393458290753028,fechner
55,0_epo,57.99999999999999,8.393721405283921,fechner
56,0_epo,59.0,8.39397128545414,fechner
57,0_epo,60.0,8.39420880369631,fechner
58,0_epo,61.0,8.394434761757184,fechner
59,0_epo,62.0,8.39464989745694,fechner
60,0_epo,63.0,8.394854890706627,fechner
61,0_epo,64.0,8.395050368875276,fechner
62,0_epo,65.0,8.395236911585828,fechner
63,0_epo,66.0,8.395415055008185,fechner
64,0_epo,67.0,8.395585295708813,fechner
65,0_epo,68.0,8.395748094108388,fechner
66,0_epo,69.0,8.395903877592485,fechner
67,0_epo,70.0,8.39605304331447,fechner
68,0_epo,71.0,8.396195960724935,fechner
69,0_epo,72.0,8.396332973857714,fechner
70,0_epo,73.0,8.396464403398904,fechner
71,0_epo,74.0,8.39659054856207,fechner
72,0_epo,75.0,8.396711688790141,fechner
73,0_epo,76.0,8.396828085302035,fechner
74,0_epo,77.0,8.396939982499992,fechner
75,0_epo,78.0,8.39704760925177,fechner
76,0_epo,79.0,8.397151180060249,fechner
77,0_epo,80.0,8.397250896131611,fechner
78,0_epo,81.0,8.397346946352013,fechner
79,0_epo,82.0,8.397439508181595,fechner
80,0_epo,83.0,8.39752874847374,fechner
81,0_epo,84.0,8.397614824226613,fechner
82,0_epo,85.0,8.397697883273347,fechner
83,0_epo,86.0,8.397778064916466,fechner
84,0_epo,87.0,8.397855500511705,fechner
85,0_epo,88.0,8.397930314005729,fechner
86,0_epo,89.0,8.398002622431903,fechner
87,0_epo,90.0,8.398072536367783,fechner
88,0_epo,91.0,8.398140160357702,fechner
89,0_epo,92.0,8.398205593303402,fechner
90,0_epo,93.0,8.398268928825521,fechner
91,0_epo,94.0,8.398330255598335,fechner
92,0_epo,95.0,8.398389657660005,fechner
93,10_epo,3.0,7.142191423377354,fechner
94,10_epo,4.0,7.605609623861469,fechner
95,10_epo,5.0,7.8465735368287834,fechner
96,10_epo,6.0,7.989483740388027,fechner
97,10_epo,7.000000000000001,8.080650562634993,fechner
98,10_epo,8.0,8.14206816066407,fechner
99,10_epo,9.0,8.18527094634898,fechner
100,10_epo,10.0,8.21674611126687,fechner
101,10_epo,11.0,8.24035173549645,fechner
102,10_epo,12.0,8.258490985982725,fechner
103,10_epo,13.0,8.272720365863087,fechner
104,10_epo,14.000000000000002,8.28408217839438,fechner
105,10_epo,15.0,8.293294761752684,fechner
106,10_epo,16.0,8.300865733918677,fechner
107,10_epo,17.0,8.307161774281377,fechner
108,10_epo,18.0,8.312452948784186,fechner
109,10_epo,19.0,8.316941632558576,fechner
110,10_epo,20.0,8.320781839970119,fechner
111,10_epo,21.0,8.324092424061812,fechner
112,10_epo,22.0,8.326966265846364,fechner
113,10_epo,23.0,8.32947678483385,fechner
114,10_epo,24.0,8.331682625738592,fechner
115,10_epo,25.0,8.333631081700265,fechner
116,10_epo,26.0,8.33536062818603,fechner
117,10_epo,27.0,8.336902821738143,fechner
118,10_epo,28.000000000000004,8.338283738955242,fechner
119,10_epo,28.999999999999996,8.339525078506421,fechner
120,10_epo,30.0,8.340645013319955,fechner
121,10_epo,31.0,8.341658855561894,fechner
122,10_epo,32.0,8.342579579921264,fechner
123,10_epo,33.0,8.34341823864983,fechner
124,10_epo,34.0,8.344184293185513,fechner
125,10_epo,35.0,8.344885880966286,fechner
126,10_epo,36.0,8.345530031503198,fechner
127,10_epo,37.0,8.346122842439204,fechner
128,10_epo,38.0,8.346669623837219,fechner
129,10_epo,39.0,8.347175017079763,fechner
130,10_epo,40.0,8.34764309335662,fechner
131,10_epo,41.0,8.34807743564653,fechner
132,10_epo,42.0,8.348481207278358,fechner
133,10_epo,43.0,8.348857209523496,fechner
134,10_epo,44.0,8.349207930178983,fechner
135,10_epo,45.0,8.34953558471583,fechner
136,10_epo,46.0,8.3498421512643,fechner
137,10_epo,47.0,8.35012940046838,fechner
138,10_epo,48.0,8.350398921051347,fechner
139,10_epo,49.0,8.350652141782058,fechner
140,10_epo,50.0,8.350890350409347,fechner
141,10_epo,51.0,8.351114710033379,fechner
142,10_epo,52.0,8.351326273302725,fechner
143,10_epo,53.0,8.351525994760893,fechner
144,10_epo,54.0,8.351714741612849,fechner
145,10_epo,55.00000000000001,8.35189330313835,fechner
146,10_epo,56.00000000000001,8.352062398942962,fechner
147,10_epo,56.99999999999999,8.352222686207892,fechner
148,10_epo,57.99999999999999,8.352374766075023,fechner
149,10_epo,59.0,8.352519189283074,fechner
150,10_epo,60.0,8.352656461153536,fechner
151,10_epo,61.0,8.35278704601073,fechner
152,10_epo,62.0,8.352911371108164,fechner
153,10_epo,63.0,8.353029830123209,fechner
154,10_epo,64.0,8.353142786273507,fechner
155,10_epo,65.0,8.35325057510113,fechner
156,10_epo,66.0,8.353353506964394,fechner
157,10_epo,67.0,8.353451869271861,fechner
158,10_epo,68.0,8.353545928488572,fechner
159,10_epo,69.0,8.353635931940655,fechner
160,10_epo,70.0,8.353722109441144,fechner
161,10_epo,71.0,8.353804674756942,fechner
162,10_epo,72.0,8.353883826934462,fechner
163,10_epo,73.0,8.353959751499218,fechner
164,10_epo,74.0,8.354032621542977,fechner
165,10_epo,75.0,8.354102598710249,fechner
166,10_epo,76.0,8.354169834094712,fechner
167,10_epo,77.0,8.354234469054786,fechner
168,10_epo,78.0,8.354296635956631,fechner
169,10_epo,79.0,8.35435645885181,fechner
170,10_epo,80.0,8.354414054096132,fechner
171,10_epo,81.0,8.35446953091543,fechner
172,10_epo,82.0,8.354522991923403,fechner
173,10_epo,83.0,8.354574533596105,fechner
174,10_epo,84.0,8.354624246707216,fechner
175,10_epo,85.0,8.354672216727675,fechner
176,10_epo,86.0,8.35471852419308,fechner
177,10_epo,87.0,8.354763245041683,fechner
178,10_epo,88.0,8.354806450925722,fechner
179,10_epo,89.0,8.354848209498419,fechner
180,10_epo,90.0,8.35488858467881,fechner
181,10_epo,91.0,8.354927636896344,fechner
182,10_epo,92.0,8.354965423316992,fechner
183,10_epo,93.0,8.355001998052455,fechner
184,10_epo,94.0,8.355037412353868,fechner
185,10_epo,95.0,8.355071714791366,fechner
186,11_epo,3.0,8.024718001855458,fechner
187,11_epo,4.0,8.024718001858783,fechner
188,11_epo,5.0,8.024718001859657,fechner
189,11_epo,6.0,8.024718001860043,fechner
190,11_epo,7.000000000000001,8.024718001860256,fechner
191,11_epo,8.0,8.024718001860386,fechner
192,11_epo,9.0,8.024718001860471,fechner
193,11_epo,10.0,8.02471800186053,fechner
194,11_epo,11.0,8.024718001860572,fechner
195,11_epo,12.0,8.024718001860606,fechner
196,11_epo,13.0,8.02471800186063,fechner
197,11_epo,14.000000000000002,8.02471800186065,fechner
198,11_epo,15.0,8.024718001860666,fechner
199,11_epo,16.0,8.024718001860679,fechner
200,11_epo,17.0,8.024718001860691,fechner
201,11_epo,18.0,8.0247180018607,fechner
202,11_epo,19.0,8.024718001860705,fechner
203,11_epo,20.0,8.024718001860712,fechner
204,11_epo,21.0,8.024718001860718,fechner
205,11_epo,22.0,8.024718001860723,fechner
206,11_epo,23.0,8.024718001860727,fechner
207,11_epo,24.0,8.02471800186073,fechner
208,11_epo,25.0,8.024718001860734,fechner
209,11_epo,26.0,8.024718001860737,fechner
210,11_epo,27.0,8.02471800186074,fechner
211,11_epo,28.000000000000004,8.024718001860741,fechner
212,11_epo,28.999999999999996,8.024718001860743,fechner
213,11_epo,30.0,8.024718001860744,fechner
214,11_epo,31.0,8.024718001860746,fechner
215,11_epo,32.0,8.024718001860748,fechner
216,11_epo,33.0,8.02471800186075,fechner
217,11_epo,34.0,8.024718001860752,fechner
218,11_epo,35.0,8.024718001860752,fechner
219,11_epo,36.0,8.024718001860753,fechner
220,11_epo,37.0,8.024718001860755,fechner
221,11_epo,38.0,8.024718001860755,fechner
222,11_epo,39.0,8.024718001860757,fechner
223,11_epo,40.0,8.024718001860757,fechner
224,11_epo,41.0,8.024718001860757,fechner
225,11_epo,42.0,8.024718001860759,fechner
226,11_epo,43.0,8.024718001860759,fechner
227,11_epo,44.0,8.024718001860759,fechner
228,11_epo,45.0,8.02471800186076,fechner
229,11_epo,46.0,8.02471800186076,fechner
230,11_epo,47.0,8.02471800186076,fechner
231,11_epo,48.0,8.024718001860762,fechner
232,11_epo,49.0,8.024718001860762,fechner
233,11_epo,50.0,8.024718001860762,fechner
234,11_epo,51.0,8.024718001860762,fechner
235,11_epo,52.0,8.024718001860762,fechner
236,11_epo,53.0,8.024718001860764,fechner
237,11_epo,54.0,8.024718001860764,fechner
238,11_epo,55.00000000000001,8.024718001860764,fechner
239,11_epo,56.00000000000001,8.024718001860764,fechner
240,11_epo,56.99999999999999,8.024718001860764,fechner
241,11_epo,57.99999999999999,8.024718001860764,fechner
242,11_epo,59.0,8.024718001860766,fechner
243,11_epo,60.0,8.024718001860766,fechner
244,11_epo,61.0,8.024718001860766,fechner
245,11_epo,62.0,8.024718001860766,fechner
246,11_epo,63.0,8.024718001860766,fechner
247,11_epo,64.0,8.024718001860766,fechner
248,11_epo,65.0,8.024718001860766,fechner
249,11_epo,66.0,8.024718001860766,fechner
250,11_epo,67.0,8.024718001860766,fechner
251,11_epo,68.0,8.024718001860766,fechner
252,11_epo,69.0,8.024718001860768,fechner
253,11_epo,70.0,8.024718001860768,fechner
254,11_epo,71.0,8.024718001860768,fechner
255,11_epo,72.0,8.024718001860768,fechner
256,11_epo,73.0,8.024718001860768,fechner
257,11_epo,74.0,8.024718001860768,fechner
258,11_epo,75.0,8.024718001860768,fechner
259,11_epo,76.0,8.024718001860768,fechner
260,11_epo,77.0,8.024718001860768,fechner
261,11_epo,78.0,8.024718001860768,fechner
262,11_epo,79.0,8.024718001860768,fechner
263,11_epo,80.0,8.024718001860768,fechner
264,11_epo,81.0,8.024718001860768,fechner
265,11_epo,82.0,8.024718001860768,fechner
266,11_epo,83.0,8.024718001860768,fechner
267,11_epo,84.0,8.024718001860768,fechner
268,11_epo,85.0,8.02471800186077,fechner
269,11_epo,86.0,8.02471800186077,fechner
270,11_epo,87.0,8.02471800186077,fechner
271,11_epo,88.0,8.02471800186077,fechner
272,11_epo,89.0,8.02471800186077,fechner
273,11_epo,90.0,8.02471800186077,fechner
274,11_epo,91.0,8.02471800186077,fechner
275,11_epo,92.0,8.02471800186077,fechner
276,11_epo,93.0,8.02471800186077,fechner
277,11_epo,94.0,8.02471800186077,fechner
278,11_epo,95.0,8.02471800186077,fechner
279,12_epo,3.0,6.3360326238588875,fechner
280,12_epo,4.0,7.093974832252991,fechner
281,12_epo,5.0,7.567904414224369,fechner
282,12_epo,6.0,7.884225318150709,fechner
283,12_epo,7.000000000000001,8.102323775087829,fechner
284,12_epo,8.0,8.257250005226581,fechner
285,12_epo,9.0,8.370384916058196,fechner
286,12_epo,10.0,8.455086685636836,fechner
287,12_epo,11.0,8.519920480924535,fechner
288,12_epo,12.0,8.570525651569215,fechner
289,12_epo,13.0,8.610711224608027,fechner
290,12_epo,14.000000000000002,8.643112067427642,fechner
291,12_epo,15.0,8.669591220721692,fechner
292,12_epo,16.0,8.69149257390027,fechner
293,12_epo,17.0,8.709803293196565,fechner
294,12_epo,18.0,8.725260568117347,fechner
295,12_epo,19.0,8.738423228394428,fechner
296,12_epo,20.0,8.74972072236525,fechner
297,12_epo,21.0,8.75948721225799,fechner
298,12_epo,22.0,8.767985700901328,fechner
299,12_epo,23.0,8.775425364699107,fechner
300,12_epo,24.0,8.781974181293652,fechner
301,12_epo,25.0,8.787768249143495,fechner
302,12_epo,26.0,8.792918748707919,fechner
303,12_epo,27.0,8.797517200347944,fechner
304,12_epo,28.000000000000004,8.801639477125352,fechner
305,12_epo,28.999999999999996,8.80534889711103,fechner
306,12_epo,30.0,8.808698627975698,fechner
307,12_epo,31.0,8.81173357267948,fechner
308,12_epo,32.0,8.814491859998897,fechner
309,12_epo,33.0,8.817006031498,fechner
310,12_epo,34.0,8.819303993401292,fechner
311,12_epo,35.0,8.821409784981123,fechner
312,12_epo,36.0,8.823344202697939,fechner
313,12_epo,37.0,8.825125310160232,fechner
314,12_epo,38.0,8.826768857115558,fechner
315,12_epo,39.0,8.828288625518484,fechner
316,12_epo,40.0,8.829696716799768,fechner
317,12_epo,41.0,8.831003791461937,fechner
318,12_epo,42.0,8.832219269817568,fechner
319,12_epo,43.0,8.833351500896896,fechner
320,12_epo,44.0,8.834407905155924,fechner
321,12_epo,45.0,8.835395095521497,fechner
322,12_epo,46.0,8.836318980446192,fechner
323,12_epo,47.0,8.837184851960854,fechner
324,12_epo,48.0,8.837997461166498,fechner
325,12_epo,49.0,8.83876108316975,fechner
326,12_epo,50.0,8.839479573113666,fechner
327,12_epo,51.0,8.840156414671034,fechner
328,12_epo,52.0,8.84079476213573,fechner
329,12_epo,53.0,8.841397477059099,fechner
330,12_epo,54.0,8.84196716022377,fechner
331,12_epo,55.00000000000001,8.84250617962023,fechner
332,12_epo,56.00000000000001,8.843016694986664,fechner
333,12_epo,56.99999999999999,8.843500679385786,fechner
334,12_epo,57.99999999999999,8.843959938220214,fechner
335,12_epo,59.0,8.844396126027771,fechner
336,12_epo,60.0,8.844810761347874,fechner
337,12_epo,61.0,8.845205239907834,fechner
338,12_epo,62.0,8.845580846342466,fechner
339,12_epo,63.0,8.845938764630406,fechner
340,12_epo,64.0,8.846280087405077,fechner
341,12_epo,65.0,8.846605824276855,fechner
342,12_epo,66.0,8.846916909284493,fechner
343,12_epo,67.0,8.847214207578363,fechner
344,12_epo,68.0,8.847498521424628,fechner
345,12_epo,69.0,8.84777059560804,fechner
346,12_epo,70.0,8.84803112230114,fechner
347,12_epo,71.0,8.84828074545929,fechner
348,12_epo,72.0,8.848520064793457,fechner
349,12_epo,73.0,8.848749639366556,fechner
350,12_epo,74.0,8.848969990853462,fechner
351,12_epo,75.0,8.849181606500204,fechner
352,12_epo,76.0,8.84938494181361,fechner
353,12_epo,77.0,8.8495804230091,fechner
354,12_epo,78.0,8.8497684492411,fechner
355,12_epo,79.0,8.84994939463797,fechner
356,12_epo,80.0,8.850123610160642,fechner
357,12_epo,81.0,8.850291425302286,fechner
358,12_epo,82.0,8.850453149644315,fechner
359,12_epo,83.0,8.850609074282447,fechner
360,12_epo,84.0,8.850759473135072,fechner
361,12_epo,85.0,8.850904604144885,fechner
362,12_epo,86.0,8.85104471038361,fechner
363,12_epo,87.0,8.851180021068682,fechner
364,12_epo,88.0,8.85131075249974,fechner
365,12_epo,89.0,8.851437108922173,fechner
366,12_epo,90.0,8.851559283324029,fechner
367,12_epo,91.0,8.85167745817219,fechner
368,12_epo,92.0,8.851791806092995,fechner
369,12_epo,93.0,8.851902490502065,fechner
370,12_epo,94.0,8.852009666187598,fechner
371,12_epo,95.0,8.852113479851065,fechner
372,13_epo,3.0,6.817692715515865,fechner
373,13_epo,4.0,7.048570033384006,fechner
374,13_epo,5.0,7.11228514180555,fechner
375,13_epo,6.0,7.141088393326284,fechner
376,13_epo,7.000000000000001,7.156925408303804,fechner
377,13_epo,8.0,7.166664792023172,fechner
378,13_epo,9.0,7.17311551036836,fechner
379,13_epo,10.0,7.177622333946518,fechner
380,13_epo,11.0,7.180901290675778,fechner
381,13_epo,12.0,7.1833643686809445,fechner
382,13_epo,13.0,7.185263142042827,fechner
383,13_epo,14.000000000000002,7.186758667381472,fechner
384,13_epo,15.0,7.187958110856478,fechner
385,13_epo,16.0,7.188935113183897,fechner
386,13_epo,17.0,7.1897416781007335,fechner
387,13_epo,18.0,7.190415401898637,fechner
388,13_epo,19.0,7.190984025573279,fechner
389,13_epo,20.0,7.191468388629224,fechner
390,13_epo,21.0,7.1918843967435455,fechner
391,13_epo,22.0,7.192244363210685,fechner
392,13_epo,23.0,7.192557942475118,fechner
393,13_epo,24.0,7.19283279186598,fechner
394,13_epo,25.0,7.193075048513205,fechner
395,13_epo,26.0,7.193289678267116,fechner
396,13_epo,27.0,7.193480734488939,fechner
397,13_epo,28.000000000000004,7.193651552408928,fechner
398,13_epo,28.999999999999996,7.193804896779774,fechner
399,13_epo,30.0,7.193943075241645,fechner
400,13_epo,31.0,7.194068026217061,fechner
401,13_epo,32.0,7.194181387679207,fechner
402,13_epo,33.0,7.194284551411746,fechner
403,13_epo,34.0,7.19437870615937,fechner
404,13_epo,35.0,7.194464872197031,fechner
405,13_epo,36.0,7.194543929216043,fechner
406,13_epo,37.0,7.194616638965104,fechner
407,13_epo,38.0,7.194683663745163,fechner
408,13_epo,39.0,7.194745581604345,fechner
409,13_epo,40.0,7.194802898889578,fechner
410,13_epo,41.0,7.194856060668096,fechner
411,13_epo,42.0,7.19490545942238,fechner
412,13_epo,43.0,7.1949514423381595,fechner
413,13_epo,44.0,7.194994317439868,fechner
414,13_epo,45.0,7.195034358777405,fechner
415,13_epo,46.0,7.195071810828328,fechner
416,13_epo,47.0,7.195106892248276,fechner
417,13_epo,48.0,7.195139799077693,fechner
418,13_epo,49.0,7.195170707493162,fechner
419,13_epo,50.0,7.195199776175799,fechner
420,13_epo,51.0,7.195227148356464,fechner
421,13_epo,52.0,7.195252953587277,fechner
422,13_epo,53.0,7.195277309280469,fechner
423,13_epo,54.0,7.19530032204893,fechner
424,13_epo,55.00000000000001,7.19532208887709,fechner
425,13_epo,56.00000000000001,7.195342698146277,fechner
426,13_epo,56.99999999999999,7.195362230534859,fechner
427,13_epo,57.99999999999999,7.1953807598103445,fechner
428,13_epo,59.0,7.1953983535280335,fechner
429,13_epo,60.0,7.195415073648609,fechner
430,13_epo,61.0,7.195430977085222,fechner
431,13_epo,62.0,7.195446116189173,fechner
432,13_epo,63.0,7.195460539181898,fechner
433,13_epo,64.0,7.195474290539949,fechner
434,13_epo,65.0,7.195487411338766,fechner
435,13_epo,66.0,7.195499939560143,fechner
436,13_epo,67.0,7.195511910367764,fechner
437,13_epo,68.0,7.195523356354494,fechner
438,13_epo,69.0,7.195534307764754,fechner
439,13_epo,70.0,7.195544792694708,fechner
440,13_epo,71.0,7.195554837272882,fechner
441,13_epo,72.0,7.195564465823254,fechner
442,13_epo,73.0,7.195573701012813,fechner
443,13_epo,74.0,7.195582563985215,fechner
444,13_epo,75.0,7.195591074482035,fechner
445,13_epo,76.0,7.195599250952903,fechner
446,13_epo,77.0,7.195607110655654,fechner
447,13_epo,78.0,7.195614669747572,fechner
448,13_epo,79.0,7.195621943368553,fechner
449,13_epo,80.0,7.19562894571704,fechner
450,13_epo,81.0,7.195635690119434,fechner
451,13_epo,82.0,7.195642189093576,fechner
452,13_epo,83.0,7.195648454406943,fechner
453,13_epo,84.0,7.195654497129976,fechner
454,13_epo,85.0,7.195660327685066,fechner
455,13_epo,86.0,7.195665955891553,fechner
456,13_epo,87.0,7.195671391007121,fechner
457,13_epo,88.0,7.195676641765927,fechner
458,13_epo,89.0,7.195681716413732,fechner
459,13_epo,90.0,7.195686622740311,fechner
460,13_epo,91.0,7.195691368109396,fechner
461,13_epo,92.0,7.19569595948633,fechner
462,13_epo,93.0,7.195700403463661,fechner
463,13_epo,94.0,7.195704706284831,fechner
464,13_epo,95.0,7.195708873866141,fechner
465,14_epo,3.0,7.36078076305736,fechner
466,14_epo,4.0,7.733000421718789,fechner
467,14_epo,5.0,7.83911699220618,fechner
468,14_epo,6.0,7.8875889399426455,fechner
469,14_epo,7.000000000000001,7.914374983134666,fechner
470,14_epo,8.0,7.930895454707071,fechner
471,14_epo,9.0,7.9418575878443285,fechner
472,14_epo,10.0,7.949525847369269,fechner
473,14_epo,11.0,7.9551098463791305,fechner
474,14_epo,12.0,7.95930715304273,fechner
475,14_epo,13.0,7.962544435758364,fechner
476,14_epo,14.000000000000002,7.9650951898776245,fechner
477,14_epo,15.0,7.967141575534046,fechner
478,14_epo,16.0,7.968808863526086,fechner
479,14_epo,17.0,7.970185573048084,fechner
480,14_epo,18.0,7.971335732073402,fechner
481,14_epo,19.0,7.972306604629695,fechner
482,14_epo,20.0,7.973133708865352,fechner
483,14_epo,21.0,7.973844162035892,fechner
484,14_epo,22.0,7.974458962216373,fechner
485,14_epo,23.0,7.974994576945146,fechner
486,14_epo,24.0,7.975464069800566,fechner
487,14_epo,25.0,7.975877912623485,fechner
488,14_epo,26.0,7.976244579938835,fechner
489,14_epo,27.0,7.9765709899543324,fechner
490,14_epo,28.000000000000004,7.976862835842077,fechner
491,14_epo,28.999999999999996,7.977124837466791,fechner
492,14_epo,30.0,7.977360934694457,fechner
493,14_epo,31.0,7.9775744372954405,fechner
494,14_epo,32.0,7.9777681422457425,fechner
495,14_epo,33.0,7.97794442629346,fechner
496,14_epo,34.0,7.978105319582282,fechner
497,14_epo,35.0,7.978252564640376,fechner
498,14_epo,36.0,7.978387663970117,fechner
499,14_epo,37.0,7.978511918690482,fechner
500,14_epo,38.0,7.978626460105729,fechner
501,14_epo,39.0,7.9787322756435515,fechner
502,14_epo,40.0,7.978830230282683,fechner
503,14_epo,41.0,7.978921084345177,fechner
504,14_epo,42.0,7.979005508342041,fechner
505,14_epo,43.0,7.979084095417295,fechner
506,14_epo,44.0,7.9791573718247335,fechner
507,14_epo,45.0,7.979225805785172,fechner
508,14_epo,46.0,7.979289815004198,fechner
509,14_epo,47.0,7.979349773077241,fechner
510,14_epo,48.0,7.979406014966273,fechner
511,14_epo,49.0,7.979458841698955,fechner
512,14_epo,50.0,7.97950852441389,fechner
513,14_epo,51.0,7.979555307853993,fechner
514,14_epo,52.0,7.979599413392437,fechner
515,14_epo,53.0,7.979641041661314,fechner
516,14_epo,54.0,7.97968037484157,fechner
517,14_epo,55.00000000000001,7.979717578663205,fechner
518,14_epo,56.00000000000001,7.979752804156885,fechner
519,14_epo,56.99999999999999,7.9797861891917155,fechner
520,14_epo,57.99999999999999,7.979817859828461,fechner
521,14_epo,59.0,7.979847931513139,fechner
522,14_epo,60.0,7.979876510132135,fechner
523,14_epo,61.0,7.979903692946937,fechner
524,14_epo,62.0,7.979929569423887,fechner
525,14_epo,63.0,7.979954221972276,fechner
526,14_epo,64.0,7.979977726602134,fechner
527,14_epo,65.0,7.980000153511566,fechner
528,14_epo,66.0,7.980021567612124,fechner
529,14_epo,67.0,7.980042028999594,fechner
530,14_epo,68.0,7.9800615933765595,fechner
531,14_epo,69.0,7.9800803124323325,fechner
532,14_epo,70.0,7.980098234185076,fechner
533,14_epo,71.0,7.980115403290376,fechner
534,14_epo,72.0,7.980131861319977,fechner
535,14_epo,73.0,7.980147647013888,fechner
536,14_epo,74.0,7.980162796508806,fechner
537,14_epo,75.0,7.980177343545298,fechner
538,14_epo,76.0,7.980191319655994,fechner
539,14_epo,77.0,7.9802047543367625,fechner
540,14_epo,78.0,7.9802176752026055,fechner
541,14_epo,79.0,7.980230108129779,fechner
542,14_epo,80.0,7.980242077385574,fechner
543,14_epo,81.0,7.980253605746905,fechner
544,14_epo,82.0,7.980264714608834,fechner
545,14_epo,83.0,7.980275424083989,fechner
546,14_epo,84.0,7.980285753093721,fechner
547,14_epo,85.0,7.980295719451807,fechner
548,14_epo,86.0,7.980305339941346,fechner
549,14_epo,87.0,7.980314630385532,fechner
550,14_epo,88.0,7.980323605712785,fechner
551,14_epo,89.0,7.980332280016796,fechner
552,14_epo,90.0,7.980340666611936,fechner
553,14_epo,91.0,7.980348778084404,fechner
554,14_epo,92.0,7.980356626339502,fechner
555,14_epo,93.0,7.980364222645373,fechner
556,14_epo,94.0,7.98037157767349,fechner
557,14_epo,95.0,7.980378701536188,fechner
558,15_epo,3.0,8.061594251703562,fechner
559,15_epo,4.0,8.061594251703562,fechner
560,15_epo,5.0,8.061594251703562,fechner
561,15_epo,6.0,8.061594251703562,fechner
562,15_epo,7.000000000000001,8.061594251703562,fechner
563,15_epo,8.0,8.061594251703562,fechner
564,15_epo,9.0,8.061594251703562,fechner
565,15_epo,10.0,8.061594251703562,fechner
566,15_epo,11.0,8.061594251703562,fechner
567,15_epo,12.0,8.061594251703562,fechner
568,15_epo,13.0,8.061594251703562,fechner
569,15_epo,14.000000000000002,8.061594251703562,fechner
570,15_epo,15.0,8.061594251703562,fechner
571,15_epo,16.0,8.061594251703562,fechner
572,15_epo,17.0,8.061594251703562,fechner
573,15_epo,18.0,8.061594251703562,fechner
574,15_epo,19.0,8.061594251703562,fechner
575,15_epo,20.0,8.061594251703562,fechner
576,15_epo,21.0,8.061594251703562,fechner
577,15_epo,22.0,8.061594251703562,fechner
578,15_epo,23.0,8.061594251703562,fechner
579,15_epo,24.0,8.061594251703562,fechner
580,15_epo,25.0,8.061594251703562,fechner
581,15_epo,26.0,8.061594251703562,fechner
582,15_epo,27.0,8.061594251703562,fechner
583,15_epo,28.000000000000004,8.061594251703562,fechner
584,15_epo,28.999999999999996,8.061594251703562,fechner
585,15_epo,30.0,8.061594251703562,fechner
586,15_epo,31.0,8.061594251703562,fechner
587,15_epo,32.0,8.061594251703562,fechner
588,15_epo,33.0,8.061594251703562,fechner
589,15_epo,34.0,8.061594251703562,fechner
590,15_epo,35.0,8.061594251703562,fechner
591,15_epo,36.0,8.061594251703562,fechner
592,15_epo,37.0,8.061594251703562,fechner
593,15_epo,38.0,8.061594251703562,fechner
594,15_epo,39.0,8.061594251703562,fechner
595,15_epo,40.0,8.061594251703562,fechner
596,15_epo,41.0,8.061594251703562,fechner
597,15_epo,42.0,8.061594251703562,fechner
598,15_epo,43.0,8.061594251703562,fechner
599,15_epo,44.0,8.061594251703562,fechner
600,15_epo,45.0,8.061594251703562,fechner
601,15_epo,46.0,8.061594251703562,fechner
602,15_epo,47.0,8.061594251703562,fechner
603,15_epo,48.0,8.061594251703562,fechner
604,15_epo,49.0,8.061594251703562,fechner
605,15_epo,50.0,8.061594251703562,fechner
606,15_epo,51.0,8.061594251703562,fechner
607,15_epo,52.0,8.061594251703562,fechner
608,15_epo,53.0,8.061594251703562,fechner
609,15_epo,54.0,8.061594251703562,fechner
610,15_epo,55.00000000000001,8.061594251703562,fechner
611,15_epo,56.00000000000001,8.061594251703562,fechner
612,15_epo,56.99999999999999,8.061594251703562,fechner
613,15_epo,57.99999999999999,8.061594251703562,fechner
614,15_epo,59.0,8.061594251703562,fechner
615,15_epo,60.0,8.061594251703562,fechner
616,15_epo,61.0,8.061594251703562,fechner
617,15_epo,62.0,8.061594251703562,fechner
618,15_epo,63.0,8.061594251703562,fechner
619,15_epo,64.0,8.061594251703562,fechner
620,15_epo,65.0,8.061594251703562,fechner
621,15_epo,66.0,8.061594251703562,fechner
622,15_epo,67.0,8.061594251703562,fechner
623,15_epo,68.0,8.061594251703562,fechner
624,15_epo,69.0,8.061594251703562,fechner
625,15_epo,70.0,8.061594251703562,fechner
626,15_epo,71.0,8.061594251703562,fechner
627,15_epo,72.0,8.061594251703562,fechner
628,15_epo,73.0,8.061594251703562,fechner
629,15_epo,74.0,8.061594251703562,fechner
630,15_epo,75.0,8.061594251703562,fechner
631,15_epo,76.0,8.061594251703562,fechner
632,15_epo,77.0,8.061594251703562,fechner
633,15_epo,78.0,8.061594251703562,fechner
634,15_epo,79.0,8.061594251703562,fechner
635,15_epo,80.0,8.061594251703562,fechner
636,15_epo,81.0,8.061594251703562,fechner
637,15_epo,82.0,8.061594251703562,fechner
638,15_epo,83.0,8.061594251703562,fechner
639,15_epo,84.0,8.061594251703562,fechner
640,15_epo,85.0,8.061594251703562,fechner
641,15_epo,86.0,8.061594251703562,fechner
642,15_epo,87.0,8.061594251703562,fechner
643,15_epo,88.0,8.061594251703562,fechner
644,15_epo,89.0,8.061594251703562,fechner
645,15_epo,90.0,8.061594251703562,fechner
646,15_epo,91.0,8.061594251703562,fechner
647,15_epo,92.0,8.061594251703562,fechner
648,15_epo,93.0,8.061594251703562,fechner
649,15_epo,94.0,8.061594251703562,fechner
650,15_epo,95.0,8.061594251703562,fechner
651,16_epo,3.0,6.255007921524158,fechner
652,16_epo,4.0,6.770076033908972,fechner
653,16_epo,5.0,7.048036822771942,fechner
654,16_epo,6.0,7.216524957261957,fechner
655,16_epo,7.000000000000001,7.325487492027939,fechner
656,16_epo,8.0,7.399559747211496,fechner
657,16_epo,9.0,7.451990538225837,fechner
658,16_epo,10.0,7.490360295934359,fechner
659,16_epo,11.0,7.519232345109153,fechner
660,16_epo,12.0,7.54147448885739,fechner
661,16_epo,13.0,7.55895661441269,fechner
662,16_epo,14.000000000000002,7.572937340687148,fechner
663,16_epo,15.0,7.584287605043024,fechner
664,16_epo,16.0,7.5936248581090675,fechner
665,16_epo,17.0,7.601396293604296,fechner
666,16_epo,18.0,7.6079319932014124,fechner
667,16_epo,19.0,7.613479752874452,fechner
668,16_epo,20.0,7.618228441295677,fechner
669,16_epo,21.0,7.622323997484664,fechner
670,16_epo,22.0,7.625880596220618,fechner
671,16_epo,23.0,7.6289885756392755,fechner
672,16_epo,24.0,7.631720154599983,fechner
673,16_epo,25.0,7.634133615412207,fechner
674,16_epo,26.0,7.6362764042665185,fechner
675,16_epo,27.0,7.638187457359856,fechner
676,16_epo,28.000000000000004,7.639898965682028,fechner
677,16_epo,28.999999999999996,7.641437727842646,fechner
678,16_epo,30.0,7.6428261971120115,fechner
679,16_epo,31.0,7.644083299074424,fechner
680,16_epo,32.0,7.645225075500873,fechner
681,16_epo,33.0,7.646265195350184,fechner
682,16_epo,34.0,7.64721536329753,fechner
683,16_epo,35.0,7.648085648592286,fechner
684,16_epo,36.0,7.648884751500237,fechner
685,16_epo,37.0,7.649620220496419,fechner
686,16_epo,38.0,7.650298630333895,fechner
687,16_epo,39.0,7.650925728832827,fechner
688,16_epo,40.0,7.65150655850984,fechner
689,16_epo,41.0,7.652045557853853,fechner
690,16_epo,42.0,7.652546646046759,fechner
691,16_epo,43.0,7.653013294148653,fechner
692,16_epo,44.0,7.653448585161949,fechner
693,16_epo,45.0,7.653855264915214,fechner
694,16_epo,46.0,7.654235785334862,fechner
695,16_epo,47.0,7.654592341378057,fechner
696,16_epo,48.0,7.65492690266556,fechner
697,16_epo,49.0,7.655241240665767,fechner
698,16_epo,50.0,7.655536952130485,fechner
699,16_epo,51.0,7.655815479361328,fechner
700,16_epo,52.0,7.6560781277870555,fechner
701,16_epo,53.0,7.656326081251788,fechner
702,16_epo,54.0,7.6565604153484275,fechner
703,16_epo,55.00000000000001,7.656782109077658,fechner
704,16_epo,56.00000000000001,7.6569920550684785,fechner
705,16_epo,56.99999999999999,7.6571910685595155,fechner
706,16_epo,57.99999999999999,7.6573798953098065,fechner
707,16_epo,59.0,7.657559218582393,fechner
708,16_epo,60.0,7.657729665322823,fechner
709,16_epo,61.0,7.6578918116368655,fechner
710,16_epo,62.0,7.6580461876568,fechner
711,16_epo,63.0,7.6581932818730225,fechner
712,16_epo,64.0,7.65833354499705,fechner
713,16_epo,65.0,7.658467393412948,fechner
714,16_epo,66.0,7.658595212266536,fechner
715,16_epo,67.0,7.658717358235154,fechner
716,16_epo,68.0,7.658834162015186,fechner
717,16_epo,69.0,7.65894593055972,fechner
718,16_epo,70.0,7.6590529490946135,fechner
719,16_epo,71.0,7.659155482937699,fechner
720,16_epo,72.0,7.659253779142764,fechner
721,16_epo,73.0,7.659348067987362,fechner
722,16_epo,74.0,7.659438564321142,fechner
723,16_epo,75.0,7.659525468789454,fechner
724,16_epo,76.0,7.659608968945264,fechner
725,16_epo,77.0,7.659689240260831,fechner
726,16_epo,78.0,7.659766447049367,fechner
727,16_epo,79.0,7.659840743305725,fechner
728,16_epo,80.0,7.659912273474119,fechner
729,16_epo,81.0,7.6599811731500385,fechner
730,16_epo,82.0,7.660047569722718,fechner
731,16_epo,83.0,7.660111582963858,fechner
732,16_epo,84.0,7.660173325567645,fechner
733,16_epo,85.0,7.660232903646658,fechner
734,16_epo,86.0,7.660290417187705,fechner
735,16_epo,87.0,7.660345960471252,fechner
736,16_epo,88.0,7.6603996224577395,fechner
737,16_epo,89.0,7.660451487143724,fechner
738,16_epo,90.0,7.660501633890525,fechner
739,16_epo,91.0,7.660550137727766,fechner
740,16_epo,92.0,7.6605970696339725,fechner
741,16_epo,93.0,7.660642496796205,fechner
742,16_epo,94.0,7.6606864828504815,fechner
743,16_epo,95.0,7.660729088104608,fechner
744,17_epo,3.0,5.654731081046698,fechner
745,17_epo,4.0,7.039689183412739,fechner
746,17_epo,5.0,7.562243884691704,fechner
747,17_epo,6.0,7.826969340987803,fechner
748,17_epo,7.000000000000001,7.981197909580028,fechner
749,17_epo,8.0,8.079329666667826,fechner
750,17_epo,9.0,8.145764112936654,fechner
751,17_epo,10.0,8.192878726458815,fechner
752,17_epo,11.0,8.22752618904275,fechner
753,17_epo,12.0,8.25375998039722,fechner
754,17_epo,13.0,8.274106232606746,fechner
755,17_epo,14.000000000000002,8.290207361178062,fechner
756,17_epo,15.0,8.303169439253676,fechner
757,17_epo,16.0,8.31375980761581,fechner
758,17_epo,17.0,8.322524539048779,fechner
759,17_epo,18.0,8.329860918485176,fechner
760,17_epo,19.0,8.336063628000211,fechner
761,17_epo,20.0,8.341355012796415,fechner
762,17_epo,21.0,8.345905410314899,fechner
763,17_epo,22.0,8.34984710696581,fechner
764,17_epo,23.0,8.35328410915617,fechner
765,17_epo,24.0,8.356299105281774,fechner
766,17_epo,25.0,8.358958505765257,fechner
767,17_epo,26.0,8.361316144854971,fechner
768,17_epo,27.0,8.363416035648616,fechner
769,17_epo,28.000000000000004,8.365294445460965,fechner
770,17_epo,28.999999999999996,8.36698147672019,fechner
771,17_epo,30.0,8.368502283658776,fechner
772,17_epo,31.0,8.369878017672919,fechner
773,17_epo,32.0,8.371126568393915,fechner
774,17_epo,33.0,8.372263149430175,fechner
775,17_epo,34.0,8.373300764918541,fechner
776,17_epo,35.0,8.374250583828784,fechner
777,17_epo,36.0,8.375122242299431,fechner
778,17_epo,37.0,8.375924089400858,fechner
779,17_epo,38.0,8.376663388111902,fechner
780,17_epo,39.0,8.377346480603183,fechner
781,17_epo,40.0,8.377978924894252,fechner
782,17_epo,41.0,8.378565608415162,fechner
783,17_epo,42.0,8.37911084282911,fechner
784,17_epo,43.0,8.379618443569337,fechner
785,17_epo,44.0,8.38009179684354,fechner
786,17_epo,45.0,8.380533916313391,fechner
787,17_epo,46.0,8.380947491228557,fechner
788,17_epo,47.0,8.38133492745691,fechner
789,17_epo,48.0,8.381698382584517,fechner
790,17_epo,49.0,8.382039796045348,fechner
791,17_epo,50.0,8.382360915069183,fechner
792,17_epo,51.0,8.382663317098286,fechner
793,17_epo,52.0,8.382948429211615,fechner
794,17_epo,53.0,8.383217545004644,fechner
795,17_epo,54.0,8.383471839298766,fechner
796,17_epo,55.00000000000001,8.38371238099349,fechner
797,17_epo,56.00000000000001,8.383940144324688,fechner
798,17_epo,56.99999999999999,8.384156018750966,fechner
799,17_epo,57.99999999999999,8.384360817655882,fechner
800,17_epo,59.0,8.38455528602547,fechner
801,17_epo,60.0,8.384740107236667,fechner
802,17_epo,61.0,8.38491590907238,fechner
803,17_epo,62.0,8.385083269062374,fechner
804,17_epo,63.0,8.385242719234851,fechner
805,17_epo,64.0,8.385394750352022,fechner
806,17_epo,65.0,8.38553981569264,fechner
807,17_epo,66.0,8.385678334436104,fechner
808,17_epo,67.0,8.385810694695364,fechner
809,17_epo,68.0,8.385937256239684,fechner
810,17_epo,69.0,8.386058352942982,fechner
811,17_epo,70.0,8.386174294988928,fechner
812,17_epo,71.0,8.386285370860012,fechner
813,17_epo,72.0,8.386391849134451,fechner
814,17_epo,73.0,8.386493980111869,fechner
815,17_epo,74.0,8.386591997286118,fechner
816,17_epo,75.0,8.386686118681503,fechner
817,17_epo,76.0,8.386776548066635,fechner
818,17_epo,77.0,8.386863476058622,fechner
819,17_epo,78.0,8.386947081128719,fechner
820,17_epo,79.0,8.3870275305194,fechner
821,17_epo,80.0,8.387104981081645,fechner
822,17_epo,81.0,8.387179580040272,fechner
823,17_epo,82.0,8.387251465694304,fechner
824,17_epo,83.0,8.387320768058602,fechner
825,17_epo,84.0,8.38738760945232,fechner
826,17_epo,85.0,8.387452105039138,fechner
827,17_epo,86.0,8.387514363323799,fechner
828,17_epo,87.0,8.387574486608878,fechner
829,17_epo,88.0,8.387632571415418,fechner
830,17_epo,89.0,8.387688708870646,fechner
831,17_epo,90.0,8.387742985065703,fechner
832,17_epo,91.0,8.387795481385975,fechner
833,17_epo,92.0,8.38784627481644,fechner
834,17_epo,93.0,8.387895438224124,fechner
835,17_epo,94.0,8.387943040619668,fechner
836,17_epo,95.0,8.38798914739964,fechner
837,18_epo,3.0,8.262951057281715,fechner
838,18_epo,4.0,8.262951057282697,fechner
839,18_epo,5.0,8.262951057282956,fechner
840,18_epo,6.0,8.26295105728307,fechner
841,18_epo,7.000000000000001,8.262951057283132,fechner
842,18_epo,8.0,8.262951057283171,fechner
843,18_epo,9.0,8.262951057283194,fechner
844,18_epo,10.0,8.262951057283214,fechner
845,18_epo,11.0,8.262951057283226,fechner
846,18_epo,12.0,8.262951057283235,fechner
847,18_epo,13.0,8.262951057283244,fechner
848,18_epo,14.000000000000002,8.26295105728325,fechner
849,18_epo,15.0,8.262951057283253,fechner
850,18_epo,16.0,8.262951057283257,fechner
851,18_epo,17.0,8.26295105728326,fechner
852,18_epo,18.0,8.262951057283262,fechner
853,18_epo,19.0,8.262951057283265,fechner
854,18_epo,20.0,8.262951057283267,fechner
855,18_epo,21.0,8.262951057283269,fechner
856,18_epo,22.0,8.262951057283269,fechner
857,18_epo,23.0,8.26295105728327,fechner
858,18_epo,24.0,8.262951057283273,fechner
859,18_epo,25.0,8.262951057283273,fechner
860,18_epo,26.0,8.262951057283274,fechner
861,18_epo,27.0,8.262951057283274,fechner
862,18_epo,28.000000000000004,8.262951057283276,fechner
863,18_epo,28.999999999999996,8.262951057283276,fechner
864,18_epo,30.0,8.262951057283276,fechner
865,18_epo,31.0,8.262951057283276,fechner
866,18_epo,32.0,8.262951057283278,fechner
867,18_epo,33.0,8.262951057283278,fechner
868,18_epo,34.0,8.262951057283278,fechner
869,18_epo,35.0,8.262951057283278,fechner
870,18_epo,36.0,8.26295105728328,fechner
871,18_epo,37.0,8.26295105728328,fechner
872,18_epo,38.0,8.26295105728328,fechner
873,18_epo,39.0,8.26295105728328,fechner
874,18_epo,40.0,8.26295105728328,fechner
875,18_epo,41.0,8.26295105728328,fechner
876,18_epo,42.0,8.26295105728328,fechner
877,18_epo,43.0,8.26295105728328,fechner
878,18_epo,44.0,8.262951057283281,fechner
879,18_epo,45.0,8.262951057283281,fechner
880,18_epo,46.0,8.262951057283281,fechner
881,18_epo,47.0,8.262951057283281,fechner
882,18_epo,48.0,8.262951057283281,fechner
883,18_epo,49.0,8.262951057283281,fechner
884,18_epo,50.0,8.262951057283281,fechner
885,18_epo,51.0,8.262951057283281,fechner
886,18_epo,52.0,8.262951057283281,fechner
887,18_epo,53.0,8.262951057283281,fechner
888,18_epo,54.0,8.262951057283281,fechner
889,18_epo,55.00000000000001,8.262951057283281,fechner
890,18_epo,56.00000000000001,8.262951057283281,fechner
891,18_epo,56.99999999999999,8.262951057283281,fechner
892,18_epo,57.99999999999999,8.262951057283281,fechner
893,18_epo,59.0,8.262951057283281,fechner
894,18_epo,60.0,8.262951057283283,fechner
895,18_epo,61.0,8.262951057283283,fechner
896,18_epo,62.0,8.262951057283283,fechner
897,18_epo,63.0,8.262951057283283,fechner
898,18_epo,64.0,8.262951057283283,fechner
899,18_epo,65.0,8.262951057283283,fechner
900,18_epo,66.0,8.262951057283283,fechner
901,18_epo,67.0,8.262951057283283,fechner
902,18_epo,68.0,8.262951057283283,fechner
903,18_epo,69.0,8.262951057283283,fechner
904,18_epo,70.0,8.262951057283283,fechner
905,18_epo,71.0,8.262951057283283,fechner
906,18_epo,72.0,8.262951057283283,fechner
907,18_epo,73.0,8.262951057283283,fechner
908,18_epo,74.0,8.262951057283283,fechner
909,18_epo,75.0,8.262951057283283,fechner
910,18_epo,76.0,8.262951057283283,fechner
911,18_epo,77.0,8.262951057283283,fechner
912,18_epo,78.0,8.262951057283283,fechner
913,18_epo,79.0,8.262951057283283,fechner
914,18_epo,80.0,8.262951057283283,fechner
915,18_epo,81.0,8.262951057283283,fechner
916,18_epo,82.0,8.262951057283283,fechner
917,18_epo,83.0,8.262951057283283,fechner
918,18_epo,84.0,8.262951057283283,fechner
919,18_epo,85.0,8.262951057283283,fechner
920,18_epo,86.0,8.262951057283283,fechner
921,18_epo,87.0,8.262951057283283,fechner
922,18_epo,88.0,8.262951057283283,fechner
923,18_epo,89.0,8.262951057283283,fechner
924,18_epo,90.0,8.262951057283283,fechner
925,18_epo,91.0,8.262951057283283,fechner
926,18_epo,92.0,8.262951057283283,fechner
927,18_epo,93.0,8.262951057283283,fechner
928,18_epo,94.0,8.262951057283283,fechner
929,18_epo,95.0,8.262951057283283,fechner
930,19_epo,3.0,7.546648093126116,fechner
931,19_epo,4.0,7.546648122760929,fechner
932,19_epo,5.0,7.546648130525742,fechner
933,19_epo,6.0,7.546648133980427,fechner
934,19_epo,7.000000000000001,7.546648135865475,fechner
935,19_epo,8.0,7.546648137019687,fechner
936,19_epo,9.0,7.546648137782056,fechner
937,19_epo,10.0,7.546648138313697,fechner
938,19_epo,11.0,7.546648138699983,fechner
939,19_epo,12.0,7.54664813898987,fechner
940,19_epo,13.0,7.546648139213176,fechner
941,19_epo,14.000000000000002,7.546648139388957,fechner
942,19_epo,15.0,7.546648139529872,fechner
943,19_epo,16.0,7.546648139644613,fechner
944,19_epo,17.0,7.5466481397393075,fechner
945,19_epo,18.0,7.546648139818386,fechner
946,19_epo,19.0,7.546648139885114,fechner
947,19_epo,20.0,7.5466481399419445,fechner
948,19_epo,21.0,7.546648139990748,fechner
949,19_epo,22.0,7.546648140032971,fechner
950,19_epo,23.0,7.546648140069748,fechner
951,19_epo,24.0,7.546648140101981,fechner
952,19_epo,25.0,7.5466481401303875,fechner
953,19_epo,26.0,7.546648140155553,fechner
954,19_epo,27.0,7.546648140177954,fechner
955,19_epo,28.000000000000004,7.546648140197981,fechner
956,19_epo,28.999999999999996,7.546648140215956,fechner
957,19_epo,30.0,7.546648140232154,fechner
958,19_epo,31.0,7.546648140246802,fechner
959,19_epo,32.0,7.546648140260089,fechner
960,19_epo,33.0,7.546648140272181,fechner
961,19_epo,34.0,7.546648140283216,fechner
962,19_epo,35.0,7.546648140293316,fechner
963,19_epo,36.0,7.5466481403025805,fechner
964,19_epo,37.0,7.546648140311102,fechner
965,19_epo,38.0,7.546648140318958,fechner
966,19_epo,39.0,7.546648140326213,fechner
967,19_epo,40.0,7.54664814033293,fechner
968,19_epo,41.0,7.54664814033916,fechner
969,19_epo,42.0,7.546648140344948,fechner
970,19_epo,43.0,7.546648140350338,fechner
971,19_epo,44.0,7.546648140355361,fechner
972,19_epo,45.0,7.546648140360054,fechner
973,19_epo,46.0,7.546648140364442,fechner
974,19_epo,47.0,7.5466481403685535,fechner
975,19_epo,48.0,7.546648140372408,fechner
976,19_epo,49.0,7.546648140376031,fechner
977,19_epo,50.0,7.546648140379436,fechner
978,19_epo,51.0,7.5466481403826435,fechner
979,19_epo,52.0,7.546648140385667,fechner
980,19_epo,53.0,7.546648140388521,fechner
981,19_epo,54.0,7.546648140391217,fechner
982,19_epo,55.00000000000001,7.546648140393767,fechner
983,19_epo,56.00000000000001,7.546648140396182,fechner
984,19_epo,56.99999999999999,7.546648140398471,fechner
985,19_epo,57.99999999999999,7.5466481404006425,fechner
986,19_epo,59.0,7.546648140402703,fechner
987,19_epo,60.0,7.546648140404662,fechner
988,19_epo,61.0,7.546648140406526,fechner
989,19_epo,62.0,7.5466481404082995,fechner
990,19_epo,63.0,7.546648140409989,fechner
991,19_epo,64.0,7.5466481404116,fechner
992,19_epo,65.0,7.546648140413137,fechner
993,19_epo,66.0,7.5466481404146055,fechner
994,19_epo,67.0,7.546648140416008,fechner
995,19_epo,68.0,7.546648140417349,fechner
996,19_epo,69.0,7.546648140418632,fechner
997,19_epo,70.0,7.54664814041986,fechner
998,19_epo,71.0,7.546648140421037,fechner
999,19_epo,72.0,7.546648140422165,fechner
1000,19_epo,73.0,7.5466481404232475,fechner
1001,19_epo,74.0,7.546648140424286,fechner
1002,19_epo,75.0,7.546648140425283,fechner
1003,19_epo,76.0,7.546648140426241,fechner
1004,19_epo,77.0,7.546648140427162,fechner
1005,19_epo,78.0,7.546648140428047,fechner
1006,19_epo,79.0,7.546648140428899,fechner
1007,19_epo,80.0,7.54664814042972,fechner
1008,19_epo,81.0,7.546648140430509,fechner
1009,19_epo,82.0,7.546648140431271,fechner
1010,19_epo,83.0,7.546648140432005,fechner
1011,19_epo,84.0,7.546648140432713,fechner
1012,19_epo,85.0,7.546648140433396,fechner
1013,19_epo,86.0,7.546648140434056,fechner
1014,19_epo,87.0,7.546648140434692,fechner
1015,19_epo,88.0,7.546648140435307,fechner
1016,19_epo,89.0,7.546648140435902,fechner
1017,19_epo,90.0,7.546648140436476,fechner
1018,19_epo,91.0,7.546648140437032,fechner
1019,19_epo,92.0,7.54664814043757,fechner
1020,19_epo,93.0,7.546648140438092,fechner
1021,19_epo,94.0,7.546648140438595,fechner
1022,19_epo,95.0,7.546648140439084,fechner
1023,1_epo,3.0,5.730772710448731,fechner
1024,1_epo,4.0,6.311230368145199,fechner
1025,1_epo,5.0,6.638477237117257,fechner
1026,1_epo,6.0,6.84223741418157,fechner
1027,1_epo,7.000000000000001,6.976299771399287,fechner
1028,1_epo,8.0,7.068493770214158,fechner
1029,1_epo,9.0,7.1342802341825955,fechner
1030,1_epo,10.0,7.182705324527914,fechner
1031,1_epo,11.0,7.21930205247869,fechner
1032,1_epo,12.0,7.247588456217754,fechner
1033,1_epo,13.0,7.269878685645766,fechner
1034,1_epo,14.000000000000002,7.287741020826585,fechner
1035,1_epo,15.0,7.302266507265414,fechner
1036,1_epo,16.0,7.314231969640974,fechner
1037,1_epo,17.0,7.324201998802066,fechner
1038,1_epo,18.0,7.332594531470655,fechner
1039,1_epo,19.0,7.339724072073848,fechner
1040,1_epo,20.0,7.345830819896869,fechner
1041,1_epo,21.0,7.351100697037845,fechner
1042,1_epo,22.0,7.35567937380718,fechner
1043,1_epo,23.0,7.359682255580536,fechner
1044,1_epo,24.0,7.363201703114785,fechner
1045,1_epo,25.0,7.366312326133645,fechner
1046,1_epo,26.0,7.369074914522071,fechner
1047,1_epo,27.0,7.371539392584649,fechner
1048,1_epo,28.000000000000004,7.373747063635333,fechner
1049,1_epo,28.999999999999996,7.375732332839718,fechner
1050,1_epo,30.0,7.377524042164398,fechner
1051,1_epo,31.0,7.379146513933727,fechner
1052,1_epo,32.0,7.380620373351788,fechner
1053,1_epo,33.0,7.381963201829769,fechner
1054,1_epo,34.0,7.3831900596932565,fechner
1055,1_epo,35.0,7.384313907239927,fechner
1056,1_epo,36.0,7.385345946095239,fechner
1057,1_epo,37.0,7.386295897630219,fechner
1058,1_epo,38.0,7.387172231345517,fechner
1059,1_epo,39.0,7.3879823532275735,fechner
1060,1_epo,40.0,7.388732761889253,fechner
1061,1_epo,41.0,7.389429178634767,fechner
1062,1_epo,42.0,7.390076656304292,fechner
1063,1_epo,43.0,7.390679670760846,fechner
1064,1_epo,44.0,7.391242198109356,fechner
1065,1_epo,45.0,7.3917677801330965,fechner
1066,1_epo,46.0,7.392259579956569,fechner
1067,1_epo,47.0,7.392720429566805,fechner
1068,1_epo,48.0,7.393152870525103,fechner
1069,1_epo,49.0,7.393559188961081,fechner
1070,1_epo,50.0,7.393941445748056,fechner
1071,1_epo,51.0,7.394301502602852,fechner
1072,1_epo,52.0,7.394641044726815,fechner
1073,1_epo,53.0,7.394961600501754,fechner
1074,1_epo,54.0,7.395264558670378,fechner
1075,1_epo,55.00000000000001,7.395551183361578,fechner
1076,1_epo,56.00000000000001,7.395822627263882,fechner
1077,1_epo,56.99999999999999,7.396079943203279,fechner
1078,1_epo,57.99999999999999,7.396324094342389,fechner
1079,1_epo,59.0,7.3965559631853655,fechner
1080,1_epo,60.0,7.396776359545633,fechner
1081,1_epo,61.0,7.396986027610713,fechner
1082,1_epo,62.0,7.397185652219133,fechner
1083,1_epo,63.0,7.397375864448247,fechner
1084,1_epo,64.0,7.3975572465980255,fechner
1085,1_epo,65.0,7.397730336644289,fechner
1086,1_epo,66.0,7.39789563222492,fechner
1087,1_epo,67.0,7.398053594214201,fechner
1088,1_epo,68.0,7.398204649933154,fechner
1089,1_epo,69.0,7.39834919603766,fechner
1090,1_epo,70.0,7.398487601120754,fechner
1091,1_epo,71.0,7.39862020806097,fechner
1092,1_epo,72.0,7.398747336144663,fechner
1093,1_epo,73.0,7.398869282986814,fechner
1094,1_epo,74.0,7.398986326271893,fechner
1095,1_epo,75.0,7.399098725333781,fechner
1096,1_epo,76.0,7.399206722591534,fechner
1097,1_epo,77.0,7.399310544855811,fechner
1098,1_epo,78.0,7.39941040451912,fechner
1099,1_epo,79.0,7.39950650064153,fechner
1100,1_epo,80.0,7.3995990199422215,fechner
1101,1_epo,81.0,7.399688137706063,fechner
1102,1_epo,82.0,7.399774018613471,fechner
1103,1_epo,83.0,7.399856817500855,fechner
1104,1_epo,84.0,7.399936680058207,fechner
1105,1_epo,85.0,7.400013743469718,fechner
1106,1_epo,86.0,7.4000881370026494,fechner
1107,1_epo,87.0,7.400159982549208,fechner
1108,1_epo,88.0,7.400229395125645,fechner
1109,1_epo,89.0,7.400296483332397,fechner
1110,1_epo,90.0,7.400361349778715,fechner
1111,1_epo,91.0,7.400424091474858,fechner
1112,1_epo,92.0,7.4004848001946755,fechner
1113,1_epo,93.0,7.4005435628110865,fechner
1114,1_epo,94.0,7.400600461606759,fechner
1115,1_epo,95.0,7.400655574562059,fechner
1116,20_epo,3.0,8.184018390080093,fechner
1117,20_epo,4.0,8.184018390080094,fechner
1118,20_epo,5.0,8.184018390080094,fechner
1119,20_epo,6.0,8.184018390080094,fechner
1120,20_epo,7.000000000000001,8.184018390080094,fechner
1121,20_epo,8.0,8.184018390080094,fechner
1122,20_epo,9.0,8.184018390080094,fechner
1123,20_epo,10.0,8.184018390080094,fechner
1124,20_epo,11.0,8.184018390080094,fechner
1125,20_epo,12.0,8.184018390080094,fechner
1126,20_epo,13.0,8.184018390080094,fechner
1127,20_epo,14.000000000000002,8.184018390080094,fechner
1128,20_epo,15.0,8.184018390080094,fechner
1129,20_epo,16.0,8.184018390080094,fechner
1130,20_epo,17.0,8.184018390080094,fechner
1131,20_epo,18.0,8.184018390080094,fechner
1132,20_epo,19.0,8.184018390080094,fechner
1133,20_epo,20.0,8.184018390080094,fechner
1134,20_epo,21.0,8.184018390080094,fechner
1135,20_epo,22.0,8.184018390080094,fechner
1136,20_epo,23.0,8.184018390080094,fechner
1137,20_epo,24.0,8.184018390080094,fechner
1138,20_epo,25.0,8.184018390080094,fechner
1139,20_epo,26.0,8.184018390080094,fechner
1140,20_epo,27.0,8.184018390080094,fechner
1141,20_epo,28.000000000000004,8.184018390080094,fechner
1142,20_epo,28.999999999999996,8.184018390080094,fechner
1143,20_epo,30.0,8.184018390080094,fechner
1144,20_epo,31.0,8.184018390080094,fechner
1145,20_epo,32.0,8.184018390080094,fechner
1146,20_epo,33.0,8.184018390080094,fechner
1147,20_epo,34.0,8.184018390080094,fechner
1148,20_epo,35.0,8.184018390080094,fechner
1149,20_epo,36.0,8.184018390080094,fechner
1150,20_epo,37.0,8.184018390080094,fechner
1151,20_epo,38.0,8.184018390080094,fechner
1152,20_epo,39.0,8.184018390080094,fechner
1153,20_epo,40.0,8.184018390080094,fechner
1154,20_epo,41.0,8.184018390080094,fechner
1155,20_epo,42.0,8.184018390080094,fechner
1156,20_epo,43.0,8.184018390080094,fechner
1157,20_epo,44.0,8.184018390080094,fechner
1158,20_epo,45.0,8.184018390080094,fechner
1159,20_epo,46.0,8.184018390080094,fechner
1160,20_epo,47.0,8.184018390080094,fechner
1161,20_epo,48.0,8.184018390080094,fechner
1162,20_epo,49.0,8.184018390080094,fechner
1163,20_epo,50.0,8.184018390080094,fechner
1164,20_epo,51.0,8.184018390080094,fechner
1165,20_epo,52.0,8.184018390080094,fechner
1166,20_epo,53.0,8.184018390080094,fechner
1167,20_epo,54.0,8.184018390080094,fechner
1168,20_epo,55.00000000000001,8.184018390080094,fechner
1169,20_epo,56.00000000000001,8.184018390080094,fechner
1170,20_epo,56.99999999999999,8.184018390080094,fechner
1171,20_epo,57.99999999999999,8.184018390080094,fechner
1172,20_epo,59.0,8.184018390080094,fechner
1173,20_epo,60.0,8.184018390080094,fechner
1174,20_epo,61.0,8.184018390080094,fechner
1175,20_epo,62.0,8.184018390080094,fechner
1176,20_epo,63.0,8.184018390080094,fechner
1177,20_epo,64.0,8.184018390080094,fechner
1178,20_epo,65.0,8.184018390080094,fechner
1179,20_epo,66.0,8.184018390080094,fechner
1180,20_epo,67.0,8.184018390080094,fechner
1181,20_epo,68.0,8.184018390080094,fechner
1182,20_epo,69.0,8.184018390080094,fechner
1183,20_epo,70.0,8.184018390080094,fechner
1184,20_epo,71.0,8.184018390080094,fechner
1185,20_epo,72.0,8.184018390080094,fechner
1186,20_epo,73.0,8.184018390080094,fechner
1187,20_epo,74.0,8.184018390080094,fechner
1188,20_epo,75.0,8.184018390080094,fechner
1189,20_epo,76.0,8.184018390080094,fechner
1190,20_epo,77.0,8.184018390080094,fechner
1191,20_epo,78.0,8.184018390080094,fechner
1192,20_epo,79.0,8.184018390080094,fechner
1193,20_epo,80.0,8.184018390080094,fechner
1194,20_epo,81.0,8.184018390080094,fechner
1195,20_epo,82.0,8.184018390080094,fechner
1196,20_epo,83.0,8.184018390080094,fechner
1197,20_epo,84.0,8.184018390080094,fechner
1198,20_epo,85.0,8.184018390080094,fechner
1199,20_epo,86.0,8.184018390080094,fechner
1200,20_epo,87.0,8.184018390080094,fechner
1201,20_epo,88.0,8.184018390080094,fechner
1202,20_epo,89.0,8.184018390080094,fechner
1203,20_epo,90.0,8.184018390080094,fechner
1204,20_epo,91.0,8.184018390080094,fechner
1205,20_epo,92.0,8.184018390080094,fechner
1206,20_epo,93.0,8.184018390080094,fechner
1207,20_epo,94.0,8.184018390080094,fechner
1208,20_epo,95.0,8.184018390080094,fechner
1209,21_epo,3.0,8.267174951093315,fechner
1210,21_epo,4.0,8.267174951093315,fechner
1211,21_epo,5.0,8.267174951093315,fechner
1212,21_epo,6.0,8.267174951093315,fechner
1213,21_epo,7.000000000000001,8.267174951093315,fechner
1214,21_epo,8.0,8.267174951093315,fechner
1215,21_epo,9.0,8.267174951093315,fechner
1216,21_epo,10.0,8.267174951093315,fechner
1217,21_epo,11.0,8.267174951093315,fechner
1218,21_epo,12.0,8.267174951093315,fechner
1219,21_epo,13.0,8.267174951093315,fechner
1220,21_epo,14.000000000000002,8.267174951093315,fechner
1221,21_epo,15.0,8.267174951093315,fechner
1222,21_epo,16.0,8.267174951093315,fechner
1223,21_epo,17.0,8.267174951093317,fechner
1224,21_epo,18.0,8.267174951093315,fechner
1225,21_epo,19.0,8.267174951093317,fechner
1226,21_epo,20.0,8.267174951093315,fechner
1227,21_epo,21.0,8.267174951093315,fechner
1228,21_epo,22.0,8.267174951093317,fechner
1229,21_epo,23.0,8.267174951093317,fechner
1230,21_epo,24.0,8.267174951093315,fechner
1231,21_epo,25.0,8.267174951093317,fechner
1232,21_epo,26.0,8.267174951093317,fechner
1233,21_epo,27.0,8.267174951093317,fechner
1234,21_epo,28.000000000000004,8.267174951093315,fechner
1235,21_epo,28.999999999999996,8.267174951093315,fechner
1236,21_epo,30.0,8.267174951093317,fechner
1237,21_epo,31.0,8.267174951093317,fechner
1238,21_epo,32.0,8.267174951093317,fechner
1239,21_epo,33.0,8.267174951093315,fechner
1240,21_epo,34.0,8.267174951093317,fechner
1241,21_epo,35.0,8.267174951093315,fechner
1242,21_epo,36.0,8.267174951093317,fechner
1243,21_epo,37.0,8.267174951093317,fechner
1244,21_epo,38.0,8.267174951093317,fechner
1245,21_epo,39.0,8.267174951093315,fechner
1246,21_epo,40.0,8.267174951093317,fechner
1247,21_epo,41.0,8.267174951093317,fechner
1248,21_epo,42.0,8.267174951093317,fechner
1249,21_epo,43.0,8.267174951093317,fechner
1250,21_epo,44.0,8.267174951093317,fechner
1251,21_epo,45.0,8.267174951093317,fechner
1252,21_epo,46.0,8.267174951093317,fechner
1253,21_epo,47.0,8.267174951093315,fechner
1254,21_epo,48.0,8.267174951093317,fechner
1255,21_epo,49.0,8.267174951093315,fechner
1256,21_epo,50.0,8.267174951093317,fechner
1257,21_epo,51.0,8.267174951093317,fechner
1258,21_epo,52.0,8.267174951093317,fechner
1259,21_epo,53.0,8.267174951093315,fechner
1260,21_epo,54.0,8.267174951093317,fechner
1261,21_epo,55.00000000000001,8.267174951093317,fechner
1262,21_epo,56.00000000000001,8.267174951093317,fechner
1263,21_epo,56.99999999999999,8.267174951093317,fechner
1264,21_epo,57.99999999999999,8.267174951093317,fechner
1265,21_epo,59.0,8.267174951093315,fechner
1266,21_epo,60.0,8.267174951093317,fechner
1267,21_epo,61.0,8.267174951093315,fechner
1268,21_epo,62.0,8.267174951093317,fechner
1269,21_epo,63.0,8.267174951093317,fechner
1270,21_epo,64.0,8.267174951093317,fechner
1271,21_epo,65.0,8.267174951093317,fechner
1272,21_epo,66.0,8.267174951093317,fechner
1273,21_epo,67.0,8.267174951093317,fechner
1274,21_epo,68.0,8.267174951093317,fechner
1275,21_epo,69.0,8.267174951093317,fechner
1276,21_epo,70.0,8.267174951093317,fechner
1277,21_epo,71.0,8.267174951093317,fechner
1278,21_epo,72.0,8.267174951093317,fechner
1279,21_epo,73.0,8.267174951093317,fechner
1280,21_epo,74.0,8.267174951093315,fechner
1281,21_epo,75.0,8.267174951093317,fechner
1282,21_epo,76.0,8.267174951093317,fechner
1283,21_epo,77.0,8.267174951093317,fechner
1284,21_epo,78.0,8.267174951093317,fechner
1285,21_epo,79.0,8.267174951093315,fechner
1286,21_epo,80.0,8.267174951093317,fechner
1287,21_epo,81.0,8.267174951093317,fechner
1288,21_epo,82.0,8.267174951093317,fechner
1289,21_epo,83.0,8.267174951093317,fechner
1290,21_epo,84.0,8.267174951093317,fechner
1291,21_epo,85.0,8.267174951093317,fechner
1292,21_epo,86.0,8.267174951093315,fechner
1293,21_epo,87.0,8.267174951093317,fechner
1294,21_epo,88.0,8.267174951093317,fechner
1295,21_epo,89.0,8.267174951093317,fechner
1296,21_epo,90.0,8.267174951093317,fechner
1297,21_epo,91.0,8.267174951093317,fechner
1298,21_epo,92.0,8.267174951093317,fechner
1299,21_epo,93.0,8.267174951093315,fechner
1300,21_epo,94.0,8.267174951093317,fechner
1301,21_epo,95.0,8.267174951093317,fechner
1302,22_epo,3.0,8.925345697081221,fechner
1303,22_epo,4.0,8.925348687924208,fechner
1304,22_epo,5.0,8.92534947193923,fechner
1305,22_epo,6.0,8.9253498208082,fechner
1306,22_epo,7.000000000000001,8.925350011181168,fechner
1307,22_epo,8.0,8.925350127750692,fechner
1308,22_epo,9.0,8.925350204747856,fechner
1309,22_epo,10.0,8.925350258442979,fechner
1310,22_epo,11.0,8.925350297457864,fechner
1311,22_epo,12.0,8.925350326736638,fechner
1312,22_epo,13.0,8.925350349290923,fechner
1313,22_epo,14.000000000000002,8.925350367045144,fechner
1314,22_epo,15.0,8.92535038127796,fechner
1315,22_epo,16.0,8.925350392867005,fechner
1316,22_epo,17.0,8.925350402431478,fechner
1317,22_epo,18.0,8.9253504104187,fechner
1318,22_epo,19.0,8.925350417158512,fechner
1319,22_epo,20.0,8.925350422898584,fechner
1320,22_epo,21.0,8.925350427827848,fechner
1321,22_epo,22.0,8.925350432092522,fechner
1322,22_epo,23.0,8.925350435807207,fechner
1323,22_epo,24.0,8.925350439062772,fechner
1324,22_epo,25.0,8.92535044193203,fechner
1325,22_epo,26.0,8.925350444473885,fechner
1326,22_epo,27.0,8.925350446736404,fechner
1327,22_epo,28.000000000000004,8.925350448759135,fechner
1328,22_epo,28.999999999999996,8.925350450574854,fechner
1329,22_epo,30.0,8.925350452210916,fechner
1330,22_epo,31.0,8.925350453690298,fechner
1331,22_epo,32.0,8.92535045503241,fechner
1332,22_epo,33.0,8.925350456253742,fechner
1333,22_epo,34.0,8.925350457368383,fechner
1334,22_epo,35.0,8.92535045838842,fechner
1335,22_epo,36.0,8.925350459324275,fechner
1336,22_epo,37.0,8.92535046018497,fechner
1337,22_epo,38.0,8.925350460978349,fechner
1338,22_epo,39.0,8.925350461711265,fechner
1339,22_epo,40.0,8.925350462389709,fechner
1340,22_epo,41.0,8.925350463018953,fechner
1341,22_epo,42.0,8.925350463603648,fechner
1342,22_epo,43.0,8.925350464147902,fechner
1343,22_epo,44.0,8.925350464655365,fechner
1344,22_epo,45.0,8.92535046512928,fechner
1345,22_epo,46.0,8.925350465572546,fechner
1346,22_epo,47.0,8.925350465987748,fechner
1347,22_epo,48.0,8.925350466377209,fechner
1348,22_epo,49.0,8.925350466743014,fechner
1349,22_epo,50.0,8.925350467087041,fechner
1350,22_epo,51.0,8.925350467410988,fechner
1351,22_epo,52.0,8.925350467716388,fechner
1352,22_epo,53.0,8.92535046800463,fechner
1353,22_epo,54.0,8.925350468276976,fechner
1354,22_epo,55.00000000000001,8.925350468534576,fechner
1355,22_epo,56.00000000000001,8.925350468778475,fechner
1356,22_epo,56.99999999999999,8.925350469009626,fechner
1357,22_epo,57.99999999999999,8.925350469228908,fechner
1358,22_epo,59.0,8.925350469437115,fechner
1359,22_epo,60.0,8.925350469634981,fechner
1360,22_epo,61.0,8.925350469823186,fechner
1361,22_epo,62.0,8.925350470002341,fechner
1362,22_epo,63.0,8.925350470173022,fechner
1363,22_epo,64.0,8.925350470335752,fechner
1364,22_epo,65.0,8.925350470491024,fechner
1365,22_epo,66.0,8.92535047063928,fechner
1366,22_epo,67.0,8.92535047078094,fechner
1367,22_epo,68.0,8.925350470916387,fechner
1368,22_epo,69.0,8.925350471045983,fechner
1369,22_epo,70.0,8.925350471170056,fechner
1370,22_epo,71.0,8.925350471288919,fechner
1371,22_epo,72.0,8.925350471402858,fechner
1372,22_epo,73.0,8.925350471512143,fechner
1373,22_epo,74.0,8.925350471617023,fechner
1374,22_epo,75.0,8.925350471717731,fechner
1375,22_epo,76.0,8.925350471814486,fechner
1376,22_epo,77.0,8.925350471907493,fechner
1377,22_epo,78.0,8.925350471996941,fechner
1378,22_epo,79.0,8.925350472083013,fechner
1379,22_epo,80.0,8.925350472165873,fechner
1380,22_epo,81.0,8.92535047224568,fechner
1381,22_epo,82.0,8.925350472322584,fechner
1382,22_epo,83.0,8.925350472396723,fechner
1383,22_epo,84.0,8.925350472468228,fechner
1384,22_epo,85.0,8.925350472537222,fechner
1385,22_epo,86.0,8.92535047260382,fechner
1386,22_epo,87.0,8.925350472668134,fechner
1387,22_epo,88.0,8.925350472730267,fechner
1388,22_epo,89.0,8.925350472790315,fechner
1389,22_epo,90.0,8.925350472848372,fechner
1390,22_epo,91.0,8.925350472904524,fechner
1391,22_epo,92.0,8.925350472958852,fechner
1392,22_epo,93.0,8.92535047301144,fechner
1393,22_epo,94.0,8.925350473062354,fechner
1394,22_epo,95.0,8.925350473111669,fechner
1395,23_epo,3.0,6.641883981436316,fechner
1396,23_epo,4.0,7.075867625381461,fechner
1397,23_epo,5.0,7.296614980468553,fechner
1398,23_epo,6.0,7.425907355731537,fechner
1399,23_epo,7.000000000000001,7.507753750164271,fechner
1400,23_epo,8.0,7.562614998638693,fechner
1401,23_epo,9.0,7.601072453206077,fechner
1402,23_epo,10.0,7.629021192691626,fechner
1403,23_epo,11.0,7.64994384345586,fechner
1404,23_epo,12.0,7.665999178066992,fechner
1405,23_epo,13.0,7.678580310587919,fechner
1406,23_epo,14.000000000000002,7.688617513288262,fechner
1407,23_epo,15.0,7.696750500012071,fechner
1408,23_epo,16.0,7.703430530436525,fechner
1409,23_epo,17.0,7.708983105860894,fechner
1410,23_epo,18.0,7.713647680694573,fechner
1411,23_epo,19.0,7.717603514598968,fechner
1412,23_epo,20.0,7.720986917239842,fechner
1413,23_epo,21.0,7.723903004847411,fechner
1414,23_epo,22.0,7.726433873840971,fechner
1415,23_epo,23.0,7.728644385027286,fechner
1416,23_epo,24.0,7.730586323276223,fechner
1417,23_epo,25.0,7.732301433152738,fechner
1418,23_epo,26.0,7.733823664217375,fechner
1419,23_epo,27.0,7.735180852393191,fechner
1420,23_epo,28.000000000000004,7.736395993453904,fechner
1421,23_epo,28.999999999999996,7.737488217789374,fechner
1422,23_epo,30.0,7.738473543842126,fechner
1423,23_epo,31.0,7.739365465782754,fechner
1424,23_epo,32.0,7.740175415790501,fechner
1425,23_epo,33.0,7.7409131305837215,fechner
1426,23_epo,34.0,7.741586944193979,fechner
1427,23_epo,35.0,7.742204023457556,fechner
1428,23_epo,36.0,7.742770558674448,fechner
1429,23_epo,37.0,7.743291918923638,fechner
1430,23_epo,38.0,7.7437727793238915,fechner
1431,23_epo,39.0,7.7442172258818145,fechner
1432,23_epo,40.0,7.744628842324628,fechner
1433,23_epo,41.0,7.745010782368361,fechner
1434,23_epo,42.0,7.745365830146364,fechner
1435,23_epo,43.0,7.745696450963001,fechner
1436,23_epo,44.0,7.746004834102215,fechner
1437,23_epo,45.0,7.746292929080556,fechner
1438,23_epo,46.0,7.746562476466868,fechner
1439,23_epo,47.0,7.746815034179287,fechner
1440,23_epo,48.0,7.747052000002157,fechner
1441,23_epo,49.0,7.747274630931075,fechner
1442,23_epo,50.0,7.7474840598464185,fechner
1443,23_epo,51.0,7.747681309928659,fechner
1444,23_epo,52.0,7.747867307158233,fechner
1445,23_epo,53.0,7.748042891185324,fechner
1446,23_epo,54.0,7.74820882480794,fechner
1447,23_epo,55.00000000000001,7.748365802258237,fechner
1448,23_epo,56.00000000000001,7.748514456465234,fechner
1449,23_epo,56.99999999999999,7.748655365435886,fechner
1450,23_epo,57.99999999999999,7.748789057874721,fechner
1451,23_epo,59.0,7.748916018144074,fechner
1452,23_epo,60.0,7.749036690651896,fechner
1453,23_epo,61.0,7.749151483741364,fechner
1454,23_epo,62.0,7.749260773145911,fechner
1455,23_epo,63.0,7.74936490506426,fechner
1456,23_epo,64.0,7.749464198902477,fechner
1457,23_epo,65.0,7.749558949723639,fechner
1458,23_epo,66.0,7.749649430440163,fechner
1459,23_epo,67.0,7.749735893779265,fechner
1460,23_epo,68.0,7.749818574047948,fechner
1461,23_epo,69.0,7.749897688720595,fechner
1462,23_epo,70.0,7.749973439869184,fechner
1463,23_epo,71.0,7.750046015453775,fechner
1464,23_epo,72.0,7.750115590488587,fechner
1465,23_epo,73.0,7.750182328097234,fechner
1466,23_epo,74.0,7.750246380468962,fechner
1467,23_epo,75.0,7.750307889726377,fechner
1468,23_epo,76.0,7.750366988713908,fechner
1469,23_epo,77.0,7.750423801715143,fechner
1470,23_epo,78.0,7.750478445106315,fechner
1471,23_epo,79.0,7.7505310279523245,fechner
1472,23_epo,80.0,7.750581652551003,fechner
1473,23_epo,81.0,7.750630414930708,fechner
1474,23_epo,82.0,7.750677405305736,fechner
1475,23_epo,83.0,7.75072270849363,fechner
1476,23_epo,84.0,7.750766404297943,fechner
1477,23_epo,85.0,7.750808567859713,fechner
1478,23_epo,86.0,7.75084926998053,fechner
1479,23_epo,87.0,7.750888577419784,fechner
1480,23_epo,88.0,7.750926553168433,fechner
1481,23_epo,89.0,7.750963256701387,fechner
1482,23_epo,90.0,7.750998744210381,fechner
1483,23_epo,91.0,7.751033068819066,fechner
1484,23_epo,92.0,7.75106628078183,fechner
1485,23_epo,93.0,7.751098427667755,fechner
1486,23_epo,94.0,7.75112955453096,fechner
1487,23_epo,95.0,7.751159704068472,fechner
1488,24_epo,3.0,7.8864825601057795,fechner
1489,24_epo,4.0,7.886482560106999,fechner
1490,24_epo,5.0,7.886482560107319,fechner
1491,24_epo,6.0,7.886482560107461,fechner
1492,24_epo,7.000000000000001,7.886482560107539,fechner
1493,24_epo,8.0,7.886482560107585,fechner
1494,24_epo,9.0,7.886482560107617,fechner
1495,24_epo,10.0,7.886482560107639,fechner
1496,24_epo,11.0,7.886482560107655,fechner
1497,24_epo,12.0,7.886482560107667,fechner
1498,24_epo,13.0,7.886482560107676,fechner
1499,24_epo,14.000000000000002,7.886482560107683,fechner
1500,24_epo,15.0,7.886482560107688,fechner
1501,24_epo,16.0,7.886482560107693,fechner
1502,24_epo,17.0,7.886482560107696,fechner
1503,24_epo,18.0,7.8864825601077,fechner
1504,24_epo,19.0,7.886482560107703,fechner
1505,24_epo,20.0,7.886482560107705,fechner
1506,24_epo,21.0,7.886482560107707,fechner
1507,24_epo,22.0,7.886482560107709,fechner
1508,24_epo,23.0,7.88648256010771,fechner
1509,24_epo,24.0,7.886482560107712,fechner
1510,24_epo,25.0,7.886482560107714,fechner
1511,24_epo,26.0,7.886482560107714,fechner
1512,24_epo,27.0,7.886482560107716,fechner
1513,24_epo,28.000000000000004,7.886482560107716,fechner
1514,24_epo,28.999999999999996,7.8864825601077175,fechner
1515,24_epo,30.0,7.8864825601077175,fechner
1516,24_epo,31.0,7.8864825601077175,fechner
1517,24_epo,32.0,7.886482560107719,fechner
1518,24_epo,33.0,7.886482560107719,fechner
1519,24_epo,34.0,7.886482560107719,fechner
1520,24_epo,35.0,7.886482560107721,fechner
1521,24_epo,36.0,7.886482560107721,fechner
1522,24_epo,37.0,7.886482560107721,fechner
1523,24_epo,38.0,7.886482560107721,fechner
1524,24_epo,39.0,7.886482560107721,fechner
1525,24_epo,40.0,7.886482560107723,fechner
1526,24_epo,41.0,7.886482560107723,fechner
1527,24_epo,42.0,7.886482560107723,fechner
1528,24_epo,43.0,7.886482560107723,fechner
1529,24_epo,44.0,7.886482560107723,fechner
1530,24_epo,45.0,7.886482560107723,fechner
1531,24_epo,46.0,7.886482560107723,fechner
1532,24_epo,47.0,7.886482560107723,fechner
1533,24_epo,48.0,7.886482560107723,fechner
1534,24_epo,49.0,7.886482560107725,fechner
1535,24_epo,50.0,7.886482560107725,fechner
1536,24_epo,51.0,7.886482560107725,fechner
1537,24_epo,52.0,7.886482560107725,fechner
1538,24_epo,53.0,7.886482560107725,fechner
1539,24_epo,54.0,7.886482560107725,fechner
1540,24_epo,55.00000000000001,7.886482560107725,fechner
1541,24_epo,56.00000000000001,7.886482560107725,fechner
1542,24_epo,56.99999999999999,7.886482560107725,fechner
1543,24_epo,57.99999999999999,7.886482560107725,fechner
1544,24_epo,59.0,7.886482560107725,fechner
1545,24_epo,60.0,7.886482560107725,fechner
1546,24_epo,61.0,7.886482560107725,fechner
1547,24_epo,62.0,7.886482560107725,fechner
1548,24_epo,63.0,7.886482560107725,fechner
1549,24_epo,64.0,7.886482560107725,fechner
1550,24_epo,65.0,7.886482560107725,fechner
1551,24_epo,66.0,7.886482560107725,fechner
1552,24_epo,67.0,7.886482560107726,fechner
1553,24_epo,68.0,7.886482560107726,fechner
1554,24_epo,69.0,7.886482560107726,fechner
1555,24_epo,70.0,7.886482560107726,fechner
1556,24_epo,71.0,7.886482560107726,fechner
1557,24_epo,72.0,7.886482560107726,fechner
1558,24_epo,73.0,7.886482560107726,fechner
1559,24_epo,74.0,7.886482560107726,fechner
1560,24_epo,75.0,7.886482560107726,fechner
1561,24_epo,76.0,7.886482560107726,fechner
1562,24_epo,77.0,7.886482560107726,fechner
1563,24_epo,78.0,7.886482560107726,fechner
1564,24_epo,79.0,7.886482560107726,fechner
1565,24_epo,80.0,7.886482560107726,fechner
1566,24_epo,81.0,7.886482560107726,fechner
1567,24_epo,82.0,7.886482560107726,fechner
1568,24_epo,83.0,7.886482560107726,fechner
1569,24_epo,84.0,7.886482560107726,fechner
1570,24_epo,85.0,7.886482560107726,fechner
1571,24_epo,86.0,7.886482560107726,fechner
1572,24_epo,87.0,7.886482560107726,fechner
1573,24_epo,88.0,7.886482560107726,fechner
1574,24_epo,89.0,7.886482560107726,fechner
1575,24_epo,90.0,7.886482560107726,fechner
1576,24_epo,91.0,7.886482560107726,fechner
1577,24_epo,92.0,7.886482560107726,fechner
1578,24_epo,93.0,7.886482560107726,fechner
1579,24_epo,94.0,7.886482560107726,fechner
1580,24_epo,95.0,7.886482560107726,fechner
1581,25_epo,3.0,7.930225555881012,fechner
1582,25_epo,4.0,8.408839452517581,fechner
1583,25_epo,5.0,8.66053048992342,fechner
1584,25_epo,6.0,8.810781393231771,fechner
1585,25_epo,7.000000000000001,8.907021262648064,fechner
1586,25_epo,8.0,8.97203002366082,fechner
1587,25_epo,9.0,9.01784326501679,fechner
1588,25_epo,10.0,9.051264339886659,fechner
1589,25_epo,11.0,9.076353816014016,fechner
1590,25_epo,12.0,9.095647585747487,fechner
1591,25_epo,13.0,9.110791335898716,fechner
1592,25_epo,14.000000000000002,9.122888753969194,fechner
1593,25_epo,15.0,9.132701385398642,fechner
1594,25_epo,16.0,9.14076789163119,fechner
1595,25_epo,17.0,9.147477676499626,fechner
1596,25_epo,18.0,9.153117725078602,fechner
1597,25_epo,19.0,9.157903204756076,fechner
1598,25_epo,20.0,9.161997938225973,fechner
1599,25_epo,21.0,9.165528395521795,fechner
1600,25_epo,22.0,9.168593442256393,fechner
1601,25_epo,23.0,9.171271250491285,fechner
1602,25_epo,24.0,9.17362427632251,fechner
1603,25_epo,25.0,9.175702897265406,fechner
1604,25_epo,26.0,9.177548105783355,fechner
1605,25_epo,27.0,9.179193528373968,fechner
1606,25_epo,28.000000000000004,9.180666956234935,fechner
1607,25_epo,28.999999999999996,9.181991517822368,fechner
1608,25_epo,30.0,9.183186585818918,fechner
1609,25_epo,31.0,9.184268485016482,fechner
1610,25_epo,32.0,9.185251049476014,fechner
1611,25_epo,33.0,9.186146064515077,fechner
1612,25_epo,34.0,9.186963619921169,fechner
1613,25_epo,35.0,9.18771239417877,fechner
1614,25_epo,36.0,9.188399884675349,fechner
1615,25_epo,37.0,9.189032595299297,fechner
1616,25_epo,38.0,9.189616190202347,fechner
1617,25_epo,39.0,9.190155620519766,fechner
1618,25_epo,40.0,9.190655229346119,fechner
1619,25_epo,41.0,9.191118839125473,fechner
1620,25_epo,42.0,9.191549824741688,fechner
1621,25_epo,43.0,9.191951174920078,fechner
1622,25_epo,44.0,9.192325544027508,fechner
1623,25_epo,45.0,9.192675295948312,fechner
1624,25_epo,46.0,9.193002541390923,fechner
1625,25_epo,47.0,9.193309169725081,fechner
1626,25_epo,48.0,9.193596876246719,fechner
1627,25_epo,49.0,9.193867185605532,fechner
1628,25_epo,50.0,9.194121471999908,fechner
1629,25_epo,51.0,9.19436097663894,fechner
1630,25_epo,52.0,9.194586822885933,fechner
1631,25_epo,53.0,9.194800029428524,fechner
1632,25_epo,54.0,9.195001521763825,fechner
1633,25_epo,55.00000000000001,9.195192142240368,fechner
1634,25_epo,56.00000000000001,9.195372658860459,fechner
1635,25_epo,56.99999999999999,9.195543773014627,fechner
1636,25_epo,57.99999999999999,9.19570612629372,fechner
1637,25_epo,59.0,9.19586030650217,fechner
1638,25_epo,60.0,9.196006852977671,fechner
1639,25_epo,61.0,9.196146261307238,fechner
1640,25_epo,62.0,9.196278987516576,fechner
1641,25_epo,63.0,9.196405451798968,fechner
1642,25_epo,64.0,9.196526041840567,fechner
1643,25_epo,65.0,9.196641115791287,fechner
1644,25_epo,66.0,9.196751004923739,fechner
1645,25_epo,67.0,9.196856016017154,fechner
1646,25_epo,68.0,9.196956433498254,fechner
1647,25_epo,69.0,9.197052521367022,fechner
1648,25_epo,70.0,9.19714452493169,fechner
1649,25_epo,71.0,9.197232672374257,fechner
1650,25_epo,72.0,9.197317176165155,fechner
1651,25_epo,73.0,9.197398234343506,fechner
1652,25_epo,74.0,9.197476031677292,fechner
1653,25_epo,75.0,9.197550740716206,fechner
1654,25_epo,76.0,9.197622522748336,fechner
1655,25_epo,77.0,9.19769152867059,fechner
1656,25_epo,78.0,9.197757899781676,fechner
1657,25_epo,79.0,9.197821768505355,fechner
1658,25_epo,80.0,9.197883259050935,fechner
1659,25_epo,81.0,9.197942488017107,fechner
1660,25_epo,82.0,9.197999564944666,fechner
1661,25_epo,83.0,9.198054592822936,fechner
1662,25_epo,84.0,9.198107668554327,fechner
1663,25_epo,85.0,9.198158883380918,fechner
1664,25_epo,86.0,9.198208323276567,fechner
1665,25_epo,87.0,9.198256069307693,fechner
1666,25_epo,88.0,9.198302197965571,fechner
1667,25_epo,89.0,9.19834678147267,fechner
1668,25_epo,90.0,9.198389888065336,fechner
1669,25_epo,91.0,9.198431582254855,fechner
1670,25_epo,92.0,9.19847192506882,fechner
1671,25_epo,93.0,9.198510974274429,fechner
1672,25_epo,94.0,9.19854878458526,fechner
1673,25_epo,95.0,9.198585407852924,fechner
1674,2_epo,3.0,8.137405482068456,fechner
1675,2_epo,4.0,8.137405482070037,fechner
1676,2_epo,5.0,8.137405482070452,fechner
1677,2_epo,6.0,8.137405482070635,fechner
1678,2_epo,7.000000000000001,8.137405482070736,fechner
1679,2_epo,8.0,8.137405482070799,fechner
1680,2_epo,9.0,8.137405482070838,fechner
1681,2_epo,10.0,8.137405482070866,fechner
1682,2_epo,11.0,8.137405482070887,fechner
1683,2_epo,12.0,8.137405482070903,fechner
1684,2_epo,13.0,8.137405482070914,fechner
1685,2_epo,14.000000000000002,8.137405482070923,fechner
1686,2_epo,15.0,8.137405482070932,fechner
1687,2_epo,16.0,8.137405482070937,fechner
1688,2_epo,17.0,8.137405482070942,fechner
1689,2_epo,18.0,8.137405482070948,fechner
1690,2_epo,19.0,8.137405482070951,fechner
1691,2_epo,20.0,8.137405482070953,fechner
1692,2_epo,21.0,8.137405482070957,fechner
1693,2_epo,22.0,8.137405482070958,fechner
1694,2_epo,23.0,8.13740548207096,fechner
1695,2_epo,24.0,8.137405482070962,fechner
1696,2_epo,25.0,8.137405482070964,fechner
1697,2_epo,26.0,8.137405482070966,fechner
1698,2_epo,27.0,8.137405482070967,fechner
1699,2_epo,28.000000000000004,8.137405482070967,fechner
1700,2_epo,28.999999999999996,8.13740548207097,fechner
1701,2_epo,30.0,8.13740548207097,fechner
1702,2_epo,31.0,8.137405482070971,fechner
1703,2_epo,32.0,8.137405482070971,fechner
1704,2_epo,33.0,8.137405482070973,fechner
1705,2_epo,34.0,8.137405482070973,fechner
1706,2_epo,35.0,8.137405482070973,fechner
1707,2_epo,36.0,8.137405482070974,fechner
1708,2_epo,37.0,8.137405482070974,fechner
1709,2_epo,38.0,8.137405482070974,fechner
1710,2_epo,39.0,8.137405482070974,fechner
1711,2_epo,40.0,8.137405482070976,fechner
1712,2_epo,41.0,8.137405482070976,fechner
1713,2_epo,42.0,8.137405482070976,fechner
1714,2_epo,43.0,8.137405482070976,fechner
1715,2_epo,44.0,8.137405482070976,fechner
1716,2_epo,45.0,8.137405482070976,fechner
1717,2_epo,46.0,8.137405482070978,fechner
1718,2_epo,47.0,8.137405482070978,fechner
1719,2_epo,48.0,8.137405482070978,fechner
1720,2_epo,49.0,8.137405482070978,fechner
1721,2_epo,50.0,8.137405482070978,fechner
1722,2_epo,51.0,8.137405482070978,fechner
1723,2_epo,52.0,8.137405482070978,fechner
1724,2_epo,53.0,8.137405482070978,fechner
1725,2_epo,54.0,8.137405482070978,fechner
1726,2_epo,55.00000000000001,8.137405482070978,fechner
1727,2_epo,56.00000000000001,8.137405482070978,fechner
1728,2_epo,56.99999999999999,8.13740548207098,fechner
1729,2_epo,57.99999999999999,8.13740548207098,fechner
1730,2_epo,59.0,8.13740548207098,fechner
1731,2_epo,60.0,8.13740548207098,fechner
1732,2_epo,61.0,8.13740548207098,fechner
1733,2_epo,62.0,8.13740548207098,fechner
1734,2_epo,63.0,8.13740548207098,fechner
1735,2_epo,64.0,8.13740548207098,fechner
1736,2_epo,65.0,8.13740548207098,fechner
1737,2_epo,66.0,8.13740548207098,fechner
1738,2_epo,67.0,8.13740548207098,fechner
1739,2_epo,68.0,8.13740548207098,fechner
1740,2_epo,69.0,8.13740548207098,fechner
1741,2_epo,70.0,8.13740548207098,fechner
1742,2_epo,71.0,8.13740548207098,fechner
1743,2_epo,72.0,8.13740548207098,fechner
1744,2_epo,73.0,8.13740548207098,fechner
1745,2_epo,74.0,8.13740548207098,fechner
1746,2_epo,75.0,8.13740548207098,fechner
1747,2_epo,76.0,8.13740548207098,fechner
1748,2_epo,77.0,8.13740548207098,fechner
1749,2_epo,78.0,8.13740548207098,fechner
1750,2_epo,79.0,8.13740548207098,fechner
1751,2_epo,80.0,8.137405482070982,fechner
1752,2_epo,81.0,8.137405482070982,fechner
1753,2_epo,82.0,8.137405482070982,fechner
1754,2_epo,83.0,8.137405482070982,fechner
1755,2_epo,84.0,8.137405482070982,fechner
1756,2_epo,85.0,8.137405482070982,fechner
1757,2_epo,86.0,8.137405482070982,fechner
1758,2_epo,87.0,8.137405482070982,fechner
1759,2_epo,88.0,8.137405482070982,fechner
1760,2_epo,89.0,8.137405482070982,fechner
1761,2_epo,90.0,8.137405482070982,fechner
1762,2_epo,91.0,8.137405482070982,fechner
1763,2_epo,92.0,8.137405482070982,fechner
1764,2_epo,93.0,8.137405482070982,fechner
1765,2_epo,94.0,8.137405482070982,fechner
1766,2_epo,95.0,8.137405482070982,fechner
1767,3_epo,3.0,8.393829358667583,fechner
1768,3_epo,4.0,8.393829385342807,fechner
1769,3_epo,5.0,8.393829392332156,fechner
1770,3_epo,6.0,8.393829395441825,fechner
1771,3_epo,7.000000000000001,8.393829397138617,fechner
1772,3_epo,8.0,8.393829398177559,fechner
1773,3_epo,9.0,8.393829398863792,fechner
1774,3_epo,10.0,8.393829399342337,fechner
1775,3_epo,11.0,8.393829399690045,fechner
1776,3_epo,12.0,8.393829399950981,fechner
1777,3_epo,13.0,8.393829400151986,fechner
1778,3_epo,14.000000000000002,8.393829400310212,fechner
1779,3_epo,15.0,8.393829400437054,fechner
1780,3_epo,16.0,8.393829400540335,fechner
1781,3_epo,17.0,8.393829400625572,fechner
1782,3_epo,18.0,8.393829400696754,fechner
1783,3_epo,19.0,8.393829400756818,fechner
1784,3_epo,20.0,8.393829400807974,fechner
1785,3_epo,21.0,8.393829400851903,fechner
1786,3_epo,22.0,8.393829400889908,fechner
1787,3_epo,23.0,8.393829400923014,fechner
1788,3_epo,24.0,8.393829400952027,fechner
1789,3_epo,25.0,8.393829400977596,fechner
1790,3_epo,26.0,8.393829401000248,fechner
1791,3_epo,27.0,8.393829401020414,fechner
1792,3_epo,28.000000000000004,8.393829401038438,fechner
1793,3_epo,28.999999999999996,8.39382940105462,fechner
1794,3_epo,30.0,8.393829401069201,fechner
1795,3_epo,31.0,8.393829401082385,fechner
1796,3_epo,32.0,8.393829401094345,fechner
1797,3_epo,33.0,8.39382940110523,fechner
1798,3_epo,34.0,8.393829401115163,fechner
1799,3_epo,35.0,8.393829401124254,fechner
1800,3_epo,36.0,8.393829401132592,fechner
1801,3_epo,37.0,8.393829401140264,fechner
1802,3_epo,38.0,8.393829401147334,fechner
1803,3_epo,39.0,8.393829401153866,fechner
1804,3_epo,40.0,8.39382940115991,fechner
1805,3_epo,41.0,8.393829401165519,fechner
1806,3_epo,42.0,8.39382940117073,fechner
1807,3_epo,43.0,8.39382940117558,fechner
1808,3_epo,44.0,8.393829401180103,fechner
1809,3_epo,45.0,8.393829401184325,fechner
1810,3_epo,46.0,8.393829401188276,fechner
1811,3_epo,47.0,8.393829401191976,fechner
1812,3_epo,48.0,8.393829401195447,fechner
1813,3_epo,49.0,8.393829401198708,fechner
1814,3_epo,50.0,8.393829401201774,fechner
1815,3_epo,51.0,8.39382940120466,fechner
1816,3_epo,52.0,8.393829401207382,fechner
1817,3_epo,53.0,8.39382940120995,fechner
1818,3_epo,54.0,8.393829401212377,fechner
1819,3_epo,55.00000000000001,8.393829401214672,fechner
1820,3_epo,56.00000000000001,8.393829401216847,fechner
1821,3_epo,56.99999999999999,8.393829401218907,fechner
1822,3_epo,57.99999999999999,8.393829401220861,fechner
1823,3_epo,59.0,8.393829401222717,fechner
1824,3_epo,60.0,8.39382940122448,fechner
1825,3_epo,61.0,8.393829401226157,fechner
1826,3_epo,62.0,8.393829401227755,fechner
1827,3_epo,63.0,8.393829401229274,fechner
1828,3_epo,64.0,8.393829401230724,fechner
1829,3_epo,65.0,8.393829401232109,fechner
1830,3_epo,66.0,8.39382940123343,fechner
1831,3_epo,67.0,8.393829401234692,fechner
1832,3_epo,68.0,8.393829401235898,fechner
1833,3_epo,69.0,8.393829401237054,fechner
1834,3_epo,70.0,8.39382940123816,fechner
1835,3_epo,71.0,8.39382940123922,fechner
1836,3_epo,72.0,8.393829401240234,fechner
1837,3_epo,73.0,8.39382940124121,fechner
1838,3_epo,74.0,8.393829401242144,fechner
1839,3_epo,75.0,8.39382940124304,fechner
1840,3_epo,76.0,8.393829401243902,fechner
1841,3_epo,77.0,8.393829401244732,fechner
1842,3_epo,78.0,8.393829401245528,fechner
1843,3_epo,79.0,8.393829401246297,fechner
1844,3_epo,80.0,8.393829401247034,fechner
1845,3_epo,81.0,8.393829401247745,fechner
1846,3_epo,82.0,8.39382940124843,fechner
1847,3_epo,83.0,8.393829401249091,fechner
1848,3_epo,84.0,8.39382940124973,fechner
1849,3_epo,85.0,8.393829401250343,fechner
1850,3_epo,86.0,8.393829401250937,fechner
1851,3_epo,87.0,8.393829401251512,fechner
1852,3_epo,88.0,8.393829401252065,fechner
1853,3_epo,89.0,8.3938294012526,fechner
1854,3_epo,90.0,8.393829401253116,fechner
1855,3_epo,91.0,8.393829401253617,fechner
1856,3_epo,92.0,8.393829401254102,fechner
1857,3_epo,93.0,8.39382940125457,fechner
1858,3_epo,94.0,8.393829401255024,fechner
1859,3_epo,95.0,8.393829401255463,fechner
1860,4_epo,3.0,5.91269807090986,fechner
1861,4_epo,4.0,6.419526078420761,fechner
1862,4_epo,5.0,6.691471901712442,fechner
1863,4_epo,6.0,6.855749001133139,fechner
1864,4_epo,7.000000000000001,6.961757940811353,fechner
1865,4_epo,8.0,7.033718502323354,fechner
1866,4_epo,9.0,7.084603621610817,fechner
1867,4_epo,10.0,7.12181542873481,fechner
1868,4_epo,11.0,7.149801207439289,fechner
1869,4_epo,12.0,7.171351836196271,fechner
1870,4_epo,13.0,7.188285084295893,fechner
1871,4_epo,14.000000000000002,7.201823473234062,fechner
1872,4_epo,15.0,7.2128124083416765,fechner
1873,4_epo,16.0,7.221850925286169,fechner
1874,4_epo,17.0,7.229372695732936,fechner
1875,4_epo,18.0,7.235697708087095,fechner
1876,4_epo,19.0,7.241066110869078,fechner
1877,4_epo,20.0,7.24566089876336,fechner
1878,4_epo,21.0,7.249623442301996,fechner
1879,4_epo,22.0,7.253064322243047,fechner
1880,4_epo,23.0,7.256071019449014,fechner
1881,4_epo,24.0,7.258713459148636,fechner
1882,4_epo,25.0,7.261048065967817,fechner
1883,4_epo,26.0,7.263120769024506,fechner
1884,4_epo,27.0,7.264969256077844,fechner
1885,4_epo,28.000000000000004,7.266624683406857,fechner
1886,4_epo,28.999999999999996,7.268112986342185,fechner
1887,4_epo,30.0,7.269455893430788,fechner
1888,4_epo,31.0,7.270671718316922,fechner
1889,4_epo,32.0,7.271775983250189,fechner
1890,4_epo,33.0,7.272781913874534,fechner
1891,4_epo,34.0,7.273700834759492,fechner
1892,4_epo,35.0,7.274542487769002,fechner
1893,4_epo,36.0,7.2753152899858415,fechner
1894,4_epo,37.0,7.276026543946568,fechner
1895,4_epo,38.0,7.276682609994824,fechner
1896,4_epo,39.0,7.277289048350691,fechner
1897,4_epo,40.0,7.277850736822948,fechner
1898,4_epo,41.0,7.278371968818488,fechner
1899,4_epo,42.0,7.278856535326747,fechner
1900,4_epo,43.0,7.279307793802947,fechner
1901,4_epo,44.0,7.27972872628758,fechner
1902,4_epo,45.0,7.280121988641012,fechner
1903,4_epo,46.0,7.280489952411271,fechner
1904,4_epo,47.0,7.280834740567539,fechner
1905,4_epo,48.0,7.281158258104823,fechner
1906,4_epo,49.0,7.281462218343679,fechner
1907,4_epo,50.0,7.281748165603009,fechner
1908,4_epo,51.0,7.282017494806201,fechner
1909,4_epo,52.0,7.282271468485411,fechner
1910,4_epo,53.0,7.282511231571045,fechner
1911,4_epo,54.0,7.2827378242899465,fechner
1912,4_epo,55.00000000000001,7.282952193443594,fechner
1913,4_epo,56.00000000000001,7.283155202294667,fechner
1914,4_epo,56.99999999999999,7.283347639254695,fechner
1915,4_epo,57.99999999999999,7.28353022553609,fechner
1916,4_epo,59.0,7.283703621907189,fechner
1917,4_epo,60.0,7.283868434668481,fechner
1918,4_epo,61.0,7.2840252209509115,fechner
1919,4_epo,62.0,7.284174493422725,fechner
1920,4_epo,63.0,7.284316724479091,fechner
1921,4_epo,64.0,7.2844523499784435,fechner
1922,4_epo,65.0,7.284581772580703,fechner
1923,4_epo,66.0,7.2847053647351245,fechner
1924,4_epo,67.0,7.284823471359161,fechner
1925,4_epo,68.0,7.284936412244317,fechner
1926,4_epo,69.0,7.285044484220333,fechner
1927,4_epo,70.0,7.285147963105024,fechner
1928,4_epo,71.0,7.285247105463711,fechner
1929,4_epo,72.0,7.285342150199185,fechner
1930,4_epo,73.0,7.285433319990594,fechner
1931,4_epo,74.0,7.28552082259746,fechner
1932,4_epo,75.0,7.285604852043036,fechner
1933,4_epo,76.0,7.285685589689646,fechner
1934,4_epo,77.0,7.285763205217081,fechner
1935,4_epo,78.0,7.285837857513937,fechner
1936,4_epo,79.0,7.285909695490631,fechner
1937,4_epo,80.0,7.285978858821846,fechner
1938,4_epo,81.0,7.286045478625347,fechner
1939,4_epo,82.0,7.286109678083292,fechner
1940,4_epo,83.0,7.286171573011556,fechner
1941,4_epo,84.0,7.286231272381981,fechner
1942,4_epo,85.0,7.2862888788019315,fechner
1943,4_epo,86.0,7.286344488955123,fechner
1944,4_epo,87.0,7.286398194007225,fechner
1945,4_epo,88.0,7.286450079979443,fechner
1946,4_epo,89.0,7.286500228092937,fechner
1947,4_epo,90.0,7.2865487150866155,fechner
1948,4_epo,91.0,7.286595613510683,fechner
1949,4_epo,92.0,7.286640991997984,fechner
1950,4_epo,93.0,7.286684915515074,fechner
1951,4_epo,94.0,7.286727445594708,fechner
1952,4_epo,95.0,7.286768640551329,fechner
1953,5_epo,3.0,6.2107213032490725,fechner
1954,5_epo,4.0,7.4767920028073345,fechner
1955,5_epo,5.0,7.926101945767964,fechner
1956,5_epo,6.0,8.148109193880504,fechner
1957,5_epo,7.000000000000001,8.275754120771694,fechner
1958,5_epo,8.0,8.356330520592087,fechner
1959,5_epo,9.0,8.410599694936218,fechner
1960,5_epo,10.0,8.448950406984268,fechner
1961,5_epo,11.0,8.477081073985438,fechner
1962,5_epo,12.0,8.498340149588795,fechner
1963,5_epo,13.0,8.514804200338183,fechner
1964,5_epo,14.000000000000002,8.527818327476378,fechner
1965,5_epo,15.0,8.53828575466273,fechner
1966,5_epo,16.0,8.546831651749027,fechner
1967,5_epo,17.0,8.553900087983479,fechner
1968,5_epo,18.0,8.559813644098318,fechner
1969,5_epo,19.0,8.564811287580946,fechner
1970,5_epo,20.0,8.569073133498275,fechner
1971,5_epo,21.0,8.57273704239478,fechner
1972,5_epo,22.0,8.575909995963698,fechner
1973,5_epo,23.0,8.578676049484034,fechner
1974,5_epo,24.0,8.581101990929659,fechner
1975,5_epo,25.0,8.583241433342716,fechner
1976,5_epo,26.0,8.58513781773557,fechner
1977,5_epo,27.0,8.586826646101633,fechner
1978,5_epo,28.000000000000004,8.588337162308518,fechner
1979,5_epo,28.999999999999996,8.589693631667952,fechner
1980,5_epo,30.0,8.590916325144665,fechner
1981,5_epo,31.0,8.59202228367925,fechner
1982,5_epo,32.0,8.59302591706256,fechner
1983,5_epo,33.0,8.593939477084618,fechner
1984,5_epo,34.0,8.594773434259269,fechner
1985,5_epo,35.0,8.595536779957142,fechner
1986,5_epo,36.0,8.596237270368993,fechner
1987,5_epo,37.0,8.596881624761332,fechner
1988,5_epo,38.0,8.59747568755989,fechner
1989,5_epo,39.0,8.598024561614624,fechner
1990,5_epo,40.0,8.59853271835915,fechner
1991,5_epo,41.0,8.599004089333816,fechner
1992,5_epo,42.0,8.599442142591768,fechner
1993,5_epo,43.0,8.599849946776695,fechner
1994,5_epo,44.0,8.600230225095059,fechner
1995,5_epo,45.0,8.60058540096457,fechner
1996,5_epo,46.0,8.60091763677477,fechner
1997,5_epo,47.0,8.60122886692274,fechner
1998,5_epo,48.0,8.601520826070589,fechner
1999,5_epo,49.0,8.601795073398678,fechner
2000,5_epo,50.0,8.602053013490458,fechner
2001,5_epo,51.0,8.60229591437317,fechner
2002,5_epo,52.0,8.602524923148781,fechner
2003,5_epo,53.0,8.602741079576191,fechner
2004,5_epo,54.0,8.602945327905989,fechner
2005,5_epo,55.00000000000001,8.603138527220114,fechner
2006,5_epo,56.00000000000001,8.603321460488544,fechner
2007,5_epo,56.99999999999999,8.603494842521723,fechner
2008,5_epo,57.99999999999999,8.60365932697007,fechner
2009,5_epo,59.0,8.603815512498858,fechner
2010,5_epo,60.0,8.603963948247669,fechner
2011,5_epo,61.0,8.604105138667643,fechner
2012,5_epo,62.0,8.604239547816269,fechner
2013,5_epo,63.0,8.604367603178156,fechner
2014,5_epo,64.0,8.604489699070657,fechner
2015,5_epo,65.0,8.604606199685113,fechner
2016,5_epo,66.0,8.604717441807612,fechner
2017,5_epo,67.0,8.604823737257272,fechner
2018,5_epo,68.0,8.604925375075156,fechner
2019,5_epo,69.0,8.605022623492411,fechner
2020,5_epo,70.0,8.60511573170286,fechner
2021,5_epo,71.0,8.605204931461873,fechner
2022,5_epo,72.0,8.605290438530702,fechner
2023,5_epo,73.0,8.605372453983152,fechner
2024,5_epo,74.0,8.605451165389379,fechner
2025,5_epo,75.0,8.605526747889806,fechner
2026,5_epo,76.0,8.605599365170724,fechner
2027,5_epo,77.0,8.605669170351684,fechner
2028,5_epo,78.0,8.605736306793695,fechner
2029,5_epo,79.0,8.605800908836224,fechner
2030,5_epo,80.0,8.605863102470034,fechner
2031,5_epo,81.0,8.605923005952205,fechner
2032,5_epo,82.0,8.60598073036895,fechner
2033,5_epo,83.0,8.606036380151165,fechner
2034,5_epo,84.0,8.606090053547312,fechner
2035,5_epo,85.0,8.6061418430575,fechner
2036,5_epo,86.0,8.606191835832446,fechner
2037,5_epo,87.0,8.60624011404049,fechner
2038,5_epo,88.0,8.606286755205575,fechner
2039,5_epo,89.0,8.606331832518752,fechner
2040,5_epo,90.0,8.606375415125601,fechner
2041,5_epo,91.0,8.606417568391645,fechner
2042,5_epo,92.0,8.606458354147637,fechner
2043,5_epo,93.0,8.606497830916545,fechner
2044,5_epo,94.0,8.60653605412362,fechner
2045,5_epo,95.0,8.606573076291143,fechner
2046,6_epo,3.0,7.576180441653073,fechner
2047,6_epo,4.0,8.006651392100405,fechner
2048,6_epo,5.0,8.224968342815792,fechner
2049,6_epo,6.0,8.352626175841035,fechner
2050,6_epo,7.000000000000001,8.433356230837365,fechner
2051,6_epo,8.0,8.487433583430255,fechner
2052,6_epo,9.0,8.525324437110282,fechner
2053,6_epo,10.0,8.552852546871007,fechner
2054,6_epo,11.0,8.573455426360912,fechner
2055,6_epo,12.0,8.58926254105387,fechner
2056,6_epo,13.0,8.601647442427682,fechner
2057,6_epo,14.000000000000002,8.611527005897537,fechner
2058,6_epo,15.0,8.619531552634625,fechner
2059,6_epo,16.0,8.626105615048354,fechner
2060,6_epo,17.0,8.631569782440923,fechner
2061,6_epo,18.0,8.636159859691908,fechner
2062,6_epo,19.0,8.640052351897518,fechner
2063,6_epo,20.0,8.643381459764042,fechner
2064,6_epo,21.0,8.646250663760489,fechner
2065,6_epo,22.0,8.648740776462041,fechner
2066,6_epo,23.0,8.65091564006572,fechner
2067,6_epo,24.0,8.652826223198588,fechner
2068,6_epo,25.0,8.654513610335158,fechner
2069,6_epo,26.0,8.656011212698886,fechner
2070,6_epo,27.0,8.657346423727375,fechner
2071,6_epo,28.000000000000004,8.65854187284706,fechner
2072,6_epo,28.999999999999996,8.659616385084739,fechner
2073,6_epo,30.0,8.66058572274642,fechner
2074,6_epo,31.0,8.661463163890717,fechner
2075,6_epo,32.0,8.662259957348871,fechner
2076,6_epo,33.0,8.662985683482763,fechner
2077,6_epo,34.0,8.663648542336777,fechner
2078,6_epo,35.0,8.664255585403097,fechner
2079,6_epo,36.0,8.664812903257769,fechner
2080,6_epo,37.0,8.66532577840884,fechner
2081,6_epo,38.0,8.665798810532252,fechner
2082,6_epo,39.0,8.66623601964899,fechner
2083,6_epo,40.0,8.666640931572118,fechner
2084,6_epo,41.0,8.667016649020104,fechner
2085,6_epo,42.0,8.667365911078514,fechner
2086,6_epo,43.0,8.667691143140775,fechner
2087,6_epo,44.0,8.667994499030328,fechner
2088,6_epo,45.0,8.668277896671825,fechner
2089,6_epo,46.0,8.668543048415701,fechner
2090,6_epo,47.0,8.668791486912411,fechner
2091,6_epo,48.0,8.669024587267026,fechner
2092,6_epo,49.0,8.669243586072788,fechner
2093,6_epo,50.0,8.669449597815976,fechner
2094,6_epo,51.0,8.669643629058806,fechner
2095,6_epo,52.0,8.66982659073763,fechner
2096,6_epo,53.0,8.669999308857248,fechner
2097,6_epo,54.0,8.670162533815926,fechner
2098,6_epo,55.00000000000001,8.670316948557799,fechner
2099,6_epo,56.00000000000001,8.670463175718186,fechner
2100,6_epo,56.99999999999999,8.67060178390145,fechner
2101,6_epo,57.99999999999999,8.670733293209702,fechner
2102,6_epo,59.0,8.670858180122735,fechner
2103,6_epo,60.0,8.670976881814799,fechner
2104,6_epo,61.0,8.671089799981182,fechner
2105,6_epo,62.0,8.671197304237252,fechner
2106,6_epo,63.0,8.671299735143654,fechner
2107,6_epo,64.0,8.671397406903896,fechner
2108,6_epo,65.0,8.671490609774274,fechner
2109,6_epo,66.0,8.671579612220645,fechner
2110,6_epo,67.0,8.671664662851965,fechner
2111,6_epo,68.0,8.671745992156664,fechner
2112,6_epo,69.0,8.671823814064417,fechner
2113,6_epo,70.0,8.671898327353164,fechner
2114,6_epo,71.0,8.671969716918612,fechner
2115,6_epo,72.0,8.672038154921383,fechner
2116,6_epo,73.0,8.672103801825083,fechner
2117,6_epo,74.0,8.672166807337007,fechner
2118,6_epo,75.0,8.67222731126176,fechner
2119,6_epo,76.0,8.672285444276891,fechner
2120,6_epo,77.0,8.672341328638572,fechner
2121,6_epo,78.0,8.672395078824447,fechner
2122,6_epo,79.0,8.672446802119955,fechner
2123,6_epo,80.0,8.672496599153757,fechner
2124,6_epo,81.0,8.672544564387202,fechner
2125,6_epo,82.0,8.672590786562361,fechner
2126,6_epo,83.0,8.672635349112513,fechner
2127,6_epo,84.0,8.672678330538693,fechner
2128,6_epo,85.0,8.672719804755445,fechner
2129,6_epo,86.0,8.672759841408615,fechner
2130,6_epo,87.0,8.67279850616777,fechner
2131,6_epo,88.0,8.672835860995507,fechner
2132,6_epo,89.0,8.672871964395712,fechner
2133,6_epo,90.0,8.672906871642658,fechner
2134,6_epo,91.0,8.672940634992576,fechner
2135,6_epo,92.0,8.672973303879244,fechner
2136,6_epo,93.0,8.673004925094943,fechner
2137,6_epo,94.0,8.673035542958026,fechner
2138,6_epo,95.0,8.673065199468217,fechner
2139,7_epo,3.0,7.158132612900763,fechner
2140,7_epo,4.0,7.7916074784659966,fechner
2141,7_epo,5.0,8.160772242058165,fechner
2142,7_epo,6.0,8.395572488996317,fechner
2143,7_epo,7.000000000000001,8.55223171524009,fechner
2144,7_epo,8.0,8.66099577386484,fechner
2145,7_epo,9.0,8.739128763504668,fechner
2146,7_epo,10.0,8.79692367620405,fechner
2147,7_epo,11.0,8.840761372007714,fechner
2148,7_epo,12.0,8.874739365508876,fechner
2149,7_epo,13.0,8.901573253132577,fechner
2150,7_epo,14.000000000000002,8.923114070605365,fechner
2151,7_epo,15.0,8.940655478519982,fechner
2152,7_epo,16.0,8.95512195056416,fechner
2153,7_epo,17.0,8.967187399524258,fechner
2154,7_epo,18.0,8.977351919408552,fechner
2155,7_epo,19.0,8.985992614941802,fechner
2156,7_epo,20.0,8.99339799606977,fechner
2157,7_epo,21.0,8.99979170900432,fechner
2158,7_epo,22.0,9.005349203142869,fechner
2159,7_epo,23.0,9.010209628253222,fechner
2160,7_epo,24.0,9.014484454275385,fechner
2161,7_epo,25.0,9.01826380262835,fechner
2162,7_epo,26.0,9.021621155637376,fechner
2163,7_epo,27.0,9.024616900640348,fechner
2164,7_epo,28.000000000000004,9.027301026099359,fechner
2165,7_epo,28.999999999999996,9.02971519330548,fechner
2166,7_epo,30.0,9.031894343232226,fechner
2167,7_epo,31.0,9.03386795375692,fechner
2168,7_epo,32.0,9.035661031379375,fechner
2169,7_epo,33.0,9.037294899507042,fechner
2170,7_epo,34.0,9.038787829547594,fechner
2171,7_epo,35.0,9.040155549574335,fechner
2172,7_epo,36.0,9.041411656927968,fechner
2173,7_epo,37.0,9.042567954909549,fechner
2174,7_epo,38.0,9.043634729091412,fechner
2175,7_epo,39.0,9.044620975294366,fechner
2176,7_epo,40.0,9.045534588644577,fechner
2177,7_epo,41.0,9.04638252111288,fechner
2178,7_epo,42.0,9.047170913394071,fechner
2179,7_epo,43.0,9.047905205788277,fechner
2180,7_epo,44.0,9.048590231815973,fechner
2181,7_epo,45.0,9.049230297569109,fechner
2182,7_epo,46.0,9.049829249226667,fechner
2183,7_epo,47.0,9.050390530707983,fechner
2184,7_epo,48.0,9.050917233075037,fechner
2185,7_epo,49.0,9.051412137004878,fechner
2186,7_epo,50.0,9.051877749420363,fechner
2187,7_epo,51.0,9.052316335178952,fechner
2188,7_epo,52.0,9.052729944566499,fechner
2189,7_epo,53.0,9.05312043721841,fechner
2190,7_epo,54.0,9.053489502988683,fechner
2191,7_epo,55.00000000000001,9.053838680203539,fechner
2192,7_epo,56.00000000000001,9.054169371667442,fechner
2193,7_epo,56.99999999999999,9.054482858732058,fechner
2194,7_epo,57.99999999999999,9.054780313691376,fechner
2195,7_epo,59.0,9.055062810726614,fechner
2196,7_epo,60.0,9.055331335591502,fechner
2197,7_epo,61.0,9.055586794200874,fechner
2198,7_epo,62.0,9.05583002026211,fechner
2199,7_epo,63.0,9.056061782069378,fechner
2200,7_epo,64.0,9.056282788563959,fechner
2201,7_epo,65.0,9.056493694749825,fechner
2202,7_epo,66.0,9.05669510654168,fechner
2203,7_epo,67.0,9.056887585112333,fechner
2204,7_epo,68.0,9.05707165079769,fechner
2205,7_epo,69.0,9.05724778660999,fechner
2206,7_epo,70.0,9.057416441403577,fechner
2207,7_epo,71.0,9.057578032731884,fechner
2208,7_epo,72.0,9.057732949429617,fechner
2209,7_epo,73.0,9.057881553949858,fechner
2210,7_epo,74.0,9.058024184482376,fechner
2211,7_epo,75.0,9.058161156876157,fechner
2212,7_epo,76.0,9.05829276638664,fechner
2213,7_epo,77.0,9.058419289265604,fechner
2214,7_epo,78.0,9.058540984209762,fechner
2215,7_epo,79.0,9.05865809368215,fechner
2216,7_epo,80.0,9.058770845118993,fechner
2217,7_epo,81.0,9.05887945203319,fechner
2218,7_epo,82.0,9.058984115024446,fechner
2219,7_epo,83.0,9.059085022704934,fechner
2220,7_epo,84.0,9.059182352548516,fechner
2221,7_epo,85.0,9.059276271670587,fechner
2222,7_epo,86.0,9.059366937544983,fechner
2223,7_epo,87.0,9.059454498663692,fechner
2224,7_epo,88.0,9.059539095144483,fechner
2225,7_epo,89.0,9.059620859291156,fechner
2226,7_epo,90.0,9.059699916110542,fechner
2227,7_epo,91.0,9.059776383790037,fechner
2228,7_epo,92.0,9.05985037413909,fechner
2229,7_epo,93.0,9.059921992997706,fechner
2230,7_epo,94.0,9.059991340614761,fechner
2231,7_epo,95.0,9.060058511998621,fechner
2232,8_epo,3.0,8.12341632207026,fechner
2233,8_epo,4.0,8.710505446494436,fechner
2234,8_epo,5.0,8.881943202115584,fechner
2235,8_epo,6.0,8.960870312400637,fechner
2236,8_epo,7.000000000000001,9.004654036525356,fechner
2237,8_epo,8.0,9.031717829278508,fechner
2238,8_epo,9.0,9.04970126156109,fechner
2239,8_epo,10.0,9.062293096818665,fechner
2240,8_epo,11.0,9.07146865981004,fechner
2241,8_epo,12.0,9.07836908775398,fechner
2242,8_epo,13.0,9.083693254511461,fechner
2243,8_epo,14.000000000000002,9.08788957496057,fechner
2244,8_epo,15.0,9.091256938688026,fechner
2245,8_epo,16.0,9.094001013706055,fechner
2246,8_epo,17.0,9.09626719974444,fechner
2247,8_epo,18.0,9.098160709265473,fechner
2248,8_epo,19.0,9.099759233175615,fechner
2249,8_epo,20.0,9.101121170943346,fechner
2250,8_epo,21.0,9.10229111952413,fechner
2251,8_epo,22.0,9.103303619145622,fechner
2252,8_epo,23.0,9.104185762283006,fechner
2253,8_epo,24.0,9.104959044389927,fechner
2254,8_epo,25.0,9.105640698581544,fechner
2255,8_epo,26.0,9.106244672653588,fechner
2256,8_epo,27.0,9.10678235408283,fechner
2257,8_epo,28.000000000000004,9.107263114755437,fechner
2258,8_epo,28.999999999999996,9.107694724954374,fechner
2259,8_epo,30.0,9.10808367131843,fechner
2260,8_epo,31.0,9.108435403439563,fechner
2261,8_epo,32.0,9.108754526851895,fechner
2262,8_epo,33.0,9.109044955342418,fechner
2263,8_epo,34.0,9.109310032104476,fechner
2264,8_epo,35.0,9.109552626817402,fechner
2265,8_epo,36.0,9.109775213972616,fechner
2266,8_epo,37.0,9.109979936478364,fechner
2267,8_epo,38.0,9.110168657624751,fechner
2268,8_epo,39.0,9.110343003783093,fechner
2269,8_epo,40.0,9.11050439968198,fechner
2270,8_epo,41.0,9.110654097700156,fechner
2271,8_epo,42.0,9.110793202309225,fechner
2272,8_epo,43.0,9.110922690563235,fechner
2273,8_epo,44.0,9.111043429349786,fechner
2274,8_epo,45.0,9.111156189974917,fechner
2275,8_epo,46.0,9.11126166054286,fechner
2276,8_epo,47.0,9.111360456503771,fechner
2277,8_epo,48.0,9.111453129672986,fechner
2278,8_epo,49.0,9.111540175969974,fechner
2279,8_epo,50.0,9.111622042080572,fechner
2280,8_epo,51.0,9.111699131210516,fechner
2281,8_epo,52.0,9.111771808069182,fechner
2282,8_epo,53.0,9.11184040319917,fechner
2283,8_epo,54.0,9.111905216748005,fechner
2284,8_epo,55.00000000000001,9.111966521762714,fechner
2285,8_epo,56.00000000000001,9.112024567075022,fechner
2286,8_epo,56.99999999999999,9.11207957983434,fechner
2287,8_epo,57.99999999999999,9.112131767736797,fechner
2288,8_epo,59.0,9.112181320991398,fechner
2289,8_epo,60.0,9.112228414058078,fechner
2290,8_epo,61.0,9.112273207187451,fechner
2291,8_epo,62.0,9.112315847787725,fechner
2292,8_epo,63.0,9.112356471640545,fechner
2293,8_epo,64.0,9.11239520398464,fechner
2294,8_epo,65.0,9.112432160483362,fechner
2295,8_epo,66.0,9.112467448090213,fechner
2296,8_epo,67.0,9.112501165824398,fechner
2297,8_epo,68.0,9.112533405466989,fechner
2298,8_epo,69.0,9.112564252186822,fechner
2299,8_epo,70.0,9.112593785104162,fechner
2300,8_epo,71.0,9.112622077799037,fechner
2301,8_epo,72.0,9.112649198770468,fechner
2302,8_epo,73.0,9.112675211851826,fechner
2303,8_epo,74.0,9.112700176587145,fechner
2304,8_epo,75.0,9.112724148572477,fechner
2305,8_epo,76.0,9.112747179765934,fechner
2306,8_epo,77.0,9.112769318769724,fechner
2307,8_epo,78.0,9.11279061108699,fechner
2308,8_epo,79.0,9.11281109935597,fechner
2309,8_epo,80.0,9.112830823563819,fechner
2310,8_epo,81.0,9.112849821242,fechner
2311,8_epo,82.0,9.11286812764508,fechner
2312,8_epo,83.0,9.112885775914547,fechner
2313,8_epo,84.0,9.11290279722899,fechner
2314,8_epo,85.0,9.112919220942018,fechner
2315,8_epo,86.0,9.112935074708979,fechner
2316,8_epo,87.0,9.112950384603508,fechner
2317,8_epo,88.0,9.11296517522491,fechner
2318,8_epo,89.0,9.112979469797052,fechner
2319,8_epo,90.0,9.112993290259677,fechner
2320,8_epo,91.0,9.113006657352667,fechner
2321,8_epo,92.0,9.113019590693952,fechner
2322,8_epo,93.0,9.113032108851565,fechner
2323,8_epo,94.0,9.113044229410367,fechner
2324,8_epo,95.0,9.113055969033867,fechner
2325,9_epo,3.0,7.387430818115504,fechner
2326,9_epo,4.0,7.59552286006961,fechner
2327,9_epo,5.0,7.681597428837804,fechner
2328,9_epo,6.0,7.726994014013942,fechner
2329,9_epo,7.000000000000001,7.754028333022819,fechner
2330,9_epo,8.0,7.771461148348036,fechner
2331,9_epo,9.0,7.78336716751872,fechner
2332,9_epo,10.0,7.7918623810554,fechner
2333,9_epo,11.0,7.798137203272816,fechner
2334,9_epo,12.0,7.802903902561253,fechner
2335,9_epo,13.0,7.806610152442344,fechner
2336,9_epo,14.000000000000002,7.809548908207238,fechner
2337,9_epo,15.0,7.811918458151063,fechner
2338,9_epo,16.0,7.813856919503176,fechner
2339,9_epo,17.0,7.815462902676194,fechner
2340,9_epo,18.0,7.81680834155761,fechner
2341,9_epo,19.0,7.817946710837881,fechner
2342,9_epo,20.0,7.818918433778957,fechner
2343,9_epo,21.0,7.819754527391767,fechner
2344,9_epo,22.0,7.820479112503591,fechner
2345,9_epo,23.0,7.8211111755463865,fechner
2346,9_epo,24.0,7.821665826625747,fechner
2347,9_epo,25.0,7.822155212025894,fechner
2348,9_epo,26.0,7.82258918554481,fechner
2349,9_epo,27.0,7.8229758088613695,fechner
2350,9_epo,28.000000000000004,7.823321728951933,fechner
2351,9_epo,28.999999999999996,7.823632465915342,fechner
2352,9_epo,30.0,7.823912634716254,fechner
2353,9_epo,31.0,7.824166117636195,fechner
2354,9_epo,32.0,7.82439619957029,fechner
2355,9_epo,33.0,7.824605675045327,fechner
2356,9_epo,34.0,7.824796933518552,fechner
2357,9_epo,35.0,7.824972027853053,fechner
2358,9_epo,36.0,7.8251327296580495,fechner
2359,9_epo,37.0,7.82528057429692,fechner
2360,9_epo,38.0,7.82541689771039,fechner
2361,9_epo,39.0,7.825542866712977,fechner
2362,9_epo,40.0,7.825659504052122,fechner
2363,9_epo,41.0,7.825767709239836,fechner
2364,9_epo,42.0,7.8258682759527485,fechner
2365,9_epo,43.0,7.8259619066317585,fechner
2366,9_epo,44.0,7.826049224784822,fechner
2367,9_epo,45.0,7.8261307853967566,fechner
2368,9_epo,46.0,7.8262070837718,fechner
2369,9_epo,47.0,7.8262785630729175,fechner
2370,9_epo,48.0,7.826345620772831,fechner
2371,9_epo,49.0,7.826408614192709,fechner
2372,9_epo,50.0,7.826467865273022,fechner
2373,9_epo,51.0,7.826523664695892,fechner
2374,9_epo,52.0,7.826576275457737,fechner
2375,9_epo,53.0,7.826625935974427,fechner
2376,9_epo,54.0,7.826672862787584,fechner
2377,9_epo,55.00000000000001,7.826717252929523,fechner
2378,9_epo,56.00000000000001,7.8267592859951645,fechner
2379,9_epo,56.99999999999999,7.826799125961691,fechner
2380,9_epo,57.99999999999999,7.826836922790473,fechner
2381,9_epo,59.0,7.826872813840495,fechner
2382,9_epo,60.0,7.826906925118251,fechner
2383,9_epo,61.0,7.826939372385364,fechner
2384,9_epo,62.0,7.826970262142135,fechner
2385,9_epo,63.0,7.8269996925026835,fechner
2386,9_epo,64.0,7.827027753975077,fechner
2387,9_epo,65.0,7.827054530158119,fechner
2388,9_epo,66.0,7.827080098364752,fechner
2389,9_epo,67.0,7.827104530180835,fechner
2390,9_epo,68.0,7.827127891966797,fechner
2391,9_epo,69.0,7.827150245308784,fechner
2392,9_epo,70.0,7.827171647424985,fechner
2393,9_epo,71.0,7.82719215153219,fechner
2394,9_epo,72.0,7.827211807176957,fechner
2395,9_epo,73.0,7.827230660535232,fechner
2396,9_epo,74.0,7.8272487546838105,fechner
2397,9_epo,75.0,7.827266129846642,fechner
2398,9_epo,76.0,7.827282823618591,fechner
2399,9_epo,77.0,7.82729887116898,fechner
2400,9_epo,78.0,7.827314305426992,fechner
2401,9_epo,79.0,7.827329157250734,fechner
2402,9_epo,80.0,7.827343455581623,fechner
2403,9_epo,81.0,7.827357227585482,fechner
2404,9_epo,82.0,7.827370498781681,fechner
2405,9_epo,83.0,7.827383293161452,fechner
2406,9_epo,84.0,7.827395633296393,fechner
2407,9_epo,85.0,7.827407540438106,fechner
2408,9_epo,86.0,7.827419034609737,fechner
2409,9_epo,87.0,7.82743013469024,fechner
2410,9_epo,88.0,7.8274408584919355,fechner
2411,9_epo,89.0,7.827451222832023,fechner
2412,9_epo,90.0,7.82746124359856,fechner
2413,9_epo,91.0,7.827470935811383,fechner
2414,9_epo,92.0,7.8274803136784366,fechner
2415,9_epo,93.0,7.827489390647863,fechner
2416,9_epo,94.0,7.827498179456254,fechner
2417,9_epo,95.0,7.827506692173351,fechner
