,participant,contrast,mrt,name
0,0_epo,3.0,29.79042425645347,linear
1,0_epo,4.0,29.813183146138442,linear
2,0_epo,5.0,29.835942035823415,linear
3,0_epo,6.0,29.858700925508387,linear
4,0_epo,7.000000000000001,29.88145981519336,linear
5,0_epo,8.0,29.904218704878332,linear
6,0_epo,9.0,29.926977594563304,linear
7,0_epo,10.0,29.949736484248277,linear
8,0_epo,11.0,29.97249537393325,linear
9,0_epo,12.0,29.995254263618225,linear
10,0_epo,13.0,30.0180131533032,linear
11,0_epo,14.000000000000002,30.040772042988173,linear
12,0_epo,15.0,30.063530932673146,linear
13,0_epo,16.0,30.08628982235812,linear
14,0_epo,17.0,30.10904871204309,linear
15,0_epo,18.0,30.131807601728063,linear
16,0_epo,19.0,30.154566491413036,linear
17,0_epo,20.0,30.177325381098008,linear
18,0_epo,21.0,30.20008427078298,linear
19,0_epo,22.0,30.222843160467953,linear
20,0_epo,23.0,30.245602050152925,linear
21,0_epo,24.0,30.2683609398379,linear
22,0_epo,25.0,30.291119829522874,linear
23,0_epo,26.0,30.313878719207846,linear
24,0_epo,27.0,30.33663760889282,linear
25,0_epo,28.000000000000004,30.35939649857779,linear
26,0_epo,28.999999999999996,30.382155388262763,linear
27,0_epo,30.0,30.404914277947736,linear
28,0_epo,31.0,30.427673167632708,linear
29,0_epo,32.0,30.45043205731768,linear
30,0_epo,33.0,30.473190947002653,linear
31,0_epo,34.0,30.495949836687625,linear
32,0_epo,35.0,30.518708726372598,linear
33,0_epo,36.0,30.541467616057574,linear
34,0_epo,37.0,30.564226505742546,linear
35,0_epo,38.0,30.586985395427522,linear
36,0_epo,39.0,30.609744285112495,linear
37,0_epo,40.0,30.632503174797467,linear
38,0_epo,41.0,30.65526206448244,linear
39,0_epo,42.0,30.678020954167412,linear
40,0_epo,43.0,30.700779843852384,linear
41,0_epo,44.0,30.723538733537357,linear
42,0_epo,45.0,30.74629762322233,linear
43,0_epo,46.0,30.7690565129073,linear
44,0_epo,47.0,30.791815402592274,linear
45,0_epo,48.0,30.81457429227725,linear
46,0_epo,49.0,30.837333181962222,linear
47,0_epo,50.0,30.860092071647195,linear
48,0_epo,51.0,30.882850961332167,linear
49,0_epo,52.0,30.90560985101714,linear
50,0_epo,53.0,30.928368740702112,linear
51,0_epo,54.0,30.951127630387084,linear
52,0_epo,55.00000000000001,30.973886520072057,linear
53,0_epo,56.00000000000001,30.99664540975703,linear
54,0_epo,56.99999999999999,31.019404299442,linear
55,0_epo,57.99999999999999,31.042163189126974,linear
56,0_epo,59.0,31.06492207881195,linear
57,0_epo,60.0,31.087680968496922,linear
58,0_epo,61.0,31.110439858181895,linear
59,0_epo,62.0,31.133198747866867,linear
60,0_epo,63.0,31.155957637551843,linear
61,0_epo,64.0,31.178716527236816,linear
62,0_epo,65.0,31.201475416921788,linear
63,0_epo,66.0,31.22423430660676,linear
64,0_epo,67.0,31.246993196291733,linear
65,0_epo,68.0,31.2697520859767,linear
66,0_epo,69.0,31.292510975661678,linear
67,0_epo,70.0,31.315269865346647,linear
68,0_epo,71.0,31.338028755031626,linear
69,0_epo,72.0,31.360787644716595,linear
70,0_epo,73.0,31.38354653440157,linear
71,0_epo,74.0,31.40630542408654,linear
72,0_epo,75.0,31.429064313771516,linear
73,0_epo,76.0,31.45182320345649,linear
74,0_epo,77.0,31.47458209314146,linear
75,0_epo,78.0,31.497340982826437,linear
76,0_epo,79.0,31.520099872511405,linear
77,0_epo,80.0,31.54285876219638,linear
78,0_epo,81.0,31.56561765188135,linear
79,0_epo,82.0,31.588376541566326,linear
80,0_epo,83.0,31.6111354312513,linear
81,0_epo,84.0,31.633894320936275,linear
82,0_epo,85.0,31.656653210621243,linear
83,0_epo,86.0,31.67941210030622,linear
84,0_epo,87.0,31.70217098999119,linear
85,0_epo,88.0,31.724929879676164,linear
86,0_epo,89.0,31.747688769361133,linear
87,0_epo,90.0,31.77044765904611,linear
88,0_epo,91.0,31.793206548731078,linear
89,0_epo,92.0,31.815965438416054,linear
90,0_epo,93.0,31.838724328101023,linear
91,0_epo,94.0,31.861483217786,linear
92,0_epo,95.0,31.88424210747097,linear
93,10_epo,3.0,35.64443499788675,linear
94,10_epo,4.0,35.70994658559351,linear
95,10_epo,5.0,35.77545817330026,linear
96,10_epo,6.0,35.840969761007024,linear
97,10_epo,7.000000000000001,35.90648134871378,linear
98,10_epo,8.0,35.97199293642054,linear
99,10_epo,9.0,36.03750452412729,linear
100,10_epo,10.0,36.10301611183406,linear
101,10_epo,11.0,36.16852769954082,linear
102,10_epo,12.0,36.234039287247576,linear
103,10_epo,13.0,36.29955087495433,linear
104,10_epo,14.000000000000002,36.36506246266109,linear
105,10_epo,15.0,36.43057405036786,linear
106,10_epo,16.0,36.49608563807461,linear
107,10_epo,17.0,36.56159722578137,linear
108,10_epo,18.0,36.62710881348813,linear
109,10_epo,19.0,36.692620401194894,linear
110,10_epo,20.0,36.758131988901646,linear
111,10_epo,21.0,36.823643576608404,linear
112,10_epo,22.0,36.88915516431516,linear
113,10_epo,23.0,36.95466675202193,linear
114,10_epo,24.0,37.02017833972868,linear
115,10_epo,25.0,37.08568992743544,linear
116,10_epo,26.0,37.151201515142205,linear
117,10_epo,27.0,37.21671310284896,linear
118,10_epo,28.000000000000004,37.28222469055572,linear
119,10_epo,28.999999999999996,37.347736278262474,linear
120,10_epo,30.0,37.41324786596924,linear
121,10_epo,31.0,37.478759453676,linear
122,10_epo,32.0,37.54427104138276,linear
123,10_epo,33.0,37.60978262908951,linear
124,10_epo,34.0,37.675294216796274,linear
125,10_epo,35.0,37.74080580450303,linear
126,10_epo,36.0,37.80631739220979,linear
127,10_epo,37.0,37.87182897991655,linear
128,10_epo,38.0,37.93734056762331,linear
129,10_epo,39.0,38.002852155330075,linear
130,10_epo,40.0,38.06836374303683,linear
131,10_epo,41.0,38.133875330743585,linear
132,10_epo,42.0,38.199386918450344,linear
133,10_epo,43.0,38.26489850615711,linear
134,10_epo,44.0,38.33041009386386,linear
135,10_epo,45.0,38.39592168157062,linear
136,10_epo,46.0,38.46143326927738,linear
137,10_epo,47.0,38.526944856984144,linear
138,10_epo,48.0,38.592456444690896,linear
139,10_epo,49.0,38.657968032397655,linear
140,10_epo,50.0,38.72347962010442,linear
141,10_epo,51.0,38.78899120781118,linear
142,10_epo,52.0,38.85450279551794,linear
143,10_epo,53.0,38.92001438322469,linear
144,10_epo,54.0,38.985525970931455,linear
145,10_epo,55.00000000000001,39.051037558638214,linear
146,10_epo,56.00000000000001,39.11654914634497,linear
147,10_epo,56.99999999999999,39.182060734051724,linear
148,10_epo,57.99999999999999,39.24757232175849,linear
149,10_epo,59.0,39.31308390946525,linear
150,10_epo,60.0,39.37859549717201,linear
151,10_epo,61.0,39.444107084878766,linear
152,10_epo,62.0,39.509618672585525,linear
153,10_epo,63.0,39.57513026029229,linear
154,10_epo,64.0,39.64064184799904,linear
155,10_epo,65.0,39.7061534357058,linear
156,10_epo,66.0,39.77166502341256,linear
157,10_epo,67.0,39.837176611119325,linear
158,10_epo,68.0,39.90268819882608,linear
159,10_epo,69.0,39.968199786532836,linear
160,10_epo,70.0,40.033711374239594,linear
161,10_epo,71.0,40.09922296194636,linear
162,10_epo,72.0,40.16473454965312,linear
163,10_epo,73.0,40.23024613735987,linear
164,10_epo,74.0,40.295757725066636,linear
165,10_epo,75.0,40.361269312773395,linear
166,10_epo,76.0,40.42678090048015,linear
167,10_epo,77.0,40.492292488186905,linear
168,10_epo,78.0,40.55780407589367,linear
169,10_epo,79.0,40.62331566360043,linear
170,10_epo,80.0,40.68882725130719,linear
171,10_epo,81.0,40.75433883901394,linear
172,10_epo,82.0,40.819850426720706,linear
173,10_epo,83.0,40.885362014427464,linear
174,10_epo,84.0,40.95087360213422,linear
175,10_epo,85.0,41.01638518984098,linear
176,10_epo,86.0,41.08189677754774,linear
177,10_epo,87.0,41.147408365254506,linear
178,10_epo,88.0,41.21291995296126,linear
179,10_epo,89.0,41.27843154066802,linear
180,10_epo,90.0,41.343943128374775,linear
181,10_epo,91.0,41.40945471608154,linear
182,10_epo,92.0,41.47496630378829,linear
183,10_epo,93.0,41.54047789149505,linear
184,10_epo,94.0,41.60598947920181,linear
185,10_epo,95.0,41.671501066908576,linear
186,11_epo,3.0,32.678684141892845,linear
187,11_epo,4.0,32.717228550667826,linear
188,11_epo,5.0,32.755772959442815,linear
189,11_epo,6.0,32.7943173682178,linear
190,11_epo,7.000000000000001,32.832861776992786,linear
191,11_epo,8.0,32.871406185767775,linear
192,11_epo,9.0,32.909950594542764,linear
193,11_epo,10.0,32.948495003317745,linear
194,11_epo,11.0,32.98703941209273,linear
195,11_epo,12.0,33.025583820867716,linear
196,11_epo,13.0,33.064128229642705,linear
197,11_epo,14.000000000000002,33.102672638417694,linear
198,11_epo,15.0,33.14121704719268,linear
199,11_epo,16.0,33.179761455967665,linear
200,11_epo,17.0,33.218305864742646,linear
201,11_epo,18.0,33.256850273517635,linear
202,11_epo,19.0,33.295394682292624,linear
203,11_epo,20.0,33.33393909106761,linear
204,11_epo,21.0,33.3724834998426,linear
205,11_epo,22.0,33.41102790861758,linear
206,11_epo,23.0,33.449572317392565,linear
207,11_epo,24.0,33.488116726167554,linear
208,11_epo,25.0,33.52666113494254,linear
209,11_epo,26.0,33.56520554371753,linear
210,11_epo,27.0,33.60374995249252,linear
211,11_epo,28.000000000000004,33.6422943612675,linear
212,11_epo,28.999999999999996,33.680838770042484,linear
213,11_epo,30.0,33.71938317881747,linear
214,11_epo,31.0,33.75792758759246,linear
215,11_epo,32.0,33.79647199636745,linear
216,11_epo,33.0,33.83501640514243,linear
217,11_epo,34.0,33.87356081391742,linear
218,11_epo,35.0,33.912105222692404,linear
219,11_epo,36.0,33.95064963146739,linear
220,11_epo,37.0,33.98919404024238,linear
221,11_epo,38.0,34.02773844901737,linear
222,11_epo,39.0,34.06628285779235,linear
223,11_epo,40.0,34.10482726656734,linear
224,11_epo,41.0,34.14337167534232,linear
225,11_epo,42.0,34.18191608411731,linear
226,11_epo,43.0,34.2204604928923,linear
227,11_epo,44.0,34.25900490166728,linear
228,11_epo,45.0,34.29754931044227,linear
229,11_epo,46.0,34.33609371921726,linear
230,11_epo,47.0,34.37463812799224,linear
231,11_epo,48.0,34.41318253676723,linear
232,11_epo,49.0,34.45172694554222,linear
233,11_epo,50.0,34.4902713543172,linear
234,11_epo,51.0,34.52881576309219,linear
235,11_epo,52.0,34.56736017186718,linear
236,11_epo,53.0,34.60590458064217,linear
237,11_epo,54.0,34.64444898941715,linear
238,11_epo,55.00000000000001,34.68299339819213,linear
239,11_epo,56.00000000000001,34.72153780696712,linear
240,11_epo,56.99999999999999,34.76008221574211,linear
241,11_epo,57.99999999999999,34.7986266245171,linear
242,11_epo,59.0,34.83717103329209,linear
243,11_epo,60.0,34.87571544206706,linear
244,11_epo,61.0,34.91425985084205,linear
245,11_epo,62.0,34.95280425961704,linear
246,11_epo,63.0,34.99134866839203,linear
247,11_epo,64.0,35.02989307716702,linear
248,11_epo,65.0,35.068437485942006,linear
249,11_epo,66.0,35.10698189471698,linear
250,11_epo,67.0,35.14552630349197,linear
251,11_epo,68.0,35.18407071226696,linear
252,11_epo,69.0,35.22261512104195,linear
253,11_epo,70.0,35.261159529816936,linear
254,11_epo,71.0,35.29970393859192,linear
255,11_epo,72.0,35.3382483473669,linear
256,11_epo,73.0,35.37679275614189,linear
257,11_epo,74.0,35.41533716491688,linear
258,11_epo,75.0,35.453881573691866,linear
259,11_epo,76.0,35.492425982466855,linear
260,11_epo,77.0,35.53097039124184,linear
261,11_epo,78.0,35.569514800016826,linear
262,11_epo,79.0,35.60805920879181,linear
263,11_epo,80.0,35.6466036175668,linear
264,11_epo,81.0,35.685148026341786,linear
265,11_epo,82.0,35.72369243511677,linear
266,11_epo,83.0,35.762236843891756,linear
267,11_epo,84.0,35.800781252666745,linear
268,11_epo,85.0,35.83932566144173,linear
269,11_epo,86.0,35.877870070216716,linear
270,11_epo,87.0,35.916414478991705,linear
271,11_epo,88.0,35.954958887766686,linear
272,11_epo,89.0,35.993503296541675,linear
273,11_epo,90.0,36.032047705316664,linear
274,11_epo,91.0,36.070592114091646,linear
275,11_epo,92.0,36.109136522866635,linear
276,11_epo,93.0,36.14768093164162,linear
277,11_epo,94.0,36.186225340416605,linear
278,11_epo,95.0,36.224769749191594,linear
279,12_epo,3.0,39.99628920273758,linear
280,12_epo,4.0,40.00938040018301,linear
281,12_epo,5.0,40.02247159762844,linear
282,12_epo,6.0,40.035562795073865,linear
283,12_epo,7.000000000000001,40.04865399251929,linear
284,12_epo,8.0,40.061745189964725,linear
285,12_epo,9.0,40.07483638741016,linear
286,12_epo,10.0,40.087927584855585,linear
287,12_epo,11.0,40.10101878230101,linear
288,12_epo,12.0,40.11410997974644,linear
289,12_epo,13.0,40.127201177191864,linear
290,12_epo,14.000000000000002,40.140292374637305,linear
291,12_epo,15.0,40.15338357208273,linear
292,12_epo,16.0,40.16647476952816,linear
293,12_epo,17.0,40.179565966973584,linear
294,12_epo,18.0,40.19265716441901,linear
295,12_epo,19.0,40.20574836186445,linear
296,12_epo,20.0,40.21883955930988,linear
297,12_epo,21.0,40.231930756755304,linear
298,12_epo,22.0,40.24502195420073,linear
299,12_epo,23.0,40.25811315164616,linear
300,12_epo,24.0,40.27120434909159,linear
301,12_epo,25.0,40.284295546537024,linear
302,12_epo,26.0,40.29738674398245,linear
303,12_epo,27.0,40.31047794142788,linear
304,12_epo,28.000000000000004,40.3235691388733,linear
305,12_epo,28.999999999999996,40.33666033631874,linear
306,12_epo,30.0,40.34975153376417,linear
307,12_epo,31.0,40.3628427312096,linear
308,12_epo,32.0,40.37593392865502,linear
309,12_epo,33.0,40.38902512610045,linear
310,12_epo,34.0,40.40211632354588,linear
311,12_epo,35.0,40.415207520991316,linear
312,12_epo,36.0,40.42829871843674,linear
313,12_epo,37.0,40.44138991588217,linear
314,12_epo,38.0,40.454481113327596,linear
315,12_epo,39.0,40.46757231077302,linear
316,12_epo,40.0,40.48066350821846,linear
317,12_epo,41.0,40.49375470566389,linear
318,12_epo,42.0,40.506845903109316,linear
319,12_epo,43.0,40.51993710055474,linear
320,12_epo,44.0,40.53302829800017,linear
321,12_epo,45.0,40.54611949544561,linear
322,12_epo,46.0,40.559210692891035,linear
323,12_epo,47.0,40.57230189033646,linear
324,12_epo,48.0,40.58539308778189,linear
325,12_epo,49.0,40.598484285227315,linear
326,12_epo,50.0,40.611575482672755,linear
327,12_epo,51.0,40.62466668011818,linear
328,12_epo,52.0,40.63775787756361,linear
329,12_epo,53.0,40.650849075009035,linear
330,12_epo,54.0,40.66394027245446,linear
331,12_epo,55.00000000000001,40.6770314698999,linear
332,12_epo,56.00000000000001,40.69012266734533,linear
333,12_epo,56.99999999999999,40.703213864790754,linear
334,12_epo,57.99999999999999,40.71630506223618,linear
335,12_epo,59.0,40.72939625968161,linear
336,12_epo,60.0,40.74248745712705,linear
337,12_epo,61.0,40.755578654572474,linear
338,12_epo,62.0,40.7686698520179,linear
339,12_epo,63.0,40.78176104946333,linear
340,12_epo,64.0,40.794852246908754,linear
341,12_epo,65.0,40.80794344435419,linear
342,12_epo,66.0,40.82103464179962,linear
343,12_epo,67.0,40.83412583924505,linear
344,12_epo,68.0,40.84721703669047,linear
345,12_epo,69.0,40.8603082341359,linear
346,12_epo,70.0,40.87339943158133,linear
347,12_epo,71.0,40.88649062902677,linear
348,12_epo,72.0,40.89958182647219,linear
349,12_epo,73.0,40.91267302391762,linear
350,12_epo,74.0,40.925764221363046,linear
351,12_epo,75.0,40.93885541880848,linear
352,12_epo,76.0,40.95194661625391,linear
353,12_epo,77.0,40.96503781369934,linear
354,12_epo,78.0,40.978129011144766,linear
355,12_epo,79.0,40.99122020859019,linear
356,12_epo,80.0,41.004311406035626,linear
357,12_epo,81.0,41.01740260348106,linear
358,12_epo,82.0,41.030493800926486,linear
359,12_epo,83.0,41.04358499837191,linear
360,12_epo,84.0,41.05667619581734,linear
361,12_epo,85.0,41.06976739326277,linear
362,12_epo,86.0,41.082858590708206,linear
363,12_epo,87.0,41.09594978815363,linear
364,12_epo,88.0,41.10904098559906,linear
365,12_epo,89.0,41.122132183044485,linear
366,12_epo,90.0,41.13522338048992,linear
367,12_epo,91.0,41.148314577935345,linear
368,12_epo,92.0,41.16140577538078,linear
369,12_epo,93.0,41.174496972826205,linear
370,12_epo,94.0,41.18758817027163,linear
371,12_epo,95.0,41.200679367717065,linear
372,13_epo,3.0,35.515059223653054,linear
373,13_epo,4.0,35.56455616675332,linear
374,13_epo,5.0,35.61405310985359,linear
375,13_epo,6.0,35.66355005295385,linear
376,13_epo,7.000000000000001,35.71304699605412,linear
377,13_epo,8.0,35.762543939154384,linear
378,13_epo,9.0,35.81204088225465,linear
379,13_epo,10.0,35.861537825354915,linear
380,13_epo,11.0,35.91103476845518,linear
381,13_epo,12.0,35.96053171155545,linear
382,13_epo,13.0,36.01002865465571,linear
383,13_epo,14.000000000000002,36.05952559775598,linear
384,13_epo,15.0,36.109022540856245,linear
385,13_epo,16.0,36.15851948395651,linear
386,13_epo,17.0,36.208016427056776,linear
387,13_epo,18.0,36.25751337015704,linear
388,13_epo,19.0,36.30701031325731,linear
389,13_epo,20.0,36.35650725635757,linear
390,13_epo,21.0,36.40600419945784,linear
391,13_epo,22.0,36.455501142558106,linear
392,13_epo,23.0,36.50499808565837,linear
393,13_epo,24.0,36.55449502875863,linear
394,13_epo,25.0,36.6039919718589,linear
395,13_epo,26.0,36.65348891495917,linear
396,13_epo,27.0,36.70298585805943,linear
397,13_epo,28.000000000000004,36.752482801159694,linear
398,13_epo,28.999999999999996,36.80197974425997,linear
399,13_epo,30.0,36.85147668736023,linear
400,13_epo,31.0,36.90097363046049,linear
401,13_epo,32.0,36.95047057356076,linear
402,13_epo,33.0,36.99996751666103,linear
403,13_epo,34.0,37.04946445976129,linear
404,13_epo,35.0,37.098961402861555,linear
405,13_epo,36.0,37.14845834596182,linear
406,13_epo,37.0,37.197955289062094,linear
407,13_epo,38.0,37.24745223216235,linear
408,13_epo,39.0,37.29694917526262,linear
409,13_epo,40.0,37.346446118362884,linear
410,13_epo,41.0,37.39594306146316,linear
411,13_epo,42.0,37.445440004563416,linear
412,13_epo,43.0,37.49493694766368,linear
413,13_epo,44.0,37.54443389076395,linear
414,13_epo,45.0,37.59393083386421,linear
415,13_epo,46.0,37.64342777696448,linear
416,13_epo,47.0,37.692924720064745,linear
417,13_epo,48.0,37.74242166316501,linear
418,13_epo,49.0,37.79191860626528,linear
419,13_epo,50.0,37.84141554936554,linear
420,13_epo,51.0,37.89091249246581,linear
421,13_epo,52.0,37.94040943556607,linear
422,13_epo,53.0,37.98990637866634,linear
423,13_epo,54.0,38.039403321766606,linear
424,13_epo,55.00000000000001,38.08890026486687,linear
425,13_epo,56.00000000000001,38.13839720796713,linear
426,13_epo,56.99999999999999,38.187894151067404,linear
427,13_epo,57.99999999999999,38.23739109416767,linear
428,13_epo,59.0,38.28688803726793,linear
429,13_epo,60.0,38.336384980368194,linear
430,13_epo,61.0,38.38588192346847,linear
431,13_epo,62.0,38.43537886656873,linear
432,13_epo,63.0,38.48487580966899,linear
433,13_epo,64.0,38.53437275276926,linear
434,13_epo,65.0,38.58386969586953,linear
435,13_epo,66.0,38.6333666389698,linear
436,13_epo,67.0,38.682863582070055,linear
437,13_epo,68.0,38.73236052517032,linear
438,13_epo,69.0,38.781857468270594,linear
439,13_epo,70.0,38.83135441137085,linear
440,13_epo,71.0,38.88085135447112,linear
441,13_epo,72.0,38.930348297571385,linear
442,13_epo,73.0,38.97984524067166,linear
443,13_epo,74.0,39.02934218377192,linear
444,13_epo,75.0,39.07883912687218,linear
445,13_epo,76.0,39.12833606997245,linear
446,13_epo,77.0,39.177833013072714,linear
447,13_epo,78.0,39.22732995617298,linear
448,13_epo,79.0,39.276826899273246,linear
449,13_epo,80.0,39.32632384237351,linear
450,13_epo,81.0,39.37582078547378,linear
451,13_epo,82.0,39.42531772857404,linear
452,13_epo,83.0,39.47481467167431,linear
453,13_epo,84.0,39.52431161477457,linear
454,13_epo,85.0,39.57380855787484,linear
455,13_epo,86.0,39.62330550097511,linear
456,13_epo,87.0,39.67280244407537,linear
457,13_epo,88.0,39.72229938717563,linear
458,13_epo,89.0,39.771796330275905,linear
459,13_epo,90.0,39.82129327337617,linear
460,13_epo,91.0,39.870790216476436,linear
461,13_epo,92.0,39.920287159576695,linear
462,13_epo,93.0,39.96978410267697,linear
463,13_epo,94.0,40.019281045777234,linear
464,13_epo,95.0,40.06877798887749,linear
465,14_epo,3.0,33.340824469204826,linear
466,14_epo,4.0,33.34506658705711,linear
467,14_epo,5.0,33.3493087049094,linear
468,14_epo,6.0,33.35355082276168,linear
469,14_epo,7.000000000000001,33.357792940613976,linear
470,14_epo,8.0,33.362035058466255,linear
471,14_epo,9.0,33.36627717631854,linear
472,14_epo,10.0,33.370519294170826,linear
473,14_epo,11.0,33.37476141202312,linear
474,14_epo,12.0,33.379003529875405,linear
475,14_epo,13.0,33.38324564772769,linear
476,14_epo,14.000000000000002,33.387487765579976,linear
477,14_epo,15.0,33.39172988343227,linear
478,14_epo,16.0,33.395972001284555,linear
479,14_epo,17.0,33.400214119136834,linear
480,14_epo,18.0,33.40445623698912,linear
481,14_epo,19.0,33.40869835484141,linear
482,14_epo,20.0,33.4129404726937,linear
483,14_epo,21.0,33.417182590545984,linear
484,14_epo,22.0,33.42142470839827,linear
485,14_epo,23.0,33.42566682625056,linear
486,14_epo,24.0,33.42990894410285,linear
487,14_epo,25.0,33.434151061955134,linear
488,14_epo,26.0,33.43839317980741,linear
489,14_epo,27.0,33.4426352976597,linear
490,14_epo,28.000000000000004,33.44687741551199,linear
491,14_epo,28.999999999999996,33.45111953336428,linear
492,14_epo,30.0,33.45536165121656,linear
493,14_epo,31.0,33.45960376906885,linear
494,14_epo,32.0,33.46384588692114,linear
495,14_epo,33.0,33.46808800477343,linear
496,14_epo,34.0,33.472330122625706,linear
497,14_epo,35.0,33.47657224047799,linear
498,14_epo,36.0,33.480814358330285,linear
499,14_epo,37.0,33.48505647618257,linear
500,14_epo,38.0,33.48929859403486,linear
501,14_epo,39.0,33.49354071188714,linear
502,14_epo,40.0,33.497782829739435,linear
503,14_epo,41.0,33.50202494759172,linear
504,14_epo,42.0,33.50626706544401,linear
505,14_epo,43.0,33.510509183296286,linear
506,14_epo,44.0,33.51475130114858,linear
507,14_epo,45.0,33.518993419000864,linear
508,14_epo,46.0,33.52323553685315,linear
509,14_epo,47.0,33.527477654705436,linear
510,14_epo,48.0,33.53171977255773,linear
511,14_epo,49.0,33.535961890410015,linear
512,14_epo,50.0,33.5402040082623,linear
513,14_epo,51.0,33.544446126114586,linear
514,14_epo,52.0,33.548688243966865,linear
515,14_epo,53.0,33.55293036181916,linear
516,14_epo,54.0,33.55717247967144,linear
517,14_epo,55.00000000000001,33.56141459752373,linear
518,14_epo,56.00000000000001,33.565656715376015,linear
519,14_epo,56.99999999999999,33.56989883322831,linear
520,14_epo,57.99999999999999,33.574140951080594,linear
521,14_epo,59.0,33.57838306893288,linear
522,14_epo,60.0,33.58262518678516,linear
523,14_epo,61.0,33.58686730463745,linear
524,14_epo,62.0,33.59110942248974,linear
525,14_epo,63.0,33.59535154034202,linear
526,14_epo,64.0,33.59959365819431,linear
527,14_epo,65.0,33.6038357760466,linear
528,14_epo,66.0,33.60807789389889,linear
529,14_epo,67.0,33.61232001175117,linear
530,14_epo,68.0,33.61656212960346,linear
531,14_epo,69.0,33.620804247455744,linear
532,14_epo,70.0,33.62504636530803,linear
533,14_epo,71.0,33.629288483160316,linear
534,14_epo,72.0,33.6335306010126,linear
535,14_epo,73.0,33.637772718864895,linear
536,14_epo,74.0,33.64201483671718,linear
537,14_epo,75.0,33.646256954569466,linear
538,14_epo,76.0,33.65049907242175,linear
539,14_epo,77.0,33.65474119027404,linear
540,14_epo,78.0,33.658983308126324,linear
541,14_epo,79.0,33.66322542597861,linear
542,14_epo,80.0,33.667467543830895,linear
543,14_epo,81.0,33.67170966168318,linear
544,14_epo,82.0,33.675951779535474,linear
545,14_epo,83.0,33.68019389738776,linear
546,14_epo,84.0,33.684436015240045,linear
547,14_epo,85.0,33.68867813309233,linear
548,14_epo,86.0,33.69292025094462,linear
549,14_epo,87.0,33.6971623687969,linear
550,14_epo,88.0,33.70140448664919,linear
551,14_epo,89.0,33.705646604501474,linear
552,14_epo,90.0,33.70988872235377,linear
553,14_epo,91.0,33.71413084020605,linear
554,14_epo,92.0,33.71837295805834,linear
555,14_epo,93.0,33.722615075910625,linear
556,14_epo,94.0,33.72685719376292,linear
557,14_epo,95.0,33.731099311615196,linear
558,15_epo,3.0,37.452352872965456,linear
559,15_epo,4.0,37.38843172641663,linear
560,15_epo,5.0,37.3245105798678,linear
561,15_epo,6.0,37.26058943331897,linear
562,15_epo,7.000000000000001,37.19666828677014,linear
563,15_epo,8.0,37.13274714022131,linear
564,15_epo,9.0,37.06882599367248,linear
565,15_epo,10.0,37.004904847123655,linear
566,15_epo,11.0,36.940983700574826,linear
567,15_epo,12.0,36.877062554026,linear
568,15_epo,13.0,36.81314140747717,linear
569,15_epo,14.000000000000002,36.74922026092834,linear
570,15_epo,15.0,36.68529911437951,linear
571,15_epo,16.0,36.62137796783068,linear
572,15_epo,17.0,36.55745682128186,linear
573,15_epo,18.0,36.493535674733025,linear
574,15_epo,19.0,36.429614528184196,linear
575,15_epo,20.0,36.36569338163537,linear
576,15_epo,21.0,36.30177223508654,linear
577,15_epo,22.0,36.23785108853772,linear
578,15_epo,23.0,36.17392994198888,linear
579,15_epo,24.0,36.11000879544005,linear
580,15_epo,25.0,36.04608764889122,linear
581,15_epo,26.0,35.982166502342395,linear
582,15_epo,27.0,35.91824535579357,linear
583,15_epo,28.000000000000004,35.85432420924474,linear
584,15_epo,28.999999999999996,35.79040306269591,linear
585,15_epo,30.0,35.72648191614708,linear
586,15_epo,31.0,35.66256076959825,linear
587,15_epo,32.0,35.59863962304943,linear
588,15_epo,33.0,35.53471847650059,linear
589,15_epo,34.0,35.470797329951765,linear
590,15_epo,35.0,35.406876183402936,linear
591,15_epo,36.0,35.342955036854114,linear
592,15_epo,37.0,35.279033890305286,linear
593,15_epo,38.0,35.21511274375645,linear
594,15_epo,39.0,35.15119159720762,linear
595,15_epo,40.0,35.08727045065879,linear
596,15_epo,41.0,35.02334930410997,linear
597,15_epo,42.0,34.95942815756114,linear
598,15_epo,43.0,34.895507011012306,linear
599,15_epo,44.0,34.83158586446348,linear
600,15_epo,45.0,34.76766471791465,linear
601,15_epo,46.0,34.70374357136583,linear
602,15_epo,47.0,34.639822424817,linear
603,15_epo,48.0,34.57590127826816,linear
604,15_epo,49.0,34.51198013171933,linear
605,15_epo,50.0,34.448058985170505,linear
606,15_epo,51.0,34.38413783862168,linear
607,15_epo,52.0,34.320216692072854,linear
608,15_epo,53.0,34.25629554552402,linear
609,15_epo,54.0,34.19237439897519,linear
610,15_epo,55.00000000000001,34.12845325242636,linear
611,15_epo,56.00000000000001,34.06453210587754,linear
612,15_epo,56.99999999999999,34.00061095932871,linear
613,15_epo,57.99999999999999,33.936689812779875,linear
614,15_epo,59.0,33.872768666231046,linear
615,15_epo,60.0,33.80884751968222,linear
616,15_epo,61.0,33.744926373133396,linear
617,15_epo,62.0,33.68100522658457,linear
618,15_epo,63.0,33.61708408003573,linear
619,15_epo,64.0,33.5531629334869,linear
620,15_epo,65.0,33.489241786938074,linear
621,15_epo,66.0,33.42532064038925,linear
622,15_epo,67.0,33.36139949384042,linear
623,15_epo,68.0,33.29747834729159,linear
624,15_epo,69.0,33.23355720074276,linear
625,15_epo,70.0,33.16963605419394,linear
626,15_epo,71.0,33.10571490764511,linear
627,15_epo,72.0,33.04179376109628,linear
628,15_epo,73.0,32.977872614547444,linear
629,15_epo,74.0,32.913951467998615,linear
630,15_epo,75.0,32.850030321449786,linear
631,15_epo,76.0,32.786109174900965,linear
632,15_epo,77.0,32.722188028352136,linear
633,15_epo,78.0,32.6582668818033,linear
634,15_epo,79.0,32.59434573525447,linear
635,15_epo,80.0,32.53042458870564,linear
636,15_epo,81.0,32.46650344215682,linear
637,15_epo,82.0,32.40258229560799,linear
638,15_epo,83.0,32.338661149059156,linear
639,15_epo,84.0,32.274740002510335,linear
640,15_epo,85.0,32.210818855961506,linear
641,15_epo,86.0,32.14689770941268,linear
642,15_epo,87.0,32.08297656286385,linear
643,15_epo,88.0,32.01905541631501,linear
644,15_epo,89.0,31.95513426976619,linear
645,15_epo,90.0,31.891213123217362,linear
646,15_epo,91.0,31.82729197666853,linear
647,15_epo,92.0,31.7633708301197,linear
648,15_epo,93.0,31.699449683570872,linear
649,15_epo,94.0,31.635528537022047,linear
650,15_epo,95.0,31.57160739047322,linear
651,16_epo,3.0,34.283831936197316,linear
652,16_epo,4.0,34.32006729237641,linear
653,16_epo,5.0,34.356302648555506,linear
654,16_epo,6.0,34.392538004734604,linear
655,16_epo,7.000000000000001,34.4287733609137,linear
656,16_epo,8.0,34.4650087170928,linear
657,16_epo,9.0,34.5012440732719,linear
658,16_epo,10.0,34.53747942945099,linear
659,16_epo,11.0,34.57371478563009,linear
660,16_epo,12.0,34.609950141809186,linear
661,16_epo,13.0,34.64618549798828,linear
662,16_epo,14.000000000000002,34.682420854167376,linear
663,16_epo,15.0,34.71865621034647,linear
664,16_epo,16.0,34.754891566525565,linear
665,16_epo,17.0,34.79112692270466,linear
666,16_epo,18.0,34.827362278883754,linear
667,16_epo,19.0,34.86359763506286,linear
668,16_epo,20.0,34.89983299124196,linear
669,16_epo,21.0,34.93606834742105,linear
670,16_epo,22.0,34.97230370360015,linear
671,16_epo,23.0,35.008539059779245,linear
672,16_epo,24.0,35.04477441595834,linear
673,16_epo,25.0,35.081009772137435,linear
674,16_epo,26.0,35.117245128316526,linear
675,16_epo,27.0,35.153480484495624,linear
676,16_epo,28.000000000000004,35.18971584067472,linear
677,16_epo,28.999999999999996,35.22595119685381,linear
678,16_epo,30.0,35.26218655303291,linear
679,16_epo,31.0,35.29842190921201,linear
680,16_epo,32.0,35.33465726539111,linear
681,16_epo,33.0,35.370892621570206,linear
682,16_epo,34.0,35.407127977749305,linear
683,16_epo,35.0,35.443363333928396,linear
684,16_epo,36.0,35.479598690107494,linear
685,16_epo,37.0,35.51583404628659,linear
686,16_epo,38.0,35.55206940246568,linear
687,16_epo,39.0,35.58830475864478,linear
688,16_epo,40.0,35.62454011482387,linear
689,16_epo,41.0,35.66077547100297,linear
690,16_epo,42.0,35.69701082718207,linear
691,16_epo,43.0,35.73324618336116,linear
692,16_epo,44.0,35.769481539540266,linear
693,16_epo,45.0,35.805716895719364,linear
694,16_epo,46.0,35.841952251898455,linear
695,16_epo,47.0,35.87818760807755,linear
696,16_epo,48.0,35.91442296425665,linear
697,16_epo,49.0,35.95065832043574,linear
698,16_epo,50.0,35.98689367661484,linear
699,16_epo,51.0,36.02312903279393,linear
700,16_epo,52.0,36.05936438897303,linear
701,16_epo,53.0,36.09559974515213,linear
702,16_epo,54.0,36.13183510133122,linear
703,16_epo,55.00000000000001,36.16807045751032,linear
704,16_epo,56.00000000000001,36.204305813689416,linear
705,16_epo,56.99999999999999,36.240541169868514,linear
706,16_epo,57.99999999999999,36.27677652604761,linear
707,16_epo,59.0,36.31301188222671,linear
708,16_epo,60.0,36.3492472384058,linear
709,16_epo,61.0,36.3854825945849,linear
710,16_epo,62.0,36.42171795076399,linear
711,16_epo,63.0,36.45795330694309,linear
712,16_epo,64.0,36.49418866312219,linear
713,16_epo,65.0,36.53042401930128,linear
714,16_epo,66.0,36.56665937548038,linear
715,16_epo,67.0,36.602894731659475,linear
716,16_epo,68.0,36.639130087838566,linear
717,16_epo,69.0,36.67536544401767,linear
718,16_epo,70.0,36.71160080019677,linear
719,16_epo,71.0,36.74783615637586,linear
720,16_epo,72.0,36.78407151255496,linear
721,16_epo,73.0,36.82030686873405,linear
722,16_epo,74.0,36.85654222491315,linear
723,16_epo,75.0,36.89277758109225,linear
724,16_epo,76.0,36.92901293727134,linear
725,16_epo,77.0,36.965248293450436,linear
726,16_epo,78.0,37.001483649629535,linear
727,16_epo,79.0,37.037719005808626,linear
728,16_epo,80.0,37.073954361987724,linear
729,16_epo,81.0,37.11018971816682,linear
730,16_epo,82.0,37.14642507434592,linear
731,16_epo,83.0,37.18266043052502,linear
732,16_epo,84.0,37.21889578670412,linear
733,16_epo,85.0,37.25513114288321,linear
734,16_epo,86.0,37.291366499062306,linear
735,16_epo,87.0,37.3276018552414,linear
736,16_epo,88.0,37.363837211420496,linear
737,16_epo,89.0,37.400072567599594,linear
738,16_epo,90.0,37.436307923778685,linear
739,16_epo,91.0,37.47254327995778,linear
740,16_epo,92.0,37.50877863613688,linear
741,16_epo,93.0,37.54501399231597,linear
742,16_epo,94.0,37.58124934849508,linear
743,16_epo,95.0,37.617484704674176,linear
744,17_epo,3.0,27.998201837037175,linear
745,17_epo,4.0,28.051209907920665,linear
746,17_epo,5.0,28.104217978804158,linear
747,17_epo,6.0,28.15722604968765,linear
748,17_epo,7.000000000000001,28.21023412057114,linear
749,17_epo,8.0,28.26324219145463,linear
750,17_epo,9.0,28.316250262338123,linear
751,17_epo,10.0,28.369258333221616,linear
752,17_epo,11.0,28.422266404105105,linear
753,17_epo,12.0,28.475274474988595,linear
754,17_epo,13.0,28.528282545872088,linear
755,17_epo,14.000000000000002,28.58129061675558,linear
756,17_epo,15.0,28.63429868763907,linear
757,17_epo,16.0,28.68730675852256,linear
758,17_epo,17.0,28.740314829406053,linear
759,17_epo,18.0,28.793322900289542,linear
760,17_epo,19.0,28.846330971173035,linear
761,17_epo,20.0,28.89933904205653,linear
762,17_epo,21.0,28.952347112940018,linear
763,17_epo,22.0,29.005355183823507,linear
764,17_epo,23.0,29.058363254707,linear
765,17_epo,24.0,29.111371325590493,linear
766,17_epo,25.0,29.164379396473983,linear
767,17_epo,26.0,29.217387467357472,linear
768,17_epo,27.0,29.270395538240965,linear
769,17_epo,28.000000000000004,29.32340360912446,linear
770,17_epo,28.999999999999996,29.376411680007948,linear
771,17_epo,30.0,29.429419750891437,linear
772,17_epo,31.0,29.48242782177493,linear
773,17_epo,32.0,29.535435892658423,linear
774,17_epo,33.0,29.588443963541913,linear
775,17_epo,34.0,29.641452034425406,linear
776,17_epo,35.0,29.694460105308895,linear
777,17_epo,36.0,29.747468176192385,linear
778,17_epo,37.0,29.800476247075878,linear
779,17_epo,38.0,29.85348431795937,linear
780,17_epo,39.0,29.90649238884286,linear
781,17_epo,40.0,29.95950045972635,linear
782,17_epo,41.0,30.012508530609843,linear
783,17_epo,42.0,30.065516601493336,linear
784,17_epo,43.0,30.118524672376825,linear
785,17_epo,44.0,30.171532743260315,linear
786,17_epo,45.0,30.224540814143808,linear
787,17_epo,46.0,30.2775488850273,linear
788,17_epo,47.0,30.33055695591079,linear
789,17_epo,48.0,30.38356502679428,linear
790,17_epo,49.0,30.436573097677773,linear
791,17_epo,50.0,30.489581168561266,linear
792,17_epo,51.0,30.542589239444755,linear
793,17_epo,52.0,30.595597310328248,linear
794,17_epo,53.0,30.648605381211738,linear
795,17_epo,54.0,30.701613452095227,linear
796,17_epo,55.00000000000001,30.75462152297872,linear
797,17_epo,56.00000000000001,30.807629593862213,linear
798,17_epo,56.99999999999999,30.860637664745703,linear
799,17_epo,57.99999999999999,30.913645735629192,linear
800,17_epo,59.0,30.966653806512685,linear
801,17_epo,60.0,31.019661877396178,linear
802,17_epo,61.0,31.072669948279668,linear
803,17_epo,62.0,31.125678019163157,linear
804,17_epo,63.0,31.17868609004665,linear
805,17_epo,64.0,31.231694160930143,linear
806,17_epo,65.0,31.284702231813636,linear
807,17_epo,66.0,31.337710302697122,linear
808,17_epo,67.0,31.390718373580615,linear
809,17_epo,68.0,31.443726444464108,linear
810,17_epo,69.0,31.496734515347597,linear
811,17_epo,70.0,31.54974258623109,linear
812,17_epo,71.0,31.602750657114576,linear
813,17_epo,72.0,31.65575872799807,linear
814,17_epo,73.0,31.708766798881566,linear
815,17_epo,74.0,31.761774869765052,linear
816,17_epo,75.0,31.814782940648545,linear
817,17_epo,76.0,31.867791011532038,linear
818,17_epo,77.0,31.920799082415524,linear
819,17_epo,78.0,31.97380715329902,linear
820,17_epo,79.0,32.02681522418251,linear
821,17_epo,80.0,32.079823295066,linear
822,17_epo,81.0,32.13283136594949,linear
823,17_epo,82.0,32.18583943683298,linear
824,17_epo,83.0,32.23884750771647,linear
825,17_epo,84.0,32.291855578599964,linear
826,17_epo,85.0,32.34486364948346,linear
827,17_epo,86.0,32.39787172036695,linear
828,17_epo,87.0,32.45087979125044,linear
829,17_epo,88.0,32.50388786213393,linear
830,17_epo,89.0,32.55689593301742,linear
831,17_epo,90.0,32.609904003900915,linear
832,17_epo,91.0,32.6629120747844,linear
833,17_epo,92.0,32.715920145667894,linear
834,17_epo,93.0,32.76892821655139,linear
835,17_epo,94.0,32.82193628743488,linear
836,17_epo,95.0,32.87494435831837,linear
837,18_epo,3.0,41.13275438101883,linear
838,18_epo,4.0,41.1431944019575,linear
839,18_epo,5.0,41.15363442289618,linear
840,18_epo,6.0,41.16407444383486,linear
841,18_epo,7.000000000000001,41.174514464773544,linear
842,18_epo,8.0,41.184954485712225,linear
843,18_epo,9.0,41.1953945066509,linear
844,18_epo,10.0,41.20583452758958,linear
845,18_epo,11.0,41.21627454852826,linear
846,18_epo,12.0,41.226714569466935,linear
847,18_epo,13.0,41.237154590405616,linear
848,18_epo,14.000000000000002,41.24759461134429,linear
849,18_epo,15.0,41.25803463228298,linear
850,18_epo,16.0,41.26847465322166,linear
851,18_epo,17.0,41.27891467416033,linear
852,18_epo,18.0,41.289354695099014,linear
853,18_epo,19.0,41.29979471603769,linear
854,18_epo,20.0,41.31023473697637,linear
855,18_epo,21.0,41.32067475791505,linear
856,18_epo,22.0,41.331114778853724,linear
857,18_epo,23.0,41.341554799792405,linear
858,18_epo,24.0,41.351994820731086,linear
859,18_epo,25.0,41.36243484166977,linear
860,18_epo,26.0,41.37287486260845,linear
861,18_epo,27.0,41.38331488354712,linear
862,18_epo,28.000000000000004,41.3937549044858,linear
863,18_epo,28.999999999999996,41.40419492542448,linear
864,18_epo,30.0,41.41463494636316,linear
865,18_epo,31.0,41.42507496730184,linear
866,18_epo,32.0,41.43551498824052,linear
867,18_epo,33.0,41.4459550091792,linear
868,18_epo,34.0,41.456395030117875,linear
869,18_epo,35.0,41.466835051056556,linear
870,18_epo,36.0,41.47727507199524,linear
871,18_epo,37.0,41.48771509293391,linear
872,18_epo,38.0,41.49815511387259,linear
873,18_epo,39.0,41.508595134811266,linear
874,18_epo,40.0,41.51903515574995,linear
875,18_epo,41.0,41.529475176688635,linear
876,18_epo,42.0,41.53991519762731,linear
877,18_epo,43.0,41.55035521856599,linear
878,18_epo,44.0,41.560795239504664,linear
879,18_epo,45.0,41.571235260443345,linear
880,18_epo,46.0,41.581675281382026,linear
881,18_epo,47.0,41.5921153023207,linear
882,18_epo,48.0,41.60255532325938,linear
883,18_epo,49.0,41.61299534419806,linear
884,18_epo,50.0,41.62343536513674,linear
885,18_epo,51.0,41.633875386075424,linear
886,18_epo,52.0,41.6443154070141,linear
887,18_epo,53.0,41.65475542795278,linear
888,18_epo,54.0,41.66519544889145,linear
889,18_epo,55.00000000000001,41.675635469830134,linear
890,18_epo,56.00000000000001,41.686075490768815,linear
891,18_epo,56.99999999999999,41.696515511707496,linear
892,18_epo,57.99999999999999,41.70695553264618,linear
893,18_epo,59.0,41.71739555358485,linear
894,18_epo,60.0,41.72783557452353,linear
895,18_epo,61.0,41.73827559546221,linear
896,18_epo,62.0,41.74871561640089,linear
897,18_epo,63.0,41.75915563733957,linear
898,18_epo,64.0,41.76959565827824,linear
899,18_epo,65.0,41.78003567921692,linear
900,18_epo,66.0,41.79047570015561,linear
901,18_epo,67.0,41.800915721094285,linear
902,18_epo,68.0,41.811355742032966,linear
903,18_epo,69.0,41.82179576297164,linear
904,18_epo,70.0,41.83223578391032,linear
905,18_epo,71.0,41.842675804849,linear
906,18_epo,72.0,41.853115825787675,linear
907,18_epo,73.0,41.863555846726356,linear
908,18_epo,74.0,41.87399586766504,linear
909,18_epo,75.0,41.88443588860372,linear
910,18_epo,76.0,41.8948759095424,linear
911,18_epo,77.0,41.90531593048107,linear
912,18_epo,78.0,41.915755951419754,linear
913,18_epo,79.0,41.92619597235843,linear
914,18_epo,80.0,41.93663599329711,linear
915,18_epo,81.0,41.94707601423579,linear
916,18_epo,82.0,41.957516035174464,linear
917,18_epo,83.0,41.96795605611315,linear
918,18_epo,84.0,41.978396077051826,linear
919,18_epo,85.0,41.98883609799051,linear
920,18_epo,86.0,41.99927611892919,linear
921,18_epo,87.0,42.00971613986786,linear
922,18_epo,88.0,42.02015616080654,linear
923,18_epo,89.0,42.03059618174522,linear
924,18_epo,90.0,42.0410362026839,linear
925,18_epo,91.0,42.051476223622586,linear
926,18_epo,92.0,42.06191624456126,linear
927,18_epo,93.0,42.07235626549994,linear
928,18_epo,94.0,42.082796286438615,linear
929,18_epo,95.0,42.093236307377296,linear
930,19_epo,3.0,32.809149032458556,linear
931,19_epo,4.0,32.784402971730216,linear
932,19_epo,5.0,32.75965691100186,linear
933,19_epo,6.0,32.734910850273515,linear
934,19_epo,7.000000000000001,32.710164789545175,linear
935,19_epo,8.0,32.68541872881682,linear
936,19_epo,9.0,32.66067266808847,linear
937,19_epo,10.0,32.63592660736013,linear
938,19_epo,11.0,32.61118054663178,linear
939,19_epo,12.0,32.58643448590343,linear
940,19_epo,13.0,32.561688425175085,linear
941,19_epo,14.000000000000002,32.53694236444674,linear
942,19_epo,15.0,32.51219630371839,linear
943,19_epo,16.0,32.48745024299004,linear
944,19_epo,17.0,32.462704182261696,linear
945,19_epo,18.0,32.43795812153335,linear
946,19_epo,19.0,32.413212060805,linear
947,19_epo,20.0,32.388466000076654,linear
948,19_epo,21.0,32.36371993934831,linear
949,19_epo,22.0,32.33897387861996,linear
950,19_epo,23.0,32.31422781789162,linear
951,19_epo,24.0,32.289481757163266,linear
952,19_epo,25.0,32.26473569643492,linear
953,19_epo,26.0,32.23998963570657,linear
954,19_epo,27.0,32.215243574978224,linear
955,19_epo,28.000000000000004,32.19049751424988,linear
956,19_epo,28.999999999999996,32.16575145352153,linear
957,19_epo,30.0,32.14100539279318,linear
958,19_epo,31.0,32.116259332064836,linear
959,19_epo,32.0,32.09151327133649,linear
960,19_epo,33.0,32.06676721060814,linear
961,19_epo,34.0,32.042021149879794,linear
962,19_epo,35.0,32.01727508915145,linear
963,19_epo,36.0,31.992529028423096,linear
964,19_epo,37.0,31.967782967694752,linear
965,19_epo,38.0,31.943036906966405,linear
966,19_epo,39.0,31.918290846238055,linear
967,19_epo,40.0,31.893544785509707,linear
968,19_epo,41.0,31.868798724781364,linear
969,19_epo,42.0,31.844052664053013,linear
970,19_epo,43.0,31.819306603324666,linear
971,19_epo,44.0,31.794560542596322,linear
972,19_epo,45.0,31.769814481867968,linear
973,19_epo,46.0,31.745068421139624,linear
974,19_epo,47.0,31.72032236041128,linear
975,19_epo,48.0,31.695576299682926,linear
976,19_epo,49.0,31.670830238954583,linear
977,19_epo,50.0,31.646084178226236,linear
978,19_epo,51.0,31.621338117497885,linear
979,19_epo,52.0,31.59659205676954,linear
980,19_epo,53.0,31.571845996041194,linear
981,19_epo,54.0,31.547099935312843,linear
982,19_epo,55.00000000000001,31.5223538745845,linear
983,19_epo,56.00000000000001,31.497607813856153,linear
984,19_epo,56.99999999999999,31.472861753127802,linear
985,19_epo,57.99999999999999,31.448115692399455,linear
986,19_epo,59.0,31.42336963167111,linear
987,19_epo,60.0,31.39862357094276,linear
988,19_epo,61.0,31.373877510214413,linear
989,19_epo,62.0,31.34913144948607,linear
990,19_epo,63.0,31.324385388757715,linear
991,19_epo,64.0,31.29963932802937,linear
992,19_epo,65.0,31.274893267301028,linear
993,19_epo,66.0,31.25014720657268,linear
994,19_epo,67.0,31.22540114584433,linear
995,19_epo,68.0,31.200655085115983,linear
996,19_epo,69.0,31.175909024387636,linear
997,19_epo,70.0,31.15116296365929,linear
998,19_epo,71.0,31.12641690293094,linear
999,19_epo,72.0,31.101670842202594,linear
1000,19_epo,73.0,31.076924781474244,linear
1001,19_epo,74.0,31.0521787207459,linear
1002,19_epo,75.0,31.027432660017553,linear
1003,19_epo,76.0,31.002686599289202,linear
1004,19_epo,77.0,30.97794053856086,linear
1005,19_epo,78.0,30.95319447783251,linear
1006,19_epo,79.0,30.92844841710416,linear
1007,19_epo,80.0,30.903702356375817,linear
1008,19_epo,81.0,30.878956295647466,linear
1009,19_epo,82.0,30.854210234919123,linear
1010,19_epo,83.0,30.829464174190775,linear
1011,19_epo,84.0,30.804718113462425,linear
1012,19_epo,85.0,30.77997205273408,linear
1013,19_epo,86.0,30.75522599200573,linear
1014,19_epo,87.0,30.730479931277383,linear
1015,19_epo,88.0,30.70573387054904,linear
1016,19_epo,89.0,30.68098780982069,linear
1017,19_epo,90.0,30.65624174909234,linear
1018,19_epo,91.0,30.631495688363994,linear
1019,19_epo,92.0,30.606749627635647,linear
1020,19_epo,93.0,30.5820035669073,linear
1021,19_epo,94.0,30.557257506178953,linear
1022,19_epo,95.0,30.532511445450606,linear
1023,1_epo,3.0,35.933720037446015,linear
1024,1_epo,4.0,35.968745143156056,linear
1025,1_epo,5.0,36.0037702488661,linear
1026,1_epo,6.0,36.03879535457614,linear
1027,1_epo,7.000000000000001,36.073820460286186,linear
1028,1_epo,8.0,36.10884556599622,linear
1029,1_epo,9.0,36.14387067170627,linear
1030,1_epo,10.0,36.17889577741631,linear
1031,1_epo,11.0,36.213920883126356,linear
1032,1_epo,12.0,36.24894598883639,linear
1033,1_epo,13.0,36.28397109454644,linear
1034,1_epo,14.000000000000002,36.31899620025648,linear
1035,1_epo,15.0,36.354021305966526,linear
1036,1_epo,16.0,36.38904641167656,linear
1037,1_epo,17.0,36.42407151738661,linear
1038,1_epo,18.0,36.45909662309665,linear
1039,1_epo,19.0,36.49412172880669,linear
1040,1_epo,20.0,36.52914683451673,linear
1041,1_epo,21.0,36.56417194022678,linear
1042,1_epo,22.0,36.59919704593682,linear
1043,1_epo,23.0,36.63422215164686,linear
1044,1_epo,24.0,36.6692472573569,linear
1045,1_epo,25.0,36.70427236306695,linear
1046,1_epo,26.0,36.739297468776996,linear
1047,1_epo,27.0,36.77432257448703,linear
1048,1_epo,28.000000000000004,36.80934768019708,linear
1049,1_epo,28.999999999999996,36.84437278590712,linear
1050,1_epo,30.0,36.87939789161717,linear
1051,1_epo,31.0,36.9144229973272,linear
1052,1_epo,32.0,36.94944810303725,linear
1053,1_epo,33.0,36.98447320874729,linear
1054,1_epo,34.0,37.01949831445733,linear
1055,1_epo,35.0,37.05452342016737,linear
1056,1_epo,36.0,37.08954852587742,linear
1057,1_epo,37.0,37.12457363158746,linear
1058,1_epo,38.0,37.1595987372975,linear
1059,1_epo,39.0,37.19462384300754,linear
1060,1_epo,40.0,37.22964894871759,linear
1061,1_epo,41.0,37.26467405442763,linear
1062,1_epo,42.0,37.29969916013767,linear
1063,1_epo,43.0,37.33472426584771,linear
1064,1_epo,44.0,37.36974937155776,linear
1065,1_epo,45.0,37.40477447726779,linear
1066,1_epo,46.0,37.43979958297784,linear
1067,1_epo,47.0,37.47482468868788,linear
1068,1_epo,48.0,37.50984979439793,linear
1069,1_epo,49.0,37.54487490010796,linear
1070,1_epo,50.0,37.57990000581801,linear
1071,1_epo,51.0,37.61492511152806,linear
1072,1_epo,52.0,37.6499502172381,linear
1073,1_epo,53.0,37.68497532294814,linear
1074,1_epo,54.0,37.72000042865818,linear
1075,1_epo,55.00000000000001,37.75502553436823,linear
1076,1_epo,56.00000000000001,37.79005064007827,linear
1077,1_epo,56.99999999999999,37.82507574578831,linear
1078,1_epo,57.99999999999999,37.86010085149835,linear
1079,1_epo,59.0,37.8951259572084,linear
1080,1_epo,60.0,37.93015106291843,linear
1081,1_epo,61.0,37.96517616862848,linear
1082,1_epo,62.0,38.00020127433852,linear
1083,1_epo,63.0,38.03522638004857,linear
1084,1_epo,64.0,38.070251485758604,linear
1085,1_epo,65.0,38.10527659146865,linear
1086,1_epo,66.0,38.14030169717869,linear
1087,1_epo,67.0,38.17532680288874,linear
1088,1_epo,68.0,38.210351908598774,linear
1089,1_epo,69.0,38.24537701430882,linear
1090,1_epo,70.0,38.28040212001886,linear
1091,1_epo,71.0,38.315427225728904,linear
1092,1_epo,72.0,38.350452331438944,linear
1093,1_epo,73.0,38.38547743714899,linear
1094,1_epo,74.0,38.42050254285903,linear
1095,1_epo,75.0,38.455527648569074,linear
1096,1_epo,76.0,38.49055275427912,linear
1097,1_epo,77.0,38.52557785998916,linear
1098,1_epo,78.0,38.56060296569921,linear
1099,1_epo,79.0,38.595628071409244,linear
1100,1_epo,80.0,38.63065317711929,linear
1101,1_epo,81.0,38.66567828282933,linear
1102,1_epo,82.0,38.700703388539374,linear
1103,1_epo,83.0,38.735728494249415,linear
1104,1_epo,84.0,38.77075359995946,linear
1105,1_epo,85.0,38.8057787056695,linear
1106,1_epo,86.0,38.840803811379544,linear
1107,1_epo,87.0,38.875828917089585,linear
1108,1_epo,88.0,38.91085402279963,linear
1109,1_epo,89.0,38.945879128509674,linear
1110,1_epo,90.0,38.980904234219715,linear
1111,1_epo,91.0,39.015929339929755,linear
1112,1_epo,92.0,39.0509544456398,linear
1113,1_epo,93.0,39.085979551349844,linear
1114,1_epo,94.0,39.121004657059885,linear
1115,1_epo,95.0,39.156029762769926,linear
1116,20_epo,3.0,39.509564631214204,linear
1117,20_epo,4.0,39.52686890412118,linear
1118,20_epo,5.0,39.54417317702815,linear
1119,20_epo,6.0,39.561477449935126,linear
1120,20_epo,7.000000000000001,39.5787817228421,linear
1121,20_epo,8.0,39.59608599574908,linear
1122,20_epo,9.0,39.613390268656055,linear
1123,20_epo,10.0,39.630694541563024,linear
1124,20_epo,11.0,39.64799881447,linear
1125,20_epo,12.0,39.66530308737698,linear
1126,20_epo,13.0,39.68260736028395,linear
1127,20_epo,14.000000000000002,39.69991163319093,linear
1128,20_epo,15.0,39.717215906097906,linear
1129,20_epo,16.0,39.734520179004875,linear
1130,20_epo,17.0,39.75182445191185,linear
1131,20_epo,18.0,39.76912872481883,linear
1132,20_epo,19.0,39.786432997725804,linear
1133,20_epo,20.0,39.80373727063278,linear
1134,20_epo,21.0,39.82104154353975,linear
1135,20_epo,22.0,39.838345816446726,linear
1136,20_epo,23.0,39.8556500893537,linear
1137,20_epo,24.0,39.87295436226068,linear
1138,20_epo,25.0,39.890258635167655,linear
1139,20_epo,26.0,39.90756290807463,linear
1140,20_epo,27.0,39.9248671809816,linear
1141,20_epo,28.000000000000004,39.94217145388858,linear
1142,20_epo,28.999999999999996,39.95947572679555,linear
1143,20_epo,30.0,39.97677999970253,linear
1144,20_epo,31.0,39.994084272609506,linear
1145,20_epo,32.0,40.011388545516475,linear
1146,20_epo,33.0,40.02869281842345,linear
1147,20_epo,34.0,40.04599709133043,linear
1148,20_epo,35.0,40.0633013642374,linear
1149,20_epo,36.0,40.08060563714438,linear
1150,20_epo,37.0,40.09790991005136,linear
1151,20_epo,38.0,40.115214182958326,linear
1152,20_epo,39.0,40.1325184558653,linear
1153,20_epo,40.0,40.14982272877228,linear
1154,20_epo,41.0,40.16712700167925,linear
1155,20_epo,42.0,40.18443127458623,linear
1156,20_epo,43.0,40.20173554749321,linear
1157,20_epo,44.0,40.21903982040018,linear
1158,20_epo,45.0,40.23634409330715,linear
1159,20_epo,46.0,40.25364836621412,linear
1160,20_epo,47.0,40.2709526391211,linear
1161,20_epo,48.0,40.28825691202808,linear
1162,20_epo,49.0,40.30556118493505,linear
1163,20_epo,50.0,40.32286545784203,linear
1164,20_epo,51.0,40.340169730749004,linear
1165,20_epo,52.0,40.35747400365597,linear
1166,20_epo,53.0,40.37477827656296,linear
1167,20_epo,54.0,40.39208254946993,linear
1168,20_epo,55.00000000000001,40.4093868223769,linear
1169,20_epo,56.00000000000001,40.42669109528388,linear
1170,20_epo,56.99999999999999,40.44399536819085,linear
1171,20_epo,57.99999999999999,40.461299641097824,linear
1172,20_epo,59.0,40.47860391400481,linear
1173,20_epo,60.0,40.49590818691178,linear
1174,20_epo,61.0,40.51321245981875,linear
1175,20_epo,62.0,40.53051673272573,linear
1176,20_epo,63.0,40.5478210056327,linear
1177,20_epo,64.0,40.565125278539675,linear
1178,20_epo,65.0,40.58242955144666,linear
1179,20_epo,66.0,40.59973382435363,linear
1180,20_epo,67.0,40.617038097260604,linear
1181,20_epo,68.0,40.63434237016758,linear
1182,20_epo,69.0,40.65164664307455,linear
1183,20_epo,70.0,40.668950915981526,linear
1184,20_epo,71.0,40.6862551888885,linear
1185,20_epo,72.0,40.70355946179548,linear
1186,20_epo,73.0,40.720863734702455,linear
1187,20_epo,74.0,40.738168007609424,linear
1188,20_epo,75.0,40.7554722805164,linear
1189,20_epo,76.0,40.77277655342338,linear
1190,20_epo,77.0,40.79008082633035,linear
1191,20_epo,78.0,40.80738509923733,linear
1192,20_epo,79.0,40.824689372144306,linear
1193,20_epo,80.0,40.841993645051275,linear
1194,20_epo,81.0,40.85929791795825,linear
1195,20_epo,82.0,40.87660219086523,linear
1196,20_epo,83.0,40.893906463772204,linear
1197,20_epo,84.0,40.91121073667918,linear
1198,20_epo,85.0,40.92851500958615,linear
1199,20_epo,86.0,40.945819282493126,linear
1200,20_epo,87.0,40.9631235554001,linear
1201,20_epo,88.0,40.98042782830708,linear
1202,20_epo,89.0,40.997732101214055,linear
1203,20_epo,90.0,41.01503637412103,linear
1204,20_epo,91.0,41.032340647028,linear
1205,20_epo,92.0,41.04964491993498,linear
1206,20_epo,93.0,41.06694919284195,linear
1207,20_epo,94.0,41.08425346574893,linear
1208,20_epo,95.0,41.101557738655906,linear
1209,21_epo,3.0,33.026948539663614,linear
1210,21_epo,4.0,33.03003410513441,linear
1211,21_epo,5.0,33.033119670605224,linear
1212,21_epo,6.0,33.03620523607603,linear
1213,21_epo,7.000000000000001,33.03929080154683,linear
1214,21_epo,8.0,33.04237636701763,linear
1215,21_epo,9.0,33.04546193248843,linear
1216,21_epo,10.0,33.048547497959234,linear
1217,21_epo,11.0,33.05163306343004,linear
1218,21_epo,12.0,33.05471862890084,linear
1219,21_epo,13.0,33.05780419437165,linear
1220,21_epo,14.000000000000002,33.060889759842446,linear
1221,21_epo,15.0,33.06397532531325,linear
1222,21_epo,16.0,33.067060890784056,linear
1223,21_epo,17.0,33.070146456254854,linear
1224,21_epo,18.0,33.07323202172566,linear
1225,21_epo,19.0,33.076317587196456,linear
1226,21_epo,20.0,33.07940315266726,linear
1227,21_epo,21.0,33.08248871813807,linear
1228,21_epo,22.0,33.08557428360887,linear
1229,21_epo,23.0,33.088659849079676,linear
1230,21_epo,24.0,33.09174541455047,linear
1231,21_epo,25.0,33.09483098002128,linear
1232,21_epo,26.0,33.09791654549208,linear
1233,21_epo,27.0,33.10100211096288,linear
1234,21_epo,28.000000000000004,33.104087676433686,linear
1235,21_epo,28.999999999999996,33.10717324190448,linear
1236,21_epo,30.0,33.110258807375295,linear
1237,21_epo,31.0,33.1133443728461,linear
1238,21_epo,32.0,33.1164299383169,linear
1239,21_epo,33.0,33.1195155037877,linear
1240,21_epo,34.0,33.1226010692585,linear
1241,21_epo,35.0,33.125686634729306,linear
1242,21_epo,36.0,33.12877220020011,linear
1243,21_epo,37.0,33.13185776567091,linear
1244,21_epo,38.0,33.13494333114172,linear
1245,21_epo,39.0,33.13802889661252,linear
1246,21_epo,40.0,33.14111446208332,linear
1247,21_epo,41.0,33.14420002755413,linear
1248,21_epo,42.0,33.147285593024925,linear
1249,21_epo,43.0,33.15037115849573,linear
1250,21_epo,44.0,33.15345672396653,linear
1251,21_epo,45.0,33.15654228943733,linear
1252,21_epo,46.0,33.159627854908145,linear
1253,21_epo,47.0,33.16271342037894,linear
1254,21_epo,48.0,33.16579898584975,linear
1255,21_epo,49.0,33.168884551320545,linear
1256,21_epo,50.0,33.17197011679135,linear
1257,21_epo,51.0,33.175055682262155,linear
1258,21_epo,52.0,33.17814124773295,linear
1259,21_epo,53.0,33.18122681320376,linear
1260,21_epo,54.0,33.184312378674555,linear
1261,21_epo,55.00000000000001,33.18739794414537,linear
1262,21_epo,56.00000000000001,33.19048350961617,linear
1263,21_epo,56.99999999999999,33.19356907508697,linear
1264,21_epo,57.99999999999999,33.196654640557774,linear
1265,21_epo,59.0,33.19974020602857,linear
1266,21_epo,60.0,33.20282577149938,linear
1267,21_epo,61.0,33.20591133697018,linear
1268,21_epo,62.0,33.20899690244098,linear
1269,21_epo,63.0,33.21208246791179,linear
1270,21_epo,64.0,33.21516803338259,linear
1271,21_epo,65.0,33.218253598853394,linear
1272,21_epo,66.0,33.2213391643242,linear
1273,21_epo,67.0,33.224424729795,linear
1274,21_epo,68.0,33.2275102952658,linear
1275,21_epo,69.0,33.2305958607366,linear
1276,21_epo,70.0,33.233681426207404,linear
1277,21_epo,71.0,33.23676699167821,linear
1278,21_epo,72.0,33.239852557149014,linear
1279,21_epo,73.0,33.24293812261982,linear
1280,21_epo,74.0,33.24602368809062,linear
1281,21_epo,75.0,33.24910925356142,linear
1282,21_epo,76.0,33.252194819032226,linear
1283,21_epo,77.0,33.255280384503024,linear
1284,21_epo,78.0,33.25836594997383,linear
1285,21_epo,79.0,33.26145151544463,linear
1286,21_epo,80.0,33.26453708091544,linear
1287,21_epo,81.0,33.267622646386236,linear
1288,21_epo,82.0,33.27070821185704,linear
1289,21_epo,83.0,33.273793777327846,linear
1290,21_epo,84.0,33.276879342798644,linear
1291,21_epo,85.0,33.27996490826945,linear
1292,21_epo,86.0,33.283050473740246,linear
1293,21_epo,87.0,33.28613603921105,linear
1294,21_epo,88.0,33.28922160468186,linear
1295,21_epo,89.0,33.29230717015266,linear
1296,21_epo,90.0,33.295392735623466,linear
1297,21_epo,91.0,33.29847830109426,linear
1298,21_epo,92.0,33.30156386656507,linear
1299,21_epo,93.0,33.30464943203587,linear
1300,21_epo,94.0,33.30773499750667,linear
1301,21_epo,95.0,33.310820562977476,linear
1302,22_epo,3.0,38.02402493889621,linear
1303,22_epo,4.0,37.97512435439547,linear
1304,22_epo,5.0,37.926223769894726,linear
1305,22_epo,6.0,37.87732318539399,linear
1306,22_epo,7.000000000000001,37.82842260089325,linear
1307,22_epo,8.0,37.7795220163925,linear
1308,22_epo,9.0,37.730621431891755,linear
1309,22_epo,10.0,37.68172084739102,linear
1310,22_epo,11.0,37.63282026289028,linear
1311,22_epo,12.0,37.583919678389535,linear
1312,22_epo,13.0,37.53501909388879,linear
1313,22_epo,14.000000000000002,37.48611850938805,linear
1314,22_epo,15.0,37.43721792488731,linear
1315,22_epo,16.0,37.388317340386564,linear
1316,22_epo,17.0,37.33941675588583,linear
1317,22_epo,18.0,37.290516171385086,linear
1318,22_epo,19.0,37.241615586884336,linear
1319,22_epo,20.0,37.19271500238359,linear
1320,22_epo,21.0,37.14381441788286,linear
1321,22_epo,22.0,37.094913833382115,linear
1322,22_epo,23.0,37.04601324888137,linear
1323,22_epo,24.0,36.99711266438063,linear
1324,22_epo,25.0,36.94821207987989,linear
1325,22_epo,26.0,36.899311495379145,linear
1326,22_epo,27.0,36.8504109108784,linear
1327,22_epo,28.000000000000004,36.80151032637767,linear
1328,22_epo,28.999999999999996,36.75260974187692,linear
1329,22_epo,30.0,36.703709157376174,linear
1330,22_epo,31.0,36.65480857287544,linear
1331,22_epo,32.0,36.605907988374696,linear
1332,22_epo,33.0,36.55700740387395,linear
1333,22_epo,34.0,36.508106819373204,linear
1334,22_epo,35.0,36.45920623487247,linear
1335,22_epo,36.0,36.410305650371726,linear
1336,22_epo,37.0,36.36140506587098,linear
1337,22_epo,38.0,36.31250448137024,linear
1338,22_epo,39.0,36.2636038968695,linear
1339,22_epo,40.0,36.214703312368755,linear
1340,22_epo,41.0,36.16580272786801,linear
1341,22_epo,42.0,36.11690214336728,linear
1342,22_epo,43.0,36.068001558866534,linear
1343,22_epo,44.0,36.019100974365784,linear
1344,22_epo,45.0,35.97020038986504,linear
1345,22_epo,46.0,35.921299805364306,linear
1346,22_epo,47.0,35.872399220863564,linear
1347,22_epo,48.0,35.82349863636282,linear
1348,22_epo,49.0,35.77459805186208,linear
1349,22_epo,50.0,35.725697467361336,linear
1350,22_epo,51.0,35.67679688286059,linear
1351,22_epo,52.0,35.62789629835985,linear
1352,22_epo,53.0,35.578995713859115,linear
1353,22_epo,54.0,35.53009512935837,linear
1354,22_epo,55.00000000000001,35.48119454485762,linear
1355,22_epo,56.00000000000001,35.43229396035688,linear
1356,22_epo,56.99999999999999,35.383393375856144,linear
1357,22_epo,57.99999999999999,35.3344927913554,linear
1358,22_epo,59.0,35.28559220685466,linear
1359,22_epo,60.0,35.236691622353916,linear
1360,22_epo,61.0,35.187791037853174,linear
1361,22_epo,62.0,35.13889045335243,linear
1362,22_epo,63.0,35.08998986885169,linear
1363,22_epo,64.0,35.04108928435095,linear
1364,22_epo,65.0,34.9921886998502,linear
1365,22_epo,66.0,34.94328811534946,linear
1366,22_epo,67.0,34.89438753084872,linear
1367,22_epo,68.0,34.84548694634798,linear
1368,22_epo,69.0,34.79658636184724,linear
1369,22_epo,70.0,34.74768577734649,linear
1370,22_epo,71.0,34.698785192845754,linear
1371,22_epo,72.0,34.64988460834501,linear
1372,22_epo,73.0,34.60098402384427,linear
1373,22_epo,74.0,34.55208343934353,linear
1374,22_epo,75.0,34.503182854842784,linear
1375,22_epo,76.0,34.45428227034204,linear
1376,22_epo,77.0,34.4053816858413,linear
1377,22_epo,78.0,34.356481101340556,linear
1378,22_epo,79.0,34.30758051683982,linear
1379,22_epo,80.0,34.25867993233907,linear
1380,22_epo,81.0,34.20977934783833,linear
1381,22_epo,82.0,34.16087876333759,linear
1382,22_epo,83.0,34.11197817883685,linear
1383,22_epo,84.0,34.06307759433611,linear
1384,22_epo,85.0,34.014177009835365,linear
1385,22_epo,86.0,33.96527642533462,linear
1386,22_epo,87.0,33.91637584083388,linear
1387,22_epo,88.0,33.86747525633314,linear
1388,22_epo,89.0,33.8185746718324,linear
1389,22_epo,90.0,33.76967408733166,linear
1390,22_epo,91.0,33.72077350283091,linear
1391,22_epo,92.0,33.671872918330166,linear
1392,22_epo,93.0,33.62297233382942,linear
1393,22_epo,94.0,33.57407174932869,linear
1394,22_epo,95.0,33.525171164827945,linear
1395,23_epo,3.0,38.429810303223846,linear
1396,23_epo,4.0,38.48186328378745,linear
1397,23_epo,5.0,38.53391626435105,linear
1398,23_epo,6.0,38.58596924491465,linear
1399,23_epo,7.000000000000001,38.638022225478245,linear
1400,23_epo,8.0,38.69007520604185,linear
1401,23_epo,9.0,38.74212818660545,linear
1402,23_epo,10.0,38.79418116716905,linear
1403,23_epo,11.0,38.84623414773265,linear
1404,23_epo,12.0,38.89828712829625,linear
1405,23_epo,13.0,38.950340108859855,linear
1406,23_epo,14.000000000000002,39.00239308942345,linear
1407,23_epo,15.0,39.05444606998705,linear
1408,23_epo,16.0,39.10649905055066,linear
1409,23_epo,17.0,39.158552031114255,linear
1410,23_epo,18.0,39.210605011677856,linear
1411,23_epo,19.0,39.26265799224146,linear
1412,23_epo,20.0,39.31471097280505,linear
1413,23_epo,21.0,39.366763953368654,linear
1414,23_epo,22.0,39.41881693393226,linear
1415,23_epo,23.0,39.47086991449586,linear
1416,23_epo,24.0,39.52292289505946,linear
1417,23_epo,25.0,39.57497587562306,linear
1418,23_epo,26.0,39.627028856186655,linear
1419,23_epo,27.0,39.67908183675026,linear
1420,23_epo,28.000000000000004,39.73113481731386,linear
1421,23_epo,28.999999999999996,39.78318779787746,linear
1422,23_epo,30.0,39.83524077844106,linear
1423,23_epo,31.0,39.88729375900466,linear
1424,23_epo,32.0,39.939346739568265,linear
1425,23_epo,33.0,39.99139972013186,linear
1426,23_epo,34.0,40.04345270069546,linear
1427,23_epo,35.0,40.09550568125907,linear
1428,23_epo,36.0,40.147558661822664,linear
1429,23_epo,37.0,40.199611642386266,linear
1430,23_epo,38.0,40.25166462294987,linear
1431,23_epo,39.0,40.30371760351346,linear
1432,23_epo,40.0,40.355770584077064,linear
1433,23_epo,41.0,40.40782356464067,linear
1434,23_epo,42.0,40.45987654520427,linear
1435,23_epo,43.0,40.51192952576787,linear
1436,23_epo,44.0,40.56398250633147,linear
1437,23_epo,45.0,40.616035486895065,linear
1438,23_epo,46.0,40.66808846745867,linear
1439,23_epo,47.0,40.720141448022275,linear
1440,23_epo,48.0,40.77219442858587,linear
1441,23_epo,49.0,40.82424740914947,linear
1442,23_epo,50.0,40.87630038971307,linear
1443,23_epo,51.0,40.92835337027667,linear
1444,23_epo,52.0,40.98040635084027,linear
1445,23_epo,53.0,41.03245933140387,linear
1446,23_epo,54.0,41.08451231196748,linear
1447,23_epo,55.00000000000001,41.136565292531074,linear
1448,23_epo,56.00000000000001,41.188618273094676,linear
1449,23_epo,56.99999999999999,41.24067125365828,linear
1450,23_epo,57.99999999999999,41.29272423422187,linear
1451,23_epo,59.0,41.34477721478547,linear
1452,23_epo,60.0,41.39683019534908,linear
1453,23_epo,61.0,41.44888317591268,linear
1454,23_epo,62.0,41.50093615647628,linear
1455,23_epo,63.0,41.55298913703988,linear
1456,23_epo,64.0,41.605042117603475,linear
1457,23_epo,65.0,41.657095098167076,linear
1458,23_epo,66.0,41.709148078730685,linear
1459,23_epo,67.0,41.76120105929428,linear
1460,23_epo,68.0,41.81325403985788,linear
1461,23_epo,69.0,41.86530702042148,linear
1462,23_epo,70.0,41.91736000098508,linear
1463,23_epo,71.0,41.96941298154868,linear
1464,23_epo,72.0,42.02146596211229,linear
1465,23_epo,73.0,42.07351894267589,linear
1466,23_epo,74.0,42.125571923239484,linear
1467,23_epo,75.0,42.177624903803085,linear
1468,23_epo,76.0,42.22967788436669,linear
1469,23_epo,77.0,42.28173086493028,linear
1470,23_epo,78.0,42.33378384549388,linear
1471,23_epo,79.0,42.38583682605749,linear
1472,23_epo,80.0,42.43788980662109,linear
1473,23_epo,81.0,42.48994278718469,linear
1474,23_epo,82.0,42.54199576774829,linear
1475,23_epo,83.0,42.594048748311884,linear
1476,23_epo,84.0,42.646101728875486,linear
1477,23_epo,85.0,42.698154709439095,linear
1478,23_epo,86.0,42.75020769000269,linear
1479,23_epo,87.0,42.80226067056629,linear
1480,23_epo,88.0,42.85431365112989,linear
1481,23_epo,89.0,42.90636663169349,linear
1482,23_epo,90.0,42.95841961225709,linear
1483,23_epo,91.0,43.0104725928207,linear
1484,23_epo,92.0,43.0625255733843,linear
1485,23_epo,93.0,43.114578553947894,linear
1486,23_epo,94.0,43.166631534511495,linear
1487,23_epo,95.0,43.2186845150751,linear
1488,24_epo,3.0,32.63697902927637,linear
1489,24_epo,4.0,32.71771005118303,linear
1490,24_epo,5.0,32.7984410730897,linear
1491,24_epo,6.0,32.879172094996356,linear
1492,24_epo,7.000000000000001,32.95990311690302,linear
1493,24_epo,8.0,33.040634138809686,linear
1494,24_epo,9.0,33.121365160716344,linear
1495,24_epo,10.0,33.20209618262301,linear
1496,24_epo,11.0,33.282827204529674,linear
1497,24_epo,12.0,33.36355822643634,linear
1498,24_epo,13.0,33.444289248343,linear
1499,24_epo,14.000000000000002,33.525020270249655,linear
1500,24_epo,15.0,33.60575129215632,linear
1501,24_epo,16.0,33.686482314062985,linear
1502,24_epo,17.0,33.76721333596964,linear
1503,24_epo,18.0,33.84794435787631,linear
1504,24_epo,19.0,33.92867537978297,linear
1505,24_epo,20.0,34.00940640168963,linear
1506,24_epo,21.0,34.090137423596296,linear
1507,24_epo,22.0,34.17086844550296,linear
1508,24_epo,23.0,34.251599467409626,linear
1509,24_epo,24.0,34.332330489316284,linear
1510,24_epo,25.0,34.41306151122295,linear
1511,24_epo,26.0,34.493792533129614,linear
1512,24_epo,27.0,34.57452355503627,linear
1513,24_epo,28.000000000000004,34.65525457694294,linear
1514,24_epo,28.999999999999996,34.7359855988496,linear
1515,24_epo,30.0,34.81671662075626,linear
1516,24_epo,31.0,34.89744764266292,linear
1517,24_epo,32.0,34.97817866456958,linear
1518,24_epo,33.0,35.05890968647625,linear
1519,24_epo,34.0,35.139640708382906,linear
1520,24_epo,35.0,35.22037173028957,linear
1521,24_epo,36.0,35.301102752196236,linear
1522,24_epo,37.0,35.3818337741029,linear
1523,24_epo,38.0,35.46256479600956,linear
1524,24_epo,39.0,35.543295817916224,linear
1525,24_epo,40.0,35.62402683982289,linear
1526,24_epo,41.0,35.704757861729554,linear
1527,24_epo,42.0,35.78548888363621,linear
1528,24_epo,43.0,35.86621990554288,linear
1529,24_epo,44.0,35.94695092744954,linear
1530,24_epo,45.0,36.0276819493562,linear
1531,24_epo,46.0,36.10841297126286,linear
1532,24_epo,47.0,36.18914399316952,linear
1533,24_epo,48.0,36.26987501507619,linear
1534,24_epo,49.0,36.350606036982846,linear
1535,24_epo,50.0,36.43133705888951,linear
1536,24_epo,51.0,36.512068080796176,linear
1537,24_epo,52.0,36.59279910270284,linear
1538,24_epo,53.0,36.6735301246095,linear
1539,24_epo,54.0,36.754261146516164,linear
1540,24_epo,55.00000000000001,36.83499216842283,linear
1541,24_epo,56.00000000000001,36.91572319032949,linear
1542,24_epo,56.99999999999999,36.99645421223615,linear
1543,24_epo,57.99999999999999,37.07718523414282,linear
1544,24_epo,59.0,37.157916256049475,linear
1545,24_epo,60.0,37.23864727795614,linear
1546,24_epo,61.0,37.3193782998628,linear
1547,24_epo,62.0,37.40010932176946,linear
1548,24_epo,63.0,37.48084034367612,linear
1549,24_epo,64.0,37.561571365582786,linear
1550,24_epo,65.0,37.64230238748945,linear
1551,24_epo,66.0,37.723033409396116,linear
1552,24_epo,67.0,37.803764431302774,linear
1553,24_epo,68.0,37.88449545320944,linear
1554,24_epo,69.0,37.965226475116104,linear
1555,24_epo,70.0,38.04595749702276,linear
1556,24_epo,71.0,38.12668851892943,linear
1557,24_epo,72.0,38.20741954083609,linear
1558,24_epo,73.0,38.28815056274275,linear
1559,24_epo,74.0,38.368881584649415,linear
1560,24_epo,75.0,38.44961260655608,linear
1561,24_epo,76.0,38.530343628462745,linear
1562,24_epo,77.0,38.6110746503694,linear
1563,24_epo,78.0,38.69180567227606,linear
1564,24_epo,79.0,38.772536694182726,linear
1565,24_epo,80.0,38.85326771608939,linear
1566,24_epo,81.0,38.93399873799605,linear
1567,24_epo,82.0,39.014729759902714,linear
1568,24_epo,83.0,39.09546078180938,linear
1569,24_epo,84.0,39.17619180371604,linear
1570,24_epo,85.0,39.2569228256227,linear
1571,24_epo,86.0,39.33765384752937,linear
1572,24_epo,87.0,39.41838486943603,linear
1573,24_epo,88.0,39.49911589134269,linear
1574,24_epo,89.0,39.579846913249355,linear
1575,24_epo,90.0,39.66057793515602,linear
1576,24_epo,91.0,39.741308957062685,linear
1577,24_epo,92.0,39.82203997896934,linear
1578,24_epo,93.0,39.902771000876,linear
1579,24_epo,94.0,39.983502022782666,linear
1580,24_epo,95.0,40.064233044689324,linear
1581,25_epo,3.0,38.23956599624932,linear
1582,25_epo,4.0,38.18192698293673,linear
1583,25_epo,5.0,38.124287969624135,linear
1584,25_epo,6.0,38.06664895631155,linear
1585,25_epo,7.000000000000001,38.009009942998965,linear
1586,25_epo,8.0,37.951370929686384,linear
1587,25_epo,9.0,37.89373191637379,linear
1588,25_epo,10.0,37.83609290306121,linear
1589,25_epo,11.0,37.77845388974862,linear
1590,25_epo,12.0,37.72081487643602,linear
1591,25_epo,13.0,37.66317586312344,linear
1592,25_epo,14.000000000000002,37.60553684981085,linear
1593,25_epo,15.0,37.547897836498265,linear
1594,25_epo,16.0,37.49025882318568,linear
1595,25_epo,17.0,37.432619809873096,linear
1596,25_epo,18.0,37.37498079656051,linear
1597,25_epo,19.0,37.31734178324791,linear
1598,25_epo,20.0,37.25970276993533,linear
1599,25_epo,21.0,37.20206375662274,linear
1600,25_epo,22.0,37.144424743310154,linear
1601,25_epo,23.0,37.086785729997565,linear
1602,25_epo,24.0,37.029146716684984,linear
1603,25_epo,25.0,36.97150770337239,linear
1604,25_epo,26.0,36.9138686900598,linear
1605,25_epo,27.0,36.85622967674722,linear
1606,25_epo,28.000000000000004,36.79859066343463,linear
1607,25_epo,28.999999999999996,36.74095165012204,linear
1608,25_epo,30.0,36.683312636809454,linear
1609,25_epo,31.0,36.62567362349687,linear
1610,25_epo,32.0,36.56803461018428,linear
1611,25_epo,33.0,36.51039559687169,linear
1612,25_epo,34.0,36.45275658355911,linear
1613,25_epo,35.0,36.39511757024651,linear
1614,25_epo,36.0,36.33747855693393,linear
1615,25_epo,37.0,36.27983954362134,linear
1616,25_epo,38.0,36.222200530308754,linear
1617,25_epo,39.0,36.164561516996166,linear
1618,25_epo,40.0,36.10692250368358,linear
1619,25_epo,41.0,36.049283490370996,linear
1620,25_epo,42.0,35.9916444770584,linear
1621,25_epo,43.0,35.93400546374582,linear
1622,25_epo,44.0,35.87636645043323,linear
1623,25_epo,45.0,35.81872743712064,linear
1624,25_epo,46.0,35.761088423808054,linear
1625,25_epo,47.0,35.703449410495466,linear
1626,25_epo,48.0,35.645810397182885,linear
1627,25_epo,49.0,35.58817138387029,linear
1628,25_epo,50.0,35.53053237055771,linear
1629,25_epo,51.0,35.47289335724512,linear
1630,25_epo,52.0,35.41525434393253,linear
1631,25_epo,53.0,35.35761533061994,linear
1632,25_epo,54.0,35.299976317307355,linear
1633,25_epo,55.00000000000001,35.242337303994766,linear
1634,25_epo,56.00000000000001,35.18469829068218,linear
1635,25_epo,56.99999999999999,35.1270592773696,linear
1636,25_epo,57.99999999999999,35.069420264057,linear
1637,25_epo,59.0,35.01178125074442,linear
1638,25_epo,60.0,34.95414223743183,linear
1639,25_epo,61.0,34.89650322411924,linear
1640,25_epo,62.0,34.838864210806655,linear
1641,25_epo,63.0,34.78122519749407,linear
1642,25_epo,64.0,34.723586184181485,linear
1643,25_epo,65.0,34.66594717086889,linear
1644,25_epo,66.0,34.60830815755631,linear
1645,25_epo,67.0,34.55066914424372,linear
1646,25_epo,68.0,34.493030130931125,linear
1647,25_epo,69.0,34.43539111761854,linear
1648,25_epo,70.0,34.377752104305955,linear
1649,25_epo,71.0,34.32011309099337,linear
1650,25_epo,72.0,34.26247407768078,linear
1651,25_epo,73.0,34.2048350643682,linear
1652,25_epo,74.0,34.14719605105561,linear
1653,25_epo,75.0,34.08955703774301,linear
1654,25_epo,76.0,34.03191802443043,linear
1655,25_epo,77.0,33.974279011117844,linear
1656,25_epo,78.0,33.916639997805255,linear
1657,25_epo,79.0,33.85900098449267,linear
1658,25_epo,80.0,33.801361971180086,linear
1659,25_epo,81.0,33.7437229578675,linear
1660,25_epo,82.0,33.6860839445549,linear
1661,25_epo,83.0,33.62844493124232,linear
1662,25_epo,84.0,33.57080591792973,linear
1663,25_epo,85.0,33.513166904617144,linear
1664,25_epo,86.0,33.455527891304556,linear
1665,25_epo,87.0,33.397888877991974,linear
1666,25_epo,88.0,33.34024986467938,linear
1667,25_epo,89.0,33.28261085136679,linear
1668,25_epo,90.0,33.22497183805421,linear
1669,25_epo,91.0,33.167332824741614,linear
1670,25_epo,92.0,33.10969381142903,linear
1671,25_epo,93.0,33.052054798116444,linear
1672,25_epo,94.0,32.99441578480386,linear
1673,25_epo,95.0,32.93677677149127,linear
1674,2_epo,3.0,36.256458096625806,linear
1675,2_epo,4.0,36.28452628220197,linear
1676,2_epo,5.0,36.31259446777815,linear
1677,2_epo,6.0,36.340662653354315,linear
1678,2_epo,7.000000000000001,36.368730838930496,linear
1679,2_epo,8.0,36.39679902450667,linear
1680,2_epo,9.0,36.42486721008284,linear
1681,2_epo,10.0,36.45293539565901,linear
1682,2_epo,11.0,36.48100358123519,linear
1683,2_epo,12.0,36.50907176681136,linear
1684,2_epo,13.0,36.537139952387534,linear
1685,2_epo,14.000000000000002,36.56520813796371,linear
1686,2_epo,15.0,36.59327632353988,linear
1687,2_epo,16.0,36.62134450911606,linear
1688,2_epo,17.0,36.649412694692224,linear
1689,2_epo,18.0,36.6774808802684,linear
1690,2_epo,19.0,36.70554906584458,linear
1691,2_epo,20.0,36.733617251420746,linear
1692,2_epo,21.0,36.76168543699692,linear
1693,2_epo,22.0,36.789753622573095,linear
1694,2_epo,23.0,36.81782180814927,linear
1695,2_epo,24.0,36.84588999372544,linear
1696,2_epo,25.0,36.87395817930161,linear
1697,2_epo,26.0,36.902026364877784,linear
1698,2_epo,27.0,36.93009455045396,linear
1699,2_epo,28.000000000000004,36.95816273603013,linear
1700,2_epo,28.999999999999996,36.98623092160631,linear
1701,2_epo,30.0,37.01429910718248,linear
1702,2_epo,31.0,37.04236729275865,linear
1703,2_epo,32.0,37.07043547833483,linear
1704,2_epo,33.0,37.098503663911,linear
1705,2_epo,34.0,37.12657184948717,linear
1706,2_epo,35.0,37.154640035063345,linear
1707,2_epo,36.0,37.18270822063952,linear
1708,2_epo,37.0,37.21077640621569,linear
1709,2_epo,38.0,37.23884459179187,linear
1710,2_epo,39.0,37.266912777368034,linear
1711,2_epo,40.0,37.294980962944216,linear
1712,2_epo,41.0,37.32304914852039,linear
1713,2_epo,42.0,37.35111733409656,linear
1714,2_epo,43.0,37.37918551967273,linear
1715,2_epo,44.0,37.40725370524891,linear
1716,2_epo,45.0,37.43532189082508,linear
1717,2_epo,46.0,37.463390076401254,linear
1718,2_epo,47.0,37.49145826197742,linear
1719,2_epo,48.0,37.5195264475536,linear
1720,2_epo,49.0,37.547594633129776,linear
1721,2_epo,50.0,37.57566281870594,linear
1722,2_epo,51.0,37.60373100428212,linear
1723,2_epo,52.0,37.63179918985829,linear
1724,2_epo,53.0,37.659867375434466,linear
1725,2_epo,54.0,37.68793556101064,linear
1726,2_epo,55.00000000000001,37.716003746586814,linear
1727,2_epo,56.00000000000001,37.74407193216298,linear
1728,2_epo,56.99999999999999,37.77214011773916,linear
1729,2_epo,57.99999999999999,37.80020830331533,linear
1730,2_epo,59.0,37.828276488891504,linear
1731,2_epo,60.0,37.85634467446768,linear
1732,2_epo,61.0,37.88441286004385,linear
1733,2_epo,62.0,37.91248104562003,linear
1734,2_epo,63.0,37.9405492311962,linear
1735,2_epo,64.0,37.96861741677237,linear
1736,2_epo,65.0,37.99668560234855,linear
1737,2_epo,66.0,38.02475378792472,linear
1738,2_epo,67.0,38.05282197350089,linear
1739,2_epo,68.0,38.080890159077065,linear
1740,2_epo,69.0,38.10895834465324,linear
1741,2_epo,70.0,38.13702653022941,linear
1742,2_epo,71.0,38.16509471580559,linear
1743,2_epo,72.0,38.193162901381754,linear
1744,2_epo,73.0,38.221231086957935,linear
1745,2_epo,74.0,38.24929927253411,linear
1746,2_epo,75.0,38.27736745811028,linear
1747,2_epo,76.0,38.30543564368645,linear
1748,2_epo,77.0,38.333503829262625,linear
1749,2_epo,78.0,38.3615720148388,linear
1750,2_epo,79.0,38.38964020041497,linear
1751,2_epo,80.0,38.41770838599114,linear
1752,2_epo,81.0,38.445776571567315,linear
1753,2_epo,82.0,38.473844757143496,linear
1754,2_epo,83.0,38.50191294271966,linear
1755,2_epo,84.0,38.52998112829584,linear
1756,2_epo,85.0,38.55804931387201,linear
1757,2_epo,86.0,38.586117499448186,linear
1758,2_epo,87.0,38.61418568502436,linear
1759,2_epo,88.0,38.642253870600534,linear
1760,2_epo,89.0,38.6703220561767,linear
1761,2_epo,90.0,38.69839024175288,linear
1762,2_epo,91.0,38.72645842732905,linear
1763,2_epo,92.0,38.754526612905224,linear
1764,2_epo,93.0,38.7825947984814,linear
1765,2_epo,94.0,38.81066298405757,linear
1766,2_epo,95.0,38.838731169633746,linear
1767,3_epo,3.0,41.04754366801567,linear
1768,3_epo,4.0,41.005196827630535,linear
1769,3_epo,5.0,40.96284998724539,linear
1770,3_epo,6.0,40.920503146860256,linear
1771,3_epo,7.000000000000001,40.87815630647512,linear
1772,3_epo,8.0,40.83580946608998,linear
1773,3_epo,9.0,40.79346262570485,linear
1774,3_epo,10.0,40.75111578531971,linear
1775,3_epo,11.0,40.70876894493457,linear
1776,3_epo,12.0,40.66642210454943,linear
1777,3_epo,13.0,40.6240752641643,linear
1778,3_epo,14.000000000000002,40.581728423779154,linear
1779,3_epo,15.0,40.53938158339402,linear
1780,3_epo,16.0,40.49703474300888,linear
1781,3_epo,17.0,40.454687902623746,linear
1782,3_epo,18.0,40.41234106223861,linear
1783,3_epo,19.0,40.369994221853474,linear
1784,3_epo,20.0,40.32764738146833,linear
1785,3_epo,21.0,40.285300541083195,linear
1786,3_epo,22.0,40.24295370069806,linear
1787,3_epo,23.0,40.20060686031292,linear
1788,3_epo,24.0,40.15826001992778,linear
1789,3_epo,25.0,40.115913179542645,linear
1790,3_epo,26.0,40.07356633915751,linear
1791,3_epo,27.0,40.03121949877237,linear
1792,3_epo,28.000000000000004,39.98887265838723,linear
1793,3_epo,28.999999999999996,39.946525818002094,linear
1794,3_epo,30.0,39.90417897761696,linear
1795,3_epo,31.0,39.86183213723182,linear
1796,3_epo,32.0,39.81948529684668,linear
1797,3_epo,33.0,39.77713845646154,linear
1798,3_epo,34.0,39.73479161607641,linear
1799,3_epo,35.0,39.69244477569127,linear
1800,3_epo,36.0,39.650097935306135,linear
1801,3_epo,37.0,39.60775109492099,linear
1802,3_epo,38.0,39.565404254535856,linear
1803,3_epo,39.0,39.52305741415072,linear
1804,3_epo,40.0,39.48071057376558,linear
1805,3_epo,41.0,39.43836373338044,linear
1806,3_epo,42.0,39.396016892995306,linear
1807,3_epo,43.0,39.35367005261017,linear
1808,3_epo,44.0,39.311323212225034,linear
1809,3_epo,45.0,39.2689763718399,linear
1810,3_epo,46.0,39.226629531454755,linear
1811,3_epo,47.0,39.18428269106962,linear
1812,3_epo,48.0,39.14193585068448,linear
1813,3_epo,49.0,39.09958901029934,linear
1814,3_epo,50.0,39.057242169914204,linear
1815,3_epo,51.0,39.01489532952907,linear
1816,3_epo,52.0,38.97254848914393,linear
1817,3_epo,53.0,38.930201648758796,linear
1818,3_epo,54.0,38.88785480837366,linear
1819,3_epo,55.00000000000001,38.84550796798852,linear
1820,3_epo,56.00000000000001,38.80316112760338,linear
1821,3_epo,56.99999999999999,38.760814287218246,linear
1822,3_epo,57.99999999999999,38.7184674468331,linear
1823,3_epo,59.0,38.67612060644797,linear
1824,3_epo,60.0,38.63377376606284,linear
1825,3_epo,61.0,38.591426925677695,linear
1826,3_epo,62.0,38.54908008529256,linear
1827,3_epo,63.0,38.50673324490742,linear
1828,3_epo,64.0,38.46438640452228,linear
1829,3_epo,65.0,38.422039564137144,linear
1830,3_epo,66.0,38.37969272375201,linear
1831,3_epo,67.0,38.337345883366865,linear
1832,3_epo,68.0,38.29499904298173,linear
1833,3_epo,69.0,38.2526522025966,linear
1834,3_epo,70.0,38.21030536221146,linear
1835,3_epo,71.0,38.16795852182632,linear
1836,3_epo,72.0,38.125611681441185,linear
1837,3_epo,73.0,38.08326484105604,linear
1838,3_epo,74.0,38.04091800067091,linear
1839,3_epo,75.0,37.99857116028577,linear
1840,3_epo,76.0,37.95622431990063,linear
1841,3_epo,77.0,37.9138774795155,linear
1842,3_epo,78.0,37.87153063913036,linear
1843,3_epo,79.0,37.82918379874522,linear
1844,3_epo,80.0,37.786836958360084,linear
1845,3_epo,81.0,37.74449011797494,linear
1846,3_epo,82.0,37.702143277589805,linear
1847,3_epo,83.0,37.65979643720467,linear
1848,3_epo,84.0,37.61744959681953,linear
1849,3_epo,85.0,37.57510275643439,linear
1850,3_epo,86.0,37.53275591604926,linear
1851,3_epo,87.0,37.490409075664125,linear
1852,3_epo,88.0,37.44806223527898,linear
1853,3_epo,89.0,37.405715394893846,linear
1854,3_epo,90.0,37.36336855450871,linear
1855,3_epo,91.0,37.32102171412357,linear
1856,3_epo,92.0,37.27867487373843,linear
1857,3_epo,93.0,37.23632803335329,linear
1858,3_epo,94.0,37.19398119296816,linear
1859,3_epo,95.0,37.151634352583024,linear
1860,4_epo,3.0,32.046152321112785,linear
1861,4_epo,4.0,32.130409286880905,linear
1862,4_epo,5.0,32.21466625264903,linear
1863,4_epo,6.0,32.29892321841715,linear
1864,4_epo,7.000000000000001,32.38318018418528,linear
1865,4_epo,8.0,32.4674371499534,linear
1866,4_epo,9.0,32.551694115721524,linear
1867,4_epo,10.0,32.635951081489644,linear
1868,4_epo,11.0,32.72020804725778,linear
1869,4_epo,12.0,32.8044650130259,linear
1870,4_epo,13.0,32.888721978794024,linear
1871,4_epo,14.000000000000002,32.97297894456214,linear
1872,4_epo,15.0,33.05723591033027,linear
1873,4_epo,16.0,33.14149287609839,linear
1874,4_epo,17.0,33.22574984186651,linear
1875,4_epo,18.0,33.310006807634636,linear
1876,4_epo,19.0,33.394263773402756,linear
1877,4_epo,20.0,33.47852073917088,linear
1878,4_epo,21.0,33.562777704939,linear
1879,4_epo,22.0,33.64703467070713,linear
1880,4_epo,23.0,33.73129163647525,linear
1881,4_epo,24.0,33.815548602243375,linear
1882,4_epo,25.0,33.899805568011494,linear
1883,4_epo,26.0,33.98406253377962,linear
1884,4_epo,27.0,34.06831949954774,linear
1885,4_epo,28.000000000000004,34.15257646531587,linear
1886,4_epo,28.999999999999996,34.23683343108399,linear
1887,4_epo,30.0,34.32109039685212,linear
1888,4_epo,31.0,34.40534736262024,linear
1889,4_epo,32.0,34.48960432838837,linear
1890,4_epo,33.0,34.57386129415649,linear
1891,4_epo,34.0,34.65811825992461,linear
1892,4_epo,35.0,34.74237522569273,linear
1893,4_epo,36.0,34.82663219146086,linear
1894,4_epo,37.0,34.91088915722898,linear
1895,4_epo,38.0,34.995146122997106,linear
1896,4_epo,39.0,35.079403088765226,linear
1897,4_epo,40.0,35.16366005453335,linear
1898,4_epo,41.0,35.24791702030147,linear
1899,4_epo,42.0,35.3321739860696,linear
1900,4_epo,43.0,35.41643095183772,linear
1901,4_epo,44.0,35.500687917605845,linear
1902,4_epo,45.0,35.584944883373964,linear
1903,4_epo,46.0,35.66920184914209,linear
1904,4_epo,47.0,35.75345881491021,linear
1905,4_epo,48.0,35.83771578067833,linear
1906,4_epo,49.0,35.92197274644646,linear
1907,4_epo,50.0,36.00622971221458,linear
1908,4_epo,51.0,36.0904866779827,linear
1909,4_epo,52.0,36.17474364375083,linear
1910,4_epo,53.0,36.25900060951896,linear
1911,4_epo,54.0,36.343257575287076,linear
1912,4_epo,55.00000000000001,36.4275145410552,linear
1913,4_epo,56.00000000000001,36.51177150682332,linear
1914,4_epo,56.99999999999999,36.59602847259145,linear
1915,4_epo,57.99999999999999,36.68028543835957,linear
1916,4_epo,59.0,36.764542404127695,linear
1917,4_epo,60.0,36.848799369895815,linear
1918,4_epo,61.0,36.93305633566394,linear
1919,4_epo,62.0,37.01731330143206,linear
1920,4_epo,63.0,37.10157026720019,linear
1921,4_epo,64.0,37.18582723296831,linear
1922,4_epo,65.0,37.270084198736434,linear
1923,4_epo,66.0,37.354341164504554,linear
1924,4_epo,67.0,37.43859813027268,linear
1925,4_epo,68.0,37.52285509604081,linear
1926,4_epo,69.0,37.60711206180893,linear
1927,4_epo,70.0,37.69136902757705,linear
1928,4_epo,71.0,37.77562599334518,linear
1929,4_epo,72.0,37.8598829591133,linear
1930,4_epo,73.0,37.944139924881426,linear
1931,4_epo,74.0,38.028396890649546,linear
1932,4_epo,75.0,38.11265385641767,linear
1933,4_epo,76.0,38.19691082218579,linear
1934,4_epo,77.0,38.28116778795391,linear
1935,4_epo,78.0,38.36542475372204,linear
1936,4_epo,79.0,38.44968171949016,linear
1937,4_epo,80.0,38.533938685258285,linear
1938,4_epo,81.0,38.618195651026404,linear
1939,4_epo,82.0,38.70245261679453,linear
1940,4_epo,83.0,38.78670958256265,linear
1941,4_epo,84.0,38.87096654833078,linear
1942,4_epo,85.0,38.9552235140989,linear
1943,4_epo,86.0,39.039480479867024,linear
1944,4_epo,87.0,39.12373744563514,linear
1945,4_epo,88.0,39.20799441140327,linear
1946,4_epo,89.0,39.29225137717139,linear
1947,4_epo,90.0,39.376508342939516,linear
1948,4_epo,91.0,39.46076530870764,linear
1949,4_epo,92.0,39.54502227447577,linear
1950,4_epo,93.0,39.62927924024389,linear
1951,4_epo,94.0,39.713536206012016,linear
1952,4_epo,95.0,39.797793171780135,linear
1953,5_epo,3.0,31.12844015261188,linear
1954,5_epo,4.0,31.155404999997575,linear
1955,5_epo,5.0,31.18236984738327,linear
1956,5_epo,6.0,31.209334694768966,linear
1957,5_epo,7.000000000000001,31.23629954215466,linear
1958,5_epo,8.0,31.263264389540357,linear
1959,5_epo,9.0,31.290229236926052,linear
1960,5_epo,10.0,31.317194084311744,linear
1961,5_epo,11.0,31.344158931697446,linear
1962,5_epo,12.0,31.37112377908314,linear
1963,5_epo,13.0,31.398088626468834,linear
1964,5_epo,14.000000000000002,31.425053473854526,linear
1965,5_epo,15.0,31.45201832124022,linear
1966,5_epo,16.0,31.47898316862592,linear
1967,5_epo,17.0,31.505948016011615,linear
1968,5_epo,18.0,31.532912863397307,linear
1969,5_epo,19.0,31.559877710783002,linear
1970,5_epo,20.0,31.5868425581687,linear
1971,5_epo,21.0,31.613807405554397,linear
1972,5_epo,22.0,31.64077225294009,linear
1973,5_epo,23.0,31.667737100325784,linear
1974,5_epo,24.0,31.694701947711483,linear
1975,5_epo,25.0,31.72166679509718,linear
1976,5_epo,26.0,31.74863164248287,linear
1977,5_epo,27.0,31.775596489868565,linear
1978,5_epo,28.000000000000004,31.80256133725426,linear
1979,5_epo,28.999999999999996,31.82952618463996,linear
1980,5_epo,30.0,31.856491032025655,linear
1981,5_epo,31.0,31.883455879411347,linear
1982,5_epo,32.0,31.910420726797042,linear
1983,5_epo,33.0,31.93738557418274,linear
1984,5_epo,34.0,31.964350421568437,linear
1985,5_epo,35.0,31.99131526895413,linear
1986,5_epo,36.0,32.018280116339824,linear
1987,5_epo,37.0,32.045244963725516,linear
1988,5_epo,38.0,32.072209811111215,linear
1989,5_epo,39.0,32.09917465849691,linear
1990,5_epo,40.0,32.126139505882605,linear
1991,5_epo,41.0,32.1531043532683,linear
1992,5_epo,42.0,32.180069200653996,linear
1993,5_epo,43.0,32.207034048039695,linear
1994,5_epo,44.0,32.23399889542539,linear
1995,5_epo,45.0,32.26096374281108,linear
1996,5_epo,46.0,32.28792859019678,linear
1997,5_epo,47.0,32.31489343758248,linear
1998,5_epo,48.0,32.34185828496817,linear
1999,5_epo,49.0,32.36882313235386,linear
2000,5_epo,50.0,32.39578797973956,linear
2001,5_epo,51.0,32.42275282712526,linear
2002,5_epo,52.0,32.44971767451095,linear
2003,5_epo,53.0,32.47668252189664,linear
2004,5_epo,54.0,32.50364736928234,linear
2005,5_epo,55.00000000000001,32.53061221666804,linear
2006,5_epo,56.00000000000001,32.55757706405373,linear
2007,5_epo,56.99999999999999,32.58454191143942,linear
2008,5_epo,57.99999999999999,32.61150675882512,linear
2009,5_epo,59.0,32.63847160621082,linear
2010,5_epo,60.0,32.66543645359651,linear
2011,5_epo,61.0,32.692401300982205,linear
2012,5_epo,62.0,32.719366148367904,linear
2013,5_epo,63.0,32.746330995753596,linear
2014,5_epo,64.0,32.773295843139294,linear
2015,5_epo,65.0,32.800260690524986,linear
2016,5_epo,66.0,32.827225537910685,linear
2017,5_epo,67.0,32.85419038529638,linear
2018,5_epo,68.0,32.881155232682076,linear
2019,5_epo,69.0,32.90812008006777,linear
2020,5_epo,70.0,32.93508492745347,linear
2021,5_epo,71.0,32.96204977483916,linear
2022,5_epo,72.0,32.98901462222486,linear
2023,5_epo,73.0,33.01597946961055,linear
2024,5_epo,74.0,33.04294431699625,linear
2025,5_epo,75.0,33.06990916438194,linear
2026,5_epo,76.0,33.09687401176764,linear
2027,5_epo,77.0,33.12383885915334,linear
2028,5_epo,78.0,33.15080370653903,linear
2029,5_epo,79.0,33.17776855392472,linear
2030,5_epo,80.0,33.20473340131041,linear
2031,5_epo,81.0,33.23169824869612,linear
2032,5_epo,82.0,33.25866309608181,linear
2033,5_epo,83.0,33.2856279434675,linear
2034,5_epo,84.0,33.312592790853195,linear
2035,5_epo,85.0,33.3395576382389,linear
2036,5_epo,86.0,33.36652248562459,linear
2037,5_epo,87.0,33.393487333010285,linear
2038,5_epo,88.0,33.420452180395976,linear
2039,5_epo,89.0,33.447417027781675,linear
2040,5_epo,90.0,33.474381875167374,linear
2041,5_epo,91.0,33.501346722553066,linear
2042,5_epo,92.0,33.52831156993876,linear
2043,5_epo,93.0,33.55527641732446,linear
2044,5_epo,94.0,33.582241264710156,linear
2045,5_epo,95.0,33.60920611209585,linear
2046,6_epo,3.0,32.329843510038764,linear
2047,6_epo,4.0,32.31866022250672,linear
2048,6_epo,5.0,32.30747693497467,linear
2049,6_epo,6.0,32.29629364744263,linear
2050,6_epo,7.000000000000001,32.28511035991059,linear
2051,6_epo,8.0,32.27392707237855,linear
2052,6_epo,9.0,32.262743784846506,linear
2053,6_epo,10.0,32.25156049731446,linear
2054,6_epo,11.0,32.240377209782416,linear
2055,6_epo,12.0,32.22919392225037,linear
2056,6_epo,13.0,32.218010634718325,linear
2057,6_epo,14.000000000000002,32.20682734718628,linear
2058,6_epo,15.0,32.195644059654235,linear
2059,6_epo,16.0,32.18446077212219,linear
2060,6_epo,17.0,32.173277484590145,linear
2061,6_epo,18.0,32.1620941970581,linear
2062,6_epo,19.0,32.150910909526054,linear
2063,6_epo,20.0,32.13972762199401,linear
2064,6_epo,21.0,32.128544334461964,linear
2065,6_epo,22.0,32.11736104692993,linear
2066,6_epo,23.0,32.10617775939789,linear
2067,6_epo,24.0,32.09499447186584,linear
2068,6_epo,25.0,32.0838111843338,linear
2069,6_epo,26.0,32.07262789680175,linear
2070,6_epo,27.0,32.06144460926971,linear
2071,6_epo,28.000000000000004,32.05026132173766,linear
2072,6_epo,28.999999999999996,32.039078034205616,linear
2073,6_epo,30.0,32.027894746673574,linear
2074,6_epo,31.0,32.016711459141526,linear
2075,6_epo,32.0,32.005528171609484,linear
2076,6_epo,33.0,31.99434488407744,linear
2077,6_epo,34.0,31.983161596545393,linear
2078,6_epo,35.0,31.97197830901335,linear
2079,6_epo,36.0,31.96079502148131,linear
2080,6_epo,37.0,31.949611733949265,linear
2081,6_epo,38.0,31.93842844641722,linear
2082,6_epo,39.0,31.927245158885174,linear
2083,6_epo,40.0,31.916061871353133,linear
2084,6_epo,41.0,31.904878583821088,linear
2085,6_epo,42.0,31.893695296289042,linear
2086,6_epo,43.0,31.882512008756997,linear
2087,6_epo,44.0,31.871328721224952,linear
2088,6_epo,45.0,31.860145433692907,linear
2089,6_epo,46.0,31.84896214616086,linear
2090,6_epo,47.0,31.837778858628816,linear
2091,6_epo,48.0,31.826595571096775,linear
2092,6_epo,49.0,31.81541228356473,linear
2093,6_epo,50.0,31.804228996032684,linear
2094,6_epo,51.0,31.793045708500646,linear
2095,6_epo,52.0,31.7818624209686,linear
2096,6_epo,53.0,31.770679133436555,linear
2097,6_epo,54.0,31.75949584590451,linear
2098,6_epo,55.00000000000001,31.74831255837247,linear
2099,6_epo,56.00000000000001,31.737129270840423,linear
2100,6_epo,56.99999999999999,31.725945983308378,linear
2101,6_epo,57.99999999999999,31.714762695776333,linear
2102,6_epo,59.0,31.703579408244288,linear
2103,6_epo,60.0,31.692396120712242,linear
2104,6_epo,61.0,31.681212833180197,linear
2105,6_epo,62.0,31.670029545648156,linear
2106,6_epo,63.0,31.65884625811611,linear
2107,6_epo,64.0,31.647662970584065,linear
2108,6_epo,65.0,31.636479683052027,linear
2109,6_epo,66.0,31.62529639551998,linear
2110,6_epo,67.0,31.614113107987937,linear
2111,6_epo,68.0,31.60292982045589,linear
2112,6_epo,69.0,31.59174653292385,linear
2113,6_epo,70.0,31.580563245391804,linear
2114,6_epo,71.0,31.56937995785976,linear
2115,6_epo,72.0,31.558196670327714,linear
2116,6_epo,73.0,31.54701338279567,linear
2117,6_epo,74.0,31.535830095263623,linear
2118,6_epo,75.0,31.52464680773158,linear
2119,6_epo,76.0,31.513463520199533,linear
2120,6_epo,77.0,31.50228023266749,linear
2121,6_epo,78.0,31.491096945135446,linear
2122,6_epo,79.0,31.4799136576034,linear
2123,6_epo,80.0,31.468730370071363,linear
2124,6_epo,81.0,31.457547082539318,linear
2125,6_epo,82.0,31.446363795007272,linear
2126,6_epo,83.0,31.435180507475227,linear
2127,6_epo,84.0,31.423997219943185,linear
2128,6_epo,85.0,31.41281393241114,linear
2129,6_epo,86.0,31.401630644879095,linear
2130,6_epo,87.0,31.39044735734705,linear
2131,6_epo,88.0,31.379264069815004,linear
2132,6_epo,89.0,31.36808078228296,linear
2133,6_epo,90.0,31.356897494750914,linear
2134,6_epo,91.0,31.345714207218872,linear
2135,6_epo,92.0,31.334530919686827,linear
2136,6_epo,93.0,31.323347632154782,linear
2137,6_epo,94.0,31.312164344622744,linear
2138,6_epo,95.0,31.3009810570907,linear
2139,7_epo,3.0,38.83560899879996,linear
2140,7_epo,4.0,38.8771556420103,linear
2141,7_epo,5.0,38.91870228522064,linear
2142,7_epo,6.0,38.96024892843098,linear
2143,7_epo,7.000000000000001,39.001795571641324,linear
2144,7_epo,8.0,39.04334221485166,linear
2145,7_epo,9.0,39.08488885806201,linear
2146,7_epo,10.0,39.126435501272354,linear
2147,7_epo,11.0,39.16798214448269,linear
2148,7_epo,12.0,39.20952878769304,linear
2149,7_epo,13.0,39.25107543090337,linear
2150,7_epo,14.000000000000002,39.292622074113716,linear
2151,7_epo,15.0,39.334168717324054,linear
2152,7_epo,16.0,39.3757153605344,linear
2153,7_epo,17.0,39.41726200374474,linear
2154,7_epo,18.0,39.458808646955084,linear
2155,7_epo,19.0,39.50035529016543,linear
2156,7_epo,20.0,39.54190193337577,linear
2157,7_epo,21.0,39.58344857658611,linear
2158,7_epo,22.0,39.624995219796446,linear
2159,7_epo,23.0,39.66654186300679,linear
2160,7_epo,24.0,39.70808850621713,linear
2161,7_epo,25.0,39.749635149427476,linear
2162,7_epo,26.0,39.791181792637815,linear
2163,7_epo,27.0,39.83272843584816,linear
2164,7_epo,28.000000000000004,39.874275079058506,linear
2165,7_epo,28.999999999999996,39.915821722268845,linear
2166,7_epo,30.0,39.957368365479184,linear
2167,7_epo,31.0,39.99891500868952,linear
2168,7_epo,32.0,40.04046165189987,linear
2169,7_epo,33.0,40.08200829511021,linear
2170,7_epo,34.0,40.12355493832055,linear
2171,7_epo,35.0,40.1651015815309,linear
2172,7_epo,36.0,40.20664822474124,linear
2173,7_epo,37.0,40.24819486795158,linear
2174,7_epo,38.0,40.289741511161914,linear
2175,7_epo,39.0,40.33128815437226,linear
2176,7_epo,40.0,40.3728347975826,linear
2177,7_epo,41.0,40.414381440792944,linear
2178,7_epo,42.0,40.45592808400328,linear
2179,7_epo,43.0,40.49747472721363,linear
2180,7_epo,44.0,40.539021370423974,linear
2181,7_epo,45.0,40.58056801363431,linear
2182,7_epo,46.0,40.62211465684465,linear
2183,7_epo,47.0,40.66366130005499,linear
2184,7_epo,48.0,40.705207943265336,linear
2185,7_epo,49.0,40.746754586475674,linear
2186,7_epo,50.0,40.78830122968602,linear
2187,7_epo,51.0,40.82984787289636,linear
2188,7_epo,52.0,40.871394516106704,linear
2189,7_epo,53.0,40.91294115931705,linear
2190,7_epo,54.0,40.95448780252739,linear
2191,7_epo,55.00000000000001,40.99603444573773,linear
2192,7_epo,56.00000000000001,41.037581088948066,linear
2193,7_epo,56.99999999999999,41.07912773215841,linear
2194,7_epo,57.99999999999999,41.12067437536875,linear
2195,7_epo,59.0,41.162221018579096,linear
2196,7_epo,60.0,41.203767661789435,linear
2197,7_epo,61.0,41.24531430499978,linear
2198,7_epo,62.0,41.286860948210126,linear
2199,7_epo,63.0,41.32840759142046,linear
2200,7_epo,64.0,41.369954234630804,linear
2201,7_epo,65.0,41.41150087784114,linear
2202,7_epo,66.0,41.45304752105149,linear
2203,7_epo,67.0,41.49459416426183,linear
2204,7_epo,68.0,41.53614080747217,linear
2205,7_epo,69.0,41.57768745068251,linear
2206,7_epo,70.0,41.61923409389286,linear
2207,7_epo,71.0,41.660780737103195,linear
2208,7_epo,72.0,41.702327380313534,linear
2209,7_epo,73.0,41.74387402352388,linear
2210,7_epo,74.0,41.78542066673422,linear
2211,7_epo,75.0,41.826967309944564,linear
2212,7_epo,76.0,41.8685139531549,linear
2213,7_epo,77.0,41.91006059636525,linear
2214,7_epo,78.0,41.95160723957559,linear
2215,7_epo,79.0,41.99315388278593,linear
2216,7_epo,80.0,42.03470052599627,linear
2217,7_epo,81.0,42.07624716920661,linear
2218,7_epo,82.0,42.117793812416956,linear
2219,7_epo,83.0,42.159340455627294,linear
2220,7_epo,84.0,42.20088709883764,linear
2221,7_epo,85.0,42.24243374204798,linear
2222,7_epo,86.0,42.283980385258324,linear
2223,7_epo,87.0,42.32552702846866,linear
2224,7_epo,88.0,42.367073671679,linear
2225,7_epo,89.0,42.40862031488935,linear
2226,7_epo,90.0,42.450166958099686,linear
2227,7_epo,91.0,42.49171360131003,linear
2228,7_epo,92.0,42.53326024452037,linear
2229,7_epo,93.0,42.574806887730716,linear
2230,7_epo,94.0,42.616353530941055,linear
2231,7_epo,95.0,42.6579001741514,linear
2232,8_epo,3.0,34.926180797269026,linear
2233,8_epo,4.0,34.89530233039332,linear
2234,8_epo,5.0,34.86442386351761,linear
2235,8_epo,6.0,34.83354539664191,linear
2236,8_epo,7.000000000000001,34.8026669297662,linear
2237,8_epo,8.0,34.77178846289049,linear
2238,8_epo,9.0,34.740909996014786,linear
2239,8_epo,10.0,34.71003152913907,linear
2240,8_epo,11.0,34.67915306226337,linear
2241,8_epo,12.0,34.648274595387655,linear
2242,8_epo,13.0,34.617396128511956,linear
2243,8_epo,14.000000000000002,34.58651766163624,linear
2244,8_epo,15.0,34.55563919476053,linear
2245,8_epo,16.0,34.524760727884825,linear
2246,8_epo,17.0,34.49388226100912,linear
2247,8_epo,18.0,34.463003794133414,linear
2248,8_epo,19.0,34.4321253272577,linear
2249,8_epo,20.0,34.401246860381995,linear
2250,8_epo,21.0,34.37036839350629,linear
2251,8_epo,22.0,34.33948992663058,linear
2252,8_epo,23.0,34.30861145975487,linear
2253,8_epo,24.0,34.277732992879166,linear
2254,8_epo,25.0,34.24685452600345,linear
2255,8_epo,26.0,34.21597605912775,linear
2256,8_epo,27.0,34.18509759225204,linear
2257,8_epo,28.000000000000004,34.154219125376336,linear
2258,8_epo,28.999999999999996,34.123340658500624,linear
2259,8_epo,30.0,34.09246219162491,linear
2260,8_epo,31.0,34.06158372474921,linear
2261,8_epo,32.0,34.0307052578735,linear
2262,8_epo,33.0,33.999826790997794,linear
2263,8_epo,34.0,33.96894832412209,linear
2264,8_epo,35.0,33.93806985724638,linear
2265,8_epo,36.0,33.90719139037067,linear
2266,8_epo,37.0,33.87631292349496,linear
2267,8_epo,38.0,33.84543445661926,linear
2268,8_epo,39.0,33.814555989743546,linear
2269,8_epo,40.0,33.78367752286784,linear
2270,8_epo,41.0,33.75279905599213,linear
2271,8_epo,42.0,33.72192058911642,linear
2272,8_epo,43.0,33.69104212224072,linear
2273,8_epo,44.0,33.660163655365004,linear
2274,8_epo,45.0,33.629285188489305,linear
2275,8_epo,46.0,33.59840672161359,linear
2276,8_epo,47.0,33.56752825473788,linear
2277,8_epo,48.0,33.536649787862174,linear
2278,8_epo,49.0,33.50577132098647,linear
2279,8_epo,50.0,33.47489285411076,linear
2280,8_epo,51.0,33.44401438723505,linear
2281,8_epo,52.0,33.413135920359345,linear
2282,8_epo,53.0,33.38225745348364,linear
2283,8_epo,54.0,33.351378986607926,linear
2284,8_epo,55.00000000000001,33.32050051973222,linear
2285,8_epo,56.00000000000001,33.289622052856515,linear
2286,8_epo,56.99999999999999,33.2587435859808,linear
2287,8_epo,57.99999999999999,33.2278651191051,linear
2288,8_epo,59.0,33.19698665222939,linear
2289,8_epo,60.0,33.166108185353686,linear
2290,8_epo,61.0,33.13522971847797,linear
2291,8_epo,62.0,33.10435125160227,linear
2292,8_epo,63.0,33.07347278472656,linear
2293,8_epo,64.0,33.04259431785085,linear
2294,8_epo,65.0,33.01171585097514,linear
2295,8_epo,66.0,32.98083738409943,linear
2296,8_epo,67.0,32.94995891722373,linear
2297,8_epo,68.0,32.91908045034802,linear
2298,8_epo,69.0,32.88820198347231,linear
2299,8_epo,70.0,32.85732351659661,linear
2300,8_epo,71.0,32.826445049720895,linear
2301,8_epo,72.0,32.79556658284519,linear
2302,8_epo,73.0,32.76468811596948,linear
2303,8_epo,74.0,32.73380964909377,linear
2304,8_epo,75.0,32.702931182218066,linear
2305,8_epo,76.0,32.67205271534235,linear
2306,8_epo,77.0,32.641174248466655,linear
2307,8_epo,78.0,32.61029578159094,linear
2308,8_epo,79.0,32.57941731471523,linear
2309,8_epo,80.0,32.548538847839524,linear
2310,8_epo,81.0,32.51766038096382,linear
2311,8_epo,82.0,32.48678191408811,linear
2312,8_epo,83.0,32.4559034472124,linear
2313,8_epo,84.0,32.425024980336694,linear
2314,8_epo,85.0,32.39414651346099,linear
2315,8_epo,86.0,32.363268046585276,linear
2316,8_epo,87.0,32.33238957970957,linear
2317,8_epo,88.0,32.301511112833865,linear
2318,8_epo,89.0,32.27063264595816,linear
2319,8_epo,90.0,32.239754179082446,linear
2320,8_epo,91.0,32.20887571220673,linear
2321,8_epo,92.0,32.177997245331035,linear
2322,8_epo,93.0,32.14711877845532,linear
2323,8_epo,94.0,32.11624031157962,linear
2324,8_epo,95.0,32.08536184470391,linear
2325,9_epo,3.0,37.560678134814424,linear
2326,9_epo,4.0,37.54590998870776,linear
2327,9_epo,5.0,37.53114184260111,linear
2328,9_epo,6.0,37.516373696494455,linear
2329,9_epo,7.000000000000001,37.5016055503878,linear
2330,9_epo,8.0,37.48683740428115,linear
2331,9_epo,9.0,37.472069258174486,linear
2332,9_epo,10.0,37.45730111206783,linear
2333,9_epo,11.0,37.44253296596118,linear
2334,9_epo,12.0,37.42776481985452,linear
2335,9_epo,13.0,37.41299667374787,linear
2336,9_epo,14.000000000000002,37.39822852764121,linear
2337,9_epo,15.0,37.383460381534555,linear
2338,9_epo,16.0,37.3686922354279,linear
2339,9_epo,17.0,37.35392408932124,linear
2340,9_epo,18.0,37.339155943214585,linear
2341,9_epo,19.0,37.32438779710794,linear
2342,9_epo,20.0,37.30961965100128,linear
2343,9_epo,21.0,37.29485150489462,linear
2344,9_epo,22.0,37.28008335878796,linear
2345,9_epo,23.0,37.26531521268131,linear
2346,9_epo,24.0,37.250547066574654,linear
2347,9_epo,25.0,37.235778920468,linear
2348,9_epo,26.0,37.221010774361346,linear
2349,9_epo,27.0,37.206242628254685,linear
2350,9_epo,28.000000000000004,37.19147448214803,linear
2351,9_epo,28.999999999999996,37.17670633604138,linear
2352,9_epo,30.0,37.161938189934716,linear
2353,9_epo,31.0,37.14717004382807,linear
2354,9_epo,32.0,37.13240189772141,linear
2355,9_epo,33.0,37.117633751614754,linear
2356,9_epo,34.0,37.1028656055081,linear
2357,9_epo,35.0,37.08809745940144,linear
2358,9_epo,36.0,37.073329313294785,linear
2359,9_epo,37.0,37.05856116718813,linear
2360,9_epo,38.0,37.04379302108148,linear
2361,9_epo,39.0,37.02902487497482,linear
2362,9_epo,40.0,37.01425672886816,linear
2363,9_epo,41.0,36.99948858276151,linear
2364,9_epo,42.0,36.98472043665485,linear
2365,9_epo,43.0,36.9699522905482,linear
2366,9_epo,44.0,36.955184144441546,linear
2367,9_epo,45.0,36.940415998334885,linear
2368,9_epo,46.0,36.92564785222823,linear
2369,9_epo,47.0,36.91087970612158,linear
2370,9_epo,48.0,36.896111560014916,linear
2371,9_epo,49.0,36.88134341390827,linear
2372,9_epo,50.0,36.86657526780161,linear
2373,9_epo,51.0,36.851807121694954,linear
2374,9_epo,52.0,36.8370389755883,linear
2375,9_epo,53.0,36.82227082948164,linear
2376,9_epo,54.0,36.807502683374985,linear
2377,9_epo,55.00000000000001,36.79273453726833,linear
2378,9_epo,56.00000000000001,36.77796639116168,linear
2379,9_epo,56.99999999999999,36.76319824505502,linear
2380,9_epo,57.99999999999999,36.74843009894836,linear
2381,9_epo,59.0,36.73366195284171,linear
2382,9_epo,60.0,36.718893806735046,linear
2383,9_epo,61.0,36.7041256606284,linear
2384,9_epo,62.0,36.689357514521745,linear
2385,9_epo,63.0,36.674589368415084,linear
2386,9_epo,64.0,36.65982122230843,linear
2387,9_epo,65.0,36.64505307620177,linear
2388,9_epo,66.0,36.630284930095115,linear
2389,9_epo,67.0,36.61551678398847,linear
2390,9_epo,68.0,36.60074863788181,linear
2391,9_epo,69.0,36.58598049177515,linear
2392,9_epo,70.0,36.57121234566849,linear
2393,9_epo,71.0,36.55644419956184,linear
2394,9_epo,72.0,36.541676053455184,linear
2395,9_epo,73.0,36.52690790734853,linear
2396,9_epo,74.0,36.512139761241876,linear
2397,9_epo,75.0,36.49737161513522,linear
2398,9_epo,76.0,36.48260346902856,linear
2399,9_epo,77.0,36.46783532292191,linear
2400,9_epo,78.0,36.453067176815246,linear
2401,9_epo,79.0,36.4382990307086,linear
2402,9_epo,80.0,36.423530884601945,linear
2403,9_epo,81.0,36.408762738495284,linear
2404,9_epo,82.0,36.39399459238863,linear
2405,9_epo,83.0,36.37922644628197,linear
2406,9_epo,84.0,36.364458300175315,linear
2407,9_epo,85.0,36.34969015406867,linear
2408,9_epo,86.0,36.33492200796201,linear
2409,9_epo,87.0,36.32015386185535,linear
2410,9_epo,88.0,36.30538571574869,linear
2411,9_epo,89.0,36.29061756964204,linear
2412,9_epo,90.0,36.275849423535384,linear
2413,9_epo,91.0,36.26108127742873,linear
2414,9_epo,92.0,36.246313131322076,linear
2415,9_epo,93.0,36.231544985215415,linear
2416,9_epo,94.0,36.21677683910876,linear
2417,9_epo,95.0,36.20200869300211,linear
