,participant,contrast,mpc,name
0,0_epo,3.0,0.7334661995740046,fechner
1,0_epo,4.0,0.6499955555716309,fechner
2,0_epo,5.0,0.6139112912856308,fechner
3,0_epo,6.0,0.5925648064376033,fechner
4,0_epo,7.000000000000001,0.5782123868915947,fechner
5,0_epo,8.0,0.5678233803428917,fechner
6,0_epo,9.0,0.559924991269472,fechner
7,0_epo,10.0,0.5537037792858454,fechner
8,0_epo,11.0,0.548669965266465,fechner
9,0_epo,12.0,0.5445095174669259,fechner
10,0_epo,13.0,0.5410111588705396,fechner
11,0_epo,14.000000000000002,0.5380272077347388,fechner
12,0_epo,15.0,0.5354511671402382,fechner
13,0_epo,16.0,0.533204219620473,fechner
14,0_epo,17.0,0.5312267357439496,fechner
15,0_epo,18.0,0.5294727421851535,fechner
16,0_epo,19.0,0.527906207234523,fechner
17,0_epo,20.0,0.5264984807741643,fechner
18,0_epo,21.0,0.525226489325505,fechner
19,0_epo,22.0,0.5240714377161245,fechner
20,0_epo,23.0,0.5230178584061396,fechner
21,0_epo,24.0,0.5220529042162803,fechner
22,0_epo,25.0,0.5211658145491084,fechner
23,0_epo,26.0,0.5203475072887875,fechner
24,0_epo,27.0,0.5195902630860031,fechner
25,0_epo,28.000000000000004,0.5188874784665148,fechner
26,0_epo,28.999999999999996,0.5182334708405099,fechner
27,0_epo,30.0,0.517623323092323,fechner
28,0_epo,31.0,0.5170527586683907,fechner
29,0_epo,32.0,0.5165180403910812,fechner
30,0_epo,33.0,0.5160158878943768,fechner
31,0_epo,34.0,0.5155434097965613,fechner
32,0_epo,35.0,0.5150980476256851,fechner
33,0_epo,36.0,0.5146775291856531,fechner
34,0_epo,37.0,0.5142798295570332,fechner
35,0_epo,38.0,0.5139031383114295,fechner
36,0_epo,39.0,0.5135458318130781,fechner
37,0_epo,40.0,0.5132064497090174,fechner
38,0_epo,41.0,0.5128836748863107,fechner
39,0_epo,42.0,0.5125763163135674,fechner
40,0_epo,43.0,0.5122832942934247,fechner
41,0_epo,44.0,0.5120036277394693,fechner
42,0_epo,45.0,0.5117364231603684,fechner
43,0_epo,46.0,0.5114808650895923,fechner
44,0_epo,47.0,0.5112362077439795,fechner
45,0_epo,48.0,0.5110017677307868,fechner
46,0_epo,49.0,0.5107769176525178,fechner
47,0_epo,50.0,0.5105610804830966,fechner
48,0_epo,51.0,0.5103537246089193,fechner
49,0_epo,52.0,0.5101543594447888,fechner
50,0_epo,53.0,0.5099625315484113,fechner
51,0_epo,54.0,0.5097778211684983,fechner
52,0_epo,55.00000000000001,0.509599839171022,fechner
53,0_epo,56.00000000000001,0.509428224296133,fechner
54,0_epo,56.99999999999999,0.5092626407049512,fechner
55,0_epo,57.99999999999999,0.5091027757810919,fechner
56,0_epo,59.0,0.5089483381565786,fechner
57,0_epo,60.0,0.5087990559358584,fechner
58,0_epo,61.0,0.5086546750950961,fechner
59,0_epo,62.0,0.5085149580368852,fechner
60,0_epo,63.0,0.5083796822830419,fechner
61,0_epo,64.0,0.5082486392903266,fechner
62,0_epo,65.0,0.5081216333758098,fechner
63,0_epo,66.0,0.5079984807402136,fechner
64,0_epo,67.0,0.5078790085789594,fechner
65,0_epo,68.0,0.5077630542718674,fechner
66,0_epo,69.0,0.5076504646435005,fechner
67,0_epo,70.0,0.5075410952870717,fechner
68,0_epo,71.0,0.5074348099456261,fechner
69,0_epo,72.0,0.5073314799449175,fechner
70,0_epo,73.0,0.507230983673006,fechner
71,0_epo,74.0,0.5071332061021478,fechner
72,0_epo,75.0,0.5070380383490178,fechner
73,0_epo,76.0,0.5069453772697274,fechner
74,0_epo,77.0,0.5068551250864655,fechner
75,0_epo,78.0,0.5067671890429181,fechner
76,0_epo,79.0,0.5066814810859114,fechner
77,0_epo,80.0,0.5065979175709778,fechner
78,0_epo,81.0,0.5065164189897733,fechner
79,0_epo,82.0,0.506436909717477,fechner
80,0_epo,83.0,0.5063593177784838,fechner
81,0_epo,84.0,0.5062835746288625,fechner
82,0_epo,85.0,0.5062096149541975,fechner
83,0_epo,86.0,0.5061373764815562,fechner
84,0_epo,87.0,0.5060667998044478,fechner
85,0_epo,88.0,0.5059978282197335,fechner
86,0_epo,89.0,0.5059304075755511,fechner
87,0_epo,90.0,0.5058644861293914,fechner
88,0_epo,91.0,0.5058000144155477,fechner
89,0_epo,92.0,0.5057369451212218,fechner
90,0_epo,93.0,0.5056752329706347,fechner
91,0_epo,94.0,0.5056148346165453,fechner
92,0_epo,95.0,0.5055557085386296,fechner
93,10_epo,3.0,0.5001856192142627,fechner
94,10_epo,4.0,0.5001135080190822,fechner
95,10_epo,5.0,0.5000850427287283,fechner
96,10_epo,6.0,0.5000686854552271,fechner
97,10_epo,7.000000000000001,0.500057841290018,fechner
98,10_epo,8.0,0.5000500549097155,fechner
99,10_epo,9.0,0.5000441654371321,fechner
100,10_epo,10.0,0.5000395426172872,fechner
101,10_epo,11.0,0.5000358113298006,fechner
102,10_epo,12.0,0.500032733022488,fechner
103,10_epo,13.0,0.5000301481670375,fechner
104,10_epo,14.000000000000002,0.5000279457644818,fechner
105,10_epo,15.0,0.5000260460561827,fechner
106,10_epo,16.0,0.5000243901806765,fechner
107,10_epo,17.0,0.5000229337082053,fechner
108,10_epo,18.0,0.500021642448436,fechner
109,10_epo,19.0,0.5000204896463677,fechner
110,10_epo,20.0,0.5000194540559627,fechner
111,10_epo,21.0,0.5000185185856264,fechner
112,10_epo,22.0,0.5000176693261122,fechner
113,10_epo,23.0,0.5000168948401291,fechner
114,10_epo,24.0,0.5000161856347259,fechner
115,10_epo,25.0,0.5000155337636881,fechner
116,10_epo,26.0,0.5000149325239409,fechner
117,10_epo,27.0,0.5000143762209479,fechner
118,10_epo,28.000000000000004,0.5000138599854348,fechner
119,10_epo,28.999999999999996,0.5000133796287688,fechner
120,10_epo,30.0,0.5000129315277877,fechner
121,10_epo,31.0,0.5000125125322947,fechner
122,10_epo,32.0,0.500012119890173,fechner
123,10_epo,33.0,0.5000117511863166,fechner
124,10_epo,34.0,0.5000114042924878,fechner
125,10_epo,35.0,0.5000110773258842,fechner
126,10_epo,36.0,0.500010768614694,fechner
127,10_epo,37.0,0.5000104766693042,fechner
128,10_epo,38.0,0.5000102001581035,fechner
129,10_epo,39.0,0.5000099378870467,fechner
130,10_epo,40.0,0.5000096887823158,fechner
131,10_epo,41.0,0.5000094518755407,fechner
132,10_epo,42.0,0.5000092262911515,fechner
133,10_epo,43.0,0.5000090112355101,fechner
134,10_epo,44.0,0.5000088059875353,fechner
135,10_epo,45.0,0.5000086098905885,fechner
136,10_epo,46.0,0.5000084223454251,fechner
137,10_epo,47.0,0.5000082428040519,fechner
138,10_epo,48.0,0.500008070764358,fechner
139,10_epo,49.0,0.5000079057654074,fechner
140,10_epo,50.0,0.5000077473832993,fechner
141,10_epo,51.0,0.5000075952275189,fechner
142,10_epo,52.0,0.5000074489377119,fechner
143,10_epo,53.0,0.5000073081808255,fechner
144,10_epo,54.0,0.5000071726485692,fechner
145,10_epo,55.00000000000001,0.5000070420551542,fechner
146,10_epo,56.00000000000001,0.5000069161352756,fechner
147,10_epo,56.99999999999999,0.500006794642308,fechner
148,10_epo,57.99999999999999,0.50000667734669,fechner
149,10_epo,59.0,0.5000065640344713,fechner
150,10_epo,60.0,0.5000064545060082,fechner
151,10_epo,61.0,0.5000063485747862,fechner
152,10_epo,62.0,0.5000062460663579,fechner
153,10_epo,63.0,0.5000061468173818,fechner
154,10_epo,64.0,0.500006050674752,fechner
155,10_epo,65.0,0.5000059574948089,fechner
156,10_epo,66.0,0.5000058671426209,fechner
157,10_epo,67.0,0.500005779491331,fechner
158,10_epo,68.0,0.5000056944215622,fechner
159,10_epo,69.0,0.5000056118208732,fechner
160,10_epo,70.0,0.5000055315832621,fechner
161,10_epo,71.0,0.5000054536087117,fechner
162,10_epo,72.0,0.5000053778027728,fechner
163,10_epo,73.0,0.5000053040761817,fechner
164,10_epo,74.0,0.5000052323445097,fechner
165,10_epo,75.0,0.500005162527839,fechner
166,10_epo,76.0,0.5000050945504662,fechner
167,10_epo,77.0,0.5000050283406273,fechner
168,10_epo,78.0,0.5000049638302453,fechner
169,10_epo,79.0,0.500004900954696,fechner
170,10_epo,80.0,0.5000048396525915,fechner
171,10_epo,81.0,0.5000047798655807,fechner
172,10_epo,82.0,0.5000047215381632,fechner
173,10_epo,83.0,0.5000046646175177,fechner
174,10_epo,84.0,0.5000046090533419,fechner
175,10_epo,85.0,0.5000045547977039,fechner
176,10_epo,86.0,0.5000045018049046,fechner
177,10_epo,87.0,0.5000044500313493,fechner
178,10_epo,88.0,0.5000043994354272,fechner
179,10_epo,89.0,0.5000043499774001,fechner
180,10_epo,90.0,0.5000043016192987,fechner
181,10_epo,91.0,0.5000042543248244,fechner
182,10_epo,92.0,0.500004208059259,fechner
183,10_epo,93.0,0.5000041627893795,fechner
184,10_epo,94.0,0.500004118483378,fechner
185,10_epo,95.0,0.5000040751107877,fechner
186,11_epo,3.0,0.5000000033006166,fechner
187,11_epo,4.0,0.5000000020183603,fechner
188,11_epo,5.0,0.5000000015122003,fechner
189,11_epo,6.0,0.5000000012213409,fechner
190,11_epo,7.000000000000001,0.5000000010285137,fechner
191,11_epo,8.0,0.500000000890059,fechner
192,11_epo,9.0,0.5000000007853345,fechner
193,11_epo,10.0,0.5000000007031331,fechner
194,11_epo,11.0,0.5000000006367846,fechner
195,11_epo,12.0,0.5000000005820473,fechner
196,11_epo,13.0,0.5000000005360843,fechner
197,11_epo,14.000000000000002,0.500000000496922,fechner
198,11_epo,15.0,0.500000000463142,fechner
199,11_epo,16.0,0.5000000004336977,fechner
200,11_epo,17.0,0.5000000004077992,fechner
201,11_epo,18.0,0.5000000003848385,fechner
202,11_epo,19.0,0.5000000003643398,fechner
203,11_epo,20.0,0.5000000003459253,fechner
204,11_epo,21.0,0.500000000329291,fechner
205,11_epo,22.0,0.5000000003141898,fechner
206,11_epo,23.0,0.5000000003004182,fechner
207,11_epo,24.0,0.5000000002878073,fechner
208,11_epo,25.0,0.500000000276216,fechner
209,11_epo,26.0,0.5000000002655249,fechner
210,11_epo,27.0,0.500000000255633,fechner
211,11_epo,28.000000000000004,0.5000000002464534,fechner
212,11_epo,28.999999999999996,0.5000000002379119,fechner
213,11_epo,30.0,0.500000000229944,fechner
214,11_epo,31.0,0.5000000002224935,fechner
215,11_epo,32.0,0.5000000002155117,fechner
216,11_epo,33.0,0.5000000002089555,fechner
217,11_epo,34.0,0.5000000002027872,fechner
218,11_epo,35.0,0.5000000001969732,fechner
219,11_epo,36.0,0.5000000001914838,fechner
220,11_epo,37.0,0.5000000001862925,fechner
221,11_epo,38.0,0.5000000001813757,fechner
222,11_epo,39.0,0.5000000001767121,fechner
223,11_epo,40.0,0.5000000001722826,fechner
224,11_epo,41.0,0.50000000016807,fechner
225,11_epo,42.0,0.5000000001640588,fechner
226,11_epo,43.0,0.5000000001602347,fechner
227,11_epo,44.0,0.5000000001565851,fechner
228,11_epo,45.0,0.5000000001530981,fechner
229,11_epo,46.0,0.5000000001497632,fechner
230,11_epo,47.0,0.5000000001465706,fechner
231,11_epo,48.0,0.5000000001435115,fechner
232,11_epo,49.0,0.5000000001405775,fechner
233,11_epo,50.0,0.5000000001377612,fechner
234,11_epo,51.0,0.5000000001350557,fechner
235,11_epo,52.0,0.5000000001324545,fechner
236,11_epo,53.0,0.5000000001299515,fechner
237,11_epo,54.0,0.5000000001275415,fechner
238,11_epo,55.00000000000001,0.5000000001252194,fechner
239,11_epo,56.00000000000001,0.5000000001229803,fechner
240,11_epo,56.99999999999999,0.50000000012082,fechner
241,11_epo,57.99999999999999,0.5000000001187342,fechner
242,11_epo,59.0,0.5000000001167194,fechner
243,11_epo,60.0,0.5000000001147717,fechner
244,11_epo,61.0,0.5000000001128881,fechner
245,11_epo,62.0,0.5000000001110654,fechner
246,11_epo,63.0,0.5000000001093006,fechner
247,11_epo,64.0,0.500000000107591,fechner
248,11_epo,65.0,0.5000000001059342,fechner
249,11_epo,66.0,0.5000000001043275,fechner
250,11_epo,67.0,0.5000000001027689,fechner
251,11_epo,68.0,0.5000000001012562,fechner
252,11_epo,69.0,0.5000000000997875,fechner
253,11_epo,70.0,0.5000000000983607,fechner
254,11_epo,71.0,0.5000000000969742,fechner
255,11_epo,72.0,0.5000000000956263,fechner
256,11_epo,73.0,0.5000000000943152,fechner
257,11_epo,74.0,0.5000000000930398,fechner
258,11_epo,75.0,0.5000000000917983,fechner
259,11_epo,76.0,0.5000000000905895,fechner
260,11_epo,77.0,0.5000000000894123,fechner
261,11_epo,78.0,0.5000000000882652,fechner
262,11_epo,79.0,0.5000000000871471,fechner
263,11_epo,80.0,0.500000000086057,fechner
264,11_epo,81.0,0.5000000000849939,fechner
265,11_epo,82.0,0.5000000000839567,fechner
266,11_epo,83.0,0.5000000000829447,fechner
267,11_epo,84.0,0.5000000000819566,fechner
268,11_epo,85.0,0.5000000000809919,fechner
269,11_epo,86.0,0.5000000000800495,fechner
270,11_epo,87.0,0.5000000000791289,fechner
271,11_epo,88.0,0.5000000000782292,fechner
272,11_epo,89.0,0.5000000000773498,fechner
273,11_epo,90.0,0.5000000000764899,fechner
274,11_epo,91.0,0.5000000000756489,fechner
275,11_epo,92.0,0.5000000000748263,fechner
276,11_epo,93.0,0.5000000000740213,fechner
277,11_epo,94.0,0.5000000000732334,fechner
278,11_epo,95.0,0.5000000000724623,fechner
279,12_epo,3.0,0.9999997163151483,fechner
280,12_epo,4.0,0.9999008482263433,fechner
281,12_epo,5.0,0.9990001444838412,fechner
282,12_epo,6.0,0.99623566931035,fechner
283,12_epo,7.000000000000001,0.990966002126673,fechner
284,12_epo,8.0,0.9831315882445495,fechner
285,12_epo,9.0,0.9730637342343728,fechner
286,12_epo,10.0,0.9612656999347946,fechner
287,12_epo,11.0,0.9482641462599695,fechner
288,12_epo,12.0,0.9345312264825764,fechner
289,12_epo,13.0,0.9204544741335258,fechner
290,12_epo,14.000000000000002,0.9063334301350348,fechner
291,12_epo,15.0,0.8923888462800081,fechner
292,12_epo,16.0,0.8787762956500906,fechner
293,12_epo,17.0,0.865600023246539,fechner
294,12_epo,18.0,0.8529252156611562,fechner
295,12_epo,19.0,0.8407881161454175,fechner
296,12_epo,20.0,0.8292040103498389,fechner
297,12_epo,21.0,0.8181733535527665,fechner
298,12_epo,22.0,0.8076863773928687,fechner
299,12_epo,23.0,0.7977264996972239,fechner
300,12_epo,24.0,0.7882728152606803,fechner
301,12_epo,25.0,0.7793018927962325,fechner
302,12_epo,26.0,0.7707890544339934,fechner
303,12_epo,27.0,0.7627092728913578,fechner
304,12_epo,28.000000000000004,0.7550377883226703,fechner
305,12_epo,28.999999999999996,0.7477505210803368,fechner
306,12_epo,30.0,0.7408243369440274,fechner
307,12_epo,31.0,0.7342372065492494,fechner
308,12_epo,32.0,0.7279682896725916,fechner
309,12_epo,33.0,0.7219979668082519,fechner
310,12_epo,34.0,0.7163078343902578,fechner
311,12_epo,35.0,0.7108806755321773,fechner
312,12_epo,36.0,0.7057004148588537,fechner
313,12_epo,37.0,0.7007520635839817,fechner
314,12_epo,38.0,0.6960216592134417,fechner
315,12_epo,39.0,0.6914962029570808,fechner
316,12_epo,40.0,0.6871635969853402,fechner
317,12_epo,41.0,0.6830125829791004,fechner
318,12_epo,42.0,0.679032682922953,fechner
319,12_epo,43.0,0.675214142733526,fechner
320,12_epo,44.0,0.6715478790583347,fechner
321,12_epo,45.0,0.6680254293995828,fechner
322,12_epo,46.0,0.6646389055912308,fechner
323,12_epo,47.0,0.6613809505716186,fechner
324,12_epo,48.0,0.6582446983370098,fechner
325,12_epo,49.0,0.6552237369255502,fechner
326,12_epo,50.0,0.6523120742603349,fechner
327,12_epo,51.0,0.6495041066701992,fechner
328,12_epo,52.0,0.646794589904255,fechner
329,12_epo,53.0,0.6441786124587526,fechner
330,12_epo,54.0,0.6416515710408276,fechner
331,12_epo,55.00000000000001,0.639209148001856,fechner
332,12_epo,56.00000000000001,0.6368472905825976,fechner
333,12_epo,56.99999999999999,0.6345621918223993,fechner
334,12_epo,57.99999999999999,0.6323502729950429,fechner
335,12_epo,59.0,0.6302081674440071,fechner
336,12_epo,60.0,0.6281327056997873,fechner
337,12_epo,61.0,0.6261209017713449,fechner
338,12_epo,62.0,0.6241699405126517,fechner
339,12_epo,63.0,0.6222771659736135,fechner
340,12_epo,64.0,0.6204400706523966,fechner
341,12_epo,65.0,0.6186562855733373,fechner
342,12_epo,66.0,0.6169235711211918,fechner
343,12_epo,67.0,0.615239808568553,fechner
344,12_epo,68.0,0.61360299223878,fechner
345,12_epo,69.0,0.612011222251865,fechner
346,12_epo,70.0,0.6104626978052737,fechner
347,12_epo,71.0,0.6089557109460091,fechner
348,12_epo,72.0,0.6074886407939836,fechner
349,12_epo,73.0,0.6060599481802735,fechner
350,12_epo,74.0,0.6046681706670001,fechner
351,12_epo,75.0,0.6033119179184737,fechner
352,12_epo,76.0,0.6019898673958541,fechner
353,12_epo,77.0,0.6007007603499704,fechner
354,12_epo,78.0,0.5994433980891082,fechner
355,12_epo,79.0,0.5982166385005464,fechner
356,12_epo,80.0,0.5970193928064192,fechner
357,12_epo,81.0,0.5958506225361043,fechner
358,12_epo,82.0,0.5947093366988373,fechner
359,12_epo,83.0,0.5935945891415847,fechner
360,12_epo,84.0,0.5925054760784558,fechner
361,12_epo,85.0,0.5914411337790503,fechner
362,12_epo,86.0,0.5904007364041561,fechner
363,12_epo,87.0,0.5893834939781535,fechner
364,12_epo,88.0,0.5883886504883287,fechner
365,12_epo,89.0,0.5874154821020809,fechner
366,12_epo,90.0,0.5864632954937121,fechner
367,12_epo,91.0,0.5855314262731455,fechner
368,12_epo,92.0,0.5846192375095077,fechner
369,12_epo,93.0,0.5837261183430602,fechner
370,12_epo,94.0,0.582851482679453,fechner
371,12_epo,95.0,0.5819947679607445,fechner
372,13_epo,3.0,0.5000006476143632,fechner
373,13_epo,4.0,0.5000003960226945,fechner
374,13_epo,5.0,0.5000002967089956,fechner
375,13_epo,6.0,0.5000002396394456,fechner
376,13_epo,7.000000000000001,0.5000002018048013,fechner
377,13_epo,8.0,0.5000001746385859,fechner
378,13_epo,9.0,0.5000001540905683,fechner
379,13_epo,10.0,0.5000001379618263,fechner
380,13_epo,11.0,0.5000001249435874,fechner
381,13_epo,12.0,0.5000001142035573,fechner
382,13_epo,13.0,0.5000001051851513,fechner
383,13_epo,14.000000000000002,0.5000000975011004,fechner
384,13_epo,15.0,0.5000000908731319,fechner
385,13_epo,16.0,0.5000000850958812,fechner
386,13_epo,17.0,0.5000000800143359,fechner
387,13_epo,18.0,0.5000000755092079,fechner
388,13_epo,19.0,0.5000000714871504,fechner
389,13_epo,20.0,0.5000000678740374,fechner
390,13_epo,21.0,0.5000000646102374,fechner
391,13_epo,22.0,0.5000000616472217,fechner
392,13_epo,23.0,0.5000000589450865,fechner
393,13_epo,24.0,0.5000000564707112,fechner
394,13_epo,25.0,0.5000000541963722,fechner
395,13_epo,26.0,0.5000000520986827,fechner
396,13_epo,27.0,0.5000000501577748,fechner
397,13_epo,28.000000000000004,0.50000004835666,fechner
398,13_epo,28.999999999999996,0.5000000466807243,fechner
399,13_epo,30.0,0.5000000451173269,fechner
400,13_epo,31.0,0.5000000436554766,fechner
401,13_epo,32.0,0.5000000422855717,fechner
402,13_epo,33.0,0.500000040999186,fechner
403,13_epo,34.0,0.5000000397888943,fechner
404,13_epo,35.0,0.5000000386481273,fechner
405,13_epo,36.0,0.5000000375710524,fechner
406,13_epo,37.0,0.5000000365524724,fechner
407,13_epo,38.0,0.5000000355877414,fechner
408,13_epo,39.0,0.5000000346726934,fechner
409,13_epo,40.0,0.5000000338035819,fechner
410,13_epo,41.0,0.5000000329770283,fechner
411,13_epo,42.0,0.5000000321899779,fechner
412,13_epo,43.0,0.5000000314396615,fechner
413,13_epo,44.0,0.5000000307235637,fechner
414,13_epo,45.0,0.5000000300393932,fechner
415,13_epo,46.0,0.5000000293850594,fechner
416,13_epo,47.0,0.5000000287586502,fechner
417,13_epo,48.0,0.5000000281584139,fechner
418,13_epo,49.0,0.5000000275827425,fechner
419,13_epo,50.0,0.5000000270301568,fechner
420,13_epo,51.0,0.5000000264992944,fechner
421,13_epo,52.0,0.500000025988898,fechner
422,13_epo,53.0,0.5000000254978056,fechner
423,13_epo,54.0,0.5000000250249417,fechner
424,13_epo,55.00000000000001,0.5000000245693091,fechner
425,13_epo,56.00000000000001,0.5000000241299821,fechner
426,13_epo,56.99999999999999,0.5000000237061005,fechner
427,13_epo,57.99999999999999,0.5000000232968631,fechner
428,13_epo,59.0,0.5000000229015236,fechner
429,13_epo,60.0,0.5000000225193854,fechner
430,13_epo,61.0,0.5000000221497977,fechner
431,13_epo,62.0,0.5000000217921519,fechner
432,13_epo,63.0,0.5000000214458781,fechner
433,13_epo,64.0,0.5000000211104423,fechner
434,13_epo,65.0,0.500000020785343,fechner
435,13_epo,66.0,0.5000000204701096,fechner
436,13_epo,67.0,0.5000000201642995,fechner
437,13_epo,68.0,0.5000000198674962,fechner
438,13_epo,69.0,0.5000000195793073,fechner
439,13_epo,70.0,0.5000000192993631,fechner
440,13_epo,71.0,0.5000000190273146,fechner
441,13_epo,72.0,0.5000000187628321,fechner
442,13_epo,73.0,0.5000000185056045,fechner
443,13_epo,74.0,0.500000018255337,fechner
444,13_epo,75.0,0.5000000180117508,fechner
445,13_epo,76.0,0.5000000177745818,fechner
446,13_epo,77.0,0.5000000175435797,fechner
447,13_epo,78.0,0.5000000173185067,fechner
448,13_epo,79.0,0.5000000170991377,fechner
449,13_epo,80.0,0.5000000168852583,fechner
450,13_epo,81.0,0.500000016676665,fechner
451,13_epo,82.0,0.5000000164731642,fechner
452,13_epo,83.0,0.5000000162745715,fechner
453,13_epo,84.0,0.5000000160807114,fechner
454,13_epo,85.0,0.5000000158914167,fechner
455,13_epo,86.0,0.500000015706528,fechner
456,13_epo,87.0,0.5000000155258931,fechner
457,13_epo,88.0,0.500000015349367,fechner
458,13_epo,89.0,0.5000000151768109,fechner
459,13_epo,90.0,0.5000000150080924,fechner
460,13_epo,91.0,0.5000000148430848,fechner
461,13_epo,92.0,0.500000014681667,fechner
462,13_epo,93.0,0.5000000145237231,fechner
463,13_epo,94.0,0.5000000143691421,fechner
464,13_epo,95.0,0.5000000142178178,fechner
465,14_epo,3.0,0.5000010379568598,fechner
466,14_epo,4.0,0.5000006347210558,fechner
467,14_epo,5.0,0.5000004755471076,fechner
468,14_epo,6.0,0.5000003840795085,fechner
469,14_epo,7.000000000000001,0.5000003234404451,fechner
470,14_epo,8.0,0.5000002799000896,fechner
471,14_epo,9.0,0.5000002469669783,fechner
472,14_epo,10.0,0.5000002211168129,fechner
473,14_epo,11.0,0.5000002002519724,fechner
474,14_epo,12.0,0.5000001830385064,fechner
475,14_epo,13.0,0.5000001685843544,fechner
476,14_epo,14.000000000000002,0.5000001562688258,fechner
477,14_epo,15.0,0.5000001456459213,fechner
478,14_epo,16.0,0.5000001363864959,fechner
479,14_epo,17.0,0.5000001282421045,fechner
480,14_epo,18.0,0.5000001210215596,fechner
481,14_epo,19.0,0.5000001145752508,fechner
482,14_epo,20.0,0.5000001087843734,fechner
483,14_epo,21.0,0.5000001035533534,fechner
484,14_epo,22.0,0.5000000988044125,fechner
485,14_epo,23.0,0.5000000944735946,fechner
486,14_epo,24.0,0.5000000905078168,fechner
487,14_epo,25.0,0.5000000868626446,fechner
488,14_epo,26.0,0.5000000835005957,fechner
489,14_epo,27.0,0.5000000803898267,fechner
490,14_epo,28.000000000000004,0.5000000775031096,fechner
491,14_epo,28.999999999999996,0.5000000748170219,fechner
492,14_epo,30.0,0.5000000723113036,fechner
493,14_epo,31.0,0.5000000699683391,fechner
494,14_epo,32.0,0.5000000677727391,fechner
495,14_epo,33.0,0.5000000657109984,fechner
496,14_epo,34.0,0.5000000637712164,fechner
497,14_epo,35.0,0.5000000619428646,fechner
498,14_epo,36.0,0.5000000602165946,fechner
499,14_epo,37.0,0.5000000585840767,fechner
500,14_epo,38.0,0.5000000570378645,fechner
501,14_epo,39.0,0.5000000555712812,fechner
502,14_epo,40.0,0.5000000541783223,fechner
503,14_epo,41.0,0.5000000528535725,fechner
504,14_epo,42.0,0.500000051592136,fechner
505,14_epo,43.0,0.5000000503895748,fechner
506,14_epo,44.0,0.5000000492418567,fechner
507,14_epo,45.0,0.5000000481453098,fechner
508,14_epo,46.0,0.5000000470965834,fechner
509,14_epo,47.0,0.5000000460926131,fechner
510,14_epo,48.0,0.500000045130591,fechner
511,14_epo,49.0,0.5000000442079399,fechner
512,14_epo,50.0,0.5000000433222892,fechner
513,14_epo,51.0,0.5000000424714551,fechner
514,14_epo,52.0,0.5000000416534229,fechner
515,14_epo,53.0,0.5000000408663301,fechner
516,14_epo,54.0,0.5000000401084526,fechner
517,14_epo,55.00000000000001,0.5000000393781924,fechner
518,14_epo,56.00000000000001,0.5000000386740658,fechner
519,14_epo,56.99999999999999,0.5000000379946942,fechner
520,14_epo,57.99999999999999,0.5000000373387934,fechner
521,14_epo,59.0,0.5000000367051672,fechner
522,14_epo,60.0,0.5000000360926993,fechner
523,14_epo,61.0,0.5000000355003467,fechner
524,14_epo,62.0,0.5000000349271337,fechner
525,14_epo,63.0,0.5000000343721472,fechner
526,14_epo,64.0,0.5000000338345312,fechner
527,14_epo,65.0,0.5000000333134819,fechner
528,14_epo,66.0,0.5000000328082449,fechner
529,14_epo,67.0,0.5000000323181112,fechner
530,14_epo,68.0,0.5000000318424128,fechner
531,14_epo,69.0,0.5000000313805213,fechner
532,14_epo,70.0,0.5000000309318438,fechner
533,14_epo,71.0,0.5000000304958209,fechner
534,14_epo,72.0,0.5000000300719246,fechner
535,14_epo,73.0,0.5000000296596558,fechner
536,14_epo,74.0,0.5000000292585423,fechner
537,14_epo,75.0,0.5000000288681372,fechner
538,14_epo,76.0,0.5000000284880172,fechner
539,14_epo,77.0,0.500000028117781,fechner
540,14_epo,78.0,0.5000000277570479,fechner
541,14_epo,79.0,0.5000000274054566,fechner
542,14_epo,80.0,0.5000000270626637,fechner
543,14_epo,81.0,0.5000000267283431,fechner
544,14_epo,82.0,0.5000000264021843,fechner
545,14_epo,83.0,0.5000000260838919,fechner
546,14_epo,84.0,0.5000000257731848,fechner
547,14_epo,85.0,0.5000000254697948,fechner
548,14_epo,86.0,0.5000000251734664,fechner
549,14_epo,87.0,0.500000024883956,fechner
550,14_epo,88.0,0.5000000246010307,fechner
551,14_epo,89.0,0.5000000243244682,fechner
552,14_epo,90.0,0.5000000240540564,fechner
553,14_epo,91.0,0.5000000237895923,fechner
554,14_epo,92.0,0.5000000235308817,fechner
555,14_epo,93.0,0.5000000232777388,fechner
556,14_epo,94.0,0.5000000230299859,fechner
557,14_epo,95.0,0.5000000227874524,fechner
558,15_epo,3.0,0.8799232928057655,fechner
559,15_epo,4.0,0.771702058457846,fechner
560,15_epo,5.0,0.7135141120394675,fechner
561,15_epo,6.0,0.6763391695680627,fechner
562,15_epo,7.000000000000001,0.6503641086457809,fechner
563,15_epo,8.0,0.6311356377270284,fechner
564,15_epo,9.0,0.6163058152328214,fechner
565,15_epo,10.0,0.6045103927984473,fechner
566,15_epo,11.0,0.594899534617812,fechner
567,15_epo,12.0,0.5869151022874627,fechner
568,15_epo,13.0,0.5801748990445555,fechner
569,15_epo,14.000000000000002,0.5744081737724728,fechner
570,15_epo,15.0,0.5694176422923222,fechner
571,15_epo,16.0,0.5650560886559967,fechner
572,15_epo,17.0,0.5612113939611353,fechner
573,15_epo,18.0,0.5577966447718582,fechner
574,15_epo,19.0,0.5547434143924902,fechner
575,15_epo,20.0,0.5519970879554035,fechner
576,15_epo,21.0,0.5495135399118264,fechner
577,15_epo,22.0,0.5472567278675575,fechner
578,15_epo,23.0,0.5451969205126613,fechner
579,15_epo,24.0,0.543309372676757,fechner
580,15_epo,25.0,0.5415733210651229,fechner
581,15_epo,26.0,0.5399712135492751,fechner
582,15_epo,27.0,0.5384881109520022,fechner
583,15_epo,28.000000000000004,0.5371112178688866,fechner
584,15_epo,28.999999999999996,0.5358295111560479,fechner
585,15_epo,30.0,0.5346334431434961,fechner
586,15_epo,31.0,0.5335147025959138,fechner
587,15_epo,32.0,0.5324660207155008,fechner
588,15_epo,33.0,0.5314810125807604,fechner
589,15_epo,34.0,0.5305540466885604,fechner
590,15_epo,35.0,0.5296801369519946,fechner
591,15_epo,36.0,0.5288548527680424,fechner
592,15_epo,37.0,0.5280742437219358,fechner
593,15_epo,38.0,0.5273347762212159,fechner
594,15_epo,39.0,0.5266332799101507,fechner
595,15_epo,40.0,0.5259669021468097,fechner
596,15_epo,41.0,0.5253330691615637,fechner
597,15_epo,42.0,0.5247294527798357,fechner
598,15_epo,43.0,0.5241539418005089,fechner
599,15_epo,44.0,0.5236046172871464,fechner
600,15_epo,45.0,0.5230797311616647,fechner
601,15_epo,46.0,0.5225776875965695,fechner
602,15_epo,47.0,0.5220970267878846,fechner
603,15_epo,48.0,0.521636410760742,fechner
604,15_epo,49.0,0.521194610916574,fechner
605,15_epo,50.0,0.5207704970775375,fechner
606,15_epo,51.0,0.5203630278222248,fechner
607,15_epo,52.0,0.5199712419384762,fechner
608,15_epo,53.0,0.5195942508454598,fechner
609,15_epo,54.0,0.5192312318591324,fechner
610,15_epo,55.00000000000001,0.5188814221935452,fechner
611,15_epo,56.00000000000001,0.5185441136058515,fechner
612,15_epo,56.99999999999999,0.5182186476058307,fechner
613,15_epo,57.99999999999999,0.5179044111616826,fechner
614,15_epo,59.0,0.5176008328431237,fechner
615,15_epo,60.0,0.5173073793506846,fechner
616,15_epo,61.0,0.5170235523868258,fechner
617,15_epo,62.0,0.5167488858302264,fechner
618,15_epo,63.0,0.5164829431795098,fechner
619,15_epo,64.0,0.5162253152368997,fechner
620,15_epo,65.0,0.515975618005933,fechner
621,15_epo,66.0,0.5157334907804979,fechner
622,15_epo,67.0,0.5154985944051853,fechner
623,15_epo,68.0,0.5152706096892948,fechner
624,15_epo,69.0,0.5150492359588913,fechner
625,15_epo,70.0,0.5148341897330911,fechner
626,15_epo,71.0,0.5146252035123166,fechner
627,15_epo,72.0,0.5144220246676204,fechner
628,15_epo,73.0,0.5142244144213816,fechner
629,15_epo,74.0,0.5140321469107164,fechner
630,15_epo,75.0,0.5138450083258819,fechner
631,15_epo,76.0,0.5136627961167538,fechner
632,15_epo,77.0,0.513485318261188,fechner
633,15_epo,78.0,0.5133123925897045,fechner
634,15_epo,79.0,0.5131438461615001,fechner
635,15_epo,80.0,0.5129795146872955,fechner
636,15_epo,81.0,0.5128192419949634,fechner
637,15_epo,82.0,0.5126628795342865,fechner
638,15_epo,83.0,0.5125102859175382,fechner
639,15_epo,84.0,0.5123613264929034,fechner
640,15_epo,85.0,0.5122158729480276,fechner
641,15_epo,86.0,0.5120738029412455,fechner
642,15_epo,87.0,0.5119349997582558,fechner
643,15_epo,88.0,0.5117993519922206,fechner
644,15_epo,89.0,0.5116667532454416,fechner
645,15_epo,90.0,0.5115371018509387,fechner
646,15_epo,91.0,0.5114103006123945,fechner
647,15_epo,92.0,0.5112862565610686,fechner
648,15_epo,93.0,0.5111648807284046,fechner
649,15_epo,94.0,0.5110460879331575,fechner
650,15_epo,95.0,0.510929796581974,fechner
651,16_epo,3.0,0.5000000016503223,fechner
652,16_epo,4.0,0.5000000010091886,fechner
653,16_epo,5.0,0.5000000007561065,fechner
654,16_epo,6.0,0.5000000006106756,fechner
655,16_epo,7.000000000000001,0.5000000005142612,fechner
656,16_epo,8.0,0.5000000004450333,fechner
657,16_epo,9.0,0.5000000003926706,fechner
658,16_epo,10.0,0.5000000003515696,fechner
659,16_epo,11.0,0.500000000318395,fechner
660,16_epo,12.0,0.5000000002910261,fechner
661,16_epo,13.0,0.5000000002680444,fechner
662,16_epo,14.000000000000002,0.500000000248463,fechner
663,16_epo,15.0,0.500000000231573,fechner
664,16_epo,16.0,0.5000000002168508,fechner
665,16_epo,17.0,0.5000000002039013,fechner
666,16_epo,18.0,0.5000000001924209,fechner
667,16_epo,19.0,0.5000000001821715,fechner
668,16_epo,20.0,0.5000000001729641,fechner
669,16_epo,21.0,0.500000000164647,fechner
670,16_epo,22.0,0.5000000001570962,fechner
671,16_epo,23.0,0.5000000001502104,fechner
672,16_epo,24.0,0.5000000001439049,fechner
673,16_epo,25.0,0.5000000001381092,fechner
674,16_epo,26.0,0.5000000001327636,fechner
675,16_epo,27.0,0.5000000001278175,fechner
676,16_epo,28.000000000000004,0.5000000001232278,fechner
677,16_epo,28.999999999999996,0.500000000118957,fechner
678,16_epo,30.0,0.5000000001149729,fechner
679,16_epo,31.0,0.5000000001112477,fechner
680,16_epo,32.0,0.5000000001077568,fechner
681,16_epo,33.0,0.5000000001044786,fechner
682,16_epo,34.0,0.5000000001013944,fechner
683,16_epo,35.0,0.5000000000984874,fechner
684,16_epo,36.0,0.5000000000957427,fechner
685,16_epo,37.0,0.500000000093147,fechner
686,16_epo,38.0,0.5000000000906886,fechner
687,16_epo,39.0,0.5000000000883568,fechner
688,16_epo,40.0,0.500000000086142,fechner
689,16_epo,41.0,0.5000000000840357,fechner
690,16_epo,42.0,0.50000000008203,fechner
691,16_epo,43.0,0.500000000080118,fechner
692,16_epo,44.0,0.5000000000782931,fechner
693,16_epo,45.0,0.5000000000765497,fechner
694,16_epo,46.0,0.5000000000748822,fechner
695,16_epo,47.0,0.5000000000732859,fechner
696,16_epo,48.0,0.5000000000717564,fechner
697,16_epo,49.0,0.5000000000702894,fechner
698,16_epo,50.0,0.5000000000688812,fechner
699,16_epo,51.0,0.5000000000675284,fechner
700,16_epo,52.0,0.5000000000662278,fechner
701,16_epo,53.0,0.5000000000649764,fechner
702,16_epo,54.0,0.5000000000637713,fechner
703,16_epo,55.00000000000001,0.5000000000626103,fechner
704,16_epo,56.00000000000001,0.5000000000614907,fechner
705,16_epo,56.99999999999999,0.5000000000604106,fechner
706,16_epo,57.99999999999999,0.5000000000593676,fechner
707,16_epo,59.0,0.5000000000583602,fechner
708,16_epo,60.0,0.5000000000573864,fechner
709,16_epo,61.0,0.5000000000564445,fechner
710,16_epo,62.0,0.5000000000555331,fechner
711,16_epo,63.0,0.5000000000546507,fechner
712,16_epo,64.0,0.500000000053796,fechner
713,16_epo,65.0,0.5000000000529675,fechner
714,16_epo,66.0,0.5000000000521642,fechner
715,16_epo,67.0,0.5000000000513849,fechner
716,16_epo,68.0,0.5000000000506285,fechner
717,16_epo,69.0,0.5000000000498942,fechner
718,16_epo,70.0,0.5000000000491808,fechner
719,16_epo,71.0,0.5000000000484875,fechner
720,16_epo,72.0,0.5000000000478135,fechner
721,16_epo,73.0,0.500000000047158,fechner
722,16_epo,74.0,0.5000000000465202,fechner
723,16_epo,75.0,0.5000000000458995,fechner
724,16_epo,76.0,0.5000000000452952,fechner
725,16_epo,77.0,0.5000000000447065,fechner
726,16_epo,78.0,0.5000000000441329,fechner
727,16_epo,79.0,0.5000000000435739,fechner
728,16_epo,80.0,0.5000000000430289,fechner
729,16_epo,81.0,0.5000000000424973,fechner
730,16_epo,82.0,0.5000000000419788,fechner
731,16_epo,83.0,0.5000000000414727,fechner
732,16_epo,84.0,0.5000000000409787,fechner
733,16_epo,85.0,0.5000000000404963,fechner
734,16_epo,86.0,0.5000000000400251,fechner
735,16_epo,87.0,0.5000000000395648,fechner
736,16_epo,88.0,0.5000000000391149,fechner
737,16_epo,89.0,0.5000000000386753,fechner
738,16_epo,90.0,0.5000000000382453,fechner
739,16_epo,91.0,0.5000000000378247,fechner
740,16_epo,92.0,0.5000000000374134,fechner
741,16_epo,93.0,0.500000000037011,fechner
742,16_epo,94.0,0.500000000036617,fechner
743,16_epo,95.0,0.5000000000362315,fechner
744,17_epo,3.0,0.9121646724048206,fechner
745,17_epo,4.0,0.807080698128183,fechner
746,17_epo,5.0,0.7450246853867785,fechner
747,17_epo,6.0,0.7039151960944082,fechner
748,17_epo,7.000000000000001,0.6746482793927718,fechner
749,17_epo,8.0,0.6527413512177056,fechner
750,17_epo,9.0,0.6357243950912383,fechner
751,17_epo,10.0,0.6221227809438002,fechner
752,17_epo,11.0,0.611001202032896,fechner
753,17_epo,12.0,0.6017375603875333,fechner
754,17_epo,13.0,0.5939018988304606,fechner
755,17_epo,14.000000000000002,0.5871874954472638,fechner
756,17_epo,15.0,0.5813696420587888,fechner
757,17_epo,16.0,0.5762799385586208,fechner
758,17_epo,17.0,0.5717896889698643,fechner
759,17_epo,18.0,0.5677988476018931,fechner
760,17_epo,19.0,0.5642284644551753,fechner
761,17_epo,20.0,0.5610154019297223,fechner
762,17_epo,21.0,0.5581085639740239,fechner
763,17_epo,22.0,0.5554661554409565,fechner
764,17_epo,23.0,0.55305365752105,fechner
765,17_epo,24.0,0.550842310042165,fechner
766,17_epo,25.0,0.5488079584933204,fechner
767,17_epo,26.0,0.5469301674387085,fechner
768,17_epo,27.0,0.5451915311679949,fechner
769,17_epo,28.000000000000004,0.5435771322147579,fechner
770,17_epo,28.999999999999996,0.5420741120112091,fechner
771,17_epo,30.0,0.5406713274871712,fechner
772,17_epo,31.0,0.5393590741879879,fechner
773,17_epo,32.0,0.5381288613473744,fechner
774,17_epo,33.0,0.5369732278852711,fechner
775,17_epo,34.0,0.5358855908983831,fechner
776,17_epo,35.0,0.5348601201400973,fechner
777,17_epo,36.0,0.5338916334327991,fechner
778,17_epo,37.0,0.5329755090498269,fechner
779,17_epo,38.0,0.5321076119391567,fechner
780,17_epo,39.0,0.5312842313029585,fechner
781,17_epo,40.0,0.5305020275446548,fechner
782,17_epo,41.0,0.5297579869833131,fechner
783,17_epo,42.0,0.5290493830401756,fechner
784,17_epo,43.0,0.5283737428432244,fechner
785,17_epo,44.0,0.5277288183874347,fechner
786,17_epo,45.0,0.5271125615417489,fechner
787,17_epo,46.0,0.5265231023171619,fechner
788,17_epo,47.0,0.5259587299100291,fechner
789,17_epo,48.0,0.5254178761157278,fechner
790,17_epo,49.0,0.5248991007739261,fechner
791,17_epo,50.0,0.5244010789609382,fechner
792,17_epo,51.0,0.5239225896892905,fechner
793,17_epo,52.0,0.5234625059115406,fechner
794,17_epo,53.0,0.5230197856560368,fechner
795,17_epo,54.0,0.5225934641478415,fechner
796,17_epo,55.00000000000001,0.5221826467894011,fechner
797,17_epo,56.00000000000001,0.5217865028934617,fechner
798,17_epo,56.99999999999999,0.5214042600758283,fechner
799,17_epo,57.99999999999999,0.5210351992283088,fechner
800,17_epo,59.0,0.5206786500029924,fechner
801,17_epo,60.0,0.5203339867481918,fechner
802,17_epo,61.0,0.5200006248442074,fechner
803,17_epo,62.0,0.5196780173937617,fechner
804,17_epo,63.0,0.51936565222769,fechner
805,17_epo,64.0,0.5190630491913951,fechner
806,17_epo,65.0,0.518769757681829,fechner
807,17_epo,66.0,0.5184853544084204,fechner
808,17_epo,67.0,0.5182094413545502,fechner
809,17_epo,68.0,0.5179416439189247,fechner
810,17_epo,69.0,0.5176816092185925,fechner
811,17_epo,70.0,0.5174290045374397,fechner
812,17_epo,71.0,0.5171835159058159,fechner
813,17_epo,72.0,0.5169448467985424,fechner
814,17_epo,73.0,0.5167127169399467,fechner
815,17_epo,74.0,0.5164868612058003,fechner
816,17_epo,75.0,0.5162670286131116,fechner
817,17_epo,76.0,0.5160529813896821,fechner
818,17_epo,77.0,0.515844494116175,fechner
819,17_epo,78.0,0.5156413529341835,fechner
820,17_epo,79.0,0.5154433548144558,fechner
821,17_epo,80.0,0.5152503068800078,fechner
822,17_epo,81.0,0.5150620257793805,fechner
823,17_epo,82.0,0.5148783371057638,fechner
824,17_epo,83.0,0.5146990748581132,fechner
825,17_epo,84.0,0.5145240809407631,fechner
826,17_epo,85.0,0.5143532046983663,fechner
827,17_epo,86.0,0.5141863024832808,fechner
828,17_epo,87.0,0.514023237252795,fechner
829,17_epo,88.0,0.5138638781938192,fechner
830,17_epo,89.0,0.513708100372879,fechner
831,17_epo,90.0,0.5135557844094455,fechner
832,17_epo,91.0,0.5134068161708064,fechner
833,17_epo,92.0,0.5132610864868372,fechner
834,17_epo,93.0,0.5131184908831774,fechner
835,17_epo,94.0,0.5129789293314377,fechner
836,17_epo,95.0,0.5128423060151868,fechner
837,18_epo,3.0,0.8146331816212027,fechner
838,18_epo,4.0,0.7120333873547603,fechner
839,18_epo,5.0,0.6633493589274689,fechner
840,18_epo,6.0,0.6336248050402234,fechner
841,18_epo,7.000000000000001,0.6133253017001751,fechner
842,18_epo,8.0,0.5984982302087357,fechner
843,18_epo,9.0,0.5871607381232672,fechner
844,18_epo,10.0,0.5781957443679806,fechner
845,18_epo,11.0,0.5709216200113921,fechner
846,18_epo,12.0,0.5648971812578121,fechner
847,18_epo,13.0,0.5598235361169238,fechner
848,18_epo,14.000000000000002,0.5554906567711774,fechner
849,18_epo,15.0,0.5517464653830784,fechner
850,18_epo,16.0,0.5484780440379884,fechner
851,18_epo,17.0,0.5455997401544749,fechner
852,18_epo,18.0,0.5430453748954966,fechner
853,18_epo,19.0,0.540762987848573,fechner
854,18_epo,20.0,0.5387112015348072,fechner
855,18_epo,21.0,0.5368566501623854,fechner
856,18_epo,22.0,0.5351721251721372,fechner
857,18_epo,23.0,0.5336352142733584,fechner
858,18_epo,24.0,0.5322272869464186,fechner
859,18_epo,25.0,0.5309327274997355,fechner
860,18_epo,26.0,0.5297383478335423,fechner
861,18_epo,27.0,0.5286329325486847,fechner
862,18_epo,28.000000000000004,0.5276068828083913,fechner
863,18_epo,28.999999999999996,0.5266519347784718,fechner
864,18_epo,30.0,0.5257609350152949,fechner
865,18_epo,31.0,0.5249276597847018,fechner
866,18_epo,32.0,0.5241466685919265,fechner
867,18_epo,33.0,0.5234131845878521,fechner
868,18_epo,34.0,0.5227229962626047,fechner
869,18_epo,35.0,0.522072376128774,fechner
870,18_epo,36.0,0.5214580130613193,fechner
871,18_epo,37.0,0.5208769556887678,fechner
872,18_epo,38.0,0.5203265647837833,fechner
873,18_epo,39.0,0.5198044730257063,fechner
874,18_epo,40.0,0.5193085508357825,fechner
875,18_epo,41.0,0.5188368772412756,fechner
876,18_epo,42.0,0.5183877149249303,fechner
877,18_epo,43.0,0.5179594887742885,fechner
878,18_epo,44.0,0.5175507673708178,fechner
879,18_epo,45.0,0.5171602469590074,fechner
880,18_epo,46.0,0.5167867375160452,fechner
881,18_epo,47.0,0.5164291506076327,fechner
882,18_epo,48.0,0.5160864887681987,fechner
883,18_epo,49.0,0.5157578361867248,fechner
884,18_epo,50.0,0.5154423505145848,fechner
885,18_epo,51.0,0.5151392556407354,fechner
886,18_epo,52.0,0.5148478353035043,fechner
887,18_epo,53.0,0.514567427428045,fechner
888,18_epo,54.0,0.5142974190950321,fechner
889,18_epo,55.00000000000001,0.5140372420599659,fechner
890,18_epo,56.00000000000001,0.5137863687540153,fechner
891,18_epo,56.99999999999999,0.5135443087070647,fechner
892,18_epo,57.99999999999999,0.5133106053418385,fechner
893,18_epo,59.0,0.5130848330949429,fechner
894,18_epo,60.0,0.5128665948265639,fechner
895,18_epo,61.0,0.5126555194856012,fechner
896,18_epo,62.0,0.5124512600013161,fechner
897,18_epo,63.0,0.5122534913762563,fechner
898,18_epo,64.0,0.5120619089583818,fechner
899,18_epo,65.0,0.5118762268730468,fechner
900,18_epo,66.0,0.5116961765978377,fechner
901,18_epo,67.0,0.5115215056653072,fechner
902,18_epo,68.0,0.511351976480407,fechner
903,18_epo,69.0,0.5111873652409574,fechner
904,18_epo,70.0,0.5110274609508262,fechner
905,18_epo,71.0,0.5108720645166565,fechner
906,18_epo,72.0,0.5107209879200053,fechner
907,18_epo,73.0,0.5105740534576453,fechner
908,18_epo,74.0,0.5104310930435696,fechner
909,18_epo,75.0,0.5102919475669309,fechner
910,18_epo,76.0,0.5101564663007498,fechner
911,18_epo,77.0,0.5100245063567744,fechner
912,18_epo,78.0,0.5098959321823345,fechner
913,18_epo,79.0,0.5097706150954707,fechner
914,18_epo,80.0,0.5096484328549777,fechner
915,18_epo,81.0,0.5095292692623424,fechner
916,18_epo,82.0,0.5094130137928492,fechner
917,18_epo,83.0,0.5092995612533887,fechner
918,18_epo,84.0,0.5091888114647417,fechner
919,18_epo,85.0,0.5090806689663174,fechner
920,18_epo,86.0,0.5089750427415198,fechner
921,18_epo,87.0,0.5088718459620761,fechner
922,18_epo,88.0,0.5087709957498187,fechner
923,18_epo,89.0,0.5086724129545458,fechner
924,18_epo,90.0,0.5085760219467095,fechner
925,18_epo,91.0,0.5084817504237858,fechner
926,18_epo,92.0,0.5083895292292889,fechner
927,18_epo,93.0,0.5082992921834738,fechner
928,18_epo,94.0,0.5082109759248559,fechner
929,18_epo,95.0,0.508124519761751,fechner
930,19_epo,3.0,0.9999882075075874,fechner
931,19_epo,4.0,0.9990321236891408,fechner
932,19_epo,5.0,0.9945092304349286,fechner
933,19_epo,6.0,0.9852137510374009,fechner
934,19_epo,7.000000000000001,0.9717001565153749,fechner
935,19_epo,8.0,0.9552192295944325,fechner
936,19_epo,9.0,0.9370327014583282,fechner
937,19_epo,10.0,0.918150676567482,fechner
938,19_epo,11.0,0.8992904201608324,fechner
939,19_epo,12.0,0.8809198020777715,fechner
940,19_epo,13.0,0.8633198126358445,fechner
941,19_epo,14.000000000000002,0.846640989873348,fechner
942,19_epo,15.0,0.8309470843948343,fechner
943,19_epo,16.0,0.8162464038764801,fechner
944,19_epo,17.0,0.8025133521819596,fechner
945,19_epo,18.0,0.7897028040723778,fechner
946,19_epo,19.0,0.7777594796389321,fechner
947,19_epo,20.0,0.7666239231960228,fechner
948,19_epo,21.0,0.7562362177332428,fechner
949,19_epo,22.0,0.7465382097007602,fechner
950,19_epo,23.0,0.7374747657648244,fechner
951,19_epo,24.0,0.7289944088645852,fechner
952,19_epo,25.0,0.721049563015296,fechner
953,19_epo,26.0,0.7135965574184049,fechner
954,19_epo,27.0,0.7065954879942157,fechner
955,19_epo,28.000000000000004,0.7000099997333578,fechner
956,19_epo,28.999999999999996,0.6938070303529267,fechner
957,19_epo,30.0,0.687956540673746,fechner
958,19_epo,31.0,0.682431247262781,fechner
959,19_epo,32.0,0.6772063664534351,fechner
960,19_epo,33.0,0.6722593747015457,fechner
961,19_epo,34.0,0.6675697875839189,fechner
962,19_epo,35.0,0.6631189580865415,fechner
963,19_epo,36.0,0.6588898938208385,fechner
964,19_epo,37.0,0.6548670922224131,fechner
965,19_epo,38.0,0.651036392477486,fechner
966,19_epo,39.0,0.6473848427881547,fechner
967,19_epo,40.0,0.6439005815627744,fechner
968,19_epo,41.0,0.6405727311588163,fechner
969,19_epo,42.0,0.6373913028841226,fechner
970,19_epo,43.0,0.6343471120602051,fechner
971,19_epo,44.0,0.6314317020564458,fechner
972,19_epo,45.0,0.6286372763094844,fechner
973,19_epo,46.0,0.6259566374434311,fechner
974,19_epo,47.0,0.6233831327013701,fechner
975,19_epo,48.0,0.6209106049857824,fechner
976,19_epo,49.0,0.6185333488846071,fechner
977,19_epo,50.0,0.6162460711307864,fechner
978,19_epo,51.0,0.6140438550066808,fechner
979,19_epo,52.0,0.611922128261226,fechner
980,19_epo,53.0,0.6098766341577591,fechner
981,19_epo,54.0,0.607903405314663,fechner
982,19_epo,55.00000000000001,0.6059987400400056,fechner
983,19_epo,56.00000000000001,0.6041591808957258,fechner
984,19_epo,56.99999999999999,0.6023814952572013,fechner
985,19_epo,57.99999999999999,0.6006626576606783,fechner
986,19_epo,59.0,0.5989998337545152,fechner
987,19_epo,60.0,0.5973903656908339,fechner
988,19_epo,61.0,0.595831758812377,fechner
989,19_epo,62.0,0.5943216695053934,fechner
990,19_epo,63.0,0.5928578941035214,fechner
991,19_epo,64.0,0.5914383587401074,fechner
992,19_epo,65.0,0.5900611100574286,fechner
993,19_epo,66.0,0.588724306691021,fechner
994,19_epo,67.0,0.5874262114559509,fechner
995,19_epo,68.0,0.5861651841694905,fechner
996,19_epo,69.0,0.5849396750514481,fechner
997,19_epo,70.0,0.5837482186493997,fechner
998,19_epo,71.0,0.5825894282414268,fechner
999,19_epo,72.0,0.5814619906737094,fechner
1000,19_epo,73.0,0.5803646615945627,fechner
1001,19_epo,74.0,0.5792962610502738,fechner
1002,19_epo,75.0,0.578255669411475,fechner
1003,19_epo,76.0,0.5772418236017893,fechner
1004,19_epo,77.0,0.5762537136031861,fechner
1005,19_epo,78.0,0.5752903792148926,fechner
1006,19_epo,79.0,0.5743509070448697,fechner
1007,19_epo,80.0,0.573434427714805,fechner
1008,19_epo,81.0,0.572540113261311,fechner
1009,19_epo,82.0,0.5716671747176003,fechner
1010,19_epo,83.0,0.5708148598613003,fechner
1011,19_epo,84.0,0.5699824511153645,fechner
1012,19_epo,85.0,0.56916926359017,fechner
1013,19_epo,86.0,0.5683746432559353,fechner
1014,19_epo,87.0,0.5675979652355261,fechner
1015,19_epo,88.0,0.5668386322085699,fechner
1016,19_epo,89.0,0.5660960729185628,fechner
1017,19_epo,90.0,0.5653697407753543,fechner
1018,19_epo,91.0,0.564659112546021,fechner
1019,19_epo,92.0,0.5639636871277224,fechner
1020,19_epo,93.0,0.5632829843966504,fechner
1021,19_epo,94.0,0.5626165441276542,fechner
1022,19_epo,95.0,0.5619639249795665,fechner
1023,1_epo,3.0,0.5000094396996343,fechner
1024,1_epo,4.0,0.5000057724712377,fechner
1025,1_epo,5.0,0.5000043248636161,fechner
1026,1_epo,6.0,0.500003493011451,fechner
1027,1_epo,7.000000000000001,0.5000029415294306,fechner
1028,1_epo,8.0,0.500002545551627,fechner
1029,1_epo,9.0,0.5000022460414154,fechner
1030,1_epo,10.0,0.5000020109470622,fechner
1031,1_epo,11.0,0.5000018211917514,fechner
1032,1_epo,12.0,0.5000016646438674,fechner
1033,1_epo,13.0,0.5000015331905686,fechner
1034,1_epo,14.000000000000002,0.5000014211869821,fechner
1035,1_epo,15.0,0.5000013245769677,fechner
1036,1_epo,16.0,0.5000012403671148,fechner
1037,1_epo,17.0,0.5000011662979399,fechner
1038,1_epo,18.0,0.5000011006306871,fechner
1039,1_epo,19.0,0.5000010420047264,fechner
1040,1_epo,20.0,0.5000009893395863,fechner
1041,1_epo,21.0,0.5000009417660706,fechner
1042,1_epo,22.0,0.5000008985768221,fechner
1043,1_epo,23.0,0.5000008591901952,fechner
1044,1_epo,24.0,0.5000008231234243,fechner
1045,1_epo,25.0,0.500000789972403,fechner
1046,1_epo,26.0,0.5000007593962453,fechner
1047,1_epo,27.0,0.5000007311053545,fechner
1048,1_epo,28.000000000000004,0.5000007048521027,fechner
1049,1_epo,28.999999999999996,0.5000006804234763,fechner
1050,1_epo,30.0,0.5000006576352187,fechner
1051,1_epo,31.0,0.500000636327126,fechner
1052,1_epo,32.0,0.5000006163592389,fechner
1053,1_epo,33.0,0.5000005976087366,fechner
1054,1_epo,34.0,0.5000005799673872,fechner
1055,1_epo,35.0,0.5000005633394405,fechner
1056,1_epo,36.0,0.5000005476398763,fechner
1057,1_epo,37.0,0.50000053279294,fechner
1058,1_epo,38.0,0.5000005187309121,fechner
1059,1_epo,39.0,0.5000005053930694,fechner
1060,1_epo,40.0,0.5000004927248025,fechner
1061,1_epo,41.0,0.5000004806768651,fechner
1062,1_epo,42.0,0.5000004692047295,fechner
1063,1_epo,43.0,0.5000004582680354,fechner
1064,1_epo,44.0,0.500000447830112,fechner
1065,1_epo,45.0,0.5000004378575659,fechner
1066,1_epo,46.0,0.5000004283199221,fechner
1067,1_epo,47.0,0.5000004191893126,fechner
1068,1_epo,48.0,0.5000004104402025,fechner
1069,1_epo,49.0,0.5000004020491505,fechner
1070,1_epo,50.0,0.5000003939945993,fechner
1071,1_epo,51.0,0.5000003862566892,fechner
1072,1_epo,52.0,0.5000003788170942,fechner
1073,1_epo,53.0,0.5000003716588769,fechner
1074,1_epo,54.0,0.5000003647663591,fechner
1075,1_epo,55.00000000000001,0.5000003581250071,fechner
1076,1_epo,56.00000000000001,0.5000003517213286,fechner
1077,1_epo,56.99999999999999,0.5000003455427814,fechner
1078,1_epo,57.99999999999999,0.5000003395776912,fechner
1079,1_epo,59.0,0.5000003338151775,fechner
1080,1_epo,60.0,0.5000003282450874,fechner
1081,1_epo,61.0,0.5000003228579357,fechner
1082,1_epo,62.0,0.5000003176448508,fechner
1083,1_epo,63.0,0.5000003125975259,fechner
1084,1_epo,64.0,0.5000003077081748,fechner
1085,1_epo,65.0,0.5000003029694917,fechner
1086,1_epo,66.0,0.5000002983746146,fechner
1087,1_epo,67.0,0.5000002939170921,fechner
1088,1_epo,68.0,0.5000002895908535,fechner
1089,1_epo,69.0,0.5000002853901803,fechner
1090,1_epo,70.0,0.5000002813096819,fechner
1091,1_epo,71.0,0.5000002773442718,fechner
1092,1_epo,72.0,0.5000002734891468,fechner
1093,1_epo,73.0,0.5000002697397675,fechner
1094,1_epo,74.0,0.5000002660918402,fechner
1095,1_epo,75.0,0.5000002625413006,fechner
1096,1_epo,76.0,0.5000002590842988,fechner
1097,1_epo,77.0,0.5000002557171853,fechner
1098,1_epo,78.0,0.5000002524364979,fechner
1099,1_epo,79.0,0.5000002492389504,fechner
1100,1_epo,80.0,0.5000002461214206,fechner
1101,1_epo,81.0,0.5000002430809412,fechner
1102,1_epo,82.0,0.5000002401146897,fechner
1103,1_epo,83.0,0.5000002372199799,fechner
1104,1_epo,84.0,0.5000002343942535,fechner
1105,1_epo,85.0,0.500000231635073,fechner
1106,1_epo,86.0,0.5000002289401145,fechner
1107,1_epo,87.0,0.5000002263071609,fechner
1108,1_epo,88.0,0.5000002237340959,fechner
1109,1_epo,89.0,0.500000221218899,fechner
1110,1_epo,90.0,0.5000002187596387,fechner
1111,1_epo,91.0,0.5000002163544696,fechner
1112,1_epo,92.0,0.5000002140016258,fechner
1113,1_epo,93.0,0.5000002116994178,fechner
1114,1_epo,94.0,0.5000002094462279,fechner
1115,1_epo,95.0,0.5000002072405069,fechner
1116,20_epo,3.0,0.9742115863477316,fechner
1117,20_epo,4.0,0.90210390316839,fechner
1118,20_epo,5.0,0.8407594875794345,fechner
1119,20_epo,6.0,0.7931230641262363,fechner
1120,20_epo,7.000000000000001,0.7561496356415629,fechner
1121,20_epo,8.0,0.7269775024924285,fechner
1122,20_epo,9.0,0.7035190100025008,fechner
1123,20_epo,10.0,0.6843131198734104,fechner
1124,20_epo,11.0,0.668334273731284,fechner
1125,20_epo,12.0,0.6548512699895198,fechner
1126,20_epo,13.0,0.6433328251130475,fechner
1127,20_epo,14.000000000000002,0.6333855070381951,fechner
1128,20_epo,15.0,0.6247126877088289,fechner
1129,20_epo,16.0,0.6170869926216601,fechner
1130,20_epo,17.0,0.6103314820632538,fechner
1131,20_epo,18.0,0.6043065633011636,fechner
1132,20_epo,19.0,0.5989007282574195,fechner
1133,20_epo,20.0,0.5940238894733249,fechner
1134,20_epo,21.0,0.5896025110535192,fechner
1135,20_epo,22.0,0.5855759998645633,fechner
1136,20_epo,23.0,0.5818939951432778,fechner
1137,20_epo,24.0,0.5785143077591752,fechner
1138,20_epo,25.0,0.5754013355405334,fechner
1139,20_epo,26.0,0.5725248318064677,fechner
1140,20_epo,27.0,0.5698589389949833,fechner
1141,20_epo,28.000000000000004,0.5673814234086466,fechner
1142,20_epo,28.999999999999996,0.5650730640793763,fechner
1143,20_epo,30.0,0.5629171608496425,fechner
1144,20_epo,31.0,0.560899135484442,fechner
1145,20_epo,32.0,0.5590062059794794,fechner
1146,20_epo,33.0,0.5572271189059983,fechner
1147,20_epo,34.0,0.555551928107431,fechner
1148,20_epo,35.0,0.5539718106693047,fechner
1149,20_epo,36.0,0.5524789130556136,fechner
1150,20_epo,37.0,0.5510662218087958,fechner
1151,20_epo,38.0,0.5497274543663947,fechner
1152,20_epo,39.0,0.5484569664424588,fechner
1153,20_epo,40.0,0.5472496731194668,fechner
1154,20_epo,41.0,0.5461009813440846,fechner
1155,20_epo,42.0,0.5450067319524112,fechner
1156,20_epo,43.0,0.5439631496937963,fechner
1157,20_epo,44.0,0.5429667999966439,fechner
1158,20_epo,45.0,0.5420145514399449,fechner
1159,20_epo,46.0,0.5411035430721447,fechner
1160,20_epo,47.0,0.5402311558632352,fechner
1161,20_epo,48.0,0.5393949876935625,fechner
1162,20_epo,49.0,0.5385928313791212,fechner
1163,20_epo,50.0,0.5378226553122674,fechner
1164,20_epo,51.0,0.5370825863621458,fechner
1165,20_epo,52.0,0.5363708947332965,fechner
1166,20_epo,53.0,0.5356859805259889,fechner
1167,20_epo,54.0,0.5350263617794694,fechner
1168,20_epo,55.00000000000001,0.5343906638108524,fechner
1169,20_epo,56.00000000000001,0.533777609688913,fechner
1170,20_epo,56.99999999999999,0.5331860117044099,fechner
1171,20_epo,57.99999999999999,0.5326147637175033,fechner
1172,20_epo,59.0,0.5320628342789014,fechner
1173,20_epo,60.0,0.5315292604350552,fechner
1174,20_epo,61.0,0.531013142139389,fechner
1175,20_epo,62.0,0.5305136372015602,fechner
1176,20_epo,63.0,0.5300299567153163,fechner
1177,20_epo,64.0,0.5295613609128953,fechner
1178,20_epo,65.0,0.5291071554002897,fechner
1179,20_epo,66.0,0.5286666877331895,fechner
1180,20_epo,67.0,0.5282393442981955,fechner
1181,20_epo,68.0,0.527824547468036,fechner
1182,20_epo,69.0,0.5274217530031196,fechner
1183,20_epo,70.0,0.5270304476749104,fechner
1184,20_epo,71.0,0.5266501470893524,fechner
1185,20_epo,72.0,0.5262803936909812,fechner
1186,20_epo,73.0,0.5259207549304705,fechner
1187,20_epo,74.0,0.5255708215802187,fechner
1188,20_epo,75.0,0.525230206184214,fechner
1189,20_epo,76.0,0.5248985416298597,fechner
1190,20_epo,77.0,0.5245754798307147,fechner
1191,20_epo,78.0,0.5242606905102324,fechner
1192,20_epo,79.0,0.5239538600775818,fechner
1193,20_epo,80.0,0.5236546905875222,fechner
1194,20_epo,81.0,0.5233628987770929,fechner
1195,20_epo,82.0,0.5230782151725814,fechner
1196,20_epo,83.0,0.5228003832608654,fechner
1197,20_epo,84.0,0.522529158719778,fechner
1198,20_epo,85.0,0.5222643087026526,fechner
1199,20_epo,86.0,0.5220056111726512,fechner
1200,20_epo,87.0,0.5217528542828811,fechner
1201,20_epo,88.0,0.5215058357986698,fechner
1202,20_epo,89.0,0.5212643625586907,fechner
1203,20_epo,90.0,0.5210282499719271,fechner
1204,20_epo,91.0,0.5207973215477248,fechner
1205,20_epo,92.0,0.5205714084564225,fechner
1206,20_epo,93.0,0.520350349118264,fechner
1207,20_epo,94.0,0.5201339888184928,fechner
1208,20_epo,95.0,0.5199221793467028,fechner
1209,21_epo,3.0,0.7006092924788311,fechner
1210,21_epo,4.0,0.6271258846114877,fechner
1211,21_epo,5.0,0.5961684523220443,fechner
1212,21_epo,6.0,0.5780084997854786,fechner
1213,21_epo,7.000000000000001,0.5658486252721513,fechner
1214,21_epo,8.0,0.5570674898966831,fechner
1215,21_epo,9.0,0.5504015234697635,fechner
1216,21_epo,10.0,0.5451563778695531,fechner
1217,21_epo,11.0,0.5409154072030277,fechner
1218,21_epo,12.0,0.5374121171777223,fechner
1219,21_epo,13.0,0.5344675332602612,fechner
1220,21_epo,14.000000000000002,0.5319567224813557,fechner
1221,21_epo,15.0,0.5297896875902979,fechner
1222,21_epo,16.0,0.5278998781370097,fechner
1223,21_epo,17.0,0.526236979352689,fechner
1224,21_epo,18.0,0.5247622208607453,fechner
1225,21_epo,19.0,0.5234452302572709,fechner
1226,21_epo,20.0,0.522261866667098,fechner
1227,21_epo,21.0,0.5211926945097208,fechner
1228,21_epo,22.0,0.5202218863991152,fechner
1229,21_epo,23.0,0.5193364202855643,fechner
1230,21_epo,24.0,0.518525482453655,fechner
1231,21_epo,25.0,0.5177800171607563,fechner
1232,21_epo,26.0,0.5170923824446606,fechner
1233,21_epo,27.0,0.5164560839382646,fechner
1234,21_epo,28.000000000000004,0.5158655667724381,fechner
1235,21_epo,28.999999999999996,0.5153160512677413,fechner
1236,21_epo,30.0,0.5148034020091891,fechner
1237,21_epo,31.0,0.514324022636384,fechner
1238,21_epo,32.0,0.5138747706334256,fechner
1239,21_epo,33.0,0.5134528878124011,fechner
1240,21_epo,34.0,0.513055943213812,fechner
1241,21_epo,35.0,0.5126817859075786,fechner
1242,21_epo,36.0,0.5123285057454354,fechner
1243,21_epo,37.0,0.5119944005426423,fechner
1244,21_epo,38.0,0.5116779484914521,fechner
1245,21_epo,39.0,0.5113777848573812,fechner
1246,21_epo,40.0,0.5110926822012872,fechner
1247,21_epo,41.0,0.5108215335195633,fechner
1248,21_epo,42.0,0.5105633378116989,fechner
1249,21_epo,43.0,0.5103171876766547,fechner
1250,21_epo,44.0,0.510082258612639,fechner
1251,21_epo,45.0,0.5098577997532395,fechner
1252,21_epo,46.0,0.5096431258196995,fechner
1253,21_epo,47.0,0.509437610106918,fechner
1254,21_epo,48.0,0.5092406783513915,fechner
1255,21_epo,49.0,0.5090518033542791,fechner
1256,21_epo,50.0,0.5088705002532111,fechner
1257,21_epo,51.0,0.5086963223532595,fechner
1258,21_epo,52.0,0.508528857441365,fechner
1259,21_epo,53.0,0.5083677245200106,fechner
1260,21_epo,54.0,0.5082125709055042,fechner
1261,21_epo,55.00000000000001,0.5080630696442275,fechner
1262,21_epo,56.00000000000001,0.507918917206907,fechner
1263,21_epo,56.99999999999999,0.5077798314265999,fechner
1264,21_epo,57.99999999999999,0.5076455496508482,fechner
1265,21_epo,59.0,0.5075158270824738,fechner
1266,21_epo,60.0,0.5073904352869154,fechner
1267,21_epo,61.0,0.5072691608469144,fechner
1268,21_epo,62.0,0.5071518041478463,fechner
1269,21_epo,63.0,0.5070381782791272,fechner
1270,21_epo,64.0,0.5069281080389489,fechner
1271,21_epo,65.0,0.506821429031177,fechner
1272,21_epo,66.0,0.5067179868446002,fechner
1273,21_epo,67.0,0.5066176363058997,fechner
1274,21_epo,68.0,0.5065202407987225,fechner
1275,21_epo,69.0,0.5064256716421321,fechner
1276,21_epo,70.0,0.5063338075224805,fechner
1277,21_epo,71.0,0.5062445339734166,fechner
1278,21_epo,72.0,0.50615774289934,fechner
1279,21_epo,73.0,0.5060733321381201,fechner
1280,21_epo,74.0,0.5059912050593567,fechner
1281,21_epo,75.0,0.5059112701948556,fechner
1282,21_epo,76.0,0.505833440898345,fechner
1283,21_epo,77.0,0.5057576350317654,fechner
1284,21_epo,78.0,0.5056837746757455,fechner
1285,21_epo,79.0,0.5056117858621131,fechner
1286,21_epo,80.0,0.5055415983265087,fechner
1287,21_epo,81.0,0.5054731452793622,fechner
1288,21_epo,82.0,0.5054063631936598,fechner
1289,21_epo,83.0,0.5053411916080829,fechner
1290,21_epo,84.0,0.5052775729442337,fechner
1291,21_epo,85.0,0.5052154523367883,fechner
1292,21_epo,86.0,0.5051547774755184,fechner
1293,21_epo,87.0,0.5050954984582291,fechner
1294,21_epo,88.0,0.5050375676537391,fechner
1295,21_epo,89.0,0.5049809395741152,fechner
1296,21_epo,90.0,0.5049255707554369,fechner
1297,21_epo,91.0,0.504871419646436,fechner
1298,21_epo,92.0,0.5048184465044102,fechner
1299,21_epo,93.0,0.5047666132978621,fechner
1300,21_epo,94.0,0.5047158836153616,fechner
1301,21_epo,95.0,0.5046662225801728,fechner
1302,22_epo,3.0,0.8359521271881679,fechner
1303,22_epo,4.0,0.7302302259169875,fechner
1304,22_epo,5.0,0.6783214844096359,fechner
1305,22_epo,6.0,0.6462437135556263,fechner
1306,22_epo,7.000000000000001,0.6242047612581236,fechner
1307,22_epo,8.0,0.6080505513284552,fechner
1308,22_epo,9.0,0.5956705135443056,fechner
1309,22_epo,10.0,0.5858661663212116,fechner
1310,22_epo,11.0,0.5779023176935146,fechner
1311,22_epo,12.0,0.5713013259946478,fechner
1312,22_epo,13.0,0.5657387060624554,fechner
1313,22_epo,14.000000000000002,0.5609859689599389,fechner
1314,22_epo,15.0,0.556877400580771,fechner
1315,22_epo,16.0,0.5532897995461453,fechner
1316,22_epo,17.0,0.5501296157463222,fechner
1317,22_epo,18.0,0.5473245068713751,fechner
1318,22_epo,19.0,0.5448176331636485,fechner
1319,22_epo,20.0,0.5425637047966883,fechner
1320,22_epo,21.0,0.5405261828424873,fechner
1321,22_epo,22.0,0.5386752583962496,fechner
1322,22_epo,23.0,0.5369863681377847,fechner
1323,22_epo,24.0,0.5354390869321396,fechner
1324,22_epo,25.0,0.5340162900891774,fechner
1325,22_epo,26.0,0.5327035115408615,fechner
1326,22_epo,27.0,0.5314884464083153,fechner
1327,22_epo,28.000000000000004,0.5303605613792503,fechner
1328,22_epo,28.999999999999996,0.5293107865507279,fechner
1329,22_epo,30.0,0.5283312695102891,fechner
1330,22_epo,31.0,0.5274151774512311,fechner
1331,22_epo,32.0,0.5265565367095657,fechner
1332,22_epo,33.0,0.5257501017104846,fechner
1333,22_epo,34.0,0.5249912472163228,fechner
1334,22_epo,35.0,0.5242758791772951,fechner
1335,22_epo,36.0,0.5236003605397213,fechner
1336,22_epo,37.0,0.5229614491612191,fechner
1337,22_epo,38.0,0.5223562455872038,fechner
1338,22_epo,39.0,0.5217821489071233,fechner
1339,22_epo,40.0,0.5212368192676997,fechner
1340,22_epo,41.0,0.5207181458999194,fechner
1341,22_epo,42.0,0.5202242197356686,fechner
1342,22_epo,43.0,0.5197533098628788,fechner
1343,22_epo,44.0,0.5193038432054147,fechner
1344,22_epo,45.0,0.5188743869236436,fechner
1345,22_epo,46.0,0.5184636331197588,fechner
1346,22_epo,47.0,0.5180703855030754,fechner
1347,22_epo,48.0,0.5176935477282626,fechner
1348,22_epo,49.0,0.517332113166551,fechner
1349,22_epo,50.0,0.5169851559085209,fechner
1350,22_epo,51.0,0.5166518228287996,fechner
1351,22_epo,52.0,0.5163313265692078,fechner
1352,22_epo,53.0,0.5160229393186326,fechner
1353,22_epo,54.0,0.5157259872860066,fechner
1354,22_epo,55.00000000000001,0.5154398457778973,fechner
1355,22_epo,56.00000000000001,0.5151639348049006,fechner
1356,22_epo,56.99999999999999,0.5148977151517038,fechner
1357,22_epo,57.99999999999999,0.5146406848546988,fechner
1358,22_epo,59.0,0.5143923760386593,fechner
1359,22_epo,60.0,0.5141523520704805,fechner
1360,22_epo,61.0,0.5139202049935004,fechner
1361,22_epo,62.0,0.5136955532106507,fechner
1362,22_epo,63.0,0.5134780393887175,fechner
1363,22_epo,64.0,0.5132673285594753,fechner
1364,22_epo,65.0,0.5130631063964444,fechner
1365,22_epo,66.0,0.5128650776486019,fechner
1366,22_epo,67.0,0.512672964714617,fechner
1367,22_epo,68.0,0.5124865063431119,fechner
1368,22_epo,69.0,0.5123054564461396,fechner
1369,22_epo,70.0,0.5121295830145345,fechner
1370,22_epo,71.0,0.5119586671250729,fechner
1371,22_epo,72.0,0.5117925020305012,fechner
1372,22_epo,73.0,0.5116308923244719,fechner
1373,22_epo,74.0,0.5114736531742885,fechner
1374,22_epo,75.0,0.5113206096151208,fechner
1375,22_epo,76.0,0.511171595900019,fechner
1376,22_epo,77.0,0.511026454900646,fechner
1377,22_epo,78.0,0.5108850375541687,fechner
1378,22_epo,79.0,0.5107472023522139,fechner
1379,22_epo,80.0,0.5106128148682004,fechner
1380,22_epo,81.0,0.5104817473197276,fechner
1381,22_epo,82.0,0.5103538781630234,fechner
1382,22_epo,83.0,0.5102290917167431,fechner
1383,22_epo,84.0,0.5101072778126731,fechner
1384,22_epo,85.0,0.5099883314711151,fechner
1385,22_epo,86.0,0.5098721525989467,fechner
1386,22_epo,87.0,0.5097586457085248,fechner
1387,22_epo,88.0,0.5096477196557766,fechner
1388,22_epo,89.0,0.5095392873959653,fechner
1389,22_epo,90.0,0.5094332657557534,fechner
1390,22_epo,91.0,0.509329575220311,fechner
1391,22_epo,92.0,0.5092281397343206,fechner
1392,22_epo,93.0,0.5091288865158331,fechner
1393,22_epo,94.0,0.5090317458820157,fechner
1394,22_epo,95.0,0.5089366510859155,fechner
1395,23_epo,3.0,0.5000005218221067,fechner
1396,23_epo,4.0,0.5000003190994649,fechner
1397,23_epo,5.0,0.500000239076404,fechner
1398,23_epo,6.0,0.5000001930920119,fechner
1399,23_epo,7.000000000000001,0.500000162606348,fechner
1400,23_epo,8.0,0.5000001407168834,fechner
1401,23_epo,9.0,0.5000001241601013,fechner
1402,23_epo,10.0,0.5000001111641973,fechner
1403,23_epo,11.0,0.500000100674614,fechner
1404,23_epo,12.0,0.5000000920207214,fechner
1405,23_epo,13.0,0.5000000847540454,fechner
1406,23_epo,14.000000000000002,0.5000000785625405,fechner
1407,23_epo,15.0,0.5000000732219849,fechner
1408,23_epo,16.0,0.5000000685669043,fechner
1409,23_epo,17.0,0.5000000644723954,fechner
1410,23_epo,18.0,0.5000000608423409,fechner
1411,23_epo,19.0,0.5000000576015258,fechner
1412,23_epo,20.0,0.5000000546902218,fechner
1413,23_epo,21.0,0.5000000520603806,fechner
1414,23_epo,22.0,0.5000000496728993,fechner
1415,23_epo,23.0,0.5000000474956254,fechner
1416,23_epo,24.0,0.5000000455018714,fechner
1417,23_epo,25.0,0.5000000436692987,fechner
1418,23_epo,26.0,0.5000000419790633,fechner
1419,23_epo,27.0,0.5000000404151563,fechner
1420,23_epo,28.000000000000004,0.500000038963889,fechner
1421,23_epo,28.999999999999996,0.5000000376134861,fechner
1422,23_epo,30.0,0.5000000363537621,fechner
1423,23_epo,31.0,0.5000000351758609,fechner
1424,23_epo,32.0,0.5000000340720456,fechner
1425,23_epo,33.0,0.5000000330355268,fechner
1426,23_epo,34.0,0.5000000320603214,fechner
1427,23_epo,35.0,0.5000000311411363,fechner
1428,23_epo,36.0,0.500000030273272,fechner
1429,23_epo,37.0,0.5000000294525404,fechner
1430,23_epo,38.0,0.5000000286751981,fechner
1431,23_epo,39.0,0.5000000279378886,fechner
1432,23_epo,40.0,0.5000000272375927,fechner
1433,23_epo,41.0,0.5000000265715885,fechner
1434,23_epo,42.0,0.5000000259374143,fechner
1435,23_epo,43.0,0.500000025332839,fechner
1436,23_epo,44.0,0.5000000247558356,fechner
1437,23_epo,45.0,0.500000024204558,fechner
1438,23_epo,46.0,0.5000000236773217,fechner
1439,23_epo,47.0,0.5000000231725859,fechner
1440,23_epo,48.0,0.5000000226889392,fechner
1441,23_epo,49.0,0.5000000222250859,fechner
1442,23_epo,50.0,0.5000000217798342,fechner
1443,23_epo,51.0,0.5000000213520861,fechner
1444,23_epo,52.0,0.5000000209408288,fechner
1445,23_epo,53.0,0.500000020545126,fechner
1446,23_epo,54.0,0.5000000201641108,fechner
1447,23_epo,55.00000000000001,0.50000001979698,fechner
1448,23_epo,56.00000000000001,0.5000000194429878,fechner
1449,23_epo,56.99999999999999,0.5000000191014407,fechner
1450,23_epo,57.99999999999999,0.5000000187716933,fechner
1451,23_epo,59.0,0.5000000184531442,fechner
1452,23_epo,60.0,0.5000000181452323,fechner
1453,23_epo,61.0,0.5000000178474332,fechner
1454,23_epo,62.0,0.5000000175592564,fechner
1455,23_epo,63.0,0.5000000172802426,fechner
1456,23_epo,64.0,0.5000000170099616,fechner
1457,23_epo,65.0,0.5000000167480094,fechner
1458,23_epo,66.0,0.5000000164940068,fechner
1459,23_epo,67.0,0.500000016247597,fechner
1460,23_epo,68.0,0.5000000160084447,fechner
1461,23_epo,69.0,0.5000000157762334,fechner
1462,23_epo,70.0,0.5000000155506654,fechner
1463,23_epo,71.0,0.5000000153314594,fechner
1464,23_epo,72.0,0.50000001511835,fechner
1465,23_epo,73.0,0.500000014911086,fechner
1466,23_epo,74.0,0.5000000147094303,fechner
1467,23_epo,75.0,0.5000000145131582,fechner
1468,23_epo,76.0,0.5000000143220569,fechner
1469,23_epo,77.0,0.5000000141359244,fechner
1470,23_epo,78.0,0.5000000139545696,fechner
1471,23_epo,79.0,0.5000000137778107,fechner
1472,23_epo,80.0,0.5000000136054751,fechner
1473,23_epo,81.0,0.5000000134373989,fechner
1474,23_epo,82.0,0.5000000132734258,fechner
1475,23_epo,83.0,0.5000000131134077,fechner
1476,23_epo,84.0,0.5000000129572029,fechner
1477,23_epo,85.0,0.5000000128046767,fechner
1478,23_epo,86.0,0.5000000126557006,fechner
1479,23_epo,87.0,0.5000000125101522,fechner
1480,23_epo,88.0,0.5000000123679145,fechner
1481,23_epo,89.0,0.5000000122288756,fechner
1482,23_epo,90.0,0.5000000120929289,fechner
1483,23_epo,91.0,0.5000000119599722,fechner
1484,23_epo,92.0,0.5000000118299082,fechner
1485,23_epo,93.0,0.5000000117026431,fechner
1486,23_epo,94.0,0.5000000115780878,fechner
1487,23_epo,95.0,0.5000000114561567,fechner
1488,24_epo,3.0,0.5000000000216948,fechner
1489,24_epo,4.0,0.5000000000132665,fechner
1490,24_epo,5.0,0.5000000000099396,fechner
1491,24_epo,6.0,0.5000000000080278,fechner
1492,24_epo,7.000000000000001,0.5000000000067604,fechner
1493,24_epo,8.0,0.5000000000058503,fechner
1494,24_epo,9.0,0.500000000005162,fechner
1495,24_epo,10.0,0.5000000000046216,fechner
1496,24_epo,11.0,0.5000000000041855,fechner
1497,24_epo,12.0,0.5000000000038257,fechner
1498,24_epo,13.0,0.5000000000035236,fechner
1499,24_epo,14.000000000000002,0.5000000000032663,fechner
1500,24_epo,15.0,0.5000000000030442,fechner
1501,24_epo,16.0,0.5000000000028507,fechner
1502,24_epo,17.0,0.5000000000026804,fechner
1503,24_epo,18.0,0.5000000000025295,fechner
1504,24_epo,19.0,0.5000000000023948,fechner
1505,24_epo,20.0,0.5000000000022737,fechner
1506,24_epo,21.0,0.5000000000021644,fechner
1507,24_epo,22.0,0.5000000000020651,fechner
1508,24_epo,23.0,0.5000000000019746,fechner
1509,24_epo,24.0,0.5000000000018917,fechner
1510,24_epo,25.0,0.5000000000018155,fechner
1511,24_epo,26.0,0.5000000000017453,fechner
1512,24_epo,27.0,0.5000000000016803,fechner
1513,24_epo,28.000000000000004,0.5000000000016199,fechner
1514,24_epo,28.999999999999996,0.5000000000015637,fechner
1515,24_epo,30.0,0.5000000000015115,fechner
1516,24_epo,31.0,0.5000000000014625,fechner
1517,24_epo,32.0,0.5000000000014165,fechner
1518,24_epo,33.0,0.5000000000013735,fechner
1519,24_epo,34.0,0.5000000000013329,fechner
1520,24_epo,35.0,0.5000000000012947,fechner
1521,24_epo,36.0,0.5000000000012587,fechner
1522,24_epo,37.0,0.5000000000012245,fechner
1523,24_epo,38.0,0.5000000000011922,fechner
1524,24_epo,39.0,0.5000000000011615,fechner
1525,24_epo,40.0,0.5000000000011324,fechner
1526,24_epo,41.0,0.5000000000011047,fechner
1527,24_epo,42.0,0.5000000000010784,fechner
1528,24_epo,43.0,0.5000000000010533,fechner
1529,24_epo,44.0,0.5000000000010293,fechner
1530,24_epo,45.0,0.5000000000010063,fechner
1531,24_epo,46.0,0.5000000000009844,fechner
1532,24_epo,47.0,0.5000000000009635,fechner
1533,24_epo,48.0,0.5000000000009434,fechner
1534,24_epo,49.0,0.500000000000924,fechner
1535,24_epo,50.0,0.5000000000009055,fechner
1536,24_epo,51.0,0.5000000000008877,fechner
1537,24_epo,52.0,0.5000000000008706,fechner
1538,24_epo,53.0,0.5000000000008542,fechner
1539,24_epo,54.0,0.5000000000008383,fechner
1540,24_epo,55.00000000000001,0.5000000000008231,fechner
1541,24_epo,56.00000000000001,0.5000000000008084,fechner
1542,24_epo,56.99999999999999,0.5000000000007941,fechner
1543,24_epo,57.99999999999999,0.5000000000007805,fechner
1544,24_epo,59.0,0.5000000000007672,fechner
1545,24_epo,60.0,0.5000000000007544,fechner
1546,24_epo,61.0,0.5000000000007421,fechner
1547,24_epo,62.0,0.5000000000007301,fechner
1548,24_epo,63.0,0.5000000000007184,fechner
1549,24_epo,64.0,0.5000000000007072,fechner
1550,24_epo,65.0,0.5000000000006963,fechner
1551,24_epo,66.0,0.5000000000006858,fechner
1552,24_epo,67.0,0.5000000000006755,fechner
1553,24_epo,68.0,0.5000000000006656,fechner
1554,24_epo,69.0,0.5000000000006559,fechner
1555,24_epo,70.0,0.5000000000006465,fechner
1556,24_epo,71.0,0.5000000000006374,fechner
1557,24_epo,72.0,0.5000000000006286,fechner
1558,24_epo,73.0,0.50000000000062,fechner
1559,24_epo,74.0,0.5000000000006115,fechner
1560,24_epo,75.0,0.5000000000006034,fechner
1561,24_epo,76.0,0.5000000000005954,fechner
1562,24_epo,77.0,0.5000000000005878,fechner
1563,24_epo,78.0,0.5000000000005802,fechner
1564,24_epo,79.0,0.5000000000005729,fechner
1565,24_epo,80.0,0.5000000000005657,fechner
1566,24_epo,81.0,0.5000000000005587,fechner
1567,24_epo,82.0,0.5000000000005519,fechner
1568,24_epo,83.0,0.5000000000005452,fechner
1569,24_epo,84.0,0.5000000000005387,fechner
1570,24_epo,85.0,0.5000000000005324,fechner
1571,24_epo,86.0,0.5000000000005261,fechner
1572,24_epo,87.0,0.5000000000005201,fechner
1573,24_epo,88.0,0.5000000000005143,fechner
1574,24_epo,89.0,0.5000000000005085,fechner
1575,24_epo,90.0,0.5000000000005028,fechner
1576,24_epo,91.0,0.5000000000004973,fechner
1577,24_epo,92.0,0.5000000000004918,fechner
1578,24_epo,93.0,0.5000000000004865,fechner
1579,24_epo,94.0,0.5000000000004814,fechner
1580,24_epo,95.0,0.5000000000004763,fechner
1581,25_epo,3.0,0.7472551463118657,fechner
1582,25_epo,4.0,0.6599099420715709,fechner
1583,25_epo,5.0,0.6216727084379158,fechner
1584,25_epo,6.0,0.5989583403502475,fechner
1585,25_epo,7.000000000000001,0.5836551016630352,fechner
1586,25_epo,8.0,0.5725648325000584,fechner
1587,25_epo,9.0,0.5641270072371176,fechner
1588,25_epo,10.0,0.5574775413971301,fechner
1589,25_epo,11.0,0.5520952734335892,fechner
1590,25_epo,12.0,0.5476456455369199,fechner
1591,25_epo,13.0,0.5439033702970846,fechner
1592,25_epo,14.000000000000002,0.5407108661977631,fechner
1593,25_epo,15.0,0.5379544375357341,fechner
1594,25_epo,16.0,0.5355499039283853,fechner
1595,25_epo,17.0,0.533433557138365,fechner
1596,25_epo,18.0,0.5315562655679742,fechner
1597,25_epo,19.0,0.5298795133688468,fechner
1598,25_epo,20.0,0.5283726692971571,fechner
1599,25_epo,21.0,0.5270110603410234,fechner
1600,25_epo,22.0,0.5257745855768683,fechner
1601,25_epo,23.0,0.5246467009035856,fechner
1602,25_epo,24.0,0.5236136635266018,fechner
1603,25_epo,25.0,0.5226639616451195,fechner
1604,25_epo,26.0,0.5217878783368605,fechner
1605,25_epo,27.0,0.5209771541134909,fechner
1606,25_epo,28.000000000000004,0.5202247229975163,fechner
1607,25_epo,28.999999999999996,0.5195245040529306,fechner
1608,25_epo,30.0,0.5188712352127353,fechner
1609,25_epo,31.0,0.5182603397026702,fechner
1610,25_epo,32.0,0.5176878178262782,fechner
1611,25_epo,33.0,0.5171501586578309,fechner
1612,25_epo,34.0,0.5166442674916822,fechner
1613,25_epo,35.0,0.5161674058586208,fechner
1614,25_epo,36.0,0.5157171416377816,fechner
1615,25_epo,37.0,0.5152913073336001,fechner
1616,25_epo,38.0,0.5148879649984253,fechner
1617,25_epo,39.0,0.5145053765965016,fechner
1618,25_epo,40.0,0.5141419788483892,fechner
1619,25_epo,41.0,0.5137963617842423,fechner
1620,25_epo,42.0,0.5134672503827126,fechner
1621,25_epo,43.0,0.5131534887892267,fechner
1622,25_epo,44.0,0.5128540267002203,fechner
1623,25_epo,45.0,0.5125679075739977,fechner
1624,25_epo,46.0,0.5122942583883625,fechner
1625,25_epo,47.0,0.5120322807131481,fechner
1626,25_epo,48.0,0.5117812429046988,fechner
1627,25_epo,49.0,0.5115404732610664,fechner
1628,25_epo,50.0,0.5113093540026502,fechner
1629,25_epo,51.0,0.5110873159643673,fechner
1630,25_epo,52.0,0.51087383390306,fechner
1631,25_epo,53.0,0.5106684223384738,fechner
1632,25_epo,54.0,0.5104706318583019,fechner
1633,25_epo,55.00000000000001,0.5102800458279549,fechner
1634,25_epo,56.00000000000001,0.5100962774542376,fechner
1635,25_epo,56.99999999999999,0.5099189671592794,fechner
1636,25_epo,57.99999999999999,0.5097477802271194,fechner
1637,25_epo,59.0,0.5095824046904628,fechner
1638,25_epo,60.0,0.5094225494294812,fechner
1639,25_epo,61.0,0.5092679424582303,fechner
1640,25_epo,62.0,0.5091183293774252,fechner
1641,25_epo,63.0,0.5089734719750246,fechner
1642,25_epo,64.0,0.5088331469583994,fechner
1643,25_epo,65.0,0.5086971448038712,fechner
1644,25_epo,66.0,0.5085652687111291,fechner
1645,25_epo,67.0,0.5084373336515357,fechner
1646,25_epo,68.0,0.5083131655006266,fechner
1647,25_epo,69.0,0.5081926002462371,fechner
1648,25_epo,70.0,0.5080754832646723,fechner
1649,25_epo,71.0,0.5079616686581926,fechner
1650,25_epo,72.0,0.5078510186478383,fechner
1651,25_epo,73.0,0.507743403016273,fechner
1652,25_epo,74.0,0.5076386985959003,fechner
1653,25_epo,75.0,0.5075367887980213,fechner
1654,25_epo,76.0,0.5074375631792399,fechner
1655,25_epo,77.0,0.5073409170417246,fechner
1656,25_epo,78.0,0.5072467510642797,fechner
1657,25_epo,79.0,0.5071549709614925,fechner
1658,25_epo,80.0,0.50706548716849,fechner
1659,25_epo,81.0,0.5069782145490911,fechner
1660,25_epo,82.0,0.5068930721253534,fechner
1661,25_epo,83.0,0.506809982826702,fechner
1662,25_epo,84.0,0.5067288732570105,fechner
1663,25_epo,85.0,0.5066496734781504,fechner
1664,25_epo,86.0,0.5065723168086651,fechner
1665,25_epo,87.0,0.5064967396363518,fechner
1666,25_epo,88.0,0.5064228812436419,fechner
1667,25_epo,89.0,0.5063506836447694,fechner
1668,25_epo,90.0,0.5062800914338137,fechner
1669,25_epo,91.0,0.5062110516427739,fechner
1670,25_epo,92.0,0.5061435136089126,fechner
1671,25_epo,93.0,0.5060774288506714,fechner
1672,25_epo,94.0,0.5060127509515154,fechner
1673,25_epo,95.0,0.5059494354511256,fechner
1674,2_epo,3.0,0.5000000006164524,fechner
1675,2_epo,4.0,0.5000000003769669,fechner
1676,2_epo,5.0,0.500000000282432,fechner
1677,2_epo,6.0,0.5000000002281084,fechner
1678,2_epo,7.000000000000001,0.5000000001920943,fechner
1679,2_epo,8.0,0.5000000001662354,fechner
1680,2_epo,9.0,0.500000000146676,fechner
1681,2_epo,10.0,0.5000000001313234,fechner
1682,2_epo,11.0,0.5000000001189315,fechner
1683,2_epo,12.0,0.5000000001087083,fechner
1684,2_epo,13.0,0.5000000001001239,fechner
1685,2_epo,14.000000000000002,0.5000000000928095,fechner
1686,2_epo,15.0,0.5000000000865005,fechner
1687,2_epo,16.0,0.5000000000810012,fechner
1688,2_epo,17.0,0.5000000000761642,fechner
1689,2_epo,18.0,0.5000000000718758,fechner
1690,2_epo,19.0,0.5000000000680473,fechner
1691,2_epo,20.0,0.5000000000646081,fechner
1692,2_epo,21.0,0.5000000000615014,fechner
1693,2_epo,22.0,0.5000000000586808,fechner
1694,2_epo,23.0,0.5000000000561088,fechner
1695,2_epo,24.0,0.5000000000537534,fechner
1696,2_epo,25.0,0.5000000000515885,fechner
1697,2_epo,26.0,0.5000000000495918,fechner
1698,2_epo,27.0,0.5000000000477443,fechner
1699,2_epo,28.000000000000004,0.5000000000460298,fechner
1700,2_epo,28.999999999999996,0.5000000000444346,fechner
1701,2_epo,30.0,0.5000000000429464,fechner
1702,2_epo,31.0,0.5000000000415549,fechner
1703,2_epo,32.0,0.5000000000402509,fechner
1704,2_epo,33.0,0.5000000000390264,fechner
1705,2_epo,34.0,0.5000000000378744,fechner
1706,2_epo,35.0,0.5000000000367885,fechner
1707,2_epo,36.0,0.5000000000357632,fechner
1708,2_epo,37.0,0.5000000000347936,fechner
1709,2_epo,38.0,0.5000000000338753,fechner
1710,2_epo,39.0,0.5000000000330044,fechner
1711,2_epo,40.0,0.500000000032177,fechner
1712,2_epo,41.0,0.5000000000313902,fechner
1713,2_epo,42.0,0.500000000030641,fechner
1714,2_epo,43.0,0.5000000000299268,fechner
1715,2_epo,44.0,0.5000000000292453,fechner
1716,2_epo,45.0,0.500000000028594,fechner
1717,2_epo,46.0,0.5000000000279711,fechner
1718,2_epo,47.0,0.5000000000273749,fechner
1719,2_epo,48.0,0.5000000000268034,fechner
1720,2_epo,49.0,0.5000000000262556,fechner
1721,2_epo,50.0,0.5000000000257295,fechner
1722,2_epo,51.0,0.5000000000252243,fechner
1723,2_epo,52.0,0.5000000000247383,fechner
1724,2_epo,53.0,0.5000000000242709,fechner
1725,2_epo,54.0,0.5000000000238208,fechner
1726,2_epo,55.00000000000001,0.5000000000233871,fechner
1727,2_epo,56.00000000000001,0.500000000022969,fechner
1728,2_epo,56.99999999999999,0.5000000000225654,fechner
1729,2_epo,57.99999999999999,0.5000000000221759,fechner
1730,2_epo,59.0,0.5000000000217996,fechner
1731,2_epo,60.0,0.5000000000214359,fechner
1732,2_epo,61.0,0.500000000021084,fechner
1733,2_epo,62.0,0.5000000000207435,fechner
1734,2_epo,63.0,0.500000000020414,fechner
1735,2_epo,64.0,0.5000000000200947,fechner
1736,2_epo,65.0,0.5000000000197852,fechner
1737,2_epo,66.0,0.5000000000194852,fechner
1738,2_epo,67.0,0.5000000000191941,fechner
1739,2_epo,68.0,0.5000000000189115,fechner
1740,2_epo,69.0,0.5000000000186372,fechner
1741,2_epo,70.0,0.5000000000183707,fechner
1742,2_epo,71.0,0.5000000000181117,fechner
1743,2_epo,72.0,0.50000000001786,fechner
1744,2_epo,73.0,0.5000000000176151,fechner
1745,2_epo,74.0,0.500000000017377,fechner
1746,2_epo,75.0,0.5000000000171451,fechner
1747,2_epo,76.0,0.5000000000169194,fechner
1748,2_epo,77.0,0.5000000000166994,fechner
1749,2_epo,78.0,0.5000000000164851,fechner
1750,2_epo,79.0,0.5000000000162764,fechner
1751,2_epo,80.0,0.5000000000160728,fechner
1752,2_epo,81.0,0.5000000000158742,fechner
1753,2_epo,82.0,0.5000000000156806,fechner
1754,2_epo,83.0,0.5000000000154915,fechner
1755,2_epo,84.0,0.500000000015307,fechner
1756,2_epo,85.0,0.5000000000151268,fechner
1757,2_epo,86.0,0.5000000000149508,fechner
1758,2_epo,87.0,0.5000000000147788,fechner
1759,2_epo,88.0,0.5000000000146108,fechner
1760,2_epo,89.0,0.5000000000144466,fechner
1761,2_epo,90.0,0.5000000000142859,fechner
1762,2_epo,91.0,0.5000000000141289,fechner
1763,2_epo,92.0,0.5000000000139753,fechner
1764,2_epo,93.0,0.5000000000138248,fechner
1765,2_epo,94.0,0.5000000000136777,fechner
1766,2_epo,95.0,0.5000000000135337,fechner
1767,3_epo,3.0,0.5000000000145632,fechner
1768,3_epo,4.0,0.5000000000089055,fechner
1769,3_epo,5.0,0.5000000000066722,fechner
1770,3_epo,6.0,0.5000000000053889,fechner
1771,3_epo,7.000000000000001,0.5000000000045381,fechner
1772,3_epo,8.0,0.5000000000039272,fechner
1773,3_epo,9.0,0.5000000000034651,fechner
1774,3_epo,10.0,0.5000000000031024,fechner
1775,3_epo,11.0,0.5000000000028096,fechner
1776,3_epo,12.0,0.5000000000025682,fechner
1777,3_epo,13.0,0.5000000000023653,fechner
1778,3_epo,14.000000000000002,0.5000000000021926,fechner
1779,3_epo,15.0,0.5000000000020435,fechner
1780,3_epo,16.0,0.5000000000019136,fechner
1781,3_epo,17.0,0.5000000000017993,fechner
1782,3_epo,18.0,0.500000000001698,fechner
1783,3_epo,19.0,0.5000000000016076,fechner
1784,3_epo,20.0,0.5000000000015263,fechner
1785,3_epo,21.0,0.500000000001453,fechner
1786,3_epo,22.0,0.5000000000013863,fechner
1787,3_epo,23.0,0.5000000000013255,fechner
1788,3_epo,24.0,0.5000000000012699,fechner
1789,3_epo,25.0,0.5000000000012188,fechner
1790,3_epo,26.0,0.5000000000011716,fechner
1791,3_epo,27.0,0.500000000001128,fechner
1792,3_epo,28.000000000000004,0.5000000000010875,fechner
1793,3_epo,28.999999999999996,0.5000000000010497,fechner
1794,3_epo,30.0,0.5000000000010146,fechner
1795,3_epo,31.0,0.5000000000009818,fechner
1796,3_epo,32.0,0.5000000000009509,fechner
1797,3_epo,33.0,0.500000000000922,fechner
1798,3_epo,34.0,0.5000000000008947,fechner
1799,3_epo,35.0,0.5000000000008691,fechner
1800,3_epo,36.0,0.5000000000008449,fechner
1801,3_epo,37.0,0.500000000000822,fechner
1802,3_epo,38.0,0.5000000000008002,fechner
1803,3_epo,39.0,0.5000000000007797,fechner
1804,3_epo,40.0,0.5000000000007602,fechner
1805,3_epo,41.0,0.5000000000007416,fechner
1806,3_epo,42.0,0.5000000000007239,fechner
1807,3_epo,43.0,0.500000000000707,fechner
1808,3_epo,44.0,0.5000000000006909,fechner
1809,3_epo,45.0,0.5000000000006756,fechner
1810,3_epo,46.0,0.5000000000006608,fechner
1811,3_epo,47.0,0.5000000000006467,fechner
1812,3_epo,48.0,0.5000000000006333,fechner
1813,3_epo,49.0,0.5000000000006203,fechner
1814,3_epo,50.0,0.5000000000006078,fechner
1815,3_epo,51.0,0.500000000000596,fechner
1816,3_epo,52.0,0.5000000000005844,fechner
1817,3_epo,53.0,0.5000000000005734,fechner
1818,3_epo,54.0,0.5000000000005628,fechner
1819,3_epo,55.00000000000001,0.5000000000005526,fechner
1820,3_epo,56.00000000000001,0.5000000000005427,fechner
1821,3_epo,56.99999999999999,0.5000000000005331,fechner
1822,3_epo,57.99999999999999,0.5000000000005239,fechner
1823,3_epo,59.0,0.500000000000515,fechner
1824,3_epo,60.0,0.5000000000005064,fechner
1825,3_epo,61.0,0.5000000000004982,fechner
1826,3_epo,62.0,0.50000000000049,fechner
1827,3_epo,63.0,0.5000000000004823,fechner
1828,3_epo,64.0,0.5000000000004747,fechner
1829,3_epo,65.0,0.5000000000004674,fechner
1830,3_epo,66.0,0.5000000000004603,fechner
1831,3_epo,67.0,0.5000000000004534,fechner
1832,3_epo,68.0,0.5000000000004468,fechner
1833,3_epo,69.0,0.5000000000004403,fechner
1834,3_epo,70.0,0.500000000000434,fechner
1835,3_epo,71.0,0.5000000000004279,fechner
1836,3_epo,72.0,0.500000000000422,fechner
1837,3_epo,73.0,0.5000000000004161,fechner
1838,3_epo,74.0,0.5000000000004106,fechner
1839,3_epo,75.0,0.500000000000405,fechner
1840,3_epo,76.0,0.5000000000003997,fechner
1841,3_epo,77.0,0.5000000000003946,fechner
1842,3_epo,78.0,0.5000000000003895,fechner
1843,3_epo,79.0,0.5000000000003846,fechner
1844,3_epo,80.0,0.5000000000003797,fechner
1845,3_epo,81.0,0.500000000000375,fechner
1846,3_epo,82.0,0.5000000000003705,fechner
1847,3_epo,83.0,0.500000000000366,fechner
1848,3_epo,84.0,0.5000000000003616,fechner
1849,3_epo,85.0,0.5000000000003574,fechner
1850,3_epo,86.0,0.5000000000003532,fechner
1851,3_epo,87.0,0.5000000000003492,fechner
1852,3_epo,88.0,0.5000000000003452,fechner
1853,3_epo,89.0,0.5000000000003413,fechner
1854,3_epo,90.0,0.5000000000003375,fechner
1855,3_epo,91.0,0.5000000000003338,fechner
1856,3_epo,92.0,0.5000000000003302,fechner
1857,3_epo,93.0,0.5000000000003266,fechner
1858,3_epo,94.0,0.5000000000003232,fechner
1859,3_epo,95.0,0.5000000000003197,fechner
1860,4_epo,3.0,0.5109479269121225,fechner
1861,4_epo,4.0,0.5066954373353819,fechner
1862,4_epo,5.0,0.5050165018463315,fechner
1863,4_epo,6.0,0.5040516659898324,fechner
1864,4_epo,7.000000000000001,0.5034120044521153,fechner
1865,4_epo,8.0,0.5029527045518366,fechner
1866,4_epo,9.0,0.5026052953375862,fechner
1867,4_epo,10.0,0.5023326018727502,fechner
1868,4_epo,11.0,0.5021124975945144,fechner
1869,4_epo,12.0,0.5019309112319478,fechner
1870,4_epo,13.0,0.5017784327208056,fechner
1871,4_epo,14.000000000000002,0.5016485145314341,fechner
1872,4_epo,15.0,0.501536451885556,fechner
1873,4_epo,16.0,0.5014387726626786,fechner
1874,4_epo,17.0,0.5013528560286815,fechner
1875,4_epo,18.0,0.5012766851482153,fechner
1876,4_epo,19.0,0.5012086817801785,fechner
1877,4_epo,20.0,0.501147592646665,fechner
1878,4_epo,21.0,0.501092409533196,fechner
1879,4_epo,22.0,0.5010423119471001,fechner
1880,4_epo,23.0,0.500996625212847,fechner
1881,4_epo,24.0,0.5009547893490529,fechner
1882,4_epo,25.0,0.5009163356144897,fechner
1883,4_epo,26.0,0.5008808685994305,fechner
1884,4_epo,27.0,0.5008480523868157,fechner
1885,4_epo,28.000000000000004,0.5008175997410185,fechner
1886,4_epo,28.999999999999996,0.5007892635769149,fechner
1887,4_epo,30.0,0.5007628301660109,fechner
1888,4_epo,31.0,0.5007381136797091,fechner
1889,4_epo,32.0,0.500714951771863,fechner
1890,4_epo,33.0,0.5006932019763812,fechner
1891,4_epo,34.0,0.5006727387493812,fechner
1892,4_epo,35.0,0.5006534510250261,fechner
1893,4_epo,36.0,0.5006352401837422,fechner
1894,4_epo,37.0,0.5006180183537451,fechner
1895,4_epo,38.0,0.5006017069836958,fechner
1896,4_epo,39.0,0.5005862356372361,fechner
1897,4_epo,40.0,0.5005715409701303,fechner
1898,4_epo,41.0,0.5005575658584973,fechner
1899,4_epo,42.0,0.5005442586526937,fechner
1900,4_epo,43.0,0.5005315725361904,fechner
1901,4_epo,44.0,0.5005194649725832,fechner
1902,4_epo,45.0,0.5005078972269064,fechner
1903,4_epo,46.0,0.5004968339498438,fechner
1904,4_epo,47.0,0.5004862428153951,fechner
1905,4_epo,48.0,0.5004760942041397,fechner
1906,4_epo,49.0,0.5004663609255368,fechner
1907,4_epo,50.0,0.5004570179737553,fechner
1908,4_epo,51.0,0.500448042312402,fechner
1909,4_epo,52.0,0.5004394126842316,fechner
1910,4_epo,53.0,0.5004311094425161,fechner
1911,4_epo,54.0,0.5004231144012519,fechner
1912,4_epo,55.00000000000001,0.50041541070179,fechner
1913,4_epo,56.00000000000001,0.5004079826938278,fechner
1914,4_epo,56.99999999999999,0.500400815828986,fechner
1915,4_epo,57.99999999999999,0.5003938965654456,fechner
1916,4_epo,59.0,0.5003872122823262,fechner
1917,4_epo,60.0,0.5003807512026623,fechner
1918,4_epo,61.0,0.5003745023239874,fechner
1919,4_epo,62.0,0.5003684553556627,fechner
1920,4_epo,63.0,0.5003626006621966,fechner
1921,4_epo,64.0,0.5003569292118997,fechner
1922,4_epo,65.0,0.5003514325302941,fechner
1923,4_epo,66.0,0.5003461026577755,fechner
1924,4_epo,67.0,0.5003409321110776,fechner
1925,4_epo,68.0,0.5003359138481495,fechner
1926,4_epo,69.0,0.5003310412360961,fechner
1927,4_epo,70.0,0.5003263080218755,fechner
1928,4_epo,71.0,0.5003217083054792,fechner
1929,4_epo,72.0,0.5003172365153559,fechner
1930,4_epo,73.0,0.5003128873858583,fechner
1931,4_epo,74.0,0.5003086559365265,fechner
1932,4_epo,75.0,0.5003045374530304,fechner
1933,4_epo,76.0,0.5003005274696227,fechner
1934,4_epo,77.0,0.5002966217529621,fechner
1935,4_epo,78.0,0.500292816287183,fechner
1936,4_epo,79.0,0.5002891072601039,fechner
1937,4_epo,80.0,0.5002854910504703,fechner
1938,4_epo,81.0,0.5002819642161468,fechner
1939,4_epo,82.0,0.5002785234831737,fechner
1940,4_epo,83.0,0.500275165735617,fechner
1941,4_epo,84.0,0.5002718880061455,fechner
1942,4_epo,85.0,0.500268687467273,fechner
1943,4_epo,86.0,0.5002655614232143,fechner
1944,4_epo,87.0,0.5002625073023029,fechner
1945,4_epo,88.0,0.5002595226499275,fechner
1946,4_epo,89.0,0.5002566051219444,fechner
1947,4_epo,90.0,0.5002537524785317,fechner
1948,4_epo,91.0,0.5002509625784476,fechner
1949,4_epo,92.0,0.5002482333736651,fechner
1950,4_epo,93.0,0.5002455629043528,fechner
1951,4_epo,94.0,0.500242949294177,fechner
1952,4_epo,95.0,0.5002403907459005,fechner
1953,5_epo,3.0,0.5000000001291915,fechner
1954,5_epo,4.0,0.5000000000790019,fechner
1955,5_epo,5.0,0.50000000005919,fechner
1956,5_epo,6.0,0.5000000000478053,fechner
1957,5_epo,7.000000000000001,0.5000000000402577,fechner
1958,5_epo,8.0,0.5000000000348384,fechner
1959,5_epo,9.0,0.5000000000307393,fechner
1960,5_epo,10.0,0.5000000000275218,fechner
1961,5_epo,11.0,0.5000000000249248,fechner
1962,5_epo,12.0,0.5000000000227823,fechner
1963,5_epo,13.0,0.5000000000209832,fechner
1964,5_epo,14.000000000000002,0.5000000000194503,fechner
1965,5_epo,15.0,0.5000000000181282,fechner
1966,5_epo,16.0,0.5000000000169756,fechner
1967,5_epo,17.0,0.5000000000159619,fechner
1968,5_epo,18.0,0.5000000000150632,fechner
1969,5_epo,19.0,0.5000000000142609,fechner
1970,5_epo,20.0,0.5000000000135401,fechner
1971,5_epo,21.0,0.500000000012889,fechner
1972,5_epo,22.0,0.5000000000122979,fechner
1973,5_epo,23.0,0.5000000000117589,fechner
1974,5_epo,24.0,0.5000000000112652,fechner
1975,5_epo,25.0,0.5000000000108116,fechner
1976,5_epo,26.0,0.5000000000103931,fechner
1977,5_epo,27.0,0.5000000000100059,fechner
1978,5_epo,28.000000000000004,0.5000000000096466,fechner
1979,5_epo,28.999999999999996,0.5000000000093123,fechner
1980,5_epo,30.0,0.5000000000090004,fechner
1981,5_epo,31.0,0.5000000000087088,fechner
1982,5_epo,32.0,0.5000000000084355,fechner
1983,5_epo,33.0,0.5000000000081789,fechner
1984,5_epo,34.0,0.5000000000079374,fechner
1985,5_epo,35.0,0.5000000000077098,fechner
1986,5_epo,36.0,0.500000000007495,fechner
1987,5_epo,37.0,0.5000000000072918,fechner
1988,5_epo,38.0,0.5000000000070993,fechner
1989,5_epo,39.0,0.5000000000069168,fechner
1990,5_epo,40.0,0.5000000000067434,fechner
1991,5_epo,41.0,0.5000000000065785,fechner
1992,5_epo,42.0,0.5000000000064215,fechner
1993,5_epo,43.0,0.5000000000062719,fechner
1994,5_epo,44.0,0.500000000006129,fechner
1995,5_epo,45.0,0.5000000000059925,fechner
1996,5_epo,46.0,0.500000000005862,fechner
1997,5_epo,47.0,0.5000000000057371,fechner
1998,5_epo,48.0,0.5000000000056173,fechner
1999,5_epo,49.0,0.5000000000055025,fechner
2000,5_epo,50.0,0.5000000000053922,fechner
2001,5_epo,51.0,0.5000000000052863,fechner
2002,5_epo,52.0,0.5000000000051845,fechner
2003,5_epo,53.0,0.5000000000050865,fechner
2004,5_epo,54.0,0.5000000000049922,fechner
2005,5_epo,55.00000000000001,0.5000000000049013,fechner
2006,5_epo,56.00000000000001,0.5000000000048137,fechner
2007,5_epo,56.99999999999999,0.5000000000047291,fechner
2008,5_epo,57.99999999999999,0.5000000000046475,fechner
2009,5_epo,59.0,0.5000000000045686,fechner
2010,5_epo,60.0,0.5000000000044924,fechner
2011,5_epo,61.0,0.5000000000044187,fechner
2012,5_epo,62.0,0.5000000000043473,fechner
2013,5_epo,63.0,0.5000000000042782,fechner
2014,5_epo,64.0,0.5000000000042113,fechner
2015,5_epo,65.0,0.5000000000041465,fechner
2016,5_epo,66.0,0.5000000000040835,fechner
2017,5_epo,67.0,0.5000000000040226,fechner
2018,5_epo,68.0,0.5000000000039634,fechner
2019,5_epo,69.0,0.5000000000039059,fechner
2020,5_epo,70.0,0.50000000000385,fechner
2021,5_epo,71.0,0.5000000000037957,fechner
2022,5_epo,72.0,0.500000000003743,fechner
2023,5_epo,73.0,0.5000000000036917,fechner
2024,5_epo,74.0,0.5000000000036418,fechner
2025,5_epo,75.0,0.5000000000035931,fechner
2026,5_epo,76.0,0.5000000000035458,fechner
2027,5_epo,77.0,0.5000000000034998,fechner
2028,5_epo,78.0,0.5000000000034549,fechner
2029,5_epo,79.0,0.500000000003411,fechner
2030,5_epo,80.0,0.5000000000033684,fechner
2031,5_epo,81.0,0.5000000000033268,fechner
2032,5_epo,82.0,0.5000000000032863,fechner
2033,5_epo,83.0,0.5000000000032466,fechner
2034,5_epo,84.0,0.5000000000032079,fechner
2035,5_epo,85.0,0.5000000000031701,fechner
2036,5_epo,86.0,0.5000000000031333,fechner
2037,5_epo,87.0,0.5000000000030973,fechner
2038,5_epo,88.0,0.500000000003062,fechner
2039,5_epo,89.0,0.5000000000030276,fechner
2040,5_epo,90.0,0.5000000000029939,fechner
2041,5_epo,91.0,0.5000000000029611,fechner
2042,5_epo,92.0,0.5000000000029289,fechner
2043,5_epo,93.0,0.5000000000028973,fechner
2044,5_epo,94.0,0.5000000000028665,fechner
2045,5_epo,95.0,0.5000000000028363,fechner
2046,6_epo,3.0,0.81526022273826,fechner
2047,6_epo,4.0,0.7125544406193088,fechner
2048,6_epo,5.0,0.6637746351251742,fechner
2049,6_epo,6.0,0.6339818977888417,fechner
2050,6_epo,7.000000000000001,0.6136325278388076,fechner
2051,6_epo,8.0,0.598767629463028,fechner
2052,6_epo,9.0,0.5874005277709224,fechner
2053,6_epo,10.0,0.5784117517183018,fechner
2054,6_epo,11.0,0.5711181171439933,fechner
2055,6_epo,12.0,0.565077389274284,fechner
2056,6_epo,13.0,0.5599899420087335,fechner
2057,6_epo,14.000000000000002,0.5556452199086059,fechner
2058,6_epo,15.0,0.5518907564713711,fechner
2059,6_epo,16.0,0.5486133412981752,fechner
2060,6_epo,17.0,0.5457270975598328,fechner
2061,6_epo,18.0,0.5431656716453757,fechner
2062,6_epo,19.0,0.5408769649344753,fechner
2063,6_epo,20.0,0.5388194892323449,fechner
2064,6_epo,21.0,0.5369597890195154,fechner
2065,6_epo,22.0,0.5352705822542345,fechner
2066,6_epo,23.0,0.5337293958944053,fechner
2067,6_epo,24.0,0.5323175487597114,fechner
2068,6_epo,25.0,0.5310193825785606,fechner
2069,6_epo,26.0,0.5298216732035287,fechner
2070,6_epo,27.0,0.5287131745144639,fechner
2071,6_epo,28.000000000000004,0.5276842613319459,fechner
2072,6_epo,28.999999999999996,0.5267266471046935,fechner
2073,6_epo,30.0,0.5258331586948277,fechner
2074,6_epo,31.0,0.5249975552103866,fechner
2075,6_epo,32.0,0.5242143811397941,fechner
2076,6_epo,33.0,0.5234788464343886,fechner
2077,6_epo,34.0,0.5227867279352797,fechner
2078,6_epo,35.0,0.522134287835462,fechner
2079,6_epo,36.0,0.5215182058353868,fechner
2080,6_epo,37.0,0.520935522379662,fechner
2081,6_epo,38.0,0.5203835909174745,fechner
2082,6_epo,39.0,0.5198600375549698,fechner
2083,6_epo,40.0,0.5193627267968198,fechner
2084,6_epo,41.0,0.5188897323303591,fechner
2085,6_epo,42.0,0.5184393120064823,fechner
2086,6_epo,43.0,0.5180098863299466,fechner
2087,6_epo,44.0,0.5176000198975251,fechner
2088,6_epo,45.0,0.5172084053229158,fechner
2089,6_epo,46.0,0.5168338492679871,fechner
2090,6_epo,47.0,0.5164752602650649,fechner
2091,6_epo,48.0,0.5161316380678009,fechner
2092,6_epo,49.0,0.5158020643112463,fechner
2093,6_epo,50.0,0.5154856942970241,fechner
2094,6_epo,51.0,0.5151817497485176,fechner
2095,6_epo,52.0,0.5148895124049631,fechner
2096,6_epo,53.0,0.5146083183432087,fechner
2097,6_epo,54.0,0.5143375529324594,fechner
2098,6_epo,55.00000000000001,0.5140766463411485,fechner
2099,6_epo,56.00000000000001,0.5138250695266814,fechner
2100,6_epo,56.99999999999999,0.5135823306485486,fechner
2101,6_epo,57.99999999999999,0.5133479718535459,fechner
2102,6_epo,59.0,0.5131215663888133,fechner
2103,6_epo,60.0,0.5129027160043333,fechner
2104,6_epo,61.0,0.5126910486115703,fechner
2105,6_epo,62.0,0.5124862161692538,fechner
2106,6_epo,63.0,0.5122878927709956,fechner
2107,6_epo,64.0,0.512095772912606,fechner
2108,6_epo,65.0,0.5119095699197095,fechner
2109,6_epo,66.0,0.5117290145186132,fechner
2110,6_epo,67.0,0.5115538535354271,fechner
2111,6_epo,68.0,0.5113838487102015,fechner
2112,6_epo,69.0,0.5112187756143871,fechner
2113,6_epo,70.0,0.5110584226612627,fechner
2114,6_epo,71.0,0.5109025902001448,fechner
2115,6_epo,72.0,0.510751089686217,fechner
2116,6_epo,73.0,0.5106037429187118,fechner
2117,6_epo,74.0,0.5104603813409689,fechner
2118,6_epo,75.0,0.5103208453965815,fechner
2119,6_epo,76.0,0.5101849839364554,fechner
2120,6_epo,77.0,0.5100526536721451,fechner
2121,6_epo,78.0,0.5099237186713051,fechner
2122,6_epo,79.0,0.5097980498915194,fechner
2123,6_epo,80.0,0.5096755247491446,fechner
2124,6_epo,81.0,0.5095560267201354,fechner
2125,6_epo,82.0,0.5094394449701211,fechner
2126,6_epo,83.0,0.5093256740112558,fechner
2127,6_epo,84.0,0.509214613383616,fechner
2128,6_epo,85.0,0.5091061673591136,fechner
2129,6_epo,86.0,0.509000244666094,fechner
2130,6_epo,87.0,0.5088967582329504,fechner
2131,6_epo,88.0,0.5087956249492396,fechner
2132,6_epo,89.0,0.5086967654429214,fechner
2133,6_epo,90.0,0.5086001038724671,fechner
2134,6_epo,91.0,0.5085055677326878,fechner
2135,6_epo,92.0,0.5084130876732431,fechner
2136,6_epo,93.0,0.5083225973288691,fechner
2137,6_epo,94.0,0.5082340331604556,fechner
2138,6_epo,95.0,0.5081473343061707,fechner
2139,7_epo,3.0,0.5000000084230977,fechner
2140,7_epo,4.0,0.5000000051508089,fechner
2141,7_epo,5.0,0.5000000038591004,fechner
2142,7_epo,6.0,0.500000003116834,fechner
2143,7_epo,7.000000000000001,0.5000000026247434,fechner
2144,7_epo,8.0,0.5000000022714102,fechner
2145,7_epo,9.0,0.5000000020041555,fechner
2146,7_epo,10.0,0.5000000017943795,fechner
2147,7_epo,11.0,0.5000000016250598,fechner
2148,7_epo,12.0,0.5000000014853712,fechner
2149,7_epo,13.0,0.5000000013680747,fechner
2150,7_epo,14.000000000000002,0.5000000012681333,fechner
2151,7_epo,15.0,0.5000000011819276,fechner
2152,7_epo,16.0,0.5000000011067867,fechner
2153,7_epo,17.0,0.5000000010406943,fechner
2154,7_epo,18.0,0.5000000009820991,fechner
2155,7_epo,19.0,0.5000000009297868,fechner
2156,7_epo,20.0,0.5000000008827934,fechner
2157,7_epo,21.0,0.5000000008403432,fechner
2158,7_epo,22.0,0.5000000008018052,fechner
2159,7_epo,23.0,0.5000000007666603,fechner
2160,7_epo,24.0,0.5000000007344777,fechner
2161,7_epo,25.0,0.5000000007048969,fechner
2162,7_epo,26.0,0.5000000006776136,fechner
2163,7_epo,27.0,0.5000000006523695,fechner
2164,7_epo,28.000000000000004,0.5000000006289436,fechner
2165,7_epo,28.999999999999996,0.5000000006071458,fechner
2166,7_epo,30.0,0.5000000005868117,fechner
2167,7_epo,31.0,0.5000000005677984,fechner
2168,7_epo,32.0,0.5000000005499808,fechner
2169,7_epo,33.0,0.5000000005332497,fechner
2170,7_epo,34.0,0.5000000005175083,fechner
2171,7_epo,35.0,0.500000000502671,fechner
2172,7_epo,36.0,0.5000000004886622,fechner
2173,7_epo,37.0,0.5000000004754142,fechner
2174,7_epo,38.0,0.5000000004628665,fechner
2175,7_epo,39.0,0.5000000004509652,fechner
2176,7_epo,40.0,0.5000000004396612,fechner
2177,7_epo,41.0,0.5000000004289107,fechner
2178,7_epo,42.0,0.5000000004186741,fechner
2179,7_epo,43.0,0.5000000004089152,fechner
2180,7_epo,44.0,0.5000000003996014,fechner
2181,7_epo,45.0,0.5000000003907028,fechner
2182,7_epo,46.0,0.5000000003821923,fechner
2183,7_epo,47.0,0.500000000374045,fechner
2184,7_epo,48.0,0.5000000003662382,fechner
2185,7_epo,49.0,0.5000000003587508,fechner
2186,7_epo,50.0,0.5000000003515637,fechner
2187,7_epo,51.0,0.5000000003446591,fechner
2188,7_epo,52.0,0.5000000003380206,fechner
2189,7_epo,53.0,0.5000000003316334,fechner
2190,7_epo,54.0,0.5000000003254831,fechner
2191,7_epo,55.00000000000001,0.500000000319557,fechner
2192,7_epo,56.00000000000001,0.500000000313843,fechner
2193,7_epo,56.99999999999999,0.5000000003083298,fechner
2194,7_epo,57.99999999999999,0.5000000003030071,fechner
2195,7_epo,59.0,0.5000000002978652,fechner
2196,7_epo,60.0,0.5000000002928949,fechner
2197,7_epo,61.0,0.500000000288088,fechner
2198,7_epo,62.0,0.5000000002834363,fechner
2199,7_epo,63.0,0.5000000002789325,fechner
2200,7_epo,64.0,0.5000000002745698,fechner
2201,7_epo,65.0,0.5000000002703414,fechner
2202,7_epo,66.0,0.5000000002662414,fechner
2203,7_epo,67.0,0.5000000002622639,fechner
2204,7_epo,68.0,0.5000000002584036,fechner
2205,7_epo,69.0,0.5000000002546553,fechner
2206,7_epo,70.0,0.5000000002510142,fechner
2207,7_epo,71.0,0.5000000002474759,fechner
2208,7_epo,72.0,0.5000000002440359,fechner
2209,7_epo,73.0,0.5000000002406904,fechner
2210,7_epo,74.0,0.5000000002374353,fechner
2211,7_epo,75.0,0.5000000002342672,fechner
2212,7_epo,76.0,0.5000000002311824,fechner
2213,7_epo,77.0,0.5000000002281779,fechner
2214,7_epo,78.0,0.5000000002252505,fechner
2215,7_epo,79.0,0.5000000002223973,fechner
2216,7_epo,80.0,0.5000000002196155,fechner
2217,7_epo,81.0,0.5000000002169025,fechner
2218,7_epo,82.0,0.5000000002142557,fechner
2219,7_epo,83.0,0.5000000002116728,fechner
2220,7_epo,84.0,0.5000000002091514,fechner
2221,7_epo,85.0,0.5000000002066893,fechner
2222,7_epo,86.0,0.5000000002042846,fechner
2223,7_epo,87.0,0.5000000002019351,fechner
2224,7_epo,88.0,0.5000000001996392,fechner
2225,7_epo,89.0,0.5000000001973949,fechner
2226,7_epo,90.0,0.5000000001952005,fechner
2227,7_epo,91.0,0.5000000001930544,fechner
2228,7_epo,92.0,0.5000000001909549,fechner
2229,7_epo,93.0,0.5000000001889006,fechner
2230,7_epo,94.0,0.5000000001868901,fechner
2231,7_epo,95.0,0.5000000001849219,fechner
2232,8_epo,3.0,0.5000358346371685,fechner
2233,8_epo,4.0,0.5000219132409489,fechner
2234,8_epo,5.0,0.500016417886658,fechner
2235,8_epo,6.0,0.5000132600403608,fechner
2236,8_epo,7.000000000000001,0.5000111665247944,fechner
2237,8_epo,8.0,0.5000096633285607,fechner
2238,8_epo,9.0,0.5000085263390176,fechner
2239,8_epo,10.0,0.5000076338825642,fechner
2240,8_epo,11.0,0.5000069135404994,fechner
2241,8_epo,12.0,0.5000063192592356,fechner
2242,8_epo,13.0,0.5000058202411041,fechner
2243,8_epo,14.000000000000002,0.5000053950572482,fechner
2244,8_epo,15.0,0.5000050283098989,fechner
2245,8_epo,16.0,0.5000047086355822,fechner
2246,8_epo,17.0,0.5000044274569307,fechner
2247,8_epo,18.0,0.5000041781733447,fechner
2248,8_epo,19.0,0.5000039556196493,fechner
2249,8_epo,20.0,0.5000037556941999,fechner
2250,8_epo,21.0,0.5000035750973861,fechner
2251,8_epo,22.0,0.5000034111439648,fechner
2252,8_epo,23.0,0.5000032616259147,fechner
2253,8_epo,24.0,0.5000031247105781,fechner
2254,8_epo,25.0,0.500002998863902,fechner
2255,8_epo,26.0,0.5000028827918276,fechner
2256,8_epo,27.0,0.5000027753949984,fechner
2257,8_epo,28.000000000000004,0.5000026757333789,fechner
2258,8_epo,28.999999999999996,0.5000025829983344,fechner
2259,8_epo,30.0,0.5000024964903971,fechner
2260,8_epo,31.0,0.5000024156014068,fechner
2261,8_epo,32.0,0.500002339800055,fechner
2262,8_epo,33.0,0.5000022686200944,fechner
2263,8_epo,34.0,0.5000022016506592,fechner
2264,8_epo,35.0,0.5000021385282657,fechner
2265,8_epo,36.0,0.500002078930163,fechner
2266,8_epo,37.0,0.5000020225687745,fechner
2267,8_epo,38.0,0.5000019691870264,fechner
2268,8_epo,39.0,0.5000019185544031,fechner
2269,8_epo,40.0,0.5000018704635991,fechner
2270,8_epo,41.0,0.5000018247276661,fechner
2271,8_epo,42.0,0.5000017811775712,fechner
2272,8_epo,43.0,0.5000017396600992,fechner
2273,8_epo,44.0,0.5000017000360419,fechner
2274,8_epo,45.0,0.5000016621786323,fechner
2275,8_epo,46.0,0.5000016259721833,fechner
2276,8_epo,47.0,0.5000015913109027,fechner
2277,8_epo,48.0,0.5000015580978555,fechner
2278,8_epo,49.0,0.5000015262440558,fechner
2279,8_epo,50.0,0.5000014956676677,fechner
2280,8_epo,51.0,0.5000014662933006,fechner
2281,8_epo,52.0,0.5000014380513864,fechner
2282,8_epo,53.0,0.5000014108776277,fechner
2283,8_epo,54.0,0.5000013847125078,fechner
2284,8_epo,55.00000000000001,0.5000013595008536,fechner
2285,8_epo,56.00000000000001,0.5000013351914468,fechner
2286,8_epo,56.99999999999999,0.5000013117366756,fechner
2287,8_epo,57.99999999999999,0.5000012890922217,fechner
2288,8_epo,59.0,0.5000012672167813,fechner
2289,8_epo,60.0,0.5000012460718122,fechner
2290,8_epo,61.0,0.5000012256213068,fechner
2291,8_epo,62.0,0.5000012058315874,fechner
2292,8_epo,63.0,0.50000118667112,fechner
2293,8_epo,64.0,0.500001168110347,fechner
2294,8_epo,65.0,0.5000011501215342,fechner
2295,8_epo,66.0,0.5000011326786323,fechner
2296,8_epo,67.0,0.5000011157571512,fechner
2297,8_epo,68.0,0.5000010993340445,fechner
2298,8_epo,69.0,0.5000010833876048,fechner
2299,8_epo,70.0,0.5000010678973682,fechner
2300,8_epo,71.0,0.5000010528440259,fechner
2301,8_epo,72.0,0.5000010382093436,fechner
2302,8_epo,73.0,0.5000010239760891,fechner
2303,8_epo,74.0,0.5000010101279628,fechner
2304,8_epo,75.0,0.5000009966495362,fechner
2305,8_epo,76.0,0.5000009835261945,fechner
2306,8_epo,77.0,0.5000009707440832,fechner
2307,8_epo,78.0,0.5000009582900599,fechner
2308,8_epo,79.0,0.5000009461516485,fechner
2309,8_epo,80.0,0.5000009343169977,fechner
2310,8_epo,81.0,0.5000009227748425,fechner
2311,8_epo,82.0,0.5000009115144687,fechner
2312,8_epo,83.0,0.5000009005256787,fechner
2313,8_epo,84.0,0.5000008897987611,fechner
2314,8_epo,85.0,0.5000008793244628,fechner
2315,8_epo,86.0,0.5000008690939614,fechner
2316,8_epo,87.0,0.5000008590988405,fechner
2317,8_epo,88.0,0.500000849331067,fechner
2318,8_epo,89.0,0.5000008397829694,fechner
2319,8_epo,90.0,0.5000008304472174,fechner
2320,8_epo,91.0,0.5000008213168036,fechner
2321,8_epo,92.0,0.5000008123850253,fechner
2322,8_epo,93.0,0.5000008036454686,fechner
2323,8_epo,94.0,0.500000795091993,fechner
2324,8_epo,95.0,0.5000007867187167,fechner
2325,9_epo,3.0,0.9999999855860968,fechner
2326,9_epo,4.0,0.9999839672082086,fechner
2327,9_epo,5.0,0.9997445060396805,fechner
2328,9_epo,6.0,0.9987470413432086,fechner
2329,9_epo,7.000000000000001,0.996410649731174,fechner
2330,9_epo,8.0,0.9923760811710409,fechner
2331,9_epo,9.0,0.986559433584119,fechner
2332,9_epo,10.0,0.9790877697373329,fechner
2333,9_epo,11.0,0.9702102082905278,fechner
2334,9_epo,12.0,0.9602247243520773,fechner
2335,9_epo,13.0,0.949429576597875,fechner
2336,9_epo,14.000000000000002,0.9380960335861316,fechner
2337,9_epo,15.0,0.9264561276289555,fechner
2338,9_epo,16.0,0.9146997531294488,fechner
2339,9_epo,17.0,0.9029769373546473,fechner
2340,9_epo,18.0,0.8914025529813837,fechner
2341,9_epo,19.0,0.8800618342231603,fechner
2342,9_epo,20.0,0.8690157971813678,fechner
2343,9_epo,21.0,0.8583061278424214,fechner
2344,9_epo,22.0,0.84795937260115,fechner
2345,9_epo,23.0,0.8379904144669501,fechner
2346,9_epo,24.0,0.8284052913997234,fechner
2347,9_epo,25.0,0.8192034431810017,fechner
2348,9_epo,26.0,0.8103794795848157,fechner
2349,9_epo,27.0,0.8019245571533178,fechner
2350,9_epo,28.000000000000004,0.7938274413430575,fechner
2351,9_epo,28.999999999999996,0.7860753188542705,fechner
2352,9_epo,30.0,0.7786544134423283,fechner
2353,9_epo,31.0,0.7715504482636156,fechner
2354,9_epo,32.0,0.7647489890942738,fechner
2355,9_epo,33.0,0.7582356955605356,fechner
2356,9_epo,34.0,0.7519965016842971,fechner
2357,9_epo,35.0,0.7460177423811507,fechner
2358,9_epo,36.0,0.7402862388514595,fechner
2359,9_epo,37.0,0.7347893528965058,fechner
2360,9_epo,38.0,0.7295150179145826,fechner
2361,9_epo,39.0,0.724451752555557,fechner
2362,9_epo,40.0,0.7195886616305166,fechner
2363,9_epo,41.0,0.7149154278002923,fechner
2364,9_epo,42.0,0.7104222967351433,fechner
2365,9_epo,43.0,0.7061000577943464,fechner
2366,9_epo,44.0,0.7019400217770237,fechner
2367,9_epo,45.0,0.69793399691156,fechner
2368,9_epo,46.0,0.6940742639550381,fechner
2369,9_epo,47.0,0.6903535510464135,fechner
2370,9_epo,48.0,0.6867650087823566,fechner
2371,9_epo,49.0,0.6833021858508469,fechner
2372,9_epo,50.0,0.6799590054554977,fechner
2373,9_epo,51.0,0.6767297426860214,fechner
2374,9_epo,52.0,0.6736090029316584,fechner
2375,9_epo,53.0,0.6705917013904755,fechner
2376,9_epo,54.0,0.6676730436948074,fechner
2377,9_epo,55.00000000000001,0.6648485076492232,fechner
2378,9_epo,56.00000000000001,0.6621138260601545,fechner
2379,9_epo,56.99999999999999,0.6594649706242228,fechner
2380,9_epo,57.99999999999999,0.6568981368340943,fechner
2381,9_epo,59.0,0.6544097298554427,fechner
2382,9_epo,60.0,0.6519963513255742,fechner
2383,9_epo,61.0,0.6496547870229147,fechner
2384,9_epo,62.0,0.6473819953564236,fechner
2385,9_epo,63.0,0.6451750966247569,fechner
2386,9_epo,64.0,0.6430313629963853,fechner
2387,9_epo,65.0,0.6409482091637025,fechner
2388,9_epo,66.0,0.6389231836262486,fechner
2389,9_epo,67.0,0.6369539605604663,fechner
2390,9_epo,68.0,0.635038332235745,fechner
2391,9_epo,69.0,0.6331742019388996,fechner
2392,9_epo,70.0,0.6313595773715761,fechner
2393,9_epo,71.0,0.6295925644873731,fechner
2394,9_epo,72.0,0.6278713617376809,fechner
2395,9_epo,73.0,0.6261942546973526,fechner
2396,9_epo,74.0,0.6245596110433347,fechner
2397,9_epo,75.0,0.6229658758612846,fechner
2398,9_epo,76.0,0.6214115672569807,fechner
2399,9_epo,77.0,0.6198952722510174,fechner
2400,9_epo,78.0,0.6184156429368272,fechner
2401,9_epo,79.0,0.6169713928835445,fechner
2402,9_epo,80.0,0.6155612937665736,fechner
2403,9_epo,81.0,0.6141841722099836,fechner
2404,9_epo,82.0,0.612838906826035,fechner
2405,9_epo,83.0,0.6115244254382062,fechner
2406,9_epo,84.0,0.6102397024751105,fechner
2407,9_epo,85.0,0.6089837565236146,fechner
2408,9_epo,86.0,0.6077556480303263,fechner
2409,9_epo,87.0,0.606554477141414,fechner
2410,9_epo,88.0,0.6053793816714627,fechner
2411,9_epo,89.0,0.6042295351927346,fechner
2412,9_epo,90.0,0.6031041452368382,fechner
2413,9_epo,91.0,0.602002451601387,fechner
2414,9_epo,92.0,0.600923724754756,fechner
2415,9_epo,93.0,0.599867264332553,fechner
2416,9_epo,94.0,0.5988323977198559,fechner
2417,9_epo,95.0,0.597818478713711,fechner
