,participant,contrast,mrt,name
0,0_epo,3.0,104.70738860174025,linear
1,0_epo,4.0,104.79411067889588,linear
2,0_epo,5.0,104.8808327560515,linear
3,0_epo,6.0,104.96755483320713,linear
4,0_epo,7.000000000000001,105.05427691036276,linear
5,0_epo,8.0,105.14099898751839,linear
6,0_epo,9.0,105.22772106467401,linear
7,0_epo,10.0,105.31444314182964,linear
8,0_epo,11.0,105.40116521898527,linear
9,0_epo,12.0,105.4878872961409,linear
10,0_epo,13.0,105.57460937329652,linear
11,0_epo,14.000000000000002,105.66133145045214,linear
12,0_epo,15.0,105.74805352760777,linear
13,0_epo,16.0,105.8347756047634,linear
14,0_epo,17.0,105.92149768191902,linear
15,0_epo,18.0,106.00821975907465,linear
16,0_epo,19.0,106.09494183623028,linear
17,0_epo,20.0,106.1816639133859,linear
18,0_epo,21.0,106.26838599054153,linear
19,0_epo,22.0,106.35510806769716,linear
20,0_epo,23.0,106.44183014485279,linear
21,0_epo,24.0,106.52855222200841,linear
22,0_epo,25.0,106.61527429916404,linear
23,0_epo,26.0,106.70199637631967,linear
24,0_epo,27.0,106.78871845347528,linear
25,0_epo,28.000000000000004,106.87544053063091,linear
26,0_epo,28.999999999999996,106.96216260778654,linear
27,0_epo,30.0,107.04888468494217,linear
28,0_epo,31.0,107.1356067620978,linear
29,0_epo,32.0,107.22232883925342,linear
30,0_epo,33.0,107.30905091640905,linear
31,0_epo,34.0,107.39577299356468,linear
32,0_epo,35.0,107.4824950707203,linear
33,0_epo,36.0,107.56921714787593,linear
34,0_epo,37.0,107.65593922503156,linear
35,0_epo,38.0,107.74266130218719,linear
36,0_epo,39.0,107.82938337934281,linear
37,0_epo,40.0,107.91610545649843,linear
38,0_epo,41.0,108.00282753365406,linear
39,0_epo,42.0,108.08954961080968,linear
40,0_epo,43.0,108.17627168796531,linear
41,0_epo,44.0,108.26299376512094,linear
42,0_epo,45.0,108.34971584227657,linear
43,0_epo,46.0,108.4364379194322,linear
44,0_epo,47.0,108.52315999658782,linear
45,0_epo,48.0,108.60988207374345,linear
46,0_epo,49.0,108.69660415089908,linear
47,0_epo,50.0,108.7833262280547,linear
48,0_epo,51.0,108.87004830521033,linear
49,0_epo,52.0,108.95677038236596,linear
50,0_epo,53.0,109.04349245952157,linear
51,0_epo,54.0,109.1302145366772,linear
52,0_epo,55.00000000000001,109.21693661383283,linear
53,0_epo,56.00000000000001,109.30365869098846,linear
54,0_epo,56.99999999999999,109.39038076814408,linear
55,0_epo,57.99999999999999,109.47710284529971,linear
56,0_epo,59.0,109.56382492245534,linear
57,0_epo,60.0,109.65054699961097,linear
58,0_epo,61.0,109.7372690767666,linear
59,0_epo,62.0,109.82399115392222,linear
60,0_epo,63.0,109.91071323107785,linear
61,0_epo,64.0,109.99743530823348,linear
62,0_epo,65.0,110.08415738538909,linear
63,0_epo,66.0,110.17087946254472,linear
64,0_epo,67.0,110.25760153970035,linear
65,0_epo,68.0,110.34432361685597,linear
66,0_epo,69.0,110.4310456940116,linear
67,0_epo,70.0,110.51776777116723,linear
68,0_epo,71.0,110.60448984832286,linear
69,0_epo,72.0,110.69121192547848,linear
70,0_epo,73.0,110.77793400263411,linear
71,0_epo,74.0,110.86465607978974,linear
72,0_epo,75.0,110.95137815694537,linear
73,0_epo,76.0,111.038100234101,linear
74,0_epo,77.0,111.12482231125662,linear
75,0_epo,78.0,111.21154438841224,linear
76,0_epo,79.0,111.29826646556786,linear
77,0_epo,80.0,111.38498854272349,linear
78,0_epo,81.0,111.47171061987912,linear
79,0_epo,82.0,111.55843269703475,linear
80,0_epo,83.0,111.64515477419037,linear
81,0_epo,84.0,111.731876851346,linear
82,0_epo,85.0,111.81859892850163,linear
83,0_epo,86.0,111.90532100565726,linear
84,0_epo,87.0,111.99204308281288,linear
85,0_epo,88.0,112.07876515996851,linear
86,0_epo,89.0,112.16548723712414,linear
87,0_epo,90.0,112.25220931427977,linear
88,0_epo,91.0,112.33893139143538,linear
89,0_epo,92.0,112.42565346859101,linear
90,0_epo,93.0,112.51237554574664,linear
91,0_epo,94.0,112.59909762290226,linear
92,0_epo,95.0,112.68581970005789,linear
93,10_epo,3.0,95.20853847096569,linear
94,10_epo,4.0,95.4682312486788,linear
95,10_epo,5.0,95.72792402639189,linear
96,10_epo,6.0,95.987616804105,linear
97,10_epo,7.000000000000001,96.2473095818181,linear
98,10_epo,8.0,96.5070023595312,linear
99,10_epo,9.0,96.76669513724431,linear
100,10_epo,10.0,97.02638791495741,linear
101,10_epo,11.0,97.28608069267051,linear
102,10_epo,12.0,97.54577347038362,linear
103,10_epo,13.0,97.80546624809672,linear
104,10_epo,14.000000000000002,98.06515902580982,linear
105,10_epo,15.0,98.32485180352293,linear
106,10_epo,16.0,98.58454458123603,linear
107,10_epo,17.0,98.84423735894913,linear
108,10_epo,18.0,99.10393013666224,linear
109,10_epo,19.0,99.36362291437534,linear
110,10_epo,20.0,99.62331569208844,linear
111,10_epo,21.0,99.88300846980154,linear
112,10_epo,22.0,100.14270124751465,linear
113,10_epo,23.0,100.40239402522775,linear
114,10_epo,24.0,100.66208680294085,linear
115,10_epo,25.0,100.92177958065396,linear
116,10_epo,26.0,101.18147235836706,linear
117,10_epo,27.0,101.44116513608016,linear
118,10_epo,28.000000000000004,101.70085791379327,linear
119,10_epo,28.999999999999996,101.96055069150637,linear
120,10_epo,30.0,102.22024346921947,linear
121,10_epo,31.0,102.47993624693258,linear
122,10_epo,32.0,102.73962902464568,linear
123,10_epo,33.0,102.99932180235878,linear
124,10_epo,34.0,103.25901458007189,linear
125,10_epo,35.0,103.51870735778499,linear
126,10_epo,36.0,103.77840013549809,linear
127,10_epo,37.0,104.0380929132112,linear
128,10_epo,38.0,104.2977856909243,linear
129,10_epo,39.0,104.5574784686374,linear
130,10_epo,40.0,104.81717124635051,linear
131,10_epo,41.0,105.07686402406361,linear
132,10_epo,42.0,105.33655680177671,linear
133,10_epo,43.0,105.59624957948982,linear
134,10_epo,44.0,105.85594235720292,linear
135,10_epo,45.0,106.11563513491602,linear
136,10_epo,46.0,106.37532791262913,linear
137,10_epo,47.0,106.63502069034223,linear
138,10_epo,48.0,106.89471346805533,linear
139,10_epo,49.0,107.15440624576843,linear
140,10_epo,50.0,107.41409902348154,linear
141,10_epo,51.0,107.67379180119464,linear
142,10_epo,52.0,107.93348457890774,linear
143,10_epo,53.0,108.19317735662085,linear
144,10_epo,54.0,108.45287013433395,linear
145,10_epo,55.00000000000001,108.71256291204705,linear
146,10_epo,56.00000000000001,108.97225568976016,linear
147,10_epo,56.99999999999999,109.23194846747325,linear
148,10_epo,57.99999999999999,109.49164124518636,linear
149,10_epo,59.0,109.75133402289947,linear
150,10_epo,60.0,110.01102680061256,linear
151,10_epo,61.0,110.27071957832567,linear
152,10_epo,62.0,110.53041235603878,linear
153,10_epo,63.0,110.79010513375187,linear
154,10_epo,64.0,111.04979791146498,linear
155,10_epo,65.0,111.30949068917809,linear
156,10_epo,66.0,111.56918346689118,linear
157,10_epo,67.0,111.82887624460429,linear
158,10_epo,68.0,112.0885690223174,linear
159,10_epo,69.0,112.34826180003049,linear
160,10_epo,70.0,112.6079545777436,linear
161,10_epo,71.0,112.8676473554567,linear
162,10_epo,72.0,113.1273401331698,linear
163,10_epo,73.0,113.38703291088291,linear
164,10_epo,74.0,113.646725688596,linear
165,10_epo,75.0,113.9064184663091,linear
166,10_epo,76.0,114.16611124402222,linear
167,10_epo,77.0,114.42580402173532,linear
168,10_epo,78.0,114.68549679944842,linear
169,10_epo,79.0,114.94518957716153,linear
170,10_epo,80.0,115.20488235487463,linear
171,10_epo,81.0,115.46457513258773,linear
172,10_epo,82.0,115.72426791030082,linear
173,10_epo,83.0,115.98396068801394,linear
174,10_epo,84.0,116.24365346572704,linear
175,10_epo,85.0,116.50334624344013,linear
176,10_epo,86.0,116.76303902115325,linear
177,10_epo,87.0,117.02273179886635,linear
178,10_epo,88.0,117.28242457657944,linear
179,10_epo,89.0,117.54211735429256,linear
180,10_epo,90.0,117.80181013200567,linear
181,10_epo,91.0,118.06150290971875,linear
182,10_epo,92.0,118.32119568743187,linear
183,10_epo,93.0,118.58088846514498,linear
184,10_epo,94.0,118.84058124285806,linear
185,10_epo,95.0,119.10027402057118,linear
186,11_epo,3.0,98.69635698715199,linear
187,11_epo,4.0,99.08186425064113,linear
188,11_epo,5.0,99.46737151413028,linear
189,11_epo,6.0,99.85287877761944,linear
190,11_epo,7.000000000000001,100.23838604110857,linear
191,11_epo,8.0,100.62389330459773,linear
192,11_epo,9.0,101.00940056808687,linear
193,11_epo,10.0,101.394907831576,linear
194,11_epo,11.0,101.78041509506517,linear
195,11_epo,12.0,102.1659223585543,linear
196,11_epo,13.0,102.55142962204346,linear
197,11_epo,14.000000000000002,102.9369368855326,linear
198,11_epo,15.0,103.32244414902175,linear
199,11_epo,16.0,103.7079514125109,linear
200,11_epo,17.0,104.09345867600005,linear
201,11_epo,18.0,104.47896593948919,linear
202,11_epo,19.0,104.86447320297833,linear
203,11_epo,20.0,105.24998046646748,linear
204,11_epo,21.0,105.63548772995662,linear
205,11_epo,22.0,106.02099499344578,linear
206,11_epo,23.0,106.40650225693491,linear
207,11_epo,24.0,106.79200952042407,linear
208,11_epo,25.0,107.17751678391322,linear
209,11_epo,26.0,107.56302404740237,linear
210,11_epo,27.0,107.94853131089151,linear
211,11_epo,28.000000000000004,108.33403857438064,linear
212,11_epo,28.999999999999996,108.7195458378698,linear
213,11_epo,30.0,109.10505310135895,linear
214,11_epo,31.0,109.4905603648481,linear
215,11_epo,32.0,109.87606762833724,linear
216,11_epo,33.0,110.26157489182638,linear
217,11_epo,34.0,110.64708215531553,linear
218,11_epo,35.0,111.03258941880468,linear
219,11_epo,36.0,111.41809668229382,linear
220,11_epo,37.0,111.80360394578298,linear
221,11_epo,38.0,112.18911120927213,linear
222,11_epo,39.0,112.57461847276126,linear
223,11_epo,40.0,112.96012573625042,linear
224,11_epo,41.0,113.34563299973955,linear
225,11_epo,42.0,113.73114026322871,linear
226,11_epo,43.0,114.11664752671786,linear
227,11_epo,44.0,114.502154790207,linear
228,11_epo,45.0,114.88766205369615,linear
229,11_epo,46.0,115.27316931718529,linear
230,11_epo,47.0,115.65867658067444,linear
231,11_epo,48.0,116.04418384416358,linear
232,11_epo,49.0,116.42969110765273,linear
233,11_epo,50.0,116.81519837114188,linear
234,11_epo,51.0,117.20070563463103,linear
235,11_epo,52.0,117.58621289812017,linear
236,11_epo,53.0,117.97172016160933,linear
237,11_epo,54.0,118.35722742509847,linear
238,11_epo,55.00000000000001,118.74273468858762,linear
239,11_epo,56.00000000000001,119.12824195207676,linear
240,11_epo,56.99999999999999,119.5137492155659,linear
241,11_epo,57.99999999999999,119.89925647905505,linear
242,11_epo,59.0,120.2847637425442,linear
243,11_epo,60.0,120.67027100603335,linear
244,11_epo,61.0,121.05577826952249,linear
245,11_epo,62.0,121.44128553301165,linear
246,11_epo,63.0,121.82679279650078,linear
247,11_epo,64.0,122.21230005998993,linear
248,11_epo,65.0,122.59780732347907,linear
249,11_epo,66.0,122.98331458696823,linear
250,11_epo,67.0,123.36882185045738,linear
251,11_epo,68.0,123.75432911394651,linear
252,11_epo,69.0,124.13983637743567,linear
253,11_epo,70.0,124.52534364092482,linear
254,11_epo,71.0,124.91085090441395,linear
255,11_epo,72.0,125.29635816790311,linear
256,11_epo,73.0,125.68186543139225,linear
257,11_epo,74.0,126.06737269488139,linear
258,11_epo,75.0,126.45287995837054,linear
259,11_epo,76.0,126.83838722185969,linear
260,11_epo,77.0,127.22389448534885,linear
261,11_epo,78.0,127.60940174883798,linear
262,11_epo,79.0,127.99490901232713,linear
263,11_epo,80.0,128.3804162758163,linear
264,11_epo,81.0,128.76592353930545,linear
265,11_epo,82.0,129.15143080279455,linear
266,11_epo,83.0,129.5369380662837,linear
267,11_epo,84.0,129.92244532977287,linear
268,11_epo,85.0,130.307952593262,linear
269,11_epo,86.0,130.69345985675116,linear
270,11_epo,87.0,131.07896712024032,linear
271,11_epo,88.0,131.46447438372942,linear
272,11_epo,89.0,131.84998164721858,linear
273,11_epo,90.0,132.23548891070774,linear
274,11_epo,91.0,132.6209961741969,linear
275,11_epo,92.0,133.00650343768606,linear
276,11_epo,93.0,133.39201070117517,linear
277,11_epo,94.0,133.77751796466433,linear
278,11_epo,95.0,134.1630252281535,linear
279,12_epo,3.0,126.43738267181214,linear
280,12_epo,4.0,126.47620968776916,linear
281,12_epo,5.0,126.51503670372615,linear
282,12_epo,6.0,126.55386371968316,linear
283,12_epo,7.000000000000001,126.59269073564013,linear
284,12_epo,8.0,126.63151775159714,linear
285,12_epo,9.0,126.67034476755416,linear
286,12_epo,10.0,126.70917178351115,linear
287,12_epo,11.0,126.74799879946814,linear
288,12_epo,12.0,126.78682581542513,linear
289,12_epo,13.0,126.82565283138214,linear
290,12_epo,14.000000000000002,126.86447984733914,linear
291,12_epo,15.0,126.90330686329612,linear
292,12_epo,16.0,126.94213387925313,linear
293,12_epo,17.0,126.98096089521013,linear
294,12_epo,18.0,127.01978791116714,linear
295,12_epo,19.0,127.05861492712411,linear
296,12_epo,20.0,127.09744194308112,linear
297,12_epo,21.0,127.13626895903812,linear
298,12_epo,22.0,127.17509597499513,linear
299,12_epo,23.0,127.2139229909521,linear
300,12_epo,24.0,127.25275000690911,linear
301,12_epo,25.0,127.29157702286612,linear
302,12_epo,26.0,127.33040403882312,linear
303,12_epo,27.0,127.36923105478013,linear
304,12_epo,28.000000000000004,127.4080580707371,linear
305,12_epo,28.999999999999996,127.44688508669411,linear
306,12_epo,30.0,127.4857121026511,linear
307,12_epo,31.0,127.52453911860812,linear
308,12_epo,32.0,127.56336613456509,linear
309,12_epo,33.0,127.6021931505221,linear
310,12_epo,34.0,127.64102016647911,linear
311,12_epo,35.0,127.6798471824361,linear
312,12_epo,36.0,127.71867419839309,linear
313,12_epo,37.0,127.75750121435009,linear
314,12_epo,38.0,127.7963282303071,linear
315,12_epo,39.0,127.8351552462641,linear
316,12_epo,40.0,127.87398226222108,linear
317,12_epo,41.0,127.91280927817807,linear
318,12_epo,42.0,127.95163629413508,linear
319,12_epo,43.0,127.9904633100921,linear
320,12_epo,44.0,128.02929032604908,linear
321,12_epo,45.0,128.06811734200608,linear
322,12_epo,46.0,128.10694435796307,linear
323,12_epo,47.0,128.14577137392007,linear
324,12_epo,48.0,128.18459838987707,linear
325,12_epo,49.0,128.22342540583406,linear
326,12_epo,50.0,128.26225242179106,linear
327,12_epo,51.0,128.3010794377481,linear
328,12_epo,52.0,128.33990645370508,linear
329,12_epo,53.0,128.37873346966205,linear
330,12_epo,54.0,128.41756048561905,linear
331,12_epo,55.00000000000001,128.45638750157607,linear
332,12_epo,56.00000000000001,128.49521451753307,linear
333,12_epo,56.99999999999999,128.53404153349004,linear
334,12_epo,57.99999999999999,128.57286854944704,linear
335,12_epo,59.0,128.61169556540406,linear
336,12_epo,60.0,128.65052258136106,linear
337,12_epo,61.0,128.68934959731803,linear
338,12_epo,62.0,128.72817661327505,linear
339,12_epo,63.0,128.76700362923205,linear
340,12_epo,64.0,128.80583064518905,linear
341,12_epo,65.0,128.84465766114602,linear
342,12_epo,66.0,128.88348467710304,linear
343,12_epo,67.0,128.92231169306004,linear
344,12_epo,68.0,128.96113870901704,linear
345,12_epo,69.0,128.99996572497403,linear
346,12_epo,70.0,129.03879274093103,linear
347,12_epo,71.0,129.07761975688803,linear
348,12_epo,72.0,129.11644677284502,linear
349,12_epo,73.0,129.15527378880202,linear
350,12_epo,74.0,129.19410080475902,linear
351,12_epo,75.0,129.23292782071601,linear
352,12_epo,76.0,129.271754836673,linear
353,12_epo,77.0,129.31058185263004,linear
354,12_epo,78.0,129.349408868587,linear
355,12_epo,79.0,129.388235884544,linear
356,12_epo,80.0,129.42706290050103,linear
357,12_epo,81.0,129.46588991645802,linear
358,12_epo,82.0,129.504716932415,linear
359,12_epo,83.0,129.543543948372,linear
360,12_epo,84.0,129.58237096432902,linear
361,12_epo,85.0,129.621197980286,linear
362,12_epo,86.0,129.66002499624298,linear
363,12_epo,87.0,129.6988520122,linear
364,12_epo,88.0,129.737679028157,linear
365,12_epo,89.0,129.776506044114,linear
366,12_epo,90.0,129.81533306007097,linear
367,12_epo,91.0,129.854160076028,linear
368,12_epo,92.0,129.892987091985,linear
369,12_epo,93.0,129.931814107942,linear
370,12_epo,94.0,129.970641123899,linear
371,12_epo,95.0,130.00946813985598,linear
372,13_epo,3.0,63.356661159004474,linear
373,13_epo,4.0,63.7157579158313,linear
374,13_epo,5.0,64.07485467265812,linear
375,13_epo,6.0,64.43395142948494,linear
376,13_epo,7.000000000000001,64.79304818631176,linear
377,13_epo,8.0,65.1521449431386,linear
378,13_epo,9.0,65.51124169996541,linear
379,13_epo,10.0,65.87033845679224,linear
380,13_epo,11.0,66.22943521361906,linear
381,13_epo,12.0,66.58853197044589,linear
382,13_epo,13.0,66.94762872727271,linear
383,13_epo,14.000000000000002,67.30672548409953,linear
384,13_epo,15.0,67.66582224092636,linear
385,13_epo,16.0,68.02491899775319,linear
386,13_epo,17.0,68.38401575458,linear
387,13_epo,18.0,68.74311251140684,linear
388,13_epo,19.0,69.10220926823365,linear
389,13_epo,20.0,69.46130602506048,linear
390,13_epo,21.0,69.82040278188731,linear
391,13_epo,22.0,70.17949953871413,linear
392,13_epo,23.0,70.53859629554094,linear
393,13_epo,24.0,70.89769305236777,linear
394,13_epo,25.0,71.2567898091946,linear
395,13_epo,26.0,71.61588656602143,linear
396,13_epo,27.0,71.97498332284825,linear
397,13_epo,28.000000000000004,72.33408007967506,linear
398,13_epo,28.999999999999996,72.69317683650189,linear
399,13_epo,30.0,73.05227359332872,linear
400,13_epo,31.0,73.41137035015555,linear
401,13_epo,32.0,73.77046710698238,linear
402,13_epo,33.0,74.12956386380918,linear
403,13_epo,34.0,74.48866062063601,linear
404,13_epo,35.0,74.84775737746284,linear
405,13_epo,36.0,75.20685413428967,linear
406,13_epo,37.0,75.56595089111649,linear
407,13_epo,38.0,75.9250476479433,linear
408,13_epo,39.0,76.28414440477013,linear
409,13_epo,40.0,76.64324116159696,linear
410,13_epo,41.0,77.00233791842379,linear
411,13_epo,42.0,77.3614346752506,linear
412,13_epo,43.0,77.72053143207744,linear
413,13_epo,44.0,78.07962818890425,linear
414,13_epo,45.0,78.43872494573108,linear
415,13_epo,46.0,78.79782170255791,linear
416,13_epo,47.0,79.15691845938473,linear
417,13_epo,48.0,79.51601521621154,linear
418,13_epo,49.0,79.87511197303837,linear
419,13_epo,50.0,80.2342087298652,linear
420,13_epo,51.0,80.59330548669202,linear
421,13_epo,52.0,80.95240224351885,linear
422,13_epo,53.0,81.31149900034568,linear
423,13_epo,54.0,81.6705957571725,linear
424,13_epo,55.00000000000001,82.02969251399934,linear
425,13_epo,56.00000000000001,82.38878927082614,linear
426,13_epo,56.99999999999999,82.74788602765297,linear
427,13_epo,57.99999999999999,83.1069827844798,linear
428,13_epo,59.0,83.46607954130661,linear
429,13_epo,60.0,83.82517629813344,linear
430,13_epo,61.0,84.18427305496026,linear
431,13_epo,62.0,84.54336981178709,linear
432,13_epo,63.0,84.90246656861392,linear
433,13_epo,64.0,85.26156332544075,linear
434,13_epo,65.0,85.62066008226756,linear
435,13_epo,66.0,85.97975683909438,linear
436,13_epo,67.0,86.33885359592121,linear
437,13_epo,68.0,86.69795035274804,linear
438,13_epo,69.0,87.05704710957485,linear
439,13_epo,70.0,87.41614386640167,linear
440,13_epo,71.0,87.7752406232285,linear
441,13_epo,72.0,88.13433738005533,linear
442,13_epo,73.0,88.49343413688216,linear
443,13_epo,74.0,88.85253089370899,linear
444,13_epo,75.0,89.2116276505358,linear
445,13_epo,76.0,89.57072440736263,linear
446,13_epo,77.0,89.92982116418945,linear
447,13_epo,78.0,90.28891792101628,linear
448,13_epo,79.0,90.6480146778431,linear
449,13_epo,80.0,91.00711143466992,linear
450,13_epo,81.0,91.36620819149675,linear
451,13_epo,82.0,91.72530494832357,linear
452,13_epo,83.0,92.0844017051504,linear
453,13_epo,84.0,92.44349846197721,linear
454,13_epo,85.0,92.80259521880404,linear
455,13_epo,86.0,93.16169197563087,linear
456,13_epo,87.0,93.5207887324577,linear
457,13_epo,88.0,93.87988548928452,linear
458,13_epo,89.0,94.23898224611133,linear
459,13_epo,90.0,94.59807900293816,linear
460,13_epo,91.0,94.95717575976498,linear
461,13_epo,92.0,95.31627251659181,linear
462,13_epo,93.0,95.67536927341862,linear
463,13_epo,94.0,96.03446603024545,linear
464,13_epo,95.0,96.39356278707228,linear
465,14_epo,3.0,92.16129684735645,linear
466,14_epo,4.0,92.24578911522707,linear
467,14_epo,5.0,92.3302813830977,linear
468,14_epo,6.0,92.41477365096831,linear
469,14_epo,7.000000000000001,92.49926591883892,linear
470,14_epo,8.0,92.58375818670955,linear
471,14_epo,9.0,92.66825045458016,linear
472,14_epo,10.0,92.75274272245078,linear
473,14_epo,11.0,92.83723499032139,linear
474,14_epo,12.0,92.921727258192,linear
475,14_epo,13.0,93.00621952606262,linear
476,14_epo,14.000000000000002,93.09071179393325,linear
477,14_epo,15.0,93.17520406180385,linear
478,14_epo,16.0,93.25969632967447,linear
479,14_epo,17.0,93.34418859754508,linear
480,14_epo,18.0,93.42868086541571,linear
481,14_epo,19.0,93.51317313328632,linear
482,14_epo,20.0,93.59766540115693,linear
483,14_epo,21.0,93.68215766902756,linear
484,14_epo,22.0,93.76664993689818,linear
485,14_epo,23.0,93.85114220476879,linear
486,14_epo,24.0,93.9356344726394,linear
487,14_epo,25.0,94.02012674051002,linear
488,14_epo,26.0,94.10461900838064,linear
489,14_epo,27.0,94.18911127625127,linear
490,14_epo,28.000000000000004,94.27360354412187,linear
491,14_epo,28.999999999999996,94.35809581199248,linear
492,14_epo,30.0,94.44258807986311,linear
493,14_epo,31.0,94.52708034773373,linear
494,14_epo,32.0,94.61157261560433,linear
495,14_epo,33.0,94.69606488347496,linear
496,14_epo,34.0,94.78055715134558,linear
497,14_epo,35.0,94.86504941921619,linear
498,14_epo,36.0,94.9495416870868,linear
499,14_epo,37.0,95.03403395495742,linear
500,14_epo,38.0,95.11852622282804,linear
501,14_epo,39.0,95.20301849069867,linear
502,14_epo,40.0,95.28751075856927,linear
503,14_epo,41.0,95.37200302643988,linear
504,14_epo,42.0,95.45649529431051,linear
505,14_epo,43.0,95.54098756218113,linear
506,14_epo,44.0,95.62547983005173,linear
507,14_epo,45.0,95.70997209792236,linear
508,14_epo,46.0,95.79446436579298,linear
509,14_epo,47.0,95.87895663366359,linear
510,14_epo,48.0,95.96344890153422,linear
511,14_epo,49.0,96.04794116940482,linear
512,14_epo,50.0,96.13243343727544,linear
513,14_epo,51.0,96.21692570514607,linear
514,14_epo,52.0,96.30141797301668,linear
515,14_epo,53.0,96.38591024088728,linear
516,14_epo,54.0,96.47040250875791,linear
517,14_epo,55.00000000000001,96.55489477662853,linear
518,14_epo,56.00000000000001,96.63938704449914,linear
519,14_epo,56.99999999999999,96.72387931236976,linear
520,14_epo,57.99999999999999,96.80837158024038,linear
521,14_epo,59.0,96.89286384811099,linear
522,14_epo,60.0,96.9773561159816,linear
523,14_epo,61.0,97.06184838385222,linear
524,14_epo,62.0,97.14634065172284,linear
525,14_epo,63.0,97.23083291959345,linear
526,14_epo,64.0,97.31532518746408,linear
527,14_epo,65.0,97.39981745533468,linear
528,14_epo,66.0,97.4843097232053,linear
529,14_epo,67.0,97.56880199107593,linear
530,14_epo,68.0,97.65329425894654,linear
531,14_epo,69.0,97.73778652681716,linear
532,14_epo,70.0,97.82227879468778,linear
533,14_epo,71.0,97.90677106255839,linear
534,14_epo,72.0,97.991263330429,linear
535,14_epo,73.0,98.07575559829964,linear
536,14_epo,74.0,98.16024786617024,linear
537,14_epo,75.0,98.24474013404085,linear
538,14_epo,76.0,98.32923240191148,linear
539,14_epo,77.0,98.4137246697821,linear
540,14_epo,78.0,98.4982169376527,linear
541,14_epo,79.0,98.58270920552333,linear
542,14_epo,80.0,98.66720147339394,linear
543,14_epo,81.0,98.75169374126456,linear
544,14_epo,82.0,98.83618600913518,linear
545,14_epo,83.0,98.92067827700579,linear
546,14_epo,84.0,99.0051705448764,linear
547,14_epo,85.0,99.08966281274704,linear
548,14_epo,86.0,99.17415508061764,linear
549,14_epo,87.0,99.25864734848825,linear
550,14_epo,88.0,99.34313961635888,linear
551,14_epo,89.0,99.4276318842295,linear
552,14_epo,90.0,99.51212415210011,linear
553,14_epo,91.0,99.59661641997073,linear
554,14_epo,92.0,99.68110868784134,linear
555,14_epo,93.0,99.76560095571196,linear
556,14_epo,94.0,99.85009322358258,linear
557,14_epo,95.0,99.93458549145319,linear
558,15_epo,3.0,126.42652273292946,linear
559,15_epo,4.0,126.53943581281665,linear
560,15_epo,5.0,126.65234889270383,linear
561,15_epo,6.0,126.76526197259102,linear
562,15_epo,7.000000000000001,126.87817505247823,linear
563,15_epo,8.0,126.9910881323654,linear
564,15_epo,9.0,127.1040012122526,linear
565,15_epo,10.0,127.2169142921398,linear
566,15_epo,11.0,127.32982737202697,linear
567,15_epo,12.0,127.44274045191418,linear
568,15_epo,13.0,127.55565353180137,linear
569,15_epo,14.000000000000002,127.66856661168858,linear
570,15_epo,15.0,127.78147969157574,linear
571,15_epo,16.0,127.89439277146295,linear
572,15_epo,17.0,128.00730585135014,linear
573,15_epo,18.0,128.1202189312373,linear
574,15_epo,19.0,128.23313201112452,linear
575,15_epo,20.0,128.34604509101172,linear
576,15_epo,21.0,128.45895817089888,linear
577,15_epo,22.0,128.5718712507861,linear
578,15_epo,23.0,128.6847843306733,linear
579,15_epo,24.0,128.79769741056046,linear
580,15_epo,25.0,128.91061049044765,linear
581,15_epo,26.0,129.02352357033487,linear
582,15_epo,27.0,129.13643665022204,linear
583,15_epo,28.000000000000004,129.24934973010923,linear
584,15_epo,28.999999999999996,129.36226280999642,linear
585,15_epo,30.0,129.47517588988362,linear
586,15_epo,31.0,129.5880889697708,linear
587,15_epo,32.0,129.701002049658,linear
588,15_epo,33.0,129.8139151295452,linear
589,15_epo,34.0,129.9268282094324,linear
590,15_epo,35.0,130.03974128931958,linear
591,15_epo,36.0,130.15265436920674,linear
592,15_epo,37.0,130.26556744909396,linear
593,15_epo,38.0,130.37848052898116,linear
594,15_epo,39.0,130.49139360886835,linear
595,15_epo,40.0,130.6043066887555,linear
596,15_epo,41.0,130.71721976864274,linear
597,15_epo,42.0,130.83013284852993,linear
598,15_epo,43.0,130.9430459284171,linear
599,15_epo,44.0,131.0559590083043,linear
600,15_epo,45.0,131.1688720881915,linear
601,15_epo,46.0,131.28178516807867,linear
602,15_epo,47.0,131.39469824796586,linear
603,15_epo,48.0,131.50761132785308,linear
604,15_epo,49.0,131.62052440774025,linear
605,15_epo,50.0,131.73343748762744,linear
606,15_epo,51.0,131.84635056751463,linear
607,15_epo,52.0,131.95926364740183,linear
608,15_epo,53.0,132.07217672728902,linear
609,15_epo,54.0,132.1850898071762,linear
610,15_epo,55.00000000000001,132.2980028870634,linear
611,15_epo,56.00000000000001,132.4109159669506,linear
612,15_epo,56.99999999999999,132.5238290468378,linear
613,15_epo,57.99999999999999,132.63674212672495,linear
614,15_epo,59.0,132.74965520661218,linear
615,15_epo,60.0,132.86256828649937,linear
616,15_epo,61.0,132.97548136638653,linear
617,15_epo,62.0,133.08839444627375,linear
618,15_epo,63.0,133.20130752616095,linear
619,15_epo,64.0,133.31422060604814,linear
620,15_epo,65.0,133.4271336859353,linear
621,15_epo,66.0,133.54004676582252,linear
622,15_epo,67.0,133.65295984570972,linear
623,15_epo,68.0,133.76587292559688,linear
624,15_epo,69.0,133.87878600548407,linear
625,15_epo,70.0,133.9916990853713,linear
626,15_epo,71.0,134.10461216525846,linear
627,15_epo,72.0,134.21752524514565,linear
628,15_epo,73.0,134.33043832503284,linear
629,15_epo,74.0,134.44335140492004,linear
630,15_epo,75.0,134.55626448480723,linear
631,15_epo,76.0,134.66917756469442,linear
632,15_epo,77.0,134.78209064458161,linear
633,15_epo,78.0,134.8950037244688,linear
634,15_epo,79.0,135.007916804356,linear
635,15_epo,80.0,135.12082988424316,linear
636,15_epo,81.0,135.23374296413039,linear
637,15_epo,82.0,135.34665604401758,linear
638,15_epo,83.0,135.45956912390474,linear
639,15_epo,84.0,135.57248220379196,linear
640,15_epo,85.0,135.68539528367916,linear
641,15_epo,86.0,135.79830836356632,linear
642,15_epo,87.0,135.9112214434535,linear
643,15_epo,88.0,136.02413452334073,linear
644,15_epo,89.0,136.13704760322793,linear
645,15_epo,90.0,136.2499606831151,linear
646,15_epo,91.0,136.36287376300228,linear
647,15_epo,92.0,136.4757868428895,linear
648,15_epo,93.0,136.58869992277667,linear
649,15_epo,94.0,136.70161300266386,linear
650,15_epo,95.0,136.81452608255108,linear
651,16_epo,3.0,83.09652296180468,linear
652,16_epo,4.0,83.3407849223013,linear
653,16_epo,5.0,83.58504688279788,linear
654,16_epo,6.0,83.8293088432945,linear
655,16_epo,7.000000000000001,84.0735708037911,linear
656,16_epo,8.0,84.31783276428772,linear
657,16_epo,9.0,84.56209472478432,linear
658,16_epo,10.0,84.80635668528093,linear
659,16_epo,11.0,85.05061864577753,linear
660,16_epo,12.0,85.29488060627415,linear
661,16_epo,13.0,85.53914256677074,linear
662,16_epo,14.000000000000002,85.78340452726735,linear
663,16_epo,15.0,86.02766648776395,linear
664,16_epo,16.0,86.27192844826057,linear
665,16_epo,17.0,86.51619040875717,linear
666,16_epo,18.0,86.76045236925378,linear
667,16_epo,19.0,87.00471432975039,linear
668,16_epo,20.0,87.248976290247,linear
669,16_epo,21.0,87.49323825074359,linear
670,16_epo,22.0,87.7375002112402,linear
671,16_epo,23.0,87.9817621717368,linear
672,16_epo,24.0,88.22602413223342,linear
673,16_epo,25.0,88.47028609273002,linear
674,16_epo,26.0,88.71454805322664,linear
675,16_epo,27.0,88.95881001372324,linear
676,16_epo,28.000000000000004,89.20307197421985,linear
677,16_epo,28.999999999999996,89.44733393471645,linear
678,16_epo,30.0,89.69159589521306,linear
679,16_epo,31.0,89.93585785570967,linear
680,16_epo,32.0,90.18011981620627,linear
681,16_epo,33.0,90.42438177670289,linear
682,16_epo,34.0,90.66864373719949,linear
683,16_epo,35.0,90.9129056976961,linear
684,16_epo,36.0,91.1571676581927,linear
685,16_epo,37.0,91.4014296186893,linear
686,16_epo,38.0,91.64569157918592,linear
687,16_epo,39.0,91.88995353968252,linear
688,16_epo,40.0,92.13421550017912,linear
689,16_epo,41.0,92.37847746067574,linear
690,16_epo,42.0,92.62273942117234,linear
691,16_epo,43.0,92.86700138166896,linear
692,16_epo,44.0,93.11126334216556,linear
693,16_epo,45.0,93.35552530266217,linear
694,16_epo,46.0,93.59978726315876,linear
695,16_epo,47.0,93.84404922365538,linear
696,16_epo,48.0,94.08831118415198,linear
697,16_epo,49.0,94.33257314464859,linear
698,16_epo,50.0,94.5768351051452,linear
699,16_epo,51.0,94.82109706564181,linear
700,16_epo,52.0,95.06535902613841,linear
701,16_epo,53.0,95.30962098663503,linear
702,16_epo,54.0,95.55388294713163,linear
703,16_epo,55.00000000000001,95.79814490762823,linear
704,16_epo,56.00000000000001,96.04240686812483,linear
705,16_epo,56.99999999999999,96.28666882862144,linear
706,16_epo,57.99999999999999,96.53093078911805,linear
707,16_epo,59.0,96.77519274961466,linear
708,16_epo,60.0,97.01945471011126,linear
709,16_epo,61.0,97.26371667060788,linear
710,16_epo,62.0,97.50797863110446,linear
711,16_epo,63.0,97.7522405916011,linear
712,16_epo,64.0,97.99650255209768,linear
713,16_epo,65.0,98.2407645125943,linear
714,16_epo,66.0,98.4850264730909,linear
715,16_epo,67.0,98.72928843358751,linear
716,16_epo,68.0,98.97355039408411,linear
717,16_epo,69.0,99.21781235458073,linear
718,16_epo,70.0,99.46207431507733,linear
719,16_epo,71.0,99.70633627557393,linear
720,16_epo,72.0,99.95059823607053,linear
721,16_epo,73.0,100.19486019656715,linear
722,16_epo,74.0,100.43912215706375,linear
723,16_epo,75.0,100.68338411756037,linear
724,16_epo,76.0,100.92764607805697,linear
725,16_epo,77.0,101.17190803855358,linear
726,16_epo,78.0,101.4161699990502,linear
727,16_epo,79.0,101.6604319595468,linear
728,16_epo,80.0,101.9046939200434,linear
729,16_epo,81.0,102.14895588054,linear
730,16_epo,82.0,102.39321784103662,linear
731,16_epo,83.0,102.63747980153322,linear
732,16_epo,84.0,102.88174176202983,linear
733,16_epo,85.0,103.12600372252643,linear
734,16_epo,86.0,103.37026568302305,linear
735,16_epo,87.0,103.61452764351964,linear
736,16_epo,88.0,103.85878960401627,linear
737,16_epo,89.0,104.10305156451285,linear
738,16_epo,90.0,104.34731352500947,linear
739,16_epo,91.0,104.59157548550607,linear
740,16_epo,92.0,104.83583744600269,linear
741,16_epo,93.0,105.08009940649929,linear
742,16_epo,94.0,105.3243613669959,linear
743,16_epo,95.0,105.5686233274925,linear
744,17_epo,3.0,104.43091970290858,linear
745,17_epo,4.0,104.50301432936759,linear
746,17_epo,5.0,104.57510895582661,linear
747,17_epo,6.0,104.64720358228563,linear
748,17_epo,7.000000000000001,104.71929820874465,linear
749,17_epo,8.0,104.79139283520367,linear
750,17_epo,9.0,104.86348746166269,linear
751,17_epo,10.0,104.9355820881217,linear
752,17_epo,11.0,105.00767671458073,linear
753,17_epo,12.0,105.07977134103974,linear
754,17_epo,13.0,105.15186596749876,linear
755,17_epo,14.000000000000002,105.22396059395777,linear
756,17_epo,15.0,105.29605522041679,linear
757,17_epo,16.0,105.36814984687581,linear
758,17_epo,17.0,105.44024447333483,linear
759,17_epo,18.0,105.51233909979385,linear
760,17_epo,19.0,105.58443372625287,linear
761,17_epo,20.0,105.65652835271189,linear
762,17_epo,21.0,105.72862297917091,linear
763,17_epo,22.0,105.80071760562993,linear
764,17_epo,23.0,105.87281223208895,linear
765,17_epo,24.0,105.94490685854797,linear
766,17_epo,25.0,106.01700148500697,linear
767,17_epo,26.0,106.08909611146599,linear
768,17_epo,27.0,106.16119073792501,linear
769,17_epo,28.000000000000004,106.23328536438403,linear
770,17_epo,28.999999999999996,106.30537999084305,linear
771,17_epo,30.0,106.37747461730207,linear
772,17_epo,31.0,106.44956924376109,linear
773,17_epo,32.0,106.52166387022011,linear
774,17_epo,33.0,106.59375849667913,linear
775,17_epo,34.0,106.66585312313815,linear
776,17_epo,35.0,106.73794774959717,linear
777,17_epo,36.0,106.81004237605617,linear
778,17_epo,37.0,106.8821370025152,linear
779,17_epo,38.0,106.95423162897421,linear
780,17_epo,39.0,107.02632625543323,linear
781,17_epo,40.0,107.09842088189225,linear
782,17_epo,41.0,107.17051550835127,linear
783,17_epo,42.0,107.24261013481029,linear
784,17_epo,43.0,107.31470476126931,linear
785,17_epo,44.0,107.38679938772833,linear
786,17_epo,45.0,107.45889401418735,linear
787,17_epo,46.0,107.53098864064637,linear
788,17_epo,47.0,107.60308326710538,linear
789,17_epo,48.0,107.6751778935644,linear
790,17_epo,49.0,107.74727252002342,linear
791,17_epo,50.0,107.81936714648243,linear
792,17_epo,51.0,107.89146177294145,linear
793,17_epo,52.0,107.96355639940047,linear
794,17_epo,53.0,108.0356510258595,linear
795,17_epo,54.0,108.10774565231851,linear
796,17_epo,55.00000000000001,108.17984027877753,linear
797,17_epo,56.00000000000001,108.25193490523655,linear
798,17_epo,56.99999999999999,108.32402953169556,linear
799,17_epo,57.99999999999999,108.39612415815458,linear
800,17_epo,59.0,108.4682187846136,linear
801,17_epo,60.0,108.54031341107262,linear
802,17_epo,61.0,108.61240803753164,linear
803,17_epo,62.0,108.68450266399066,linear
804,17_epo,63.0,108.75659729044968,linear
805,17_epo,64.0,108.8286919169087,linear
806,17_epo,65.0,108.90078654336772,linear
807,17_epo,66.0,108.97288116982674,linear
808,17_epo,67.0,109.04497579628575,linear
809,17_epo,68.0,109.11707042274476,linear
810,17_epo,69.0,109.18916504920378,linear
811,17_epo,70.0,109.2612596756628,linear
812,17_epo,71.0,109.33335430212182,linear
813,17_epo,72.0,109.40544892858084,linear
814,17_epo,73.0,109.47754355503986,linear
815,17_epo,74.0,109.54963818149888,linear
816,17_epo,75.0,109.6217328079579,linear
817,17_epo,76.0,109.69382743441692,linear
818,17_epo,77.0,109.76592206087594,linear
819,17_epo,78.0,109.83801668733494,linear
820,17_epo,79.0,109.91011131379396,linear
821,17_epo,80.0,109.98220594025298,linear
822,17_epo,81.0,110.054300566712,linear
823,17_epo,82.0,110.12639519317102,linear
824,17_epo,83.0,110.19848981963004,linear
825,17_epo,84.0,110.27058444608906,linear
826,17_epo,85.0,110.34267907254808,linear
827,17_epo,86.0,110.4147736990071,linear
828,17_epo,87.0,110.48686832546612,linear
829,17_epo,88.0,110.55896295192514,linear
830,17_epo,89.0,110.63105757838414,linear
831,17_epo,90.0,110.70315220484316,linear
832,17_epo,91.0,110.77524683130218,linear
833,17_epo,92.0,110.8473414577612,linear
834,17_epo,93.0,110.91943608422022,linear
835,17_epo,94.0,110.99153071067924,linear
836,17_epo,95.0,111.06362533713826,linear
837,18_epo,3.0,104.98590768421336,linear
838,18_epo,4.0,104.83098367853688,linear
839,18_epo,5.0,104.6760596728604,linear
840,18_epo,6.0,104.52113566718394,linear
841,18_epo,7.000000000000001,104.36621166150746,linear
842,18_epo,8.0,104.21128765583099,linear
843,18_epo,9.0,104.05636365015451,linear
844,18_epo,10.0,103.90143964447803,linear
845,18_epo,11.0,103.74651563880157,linear
846,18_epo,12.0,103.59159163312509,linear
847,18_epo,13.0,103.43666762744863,linear
848,18_epo,14.000000000000002,103.28174362177215,linear
849,18_epo,15.0,103.12681961609569,linear
850,18_epo,16.0,102.97189561041921,linear
851,18_epo,17.0,102.81697160474273,linear
852,18_epo,18.0,102.66204759906626,linear
853,18_epo,19.0,102.50712359338979,linear
854,18_epo,20.0,102.35219958771332,linear
855,18_epo,21.0,102.19727558203684,linear
856,18_epo,22.0,102.04235157636036,linear
857,18_epo,23.0,101.8874275706839,linear
858,18_epo,24.0,101.73250356500742,linear
859,18_epo,25.0,101.57757955933094,linear
860,18_epo,26.0,101.42265555365447,linear
861,18_epo,27.0,101.267731547978,linear
862,18_epo,28.000000000000004,101.11280754230152,linear
863,18_epo,28.999999999999996,100.95788353662505,linear
864,18_epo,30.0,100.80295953094857,linear
865,18_epo,31.0,100.6480355252721,linear
866,18_epo,32.0,100.49311151959563,linear
867,18_epo,33.0,100.33818751391915,linear
868,18_epo,34.0,100.18326350824267,linear
869,18_epo,35.0,100.02833950256621,linear
870,18_epo,36.0,99.87341549688973,linear
871,18_epo,37.0,99.71849149121326,linear
872,18_epo,38.0,99.5635674855368,linear
873,18_epo,39.0,99.40864347986032,linear
874,18_epo,40.0,99.25371947418385,linear
875,18_epo,41.0,99.09879546850738,linear
876,18_epo,42.0,98.9438714628309,linear
877,18_epo,43.0,98.78894745715442,linear
878,18_epo,44.0,98.63402345147796,linear
879,18_epo,45.0,98.47909944580148,linear
880,18_epo,46.0,98.324175440125,linear
881,18_epo,47.0,98.16925143444853,linear
882,18_epo,48.0,98.01432742877206,linear
883,18_epo,49.0,97.85940342309559,linear
884,18_epo,50.0,97.70447941741911,linear
885,18_epo,51.0,97.54955541174263,linear
886,18_epo,52.0,97.39463140606617,linear
887,18_epo,53.0,97.23970740038969,linear
888,18_epo,54.0,97.08478339471321,linear
889,18_epo,55.00000000000001,96.92985938903674,linear
890,18_epo,56.00000000000001,96.77493538336027,linear
891,18_epo,56.99999999999999,96.6200113776838,linear
892,18_epo,57.99999999999999,96.46508737200732,linear
893,18_epo,59.0,96.31016336633084,linear
894,18_epo,60.0,96.15523936065438,linear
895,18_epo,61.0,96.00031535497791,linear
896,18_epo,62.0,95.84539134930142,linear
897,18_epo,63.0,95.69046734362496,linear
898,18_epo,64.0,95.53554333794848,linear
899,18_epo,65.0,95.38061933227202,linear
900,18_epo,66.0,95.22569532659554,linear
901,18_epo,67.0,95.07077132091906,linear
902,18_epo,68.0,94.91584731524259,linear
903,18_epo,69.0,94.76092330956612,linear
904,18_epo,70.0,94.60599930388965,linear
905,18_epo,71.0,94.45107529821317,linear
906,18_epo,72.0,94.29615129253669,linear
907,18_epo,73.0,94.14122728686023,linear
908,18_epo,74.0,93.98630328118375,linear
909,18_epo,75.0,93.83137927550727,linear
910,18_epo,76.0,93.6764552698308,linear
911,18_epo,77.0,93.52153126415433,linear
912,18_epo,78.0,93.36660725847786,linear
913,18_epo,79.0,93.21168325280138,linear
914,18_epo,80.0,93.0567592471249,linear
915,18_epo,81.0,92.90183524144844,linear
916,18_epo,82.0,92.74691123577196,linear
917,18_epo,83.0,92.59198723009548,linear
918,18_epo,84.0,92.437063224419,linear
919,18_epo,85.0,92.28213921874254,linear
920,18_epo,86.0,92.12721521306608,linear
921,18_epo,87.0,91.97229120738959,linear
922,18_epo,88.0,91.81736720171313,linear
923,18_epo,89.0,91.66244319603665,linear
924,18_epo,90.0,91.50751919036018,linear
925,18_epo,91.0,91.35259518468371,linear
926,18_epo,92.0,91.19767117900723,linear
927,18_epo,93.0,91.04274717333075,linear
928,18_epo,94.0,90.88782316765429,linear
929,18_epo,95.0,90.73289916197781,linear
930,19_epo,3.0,110.0953361330233,linear
931,19_epo,4.0,110.14329154497369,linear
932,19_epo,5.0,110.19124695692409,linear
933,19_epo,6.0,110.2392023688745,linear
934,19_epo,7.000000000000001,110.2871577808249,linear
935,19_epo,8.0,110.3351131927753,linear
936,19_epo,9.0,110.38306860472571,linear
937,19_epo,10.0,110.4310240166761,linear
938,19_epo,11.0,110.4789794286265,linear
939,19_epo,12.0,110.52693484057691,linear
940,19_epo,13.0,110.57489025252731,linear
941,19_epo,14.000000000000002,110.62284566447772,linear
942,19_epo,15.0,110.67080107642812,linear
943,19_epo,16.0,110.71875648837852,linear
944,19_epo,17.0,110.76671190032893,linear
945,19_epo,18.0,110.81466731227933,linear
946,19_epo,19.0,110.86262272422972,linear
947,19_epo,20.0,110.91057813618013,linear
948,19_epo,21.0,110.95853354813053,linear
949,19_epo,22.0,111.00648896008093,linear
950,19_epo,23.0,111.05444437203134,linear
951,19_epo,24.0,111.10239978398172,linear
952,19_epo,25.0,111.15035519593214,linear
953,19_epo,26.0,111.19831060788255,linear
954,19_epo,27.0,111.24626601983293,linear
955,19_epo,28.000000000000004,111.29422143178334,linear
956,19_epo,28.999999999999996,111.34217684373375,linear
957,19_epo,30.0,111.39013225568414,linear
958,19_epo,31.0,111.43808766763455,linear
959,19_epo,32.0,111.48604307958496,linear
960,19_epo,33.0,111.53399849153534,linear
961,19_epo,34.0,111.58195390348575,linear
962,19_epo,35.0,111.62990931543617,linear
963,19_epo,36.0,111.67786472738655,linear
964,19_epo,37.0,111.72582013933696,linear
965,19_epo,38.0,111.77377555128737,linear
966,19_epo,39.0,111.82173096323777,linear
967,19_epo,40.0,111.86968637518817,linear
968,19_epo,41.0,111.91764178713858,linear
969,19_epo,42.0,111.96559719908898,linear
970,19_epo,43.0,112.01355261103937,linear
971,19_epo,44.0,112.06150802298978,linear
972,19_epo,45.0,112.10946343494018,linear
973,19_epo,46.0,112.15741884689058,linear
974,19_epo,47.0,112.20537425884099,linear
975,19_epo,48.0,112.25332967079139,linear
976,19_epo,49.0,112.30128508274179,linear
977,19_epo,50.0,112.3492404946922,linear
978,19_epo,51.0,112.3971959066426,linear
979,19_epo,52.0,112.44515131859299,linear
980,19_epo,53.0,112.4931067305434,linear
981,19_epo,54.0,112.5410621424938,linear
982,19_epo,55.00000000000001,112.5890175544442,linear
983,19_epo,56.00000000000001,112.63697296639461,linear
984,19_epo,56.99999999999999,112.684928378345,linear
985,19_epo,57.99999999999999,112.7328837902954,linear
986,19_epo,59.0,112.78083920224582,linear
987,19_epo,60.0,112.82879461419621,linear
988,19_epo,61.0,112.87675002614661,linear
989,19_epo,62.0,112.92470543809702,linear
990,19_epo,63.0,112.97266085004742,linear
991,19_epo,64.0,113.02061626199783,linear
992,19_epo,65.0,113.06857167394823,linear
993,19_epo,66.0,113.11652708589862,linear
994,19_epo,67.0,113.16448249784904,linear
995,19_epo,68.0,113.21243790979943,linear
996,19_epo,69.0,113.26039332174983,linear
997,19_epo,70.0,113.30834873370024,linear
998,19_epo,71.0,113.35630414565064,linear
999,19_epo,72.0,113.40425955760104,linear
1000,19_epo,73.0,113.45221496955145,linear
1001,19_epo,74.0,113.50017038150185,linear
1002,19_epo,75.0,113.54812579345224,linear
1003,19_epo,76.0,113.59608120540265,linear
1004,19_epo,77.0,113.64403661735305,linear
1005,19_epo,78.0,113.69199202930345,linear
1006,19_epo,79.0,113.73994744125386,linear
1007,19_epo,80.0,113.78790285320426,linear
1008,19_epo,81.0,113.83585826515466,linear
1009,19_epo,82.0,113.88381367710507,linear
1010,19_epo,83.0,113.93176908905546,linear
1011,19_epo,84.0,113.97972450100586,linear
1012,19_epo,85.0,114.02767991295627,linear
1013,19_epo,86.0,114.07563532490667,linear
1014,19_epo,87.0,114.12359073685707,linear
1015,19_epo,88.0,114.17154614880748,linear
1016,19_epo,89.0,114.21950156075789,linear
1017,19_epo,90.0,114.26745697270827,linear
1018,19_epo,91.0,114.31541238465869,linear
1019,19_epo,92.0,114.3633677966091,linear
1020,19_epo,93.0,114.41132320855948,linear
1021,19_epo,94.0,114.45927862050989,linear
1022,19_epo,95.0,114.5072340324603,linear
1023,1_epo,3.0,77.68457899661485,linear
1024,1_epo,4.0,78.28251241011817,linear
1025,1_epo,5.0,78.88044582362151,linear
1026,1_epo,6.0,79.47837923712486,linear
1027,1_epo,7.000000000000001,80.07631265062818,linear
1028,1_epo,8.0,80.67424606413152,linear
1029,1_epo,9.0,81.27217947763486,linear
1030,1_epo,10.0,81.87011289113819,linear
1031,1_epo,11.0,82.46804630464152,linear
1032,1_epo,12.0,83.06597971814486,linear
1033,1_epo,13.0,83.6639131316482,linear
1034,1_epo,14.000000000000002,84.26184654515154,linear
1035,1_epo,15.0,84.85977995865487,linear
1036,1_epo,16.0,85.45771337215821,linear
1037,1_epo,17.0,86.05564678566154,linear
1038,1_epo,18.0,86.65358019916488,linear
1039,1_epo,19.0,87.2515136126682,linear
1040,1_epo,20.0,87.84944702617155,linear
1041,1_epo,21.0,88.44738043967489,linear
1042,1_epo,22.0,89.04531385317821,linear
1043,1_epo,23.0,89.64324726668154,linear
1044,1_epo,24.0,90.24118068018488,linear
1045,1_epo,25.0,90.83911409368822,linear
1046,1_epo,26.0,91.43704750719156,linear
1047,1_epo,27.0,92.03498092069489,linear
1048,1_epo,28.000000000000004,92.63291433419823,linear
1049,1_epo,28.999999999999996,93.23084774770156,linear
1050,1_epo,30.0,93.8287811612049,linear
1051,1_epo,31.0,94.42671457470823,linear
1052,1_epo,32.0,95.02464798821157,linear
1053,1_epo,33.0,95.62258140171491,linear
1054,1_epo,34.0,96.22051481521825,linear
1055,1_epo,35.0,96.81844822872156,linear
1056,1_epo,36.0,97.4163816422249,linear
1057,1_epo,37.0,98.01431505572825,linear
1058,1_epo,38.0,98.61224846923159,linear
1059,1_epo,39.0,99.21018188273491,linear
1060,1_epo,40.0,99.80811529623826,linear
1061,1_epo,41.0,100.40604870974158,linear
1062,1_epo,42.0,101.00398212324492,linear
1063,1_epo,43.0,101.60191553674825,linear
1064,1_epo,44.0,102.19984895025159,linear
1065,1_epo,45.0,102.79778236375493,linear
1066,1_epo,46.0,103.39571577725827,linear
1067,1_epo,47.0,103.9936491907616,linear
1068,1_epo,48.0,104.59158260426493,linear
1069,1_epo,49.0,105.18951601776827,linear
1070,1_epo,50.0,105.78744943127161,linear
1071,1_epo,51.0,106.38538284477494,linear
1072,1_epo,52.0,106.98331625827828,linear
1073,1_epo,53.0,107.58124967178162,linear
1074,1_epo,54.0,108.17918308528496,linear
1075,1_epo,55.00000000000001,108.7771164987883,linear
1076,1_epo,56.00000000000001,109.37504991229163,linear
1077,1_epo,56.99999999999999,109.97298332579494,linear
1078,1_epo,57.99999999999999,110.57091673929828,linear
1079,1_epo,59.0,111.16885015280162,linear
1080,1_epo,60.0,111.76678356630495,linear
1081,1_epo,61.0,112.36471697980829,linear
1082,1_epo,62.0,112.96265039331163,linear
1083,1_epo,63.0,113.56058380681498,linear
1084,1_epo,64.0,114.1585172203183,linear
1085,1_epo,65.0,114.75645063382164,linear
1086,1_epo,66.0,115.35438404732498,linear
1087,1_epo,67.0,115.95231746082833,linear
1088,1_epo,68.0,116.55025087433165,linear
1089,1_epo,69.0,117.14818428783497,linear
1090,1_epo,70.0,117.7461177013383,linear
1091,1_epo,71.0,118.34405111484165,linear
1092,1_epo,72.0,118.94198452834497,linear
1093,1_epo,73.0,119.53991794184832,linear
1094,1_epo,74.0,120.13785135535166,linear
1095,1_epo,75.0,120.735784768855,linear
1096,1_epo,76.0,121.33371818235833,linear
1097,1_epo,77.0,121.93165159586167,linear
1098,1_epo,78.0,122.52958500936501,linear
1099,1_epo,79.0,123.12751842286835,linear
1100,1_epo,80.0,123.72545183637168,linear
1101,1_epo,81.0,124.32338524987502,linear
1102,1_epo,82.0,124.92131866337833,linear
1103,1_epo,83.0,125.51925207688167,linear
1104,1_epo,84.0,126.117185490385,linear
1105,1_epo,85.0,126.71511890388834,linear
1106,1_epo,86.0,127.31305231739168,linear
1107,1_epo,87.0,127.91098573089502,linear
1108,1_epo,88.0,128.50891914439836,linear
1109,1_epo,89.0,129.1068525579017,linear
1110,1_epo,90.0,129.70478597140502,linear
1111,1_epo,91.0,130.30271938490836,linear
1112,1_epo,92.0,130.9006527984117,linear
1113,1_epo,93.0,131.49858621191504,linear
1114,1_epo,94.0,132.09651962541835,linear
1115,1_epo,95.0,132.6944530389217,linear
1116,20_epo,3.0,95.64501523169638,linear
1117,20_epo,4.0,95.84431957651036,linear
1118,20_epo,5.0,96.04362392132435,linear
1119,20_epo,6.0,96.24292826613834,linear
1120,20_epo,7.000000000000001,96.44223261095233,linear
1121,20_epo,8.0,96.64153695576633,linear
1122,20_epo,9.0,96.84084130058032,linear
1123,20_epo,10.0,97.04014564539432,linear
1124,20_epo,11.0,97.23944999020831,linear
1125,20_epo,12.0,97.43875433502231,linear
1126,20_epo,13.0,97.63805867983629,linear
1127,20_epo,14.000000000000002,97.83736302465029,linear
1128,20_epo,15.0,98.03666736946428,linear
1129,20_epo,16.0,98.23597171427828,linear
1130,20_epo,17.0,98.43527605909227,linear
1131,20_epo,18.0,98.63458040390627,linear
1132,20_epo,19.0,98.83388474872025,linear
1133,20_epo,20.0,99.03318909353425,linear
1134,20_epo,21.0,99.23249343834824,linear
1135,20_epo,22.0,99.43179778316224,linear
1136,20_epo,23.0,99.63110212797622,linear
1137,20_epo,24.0,99.83040647279022,linear
1138,20_epo,25.0,100.02971081760421,linear
1139,20_epo,26.0,100.22901516241821,linear
1140,20_epo,27.0,100.4283195072322,linear
1141,20_epo,28.000000000000004,100.6276238520462,linear
1142,20_epo,28.999999999999996,100.8269281968602,linear
1143,20_epo,30.0,101.02623254167418,linear
1144,20_epo,31.0,101.22553688648817,linear
1145,20_epo,32.0,101.42484123130215,linear
1146,20_epo,33.0,101.62414557611615,linear
1147,20_epo,34.0,101.82344992093014,linear
1148,20_epo,35.0,102.02275426574414,linear
1149,20_epo,36.0,102.22205861055814,linear
1150,20_epo,37.0,102.42136295537213,linear
1151,20_epo,38.0,102.62066730018613,linear
1152,20_epo,39.0,102.81997164500012,linear
1153,20_epo,40.0,103.01927598981412,linear
1154,20_epo,41.0,103.2185803346281,linear
1155,20_epo,42.0,103.4178846794421,linear
1156,20_epo,43.0,103.61718902425609,linear
1157,20_epo,44.0,103.81649336907007,linear
1158,20_epo,45.0,104.01579771388407,linear
1159,20_epo,46.0,104.21510205869806,linear
1160,20_epo,47.0,104.41440640351206,linear
1161,20_epo,48.0,104.61371074832606,linear
1162,20_epo,49.0,104.81301509314005,linear
1163,20_epo,50.0,105.01231943795405,linear
1164,20_epo,51.0,105.21162378276803,linear
1165,20_epo,52.0,105.41092812758203,linear
1166,20_epo,53.0,105.61023247239602,linear
1167,20_epo,54.0,105.80953681721002,linear
1168,20_epo,55.00000000000001,106.008841162024,linear
1169,20_epo,56.00000000000001,106.208145506838,linear
1170,20_epo,56.99999999999999,106.40744985165199,linear
1171,20_epo,57.99999999999999,106.60675419646599,linear
1172,20_epo,59.0,106.80605854127998,linear
1173,20_epo,60.0,107.00536288609396,linear
1174,20_epo,61.0,107.20466723090796,linear
1175,20_epo,62.0,107.40397157572195,linear
1176,20_epo,63.0,107.60327592053595,linear
1177,20_epo,64.0,107.80258026534995,linear
1178,20_epo,65.0,108.00188461016394,linear
1179,20_epo,66.0,108.20118895497794,linear
1180,20_epo,67.0,108.40049329979193,linear
1181,20_epo,68.0,108.59979764460593,linear
1182,20_epo,69.0,108.7991019894199,linear
1183,20_epo,70.0,108.99840633423389,linear
1184,20_epo,71.0,109.19771067904789,linear
1185,20_epo,72.0,109.39701502386188,linear
1186,20_epo,73.0,109.59631936867588,linear
1187,20_epo,74.0,109.79562371348987,linear
1188,20_epo,75.0,109.99492805830387,linear
1189,20_epo,76.0,110.19423240311787,linear
1190,20_epo,77.0,110.39353674793186,linear
1191,20_epo,78.0,110.59284109274584,linear
1192,20_epo,79.0,110.79214543755982,linear
1193,20_epo,80.0,110.99144978237382,linear
1194,20_epo,81.0,111.19075412718782,linear
1195,20_epo,82.0,111.39005847200181,linear
1196,20_epo,83.0,111.58936281681581,linear
1197,20_epo,84.0,111.7886671616298,linear
1198,20_epo,85.0,111.9879715064438,linear
1199,20_epo,86.0,112.1872758512578,linear
1200,20_epo,87.0,112.38658019607179,linear
1201,20_epo,88.0,112.58588454088577,linear
1202,20_epo,89.0,112.78518888569977,linear
1203,20_epo,90.0,112.98449323051376,linear
1204,20_epo,91.0,113.18379757532776,linear
1205,20_epo,92.0,113.38310192014175,linear
1206,20_epo,93.0,113.58240626495575,linear
1207,20_epo,94.0,113.78171060976973,linear
1208,20_epo,95.0,113.98101495458373,linear
1209,21_epo,3.0,97.1790208219066,linear
1210,21_epo,4.0,97.4180013811486,linear
1211,21_epo,5.0,97.65698194039062,linear
1212,21_epo,6.0,97.89596249963262,linear
1213,21_epo,7.000000000000001,98.13494305887463,linear
1214,21_epo,8.0,98.37392361811663,linear
1215,21_epo,9.0,98.61290417735864,linear
1216,21_epo,10.0,98.85188473660064,linear
1217,21_epo,11.0,99.09086529584266,linear
1218,21_epo,12.0,99.32984585508466,linear
1219,21_epo,13.0,99.56882641432667,linear
1220,21_epo,14.000000000000002,99.80780697356867,linear
1221,21_epo,15.0,100.04678753281068,linear
1222,21_epo,16.0,100.28576809205268,linear
1223,21_epo,17.0,100.5247486512947,linear
1224,21_epo,18.0,100.7637292105367,linear
1225,21_epo,19.0,101.0027097697787,linear
1226,21_epo,20.0,101.24169032902071,linear
1227,21_epo,21.0,101.48067088826272,linear
1228,21_epo,22.0,101.71965144750472,linear
1229,21_epo,23.0,101.95863200674674,linear
1230,21_epo,24.0,102.19761256598873,linear
1231,21_epo,25.0,102.43659312523074,linear
1232,21_epo,26.0,102.67557368447275,linear
1233,21_epo,27.0,102.91455424371476,linear
1234,21_epo,28.000000000000004,103.15353480295676,linear
1235,21_epo,28.999999999999996,103.39251536219878,linear
1236,21_epo,30.0,103.63149592144077,linear
1237,21_epo,31.0,103.87047648068278,linear
1238,21_epo,32.0,104.10945703992479,linear
1239,21_epo,33.0,104.3484375991668,linear
1240,21_epo,34.0,104.5874181584088,linear
1241,21_epo,35.0,104.82639871765082,linear
1242,21_epo,36.0,105.06537927689281,linear
1243,21_epo,37.0,105.30435983613482,linear
1244,21_epo,38.0,105.54334039537683,linear
1245,21_epo,39.0,105.78232095461884,linear
1246,21_epo,40.0,106.02130151386085,linear
1247,21_epo,41.0,106.26028207310286,linear
1248,21_epo,42.0,106.49926263234485,linear
1249,21_epo,43.0,106.73824319158686,linear
1250,21_epo,44.0,106.97722375082888,linear
1251,21_epo,45.0,107.21620431007088,linear
1252,21_epo,46.0,107.45518486931289,linear
1253,21_epo,47.0,107.6941654285549,linear
1254,21_epo,48.0,107.9331459877969,linear
1255,21_epo,49.0,108.17212654703891,linear
1256,21_epo,50.0,108.41110710628091,linear
1257,21_epo,51.0,108.65008766552292,linear
1258,21_epo,52.0,108.88906822476494,linear
1259,21_epo,53.0,109.12804878400694,linear
1260,21_epo,54.0,109.36702934324894,linear
1261,21_epo,55.00000000000001,109.60600990249095,linear
1262,21_epo,56.00000000000001,109.84499046173296,linear
1263,21_epo,56.99999999999999,110.08397102097496,linear
1264,21_epo,57.99999999999999,110.32295158021697,linear
1265,21_epo,59.0,110.56193213945897,linear
1266,21_epo,60.0,110.80091269870098,linear
1267,21_epo,61.0,111.03989325794299,linear
1268,21_epo,62.0,111.278873817185,linear
1269,21_epo,63.0,111.517854376427,linear
1270,21_epo,64.0,111.75683493566902,linear
1271,21_epo,65.0,111.99581549491101,linear
1272,21_epo,66.0,112.23479605415302,linear
1273,21_epo,67.0,112.47377661339503,linear
1274,21_epo,68.0,112.71275717263704,linear
1275,21_epo,69.0,112.95173773187904,linear
1276,21_epo,70.0,113.19071829112104,linear
1277,21_epo,71.0,113.42969885036305,linear
1278,21_epo,72.0,113.66867940960506,linear
1279,21_epo,73.0,113.90765996884707,linear
1280,21_epo,74.0,114.14664052808908,linear
1281,21_epo,75.0,114.38562108733107,linear
1282,21_epo,76.0,114.6246016465731,linear
1283,21_epo,77.0,114.86358220581509,linear
1284,21_epo,78.0,115.1025627650571,linear
1285,21_epo,79.0,115.34154332429911,linear
1286,21_epo,80.0,115.58052388354112,linear
1287,21_epo,81.0,115.81950444278313,linear
1288,21_epo,82.0,116.05848500202514,linear
1289,21_epo,83.0,116.29746556126713,linear
1290,21_epo,84.0,116.53644612050914,linear
1291,21_epo,85.0,116.77542667975115,linear
1292,21_epo,86.0,117.01440723899316,linear
1293,21_epo,87.0,117.25338779823515,linear
1294,21_epo,88.0,117.49236835747718,linear
1295,21_epo,89.0,117.73134891671918,linear
1296,21_epo,90.0,117.97032947596118,linear
1297,21_epo,91.0,118.20931003520319,linear
1298,21_epo,92.0,118.4482905944452,linear
1299,21_epo,93.0,118.6872711536872,linear
1300,21_epo,94.0,118.92625171292921,linear
1301,21_epo,95.0,119.16523227217121,linear
1302,22_epo,3.0,93.41791210194498,linear
1303,22_epo,4.0,93.757014799429,linear
1304,22_epo,5.0,94.09611749691302,linear
1305,22_epo,6.0,94.43522019439705,linear
1306,22_epo,7.000000000000001,94.77432289188106,linear
1307,22_epo,8.0,95.11342558936508,linear
1308,22_epo,9.0,95.4525282868491,linear
1309,22_epo,10.0,95.79163098433311,linear
1310,22_epo,11.0,96.13073368181713,linear
1311,22_epo,12.0,96.46983637930116,linear
1312,22_epo,13.0,96.80893907678518,linear
1313,22_epo,14.000000000000002,97.1480417742692,linear
1314,22_epo,15.0,97.48714447175323,linear
1315,22_epo,16.0,97.82624716923725,linear
1316,22_epo,17.0,98.16534986672127,linear
1317,22_epo,18.0,98.5044525642053,linear
1318,22_epo,19.0,98.8435552616893,linear
1319,22_epo,20.0,99.18265795917333,linear
1320,22_epo,21.0,99.52176065665735,linear
1321,22_epo,22.0,99.86086335414137,linear
1322,22_epo,23.0,100.1999660516254,linear
1323,22_epo,24.0,100.53906874910942,linear
1324,22_epo,25.0,100.87817144659344,linear
1325,22_epo,26.0,101.21727414407746,linear
1326,22_epo,27.0,101.55637684156149,linear
1327,22_epo,28.000000000000004,101.89547953904551,linear
1328,22_epo,28.999999999999996,102.23458223652953,linear
1329,22_epo,30.0,102.57368493401356,linear
1330,22_epo,31.0,102.91278763149758,linear
1331,22_epo,32.0,103.2518903289816,linear
1332,22_epo,33.0,103.59099302646561,linear
1333,22_epo,34.0,103.93009572394963,linear
1334,22_epo,35.0,104.26919842143366,linear
1335,22_epo,36.0,104.60830111891768,linear
1336,22_epo,37.0,104.9474038164017,linear
1337,22_epo,38.0,105.28650651388573,linear
1338,22_epo,39.0,105.62560921136975,linear
1339,22_epo,40.0,105.96471190885377,linear
1340,22_epo,41.0,106.3038146063378,linear
1341,22_epo,42.0,106.64291730382182,linear
1342,22_epo,43.0,106.98202000130583,linear
1343,22_epo,44.0,107.32112269878985,linear
1344,22_epo,45.0,107.66022539627387,linear
1345,22_epo,46.0,107.9993280937579,linear
1346,22_epo,47.0,108.33843079124192,linear
1347,22_epo,48.0,108.67753348872594,linear
1348,22_epo,49.0,109.01663618620996,linear
1349,22_epo,50.0,109.35573888369399,linear
1350,22_epo,51.0,109.69484158117801,linear
1351,22_epo,52.0,110.03394427866203,linear
1352,22_epo,53.0,110.37304697614606,linear
1353,22_epo,54.0,110.71214967363008,linear
1354,22_epo,55.00000000000001,111.0512523711141,linear
1355,22_epo,56.00000000000001,111.39035506859813,linear
1356,22_epo,56.99999999999999,111.72945776608213,linear
1357,22_epo,57.99999999999999,112.06856046356616,linear
1358,22_epo,59.0,112.40766316105018,linear
1359,22_epo,60.0,112.7467658585342,linear
1360,22_epo,61.0,113.08586855601823,linear
1361,22_epo,62.0,113.42497125350225,linear
1362,22_epo,63.0,113.76407395098627,linear
1363,22_epo,64.0,114.1031766484703,linear
1364,22_epo,65.0,114.44227934595432,linear
1365,22_epo,66.0,114.78138204343834,linear
1366,22_epo,67.0,115.12048474092236,linear
1367,22_epo,68.0,115.45958743840639,linear
1368,22_epo,69.0,115.7986901358904,linear
1369,22_epo,70.0,116.13779283337442,linear
1370,22_epo,71.0,116.47689553085844,linear
1371,22_epo,72.0,116.81599822834247,linear
1372,22_epo,73.0,117.15510092582649,linear
1373,22_epo,74.0,117.49420362331051,linear
1374,22_epo,75.0,117.83330632079453,linear
1375,22_epo,76.0,118.17240901827856,linear
1376,22_epo,77.0,118.51151171576258,linear
1377,22_epo,78.0,118.8506144132466,linear
1378,22_epo,79.0,119.18971711073063,linear
1379,22_epo,80.0,119.52881980821465,linear
1380,22_epo,81.0,119.86792250569866,linear
1381,22_epo,82.0,120.20702520318268,linear
1382,22_epo,83.0,120.54612790066669,linear
1383,22_epo,84.0,120.88523059815071,linear
1384,22_epo,85.0,121.22433329563474,linear
1385,22_epo,86.0,121.56343599311876,linear
1386,22_epo,87.0,121.90253869060278,linear
1387,22_epo,88.0,122.2416413880868,linear
1388,22_epo,89.0,122.58074408557083,linear
1389,22_epo,90.0,122.91984678305485,linear
1390,22_epo,91.0,123.25894948053887,linear
1391,22_epo,92.0,123.5980521780229,linear
1392,22_epo,93.0,123.9371548755069,linear
1393,22_epo,94.0,124.27625757299093,linear
1394,22_epo,95.0,124.61536027047495,linear
1395,23_epo,3.0,98.32732834080099,linear
1396,23_epo,4.0,98.39274392686181,linear
1397,23_epo,5.0,98.45815951292263,linear
1398,23_epo,6.0,98.52357509898346,linear
1399,23_epo,7.000000000000001,98.5889906850443,linear
1400,23_epo,8.0,98.65440627110513,linear
1401,23_epo,9.0,98.71982185716595,linear
1402,23_epo,10.0,98.78523744322678,linear
1403,23_epo,11.0,98.8506530292876,linear
1404,23_epo,12.0,98.91606861534842,linear
1405,23_epo,13.0,98.98148420140924,linear
1406,23_epo,14.000000000000002,99.04689978747007,linear
1407,23_epo,15.0,99.11231537353089,linear
1408,23_epo,16.0,99.17773095959171,linear
1409,23_epo,17.0,99.24314654565254,linear
1410,23_epo,18.0,99.30856213171336,linear
1411,23_epo,19.0,99.37397771777421,linear
1412,23_epo,20.0,99.43939330383503,linear
1413,23_epo,21.0,99.50480888989586,linear
1414,23_epo,22.0,99.57022447595668,linear
1415,23_epo,23.0,99.6356400620175,linear
1416,23_epo,24.0,99.70105564807832,linear
1417,23_epo,25.0,99.76647123413915,linear
1418,23_epo,26.0,99.83188682019997,linear
1419,23_epo,27.0,99.89730240626079,linear
1420,23_epo,28.000000000000004,99.96271799232161,linear
1421,23_epo,28.999999999999996,100.02813357838244,linear
1422,23_epo,30.0,100.09354916444327,linear
1423,23_epo,31.0,100.1589647505041,linear
1424,23_epo,32.0,100.22438033656493,linear
1425,23_epo,33.0,100.28979592262576,linear
1426,23_epo,34.0,100.35521150868658,linear
1427,23_epo,35.0,100.4206270947474,linear
1428,23_epo,36.0,100.48604268080823,linear
1429,23_epo,37.0,100.55145826686905,linear
1430,23_epo,38.0,100.61687385292987,linear
1431,23_epo,39.0,100.6822894389907,linear
1432,23_epo,40.0,100.74770502505152,linear
1433,23_epo,41.0,100.81312061111235,linear
1434,23_epo,42.0,100.87853619717318,linear
1435,23_epo,43.0,100.943951783234,linear
1436,23_epo,44.0,101.00936736929484,linear
1437,23_epo,45.0,101.07478295535566,linear
1438,23_epo,46.0,101.14019854141648,linear
1439,23_epo,47.0,101.2056141274773,linear
1440,23_epo,48.0,101.27102971353813,linear
1441,23_epo,49.0,101.33644529959895,linear
1442,23_epo,50.0,101.40186088565977,linear
1443,23_epo,51.0,101.4672764717206,linear
1444,23_epo,52.0,101.53269205778143,linear
1445,23_epo,53.0,101.59810764384225,linear
1446,23_epo,54.0,101.66352322990308,linear
1447,23_epo,55.00000000000001,101.7289388159639,linear
1448,23_epo,56.00000000000001,101.79435440202472,linear
1449,23_epo,56.99999999999999,101.85976998808556,linear
1450,23_epo,57.99999999999999,101.92518557414638,linear
1451,23_epo,59.0,101.9906011602072,linear
1452,23_epo,60.0,102.05601674626803,linear
1453,23_epo,61.0,102.12143233232885,linear
1454,23_epo,62.0,102.18684791838969,linear
1455,23_epo,63.0,102.25226350445051,linear
1456,23_epo,64.0,102.31767909051133,linear
1457,23_epo,65.0,102.38309467657216,linear
1458,23_epo,66.0,102.44851026263298,linear
1459,23_epo,67.0,102.5139258486938,linear
1460,23_epo,68.0,102.57934143475462,linear
1461,23_epo,69.0,102.64475702081546,linear
1462,23_epo,70.0,102.71017260687628,linear
1463,23_epo,71.0,102.77558819293711,linear
1464,23_epo,72.0,102.84100377899793,linear
1465,23_epo,73.0,102.90641936505877,linear
1466,23_epo,74.0,102.97183495111959,linear
1467,23_epo,75.0,103.03725053718041,linear
1468,23_epo,76.0,103.10266612324124,linear
1469,23_epo,77.0,103.16808170930206,linear
1470,23_epo,78.0,103.23349729536288,linear
1471,23_epo,79.0,103.2989128814237,linear
1472,23_epo,80.0,103.36432846748453,linear
1473,23_epo,81.0,103.42974405354535,linear
1474,23_epo,82.0,103.49515963960619,linear
1475,23_epo,83.0,103.56057522566701,linear
1476,23_epo,84.0,103.62599081172785,linear
1477,23_epo,85.0,103.69140639778867,linear
1478,23_epo,86.0,103.75682198384949,linear
1479,23_epo,87.0,103.82223756991031,linear
1480,23_epo,88.0,103.88765315597114,linear
1481,23_epo,89.0,103.95306874203196,linear
1482,23_epo,90.0,104.01848432809278,linear
1483,23_epo,91.0,104.0838999141536,linear
1484,23_epo,92.0,104.14931550021443,linear
1485,23_epo,93.0,104.21473108627525,linear
1486,23_epo,94.0,104.28014667233609,linear
1487,23_epo,95.0,104.34556225839692,linear
1488,24_epo,3.0,134.41472145371114,linear
1489,24_epo,4.0,134.5361644429324,linear
1490,24_epo,5.0,134.65760743215367,linear
1491,24_epo,6.0,134.7790504213749,linear
1492,24_epo,7.000000000000001,134.90049341059617,linear
1493,24_epo,8.0,135.02193639981746,linear
1494,24_epo,9.0,135.14337938903873,linear
1495,24_epo,10.0,135.26482237826,linear
1496,24_epo,11.0,135.38626536748126,linear
1497,24_epo,12.0,135.5077083567025,linear
1498,24_epo,13.0,135.6291513459238,linear
1499,24_epo,14.000000000000002,135.75059433514505,linear
1500,24_epo,15.0,135.87203732436632,linear
1501,24_epo,16.0,135.99348031358758,linear
1502,24_epo,17.0,136.11492330280882,linear
1503,24_epo,18.0,136.2363662920301,linear
1504,24_epo,19.0,136.35780928125138,linear
1505,24_epo,20.0,136.47925227047264,linear
1506,24_epo,21.0,136.6006952596939,linear
1507,24_epo,22.0,136.72213824891517,linear
1508,24_epo,23.0,136.84358123813644,linear
1509,24_epo,24.0,136.9650242273577,linear
1510,24_epo,25.0,137.08646721657897,linear
1511,24_epo,26.0,137.20791020580023,linear
1512,24_epo,27.0,137.3293531950215,linear
1513,24_epo,28.000000000000004,137.45079618424276,linear
1514,24_epo,28.999999999999996,137.57223917346403,linear
1515,24_epo,30.0,137.6936821626853,linear
1516,24_epo,31.0,137.81512515190656,linear
1517,24_epo,32.0,137.93656814112782,linear
1518,24_epo,33.0,138.0580111303491,linear
1519,24_epo,34.0,138.17945411957035,linear
1520,24_epo,35.0,138.30089710879162,linear
1521,24_epo,36.0,138.42234009801288,linear
1522,24_epo,37.0,138.54378308723415,linear
1523,24_epo,38.0,138.66522607645544,linear
1524,24_epo,39.0,138.78666906567668,linear
1525,24_epo,40.0,138.90811205489794,linear
1526,24_epo,41.0,139.0295550441192,linear
1527,24_epo,42.0,139.15099803334047,linear
1528,24_epo,43.0,139.27244102256176,linear
1529,24_epo,44.0,139.393884011783,linear
1530,24_epo,45.0,139.51532700100427,linear
1531,24_epo,46.0,139.63676999022553,linear
1532,24_epo,47.0,139.7582129794468,linear
1533,24_epo,48.0,139.8796559686681,linear
1534,24_epo,49.0,140.00109895788935,linear
1535,24_epo,50.0,140.1225419471106,linear
1536,24_epo,51.0,140.24398493633186,linear
1537,24_epo,52.0,140.36542792555312,linear
1538,24_epo,53.0,140.4868709147744,linear
1539,24_epo,54.0,140.60831390399568,linear
1540,24_epo,55.00000000000001,140.72975689321692,linear
1541,24_epo,56.00000000000001,140.85119988243818,linear
1542,24_epo,56.99999999999999,140.97264287165945,linear
1543,24_epo,57.99999999999999,141.09408586088074,linear
1544,24_epo,59.0,141.215528850102,linear
1545,24_epo,60.0,141.33697183932327,linear
1546,24_epo,61.0,141.4584148285445,linear
1547,24_epo,62.0,141.57985781776577,linear
1548,24_epo,63.0,141.70130080698706,linear
1549,24_epo,64.0,141.82274379620833,linear
1550,24_epo,65.0,141.9441867854296,linear
1551,24_epo,66.0,142.06562977465083,linear
1552,24_epo,67.0,142.1870727638721,linear
1553,24_epo,68.0,142.3085157530934,linear
1554,24_epo,69.0,142.42995874231465,linear
1555,24_epo,70.0,142.55140173153592,linear
1556,24_epo,71.0,142.67284472075718,linear
1557,24_epo,72.0,142.79428770997842,linear
1558,24_epo,73.0,142.9157306991997,linear
1559,24_epo,74.0,143.03717368842098,linear
1560,24_epo,75.0,143.15861667764224,linear
1561,24_epo,76.0,143.2800596668635,linear
1562,24_epo,77.0,143.40150265608474,linear
1563,24_epo,78.0,143.52294564530604,linear
1564,24_epo,79.0,143.6443886345273,linear
1565,24_epo,80.0,143.76583162374857,linear
1566,24_epo,81.0,143.88727461296983,linear
1567,24_epo,82.0,144.00871760219107,linear
1568,24_epo,83.0,144.13016059141236,linear
1569,24_epo,84.0,144.25160358063363,linear
1570,24_epo,85.0,144.3730465698549,linear
1571,24_epo,86.0,144.49448955907616,linear
1572,24_epo,87.0,144.61593254829742,linear
1573,24_epo,88.0,144.7373755375187,linear
1574,24_epo,89.0,144.85881852673995,linear
1575,24_epo,90.0,144.98026151596122,linear
1576,24_epo,91.0,145.10170450518248,linear
1577,24_epo,92.0,145.22314749440375,linear
1578,24_epo,93.0,145.344590483625,linear
1579,24_epo,94.0,145.46603347284628,linear
1580,24_epo,95.0,145.58747646206754,linear
1581,25_epo,3.0,93.17173703144431,linear
1582,25_epo,4.0,93.57701819074066,linear
1583,25_epo,5.0,93.98229935003701,linear
1584,25_epo,6.0,94.38758050933335,linear
1585,25_epo,7.000000000000001,94.7928616686297,linear
1586,25_epo,8.0,95.19814282792605,linear
1587,25_epo,9.0,95.6034239872224,linear
1588,25_epo,10.0,96.00870514651874,linear
1589,25_epo,11.0,96.41398630581509,linear
1590,25_epo,12.0,96.81926746511144,linear
1591,25_epo,13.0,97.22454862440777,linear
1592,25_epo,14.000000000000002,97.62982978370412,linear
1593,25_epo,15.0,98.03511094300046,linear
1594,25_epo,16.0,98.44039210229681,linear
1595,25_epo,17.0,98.84567326159316,linear
1596,25_epo,18.0,99.2509544208895,linear
1597,25_epo,19.0,99.65623558018585,linear
1598,25_epo,20.0,100.0615167394822,linear
1599,25_epo,21.0,100.46679789877855,linear
1600,25_epo,22.0,100.8720790580749,linear
1601,25_epo,23.0,101.27736021737124,linear
1602,25_epo,24.0,101.68264137666759,linear
1603,25_epo,25.0,102.08792253596394,linear
1604,25_epo,26.0,102.49320369526029,linear
1605,25_epo,27.0,102.89848485455663,linear
1606,25_epo,28.000000000000004,103.30376601385298,linear
1607,25_epo,28.999999999999996,103.70904717314933,linear
1608,25_epo,30.0,104.11432833244568,linear
1609,25_epo,31.0,104.51960949174202,linear
1610,25_epo,32.0,104.92489065103837,linear
1611,25_epo,33.0,105.33017181033472,linear
1612,25_epo,34.0,105.73545296963107,linear
1613,25_epo,35.0,106.1407341289274,linear
1614,25_epo,36.0,106.54601528822374,linear
1615,25_epo,37.0,106.95129644752011,linear
1616,25_epo,38.0,107.35657760681644,linear
1617,25_epo,39.0,107.7618587661128,linear
1618,25_epo,40.0,108.16713992540913,linear
1619,25_epo,41.0,108.57242108470548,linear
1620,25_epo,42.0,108.97770224400183,linear
1621,25_epo,43.0,109.38298340329817,linear
1622,25_epo,44.0,109.78826456259452,linear
1623,25_epo,45.0,110.19354572189087,linear
1624,25_epo,46.0,110.59882688118722,linear
1625,25_epo,47.0,111.00410804048356,linear
1626,25_epo,48.0,111.40938919977991,linear
1627,25_epo,49.0,111.81467035907626,linear
1628,25_epo,50.0,112.21995151837261,linear
1629,25_epo,51.0,112.62523267766896,linear
1630,25_epo,52.0,113.0305138369653,linear
1631,25_epo,53.0,113.43579499626165,linear
1632,25_epo,54.0,113.841076155558,linear
1633,25_epo,55.00000000000001,114.24635731485435,linear
1634,25_epo,56.00000000000001,114.65163847415069,linear
1635,25_epo,56.99999999999999,115.05691963344702,linear
1636,25_epo,57.99999999999999,115.46220079274339,linear
1637,25_epo,59.0,115.86748195203973,linear
1638,25_epo,60.0,116.27276311133608,linear
1639,25_epo,61.0,116.67804427063241,linear
1640,25_epo,62.0,117.08332542992878,linear
1641,25_epo,63.0,117.48860658922511,linear
1642,25_epo,64.0,117.89388774852146,linear
1643,25_epo,65.0,118.2991689078178,linear
1644,25_epo,66.0,118.70445006711417,linear
1645,25_epo,67.0,119.1097312264105,linear
1646,25_epo,68.0,119.51501238570685,linear
1647,25_epo,69.0,119.92029354500319,linear
1648,25_epo,70.0,120.32557470429954,linear
1649,25_epo,71.0,120.73085586359589,linear
1650,25_epo,72.0,121.13613702289223,linear
1651,25_epo,73.0,121.54141818218858,linear
1652,25_epo,74.0,121.94669934148493,linear
1653,25_epo,75.0,122.35198050078128,linear
1654,25_epo,76.0,122.75726166007762,linear
1655,25_epo,77.0,123.16254281937397,linear
1656,25_epo,78.0,123.56782397867032,linear
1657,25_epo,79.0,123.97310513796667,linear
1658,25_epo,80.0,124.37838629726302,linear
1659,25_epo,81.0,124.78366745655936,linear
1660,25_epo,82.0,125.1889486158557,linear
1661,25_epo,83.0,125.59422977515206,linear
1662,25_epo,84.0,125.9995109344484,linear
1663,25_epo,85.0,126.40479209374475,linear
1664,25_epo,86.0,126.81007325304108,linear
1665,25_epo,87.0,127.21535441233745,linear
1666,25_epo,88.0,127.62063557163378,linear
1667,25_epo,89.0,128.02591673093013,linear
1668,25_epo,90.0,128.43119789022649,linear
1669,25_epo,91.0,128.83647904952284,linear
1670,25_epo,92.0,129.24176020881916,linear
1671,25_epo,93.0,129.64704136811554,linear
1672,25_epo,94.0,130.05232252741186,linear
1673,25_epo,95.0,130.4576036867082,linear
1674,2_epo,3.0,91.68794726439968,linear
1675,2_epo,4.0,92.06836546786157,linear
1676,2_epo,5.0,92.44878367132345,linear
1677,2_epo,6.0,92.82920187478533,linear
1678,2_epo,7.000000000000001,93.20962007824721,linear
1679,2_epo,8.0,93.59003828170908,linear
1680,2_epo,9.0,93.97045648517097,linear
1681,2_epo,10.0,94.35087468863284,linear
1682,2_epo,11.0,94.73129289209473,linear
1683,2_epo,12.0,95.1117110955566,linear
1684,2_epo,13.0,95.49212929901849,linear
1685,2_epo,14.000000000000002,95.87254750248036,linear
1686,2_epo,15.0,96.25296570594224,linear
1687,2_epo,16.0,96.63338390940413,linear
1688,2_epo,17.0,97.013802112866,linear
1689,2_epo,18.0,97.39422031632789,linear
1690,2_epo,19.0,97.77463851978976,linear
1691,2_epo,20.0,98.15505672325165,linear
1692,2_epo,21.0,98.53547492671352,linear
1693,2_epo,22.0,98.9158931301754,linear
1694,2_epo,23.0,99.29631133363728,linear
1695,2_epo,24.0,99.67672953709916,linear
1696,2_epo,25.0,100.05714774056104,linear
1697,2_epo,26.0,100.43756594402292,linear
1698,2_epo,27.0,100.81798414748481,linear
1699,2_epo,28.000000000000004,101.19840235094668,linear
1700,2_epo,28.999999999999996,101.57882055440857,linear
1701,2_epo,30.0,101.95923875787044,linear
1702,2_epo,31.0,102.33965696133232,linear
1703,2_epo,32.0,102.7200751647942,linear
1704,2_epo,33.0,103.10049336825608,linear
1705,2_epo,34.0,103.48091157171795,linear
1706,2_epo,35.0,103.86132977517984,linear
1707,2_epo,36.0,104.24174797864171,linear
1708,2_epo,37.0,104.6221661821036,linear
1709,2_epo,38.0,105.00258438556548,linear
1710,2_epo,39.0,105.38300258902736,linear
1711,2_epo,40.0,105.76342079248924,linear
1712,2_epo,41.0,106.14383899595111,linear
1713,2_epo,42.0,106.524257199413,linear
1714,2_epo,43.0,106.90467540287487,linear
1715,2_epo,44.0,107.28509360633676,linear
1716,2_epo,45.0,107.66551180979863,linear
1717,2_epo,46.0,108.04593001326052,linear
1718,2_epo,47.0,108.4263482167224,linear
1719,2_epo,48.0,108.80676642018427,linear
1720,2_epo,49.0,109.18718462364616,linear
1721,2_epo,50.0,109.56760282710803,linear
1722,2_epo,51.0,109.94802103056992,linear
1723,2_epo,52.0,110.32843923403179,linear
1724,2_epo,53.0,110.70885743749368,linear
1725,2_epo,54.0,111.08927564095555,linear
1726,2_epo,55.00000000000001,111.46969384441744,linear
1727,2_epo,56.00000000000001,111.8501120478793,linear
1728,2_epo,56.99999999999999,112.2305302513412,linear
1729,2_epo,57.99999999999999,112.61094845480308,linear
1730,2_epo,59.0,112.99136665826495,linear
1731,2_epo,60.0,113.37178486172684,linear
1732,2_epo,61.0,113.75220306518871,linear
1733,2_epo,62.0,114.1326212686506,linear
1734,2_epo,63.0,114.51303947211247,linear
1735,2_epo,64.0,114.89345767557435,linear
1736,2_epo,65.0,115.27387587903623,linear
1737,2_epo,66.0,115.65429408249811,linear
1738,2_epo,67.0,116.03471228595998,linear
1739,2_epo,68.0,116.41513048942187,linear
1740,2_epo,69.0,116.79554869288376,linear
1741,2_epo,70.0,117.17596689634563,linear
1742,2_epo,71.0,117.55638509980751,linear
1743,2_epo,72.0,117.93680330326939,linear
1744,2_epo,73.0,118.31722150673127,linear
1745,2_epo,74.0,118.69763971019314,linear
1746,2_epo,75.0,119.07805791365503,linear
1747,2_epo,76.0,119.4584761171169,linear
1748,2_epo,77.0,119.83889432057879,linear
1749,2_epo,78.0,120.21931252404066,linear
1750,2_epo,79.0,120.59973072750255,linear
1751,2_epo,80.0,120.98014893096443,linear
1752,2_epo,81.0,121.3605671344263,linear
1753,2_epo,82.0,121.74098533788819,linear
1754,2_epo,83.0,122.12140354135006,linear
1755,2_epo,84.0,122.50182174481195,linear
1756,2_epo,85.0,122.88223994827382,linear
1757,2_epo,86.0,123.2626581517357,linear
1758,2_epo,87.0,123.64307635519758,linear
1759,2_epo,88.0,124.02349455865946,linear
1760,2_epo,89.0,124.40391276212134,linear
1761,2_epo,90.0,124.78433096558322,linear
1762,2_epo,91.0,125.16474916904511,linear
1763,2_epo,92.0,125.54516737250698,linear
1764,2_epo,93.0,125.92558557596887,linear
1765,2_epo,94.0,126.30600377943074,linear
1766,2_epo,95.0,126.68642198289263,linear
1767,3_epo,3.0,91.2770833430031,linear
1768,3_epo,4.0,91.32528551899651,linear
1769,3_epo,5.0,91.3734876949899,linear
1770,3_epo,6.0,91.42168987098331,linear
1771,3_epo,7.000000000000001,91.46989204697672,linear
1772,3_epo,8.0,91.51809422297013,linear
1773,3_epo,9.0,91.56629639896354,linear
1774,3_epo,10.0,91.61449857495695,linear
1775,3_epo,11.0,91.66270075095036,linear
1776,3_epo,12.0,91.71090292694379,linear
1777,3_epo,13.0,91.75910510293718,linear
1778,3_epo,14.000000000000002,91.8073072789306,linear
1779,3_epo,15.0,91.855509454924,linear
1780,3_epo,16.0,91.90371163091741,linear
1781,3_epo,17.0,91.95191380691082,linear
1782,3_epo,18.0,92.00011598290423,linear
1783,3_epo,19.0,92.04831815889764,linear
1784,3_epo,20.0,92.09652033489105,linear
1785,3_epo,21.0,92.14472251088446,linear
1786,3_epo,22.0,92.19292468687787,linear
1787,3_epo,23.0,92.24112686287128,linear
1788,3_epo,24.0,92.2893290388647,linear
1789,3_epo,25.0,92.3375312148581,linear
1790,3_epo,26.0,92.38573339085151,linear
1791,3_epo,27.0,92.43393556684492,linear
1792,3_epo,28.000000000000004,92.48213774283833,linear
1793,3_epo,28.999999999999996,92.53033991883174,linear
1794,3_epo,30.0,92.57854209482515,linear
1795,3_epo,31.0,92.62674427081856,linear
1796,3_epo,32.0,92.67494644681197,linear
1797,3_epo,33.0,92.72314862280538,linear
1798,3_epo,34.0,92.77135079879879,linear
1799,3_epo,35.0,92.8195529747922,linear
1800,3_epo,36.0,92.86775515078561,linear
1801,3_epo,37.0,92.91595732677901,linear
1802,3_epo,38.0,92.96415950277243,linear
1803,3_epo,39.0,93.01236167876584,linear
1804,3_epo,40.0,93.06056385475925,linear
1805,3_epo,41.0,93.10876603075266,linear
1806,3_epo,42.0,93.15696820674607,linear
1807,3_epo,43.0,93.20517038273948,linear
1808,3_epo,44.0,93.25337255873289,linear
1809,3_epo,45.0,93.3015747347263,linear
1810,3_epo,46.0,93.3497769107197,linear
1811,3_epo,47.0,93.39797908671312,linear
1812,3_epo,48.0,93.44618126270653,linear
1813,3_epo,49.0,93.49438343869994,linear
1814,3_epo,50.0,93.54258561469335,linear
1815,3_epo,51.0,93.59078779068676,linear
1816,3_epo,52.0,93.63898996668017,linear
1817,3_epo,53.0,93.68719214267358,linear
1818,3_epo,54.0,93.73539431866698,linear
1819,3_epo,55.00000000000001,93.78359649466039,linear
1820,3_epo,56.00000000000001,93.83179867065381,linear
1821,3_epo,56.99999999999999,93.88000084664722,linear
1822,3_epo,57.99999999999999,93.92820302264063,linear
1823,3_epo,59.0,93.97640519863404,linear
1824,3_epo,60.0,94.02460737462745,linear
1825,3_epo,61.0,94.07280955062086,linear
1826,3_epo,62.0,94.12101172661426,linear
1827,3_epo,63.0,94.16921390260767,linear
1828,3_epo,64.0,94.21741607860108,linear
1829,3_epo,65.0,94.2656182545945,linear
1830,3_epo,66.0,94.31382043058791,linear
1831,3_epo,67.0,94.36202260658132,linear
1832,3_epo,68.0,94.41022478257473,linear
1833,3_epo,69.0,94.45842695856814,linear
1834,3_epo,70.0,94.50662913456154,linear
1835,3_epo,71.0,94.55483131055495,linear
1836,3_epo,72.0,94.60303348654836,linear
1837,3_epo,73.0,94.65123566254177,linear
1838,3_epo,74.0,94.69943783853519,linear
1839,3_epo,75.0,94.7476400145286,linear
1840,3_epo,76.0,94.79584219052201,linear
1841,3_epo,77.0,94.84404436651542,linear
1842,3_epo,78.0,94.89224654250883,linear
1843,3_epo,79.0,94.94044871850222,linear
1844,3_epo,80.0,94.98865089449563,linear
1845,3_epo,81.0,95.03685307048904,linear
1846,3_epo,82.0,95.08505524648245,linear
1847,3_epo,83.0,95.13325742247588,linear
1848,3_epo,84.0,95.18145959846929,linear
1849,3_epo,85.0,95.2296617744627,linear
1850,3_epo,86.0,95.2778639504561,linear
1851,3_epo,87.0,95.3260661264495,linear
1852,3_epo,88.0,95.37426830244291,linear
1853,3_epo,89.0,95.42247047843632,linear
1854,3_epo,90.0,95.47067265442973,linear
1855,3_epo,91.0,95.51887483042314,linear
1856,3_epo,92.0,95.56707700641657,linear
1857,3_epo,93.0,95.61527918240998,linear
1858,3_epo,94.0,95.66348135840339,linear
1859,3_epo,95.0,95.71168353439678,linear
1860,4_epo,3.0,80.59412712146263,linear
1861,4_epo,4.0,80.85788689174379,linear
1862,4_epo,5.0,81.12164666202494,linear
1863,4_epo,6.0,81.38540643230608,linear
1864,4_epo,7.000000000000001,81.64916620258724,linear
1865,4_epo,8.0,81.91292597286838,linear
1866,4_epo,9.0,82.17668574314953,linear
1867,4_epo,10.0,82.44044551343069,linear
1868,4_epo,11.0,82.70420528371183,linear
1869,4_epo,12.0,82.96796505399298,linear
1870,4_epo,13.0,83.23172482427412,linear
1871,4_epo,14.000000000000002,83.49548459455528,linear
1872,4_epo,15.0,83.75924436483642,linear
1873,4_epo,16.0,84.02300413511759,linear
1874,4_epo,17.0,84.28676390539873,linear
1875,4_epo,18.0,84.55052367567987,linear
1876,4_epo,19.0,84.81428344596102,linear
1877,4_epo,20.0,85.07804321624216,linear
1878,4_epo,21.0,85.34180298652332,linear
1879,4_epo,22.0,85.60556275680447,linear
1880,4_epo,23.0,85.86932252708563,linear
1881,4_epo,24.0,86.13308229736677,linear
1882,4_epo,25.0,86.39684206764791,linear
1883,4_epo,26.0,86.66060183792906,linear
1884,4_epo,27.0,86.9243616082102,linear
1885,4_epo,28.000000000000004,87.18812137849136,linear
1886,4_epo,28.999999999999996,87.45188114877251,linear
1887,4_epo,30.0,87.71564091905367,linear
1888,4_epo,31.0,87.97940068933481,linear
1889,4_epo,32.0,88.24316045961596,linear
1890,4_epo,33.0,88.5069202298971,linear
1891,4_epo,34.0,88.77068000017826,linear
1892,4_epo,35.0,89.03443977045941,linear
1893,4_epo,36.0,89.29819954074055,linear
1894,4_epo,37.0,89.56195931102171,linear
1895,4_epo,38.0,89.82571908130285,linear
1896,4_epo,39.0,90.089478851584,linear
1897,4_epo,40.0,90.35323862186515,linear
1898,4_epo,41.0,90.61699839214629,linear
1899,4_epo,42.0,90.88075816242745,linear
1900,4_epo,43.0,91.1445179327086,linear
1901,4_epo,44.0,91.40827770298975,linear
1902,4_epo,45.0,91.67203747327089,linear
1903,4_epo,46.0,91.93579724355205,linear
1904,4_epo,47.0,92.1995570138332,linear
1905,4_epo,48.0,92.46331678411434,linear
1906,4_epo,49.0,92.7270765543955,linear
1907,4_epo,50.0,92.99083632467664,linear
1908,4_epo,51.0,93.25459609495779,linear
1909,4_epo,52.0,93.51835586523893,linear
1910,4_epo,53.0,93.78211563552009,linear
1911,4_epo,54.0,94.04587540580124,linear
1912,4_epo,55.00000000000001,94.30963517608238,linear
1913,4_epo,56.00000000000001,94.57339494636354,linear
1914,4_epo,56.99999999999999,94.83715471664468,linear
1915,4_epo,57.99999999999999,95.10091448692583,linear
1916,4_epo,59.0,95.36467425720697,linear
1917,4_epo,60.0,95.62843402748814,linear
1918,4_epo,61.0,95.89219379776928,linear
1919,4_epo,62.0,96.15595356805044,linear
1920,4_epo,63.0,96.41971333833158,linear
1921,4_epo,64.0,96.68347310861272,linear
1922,4_epo,65.0,96.94723287889387,linear
1923,4_epo,66.0,97.21099264917501,linear
1924,4_epo,67.0,97.47475241945618,linear
1925,4_epo,68.0,97.73851218973732,linear
1926,4_epo,69.0,98.00227196001848,linear
1927,4_epo,70.0,98.26603173029962,linear
1928,4_epo,71.0,98.52979150058076,linear
1929,4_epo,72.0,98.79355127086193,linear
1930,4_epo,73.0,99.05731104114307,linear
1931,4_epo,74.0,99.32107081142422,linear
1932,4_epo,75.0,99.58483058170536,linear
1933,4_epo,76.0,99.84859035198652,linear
1934,4_epo,77.0,100.11235012226766,linear
1935,4_epo,78.0,100.3761098925488,linear
1936,4_epo,79.0,100.63986966282997,linear
1937,4_epo,80.0,100.9036294331111,linear
1938,4_epo,81.0,101.16738920339226,linear
1939,4_epo,82.0,101.4311489736734,linear
1940,4_epo,83.0,101.69490874395456,linear
1941,4_epo,84.0,101.95866851423571,linear
1942,4_epo,85.0,102.22242828451685,linear
1943,4_epo,86.0,102.486188054798,linear
1944,4_epo,87.0,102.74994782507915,linear
1945,4_epo,88.0,103.0137075953603,linear
1946,4_epo,89.0,103.27746736564144,linear
1947,4_epo,90.0,103.5412271359226,linear
1948,4_epo,91.0,103.80498690620374,linear
1949,4_epo,92.0,104.0687466764849,linear
1950,4_epo,93.0,104.33250644676605,linear
1951,4_epo,94.0,104.59626621704719,linear
1952,4_epo,95.0,104.86002598732834,linear
1953,5_epo,3.0,89.75779625990513,linear
1954,5_epo,4.0,90.15628905178016,linear
1955,5_epo,5.0,90.5547818436552,linear
1956,5_epo,6.0,90.95327463553022,linear
1957,5_epo,7.000000000000001,91.35176742740526,linear
1958,5_epo,8.0,91.75026021928029,linear
1959,5_epo,9.0,92.14875301115532,linear
1960,5_epo,10.0,92.54724580303035,linear
1961,5_epo,11.0,92.9457385949054,linear
1962,5_epo,12.0,93.34423138678041,linear
1963,5_epo,13.0,93.74272417865545,linear
1964,5_epo,14.000000000000002,94.14121697053048,linear
1965,5_epo,15.0,94.53970976240551,linear
1966,5_epo,16.0,94.93820255428054,linear
1967,5_epo,17.0,95.33669534615558,linear
1968,5_epo,18.0,95.7351881380306,linear
1969,5_epo,19.0,96.13368092990564,linear
1970,5_epo,20.0,96.53217372178067,linear
1971,5_epo,21.0,96.9306665136557,linear
1972,5_epo,22.0,97.32915930553074,linear
1973,5_epo,23.0,97.72765209740577,linear
1974,5_epo,24.0,98.12614488928078,linear
1975,5_epo,25.0,98.52463768115582,linear
1976,5_epo,26.0,98.92313047303087,linear
1977,5_epo,27.0,99.32162326490588,linear
1978,5_epo,28.000000000000004,99.72011605678092,linear
1979,5_epo,28.999999999999996,100.11860884865595,linear
1980,5_epo,30.0,100.51710164053098,linear
1981,5_epo,31.0,100.91559443240601,linear
1982,5_epo,32.0,101.31408722428105,linear
1983,5_epo,33.0,101.71258001615607,linear
1984,5_epo,34.0,102.11107280803111,linear
1985,5_epo,35.0,102.50956559990614,linear
1986,5_epo,36.0,102.90805839178117,linear
1987,5_epo,37.0,103.3065511836562,linear
1988,5_epo,38.0,103.70504397553124,linear
1989,5_epo,39.0,104.10353676740625,linear
1990,5_epo,40.0,104.5020295592813,linear
1991,5_epo,41.0,104.90052235115633,linear
1992,5_epo,42.0,105.29901514303135,linear
1993,5_epo,43.0,105.69750793490638,linear
1994,5_epo,44.0,106.09600072678143,linear
1995,5_epo,45.0,106.49449351865644,linear
1996,5_epo,46.0,106.89298631053148,linear
1997,5_epo,47.0,107.29147910240651,linear
1998,5_epo,48.0,107.68997189428154,linear
1999,5_epo,49.0,108.08846468615657,linear
2000,5_epo,50.0,108.48695747803161,linear
2001,5_epo,51.0,108.88545026990664,linear
2002,5_epo,52.0,109.28394306178167,linear
2003,5_epo,53.0,109.68243585365671,linear
2004,5_epo,54.0,110.08092864553173,linear
2005,5_epo,55.00000000000001,110.47942143740677,linear
2006,5_epo,56.00000000000001,110.8779142292818,linear
2007,5_epo,56.99999999999999,111.27640702115681,linear
2008,5_epo,57.99999999999999,111.67489981303186,linear
2009,5_epo,59.0,112.0733926049069,linear
2010,5_epo,60.0,112.47188539678191,linear
2011,5_epo,61.0,112.87037818865696,linear
2012,5_epo,62.0,113.26887098053199,linear
2013,5_epo,63.0,113.66736377240701,linear
2014,5_epo,64.0,114.06585656428204,linear
2015,5_epo,65.0,114.46434935615709,linear
2016,5_epo,66.0,114.8628421480321,linear
2017,5_epo,67.0,115.26133493990714,linear
2018,5_epo,68.0,115.65982773178219,linear
2019,5_epo,69.0,116.0583205236572,linear
2020,5_epo,70.0,116.45681331553223,linear
2021,5_epo,71.0,116.85530610740727,linear
2022,5_epo,72.0,117.25379889928229,linear
2023,5_epo,73.0,117.65229169115733,linear
2024,5_epo,74.0,118.05078448303236,linear
2025,5_epo,75.0,118.44927727490739,linear
2026,5_epo,76.0,118.84777006678243,linear
2027,5_epo,77.0,119.24626285865746,linear
2028,5_epo,78.0,119.64475565053249,linear
2029,5_epo,79.0,120.04324844240752,linear
2030,5_epo,80.0,120.44174123428256,linear
2031,5_epo,81.0,120.84023402615759,linear
2032,5_epo,82.0,121.2387268180326,linear
2033,5_epo,83.0,121.63721960990765,linear
2034,5_epo,84.0,122.03571240178267,linear
2035,5_epo,85.0,122.4342051936577,linear
2036,5_epo,86.0,122.83269798553273,linear
2037,5_epo,87.0,123.23119077740776,linear
2038,5_epo,88.0,123.6296835692828,linear
2039,5_epo,89.0,124.02817636115785,linear
2040,5_epo,90.0,124.42666915303286,linear
2041,5_epo,91.0,124.82516194490789,linear
2042,5_epo,92.0,125.22365473678293,linear
2043,5_epo,93.0,125.62214752865796,linear
2044,5_epo,94.0,126.02064032053298,linear
2045,5_epo,95.0,126.41913311240802,linear
2046,6_epo,3.0,145.01873815070596,linear
2047,6_epo,4.0,145.06397564243187,linear
2048,6_epo,5.0,145.10921313415778,linear
2049,6_epo,6.0,145.15445062588367,linear
2050,6_epo,7.000000000000001,145.19968811760958,linear
2051,6_epo,8.0,145.2449256093355,linear
2052,6_epo,9.0,145.29016310106138,linear
2053,6_epo,10.0,145.3354005927873,linear
2054,6_epo,11.0,145.3806380845132,linear
2055,6_epo,12.0,145.42587557623912,linear
2056,6_epo,13.0,145.471113067965,linear
2057,6_epo,14.000000000000002,145.51635055969092,linear
2058,6_epo,15.0,145.56158805141683,linear
2059,6_epo,16.0,145.60682554314275,linear
2060,6_epo,17.0,145.65206303486863,linear
2061,6_epo,18.0,145.69730052659455,linear
2062,6_epo,19.0,145.74253801832046,linear
2063,6_epo,20.0,145.78777551004634,linear
2064,6_epo,21.0,145.83301300177226,linear
2065,6_epo,22.0,145.87825049349817,linear
2066,6_epo,23.0,145.92348798522409,linear
2067,6_epo,24.0,145.96872547694997,linear
2068,6_epo,25.0,146.01396296867588,linear
2069,6_epo,26.0,146.0592004604018,linear
2070,6_epo,27.0,146.10443795212768,linear
2071,6_epo,28.000000000000004,146.1496754438536,linear
2072,6_epo,28.999999999999996,146.1949129355795,linear
2073,6_epo,30.0,146.24015042730542,linear
2074,6_epo,31.0,146.2853879190313,linear
2075,6_epo,32.0,146.33062541075722,linear
2076,6_epo,33.0,146.37586290248314,linear
2077,6_epo,34.0,146.42110039420902,linear
2078,6_epo,35.0,146.46633788593493,linear
2079,6_epo,36.0,146.51157537766085,linear
2080,6_epo,37.0,146.55681286938676,linear
2081,6_epo,38.0,146.60205036111265,linear
2082,6_epo,39.0,146.64728785283856,linear
2083,6_epo,40.0,146.69252534456447,linear
2084,6_epo,41.0,146.7377628362904,linear
2085,6_epo,42.0,146.78300032801627,linear
2086,6_epo,43.0,146.82823781974218,linear
2087,6_epo,44.0,146.8734753114681,linear
2088,6_epo,45.0,146.91871280319398,linear
2089,6_epo,46.0,146.9639502949199,linear
2090,6_epo,47.0,147.0091877866458,linear
2091,6_epo,48.0,147.05442527837172,linear
2092,6_epo,49.0,147.0996627700976,linear
2093,6_epo,50.0,147.14490026182352,linear
2094,6_epo,51.0,147.19013775354944,linear
2095,6_epo,52.0,147.23537524527532,linear
2096,6_epo,53.0,147.28061273700123,linear
2097,6_epo,54.0,147.32585022872715,linear
2098,6_epo,55.00000000000001,147.37108772045306,linear
2099,6_epo,56.00000000000001,147.41632521217895,linear
2100,6_epo,56.99999999999999,147.46156270390486,linear
2101,6_epo,57.99999999999999,147.50680019563077,linear
2102,6_epo,59.0,147.55203768735666,linear
2103,6_epo,60.0,147.59727517908257,linear
2104,6_epo,61.0,147.6425126708085,linear
2105,6_epo,62.0,147.6877501625344,linear
2106,6_epo,63.0,147.73298765426028,linear
2107,6_epo,64.0,147.7782251459862,linear
2108,6_epo,65.0,147.8234626377121,linear
2109,6_epo,66.0,147.86870012943803,linear
2110,6_epo,67.0,147.9139376211639,linear
2111,6_epo,68.0,147.95917511288982,linear
2112,6_epo,69.0,148.00441260461574,linear
2113,6_epo,70.0,148.04965009634162,linear
2114,6_epo,71.0,148.09488758806754,linear
2115,6_epo,72.0,148.14012507979345,linear
2116,6_epo,73.0,148.18536257151936,linear
2117,6_epo,74.0,148.23060006324525,linear
2118,6_epo,75.0,148.27583755497116,linear
2119,6_epo,76.0,148.32107504669708,linear
2120,6_epo,77.0,148.36631253842296,linear
2121,6_epo,78.0,148.41155003014887,linear
2122,6_epo,79.0,148.4567875218748,linear
2123,6_epo,80.0,148.5020250136007,linear
2124,6_epo,81.0,148.5472625053266,linear
2125,6_epo,82.0,148.5924999970525,linear
2126,6_epo,83.0,148.6377374887784,linear
2127,6_epo,84.0,148.6829749805043,linear
2128,6_epo,85.0,148.7282124722302,linear
2129,6_epo,86.0,148.77344996395612,linear
2130,6_epo,87.0,148.81868745568204,linear
2131,6_epo,88.0,148.86392494740795,linear
2132,6_epo,89.0,148.90916243913387,linear
2133,6_epo,90.0,148.95439993085978,linear
2134,6_epo,91.0,148.9996374225857,linear
2135,6_epo,92.0,149.04487491431158,linear
2136,6_epo,93.0,149.0901124060375,linear
2137,6_epo,94.0,149.1353498977634,linear
2138,6_epo,95.0,149.1805873894893,linear
2139,7_epo,3.0,109.2297236613107,linear
2140,7_epo,4.0,109.22474912570271,linear
2141,7_epo,5.0,109.21977459009474,linear
2142,7_epo,6.0,109.21480005448676,linear
2143,7_epo,7.000000000000001,109.20982551887879,linear
2144,7_epo,8.0,109.20485098327079,linear
2145,7_epo,9.0,109.19987644766282,linear
2146,7_epo,10.0,109.19490191205483,linear
2147,7_epo,11.0,109.18992737644685,linear
2148,7_epo,12.0,109.18495284083887,linear
2149,7_epo,13.0,109.17997830523088,linear
2150,7_epo,14.000000000000002,109.1750037696229,linear
2151,7_epo,15.0,109.17002923401492,linear
2152,7_epo,16.0,109.16505469840695,linear
2153,7_epo,17.0,109.16008016279896,linear
2154,7_epo,18.0,109.15510562719096,linear
2155,7_epo,19.0,109.15013109158299,linear
2156,7_epo,20.0,109.145156555975,linear
2157,7_epo,21.0,109.14018202036704,linear
2158,7_epo,22.0,109.13520748475905,linear
2159,7_epo,23.0,109.13023294915105,linear
2160,7_epo,24.0,109.12525841354308,linear
2161,7_epo,25.0,109.1202838779351,linear
2162,7_epo,26.0,109.11530934232712,linear
2163,7_epo,27.0,109.11033480671914,linear
2164,7_epo,28.000000000000004,109.10536027111115,linear
2165,7_epo,28.999999999999996,109.10038573550317,linear
2166,7_epo,30.0,109.09541119989518,linear
2167,7_epo,31.0,109.09043666428721,linear
2168,7_epo,32.0,109.08546212867923,linear
2169,7_epo,33.0,109.08048759307124,linear
2170,7_epo,34.0,109.07551305746325,linear
2171,7_epo,35.0,109.07053852185527,linear
2172,7_epo,36.0,109.0655639862473,linear
2173,7_epo,37.0,109.06058945063931,linear
2174,7_epo,38.0,109.05561491503133,linear
2175,7_epo,39.0,109.05064037942334,linear
2176,7_epo,40.0,109.04566584381537,linear
2177,7_epo,41.0,109.04069130820739,linear
2178,7_epo,42.0,109.0357167725994,linear
2179,7_epo,43.0,109.03074223699141,linear
2180,7_epo,44.0,109.02576770138343,linear
2181,7_epo,45.0,109.02079316577546,linear
2182,7_epo,46.0,109.01581863016747,linear
2183,7_epo,47.0,109.01084409455949,linear
2184,7_epo,48.0,109.0058695589515,linear
2185,7_epo,49.0,109.00089502334352,linear
2186,7_epo,50.0,108.99592048773555,linear
2187,7_epo,51.0,108.99094595212756,linear
2188,7_epo,52.0,108.98597141651959,linear
2189,7_epo,53.0,108.98099688091159,linear
2190,7_epo,54.0,108.9760223453036,linear
2191,7_epo,55.00000000000001,108.97104780969563,linear
2192,7_epo,56.00000000000001,108.96607327408765,linear
2193,7_epo,56.99999999999999,108.96109873847968,linear
2194,7_epo,57.99999999999999,108.95612420287168,linear
2195,7_epo,59.0,108.9511496672637,linear
2196,7_epo,60.0,108.94617513165572,linear
2197,7_epo,61.0,108.94120059604774,linear
2198,7_epo,62.0,108.93622606043976,linear
2199,7_epo,63.0,108.93125152483177,linear
2200,7_epo,64.0,108.9262769892238,linear
2201,7_epo,65.0,108.92130245361581,linear
2202,7_epo,66.0,108.91632791800782,linear
2203,7_epo,67.0,108.91135338239985,linear
2204,7_epo,68.0,108.90637884679185,linear
2205,7_epo,69.0,108.90140431118388,linear
2206,7_epo,70.0,108.8964297755759,linear
2207,7_epo,71.0,108.89145523996793,linear
2208,7_epo,72.0,108.88648070435994,linear
2209,7_epo,73.0,108.88150616875194,linear
2210,7_epo,74.0,108.87653163314397,linear
2211,7_epo,75.0,108.87155709753598,linear
2212,7_epo,76.0,108.86658256192801,linear
2213,7_epo,77.0,108.86160802632003,linear
2214,7_epo,78.0,108.85663349071203,linear
2215,7_epo,79.0,108.85165895510406,linear
2216,7_epo,80.0,108.84668441949607,linear
2217,7_epo,81.0,108.8417098838881,linear
2218,7_epo,82.0,108.83673534828011,linear
2219,7_epo,83.0,108.83176081267213,linear
2220,7_epo,84.0,108.82678627706414,linear
2221,7_epo,85.0,108.82181174145616,linear
2222,7_epo,86.0,108.81683720584819,linear
2223,7_epo,87.0,108.8118626702402,linear
2224,7_epo,88.0,108.80688813463222,linear
2225,7_epo,89.0,108.80191359902423,linear
2226,7_epo,90.0,108.79693906341626,linear
2227,7_epo,91.0,108.79196452780828,linear
2228,7_epo,92.0,108.78698999220029,linear
2229,7_epo,93.0,108.7820154565923,linear
2230,7_epo,94.0,108.77704092098432,linear
2231,7_epo,95.0,108.77206638537635,linear
2232,8_epo,3.0,91.6610958649131,linear
2233,8_epo,4.0,91.70551228350176,linear
2234,8_epo,5.0,91.74992870209044,linear
2235,8_epo,6.0,91.79434512067913,linear
2236,8_epo,7.000000000000001,91.83876153926781,linear
2237,8_epo,8.0,91.88317795785647,linear
2238,8_epo,9.0,91.92759437644516,linear
2239,8_epo,10.0,91.97201079503382,linear
2240,8_epo,11.0,92.0164272136225,linear
2241,8_epo,12.0,92.06084363221119,linear
2242,8_epo,13.0,92.10526005079986,linear
2243,8_epo,14.000000000000002,92.14967646938854,linear
2244,8_epo,15.0,92.1940928879772,linear
2245,8_epo,16.0,92.23850930656589,linear
2246,8_epo,17.0,92.28292572515457,linear
2247,8_epo,18.0,92.32734214374325,linear
2248,8_epo,19.0,92.37175856233192,linear
2249,8_epo,20.0,92.4161749809206,linear
2250,8_epo,21.0,92.46059139950927,linear
2251,8_epo,22.0,92.50500781809795,linear
2252,8_epo,23.0,92.54942423668663,linear
2253,8_epo,24.0,92.5938406552753,linear
2254,8_epo,25.0,92.63825707386398,linear
2255,8_epo,26.0,92.68267349245265,linear
2256,8_epo,27.0,92.72708991104133,linear
2257,8_epo,28.000000000000004,92.77150632963001,linear
2258,8_epo,28.999999999999996,92.8159227482187,linear
2259,8_epo,30.0,92.86033916680736,linear
2260,8_epo,31.0,92.90475558539605,linear
2261,8_epo,32.0,92.94917200398471,linear
2262,8_epo,33.0,92.9935884225734,linear
2263,8_epo,34.0,93.03800484116208,linear
2264,8_epo,35.0,93.08242125975075,linear
2265,8_epo,36.0,93.12683767833943,linear
2266,8_epo,37.0,93.1712540969281,linear
2267,8_epo,38.0,93.21567051551678,linear
2268,8_epo,39.0,93.26008693410544,linear
2269,8_epo,40.0,93.30450335269414,linear
2270,8_epo,41.0,93.34891977128281,linear
2271,8_epo,42.0,93.39333618987149,linear
2272,8_epo,43.0,93.43775260846016,linear
2273,8_epo,44.0,93.48216902704884,linear
2274,8_epo,45.0,93.52658544563752,linear
2275,8_epo,46.0,93.57100186422619,linear
2276,8_epo,47.0,93.61541828281487,linear
2277,8_epo,48.0,93.65983470140354,linear
2278,8_epo,49.0,93.70425111999222,linear
2279,8_epo,50.0,93.74866753858089,linear
2280,8_epo,51.0,93.79308395716959,linear
2281,8_epo,52.0,93.83750037575825,linear
2282,8_epo,53.0,93.88191679434694,linear
2283,8_epo,54.0,93.9263332129356,linear
2284,8_epo,55.00000000000001,93.97074963152428,linear
2285,8_epo,56.00000000000001,94.01516605011295,linear
2286,8_epo,56.99999999999999,94.05958246870163,linear
2287,8_epo,57.99999999999999,94.10399888729032,linear
2288,8_epo,59.0,94.14841530587898,linear
2289,8_epo,60.0,94.19283172446767,linear
2290,8_epo,61.0,94.23724814305633,linear
2291,8_epo,62.0,94.28166456164503,linear
2292,8_epo,63.0,94.3260809802337,linear
2293,8_epo,64.0,94.37049739882238,linear
2294,8_epo,65.0,94.41491381741105,linear
2295,8_epo,66.0,94.45933023599973,linear
2296,8_epo,67.0,94.50374665458841,linear
2297,8_epo,68.0,94.54816307317708,linear
2298,8_epo,69.0,94.59257949176576,linear
2299,8_epo,70.0,94.63699591035443,linear
2300,8_epo,71.0,94.68141232894311,linear
2301,8_epo,72.0,94.72582874753178,linear
2302,8_epo,73.0,94.77024516612046,linear
2303,8_epo,74.0,94.81466158470914,linear
2304,8_epo,75.0,94.85907800329782,linear
2305,8_epo,76.0,94.90349442188649,linear
2306,8_epo,77.0,94.94791084047517,linear
2307,8_epo,78.0,94.99232725906384,linear
2308,8_epo,79.0,95.03674367765252,linear
2309,8_epo,80.0,95.0811600962412,linear
2310,8_epo,81.0,95.12557651482987,linear
2311,8_epo,82.0,95.16999293341856,linear
2312,8_epo,83.0,95.21440935200722,linear
2313,8_epo,84.0,95.2588257705959,linear
2314,8_epo,85.0,95.30324218918459,linear
2315,8_epo,86.0,95.34765860777327,linear
2316,8_epo,87.0,95.39207502636194,linear
2317,8_epo,88.0,95.43649144495062,linear
2318,8_epo,89.0,95.48090786353929,linear
2319,8_epo,90.0,95.52532428212797,linear
2320,8_epo,91.0,95.56974070071665,linear
2321,8_epo,92.0,95.61415711930532,linear
2322,8_epo,93.0,95.658573537894,linear
2323,8_epo,94.0,95.70298995648267,linear
2324,8_epo,95.0,95.74740637507135,linear
2325,9_epo,3.0,100.70584848384124,linear
2326,9_epo,4.0,100.70416906330883,linear
2327,9_epo,5.0,100.70248964277641,linear
2328,9_epo,6.0,100.70081022224399,linear
2329,9_epo,7.000000000000001,100.69913080171158,linear
2330,9_epo,8.0,100.69745138117915,linear
2331,9_epo,9.0,100.69577196064674,linear
2332,9_epo,10.0,100.69409254011433,linear
2333,9_epo,11.0,100.69241311958191,linear
2334,9_epo,12.0,100.69073369904949,linear
2335,9_epo,13.0,100.68905427851708,linear
2336,9_epo,14.000000000000002,100.68737485798465,linear
2337,9_epo,15.0,100.68569543745224,linear
2338,9_epo,16.0,100.68401601691983,linear
2339,9_epo,17.0,100.68233659638742,linear
2340,9_epo,18.0,100.68065717585499,linear
2341,9_epo,19.0,100.67897775532258,linear
2342,9_epo,20.0,100.67729833479015,linear
2343,9_epo,21.0,100.67561891425774,linear
2344,9_epo,22.0,100.67393949372533,linear
2345,9_epo,23.0,100.67226007319292,linear
2346,9_epo,24.0,100.67058065266049,linear
2347,9_epo,25.0,100.66890123212808,linear
2348,9_epo,26.0,100.66722181159565,linear
2349,9_epo,27.0,100.66554239106324,linear
2350,9_epo,28.000000000000004,100.66386297053081,linear
2351,9_epo,28.999999999999996,100.66218354999842,linear
2352,9_epo,30.0,100.66050412946599,linear
2353,9_epo,31.0,100.65882470893358,linear
2354,9_epo,32.0,100.65714528840115,linear
2355,9_epo,33.0,100.65546586786874,linear
2356,9_epo,34.0,100.65378644733632,linear
2357,9_epo,35.0,100.6521070268039,linear
2358,9_epo,36.0,100.65042760627149,linear
2359,9_epo,37.0,100.64874818573907,linear
2360,9_epo,38.0,100.64706876520665,linear
2361,9_epo,39.0,100.64538934467423,linear
2362,9_epo,40.0,100.64370992414182,linear
2363,9_epo,41.0,100.6420305036094,linear
2364,9_epo,42.0,100.640351083077,linear
2365,9_epo,43.0,100.63867166254457,linear
2366,9_epo,44.0,100.63699224201216,linear
2367,9_epo,45.0,100.63531282147973,linear
2368,9_epo,46.0,100.63363340094732,linear
2369,9_epo,47.0,100.6319539804149,linear
2370,9_epo,48.0,100.6302745598825,linear
2371,9_epo,49.0,100.62859513935007,linear
2372,9_epo,50.0,100.62691571881766,linear
2373,9_epo,51.0,100.62523629828523,linear
2374,9_epo,52.0,100.62355687775282,linear
2375,9_epo,53.0,100.62187745722039,linear
2376,9_epo,54.0,100.620198036688,linear
2377,9_epo,55.00000000000001,100.61851861615557,linear
2378,9_epo,56.00000000000001,100.61683919562316,linear
2379,9_epo,56.99999999999999,100.61515977509073,linear
2380,9_epo,57.99999999999999,100.61348035455832,linear
2381,9_epo,59.0,100.6118009340259,linear
2382,9_epo,60.0,100.6101215134935,linear
2383,9_epo,61.0,100.60844209296107,linear
2384,9_epo,62.0,100.60676267242866,linear
2385,9_epo,63.0,100.60508325189623,linear
2386,9_epo,64.0,100.60340383136382,linear
2387,9_epo,65.0,100.6017244108314,linear
2388,9_epo,66.0,100.600044990299,linear
2389,9_epo,67.0,100.59836556976657,linear
2390,9_epo,68.0,100.59668614923416,linear
2391,9_epo,69.0,100.59500672870173,linear
2392,9_epo,70.0,100.59332730816932,linear
2393,9_epo,71.0,100.5916478876369,linear
2394,9_epo,72.0,100.5899684671045,linear
2395,9_epo,73.0,100.58828904657207,linear
2396,9_epo,74.0,100.58660962603966,linear
2397,9_epo,75.0,100.58493020550723,linear
2398,9_epo,76.0,100.58325078497482,linear
2399,9_epo,77.0,100.5815713644424,linear
2400,9_epo,78.0,100.57989194390998,linear
2401,9_epo,79.0,100.57821252337757,linear
2402,9_epo,80.0,100.57653310284516,linear
2403,9_epo,81.0,100.57485368231274,linear
2404,9_epo,82.0,100.57317426178032,linear
2405,9_epo,83.0,100.5714948412479,linear
2406,9_epo,84.0,100.56981542071549,linear
2407,9_epo,85.0,100.56813600018307,linear
2408,9_epo,86.0,100.56645657965066,linear
2409,9_epo,87.0,100.56477715911824,linear
2410,9_epo,88.0,100.56309773858582,linear
2411,9_epo,89.0,100.5614183180534,linear
2412,9_epo,90.0,100.55973889752099,linear
2413,9_epo,91.0,100.55805947698857,linear
2414,9_epo,92.0,100.55638005645616,linear
2415,9_epo,93.0,100.55470063592374,linear
2416,9_epo,94.0,100.55302121539133,linear
2417,9_epo,95.0,100.5513417948589,linear
