,participant,contrast,mrt,name
0,0_epo,3.0,204.58671228505528,fechner
1,0_epo,4.0,209.81562820956694,fechner
2,0_epo,5.0,214.32077670232124,fechner
3,0_epo,6.0,218.59877810515061,fechner
4,0_epo,7.000000000000001,222.76704441797713,fechner
5,0_epo,8.0,226.8682301484049,fechner
6,0_epo,9.0,230.9172406714955,fechner
7,0_epo,10.0,234.91497282503587,fechner
8,0_epo,11.0,238.85439851577246,fechner
9,0_epo,12.0,242.72421770816226,fechner
10,0_epo,13.0,246.51136769052067,fechner
11,0_epo,14.000000000000002,250.20276623795417,fechner
12,0_epo,15.0,253.7864602480089,fechner
13,0_epo,16.0,257.25230835226967,fechner
14,0_epo,17.0,260.59231195812,fechner
15,0_epo,18.0,263.80069500493306,fechner
16,0_epo,19.0,266.8738155416129,fechner
17,0_epo,20.0,269.8099742631777,fechner
18,0_epo,21.0,272.6091684937118,fechner
19,0_epo,22.0,275.27282591688027,fechner
20,0_epo,23.0,277.8035409884472,fechner
21,0_epo,24.0,280.20482829502066,fechner
22,0_epo,25.0,282.48090079267683,fechner
23,0_epo,26.0,284.6364764324948,fechner
24,0_epo,27.0,286.6766137301541,fechner
25,0_epo,28.000000000000004,288.606574987303,fechner
26,0_epo,28.999999999999996,290.43171481336543,fechner
27,0_epo,30.0,292.1573910843447,fechner
28,0_epo,31.0,293.7888953259981,fechner
29,0_epo,32.0,295.3313995879727,fechner
30,0_epo,33.0,296.78991708785367,fechner
31,0_epo,34.0,298.1692741842655,fechner
32,0_epo,35.0,299.47409154306723,fechner
33,0_epo,36.0,300.7087726631105,fechner
34,0_epo,37.0,301.87749821195433,fechner
35,0_epo,38.0,302.9842248789371,fechner
36,0_epo,39.0,304.0326876796184,fechner
37,0_epo,40.0,305.0264048415332,fechner
38,0_epo,41.0,305.9686845679893,fechner
39,0_epo,42.0,306.86263311686133,fechner
40,0_epo,43.0,307.71116374798,fechner
41,0_epo,44.0,308.51700618887554,fechner
42,0_epo,45.0,309.28271634727696,fechner
43,0_epo,46.0,310.0106860625963,fechner
44,0_epo,47.0,310.7031527400862,fechner
45,0_epo,48.0,311.3622087525375,fechner
46,0_epo,49.0,311.98981052712327,fechner
47,0_epo,50.0,312.5877872608149,fechner
48,0_epo,51.0,313.1578492279968,fechner
49,0_epo,52.0,313.70159565956124,fechner
50,0_epo,53.0,314.22052218476256,fechner
51,0_epo,54.0,314.7160278361765,fechner
52,0_epo,55.00000000000001,315.18942162485,fechner
53,0_epo,56.00000000000001,315.6419286976162,fechner
54,0_epo,56.99999999999999,316.07469609198927,fechner
55,0_epo,57.99999999999999,316.48879810635714,fechner
56,0_epo,59.0,316.8852413046094,fechner
57,0_epo,60.0,317.2649691750894,fechner
58,0_epo,61.0,317.62886646398925,fechner
59,0_epo,62.0,317.97776320315506,fechner
60,0_epo,63.0,318.3124384518417,fechner
61,0_epo,64.0,318.63362377131625,fechner
62,0_epo,65.0,318.94200645044367,fechner
63,0_epo,66.0,319.2382324995208,fechner
64,0_epo,67.0,319.52290942871355,fechner
65,0_epo,68.0,319.7966088265154,fechner
66,0_epo,69.0,320.0598687527017,fechner
67,0_epo,70.0,320.31319595933417,fechner
68,0_epo,71.0,320.55706795246596,fechner
69,0_epo,72.0,320.7919349063324,fechner
70,0_epo,73.0,321.01822144098514,fechner
71,0_epo,74.0,321.2363282735437,fechner
72,0_epo,75.0,321.4466337524943,fechner
73,0_epo,76.0,321.6494952837722,fechner
74,0_epo,77.0,321.84525065671085,fechner
75,0_epo,78.0,322.0342192773324,fechner
76,0_epo,79.0,322.21670331588683,fechner
77,0_epo,80.0,322.39298877502046,fechner
78,0_epo,81.0,322.56334648446807,fechner
79,0_epo,82.0,322.7280330277048,fechner
80,0_epo,83.0,322.88729160558324,fechner
81,0_epo,84.0,323.0413528415865,fechner
82,0_epo,85.0,323.19043553297587,fechner
83,0_epo,86.0,323.3347473517808,fechner
84,0_epo,87.0,323.4744854992737,fechner
85,0_epo,88.0,323.6098373172944,fechner
86,0_epo,89.0,323.74098085952784,fechner
87,0_epo,90.0,323.86808542560425,fechner
88,0_epo,91.0,323.99131206066954,fechner
89,0_epo,92.0,324.1108140228732,fechner
90,0_epo,93.0,324.22673722103434,fechner
91,0_epo,94.0,324.33922062457776,fechner
92,0_epo,95.0,324.4483966476708,fechner
93,10_epo,3.0,345.9728351361142,fechner
94,10_epo,4.0,360.5858571986661,fechner
95,10_epo,5.0,373.176224467439,fechner
96,10_epo,6.0,385.13225620874033,fechner
97,10_epo,7.000000000000001,396.78430165099377,fechner
98,10_epo,8.0,408.2571994764568,fechner
99,10_epo,9.0,419.60189931065315,fechner
100,10_epo,10.0,430.8325228610417,fechner
101,10_epo,11.0,441.9413721978234,fechner
102,10_epo,12.0,452.9073703461693,fechner
103,10_epo,13.0,463.7019261291626,fechner
104,10_epo,14.000000000000002,474.2933043418125,fechner
105,10_epo,15.0,484.64983877630397,fechner
106,10_epo,16.0,494.7421690705367,fechner
107,10_epo,17.0,504.5446663209543,fechner
108,10_epo,18.0,514.0362135680234,fechner
109,10_epo,19.0,523.200498752503,fechner
110,10_epo,20.0,532.0259592423112,fechner
111,10_epo,21.0,540.5054934494631,fechner
112,10_epo,22.0,548.6360307047684,fechner
113,10_epo,23.0,556.4180281171665,fechner
114,10_epo,24.0,563.8549439194783,fechner
115,10_epo,25.0,570.9527211798938,fechner
116,10_epo,26.0,577.7193035927902,fechner
117,10_epo,27.0,584.1641959412627,fechner
118,10_epo,28.000000000000004,590.2980752358178,fechner
119,10_epo,28.999999999999996,596.1324539656438,fechner
120,10_epo,30.0,601.6793938854877,fechner
121,10_epo,31.0,606.9512669067605,fechner
122,10_epo,32.0,611.9605586443768,fechner
123,10_epo,33.0,616.7197097385147,fechner
124,10_epo,34.0,621.2409900306048,fechner
125,10_epo,35.0,625.5364008829123,fechner
126,10_epo,36.0,629.6176012881647,fechner
127,10_epo,37.0,633.4958538477473,fechner
128,10_epo,38.0,637.181987155087,fechner
129,10_epo,39.0,640.6863715731843,fechner
130,10_epo,40.0,644.0189058223085,fechner
131,10_epo,41.0,647.1890121847628,fechner
132,10_epo,42.0,650.2056384833999,fechner
133,10_epo,43.0,653.0772652981369,fechner
134,10_epo,44.0,655.811917151448,fechner
135,10_epo,45.0,658.4171766225487,fechner
136,10_epo,46.0,660.9002005442517,fechner
137,10_epo,47.0,663.2677376001503,fechner
138,10_epo,48.0,665.5261467766676,fechner
139,10_epo,49.0,667.6814162382622,fechner
140,10_epo,50.0,669.739182288021,fechner
141,10_epo,51.0,671.7047481529976,fechner
142,10_epo,52.0,673.5831023966276,fechner
143,10_epo,53.0,675.3789368116483,fechner
144,10_epo,54.0,677.0966636881699,fechner
145,10_epo,55.00000000000001,678.7404323845653,fechner
146,10_epo,56.00000000000001,680.3141451551081,fechner
147,10_epo,56.99999999999999,681.8214722089942,fechner
148,10_epo,57.99999999999999,683.2658659915429,fechner
149,10_epo,59.0,684.6505746908321,fechner
150,10_epo,60.0,685.97865498248,fechner
151,10_epo,61.0,687.2529840323243,fechner
152,10_epo,62.0,688.4762707818302,fechner
153,10_epo,63.0,689.6510665446071,fechner
154,10_epo,64.0,690.7797749447086,fechner
155,10_epo,65.0,691.8646612287293,fechner
156,10_epo,66.0,692.9078609843014,fechner
157,10_epo,67.0,693.9113882975726,fechner
158,10_epo,68.0,694.8771433818241,fechner
159,10_epo,69.0,695.8069197085979,fechner
160,10_epo,70.0,696.7024106716939,fechner
161,10_epo,71.0,697.5652158132195,fechner
162,10_epo,72.0,698.3968466395738,fechner
163,10_epo,73.0,699.198732053895,fechner
164,10_epo,74.0,699.9722234301103,fechner
165,10_epo,75.0,700.7185993523273,fechner
166,10_epo,76.0,701.4390700419362,fechner
167,10_epo,77.0,702.1347814934338,fechner
168,10_epo,78.0,702.8068193386854,fechner
169,10_epo,79.0,703.4562124580809,fechner
170,10_epo,80.0,704.0839363558422,fechner
171,10_epo,81.0,704.6909163156007,fechner
172,10_epo,82.0,705.2780303512772,fechner
173,10_epo,83.0,705.8461119672885,fechner
174,10_epo,84.0,706.3959527411304,fechner
175,10_epo,85.0,706.9283047404929,fechner
176,10_epo,86.0,707.4438827862211,fechner
177,10_epo,87.0,707.9433665716408,fechner
178,10_epo,88.0,708.4274026480264,fechner
179,10_epo,89.0,708.8966062853126,fechner
180,10_epo,90.0,709.3515632164964,fechner
181,10_epo,91.0,709.7928312735885,fechner
182,10_epo,92.0,710.2209419224152,fechner
183,10_epo,93.0,710.6364017030521,fechner
184,10_epo,94.0,711.039693582201,fechner
185,10_epo,95.0,711.4312782233656,fechner
186,11_epo,3.0,302.1404329987012,fechner
187,11_epo,4.0,334.2290367223925,fechner
188,11_epo,5.0,361.873769548356,fechner
189,11_epo,6.0,388.10382489227675,fechner
190,11_epo,7.000000000000001,413.5843649953868,fechner
191,11_epo,8.0,438.4841892837,fechner
192,11_epo,9.0,462.7853050438655,fechner
193,11_epo,10.0,486.39247061278746,fechner
194,11_epo,11.0,509.18794489414864,fechner
195,11_epo,12.0,531.0611667763704,fechner
196,11_epo,13.0,551.9236092871939,fechner
197,11_epo,14.000000000000002,571.7143993526078,fechner
198,11_epo,15.0,590.400419784966,fechner
199,11_epo,16.0,607.9734222169326,fechner
200,11_epo,17.0,624.4458071776133,fechner
201,11_epo,18.0,639.8460906110759,fechner
202,11_epo,19.0,654.2146318683804,fechner
203,11_epo,20.0,667.5999046360454,fechner
204,11_epo,21.0,680.0554096534642,fechner
205,11_epo,22.0,691.6372226408748,fechner
206,11_epo,23.0,702.4021163143208,fechner
207,11_epo,24.0,712.4061725730654,fechner
208,11_epo,25.0,721.7037967366332,fechner
209,11_epo,26.0,730.3470514528872,fechner
210,11_epo,27.0,738.3852382131112,fechner
211,11_epo,28.000000000000004,745.8646661207555,fechner
212,11_epo,28.999999999999996,752.828558928441,fechner
213,11_epo,30.0,759.3170615369164,fechner
214,11_epo,31.0,765.367315822607,fechner
215,11_epo,32.0,771.0135828040472,fechner
216,11_epo,33.0,776.28739389743,fechner
217,11_epo,34.0,781.2177185357208,fechner
218,11_epo,35.0,785.831138936144,fechner
219,11_epo,36.0,790.152025487806,fechner
220,11_epo,37.0,794.2027082625817,fechner
221,11_epo,38.0,798.0036416697092,fechner
222,11_epo,39.0,801.5735603938174,fechner
223,11_epo,40.0,804.9296255704843,fechner
224,11_epo,41.0,808.0875607364128,fechner
225,11_epo,42.0,811.0617775003261,fechner
226,11_epo,43.0,813.8654911600297,fechner
227,11_epo,44.0,816.510826674699,fechner
228,11_epo,45.0,819.008915515167,fechner
229,11_epo,46.0,821.3699839782201,fechner
230,11_epo,47.0,823.6034335783356,fechner
231,11_epo,48.0,825.717914132709,fechner
232,11_epo,49.0,827.7213901409413,fechner
233,11_epo,50.0,829.6212010352042,fechner
234,11_epo,51.0,831.4241158444114,fechner
235,11_epo,52.0,833.1363827799288,fechner
236,11_epo,53.0,834.7637742128411,fechner
237,11_epo,54.0,836.3116274752675,fechner
238,11_epo,55.00000000000001,837.7848818816562,fechner
239,11_epo,56.00000000000001,839.1881123311042,fechner
240,11_epo,56.99999999999999,840.5255598188792,fechner
241,11_epo,57.99999999999999,841.8011591547059,fechner
242,11_epo,59.0,843.018564157097,fechner
243,11_epo,60.0,844.1811705670432,fechner
244,11_epo,61.0,845.292136900658,fechner
245,11_epo,62.0,846.3544034387971,fechner
246,11_epo,63.0,847.3707095321067,fechner
247,11_epo,64.0,848.343609382259,fechner
248,11_epo,65.0,849.2754864441555,fechner
249,11_epo,66.0,850.1685665794818,fechner
250,11_epo,67.0,851.0249300790359,fechner
251,11_epo,68.0,851.8465226595964,fechner
252,11_epo,69.0,852.63516553062,fechner
253,11_epo,70.0,853.39256461665,fechner
254,11_epo,71.0,854.1203190128629,fechner
255,11_epo,72.0,854.819928743596,fechner
256,11_epo,73.0,855.4928018868828,fechner
257,11_epo,74.0,856.1402611219083,fechner
258,11_epo,75.0,856.7635497507987,fechner
259,11_epo,76.0,857.3638372412257,fechner
260,11_epo,77.0,857.9422243318696,fechner
261,11_epo,78.0,858.499747738799,fechner
262,11_epo,79.0,859.037384497234,fechner
263,11_epo,80.0,859.556055969937,fechner
264,11_epo,81.0,860.0566315505704,fechner
265,11_epo,82.0,860.5399320877357,fechner
266,11_epo,83.0,861.0067330530587,fechner
267,11_epo,84.0,861.4577674745548,fechner
268,11_epo,85.0,861.8937286545827,fechner
269,11_epo,86.0,862.3152726899714,fechner
270,11_epo,87.0,862.7230208103322,fechner
271,11_epo,88.0,863.11756154915,fechner
272,11_epo,89.0,863.499452760973,fechner
273,11_epo,90.0,863.8692234968522,fechner
274,11_epo,91.0,864.227375749138,fechner
275,11_epo,92.0,864.5743860757799,fechner
276,11_epo,93.0,864.9107071134185,fechner
277,11_epo,94.0,865.2367689877706,fechner
278,11_epo,95.0,865.552980629091,fechner
279,12_epo,3.0,296.21596027191424,fechner
280,12_epo,4.0,322.68134402556234,fechner
281,12_epo,5.0,345.4835452021898,fechner
282,12_epo,6.0,367.1371800436015,fechner
283,12_epo,7.000000000000001,388.2421726676497,fechner
284,12_epo,8.0,409.02957331117676,fechner
285,12_epo,9.0,429.60112498881455,fechner
286,12_epo,10.0,449.9958203209157,fechner
287,12_epo,11.0,470.21521136370046,fechner
288,12_epo,12.0,490.2364871740708,fechner
289,12_epo,13.0,510.0212551421901,fechner
290,12_epo,14.000000000000002,529.5222688017507,fechner
291,12_epo,15.0,548.6887094819834,fechner
292,12_epo,16.0,567.4702139815562,fechner
293,12_epo,17.0,585.8197805944902,fechner
294,12_epo,18.0,603.695705432901,fechner
295,12_epo,19.0,621.0627195866268,fechner
296,12_epo,20.0,637.8924991092072,fechner
297,12_epo,21.0,654.1637067816608,fechner
298,12_epo,22.0,669.8617032596194,fechner
299,12_epo,23.0,684.9780407887047,fechner
300,12_epo,24.0,699.5098286411619,fechner
301,12_epo,25.0,713.4590377267065,fechner
302,12_epo,26.0,726.8317933354966,fechner
303,12_epo,27.0,739.6376898793427,fechner
304,12_epo,28.000000000000004,751.8891496205138,fechner
305,12_epo,28.999999999999996,763.600838334429,fechner
306,12_epo,30.0,774.7891441901296,fechner
307,12_epo,31.0,785.4717213978664,fechner
308,12_epo,32.0,795.6670969521933,fechner
309,12_epo,33.0,805.3943367337553,fechner
310,12_epo,34.0,814.6727660263016,fechner
311,12_epo,35.0,823.5217389186352,fechner
312,12_epo,36.0,831.960450907164,fechner
313,12_epo,37.0,840.0077891507665,fechner
314,12_epo,38.0,847.6822151491956,fechner
315,12_epo,39.0,855.0016750416285,fechner
316,12_epo,40.0,861.9835331980798,fechner
317,12_epo,41.0,868.6445252653933,fechner
318,12_epo,42.0,875.0007273063471,fechner
319,12_epo,43.0,881.0675381194666,fechner
320,12_epo,44.0,886.8596722395833,fechner
321,12_epo,45.0,892.391161490905,fechner
322,12_epo,46.0,897.6753632944252,fechner
323,12_epo,47.0,902.7249742211199,fechner
324,12_epo,48.0,907.5520475339349,fechner
325,12_epo,49.0,912.1680136783003,fechner
326,12_epo,50.0,916.5837028662285,fechner
327,12_epo,51.0,920.8093690565065,fechner
328,12_epo,52.0,924.8547147665312,fechner
329,12_epo,53.0,928.7289162630688,fechner
330,12_epo,54.0,932.4406487726526,fechner
331,12_epo,55.00000000000001,935.9981114300344,fechner
332,12_epo,56.00000000000001,939.409051747409,fechner
333,12_epo,56.99999999999999,942.6807894401044,fechner
334,12_epo,57.99999999999999,945.8202394878019,fechner
335,12_epo,59.0,948.833934345678,fechner
336,12_epo,60.0,951.7280452484675,fechner
337,12_epo,61.0,954.5084025734056,fechner
338,12_epo,62.0,957.180515246319,fechner
339,12_epo,63.0,959.7495891895735,fechner
340,12_epo,64.0,962.2205448218401,fechner
341,12_epo,65.0,964.5980336282703,fechner
342,12_epo,66.0,966.8864538261721,fechner
343,12_epo,67.0,969.089965156015,fechner
344,12_epo,68.0,971.2125028309382,fechner
345,12_epo,69.0,973.257790680133,fechner
346,12_epo,70.0,975.2293535227527,fechner
347,12_epo,71.0,977.1305288095855,fechner
348,12_epo,72.0,978.9644775697124,fechner
349,12_epo,73.0,980.7341946989505,fechner
350,12_epo,74.0,982.4425186261034,fechner
351,12_epo,75.0,984.0921403920138,fechner
352,12_epo,76.0,985.6856121752255,fechner
353,12_epo,77.0,987.225355296715,fechner
354,12_epo,78.0,988.7136677347588,fechner
355,12_epo,79.0,990.152731179529,fechner
356,12_epo,80.0,991.5446176555494,fechner
357,12_epo,81.0,992.8912957386653,fechner
358,12_epo,82.0,994.1946363927234,fechner
359,12_epo,83.0,995.4564184497597,fechner
360,12_epo,84.0,996.6783337560917,fechner
361,12_epo,85.0,997.8619920054091,fechner
362,12_epo,86.0,999.0089252786743,fechner
363,12_epo,87.0,1000.120592309431,fechner
364,12_epo,88.0,1001.1983824919693,fechner
365,12_epo,89.0,1002.243619648692,fechner
366,12_epo,90.0,1003.2575655719986,fechner
367,12_epo,91.0,1004.2414233550196,fechner
368,12_epo,92.0,1005.1963405246105,fechner
369,12_epo,93.0,1006.1234119891507,fechner
370,12_epo,94.0,1007.0236828128769,fechner
371,12_epo,95.0,1007.8981508277129,fechner
372,13_epo,3.0,250.50548063853367,fechner
373,13_epo,4.0,255.36744233001596,fechner
374,13_epo,5.0,259.5564077560765,fechner
375,13_epo,6.0,263.5338740722847,fechner
376,13_epo,7.000000000000001,267.4078847418965,fechner
377,13_epo,8.0,271.21567473038056,fechner
378,13_epo,9.0,274.9676165087554,fechner
379,13_epo,10.0,278.66069232778847,fechner
380,13_epo,11.0,282.28486750220844,fechner
381,13_epo,12.0,285.82697744935075,fechner
382,13_epo,13.0,289.2732819454477,fechner
383,13_epo,14.000000000000002,292.6110936563594,fechner
384,13_epo,15.0,295.8297194490786,fechner
385,13_epo,16.0,298.9209022972194,fechner
386,13_epo,17.0,301.878918773667,fechner
387,13_epo,18.0,304.70045538608093,fechner
388,13_epo,19.0,307.3843567865684,fechner
389,13_epo,20.0,309.93131241263893,fechner
390,13_epo,21.0,312.343526558857,fechner
391,13_epo,22.0,314.6244003271033,fechner
392,13_epo,23.0,316.7782418197933,fechner
393,13_epo,24.0,318.81001252895527,fechner
394,13_epo,25.0,320.7251123078619,fechner
395,13_epo,26.0,322.52920184855344,fechner
396,13_epo,27.0,324.2280596154015,fechner
397,13_epo,28.000000000000004,325.82746922468954,fechner
398,13_epo,28.999999999999996,327.33313295769335,fechner
399,13_epo,30.0,328.75060719527454,fechner
400,13_epo,31.0,330.08525588949993,fechner
401,13_epo,32.0,331.34221862498765,fechner
402,13_epo,33.0,332.52639029472635,fechner
403,13_epo,34.0,333.64240987680523,fechner
404,13_epo,35.0,334.6946562247269,fechner
405,13_epo,36.0,335.68724916276705,fechner
406,13_epo,37.0,336.6240545054768,fechner
407,13_epo,38.0,337.508691898096,fechner
408,13_epo,39.0,338.34454460624283,fechner
409,13_epo,40.0,339.13477057391805,fechner
410,13_epo,41.0,339.882314224126,fechner
411,13_epo,42.0,340.5899186016447,fechner
412,13_epo,43.0,341.2601375576,fechner
413,13_epo,44.0,341.89534775490336,fechner
414,13_epo,45.0,342.4977603360702,fechner
415,13_epo,46.0,343.0694321436662,fechner
416,13_epo,47.0,343.612276421307,fechner
417,13_epo,48.0,344.1280729519831,fechner
418,13_epo,49.0,344.6184776123121,fechner
419,13_epo,50.0,345.0850313376115,fechner
420,13_epo,51.0,345.529168504627,fechner
421,13_epo,52.0,345.95222474730184,fechner
422,13_epo,53.0,346.3554442268949,fechner
423,13_epo,54.0,346.7399863816616,fechner
424,13_epo,55.00000000000001,347.10693218367413,fechner
425,13_epo,56.00000000000001,347.45728993156456,fechner
426,13_epo,56.99999999999999,347.7920006083153,fechner
427,13_epo,57.99999999999999,348.11194283293503,fechner
428,13_epo,59.0,348.4179374341163,fechner
429,13_epo,60.0,348.7107516729225,fechner
430,13_epo,61.0,348.9911031402904,fechner
431,13_epo,62.0,349.259663353758,fechner
432,13_epo,63.0,349.5170610763747,fechner
433,13_epo,64.0,349.7638853792892,fechner
434,13_epo,65.0,350.000688468058,fechner
435,13_epo,66.0,350.22798829130056,fechner
436,13_epo,67.0,350.44627094896816,fechner
437,13_epo,68.0,350.6559929161948,fechner
438,13_epo,69.0,350.8575830974728,fechner
439,13_epo,70.0,351.0514447247416,fechner
440,13_epo,71.0,351.23795711190206,fechner
441,13_epo,72.0,351.41747727726283,fechner
442,13_epo,73.0,351.5903414444945,fechner
443,13_epo,74.0,351.7568664318059,fechner
444,13_epo,75.0,351.91735093825866,fechner
445,13_epo,76.0,352.07207673540387,fechner
446,13_epo,77.0,352.22130977174874,fechner
447,13_epo,78.0,352.3653011969414,fechner
448,13_epo,79.0,352.50428831199076,fechner
449,13_epo,80.0,352.6384954513176,fechner
450,13_epo,81.0,352.7681348019544,fechner
451,13_epo,82.0,352.89340716476937,fechner
452,13_epo,83.0,353.01450266219456,fechner
453,13_epo,84.0,353.13160139656395,fechner
454,13_epo,85.0,353.2448740628342,fechner
455,13_epo,86.0,353.35448251915415,fechner
456,13_epo,87.0,353.4605803184635,fechner
457,13_epo,88.0,353.56331320404666,fechner
458,13_epo,89.0,353.6628195717296,fechner
459,13_epo,90.0,353.75923090119335,fechner
460,13_epo,91.0,353.85267215867935,fechner
461,13_epo,92.0,353.9432621731798,fechner
462,13_epo,93.0,354.0311139880423,fechner
463,13_epo,94.0,354.11633518976515,fechner
464,13_epo,95.0,354.1990282156201,fechner
465,14_epo,3.0,285.1766100640975,fechner
466,14_epo,4.0,291.25381156446474,fechner
467,14_epo,5.0,296.48984231198716,fechner
468,14_epo,6.0,301.46212156138284,fechner
469,14_epo,7.000000000000001,306.30835370499,fechner
470,14_epo,8.0,311.0814140211957,fechner
471,14_epo,9.0,315.8042998120107,fechner
472,14_epo,10.0,320.4854204335476,fechner
473,14_epo,11.0,325.1244757338315,fechner
474,14_epo,12.0,329.7155491387895,fechner
475,14_epo,13.0,334.24920611889837,fechner
476,14_epo,14.000000000000002,338.7140973060778,fechner
477,14_epo,15.0,343.0982028319956,fechner
478,14_epo,16.0,347.3897659270716,fechner
479,14_epo,17.0,351.577952405393,fechner
480,14_epo,18.0,355.6532770744711,fechner
481,14_epo,19.0,359.60784128596936,fechner
482,14_epo,20.0,363.43542484626624,fechner
483,14_epo,21.0,367.1314712908735,fechner
484,14_epo,22.0,370.69299963606835,fechner
485,14_epo,23.0,374.11846937301107,fechner
486,14_epo,24.0,377.4076194318692,fechner
487,14_epo,25.0,380.5612965202916,fechner
488,14_epo,26.0,383.5812837898377,fechner
489,14_epo,27.0,386.4701372135154,fechner
490,14_epo,28.000000000000004,389.231034293345,fechner
491,14_epo,28.999999999999996,391.8676376473309,fechner
492,14_epo,30.0,394.3839745285741,fechner
493,14_epo,31.0,396.78433228886433,fechner
494,14_epo,32.0,399.0731691112527,fechner
495,14_epo,33.0,401.2550389131361,fechner
496,14_epo,34.0,403.3345290917979,fechner
497,14_epo,35.0,405.3162096916307,fechner
498,14_epo,36.0,407.20459257286313,fechner
499,14_epo,37.0,409.00409922276424,fechner
500,14_epo,38.0,410.71903594799113,fechner
501,14_epo,39.0,412.3535753037517,fechner
502,14_epo,40.0,413.91174273985285,fechner
503,14_epo,41.0,415.3974075674712,fechner
504,14_epo,42.0,416.8142774685409,fechner
505,14_epo,43.0,418.16589587898204,fechner
506,14_epo,44.0,419.45564167605676,fechner
507,14_epo,45.0,420.6867306884295,fechner
508,14_epo,46.0,421.8622186251195,fechner
509,14_epo,47.0,422.9850050870469,fechner
510,14_epo,48.0,424.0578383830474,fechner
511,14_epo,49.0,425.0833209219702,fechner
512,14_epo,50.0,426.06391499471243,fechner
513,14_epo,51.0,427.0019487956837,fechner
514,14_epo,52.0,427.8996225631088,fechner
515,14_epo,53.0,428.7590147425357,fechner
516,14_epo,54.0,429.5820880986525,fechner
517,14_epo,55.00000000000001,430.37069571763726,fechner
518,14_epo,56.00000000000001,431.1265868563476,fechner
519,14_epo,56.99999999999999,431.8514126061604,fechner
520,14_epo,57.99999999999999,432.546731348623,fechner
521,14_epo,59.0,433.2140139876327,fechner
522,14_epo,60.0,433.85464894890987,fechner
523,14_epo,61.0,434.4699469423467,fechner
524,14_epo,62.0,435.061145486597,fechner
525,14_epo,63.0,435.62941319821687,fechner
526,14_epo,64.0,436.1758538499184,fechner
527,14_epo,65.0,436.70151020418723,fechner
528,14_epo,66.0,437.2073676297461,fechner
529,14_epo,67.0,437.69435750920496,fechner
530,14_epo,68.0,438.1633604468105,fechner
531,14_epo,69.0,438.6152092855273,fechner
532,14_epo,70.0,439.05069194283385,fechner
533,14_epo,71.0,439.4705540746049,fechner
534,14_epo,72.0,439.8755015763416,fechner
535,14_epo,73.0,440.2662029308031,fechner
536,14_epo,74.0,440.64329141083226,fechner
537,14_epo,75.0,441.00736714585213,fechner
538,14_epo,76.0,441.3589990601714,fechner
539,14_epo,77.0,441.6987266908696,fechner
540,14_epo,78.0,442.0270618926645,fechner
541,14_epo,79.0,442.3444904367804,fechner
542,14_epo,80.0,442.65147351046517,fechner
543,14_epo,81.0,442.9484491234328,fechner
544,14_epo,82.0,443.2358334271449,fechner
545,14_epo,83.0,443.5140219525008,fechner
546,14_epo,84.0,443.78339077116533,fechner
547,14_epo,85.0,444.0442975854439,fechner
548,14_epo,86.0,444.2970827513086,fechner
549,14_epo,87.0,444.54207023888677,fechner
550,14_epo,88.0,444.77956853444846,fechner
551,14_epo,89.0,445.0098714876679,fechner
552,14_epo,90.0,445.2332591076902,fechner
553,14_epo,91.0,445.44999831130036,fechner
554,14_epo,92.0,445.66034362628005,fechner
555,14_epo,93.0,445.86453785282623,fechner
556,14_epo,94.0,446.06281268572457,fechner
557,14_epo,95.0,446.25538929978194,fechner
558,15_epo,3.0,626.2030620558961,fechner
559,15_epo,4.0,665.907453930895,fechner
560,15_epo,5.0,700.1153754075232,fechner
561,15_epo,6.0,732.5900709115101,fechner
562,15_epo,7.000000000000001,764.1951608472185,fechner
563,15_epo,8.0,795.2005511641646,fechner
564,15_epo,9.0,825.6481783175777,fechner
565,15_epo,10.0,855.4719411115732,fechner
566,15_epo,11.0,884.5573687988108,fechner
567,15_epo,12.0,912.7771073131512,fechner
568,15_epo,13.0,940.0122530517269,fechner
569,15_epo,14.000000000000002,966.1640722593976,fechner
570,15_epo,15.0,991.1591351469992,fechner
571,15_epo,16.0,1014.9501498966367,fechner
572,15_epo,17.0,1037.5142042080774,fechner
573,15_epo,18.0,1058.8496335381778,fechner
574,15_epo,19.0,1078.9723390899094,fechner
575,15_epo,20.0,1097.9120758362676,fechner
576,15_epo,21.0,1115.7090119231252,fechner
577,15_epo,22.0,1132.4107105999044,fechner
578,15_epo,23.0,1148.0695883061665,fechner
579,15_epo,24.0,1162.7408432425077,fechner
580,15_epo,25.0,1176.4808158865824,fechner
581,15_epo,26.0,1189.3457274828304,fechner
582,15_epo,27.0,1201.390738014839,fechner
583,15_epo,28.000000000000004,1212.669267035668,fechner
584,15_epo,28.999999999999996,1223.2325259705724,fechner
585,15_epo,30.0,1233.1292171980842,fechner
586,15_epo,31.0,1242.4053621982102,fechner
587,15_epo,32.0,1251.1042276771157,fechner
588,15_epo,33.0,1259.2663245101253,fechner
589,15_epo,34.0,1266.929459465163,fechner
590,15_epo,35.0,1274.1288239713288,fechner
591,15_epo,36.0,1280.8971077401607,fechner
592,15_epo,37.0,1287.2646279179967,fechner
593,15_epo,38.0,1293.2594667435096,fechner
594,15_epo,39.0,1298.9076124993621,fechner
595,15_epo,40.0,1304.2330999669543,fechner
596,15_epo,41.0,1309.2581476935638,fechner
597,15_epo,42.0,1314.0032902255905,fechner
598,15_epo,43.0,1318.487504103054,fechner
599,15_epo,44.0,1322.7283268923782,fechner
600,15_epo,45.0,1326.741968891851,fechner
601,15_epo,46.0,1330.5434174050342,fechner
602,15_epo,47.0,1334.1465336640908,fechner
603,15_epo,48.0,1337.564142615021,fechner
604,15_epo,49.0,1340.8081158639452,fechner
605,15_epo,50.0,1343.8894481384862,fechner
606,15_epo,51.0,1346.8183276493519,fechner
607,15_epo,52.0,1349.6042007507247,fechner
608,15_epo,53.0,1352.2558312989745,fechner
609,15_epo,54.0,1354.781355101224,fechner
610,15_epo,55.00000000000001,1357.1883298312448,fechner
611,15_epo,56.00000000000001,1359.4837807721574,fechner
612,15_epo,56.99999999999999,1361.674242725055,fechner
613,15_epo,57.99999999999999,1363.765798401058,fechner
614,15_epo,59.0,1365.7641135923618,fechner
615,15_epo,60.0,1367.6744693960918,fechner
616,15_epo,61.0,1369.5017917436685,fechner
617,15_epo,62.0,1371.2506784681852,fechner
618,15_epo,63.0,1372.9254241231845,fechner
619,15_epo,64.0,1374.5300427482707,fechner
620,15_epo,65.0,1376.0682887602745,fechner
621,15_epo,66.0,1377.5436761331732,fechner
622,15_epo,67.0,1378.9594960156674,fechner
623,15_epo,68.0,1380.318832922133,fechner
624,15_epo,69.0,1381.6245796206056,fechner
625,15_epo,70.0,1382.8794508303993,fechner
626,15_epo,71.0,1384.085995831866,fechner
627,15_epo,72.0,1385.2466100816096,fechner
628,15_epo,73.0,1386.3635459180718,fechner
629,15_epo,74.0,1387.4389224348024,fechner
630,15_epo,75.0,1388.4747345917697,fechner
631,15_epo,76.0,1389.4728616287896,fechner
632,15_epo,77.0,1390.4350748394118,fechner
633,15_epo,78.0,1391.3630447584171,fechner
634,15_epo,79.0,1392.2583478113647,fechner
635,15_epo,80.0,1393.122472470336,fechner
636,15_epo,81.0,1393.9568249561532,fechner
637,15_epo,82.0,1394.7627345237984,fechner
638,15_epo,83.0,1395.5414583645838,fechner
639,15_epo,84.0,1396.2941861556951,fechner
640,15_epo,85.0,1397.0220442850848,fechner
641,15_epo,86.0,1397.726099777313,fechner
642,15_epo,87.0,1398.4073639437238,fechner
643,15_epo,88.0,1399.06679577838,fechner
644,15_epo,89.0,1399.7053051193595,fechner
645,15_epo,90.0,1400.3237555933863,fechner
646,15_epo,91.0,1400.9229673602608,fechner
647,15_epo,92.0,1401.5037196721996,fechner
648,15_epo,93.0,1402.066753261945,fechner
649,15_epo,94.0,1402.6127725723816,fechner
650,15_epo,95.0,1403.1424478393535,fechner
651,16_epo,3.0,293.53697958588975,fechner
652,16_epo,4.0,299.7008525237157,fechner
653,16_epo,5.0,305.01155844543524,fechner
654,16_epo,6.0,310.05475902600375,fechner
655,16_epo,7.000000000000001,314.9701747136971,fechner
656,16_epo,8.0,319.81160520132556,fechner
657,16_epo,9.0,324.6027207787277,fechner
658,16_epo,10.0,329.3525638500655,fechner
659,16_epo,11.0,334.06144828580716,fechner
660,16_epo,12.0,338.7240116885687,fechner
661,16_epo,13.0,343.3312665936524,fechner
662,16_epo,14.000000000000002,347.8721717431258,fechner
663,16_epo,15.0,352.33486462926055,fechner
664,16_epo,16.0,356.70760031750314,fechner
665,16_epo,17.0,360.97942780576795,fechner
666,16_epo,18.0,365.1406397500043,fechner
667,16_epo,19.0,369.18303564402464,fechner
668,16_epo,20.0,373.100038785667,fechner
669,16_epo,21.0,376.88670423715587,fechner
670,16_epo,22.0,380.5396499440783,fechner
671,16_epo,23.0,384.05693743530134,fechner
672,16_epo,24.0,387.437922890441,fechner
673,16_epo,25.0,390.6830942818296,fechner
674,16_epo,26.0,393.7939059747146,fechner
675,16_epo,27.0,396.772618646127,fechner
676,16_epo,28.000000000000004,399.62214961344125,fechner
677,16_epo,28.999999999999996,402.34593655753815,fechner
678,16_epo,30.0,404.94781607587095,fechner
679,16_epo,31.0,407.4319174012093,fechner
680,16_epo,32.0,409.8025708752896,fechner
681,16_epo,33.0,412.06423028924684,fechner
682,16_epo,34.0,414.2214079250917,fechner
683,16_epo,35.0,416.27862099887193,fechner
684,16_epo,36.0,418.2403481729167,fechner
685,16_epo,37.0,420.11099483845226,fechner
686,16_epo,38.0,421.89486594609826,fechner
687,16_epo,39.0,423.59614526227205,fechner
688,16_epo,40.0,425.21888004155073,fechner
689,16_epo,41.0,426.76697021979714,fechner
690,16_epo,42.0,428.24416134456754,fechner
691,16_epo,43.0,429.65404056438416,fechner
692,16_epo,44.0,431.0000350948536,fechner
693,16_epo,45.0,432.285412666426,fechner
694,16_epo,46.0,433.5132835356085,fechner
695,16_epo,47.0,434.6866037089869,fechner
696,16_epo,48.0,435.8081790880392,fechner
697,16_epo,49.0,436.8806702932078,fechner
698,16_epo,50.0,437.90659796884324,fechner
699,16_epo,51.0,438.8883484072715,fechner
700,16_epo,52.0,439.8281793611777,fechner
701,16_epo,53.0,440.7282259394761,fechner
702,16_epo,54.0,441.5905065035466,fechner
703,16_epo,55.00000000000001,442.41692849876125,fechner
704,16_epo,56.00000000000001,443.20929417115474,fechner
705,16_epo,56.99999999999999,443.9693061313813,fechner
706,16_epo,57.99999999999999,444.69857273815785,fechner
707,16_epo,59.0,445.3986132815814,fechner
708,16_epo,60.0,446.0708629533323,fechner
709,16_epo,61.0,446.716677596089,fechner
710,16_epo,62.0,447.33733822871443,fechner
711,16_epo,63.0,447.9340553471084,fechner
712,16_epo,64.0,448.5079730032179,fechner
713,16_epo,65.0,449.06017266668283,fechner
714,16_epo,66.0,449.59167687509427,fechner
715,16_epo,67.0,450.1034526799218,fechner
716,16_epo,68.0,450.5964148959375,fechner
717,16_epo,69.0,451.071429162456,fechner
718,16_epo,70.0,451.5293148250034,fechner
719,16_epo,71.0,451.97084764614897,fechner
720,16_epo,72.0,452.3967623542235,fechner
721,16_epo,73.0,452.80775503854034,fechner
722,16_epo,74.0,453.204485399551,fechner
723,16_epo,75.0,453.58757886211765,fechner
724,16_epo,76.0,453.9576285598066,fechner
725,16_epo,77.0,454.31519719778646,fechner
726,16_epo,78.0,454.6608188015879,fechner
727,16_epo,79.0,454.9950003586344,fechner
728,16_epo,80.0,455.3182233591109,fechner
729,16_epo,81.0,455.6309452423899,fechner
730,16_epo,82.0,455.9336007548941,fechner
731,16_epo,83.0,456.22660322494545,fechner
732,16_epo,84.0,456.5103457598253,fechner
733,16_epo,85.0,456.7852023699626,fechner
734,16_epo,86.0,457.0515290248678,fechner
735,16_epo,87.0,457.3096646451519,fechner
736,16_epo,88.0,457.5599320346899,fechner
737,16_epo,89.0,457.80263875674433,fechner
738,16_epo,90.0,458.03807795761264,fechner
739,16_epo,91.0,458.26652914113953,fechner
740,16_epo,92.0,458.4882588972176,fechner
741,16_epo,93.0,458.70352158719646,fechner
742,16_epo,94.0,458.91255998893536,fechner
743,16_epo,95.0,459.11560590404775,fechner
744,17_epo,3.0,498.17581781174425,fechner
745,17_epo,4.0,506.773481890618,fechner
746,17_epo,5.0,514.181109362101,fechner
747,17_epo,6.0,521.2156570840893,fechner
748,17_epo,7.000000000000001,528.0724383531782,fechner
749,17_epo,8.0,534.8282085602112,fechner
750,17_epo,9.0,541.5201992043136,fechner
751,17_epo,10.0,548.1685274671052,fechner
752,17_epo,11.0,554.7843483659741,fechner
753,17_epo,12.0,561.3732597851192,fechner
754,17_epo,13.0,567.9369010106908,fechner
755,17_epo,14.000000000000002,574.4738394657985,fechner
756,17_epo,15.0,580.9801864517368,fechner
757,17_epo,16.0,587.4501148801653,fechner
758,17_epo,17.0,593.8763364791208,fechner
759,17_epo,18.0,600.2505482758247,fechner
760,17_epo,19.0,606.563841746888,fechner
761,17_epo,20.0,612.8070654158764,fechner
762,17_epo,21.0,618.9711343527086,fechner
763,17_epo,22.0,625.0472840005956,fechner
764,17_epo,23.0,631.0272693414171,fechner
765,17_epo,24.0,636.9035130563029,fechner
766,17_epo,25.0,642.6692080027664,fechner
767,17_epo,26.0,648.3183801696557,fechner
768,17_epo,27.0,653.8459184932412,fechner
769,17_epo,28.000000000000004,659.2475777153173,fechner
770,17_epo,28.999999999999996,664.5199599952256,fechner
771,17_epo,30.0,669.6604803716613,fechner
772,17_epo,31.0,674.6673204924248,fechner
773,17_epo,32.0,679.5393743488842,fechner
774,17_epo,33.0,684.2761891039969,fechner
775,17_epo,34.0,688.877903510098,fechner
776,17_epo,35.0,693.3451858863733,fechner
777,17_epo,36.0,697.6791731695771,fechner
778,17_epo,37.0,701.8814121639209,fechner
779,17_epo,38.0,705.9538037928614,fechner
780,17_epo,39.0,709.8985508908243,fechner
781,17_epo,40.0,713.7181098599609,fechner
782,17_epo,41.0,717.4151463489375,fechner
783,17_epo,42.0,720.9924949808601,fechner
784,17_epo,43.0,724.4531230595265,fechner
785,17_epo,44.0,727.8000981116719,fechner
786,17_epo,45.0,731.0365590728618,fechner
787,17_epo,46.0,734.165690891843,fechner
788,17_epo,47.0,737.1907023089318,fechner
789,17_epo,48.0,740.1148065552867,fechner
790,17_epo,49.0,742.9412047191939,fechner
791,17_epo,50.0,745.6730715306793,fechner
792,17_epo,51.0,748.3135433252057,fechner
793,17_epo,52.0,750.8657079595605,fechner
794,17_epo,53.0,753.3325964672388,fechner
795,17_epo,54.0,755.7171762558645,fechner
796,17_epo,55.00000000000001,758.0223456648403,fechner
797,17_epo,56.00000000000001,760.2509297170064,fechner
798,17_epo,56.99999999999999,762.4056769132902,fechner
799,17_epo,57.99999999999999,764.4892569338826,fechner
800,17_epo,59.0,766.5042591232532,fechner
801,17_epo,60.0,768.453191649184,fechner
802,17_epo,61.0,770.3384812379486,fechner
803,17_epo,62.0,772.1624733987276,fechner
804,17_epo,63.0,773.9274330603919,fechner
805,17_epo,64.0,775.6355455529003,fechner
806,17_epo,65.0,777.2889178737942,fechner
807,17_epo,66.0,778.8895801877024,fechner
808,17_epo,67.0,780.4394875134104,fechner
809,17_epo,68.0,781.9405215590003,fechner
810,17_epo,69.0,783.3944926708574,fechner
811,17_epo,70.0,784.8031418670387,fechner
812,17_epo,71.0,786.1681429296577,fechner
813,17_epo,72.0,787.4911045346126,fechner
814,17_epo,73.0,788.7735724002147,fechner
815,17_epo,74.0,790.0170314391215,fechner
816,17_epo,75.0,791.2229079004562,fechner
817,17_epo,76.0,792.3925714911754,fechner
818,17_epo,77.0,793.5273374676412,fechner
819,17_epo,78.0,794.6284686899971,fechner
820,17_epo,79.0,795.6971776333801,fechner
821,17_epo,80.0,796.7346283512306,fechner
822,17_epo,81.0,797.7419383870325,fechner
823,17_epo,82.0,798.7201806317177,fechner
824,17_epo,83.0,799.6703851247681,fechner
825,17_epo,84.0,800.5935407977005,fechner
826,17_epo,85.0,801.4905971591893,fechner
827,17_epo,86.0,802.3624659215652,fechner
828,17_epo,87.0,803.2100225688237,fechner
829,17_epo,88.0,804.034107866606,fechner
830,17_epo,89.0,804.8355293149039,fechner
831,17_epo,90.0,805.6150625444549,fechner
832,17_epo,91.0,806.3734526579777,fechner
833,17_epo,92.0,807.1114155175513,fechner
834,17_epo,93.0,807.8296389795374,fechner
835,17_epo,94.0,808.5287840785518,fechner
836,17_epo,95.0,809.2094861620327,fechner
837,18_epo,3.0,271.36472410995924,fechner
838,18_epo,4.0,271.36472410995935,fechner
839,18_epo,5.0,271.36472410995935,fechner
840,18_epo,6.0,271.36472410995935,fechner
841,18_epo,7.000000000000001,271.36472410995935,fechner
842,18_epo,8.0,271.36472410995935,fechner
843,18_epo,9.0,271.36472410995935,fechner
844,18_epo,10.0,271.36472410995935,fechner
845,18_epo,11.0,271.36472410995935,fechner
846,18_epo,12.0,271.36472410995935,fechner
847,18_epo,13.0,271.36472410995935,fechner
848,18_epo,14.000000000000002,271.36472410995935,fechner
849,18_epo,15.0,271.36472410995935,fechner
850,18_epo,16.0,271.36472410995935,fechner
851,18_epo,17.0,271.36472410995935,fechner
852,18_epo,18.0,271.36472410995935,fechner
853,18_epo,19.0,271.36472410995935,fechner
854,18_epo,20.0,271.36472410995935,fechner
855,18_epo,21.0,271.36472410995935,fechner
856,18_epo,22.0,271.36472410995935,fechner
857,18_epo,23.0,271.36472410995935,fechner
858,18_epo,24.0,271.36472410995935,fechner
859,18_epo,25.0,271.36472410995935,fechner
860,18_epo,26.0,271.36472410995935,fechner
861,18_epo,27.0,271.36472410995935,fechner
862,18_epo,28.000000000000004,271.36472410995935,fechner
863,18_epo,28.999999999999996,271.36472410995935,fechner
864,18_epo,30.0,271.36472410995935,fechner
865,18_epo,31.0,271.36472410995935,fechner
866,18_epo,32.0,271.36472410995935,fechner
867,18_epo,33.0,271.36472410995935,fechner
868,18_epo,34.0,271.36472410995935,fechner
869,18_epo,35.0,271.36472410995935,fechner
870,18_epo,36.0,271.36472410995935,fechner
871,18_epo,37.0,271.36472410995935,fechner
872,18_epo,38.0,271.36472410995935,fechner
873,18_epo,39.0,271.36472410995935,fechner
874,18_epo,40.0,271.36472410995935,fechner
875,18_epo,41.0,271.36472410995935,fechner
876,18_epo,42.0,271.36472410995935,fechner
877,18_epo,43.0,271.36472410995935,fechner
878,18_epo,44.0,271.36472410995935,fechner
879,18_epo,45.0,271.36472410995935,fechner
880,18_epo,46.0,271.36472410995935,fechner
881,18_epo,47.0,271.36472410995935,fechner
882,18_epo,48.0,271.36472410995935,fechner
883,18_epo,49.0,271.36472410995935,fechner
884,18_epo,50.0,271.36472410995935,fechner
885,18_epo,51.0,271.36472410995935,fechner
886,18_epo,52.0,271.36472410995935,fechner
887,18_epo,53.0,271.36472410995935,fechner
888,18_epo,54.0,271.36472410995935,fechner
889,18_epo,55.00000000000001,271.36472410995935,fechner
890,18_epo,56.00000000000001,271.36472410995935,fechner
891,18_epo,56.99999999999999,271.36472410995935,fechner
892,18_epo,57.99999999999999,271.36472410995935,fechner
893,18_epo,59.0,271.36472410995935,fechner
894,18_epo,60.0,271.36472410995935,fechner
895,18_epo,61.0,271.36472410995935,fechner
896,18_epo,62.0,271.36472410995935,fechner
897,18_epo,63.0,271.36472410995935,fechner
898,18_epo,64.0,271.36472410995935,fechner
899,18_epo,65.0,271.36472410995935,fechner
900,18_epo,66.0,271.36472410995935,fechner
901,18_epo,67.0,271.36472410995935,fechner
902,18_epo,68.0,271.36472410995935,fechner
903,18_epo,69.0,271.36472410995935,fechner
904,18_epo,70.0,271.36472410995935,fechner
905,18_epo,71.0,271.36472410995935,fechner
906,18_epo,72.0,271.36472410995935,fechner
907,18_epo,73.0,271.36472410995935,fechner
908,18_epo,74.0,271.36472410995935,fechner
909,18_epo,75.0,271.36472410995935,fechner
910,18_epo,76.0,271.36472410995935,fechner
911,18_epo,77.0,271.36472410995935,fechner
912,18_epo,78.0,271.36472410995935,fechner
913,18_epo,79.0,271.36472410995935,fechner
914,18_epo,80.0,271.36472410995935,fechner
915,18_epo,81.0,271.36472410995935,fechner
916,18_epo,82.0,271.36472410995935,fechner
917,18_epo,83.0,271.36472410995935,fechner
918,18_epo,84.0,271.36472410995935,fechner
919,18_epo,85.0,271.36472410995935,fechner
920,18_epo,86.0,271.36472410995935,fechner
921,18_epo,87.0,271.36472410995935,fechner
922,18_epo,88.0,271.36472410995935,fechner
923,18_epo,89.0,271.36472410995935,fechner
924,18_epo,90.0,271.36472410995935,fechner
925,18_epo,91.0,271.36472410995935,fechner
926,18_epo,92.0,271.36472410995935,fechner
927,18_epo,93.0,271.36472410995935,fechner
928,18_epo,94.0,271.36472410995935,fechner
929,18_epo,95.0,271.36472410995935,fechner
930,19_epo,3.0,364.67206087494264,fechner
931,19_epo,4.0,375.09627752890634,fechner
932,19_epo,5.0,384.0776371925911,fechner
933,19_epo,6.0,392.60665479633633,fechner
934,19_epo,7.000000000000001,400.9201013245973,fechner
935,19_epo,8.0,409.1108212217055,fechner
936,19_epo,9.0,417.22322955102464,fechner
937,19_epo,10.0,425.280077665765,fechner
938,19_epo,11.0,433.29205897897174,fechner
939,19_epo,12.0,441.2619161888051,fechner
940,19_epo,13.0,449.18661009711803,fechner
941,19_epo,14.000000000000002,457.0587858549678,fechner
942,19_epo,15.0,464.8679629431879,fechner
943,19_epo,16.0,472.60157470415885,fechner
944,19_epo,17.0,480.2458785140415,fechner
945,19_epo,18.0,487.78673008307317,fechner
946,19_epo,19.0,495.2102157057611,fechner
947,19_epo,20.0,502.503144192787,fechner
948,19_epo,21.0,509.65340796549964,fechner
949,19_epo,22.0,516.6502280710665,fechner
950,19_epo,23.0,523.4843005248417,fechner
951,19_epo,24.0,530.1478619595416,fechner
952,19_epo,25.0,536.6346917280085,fechner
953,19_epo,26.0,542.9400659420927,fechner
954,19_epo,27.0,549.0606768631772,fechner
955,19_epo,28.000000000000004,554.994528883219,fechner
956,19_epo,28.999999999999996,560.7408202345022,fechner
957,19_epo,30.0,566.2998176484673,fechner
958,19_epo,31.0,571.6727295013886,fechner
959,19_epo,32.0,576.8615815536682,fechner
960,19_epo,33.0,581.8690982040129,fechner
961,19_epo,34.0,586.6985912205366,fechner
962,19_epo,35.0,591.3538571522004,fechner
963,19_epo,36.0,595.8390840378249,fechner
964,19_epo,37.0,600.1587675884741,fechner
965,19_epo,38.0,604.3176366964549,fechner
966,19_epo,39.0,608.3205878974038,fechner
967,19_epo,40.0,612.1726282608664,fechner
968,19_epo,41.0,615.8788260924387,fechner
969,19_epo,42.0,619.4442687828239,fechner
970,19_epo,43.0,622.8740271245456,fechner
971,19_epo,44.0,626.1731254263254,fechner
972,19_epo,45.0,629.3465167810103,fechner
973,19_epo,46.0,632.3990628797226,fechner
974,19_epo,47.0,635.3355178083287,fechner
975,19_epo,48.0,638.160515309105,fechner
976,19_epo,49.0,640.8785590382682,fechner
977,19_epo,50.0,643.4940153971411,fechner
978,19_epo,51.0,646.0111085599733,fechner
979,19_epo,52.0,648.4339173640874,fechner
980,19_epo,53.0,650.7663737676174,fechner
981,19_epo,54.0,653.0122626164361,fechner
982,19_epo,55.00000000000001,655.1752224948506,fechner
983,19_epo,56.00000000000001,657.2587474643797,fechner
984,19_epo,56.99999999999999,659.2661895215023,fechner
985,19_epo,57.99999999999999,661.2007616288957,fechner
986,19_epo,59.0,663.0655411955819,fechner
987,19_epo,60.0,664.8634738997789,fechner
988,19_epo,61.0,666.5973777643715,fechner
989,19_epo,62.0,668.2699474089579,fechner
990,19_epo,63.0,669.8837584146618,fechner
991,19_epo,64.0,671.4412717484746,fechner
992,19_epo,65.0,672.9448382030423,fechner
993,19_epo,66.0,674.3967028156728,fechner
994,19_epo,67.0,675.7990092370827,fechner
995,19_epo,68.0,677.1538040261805,fechner
996,19_epo,69.0,678.4630408520879,fechner
997,19_epo,70.0,679.7285845887777,fechner
998,19_epo,71.0,680.9522152912313,fechner
999,19_epo,72.0,682.1356320449951,fechner
1000,19_epo,73.0,683.2804566834978,fechner
1001,19_epo,74.0,684.3882373695781,fechner
1002,19_epo,75.0,685.4604520393818,fechner
1003,19_epo,76.0,686.4985117082199,fechner
1004,19_epo,77.0,687.5037636391235,fechner
1005,19_epo,78.0,688.4774943757836,fechner
1006,19_epo,79.0,689.4209326422987,fechner
1007,19_epo,80.0,690.3352521127522,fechner
1008,19_epo,81.0,691.2215740540988,fechner
1009,19_epo,82.0,692.080969846171,fechner
1010,19_epo,83.0,692.9144633828774,fechner
1011,19_epo,84.0,693.7230333588244,fechner
1012,19_epo,85.0,694.5076154456959,fechner
1013,19_epo,86.0,695.2691043627789,fechner
1014,19_epo,87.0,696.0083558460249,fechner
1015,19_epo,88.0,696.7261885200007,fechner
1016,19_epo,89.0,697.4233856770267,fechner
1017,19_epo,90.0,698.1006969677139,fechner
1018,19_epo,91.0,698.7588400070082,fechner
1019,19_epo,92.0,699.3985018997364,fechner
1020,19_epo,93.0,700.0203406895174,fechner
1021,19_epo,94.0,700.6249867347763,fechner
1022,19_epo,95.0,701.21304401545,fechner
1023,1_epo,3.0,227.49281722745047,fechner
1024,1_epo,4.0,236.04601429077397,fechner
1025,1_epo,5.0,243.41507036285844,fechner
1026,1_epo,6.0,250.4099994849732,fechner
1027,1_epo,7.000000000000001,257.21484210332875,fechner
1028,1_epo,8.0,263.8844669444433,fechner
1029,1_epo,9.0,270.4241969973859,fechner
1030,1_epo,10.0,276.8165481283401,fechner
1031,1_epo,11.0,283.03464180870986,fechner
1032,1_epo,12.0,289.0500284320907,fechner
1033,1_epo,13.0,294.83719691425694,fechner
1034,1_epo,14.000000000000002,300.37587592705063,fechner
1035,1_epo,15.0,305.65187348485586,fechner
1036,1_epo,16.0,310.6570037740631,fechner
1037,1_epo,17.0,315.38849687844294,fechner
1038,1_epo,18.0,319.84816302496887,fechner
1039,1_epo,19.0,324.0414868716732,fechner
1040,1_epo,20.0,327.9767569028782,fechner
1041,1_epo,21.0,331.664286065929,fechner
1042,1_epo,22.0,335.115747615559,fechner
1043,1_epo,23.0,338.3436302585341,fechner
1044,1_epo,24.0,341.36080538156875,fechner
1045,1_epo,25.0,344.18019351625134,fechner
1046,1_epo,26.0,346.81451514182874,fechner
1047,1_epo,27.0,349.27611098624243,fechner
1048,1_epo,28.000000000000004,351.57681818284266,fechner
1049,1_epo,28.999999999999996,353.7278903538737,fechner
1050,1_epo,30.0,355.73995154673474,fechner
1051,1_epo,31.0,357.6229757334618,fechner
1052,1_epo,32.0,359.386285191016,fechner
1053,1_epo,33.0,361.03856246740895,fechner
1054,1_epo,34.0,362.5878718014405,fechner
1055,1_epo,35.0,364.0416868169742,fechner
1056,1_epo,36.0,365.4069220805704,fechner
1057,1_epo,37.0,366.6899667212382,fechner
1058,1_epo,38.0,367.8967187896808,fechner
1059,1_epo,39.0,369.032619405877,fechner
1060,1_epo,40.0,370.10268602918677,fechner
1061,1_epo,41.0,371.1115444020967,fechner
1062,1_epo,42.0,372.0634588818571,fechner
1063,1_epo,43.0,372.9623609954594,fechner
1064,1_epo,44.0,373.81187614216805,fechner
1065,1_epo,45.0,374.6153484317141,fechner
1066,1_epo,46.0,375.37586369118503,fechner
1067,1_epo,47.0,376.09627070427496,fechner
1068,1_epo,48.0,376.7792007664561,fechner
1069,1_epo,49.0,377.42708565160063,fechner
1070,1_epo,50.0,378.04217409172674,fechner
1071,1_epo,51.0,378.62654687349897,fechner
1072,1_epo,52.0,379.1821306541148,fechner
1073,1_epo,53.0,379.7107105961669,fechner
1074,1_epo,54.0,380.21394191669424,fechner
1075,1_epo,55.00000000000001,380.6933604404262,fechner
1076,1_epo,56.00000000000001,381.1503922415622,fechner
1077,1_epo,56.99999999999999,381.58636245258185,fechner
1078,1_epo,57.99999999999999,382.00250331274646,fechner
1079,1_epo,59.0,382.3999615232591,fechner
1080,1_epo,60.0,382.77980497058786,fechner
1081,1_epo,61.0,383.14302887428033,fechner
1082,1_epo,62.0,383.4905614107452,fechner
1083,1_epo,63.0,383.82326885995076,fechner
1084,1_epo,64.0,384.14196031780557,fechner
1085,1_epo,65.0,384.4473920131307,fechner
1086,1_epo,66.0,384.7402712645921,fechner
1087,1_epo,67.0,385.0212601097205,fechner
1088,1_epo,68.0,385.2909786351987,fechner
1089,1_epo,69.0,385.5500080348942,fechner
1090,1_epo,70.0,385.798893419675,fechner
1091,1_epo,71.0,386.03814640082186,fechner
1092,1_epo,72.0,386.2682474668323,fechner
1093,1_epo,73.0,386.4896481715866,fechner
1094,1_epo,74.0,386.7027731501899,fechner
1095,1_epo,75.0,386.9080219773037,fechner
1096,1_epo,76.0,387.1057708814265,fechner
1097,1_epo,77.0,387.296374327352,fechner
1098,1_epo,78.0,387.48016647792355,fechner
1099,1_epo,79.0,387.657462545197,fechner
1100,1_epo,80.0,387.82856004021306,fechner
1101,1_epo,81.0,387.9937399297574,fechner
1102,1_epo,82.0,388.15326770773817,fechner
1103,1_epo,83.0,388.30739438813566,fechner
1104,1_epo,84.0,388.45635742586626,fechner
1105,1_epo,85.0,388.60038157134625,fechner
1106,1_epo,86.0,388.73967966403814,fechner
1107,1_epo,87.0,388.87445336980574,fechner
1108,1_epo,88.0,389.00489386648707,fechner
1109,1_epo,89.0,389.1311824817208,fechner
1110,1_epo,90.0,389.2534912867172,fechner
1111,1_epo,91.0,389.3719836493528,fechner
1112,1_epo,92.0,389.4868147496897,fechner
1113,1_epo,93.0,389.5981320607548,fechner
1114,1_epo,94.0,389.7060757971884,fechner
1115,1_epo,95.0,389.8107793341514,fechner
1116,20_epo,3.0,207.03577482159412,fechner
1117,20_epo,4.0,217.43149810234578,fechner
1118,20_epo,5.0,226.38830830904394,fechner
1119,20_epo,6.0,234.89401554011397,fechner
1120,20_epo,7.000000000000001,243.18478512469622,fechner
1121,20_epo,8.0,251.35347237732026,fechner
1122,20_epo,9.0,259.4453116186584,fechner
1123,20_epo,10.0,267.4852575095867,fechner
1124,20_epo,11.0,275.48814847938144,fechner
1125,20_epo,12.0,283.46307816241523,fechner
1126,20_epo,13.0,291.4154384411726,fechner
1127,20_epo,14.000000000000002,299.3479288848159,fechner
1128,20_epo,15.0,307.2610930143585,fechner
1129,20_epo,16.0,315.1536460684537,fechner
1130,20_epo,17.0,323.02272183450776,fechner
1131,20_epo,18.0,330.8640966511692,fechner
1132,20_epo,19.0,338.6724125822742,fechner
1133,20_epo,20.0,346.44140369088336,fechner
1134,20_epo,21.0,354.1641213176491,fechner
1135,20_epo,22.0,361.8331517131164,fechner
1136,20_epo,23.0,369.4408195887198,fechner
1137,20_epo,24.0,376.9793725710417,fechner
1138,20_epo,25.0,384.4411433052067,fechner
1139,20_epo,26.0,391.81868761933146,fechner
1140,20_epo,27.0,399.10489854453766,fechner
1141,20_epo,28.000000000000004,406.29309703252693,fechner
1142,20_epo,28.999999999999996,413.37710094228214,fechner
1143,20_epo,30.0,420.3512743258471,fechner
1144,20_epo,31.0,427.2105592854344,fechner
1145,20_epo,32.0,433.95049275302335,fechner
1146,20_epo,33.0,440.56721050493564,fechner
1147,20_epo,34.0,447.0574406050138,fechner
1148,20_epo,35.0,453.41848830046536,fechner
1149,20_epo,36.0,459.6482141964363,fechner
1150,20_epo,37.0,465.7450073254524,fechner
1151,20_epo,38.0,471.7077545177008,fechner
1152,20_epo,39.0,477.5358072757665,fechner
1153,20_epo,40.0,483.2289471680644,fechner
1154,20_epo,41.0,488.78735058189693,fechner
1155,20_epo,42.0,494.21155352133906,fechner
1156,20_epo,43.0,499.5024169973958,fechner
1157,20_epo,44.0,504.6610934376934,fechner
1158,20_epo,45.0,509.68899443950886,fechner
1159,20_epo,46.0,514.587760101921,fechner
1160,20_epo,47.0,519.3592300989616,fechner
1161,20_epo,48.0,524.0054165943191,fechner
1162,20_epo,49.0,528.5284790480013,fechner
1163,20_epo,50.0,532.9307009249271,fechner
1164,20_epo,51.0,537.2144682834064,fechner
1165,20_epo,52.0,541.3822501966434,fechner
1166,20_epo,53.0,545.436580941657,fechner
1167,20_epo,54.0,549.3800438763694,fechner
1168,20_epo,55.00000000000001,553.2152569161918,fechner
1169,20_epo,56.00000000000001,556.9448595154907,fechner
1170,20_epo,56.99999999999999,560.5715010561654,fechner
1171,20_epo,57.99999999999999,564.0978305446582,fechner
1172,20_epo,59.0,567.5264875195768,fechner
1173,20_epo,60.0,570.8600940743124,fechner
1174,20_epo,61.0,574.1012479022738,fechner
1175,20_epo,62.0,577.2525162763129,fechner
1176,20_epo,63.0,580.3164308784014,fechner
1177,20_epo,64.0,583.2954834004138,fechner
1178,20_epo,65.0,586.192121841836,fechner
1179,20_epo,66.0,589.0087474352576,fechner
1180,20_epo,67.0,591.7477121354742,fechner
1181,20_epo,68.0,594.4113166129155,fechner
1182,20_epo,69.0,597.0018086968274,fechner
1183,20_epo,70.0,599.5213822181464,fechner
1184,20_epo,71.0,601.972176206299,fechner
1185,20_epo,72.0,604.3562743982009,fechner
1186,20_epo,73.0,606.6757050215285,fechner
1187,20_epo,74.0,608.9324408178803,fechner
1188,20_epo,75.0,611.1283992747238,fechner
1189,20_epo,76.0,613.2654430380877,fechner
1190,20_epo,77.0,615.3453804807434,fechner
1191,20_epo,78.0,617.3699664032237,fechner
1192,20_epo,79.0,619.3409028473669,fechner
1193,20_epo,80.0,621.2598400042519,fechner
1194,20_epo,81.0,623.1283772003565,fechner
1195,20_epo,82.0,624.948063947545,fechner
1196,20_epo,83.0,626.7204010441521,fechner
1197,20_epo,84.0,628.4468417158613,fechner
1198,20_epo,85.0,630.1287927864365,fechner
1199,20_epo,86.0,631.7676158695543,fechner
1200,20_epo,87.0,633.3646285740697,fechner
1201,20_epo,88.0,634.9211057160129,fechner
1202,20_epo,89.0,636.4382805314992,fechner
1203,20_epo,90.0,637.9173458855051,fechner
1204,20_epo,91.0,639.3594554721709,fechner
1205,20_epo,92.0,640.765725002911,fechner
1206,20_epo,93.0,642.1372333791653,fechner
1207,20_epo,94.0,643.4750238471325,fechner
1208,20_epo,95.0,644.7801051322531,fechner
1209,21_epo,3.0,331.73052388930535,fechner
1210,21_epo,4.0,344.664765843058,fechner
1211,21_epo,5.0,355.8087283378961,fechner
1212,21_epo,6.0,366.39143359012826,fechner
1213,21_epo,7.000000000000001,376.7067160752537,fechner
1214,21_epo,8.0,386.87010880041373,fechner
1215,21_epo,9.0,396.9379163244453,fechner
1216,21_epo,10.0,406.94129014474254,fechner
1217,21_epo,11.0,416.89899315133084,fechner
1218,21_epo,12.0,426.82301382510514,fechner
1219,21_epo,13.0,436.7213024846978,fechner
1220,21_epo,14.000000000000002,446.59919076821996,fechner
1221,21_epo,15.0,456.46015183562804,fechner
1222,21_epo,16.0,466.3062127255901,fechner
1223,21_epo,17.0,476.138181327308,fechner
1224,21_epo,18.0,485.95577851735476,fechner
1225,21_epo,19.0,495.7577272811319,fechner
1226,21_epo,20.0,505.541827905441,fechner
1227,21_epo,21.0,515.3050343470196,fechner
1228,21_epo,22.0,525.0435382403891,fechner
1229,21_epo,23.0,534.752861846093,fechner
1230,21_epo,24.0,544.4279583897091,fechner
1231,21_epo,25.0,554.0633169038429,fechner
1232,21_epo,26.0,563.6530682967365,fechner
1233,21_epo,27.0,573.19108953921,fechner
1234,21_epo,28.000000000000004,582.6711033202155,fechner
1235,21_epo,28.999999999999996,592.0867710978187,fechner
1236,21_epo,30.0,601.4317780614515,fechner
1237,21_epo,31.0,610.6999090634878,fechner
1238,21_epo,32.0,619.88511504478,fechner
1239,21_epo,33.0,628.9815698600853,fechner
1240,21_epo,34.0,637.9837177068529,fechner
1241,21_epo,35.0,646.8863115823397,fechner
1242,21_epo,36.0,655.6844433497497,fechner
1243,21_epo,37.0,664.3735660951141,fechner
1244,21_epo,38.0,672.9495095135119,fechner
1245,21_epo,39.0,681.4084890855025,fechner
1246,21_epo,40.0,689.7471098005309,fechner
1247,21_epo,41.0,697.9623651605077,fechner
1248,21_epo,42.0,706.0516321594718,fechner
1249,21_epo,43.0,714.0126628887556,fechner
1250,21_epo,44.0,721.8435733650068,fechner
1251,21_epo,45.0,729.5428301236544,fechner
1252,21_epo,46.0,737.1092350649437,fechner
1253,21_epo,47.0,744.5419089852459,fechner
1254,21_epo,48.0,751.8402741739516,fechner
1255,21_epo,49.0,759.004036406809,fechner
1256,21_epo,50.0,766.0331666204605,fechner
1257,21_epo,51.0,772.927882510531,fechner
1258,21_epo,52.0,779.6886302569987,fechner
1259,21_epo,53.0,786.3160665457635,fechner
1260,21_epo,54.0,792.8110410242031,fechner
1261,21_epo,55.00000000000001,799.174579300919,fechner
1262,21_epo,56.00000000000001,805.4078665756299,fechner
1263,21_epo,56.99999999999999,811.5122319640207,fechner
1264,21_epo,57.99999999999999,817.4891335640593,fechner
1265,21_epo,59.0,823.3401442946025,fechner
1266,21_epo,60.0,829.0669385237826,fechner
1267,21_epo,61.0,834.671279493442,fechner
1268,21_epo,62.0,840.1550075365332,fechner
1269,21_epo,63.0,845.5200290767341,fechner
1270,21_epo,64.0,850.7683063933046,fechner
1271,21_epo,65.0,855.9018481292704,fechner
1272,21_epo,66.0,860.9227005172036,fechner
1273,21_epo,67.0,865.8329392939594,fechner
1274,21_epo,68.0,870.6346622737015,fechner
1275,21_epo,69.0,875.3299825471468,fechner
1276,21_epo,70.0,879.9210222741929,fechner
1277,21_epo,71.0,884.4099070367776,fechner
1278,21_epo,72.0,888.7987607189226,fechner
1279,21_epo,73.0,893.0897008813349,fechner
1280,21_epo,74.0,897.2848345986436,fechner
1281,21_epo,75.0,901.3862547282126,fechner
1282,21_epo,76.0,905.3960365805717,fechner
1283,21_epo,77.0,909.3162349626288,fechner
1284,21_epo,78.0,913.148881566139,fechner
1285,21_epo,79.0,916.8959826751714,fechner
1286,21_epo,80.0,920.5595171676902,fechner
1287,21_epo,81.0,924.1414347877243,fechner
1288,21_epo,82.0,927.6436546659104,fechner
1289,21_epo,83.0,931.0680640675936,fechner
1290,21_epo,84.0,934.4165173489066,fechner
1291,21_epo,85.0,937.690835102554,fechner
1292,21_epo,86.0,940.8928034762395,fechner
1293,21_epo,87.0,944.0241736478539,fechner
1294,21_epo,88.0,947.0866614426412,fechner
1295,21_epo,89.0,950.0819470786621,fechner
1296,21_epo,90.0,953.0116750278652,fechner
1297,21_epo,91.0,955.8774539810395,fechner
1298,21_epo,92.0,958.6808569058385,fechner
1299,21_epo,93.0,961.4234211878899,fechner
1300,21_epo,94.0,964.1066488458407,fechner
1301,21_epo,95.0,966.7320068118976,fechner
1302,22_epo,3.0,347.906996906781,fechner
1303,22_epo,4.0,347.90700852184005,fechner
1304,22_epo,5.0,347.90701156534,fechner
1305,22_epo,6.0,347.9070129194613,fechner
1306,22_epo,7.000000000000001,347.9070136583431,fechner
1307,22_epo,8.0,347.9070141107614,fechner
1308,22_epo,9.0,347.907014409589,fechner
1309,22_epo,10.0,347.9070146179779,fechner
1310,22_epo,11.0,347.9070147693918,fechner
1311,22_epo,12.0,347.9070148830197,fechner
1312,22_epo,13.0,347.9070149705501,fechner
1313,22_epo,14.000000000000002,347.9070150394517,fechner
1314,22_epo,15.0,347.9070150946871,fechner
1315,22_epo,16.0,347.90701513966224,fechner
1316,22_epo,17.0,347.9070151767803,fechner
1317,22_epo,18.0,347.90701520777725,fechner
1318,22_epo,19.0,347.9070152339332,fechner
1319,22_epo,20.0,347.90701525620926,fechner
1320,22_epo,21.0,347.9070152753387,fechner
1321,22_epo,22.0,347.90701529188914,fechner
1322,22_epo,23.0,347.907015306305,fechner
1323,22_epo,24.0,347.9070153189392,fechner
1324,22_epo,25.0,347.90701533007416,fechner
1325,22_epo,26.0,347.90701533993854,fechner
1326,22_epo,27.0,347.9070153487189,fechner
1327,22_epo,28.000000000000004,347.9070153565687,fechner
1328,22_epo,28.999999999999996,347.90701536361513,fechner
1329,22_epo,30.0,347.9070153699643,fechner
1330,22_epo,31.0,347.90701537570544,fechner
1331,22_epo,32.0,347.9070153809139,fechner
1332,22_epo,33.0,347.9070153856536,fechner
1333,22_epo,34.0,347.9070153899793,fechner
1334,22_epo,35.0,347.9070153939378,fechner
1335,22_epo,36.0,347.90701539756964,fechner
1336,22_epo,37.0,347.9070154009098,fechner
1337,22_epo,38.0,347.90701540398874,fechner
1338,22_epo,39.0,347.907015406833,fechner
1339,22_epo,40.0,347.9070154094659,fechner
1340,22_epo,41.0,347.9070154119078,fechner
1341,22_epo,42.0,347.9070154141769,fechner
1342,22_epo,43.0,347.907015416289,fechner
1343,22_epo,44.0,347.9070154182584,fechner
1344,22_epo,45.0,347.90701542009754,fechner
1345,22_epo,46.0,347.90701542181773,fechner
1346,22_epo,47.0,347.9070154234291,fechner
1347,22_epo,48.0,347.9070154249405,fechner
1348,22_epo,49.0,347.90701542636003,fechner
1349,22_epo,50.0,347.90701542769517,fechner
1350,22_epo,51.0,347.9070154289523,fechner
1351,22_epo,52.0,347.9070154301375,fechner
1352,22_epo,53.0,347.9070154312561,fechner
1353,22_epo,54.0,347.907015432313,fechner
1354,22_epo,55.00000000000001,347.9070154333127,fechner
1355,22_epo,56.00000000000001,347.9070154342592,fechner
1356,22_epo,56.99999999999999,347.90701543515627,fechner
1357,22_epo,57.99999999999999,347.9070154360072,fechner
1358,22_epo,59.0,347.90701543681524,fechner
1359,22_epo,60.0,347.90701543758314,fechner
1360,22_epo,61.0,347.90701543831346,fechner
1361,22_epo,62.0,347.9070154390088,fechner
1362,22_epo,63.0,347.9070154396711,fechner
1363,22_epo,64.0,347.90701544030264,fechner
1364,22_epo,65.0,347.9070154409052,fechner
1365,22_epo,66.0,347.90701544148055,fechner
1366,22_epo,67.0,347.9070154420303,fechner
1367,22_epo,68.0,347.9070154425559,fechner
1368,22_epo,69.0,347.90701544305887,fechner
1369,22_epo,70.0,347.90701544354033,fechner
1370,22_epo,71.0,347.9070154440017,fechner
1371,22_epo,72.0,347.90701544444386,fechner
1372,22_epo,73.0,347.90701544486797,fechner
1373,22_epo,74.0,347.90701544527496,fechner
1374,22_epo,75.0,347.90701544566576,fechner
1375,22_epo,76.0,347.90701544604127,fechner
1376,22_epo,77.0,347.90701544640217,fechner
1377,22_epo,78.0,347.90701544674937,fechner
1378,22_epo,79.0,347.9070154470834,fechner
1379,22_epo,80.0,347.90701544740494,fechner
1380,22_epo,81.0,347.9070154477146,fechner
1381,22_epo,82.0,347.90701544801306,fechner
1382,22_epo,83.0,347.9070154483008,fechner
1383,22_epo,84.0,347.90701544857825,fechner
1384,22_epo,85.0,347.907015448846,fechner
1385,22_epo,86.0,347.90701544910445,fechner
1386,22_epo,87.0,347.90701544935405,fechner
1387,22_epo,88.0,347.9070154495952,fechner
1388,22_epo,89.0,347.90701544982824,fechner
1389,22_epo,90.0,347.90701545005356,fechner
1390,22_epo,91.0,347.90701545027144,fechner
1391,22_epo,92.0,347.9070154504823,fechner
1392,22_epo,93.0,347.90701545068634,fechner
1393,22_epo,94.0,347.90701545088393,fechner
1394,22_epo,95.0,347.9070154510753,fechner
1395,23_epo,3.0,445.60904246811754,fechner
1396,23_epo,4.0,459.59986835314237,fechner
1397,23_epo,5.0,471.6421091725318,fechner
1398,23_epo,6.0,483.01356447094275,fechner
1399,23_epo,7.000000000000001,493.9318864075577,fechner
1400,23_epo,8.0,504.39764737975725,fechner
1401,23_epo,9.0,514.3526443299984,fechner
1402,23_epo,10.0,523.7355892593459,fechner
1403,23_epo,11.0,532.5029808360915,fechner
1404,23_epo,12.0,540.6343508305276,fechner
1405,23_epo,13.0,548.1304468121807,fechner
1406,23_epo,14.000000000000002,555.0087422275811,fechner
1407,23_epo,15.0,561.2984879586927,fechner
1408,23_epo,16.0,567.0363076144336,fechner
1409,23_epo,17.0,572.2626843441744,fechner
1410,23_epo,18.0,577.0193605019189,fechner
1411,23_epo,19.0,581.3475306173574,fechner
1412,23_epo,20.0,585.2866655162538,fechner
1413,23_epo,21.0,588.8738099767057,fechner
1414,23_epo,22.0,592.1432198589259,fechner
1415,23_epo,23.0,595.1262328280409,fechner
1416,23_epo,24.0,597.851293029302,fechner
1417,23_epo,25.0,600.3440719484377,fechner
1418,23_epo,26.0,602.6276448063973,fechner
1419,23_epo,27.0,604.7226946866717,fechner
1420,23_epo,28.000000000000004,606.6477259513318,fechner
1421,23_epo,28.999999999999996,608.4192751548727,fechner
1422,23_epo,30.0,610.05211229547,fechner
1423,23_epo,31.0,611.5594284001637,fechner
1424,23_epo,32.0,612.9530075448595,fechner
1425,23_epo,33.0,614.2433827751634,fechner
1426,23_epo,34.0,615.4399762478917,fechner
1427,23_epo,35.0,616.5512244187348,fechner
1428,23_epo,36.0,617.5846893740948,fechner
1429,23_epo,37.0,618.547157524827,fechner
1430,23_epo,38.0,619.4447269018182,fechner
1431,23_epo,39.0,620.282884255718,fechner
1432,23_epo,40.0,621.0665730910231,fechner
1433,23_epo,41.0,621.8002536748672,fechner
1434,23_epo,42.0,622.4879559641213,fechner
1435,23_epo,43.0,623.1333262975738,fechner
1436,23_epo,44.0,623.7396686071555,fechner
1437,23_epo,45.0,624.3099808156704,fechner
1438,23_epo,46.0,624.8469870093978,fechner
1439,23_epo,47.0,625.3531659026045,fechner
1440,23_epo,48.0,625.8307760472985,fechner
1441,23_epo,49.0,626.2818781850874,fechner
1442,23_epo,50.0,626.7083550882186,fechner
1443,23_epo,51.0,627.1119291931668,fechner
1444,23_epo,52.0,627.4941782918607,fechner
1445,23_epo,53.0,627.8565495122139,fechner
1446,23_epo,54.0,628.2003717904723,fechner
1447,23_epo,55.00000000000001,628.5268670124826,fechner
1448,23_epo,56.00000000000001,628.8371599788671,fechner
1449,23_epo,56.99999999999999,629.1322873298384,fechner
1450,23_epo,57.99999999999999,629.4132055486175,fechner
1451,23_epo,59.0,629.6807981478286,fechner
1452,23_epo,60.0,629.935882130527,fechner
1453,23_epo,61.0,630.1792138064372,fechner
1454,23_epo,62.0,630.4114940343137,fechner
1455,23_epo,63.0,630.6333729529018,fechner
1456,23_epo,64.0,630.8454542556096,fechner
1457,23_epo,65.0,631.0482990575579,fechner
1458,23_epo,66.0,631.2424293980351,fechner
1459,23_epo,67.0,631.4283314164503,fechner
1460,23_epo,68.0,631.6064582355355,fechner
1461,23_epo,69.0,631.777232581752,fechner
1462,23_epo,70.0,631.9410491695107,fechner
1463,23_epo,71.0,632.0982768728682,fechner
1464,23_epo,72.0,632.2492607057766,fechner
1465,23_epo,73.0,632.394323629675,fechner
1466,23_epo,74.0,632.5337682051888,fechner
1467,23_epo,75.0,632.6678781029262,fechner
1468,23_epo,76.0,632.7969194867751,fechner
1469,23_epo,77.0,632.9211422817069,fechner
1470,23_epo,78.0,633.0407813368553,fechner
1471,23_epo,79.0,633.1560574935296,fechner
1472,23_epo,80.0,633.26717856685,fechner
1473,23_epo,81.0,633.3743402488117,fechner
1474,23_epo,82.0,633.4777269398164,fechner
1475,23_epo,83.0,633.5775125150093,fechner
1476,23_epo,84.0,633.6738610311443,fechner
1477,23_epo,85.0,633.7669273791473,fechner
1478,23_epo,86.0,633.8568578870496,fechner
1479,23_epo,87.0,633.9437908775241,fechner
1480,23_epo,88.0,634.0278571838531,fechner
1481,23_epo,89.0,634.1091806278079,fechner
1482,23_epo,90.0,634.1878784625902,fechner
1483,23_epo,91.0,634.2640617837056,fechner
1484,23_epo,92.0,634.337835910374,fechner
1485,23_epo,93.0,634.4093007398473,fechner
1486,23_epo,94.0,634.4785510768005,fechner
1487,23_epo,95.0,634.5456769397631,fechner
1488,24_epo,3.0,533.0257737874233,fechner
1489,24_epo,4.0,555.821252641954,fechner
1490,24_epo,5.0,575.4614928186074,fechner
1491,24_epo,6.0,594.1119564146244,fechner
1492,24_epo,7.000000000000001,612.2866684115905,fechner
1493,24_epo,8.0,630.1768748268659,fechner
1494,24_epo,9.0,647.8560144518519,fechner
1495,24_epo,10.0,665.3382668977365,fechner
1496,24_epo,11.0,682.6032548858789,fechner
1497,24_epo,12.0,699.6104523958164,fechner
1498,24_epo,13.0,716.3092068953199,fechner
1499,24_epo,14.000000000000002,732.6460006124071,fechner
1500,24_epo,15.0,748.5695488083945,fechner
1501,24_epo,16.0,764.0341287596734,fechner
1502,24_epo,17.0,779.001501442624,fechner
1503,24_epo,18.0,793.4417663630471,fechner
1504,24_epo,19.0,807.3334513441879,fechner
1505,24_epo,20.0,820.6630886629039,fechner
1506,24_epo,21.0,833.424475832291,fechner
1507,24_epo,22.0,845.6177699905609,fechner
1508,24_epo,23.0,857.2485225466556,fechner
1509,24_epo,24.0,868.3267264876313,fechner
1510,24_epo,25.0,878.8659222823177,fechner
1511,24_epo,26.0,888.8823886715778,fechner
1512,24_epo,27.0,898.3944306285078,fechner
1513,24_epo,28.000000000000004,907.4217672122878,fechner
1514,24_epo,28.999999999999996,915.9850158586166,fechner
1515,24_epo,30.0,924.1052659495504,fechner
1516,24_epo,31.0,931.8037325660165,fechner
1517,24_epo,32.0,939.1014805906578,fechner
1518,24_epo,33.0,946.0192093803414,fechner
1519,24_epo,34.0,952.5770887635483,fechner
1520,24_epo,35.0,958.7946379240364,fechner
1521,24_epo,36.0,964.6906396622538,fechner
1522,24_epo,37.0,970.2830834836311,fechner
1523,24_epo,38.0,975.589131887828,fechner
1524,24_epo,39.0,980.6251050902308,fechner
1525,24_epo,40.0,985.406480178852,fechner
1526,24_epo,41.0,989.9479013900029,fechner
1527,24_epo,42.0,994.2631987757421,fechner
1528,24_epo,43.0,998.3654130404329,fechner
1529,24_epo,44.0,1002.2668247504039,fechner
1530,24_epo,45.0,1005.9789864783633,fechner
1531,24_epo,46.0,1009.5127567415241,fechner
1532,24_epo,47.0,1012.8783348378472,fechner
1533,24_epo,48.0,1016.0852958859965,fechner
1534,24_epo,49.0,1019.142625538531,fechner
1535,24_epo,50.0,1022.0587539705485,fechner
1536,24_epo,51.0,1024.8415888527331,fechner
1537,24_epo,52.0,1027.498547103039,fechner
1538,24_epo,53.0,1030.0365852788907,fechner
1539,24_epo,54.0,1032.4622285249775,fechner
1540,24_epo,55.00000000000001,1034.781598033193,fechner
1541,24_epo,56.00000000000001,1037.0004370032018,fechner
1542,24_epo,56.99999999999999,1039.12413511638,fechner
1543,24_epo,57.99999999999999,1041.1577515539675,fechner
1544,24_epo,59.0,1043.1060366034462,fechner
1545,24_epo,60.0,1044.9734519064282,fechner
1546,24_epo,61.0,1046.7641894075205,fechner
1547,24_epo,62.0,1048.4821890674152,fechner
1548,24_epo,63.0,1050.1311554053602,fechner
1549,24_epo,64.0,1051.7145729366423,fechner
1550,24_epo,65.0,1053.2357205701037,fechner
1551,24_epo,66.0,1054.6976850293115,fechner
1552,24_epo,67.0,1056.1033733589884,fechner
1553,24_epo,68.0,1057.455524575934,fechner
1554,24_epo,69.0,1058.756720520977,fechner
1555,24_epo,70.0,1060.0093959656817,fechner
1556,24_epo,71.0,1061.2158480246192,fechner
1557,24_epo,72.0,1062.3782449210846,fechner
1558,24_epo,73.0,1063.4986341512547,fechner
1559,24_epo,74.0,1064.5789500889614,fechner
1560,24_epo,75.0,1065.6210210705096,fechner
1561,24_epo,76.0,1066.6265759963703,fechner
1562,24_epo,77.0,1067.5972504840577,fechner
1563,24_epo,78.0,1068.534592604155,fechner
1564,24_epo,79.0,1069.4400682291932,fechner
1565,24_epo,80.0,1070.3150660229974,fechner
1566,24_epo,81.0,1071.160902096138,fechner
1567,24_epo,82.0,1071.9788243512653,fechner
1568,24_epo,83.0,1072.7700165404003,fechner
1569,24_epo,84.0,1073.5356020546274,fechner
1570,24_epo,85.0,1074.2766474651482,fechner
1571,24_epo,86.0,1074.9941658332648,fechner
1572,24_epo,87.0,1075.6891198055694,fechner
1573,24_epo,88.0,1076.362424509414,fechner
1574,24_epo,89.0,1077.0149502626323,fechner
1575,24_epo,90.0,1077.6475251104548,fechner
1576,24_epo,91.0,1078.2609372016063,fechner
1577,24_epo,92.0,1078.8559370146959,fechner
1578,24_epo,93.0,1079.4332394451906,fechner
1579,24_epo,94.0,1079.9935257625232,fechner
1580,24_epo,95.0,1080.53744544617,fechner
1581,25_epo,3.0,315.85397828786483,fechner
1582,25_epo,4.0,321.4878122900242,fechner
1583,25_epo,5.0,326.34184080847217,fechner
1584,25_epo,6.0,330.95129197710935,fechner
1585,25_epo,7.000000000000001,335.4434253836781,fechner
1586,25_epo,8.0,339.8660890795625,fechner
1587,25_epo,9.0,344.2384270291956,fechner
1588,25_epo,10.0,348.5652214537073,fechner
1589,25_epo,11.0,352.8427846775871,fechner
1590,25_epo,12.0,357.0623196523031,fechner
1591,25_epo,13.0,361.2122590871945,fechner
1592,25_epo,14.000000000000002,365.2799927103446,fechner
1593,25_epo,15.0,369.2531175641943,fechner
1594,25_epo,16.0,373.1202899924958,fechner
1595,25_epo,17.0,376.87175168130494,fechner
1596,25_epo,18.0,380.499600817778,fechner
1597,25_epo,19.0,383.99787409222097,fechner
1598,25_epo,20.0,387.3624963230473,fechner
1599,25_epo,21.0,390.5911439870911,fechner
1600,25_epo,22.0,393.683058547708,fechner
1601,25_epo,23.0,396.638836159857,fechner
1602,25_epo,24.0,399.46021251950623,fechner
1603,25_epo,25.0,402.14985539070494,fechner
1604,25_epo,26.0,404.7111725709899,fechner
1605,25_epo,27.0,407.1481395389611,fechner
1606,25_epo,28.000000000000004,409.4651485356007,fechner
1607,25_epo,28.999999999999996,411.6668791414917,fechner
1608,25_epo,30.0,413.75818933040694,fechner
1609,25_epo,31.0,415.7440253435014,fechner
1610,25_epo,32.0,417.6293484080424,fechner
1611,25_epo,33.0,419.41907622032073,fechner
1612,25_epo,34.0,421.118037149193,fechner
1613,25_epo,35.0,422.73093524002917,fechner
1614,25_epo,36.0,424.2623242699827,fechner
1615,25_epo,37.0,425.71658929788754,fechner
1616,25_epo,38.0,427.09793434813935,fechner
1617,25_epo,39.0,428.4103750565628,fechner
1618,25_epo,40.0,429.65773528106456,fechner
1619,25_epo,41.0,430.84364683753654,fechner
1620,25_epo,42.0,431.9715516608573,fechner
1621,25_epo,43.0,433.044705812139,fechner
1622,25_epo,44.0,434.06618485759964,fechner
1623,25_epo,45.0,435.0388902330824,fechner
1624,25_epo,46.0,435.9655562829421,fechner
1625,25_epo,47.0,436.84875772449993,fechner
1626,25_epo,48.0,437.69091734114284,fechner
1627,25_epo,49.0,438.4943137499628,fechner
1628,25_epo,50.0,439.26108912493726,fechner
1629,25_epo,51.0,439.99325678528027,fechner
1630,25_epo,52.0,440.6927085817933,fechner
1631,25_epo,53.0,441.36122203272305,fechner
1632,25_epo,54.0,442.00046717558416,fechner
1633,25_epo,55.00000000000001,442.61201311326346,fechner
1634,25_epo,56.00000000000001,443.1973342420711,fechner
1635,25_epo,56.99999999999999,443.7578161566791,fechner
1636,25_epo,57.99999999999999,444.2947612324954,fechner
1637,25_epo,59.0,444.8093938902715,fechner
1638,25_epo,60.0,445.30286555090055,fechner
1639,25_epo,61.0,445.77625929064817,fechner
1640,25_epo,62.0,446.23059420864763,fechner
1641,25_epo,63.0,446.6668295195291,fechner
1642,25_epo,64.0,447.0858683846609,fechner
1643,25_epo,65.0,447.48856149575,fechner
1644,25_epo,66.0,447.8757104245641,fechner
1645,25_epo,67.0,448.2480707523525,fechner
1646,25_epo,68.0,448.60635499221803,fechner
1647,25_epo,69.0,448.95123531725704,fechner
1648,25_epo,70.0,449.28334610677956,fechner
1649,25_epo,71.0,449.6032863223669,fechner
1650,25_epo,72.0,449.91162172494313,fechner
1651,25_epo,73.0,450.2088869434362,fechner
1652,25_epo,74.0,450.49558740501425,fechner
1653,25_epo,75.0,450.7722011362861,fechner
1654,25_epo,76.0,451.03918044428303,fechner
1655,25_epo,77.0,451.29695348548114,fechner
1656,25_epo,78.0,451.5459257305887,fechner
1657,25_epo,79.0,451.7864813323112,fechner
1658,25_epo,80.0,452.0189844028242,fechner
1659,25_epo,81.0,452.2437802072238,fechner
1660,25_epo,82.0,452.4611962787917,fechner
1661,25_epo,83.0,452.6715434615077,fechner
1662,25_epo,84.0,452.8751168848586,fechner
1663,25_epo,85.0,453.0721968756378,fechner
1664,25_epo,86.0,453.26304981109666,fechner
1665,25_epo,87.0,453.4479289174973,fechner
1666,25_epo,88.0,453.62707501782745,fechner
1667,25_epo,89.0,453.80071723216935,fechner
1668,25_epo,90.0,453.9690736339647,fechner
1669,25_epo,91.0,454.13235186518307,fechner
1670,25_epo,92.0,454.2907497131895,fechner
1671,25_epo,93.0,454.4444556519017,fechner
1672,25_epo,94.0,454.5936493496469,fechner
1673,25_epo,95.0,454.73850214595257,fechner
1674,2_epo,3.0,352.0639471721069,fechner
1675,2_epo,4.0,382.97022375569077,fechner
1676,2_epo,5.0,409.5981676234202,fechner
1677,2_epo,6.0,434.87868589073577,fechner
1678,2_epo,7.000000000000001,459.4890096142126,fechner
1679,2_epo,8.0,483.64784433184326,fechner
1680,2_epo,9.0,507.3980795243895,fechner
1681,2_epo,10.0,530.6976917124664,fechner
1682,2_epo,11.0,553.4644983965069,fechner
1683,2_epo,12.0,575.6030894073632,fechner
1684,2_epo,13.0,597.0215045166906,fechner
1685,2_epo,14.000000000000002,617.6408631905352,fechner
1686,2_epo,15.0,637.4000424156429,fechner
1687,2_epo,16.0,656.2570124126281,fechner
1688,2_epo,17.0,674.1880682583447,fechner
1689,2_epo,18.0,691.1858689967594,fechner
1690,2_epo,19.0,707.256920383474,fechner
1691,2_epo,20.0,722.418919312527,fechner
1692,2_epo,21.0,736.6982150389379,fechner
1693,2_epo,22.0,750.1275268219125,fechner
1694,2_epo,23.0,762.743979878205,fechner
1695,2_epo,24.0,774.5874721237245,fechner
1696,2_epo,25.0,785.6993550030052,fechner
1697,2_epo,26.0,796.121396339259,fechner
1698,2_epo,27.0,805.8949867657534,fechner
1699,2_epo,28.000000000000004,815.0605504698192,fechner
1700,2_epo,28.999999999999996,823.6571233181453,fechner
1701,2_epo,30.0,831.7220653654493,fechner
1702,2_epo,31.0,839.290879284905,fechner
1703,2_epo,32.0,846.3971108035275,fechner
1704,2_epo,33.0,853.0723114510537,fechner
1705,2_epo,34.0,859.3460476798791,fechner
1706,2_epo,35.0,865.2459436349425,fechner
1707,2_epo,36.0,870.7977475559112,fechner
1708,2_epo,37.0,876.0254140221047,fechner
1709,2_epo,38.0,880.9511960602425,fechner
1710,2_epo,39.0,885.595742587085,fechner
1711,2_epo,40.0,889.9781978116586,fechner
1712,2_epo,41.0,894.116300127947,fechner
1713,2_epo,42.0,898.0264787348237,fechner
1714,2_epo,43.0,901.7239467648133,fechner
1715,2_epo,44.0,905.2227901197118,fechner
1716,2_epo,45.0,908.5360515260717,fechner
1717,2_epo,46.0,911.6758095588184,fechner
1718,2_epo,47.0,914.6532525544646,fechner
1719,2_epo,48.0,917.478747460457,fechner
1720,2_epo,49.0,920.1619037553121,fechner
1721,2_epo,50.0,922.7116326340823,fechner
1722,2_epo,51.0,925.1362016922551,fechner
1723,2_epo,52.0,927.4432853637513,fechner
1724,2_epo,53.0,929.6400113794241,fechner
1725,2_epo,54.0,931.7330035145848,fechner
1726,2_epo,55.00000000000001,933.7284208900447,fechner
1727,2_epo,56.00000000000001,935.6319940828497,fechner
1728,2_epo,56.99999999999999,937.4490582917206,fechner
1729,2_epo,57.99999999999999,939.1845837892663,fechner
1730,2_epo,59.0,940.8432038790944,fechner
1731,2_epo,60.0,942.4292405616063,fechner
1732,2_epo,61.0,943.9467280979345,fechner
1733,2_epo,62.0,945.3994346474615,fechner
1734,2_epo,63.0,946.7908821408669,fechner
1735,2_epo,64.0,948.1243645377941,fechner
1736,2_epo,65.0,949.4029646061044,fechner
1737,2_epo,66.0,950.6295693483393,fechner
1738,2_epo,67.0,951.8068841904295,fechner
1739,2_epo,68.0,952.9374460378979,fechner
1740,2_epo,69.0,954.0236352957475,fechner
1741,2_epo,70.0,955.0676869399026,fechner
1742,2_epo,71.0,956.0717007204096,fechner
1743,2_epo,72.0,957.0376505696083,fechner
1744,2_epo,73.0,957.9673932820627,fechner
1745,2_epo,74.0,958.8626765271822,fechner
1746,2_epo,75.0,959.7251462501255,fechner
1747,2_epo,76.0,960.556353511695,fechner
1748,2_epo,77.0,961.3577608134954,fechner
1749,2_epo,78.0,962.1307479505847,fechner
1750,2_epo,79.0,962.876617430163,fechner
1751,2_epo,80.0,963.5965994914897,fechner
1752,2_epo,81.0,964.2918567591845,fechner
1753,2_epo,82.0,964.9634885592744,fechner
1754,2_epo,83.0,965.6125349248408,fechner
1755,2_epo,84.0,966.2399803158174,fechner
1756,2_epo,85.0,966.846757075396,fechner
1757,2_epo,86.0,967.4337486435993,fechner
1758,2_epo,87.0,968.0017925468499,fechner
1759,2_epo,88.0,968.551683180773,fechner
1760,2_epo,89.0,969.0841744020524,fechner
1761,2_epo,90.0,969.5999819438276,fechner
1762,2_epo,91.0,970.099785667944,fechner
1763,2_epo,92.0,970.5842316662661,fechner
1764,2_epo,93.0,971.0539342222714,fechner
1765,2_epo,94.0,971.5094776432413,fechner
1766,2_epo,95.0,971.9514179725246,fechner
1767,3_epo,3.0,478.16824523455455,fechner
1768,3_epo,4.0,478.1682452345548,fechner
1769,3_epo,5.0,478.16824523455483,fechner
1770,3_epo,6.0,478.16824523455483,fechner
1771,3_epo,7.000000000000001,478.16824523455483,fechner
1772,3_epo,8.0,478.16824523455483,fechner
1773,3_epo,9.0,478.16824523455483,fechner
1774,3_epo,10.0,478.16824523455483,fechner
1775,3_epo,11.0,478.1682452345549,fechner
1776,3_epo,12.0,478.1682452345549,fechner
1777,3_epo,13.0,478.1682452345549,fechner
1778,3_epo,14.000000000000002,478.1682452345549,fechner
1779,3_epo,15.0,478.1682452345549,fechner
1780,3_epo,16.0,478.1682452345549,fechner
1781,3_epo,17.0,478.1682452345549,fechner
1782,3_epo,18.0,478.1682452345549,fechner
1783,3_epo,19.0,478.1682452345549,fechner
1784,3_epo,20.0,478.1682452345549,fechner
1785,3_epo,21.0,478.1682452345549,fechner
1786,3_epo,22.0,478.1682452345549,fechner
1787,3_epo,23.0,478.1682452345549,fechner
1788,3_epo,24.0,478.1682452345549,fechner
1789,3_epo,25.0,478.1682452345549,fechner
1790,3_epo,26.0,478.1682452345549,fechner
1791,3_epo,27.0,478.1682452345549,fechner
1792,3_epo,28.000000000000004,478.1682452345549,fechner
1793,3_epo,28.999999999999996,478.1682452345549,fechner
1794,3_epo,30.0,478.1682452345549,fechner
1795,3_epo,31.0,478.1682452345549,fechner
1796,3_epo,32.0,478.1682452345549,fechner
1797,3_epo,33.0,478.1682452345549,fechner
1798,3_epo,34.0,478.1682452345549,fechner
1799,3_epo,35.0,478.1682452345549,fechner
1800,3_epo,36.0,478.1682452345549,fechner
1801,3_epo,37.0,478.1682452345549,fechner
1802,3_epo,38.0,478.1682452345549,fechner
1803,3_epo,39.0,478.1682452345549,fechner
1804,3_epo,40.0,478.1682452345549,fechner
1805,3_epo,41.0,478.1682452345549,fechner
1806,3_epo,42.0,478.1682452345549,fechner
1807,3_epo,43.0,478.1682452345549,fechner
1808,3_epo,44.0,478.1682452345549,fechner
1809,3_epo,45.0,478.1682452345549,fechner
1810,3_epo,46.0,478.1682452345549,fechner
1811,3_epo,47.0,478.1682452345549,fechner
1812,3_epo,48.0,478.1682452345549,fechner
1813,3_epo,49.0,478.1682452345549,fechner
1814,3_epo,50.0,478.1682452345549,fechner
1815,3_epo,51.0,478.1682452345549,fechner
1816,3_epo,52.0,478.1682452345549,fechner
1817,3_epo,53.0,478.1682452345549,fechner
1818,3_epo,54.0,478.1682452345549,fechner
1819,3_epo,55.00000000000001,478.1682452345549,fechner
1820,3_epo,56.00000000000001,478.1682452345549,fechner
1821,3_epo,56.99999999999999,478.1682452345549,fechner
1822,3_epo,57.99999999999999,478.1682452345549,fechner
1823,3_epo,59.0,478.1682452345549,fechner
1824,3_epo,60.0,478.1682452345549,fechner
1825,3_epo,61.0,478.1682452345549,fechner
1826,3_epo,62.0,478.1682452345549,fechner
1827,3_epo,63.0,478.1682452345549,fechner
1828,3_epo,64.0,478.1682452345549,fechner
1829,3_epo,65.0,478.1682452345549,fechner
1830,3_epo,66.0,478.1682452345549,fechner
1831,3_epo,67.0,478.1682452345549,fechner
1832,3_epo,68.0,478.1682452345549,fechner
1833,3_epo,69.0,478.1682452345549,fechner
1834,3_epo,70.0,478.1682452345549,fechner
1835,3_epo,71.0,478.1682452345549,fechner
1836,3_epo,72.0,478.1682452345549,fechner
1837,3_epo,73.0,478.1682452345549,fechner
1838,3_epo,74.0,478.1682452345549,fechner
1839,3_epo,75.0,478.1682452345549,fechner
1840,3_epo,76.0,478.1682452345549,fechner
1841,3_epo,77.0,478.1682452345549,fechner
1842,3_epo,78.0,478.1682452345549,fechner
1843,3_epo,79.0,478.1682452345549,fechner
1844,3_epo,80.0,478.1682452345549,fechner
1845,3_epo,81.0,478.1682452345549,fechner
1846,3_epo,82.0,478.1682452345549,fechner
1847,3_epo,83.0,478.1682452345549,fechner
1848,3_epo,84.0,478.1682452345549,fechner
1849,3_epo,85.0,478.1682452345549,fechner
1850,3_epo,86.0,478.1682452345549,fechner
1851,3_epo,87.0,478.1682452345549,fechner
1852,3_epo,88.0,478.1682452345549,fechner
1853,3_epo,89.0,478.1682452345549,fechner
1854,3_epo,90.0,478.1682452345549,fechner
1855,3_epo,91.0,478.1682452345549,fechner
1856,3_epo,92.0,478.1682452345549,fechner
1857,3_epo,93.0,478.1682452345549,fechner
1858,3_epo,94.0,478.1682452345549,fechner
1859,3_epo,95.0,478.1682452345549,fechner
1860,4_epo,3.0,243.8006097334542,fechner
1861,4_epo,4.0,251.38967161160463,fechner
1862,4_epo,5.0,257.9283014712317,fechner
1863,4_epo,6.0,264.13761646445874,fechner
1864,4_epo,7.000000000000001,270.1899940819648,fechner
1865,4_epo,8.0,276.1530429288295,fechner
1866,4_epo,9.0,282.05914592698423,fechner
1867,4_epo,10.0,287.9249656344397,fechner
1868,4_epo,11.0,293.75844591557023,fechner
1869,4_epo,12.0,299.56179581321004,fechner
1870,4_epo,13.0,305.33305095342,fechner
1871,4_epo,14.000000000000002,311.0671184987301,fechner
1872,4_epo,15.0,316.7566215291727,fechner
1873,4_epo,16.0,322.3926378395626,fechner
1874,4_epo,17.0,327.9653498944944,fechner
1875,4_epo,18.0,333.4646012185891,fechner
1876,4_epo,19.0,338.88035400037705,fechner
1877,4_epo,20.0,344.20304815402096,fechner
1878,4_epo,21.0,349.4238677011072,fechner
1879,4_epo,22.0,354.53492429031064,fechner
1880,4_epo,23.0,359.5293697689237,fechner
1881,4_epo,24.0,364.4014503134343,fechner
1882,4_epo,25.0,369.1465141809286,fechner
1883,4_epo,26.0,373.76098406769233,fechner
1884,4_epo,27.0,378.2423036659015,fechner
1885,4_epo,28.000000000000004,382.5888665086597,fechner
1886,4_epo,28.999999999999996,386.7999337262068,fechner
1887,4_epo,30.0,390.87554598340336,fechner
1888,4_epo,31.0,394.81643367242583,fechner
1889,4_epo,32.0,398.6239284102102,fechner
1890,4_epo,33.0,402.2998780359829,fechner
1891,4_epo,34.0,405.8465666086043,fechner
1892,4_epo,35.0,409.26664034962,fechner
1893,4_epo,36.0,412.5630400468682,fechner
1894,4_epo,37.0,415.73894010618255,fechner
1895,4_epo,38.0,418.79769419715933,fechner
1896,4_epo,39.0,421.7427872668908,fechner
1897,4_epo,40.0,424.5777935788011,fechner
1898,4_epo,41.0,427.30634036013515,fechner
1899,4_epo,42.0,429.9320766011326,fechner
1900,4_epo,43.0,432.4586465331518,fechner
1901,4_epo,44.0,434.88966731527915,fechner
1902,4_epo,45.0,437.22871047398024,fechner
1903,4_epo,46.0,439.4792866638958,fechner
1904,4_epo,47.0,441.6448333468221,fechner
1905,4_epo,48.0,443.7287050177652,fechner
1906,4_epo,49.0,445.73416563997523,fechner
1907,4_epo,50.0,447.66438298373004,fechner
1908,4_epo,51.0,449.5224245954683,fechner
1909,4_epo,52.0,451.31125515406006,fechner
1910,4_epo,53.0,453.03373499917615,fechner
1911,4_epo,54.0,454.6926196426891,fechner
1912,4_epo,55.00000000000001,456.2905600977143,fechner
1913,4_epo,56.00000000000001,457.8301038813123,fechner
1914,4_epo,56.99999999999999,459.3136965660848,fechner
1915,4_epo,57.99999999999999,460.74368377302835,fechner
1916,4_epo,59.0,462.1223135132001,fechner
1917,4_epo,60.0,463.45173879915666,fechner
1918,4_epo,61.0,464.73402045890055,fechner
1919,4_epo,62.0,465.97113009537037,fechner
1920,4_epo,63.0,467.1649531434882,fechner
1921,4_epo,64.0,468.3172919845793,fechner
1922,4_epo,65.0,469.42986908472284,fechner
1923,4_epo,66.0,470.5043301294237,fechner
1924,4_epo,67.0,471.5422471319942,fechner
1925,4_epo,68.0,472.54512149733364,fechner
1926,4_epo,69.0,473.51438702645834,fechner
1927,4_epo,70.0,474.45141285025613,fechner
1928,4_epo,71.0,475.3575062835888,fechner
1929,4_epo,72.0,476.2339155931026,fechner
1930,4_epo,73.0,477.0818326739898,fechner
1931,4_epo,74.0,477.9023956325231,fechner
1932,4_epo,75.0,478.6966912724903,fechner
1933,4_epo,76.0,479.46575748475277,fechner
1934,4_epo,77.0,480.2105855400356,fechner
1935,4_epo,78.0,480.9321222857898,fechner
1936,4_epo,79.0,481.63127224854964,fechner
1937,4_epo,80.0,482.30889964367657,fechner
1938,4_epo,81.0,482.9658302947476,fechner
1939,4_epo,82.0,483.6028534651192,fechner
1940,4_epo,83.0,484.22072360441365,fechner
1941,4_epo,84.0,484.8201620128143,fechner
1942,4_epo,85.0,485.40185842615693,fechner
1943,4_epo,86.0,485.96647252485593,fechner
1944,4_epo,87.0,486.514635369731,fechner
1945,4_epo,88.0,487.04695076778177,fechner
1946,4_epo,89.0,487.5639965709372,fechner
1947,4_epo,90.0,488.06632591075294,fechner
1948,4_epo,91.0,488.55446837196536,fechner
1949,4_epo,92.0,489.0289311077412,fechner
1950,4_epo,93.0,489.49019989937176,fechner
1951,4_epo,94.0,489.9387401630785,fechner
1952,4_epo,95.0,490.3749979064969,fechner
1953,5_epo,3.0,318.2580143913824,fechner
1954,5_epo,4.0,322.7640747811741,fechner
1955,5_epo,5.0,326.64635005199904,fechner
1956,5_epo,6.0,330.33202522860256,fechner
1957,5_epo,7.000000000000001,333.91940596751414,fechner
1958,5_epo,8.0,337.43962329030205,fechner
1959,5_epo,9.0,340.89802316260426,fechner
1960,5_epo,10.0,344.28763635703876,fechner
1961,5_epo,11.0,347.5958554974939,fechner
1962,5_epo,12.0,350.8084258454243,fechner
1963,5_epo,13.0,353.9118731644071,fechner
1964,5_epo,14.000000000000002,356.89486454791427,fechner
1965,5_epo,15.0,359.7488309954237,fechner
1966,5_epo,16.0,362.46810158987915,fechner
1967,5_epo,17.0,365.049738076098,fechner
1968,5_epo,18.0,367.49320625496745,fechner
1969,5_epo,19.0,369.79997749203477,fechner
1970,5_epo,20.0,371.9731202365405,fechner
1971,5_epo,21.0,374.01691698762386,fechner
1972,5_epo,22.0,375.9365251497033,fechner
1973,5_epo,23.0,377.7376890259179,fechner
1974,5_epo,24.0,379.42650326935734,fechner
1975,5_epo,25.0,381.0092241688456,fechner
1976,5_epo,26.0,382.49212319966347,fechner
1977,5_epo,27.0,383.88137659293795,fechner
1978,5_epo,28.000000000000004,385.18298475971625,fechner
1979,5_epo,28.999999999999996,386.40271590249273,fechner
1980,5_epo,30.0,387.54606883540146,fechner
1981,5_epo,31.0,388.61825077723523,fechner
1982,5_epo,32.0,389.6241665997037,fechner
1983,5_epo,33.0,390.56841666559166,fechner
1984,5_epo,34.0,391.4553009601932,fechner
1985,5_epo,35.0,392.2888277012871,fechner
1986,5_epo,36.0,393.07272501256807,fechner
1987,5_epo,37.0,393.81045457139186,fechner
1988,5_epo,38.0,394.50522640388255,fechner
1989,5_epo,39.0,395.16001420892167,fechner
1990,5_epo,40.0,395.7775707565667,fechner
1991,5_epo,41.0,396.3604430342754,fechner
1992,5_epo,42.0,396.91098691298333,fechner
1993,5_epo,43.0,397.4313811805175,fechner
1994,5_epo,44.0,397.92364084689024,fechner
1995,5_epo,45.0,398.3896296686741,fechner
1996,5_epo,46.0,398.83107187109704,fechner
1997,5_epo,47.0,399.24956306925776,fechner
1998,5_epo,48.0,399.6465804059626,fechner
1999,5_epo,49.0,400.02349193471275,fechner
2000,5_epo,50.0,400.38156528356336,fechner
2001,5_epo,51.0,400.72197563989863,fechner
2002,5_epo,52.0,401.0458130983754,fechner
2003,5_epo,53.0,401.35408941494046,fechner
2004,5_epo,54.0,401.64774420938784,fechner
2005,5_epo,55.00000000000001,401.9276506577037,fechner
2006,5_epo,56.00000000000001,402.19462071372027,fechner
2007,5_epo,56.99999999999999,402.44940989754485,fechner
2008,5_epo,57.99999999999999,402.69272168599065,fechner
2009,5_epo,59.0,402.92521153791716,fechner
2010,5_epo,60.0,403.14749058506,fechner
2011,5_epo,61.0,403.3601290166488,fechner
2012,5_epo,62.0,403.56365918391225,fechner
2013,5_epo,63.0,403.7585784484733,fechner
2014,5_epo,64.0,403.9453517966623,fechner
2015,5_epo,65.0,404.12441423992385,fechner
2016,5_epo,66.0,404.29617301977436,fechner
2017,5_epo,67.0,404.4610096341692,fechner
2018,5_epo,68.0,404.6192817006725,fechner
2019,5_epo,69.0,404.77132467046505,fechner
2020,5_epo,70.0,404.91745340599124,fechner
2021,5_epo,71.0,405.05796363390664,fechner
2022,5_epo,72.0,405.19313328395464,fechner
2023,5_epo,73.0,405.32322372345226,fechner
2024,5_epo,74.0,405.4484808962055,fechner
2025,5_epo,75.0,405.5691363738887,fechner
2026,5_epo,76.0,405.68540832720936,fechner
2027,5_epo,77.0,405.79750242353055,fechner
2028,5_epo,78.0,405.90561265703286,fechner
2029,5_epo,79.0,406.0099221169628,fechner
2030,5_epo,80.0,406.1106036990248,fechner
2031,5_epo,81.0,406.2078207645353,fechner
2032,5_epo,82.0,406.30172775155114,fechner
2033,5_epo,83.0,406.39247074182214,fechner
2034,5_epo,84.0,406.4801879870844,fechner
2035,5_epo,85.0,406.56501039790714,fechner
2036,5_epo,86.0,406.6470619980372,fechner
2037,5_epo,87.0,406.7264603469262,fechner
2038,5_epo,88.0,406.80331693290873,fechner
2039,5_epo,89.0,406.8777375392841,fechner
2040,5_epo,90.0,406.94982258537215,fechner
2041,5_epo,91.0,407.01966744443797,fechner
2042,5_epo,92.0,407.0873627402274,fechner
2043,5_epo,93.0,407.15299462370876,fechner
2044,5_epo,94.0,407.21664503149043,fechner
2045,5_epo,95.0,407.27839192726174,fechner
2046,6_epo,3.0,479.09242966706904,fechner
2047,6_epo,4.0,490.1652644671141,fechner
2048,6_epo,5.0,499.70546451628815,fechner
2049,6_epo,6.0,508.7651796046161,fechner
2050,6_epo,7.000000000000001,517.595957517796,fechner
2051,6_epo,8.0,526.2967035906314,fechner
2052,6_epo,9.0,534.915611626559,fechner
2053,6_epo,10.0,543.4793133572223,fechner
2054,6_epo,11.0,552.0037544847971,fechner
2055,6_epo,12.0,560.4989165717078,fechner
2056,6_epo,13.0,568.9710553148241,fechner
2057,6_epo,14.000000000000002,577.423815935593,fechner
2058,6_epo,15.0,585.8588125082318,fechner
2059,6_epo,16.0,594.2759528797204,fechner
2060,6_epo,17.0,602.6736518285235,fechner
2061,6_epo,18.0,611.0490041922739,fechner
2062,6_epo,19.0,619.3979511623077,fechner
2063,6_epo,20.0,627.7154518596591,fechner
2064,6_epo,21.0,635.9956613240602,fechner
2065,6_epo,22.0,644.2321110059881,fechner
2066,6_epo,23.0,652.4178862077514,fechner
2067,6_epo,24.0,660.5457950872656,fechner
2068,6_epo,25.0,668.6085248491981,fechner
2069,6_epo,26.0,676.5987820383709,fechner
2070,6_epo,27.0,684.5094151145374,fechner
2071,6_epo,28.000000000000004,692.3335185804542,fechner
2072,6_epo,28.999999999999996,700.0645188045237,fechner
2073,6_epo,30.0,707.6962423241523,fechner
2074,6_epo,31.0,715.2229678601241,fechner
2075,6_epo,32.0,722.6394635491746,fechner
2076,6_epo,33.0,729.9410110463176,fechner
2077,6_epo,34.0,737.1234181922187,fechner
2078,6_epo,35.0,744.1830219114418,fechner
2079,6_epo,36.0,751.1166829270962,fechner
2080,6_epo,37.0,757.9217737641081,fechner
2081,6_epo,38.0,764.5961613807249,fechner
2082,6_epo,39.0,771.1381856262133,fechner
2083,6_epo,40.0,777.5466345795634,fechner
2084,6_epo,41.0,783.8207176846206,fechner
2085,6_epo,42.0,789.9600374650755,fechner
2086,6_epo,43.0,795.9645604803518,fechner
2087,6_epo,44.0,801.8345880719116,fechner
2088,6_epo,45.0,807.5707273494342,fechner
2089,6_epo,46.0,813.173862777618,fechner
2090,6_epo,47.0,818.6451286467523,fechner
2091,6_epo,48.0,823.9858826429718,fechner
2092,6_epo,49.0,829.1976806765912,fechner
2093,6_epo,50.0,834.2822530781643,fechner
2094,6_epo,51.0,839.2414822311174,fechner
2095,6_epo,52.0,844.077381676048,fechner
2096,6_epo,53.0,848.7920766942336,fechner
2097,6_epo,54.0,853.3877863557545,fechner
2098,6_epo,55.00000000000001,857.8668070001683,fechner
2099,6_epo,56.00000000000001,862.2314971042068,fechner
2100,6_epo,56.99999999999999,866.4842634808919,fechner
2101,6_epo,57.99999999999999,870.6275487472433,fechner
2102,6_epo,59.0,874.6638199928981,fechner
2103,6_epo,60.0,878.595558579075,fechner
2104,6_epo,61.0,882.4252509960154,fechner
2105,6_epo,62.0,886.1553807070097,fechner
2106,6_epo,63.0,889.7884209081124,fechner
2107,6_epo,64.0,893.3268281344309,fechner
2108,6_epo,65.0,896.773036646236,fechner
2109,6_epo,66.0,900.1294535309697,fechner
2110,6_epo,67.0,903.398454460302,fechner
2111,6_epo,68.0,906.5823800447312,fechner
2112,6_epo,69.0,909.6835327315946,fechner
2113,6_epo,70.0,912.7041741958242,fechner
2114,6_epo,71.0,915.6465231761867,fechner
2115,6_epo,72.0,918.5127537131117,fechner
2116,6_epo,73.0,921.3049937474556,fechner
2117,6_epo,74.0,924.0253240427045,fechner
2118,6_epo,75.0,926.6757773960726,fechner
2119,6_epo,76.0,929.2583381068358,fechner
2120,6_epo,77.0,931.7749416728775,fechner
2121,6_epo,78.0,934.2274746889725,fechner
2122,6_epo,79.0,936.6177749226641,fechner
2123,6_epo,80.0,938.9476315457956,fechner
2124,6_epo,81.0,941.2187855017962,fechner
2125,6_epo,82.0,943.4329299906836,fechner
2126,6_epo,83.0,945.5917110555254,fechner
2127,6_epo,84.0,947.6967282556625,fechner
2128,6_epo,85.0,949.749535413497,fechner
2129,6_epo,86.0,951.7516414229905,fechner
2130,6_epo,87.0,953.7045111092522,fechner
2131,6_epo,88.0,955.609566129719,fechner
2132,6_epo,89.0,957.4681859084706,fechner
2133,6_epo,90.0,959.2817085961447,fechner
2134,6_epo,91.0,961.0514320487749,fechner
2135,6_epo,92.0,962.7786148196468,fechner
2136,6_epo,93.0,964.4644771589481,fechner
2137,6_epo,94.0,966.1102020166514,fechner
2138,6_epo,95.0,967.716936044603,fechner
2139,7_epo,3.0,389.3847979226881,fechner
2140,7_epo,4.0,397.85958719865226,fechner
2141,7_epo,5.0,405.1613474529039,fechner
2142,7_epo,6.0,412.0953598205769,fechner
2143,7_epo,7.000000000000001,418.8541450422892,fechner
2144,7_epo,8.0,425.51335269636274,fechner
2145,7_epo,9.0,432.1096477142486,fechner
2146,7_epo,10.0,438.6627718751268,fechner
2147,7_epo,11.0,445.1835532528736,fechner
2148,7_epo,12.0,451.67724990483947,fechner
2149,7_epo,13.0,458.14513097380006,fechner
2150,7_epo,14.000000000000002,464.58537134280414,fechner
2151,7_epo,15.0,470.9936878101798,fechner
2152,7_epo,16.0,477.36388069677406,fechner
2153,7_epo,17.0,483.6883326904665,fechner
2154,7_epo,18.0,489.958471836855,fechner
2155,7_epo,19.0,496.1651911405281,fechner
2156,7_epo,20.0,502.29921583229543,fechner
2157,7_epo,21.0,508.351412647944,fechner
2158,7_epo,22.0,514.313039661507,fechner
2159,7_epo,23.0,520.1759387973309,fechner
2160,7_epo,24.0,525.9326756684286,fechner
2161,7_epo,25.0,531.5766328818119,fechner
2162,7_epo,26.0,537.1020636118642,fechner
2163,7_epo,27.0,542.5041122983536,fechner
2164,7_epo,28.000000000000004,547.7788089793083,fechner
2165,7_epo,28.999999999999996,552.9230431814691,fechner
2166,7_epo,30.0,557.9345225811358,fechner
2167,7_epo,31.0,562.8117208988509,fechner
2168,7_epo,32.0,567.5538187573366,fechner
2169,7_epo,33.0,572.160640547284,fechner
2170,7_epo,34.0,576.6325897287284,fechner
2171,7_epo,35.0,580.9705844551128,fechner
2172,7_epo,36.0,585.1759949439987,fechner
2173,7_epo,37.0,589.2505836294746,fechner
2174,7_epo,38.0,593.1964488108055,fechner
2175,7_epo,39.0,597.0159722524788,fechner
2176,7_epo,40.0,600.7117709847971,fechner
2177,7_epo,41.0,604.2866533938889,fechner
2178,7_epo,42.0,607.7435795682111,fechner
2179,7_epo,43.0,611.0856257787108,fechner
2180,7_epo,44.0,614.3159529059114,fechner
2181,7_epo,45.0,617.4377785842522,fechner
2182,7_epo,46.0,620.4543528075725,fechner
2183,7_epo,47.0,623.3689367261393,fechner
2184,7_epo,48.0,626.1847843618887,fechner
2185,7_epo,49.0,628.905126972192,fechner
2186,7_epo,50.0,631.533159801354,fechner
2187,7_epo,51.0,634.0720309716314,fechner
2188,7_epo,52.0,636.5248322805224,fechner
2189,7_epo,53.0,638.8945916874352,fechner
2190,7_epo,54.0,641.1842672898318,fechner
2191,7_epo,55.00000000000001,643.3967426059957,fechner
2192,7_epo,56.00000000000001,645.5348229982733,fechner
2193,7_epo,56.99999999999999,647.6012330866928,fechner
2194,7_epo,57.99999999999999,649.598615018075,fechner
2195,7_epo,59.0,651.5295274699856,fechner
2196,7_epo,60.0,653.3964452820982,fechner
2197,7_epo,61.0,655.201759619676,fechner
2198,7_epo,62.0,656.947778584987,fechner
2199,7_epo,63.0,658.6367282025466,fechner
2200,7_epo,64.0,660.2707537131892,fechner
2201,7_epo,65.0,661.8519211201606,fechner
2202,7_epo,66.0,663.3822189377634,fechner
2203,7_epo,67.0,664.8635600996217,fechner
2204,7_epo,68.0,666.2977839894663,fechner
2205,7_epo,69.0,667.6866585624879,fechner
2206,7_epo,70.0,669.0318825298718,fechner
2207,7_epo,71.0,670.3350875831458,fechner
2208,7_epo,72.0,671.5978406384979,fechner
2209,7_epo,73.0,672.8216460843278,fechner
2210,7_epo,74.0,674.0079480179912,fechner
2211,7_epo,75.0,675.1581324600629,fechner
2212,7_epo,76.0,676.2735295364974,fechner
2213,7_epo,77.0,677.3554156208446,fechner
2214,7_epo,78.0,678.4050154302204,fechner
2215,7_epo,79.0,679.4235040700611,fechner
2216,7_epo,80.0,680.4120090238283,fechner
2217,7_epo,81.0,681.3716120848187,fechner
2218,7_epo,82.0,682.3033512280546,fechner
2219,7_epo,83.0,683.2082224209593,fechner
2220,7_epo,84.0,684.0871813721026,fechner
2221,7_epo,85.0,684.9411452178185,fechner
2222,7_epo,86.0,685.7709941469192,fechner
2223,7_epo,87.0,686.5775729640737,fechner
2224,7_epo,88.0,687.3616925927128,fechner
2225,7_epo,89.0,688.1241315185524,fechner
2226,7_epo,90.0,688.8656371750224,fechner
2227,7_epo,91.0,689.5869272720245,fechner
2228,7_epo,92.0,690.2886910695696,fechner
2229,7_epo,93.0,690.9715905979199,fechner
2230,7_epo,94.0,691.636261825929,fechner
2231,7_epo,95.0,692.2833157793041,fechner
2232,8_epo,3.0,333.9810450942359,fechner
2233,8_epo,4.0,333.98105990976075,fechner
2234,8_epo,5.0,333.9810637944812,fechner
2235,8_epo,6.0,333.98106552322787,fechner
2236,8_epo,7.000000000000001,333.9810664666157,fechner
2237,8_epo,8.0,333.98106704428477,fechner
2238,8_epo,9.0,333.9810674258551,fechner
2239,8_epo,10.0,333.98106769195124,fechner
2240,8_epo,11.0,333.981067885298,fechner
2241,8_epo,12.0,333.98106803039593,fechner
2242,8_epo,13.0,333.9810681421695,fechner
2243,8_epo,14.000000000000002,333.9810682301554,fechner
2244,8_epo,15.0,333.9810683006901,fechner
2245,8_epo,16.0,333.98106835812297,fechner
2246,8_epo,17.0,333.98106840552254,fechner
2247,8_epo,18.0,333.9810684451057,fechner
2248,8_epo,19.0,333.98106847850687,fechner
2249,8_epo,20.0,333.9810685069536,fechner
2250,8_epo,21.0,333.98106853138216,fechner
2251,8_epo,22.0,333.98106855251706,fechner
2252,8_epo,23.0,333.9810685709264,fechner
2253,8_epo,24.0,333.98106858706046,fechner
2254,8_epo,25.0,333.98106860127996,fechner
2255,8_epo,26.0,333.9810686138769,fechner
2256,8_epo,27.0,333.9810686250896,fechner
2257,8_epo,28.000000000000004,333.98106863511396,fechner
2258,8_epo,28.999999999999996,333.9810686441123,fechner
2259,8_epo,30.0,333.98106865222036,fechner
2260,8_epo,31.0,333.98106865955197,fechner
2261,8_epo,32.0,333.98106866620327,fechner
2262,8_epo,33.0,333.98106867225596,fechner
2263,8_epo,34.0,333.98106867777994,fechner
2264,8_epo,35.0,333.9810686828351,fechner
2265,8_epo,36.0,333.981068687473,fechner
2266,8_epo,37.0,333.98106869173847,fechner
2267,8_epo,38.0,333.98106869567033,fechner
2268,8_epo,39.0,333.98106869930257,fechner
2269,8_epo,40.0,333.98106870266486,fechner
2270,8_epo,41.0,333.98106870578323,fechner
2271,8_epo,42.0,333.98106870868094,fechner
2272,8_epo,43.0,333.98106871137816,fechner
2273,8_epo,44.0,333.9810687138931,fechner
2274,8_epo,45.0,333.98106871624174,fechner
2275,8_epo,46.0,333.98106871843845,fechner
2276,8_epo,47.0,333.9810687204962,fechner
2277,8_epo,48.0,333.9810687224263,fechner
2278,8_epo,49.0,333.98106872423915,fechner
2279,8_epo,50.0,333.98106872594406,fechner
2280,8_epo,51.0,333.98106872754954,fechner
2281,8_epo,52.0,333.981068729063,fechner
2282,8_epo,53.0,333.9810687304915,fechner
2283,8_epo,54.0,333.9810687318412,fechner
2284,8_epo,55.00000000000001,333.9810687331178,fechner
2285,8_epo,56.00000000000001,333.9810687343266,fechner
2286,8_epo,56.99999999999999,333.9810687354721,fechner
2287,8_epo,57.99999999999999,333.9810687365589,fechner
2288,8_epo,59.0,333.9810687375907,fechner
2289,8_epo,60.0,333.9810687385713,fechner
2290,8_epo,61.0,333.981068739504,fechner
2291,8_epo,62.0,333.98106874039183,fechner
2292,8_epo,63.0,333.9810687412377,fechner
2293,8_epo,64.0,333.9810687420442,fechner
2294,8_epo,65.0,333.9810687428137,fechner
2295,8_epo,66.0,333.98106874354846,fechner
2296,8_epo,67.0,333.9810687442505,fechner
2297,8_epo,68.0,333.98106874492174,fechner
2298,8_epo,69.0,333.981068745564,fechner
2299,8_epo,70.0,333.9810687461789,fechner
2300,8_epo,71.0,333.98106874676796,fechner
2301,8_epo,72.0,333.98106874733264,fechner
2302,8_epo,73.0,333.9810687478742,fechner
2303,8_epo,74.0,333.98106874839397,fechner
2304,8_epo,75.0,333.98106874889305,fechner
2305,8_epo,76.0,333.9810687493726,fechner
2306,8_epo,77.0,333.9810687498335,fechner
2307,8_epo,78.0,333.9810687502768,fechner
2308,8_epo,79.0,333.98106875070334,fechner
2309,8_epo,80.0,333.981068751114,fechner
2310,8_epo,81.0,333.9810687515095,fechner
2311,8_epo,82.0,333.98106875189063,fechner
2312,8_epo,83.0,333.98106875225807,fechner
2313,8_epo,84.0,333.98106875261243,fechner
2314,8_epo,85.0,333.98106875295434,fechner
2315,8_epo,86.0,333.9810687532844,fechner
2316,8_epo,87.0,333.9810687536031,fechner
2317,8_epo,88.0,333.981068753911,fechner
2318,8_epo,89.0,333.98106875420865,fechner
2319,8_epo,90.0,333.98106875449633,fechner
2320,8_epo,91.0,333.98106875477464,fechner
2321,8_epo,92.0,333.9810687550439,fechner
2322,8_epo,93.0,333.9810687553045,fechner
2323,8_epo,94.0,333.9810687555568,fechner
2324,8_epo,95.0,333.9810687558012,fechner
2325,9_epo,3.0,423.790197335268,fechner
2326,9_epo,4.0,449.7968239238705,fechner
2327,9_epo,5.0,472.20347780638883,fechner
2328,9_epo,6.0,493.4774510558475,fechner
2329,9_epo,7.000000000000001,514.19209246808,fechner
2330,9_epo,8.0,534.5377495534151,fechner
2331,9_epo,9.0,554.5583528834692,fechner
2332,9_epo,10.0,574.2260728454734,fechner
2333,9_epo,11.0,593.4775943267556,fechner
2334,9_epo,12.0,612.2361191698003,fechner
2335,9_epo,13.0,630.4253396054124,fechner
2336,9_epo,14.000000000000002,647.9778512184224,fechner
2337,9_epo,15.0,664.8395693751761,fechner
2338,9_epo,16.0,680.9713669409693,fechner
2339,9_epo,17.0,696.3488958406274,fechner
2340,9_epo,18.0,710.9613224088542,fechner
2341,9_epo,19.0,724.8095017834007,fechner
2342,9_epo,20.0,737.9039485541674,fechner
2343,9_epo,21.0,750.262831262497,fechner
2344,9_epo,22.0,761.9101236035175,fechner
2345,9_epo,23.0,772.8739793188321,fechner
2346,9_epo,24.0,783.1853542980502,fechner
2347,9_epo,25.0,792.8768724391266,fechner
2348,9_epo,26.0,801.9819164697475,fechner
2349,9_epo,27.0,810.5339174170754,fechner
2350,9_epo,28.000000000000004,818.5658139300526,fechner
2351,9_epo,28.999999999999996,826.109653219681,fechner
2352,9_epo,30.0,833.1963076310232,fechner
2353,9_epo,31.0,839.8552839053632,fechner
2354,9_epo,32.0,846.1146054734945,fechner
2355,9_epo,33.0,852.0007513117137,fechner
2356,9_epo,34.0,857.5386378131421,fechner
2357,9_epo,35.0,862.7516326984921,fechner
2358,9_epo,36.0,867.6615921921102,fechner
2359,9_epo,37.0,872.2889145354097,fechner
2360,9_epo,38.0,876.6526044329117,fechner
2361,9_epo,39.0,880.770344266001,fechner
2362,9_epo,40.0,884.6585689074808,fechner
2363,9_epo,41.0,888.3325417653223,fechner
2364,9_epo,42.0,891.806430312063,fechner
2365,9_epo,43.0,895.093379847939,fechner
2366,9_epo,44.0,898.2055846272942,fechner
2367,9_epo,45.0,901.1543557711017,fechner
2368,9_epo,46.0,903.95018561158,fechner
2369,9_epo,47.0,906.6028082827518,fechner
2370,9_epo,48.0,909.1212564952407,fechner
2371,9_epo,49.0,911.5139145242646,fechner
2372,9_epo,50.0,913.7885675042957,fechner
2373,9_epo,51.0,915.9524471682556,fechner
2374,9_epo,52.0,918.0122741982144,fechner
2375,9_epo,53.0,919.9742973720868,fechner
2376,9_epo,54.0,921.8443296997172,fechner
2377,9_epo,55.00000000000001,923.6277817442833,fechner
2378,9_epo,56.00000000000001,925.3296923229,fechner
2379,9_epo,56.99999999999999,926.9547567750029,fechner
2380,9_epo,57.99999999999999,928.5073529796033,fechner
2381,9_epo,59.0,929.9915652935675,fechner
2382,9_epo,60.0,931.4112065733275,fechner
2383,9_epo,61.0,932.7698384322689,fechner
2384,9_epo,62.0,934.0707898757976,fechner
2385,9_epo,63.0,935.3171744460141,fechner
2386,9_epo,64.0,936.5119059981362,fechner
2387,9_epo,65.0,937.6577132214568,fechner
2388,9_epo,66.0,938.7571530087539,fechner
2389,9_epo,67.0,939.8126227697135,fechner
2390,9_epo,68.0,940.82637177613,fechner
2391,9_epo,69.0,941.8005116193762,fechner
2392,9_epo,70.0,942.7370258539007,fechner
2393,9_epo,71.0,943.6377788942993,fechner
2394,9_epo,72.0,944.5045242277602,fechner
2395,9_epo,73.0,945.3389119984304,fechner
2396,9_epo,74.0,946.142496015403,fechner
2397,9_epo,75.0,946.9167402315999,fechner
2398,9_epo,76.0,947.6630247367718,fechner
2399,9_epo,77.0,948.3826513041284,fechner
2400,9_epo,78.0,949.0768485267233,fechner
2401,9_epo,79.0,949.7467765766339,fechner
2402,9_epo,80.0,950.3935316171439,fechner
2403,9_epo,81.0,951.0181498955781,fechner
2404,9_epo,82.0,951.6216115420708,fechner
2405,9_epo,83.0,952.2048440974311,fechner
2406,9_epo,84.0,952.7687257912985,fechner
2407,9_epo,85.0,953.3140885900107,fechner
2408,9_epo,86.0,953.8417210319797,fechner
2409,9_epo,87.0,954.3523708668935,fechner
2410,9_epo,88.0,954.8467475137044,fechner
2411,9_epo,89.0,955.325524351138,fechner
2412,9_epo,90.0,955.7893408533282,fechner
2413,9_epo,91.0,956.2388045821564,fechner
2414,9_epo,92.0,956.6744930469359,fechner
2415,9_epo,93.0,957.0969554412226,fechner
2416,9_epo,94.0,957.5067142657505,fechner
2417,9_epo,95.0,957.9042668457773,fechner
