,participant,contrast,mrt,name
0,0_epo,3.0,87.42210297528945,fechner
1,0_epo,4.0,91.36216709177563,fechner
2,0_epo,5.0,92.476190919735,fechner
3,0_epo,6.0,92.98369811087525,fechner
4,0_epo,7.000000000000001,93.26378709584807,fechner
5,0_epo,8.0,93.43640477350792,fechner
6,0_epo,9.0,93.55089064907135,fechner
7,0_epo,10.0,93.63095035842373,fechner
8,0_epo,11.0,93.68923622004804,fechner
9,0_epo,12.0,93.73304037297417,fechner
10,0_epo,13.0,93.76682113947628,fechner
11,0_epo,14.000000000000002,93.793435380982,fechner
12,0_epo,15.0,93.81478541298644,fechner
13,0_epo,16.0,93.83217918770782,fechner
14,0_epo,17.0,93.84654078433509,fechner
15,0_epo,18.0,93.85853852209435,fechner
16,0_epo,19.0,93.86866568520118,fechner
17,0_epo,20.0,93.87729293457608,fechner
18,0_epo,21.0,93.88470323887196,fechner
19,0_epo,22.0,93.89111569846165,fechner
20,0_epo,23.0,93.89670213083406,fechner
21,0_epo,24.0,93.90159883075931,fechner
22,0_epo,25.0,93.90591504816683,fechner
23,0_epo,26.0,93.90973919213944,fechner
24,0_epo,27.0,93.91314343329921,fechner
25,0_epo,28.000000000000004,93.91618716093714,fechner
26,0_epo,28.999999999999996,93.91891960980627,fechner
27,0_epo,30.0,93.92138187720364,fechner
28,0_epo,31.0,93.92360848706647,fechner
29,0_epo,32.0,93.92562861385004,fechner
30,0_epo,33.0,93.92746704829602,fechner
31,0_epo,34.0,93.92914496554023,fechner
32,0_epo,35.0,93.93068054051919,fechner
33,0_epo,36.0,93.93208944444106,fechner
34,0_epo,37.0,93.93338524790516,fechner
35,0_epo,38.0,93.93457975022035,fechner
36,0_epo,39.0,93.9356832499815,fechner
37,0_epo,40.0,93.93670476858905,fechner
38,0_epo,41.0,93.93765223584435,fechner
39,0_epo,42.0,93.93853264480455,fechner
40,0_epo,43.0,93.9393521815854,fechner
41,0_epo,44.0,93.94011633464146,fechner
42,0_epo,45.0,93.94082998715218,fechner
43,0_epo,46.0,93.94149749543598,fechner
44,0_epo,47.0,93.94212275575696,fechner
45,0_epo,48.0,93.94270926144839,fechner
46,0_epo,49.0,93.94326015192536,fechner
47,0_epo,50.0,93.94377825487685,fechner
48,0_epo,51.0,93.9442661227015,fechner
49,0_epo,52.0,93.9447260640676,fechner
50,0_epo,53.0,93.94516017132962,fechner
51,0_epo,54.0,93.94557034441148,fechner
52,0_epo,55.00000000000001,93.94595831166774,fechner
53,0_epo,56.00000000000001,93.94632564815245,fechner
54,0_epo,56.99999999999999,93.94667379165699,fechner
55,0_epo,57.99999999999999,93.94700405682364,fechner
56,0_epo,59.0,93.94731764759388,fechner
57,0_epo,60.0,93.94761566821269,fechner
58,0_epo,61.0,93.94789913297684,fechner
59,0_epo,62.0,93.94816897488889,fechner
60,0_epo,63.0,93.94842605335468,fechner
61,0_epo,64.0,93.94867116104368,fechner
62,0_epo,65.0,93.94890503001407,fechner
63,0_epo,66.0,93.94912833719233,fechner
64,0_epo,67.0,93.94934170928259,fechner
65,0_epo,68.0,93.94954572717396,fechner
66,0_epo,69.0,93.9497409299024,fechner
67,0_epo,70.0,93.94992781821907,fechner
68,0_epo,71.0,93.95010685780808,fechner
69,0_epo,72.0,93.95027848219351,fechner
70,0_epo,73.0,93.95044309536864,fechner
71,0_epo,74.0,93.95060107417807,fechner
72,0_epo,75.0,93.95075277047813,fechner
73,0_epo,76.0,93.95089851310003,fechner
74,0_epo,77.0,93.95103860963445,fechner
75,0_epo,78.0,93.95117334805771,fechner
76,0_epo,79.0,93.95130299821359,fechner
77,0_epo,80.0,93.95142781316704,fechner
78,0_epo,81.0,93.95154803044072,fechner
79,0_epo,82.0,93.9516638731468,fechner
80,0_epo,83.0,93.95177555102373,fechner
81,0_epo,84.0,93.95188326138695,fechner
82,0_epo,85.0,93.95198719000174,fechner
83,0_epo,86.0,93.95208751188515,fechner
84,0_epo,87.0,93.95218439204393,fechner
85,0_epo,88.0,93.95227798615393,fechner
86,0_epo,89.0,93.95236844118627,fechner
87,0_epo,90.0,93.952455895985,fechner
88,0_epo,91.0,93.9525404818006,fechner
89,0_epo,92.0,93.95262232278301,fechner
90,0_epo,93.0,93.95270153643774,fechner
91,0_epo,94.0,93.95277823404807,fechner
92,0_epo,95.0,93.95285252106639,fechner
93,10_epo,3.0,90.91169721830506,fechner
94,10_epo,4.0,90.91169723735716,fechner
95,10_epo,5.0,90.91169724234912,fechner
96,10_epo,6.0,90.91169724457012,fechner
97,10_epo,7.000000000000001,90.91169724578202,fechner
98,10_epo,8.0,90.91169724652406,fechner
99,10_epo,9.0,90.91169724701417,fechner
100,10_epo,10.0,90.91169724735597,fechner
101,10_epo,11.0,90.9116972476043,fechner
102,10_epo,12.0,90.91169724779066,fechner
103,10_epo,13.0,90.91169724793423,fechner
104,10_epo,14.000000000000002,90.91169724804723,fechner
105,10_epo,15.0,90.91169724813783,fechner
106,10_epo,16.0,90.91169724821161,fechner
107,10_epo,17.0,90.91169724827249,fechner
108,10_epo,18.0,90.91169724832332,fechner
109,10_epo,19.0,90.91169724836621,fechner
110,10_epo,20.0,90.91169724840276,fechner
111,10_epo,21.0,90.91169724843414,fechner
112,10_epo,22.0,90.91169724846128,fechner
113,10_epo,23.0,90.91169724848491,fechner
114,10_epo,24.0,90.91169724850565,fechner
115,10_epo,25.0,90.91169724852391,fechner
116,10_epo,26.0,90.91169724854008,fechner
117,10_epo,27.0,90.91169724855449,fechner
118,10_epo,28.000000000000004,90.91169724856736,fechner
119,10_epo,28.999999999999996,90.91169724857892,fechner
120,10_epo,30.0,90.91169724858933,fechner
121,10_epo,31.0,90.91169724859874,fechner
122,10_epo,32.0,90.91169724860728,fechner
123,10_epo,33.0,90.91169724861506,fechner
124,10_epo,34.0,90.91169724862215,fechner
125,10_epo,35.0,90.91169724862864,fechner
126,10_epo,36.0,90.9116972486346,fechner
127,10_epo,37.0,90.91169724864008,fechner
128,10_epo,38.0,90.91169724864513,fechner
129,10_epo,39.0,90.9116972486498,fechner
130,10_epo,40.0,90.91169724865411,fechner
131,10_epo,41.0,90.91169724865811,fechner
132,10_epo,42.0,90.91169724866184,fechner
133,10_epo,43.0,90.9116972486653,fechner
134,10_epo,44.0,90.91169724866855,fechner
135,10_epo,45.0,90.91169724867156,fechner
136,10_epo,46.0,90.91169724867437,fechner
137,10_epo,47.0,90.91169724867703,fechner
138,10_epo,48.0,90.91169724867949,fechner
139,10_epo,49.0,90.91169724868182,fechner
140,10_epo,50.0,90.91169724868402,fechner
141,10_epo,51.0,90.91169724868607,fechner
142,10_epo,52.0,90.91169724868801,fechner
143,10_epo,53.0,90.91169724868986,fechner
144,10_epo,54.0,90.9116972486916,fechner
145,10_epo,55.00000000000001,90.91169724869323,fechner
146,10_epo,56.00000000000001,90.9116972486948,fechner
147,10_epo,56.99999999999999,90.91169724869626,fechner
148,10_epo,57.99999999999999,90.91169724869765,fechner
149,10_epo,59.0,90.91169724869897,fechner
150,10_epo,60.0,90.91169724870022,fechner
151,10_epo,61.0,90.91169724870143,fechner
152,10_epo,62.0,90.91169724870257,fechner
153,10_epo,63.0,90.91169724870366,fechner
154,10_epo,64.0,90.9116972487047,fechner
155,10_epo,65.0,90.91169724870568,fechner
156,10_epo,66.0,90.91169724870663,fechner
157,10_epo,67.0,90.91169724870753,fechner
158,10_epo,68.0,90.91169724870839,fechner
159,10_epo,69.0,90.91169724870922,fechner
160,10_epo,70.0,90.91169724871,fechner
161,10_epo,71.0,90.91169724871077,fechner
162,10_epo,72.0,90.91169724871148,fechner
163,10_epo,73.0,90.91169724871217,fechner
164,10_epo,74.0,90.91169724871284,fechner
165,10_epo,75.0,90.9116972487135,fechner
166,10_epo,76.0,90.9116972487141,fechner
167,10_epo,77.0,90.9116972487147,fechner
168,10_epo,78.0,90.91169724871527,fechner
169,10_epo,79.0,90.91169724871581,fechner
170,10_epo,80.0,90.91169724871634,fechner
171,10_epo,81.0,90.91169724871685,fechner
172,10_epo,82.0,90.91169724871733,fechner
173,10_epo,83.0,90.91169724871781,fechner
174,10_epo,84.0,90.91169724871827,fechner
175,10_epo,85.0,90.9116972487187,fechner
176,10_epo,86.0,90.91169724871912,fechner
177,10_epo,87.0,90.91169724871955,fechner
178,10_epo,88.0,90.91169724871993,fechner
179,10_epo,89.0,90.91169724872032,fechner
180,10_epo,90.0,90.91169724872069,fechner
181,10_epo,91.0,90.91169724872104,fechner
182,10_epo,92.0,90.9116972487214,fechner
183,10_epo,93.0,90.91169724872172,fechner
184,10_epo,94.0,90.91169724872205,fechner
185,10_epo,95.0,90.91169724872236,fechner
186,11_epo,3.0,89.8257654655904,fechner
187,11_epo,4.0,89.8257654655904,fechner
188,11_epo,5.0,89.8257654655904,fechner
189,11_epo,6.0,89.8257654655904,fechner
190,11_epo,7.000000000000001,89.8257654655904,fechner
191,11_epo,8.0,89.8257654655904,fechner
192,11_epo,9.0,89.8257654655904,fechner
193,11_epo,10.0,89.8257654655904,fechner
194,11_epo,11.0,89.8257654655904,fechner
195,11_epo,12.0,89.8257654655904,fechner
196,11_epo,13.0,89.8257654655904,fechner
197,11_epo,14.000000000000002,89.8257654655904,fechner
198,11_epo,15.0,89.8257654655904,fechner
199,11_epo,16.0,89.8257654655904,fechner
200,11_epo,17.0,89.8257654655904,fechner
201,11_epo,18.0,89.8257654655904,fechner
202,11_epo,19.0,89.8257654655904,fechner
203,11_epo,20.0,89.8257654655904,fechner
204,11_epo,21.0,89.8257654655904,fechner
205,11_epo,22.0,89.8257654655904,fechner
206,11_epo,23.0,89.8257654655904,fechner
207,11_epo,24.0,89.8257654655904,fechner
208,11_epo,25.0,89.8257654655904,fechner
209,11_epo,26.0,89.8257654655904,fechner
210,11_epo,27.0,89.8257654655904,fechner
211,11_epo,28.000000000000004,89.8257654655904,fechner
212,11_epo,28.999999999999996,89.8257654655904,fechner
213,11_epo,30.0,89.8257654655904,fechner
214,11_epo,31.0,89.8257654655904,fechner
215,11_epo,32.0,89.8257654655904,fechner
216,11_epo,33.0,89.8257654655904,fechner
217,11_epo,34.0,89.8257654655904,fechner
218,11_epo,35.0,89.8257654655904,fechner
219,11_epo,36.0,89.8257654655904,fechner
220,11_epo,37.0,89.8257654655904,fechner
221,11_epo,38.0,89.8257654655904,fechner
222,11_epo,39.0,89.8257654655904,fechner
223,11_epo,40.0,89.8257654655904,fechner
224,11_epo,41.0,89.8257654655904,fechner
225,11_epo,42.0,89.8257654655904,fechner
226,11_epo,43.0,89.8257654655904,fechner
227,11_epo,44.0,89.8257654655904,fechner
228,11_epo,45.0,89.8257654655904,fechner
229,11_epo,46.0,89.8257654655904,fechner
230,11_epo,47.0,89.8257654655904,fechner
231,11_epo,48.0,89.8257654655904,fechner
232,11_epo,49.0,89.8257654655904,fechner
233,11_epo,50.0,89.8257654655904,fechner
234,11_epo,51.0,89.8257654655904,fechner
235,11_epo,52.0,89.8257654655904,fechner
236,11_epo,53.0,89.8257654655904,fechner
237,11_epo,54.0,89.8257654655904,fechner
238,11_epo,55.00000000000001,89.8257654655904,fechner
239,11_epo,56.00000000000001,89.8257654655904,fechner
240,11_epo,56.99999999999999,89.8257654655904,fechner
241,11_epo,57.99999999999999,89.8257654655904,fechner
242,11_epo,59.0,89.8257654655904,fechner
243,11_epo,60.0,89.8257654655904,fechner
244,11_epo,61.0,89.8257654655904,fechner
245,11_epo,62.0,89.8257654655904,fechner
246,11_epo,63.0,89.8257654655904,fechner
247,11_epo,64.0,89.8257654655904,fechner
248,11_epo,65.0,89.8257654655904,fechner
249,11_epo,66.0,89.8257654655904,fechner
250,11_epo,67.0,89.8257654655904,fechner
251,11_epo,68.0,89.8257654655904,fechner
252,11_epo,69.0,89.8257654655904,fechner
253,11_epo,70.0,89.8257654655904,fechner
254,11_epo,71.0,89.8257654655904,fechner
255,11_epo,72.0,89.8257654655904,fechner
256,11_epo,73.0,89.8257654655904,fechner
257,11_epo,74.0,89.8257654655904,fechner
258,11_epo,75.0,89.8257654655904,fechner
259,11_epo,76.0,89.8257654655904,fechner
260,11_epo,77.0,89.8257654655904,fechner
261,11_epo,78.0,89.8257654655904,fechner
262,11_epo,79.0,89.8257654655904,fechner
263,11_epo,80.0,89.8257654655904,fechner
264,11_epo,81.0,89.8257654655904,fechner
265,11_epo,82.0,89.8257654655904,fechner
266,11_epo,83.0,89.8257654655904,fechner
267,11_epo,84.0,89.8257654655904,fechner
268,11_epo,85.0,89.8257654655904,fechner
269,11_epo,86.0,89.8257654655904,fechner
270,11_epo,87.0,89.8257654655904,fechner
271,11_epo,88.0,89.8257654655904,fechner
272,11_epo,89.0,89.8257654655904,fechner
273,11_epo,90.0,89.8257654655904,fechner
274,11_epo,91.0,89.8257654655904,fechner
275,11_epo,92.0,89.8257654655904,fechner
276,11_epo,93.0,89.8257654655904,fechner
277,11_epo,94.0,89.8257654655904,fechner
278,11_epo,95.0,89.8257654655904,fechner
279,12_epo,3.0,74.0570675874965,fechner
280,12_epo,4.0,76.4865874992355,fechner
281,12_epo,5.0,78.5654358277387,fechner
282,12_epo,6.0,80.49311838565347,fechner
283,12_epo,7.000000000000001,82.28768684854167,fechner
284,12_epo,8.0,83.94088371984735,fechner
285,12_epo,9.0,85.44531818745244,fechner
286,12_epo,10.0,86.8001940657063,fechner
287,12_epo,11.0,88.01090315331031,fechner
288,12_epo,12.0,89.08705666427846,fechner
289,12_epo,13.0,90.04053047992812,fechner
290,12_epo,14.000000000000002,90.88398250233618,fechner
291,12_epo,15.0,91.62987691595858,fechner
292,12_epo,16.0,92.28991478459324,fechner
293,12_epo,17.0,92.87475031163531,fechner
294,12_epo,18.0,93.39389139099103,fechner
295,12_epo,19.0,93.85571040314863,fechner
296,12_epo,20.0,94.26751532410267,fechner
297,12_epo,21.0,94.6356493605426,fechner
298,12_epo,22.0,94.96559989658256,fechner
299,12_epo,23.0,95.26210579704697,fechner
300,12_epo,24.0,95.5292573233069,fechner
301,12_epo,25.0,95.77058608548005,fechner
302,12_epo,26.0,95.98914430303013,fechner
303,12_epo,27.0,96.18757366642922,fechner
304,12_epo,28.000000000000004,96.36816460814431,fechner
305,12_epo,28.999999999999996,96.53290700773803,fechner
306,12_epo,30.0,96.68353340202364,fechner
307,12_epo,31.0,96.82155572575864,fechner
308,12_epo,32.0,96.94829651844461,fechner
309,12_epo,33.0,97.06491542584715,fechner
310,12_epo,34.0,97.17243171617982,fechner
311,12_epo,35.0,97.27174342852868,fechner
312,12_epo,36.0,97.36364367873357,fechner
313,12_epo,37.0,97.44883456682206,fechner
314,12_epo,38.0,97.5279390600899,fechner
315,12_epo,39.0,97.60151116622804,fechner
316,12_epo,40.0,97.67004466040177,fechner
317,12_epo,41.0,97.73398058771149,fechner
318,12_epo,42.0,97.79371372685749,fechner
319,12_epo,43.0,97.84959817105538,fechner
320,12_epo,44.0,97.90195215737496,fechner
321,12_epo,45.0,97.95106225491044,fechner
322,12_epo,46.0,97.99718700485012,fechner
323,12_epo,47.0,98.04056009102906,fechner
324,12_epo,48.0,98.0813931074347,fechner
325,12_epo,49.0,98.11987797899542,fechner
326,12_epo,50.0,98.15618908348046,fechner
327,12_epo,51.0,98.19048511520207,fechner
328,12_epo,52.0,98.22291072520768,fechner
329,12_epo,53.0,98.25359796759176,fechner
330,12_epo,54.0,98.2826675772885,fechner
331,12_epo,55.00000000000001,98.31023010109622,fechner
332,12_epo,56.00000000000001,98.33638690062551,fechner
333,12_epo,56.99999999999999,98.36123104326722,fechner
334,12_epo,57.99999999999999,98.3848480950675,fechner
335,12_epo,59.0,98.40731682751479,fechner
336,12_epo,60.0,98.42870984863778,fechner
337,12_epo,61.0,98.4490941674369,fechner
338,12_epo,62.0,98.46853169949502,fechner
339,12_epo,63.0,98.48707972059972,fechner
340,12_epo,64.0,98.50479127433984,fechner
341,12_epo,65.0,98.52171553888753,fechner
342,12_epo,66.0,98.53789815752944,fechner
343,12_epo,67.0,98.5533815369498,fechner
344,12_epo,68.0,98.56820511678173,fechner
345,12_epo,69.0,98.58240561352214,fechner
346,12_epo,70.0,98.59601724153754,fechner
347,12_epo,71.0,98.60907191356924,fechner
348,12_epo,72.0,98.6215994228673,fechner
349,12_epo,73.0,98.63362760883862,fechner
350,12_epo,74.0,98.64518250788132,fechner
351,12_epo,75.0,98.65628849089063,fechner
352,12_epo,76.0,98.66696838875696,fechner
353,12_epo,77.0,98.67724360703231,fechner
354,12_epo,78.0,98.6871342308145,fechner
355,12_epo,79.0,98.69665912078528,fechner
356,12_epo,80.0,98.705836001241,fechner
357,12_epo,81.0,98.71468154086469,fechner
358,12_epo,82.0,98.72321142691293,fechner
359,12_epo,83.0,98.73144043342022,fechner
360,12_epo,84.0,98.73938248396345,fechner
361,12_epo,85.0,98.74705070947425,fechner
362,12_epo,86.0,98.75445750153865,fechner
363,12_epo,87.0,98.76161456158047,fechner
364,12_epo,88.0,98.76853294628586,fechner
365,12_epo,89.0,98.77522310959256,fechner
366,12_epo,90.0,98.78169494153623,fechner
367,12_epo,91.0,98.7879578042188,fechner
368,12_epo,92.0,98.79402056513896,fechner
369,12_epo,93.0,98.79989162810251,fechner
370,12_epo,94.0,98.80557896191102,fechner
371,12_epo,95.0,98.81109012700821,fechner
372,13_epo,3.0,84.37289992305571,fechner
373,13_epo,4.0,84.37289992305604,fechner
374,13_epo,5.0,84.37289992305611,fechner
375,13_epo,6.0,84.37289992305615,fechner
376,13_epo,7.000000000000001,84.37289992305618,fechner
377,13_epo,8.0,84.37289992305618,fechner
378,13_epo,9.0,84.3728999230562,fechner
379,13_epo,10.0,84.3728999230562,fechner
380,13_epo,11.0,84.3728999230562,fechner
381,13_epo,12.0,84.3728999230562,fechner
382,13_epo,13.0,84.3728999230562,fechner
383,13_epo,14.000000000000002,84.3728999230562,fechner
384,13_epo,15.0,84.3728999230562,fechner
385,13_epo,16.0,84.37289992305621,fechner
386,13_epo,17.0,84.37289992305621,fechner
387,13_epo,18.0,84.37289992305621,fechner
388,13_epo,19.0,84.37289992305621,fechner
389,13_epo,20.0,84.37289992305621,fechner
390,13_epo,21.0,84.37289992305621,fechner
391,13_epo,22.0,84.37289992305621,fechner
392,13_epo,23.0,84.37289992305621,fechner
393,13_epo,24.0,84.37289992305621,fechner
394,13_epo,25.0,84.37289992305621,fechner
395,13_epo,26.0,84.37289992305621,fechner
396,13_epo,27.0,84.37289992305621,fechner
397,13_epo,28.000000000000004,84.37289992305621,fechner
398,13_epo,28.999999999999996,84.37289992305621,fechner
399,13_epo,30.0,84.37289992305621,fechner
400,13_epo,31.0,84.37289992305621,fechner
401,13_epo,32.0,84.37289992305621,fechner
402,13_epo,33.0,84.37289992305621,fechner
403,13_epo,34.0,84.37289992305621,fechner
404,13_epo,35.0,84.37289992305621,fechner
405,13_epo,36.0,84.37289992305621,fechner
406,13_epo,37.0,84.37289992305621,fechner
407,13_epo,38.0,84.37289992305621,fechner
408,13_epo,39.0,84.37289992305621,fechner
409,13_epo,40.0,84.37289992305621,fechner
410,13_epo,41.0,84.37289992305621,fechner
411,13_epo,42.0,84.37289992305621,fechner
412,13_epo,43.0,84.37289992305621,fechner
413,13_epo,44.0,84.37289992305621,fechner
414,13_epo,45.0,84.37289992305621,fechner
415,13_epo,46.0,84.37289992305621,fechner
416,13_epo,47.0,84.37289992305621,fechner
417,13_epo,48.0,84.37289992305621,fechner
418,13_epo,49.0,84.37289992305621,fechner
419,13_epo,50.0,84.37289992305621,fechner
420,13_epo,51.0,84.37289992305621,fechner
421,13_epo,52.0,84.37289992305621,fechner
422,13_epo,53.0,84.37289992305621,fechner
423,13_epo,54.0,84.37289992305621,fechner
424,13_epo,55.00000000000001,84.37289992305621,fechner
425,13_epo,56.00000000000001,84.37289992305621,fechner
426,13_epo,56.99999999999999,84.37289992305621,fechner
427,13_epo,57.99999999999999,84.37289992305621,fechner
428,13_epo,59.0,84.37289992305621,fechner
429,13_epo,60.0,84.37289992305621,fechner
430,13_epo,61.0,84.37289992305621,fechner
431,13_epo,62.0,84.37289992305621,fechner
432,13_epo,63.0,84.37289992305621,fechner
433,13_epo,64.0,84.37289992305621,fechner
434,13_epo,65.0,84.37289992305621,fechner
435,13_epo,66.0,84.37289992305621,fechner
436,13_epo,67.0,84.37289992305621,fechner
437,13_epo,68.0,84.37289992305621,fechner
438,13_epo,69.0,84.37289992305621,fechner
439,13_epo,70.0,84.37289992305621,fechner
440,13_epo,71.0,84.37289992305621,fechner
441,13_epo,72.0,84.37289992305621,fechner
442,13_epo,73.0,84.37289992305621,fechner
443,13_epo,74.0,84.37289992305621,fechner
444,13_epo,75.0,84.37289992305621,fechner
445,13_epo,76.0,84.37289992305621,fechner
446,13_epo,77.0,84.37289992305621,fechner
447,13_epo,78.0,84.37289992305621,fechner
448,13_epo,79.0,84.37289992305621,fechner
449,13_epo,80.0,84.37289992305621,fechner
450,13_epo,81.0,84.37289992305621,fechner
451,13_epo,82.0,84.37289992305621,fechner
452,13_epo,83.0,84.37289992305621,fechner
453,13_epo,84.0,84.37289992305621,fechner
454,13_epo,85.0,84.37289992305621,fechner
455,13_epo,86.0,84.37289992305621,fechner
456,13_epo,87.0,84.37289992305621,fechner
457,13_epo,88.0,84.37289992305621,fechner
458,13_epo,89.0,84.37289992305621,fechner
459,13_epo,90.0,84.37289992305621,fechner
460,13_epo,91.0,84.37289992305621,fechner
461,13_epo,92.0,84.37289992305621,fechner
462,13_epo,93.0,84.37289992305621,fechner
463,13_epo,94.0,84.37289992305621,fechner
464,13_epo,95.0,84.37289992305621,fechner
465,14_epo,3.0,76.48859797293359,fechner
466,14_epo,4.0,76.48859797293473,fechner
467,14_epo,5.0,76.48859797293503,fechner
468,14_epo,6.0,76.48859797293515,fechner
469,14_epo,7.000000000000001,76.48859797293522,fechner
470,14_epo,8.0,76.48859797293528,fechner
471,14_epo,9.0,76.48859797293531,fechner
472,14_epo,10.0,76.48859797293532,fechner
473,14_epo,11.0,76.48859797293534,fechner
474,14_epo,12.0,76.48859797293535,fechner
475,14_epo,13.0,76.48859797293537,fechner
476,14_epo,14.000000000000002,76.48859797293537,fechner
477,14_epo,15.0,76.48859797293537,fechner
478,14_epo,16.0,76.48859797293538,fechner
479,14_epo,17.0,76.48859797293538,fechner
480,14_epo,18.0,76.48859797293538,fechner
481,14_epo,19.0,76.48859797293538,fechner
482,14_epo,20.0,76.4885979729354,fechner
483,14_epo,21.0,76.4885979729354,fechner
484,14_epo,22.0,76.4885979729354,fechner
485,14_epo,23.0,76.4885979729354,fechner
486,14_epo,24.0,76.4885979729354,fechner
487,14_epo,25.0,76.4885979729354,fechner
488,14_epo,26.0,76.4885979729354,fechner
489,14_epo,27.0,76.4885979729354,fechner
490,14_epo,28.000000000000004,76.4885979729354,fechner
491,14_epo,28.999999999999996,76.4885979729354,fechner
492,14_epo,30.0,76.4885979729354,fechner
493,14_epo,31.0,76.4885979729354,fechner
494,14_epo,32.0,76.4885979729354,fechner
495,14_epo,33.0,76.4885979729354,fechner
496,14_epo,34.0,76.48859797293541,fechner
497,14_epo,35.0,76.48859797293541,fechner
498,14_epo,36.0,76.48859797293541,fechner
499,14_epo,37.0,76.48859797293541,fechner
500,14_epo,38.0,76.48859797293541,fechner
501,14_epo,39.0,76.48859797293541,fechner
502,14_epo,40.0,76.48859797293541,fechner
503,14_epo,41.0,76.48859797293541,fechner
504,14_epo,42.0,76.48859797293541,fechner
505,14_epo,43.0,76.48859797293541,fechner
506,14_epo,44.0,76.48859797293541,fechner
507,14_epo,45.0,76.48859797293541,fechner
508,14_epo,46.0,76.48859797293541,fechner
509,14_epo,47.0,76.48859797293541,fechner
510,14_epo,48.0,76.48859797293541,fechner
511,14_epo,49.0,76.48859797293541,fechner
512,14_epo,50.0,76.48859797293541,fechner
513,14_epo,51.0,76.48859797293541,fechner
514,14_epo,52.0,76.48859797293541,fechner
515,14_epo,53.0,76.48859797293541,fechner
516,14_epo,54.0,76.48859797293541,fechner
517,14_epo,55.00000000000001,76.48859797293541,fechner
518,14_epo,56.00000000000001,76.48859797293541,fechner
519,14_epo,56.99999999999999,76.48859797293541,fechner
520,14_epo,57.99999999999999,76.48859797293541,fechner
521,14_epo,59.0,76.48859797293541,fechner
522,14_epo,60.0,76.48859797293541,fechner
523,14_epo,61.0,76.48859797293541,fechner
524,14_epo,62.0,76.48859797293541,fechner
525,14_epo,63.0,76.48859797293541,fechner
526,14_epo,64.0,76.48859797293541,fechner
527,14_epo,65.0,76.48859797293541,fechner
528,14_epo,66.0,76.48859797293541,fechner
529,14_epo,67.0,76.48859797293541,fechner
530,14_epo,68.0,76.48859797293541,fechner
531,14_epo,69.0,76.48859797293541,fechner
532,14_epo,70.0,76.48859797293541,fechner
533,14_epo,71.0,76.48859797293541,fechner
534,14_epo,72.0,76.48859797293541,fechner
535,14_epo,73.0,76.48859797293541,fechner
536,14_epo,74.0,76.48859797293541,fechner
537,14_epo,75.0,76.48859797293541,fechner
538,14_epo,76.0,76.48859797293541,fechner
539,14_epo,77.0,76.48859797293541,fechner
540,14_epo,78.0,76.48859797293541,fechner
541,14_epo,79.0,76.48859797293541,fechner
542,14_epo,80.0,76.48859797293541,fechner
543,14_epo,81.0,76.48859797293541,fechner
544,14_epo,82.0,76.48859797293541,fechner
545,14_epo,83.0,76.48859797293541,fechner
546,14_epo,84.0,76.48859797293541,fechner
547,14_epo,85.0,76.48859797293541,fechner
548,14_epo,86.0,76.48859797293541,fechner
549,14_epo,87.0,76.48859797293541,fechner
550,14_epo,88.0,76.48859797293541,fechner
551,14_epo,89.0,76.48859797293541,fechner
552,14_epo,90.0,76.48859797293541,fechner
553,14_epo,91.0,76.48859797293541,fechner
554,14_epo,92.0,76.48859797293541,fechner
555,14_epo,93.0,76.48859797293541,fechner
556,14_epo,94.0,76.48859797293541,fechner
557,14_epo,95.0,76.48859797293541,fechner
558,15_epo,3.0,98.79321006898789,fechner
559,15_epo,4.0,115.53684440850287,fechner
560,15_epo,5.0,121.18350747126142,fechner
561,15_epo,6.0,123.9190661683994,fechner
562,15_epo,7.000000000000001,125.47590485546748,fechner
563,15_epo,8.0,126.4527193115046,fechner
564,15_epo,9.0,127.10803931991316,fechner
565,15_epo,10.0,127.569893188722,fechner
566,15_epo,11.0,127.90801463947024,fechner
567,15_epo,12.0,128.16317577953376,fechner
568,15_epo,13.0,128.3605687028839,fechner
569,15_epo,14.000000000000002,128.51646602575795,fechner
570,15_epo,15.0,128.64177087984683,fechner
571,15_epo,16.0,128.74401686221668,fechner
572,15_epo,17.0,128.8285477456613,fechner
573,15_epo,18.0,128.8992409082524,fechner
574,15_epo,19.0,128.9589659775928,fechner
575,15_epo,20.0,129.00988412957994,fechner
576,15_epo,21.0,129.05364841508904,fechner
577,15_epo,22.0,129.0915408825324,fechner
578,15_epo,23.0,129.12456833231255,fechner
579,15_epo,24.0,129.1535303936576,fechner
580,15_epo,25.0,129.17906871419916,fechner
581,15_epo,26.0,129.20170302866583,fechner
582,15_epo,27.0,129.22185796346315,fechner
583,15_epo,28.000000000000004,129.2398832026346,fechner
584,15_epo,28.999999999999996,129.25606883156973,fechner
585,15_epo,30.0,129.2706571338021,fechner
586,15_epo,31.0,129.28385174865895,fechner
587,15_epo,32.0,129.29582484408854,fechner
588,15_epo,33.0,129.3067227818547,fechner
589,15_epo,34.0,129.31667062691184,fechner
590,15_epo,35.0,129.3257757629788,fechner
591,15_epo,36.0,129.33413081131314,fechner
592,15_epo,37.0,129.341816002124,fechner
593,15_epo,38.0,129.34890111293046,fechner
594,15_epo,39.0,129.35544706198849,fechner
595,15_epo,40.0,129.3615072252268,fechner
596,15_epo,41.0,129.36712853021893,fechner
597,15_epo,42.0,129.3723523693314,fechner
598,15_epo,43.0,129.37721536543103,fechner
599,15_epo,44.0,129.38175001675518,fechner
600,15_epo,45.0,129.385985242266,fechner
601,15_epo,46.0,129.38994684466633,fechner
602,15_epo,47.0,129.39365790499025,fechner
603,15_epo,48.0,129.39713912008835,fechner
604,15_epo,49.0,129.40040909226502,fechner
605,15_epo,50.0,129.40348457866864,fechner
606,15_epo,51.0,129.40638070670306,fechner
607,15_epo,52.0,129.40911116065246,fechner
608,15_epo,53.0,129.41168834383413,fechner
609,15_epo,54.0,129.41412351988018,fechner
610,15_epo,55.00000000000001,129.41642693616424,fechner
611,15_epo,56.00000000000001,129.41860793190534,fechner
612,15_epo,56.99999999999999,129.4206750330879,fechner
613,15_epo,57.99999999999999,129.4226360360013,fechner
614,15_epo,59.0,129.42449808093593,fechner
615,15_epo,60.0,129.42626771733586,fechner
616,15_epo,61.0,129.42795096152526,fechner
617,15_epo,62.0,129.4295533479584,fechner
618,15_epo,63.0,129.4310799748113,fechner
619,15_epo,64.0,129.43253554461813,fechner
620,15_epo,65.0,129.43392440055905,fechner
621,15_epo,66.0,129.43525055892206,fechner
622,15_epo,67.0,129.4365177381944,fechner
623,15_epo,68.0,129.4377293851773,fechner
624,15_epo,69.0,129.43888869846677,fechner
625,15_epo,70.0,129.43999864959997,fechner
626,15_epo,71.0,129.4410620021295,fechner
627,15_epo,72.0,129.44208132885308,fechner
628,15_epo,73.0,129.44305902740098,fechner
629,15_epo,74.0,129.44399733435685,fechner
630,15_epo,75.0,129.44489833806827,fechner
631,15_epo,76.0,129.4457639902836,fechner
632,15_epo,77.0,129.44659611673683,fechner
633,15_epo,78.0,129.44739642678766,fechner
634,15_epo,79.0,129.44816652221166,fechner
635,15_epo,80.0,129.44890790522575,fechner
636,15_epo,81.0,129.44962198582346,fechner
637,15_epo,82.0,129.4503100884873,fechner
638,15_epo,83.0,129.450973458338,fechner
639,15_epo,84.0,129.4516132667738,fechner
640,15_epo,85.0,129.45223061664777,fechner
641,15_epo,86.0,129.45282654702575,fechner
642,15_epo,87.0,129.45340203756328,fechner
643,15_epo,88.0,129.45395801253636,fechner
644,15_epo,89.0,129.4544953445562,fechner
645,15_epo,90.0,129.45501485799687,fechner
646,15_epo,91.0,129.45551733216058,fechner
647,15_epo,92.0,129.45600350420273,fechner
648,15_epo,93.0,129.45647407183833,fechner
649,15_epo,94.0,129.45692969584766,fechner
650,15_epo,95.0,129.45737100239802,fechner
651,16_epo,3.0,90.3951787835211,fechner
652,16_epo,4.0,90.3951787835211,fechner
653,16_epo,5.0,90.3951787835211,fechner
654,16_epo,6.0,90.3951787835211,fechner
655,16_epo,7.000000000000001,90.3951787835211,fechner
656,16_epo,8.0,90.3951787835211,fechner
657,16_epo,9.0,90.3951787835211,fechner
658,16_epo,10.0,90.3951787835211,fechner
659,16_epo,11.0,90.3951787835211,fechner
660,16_epo,12.0,90.3951787835211,fechner
661,16_epo,13.0,90.3951787835211,fechner
662,16_epo,14.000000000000002,90.3951787835211,fechner
663,16_epo,15.0,90.3951787835211,fechner
664,16_epo,16.0,90.3951787835211,fechner
665,16_epo,17.0,90.3951787835211,fechner
666,16_epo,18.0,90.3951787835211,fechner
667,16_epo,19.0,90.3951787835211,fechner
668,16_epo,20.0,90.3951787835211,fechner
669,16_epo,21.0,90.3951787835211,fechner
670,16_epo,22.0,90.3951787835211,fechner
671,16_epo,23.0,90.3951787835211,fechner
672,16_epo,24.0,90.3951787835211,fechner
673,16_epo,25.0,90.3951787835211,fechner
674,16_epo,26.0,90.3951787835211,fechner
675,16_epo,27.0,90.3951787835211,fechner
676,16_epo,28.000000000000004,90.3951787835211,fechner
677,16_epo,28.999999999999996,90.3951787835211,fechner
678,16_epo,30.0,90.3951787835211,fechner
679,16_epo,31.0,90.3951787835211,fechner
680,16_epo,32.0,90.3951787835211,fechner
681,16_epo,33.0,90.3951787835211,fechner
682,16_epo,34.0,90.3951787835211,fechner
683,16_epo,35.0,90.3951787835211,fechner
684,16_epo,36.0,90.3951787835211,fechner
685,16_epo,37.0,90.3951787835211,fechner
686,16_epo,38.0,90.3951787835211,fechner
687,16_epo,39.0,90.3951787835211,fechner
688,16_epo,40.0,90.3951787835211,fechner
689,16_epo,41.0,90.3951787835211,fechner
690,16_epo,42.0,90.3951787835211,fechner
691,16_epo,43.0,90.3951787835211,fechner
692,16_epo,44.0,90.3951787835211,fechner
693,16_epo,45.0,90.3951787835211,fechner
694,16_epo,46.0,90.3951787835211,fechner
695,16_epo,47.0,90.3951787835211,fechner
696,16_epo,48.0,90.3951787835211,fechner
697,16_epo,49.0,90.3951787835211,fechner
698,16_epo,50.0,90.3951787835211,fechner
699,16_epo,51.0,90.3951787835211,fechner
700,16_epo,52.0,90.3951787835211,fechner
701,16_epo,53.0,90.3951787835211,fechner
702,16_epo,54.0,90.3951787835211,fechner
703,16_epo,55.00000000000001,90.3951787835211,fechner
704,16_epo,56.00000000000001,90.3951787835211,fechner
705,16_epo,56.99999999999999,90.3951787835211,fechner
706,16_epo,57.99999999999999,90.3951787835211,fechner
707,16_epo,59.0,90.3951787835211,fechner
708,16_epo,60.0,90.3951787835211,fechner
709,16_epo,61.0,90.3951787835211,fechner
710,16_epo,62.0,90.3951787835211,fechner
711,16_epo,63.0,90.3951787835211,fechner
712,16_epo,64.0,90.3951787835211,fechner
713,16_epo,65.0,90.3951787835211,fechner
714,16_epo,66.0,90.3951787835211,fechner
715,16_epo,67.0,90.3951787835211,fechner
716,16_epo,68.0,90.3951787835211,fechner
717,16_epo,69.0,90.3951787835211,fechner
718,16_epo,70.0,90.3951787835211,fechner
719,16_epo,71.0,90.3951787835211,fechner
720,16_epo,72.0,90.3951787835211,fechner
721,16_epo,73.0,90.3951787835211,fechner
722,16_epo,74.0,90.3951787835211,fechner
723,16_epo,75.0,90.3951787835211,fechner
724,16_epo,76.0,90.3951787835211,fechner
725,16_epo,77.0,90.3951787835211,fechner
726,16_epo,78.0,90.3951787835211,fechner
727,16_epo,79.0,90.3951787835211,fechner
728,16_epo,80.0,90.3951787835211,fechner
729,16_epo,81.0,90.3951787835211,fechner
730,16_epo,82.0,90.3951787835211,fechner
731,16_epo,83.0,90.3951787835211,fechner
732,16_epo,84.0,90.3951787835211,fechner
733,16_epo,85.0,90.3951787835211,fechner
734,16_epo,86.0,90.3951787835211,fechner
735,16_epo,87.0,90.3951787835211,fechner
736,16_epo,88.0,90.3951787835211,fechner
737,16_epo,89.0,90.3951787835211,fechner
738,16_epo,90.0,90.3951787835211,fechner
739,16_epo,91.0,90.3951787835211,fechner
740,16_epo,92.0,90.3951787835211,fechner
741,16_epo,93.0,90.3951787835211,fechner
742,16_epo,94.0,90.3951787835211,fechner
743,16_epo,95.0,90.3951787835211,fechner
744,17_epo,3.0,72.42011459884617,fechner
745,17_epo,4.0,88.2342827831782,fechner
746,17_epo,5.0,93.96887808371874,fechner
747,17_epo,6.0,96.82693840871556,fechner
748,17_epo,7.000000000000001,98.47766250226039,fechner
749,17_epo,8.0,99.52251371357224,fechner
750,17_epo,9.0,100.22747112935855,fechner
751,17_epo,10.0,100.72624993235605,fechner
752,17_epo,11.0,101.09242748704176,fechner
753,17_epo,12.0,101.36933608741508,fechner
754,17_epo,13.0,101.58389325477863,fechner
755,17_epo,14.000000000000002,101.75355693255952,fechner
756,17_epo,15.0,101.89006152106334,fechner
757,17_epo,16.0,102.0015353863125,fechner
758,17_epo,17.0,102.0937559005732,fechner
759,17_epo,18.0,102.1709220366508,fechner
760,17_epo,19.0,102.23614572763579,fechner
761,17_epo,20.0,102.29177335323001,fechner
762,17_epo,21.0,102.33960138846508,fechner
763,17_epo,22.0,102.38102428789765,fechner
764,17_epo,23.0,102.41713791866464,fechner
765,17_epo,24.0,102.44881319675761,fechner
766,17_epo,25.0,102.47674935658614,fechner
767,17_epo,26.0,102.50151305170841,fechner
768,17_epo,27.0,102.52356743904706,fechner
769,17_epo,28.000000000000004,102.54329407742692,fechner
770,17_epo,28.999999999999996,102.56100960140235,fechner
771,17_epo,30.0,102.57697854882768,fechner
772,17_epo,31.0,102.59142332433257,fechner
773,17_epo,32.0,102.6045320073054,fechner
774,17_epo,33.0,102.61646452158321,fechner
775,17_epo,34.0,102.62735754844292,fechner
776,17_epo,35.0,102.63732846728344,fechner
777,17_epo,36.0,102.64647853795111,fechner
778,17_epo,37.0,102.65489548709522,fechner
779,17_epo,38.0,102.66265562282804,fechner
780,17_epo,39.0,102.66982557354231,fechner
781,17_epo,40.0,102.67646372536004,fechner
782,17_epo,41.0,102.68262141648378,fechner
783,17_epo,42.0,102.68834393433987,fechner
784,17_epo,43.0,102.69367135187973,fechner
785,17_epo,44.0,102.6986392320304,fechner
786,17_epo,45.0,102.70327922353337,fechner
787,17_epo,46.0,102.70761956690203,fechner
788,17_epo,47.0,102.71168552566952,fechner
789,17_epo,48.0,102.71549975527685,fechner
790,17_epo,49.0,102.71908261970074,fechner
791,17_epo,50.0,102.72245246411562,fechner
792,17_epo,51.0,102.72562585043354,fechner
793,17_epo,52.0,102.72861776138805,fechner
794,17_epo,53.0,102.73144177787438,fechner
795,17_epo,54.0,102.73411023347848,fechner
796,17_epo,55.00000000000001,102.73663434948774,fechner
797,17_epo,56.00000000000001,102.7390243531519,fechner
798,17_epo,56.99999999999999,102.74128958152801,fechner
799,17_epo,57.99999999999999,102.74343857288318,fechner
800,17_epo,59.0,102.74547914733125,fechner
801,17_epo,60.0,102.7474184781282,fechner
802,17_epo,61.0,102.74926315484332,fechner
803,17_epo,62.0,102.75101923944733,fechner
804,17_epo,63.0,102.75269231621091,fechner
805,17_epo,64.0,102.75428753618209,fechner
806,17_epo,65.0,102.7558096569057,fechner
807,17_epo,66.0,102.75726307795777,fechner
808,17_epo,67.0,102.75865187279096,fechner
809,17_epo,68.0,102.75997981732323,fechner
810,17_epo,69.0,102.76125041564413,fechner
811,17_epo,70.0,102.76246692316671,fechner
812,17_epo,71.0,102.7636323675107,fechner
813,17_epo,72.0,102.76474956736782,fechner
814,17_epo,73.0,102.76582114956906,fechner
815,17_epo,74.0,102.7668495645467,fechner
816,17_epo,75.0,102.7678371003624,fechner
817,17_epo,76.0,102.76878589544985,fechner
818,17_epo,77.0,102.76969795020625,fechner
819,17_epo,78.0,102.77057513754932,fechner
820,17_epo,79.0,102.77141921254393,fechner
821,17_epo,80.0,102.77223182119144,fechner
822,17_epo,81.0,102.77301450846318,fechner
823,17_epo,82.0,102.77376872565215,fechner
824,17_epo,83.0,102.77449583710825,fechner
825,17_epo,84.0,102.77519712641464,fechner
826,17_epo,85.0,102.77587380205863,fechner
827,17_epo,86.0,102.7765270026432,fechner
828,17_epo,87.0,102.77715780168145,fechner
829,17_epo,88.0,102.77776721201147,fechner
830,17_epo,89.0,102.77835618986587,fechner
831,17_epo,90.0,102.77892563862632,fechner
832,17_epo,91.0,102.77947641229079,fechner
833,17_epo,92.0,102.7800093186781,fechner
834,17_epo,93.0,102.78052512239258,fechner
835,17_epo,94.0,102.78102454756906,fechner
836,17_epo,95.0,102.78150828041633,fechner
837,18_epo,3.0,89.59744465909723,fechner
838,18_epo,4.0,89.99771560294514,fechner
839,18_epo,5.0,90.11988170453229,fechner
840,18_epo,6.0,90.17697120758518,fechner
841,18_epo,7.000000000000001,90.208875284918,fechner
842,18_epo,8.0,90.22868046145048,fechner
843,18_epo,9.0,90.24187656576994,fechner
844,18_epo,10.0,90.25113348239431,fechner
845,18_epo,11.0,90.25788782534455,fechner
846,18_epo,12.0,90.26297234512559,fechner
847,18_epo,13.0,90.26689832253868,fechner
848,18_epo,14.000000000000002,90.26999442871815,fechner
849,18_epo,15.0,90.27248006022951,fechner
850,18_epo,16.0,90.27450636116674,fechner
851,18_epo,17.0,90.27618028520578,fechner
852,18_epo,18.0,90.27757928442837,fechner
853,18_epo,19.0,90.27876058741008,fechner
854,18_epo,20.0,90.27976723529898,fechner
855,18_epo,21.0,90.28063211150759,fechner
856,18_epo,22.0,90.28138069401663,fechner
857,18_epo,23.0,90.28203297377242,fechner
858,18_epo,24.0,90.28260481639265,fechner
859,18_epo,25.0,90.28310894471397,fechner
860,18_epo,26.0,90.2835556583801,fechner
861,18_epo,27.0,90.2839533680367,fechner
862,18_epo,28.000000000000004,90.2843089968458,fechner
863,18_epo,28.999999999999996,90.28462828573124,fechner
864,18_epo,30.0,90.28491602788817,fechner
865,18_epo,31.0,90.28517625070683,fechner
866,18_epo,32.0,90.28541235818118,fechner
867,18_epo,33.0,90.28562724332411,fechner
868,18_epo,34.0,90.28582337760389,fechner
869,18_epo,35.0,90.28600288262136,fechner
870,18_epo,36.0,90.28616758794995,fechner
871,18_epo,37.0,90.28631907811169,fechner
872,18_epo,38.0,90.2864587309613,fechner
873,18_epo,39.0,90.28658774923036,fechner
874,18_epo,40.0,90.28670718659015,fechner
875,18_epo,41.0,90.28681796929642,fechner
876,18_epo,42.0,90.28692091425195,fechner
877,18_epo,43.0,90.28701674414911,fechner
878,18_epo,44.0,90.28710610022034,fechner
879,18_epo,45.0,90.28718955301859,fechner
880,18_epo,46.0,90.28726761156861,fechner
881,18_epo,47.0,90.28734073116443,fechner
882,18_epo,48.0,90.28740932003744,fechner
883,18_epo,49.0,90.28747374507812,fechner
884,18_epo,50.0,90.28753433676198,fechner
885,18_epo,51.0,90.28759139340401,fechner
886,18_epo,52.0,90.28764518484387,fechner
887,18_epo,53.0,90.28769595564756,fechner
888,18_epo,54.0,90.28774392789686,fechner
889,18_epo,55.00000000000001,90.28778930362569,fechner
890,18_epo,56.00000000000001,90.28783226695407,fechner
891,18_epo,56.99999999999999,90.28787298596149,fechner
892,18_epo,57.99999999999999,90.28791161433561,fechner
893,18_epo,59.0,90.28794829282656,fechner
894,18_epo,60.0,90.28798315053251,fechner
895,18_epo,61.0,90.28801630603866,fechner
896,18_epo,62.0,90.28804786842835,fechner
897,18_epo,63.0,90.28807793818258,fechner
898,18_epo,64.0,90.2881066079815,fechner
899,18_epo,65.0,90.28813396342025,fechner
900,18_epo,66.0,90.28816008364929,fechner
901,18_epo,67.0,90.28818504194814,fechner
902,18_epo,68.0,90.28820890624046,fechner
903,18_epo,69.0,90.28823173955698,fechner
904,18_epo,70.0,90.28825360045276,fechner
905,18_epo,71.0,90.2882745433831,fechner
906,18_epo,72.0,90.28829461904336,fechner
907,18_epo,73.0,90.28831387467633,fechner
908,18_epo,74.0,90.28833235435069,fechner
909,18_epo,75.0,90.28835009921342,fechner
910,18_epo,76.0,90.2883671477194,fechner
911,18_epo,77.0,90.28838353584,fechner
912,18_epo,78.0,90.28839929725315,fechner
913,18_epo,79.0,90.2884144635166,fechner
914,18_epo,80.0,90.28842906422614,fechner
915,18_epo,81.0,90.28844312716022,fechner
916,18_epo,82.0,90.2884566784122,fechner
917,18_epo,83.0,90.28846974251162,fechner
918,18_epo,84.0,90.2884823425353,fechner
919,18_epo,85.0,90.28849450020944,fechner
920,18_epo,86.0,90.28850623600333,fechner
921,18_epo,87.0,90.28851756921567,fechner
922,18_epo,88.0,90.288528518054,fechner
923,18_epo,89.0,90.28853909970788,fechner
924,18_epo,90.0,90.28854933041649,fechner
925,18_epo,91.0,90.28855922553093,fechner
926,18_epo,92.0,90.28856879957199,fechner
927,18_epo,93.0,90.28857806628335,fechner
928,18_epo,94.0,90.28858703868102,fechner
929,18_epo,95.0,90.28859572909913,fechner
930,19_epo,3.0,82.2186046542421,fechner
931,19_epo,4.0,84.03931324428468,fechner
932,19_epo,5.0,85.55588984976539,fechner
933,19_epo,6.0,86.89184145991815,fechner
934,19_epo,7.000000000000001,88.05814482733342,fechner
935,19_epo,8.0,89.06249275944533,fechner
936,19_epo,9.0,89.91889998175866,fechner
937,19_epo,10.0,90.6452570011194,fechner
938,19_epo,11.0,91.26022487097757,fechner
939,19_epo,12.0,91.78129892639882,fechner
940,19_epo,13.0,92.22392662670046,fechner
941,19_epo,14.000000000000002,92.6012794737588,fechner
942,19_epo,15.0,92.9243622798346,fechner
943,19_epo,16.0,93.20226522662871,fechner
944,19_epo,17.0,93.44245387176205,fechner
945,19_epo,18.0,93.6510467267854,fechner
946,19_epo,19.0,93.83305993736586,fechner
947,19_epo,20.0,93.99261376868952,fechner
948,19_epo,21.0,94.13310261606478,fechner
949,19_epo,22.0,94.25733302307759,fechner
950,19_epo,23.0,94.36763486264343,fechner
951,19_epo,24.0,94.46595056720018,fechner
952,19_epo,25.0,94.55390666536283,fechner
953,19_epo,26.0,94.63287117379973,fechner
954,19_epo,27.0,94.70399972871725,fechner
955,19_epo,28.000000000000004,94.76827276691519,fechner
956,19_epo,28.999999999999996,94.8265255906516,fechner
957,19_epo,30.0,94.87947276622114,fechner
958,19_epo,31.0,94.9277280001846,fechner
959,19_epo,32.0,94.97182039570355,fechner
960,19_epo,33.0,95.0122078017426,fechner
961,19_epo,34.0,95.0492878192168,fechner
962,19_epo,35.0,95.08340691166151,fechner
963,19_epo,36.0,95.1148679766415,fechner
964,19_epo,37.0,95.14393666234686,fechner
965,19_epo,38.0,95.17084665731053,fechner
966,19_epo,39.0,95.19580413656038,fechner
967,19_epo,40.0,95.21899151217484,fechner
968,19_epo,41.0,95.24057060812524,fechner
969,19_epo,42.0,95.26068535689286,fechner
970,19_epo,43.0,95.27946409742688,fechner
971,19_epo,44.0,95.29702153961881,fechner
972,19_epo,45.0,95.31346044887073,fechner
973,19_epo,46.0,95.32887309495392,fechner
974,19_epo,47.0,95.34334250174236,fechner
975,19_epo,48.0,95.35694352820408,fechner
976,19_epo,49.0,95.36974380596666,fechner
977,19_epo,50.0,95.38180455461818,fechner
978,19_epo,51.0,95.39318129248653,fechner
979,19_epo,52.0,95.40392445781904,fechner
980,19_epo,53.0,95.41407995294853,fechner
981,19_epo,54.0,95.42368962209211,fechner
982,19_epo,55.00000000000001,95.43279167181356,fechner
983,19_epo,56.00000000000001,95.44142104182974,fechner
984,19_epo,56.99999999999999,95.44960973271117,fechner
985,19_epo,57.99999999999999,95.45738709607627,fechner
986,19_epo,59.0,95.46478009207902,fechner
987,19_epo,60.0,95.47181351831262,fechner
988,19_epo,61.0,95.47851021368078,fechner
989,19_epo,62.0,95.48489124030084,fechner
990,19_epo,63.0,95.49097604609005,fechner
991,19_epo,64.0,95.49678261033354,fechner
992,19_epo,65.0,95.50232757423026,fechner
993,19_epo,66.0,95.5076263581556,fechner
994,19_epo,67.0,95.51269326715608,fechner
995,19_epo,68.0,95.51754158600187,fechner
996,19_epo,69.0,95.52218366495669,fechner
997,19_epo,70.0,95.52663099728332,fechner
998,19_epo,71.0,95.53089428937878,fechner
999,19_epo,72.0,95.53498352432662,fechner
1000,19_epo,73.0,95.53890801956076,fechner
1001,19_epo,74.0,95.54267647925411,fechner
1002,19_epo,75.0,95.54629704197446,fechner
1003,19_epo,76.0,95.54977732408851,fechner
1004,19_epo,77.0,95.55312445934106,fechner
1005,19_epo,78.0,95.55634513498812,fechner
1006,19_epo,79.0,95.55944562482196,fechner
1007,19_epo,80.0,95.56243181938913,fechner
1008,19_epo,81.0,95.56530925366965,fechner
1009,19_epo,82.0,95.56808313245818,fechner
1010,19_epo,83.0,95.5707583536615,fechner
1011,19_epo,84.0,95.5733395297056,fechner
1012,19_epo,85.0,95.57583100722465,fechner
1013,19_epo,86.0,95.57823688518776,fechner
1014,19_epo,87.0,95.5805610316031,fechner
1015,19_epo,88.0,95.58280709892495,fechner
1016,19_epo,89.0,95.58497853827794,fechner
1017,19_epo,90.0,95.58707861260021,fechner
1018,19_epo,91.0,95.58911040879863,fechner
1019,19_epo,92.0,95.59107684899959,fechner
1020,19_epo,93.0,95.59298070097158,fechner
1021,19_epo,94.0,95.59482458778808,fechner
1022,19_epo,95.0,95.59661099679347,fechner
1023,1_epo,3.0,93.39750243960061,fechner
1024,1_epo,4.0,93.3975024397719,fechner
1025,1_epo,5.0,93.39750243981678,fechner
1026,1_epo,6.0,93.39750243983674,fechner
1027,1_epo,7.000000000000001,93.39750243984764,fechner
1028,1_epo,8.0,93.39750243985429,fechner
1029,1_epo,9.0,93.39750243985871,fechner
1030,1_epo,10.0,93.39750243986178,fechner
1031,1_epo,11.0,93.39750243986401,fechner
1032,1_epo,12.0,93.39750243986569,fechner
1033,1_epo,13.0,93.39750243986698,fechner
1034,1_epo,14.000000000000002,93.39750243986799,fechner
1035,1_epo,15.0,93.39750243986882,fechner
1036,1_epo,16.0,93.39750243986947,fechner
1037,1_epo,17.0,93.39750243987002,fechner
1038,1_epo,18.0,93.39750243987048,fechner
1039,1_epo,19.0,93.39750243987086,fechner
1040,1_epo,20.0,93.39750243987119,fechner
1041,1_epo,21.0,93.39750243987147,fechner
1042,1_epo,22.0,93.39750243987172,fechner
1043,1_epo,23.0,93.39750243987194,fechner
1044,1_epo,24.0,93.39750243987211,fechner
1045,1_epo,25.0,93.39750243987228,fechner
1046,1_epo,26.0,93.39750243987243,fechner
1047,1_epo,27.0,93.39750243987257,fechner
1048,1_epo,28.000000000000004,93.39750243987267,fechner
1049,1_epo,28.999999999999996,93.39750243987277,fechner
1050,1_epo,30.0,93.39750243987287,fechner
1051,1_epo,31.0,93.39750243987295,fechner
1052,1_epo,32.0,93.39750243987304,fechner
1053,1_epo,33.0,93.39750243987311,fechner
1054,1_epo,34.0,93.39750243987316,fechner
1055,1_epo,35.0,93.39750243987322,fechner
1056,1_epo,36.0,93.39750243987326,fechner
1057,1_epo,37.0,93.39750243987332,fechner
1058,1_epo,38.0,93.39750243987336,fechner
1059,1_epo,39.0,93.3975024398734,fechner
1060,1_epo,40.0,93.39750243987345,fechner
1061,1_epo,41.0,93.39750243987349,fechner
1062,1_epo,42.0,93.39750243987352,fechner
1063,1_epo,43.0,93.39750243987355,fechner
1064,1_epo,44.0,93.39750243987358,fechner
1065,1_epo,45.0,93.3975024398736,fechner
1066,1_epo,46.0,93.39750243987363,fechner
1067,1_epo,47.0,93.39750243987366,fechner
1068,1_epo,48.0,93.39750243987369,fechner
1069,1_epo,49.0,93.3975024398737,fechner
1070,1_epo,50.0,93.39750243987372,fechner
1071,1_epo,51.0,93.39750243987375,fechner
1072,1_epo,52.0,93.39750243987376,fechner
1073,1_epo,53.0,93.39750243987378,fechner
1074,1_epo,54.0,93.39750243987379,fechner
1075,1_epo,55.00000000000001,93.3975024398738,fechner
1076,1_epo,56.00000000000001,93.3975024398738,fechner
1077,1_epo,56.99999999999999,93.39750243987382,fechner
1078,1_epo,57.99999999999999,93.39750243987383,fechner
1079,1_epo,59.0,93.39750243987385,fechner
1080,1_epo,60.0,93.39750243987386,fechner
1081,1_epo,61.0,93.39750243987388,fechner
1082,1_epo,62.0,93.39750243987388,fechner
1083,1_epo,63.0,93.39750243987389,fechner
1084,1_epo,64.0,93.3975024398739,fechner
1085,1_epo,65.0,93.39750243987392,fechner
1086,1_epo,66.0,93.39750243987392,fechner
1087,1_epo,67.0,93.39750243987393,fechner
1088,1_epo,68.0,93.39750243987393,fechner
1089,1_epo,69.0,93.39750243987395,fechner
1090,1_epo,70.0,93.39750243987395,fechner
1091,1_epo,71.0,93.39750243987396,fechner
1092,1_epo,72.0,93.39750243987396,fechner
1093,1_epo,73.0,93.39750243987397,fechner
1094,1_epo,74.0,93.39750243987397,fechner
1095,1_epo,75.0,93.39750243987399,fechner
1096,1_epo,76.0,93.39750243987399,fechner
1097,1_epo,77.0,93.39750243987399,fechner
1098,1_epo,78.0,93.397502439874,fechner
1099,1_epo,79.0,93.397502439874,fechner
1100,1_epo,80.0,93.397502439874,fechner
1101,1_epo,81.0,93.39750243987402,fechner
1102,1_epo,82.0,93.39750243987402,fechner
1103,1_epo,83.0,93.39750243987402,fechner
1104,1_epo,84.0,93.39750243987403,fechner
1105,1_epo,85.0,93.39750243987403,fechner
1106,1_epo,86.0,93.39750243987403,fechner
1107,1_epo,87.0,93.39750243987405,fechner
1108,1_epo,88.0,93.39750243987405,fechner
1109,1_epo,89.0,93.39750243987405,fechner
1110,1_epo,90.0,93.39750243987405,fechner
1111,1_epo,91.0,93.39750243987405,fechner
1112,1_epo,92.0,93.39750243987406,fechner
1113,1_epo,93.0,93.39750243987406,fechner
1114,1_epo,94.0,93.39750243987406,fechner
1115,1_epo,95.0,93.39750243987406,fechner
1116,20_epo,3.0,97.01275380808428,fechner
1117,20_epo,4.0,97.48461422942773,fechner
1118,20_epo,5.0,97.70646413877076,fechner
1119,20_epo,6.0,97.83099950651949,fechner
1120,20_epo,7.000000000000001,97.90785127681458,fechner
1121,20_epo,8.0,97.95852606184143,fechner
1122,20_epo,9.0,97.99365458175255,fechner
1123,20_epo,10.0,98.01898266551115,fechner
1124,20_epo,11.0,98.03783352554206,fechner
1125,20_epo,12.0,98.05223562954276,fechner
1126,20_epo,13.0,98.06348299195594,fechner
1127,20_epo,14.000000000000002,98.07243209060104,fechner
1128,20_epo,15.0,98.07966781546003,fechner
1129,20_epo,16.0,98.08560046892309,fechner
1130,20_epo,17.0,98.09052467870481,fechner
1131,20_epo,18.0,98.09465638521536,fechner
1132,20_epo,19.0,98.09815674698227,fechner
1133,20_epo,20.0,98.10114799165532,fechner
1134,20_epo,21.0,98.1037241682953,fechner
1135,20_epo,22.0,98.10595859110252,fechner
1136,20_epo,23.0,98.10790908801404,fechner
1137,20_epo,24.0,98.10962176343098,fechner
1138,20_epo,25.0,98.11113373673736,fechner
1139,20_epo,26.0,98.1124751630558,fechner
1140,20_epo,27.0,98.11367074332702,fechner
1141,20_epo,28.000000000000004,98.11474086596647,fechner
1142,20_epo,28.999999999999996,98.11570247930112,fechner
1143,20_epo,30.0,98.11656976493376,fechner
1144,20_epo,31.0,98.11735466228053,fechner
1145,20_epo,32.0,98.11806728070415,fechner
1146,20_epo,33.0,98.11871622593924,fechner
1147,20_epo,34.0,98.11930886058316,fechner
1148,20_epo,35.0,98.11985151343895,fechner
1149,20_epo,36.0,98.12034964887013,fechner
1150,20_epo,37.0,98.12080800466163,fechner
1151,20_epo,38.0,98.1212307049042,fechner
1152,20_epo,39.0,98.12162135294187,fechner
1153,20_epo,40.0,98.1219831083056,fechner
1154,20_epo,41.0,98.12231875070995,fechner
1155,20_epo,42.0,98.12263073353967,fechner
1156,20_epo,43.0,98.12292122875296,fechner
1157,20_epo,44.0,98.1231921647401,fechner
1158,20_epo,45.0,98.12344525837216,fechner
1159,20_epo,46.0,98.12368204223692,fechner
1160,20_epo,47.0,98.12390388787033,fechner
1161,20_epo,48.0,98.12411202564225,fechner
1162,20_epo,49.0,98.12430756183623,fechner
1163,20_epo,50.0,98.1244914933664,fechner
1164,20_epo,51.0,98.12466472049805,fechner
1165,20_epo,52.0,98.12482805787523,fechner
1166,20_epo,53.0,98.1249822441081,fechner
1167,20_epo,54.0,98.12512795013107,fechner
1168,20_epo,55.00000000000001,98.12526578650854,fechner
1169,20_epo,56.00000000000001,98.12539630983676,fechner
1170,20_epo,56.99999999999999,98.1255200283678,fechner
1171,20_epo,57.99999999999999,98.1256374069615,fechner
1172,20_epo,59.0,98.12574887145557,fechner
1173,20_epo,60.0,98.12585481253089,fechner
1174,20_epo,61.0,98.1259555891374,fechner
1175,20_epo,62.0,98.12605153153685,fechner
1176,20_epo,63.0,98.12614294401044,fechner
1177,20_epo,64.0,98.12623010727309,fechner
1178,20_epo,65.0,98.12631328062993,fechner
1179,20_epo,66.0,98.12639270390609,fechner
1180,20_epo,67.0,98.12646859917656,fechner
1181,20_epo,68.0,98.1265411723195,fechner
1182,20_epo,69.0,98.12661061441321,fechner
1183,20_epo,70.0,98.12667710299459,fechner
1184,20_epo,71.0,98.12674080319454,fechner
1185,20_epo,72.0,98.12680186876374,fechner
1186,20_epo,73.0,98.12686044300092,fechner
1187,20_epo,74.0,98.12691665959395,fechner
1188,20_epo,75.0,98.126970643383,fechner
1189,20_epo,76.0,98.12702251105405,fechner
1190,20_epo,77.0,98.12707237176961,fechner
1191,20_epo,78.0,98.1271203277434,fechner
1192,20_epo,79.0,98.1271664747644,fechner
1193,20_epo,80.0,98.12721090267544,fechner
1194,20_epo,81.0,98.1272536958106,fechner
1195,20_epo,82.0,98.12729493339563,fechner
1196,20_epo,83.0,98.12733468991476,fechner
1197,20_epo,84.0,98.12737303544719,fechner
1198,20_epo,85.0,98.127410035976,fechner
1199,20_epo,86.0,98.12744575367213,fechner
1200,20_epo,87.0,98.12748024715566,fechner
1201,20_epo,88.0,98.12751357173634,fechner
1202,20_epo,89.0,98.12754577963545,fechner
1203,20_epo,90.0,98.12757692019044,fechner
1204,20_epo,91.0,98.12760704004387,fechner
1205,20_epo,92.0,98.1276361833183,fechner
1206,20_epo,93.0,98.12766439177767,fechner
1207,20_epo,94.0,98.1276917049772,fechner
1208,20_epo,95.0,98.12771816040194,fechner
1209,21_epo,3.0,110.4014099105554,fechner
1210,21_epo,4.0,113.73190384595954,fechner
1211,21_epo,5.0,114.65357339762765,fechner
1212,21_epo,6.0,115.0705905599998,fechner
1213,21_epo,7.000000000000001,115.2999776918717,fechner
1214,21_epo,8.0,115.44107940017638,fechner
1215,21_epo,9.0,115.53455008010648,fechner
1216,21_epo,10.0,115.59986056565162,fechner
1217,21_epo,11.0,115.64738096058524,fechner
1218,21_epo,12.0,115.68307914465036,fechner
1219,21_epo,13.0,115.71059981569044,fechner
1220,21_epo,14.000000000000002,115.7322765382026,fechner
1221,21_epo,15.0,115.74966217921528,fechner
1222,21_epo,16.0,115.76382388174423,fechner
1223,21_epo,17.0,115.7755152820203,fechner
1224,21_epo,18.0,115.78528124730539,fechner
1225,21_epo,19.0,115.79352383038713,fechner
1226,21_epo,20.0,115.80054506905009,fechner
1227,21_epo,21.0,115.80657549832799,fechner
1228,21_epo,22.0,115.81179358950149,fechner
1229,21_epo,23.0,115.81633927854556,fechner
1230,21_epo,24.0,115.82032355610013,fechner
1231,21_epo,25.0,115.82383537922743,fechner
1232,21_epo,26.0,115.82694672829686,fechner
1233,21_epo,27.0,115.82971635771811,fechner
1234,21_epo,28.000000000000004,115.83219261289183,fechner
1235,21_epo,28.999999999999996,115.83441557027857,fechner
1236,21_epo,30.0,115.83641868052374,fechner
1237,21_epo,31.0,115.83823004243304,fechner
1238,21_epo,32.0,115.83987339973481,fechner
1239,21_epo,33.0,115.84136892755772,fechner
1240,21_epo,34.0,115.8427338578905,fechner
1241,21_epo,35.0,115.84398298066144,fechner
1242,21_epo,36.0,115.84512904794971,fechner
1243,21_epo,37.0,115.84618310217178,fechner
1244,21_epo,38.0,115.84715474417001,fechner
1245,21_epo,39.0,115.84805235346934,fechner
1246,21_epo,40.0,115.84888327021936,fechner
1247,21_epo,41.0,115.8496539462598,fechner
1248,21_epo,42.0,115.85037007115979,fechner
1249,21_epo,43.0,115.85103667786225,fechner
1250,21_epo,44.0,115.85165823162255,fechner
1251,21_epo,45.0,115.85223870519486,fechner
1252,21_epo,46.0,115.85278164264597,fechner
1253,21_epo,47.0,115.85329021372118,fechner
1254,21_epo,48.0,115.85376726032919,fechner
1255,21_epo,49.0,115.85421533642554,fechner
1256,21_epo,50.0,115.85463674234492,fechner
1257,21_epo,51.0,115.85503355444911,fechner
1258,21_epo,52.0,115.85540765080692,fechner
1259,21_epo,53.0,115.85576073350202,fechner
1260,21_epo,54.0,115.85609434806557,fechner
1261,21_epo,55.00000000000001,115.85640990044978,fechner
1262,21_epo,56.00000000000001,115.85670867189181,fechner
1263,21_epo,56.99999999999999,115.85699183196255,fechner
1264,21_epo,57.99999999999999,115.85726045004914,fechner
1265,21_epo,59.0,115.85751550548304,fechner
1266,21_epo,60.0,115.85775789649263,fechner
1267,21_epo,61.0,115.85798844813431,fechner
1268,21_epo,62.0,115.8582079193329,fechner
1269,21_epo,63.0,115.85841700914403,fechner
1270,21_epo,64.0,115.85861636233517,fechner
1271,21_epo,65.0,115.85880657436881,fechner
1272,21_epo,66.0,115.85898819585978,fechner
1273,21_epo,67.0,115.85916173656977,fechner
1274,21_epo,68.0,115.85932766899204,fechner
1275,21_epo,69.0,115.85948643157481,fechner
1276,21_epo,70.0,115.85963843162405,fechner
1277,21_epo,71.0,115.85978404792095,fechner
1278,21_epo,72.0,115.85992363308684,fechner
1279,21_epo,73.0,115.86005751572205,fechner
1280,21_epo,74.0,115.86018600234345,fechner
1281,21_epo,75.0,115.86030937914224,fechner
1282,21_epo,76.0,115.86042791358057,fechner
1283,21_epo,77.0,115.86054185584334,fechner
1284,21_epo,78.0,115.86065144016105,fechner
1285,21_epo,79.0,115.86075688601528,fechner
1286,21_epo,80.0,115.86085839923958,fechner
1287,21_epo,81.0,115.86095617302543,fechner
1288,21_epo,82.0,115.86105038884305,fechner
1289,21_epo,83.0,115.86114121728457,fechner
1290,21_epo,84.0,115.86122881883739,fechner
1291,21_epo,85.0,115.86131334459411,fechner
1292,21_epo,86.0,115.86139493690503,fechner
1293,21_epo,87.0,115.86147372997827,fechner
1294,21_epo,88.0,115.86154985043234,fechner
1295,21_epo,89.0,115.86162341780557,fechner
1296,21_epo,90.0,115.86169454502595,fechner
1297,21_epo,91.0,115.86176333884517,fechner
1298,21_epo,92.0,115.86182990023941,fechner
1299,21_epo,93.0,115.8618943247806,fechner
1300,21_epo,94.0,115.86195670297973,fechner
1301,21_epo,95.0,115.86201712060513,fechner
1302,22_epo,3.0,68.57302539016298,fechner
1303,22_epo,4.0,76.8483686691972,fechner
1304,22_epo,5.0,79.44477599504646,fechner
1305,22_epo,6.0,80.66985714781534,fechner
1306,22_epo,7.000000000000001,81.35778891826206,fechner
1307,22_epo,8.0,81.78603771047837,fechner
1308,22_epo,9.0,82.07189020747556,fechner
1309,22_epo,10.0,82.27265754868844,fechner
1310,22_epo,11.0,82.41927591727267,fechner
1311,22_epo,12.0,82.52971817523206,fechner
1312,22_epo,13.0,82.61503729597288,fechner
1313,22_epo,14.000000000000002,82.68234746071501,fechner
1314,22_epo,15.0,82.73640219301535,fechner
1315,22_epo,16.0,82.78047876160885,fechner
1316,22_epo,17.0,82.8168976951762,fechner
1317,22_epo,18.0,82.84734029568425,fechner
1318,22_epo,19.0,82.87304938595554,fechner
1319,22_epo,20.0,82.89496001462312,fechner
1320,22_epo,21.0,82.91378677306844,fechner
1321,22_epo,22.0,82.93008346707194,fechner
1322,22_epo,23.0,82.94428472891492,fechner
1323,22_epo,24.0,82.95673556650539,fechner
1324,22_epo,25.0,82.96771269241809,fechner
1325,22_epo,26.0,82.97744014955133,fechner
1326,22_epo,27.0,82.98610091422616,fechner
1327,22_epo,28.000000000000004,82.99384561949255,fechner
1328,22_epo,28.999999999999996,83.0007991883396,fechner
1329,22_epo,30.0,83.00706593073357,fechner
1330,22_epo,31.0,83.01273349840562,fechner
1331,22_epo,32.0,83.01787598110529,fechner
1332,22_epo,33.0,83.0225563510827,fechner
1333,22_epo,34.0,83.02682840813834,fechner
1334,22_epo,35.0,83.03073833863108,fechner
1335,22_epo,36.0,83.03432597365331,fechner
1336,22_epo,37.0,83.03762581097858,fechner
1337,22_epo,38.0,83.04066785017629,fechner
1338,22_epo,39.0,83.04347827895904,fechner
1339,22_epo,40.0,83.04608004031464,fechner
1340,22_epo,41.0,83.04849330352727,fechner
1341,22_epo,42.0,83.0507358572715,fechner
1342,22_epo,43.0,83.0528234391808,fechner
1343,22_epo,44.0,83.05477001336251,fechner
1344,22_epo,45.0,83.05658800505341,fechner
1345,22_epo,46.0,83.05828849981924,fechner
1346,22_epo,47.0,83.05988141329509,fechner
1347,22_epo,48.0,83.06137563634358,fechner
1348,22_epo,49.0,83.06277915961932,fechner
1349,22_epo,50.0,83.06409918081279,fechner
1350,22_epo,51.0,83.06534219727399,fechner
1351,22_epo,52.0,83.06651408625058,fechner
1352,22_epo,53.0,83.06762017459873,fechner
1353,22_epo,54.0,83.0686652995163,fechner
1354,22_epo,55.00000000000001,83.06965386159631,fechner
1355,22_epo,56.00000000000001,83.07058987129139,fechner
1356,22_epo,56.99999999999999,83.07147698970813,fechner
1357,22_epo,57.99999999999999,83.07231856450869,fechner
1358,22_epo,59.0,83.07311766157953,fechner
1359,22_epo,60.0,83.07387709302792,fechner
1360,22_epo,61.0,83.0745994419856,fechner
1361,22_epo,62.0,83.07528708462837,fechner
1362,22_epo,63.0,83.07594220976414,fechner
1363,22_epo,64.0,83.07656683629071,fechner
1364,22_epo,65.0,83.07716282878472,fechner
1365,22_epo,66.0,83.07773191144666,fechner
1366,22_epo,67.0,83.0782756805973,fechner
1367,22_epo,68.0,83.07879561589483,fechner
1368,22_epo,69.0,83.07929309042075,fechner
1369,22_epo,70.0,83.07976937976237,fechner
1370,22_epo,71.0,83.08022567020494,fechner
1371,22_epo,72.0,83.08066306613175,fechner
1372,22_epo,73.0,83.08108259671828,fechner
1373,22_epo,74.0,83.08148522199645,fechner
1374,22_epo,75.0,83.08187183835618,fechner
1375,22_epo,76.0,83.08224328354245,fechner
1376,22_epo,77.0,83.08260034120073,fechner
1377,22_epo,78.0,83.08294374501642,fechner
1378,22_epo,79.0,83.08327418248952,fechner
1379,22_epo,80.0,83.0835922983805,fechner
1380,22_epo,81.0,83.08389869785998,fechner
1381,22_epo,82.0,83.08419394939082,fechner
1382,22_epo,83.0,83.08447858736828,fechner
1383,22_epo,84.0,83.08475311454143,fechner
1384,22_epo,85.0,83.08501800423585,fechner
1385,22_epo,86.0,83.08527370239638,fechner
1386,22_epo,87.0,83.08552062946644,fechner
1387,22_epo,88.0,83.08575918211821,fechner
1388,22_epo,89.0,83.0859897348477,fechner
1389,22_epo,90.0,83.0862126414462,fechner
1390,22_epo,91.0,83.08642823635897,fechner
1391,22_epo,92.0,83.08663683594108,fechner
1392,22_epo,93.0,83.08683873961932,fechner
1393,22_epo,94.0,83.08703423096767,fechner
1394,22_epo,95.0,83.08722357870406,fechner
1395,23_epo,3.0,105.5173910554667,fechner
1396,23_epo,4.0,105.5173910554669,fechner
1397,23_epo,5.0,105.51739105546696,fechner
1398,23_epo,6.0,105.51739105546699,fechner
1399,23_epo,7.000000000000001,105.51739105546699,fechner
1400,23_epo,8.0,105.51739105546699,fechner
1401,23_epo,9.0,105.51739105546699,fechner
1402,23_epo,10.0,105.517391055467,fechner
1403,23_epo,11.0,105.517391055467,fechner
1404,23_epo,12.0,105.517391055467,fechner
1405,23_epo,13.0,105.517391055467,fechner
1406,23_epo,14.000000000000002,105.517391055467,fechner
1407,23_epo,15.0,105.517391055467,fechner
1408,23_epo,16.0,105.517391055467,fechner
1409,23_epo,17.0,105.517391055467,fechner
1410,23_epo,18.0,105.517391055467,fechner
1411,23_epo,19.0,105.517391055467,fechner
1412,23_epo,20.0,105.51739105546702,fechner
1413,23_epo,21.0,105.51739105546702,fechner
1414,23_epo,22.0,105.51739105546702,fechner
1415,23_epo,23.0,105.51739105546702,fechner
1416,23_epo,24.0,105.51739105546702,fechner
1417,23_epo,25.0,105.51739105546702,fechner
1418,23_epo,26.0,105.51739105546702,fechner
1419,23_epo,27.0,105.51739105546702,fechner
1420,23_epo,28.000000000000004,105.51739105546702,fechner
1421,23_epo,28.999999999999996,105.51739105546702,fechner
1422,23_epo,30.0,105.51739105546702,fechner
1423,23_epo,31.0,105.51739105546702,fechner
1424,23_epo,32.0,105.51739105546702,fechner
1425,23_epo,33.0,105.51739105546702,fechner
1426,23_epo,34.0,105.51739105546702,fechner
1427,23_epo,35.0,105.51739105546702,fechner
1428,23_epo,36.0,105.51739105546702,fechner
1429,23_epo,37.0,105.51739105546702,fechner
1430,23_epo,38.0,105.51739105546702,fechner
1431,23_epo,39.0,105.51739105546702,fechner
1432,23_epo,40.0,105.51739105546702,fechner
1433,23_epo,41.0,105.51739105546702,fechner
1434,23_epo,42.0,105.51739105546702,fechner
1435,23_epo,43.0,105.51739105546702,fechner
1436,23_epo,44.0,105.51739105546702,fechner
1437,23_epo,45.0,105.51739105546702,fechner
1438,23_epo,46.0,105.51739105546702,fechner
1439,23_epo,47.0,105.51739105546702,fechner
1440,23_epo,48.0,105.51739105546702,fechner
1441,23_epo,49.0,105.51739105546702,fechner
1442,23_epo,50.0,105.51739105546702,fechner
1443,23_epo,51.0,105.51739105546702,fechner
1444,23_epo,52.0,105.51739105546702,fechner
1445,23_epo,53.0,105.51739105546702,fechner
1446,23_epo,54.0,105.51739105546702,fechner
1447,23_epo,55.00000000000001,105.51739105546702,fechner
1448,23_epo,56.00000000000001,105.51739105546702,fechner
1449,23_epo,56.99999999999999,105.51739105546702,fechner
1450,23_epo,57.99999999999999,105.51739105546702,fechner
1451,23_epo,59.0,105.51739105546702,fechner
1452,23_epo,60.0,105.51739105546702,fechner
1453,23_epo,61.0,105.51739105546702,fechner
1454,23_epo,62.0,105.51739105546702,fechner
1455,23_epo,63.0,105.51739105546702,fechner
1456,23_epo,64.0,105.51739105546702,fechner
1457,23_epo,65.0,105.51739105546702,fechner
1458,23_epo,66.0,105.51739105546702,fechner
1459,23_epo,67.0,105.51739105546702,fechner
1460,23_epo,68.0,105.51739105546702,fechner
1461,23_epo,69.0,105.51739105546702,fechner
1462,23_epo,70.0,105.51739105546702,fechner
1463,23_epo,71.0,105.51739105546702,fechner
1464,23_epo,72.0,105.51739105546702,fechner
1465,23_epo,73.0,105.51739105546702,fechner
1466,23_epo,74.0,105.51739105546702,fechner
1467,23_epo,75.0,105.51739105546702,fechner
1468,23_epo,76.0,105.51739105546702,fechner
1469,23_epo,77.0,105.51739105546702,fechner
1470,23_epo,78.0,105.51739105546702,fechner
1471,23_epo,79.0,105.51739105546702,fechner
1472,23_epo,80.0,105.51739105546702,fechner
1473,23_epo,81.0,105.51739105546702,fechner
1474,23_epo,82.0,105.51739105546702,fechner
1475,23_epo,83.0,105.51739105546702,fechner
1476,23_epo,84.0,105.51739105546702,fechner
1477,23_epo,85.0,105.51739105546702,fechner
1478,23_epo,86.0,105.51739105546702,fechner
1479,23_epo,87.0,105.51739105546702,fechner
1480,23_epo,88.0,105.51739105546702,fechner
1481,23_epo,89.0,105.51739105546702,fechner
1482,23_epo,90.0,105.51739105546702,fechner
1483,23_epo,91.0,105.51739105546702,fechner
1484,23_epo,92.0,105.51739105546702,fechner
1485,23_epo,93.0,105.51739105546702,fechner
1486,23_epo,94.0,105.51739105546702,fechner
1487,23_epo,95.0,105.51739105546702,fechner
1488,24_epo,3.0,83.30374059077938,fechner
1489,24_epo,4.0,83.30374059077938,fechner
1490,24_epo,5.0,83.30374059077938,fechner
1491,24_epo,6.0,83.30374059077938,fechner
1492,24_epo,7.000000000000001,83.30374059077938,fechner
1493,24_epo,8.0,83.30374059077938,fechner
1494,24_epo,9.0,83.30374059077938,fechner
1495,24_epo,10.0,83.30374059077938,fechner
1496,24_epo,11.0,83.30374059077938,fechner
1497,24_epo,12.0,83.30374059077938,fechner
1498,24_epo,13.0,83.30374059077938,fechner
1499,24_epo,14.000000000000002,83.30374059077938,fechner
1500,24_epo,15.0,83.30374059077938,fechner
1501,24_epo,16.0,83.30374059077938,fechner
1502,24_epo,17.0,83.30374059077938,fechner
1503,24_epo,18.0,83.30374059077938,fechner
1504,24_epo,19.0,83.30374059077938,fechner
1505,24_epo,20.0,83.30374059077938,fechner
1506,24_epo,21.0,83.30374059077938,fechner
1507,24_epo,22.0,83.30374059077938,fechner
1508,24_epo,23.0,83.30374059077938,fechner
1509,24_epo,24.0,83.30374059077938,fechner
1510,24_epo,25.0,83.30374059077938,fechner
1511,24_epo,26.0,83.30374059077938,fechner
1512,24_epo,27.0,83.30374059077938,fechner
1513,24_epo,28.000000000000004,83.30374059077938,fechner
1514,24_epo,28.999999999999996,83.30374059077938,fechner
1515,24_epo,30.0,83.30374059077938,fechner
1516,24_epo,31.0,83.30374059077938,fechner
1517,24_epo,32.0,83.30374059077938,fechner
1518,24_epo,33.0,83.30374059077938,fechner
1519,24_epo,34.0,83.30374059077938,fechner
1520,24_epo,35.0,83.30374059077938,fechner
1521,24_epo,36.0,83.30374059077938,fechner
1522,24_epo,37.0,83.30374059077938,fechner
1523,24_epo,38.0,83.30374059077938,fechner
1524,24_epo,39.0,83.30374059077938,fechner
1525,24_epo,40.0,83.30374059077938,fechner
1526,24_epo,41.0,83.30374059077938,fechner
1527,24_epo,42.0,83.30374059077938,fechner
1528,24_epo,43.0,83.30374059077938,fechner
1529,24_epo,44.0,83.30374059077938,fechner
1530,24_epo,45.0,83.30374059077938,fechner
1531,24_epo,46.0,83.30374059077938,fechner
1532,24_epo,47.0,83.30374059077938,fechner
1533,24_epo,48.0,83.30374059077938,fechner
1534,24_epo,49.0,83.30374059077938,fechner
1535,24_epo,50.0,83.30374059077938,fechner
1536,24_epo,51.0,83.30374059077938,fechner
1537,24_epo,52.0,83.30374059077938,fechner
1538,24_epo,53.0,83.30374059077938,fechner
1539,24_epo,54.0,83.30374059077938,fechner
1540,24_epo,55.00000000000001,83.30374059077938,fechner
1541,24_epo,56.00000000000001,83.30374059077938,fechner
1542,24_epo,56.99999999999999,83.30374059077938,fechner
1543,24_epo,57.99999999999999,83.30374059077938,fechner
1544,24_epo,59.0,83.30374059077938,fechner
1545,24_epo,60.0,83.30374059077938,fechner
1546,24_epo,61.0,83.30374059077938,fechner
1547,24_epo,62.0,83.30374059077938,fechner
1548,24_epo,63.0,83.30374059077938,fechner
1549,24_epo,64.0,83.30374059077938,fechner
1550,24_epo,65.0,83.30374059077938,fechner
1551,24_epo,66.0,83.30374059077938,fechner
1552,24_epo,67.0,83.30374059077938,fechner
1553,24_epo,68.0,83.30374059077938,fechner
1554,24_epo,69.0,83.30374059077938,fechner
1555,24_epo,70.0,83.30374059077938,fechner
1556,24_epo,71.0,83.30374059077938,fechner
1557,24_epo,72.0,83.30374059077938,fechner
1558,24_epo,73.0,83.30374059077938,fechner
1559,24_epo,74.0,83.30374059077938,fechner
1560,24_epo,75.0,83.30374059077938,fechner
1561,24_epo,76.0,83.30374059077938,fechner
1562,24_epo,77.0,83.30374059077938,fechner
1563,24_epo,78.0,83.30374059077938,fechner
1564,24_epo,79.0,83.30374059077938,fechner
1565,24_epo,80.0,83.30374059077938,fechner
1566,24_epo,81.0,83.30374059077938,fechner
1567,24_epo,82.0,83.30374059077938,fechner
1568,24_epo,83.0,83.30374059077938,fechner
1569,24_epo,84.0,83.30374059077938,fechner
1570,24_epo,85.0,83.30374059077938,fechner
1571,24_epo,86.0,83.30374059077938,fechner
1572,24_epo,87.0,83.30374059077938,fechner
1573,24_epo,88.0,83.30374059077938,fechner
1574,24_epo,89.0,83.30374059077938,fechner
1575,24_epo,90.0,83.30374059077938,fechner
1576,24_epo,91.0,83.30374059077938,fechner
1577,24_epo,92.0,83.30374059077938,fechner
1578,24_epo,93.0,83.30374059077938,fechner
1579,24_epo,94.0,83.30374059077938,fechner
1580,24_epo,95.0,83.30374059077938,fechner
1581,25_epo,3.0,127.17521213166182,fechner
1582,25_epo,4.0,134.50207820860982,fechner
1583,25_epo,5.0,136.59539719875954,fechner
1584,25_epo,6.0,137.5522504166182,fechner
1585,25_epo,7.000000000000001,138.08119589638443,fechner
1586,25_epo,8.0,138.40749036002944,fechner
1587,25_epo,9.0,138.62402941881334,fechner
1588,25_epo,10.0,138.77551612615292,fechner
1589,25_epo,11.0,138.88583480673353,fechner
1590,25_epo,12.0,138.9687613612832,fechner
1591,25_epo,13.0,139.03272278758268,fechner
1592,25_epo,14.000000000000002,139.08312127095078,fechner
1593,25_epo,15.0,139.12355514711734,fechner
1594,25_epo,16.0,139.15649910734894,fechner
1595,25_epo,17.0,139.18370189890365,fechner
1596,25_epo,18.0,139.20642847487665,fechner
1597,25_epo,19.0,139.22561262241533,fechner
1598,25_epo,20.0,139.2419560843151,fechner
1599,25_epo,21.0,139.25599463534326,fechner
1600,25_epo,22.0,139.26814315654568,fechner
1601,25_epo,23.0,139.27872701928774,fechner
1602,25_epo,24.0,139.2880043416767,fechner
1603,25_epo,25.0,139.29618203505757,fechner
1604,25_epo,26.0,139.30342754782305,fechner
1605,25_epo,27.0,139.3098775782569,fechner
1606,25_epo,28.000000000000004,139.31564461979738,fechner
1607,25_epo,28.999999999999996,139.32082193460468,fechner
1608,25_epo,30.0,139.32548737294394,fechner
1609,25_epo,31.0,139.3297063349975,fechner
1610,25_epo,32.0,139.33353408854913,fechner
1611,25_epo,33.0,139.3370175979648,fechner
1612,25_epo,34.0,139.34019697890153,fechner
1613,25_epo,35.0,139.3431066638625,fechner
1614,25_epo,36.0,139.3457763425245,fechner
1615,25_epo,37.0,139.3482317252798,fechner
1616,25_epo,38.0,139.35049516701088,fechner
1617,25_epo,39.0,139.35258617961233,fechner
1618,25_epo,40.0,139.35452185538986,fechner
1619,25_epo,41.0,139.35631721862865,fechner
1620,25_epo,42.0,139.3579855189376,fechner
1621,25_epo,43.0,139.35953847714148,fechner
1622,25_epo,44.0,139.36098649229967,fechner
1623,25_epo,45.0,139.36233881672422,fechner
1624,25_epo,46.0,139.36360370453076,fechner
1625,25_epo,47.0,139.36478853820228,fechner
1626,25_epo,48.0,139.3658999368096,fechner
1627,25_epo,49.0,139.36694384886684,fechner
1628,25_epo,50.0,139.36792563226615,fechner
1629,25_epo,51.0,139.3688501233079,fechner
1630,25_epo,52.0,139.36972169649368,fechner
1631,25_epo,53.0,139.37054431646993,fechner
1632,25_epo,54.0,139.37132158327734,fechner
1633,25_epo,55.00000000000001,139.37205677187592,fechner
1634,25_epo,56.00000000000001,139.37275286675742,fechner
1635,25_epo,56.99999999999999,139.37341259233241,fechner
1636,25_epo,57.99999999999999,139.37403843967053,fechner
1637,25_epo,59.0,139.37463269008651,fechner
1638,25_epo,60.0,139.37519743598995,fechner
1639,25_epo,61.0,139.37573459935575,fechner
1640,25_epo,62.0,139.37624594812112,fechner
1641,25_epo,63.0,139.37673311077032,fechner
1642,25_epo,64.0,139.37719758933292,fechner
1643,25_epo,65.0,139.3776407709905,fechner
1644,25_epo,66.0,139.37806393845764,fechner
1645,25_epo,67.0,139.37846827928564,fechner
1646,25_epo,68.0,139.37885489421208,fechner
1647,25_epo,69.0,139.37922480466906,fechner
1648,25_epo,70.0,139.37957895954338,fechner
1649,25_epo,71.0,139.37991824127448,fechner
1650,25_epo,72.0,139.3802434713621,fechner
1651,25_epo,73.0,139.38055541534857,fechner
1652,25_epo,74.0,139.3808547873322,fechner
1653,25_epo,75.0,139.38114225406147,fechner
1654,25_epo,76.0,139.38141843865412,fechner
1655,25_epo,77.0,139.3816839239795,fechner
1656,25_epo,78.0,139.38193925573907,fechner
1657,25_epo,79.0,139.38218494527533,fechner
1658,25_epo,80.0,139.38242147213566,fechner
1659,25_epo,81.0,139.3826492864165,fechner
1660,25_epo,82.0,139.38286881090718,fechner
1661,25_epo,83.0,139.38308044305512,fechner
1662,25_epo,84.0,139.3832845567667,fechner
1663,25_epo,85.0,139.38348150406165,fechner
1664,25_epo,86.0,139.38367161659252,fechner
1665,25_epo,87.0,139.38385520704293,fechner
1666,25_epo,88.0,139.384032570415,fechner
1667,25_epo,89.0,139.3842039852158,fechner
1668,25_epo,90.0,139.38436971455204,fechner
1669,25_epo,91.0,139.38453000714108,fechner
1670,25_epo,92.0,139.384685098245,fechner
1671,25_epo,93.0,139.38483521053507,fechner
1672,25_epo,94.0,139.3849805548916,fechner
1673,25_epo,95.0,139.3851213311457,fechner
1674,2_epo,3.0,105.3764473164682,fechner
1675,2_epo,4.0,105.3764473164682,fechner
1676,2_epo,5.0,105.3764473164682,fechner
1677,2_epo,6.0,105.3764473164682,fechner
1678,2_epo,7.000000000000001,105.3764473164682,fechner
1679,2_epo,8.0,105.3764473164682,fechner
1680,2_epo,9.0,105.3764473164682,fechner
1681,2_epo,10.0,105.3764473164682,fechner
1682,2_epo,11.0,105.3764473164682,fechner
1683,2_epo,12.0,105.3764473164682,fechner
1684,2_epo,13.0,105.3764473164682,fechner
1685,2_epo,14.000000000000002,105.3764473164682,fechner
1686,2_epo,15.0,105.3764473164682,fechner
1687,2_epo,16.0,105.3764473164682,fechner
1688,2_epo,17.0,105.3764473164682,fechner
1689,2_epo,18.0,105.3764473164682,fechner
1690,2_epo,19.0,105.3764473164682,fechner
1691,2_epo,20.0,105.3764473164682,fechner
1692,2_epo,21.0,105.3764473164682,fechner
1693,2_epo,22.0,105.3764473164682,fechner
1694,2_epo,23.0,105.3764473164682,fechner
1695,2_epo,24.0,105.3764473164682,fechner
1696,2_epo,25.0,105.3764473164682,fechner
1697,2_epo,26.0,105.3764473164682,fechner
1698,2_epo,27.0,105.3764473164682,fechner
1699,2_epo,28.000000000000004,105.3764473164682,fechner
1700,2_epo,28.999999999999996,105.3764473164682,fechner
1701,2_epo,30.0,105.3764473164682,fechner
1702,2_epo,31.0,105.3764473164682,fechner
1703,2_epo,32.0,105.3764473164682,fechner
1704,2_epo,33.0,105.3764473164682,fechner
1705,2_epo,34.0,105.3764473164682,fechner
1706,2_epo,35.0,105.3764473164682,fechner
1707,2_epo,36.0,105.3764473164682,fechner
1708,2_epo,37.0,105.3764473164682,fechner
1709,2_epo,38.0,105.3764473164682,fechner
1710,2_epo,39.0,105.3764473164682,fechner
1711,2_epo,40.0,105.3764473164682,fechner
1712,2_epo,41.0,105.3764473164682,fechner
1713,2_epo,42.0,105.3764473164682,fechner
1714,2_epo,43.0,105.3764473164682,fechner
1715,2_epo,44.0,105.3764473164682,fechner
1716,2_epo,45.0,105.3764473164682,fechner
1717,2_epo,46.0,105.3764473164682,fechner
1718,2_epo,47.0,105.3764473164682,fechner
1719,2_epo,48.0,105.3764473164682,fechner
1720,2_epo,49.0,105.3764473164682,fechner
1721,2_epo,50.0,105.3764473164682,fechner
1722,2_epo,51.0,105.3764473164682,fechner
1723,2_epo,52.0,105.3764473164682,fechner
1724,2_epo,53.0,105.3764473164682,fechner
1725,2_epo,54.0,105.3764473164682,fechner
1726,2_epo,55.00000000000001,105.3764473164682,fechner
1727,2_epo,56.00000000000001,105.3764473164682,fechner
1728,2_epo,56.99999999999999,105.3764473164682,fechner
1729,2_epo,57.99999999999999,105.3764473164682,fechner
1730,2_epo,59.0,105.3764473164682,fechner
1731,2_epo,60.0,105.3764473164682,fechner
1732,2_epo,61.0,105.3764473164682,fechner
1733,2_epo,62.0,105.3764473164682,fechner
1734,2_epo,63.0,105.3764473164682,fechner
1735,2_epo,64.0,105.3764473164682,fechner
1736,2_epo,65.0,105.3764473164682,fechner
1737,2_epo,66.0,105.3764473164682,fechner
1738,2_epo,67.0,105.3764473164682,fechner
1739,2_epo,68.0,105.3764473164682,fechner
1740,2_epo,69.0,105.3764473164682,fechner
1741,2_epo,70.0,105.3764473164682,fechner
1742,2_epo,71.0,105.3764473164682,fechner
1743,2_epo,72.0,105.3764473164682,fechner
1744,2_epo,73.0,105.3764473164682,fechner
1745,2_epo,74.0,105.3764473164682,fechner
1746,2_epo,75.0,105.3764473164682,fechner
1747,2_epo,76.0,105.3764473164682,fechner
1748,2_epo,77.0,105.3764473164682,fechner
1749,2_epo,78.0,105.3764473164682,fechner
1750,2_epo,79.0,105.3764473164682,fechner
1751,2_epo,80.0,105.3764473164682,fechner
1752,2_epo,81.0,105.3764473164682,fechner
1753,2_epo,82.0,105.3764473164682,fechner
1754,2_epo,83.0,105.3764473164682,fechner
1755,2_epo,84.0,105.3764473164682,fechner
1756,2_epo,85.0,105.3764473164682,fechner
1757,2_epo,86.0,105.3764473164682,fechner
1758,2_epo,87.0,105.3764473164682,fechner
1759,2_epo,88.0,105.3764473164682,fechner
1760,2_epo,89.0,105.3764473164682,fechner
1761,2_epo,90.0,105.3764473164682,fechner
1762,2_epo,91.0,105.3764473164682,fechner
1763,2_epo,92.0,105.3764473164682,fechner
1764,2_epo,93.0,105.3764473164682,fechner
1765,2_epo,94.0,105.3764473164682,fechner
1766,2_epo,95.0,105.3764473164682,fechner
1767,3_epo,3.0,118.32534597095021,fechner
1768,3_epo,4.0,118.32534597095021,fechner
1769,3_epo,5.0,118.32534597095021,fechner
1770,3_epo,6.0,118.32534597095021,fechner
1771,3_epo,7.000000000000001,118.32534597095021,fechner
1772,3_epo,8.0,118.32534597095021,fechner
1773,3_epo,9.0,118.32534597095021,fechner
1774,3_epo,10.0,118.32534597095021,fechner
1775,3_epo,11.0,118.32534597095021,fechner
1776,3_epo,12.0,118.32534597095021,fechner
1777,3_epo,13.0,118.32534597095021,fechner
1778,3_epo,14.000000000000002,118.32534597095021,fechner
1779,3_epo,15.0,118.32534597095021,fechner
1780,3_epo,16.0,118.32534597095021,fechner
1781,3_epo,17.0,118.32534597095021,fechner
1782,3_epo,18.0,118.32534597095021,fechner
1783,3_epo,19.0,118.32534597095021,fechner
1784,3_epo,20.0,118.32534597095021,fechner
1785,3_epo,21.0,118.32534597095021,fechner
1786,3_epo,22.0,118.32534597095021,fechner
1787,3_epo,23.0,118.32534597095021,fechner
1788,3_epo,24.0,118.32534597095021,fechner
1789,3_epo,25.0,118.32534597095021,fechner
1790,3_epo,26.0,118.32534597095021,fechner
1791,3_epo,27.0,118.32534597095021,fechner
1792,3_epo,28.000000000000004,118.32534597095021,fechner
1793,3_epo,28.999999999999996,118.32534597095021,fechner
1794,3_epo,30.0,118.32534597095021,fechner
1795,3_epo,31.0,118.32534597095021,fechner
1796,3_epo,32.0,118.32534597095021,fechner
1797,3_epo,33.0,118.32534597095021,fechner
1798,3_epo,34.0,118.32534597095021,fechner
1799,3_epo,35.0,118.32534597095021,fechner
1800,3_epo,36.0,118.32534597095021,fechner
1801,3_epo,37.0,118.32534597095021,fechner
1802,3_epo,38.0,118.32534597095021,fechner
1803,3_epo,39.0,118.32534597095021,fechner
1804,3_epo,40.0,118.32534597095021,fechner
1805,3_epo,41.0,118.32534597095021,fechner
1806,3_epo,42.0,118.32534597095021,fechner
1807,3_epo,43.0,118.32534597095021,fechner
1808,3_epo,44.0,118.32534597095021,fechner
1809,3_epo,45.0,118.32534597095021,fechner
1810,3_epo,46.0,118.32534597095021,fechner
1811,3_epo,47.0,118.32534597095021,fechner
1812,3_epo,48.0,118.32534597095021,fechner
1813,3_epo,49.0,118.32534597095021,fechner
1814,3_epo,50.0,118.32534597095021,fechner
1815,3_epo,51.0,118.32534597095021,fechner
1816,3_epo,52.0,118.32534597095021,fechner
1817,3_epo,53.0,118.32534597095021,fechner
1818,3_epo,54.0,118.32534597095021,fechner
1819,3_epo,55.00000000000001,118.32534597095021,fechner
1820,3_epo,56.00000000000001,118.32534597095021,fechner
1821,3_epo,56.99999999999999,118.32534597095021,fechner
1822,3_epo,57.99999999999999,118.32534597095021,fechner
1823,3_epo,59.0,118.32534597095021,fechner
1824,3_epo,60.0,118.32534597095021,fechner
1825,3_epo,61.0,118.32534597095021,fechner
1826,3_epo,62.0,118.32534597095021,fechner
1827,3_epo,63.0,118.32534597095021,fechner
1828,3_epo,64.0,118.32534597095021,fechner
1829,3_epo,65.0,118.32534597095021,fechner
1830,3_epo,66.0,118.32534597095021,fechner
1831,3_epo,67.0,118.32534597095021,fechner
1832,3_epo,68.0,118.32534597095021,fechner
1833,3_epo,69.0,118.32534597095021,fechner
1834,3_epo,70.0,118.32534597095021,fechner
1835,3_epo,71.0,118.32534597095021,fechner
1836,3_epo,72.0,118.32534597095021,fechner
1837,3_epo,73.0,118.32534597095021,fechner
1838,3_epo,74.0,118.32534597095021,fechner
1839,3_epo,75.0,118.32534597095021,fechner
1840,3_epo,76.0,118.32534597095021,fechner
1841,3_epo,77.0,118.32534597095021,fechner
1842,3_epo,78.0,118.32534597095021,fechner
1843,3_epo,79.0,118.32534597095021,fechner
1844,3_epo,80.0,118.32534597095021,fechner
1845,3_epo,81.0,118.32534597095021,fechner
1846,3_epo,82.0,118.32534597095021,fechner
1847,3_epo,83.0,118.32534597095021,fechner
1848,3_epo,84.0,118.32534597095021,fechner
1849,3_epo,85.0,118.32534597095021,fechner
1850,3_epo,86.0,118.32534597095021,fechner
1851,3_epo,87.0,118.32534597095021,fechner
1852,3_epo,88.0,118.32534597095021,fechner
1853,3_epo,89.0,118.32534597095021,fechner
1854,3_epo,90.0,118.32534597095021,fechner
1855,3_epo,91.0,118.32534597095021,fechner
1856,3_epo,92.0,118.32534597095021,fechner
1857,3_epo,93.0,118.32534597095021,fechner
1858,3_epo,94.0,118.32534597095021,fechner
1859,3_epo,95.0,118.32534597095021,fechner
1860,4_epo,3.0,99.90277782922111,fechner
1861,4_epo,4.0,99.90306103434445,fechner
1862,4_epo,5.0,99.90313524997605,fechner
1863,4_epo,6.0,99.903168271141,fechner
1864,4_epo,7.000000000000001,99.90318628952481,fechner
1865,4_epo,8.0,99.90319732229263,fechner
1866,4_epo,9.0,99.90320460960176,fechner
1867,4_epo,10.0,99.90320969146042,fechner
1868,4_epo,11.0,99.90321338391107,fechner
1869,4_epo,12.0,99.90321615490019,fechner
1870,4_epo,13.0,99.90321828946372,fechner
1871,4_epo,14.000000000000002,99.90321996973825,fechner
1872,4_epo,15.0,99.9032213167402,fechner
1873,4_epo,16.0,99.90322241353186,fechner
1874,4_epo,17.0,99.90322331871585,fechner
1875,4_epo,18.0,99.9032240746269,fechner
1876,4_epo,19.0,99.9032247124827,fechner
1877,4_epo,20.0,99.9032252557221,fechner
1878,4_epo,21.0,99.90322572222672,fechner
1879,4_epo,22.0,99.90322612583421,fechner
1880,4_epo,23.0,99.90322647739066,fechner
1881,4_epo,24.0,99.90322678549606,fechner
1882,4_epo,25.0,99.90322705704135,fechner
1883,4_epo,26.0,99.90322729760109,fechner
1884,4_epo,27.0,99.90322751172465,fechner
1885,4_epo,28.000000000000004,99.9032277031547,fechner
1886,4_epo,28.999999999999996,99.9032278749933,fechner
1887,4_epo,30.0,99.90322802982928,fechner
1888,4_epo,31.0,99.90322816983695,fechner
1889,4_epo,32.0,99.90322829685344,fechner
1890,4_epo,33.0,99.9032284124396,fechner
1891,4_epo,34.0,99.90322851792845,fechner
1892,4_epo,35.0,99.90322861446398,fechner
1893,4_epo,36.0,99.90322870303251,fechner
1894,4_epo,37.0,99.90322878448802,fechner
1895,4_epo,38.0,99.90322885957299,fechner
1896,4_epo,39.0,99.90322892893538,fechner
1897,4_epo,40.0,99.90322899314278,fechner
1898,4_epo,41.0,99.903229052694,fechner
1899,4_epo,42.0,99.90322910802898,fechner
1900,4_epo,43.0,99.9032291595368,fechner
1901,4_epo,44.0,99.90322920756269,fechner
1902,4_epo,45.0,99.90322925241375,fechner
1903,4_epo,46.0,99.90322929436394,fechner
1904,4_epo,47.0,99.90322933365832,fechner
1905,4_epo,48.0,99.90322937051651,fechner
1906,4_epo,49.0,99.90322940513597,fechner
1907,4_epo,50.0,99.90322943769448,fechner
1908,4_epo,51.0,99.9032294683525,fechner
1909,4_epo,52.0,99.90322949725524,fechner
1910,4_epo,53.0,99.9032295245342,fechner
1911,4_epo,54.0,99.90322955030884,fechner
1912,4_epo,55.00000000000001,99.90322957468783,fechner
1913,4_epo,56.00000000000001,99.90322959777018,fechner
1914,4_epo,56.99999999999999,99.90322961964627,fechner
1915,4_epo,57.99999999999999,99.90322964039876,fechner
1916,4_epo,59.0,99.90322966010332,fechner
1917,4_epo,60.0,99.90322967882936,fechner
1918,4_epo,61.0,99.90322969664065,fechner
1919,4_epo,62.0,99.9032297135958,fechner
1920,4_epo,63.0,99.90322972974887,fechner
1921,4_epo,64.0,99.90322974514967,fechner
1922,4_epo,65.0,99.90322975984421,fechner
1923,4_epo,66.0,99.90322977387503,fechner
1924,4_epo,67.0,99.90322978728153,fechner
1925,4_epo,68.0,99.90322980010022,fechner
1926,4_epo,69.0,99.90322981236497,fechner
1927,4_epo,70.0,99.90322982410726,fechner
1928,4_epo,71.0,99.90322983535634,fechner
1929,4_epo,72.0,99.90322984613947,fechner
1930,4_epo,73.0,99.90322985648204,fechner
1931,4_epo,74.0,99.90322986640773,fechner
1932,4_epo,75.0,99.90322987593866,fechner
1933,4_epo,76.0,99.90322988509548,fechner
1934,4_epo,77.0,99.90322989389753,fechner
1935,4_epo,78.0,99.90322990236291,fechner
1936,4_epo,79.0,99.90322991050857,fechner
1937,4_epo,80.0,99.9032299183504,fechner
1938,4_epo,81.0,99.90322992590336,fechner
1939,4_epo,82.0,99.90322993318146,fechner
1940,4_epo,83.0,99.90322994019785,fechner
1941,4_epo,84.0,99.90322994696496,fechner
1942,4_epo,85.0,99.90322995349446,fechner
1943,4_epo,86.0,99.90322995979733,fechner
1944,4_epo,87.0,99.90322996588397,fechner
1945,4_epo,88.0,99.90322997176412,fechner
1946,4_epo,89.0,99.90322997744707,fechner
1947,4_epo,90.0,99.90322998294148,fechner
1948,4_epo,91.0,99.90322998825566,fechner
1949,4_epo,92.0,99.90322999339736,fechner
1950,4_epo,93.0,99.90322999837399,fechner
1951,4_epo,94.0,99.90323000319253,fechner
1952,4_epo,95.0,99.90323000785963,fechner
1953,5_epo,3.0,85.65141849834052,fechner
1954,5_epo,4.0,85.65141849834052,fechner
1955,5_epo,5.0,85.65141849834052,fechner
1956,5_epo,6.0,85.65141849834052,fechner
1957,5_epo,7.000000000000001,85.65141849834052,fechner
1958,5_epo,8.0,85.65141849834052,fechner
1959,5_epo,9.0,85.65141849834052,fechner
1960,5_epo,10.0,85.65141849834052,fechner
1961,5_epo,11.0,85.65141849834052,fechner
1962,5_epo,12.0,85.65141849834052,fechner
1963,5_epo,13.0,85.65141849834052,fechner
1964,5_epo,14.000000000000002,85.65141849834052,fechner
1965,5_epo,15.0,85.65141849834052,fechner
1966,5_epo,16.0,85.65141849834052,fechner
1967,5_epo,17.0,85.65141849834052,fechner
1968,5_epo,18.0,85.65141849834052,fechner
1969,5_epo,19.0,85.65141849834052,fechner
1970,5_epo,20.0,85.65141849834052,fechner
1971,5_epo,21.0,85.65141849834052,fechner
1972,5_epo,22.0,85.65141849834052,fechner
1973,5_epo,23.0,85.65141849834052,fechner
1974,5_epo,24.0,85.65141849834052,fechner
1975,5_epo,25.0,85.65141849834052,fechner
1976,5_epo,26.0,85.65141849834052,fechner
1977,5_epo,27.0,85.65141849834052,fechner
1978,5_epo,28.000000000000004,85.65141849834052,fechner
1979,5_epo,28.999999999999996,85.65141849834052,fechner
1980,5_epo,30.0,85.65141849834052,fechner
1981,5_epo,31.0,85.65141849834052,fechner
1982,5_epo,32.0,85.65141849834052,fechner
1983,5_epo,33.0,85.65141849834052,fechner
1984,5_epo,34.0,85.65141849834052,fechner
1985,5_epo,35.0,85.65141849834052,fechner
1986,5_epo,36.0,85.65141849834052,fechner
1987,5_epo,37.0,85.65141849834052,fechner
1988,5_epo,38.0,85.65141849834052,fechner
1989,5_epo,39.0,85.65141849834052,fechner
1990,5_epo,40.0,85.65141849834052,fechner
1991,5_epo,41.0,85.65141849834052,fechner
1992,5_epo,42.0,85.65141849834052,fechner
1993,5_epo,43.0,85.65141849834052,fechner
1994,5_epo,44.0,85.65141849834052,fechner
1995,5_epo,45.0,85.65141849834052,fechner
1996,5_epo,46.0,85.65141849834052,fechner
1997,5_epo,47.0,85.65141849834052,fechner
1998,5_epo,48.0,85.65141849834052,fechner
1999,5_epo,49.0,85.65141849834052,fechner
2000,5_epo,50.0,85.65141849834052,fechner
2001,5_epo,51.0,85.65141849834052,fechner
2002,5_epo,52.0,85.65141849834052,fechner
2003,5_epo,53.0,85.65141849834052,fechner
2004,5_epo,54.0,85.65141849834052,fechner
2005,5_epo,55.00000000000001,85.65141849834052,fechner
2006,5_epo,56.00000000000001,85.65141849834052,fechner
2007,5_epo,56.99999999999999,85.65141849834052,fechner
2008,5_epo,57.99999999999999,85.65141849834052,fechner
2009,5_epo,59.0,85.65141849834052,fechner
2010,5_epo,60.0,85.65141849834052,fechner
2011,5_epo,61.0,85.65141849834052,fechner
2012,5_epo,62.0,85.65141849834052,fechner
2013,5_epo,63.0,85.65141849834052,fechner
2014,5_epo,64.0,85.65141849834052,fechner
2015,5_epo,65.0,85.65141849834052,fechner
2016,5_epo,66.0,85.65141849834052,fechner
2017,5_epo,67.0,85.65141849834052,fechner
2018,5_epo,68.0,85.65141849834052,fechner
2019,5_epo,69.0,85.65141849834052,fechner
2020,5_epo,70.0,85.65141849834052,fechner
2021,5_epo,71.0,85.65141849834052,fechner
2022,5_epo,72.0,85.65141849834052,fechner
2023,5_epo,73.0,85.65141849834052,fechner
2024,5_epo,74.0,85.65141849834052,fechner
2025,5_epo,75.0,85.65141849834052,fechner
2026,5_epo,76.0,85.65141849834052,fechner
2027,5_epo,77.0,85.65141849834052,fechner
2028,5_epo,78.0,85.65141849834052,fechner
2029,5_epo,79.0,85.65141849834052,fechner
2030,5_epo,80.0,85.65141849834052,fechner
2031,5_epo,81.0,85.65141849834052,fechner
2032,5_epo,82.0,85.65141849834052,fechner
2033,5_epo,83.0,85.65141849834052,fechner
2034,5_epo,84.0,85.65141849834052,fechner
2035,5_epo,85.0,85.65141849834052,fechner
2036,5_epo,86.0,85.65141849834052,fechner
2037,5_epo,87.0,85.65141849834052,fechner
2038,5_epo,88.0,85.65141849834052,fechner
2039,5_epo,89.0,85.65141849834052,fechner
2040,5_epo,90.0,85.65141849834052,fechner
2041,5_epo,91.0,85.65141849834052,fechner
2042,5_epo,92.0,85.65141849834052,fechner
2043,5_epo,93.0,85.65141849834052,fechner
2044,5_epo,94.0,85.65141849834052,fechner
2045,5_epo,95.0,85.65141849834052,fechner
2046,6_epo,3.0,82.93216277774391,fechner
2047,6_epo,4.0,91.43666842921289,fechner
2048,6_epo,5.0,94.0342819962389,fechner
2049,6_epo,6.0,95.24849113661791,fechner
2050,6_epo,7.000000000000001,95.9271317064557,fechner
2051,6_epo,8.0,96.34844497900174,fechner
2052,6_epo,9.0,96.62917774328885,fechner
2053,6_epo,10.0,96.82611503647766,fechner
2054,6_epo,11.0,96.96981441319494,fechner
2055,6_epo,12.0,97.0779899936156,fechner
2056,6_epo,13.0,97.16151813365714,fechner
2057,6_epo,14.000000000000002,97.22739081163496,fechner
2058,6_epo,15.0,97.28027547742178,fechner
2059,6_epo,16.0,97.32338764204061,fechner
2060,6_epo,17.0,97.35900272661138,fechner
2061,6_epo,18.0,97.38876853341189,fechner
2062,6_epo,19.0,97.41390262101712,fechner
2063,6_epo,20.0,97.43532071407374,fechner
2064,6_epo,21.0,97.45372243132549,fechner
2065,6_epo,22.0,97.46964983924963,fechner
2066,6_epo,23.0,97.48352826535783,fechner
2067,6_epo,24.0,97.49569526838006,fechner
2068,6_epo,25.0,97.50642154208772,fechner
2069,6_epo,26.0,97.51592622475087,fechner
2070,6_epo,27.0,97.52438826438355,fechner
2071,6_epo,28.000000000000004,97.53195496120087,fechner
2072,6_epo,28.999999999999996,97.53874846194329,fechner
2073,6_epo,30.0,97.54487074925545,fechner
2074,6_epo,31.0,97.55040751229005,fechner
2075,6_epo,32.0,97.55543117659413,fechner
2076,6_epo,33.0,97.56000329586843,fechner
2077,6_epo,34.0,97.56417645483046,fechner
2078,6_epo,35.0,97.56799579423786,fechner
2079,6_epo,36.0,97.57150024151086,fechner
2080,6_epo,37.0,97.57472351020654,fechner
2081,6_epo,38.0,97.57769491669923,fechner
2082,6_epo,39.0,97.58044005132435,fechner
2083,6_epo,40.0,97.5829813329077,fechner
2084,6_epo,41.0,97.58533846928881,fechner
2085,6_epo,42.0,97.58752884163037,fechner
2086,6_epo,43.0,97.58956782660296,fechner
2087,6_epo,44.0,97.59146906766847,fechner
2088,6_epo,45.0,97.59324470445483,fechner
2089,6_epo,46.0,97.59490556746417,fechner
2090,6_epo,47.0,97.59646134397816,fechner
2091,6_epo,48.0,97.59792071993171,fechner
2092,6_epo,49.0,97.59929150165355,fechner
2093,6_epo,50.0,97.60058072067588,fechner
2094,6_epo,51.0,97.60179472425213,fechner
2095,6_epo,52.0,97.60293925376881,fechner
2096,6_epo,53.0,97.60401951286725,fechner
2097,6_epo,54.0,97.60504022679096,fechner
2098,6_epo,55.00000000000001,97.60600569422733,fechner
2099,6_epo,56.00000000000001,97.60691983270924,fechner
2100,6_epo,56.99999999999999,97.60778621847562,fechner
2101,6_epo,57.99999999999999,97.60860812155052,fechner
2102,6_epo,59.0,97.6093885366856,fechner
2103,6_epo,60.0,97.61013021071408,fechner
2104,6_epo,61.0,97.6108356667844,fechner
2105,6_epo,62.0,97.61150722587409,fechner
2106,6_epo,63.0,97.61214702592672,fechner
2107,6_epo,64.0,97.61275703890816,fechner
2108,6_epo,65.0,97.61333908603623,fechner
2109,6_epo,66.0,97.61389485140435,fechner
2110,6_epo,67.0,97.61442589418982,fechner
2111,6_epo,68.0,97.61493365961218,fechner
2112,6_epo,69.0,97.61541948878583,fechner
2113,6_epo,70.0,97.61588462759333,fechner
2114,6_epo,71.0,97.61633023468775,fechner
2115,6_epo,72.0,97.61675738872181,fechner
2116,6_epo,73.0,97.6171670948872,fechner
2117,6_epo,74.0,97.61756029083847,fechner
2118,6_epo,75.0,97.61793785206719,fechner
2119,6_epo,76.0,97.6183005967833,fechner
2120,6_epo,77.0,97.6186492903552,fechner
2121,6_epo,78.0,97.61898464935328,fechner
2122,6_epo,79.0,97.61930734523709,fechner
2123,6_epo,80.0,97.61961800772117,fechner
2124,6_epo,81.0,97.61991722785174,fechner
2125,6_epo,82.0,97.62020556082187,fechner
2126,6_epo,83.0,97.62048352855055,fechner
2127,6_epo,84.0,97.62075162204735,fechner
2128,6_epo,85.0,97.62101030358409,fechner
2129,6_epo,86.0,97.62126000868975,fechner
2130,6_epo,87.0,97.62150114798615,fechner
2131,6_epo,88.0,97.62173410887819,fechner
2132,6_epo,89.0,97.62195925711137,fechner
2133,6_epo,90.0,97.62217693820946,fechner
2134,6_epo,91.0,97.62238747880124,fechner
2135,6_epo,92.0,97.62259118784738,fechner
2136,6_epo,93.0,97.62278835777514,fechner
2137,6_epo,94.0,97.6229792655288,fechner
2138,6_epo,95.0,97.62316417354334,fechner
2139,7_epo,3.0,98.81136328287624,fechner
2140,7_epo,4.0,98.81136328287624,fechner
2141,7_epo,5.0,98.81136328287624,fechner
2142,7_epo,6.0,98.81136328287624,fechner
2143,7_epo,7.000000000000001,98.81136328287624,fechner
2144,7_epo,8.0,98.81136328287624,fechner
2145,7_epo,9.0,98.81136328287624,fechner
2146,7_epo,10.0,98.81136328287624,fechner
2147,7_epo,11.0,98.81136328287624,fechner
2148,7_epo,12.0,98.81136328287624,fechner
2149,7_epo,13.0,98.81136328287624,fechner
2150,7_epo,14.000000000000002,98.81136328287624,fechner
2151,7_epo,15.0,98.81136328287624,fechner
2152,7_epo,16.0,98.81136328287624,fechner
2153,7_epo,17.0,98.81136328287624,fechner
2154,7_epo,18.0,98.81136328287624,fechner
2155,7_epo,19.0,98.81136328287624,fechner
2156,7_epo,20.0,98.81136328287624,fechner
2157,7_epo,21.0,98.81136328287624,fechner
2158,7_epo,22.0,98.81136328287624,fechner
2159,7_epo,23.0,98.81136328287624,fechner
2160,7_epo,24.0,98.81136328287624,fechner
2161,7_epo,25.0,98.81136328287624,fechner
2162,7_epo,26.0,98.81136328287624,fechner
2163,7_epo,27.0,98.81136328287624,fechner
2164,7_epo,28.000000000000004,98.81136328287624,fechner
2165,7_epo,28.999999999999996,98.81136328287624,fechner
2166,7_epo,30.0,98.81136328287624,fechner
2167,7_epo,31.0,98.81136328287624,fechner
2168,7_epo,32.0,98.81136328287624,fechner
2169,7_epo,33.0,98.81136328287624,fechner
2170,7_epo,34.0,98.81136328287624,fechner
2171,7_epo,35.0,98.81136328287624,fechner
2172,7_epo,36.0,98.81136328287624,fechner
2173,7_epo,37.0,98.81136328287624,fechner
2174,7_epo,38.0,98.81136328287624,fechner
2175,7_epo,39.0,98.81136328287624,fechner
2176,7_epo,40.0,98.81136328287624,fechner
2177,7_epo,41.0,98.81136328287624,fechner
2178,7_epo,42.0,98.81136328287624,fechner
2179,7_epo,43.0,98.81136328287624,fechner
2180,7_epo,44.0,98.81136328287624,fechner
2181,7_epo,45.0,98.81136328287624,fechner
2182,7_epo,46.0,98.81136328287624,fechner
2183,7_epo,47.0,98.81136328287624,fechner
2184,7_epo,48.0,98.81136328287624,fechner
2185,7_epo,49.0,98.81136328287624,fechner
2186,7_epo,50.0,98.81136328287624,fechner
2187,7_epo,51.0,98.81136328287624,fechner
2188,7_epo,52.0,98.81136328287624,fechner
2189,7_epo,53.0,98.81136328287624,fechner
2190,7_epo,54.0,98.81136328287624,fechner
2191,7_epo,55.00000000000001,98.81136328287624,fechner
2192,7_epo,56.00000000000001,98.81136328287624,fechner
2193,7_epo,56.99999999999999,98.81136328287624,fechner
2194,7_epo,57.99999999999999,98.81136328287624,fechner
2195,7_epo,59.0,98.81136328287624,fechner
2196,7_epo,60.0,98.81136328287624,fechner
2197,7_epo,61.0,98.81136328287624,fechner
2198,7_epo,62.0,98.81136328287624,fechner
2199,7_epo,63.0,98.81136328287624,fechner
2200,7_epo,64.0,98.81136328287624,fechner
2201,7_epo,65.0,98.81136328287624,fechner
2202,7_epo,66.0,98.81136328287624,fechner
2203,7_epo,67.0,98.81136328287624,fechner
2204,7_epo,68.0,98.81136328287624,fechner
2205,7_epo,69.0,98.81136328287624,fechner
2206,7_epo,70.0,98.81136328287624,fechner
2207,7_epo,71.0,98.81136328287624,fechner
2208,7_epo,72.0,98.81136328287624,fechner
2209,7_epo,73.0,98.81136328287624,fechner
2210,7_epo,74.0,98.81136328287624,fechner
2211,7_epo,75.0,98.81136328287624,fechner
2212,7_epo,76.0,98.81136328287624,fechner
2213,7_epo,77.0,98.81136328287624,fechner
2214,7_epo,78.0,98.81136328287624,fechner
2215,7_epo,79.0,98.81136328287624,fechner
2216,7_epo,80.0,98.81136328287624,fechner
2217,7_epo,81.0,98.81136328287624,fechner
2218,7_epo,82.0,98.81136328287624,fechner
2219,7_epo,83.0,98.81136328287624,fechner
2220,7_epo,84.0,98.81136328287624,fechner
2221,7_epo,85.0,98.81136328287624,fechner
2222,7_epo,86.0,98.81136328287624,fechner
2223,7_epo,87.0,98.81136328287624,fechner
2224,7_epo,88.0,98.81136328287624,fechner
2225,7_epo,89.0,98.81136328287624,fechner
2226,7_epo,90.0,98.81136328287624,fechner
2227,7_epo,91.0,98.81136328287624,fechner
2228,7_epo,92.0,98.81136328287624,fechner
2229,7_epo,93.0,98.81136328287624,fechner
2230,7_epo,94.0,98.81136328287624,fechner
2231,7_epo,95.0,98.81136328287624,fechner
2232,8_epo,3.0,91.04377816126684,fechner
2233,8_epo,4.0,91.0437781629044,fechner
2234,8_epo,5.0,91.04377816333346,fechner
2235,8_epo,6.0,91.04377816352437,fechner
2236,8_epo,7.000000000000001,91.04377816362853,fechner
2237,8_epo,8.0,91.04377816369231,fechner
2238,8_epo,9.0,91.04377816373443,fechner
2239,8_epo,10.0,91.04377816376382,fechner
2240,8_epo,11.0,91.04377816378516,fechner
2241,8_epo,12.0,91.04377816380118,fechner
2242,8_epo,13.0,91.04377816381353,fechner
2243,8_epo,14.000000000000002,91.04377816382322,fechner
2244,8_epo,15.0,91.04377816383102,fechner
2245,8_epo,16.0,91.04377816383735,fechner
2246,8_epo,17.0,91.04377816384259,fechner
2247,8_epo,18.0,91.04377816384695,fechner
2248,8_epo,19.0,91.04377816385065,fechner
2249,8_epo,20.0,91.04377816385379,fechner
2250,8_epo,21.0,91.04377816385649,fechner
2251,8_epo,22.0,91.04377816385882,fechner
2252,8_epo,23.0,91.04377816386085,fechner
2253,8_epo,24.0,91.04377816386264,fechner
2254,8_epo,25.0,91.0437781638642,fechner
2255,8_epo,26.0,91.0437781638656,fechner
2256,8_epo,27.0,91.04377816386683,fechner
2257,8_epo,28.000000000000004,91.04377816386794,fechner
2258,8_epo,28.999999999999996,91.04377816386892,fechner
2259,8_epo,30.0,91.04377816386983,fechner
2260,8_epo,31.0,91.04377816387063,fechner
2261,8_epo,32.0,91.04377816387137,fechner
2262,8_epo,33.0,91.04377816387203,fechner
2263,8_epo,34.0,91.04377816387264,fechner
2264,8_epo,35.0,91.0437781638732,fechner
2265,8_epo,36.0,91.04377816387371,fechner
2266,8_epo,37.0,91.04377816387418,fechner
2267,8_epo,38.0,91.04377816387463,fechner
2268,8_epo,39.0,91.04377816387502,fechner
2269,8_epo,40.0,91.04377816387539,fechner
2270,8_epo,41.0,91.04377816387574,fechner
2271,8_epo,42.0,91.04377816387606,fechner
2272,8_epo,43.0,91.04377816387635,fechner
2273,8_epo,44.0,91.04377816387662,fechner
2274,8_epo,45.0,91.0437781638769,fechner
2275,8_epo,46.0,91.04377816387714,fechner
2276,8_epo,47.0,91.04377816387736,fechner
2277,8_epo,48.0,91.04377816387758,fechner
2278,8_epo,49.0,91.04377816387778,fechner
2279,8_epo,50.0,91.04377816387796,fechner
2280,8_epo,51.0,91.04377816387814,fechner
2281,8_epo,52.0,91.0437781638783,fechner
2282,8_epo,53.0,91.04377816387846,fechner
2283,8_epo,54.0,91.04377816387861,fechner
2284,8_epo,55.00000000000001,91.04377816387876,fechner
2285,8_epo,56.00000000000001,91.04377816387888,fechner
2286,8_epo,56.99999999999999,91.04377816387901,fechner
2287,8_epo,57.99999999999999,91.04377816387914,fechner
2288,8_epo,59.0,91.04377816387925,fechner
2289,8_epo,60.0,91.04377816387937,fechner
2290,8_epo,61.0,91.04377816387945,fechner
2291,8_epo,62.0,91.04377816387955,fechner
2292,8_epo,63.0,91.04377816387965,fechner
2293,8_epo,64.0,91.04377816387974,fechner
2294,8_epo,65.0,91.04377816387984,fechner
2295,8_epo,66.0,91.0437781638799,fechner
2296,8_epo,67.0,91.04377816387998,fechner
2297,8_epo,68.0,91.04377816388005,fechner
2298,8_epo,69.0,91.04377816388012,fechner
2299,8_epo,70.0,91.04377816388019,fechner
2300,8_epo,71.0,91.04377816388026,fechner
2301,8_epo,72.0,91.04377816388032,fechner
2302,8_epo,73.0,91.04377816388039,fechner
2303,8_epo,74.0,91.04377816388045,fechner
2304,8_epo,75.0,91.0437781638805,fechner
2305,8_epo,76.0,91.04377816388056,fechner
2306,8_epo,77.0,91.04377816388059,fechner
2307,8_epo,78.0,91.04377816388065,fechner
2308,8_epo,79.0,91.04377816388069,fechner
2309,8_epo,80.0,91.04377816388075,fechner
2310,8_epo,81.0,91.04377816388079,fechner
2311,8_epo,82.0,91.04377816388083,fechner
2312,8_epo,83.0,91.04377816388087,fechner
2313,8_epo,84.0,91.0437781638809,fechner
2314,8_epo,85.0,91.04377816388094,fechner
2315,8_epo,86.0,91.04377816388099,fechner
2316,8_epo,87.0,91.04377816388102,fechner
2317,8_epo,88.0,91.04377816388106,fechner
2318,8_epo,89.0,91.04377816388109,fechner
2319,8_epo,90.0,91.04377816388111,fechner
2320,8_epo,91.0,91.04377816388116,fechner
2321,8_epo,92.0,91.04377816388117,fechner
2322,8_epo,93.0,91.0437781638812,fechner
2323,8_epo,94.0,91.04377816388123,fechner
2324,8_epo,95.0,91.04377816388126,fechner
2325,9_epo,3.0,111.27952578538928,fechner
2326,9_epo,4.0,114.19048644362297,fechner
2327,9_epo,5.0,116.69386591373487,fechner
2328,9_epo,6.0,119.04986786839522,fechner
2329,9_epo,7.000000000000001,121.29706718431196,fechner
2330,9_epo,8.0,123.43107233703888,fechner
2331,9_epo,9.0,125.4385056746081,fechner
2332,9_epo,10.0,127.3080724249167,fechner
2333,9_epo,11.0,129.03387265786026,fechner
2334,9_epo,12.0,130.61552968159234,fechner
2335,9_epo,13.0,132.0571186555948,fechner
2336,9_epo,14.000000000000002,133.36581948507353,fechner
2337,9_epo,15.0,134.55069308524307,fechner
2338,9_epo,16.0,135.6217160839651,fechner
2339,9_epo,17.0,136.58908502777464,fechner
2340,9_epo,18.0,137.4627511741043,fechner
2341,9_epo,19.0,138.25213368023068,fechner
2342,9_epo,20.0,138.9659620282478,fechner
2343,9_epo,21.0,139.6122073548416,fechner
2344,9_epo,22.0,140.19807203490996,fechner
2345,9_epo,23.0,140.73001537864948,fechner
2346,9_epo,24.0,141.21380005854053,fechner
2347,9_epo,25.0,141.65454893590993,fechner
2348,9_epo,26.0,142.05680558676195,fechner
2349,9_epo,27.0,142.42459435619648,fechner
2350,9_epo,28.000000000000004,142.7614774889796,fechner
2351,9_epo,28.999999999999996,143.070608022854,fechner
2352,9_epo,30.0,143.3547778666117,fechner
2353,9_epo,31.0,143.61646094472331,fechner
2354,9_epo,32.0,143.85785156518804,fechner
2355,9_epo,33.0,144.08089832037345,fechner
2356,9_epo,34.0,144.28733390519864,fechner
2357,9_epo,35.0,144.4787012622714,fechner
2358,9_epo,36.0,144.65637645897934,fechner
2359,9_epo,37.0,144.82158867982338,fechner
2360,9_epo,38.0,144.97543768671733,fechner
2361,9_epo,39.0,145.1189090657632,fechner
2362,9_epo,40.0,145.25288754432896,fechner
2363,9_epo,41.0,145.37816862897458,fechner
2364,9_epo,42.0,145.49546878388796,fechner
2365,9_epo,43.0,145.6054343414765,fechner
2366,9_epo,44.0,145.70864931172824,fechner
2367,9_epo,45.0,145.8056422348488,fechner
2368,9_epo,46.0,145.89689220229562,fechner
2369,9_epo,47.0,145.98283415444774,fechner
2370,9_epo,48.0,146.06386354849312,fechner
2371,9_epo,49.0,146.14034047744104,fechner
2372,9_epo,50.0,146.21259331022273,fechner
2373,9_epo,51.0,146.28092191341025,fechner
2374,9_epo,52.0,146.3456005069567,fechner
2375,9_epo,53.0,146.40688019936542,fechner
2376,9_epo,54.0,146.46499124167062,fechner
2377,9_epo,55.00000000000001,146.520145034425,fechner
2378,9_epo,56.00000000000001,146.57253591741957,fechner
2379,9_epo,56.99999999999999,146.6223427680073,fechner
2380,9_epo,57.99999999999999,146.66973043057692,fechner
2381,9_epo,59.0,146.7148509968511,fechner
2382,9_epo,60.0,146.7578449542006,fechner
2383,9_epo,61.0,146.79884221701636,fechner
2384,9_epo,62.0,146.83796305432028,fechner
2385,9_epo,63.0,146.87531892517848,fechner
2386,9_epo,64.0,146.91101323207877,fechner
2387,9_epo,65.0,146.9451420012122,fechner
2388,9_epo,66.0,146.97779449753625,fechner
2389,9_epo,67.0,147.00905378156955,fechner
2390,9_epo,68.0,147.03899721405867,fechner
2391,9_epo,69.0,147.06769691394933,fechner
2392,9_epo,70.0,147.09522017447492,fechner
2393,9_epo,71.0,147.12162984163095,fechner
2394,9_epo,72.0,147.14698465882825,fechner
2395,9_epo,73.0,147.17133958109648,fechner
2396,9_epo,74.0,147.19474606184218,fechner
2397,9_epo,75.0,147.2172523148388,fechner
2398,9_epo,76.0,147.2389035538395,fechner
2399,9_epo,77.0,147.25974221195014,fechner
2400,9_epo,78.0,147.27980814267437,fechner
2401,9_epo,79.0,147.2991388043441,fechner
2402,9_epo,80.0,147.31776942947377,fechner
2403,9_epo,81.0,147.3357331804172,fechner
2404,9_epo,82.0,147.35306129256918,fechner
2405,9_epo,83.0,147.36978320622842,fechner
2406,9_epo,84.0,147.38592668812888,fechner
2407,9_epo,85.0,147.40151794354693,fechner
2408,9_epo,86.0,147.41658171980438,fechner
2409,9_epo,87.0,147.4311414019089,fechner
2410,9_epo,88.0,147.44521910100187,fechner
2411,9_epo,89.0,147.45883573622132,fechner
2412,9_epo,90.0,147.47201111053076,fechner
2413,9_epo,91.0,147.48476398101334,fechner
2414,9_epo,92.0,147.4971121240857,fechner
2415,9_epo,93.0,147.50907239604422,fechner
2416,9_epo,94.0,147.52066078931892,fechner
2417,9_epo,95.0,147.53189248477818,fechner
