,participant,contrast,mrt,name
0,0_epo,3.0,345.67072930041,linear
1,0_epo,4.0,346.9863553540809,linear
2,0_epo,5.0,348.3019814077518,linear
3,0_epo,6.0,349.6176074614226,linear
4,0_epo,7.000000000000001,350.93323351509355,linear
5,0_epo,8.0,352.2488595687644,linear
6,0_epo,9.0,353.56448562243526,linear
7,0_epo,10.0,354.88011167610614,linear
8,0_epo,11.0,356.195737729777,linear
9,0_epo,12.0,357.5113637834479,linear
10,0_epo,13.0,358.82698983711873,linear
11,0_epo,14.000000000000002,360.1426158907896,linear
12,0_epo,15.0,361.4582419444605,linear
13,0_epo,16.0,362.7738679981314,linear
14,0_epo,17.0,364.08949405180226,linear
15,0_epo,18.0,365.4051201054731,linear
16,0_epo,19.0,366.720746159144,linear
17,0_epo,20.0,368.03637221281485,linear
18,0_epo,21.0,369.35199826648574,linear
19,0_epo,22.0,370.6676243201566,linear
20,0_epo,23.0,371.9832503738275,linear
21,0_epo,24.0,373.2988764274984,linear
22,0_epo,25.0,374.6145024811692,linear
23,0_epo,26.0,375.9301285348401,linear
24,0_epo,27.0,377.245754588511,linear
25,0_epo,28.000000000000004,378.56138064218186,linear
26,0_epo,28.999999999999996,379.87700669585274,linear
27,0_epo,30.0,381.19263274952357,linear
28,0_epo,31.0,382.50825880319445,linear
29,0_epo,32.0,383.82388485686533,linear
30,0_epo,33.0,385.1395109105362,linear
31,0_epo,34.0,386.4551369642071,linear
32,0_epo,35.0,387.7707630178779,linear
33,0_epo,36.0,389.08638907154887,linear
34,0_epo,37.0,390.4020151252197,linear
35,0_epo,38.0,391.7176411788906,linear
36,0_epo,39.0,393.03326723256146,linear
37,0_epo,40.0,394.34889328623234,linear
38,0_epo,41.0,395.6645193399032,linear
39,0_epo,42.0,396.98014539357405,linear
40,0_epo,43.0,398.29577144724493,linear
41,0_epo,44.0,399.61139750091587,linear
42,0_epo,45.0,400.9270235545867,linear
43,0_epo,46.0,402.2426496082576,linear
44,0_epo,47.0,403.5582756619284,linear
45,0_epo,48.0,404.87390171559935,linear
46,0_epo,49.0,406.18952776927017,linear
47,0_epo,50.0,407.50515382294105,linear
48,0_epo,51.0,408.82077987661194,linear
49,0_epo,52.0,410.13640593028276,linear
50,0_epo,53.0,411.4520319839537,linear
51,0_epo,54.0,412.7676580376245,linear
52,0_epo,55.00000000000001,414.0832840912954,linear
53,0_epo,56.00000000000001,415.39891014496635,linear
54,0_epo,56.99999999999999,416.7145361986372,linear
55,0_epo,57.99999999999999,418.03016225230806,linear
56,0_epo,59.0,419.3457883059789,linear
57,0_epo,60.0,420.66141435964977,linear
58,0_epo,61.0,421.97704041332065,linear
59,0_epo,62.0,423.29266646699153,linear
60,0_epo,63.0,424.6082925206624,linear
61,0_epo,64.0,425.9239185743333,linear
62,0_epo,65.0,427.2395446280042,linear
63,0_epo,66.0,428.555170681675,linear
64,0_epo,67.0,429.8707967353459,linear
65,0_epo,68.0,431.1864227890168,linear
66,0_epo,69.0,432.5020488426876,linear
67,0_epo,70.0,433.81767489635854,linear
68,0_epo,71.0,435.13330095002937,linear
69,0_epo,72.0,436.44892700370025,linear
70,0_epo,73.0,437.7645530573712,linear
71,0_epo,74.0,439.080179111042,linear
72,0_epo,75.0,440.3958051647129,linear
73,0_epo,76.0,441.7114312183837,linear
74,0_epo,77.0,443.0270572720546,linear
75,0_epo,78.0,444.34268332572555,linear
76,0_epo,79.0,445.65830937939637,linear
77,0_epo,80.0,446.97393543306725,linear
78,0_epo,81.0,448.28956148673814,linear
79,0_epo,82.0,449.605187540409,linear
80,0_epo,83.0,450.92081359407985,linear
81,0_epo,84.0,452.23643964775073,linear
82,0_epo,85.0,453.5520657014216,linear
83,0_epo,86.0,454.86769175509244,linear
84,0_epo,87.0,456.1833178087634,linear
85,0_epo,88.0,457.4989438624342,linear
86,0_epo,89.0,458.81456991610514,linear
87,0_epo,90.0,460.130195969776,linear
88,0_epo,91.0,461.44582202344685,linear
89,0_epo,92.0,462.76144807711773,linear
90,0_epo,93.0,464.07707413078856,linear
91,0_epo,94.0,465.39270018445944,linear
92,0_epo,95.0,466.7083262381304,linear
93,10_epo,3.0,565.9610384698686,linear
94,10_epo,4.0,569.5281664596478,linear
95,10_epo,5.0,573.095294449427,linear
96,10_epo,6.0,576.6624224392061,linear
97,10_epo,7.000000000000001,580.2295504289852,linear
98,10_epo,8.0,583.7966784187645,linear
99,10_epo,9.0,587.3638064085436,linear
100,10_epo,10.0,590.9309343983227,linear
101,10_epo,11.0,594.498062388102,linear
102,10_epo,12.0,598.0651903778811,linear
103,10_epo,13.0,601.6323183676603,linear
104,10_epo,14.000000000000002,605.1994463574393,linear
105,10_epo,15.0,608.7665743472186,linear
106,10_epo,16.0,612.3337023369978,linear
107,10_epo,17.0,615.9008303267769,linear
108,10_epo,18.0,619.4679583165561,linear
109,10_epo,19.0,623.0350863063352,linear
110,10_epo,20.0,626.6022142961144,linear
111,10_epo,21.0,630.1693422858937,linear
112,10_epo,22.0,633.7364702756727,linear
113,10_epo,23.0,637.3035982654519,linear
114,10_epo,24.0,640.870726255231,linear
115,10_epo,25.0,644.4378542450102,linear
116,10_epo,26.0,648.0049822347894,linear
117,10_epo,27.0,651.5721102245685,linear
118,10_epo,28.000000000000004,655.1392382143478,linear
119,10_epo,28.999999999999996,658.7063662041268,linear
120,10_epo,30.0,662.273494193906,linear
121,10_epo,31.0,665.8406221836852,linear
122,10_epo,32.0,669.4077501734644,linear
123,10_epo,33.0,672.9748781632435,linear
124,10_epo,34.0,676.5420061530227,linear
125,10_epo,35.0,680.1091341428018,linear
126,10_epo,36.0,683.676262132581,linear
127,10_epo,37.0,687.2433901223601,linear
128,10_epo,38.0,690.8105181121393,linear
129,10_epo,39.0,694.3776461019185,linear
130,10_epo,40.0,697.9447740916977,linear
131,10_epo,41.0,701.5119020814768,linear
132,10_epo,42.0,705.0790300712559,linear
133,10_epo,43.0,708.6461580610352,linear
134,10_epo,44.0,712.2132860508143,linear
135,10_epo,45.0,715.7804140405934,linear
136,10_epo,46.0,719.3475420303727,linear
137,10_epo,47.0,722.9146700201518,linear
138,10_epo,48.0,726.4817980099309,linear
139,10_epo,49.0,730.04892599971,linear
140,10_epo,50.0,733.6160539894893,linear
141,10_epo,51.0,737.1831819792685,linear
142,10_epo,52.0,740.7503099690475,linear
143,10_epo,53.0,744.3174379588268,linear
144,10_epo,54.0,747.884565948606,linear
145,10_epo,55.00000000000001,751.4516939383851,linear
146,10_epo,56.00000000000001,755.0188219281642,linear
147,10_epo,56.99999999999999,758.5859499179434,linear
148,10_epo,57.99999999999999,762.1530779077226,linear
149,10_epo,59.0,765.7202058975017,linear
150,10_epo,60.0,769.2873338872809,linear
151,10_epo,61.0,772.8544618770601,linear
152,10_epo,62.0,776.4215898668392,linear
153,10_epo,63.0,779.9887178566183,linear
154,10_epo,64.0,783.5558458463976,linear
155,10_epo,65.0,787.1229738361767,linear
156,10_epo,66.0,790.6901018259559,linear
157,10_epo,67.0,794.257229815735,linear
158,10_epo,68.0,797.8243578055142,linear
159,10_epo,69.0,801.3914857952933,linear
160,10_epo,70.0,804.9586137850725,linear
161,10_epo,71.0,808.5257417748517,linear
162,10_epo,72.0,812.0928697646308,linear
163,10_epo,73.0,815.6599977544099,linear
164,10_epo,74.0,819.2271257441893,linear
165,10_epo,75.0,822.7942537339683,linear
166,10_epo,76.0,826.3613817237474,linear
167,10_epo,77.0,829.9285097135268,linear
168,10_epo,78.0,833.4956377033058,linear
169,10_epo,79.0,837.0627656930849,linear
170,10_epo,80.0,840.6298936828641,linear
171,10_epo,81.0,844.1970216726434,linear
172,10_epo,82.0,847.7641496624224,linear
173,10_epo,83.0,851.3312776522015,linear
174,10_epo,84.0,854.8984056419808,linear
175,10_epo,85.0,858.46553363176,linear
176,10_epo,86.0,862.032661621539,linear
177,10_epo,87.0,865.5997896113182,linear
178,10_epo,88.0,869.1669176010975,linear
179,10_epo,89.0,872.7340455908766,linear
180,10_epo,90.0,876.3011735806557,linear
181,10_epo,91.0,879.8683015704349,linear
182,10_epo,92.0,883.4354295602141,linear
183,10_epo,93.0,887.0025575499933,linear
184,10_epo,94.0,890.5696855397723,linear
185,10_epo,95.0,894.1368135295515,linear
186,11_epo,3.0,654.6583291211291,linear
187,11_epo,4.0,659.5143232557815,linear
188,11_epo,5.0,664.3703173904339,linear
189,11_epo,6.0,669.2263115250865,linear
190,11_epo,7.000000000000001,674.082305659739,linear
191,11_epo,8.0,678.9382997943914,linear
192,11_epo,9.0,683.7942939290438,linear
193,11_epo,10.0,688.6502880636963,linear
194,11_epo,11.0,693.5062821983488,linear
195,11_epo,12.0,698.3622763330012,linear
196,11_epo,13.0,703.2182704676536,linear
197,11_epo,14.000000000000002,708.0742646023061,linear
198,11_epo,15.0,712.9302587369585,linear
199,11_epo,16.0,717.786252871611,linear
200,11_epo,17.0,722.6422470062635,linear
201,11_epo,18.0,727.498241140916,linear
202,11_epo,19.0,732.3542352755684,linear
203,11_epo,20.0,737.2102294102209,linear
204,11_epo,21.0,742.0662235448733,linear
205,11_epo,22.0,746.9222176795258,linear
206,11_epo,23.0,751.7782118141782,linear
207,11_epo,24.0,756.6342059488306,linear
208,11_epo,25.0,761.4902000834832,linear
209,11_epo,26.0,766.3461942181357,linear
210,11_epo,27.0,771.2021883527881,linear
211,11_epo,28.000000000000004,776.0581824874406,linear
212,11_epo,28.999999999999996,780.914176622093,linear
213,11_epo,30.0,785.7701707567455,linear
214,11_epo,31.0,790.6261648913979,linear
215,11_epo,32.0,795.4821590260503,linear
216,11_epo,33.0,800.3381531607029,linear
217,11_epo,34.0,805.1941472953554,linear
218,11_epo,35.0,810.0501414300078,linear
219,11_epo,36.0,814.9061355646602,linear
220,11_epo,37.0,819.7621296993127,linear
221,11_epo,38.0,824.6181238339651,linear
222,11_epo,39.0,829.4741179686176,linear
223,11_epo,40.0,834.33011210327,linear
224,11_epo,41.0,839.1861062379224,linear
225,11_epo,42.0,844.042100372575,linear
226,11_epo,43.0,848.8980945072274,linear
227,11_epo,44.0,853.75408864188,linear
228,11_epo,45.0,858.6100827765324,linear
229,11_epo,46.0,863.4660769111848,linear
230,11_epo,47.0,868.3220710458372,linear
231,11_epo,48.0,873.1780651804897,linear
232,11_epo,49.0,878.0340593151423,linear
233,11_epo,50.0,882.8900534497947,linear
234,11_epo,51.0,887.7460475844471,linear
235,11_epo,52.0,892.6020417190996,linear
236,11_epo,53.0,897.4580358537521,linear
237,11_epo,54.0,902.3140299884045,linear
238,11_epo,55.00000000000001,907.1700241230569,linear
239,11_epo,56.00000000000001,912.0260182577094,linear
240,11_epo,56.99999999999999,916.8820123923617,linear
241,11_epo,57.99999999999999,921.7380065270144,linear
242,11_epo,59.0,926.5940006616668,linear
243,11_epo,60.0,931.4499947963193,linear
244,11_epo,61.0,936.3059889309717,linear
245,11_epo,62.0,941.1619830656241,linear
246,11_epo,63.0,946.0179772002766,linear
247,11_epo,64.0,950.873971334929,linear
248,11_epo,65.0,955.7299654695815,linear
249,11_epo,66.0,960.5859596042341,linear
250,11_epo,67.0,965.4419537388866,linear
251,11_epo,68.0,970.297947873539,linear
252,11_epo,69.0,975.1539420081914,linear
253,11_epo,70.0,980.0099361428438,linear
254,11_epo,71.0,984.8659302774962,linear
255,11_epo,72.0,989.7219244121487,linear
256,11_epo,73.0,994.5779185468012,linear
257,11_epo,74.0,999.4339126814536,linear
258,11_epo,75.0,1004.2899068161062,linear
259,11_epo,76.0,1009.1459009507586,linear
260,11_epo,77.0,1014.0018950854111,linear
261,11_epo,78.0,1018.8578892200635,linear
262,11_epo,79.0,1023.7138833547159,linear
263,11_epo,80.0,1028.5698774893683,linear
264,11_epo,81.0,1033.425871624021,linear
265,11_epo,82.0,1038.2818657586731,linear
266,11_epo,83.0,1043.1378598933259,linear
267,11_epo,84.0,1047.9938540279784,linear
268,11_epo,85.0,1052.8498481626307,linear
269,11_epo,86.0,1057.7058422972832,linear
270,11_epo,87.0,1062.5618364319355,linear
271,11_epo,88.0,1067.4178305665882,linear
272,11_epo,89.0,1072.2738247012408,linear
273,11_epo,90.0,1077.129818835893,linear
274,11_epo,91.0,1081.9858129705456,linear
275,11_epo,92.0,1086.8418071051979,linear
276,11_epo,93.0,1091.6978012398504,linear
277,11_epo,94.0,1096.553795374503,linear
278,11_epo,95.0,1101.4097895091552,linear
279,12_epo,3.0,636.7955834553924,linear
280,12_epo,4.0,643.7034249552182,linear
281,12_epo,5.0,650.6112664550442,linear
282,12_epo,6.0,657.5191079548702,linear
283,12_epo,7.000000000000001,664.4269494546961,linear
284,12_epo,8.0,671.3347909545221,linear
285,12_epo,9.0,678.242632454348,linear
286,12_epo,10.0,685.1504739541739,linear
287,12_epo,11.0,692.0583154539999,linear
288,12_epo,12.0,698.9661569538258,linear
289,12_epo,13.0,705.8739984536518,linear
290,12_epo,14.000000000000002,712.7818399534776,linear
291,12_epo,15.0,719.6896814533036,linear
292,12_epo,16.0,726.5975229531297,linear
293,12_epo,17.0,733.5053644529555,linear
294,12_epo,18.0,740.4132059527815,linear
295,12_epo,19.0,747.3210474526074,linear
296,12_epo,20.0,754.2288889524333,linear
297,12_epo,21.0,761.1367304522593,linear
298,12_epo,22.0,768.0445719520852,linear
299,12_epo,23.0,774.9524134519111,linear
300,12_epo,24.0,781.860254951737,linear
301,12_epo,25.0,788.768096451563,linear
302,12_epo,26.0,795.675937951389,linear
303,12_epo,27.0,802.5837794512149,linear
304,12_epo,28.000000000000004,809.4916209510409,linear
305,12_epo,28.999999999999996,816.3994624508668,linear
306,12_epo,30.0,823.3073039506927,linear
307,12_epo,31.0,830.2151454505187,linear
308,12_epo,32.0,837.1229869503446,linear
309,12_epo,33.0,844.0308284501705,linear
310,12_epo,34.0,850.9386699499964,linear
311,12_epo,35.0,857.8465114498224,linear
312,12_epo,36.0,864.7543529496484,linear
313,12_epo,37.0,871.6621944494742,linear
314,12_epo,38.0,878.5700359493003,linear
315,12_epo,39.0,885.4778774491261,linear
316,12_epo,40.0,892.3857189489521,linear
317,12_epo,41.0,899.293560448778,linear
318,12_epo,42.0,906.201401948604,linear
319,12_epo,43.0,913.1092434484299,linear
320,12_epo,44.0,920.0170849482558,linear
321,12_epo,45.0,926.9249264480818,linear
322,12_epo,46.0,933.8327679479077,linear
323,12_epo,47.0,940.7406094477336,linear
324,12_epo,48.0,947.6484509475596,linear
325,12_epo,49.0,954.5562924473857,linear
326,12_epo,50.0,961.4641339472114,linear
327,12_epo,51.0,968.3719754470375,linear
328,12_epo,52.0,975.2798169468634,linear
329,12_epo,53.0,982.1876584466893,linear
330,12_epo,54.0,989.0954999465152,linear
331,12_epo,55.00000000000001,996.0033414463412,linear
332,12_epo,56.00000000000001,1002.9111829461672,linear
333,12_epo,56.99999999999999,1009.819024445993,linear
334,12_epo,57.99999999999999,1016.7268659458189,linear
335,12_epo,59.0,1023.6347074456448,linear
336,12_epo,60.0,1030.542548945471,linear
337,12_epo,61.0,1037.4503904452968,linear
338,12_epo,62.0,1044.3582319451227,linear
339,12_epo,63.0,1051.2660734449487,linear
340,12_epo,64.0,1058.1739149447747,linear
341,12_epo,65.0,1065.0817564446004,linear
342,12_epo,66.0,1071.9895979444266,linear
343,12_epo,67.0,1078.8974394442525,linear
344,12_epo,68.0,1085.8052809440783,linear
345,12_epo,69.0,1092.7131224439042,linear
346,12_epo,70.0,1099.6209639437302,linear
347,12_epo,71.0,1106.5288054435562,linear
348,12_epo,72.0,1113.4366469433821,linear
349,12_epo,73.0,1120.3444884432079,linear
350,12_epo,74.0,1127.252329943034,linear
351,12_epo,75.0,1134.16017144286,linear
352,12_epo,76.0,1141.0680129426858,linear
353,12_epo,77.0,1147.9758544425117,linear
354,12_epo,78.0,1154.883695942338,linear
355,12_epo,79.0,1161.7915374421636,linear
356,12_epo,80.0,1168.6993789419896,linear
357,12_epo,81.0,1175.6072204418158,linear
358,12_epo,82.0,1182.5150619416415,linear
359,12_epo,83.0,1189.4229034414675,linear
360,12_epo,84.0,1196.3307449412932,linear
361,12_epo,85.0,1203.2385864411194,linear
362,12_epo,86.0,1210.1464279409454,linear
363,12_epo,87.0,1217.0542694407711,linear
364,12_epo,88.0,1223.962110940597,linear
365,12_epo,89.0,1230.8699524404233,linear
366,12_epo,90.0,1237.777793940249,linear
367,12_epo,91.0,1244.6856354400747,linear
368,12_epo,92.0,1251.5934769399012,linear
369,12_epo,93.0,1258.501318439727,linear
370,12_epo,94.0,1265.4091599395526,linear
371,12_epo,95.0,1272.3170014393786,linear
372,13_epo,3.0,357.93253526961945,linear
373,13_epo,4.0,359.10466186260464,linear
374,13_epo,5.0,360.27678845558984,linear
375,13_epo,6.0,361.44891504857515,linear
376,13_epo,7.000000000000001,362.62104164156034,linear
377,13_epo,8.0,363.79316823454553,linear
378,13_epo,9.0,364.96529482753084,linear
379,13_epo,10.0,366.13742142051603,linear
380,13_epo,11.0,367.3095480135012,linear
381,13_epo,12.0,368.4816746064865,linear
382,13_epo,13.0,369.65380119947173,linear
383,13_epo,14.000000000000002,370.8259277924569,linear
384,13_epo,15.0,371.9980543854421,linear
385,13_epo,16.0,373.1701809784274,linear
386,13_epo,17.0,374.3423075714126,linear
387,13_epo,18.0,375.5144341643978,linear
388,13_epo,19.0,376.68656075738306,linear
389,13_epo,20.0,377.8586873503683,linear
390,13_epo,21.0,379.0308139433535,linear
391,13_epo,22.0,380.20294053633876,linear
392,13_epo,23.0,381.375067129324,linear
393,13_epo,24.0,382.5471937223092,linear
394,13_epo,25.0,383.71932031529445,linear
395,13_epo,26.0,384.89144690827965,linear
396,13_epo,27.0,386.0635735012649,linear
397,13_epo,28.000000000000004,387.23570009425015,linear
398,13_epo,28.999999999999996,388.40782668723534,linear
399,13_epo,30.0,389.57995328022054,linear
400,13_epo,31.0,390.75207987320584,linear
401,13_epo,32.0,391.92420646619104,linear
402,13_epo,33.0,393.09633305917623,linear
403,13_epo,34.0,394.2684596521615,linear
404,13_epo,35.0,395.44058624514673,linear
405,13_epo,36.0,396.6127128381319,linear
406,13_epo,37.0,397.7848394311172,linear
407,13_epo,38.0,398.9569660241024,linear
408,13_epo,39.0,400.1290926170876,linear
409,13_epo,40.0,401.3012192100729,linear
410,13_epo,41.0,402.4733458030581,linear
411,13_epo,42.0,403.6454723960433,linear
412,13_epo,43.0,404.8175989890285,linear
413,13_epo,44.0,405.98972558201376,linear
414,13_epo,45.0,407.161852174999,linear
415,13_epo,46.0,408.3339787679842,linear
416,13_epo,47.0,409.50610536096946,linear
417,13_epo,48.0,410.6782319539547,linear
418,13_epo,49.0,411.8503585469399,linear
419,13_epo,50.0,413.0224851399251,linear
420,13_epo,51.0,414.1946117329104,linear
421,13_epo,52.0,415.3667383258956,linear
422,13_epo,53.0,416.5388649188808,linear
423,13_epo,54.0,417.7109915118661,linear
424,13_epo,55.00000000000001,418.8831181048513,linear
425,13_epo,56.00000000000001,420.0552446978365,linear
426,13_epo,56.99999999999999,421.22737129082174,linear
427,13_epo,57.99999999999999,422.39949788380693,linear
428,13_epo,59.0,423.5716244767922,linear
429,13_epo,60.0,424.74375106977743,linear
430,13_epo,61.0,425.9158776627626,linear
431,13_epo,62.0,427.0880042557479,linear
432,13_epo,63.0,428.2601308487331,linear
433,13_epo,64.0,429.4322574417183,linear
434,13_epo,65.0,430.60438403470357,linear
435,13_epo,66.0,431.77651062768876,linear
436,13_epo,67.0,432.948637220674,linear
437,13_epo,68.0,434.12076381365927,linear
438,13_epo,69.0,435.2928904066444,linear
439,13_epo,70.0,436.4650169996297,linear
440,13_epo,71.0,437.6371435926149,linear
441,13_epo,72.0,438.8092701856001,linear
442,13_epo,73.0,439.9813967785854,linear
443,13_epo,74.0,441.1535233715706,linear
444,13_epo,75.0,442.3256499645558,linear
445,13_epo,76.0,443.4977765575411,linear
446,13_epo,77.0,444.6699031505263,linear
447,13_epo,78.0,445.8420297435115,linear
448,13_epo,79.0,447.0141563364968,linear
449,13_epo,80.0,448.186282929482,linear
450,13_epo,81.0,449.3584095224672,linear
451,13_epo,82.0,450.53053611545243,linear
452,13_epo,83.0,451.70266270843763,linear
453,13_epo,84.0,452.8747893014229,linear
454,13_epo,85.0,454.0469158944081,linear
455,13_epo,86.0,455.2190424873933,linear
456,13_epo,87.0,456.3911690803786,linear
457,13_epo,88.0,457.56329567336377,linear
458,13_epo,89.0,458.735422266349,linear
459,13_epo,90.0,459.90754885933427,linear
460,13_epo,91.0,461.07967545231946,linear
461,13_epo,92.0,462.2518020453047,linear
462,13_epo,93.0,463.42392863828996,linear
463,13_epo,94.0,464.59605523127516,linear
464,13_epo,95.0,465.7681818242604,linear
465,14_epo,3.0,427.4818033499269,linear
466,14_epo,4.0,429.0894922154969,linear
467,14_epo,5.0,430.6971810810668,linear
468,14_epo,6.0,432.30486994663676,linear
469,14_epo,7.000000000000001,433.91255881220667,linear
470,14_epo,8.0,435.52024767777664,linear
471,14_epo,9.0,437.12793654334666,linear
472,14_epo,10.0,438.7356254089166,linear
473,14_epo,11.0,440.34331427448654,linear
474,14_epo,12.0,441.95100314005646,linear
475,14_epo,13.0,443.5586920056264,linear
476,14_epo,14.000000000000002,445.16638087119634,linear
477,14_epo,15.0,446.7740697367663,linear
478,14_epo,16.0,448.3817586023363,linear
479,14_epo,17.0,449.9894474679062,linear
480,14_epo,18.0,451.59713633347616,linear
481,14_epo,19.0,453.20482519904607,linear
482,14_epo,20.0,454.81251406461604,linear
483,14_epo,21.0,456.420202930186,linear
484,14_epo,22.0,458.0278917957559,linear
485,14_epo,23.0,459.6355806613259,linear
486,14_epo,24.0,461.2432695268958,linear
487,14_epo,25.0,462.8509583924658,linear
488,14_epo,26.0,464.45864725803574,linear
489,14_epo,27.0,466.0663361236057,linear
490,14_epo,28.000000000000004,467.6740249891757,linear
491,14_epo,28.999999999999996,469.2817138547456,linear
492,14_epo,30.0,470.88940272031556,linear
493,14_epo,31.0,472.49709158588547,linear
494,14_epo,32.0,474.10478045145544,linear
495,14_epo,33.0,475.71246931702535,linear
496,14_epo,34.0,477.3201581825953,linear
497,14_epo,35.0,478.9278470481653,linear
498,14_epo,36.0,480.5355359137352,linear
499,14_epo,37.0,482.14322477930517,linear
500,14_epo,38.0,483.7509136448751,linear
501,14_epo,39.0,485.35860251044505,linear
502,14_epo,40.0,486.96629137601496,linear
503,14_epo,41.0,488.57398024158493,linear
504,14_epo,42.0,490.1816691071549,linear
505,14_epo,43.0,491.7893579727248,linear
506,14_epo,44.0,493.39704683829484,linear
507,14_epo,45.0,495.00473570386475,linear
508,14_epo,46.0,496.6124245694347,linear
509,14_epo,47.0,498.2201134350047,linear
510,14_epo,48.0,499.8278023005746,linear
511,14_epo,49.0,501.4354911661445,linear
512,14_epo,50.0,503.04318003171454,linear
513,14_epo,51.0,504.6508688972844,linear
514,14_epo,52.0,506.2585577628544,linear
515,14_epo,53.0,507.8662466284244,linear
516,14_epo,54.0,509.47393549399436,linear
517,14_epo,55.00000000000001,511.0816243595643,linear
518,14_epo,56.00000000000001,512.6893132251342,linear
519,14_epo,56.99999999999999,514.2970020907042,linear
520,14_epo,57.99999999999999,515.9046909562741,linear
521,14_epo,59.0,517.5123798218441,linear
522,14_epo,60.0,519.120068687414,linear
523,14_epo,61.0,520.7277575529839,linear
524,14_epo,62.0,522.3354464185539,linear
525,14_epo,63.0,523.9431352841239,linear
526,14_epo,64.0,525.5508241496938,linear
527,14_epo,65.0,527.1585130152637,linear
528,14_epo,66.0,528.7662018808337,linear
529,14_epo,67.0,530.3738907464036,linear
530,14_epo,68.0,531.9815796119735,linear
531,14_epo,69.0,533.5892684775436,linear
532,14_epo,70.0,535.1969573431135,linear
533,14_epo,71.0,536.8046462086834,linear
534,14_epo,72.0,538.4123350742533,linear
535,14_epo,73.0,540.0200239398233,linear
536,14_epo,74.0,541.6277128053932,linear
537,14_epo,75.0,543.2354016709631,linear
538,14_epo,76.0,544.8430905365332,linear
539,14_epo,77.0,546.4507794021031,linear
540,14_epo,78.0,548.058468267673,linear
541,14_epo,79.0,549.666157133243,linear
542,14_epo,80.0,551.2738459988129,linear
543,14_epo,81.0,552.881534864383,linear
544,14_epo,82.0,554.4892237299528,linear
545,14_epo,83.0,556.0969125955229,linear
546,14_epo,84.0,557.7046014610927,linear
547,14_epo,85.0,559.3122903266627,linear
548,14_epo,86.0,560.9199791922326,linear
549,14_epo,87.0,562.5276680578027,linear
550,14_epo,88.0,564.1353569233726,linear
551,14_epo,89.0,565.7430457889425,linear
552,14_epo,90.0,567.3507346545125,linear
553,14_epo,91.0,568.9584235200824,linear
554,14_epo,92.0,570.5661123856523,linear
555,14_epo,93.0,572.1738012512224,linear
556,14_epo,94.0,573.7814901167923,linear
557,14_epo,95.0,575.3891789823622,linear
558,15_epo,3.0,1024.4181395865555,linear
559,15_epo,4.0,1031.8945557644647,linear
560,15_epo,5.0,1039.3709719423741,linear
561,15_epo,6.0,1046.8473881202833,linear
562,15_epo,7.000000000000001,1054.3238042981925,linear
563,15_epo,8.0,1061.8002204761021,linear
564,15_epo,9.0,1069.2766366540113,linear
565,15_epo,10.0,1076.7530528319207,linear
566,15_epo,11.0,1084.22946900983,linear
567,15_epo,12.0,1091.7058851877393,linear
568,15_epo,13.0,1099.1823013656488,linear
569,15_epo,14.000000000000002,1106.658717543558,linear
570,15_epo,15.0,1114.1351337214674,linear
571,15_epo,16.0,1121.6115498993765,linear
572,15_epo,17.0,1129.0879660772862,linear
573,15_epo,18.0,1136.5643822551954,linear
574,15_epo,19.0,1144.0407984331048,linear
575,15_epo,20.0,1151.517214611014,linear
576,15_epo,21.0,1158.9936307889232,linear
577,15_epo,22.0,1166.4700469668328,linear
578,15_epo,23.0,1173.946463144742,linear
579,15_epo,24.0,1181.4228793226514,linear
580,15_epo,25.0,1188.8992955005606,linear
581,15_epo,26.0,1196.3757116784702,linear
582,15_epo,27.0,1203.8521278563794,linear
583,15_epo,28.000000000000004,1211.3285440342886,linear
584,15_epo,28.999999999999996,1218.804960212198,linear
585,15_epo,30.0,1226.2813763901072,linear
586,15_epo,31.0,1233.7577925680168,linear
587,15_epo,32.0,1241.234208745926,linear
588,15_epo,33.0,1248.7106249238354,linear
589,15_epo,34.0,1256.1870411017446,linear
590,15_epo,35.0,1263.6634572796538,linear
591,15_epo,36.0,1271.1398734575635,linear
592,15_epo,37.0,1278.6162896354726,linear
593,15_epo,38.0,1286.092705813382,linear
594,15_epo,39.0,1293.5691219912912,linear
595,15_epo,40.0,1301.0455381692007,linear
596,15_epo,41.0,1308.52195434711,linear
597,15_epo,42.0,1315.9983705250193,linear
598,15_epo,43.0,1323.4747867029287,linear
599,15_epo,44.0,1330.9512028808379,linear
600,15_epo,45.0,1338.4276190587473,linear
601,15_epo,46.0,1345.9040352366567,linear
602,15_epo,47.0,1353.3804514145659,linear
603,15_epo,48.0,1360.8568675924753,linear
604,15_epo,49.0,1368.3332837703845,linear
605,15_epo,50.0,1375.8096999482939,linear
606,15_epo,51.0,1383.2861161262033,linear
607,15_epo,52.0,1390.7625323041127,linear
608,15_epo,53.0,1398.238948482022,linear
609,15_epo,54.0,1405.7153646599313,linear
610,15_epo,55.00000000000001,1413.1917808378407,linear
611,15_epo,56.00000000000001,1420.66819701575,linear
612,15_epo,56.99999999999999,1428.1446131936593,linear
613,15_epo,57.99999999999999,1435.6210293715685,linear
614,15_epo,59.0,1443.097445549478,linear
615,15_epo,60.0,1450.573861727387,linear
616,15_epo,61.0,1458.0502779052965,linear
617,15_epo,62.0,1465.526694083206,linear
618,15_epo,63.0,1473.0031102611151,linear
619,15_epo,64.0,1480.4795264390248,linear
620,15_epo,65.0,1487.955942616934,linear
621,15_epo,66.0,1495.4323587948434,linear
622,15_epo,67.0,1502.9087749727526,linear
623,15_epo,68.0,1510.3851911506617,linear
624,15_epo,69.0,1517.8616073285714,linear
625,15_epo,70.0,1525.3380235064803,linear
626,15_epo,71.0,1532.81443968439,linear
627,15_epo,72.0,1540.2908558622992,linear
628,15_epo,73.0,1547.7672720402086,linear
629,15_epo,74.0,1555.243688218118,linear
630,15_epo,75.0,1562.7201043960272,linear
631,15_epo,76.0,1570.1965205739366,linear
632,15_epo,77.0,1577.6729367518458,linear
633,15_epo,78.0,1585.1493529297552,linear
634,15_epo,79.0,1592.6257691076646,linear
635,15_epo,80.0,1600.1021852855738,linear
636,15_epo,81.0,1607.5786014634832,linear
637,15_epo,82.0,1615.0550176413924,linear
638,15_epo,83.0,1622.5314338193018,linear
639,15_epo,84.0,1630.0078499972112,linear
640,15_epo,85.0,1637.4842661751206,linear
641,15_epo,86.0,1644.9606823530298,linear
642,15_epo,87.0,1652.4370985309392,linear
643,15_epo,88.0,1659.9135147088484,linear
644,15_epo,89.0,1667.3899308867578,linear
645,15_epo,90.0,1674.8663470646673,linear
646,15_epo,91.0,1682.3427632425764,linear
647,15_epo,92.0,1689.819179420486,linear
648,15_epo,93.0,1697.295595598395,linear
649,15_epo,94.0,1704.7720117763045,linear
650,15_epo,95.0,1712.2484279542139,linear
651,16_epo,3.0,416.193085870675,linear
652,16_epo,4.0,418.25813073537864,linear
653,16_epo,5.0,420.3231756000824,linear
654,16_epo,6.0,422.388220464786,linear
655,16_epo,7.000000000000001,424.45326532948974,linear
656,16_epo,8.0,426.5183101941934,linear
657,16_epo,9.0,428.5833550588971,linear
658,16_epo,10.0,430.6483999236008,linear
659,16_epo,11.0,432.71344478830446,linear
660,16_epo,12.0,434.77848965300814,linear
661,16_epo,13.0,436.8435345177119,linear
662,16_epo,14.000000000000002,438.9085793824155,linear
663,16_epo,15.0,440.97362424711923,linear
664,16_epo,16.0,443.03866911182286,linear
665,16_epo,17.0,445.1037139765266,linear
666,16_epo,18.0,447.1687588412303,linear
667,16_epo,19.0,449.23380370593395,linear
668,16_epo,20.0,451.29884857063763,linear
669,16_epo,21.0,453.3638934353413,linear
670,16_epo,22.0,455.428938300045,linear
671,16_epo,23.0,457.4939831647487,linear
672,16_epo,24.0,459.55902802945235,linear
673,16_epo,25.0,461.6240728941561,linear
674,16_epo,26.0,463.6891177588597,linear
675,16_epo,27.0,465.75416262356345,linear
676,16_epo,28.000000000000004,467.8192074882671,linear
677,16_epo,28.999999999999996,469.8842523529708,linear
678,16_epo,30.0,471.9492972176745,linear
679,16_epo,31.0,474.0143420823782,linear
680,16_epo,32.0,476.07938694708184,linear
681,16_epo,33.0,478.1444318117856,linear
682,16_epo,34.0,480.20947667648926,linear
683,16_epo,35.0,482.27452154119294,linear
684,16_epo,36.0,484.3395664058966,linear
685,16_epo,37.0,486.4046112706003,linear
686,16_epo,38.0,488.46965613530404,linear
687,16_epo,39.0,490.53470100000766,linear
688,16_epo,40.0,492.59974586471134,linear
689,16_epo,41.0,494.6647907294151,linear
690,16_epo,42.0,496.7298355941187,linear
691,16_epo,43.0,498.79488045882243,linear
692,16_epo,44.0,500.85992532352606,linear
693,16_epo,45.0,502.9249701882298,linear
694,16_epo,46.0,504.99001505293353,linear
695,16_epo,47.0,507.0550599176371,linear
696,16_epo,48.0,509.12010478234083,linear
697,16_epo,49.0,511.1851496470445,linear
698,16_epo,50.0,513.2501945117483,linear
699,16_epo,51.0,515.3152393764519,linear
700,16_epo,52.0,517.3802842411556,linear
701,16_epo,53.0,519.4453291058593,linear
702,16_epo,54.0,521.510373970563,linear
703,16_epo,55.00000000000001,523.5754188352668,linear
704,16_epo,56.00000000000001,525.6404636999703,linear
705,16_epo,56.99999999999999,527.705508564674,linear
706,16_epo,57.99999999999999,529.7705534293777,linear
707,16_epo,59.0,531.8355982940815,linear
708,16_epo,60.0,533.9006431587851,linear
709,16_epo,61.0,535.9656880234887,linear
710,16_epo,62.0,538.0307328881925,linear
711,16_epo,63.0,540.0957777528961,linear
712,16_epo,64.0,542.1608226175998,linear
713,16_epo,65.0,544.2258674823036,linear
714,16_epo,66.0,546.2909123470072,linear
715,16_epo,67.0,548.3559572117109,linear
716,16_epo,68.0,550.4210020764147,linear
717,16_epo,69.0,552.4860469411183,linear
718,16_epo,70.0,554.551091805822,linear
719,16_epo,71.0,556.6161366705255,linear
720,16_epo,72.0,558.6811815352293,linear
721,16_epo,73.0,560.746226399933,linear
722,16_epo,74.0,562.8112712646367,linear
723,16_epo,75.0,564.8763161293405,linear
724,16_epo,76.0,566.9413609940441,linear
725,16_epo,77.0,569.0064058587477,linear
726,16_epo,78.0,571.0714507234514,linear
727,16_epo,79.0,573.1364955881552,linear
728,16_epo,80.0,575.2015404528588,linear
729,16_epo,81.0,577.2665853175624,linear
730,16_epo,82.0,579.3316301822662,linear
731,16_epo,83.0,581.3966750469699,linear
732,16_epo,84.0,583.4617199116735,linear
733,16_epo,85.0,585.5267647763773,linear
734,16_epo,86.0,587.5918096410809,linear
735,16_epo,87.0,589.6568545057846,linear
736,16_epo,88.0,591.7218993704882,linear
737,16_epo,89.0,593.786944235192,linear
738,16_epo,90.0,595.8519890998957,linear
739,16_epo,91.0,597.9170339645993,linear
740,16_epo,92.0,599.9820788293031,linear
741,16_epo,93.0,602.0471236940067,linear
742,16_epo,94.0,604.1121685587104,linear
743,16_epo,95.0,606.1772134234142,linear
744,17_epo,3.0,678.5779190024803,linear
745,17_epo,4.0,681.6143051495701,linear
746,17_epo,5.0,684.6506912966602,linear
747,17_epo,6.0,687.68707744375,linear
748,17_epo,7.000000000000001,690.72346359084,linear
749,17_epo,8.0,693.7598497379298,linear
750,17_epo,9.0,696.7962358850197,linear
751,17_epo,10.0,699.8326220321096,linear
752,17_epo,11.0,702.8690081791995,linear
753,17_epo,12.0,705.9053943262894,linear
754,17_epo,13.0,708.9417804733794,linear
755,17_epo,14.000000000000002,711.9781666204693,linear
756,17_epo,15.0,715.0145527675592,linear
757,17_epo,16.0,718.0509389146491,linear
758,17_epo,17.0,721.087325061739,linear
759,17_epo,18.0,724.1237112088289,linear
760,17_epo,19.0,727.1600973559188,linear
761,17_epo,20.0,730.1964835030087,linear
762,17_epo,21.0,733.2328696500987,linear
763,17_epo,22.0,736.2692557971886,linear
764,17_epo,23.0,739.3056419442785,linear
765,17_epo,24.0,742.3420280913684,linear
766,17_epo,25.0,745.3784142384583,linear
767,17_epo,26.0,748.4148003855482,linear
768,17_epo,27.0,751.4511865326381,linear
769,17_epo,28.000000000000004,754.487572679728,linear
770,17_epo,28.999999999999996,757.5239588268179,linear
771,17_epo,30.0,760.560344973908,linear
772,17_epo,31.0,763.5967311209978,linear
773,17_epo,32.0,766.6331172680877,linear
774,17_epo,33.0,769.6695034151776,linear
775,17_epo,34.0,772.7058895622675,linear
776,17_epo,35.0,775.7422757093574,linear
777,17_epo,36.0,778.7786618564472,linear
778,17_epo,37.0,781.8150480035372,linear
779,17_epo,38.0,784.8514341506271,linear
780,17_epo,39.0,787.8878202977171,linear
781,17_epo,40.0,790.9242064448069,linear
782,17_epo,41.0,793.9605925918969,linear
783,17_epo,42.0,796.9969787389867,linear
784,17_epo,43.0,800.0333648860767,linear
785,17_epo,44.0,803.0697510331665,linear
786,17_epo,45.0,806.1061371802565,linear
787,17_epo,46.0,809.1425233273463,linear
788,17_epo,47.0,812.1789094744363,linear
789,17_epo,48.0,815.2152956215263,linear
790,17_epo,49.0,818.2516817686162,linear
791,17_epo,50.0,821.288067915706,linear
792,17_epo,51.0,824.324454062796,linear
793,17_epo,52.0,827.3608402098859,linear
794,17_epo,53.0,830.3972263569759,linear
795,17_epo,54.0,833.4336125040658,linear
796,17_epo,55.00000000000001,836.4699986511557,linear
797,17_epo,56.00000000000001,839.5063847982456,linear
798,17_epo,56.99999999999999,842.5427709453355,linear
799,17_epo,57.99999999999999,845.5791570924254,linear
800,17_epo,59.0,848.6155432395153,linear
801,17_epo,60.0,851.6519293866052,linear
802,17_epo,61.0,854.6883155336951,linear
803,17_epo,62.0,857.724701680785,linear
804,17_epo,63.0,860.7610878278749,linear
805,17_epo,64.0,863.7974739749649,linear
806,17_epo,65.0,866.8338601220547,linear
807,17_epo,66.0,869.8702462691447,linear
808,17_epo,67.0,872.9066324162345,linear
809,17_epo,68.0,875.9430185633245,linear
810,17_epo,69.0,878.9794047104143,linear
811,17_epo,70.0,882.0157908575043,linear
812,17_epo,71.0,885.0521770045942,linear
813,17_epo,72.0,888.0885631516842,linear
814,17_epo,73.0,891.124949298774,linear
815,17_epo,74.0,894.161335445864,linear
816,17_epo,75.0,897.1977215929538,linear
817,17_epo,76.0,900.2341077400438,linear
818,17_epo,77.0,903.2704938871336,linear
819,17_epo,78.0,906.3068800342236,linear
820,17_epo,79.0,909.3432661813134,linear
821,17_epo,80.0,912.3796523284035,linear
822,17_epo,81.0,915.4160384754933,linear
823,17_epo,82.0,918.4524246225833,linear
824,17_epo,83.0,921.4888107696731,linear
825,17_epo,84.0,924.5251969167631,linear
826,17_epo,85.0,927.5615830638529,linear
827,17_epo,86.0,930.597969210943,linear
828,17_epo,87.0,933.6343553580328,linear
829,17_epo,88.0,936.6707415051228,linear
830,17_epo,89.0,939.7071276522126,linear
831,17_epo,90.0,942.7435137993025,linear
832,17_epo,91.0,945.7798999463924,linear
833,17_epo,92.0,948.8162860934823,linear
834,17_epo,93.0,951.8526722405722,linear
835,17_epo,94.0,954.8890583876621,linear
836,17_epo,95.0,957.925444534752,linear
837,18_epo,3.0,377.48016091743364,linear
838,18_epo,4.0,377.3007270525279,linear
839,18_epo,5.0,377.12129318762226,linear
840,18_epo,6.0,376.94185932271654,linear
841,18_epo,7.000000000000001,376.7624254578109,linear
842,18_epo,8.0,376.58299159290516,linear
843,18_epo,9.0,376.40355772799944,linear
844,18_epo,10.0,376.2241238630937,linear
845,18_epo,11.0,376.044689998188,linear
846,18_epo,12.0,375.8652561332823,linear
847,18_epo,13.0,375.6858222683767,linear
848,18_epo,14.000000000000002,375.50638840347096,linear
849,18_epo,15.0,375.32695453856525,linear
850,18_epo,16.0,375.1475206736595,linear
851,18_epo,17.0,374.9680868087538,linear
852,18_epo,18.0,374.7886529438481,linear
853,18_epo,19.0,374.6092190789424,linear
854,18_epo,20.0,374.4297852140367,linear
855,18_epo,21.0,374.25035134913105,linear
856,18_epo,22.0,374.07091748422533,linear
857,18_epo,23.0,373.8914836193196,linear
858,18_epo,24.0,373.7120497544139,linear
859,18_epo,25.0,373.5326158895082,linear
860,18_epo,26.0,373.3531820246025,linear
861,18_epo,27.0,373.1737481596968,linear
862,18_epo,28.000000000000004,372.9943142947911,linear
863,18_epo,28.999999999999996,372.81488042988536,linear
864,18_epo,30.0,372.6354465649797,linear
865,18_epo,31.0,372.456012700074,linear
866,18_epo,32.0,372.27657883516827,linear
867,18_epo,33.0,372.0971449702626,linear
868,18_epo,34.0,371.9177111053569,linear
869,18_epo,35.0,371.73827724045117,linear
870,18_epo,36.0,371.55884337554545,linear
871,18_epo,37.0,371.37940951063973,linear
872,18_epo,38.0,371.19997564573407,linear
873,18_epo,39.0,371.0205417808284,linear
874,18_epo,40.0,370.8411079159227,linear
875,18_epo,41.0,370.661674051017,linear
876,18_epo,42.0,370.48224018611126,linear
877,18_epo,43.0,370.30280632120554,linear
878,18_epo,44.0,370.1233724562998,linear
879,18_epo,45.0,369.9439385913941,linear
880,18_epo,46.0,369.7645047264885,linear
881,18_epo,47.0,369.5850708615828,linear
882,18_epo,48.0,369.40563699667706,linear
883,18_epo,49.0,369.22620313177134,linear
884,18_epo,50.0,369.0467692668656,linear
885,18_epo,51.0,368.8673354019599,linear
886,18_epo,52.0,368.68790153705424,linear
887,18_epo,53.0,368.5084676721485,linear
888,18_epo,54.0,368.3290338072428,linear
889,18_epo,55.00000000000001,368.14959994233715,linear
890,18_epo,56.00000000000001,367.97016607743143,linear
891,18_epo,56.99999999999999,367.7907322125257,linear
892,18_epo,57.99999999999999,367.61129834762,linear
893,18_epo,59.0,367.43186448271433,linear
894,18_epo,60.0,367.2524306178086,linear
895,18_epo,61.0,367.0729967529029,linear
896,18_epo,62.0,366.8935628879972,linear
897,18_epo,63.0,366.7141290230915,linear
898,18_epo,64.0,366.5346951581858,linear
899,18_epo,65.0,366.35526129328014,linear
900,18_epo,66.0,366.1758274283744,linear
901,18_epo,67.0,365.9963935634687,linear
902,18_epo,68.0,365.816959698563,linear
903,18_epo,69.0,365.63752583365726,linear
904,18_epo,70.0,365.45809196875155,linear
905,18_epo,71.0,365.2786581038459,linear
906,18_epo,72.0,365.0992242389402,linear
907,18_epo,73.0,364.9197903740345,linear
908,18_epo,74.0,364.7403565091288,linear
909,18_epo,75.0,364.56092264422307,linear
910,18_epo,76.0,364.38148877931735,linear
911,18_epo,77.0,364.20205491441163,linear
912,18_epo,78.0,364.022621049506,linear
913,18_epo,79.0,363.84318718460025,linear
914,18_epo,80.0,363.6637533196946,linear
915,18_epo,81.0,363.4843194547889,linear
916,18_epo,82.0,363.30488558988316,linear
917,18_epo,83.0,363.12545172497744,linear
918,18_epo,84.0,362.9460178600717,linear
919,18_epo,85.0,362.76658399516606,linear
920,18_epo,86.0,362.58715013026034,linear
921,18_epo,87.0,362.4077162653546,linear
922,18_epo,88.0,362.22828240044896,linear
923,18_epo,89.0,362.04884853554324,linear
924,18_epo,90.0,361.8694146706375,linear
925,18_epo,91.0,361.68998080573186,linear
926,18_epo,92.0,361.51054694082615,linear
927,18_epo,93.0,361.3311130759204,linear
928,18_epo,94.0,361.1516792110147,linear
929,18_epo,95.0,360.972245346109,linear
930,19_epo,3.0,553.8837557116681,linear
931,19_epo,4.0,557.3873141188261,linear
932,19_epo,5.0,560.8908725259842,linear
933,19_epo,6.0,564.3944309331422,linear
934,19_epo,7.000000000000001,567.8979893403003,linear
935,19_epo,8.0,571.4015477474584,linear
936,19_epo,9.0,574.9051061546164,linear
937,19_epo,10.0,578.4086645617746,linear
938,19_epo,11.0,581.9122229689325,linear
939,19_epo,12.0,585.4157813760906,linear
940,19_epo,13.0,588.9193397832487,linear
941,19_epo,14.000000000000002,592.4228981904067,linear
942,19_epo,15.0,595.9264565975649,linear
943,19_epo,16.0,599.4300150047229,linear
944,19_epo,17.0,602.933573411881,linear
945,19_epo,18.0,606.437131819039,linear
946,19_epo,19.0,609.9406902261971,linear
947,19_epo,20.0,613.4442486333551,linear
948,19_epo,21.0,616.9478070405132,linear
949,19_epo,22.0,620.4513654476714,linear
950,19_epo,23.0,623.9549238548294,linear
951,19_epo,24.0,627.4584822619875,linear
952,19_epo,25.0,630.9620406691455,linear
953,19_epo,26.0,634.4655990763035,linear
954,19_epo,27.0,637.9691574834616,linear
955,19_epo,28.000000000000004,641.4727158906197,linear
956,19_epo,28.999999999999996,644.9762742977778,linear
957,19_epo,30.0,648.4798327049358,linear
958,19_epo,31.0,651.983391112094,linear
959,19_epo,32.0,655.4869495192519,linear
960,19_epo,33.0,658.99050792641,linear
961,19_epo,34.0,662.4940663335681,linear
962,19_epo,35.0,665.9976247407261,linear
963,19_epo,36.0,669.5011831478841,linear
964,19_epo,37.0,673.0047415550423,linear
965,19_epo,38.0,676.5082999622003,linear
966,19_epo,39.0,680.0118583693584,linear
967,19_epo,40.0,683.5154167765165,linear
968,19_epo,41.0,687.0189751836746,linear
969,19_epo,42.0,690.5225335908326,linear
970,19_epo,43.0,694.0260919979906,linear
971,19_epo,44.0,697.5296504051487,linear
972,19_epo,45.0,701.0332088123068,linear
973,19_epo,46.0,704.5367672194649,linear
974,19_epo,47.0,708.040325626623,linear
975,19_epo,48.0,711.543884033781,linear
976,19_epo,49.0,715.0474424409391,linear
977,19_epo,50.0,718.551000848097,linear
978,19_epo,51.0,722.0545592552552,linear
979,19_epo,52.0,725.5581176624133,linear
980,19_epo,53.0,729.0616760695714,linear
981,19_epo,54.0,732.5652344767294,linear
982,19_epo,55.00000000000001,736.0687928838875,linear
983,19_epo,56.00000000000001,739.5723512910456,linear
984,19_epo,56.99999999999999,743.0759096982035,linear
985,19_epo,57.99999999999999,746.5794681053617,linear
986,19_epo,59.0,750.0830265125198,linear
987,19_epo,60.0,753.5865849196778,linear
988,19_epo,61.0,757.0901433268359,linear
989,19_epo,62.0,760.5937017339938,linear
990,19_epo,63.0,764.097260141152,linear
991,19_epo,64.0,767.60081854831,linear
992,19_epo,65.0,771.1043769554682,linear
993,19_epo,66.0,774.6079353626262,linear
994,19_epo,67.0,778.1114937697843,linear
995,19_epo,68.0,781.6150521769424,linear
996,19_epo,69.0,785.1186105841003,linear
997,19_epo,70.0,788.6221689912585,linear
998,19_epo,71.0,792.1257273984165,linear
999,19_epo,72.0,795.6292858055746,linear
1000,19_epo,73.0,799.1328442127327,linear
1001,19_epo,74.0,802.6364026198906,linear
1002,19_epo,75.0,806.1399610270488,linear
1003,19_epo,76.0,809.6435194342068,linear
1004,19_epo,77.0,813.147077841365,linear
1005,19_epo,78.0,816.650636248523,linear
1006,19_epo,79.0,820.1541946556811,linear
1007,19_epo,80.0,823.6577530628391,linear
1008,19_epo,81.0,827.1613114699971,linear
1009,19_epo,82.0,830.6648698771553,linear
1010,19_epo,83.0,834.1684282843133,linear
1011,19_epo,84.0,837.6719866914714,linear
1012,19_epo,85.0,841.1755450986294,linear
1013,19_epo,86.0,844.6791035057875,linear
1014,19_epo,87.0,848.1826619129456,linear
1015,19_epo,88.0,851.6862203201036,linear
1016,19_epo,89.0,855.1897787272618,linear
1017,19_epo,90.0,858.6933371344198,linear
1018,19_epo,91.0,862.1968955415779,linear
1019,19_epo,92.0,865.7004539487359,linear
1020,19_epo,93.0,869.204012355894,linear
1021,19_epo,94.0,872.7075707630521,linear
1022,19_epo,95.0,876.2111291702101,linear
1023,1_epo,3.0,383.09203832044295,linear
1024,1_epo,4.0,384.8286158453953,linear
1025,1_epo,5.0,386.5651933703476,linear
1026,1_epo,6.0,388.30177089529985,linear
1027,1_epo,7.000000000000001,390.03834842025213,linear
1028,1_epo,8.0,391.7749259452045,linear
1029,1_epo,9.0,393.51150347015675,linear
1030,1_epo,10.0,395.24808099510904,linear
1031,1_epo,11.0,396.9846585200613,linear
1032,1_epo,12.0,398.72123604501365,linear
1033,1_epo,13.0,400.4578135699659,linear
1034,1_epo,14.000000000000002,402.19439109491816,linear
1035,1_epo,15.0,403.9309686198705,linear
1036,1_epo,16.0,405.6675461448228,linear
1037,1_epo,17.0,407.40412366977506,linear
1038,1_epo,18.0,409.14070119472734,linear
1039,1_epo,19.0,410.8772787196797,linear
1040,1_epo,20.0,412.6138562446319,linear
1041,1_epo,21.0,414.35043376958424,linear
1042,1_epo,22.0,416.0870112945365,linear
1043,1_epo,23.0,417.82358881948886,linear
1044,1_epo,24.0,419.5601663444411,linear
1045,1_epo,25.0,421.2967438693934,linear
1046,1_epo,26.0,423.0333213943457,linear
1047,1_epo,27.0,424.76989891929793,linear
1048,1_epo,28.000000000000004,426.50647644425027,linear
1049,1_epo,28.999999999999996,428.24305396920255,linear
1050,1_epo,30.0,429.97963149415483,linear
1051,1_epo,31.0,431.7162090191071,linear
1052,1_epo,32.0,433.45278654405945,linear
1053,1_epo,33.0,435.18936406901173,linear
1054,1_epo,34.0,436.925941593964,linear
1055,1_epo,35.0,438.6625191189163,linear
1056,1_epo,36.0,440.3990966438686,linear
1057,1_epo,37.0,442.13567416882086,linear
1058,1_epo,38.0,443.8722516937732,linear
1059,1_epo,39.0,445.6088292187255,linear
1060,1_epo,40.0,447.34540674367776,linear
1061,1_epo,41.0,449.08198426863004,linear
1062,1_epo,42.0,450.8185617935823,linear
1063,1_epo,43.0,452.55513931853466,linear
1064,1_epo,44.0,454.2917168434869,linear
1065,1_epo,45.0,456.0282943684392,linear
1066,1_epo,46.0,457.7648718933915,linear
1067,1_epo,47.0,459.5014494183438,linear
1068,1_epo,48.0,461.23802694329606,linear
1069,1_epo,49.0,462.97460446824834,linear
1070,1_epo,50.0,464.7111819932007,linear
1071,1_epo,51.0,466.44775951815296,linear
1072,1_epo,52.0,468.18433704310524,linear
1073,1_epo,53.0,469.9209145680575,linear
1074,1_epo,54.0,471.6574920930098,linear
1075,1_epo,55.00000000000001,473.39406961796215,linear
1076,1_epo,56.00000000000001,475.1306471429144,linear
1077,1_epo,56.99999999999999,476.8672246678667,linear
1078,1_epo,57.99999999999999,478.60380219281893,linear
1079,1_epo,59.0,480.34037971777127,linear
1080,1_epo,60.0,482.0769572427236,linear
1081,1_epo,61.0,483.81353476767583,linear
1082,1_epo,62.0,485.5501122926281,linear
1083,1_epo,63.0,487.28668981758045,linear
1084,1_epo,64.0,489.0232673425328,linear
1085,1_epo,65.0,490.759844867485,linear
1086,1_epo,66.0,492.4964223924373,linear
1087,1_epo,67.0,494.23299991738963,linear
1088,1_epo,68.0,495.9695774423419,linear
1089,1_epo,69.0,497.7061549672942,linear
1090,1_epo,70.0,499.4427324922465,linear
1091,1_epo,71.0,501.17931001719876,linear
1092,1_epo,72.0,502.9158875421511,linear
1093,1_epo,73.0,504.6524650671034,linear
1094,1_epo,74.0,506.38904259205566,linear
1095,1_epo,75.0,508.1256201170079,linear
1096,1_epo,76.0,509.86219764196017,linear
1097,1_epo,77.0,511.59877516691256,linear
1098,1_epo,78.0,513.3353526918648,linear
1099,1_epo,79.0,515.0719302168171,linear
1100,1_epo,80.0,516.8085077417694,linear
1101,1_epo,81.0,518.5450852667217,linear
1102,1_epo,82.0,520.281662791674,linear
1103,1_epo,83.0,522.0182403166262,linear
1104,1_epo,84.0,523.7548178415785,linear
1105,1_epo,85.0,525.4913953665308,linear
1106,1_epo,86.0,527.2279728914832,linear
1107,1_epo,87.0,528.9645504164354,linear
1108,1_epo,88.0,530.7011279413877,linear
1109,1_epo,89.0,532.43770546634,linear
1110,1_epo,90.0,534.1742829912923,linear
1111,1_epo,91.0,535.9108605162446,linear
1112,1_epo,92.0,537.6474380411969,linear
1113,1_epo,93.0,539.3840155661492,linear
1114,1_epo,94.0,541.1205930911013,linear
1115,1_epo,95.0,542.8571706160537,linear
1116,20_epo,3.0,368.1366171219295,linear
1117,20_epo,4.0,373.0759495213988,linear
1118,20_epo,5.0,378.01528192086806,linear
1119,20_epo,6.0,382.9546143203374,linear
1120,20_epo,7.000000000000001,387.8939467198067,linear
1121,20_epo,8.0,392.833279119276,linear
1122,20_epo,9.0,397.77261151874535,linear
1123,20_epo,10.0,402.7119439182147,linear
1124,20_epo,11.0,407.651276317684,linear
1125,20_epo,12.0,412.5906087171533,linear
1126,20_epo,13.0,417.52994111662264,linear
1127,20_epo,14.000000000000002,422.4692735160919,linear
1128,20_epo,15.0,427.4086059155612,linear
1129,20_epo,16.0,432.34793831503055,linear
1130,20_epo,17.0,437.28727071449987,linear
1131,20_epo,18.0,442.2266031139692,linear
1132,20_epo,19.0,447.16593551343846,linear
1133,20_epo,20.0,452.1052679129078,linear
1134,20_epo,21.0,457.0446003123771,linear
1135,20_epo,22.0,461.9839327118464,linear
1136,20_epo,23.0,466.92326511131574,linear
1137,20_epo,24.0,471.862597510785,linear
1138,20_epo,25.0,476.8019299102544,linear
1139,20_epo,26.0,481.7412623097237,linear
1140,20_epo,27.0,486.68059470919303,linear
1141,20_epo,28.000000000000004,491.6199271086623,linear
1142,20_epo,28.999999999999996,496.5592595081316,linear
1143,20_epo,30.0,501.49859190760094,linear
1144,20_epo,31.0,506.43792430707026,linear
1145,20_epo,32.0,511.3772567065395,linear
1146,20_epo,33.0,516.3165891060089,linear
1147,20_epo,34.0,521.2559215054782,linear
1148,20_epo,35.0,526.1952539049474,linear
1149,20_epo,36.0,531.1345863044168,linear
1150,20_epo,37.0,536.0739187038861,linear
1151,20_epo,38.0,541.0132511033554,linear
1152,20_epo,39.0,545.9525835028247,linear
1153,20_epo,40.0,550.891915902294,linear
1154,20_epo,41.0,555.8312483017634,linear
1155,20_epo,42.0,560.7705807012327,linear
1156,20_epo,43.0,565.709913100702,linear
1157,20_epo,44.0,570.6492455001712,linear
1158,20_epo,45.0,575.5885778996405,linear
1159,20_epo,46.0,580.5279102991099,linear
1160,20_epo,47.0,585.4672426985792,linear
1161,20_epo,48.0,590.4065750980485,linear
1162,20_epo,49.0,595.3459074975178,linear
1163,20_epo,50.0,600.2852398969872,linear
1164,20_epo,51.0,605.2245722964565,linear
1165,20_epo,52.0,610.1639046959258,linear
1166,20_epo,53.0,615.103237095395,linear
1167,20_epo,54.0,620.0425694948644,linear
1168,20_epo,55.00000000000001,624.9819018943338,linear
1169,20_epo,56.00000000000001,629.9212342938031,linear
1170,20_epo,56.99999999999999,634.8605666932723,linear
1171,20_epo,57.99999999999999,639.7998990927416,linear
1172,20_epo,59.0,644.7392314922109,linear
1173,20_epo,60.0,649.6785638916803,linear
1174,20_epo,61.0,654.6178962911497,linear
1175,20_epo,62.0,659.5572286906189,linear
1176,20_epo,63.0,664.4965610900882,linear
1177,20_epo,64.0,669.4358934895575,linear
1178,20_epo,65.0,674.3752258890269,linear
1179,20_epo,66.0,679.3145582884962,linear
1180,20_epo,67.0,684.2538906879655,linear
1181,20_epo,68.0,689.193223087435,linear
1182,20_epo,69.0,694.1325554869042,linear
1183,20_epo,70.0,699.0718878863735,linear
1184,20_epo,71.0,704.0112202858427,linear
1185,20_epo,72.0,708.950552685312,linear
1186,20_epo,73.0,713.8898850847813,linear
1187,20_epo,74.0,718.8292174842506,linear
1188,20_epo,75.0,723.76854988372,linear
1189,20_epo,76.0,728.7078822831894,linear
1190,20_epo,77.0,733.6472146826587,linear
1191,20_epo,78.0,738.586547082128,linear
1192,20_epo,79.0,743.5258794815974,linear
1193,20_epo,80.0,748.4652118810666,linear
1194,20_epo,81.0,753.4045442805359,linear
1195,20_epo,82.0,758.3438766800051,linear
1196,20_epo,83.0,763.2832090794745,linear
1197,20_epo,84.0,768.2225414789439,linear
1198,20_epo,85.0,773.1618738784132,linear
1199,20_epo,86.0,778.1012062778825,linear
1200,20_epo,87.0,783.0405386773518,linear
1201,20_epo,88.0,787.9798710768212,linear
1202,20_epo,89.0,792.9192034762904,linear
1203,20_epo,90.0,797.8585358757597,linear
1204,20_epo,91.0,802.797868275229,linear
1205,20_epo,92.0,807.7372006746983,linear
1206,20_epo,93.0,812.6765330741677,linear
1207,20_epo,94.0,817.615865473637,linear
1208,20_epo,95.0,822.5551978731063,linear
1209,21_epo,3.0,490.7733028128304,linear
1210,21_epo,4.0,498.1007080372442,linear
1211,21_epo,5.0,505.42811326165804,linear
1212,21_epo,6.0,512.7555184860718,linear
1213,21_epo,7.000000000000001,520.0829237104856,linear
1214,21_epo,8.0,527.4103289348993,linear
1215,21_epo,9.0,534.7377341593132,linear
1216,21_epo,10.0,542.0651393837269,linear
1217,21_epo,11.0,549.3925446081407,linear
1218,21_epo,12.0,556.7199498325544,linear
1219,21_epo,13.0,564.0473550569683,linear
1220,21_epo,14.000000000000002,571.374760281382,linear
1221,21_epo,15.0,578.7021655057957,linear
1222,21_epo,16.0,586.0295707302096,linear
1223,21_epo,17.0,593.3569759546233,linear
1224,21_epo,18.0,600.6843811790371,linear
1225,21_epo,19.0,608.0117864034509,linear
1226,21_epo,20.0,615.3391916278647,linear
1227,21_epo,21.0,622.6665968522784,linear
1228,21_epo,22.0,629.9940020766923,linear
1229,21_epo,23.0,637.321407301106,linear
1230,21_epo,24.0,644.6488125255197,linear
1231,21_epo,25.0,651.9762177499335,linear
1232,21_epo,26.0,659.3036229743473,linear
1233,21_epo,27.0,666.6310281987611,linear
1234,21_epo,28.000000000000004,673.9584334231748,linear
1235,21_epo,28.999999999999996,681.2858386475887,linear
1236,21_epo,30.0,688.6132438720024,linear
1237,21_epo,31.0,695.9406490964162,linear
1238,21_epo,32.0,703.26805432083,linear
1239,21_epo,33.0,710.5954595452437,linear
1240,21_epo,34.0,717.9228647696575,linear
1241,21_epo,35.0,725.2502699940712,linear
1242,21_epo,36.0,732.5776752184851,linear
1243,21_epo,37.0,739.9050804428988,linear
1244,21_epo,38.0,747.2324856673127,linear
1245,21_epo,39.0,754.5598908917264,linear
1246,21_epo,40.0,761.8872961161403,linear
1247,21_epo,41.0,769.2147013405539,linear
1248,21_epo,42.0,776.5421065649676,linear
1249,21_epo,43.0,783.8695117893815,linear
1250,21_epo,44.0,791.1969170137953,linear
1251,21_epo,45.0,798.524322238209,linear
1252,21_epo,46.0,805.8517274626229,linear
1253,21_epo,47.0,813.1791326870366,linear
1254,21_epo,48.0,820.5065379114504,linear
1255,21_epo,49.0,827.8339431358642,linear
1256,21_epo,50.0,835.161348360278,linear
1257,21_epo,51.0,842.4887535846916,linear
1258,21_epo,52.0,849.8161588091056,linear
1259,21_epo,53.0,857.1435640335192,linear
1260,21_epo,54.0,864.4709692579331,linear
1261,21_epo,55.00000000000001,871.7983744823468,linear
1262,21_epo,56.00000000000001,879.1257797067607,linear
1263,21_epo,56.99999999999999,886.4531849311743,linear
1264,21_epo,57.99999999999999,893.7805901555882,linear
1265,21_epo,59.0,901.1079953800019,linear
1266,21_epo,60.0,908.4354006044157,linear
1267,21_epo,61.0,915.7628058288294,linear
1268,21_epo,62.0,923.0902110532433,linear
1269,21_epo,63.0,930.4176162776571,linear
1270,21_epo,64.0,937.7450215020708,linear
1271,21_epo,65.0,945.0724267264847,linear
1272,21_epo,66.0,952.3998319508984,linear
1273,21_epo,67.0,959.7272371753122,linear
1274,21_epo,68.0,967.0546423997259,linear
1275,21_epo,69.0,974.3820476241397,linear
1276,21_epo,70.0,981.7094528485535,linear
1277,21_epo,71.0,989.0368580729671,linear
1278,21_epo,72.0,996.3642632973811,linear
1279,21_epo,73.0,1003.6916685217947,linear
1280,21_epo,74.0,1011.0190737462086,linear
1281,21_epo,75.0,1018.3464789706222,linear
1282,21_epo,76.0,1025.6738841950362,linear
1283,21_epo,77.0,1033.0012894194501,linear
1284,21_epo,78.0,1040.3286946438636,linear
1285,21_epo,79.0,1047.6560998682776,linear
1286,21_epo,80.0,1054.9835050926913,linear
1287,21_epo,81.0,1062.310910317105,linear
1288,21_epo,82.0,1069.6383155415188,linear
1289,21_epo,83.0,1076.9657207659325,linear
1290,21_epo,84.0,1084.2931259903464,linear
1291,21_epo,85.0,1091.6205312147601,linear
1292,21_epo,86.0,1098.9479364391739,linear
1293,21_epo,87.0,1106.2753416635878,linear
1294,21_epo,88.0,1113.6027468880013,linear
1295,21_epo,89.0,1120.9301521124153,linear
1296,21_epo,90.0,1128.257557336829,linear
1297,21_epo,91.0,1135.584962561243,linear
1298,21_epo,92.0,1142.9123677856564,linear
1299,21_epo,93.0,1150.2397730100704,linear
1300,21_epo,94.0,1157.5671782344841,linear
1301,21_epo,95.0,1164.894583458898,linear
1302,22_epo,3.0,454.27185002786854,linear
1303,22_epo,4.0,454.3299727948677,linear
1304,22_epo,5.0,454.3880955618669,linear
1305,22_epo,6.0,454.4462183288661,linear
1306,22_epo,7.000000000000001,454.50434109586536,linear
1307,22_epo,8.0,454.56246386286455,linear
1308,22_epo,9.0,454.62058662986374,linear
1309,22_epo,10.0,454.6787093968629,linear
1310,22_epo,11.0,454.7368321638622,linear
1311,22_epo,12.0,454.79495493086137,linear
1312,22_epo,13.0,454.8530776978606,linear
1313,22_epo,14.000000000000002,454.9112004648598,linear
1314,22_epo,15.0,454.969323231859,linear
1315,22_epo,16.0,455.0274459988582,linear
1316,22_epo,17.0,455.08556876585743,linear
1317,22_epo,18.0,455.1436915328566,linear
1318,22_epo,19.0,455.20181429985587,linear
1319,22_epo,20.0,455.259937066855,linear
1320,22_epo,21.0,455.31805983385425,linear
1321,22_epo,22.0,455.37618260085344,linear
1322,22_epo,23.0,455.4343053678527,linear
1323,22_epo,24.0,455.4924281348519,linear
1324,22_epo,25.0,455.55055090185107,linear
1325,22_epo,26.0,455.60867366885026,linear
1326,22_epo,27.0,455.6667964358495,linear
1327,22_epo,28.000000000000004,455.7249192028487,linear
1328,22_epo,28.999999999999996,455.78304196984794,linear
1329,22_epo,30.0,455.8411647368471,linear
1330,22_epo,31.0,455.8992875038463,linear
1331,22_epo,32.0,455.9574102708455,linear
1332,22_epo,33.0,456.01553303784476,linear
1333,22_epo,34.0,456.07365580484395,linear
1334,22_epo,35.0,456.1317785718432,linear
1335,22_epo,36.0,456.18990133884233,linear
1336,22_epo,37.0,456.2480241058416,linear
1337,22_epo,38.0,456.30614687284077,linear
1338,22_epo,39.0,456.36426963984,linear
1339,22_epo,40.0,456.4223924068392,linear
1340,22_epo,41.0,456.4805151738384,linear
1341,22_epo,42.0,456.5386379408376,linear
1342,22_epo,43.0,456.59676070783684,linear
1343,22_epo,44.0,456.6548834748361,linear
1344,22_epo,45.0,456.7130062418353,linear
1345,22_epo,46.0,456.77112900883446,linear
1346,22_epo,47.0,456.82925177583365,linear
1347,22_epo,48.0,456.8873745428329,linear
1348,22_epo,49.0,456.9454973098321,linear
1349,22_epo,50.0,457.00362007683134,linear
1350,22_epo,51.0,457.0617428438305,linear
1351,22_epo,52.0,457.1198656108297,linear
1352,22_epo,53.0,457.1779883778289,linear
1353,22_epo,54.0,457.23611114482816,linear
1354,22_epo,55.00000000000001,457.29423391182735,linear
1355,22_epo,56.00000000000001,457.35235667882654,linear
1356,22_epo,56.99999999999999,457.41047944582573,linear
1357,22_epo,57.99999999999999,457.468602212825,linear
1358,22_epo,59.0,457.52672497982417,linear
1359,22_epo,60.0,457.5848477468234,linear
1360,22_epo,61.0,457.6429705138226,linear
1361,22_epo,62.0,457.7010932808218,linear
1362,22_epo,63.0,457.759216047821,linear
1363,22_epo,64.0,457.81733881482023,linear
1364,22_epo,65.0,457.8754615818194,linear
1365,22_epo,66.0,457.93358434881867,linear
1366,22_epo,67.0,457.9917071158178,linear
1367,22_epo,68.0,458.04982988281705,linear
1368,22_epo,69.0,458.10795264981624,linear
1369,22_epo,70.0,458.1660754168155,linear
1370,22_epo,71.0,458.2241981838147,linear
1371,22_epo,72.0,458.28232095081387,linear
1372,22_epo,73.0,458.34044371781306,linear
1373,22_epo,74.0,458.3985664848123,linear
1374,22_epo,75.0,458.4566892518115,linear
1375,22_epo,76.0,458.51481201881074,linear
1376,22_epo,77.0,458.5729347858099,linear
1377,22_epo,78.0,458.6310575528091,linear
1378,22_epo,79.0,458.6891803198083,linear
1379,22_epo,80.0,458.74730308680756,linear
1380,22_epo,81.0,458.80542585380675,linear
1381,22_epo,82.0,458.863548620806,linear
1382,22_epo,83.0,458.92167138780513,linear
1383,22_epo,84.0,458.9797941548044,linear
1384,22_epo,85.0,459.0379169218036,linear
1385,22_epo,86.0,459.0960396888028,linear
1386,22_epo,87.0,459.15416245580207,linear
1387,22_epo,88.0,459.2122852228012,linear
1388,22_epo,89.0,459.27040798980045,linear
1389,22_epo,90.0,459.32853075679964,linear
1390,22_epo,91.0,459.3866535237989,linear
1391,22_epo,92.0,459.4447762907981,linear
1392,22_epo,93.0,459.50289905779726,linear
1393,22_epo,94.0,459.56102182479646,linear
1394,22_epo,95.0,459.6191445917957,linear
1395,23_epo,3.0,635.6535258423461,linear
1396,23_epo,4.0,637.214121826123,linear
1397,23_epo,5.0,638.7747178098999,linear
1398,23_epo,6.0,640.3353137936768,linear
1399,23_epo,7.000000000000001,641.8959097774535,linear
1400,23_epo,8.0,643.4565057612305,linear
1401,23_epo,9.0,645.0171017450074,linear
1402,23_epo,10.0,646.5776977287843,linear
1403,23_epo,11.0,648.138293712561,linear
1404,23_epo,12.0,649.6988896963379,linear
1405,23_epo,13.0,651.2594856801148,linear
1406,23_epo,14.000000000000002,652.8200816638918,linear
1407,23_epo,15.0,654.3806776476686,linear
1408,23_epo,16.0,655.9412736314454,linear
1409,23_epo,17.0,657.5018696152223,linear
1410,23_epo,18.0,659.0624655989992,linear
1411,23_epo,19.0,660.623061582776,linear
1412,23_epo,20.0,662.1836575665528,linear
1413,23_epo,21.0,663.7442535503297,linear
1414,23_epo,22.0,665.3048495341067,linear
1415,23_epo,23.0,666.8654455178835,linear
1416,23_epo,24.0,668.4260415016603,linear
1417,23_epo,25.0,669.9866374854372,linear
1418,23_epo,26.0,671.5472334692141,linear
1419,23_epo,27.0,673.1078294529909,linear
1420,23_epo,28.000000000000004,674.6684254367678,linear
1421,23_epo,28.999999999999996,676.2290214205447,linear
1422,23_epo,30.0,677.7896174043216,linear
1423,23_epo,31.0,679.3502133880984,linear
1424,23_epo,32.0,680.9108093718753,linear
1425,23_epo,33.0,682.4714053556521,linear
1426,23_epo,34.0,684.032001339429,linear
1427,23_epo,35.0,685.5925973232058,linear
1428,23_epo,36.0,687.1531933069828,linear
1429,23_epo,37.0,688.7137892907596,linear
1430,23_epo,38.0,690.2743852745365,linear
1431,23_epo,39.0,691.8349812583133,linear
1432,23_epo,40.0,693.3955772420902,linear
1433,23_epo,41.0,694.9561732258671,linear
1434,23_epo,42.0,696.5167692096439,linear
1435,23_epo,43.0,698.0773651934207,linear
1436,23_epo,44.0,699.6379611771977,linear
1437,23_epo,45.0,701.1985571609746,linear
1438,23_epo,46.0,702.7591531447515,linear
1439,23_epo,47.0,704.3197491285282,linear
1440,23_epo,48.0,705.8803451123051,linear
1441,23_epo,49.0,707.440941096082,linear
1442,23_epo,50.0,709.0015370798588,linear
1443,23_epo,51.0,710.5621330636357,linear
1444,23_epo,52.0,712.1227290474126,linear
1445,23_epo,53.0,713.6833250311895,linear
1446,23_epo,54.0,715.2439210149664,linear
1447,23_epo,55.00000000000001,716.8045169987431,linear
1448,23_epo,56.00000000000001,718.36511298252,linear
1449,23_epo,56.99999999999999,719.925708966297,linear
1450,23_epo,57.99999999999999,721.4863049500739,linear
1451,23_epo,59.0,723.0469009338506,linear
1452,23_epo,60.0,724.6074969176275,linear
1453,23_epo,61.0,726.1680929014044,linear
1454,23_epo,62.0,727.7286888851813,linear
1455,23_epo,63.0,729.289284868958,linear
1456,23_epo,64.0,730.8498808527349,linear
1457,23_epo,65.0,732.4104768365119,linear
1458,23_epo,66.0,733.9710728202888,linear
1459,23_epo,67.0,735.5316688040656,linear
1460,23_epo,68.0,737.0922647878424,linear
1461,23_epo,69.0,738.6528607716193,linear
1462,23_epo,70.0,740.2134567553962,linear
1463,23_epo,71.0,741.774052739173,linear
1464,23_epo,72.0,743.3346487229499,linear
1465,23_epo,73.0,744.8952447067268,linear
1466,23_epo,74.0,746.4558406905037,linear
1467,23_epo,75.0,748.0164366742805,linear
1468,23_epo,76.0,749.5770326580573,linear
1469,23_epo,77.0,751.1376286418342,linear
1470,23_epo,78.0,752.6982246256111,linear
1471,23_epo,79.0,754.258820609388,linear
1472,23_epo,80.0,755.8194165931649,linear
1473,23_epo,81.0,757.3800125769417,linear
1474,23_epo,82.0,758.9406085607185,linear
1475,23_epo,83.0,760.5012045444954,linear
1476,23_epo,84.0,762.0618005282723,linear
1477,23_epo,85.0,763.6223965120492,linear
1478,23_epo,86.0,765.1829924958259,linear
1479,23_epo,87.0,766.7435884796029,linear
1480,23_epo,88.0,768.3041844633798,linear
1481,23_epo,89.0,769.8647804471566,linear
1482,23_epo,90.0,771.4253764309334,linear
1483,23_epo,91.0,772.9859724147103,linear
1484,23_epo,92.0,774.5465683984872,linear
1485,23_epo,93.0,776.1071643822642,linear
1486,23_epo,94.0,777.6677603660409,linear
1487,23_epo,95.0,779.2283563498178,linear
1488,24_epo,3.0,876.0288420809359,linear
1489,24_epo,4.0,880.7251393810574,linear
1490,24_epo,5.0,885.4214366811789,linear
1491,24_epo,6.0,890.1177339813005,linear
1492,24_epo,7.000000000000001,894.8140312814219,linear
1493,24_epo,8.0,899.5103285815435,linear
1494,24_epo,9.0,904.206625881665,linear
1495,24_epo,10.0,908.9029231817865,linear
1496,24_epo,11.0,913.599220481908,linear
1497,24_epo,12.0,918.2955177820295,linear
1498,24_epo,13.0,922.991815082151,linear
1499,24_epo,14.000000000000002,927.6881123822726,linear
1500,24_epo,15.0,932.384409682394,linear
1501,24_epo,16.0,937.0807069825156,linear
1502,24_epo,17.0,941.777004282637,linear
1503,24_epo,18.0,946.4733015827586,linear
1504,24_epo,19.0,951.1695988828801,linear
1505,24_epo,20.0,955.8658961830015,linear
1506,24_epo,21.0,960.5621934831231,linear
1507,24_epo,22.0,965.2584907832445,linear
1508,24_epo,23.0,969.9547880833661,linear
1509,24_epo,24.0,974.6510853834876,linear
1510,24_epo,25.0,979.3473826836091,linear
1511,24_epo,26.0,984.0436799837306,linear
1512,24_epo,27.0,988.7399772838521,linear
1513,24_epo,28.000000000000004,993.4362745839736,linear
1514,24_epo,28.999999999999996,998.1325718840952,linear
1515,24_epo,30.0,1002.8288691842166,linear
1516,24_epo,31.0,1007.5251664843381,linear
1517,24_epo,32.0,1012.2214637844597,linear
1518,24_epo,33.0,1016.9177610845812,linear
1519,24_epo,34.0,1021.6140583847026,linear
1520,24_epo,35.0,1026.3103556848243,linear
1521,24_epo,36.0,1031.0066529849457,linear
1522,24_epo,37.0,1035.7029502850671,linear
1523,24_epo,38.0,1040.399247585189,linear
1524,24_epo,39.0,1045.0955448853103,linear
1525,24_epo,40.0,1049.7918421854317,linear
1526,24_epo,41.0,1054.4881394855533,linear
1527,24_epo,42.0,1059.184436785675,linear
1528,24_epo,43.0,1063.8807340857963,linear
1529,24_epo,44.0,1068.5770313859177,linear
1530,24_epo,45.0,1073.2733286860393,linear
1531,24_epo,46.0,1077.969625986161,linear
1532,24_epo,47.0,1082.6659232862824,linear
1533,24_epo,48.0,1087.362220586404,linear
1534,24_epo,49.0,1092.0585178865254,linear
1535,24_epo,50.0,1096.754815186647,linear
1536,24_epo,51.0,1101.4511124867686,linear
1537,24_epo,52.0,1106.14740978689,linear
1538,24_epo,53.0,1110.8437070870114,linear
1539,24_epo,54.0,1115.540004387133,linear
1540,24_epo,55.00000000000001,1120.2363016872546,linear
1541,24_epo,56.00000000000001,1124.932598987376,linear
1542,24_epo,56.99999999999999,1129.6288962874974,linear
1543,24_epo,57.99999999999999,1134.3251935876187,linear
1544,24_epo,59.0,1139.0214908877406,linear
1545,24_epo,60.0,1143.717788187862,linear
1546,24_epo,61.0,1148.4140854879836,linear
1547,24_epo,62.0,1153.110382788105,linear
1548,24_epo,63.0,1157.8066800882266,linear
1549,24_epo,64.0,1162.502977388348,linear
1550,24_epo,65.0,1167.1992746884696,linear
1551,24_epo,66.0,1171.895571988591,linear
1552,24_epo,67.0,1176.5918692887128,linear
1553,24_epo,68.0,1181.2881665888342,linear
1554,24_epo,69.0,1185.9844638889556,linear
1555,24_epo,70.0,1190.680761189077,linear
1556,24_epo,71.0,1195.3770584891986,linear
1557,24_epo,72.0,1200.0733557893202,linear
1558,24_epo,73.0,1204.7696530894416,linear
1559,24_epo,74.0,1209.4659503895632,linear
1560,24_epo,75.0,1214.1622476896848,linear
1561,24_epo,76.0,1218.8585449898062,linear
1562,24_epo,77.0,1223.5548422899276,linear
1563,24_epo,78.0,1228.2511395900492,linear
1564,24_epo,79.0,1232.9474368901708,linear
1565,24_epo,80.0,1237.6437341902924,linear
1566,24_epo,81.0,1242.3400314904138,linear
1567,24_epo,82.0,1247.0363287905352,linear
1568,24_epo,83.0,1251.7326260906568,linear
1569,24_epo,84.0,1256.4289233907782,linear
1570,24_epo,85.0,1261.1252206908998,linear
1571,24_epo,86.0,1265.8215179910212,linear
1572,24_epo,87.0,1270.517815291143,linear
1573,24_epo,88.0,1275.2141125912644,linear
1574,24_epo,89.0,1279.9104098913858,linear
1575,24_epo,90.0,1284.6067071915072,linear
1576,24_epo,91.0,1289.3030044916288,linear
1577,24_epo,92.0,1293.9993017917504,linear
1578,24_epo,93.0,1298.695599091872,linear
1579,24_epo,94.0,1303.3918963919934,linear
1580,24_epo,95.0,1308.0881936921148,linear
1581,25_epo,3.0,446.0958461183596,linear
1582,25_epo,4.0,447.99147801855463,linear
1583,25_epo,5.0,449.8871099187497,linear
1584,25_epo,6.0,451.7827418189447,linear
1585,25_epo,7.000000000000001,453.6783737191398,linear
1586,25_epo,8.0,455.57400561933486,linear
1587,25_epo,9.0,457.46963751952995,linear
1588,25_epo,10.0,459.365269419725,linear
1589,25_epo,11.0,461.26090131992004,linear
1590,25_epo,12.0,463.15653322011514,linear
1591,25_epo,13.0,465.0521651203102,linear
1592,25_epo,14.000000000000002,466.9477970205053,linear
1593,25_epo,15.0,468.8434289207003,linear
1594,25_epo,16.0,470.73906082089536,linear
1595,25_epo,17.0,472.63469272109046,linear
1596,25_epo,18.0,474.53032462128544,linear
1597,25_epo,19.0,476.42595652148054,linear
1598,25_epo,20.0,478.3215884216756,linear
1599,25_epo,21.0,480.2172203218706,linear
1600,25_epo,22.0,482.1128522220657,linear
1601,25_epo,23.0,484.00848412226077,linear
1602,25_epo,24.0,485.90411602245587,linear
1603,25_epo,25.0,487.7997479226509,linear
1604,25_epo,26.0,489.69537982284595,linear
1605,25_epo,27.0,491.59101172304105,linear
1606,25_epo,28.000000000000004,493.4866436232361,linear
1607,25_epo,28.999999999999996,495.38227552343113,linear
1608,25_epo,30.0,497.27790742362623,linear
1609,25_epo,31.0,499.1735393238213,linear
1610,25_epo,32.0,501.06917122401626,linear
1611,25_epo,33.0,502.9648031242113,linear
1612,25_epo,34.0,504.86043502440646,linear
1613,25_epo,35.0,506.7560669246015,linear
1614,25_epo,36.0,508.65169882479654,linear
1615,25_epo,37.0,510.5473307249916,linear
1616,25_epo,38.0,512.4429626251867,linear
1617,25_epo,39.0,514.3385945253817,linear
1618,25_epo,40.0,516.2342264255768,linear
1619,25_epo,41.0,518.1298583257718,linear
1620,25_epo,42.0,520.0254902259669,linear
1621,25_epo,43.0,521.9211221261619,linear
1622,25_epo,44.0,523.8167540263571,linear
1623,25_epo,45.0,525.7123859265521,linear
1624,25_epo,46.0,527.6080178267472,linear
1625,25_epo,47.0,529.5036497269422,linear
1626,25_epo,48.0,531.3992816271374,linear
1627,25_epo,49.0,533.2949135273324,linear
1628,25_epo,50.0,535.1905454275275,linear
1629,25_epo,51.0,537.0861773277225,linear
1630,25_epo,52.0,538.9818092279176,linear
1631,25_epo,53.0,540.8774411281125,linear
1632,25_epo,54.0,542.7730730283076,linear
1633,25_epo,55.00000000000001,544.6687049285027,linear
1634,25_epo,56.00000000000001,546.5643368286977,linear
1635,25_epo,56.99999999999999,548.4599687288928,linear
1636,25_epo,57.99999999999999,550.3556006290878,linear
1637,25_epo,59.0,552.251232529283,linear
1638,25_epo,60.0,554.146864429478,linear
1639,25_epo,61.0,556.0424963296731,linear
1640,25_epo,62.0,557.9381282298681,linear
1641,25_epo,63.0,559.8337601300632,linear
1642,25_epo,64.0,561.7293920302583,linear
1643,25_epo,65.0,563.6250239304534,linear
1644,25_epo,66.0,565.5206558306484,linear
1645,25_epo,67.0,567.4162877308434,linear
1646,25_epo,68.0,569.3119196310386,linear
1647,25_epo,69.0,571.2075515312335,linear
1648,25_epo,70.0,573.1031834314286,linear
1649,25_epo,71.0,574.9988153316236,linear
1650,25_epo,72.0,576.8944472318187,linear
1651,25_epo,73.0,578.7900791320137,linear
1652,25_epo,74.0,580.6857110322088,linear
1653,25_epo,75.0,582.5813429324039,linear
1654,25_epo,76.0,584.476974832599,linear
1655,25_epo,77.0,586.372606732794,linear
1656,25_epo,78.0,588.2682386329892,linear
1657,25_epo,79.0,590.1638705331842,linear
1658,25_epo,80.0,592.0595024333793,linear
1659,25_epo,81.0,593.9551343335743,linear
1660,25_epo,82.0,595.8507662337693,linear
1661,25_epo,83.0,597.7463981339644,linear
1662,25_epo,84.0,599.6420300341593,linear
1663,25_epo,85.0,601.5376619343546,linear
1664,25_epo,86.0,603.4332938345495,linear
1665,25_epo,87.0,605.3289257347446,linear
1666,25_epo,88.0,607.2245576349397,linear
1667,25_epo,89.0,609.1201895351348,linear
1668,25_epo,90.0,611.0158214353298,linear
1669,25_epo,91.0,612.9114533355249,linear
1670,25_epo,92.0,614.8070852357199,linear
1671,25_epo,93.0,616.702717135915,linear
1672,25_epo,94.0,618.59834903611,linear
1673,25_epo,95.0,620.4939809363051,linear
1674,2_epo,3.0,672.1784698594057,linear
1675,2_epo,4.0,678.3198890566231,linear
1676,2_epo,5.0,684.4613082538405,linear
1677,2_epo,6.0,690.6027274510578,linear
1678,2_epo,7.000000000000001,696.7441466482753,linear
1679,2_epo,8.0,702.8855658454927,linear
1680,2_epo,9.0,709.0269850427101,linear
1681,2_epo,10.0,715.1684042399276,linear
1682,2_epo,11.0,721.3098234371449,linear
1683,2_epo,12.0,727.4512426343623,linear
1684,2_epo,13.0,733.5926618315798,linear
1685,2_epo,14.000000000000002,739.7340810287972,linear
1686,2_epo,15.0,745.8755002260145,linear
1687,2_epo,16.0,752.016919423232,linear
1688,2_epo,17.0,758.1583386204494,linear
1689,2_epo,18.0,764.2997578176668,linear
1690,2_epo,19.0,770.4411770148843,linear
1691,2_epo,20.0,776.5825962121015,linear
1692,2_epo,21.0,782.724015409319,linear
1693,2_epo,22.0,788.8654346065365,linear
1694,2_epo,23.0,795.0068538037538,linear
1695,2_epo,24.0,801.1482730009712,linear
1696,2_epo,25.0,807.2896921981887,linear
1697,2_epo,26.0,813.431111395406,linear
1698,2_epo,27.0,819.5725305926235,linear
1699,2_epo,28.000000000000004,825.713949789841,linear
1700,2_epo,28.999999999999996,831.8553689870582,linear
1701,2_epo,30.0,837.9967881842757,linear
1702,2_epo,31.0,844.1382073814931,linear
1703,2_epo,32.0,850.2796265787105,linear
1704,2_epo,33.0,856.421045775928,linear
1705,2_epo,34.0,862.5624649731453,linear
1706,2_epo,35.0,868.7038841703627,linear
1707,2_epo,36.0,874.8453033675802,linear
1708,2_epo,37.0,880.9867225647976,linear
1709,2_epo,38.0,887.1281417620149,linear
1710,2_epo,39.0,893.2695609592324,linear
1711,2_epo,40.0,899.4109801564498,linear
1712,2_epo,41.0,905.5523993536672,linear
1713,2_epo,42.0,911.6938185508847,linear
1714,2_epo,43.0,917.835237748102,linear
1715,2_epo,44.0,923.9766569453194,linear
1716,2_epo,45.0,930.1180761425368,linear
1717,2_epo,46.0,936.2594953397543,linear
1718,2_epo,47.0,942.4009145369716,linear
1719,2_epo,48.0,948.542333734189,linear
1720,2_epo,49.0,954.6837529314065,linear
1721,2_epo,50.0,960.8251721286239,linear
1722,2_epo,51.0,966.9665913258413,linear
1723,2_epo,52.0,973.1080105230587,linear
1724,2_epo,53.0,979.2494297202761,linear
1725,2_epo,54.0,985.3908489174936,linear
1726,2_epo,55.00000000000001,991.532268114711,linear
1727,2_epo,56.00000000000001,997.6736873119283,linear
1728,2_epo,56.99999999999999,1003.8151065091458,linear
1729,2_epo,57.99999999999999,1009.9565257063632,linear
1730,2_epo,59.0,1016.0979449035805,linear
1731,2_epo,60.0,1022.2393641007978,linear
1732,2_epo,61.0,1028.3807832980153,linear
1733,2_epo,62.0,1034.5222024952327,linear
1734,2_epo,63.0,1040.6636216924503,linear
1735,2_epo,64.0,1046.8050408896677,linear
1736,2_epo,65.0,1052.946460086885,linear
1737,2_epo,66.0,1059.0878792841024,linear
1738,2_epo,67.0,1065.2292984813198,linear
1739,2_epo,68.0,1071.3707176785374,linear
1740,2_epo,69.0,1077.5121368757548,linear
1741,2_epo,70.0,1083.6535560729722,linear
1742,2_epo,71.0,1089.7949752701895,linear
1743,2_epo,72.0,1095.9363944674067,linear
1744,2_epo,73.0,1102.0778136646243,linear
1745,2_epo,74.0,1108.2192328618416,linear
1746,2_epo,75.0,1114.3606520590592,linear
1747,2_epo,76.0,1120.5020712562766,linear
1748,2_epo,77.0,1126.6434904534938,linear
1749,2_epo,78.0,1132.7849096507114,linear
1750,2_epo,79.0,1138.9263288479287,linear
1751,2_epo,80.0,1145.0677480451463,linear
1752,2_epo,81.0,1151.2091672423637,linear
1753,2_epo,82.0,1157.350586439581,linear
1754,2_epo,83.0,1163.4920056367982,linear
1755,2_epo,84.0,1169.6334248340156,linear
1756,2_epo,85.0,1175.7748440312332,linear
1757,2_epo,86.0,1181.9162632284508,linear
1758,2_epo,87.0,1188.0576824256682,linear
1759,2_epo,88.0,1194.1991016228853,linear
1760,2_epo,89.0,1200.3405208201027,linear
1761,2_epo,90.0,1206.48194001732,linear
1762,2_epo,91.0,1212.6233592145377,linear
1763,2_epo,92.0,1218.7647784117553,linear
1764,2_epo,93.0,1224.9061976089727,linear
1765,2_epo,94.0,1231.0476168061898,linear
1766,2_epo,95.0,1237.1890360034072,linear
1767,3_epo,3.0,506.8829347242907,linear
1768,3_epo,4.0,508.29749620799566,linear
1769,3_epo,5.0,509.7120576917007,linear
1770,3_epo,6.0,511.1266191754058,linear
1771,3_epo,7.000000000000001,512.5411806591108,linear
1772,3_epo,8.0,513.9557421428158,linear
1773,3_epo,9.0,515.3703036265208,linear
1774,3_epo,10.0,516.784865110226,linear
1775,3_epo,11.0,518.1994265939309,linear
1776,3_epo,12.0,519.6139880776359,linear
1777,3_epo,13.0,521.028549561341,linear
1778,3_epo,14.000000000000002,522.4431110450461,linear
1779,3_epo,15.0,523.8576725287511,linear
1780,3_epo,16.0,525.272234012456,linear
1781,3_epo,17.0,526.6867954961612,linear
1782,3_epo,18.0,528.1013569798662,linear
1783,3_epo,19.0,529.5159184635712,linear
1784,3_epo,20.0,530.9304799472761,linear
1785,3_epo,21.0,532.3450414309813,linear
1786,3_epo,22.0,533.7596029146863,linear
1787,3_epo,23.0,535.1741643983913,linear
1788,3_epo,24.0,536.5887258820962,linear
1789,3_epo,25.0,538.0032873658014,linear
1790,3_epo,26.0,539.4178488495064,linear
1791,3_epo,27.0,540.8324103332114,linear
1792,3_epo,28.000000000000004,542.2469718169165,linear
1793,3_epo,28.999999999999996,543.6615333006215,linear
1794,3_epo,30.0,545.0760947843265,linear
1795,3_epo,31.0,546.4906562680316,linear
1796,3_epo,32.0,547.9052177517366,linear
1797,3_epo,33.0,549.3197792354416,linear
1798,3_epo,34.0,550.7343407191466,linear
1799,3_epo,35.0,552.1489022028517,linear
1800,3_epo,36.0,553.5634636865567,linear
1801,3_epo,37.0,554.9780251702617,linear
1802,3_epo,38.0,556.3925866539668,linear
1803,3_epo,39.0,557.8071481376719,linear
1804,3_epo,40.0,559.2217096213768,linear
1805,3_epo,41.0,560.6362711050818,linear
1806,3_epo,42.0,562.0508325887869,linear
1807,3_epo,43.0,563.465394072492,linear
1808,3_epo,44.0,564.8799555561969,linear
1809,3_epo,45.0,566.294517039902,linear
1810,3_epo,46.0,567.709078523607,linear
1811,3_epo,47.0,569.1236400073121,linear
1812,3_epo,48.0,570.538201491017,linear
1813,3_epo,49.0,571.9527629747221,linear
1814,3_epo,50.0,573.3673244584272,linear
1815,3_epo,51.0,574.7818859421322,linear
1816,3_epo,52.0,576.1964474258372,linear
1817,3_epo,53.0,577.6110089095422,linear
1818,3_epo,54.0,579.0255703932473,linear
1819,3_epo,55.00000000000001,580.4401318769524,linear
1820,3_epo,56.00000000000001,581.8546933606573,linear
1821,3_epo,56.99999999999999,583.2692548443623,linear
1822,3_epo,57.99999999999999,584.6838163280675,linear
1823,3_epo,59.0,586.0983778117725,linear
1824,3_epo,60.0,587.5129392954774,linear
1825,3_epo,61.0,588.9275007791825,linear
1826,3_epo,62.0,590.3420622628876,linear
1827,3_epo,63.0,591.7566237465926,linear
1828,3_epo,64.0,593.1711852302975,linear
1829,3_epo,65.0,594.5857467140027,linear
1830,3_epo,66.0,596.0003081977077,linear
1831,3_epo,67.0,597.4148696814127,linear
1832,3_epo,68.0,598.8294311651176,linear
1833,3_epo,69.0,600.2439926488228,linear
1834,3_epo,70.0,601.6585541325278,linear
1835,3_epo,71.0,603.0731156162328,linear
1836,3_epo,72.0,604.4876770999377,linear
1837,3_epo,73.0,605.9022385836429,linear
1838,3_epo,74.0,607.3168000673479,linear
1839,3_epo,75.0,608.7313615510529,linear
1840,3_epo,76.0,610.1459230347579,linear
1841,3_epo,77.0,611.560484518463,linear
1842,3_epo,78.0,612.975046002168,linear
1843,3_epo,79.0,614.3896074858731,linear
1844,3_epo,80.0,615.8041689695781,linear
1845,3_epo,81.0,617.2187304532831,linear
1846,3_epo,82.0,618.6332919369881,linear
1847,3_epo,83.0,620.0478534206932,linear
1848,3_epo,84.0,621.4624149043982,linear
1849,3_epo,85.0,622.8769763881032,linear
1850,3_epo,86.0,624.2915378718083,linear
1851,3_epo,87.0,625.7060993555133,linear
1852,3_epo,88.0,627.1206608392183,linear
1853,3_epo,89.0,628.5352223229233,linear
1854,3_epo,90.0,629.9497838066284,linear
1855,3_epo,91.0,631.3643452903335,linear
1856,3_epo,92.0,632.7789067740384,linear
1857,3_epo,93.0,634.1934682577435,linear
1858,3_epo,94.0,635.6080297414485,linear
1859,3_epo,95.0,637.0225912251535,linear
1860,4_epo,3.0,379.8963303184603,linear
1861,4_epo,4.0,382.74192720246185,linear
1862,4_epo,5.0,385.5875240864635,linear
1863,4_epo,6.0,388.43312097046504,linear
1864,4_epo,7.000000000000001,391.27871785446666,linear
1865,4_epo,8.0,394.12431473846834,linear
1866,4_epo,9.0,396.9699116224699,linear
1867,4_epo,10.0,399.81550850647153,linear
1868,4_epo,11.0,402.6611053904731,linear
1869,4_epo,12.0,405.5067022744747,linear
1870,4_epo,13.0,408.3522991584764,linear
1871,4_epo,14.000000000000002,411.19789604247796,linear
1872,4_epo,15.0,414.0434929264796,linear
1873,4_epo,16.0,416.88908981048115,linear
1874,4_epo,17.0,419.7346866944828,linear
1875,4_epo,18.0,422.58028357848445,linear
1876,4_epo,19.0,425.425880462486,linear
1877,4_epo,20.0,428.27147734648764,linear
1878,4_epo,21.0,431.1170742304892,linear
1879,4_epo,22.0,433.96267111449083,linear
1880,4_epo,23.0,436.8082679984925,linear
1881,4_epo,24.0,439.6538648824941,linear
1882,4_epo,25.0,442.4994617664957,linear
1883,4_epo,26.0,445.34505865049726,linear
1884,4_epo,27.0,448.1906555344989,linear
1885,4_epo,28.000000000000004,451.03625241850057,linear
1886,4_epo,28.999999999999996,453.88184930250213,linear
1887,4_epo,30.0,456.72744618650376,linear
1888,4_epo,31.0,459.5730430705053,linear
1889,4_epo,32.0,462.41863995450694,linear
1890,4_epo,33.0,465.26423683850857,linear
1891,4_epo,34.0,468.1098337225102,linear
1892,4_epo,35.0,470.9554306065118,linear
1893,4_epo,36.0,473.8010274905134,linear
1894,4_epo,37.0,476.646624374515,linear
1895,4_epo,38.0,479.4922212585166,linear
1896,4_epo,39.0,482.33781814251824,linear
1897,4_epo,40.0,485.18341502651987,linear
1898,4_epo,41.0,488.02901191052143,linear
1899,4_epo,42.0,490.87460879452306,linear
1900,4_epo,43.0,493.7202056785247,linear
1901,4_epo,44.0,496.5658025625263,linear
1902,4_epo,45.0,499.4113994465279,linear
1903,4_epo,46.0,502.25699633052955,linear
1904,4_epo,47.0,505.1025932145311,linear
1905,4_epo,48.0,507.94819009853273,linear
1906,4_epo,49.0,510.7937869825343,linear
1907,4_epo,50.0,513.6393838665359,linear
1908,4_epo,51.0,516.4849807505376,linear
1909,4_epo,52.0,519.3305776345392,linear
1910,4_epo,53.0,522.1761745185408,linear
1911,4_epo,54.0,525.0217714025425,linear
1912,4_epo,55.00000000000001,527.867368286544,linear
1913,4_epo,56.00000000000001,530.7129651705457,linear
1914,4_epo,56.99999999999999,533.5585620545472,linear
1915,4_epo,57.99999999999999,536.4041589385489,linear
1916,4_epo,59.0,539.2497558225505,linear
1917,4_epo,60.0,542.095352706552,linear
1918,4_epo,61.0,544.9409495905537,linear
1919,4_epo,62.0,547.7865464745553,linear
1920,4_epo,63.0,550.632143358557,linear
1921,4_epo,64.0,553.4777402425585,linear
1922,4_epo,65.0,556.3233371265601,linear
1923,4_epo,66.0,559.1689340105618,linear
1924,4_epo,67.0,562.0145308945633,linear
1925,4_epo,68.0,564.860127778565,linear
1926,4_epo,69.0,567.7057246625666,linear
1927,4_epo,70.0,570.5513215465681,linear
1928,4_epo,71.0,573.3969184305698,linear
1929,4_epo,72.0,576.2425153145714,linear
1930,4_epo,73.0,579.0881121985731,linear
1931,4_epo,74.0,581.9337090825746,linear
1932,4_epo,75.0,584.7793059665762,linear
1933,4_epo,76.0,587.6249028505778,linear
1934,4_epo,77.0,590.4704997345794,linear
1935,4_epo,78.0,593.3160966185811,linear
1936,4_epo,79.0,596.1616935025826,linear
1937,4_epo,80.0,599.0072903865843,linear
1938,4_epo,81.0,601.8528872705859,linear
1939,4_epo,82.0,604.6984841545875,linear
1940,4_epo,83.0,607.5440810385892,linear
1941,4_epo,84.0,610.3896779225906,linear
1942,4_epo,85.0,613.2352748065923,linear
1943,4_epo,86.0,616.0808716905939,linear
1944,4_epo,87.0,618.9264685745956,linear
1945,4_epo,88.0,621.7720654585972,linear
1946,4_epo,89.0,624.6176623425987,linear
1947,4_epo,90.0,627.4632592266004,linear
1948,4_epo,91.0,630.308856110602,linear
1949,4_epo,92.0,633.1544529946036,linear
1950,4_epo,93.0,636.0000498786053,linear
1951,4_epo,94.0,638.8456467626069,linear
1952,4_epo,95.0,641.6912436466084,linear
1953,5_epo,3.0,451.48733448516225,linear
1954,5_epo,4.0,452.4835158650003,linear
1955,5_epo,5.0,453.4796972448384,linear
1956,5_epo,6.0,454.47587862467645,linear
1957,5_epo,7.000000000000001,455.4720600045145,linear
1958,5_epo,8.0,456.4682413843526,linear
1959,5_epo,9.0,457.46442276419066,linear
1960,5_epo,10.0,458.4606041440287,linear
1961,5_epo,11.0,459.4567855238668,linear
1962,5_epo,12.0,460.45296690370486,linear
1963,5_epo,13.0,461.44914828354297,linear
1964,5_epo,14.000000000000002,462.445329663381,linear
1965,5_epo,15.0,463.44151104321907,linear
1966,5_epo,16.0,464.4376924230572,linear
1967,5_epo,17.0,465.4338738028952,linear
1968,5_epo,18.0,466.43005518273327,linear
1969,5_epo,19.0,467.4262365625713,linear
1970,5_epo,20.0,468.4224179424094,linear
1971,5_epo,21.0,469.4185993222475,linear
1972,5_epo,22.0,470.4147807020855,linear
1973,5_epo,23.0,471.4109620819236,linear
1974,5_epo,24.0,472.40714346176173,linear
1975,5_epo,25.0,473.4033248415997,linear
1976,5_epo,26.0,474.39950622143783,linear
1977,5_epo,27.0,475.3956876012759,linear
1978,5_epo,28.000000000000004,476.391868981114,linear
1979,5_epo,28.999999999999996,477.388050360952,linear
1980,5_epo,30.0,478.3842317407901,linear
1981,5_epo,31.0,479.3804131206282,linear
1982,5_epo,32.0,480.37659450046624,linear
1983,5_epo,33.0,481.3727758803043,linear
1984,5_epo,34.0,482.3689572601424,linear
1985,5_epo,35.0,483.36513863998044,linear
1986,5_epo,36.0,484.3613200198185,linear
1987,5_epo,37.0,485.35750139965654,linear
1988,5_epo,38.0,486.35368277949465,linear
1989,5_epo,39.0,487.34986415933275,linear
1990,5_epo,40.0,488.34604553917075,linear
1991,5_epo,41.0,489.34222691900885,linear
1992,5_epo,42.0,490.3384082988469,linear
1993,5_epo,43.0,491.334589678685,linear
1994,5_epo,44.0,492.33077105852306,linear
1995,5_epo,45.0,493.3269524383611,linear
1996,5_epo,46.0,494.3231338181992,linear
1997,5_epo,47.0,495.31931519803726,linear
1998,5_epo,48.0,496.3154965778753,linear
1999,5_epo,49.0,497.3116779577134,linear
2000,5_epo,50.0,498.30785933755146,linear
2001,5_epo,51.0,499.30404071738957,linear
2002,5_epo,52.0,500.30022209722756,linear
2003,5_epo,53.0,501.2964034770657,linear
2004,5_epo,54.0,502.2925848569038,linear
2005,5_epo,55.00000000000001,503.28876623674176,linear
2006,5_epo,56.00000000000001,504.2849476165798,linear
2007,5_epo,56.99999999999999,505.281128996418,linear
2008,5_epo,57.99999999999999,506.277310376256,linear
2009,5_epo,59.0,507.273491756094,linear
2010,5_epo,60.0,508.2696731359322,linear
2011,5_epo,61.0,509.26585451577023,linear
2012,5_epo,62.0,510.2620358956083,linear
2013,5_epo,63.0,511.25821727544627,linear
2014,5_epo,64.0,512.2543986552845,linear
2015,5_epo,65.0,513.2505800351224,linear
2016,5_epo,66.0,514.2467614149606,linear
2017,5_epo,67.0,515.2429427947986,linear
2018,5_epo,68.0,516.2391241746367,linear
2019,5_epo,69.0,517.2353055544747,linear
2020,5_epo,70.0,518.2314869343129,linear
2021,5_epo,71.0,519.227668314151,linear
2022,5_epo,72.0,520.2238496939889,linear
2023,5_epo,73.0,521.220031073827,linear
2024,5_epo,74.0,522.2162124536651,linear
2025,5_epo,75.0,523.2123938335031,linear
2026,5_epo,76.0,524.2085752133412,linear
2027,5_epo,77.0,525.2047565931794,linear
2028,5_epo,78.0,526.2009379730174,linear
2029,5_epo,79.0,527.1971193528555,linear
2030,5_epo,80.0,528.1933007326935,linear
2031,5_epo,81.0,529.1894821125316,linear
2032,5_epo,82.0,530.1856634923696,linear
2033,5_epo,83.0,531.1818448722078,linear
2034,5_epo,84.0,532.1780262520458,linear
2035,5_epo,85.0,533.1742076318839,linear
2036,5_epo,86.0,534.170389011722,linear
2037,5_epo,87.0,535.1665703915601,linear
2038,5_epo,88.0,536.162751771398,linear
2039,5_epo,89.0,537.158933151236,linear
2040,5_epo,90.0,538.1551145310742,linear
2041,5_epo,91.0,539.1512959109123,linear
2042,5_epo,92.0,540.1474772907503,linear
2043,5_epo,93.0,541.1436586705885,linear
2044,5_epo,94.0,542.1398400504265,linear
2045,5_epo,95.0,543.1360214302645,linear
2046,6_epo,3.0,689.384376325615,linear
2047,6_epo,4.0,694.7533365993631,linear
2048,6_epo,5.0,700.1222968731113,linear
2049,6_epo,6.0,705.4912571468593,linear
2050,6_epo,7.000000000000001,710.8602174206075,linear
2051,6_epo,8.0,716.2291776943556,linear
2052,6_epo,9.0,721.5981379681037,linear
2053,6_epo,10.0,726.9670982418519,linear
2054,6_epo,11.0,732.3360585156,linear
2055,6_epo,12.0,737.7050187893482,linear
2056,6_epo,13.0,743.0739790630962,linear
2057,6_epo,14.000000000000002,748.4429393368445,linear
2058,6_epo,15.0,753.8118996105926,linear
2059,6_epo,16.0,759.1808598843407,linear
2060,6_epo,17.0,764.5498201580888,linear
2061,6_epo,18.0,769.9187804318369,linear
2062,6_epo,19.0,775.2877407055851,linear
2063,6_epo,20.0,780.6567009793332,linear
2064,6_epo,21.0,786.0256612530814,linear
2065,6_epo,22.0,791.3946215268295,linear
2066,6_epo,23.0,796.7635818005776,linear
2067,6_epo,24.0,802.1325420743257,linear
2068,6_epo,25.0,807.5015023480738,linear
2069,6_epo,26.0,812.8704626218221,linear
2070,6_epo,27.0,818.2394228955702,linear
2071,6_epo,28.000000000000004,823.6083831693182,linear
2072,6_epo,28.999999999999996,828.9773434430664,linear
2073,6_epo,30.0,834.3463037168145,linear
2074,6_epo,31.0,839.7152639905628,linear
2075,6_epo,32.0,845.0842242643108,linear
2076,6_epo,33.0,850.453184538059,linear
2077,6_epo,34.0,855.8221448118071,linear
2078,6_epo,35.0,861.1911050855551,linear
2079,6_epo,36.0,866.5600653593033,linear
2080,6_epo,37.0,871.9290256330515,linear
2081,6_epo,38.0,877.2979859067997,linear
2082,6_epo,39.0,882.6669461805477,linear
2083,6_epo,40.0,888.0359064542959,linear
2084,6_epo,41.0,893.404866728044,linear
2085,6_epo,42.0,898.7738270017923,linear
2086,6_epo,43.0,904.1427872755403,linear
2087,6_epo,44.0,909.5117475492884,linear
2088,6_epo,45.0,914.8807078230366,linear
2089,6_epo,46.0,920.2496680967846,linear
2090,6_epo,47.0,925.6186283705327,linear
2091,6_epo,48.0,930.9875886442809,linear
2092,6_epo,49.0,936.3565489180291,linear
2093,6_epo,50.0,941.7255091917772,linear
2094,6_epo,51.0,947.0944694655253,linear
2095,6_epo,52.0,952.4634297392736,linear
2096,6_epo,53.0,957.8323900130217,linear
2097,6_epo,54.0,963.2013502867698,linear
2098,6_epo,55.00000000000001,968.5703105605179,linear
2099,6_epo,56.00000000000001,973.939270834266,linear
2100,6_epo,56.99999999999999,979.3082311080141,linear
2101,6_epo,57.99999999999999,984.6771913817622,linear
2102,6_epo,59.0,990.0461516555104,linear
2103,6_epo,60.0,995.4151119292585,linear
2104,6_epo,61.0,1000.7840722030065,linear
2105,6_epo,62.0,1006.1530324767549,linear
2106,6_epo,63.0,1011.521992750503,linear
2107,6_epo,64.0,1016.8909530242512,linear
2108,6_epo,65.0,1022.2599132979992,linear
2109,6_epo,66.0,1027.6288735717474,linear
2110,6_epo,67.0,1032.9978338454955,linear
2111,6_epo,68.0,1038.3667941192437,linear
2112,6_epo,69.0,1043.7357543929918,linear
2113,6_epo,70.0,1049.1047146667397,linear
2114,6_epo,71.0,1054.4736749404879,linear
2115,6_epo,72.0,1059.842635214236,linear
2116,6_epo,73.0,1065.2115954879844,linear
2117,6_epo,74.0,1070.5805557617325,linear
2118,6_epo,75.0,1075.9495160354807,linear
2119,6_epo,76.0,1081.3184763092288,linear
2120,6_epo,77.0,1086.687436582977,linear
2121,6_epo,78.0,1092.0563968567249,linear
2122,6_epo,79.0,1097.425357130473,linear
2123,6_epo,80.0,1102.7943174042211,linear
2124,6_epo,81.0,1108.1632776779693,linear
2125,6_epo,82.0,1113.5322379517174,linear
2126,6_epo,83.0,1118.9011982254656,linear
2127,6_epo,84.0,1124.270158499214,linear
2128,6_epo,85.0,1129.6391187729616,linear
2129,6_epo,86.0,1135.00807904671,linear
2130,6_epo,87.0,1140.3770393204582,linear
2131,6_epo,88.0,1145.7459995942063,linear
2132,6_epo,89.0,1151.1149598679544,linear
2133,6_epo,90.0,1156.4839201417026,linear
2134,6_epo,91.0,1161.8528804154507,linear
2135,6_epo,92.0,1167.2218406891989,linear
2136,6_epo,93.0,1172.590800962947,linear
2137,6_epo,94.0,1177.959761236695,linear
2138,6_epo,95.0,1183.3287215104433,linear
2139,7_epo,3.0,556.8206893623568,linear
2140,7_epo,4.0,560.069902708399,linear
2141,7_epo,5.0,563.3191160544411,linear
2142,7_epo,6.0,566.5683294004832,linear
2143,7_epo,7.000000000000001,569.8175427465252,linear
2144,7_epo,8.0,573.0667560925673,linear
2145,7_epo,9.0,576.3159694386094,linear
2146,7_epo,10.0,579.5651827846515,linear
2147,7_epo,11.0,582.8143961306935,linear
2148,7_epo,12.0,586.0636094767357,linear
2149,7_epo,13.0,589.3128228227778,linear
2150,7_epo,14.000000000000002,592.5620361688199,linear
2151,7_epo,15.0,595.8112495148619,linear
2152,7_epo,16.0,599.060462860904,linear
2153,7_epo,17.0,602.309676206946,linear
2154,7_epo,18.0,605.5588895529881,linear
2155,7_epo,19.0,608.8081028990302,linear
2156,7_epo,20.0,612.0573162450723,linear
2157,7_epo,21.0,615.3065295911144,linear
2158,7_epo,22.0,618.5557429371565,linear
2159,7_epo,23.0,621.8049562831985,linear
2160,7_epo,24.0,625.0541696292406,linear
2161,7_epo,25.0,628.3033829752827,linear
2162,7_epo,26.0,631.5525963213249,linear
2163,7_epo,27.0,634.8018096673669,linear
2164,7_epo,28.000000000000004,638.051023013409,linear
2165,7_epo,28.999999999999996,641.3002363594511,linear
2166,7_epo,30.0,644.5494497054932,linear
2167,7_epo,31.0,647.7986630515352,linear
2168,7_epo,32.0,651.0478763975773,linear
2169,7_epo,33.0,654.2970897436195,linear
2170,7_epo,34.0,657.5463030896616,linear
2171,7_epo,35.0,660.7955164357036,linear
2172,7_epo,36.0,664.0447297817457,linear
2173,7_epo,37.0,667.2939431277878,linear
2174,7_epo,38.0,670.5431564738299,linear
2175,7_epo,39.0,673.792369819872,linear
2176,7_epo,40.0,677.0415831659141,linear
2177,7_epo,41.0,680.2907965119562,linear
2178,7_epo,42.0,683.5400098579983,linear
2179,7_epo,43.0,686.7892232040402,linear
2180,7_epo,44.0,690.0384365500823,linear
2181,7_epo,45.0,693.2876498961244,linear
2182,7_epo,46.0,696.5368632421665,linear
2183,7_epo,47.0,699.7860765882086,linear
2184,7_epo,48.0,703.0352899342507,linear
2185,7_epo,49.0,706.2845032802928,linear
2186,7_epo,50.0,709.5337166263349,linear
2187,7_epo,51.0,712.7829299723769,linear
2188,7_epo,52.0,716.032143318419,linear
2189,7_epo,53.0,719.2813566644611,linear
2190,7_epo,54.0,722.5305700105032,linear
2191,7_epo,55.00000000000001,725.7797833565454,linear
2192,7_epo,56.00000000000001,729.0289967025874,linear
2193,7_epo,56.99999999999999,732.2782100486295,linear
2194,7_epo,57.99999999999999,735.5274233946716,linear
2195,7_epo,59.0,738.7766367407136,linear
2196,7_epo,60.0,742.0258500867557,linear
2197,7_epo,61.0,745.2750634327978,linear
2198,7_epo,62.0,748.52427677884,linear
2199,7_epo,63.0,751.7734901248821,linear
2200,7_epo,64.0,755.0227034709241,linear
2201,7_epo,65.0,758.2719168169662,linear
2202,7_epo,66.0,761.5211301630083,linear
2203,7_epo,67.0,764.7703435090503,linear
2204,7_epo,68.0,768.0195568550924,linear
2205,7_epo,69.0,771.2687702011345,linear
2206,7_epo,70.0,774.5179835471766,linear
2207,7_epo,71.0,777.7671968932187,linear
2208,7_epo,72.0,781.0164102392607,linear
2209,7_epo,73.0,784.2656235853028,linear
2210,7_epo,74.0,787.5148369313449,linear
2211,7_epo,75.0,790.7640502773869,linear
2212,7_epo,76.0,794.0132636234291,linear
2213,7_epo,77.0,797.2624769694712,linear
2214,7_epo,78.0,800.5116903155133,linear
2215,7_epo,79.0,803.7609036615554,linear
2216,7_epo,80.0,807.0101170075974,linear
2217,7_epo,81.0,810.2593303536396,linear
2218,7_epo,82.0,813.5085436996816,linear
2219,7_epo,83.0,816.7577570457236,linear
2220,7_epo,84.0,820.0069703917659,linear
2221,7_epo,85.0,823.2561837378079,linear
2222,7_epo,86.0,826.50539708385,linear
2223,7_epo,87.0,829.7546104298921,linear
2224,7_epo,88.0,833.003823775934,linear
2225,7_epo,89.0,836.2530371219761,linear
2226,7_epo,90.0,839.5022504680182,linear
2227,7_epo,91.0,842.7514638140605,linear
2228,7_epo,92.0,846.0006771601026,linear
2229,7_epo,93.0,849.2498905061445,linear
2230,7_epo,94.0,852.4991038521866,linear
2231,7_epo,95.0,855.7483171982287,linear
2232,8_epo,3.0,430.45781461269127,linear
2233,8_epo,4.0,430.3973853537281,linear
2234,8_epo,5.0,430.3369560947649,linear
2235,8_epo,6.0,430.27652683580175,linear
2236,8_epo,7.000000000000001,430.21609757683854,linear
2237,8_epo,8.0,430.1556683178754,linear
2238,8_epo,9.0,430.09523905891217,linear
2239,8_epo,10.0,430.03480979994896,linear
2240,8_epo,11.0,429.9743805409858,linear
2241,8_epo,12.0,429.9139512820226,linear
2242,8_epo,13.0,429.85352202305944,linear
2243,8_epo,14.000000000000002,429.79309276409623,linear
2244,8_epo,15.0,429.7326635051331,linear
2245,8_epo,16.0,429.67223424616986,linear
2246,8_epo,17.0,429.6118049872067,linear
2247,8_epo,18.0,429.5513757282435,linear
2248,8_epo,19.0,429.49094646928035,linear
2249,8_epo,20.0,429.43051721031713,linear
2250,8_epo,21.0,429.3700879513539,linear
2251,8_epo,22.0,429.3096586923907,linear
2252,8_epo,23.0,429.2492294334275,linear
2253,8_epo,24.0,429.18880017446435,linear
2254,8_epo,25.0,429.12837091550114,linear
2255,8_epo,26.0,429.067941656538,linear
2256,8_epo,27.0,429.00751239757477,linear
2257,8_epo,28.000000000000004,428.9470831386116,linear
2258,8_epo,28.999999999999996,428.8866538796484,linear
2259,8_epo,30.0,428.8262246206852,linear
2260,8_epo,31.0,428.76579536172204,linear
2261,8_epo,32.0,428.70536610275883,linear
2262,8_epo,33.0,428.6449368437957,linear
2263,8_epo,34.0,428.58450758483247,linear
2264,8_epo,35.0,428.5240783258693,linear
2265,8_epo,36.0,428.4636490669061,linear
2266,8_epo,37.0,428.40321980794295,linear
2267,8_epo,38.0,428.34279054897974,linear
2268,8_epo,39.0,428.2823612900165,linear
2269,8_epo,40.0,428.22193203105337,linear
2270,8_epo,41.0,428.16150277209016,linear
2271,8_epo,42.0,428.101073513127,linear
2272,8_epo,43.0,428.0406442541638,linear
2273,8_epo,44.0,427.98021499520064,linear
2274,8_epo,45.0,427.91978573623743,linear
2275,8_epo,46.0,427.8593564772742,linear
2276,8_epo,47.0,427.798927218311,linear
2277,8_epo,48.0,427.7384979593478,linear
2278,8_epo,49.0,427.67806870038464,linear
2279,8_epo,50.0,427.61763944142143,linear
2280,8_epo,51.0,427.5572101824583,linear
2281,8_epo,52.0,427.49678092349507,linear
2282,8_epo,53.0,427.4363516645319,linear
2283,8_epo,54.0,427.3759224055687,linear
2284,8_epo,55.00000000000001,427.31549314660555,linear
2285,8_epo,56.00000000000001,427.25506388764234,linear
2286,8_epo,56.99999999999999,427.1946346286792,linear
2287,8_epo,57.99999999999999,427.13420536971597,linear
2288,8_epo,59.0,427.07377611075276,linear
2289,8_epo,60.0,427.0133468517896,linear
2290,8_epo,61.0,426.9529175928264,linear
2291,8_epo,62.0,426.89248833386324,linear
2292,8_epo,63.0,426.83205907490003,linear
2293,8_epo,64.0,426.7716298159369,linear
2294,8_epo,65.0,426.71120055697367,linear
2295,8_epo,66.0,426.6507712980105,linear
2296,8_epo,67.0,426.5903420390473,linear
2297,8_epo,68.0,426.5299127800841,linear
2298,8_epo,69.0,426.4694835211209,linear
2299,8_epo,70.0,426.40905426215767,linear
2300,8_epo,71.0,426.3486250031945,linear
2301,8_epo,72.0,426.2881957442313,linear
2302,8_epo,73.0,426.22776648526815,linear
2303,8_epo,74.0,426.16733722630494,linear
2304,8_epo,75.0,426.1069079673418,linear
2305,8_epo,76.0,426.0464787083786,linear
2306,8_epo,77.0,425.98604944941536,linear
2307,8_epo,78.0,425.9256201904522,linear
2308,8_epo,79.0,425.865190931489,linear
2309,8_epo,80.0,425.80476167252584,linear
2310,8_epo,81.0,425.74433241356263,linear
2311,8_epo,82.0,425.6839031545995,linear
2312,8_epo,83.0,425.62347389563627,linear
2313,8_epo,84.0,425.5630446366731,linear
2314,8_epo,85.0,425.5026153777099,linear
2315,8_epo,86.0,425.44218611874675,linear
2316,8_epo,87.0,425.38175685978354,linear
2317,8_epo,88.0,425.3213276008203,linear
2318,8_epo,89.0,425.26089834185717,linear
2319,8_epo,90.0,425.20046908289396,linear
2320,8_epo,91.0,425.1400398239308,linear
2321,8_epo,92.0,425.0796105649676,linear
2322,8_epo,93.0,425.0191813060044,linear
2323,8_epo,94.0,424.9587520470412,linear
2324,8_epo,95.0,424.898322788078,linear
2325,9_epo,3.0,748.3457380454427,linear
2326,9_epo,4.0,752.6386814861442,linear
2327,9_epo,5.0,756.9316249268456,linear
2328,9_epo,6.0,761.224568367547,linear
2329,9_epo,7.000000000000001,765.5175118082484,linear
2330,9_epo,8.0,769.8104552489499,linear
2331,9_epo,9.0,774.1033986896513,linear
2332,9_epo,10.0,778.3963421303527,linear
2333,9_epo,11.0,782.6892855710541,linear
2334,9_epo,12.0,786.9822290117555,linear
2335,9_epo,13.0,791.2751724524569,linear
2336,9_epo,14.000000000000002,795.5681158931585,linear
2337,9_epo,15.0,799.8610593338599,linear
2338,9_epo,16.0,804.1540027745613,linear
2339,9_epo,17.0,808.4469462152626,linear
2340,9_epo,18.0,812.7398896559641,linear
2341,9_epo,19.0,817.0328330966655,linear
2342,9_epo,20.0,821.3257765373669,linear
2343,9_epo,21.0,825.6187199780684,linear
2344,9_epo,22.0,829.9116634187698,linear
2345,9_epo,23.0,834.2046068594713,linear
2346,9_epo,24.0,838.4975503001727,linear
2347,9_epo,25.0,842.7904937408741,linear
2348,9_epo,26.0,847.0834371815755,linear
2349,9_epo,27.0,851.3763806222769,linear
2350,9_epo,28.000000000000004,855.6693240629784,linear
2351,9_epo,28.999999999999996,859.9622675036798,linear
2352,9_epo,30.0,864.2552109443811,linear
2353,9_epo,31.0,868.5481543850826,linear
2354,9_epo,32.0,872.8410978257841,linear
2355,9_epo,33.0,877.1340412664855,linear
2356,9_epo,34.0,881.426984707187,linear
2357,9_epo,35.0,885.7199281478884,linear
2358,9_epo,36.0,890.0128715885897,linear
2359,9_epo,37.0,894.3058150292912,linear
2360,9_epo,38.0,898.5987584699926,linear
2361,9_epo,39.0,902.891701910694,linear
2362,9_epo,40.0,907.1846453513954,linear
2363,9_epo,41.0,911.477588792097,linear
2364,9_epo,42.0,915.7705322327982,linear
2365,9_epo,43.0,920.0634756734997,linear
2366,9_epo,44.0,924.3564191142012,linear
2367,9_epo,45.0,928.6493625549026,linear
2368,9_epo,46.0,932.942305995604,linear
2369,9_epo,47.0,937.2352494363055,linear
2370,9_epo,48.0,941.5281928770069,linear
2371,9_epo,49.0,945.8211363177082,linear
2372,9_epo,50.0,950.1140797584097,linear
2373,9_epo,51.0,954.4070231991112,linear
2374,9_epo,52.0,958.6999666398126,linear
2375,9_epo,53.0,962.992910080514,linear
2376,9_epo,54.0,967.2858535212155,linear
2377,9_epo,55.00000000000001,971.5787969619169,linear
2378,9_epo,56.00000000000001,975.8717404026182,linear
2379,9_epo,56.99999999999999,980.1646838433197,linear
2380,9_epo,57.99999999999999,984.4576272840211,linear
2381,9_epo,59.0,988.7505707247226,linear
2382,9_epo,60.0,993.0435141654239,linear
2383,9_epo,61.0,997.3364576061255,linear
2384,9_epo,62.0,1001.6294010468267,linear
2385,9_epo,63.0,1005.9223444875282,linear
2386,9_epo,64.0,1010.2152879282298,linear
2387,9_epo,65.0,1014.5082313689311,linear
2388,9_epo,66.0,1018.8011748096326,linear
2389,9_epo,67.0,1023.094118250334,linear
2390,9_epo,68.0,1027.3870616910353,linear
2391,9_epo,69.0,1031.6800051317368,linear
2392,9_epo,70.0,1035.9729485724383,linear
2393,9_epo,71.0,1040.2658920131396,linear
2394,9_epo,72.0,1044.558835453841,linear
2395,9_epo,73.0,1048.8517788945426,linear
2396,9_epo,74.0,1053.1447223352438,linear
2397,9_epo,75.0,1057.4376657759453,linear
2398,9_epo,76.0,1061.7306092166468,linear
2399,9_epo,77.0,1066.0235526573483,linear
2400,9_epo,78.0,1070.3164960980496,linear
2401,9_epo,79.0,1074.609439538751,linear
2402,9_epo,80.0,1078.9023829794523,linear
2403,9_epo,81.0,1083.1953264201538,linear
2404,9_epo,82.0,1087.4882698608556,linear
2405,9_epo,83.0,1091.7812133015568,linear
2406,9_epo,84.0,1096.074156742258,linear
2407,9_epo,85.0,1100.3671001829596,linear
2408,9_epo,86.0,1104.660043623661,linear
2409,9_epo,87.0,1108.9529870643623,linear
2410,9_epo,88.0,1113.2459305050638,linear
2411,9_epo,89.0,1117.5388739457653,linear
2412,9_epo,90.0,1121.8318173864668,linear
2413,9_epo,91.0,1126.1247608271683,linear
2414,9_epo,92.0,1130.4177042678696,linear
2415,9_epo,93.0,1134.710647708571,linear
2416,9_epo,94.0,1139.0035911492723,linear
2417,9_epo,95.0,1143.296534589974,linear
