,participant,contrast,mpc,name
0,0_epo,3.0,0.9921045095589586,fechner
1,0_epo,4.0,0.9505348423902598,fechner
2,0_epo,5.0,0.9015456982002293,fechner
3,0_epo,6.0,0.8567523253875313,fechner
4,0_epo,7.000000000000001,0.8184960237325383,fechner
5,0_epo,8.0,0.7864122050923048,fechner
6,0_epo,9.0,0.7595238616287747,fechner
7,0_epo,10.0,0.7368562451014204,fechner
8,0_epo,11.0,0.7175881577832185,fechner
9,0_epo,12.0,0.7010640770987877,fechner
10,0_epo,13.0,0.6867696854804821,fechner
11,0_epo,14.000000000000002,0.674302444380263,fechner
12,0_epo,15.0,0.6633459949843024,fechner
13,0_epo,16.0,0.6536499282744079,fechner
14,0_epo,17.0,0.6450143641609941,fechner
15,0_epo,18.0,0.6372783446670713,fechner
16,0_epo,19.0,0.6303111150100401,fechner
17,0_epo,20.0,0.6240055520020533,fechner
18,0_epo,21.0,0.6182731807100443,fechner
19,0_epo,22.0,0.6130403672995163,fechner
20,0_epo,23.0,0.6082453869557735,fechner
21,0_epo,24.0,0.6038361470859762,fechner
22,0_epo,25.0,0.5997684048573562,fechner
23,0_epo,26.0,0.5960043605825981,fechner
24,0_epo,27.0,0.5925115391376479,fechner
25,0_epo,28.000000000000004,0.5892618938542213,fechner
26,0_epo,28.999999999999996,0.5862310835732338,fechner
27,0_epo,30.0,0.5833978854804324,fechner
28,0_epo,31.0,0.5807437151775396,fechner
29,0_epo,32.0,0.5782522320260102,fechner
30,0_epo,33.0,0.5759090127445091,fechner
31,0_epo,34.0,0.5737012799808822,fechner
32,0_epo,35.0,0.571617675428171,fechner
33,0_epo,36.0,0.569648069239423,fechner
34,0_epo,37.0,0.5677833991834056,fechner
35,0_epo,38.0,0.5660155342947234,fechner
36,0_epo,39.0,0.5643371587973612,fechner
37,0_epo,40.0,0.562741672887438,fechner
38,0_epo,41.0,0.5612231075992905,fechner
39,0_epo,42.0,0.5597760514868431,fechner
40,0_epo,43.0,0.558395587258394,fechner
41,0_epo,44.0,0.557077236829459,fechner
42,0_epo,45.0,0.5558169135220662,fechner
43,0_epo,46.0,0.5546108803529588,fechner
44,0_epo,47.0,0.5534557135276719,fechner
45,0_epo,48.0,0.5523482704003433,fechner
46,0_epo,49.0,0.5512856612765931,fechner
47,0_epo,50.0,0.5502652245337898,fechner
48,0_epo,51.0,0.5492845046133877,fechner
49,0_epo,52.0,0.548341232506855,fechner
50,0_epo,53.0,0.5474333084125151,fechner
51,0_epo,54.0,0.5465587862873538,fechner
52,0_epo,55.00000000000001,0.545715860057116,fechner
53,0_epo,56.00000000000001,0.5449028512811361,fechner
54,0_epo,56.99999999999999,0.5441181980963348,fechner
55,0_epo,57.99999999999999,0.5433604452885777,fechner
56,0_epo,59.0,0.542628235359791,fechner
57,0_epo,60.0,0.5419203004764603,fechner
58,0_epo,61.0,0.5412354551998887,fechner
59,0_epo,62.0,0.5405725899112255,fechner
60,0_epo,63.0,0.5399306648551487,fechner
61,0_epo,64.0,0.5393087047354507,fechner
62,0_epo,65.0,0.5387057938038704,fechner
63,0_epo,66.0,0.5381210713905199,fechner
64,0_epo,67.0,0.5375537278303358,fechner
65,0_epo,68.0,0.5370030007452727,fechner
66,0_epo,69.0,0.5364681716465666,fechner
67,0_epo,70.0,0.5359485628254181,fechner
68,0_epo,71.0,0.5354435345039716,fechner
69,0_epo,72.0,0.534952482221546,fechner
70,0_epo,73.0,0.5344748344337968,fechner
71,0_epo,74.0,0.5340100503048613,fechner
72,0_epo,75.0,0.533557617674655,fechner
73,0_epo,76.0,0.5331170511853364,fechner
74,0_epo,77.0,0.5326878905526027,fechner
75,0_epo,78.0,0.5322696989689377,fechner
76,0_epo,79.0,0.5318620616272174,fechner
77,0_epo,80.0,0.5314645843542357,fechner
78,0_epo,81.0,0.5310768923447249,fechner
79,0_epo,82.0,0.5306986289873664,fechner
80,0_epo,83.0,0.5303294547750889,fechner
81,0_epo,84.0,0.5299690462926875,fechner
82,0_epo,85.0,0.5296170952754428,fechner
83,0_epo,86.0,0.529273307733003,fechner
84,0_epo,87.0,0.528937403133314,fechner
85,0_epo,88.0,0.5286091136418573,fechner
86,0_epo,89.0,0.5282881834118718,fechner
87,0_epo,90.0,0.5279743679216229,fechner
88,0_epo,91.0,0.5276674333551217,fechner
89,0_epo,92.0,0.5273671560230102,fechner
90,0_epo,93.0,0.5270733218206082,fechner
91,0_epo,94.0,0.5267857257203701,fechner
92,0_epo,95.0,0.526504171296233,fechner
93,10_epo,3.0,0.985406130127457,fechner
94,10_epo,4.0,0.9292980877323879,fechner
95,10_epo,5.0,0.8732454495896079,fechner
96,10_epo,6.0,0.8261741004042072,fechner
97,10_epo,7.000000000000001,0.7879568022146414,fechner
98,10_epo,8.0,0.7569350446522619,fechner
99,10_epo,9.0,0.7315091181100402,fechner
100,10_epo,10.0,0.7104112503882548,fechner
101,10_epo,11.0,0.6926854498865563,fechner
102,10_epo,12.0,0.6776176477288558,fechner
103,10_epo,13.0,0.6646718983628753,fechner
104,10_epo,14.000000000000002,0.6534417850337052,fechner
105,10_epo,15.0,0.6436153305266137,fechner
106,10_epo,16.0,0.6349500243202829,fechner
107,10_epo,17.0,0.6272550353382509,fechner
108,10_epo,18.0,0.6203784480745124,fechner
109,10_epo,19.0,0.6141980080654262,fechner
110,10_epo,20.0,0.6086143342395154,fechner
111,10_epo,21.0,0.6035458817266128,fechner
112,10_epo,22.0,0.5989251602639722,fechner
113,10_epo,23.0,0.5946958634573156,fechner
114,10_epo,24.0,0.590810666294446,fechner
115,10_epo,25.0,0.587229518338701,fechner
116,10_epo,26.0,0.5839183084989041,fechner
117,10_epo,27.0,0.5808478111645984,fechner
118,10_epo,28.000000000000004,0.5779928474445071,fechner
119,10_epo,28.999999999999996,0.5753316123471167,fechner
120,10_epo,30.0,0.5728451310787377,fechner
121,10_epo,31.0,0.5705168166223289,fechner
122,10_epo,32.0,0.5683321073712962,fechner
123,10_epo,33.0,0.5662781684995566,fechner
124,10_epo,34.0,0.5643436444233846,fechner
125,10_epo,35.0,0.5625184524846046,fechner
126,10_epo,36.0,0.5607936100957278,fechner
127,10_epo,37.0,0.5591610892062868,fechner
128,10_epo,38.0,0.5576136931996503,fechner
129,10_epo,39.0,0.5561449523015983,fechner
130,10_epo,40.0,0.5547490343426649,fechner
131,10_epo,41.0,0.5534206683153507,fechner
132,10_epo,42.0,0.5521550786419199,fechner
133,10_epo,43.0,0.5509479284466019,fechner
134,10_epo,44.0,0.549795270428912,fechner
135,10_epo,45.0,0.5486935041786545,fechner
136,10_epo,46.0,0.5476393389705061,fechner
137,10_epo,47.0,0.5466297612364911,fechner
138,10_epo,48.0,0.5456620060456758,fechner
139,10_epo,49.0,0.5447335320278648,fechner
140,10_epo,50.0,0.5438419992665939,fechner
141,10_epo,51.0,0.5429852497599108,fechner
142,10_epo,52.0,0.5421612901081871,fechner
143,10_epo,53.0,0.5413682761388467,fechner
144,10_epo,54.0,0.5406044992202138,fechner
145,10_epo,55.00000000000001,0.539868374052218,fechner
146,10_epo,56.00000000000001,0.5391584277515877,fechner
147,10_epo,56.99999999999999,0.5384732900744167,fechner
148,10_epo,57.99999999999999,0.5378116846403829,fechner
149,10_epo,59.0,0.53717242104107,fechner
150,10_epo,60.0,0.536554387730328,fechner
151,10_epo,61.0,0.5359565456078397,fechner
152,10_epo,62.0,0.5353779222183926,fechner
153,10_epo,63.0,0.5348176064990946,fechner
154,10_epo,64.0,0.5342747440151475,fechner
155,10_epo,65.0,0.5337485326320336,fechner
156,10_epo,66.0,0.5332382185782236,fechner
157,10_epo,67.0,0.5327430928579466,fechner
158,10_epo,68.0,0.5322624879782765,fechner
159,10_epo,69.0,0.531795774958895,fechner
160,10_epo,70.0,0.5313423605964814,fechner
161,10_epo,71.0,0.5309016849588076,fechner
162,10_epo,72.0,0.5304732190863657,fechner
163,10_epo,73.0,0.5300564628817682,fechner
164,10_epo,74.0,0.5296509431692761,fechner
165,10_epo,75.0,0.5292562119086828,fechner
166,10_epo,76.0,0.5288718445494254,fechner
167,10_epo,77.0,0.5284974385122583,fechner
168,10_epo,78.0,0.5281326117871055,fechner
169,10_epo,79.0,0.5277770016368638,fechner
170,10_epo,80.0,0.5274302633979349,fechner
171,10_epo,81.0,0.5270920693691754,fechner
172,10_epo,82.0,0.5267621077817605,fechner
173,10_epo,83.0,0.526440081843169,fechner
174,10_epo,84.0,0.5261257088491487,fechner
175,10_epo,85.0,0.5258187193580912,fechner
176,10_epo,86.0,0.525518856422761,fechner
177,10_epo,87.0,0.5252258748747859,fechner
178,10_epo,88.0,0.5249395406577336,fechner
179,10_epo,89.0,0.524659630204969,fechner
180,10_epo,90.0,0.5243859298588247,fechner
181,10_epo,91.0,0.5241182353279237,fechner
182,10_epo,92.0,0.5238563511797586,fechner
183,10_epo,93.0,0.5236000903658915,fechner
184,10_epo,94.0,0.5233492737773489,fechner
185,10_epo,95.0,0.5231037298279997,fechner
186,11_epo,3.0,0.5000082875377512,fechner
187,11_epo,4.0,0.5000050679126615,fechner
188,11_epo,5.0,0.5000037969926877,fechner
189,11_epo,6.0,0.5000030666721809,fechner
190,11_epo,7.000000000000001,0.5000025825012603,fechner
191,11_epo,8.0,0.5000022348544999,fechner
192,11_epo,9.0,0.5000019719009864,fechner
193,11_epo,10.0,0.5000017655010582,fechner
194,11_epo,11.0,0.5000015989063187,fechner
195,11_epo,12.0,0.5000014614658758,fechner
196,11_epo,13.0,0.5000013460571002,fechner
197,11_epo,14.000000000000002,0.5000012477241037,fechner
198,11_epo,15.0,0.500001162905818,fechner
199,11_epo,16.0,0.5000010889741927,fechner
200,11_epo,17.0,0.5000010239455257,fechner
201,11_epo,18.0,0.500000966293285,fechner
202,11_epo,19.0,0.5000009148229119,fechner
203,11_epo,20.0,0.5000008685858117,fechner
204,11_epo,21.0,0.5000008268188783,fechner
205,11_epo,22.0,0.5000007889010905,fechner
206,11_epo,23.0,0.5000007543217956,fechner
207,11_epo,24.0,0.5000007226571519,fechner
208,11_epo,25.0,0.5000006935523762,fechner
209,11_epo,26.0,0.5000006667081893,fechner
210,11_epo,27.0,0.5000006418703412,fechner
211,11_epo,28.000000000000004,0.5000006188214282,fechner
212,11_epo,28.999999999999996,0.5000005973744361,fechner
213,11_epo,30.0,0.5000005773675977,fechner
214,11_epo,31.0,0.5000005586602628,fechner
215,11_epo,32.0,0.5000005411295547,fechner
216,11_epo,33.0,0.5000005246676437,fechner
217,11_epo,34.0,0.500000509179508,fechner
218,11_epo,35.0,0.5000004945810843,fechner
219,11_epo,36.0,0.5000004807977293,fechner
220,11_epo,37.0,0.5000004677629347,fechner
221,11_epo,38.0,0.5000004554172467,fechner
222,11_epo,39.0,0.5000004437073534,fechner
223,11_epo,40.0,0.500000432585311,fechner
224,11_epo,41.0,0.5000004220078836,fechner
225,11_epo,42.0,0.5000004119359789,fechner
226,11_epo,43.0,0.5000004023341622,fechner
227,11_epo,44.0,0.5000003931702388,fechner
228,11_epo,45.0,0.500000384414891,fechner
229,11_epo,46.0,0.5000003760413637,fechner
230,11_epo,47.0,0.5000003680251902,fechner
231,11_epo,48.0,0.500000360343952,fechner
232,11_epo,49.0,0.5000003529770694,fechner
233,11_epo,50.0,0.5000003459056158,fechner
234,11_epo,51.0,0.5000003391121558,fechner
235,11_epo,52.0,0.5000003325806002,fechner
236,11_epo,53.0,0.5000003262960785,fechner
237,11_epo,54.0,0.5000003202448264,fechner
238,11_epo,55.00000000000001,0.5000003144140842,fechner
239,11_epo,56.00000000000001,0.5000003087920062,fechner
240,11_epo,56.99999999999999,0.5000003033675812,fechner
241,11_epo,57.99999999999999,0.5000002981305597,fechner
242,11_epo,59.0,0.5000002930713892,fechner
243,11_epo,60.0,0.500000288181156,fechner
244,11_epo,61.0,0.5000002834515328,fechner
245,11_epo,62.0,0.5000002788747305,fechner
246,11_epo,63.0,0.5000002744434566,fechner
247,11_epo,64.0,0.5000002701508749,fechner
248,11_epo,65.0,0.5000002659905715,fechner
249,11_epo,66.0,0.5000002619565217,fechner
250,11_epo,67.0,0.5000002580430619,fechner
251,11_epo,68.0,0.5000002542448619,fechner
252,11_epo,69.0,0.5000002505569017,fechner
253,11_epo,70.0,0.5000002469744481,fechner
254,11_epo,71.0,0.500000243493036,fechner
255,11_epo,72.0,0.500000240108448,fechner
256,11_epo,73.0,0.5000002368166989,fechner
257,11_epo,74.0,0.5000002336140191,fechner
258,11_epo,75.0,0.5000002304968404,fechner
259,11_epo,76.0,0.5000002274617827,fechner
260,11_epo,77.0,0.500000224505642,fechner
261,11_epo,78.0,0.5000002216253787,fechner
262,11_epo,79.0,0.5000002188181076,fechner
263,11_epo,80.0,0.5000002160810877,fechner
264,11_epo,81.0,0.5000002134117137,fechner
265,11_epo,82.0,0.5000002108075079,fechner
266,11_epo,83.0,0.5000002082661116,fechner
267,11_epo,84.0,0.5000002057852792,fechner
268,11_epo,85.0,0.5000002033628703,fechner
269,11_epo,86.0,0.5000002009968447,fechner
270,11_epo,87.0,0.500000198685256,fechner
271,11_epo,88.0,0.5000001964262464,fechner
272,11_epo,89.0,0.5000001942180415,fechner
273,11_epo,90.0,0.5000001920589462,fechner
274,11_epo,91.0,0.5000001899473399,fechner
275,11_epo,92.0,0.5000001878816722,fechner
276,11_epo,93.0,0.50000018586046,fechner
277,11_epo,94.0,0.5000001838822831,fechner
278,11_epo,95.0,0.5000001819457812,fechner
279,12_epo,3.0,0.9961602583483365,fechner
280,12_epo,4.0,0.9676757865798195,fechner
281,12_epo,5.0,0.9273492535179841,fechner
282,12_epo,6.0,0.8866365467335487,fechner
283,12_epo,7.000000000000001,0.849680790271426,fechner
284,12_epo,8.0,0.8174149543858665,fechner
285,12_epo,9.0,0.7896083456267193,fechner
286,12_epo,10.0,0.7656900297092124,fechner
287,12_epo,11.0,0.745052378010282,fechner
288,12_epo,12.0,0.7271507247507576,fechner
289,12_epo,13.0,0.7115263820526047,fechner
290,12_epo,14.000000000000002,0.6978027054233515,fechner
291,12_epo,15.0,0.6856732510398622,fechner
292,12_epo,16.0,0.6748890409001572,fechner
293,12_epo,17.0,0.6652472610126091,fechner
294,12_epo,18.0,0.6565819285751926,fechner
295,12_epo,19.0,0.6487564253037922,fechner
296,12_epo,20.0,0.641657606035243,fechner
297,12_epo,21.0,0.6351911729814473,fechner
298,12_epo,22.0,0.6292780438394907,fechner
299,12_epo,23.0,0.6238514924562433,fechner
300,12_epo,24.0,0.6188548880356457,fechner
301,12_epo,25.0,0.614239898331281,fechner
302,12_epo,26.0,0.6099650535359274,fechner
303,12_epo,27.0,0.6059945917454383,fechner
304,12_epo,28.000000000000004,0.6022975253222516,fechner
305,12_epo,28.999999999999996,0.5988468814937747,fechner
306,12_epo,30.0,0.5956190811491416,fechner
307,12_epo,31.0,0.592593427872395,fechner
308,12_epo,32.0,0.5897516854032122,fechner
309,12_epo,33.0,0.5870777264238954,fechner
310,12_epo,34.0,0.5845572391897161,fechner
311,12_epo,35.0,0.5821774813146793,fechner
312,12_epo,36.0,0.5799270721948865,fechner
313,12_epo,37.0,0.5777958172454578,fechner
314,12_epo,38.0,0.5757745584559093,fechner
315,12_epo,39.0,0.5738550468169709,fechner
316,12_epo,40.0,0.5720298330026499,fechner
317,12_epo,41.0,0.5702921733532189,fechner
318,12_epo,42.0,0.5686359487346607,fechner
319,12_epo,43.0,0.5670555942762661,fechner
320,12_epo,44.0,0.5655460383324403,fechner
321,12_epo,45.0,0.5641026492942381,fechner
322,12_epo,46.0,0.5627211891039553,fechner
323,12_epo,47.0,0.5613977725125505,fechner
324,12_epo,48.0,0.5601288312728997,fechner
325,12_epo,49.0,0.5589110825882828,fechner
326,12_epo,50.0,0.5577415012401851,fechner
327,12_epo,51.0,0.5566172949064849,fechner
328,12_epo,52.0,0.5555358822536489,fechner
329,12_epo,53.0,0.5544948734472793,fechner
330,12_epo,54.0,0.5534920527763212,fechner
331,12_epo,55.00000000000001,0.5525253631291825,fechner
332,12_epo,56.00000000000001,0.5515928920962805,fechner
333,12_epo,56.99999999999999,0.5506928595042653,fechner
334,12_epo,57.99999999999999,0.549823606213289,fechner
335,12_epo,59.0,0.5489835840309399,fechner
336,12_epo,60.0,0.548171346615477,fechner
337,12_epo,61.0,0.5473855412572849,fechner
338,12_epo,62.0,0.5466249014414678,fechner
339,12_epo,63.0,0.5458882401065295,fechner
340,12_epo,64.0,0.5451744435244915,fechner
341,12_epo,65.0,0.5444824657367875,fechner
342,12_epo,66.0,0.5438113234880564,fechner
343,12_epo,67.0,0.5431600916067413,fechner
344,12_epo,68.0,0.5425278987872819,fechner
345,12_epo,69.0,0.5419139237338365,fechner
346,12_epo,70.0,0.5413173916299624,fechner
347,12_epo,71.0,0.5407375709026209,fechner
348,12_epo,72.0,0.5401737702523246,fechner
349,12_epo,73.0,0.539625335924284,fechner
350,12_epo,74.0,0.5390916491980805,fechner
351,12_epo,75.0,0.5385721240757573,fechner
352,12_epo,76.0,0.5380662051502957,fechner
353,12_epo,77.0,0.5375733656382994,fechner
354,12_epo,78.0,0.5370931055623333,fechner
355,12_epo,79.0,0.5366249500698275,fechner
356,12_epo,80.0,0.5361684478767387,fechner
357,12_epo,81.0,0.5357231698253148,fechner
358,12_epo,82.0,0.5352887075463392,fechner
359,12_epo,83.0,0.5348646722171362,fechner
360,12_epo,84.0,0.5344506934074499,fechner
361,12_epo,85.0,0.5340464180060351,fechner
362,12_epo,86.0,0.5336515092214617,fechner
363,12_epo,87.0,0.5332656456512169,fechner
364,12_epo,88.0,0.5328885204137347,fechner
365,12_epo,89.0,0.5325198403384441,fechner
366,12_epo,90.0,0.5321593252093711,fechner
367,12_epo,91.0,0.5318067070582106,fechner
368,12_epo,92.0,0.5314617295031402,fechner
369,12_epo,93.0,0.5311241471299624,fechner
370,12_epo,94.0,0.5307937249124509,fechner
371,12_epo,95.0,0.5304702376690374,fechner
372,13_epo,3.0,0.6958039424937997,fechner
373,13_epo,4.0,0.6238590855856103,fechner
374,13_epo,5.0,0.5936504600168291,fechner
375,13_epo,6.0,0.5759488117477795,fechner
376,13_epo,7.000000000000001,0.5641020142764736,fechner
377,13_epo,8.0,0.5555495364411609,fechner
378,13_epo,9.0,0.5490583873051615,fechner
379,13_epo,10.0,0.5439514574180383,fechner
380,13_epo,11.0,0.5398226206770103,fechner
381,13_epo,12.0,0.5364121910803051,fechner
382,13_epo,13.0,0.5335458058679513,fechner
383,13_epo,14.000000000000002,0.5311017721977703,fechner
384,13_epo,15.0,0.528992438595907,fechner
385,13_epo,16.0,0.5271529961207397,fechner
386,13_epo,17.0,0.5255344508487998,fechner
387,13_epo,18.0,0.524099052839525,fechner
388,13_epo,19.0,0.5228172308136005,fechner
389,13_epo,20.0,0.521665481802705,fechner
390,13_epo,21.0,0.5206248845833773,fechner
391,13_epo,22.0,0.5196800311831549,fechner
392,13_epo,23.0,0.5188182450140671,fechner
393,13_epo,24.0,0.518028999516875,fechner
394,13_epo,25.0,0.5173034796268331,fechner
395,13_epo,26.0,0.5166342466365994,fechner
396,13_epo,27.0,0.5160149790249136,fechner
397,13_epo,28.000000000000004,0.5154402698504399,fechner
398,13_epo,28.999999999999996,0.5149054667843508,fechner
399,13_epo,30.0,0.5144065446478044,fechner
400,13_epo,31.0,0.5139400029873986,fechner
401,13_epo,32.0,0.5135027831229204,fechner
402,13_epo,33.0,0.5130922004743039,fechner
403,13_epo,34.0,0.5127058889773378,fechner
404,13_epo,35.0,0.5123417551380341,fechner
405,13_epo,36.0,0.5119979398278598,fechner
406,13_epo,37.0,0.5116727863379288,fechner
407,13_epo,38.0,0.5113648135262282,fechner
408,13_epo,39.0,0.5110726931340163,fechner
409,13_epo,40.0,0.5107952305344248,fechner
410,13_epo,41.0,0.5105313483216667,fechner
411,13_epo,42.0,0.5102800722631037,fechner
412,13_epo,43.0,0.5100405192261855,fechner
413,13_epo,44.0,0.5098118867634834,fechner
414,13_epo,45.0,0.5095934440958559,fechner
415,13_epo,46.0,0.5093845242793895,fechner
416,13_epo,47.0,0.509184517378534,fechner
417,13_epo,48.0,0.5089928644976884,fechner
418,13_epo,49.0,0.5088090525477893,fechner
419,13_epo,50.0,0.5086326096443526,fechner
420,13_epo,51.0,0.5084631010497701,fechner
421,13_epo,52.0,0.5083001255861695,fechner
422,13_epo,53.0,0.5081433124563404,fechner
423,13_epo,54.0,0.5079923184195402,fechner
424,13_epo,55.00000000000001,0.5078468252767834,fechner
425,13_epo,56.00000000000001,0.507706537626732,fechner
426,13_epo,56.99999999999999,0.5075711808587953,fechner
427,13_epo,57.99999999999999,0.5074404993546792,fechner
428,13_epo,59.0,0.5073142548735406,fechner
429,13_epo,60.0,0.5071922250992345,fechner
430,13_epo,61.0,0.5070742023309743,fechner
431,13_epo,62.0,0.5069599923011483,fechner
432,13_epo,63.0,0.5068494131061089,fechner
433,13_epo,64.0,0.5067422942375301,fechner
434,13_epo,65.0,0.5066384757034641,fechner
435,13_epo,66.0,0.5065378072295483,fechner
436,13_epo,67.0,0.5064401475319625,fechner
437,13_epo,68.0,0.5063453636547214,fechner
438,13_epo,69.0,0.5062533303647581,fechner
439,13_epo,70.0,0.5061639295989991,fechner
440,13_epo,71.0,0.5060770499582913,fechner
441,13_epo,72.0,0.5059925862436081,fechner
442,13_epo,73.0,0.505910439030475,fechner
443,13_epo,74.0,0.5058305142779823,fechner
444,13_epo,75.0,0.5057527229691544,fechner
445,13_epo,76.0,0.5056769807797747,fechner
446,13_epo,77.0,0.5056032077730751,fechner
447,13_epo,78.0,0.5055313281179631,fechner
448,13_epo,79.0,0.5054612698286947,fechner
449,13_epo,80.0,0.5053929645241129,fechner
450,13_epo,81.0,0.505326347204756,fechner
451,13_epo,82.0,0.5052613560463091,fechner
452,13_epo,83.0,0.5051979322080129,fechner
453,13_epo,84.0,0.5051360196547872,fechner
454,13_epo,85.0,0.5050755649919293,fechner
455,13_epo,86.0,0.50501651731137,fechner
456,13_epo,87.0,0.5049588280485481,fechner
457,13_epo,88.0,0.5049024508490618,fechner
458,13_epo,89.0,0.5048473414443251,fechner
459,13_epo,90.0,0.5047934575355262,fechner
460,13_epo,91.0,0.5047407586852505,fechner
461,13_epo,92.0,0.5046892062161821,fechner
462,13_epo,93.0,0.5046387631163514,fechner
463,13_epo,94.0,0.5045893939504386,fechner
464,13_epo,95.0,0.5045410647766883,fechner
465,14_epo,3.0,0.744506937706093,fechner
466,14_epo,4.0,0.6579172421786158,fechner
467,14_epo,5.0,0.6201090581624109,fechner
468,14_epo,6.0,0.597668892202603,fechner
469,14_epo,7.000000000000001,0.5825567678869521,fechner
470,14_epo,8.0,0.5716076655791852,fechner
471,14_epo,9.0,0.5632785334323928,fechner
472,14_epo,10.0,0.5567154127923495,fechner
473,14_epo,11.0,0.5514034320662841,fechner
474,14_epo,12.0,0.547012154331088,fechner
475,14_epo,13.0,0.5433191083217083,fechner
476,14_epo,14.000000000000002,0.5401687041908371,fechner
477,14_epo,15.0,0.5374486955009421,fechner
478,14_epo,16.0,0.5350759821163235,fechner
479,14_epo,17.0,0.5329876777426634,fechner
480,14_epo,18.0,0.5311352874460037,fechner
481,14_epo,19.0,0.5294807962903352,fechner
482,14_epo,20.0,0.527993972610825,fechner
483,14_epo,21.0,0.5266504660757209,fechner
484,14_epo,22.0,0.5254304392214276,fechner
485,14_epo,23.0,0.5243175651957888,fechner
486,14_epo,24.0,0.5232982819617996,fechner
487,14_epo,25.0,0.5223612293473413,fechner
488,14_epo,26.0,0.5214968185770044,fechner
489,14_epo,27.0,0.5206968992085247,fechner
490,14_epo,28.000000000000004,0.5199544986441704,fechner
491,14_epo,28.999999999999996,0.5192636163798661,fechner
492,14_epo,30.0,0.5186190600036233,fechner
493,14_epo,31.0,0.5180163133672152,fechner
494,14_epo,32.0,0.5174514297894102,fechner
495,14_epo,33.0,0.5169209449077167,fechner
496,14_epo,34.0,0.5164218050809385,fechner
497,14_epo,35.0,0.5159513081944841,fechner
498,14_epo,36.0,0.5155070544291027,fechner
499,14_epo,37.0,0.5150869050876625,fechner
500,14_epo,38.0,0.5146889479803992,fechner
501,14_epo,39.0,0.5143114681800643,fechner
502,14_epo,40.0,0.5139529231986095,fechner
503,14_epo,41.0,0.5136119218239253,fechner
504,14_epo,42.0,0.5132872060015669,fechner
505,14_epo,43.0,0.5129776352618596,fechner
506,14_epo,44.0,0.5126821732843925,fechner
507,14_epo,45.0,0.5123998762650304,fechner
508,14_epo,46.0,0.5121298828092686,fechner
509,14_epo,47.0,0.5118714051231148,fechner
510,14_epo,48.0,0.5116237213110858,fechner
511,14_epo,49.0,0.5113861686222132,fechner
512,14_epo,50.0,0.5111581375105695,fechner
513,14_epo,51.0,0.5109390663979018,fechner
514,14_epo,52.0,0.5107284370433559,fechner
515,14_epo,53.0,0.5105257704397002,fechner
516,14_epo,54.0,0.5103306231674637,fechner
517,14_epo,55.00000000000001,0.510142584148435,fechner
518,14_epo,56.00000000000001,0.5099612717483719,fechner
519,14_epo,56.99999999999999,0.50978633118585,fechner
520,14_epo,57.99999999999999,0.5096174322101453,fechner
521,14_epo,59.0,0.5094542670161016,fechner
522,14_epo,60.0,0.5092965483682249,fechner
523,14_epo,61.0,0.5091440079099032,fechner
524,14_epo,62.0,0.5089963946367745,fechner
525,14_epo,63.0,0.5088534735159386,fechner
526,14_epo,64.0,0.508715024235005,fechner
527,14_epo,65.0,0.5085808400669505,fechner
528,14_epo,66.0,0.5084507268384596,fechner
529,14_epo,67.0,0.5083245019909067,fechner
530,14_epo,68.0,0.5082019937244111,fechner
531,14_epo,69.0,0.5080830402165132,fechner
532,14_epo,70.0,0.5079674889079888,fechner
533,14_epo,71.0,0.5078551958491634,fechner
534,14_epo,72.0,0.5077460251008282,fechner
535,14_epo,73.0,0.5076398481845088,fechner
536,14_epo,74.0,0.5075365435774064,fechner
537,14_epo,75.0,0.5074359962478305,fechner
538,14_epo,76.0,0.5073380972273862,fechner
539,14_epo,77.0,0.5072427432165645,fechner
540,14_epo,78.0,0.5071498362207344,fechner
541,14_epo,79.0,0.5070592832138338,fechner
542,14_epo,80.0,0.5069709958273313,fechner
543,14_epo,81.0,0.5068848900622717,fechner
544,14_epo,82.0,0.506800886022428,fechner
545,14_epo,83.0,0.506718907666779,fechner
546,14_epo,84.0,0.5066388825796957,fechner
547,14_epo,85.0,0.506560741757379,fechner
548,14_epo,86.0,0.5064844194092201,fechner
549,14_epo,87.0,0.5064098527728825,fechner
550,14_epo,88.0,0.5063369819420126,fechner
551,14_epo,89.0,0.5062657497055811,fechner
552,14_epo,90.0,0.5061961013979531,fechner
553,14_epo,91.0,0.5061279847588571,fechner
554,14_epo,92.0,0.506061349802499,fechner
555,14_epo,93.0,0.5059961486951334,fechner
556,14_epo,94.0,0.5059323356404591,fechner
557,14_epo,95.0,0.5058698667722633,fechner
558,15_epo,3.0,0.5000000584462505,fechner
559,15_epo,4.0,0.5000000357404698,fechner
560,15_epo,5.0,0.5000000267775535,fechner
561,15_epo,6.0,0.50000002162711,fechner
562,15_epo,7.000000000000001,0.5000000182125885,fechner
563,15_epo,8.0,0.5000000157608773,fechner
564,15_epo,9.0,0.5000000139064487,fechner
565,15_epo,10.0,0.5000000124508533,fechner
566,15_epo,11.0,0.5000000112759763,fechner
567,15_epo,12.0,0.5000000103067043,fechner
568,15_epo,13.0,0.5000000094928063,fechner
569,15_epo,14.000000000000002,0.5000000087993319,fechner
570,15_epo,15.0,0.5000000082011674,fechner
571,15_epo,16.0,0.500000007679779,fechner
572,15_epo,17.0,0.500000007221177,fechner
573,15_epo,18.0,0.5000000068145958,fechner
574,15_epo,19.0,0.5000000064516109,fechner
575,15_epo,20.0,0.5000000061255327,fechner
576,15_epo,21.0,0.5000000058309796,fechner
577,15_epo,22.0,0.5000000055635717,fechner
578,15_epo,23.0,0.500000005319708,fechner
579,15_epo,24.0,0.5000000050963992,fechner
580,15_epo,25.0,0.5000000048911434,fechner
581,15_epo,26.0,0.50000000470183,fechner
582,15_epo,27.0,0.5000000045266659,fechner
583,15_epo,28.000000000000004,0.500000004364118,fechner
584,15_epo,28.999999999999996,0.5000000042128672,fechner
585,15_epo,30.0,0.5000000040717728,fechner
586,15_epo,31.0,0.500000003939843,fechner
587,15_epo,32.0,0.5000000038162111,fechner
588,15_epo,33.0,0.5000000037001167,fechner
589,15_epo,34.0,0.5000000035908896,fechner
590,15_epo,35.0,0.500000003487937,fechner
591,15_epo,36.0,0.5000000033907326,fechner
592,15_epo,37.0,0.5000000032988072,fechner
593,15_epo,38.0,0.5000000032117417,fechner
594,15_epo,39.0,0.5000000031291599,fechner
595,15_epo,40.0,0.5000000030507239,fechner
596,15_epo,41.0,0.5000000029761287,fechner
597,15_epo,42.0,0.5000000029050985,fechner
598,15_epo,43.0,0.5000000028373836,fechner
599,15_epo,44.0,0.5000000027727568,fechner
600,15_epo,45.0,0.5000000027110114,fechner
601,15_epo,46.0,0.5000000026519587,fechner
602,15_epo,47.0,0.5000000025954262,fechner
603,15_epo,48.0,0.5000000025412558,fechner
604,15_epo,49.0,0.5000000024893022,fechner
605,15_epo,50.0,0.5000000024394322,fechner
606,15_epo,51.0,0.5000000023915226,fechner
607,15_epo,52.0,0.50000000234546,fechner
608,15_epo,53.0,0.5000000023011397,fechner
609,15_epo,54.0,0.5000000022584644,fechner
610,15_epo,55.00000000000001,0.5000000022173443,fechner
611,15_epo,56.00000000000001,0.5000000021776957,fechner
612,15_epo,56.99999999999999,0.500000002139441,fechner
613,15_epo,57.99999999999999,0.5000000021025078,fechner
614,15_epo,59.0,0.500000002066829,fechner
615,15_epo,60.0,0.5000000020323416,fechner
616,15_epo,61.0,0.5000000019989869,fechner
617,15_epo,62.0,0.5000000019667099,fechner
618,15_epo,63.0,0.5000000019354592,fechner
619,15_epo,64.0,0.5000000019051866,fechner
620,15_epo,65.0,0.5000000018758468,fechner
621,15_epo,66.0,0.5000000018473975,fechner
622,15_epo,67.0,0.5000000018197985,fechner
623,15_epo,68.0,0.5000000017930125,fechner
624,15_epo,69.0,0.5000000017670039,fechner
625,15_epo,70.0,0.5000000017417393,fechner
626,15_epo,71.0,0.5000000017171874,fechner
627,15_epo,72.0,0.5000000016933182,fechner
628,15_epo,73.0,0.5000000016701038,fechner
629,15_epo,74.0,0.5000000016475175,fechner
630,15_epo,75.0,0.5000000016255343,fechner
631,15_epo,76.0,0.50000000160413,fechner
632,15_epo,77.0,0.5000000015832824,fechner
633,15_epo,78.0,0.50000000156297,fechner
634,15_epo,79.0,0.5000000015431723,fechner
635,15_epo,80.0,0.5000000015238699,fechner
636,15_epo,81.0,0.5000000015050446,fechner
637,15_epo,82.0,0.500000001486679,fechner
638,15_epo,83.0,0.5000000014687563,fechner
639,15_epo,84.0,0.5000000014512608,fechner
640,15_epo,85.0,0.5000000014341771,fechner
641,15_epo,86.0,0.5000000014174912,fechner
642,15_epo,87.0,0.5000000014011892,fechner
643,15_epo,88.0,0.500000001385258,fechner
644,15_epo,89.0,0.500000001369685,fechner
645,15_epo,90.0,0.5000000013544584,fechner
646,15_epo,91.0,0.5000000013395667,fechner
647,15_epo,92.0,0.500000001324999,fechner
648,15_epo,93.0,0.5000000013107448,fechner
649,15_epo,94.0,0.5000000012967941,fechner
650,15_epo,95.0,0.5000000012831373,fechner
651,16_epo,3.0,0.9884308062922732,fechner
652,16_epo,4.0,0.9381882868509669,fechner
653,16_epo,5.0,0.8847067996411523,fechner
654,16_epo,6.0,0.8383263854059192,fechner
655,16_epo,7.000000000000001,0.7999500308466487,fechner
656,16_epo,8.0,0.768419151701498,fechner
657,16_epo,9.0,0.7423624547274129,fechner
658,16_epo,10.0,0.7206146941207436,fechner
659,16_epo,11.0,0.7022644421828034,fechner
660,16_epo,12.0,0.6866152686326887,fechner
661,16_epo,13.0,0.6731363263758332,fechner
662,16_epo,14.000000000000002,0.6614205594523996,fechner
663,16_epo,15.0,0.6511528812110878,fechner
664,16_epo,16.0,0.6420867791700002,fechner
665,16_epo,17.0,0.6340272804874972,fechner
666,16_epo,18.0,0.6268185321235642,fechner
667,16_epo,19.0,0.6203346868714724,fechner
668,16_epo,20.0,0.6144731558520392,fechner
669,16_epo,21.0,0.6091495634599943,fechner
670,16_epo,22.0,0.6042939366682788,fechner
671,16_epo,23.0,0.5998477975286579,fechner
672,16_epo,24.0,0.5957619229913871,fechner
673,16_epo,25.0,0.5919946026190337,fechner
674,16_epo,26.0,0.5885102713818741,fechner
675,16_epo,27.0,0.5852784276683731,fechner
676,16_epo,28.000000000000004,0.5822727701314787,fechner
677,16_epo,28.999999999999996,0.5794705038867058,fechner
678,16_epo,30.0,0.5768517788423607,fechner
679,16_epo,31.0,0.5743992319255131,fechner
680,16_epo,32.0,0.5720976116054054,fechner
681,16_epo,33.0,0.5699334680630842,fechner
682,16_epo,34.0,0.567894896073361,fechner
683,16_epo,35.0,0.5659713204805537,fechner
684,16_epo,36.0,0.5641533162979125,fechner
685,16_epo,37.0,0.562432457112044,fechner
686,16_epo,38.0,0.5608011867518476,fechner
687,16_epo,39.0,0.5592527101773642,fechner
688,16_epo,40.0,0.5577809003247889,fechner
689,16_epo,41.0,0.5563802182598667,fechner
690,16_epo,42.0,0.5550456444805929,fechner
691,16_epo,43.0,0.5537726196000262,fechner
692,16_epo,44.0,0.5525569929527357,fechner
693,16_epo,45.0,0.5513949779204574,fechner
694,16_epo,46.0,0.5502831129767328,fechner
695,16_epo,47.0,0.5492182276164465,fechner
696,16_epo,48.0,0.5481974124720206,fechner
697,16_epo,49.0,0.5472179930295122,fechner
698,16_epo,50.0,0.546277506449781,fechner
699,16_epo,51.0,0.5453736810759566,fechner
700,16_epo,52.0,0.5445044182716219,fechner
701,16_epo,53.0,0.543667776286813,fechner
702,16_epo,54.0,0.542861955893017,fechner
703,16_epo,55.00000000000001,0.5420852875653541,fechner
704,16_epo,56.00000000000001,0.5413362200212983,fechner
705,16_epo,56.99999999999999,0.5406133099516324,fechner
706,16_epo,57.99999999999999,0.5399152128016432,fechner
707,16_epo,59.0,0.5392406744795476,fechner
708,16_epo,60.0,0.5385885238852952,fechner
709,16_epo,61.0,0.5379576661667309,fechner
710,16_epo,62.0,0.537347076621933,fechner
711,16_epo,63.0,0.5367557951767316,fechner
712,16_epo,64.0,0.5361829213751657,fechner
713,16_epo,65.0,0.5356276098282213,fechner
714,16_epo,66.0,0.5350890660727253,fechner
715,16_epo,67.0,0.5345665427979683,fechner
716,16_epo,68.0,0.534059336402555,fechner
717,16_epo,69.0,0.533566783848289,fechner
718,16_epo,70.0,0.5330882597816545,fechner
719,16_epo,71.0,0.5326231738967373,fechner
720,16_epo,72.0,0.5321709685163099,fechner
721,16_epo,73.0,0.531731116370332,fechner
722,16_epo,74.0,0.5313031185533383,fechner
723,16_epo,75.0,0.5308865026441479,fechner
724,16_epo,76.0,0.5304808209730539,fechner
725,16_epo,77.0,0.5300856490231873,fechner
726,16_epo,78.0,0.5297005839540961,fechner
727,16_epo,79.0,0.5293252432367874,fechner
728,16_epo,80.0,0.5289592633905441,fechner
729,16_epo,81.0,0.5286022988127782,fechner
730,16_epo,82.0,0.5282540206940323,fechner
731,16_epo,83.0,0.5279141160109875,fechner
732,16_epo,84.0,0.5275822865910228,fechner
733,16_epo,85.0,0.527258248242464,fechner
734,16_epo,86.0,0.526941729945209,fechner
735,16_epo,87.0,0.5266324730968969,fechner
736,16_epo,88.0,0.5263302308102293,fechner
737,16_epo,89.0,0.5260347672574414,fechner
738,16_epo,90.0,0.5257458570582736,fechner
739,16_epo,91.0,0.5254632847081179,fechner
740,16_epo,92.0,0.525186844043294,fechner
741,16_epo,93.0,0.5249163377406776,fechner
742,16_epo,94.0,0.5246515768491327,fechner
743,16_epo,95.0,0.5243923803504165,fechner
744,17_epo,3.0,0.926171328076994,fechner
745,17_epo,4.0,0.8244365638698866,fechner
746,17_epo,5.0,0.7611185644891433,fechner
747,17_epo,6.0,0.718277188593864,fechner
748,17_epo,7.000000000000001,0.6874372994185847,fechner
749,17_epo,8.0,0.6641995634339293,fechner
750,17_epo,9.0,0.6460711207629051,fechner
751,17_epo,10.0,0.6315382153038052,fechner
752,17_epo,11.0,0.6196298987393064,fechner
753,17_epo,12.0,0.6096952854372769,fechner
754,17_epo,13.0,0.6012819437038696,fechner
755,17_epo,14.000000000000002,0.5940657262727468,fechner
756,17_epo,15.0,0.5878083670057828,fechner
757,17_epo,16.0,0.582330834907335,fechner
758,17_epo,17.0,0.5774960197337253,fechner
759,17_epo,18.0,0.573197150279816,fechner
760,17_epo,19.0,0.5693498484999278,fechner
761,17_epo,20.0,0.565886554966525,fechner
762,17_epo,21.0,0.5627525396518941,fechner
763,17_epo,22.0,0.5599029961385789,fechner
764,17_epo,23.0,0.5573008910051752,fechner
765,17_epo,24.0,0.5549153490260473,fechner
766,17_epo,25.0,0.5527204247134353,fechner
767,17_epo,26.0,0.5506941565391784,fechner
768,17_epo,27.0,0.5488178307766405,fechner
769,17_epo,28.000000000000004,0.5470754027078855,fechner
770,17_epo,28.999999999999996,0.5454530373119474,fechner
771,17_epo,30.0,0.543938741623706,fechner
772,17_epo,31.0,0.5425220681107974,fechner
773,17_epo,32.0,0.5411938735664298,fechner
774,17_epo,33.0,0.5399461217654231,fechner
775,17_epo,34.0,0.5387717208901914,fechner
776,17_epo,35.0,0.5376643887848412,fechner
777,17_epo,36.0,0.5366185406352717,fechner
778,17_epo,37.0,0.5356291948390991,fechner
779,17_epo,38.0,0.5346918937195556,fechner
780,17_epo,39.0,0.5338026364227503,fechner
781,17_epo,40.0,0.5329578218689982,fechner
782,17_epo,41.0,0.5321542000438088,fechner
783,17_epo,42.0,0.5313888302402305,fechner
784,17_epo,43.0,0.5306590451222087,fechner
785,17_epo,44.0,0.5299624196838779,fechner
786,17_epo,45.0,0.5292967443439758,fechner
787,17_epo,46.0,0.5286600015467355,fechner
788,17_epo,47.0,0.528050345347499,fechner
789,17_epo,48.0,0.5274660835481694,fechner
790,17_epo,49.0,0.5269056620185493,fechner
791,17_epo,50.0,0.5263676508977908,fechner
792,17_epo,51.0,0.5258507324181055,fechner
793,17_epo,52.0,0.5253536901325188,fechner
794,17_epo,53.0,0.524875399361359,fechner
795,17_epo,54.0,0.5244148186996125,fechner
796,17_epo,55.00000000000001,0.5239709824502116,fechner
797,17_epo,56.00000000000001,0.5235429938675892,fechner
798,17_epo,56.99999999999999,0.5231300191120579,fechner
799,17_epo,57.99999999999999,0.5227312818292718,fechner
800,17_epo,59.0,0.5223460582806551,fechner
801,17_epo,60.0,0.5219736729605519,fechner
802,17_epo,61.0,0.5216134946442753,fechner
803,17_epo,62.0,0.5212649328184296,fechner
804,17_epo,63.0,0.5209274344510539,fechner
805,17_epo,64.0,0.5206004810644373,fechner
806,17_epo,65.0,0.5202835860780237,fechner
807,17_epo,66.0,0.519976292392775,fechner
808,17_epo,67.0,0.5196781701917784,fechner
809,17_epo,68.0,0.5193888149348432,fechner
810,17_epo,69.0,0.5191078455274186,fechner
811,17_epo,70.0,0.5188349026464052,fechner
812,17_epo,71.0,0.5185696472074001,fechner
813,17_epo,72.0,0.5183117589596279,fechner
814,17_epo,73.0,0.518060935196321,fechner
815,17_epo,74.0,0.5178168895696292,fechner
816,17_epo,75.0,0.5175793510003085,fechner
817,17_epo,76.0,0.5173480626734618,fechner
818,17_epo,77.0,0.51712278111251,fechner
819,17_epo,78.0,0.5169032753243773,fechner
820,17_epo,79.0,0.5166893260095796,fechner
821,17_epo,80.0,0.5164807248315426,fechner
822,17_epo,81.0,0.5162772737400277,fechner
823,17_epo,82.0,0.5160787843440535,fechner
824,17_epo,83.0,0.5158850773301351,fechner
825,17_epo,84.0,0.515695981922068,fechner
826,17_epo,85.0,0.515511335378837,fechner
827,17_epo,86.0,0.5153309825275452,fechner
828,17_epo,87.0,0.5151547753285481,fechner
829,17_epo,88.0,0.5149825724702317,fechner
830,17_epo,89.0,0.514814238991102,fechner
831,17_epo,90.0,0.5146496459270637,fechner
832,17_epo,91.0,0.5144886699819511,fechner
833,17_epo,92.0,0.5143311932195407,fechner
834,17_epo,93.0,0.5141771027754305,fechner
835,17_epo,94.0,0.5140262905873069,fechner
836,17_epo,95.0,0.5138786531422435,fechner
837,18_epo,3.0,0.5000042734037692,fechner
838,18_epo,4.0,0.5000026132293716,fechner
839,18_epo,5.0,0.5000019578894661,fechner
840,18_epo,6.0,0.500001581305431,fechner
841,18_epo,7.000000000000001,0.5000013316464975,fechner
842,18_epo,8.0,0.5000011523851752,fechner
843,18_epo,9.0,0.5000010167952607,fechner
844,18_epo,10.0,0.5000009103667582,fechner
845,18_epo,11.0,0.5000008244634888,fechner
846,18_epo,12.0,0.5000007535934036,fechner
847,18_epo,13.0,0.5000006940837747,fechner
848,18_epo,14.000000000000002,0.5000006433791372,fechner
849,18_epo,15.0,0.500000599643254,fechner
850,18_epo,16.0,0.500000561520992,fechner
851,18_epo,17.0,0.5000005279894705,fechner
852,18_epo,18.0,0.5000004982615452,fechner
853,18_epo,19.0,0.5000004717212515,fechner
854,18_epo,20.0,0.5000004478794539,fechner
855,18_epo,21.0,0.5000004263426625,fechner
856,18_epo,22.0,0.5000004067906529,fechner
857,18_epo,23.0,0.500000388960111,fechner
858,18_epo,24.0,0.5000003726324862,fechner
859,18_epo,25.0,0.5000003576248371,fechner
860,18_epo,26.0,0.500000343782843,fechner
861,18_epo,27.0,0.5000003309754015,fechner
862,18_epo,28.000000000000004,0.5000003190904105,fechner
863,18_epo,28.999999999999996,0.5000003080314375,fechner
864,18_epo,30.0,0.5000002977150684,fechner
865,18_epo,31.0,0.500000288068778,fechner
866,18_epo,32.0,0.5000002790292061,fechner
867,18_epo,33.0,0.5000002705407509,fechner
868,18_epo,34.0,0.5000002625544153,fechner
869,18_epo,35.0,0.5000002550268527,fechner
870,18_epo,36.0,0.500000247919574,fechner
871,18_epo,37.0,0.5000002411982845,fechner
872,18_epo,38.0,0.5000002348323274,fechner
873,18_epo,39.0,0.5000002287942128,fechner
874,18_epo,40.0,0.500000223059219,fechner
875,18_epo,41.0,0.5000002176050516,fechner
876,18_epo,42.0,0.500000212411553,fechner
877,18_epo,43.0,0.5000002074604516,fechner
878,18_epo,44.0,0.5000002027351464,fechner
879,18_epo,45.0,0.5000001982205202,fechner
880,18_epo,46.0,0.5000001939027766,fechner
881,18_epo,47.0,0.5000001897692996,fechner
882,18_epo,48.0,0.5000001858085295,fechner
883,18_epo,49.0,0.5000001820098543,fechner
884,18_epo,50.0,0.5000001783635148,fechner
885,18_epo,51.0,0.5000001748605205,fechner
886,18_epo,52.0,0.500000171492575,fechner
887,18_epo,53.0,0.5000001682520109,fechner
888,18_epo,54.0,0.5000001651317303,fechner
889,18_epo,55.00000000000001,0.5000001621251539,fechner
890,18_epo,56.00000000000001,0.5000001592261735,fechner
891,18_epo,56.99999999999999,0.5000001564291112,fechner
892,18_epo,57.99999999999999,0.5000001537286822,fechner
893,18_epo,59.0,0.5000001511199607,fechner
894,18_epo,60.0,0.5000001485983504,fechner
895,18_epo,61.0,0.5000001461595572,fechner
896,18_epo,62.0,0.5000001437995651,fechner
897,18_epo,63.0,0.5000001415146135,fechner
898,18_epo,64.0,0.5000001393011775,fechner
899,18_epo,65.0,0.5000001371559496,fechner
900,18_epo,66.0,0.5000001350758236,fechner
901,18_epo,67.0,0.5000001330578787,fechner
902,18_epo,68.0,0.5000001310993668,fechner
903,18_epo,69.0,0.500000129197699,fechner
904,18_epo,70.0,0.500000127350435,fechner
905,18_epo,71.0,0.5000001255552721,fechner
906,18_epo,72.0,0.5000001238100359,fechner
907,18_epo,73.0,0.5000001221126714,fechner
908,18_epo,74.0,0.5000001204612347,fechner
909,18_epo,75.0,0.5000001188538858,fechner
910,18_epo,76.0,0.5000001172888823,fechner
911,18_epo,77.0,0.5000001157645715,fechner
912,18_epo,78.0,0.5000001142793864,fechner
913,18_epo,79.0,0.500000112831839,fechner
914,18_epo,80.0,0.5000001114205163,fechner
915,18_epo,81.0,0.5000001100440745,fechner
916,18_epo,82.0,0.5000001087012362,fechner
917,18_epo,83.0,0.5000001073907853,fechner
918,18_epo,84.0,0.5000001061115634,fechner
919,18_epo,85.0,0.5000001048624673,fechner
920,18_epo,86.0,0.5000001036424448,fechner
921,18_epo,87.0,0.5000001024504922,fechner
922,18_epo,88.0,0.5000001012856516,fechner
923,18_epo,89.0,0.5000001001470081,fechner
924,18_epo,90.0,0.5000000990336876,fechner
925,18_epo,91.0,0.5000000979448543,fechner
926,18_epo,92.0,0.500000096879709,fechner
927,18_epo,93.0,0.5000000958374868,fechner
928,18_epo,94.0,0.5000000948174554,fechner
929,18_epo,95.0,0.5000000938189135,fechner
930,19_epo,3.0,0.500820420414521,fechner
931,19_epo,4.0,0.5005016956142221,fechner
932,19_epo,5.0,0.5003758815485374,fechner
933,19_epo,6.0,0.5003035838250167,fechner
934,19_epo,7.000000000000001,0.5002556535529236,fechner
935,19_epo,8.0,0.5002212384227908,fechner
936,19_epo,9.0,0.5001952074600173,fechner
937,19_epo,10.0,0.5001747749928026,fechner
938,19_epo,11.0,0.5001582830217381,fechner
939,19_epo,12.0,0.5001446771668602,fechner
940,19_epo,13.0,0.5001332523268246,fechner
941,19_epo,14.000000000000002,0.5001235178957725,fechner
942,19_epo,15.0,0.5001151213473909,fechner
943,19_epo,16.0,0.5001078025190716,fechner
944,19_epo,17.0,0.5001013650351012,fechner
945,19_epo,18.0,0.5000956577771409,fechner
946,19_epo,19.0,0.5000905624903802,fechner
947,19_epo,20.0,0.5000859852691533,fechner
948,19_epo,21.0,0.5000818505700748,fechner
949,19_epo,22.0,0.5000780969154667,fechner
950,19_epo,23.0,0.5000746737534798,fechner
951,19_epo,24.0,0.5000715391260826,fechner
952,19_epo,25.0,0.5000686579116852,fechner
953,19_epo,26.0,0.5000660004832711,fechner
954,19_epo,27.0,0.5000635416714762,fechner
955,19_epo,28.000000000000004,0.5000612599545223,fechner
956,19_epo,28.999999999999996,0.5000591368190123,fechner
957,19_epo,30.0,0.5000571562508774,fechner
958,19_epo,31.0,0.5000553043265176,fechner
959,19_epo,32.0,0.5000535688818105,fechner
960,19_epo,33.0,0.5000519392421938,fechner
961,19_epo,34.0,0.5000504060010399,fechner
962,19_epo,35.0,0.5000489608365212,fechner
963,19_epo,36.0,0.5000475963593736,fechner
964,19_epo,37.0,0.500046305985634,fechner
965,19_epo,38.0,0.5000450838296939,fechner
966,19_epo,39.0,0.5000439246139762,fechner
967,19_epo,40.0,0.5000428235922958,fechner
968,19_epo,41.0,0.5000417764845404,fechner
969,19_epo,42.0,0.5000407794207656,fechner
970,19_epo,43.0,0.500039828893158,fechner
971,19_epo,44.0,0.500038921714601,fechner
972,19_epo,45.0,0.5000380549828075,fechner
973,19_epo,46.0,0.5000372260491674,fechner
974,19_epo,47.0,0.5000364324915981,fechner
975,19_epo,48.0,0.5000356720908125,fechner
976,19_epo,49.0,0.5000349428095114,fechner
977,19_epo,50.0,0.50003424277409,fechner
978,19_epo,51.0,0.5000335702585066,fechner
979,19_epo,52.0,0.5000329236700255,fechner
980,19_epo,53.0,0.5000323015365818,fechner
981,19_epo,54.0,0.5000317024955584,fechner
982,19_epo,55.00000000000001,0.5000311252837925,fechner
983,19_epo,56.00000000000001,0.5000305687286585,fechner
984,19_epo,56.99999999999999,0.5000300317400945,fechner
985,19_epo,57.99999999999999,0.5000295133034574,fechner
986,19_epo,59.0,0.500029012473106,fechner
987,19_epo,60.0,0.5000285283666323,fechner
988,19_epo,61.0,0.5000280601596575,fechner
989,19_epo,62.0,0.5000276070811387,fechner
990,19_epo,63.0,0.5000271684091209,fechner
991,19_epo,64.0,0.5000267434668896,fechner
992,19_epo,65.0,0.5000263316194808,fechner
993,19_epo,66.0,0.5000259322705081,fechner
994,19_epo,67.0,0.5000255448592753,fechner
995,19_epo,68.0,0.5000251688581455,fechner
996,19_epo,69.0,0.5000248037701382,fechner
997,19_epo,70.0,0.5000244491267339,fechner
998,19_epo,71.0,0.500024104485865,fechner
999,19_epo,72.0,0.5000237694300739,fechner
1000,19_epo,73.0,0.5000234435648235,fechner
1001,19_epo,74.0,0.5000231265169449,fechner
1002,19_epo,75.0,0.5000228179332092,fechner
1003,19_epo,76.0,0.5000225174790132,fechner
1004,19_epo,77.0,0.5000222248371669,fechner
1005,19_epo,78.0,0.5000219397067749,fechner
1006,19_epo,79.0,0.5000216618022039,fechner
1007,19_epo,80.0,0.5000213908521254,fechner
1008,19_epo,81.0,0.5000211265986317,fechner
1009,19_epo,82.0,0.5000208687964164,fechner
1010,19_epo,83.0,0.500020617212013,fechner
1011,19_epo,84.0,0.5000203716230897,fechner
1012,19_epo,85.0,0.5000201318177923,fechner
1013,19_epo,86.0,0.500019897594135,fechner
1014,19_epo,87.0,0.5000196687594317,fechner
1015,19_epo,88.0,0.5000194451297666,fechner
1016,19_epo,89.0,0.500019226529501,fechner
1017,19_epo,90.0,0.5000190127908128,fechner
1018,19_epo,91.0,0.5000188037532661,fechner
1019,19_epo,92.0,0.5000185992634091,fechner
1020,19_epo,93.0,0.5000183991743985,fechner
1021,19_epo,94.0,0.5000182033456468,fechner
1022,19_epo,95.0,0.5000180116424934,fechner
1023,1_epo,3.0,0.9913689382471268,fechner
1024,1_epo,4.0,0.9478875504305644,fechner
1025,1_epo,5.0,0.8978323019010247,fechner
1026,1_epo,6.0,0.8526248435773742,fechner
1027,1_epo,7.000000000000001,0.8143009592742494,fechner
1028,1_epo,8.0,0.7823157043255746,fechner
1029,1_epo,9.0,0.7555989258539113,fechner
1030,1_epo,10.0,0.7331294247761947,fechner
1031,1_epo,11.0,0.7140632633232944,fechner
1032,1_epo,12.0,0.697734140813616,fechner
1033,1_epo,13.0,0.6836230182102715,fechner
1034,1_epo,14.000000000000002,0.6713257019441154,fechner
1035,1_epo,15.0,0.6605257104070341,fechner
1036,1_epo,16.0,0.6509732477086932,fechner
1037,1_epo,17.0,0.6424693672194528,fechner
1038,1_epo,18.0,0.6348541488680345,fechner
1039,1_epo,19.0,0.627997870453799,fechner
1040,1_epo,20.0,0.6217943830842764,fechner
1041,1_epo,21.0,0.6161561052717612,fechner
1042,1_epo,22.0,0.6110102092912114,fechner
1043,1_epo,23.0,0.6062956908632351,fechner
1044,1_epo,24.0,0.60196109807613,fechner
1045,1_epo,25.0,0.5979627562668607,fechner
1046,1_epo,26.0,0.5942633691237064,fechner
1047,1_epo,27.0,0.5908309075545364,fechner
1048,1_epo,28.000000000000004,0.5876377204596536,fechner
1049,1_epo,28.999999999999996,0.5846598179781473,fechner
1050,1_epo,30.0,0.5818762898116894,fechner
1051,1_epo,31.0,0.5792688301128132,fechner
1052,1_epo,32.0,0.5768213470321146,fechner
1053,1_epo,33.0,0.5745196399711884,fechner
1054,1_epo,34.0,0.5723511313279546,fechner
1055,1_epo,35.0,0.5703046423658769,fechner
1056,1_epo,36.0,0.5683702050179542,fechner
1057,1_epo,37.0,0.5665389031173663,fechner
1058,1_epo,38.0,0.5648027378517675,fechner
1059,1_epo,39.0,0.5631545132579221,fechner
1060,1_epo,40.0,0.5615877383749079,fechner
1061,1_epo,41.0,0.5600965433078285,fechner
1062,1_epo,42.0,0.5586756069578179,fechner
1063,1_epo,43.0,0.5573200945768331,fechner
1064,1_epo,44.0,0.5560256036293001,fechner
1065,1_epo,45.0,0.5547881167038985,fechner
1066,1_epo,46.0,0.5536039604306957,fechner
1067,1_epo,47.0,0.552469769531524,fechner
1068,1_epo,48.0,0.551382455272835,fechner
1069,1_epo,49.0,0.5503391777064263,fechner
1070,1_epo,50.0,0.5493373211792931,fechner
1071,1_epo,51.0,0.5483744726732739,fechner
1072,1_epo,52.0,0.5474484026011727,fechner
1073,1_epo,53.0,0.5465570477411601,fechner
1074,1_epo,54.0,0.5456984960373756,fechner
1075,1_epo,55.00000000000001,0.5448709730334348,fechner
1076,1_epo,56.00000000000001,0.5440728297382076,fechner
1077,1_epo,56.99999999999999,0.543302531750869,fechner
1078,1_epo,57.99999999999999,0.5425586494956451,fechner
1079,1_epo,59.0,0.5418398494366081,fechner
1080,1_epo,60.0,0.5411448861598654,fechner
1081,1_epo,61.0,0.540472595225021,fechner
1082,1_epo,62.0,0.5398218867002506,fechner
1083,1_epo,63.0,0.539191739306042,fechner
1084,1_epo,64.0,0.5385811951018837,fechner
1085,1_epo,65.0,0.5379893546581581,fechner
1086,1_epo,66.0,0.5374153726623968,fechner
1087,1_epo,67.0,0.5368584539150477,fechner
1088,1_epo,68.0,0.5363178496751108,fechner
1089,1_epo,69.0,0.5357928543205358,fechner
1090,1_epo,70.0,0.5352828022922441,fechner
1091,1_epo,71.0,0.5347870652940974,fechner
1092,1_epo,72.0,0.5343050497241814,fechner
1093,1_epo,73.0,0.533836194315439,fechner
1094,1_epo,74.0,0.5333799679660377,fechner
1095,1_epo,75.0,0.5329358677419244,fechner
1096,1_epo,76.0,0.5325034170358528,fechner
1097,1_epo,77.0,0.532082163868781,fechner
1098,1_epo,78.0,0.5316716793209711,fechner
1099,1_epo,79.0,0.5312715560813938,fechner
1100,1_epo,80.0,0.5308814071051692,fechner
1101,1_epo,81.0,0.5305008643697806,fechner
1102,1_epo,82.0,0.5301295777216959,fechner
1103,1_epo,83.0,0.529767213805824,fechner
1104,1_epo,84.0,0.5294134550709597,fechner
1105,1_epo,85.0,0.5290679988449984,fechner
1106,1_epo,86.0,0.5287305564742849,fechner
1107,1_epo,87.0,0.5284008525219677,fechner
1108,1_epo,88.0,0.5280786240206994,fechner
1109,1_epo,89.0,0.5277636197754334,fechner
1110,1_epo,90.0,0.5274555997124483,fechner
1111,1_epo,91.0,0.5271543342710623,fechner
1112,1_epo,92.0,0.526859603834812,fechner
1113,1_epo,93.0,0.5265711981991419,fechner
1114,1_epo,94.0,0.5262889160729006,fechner
1115,1_epo,95.0,0.5260125646111672,fechner
1116,20_epo,3.0,0.5000000797234346,fechner
1117,20_epo,4.0,0.5000000487516819,fechner
1118,20_epo,5.0,0.5000000365258425,fechner
1119,20_epo,6.0,0.5000000295003952,fechner
1120,20_epo,7.000000000000001,0.5000000248428275,fechner
1121,20_epo,8.0,0.500000021498578,fechner
1122,20_epo,9.0,0.5000000189690501,fechner
1123,20_epo,10.0,0.5000000169835496,fechner
1124,20_epo,11.0,0.5000000153809621,fechner
1125,20_epo,12.0,0.5000000140588294,fechner
1126,20_epo,13.0,0.5000000129486343,fechner
1127,20_epo,14.000000000000002,0.5000000120027026,fechner
1128,20_epo,15.0,0.5000000111867781,fechner
1129,20_epo,16.0,0.5000000104755797,fechner
1130,20_epo,17.0,0.500000009850025,fechner
1131,20_epo,18.0,0.5000000092954291,fechner
1132,20_epo,19.0,0.5000000088003007,fechner
1133,20_epo,20.0,0.5000000083555147,fechner
1134,20_epo,21.0,0.5000000079537303,fechner
1135,20_epo,22.0,0.5000000075889736,fechner
1136,20_epo,23.0,0.5000000072563319,fechner
1137,20_epo,24.0,0.5000000069517282,fechner
1138,20_epo,25.0,0.5000000066717497,fechner
1139,20_epo,26.0,0.5000000064135173,fechner
1140,20_epo,27.0,0.5000000061745853,fechner
1141,20_epo,28.000000000000004,0.5000000059528622,fechner
1142,20_epo,28.999999999999996,0.500000005746549,fechner
1143,20_epo,30.0,0.5000000055540897,fechner
1144,20_epo,31.0,0.5000000053741313,fechner
1145,20_epo,32.0,0.5000000052054914,fechner
1146,20_epo,33.0,0.5000000050471332,fechner
1147,20_epo,34.0,0.5000000048981422,fechner
1148,20_epo,35.0,0.5000000047577101,fechner
1149,20_epo,36.0,0.5000000046251187,fechner
1150,20_epo,37.0,0.5000000044997283,fechner
1151,20_epo,38.0,0.5000000043809667,fechner
1152,20_epo,39.0,0.5000000042683214,fechner
1153,20_epo,40.0,0.5000000041613308,fechner
1154,20_epo,41.0,0.5000000040595795,fechner
1155,20_epo,42.0,0.500000003962691,fechner
1156,20_epo,43.0,0.5000000038703246,fechner
1157,20_epo,44.0,0.5000000037821706,fechner
1158,20_epo,45.0,0.500000003697947,fechner
1159,20_epo,46.0,0.5000000036173964,fechner
1160,20_epo,47.0,0.5000000035402834,fechner
1161,20_epo,48.0,0.5000000034663924,fechner
1162,20_epo,49.0,0.5000000033955253,fechner
1163,20_epo,50.0,0.5000000033275003,fechner
1164,20_epo,51.0,0.5000000032621493,fechner
1165,20_epo,52.0,0.5000000031993179,fechner
1166,20_epo,53.0,0.5000000031388628,fechner
1167,20_epo,54.0,0.5000000030806517,fechner
1168,20_epo,55.00000000000001,0.5000000030245618,fechner
1169,20_epo,56.00000000000001,0.5000000029704793,fechner
1170,20_epo,56.99999999999999,0.500000002918298,fechner
1171,20_epo,57.99999999999999,0.5000000028679197,fechner
1172,20_epo,59.0,0.500000002819252,fechner
1173,20_epo,60.0,0.5000000027722096,fechner
1174,20_epo,61.0,0.5000000027267122,fechner
1175,20_epo,62.0,0.5000000026826847,fechner
1176,20_epo,63.0,0.5000000026400574,fechner
1177,20_epo,64.0,0.5000000025987641,fechner
1178,20_epo,65.0,0.5000000025587433,fechner
1179,20_epo,66.0,0.500000002519937,fechner
1180,20_epo,67.0,0.5000000024822908,fechner
1181,20_epo,68.0,0.5000000024457534,fechner
1182,20_epo,69.0,0.5000000024102764,fechner
1183,20_epo,70.0,0.5000000023758143,fechner
1184,20_epo,71.0,0.5000000023423243,fechner
1185,20_epo,72.0,0.5000000023097657,fechner
1186,20_epo,73.0,0.5000000022781002,fechner
1187,20_epo,74.0,0.5000000022472914,fechner
1188,20_epo,75.0,0.5000000022173051,fechner
1189,20_epo,76.0,0.5000000021881088,fechner
1190,20_epo,77.0,0.5000000021596718,fechner
1191,20_epo,78.0,0.5000000021319645,fechner
1192,20_epo,79.0,0.5000000021049594,fechner
1193,20_epo,80.0,0.5000000020786303,fechner
1194,20_epo,81.0,0.5000000020529517,fechner
1195,20_epo,82.0,0.5000000020279001,fechner
1196,20_epo,83.0,0.5000000020034527,fechner
1197,20_epo,84.0,0.5000000019795879,fechner
1198,20_epo,85.0,0.5000000019562851,fechner
1199,20_epo,86.0,0.5000000019335247,fechner
1200,20_epo,87.0,0.5000000019112879,fechner
1201,20_epo,88.0,0.5000000018895571,fechner
1202,20_epo,89.0,0.5000000018683148,fechner
1203,20_epo,90.0,0.500000001847545,fechner
1204,20_epo,91.0,0.500000001827232,fechner
1205,20_epo,92.0,0.5000000018073609,fechner
1206,20_epo,93.0,0.5000000017879176,fechner
1207,20_epo,94.0,0.5000000017688881,fechner
1208,20_epo,95.0,0.5000000017502596,fechner
1209,21_epo,3.0,0.5000000668309634,fechner
1210,21_epo,4.0,0.500000040867806,fechner
1211,21_epo,5.0,0.5000000306190677,fechner
1212,21_epo,6.0,0.5000000247297404,fechner
1213,21_epo,7.000000000000001,0.5000000208253709,fechner
1214,21_epo,8.0,0.5000000180219365,fechner
1215,21_epo,9.0,0.5000000159014713,fechner
1216,21_epo,10.0,0.5000000142370558,fechner
1217,21_epo,11.0,0.5000000128936305,fechner
1218,21_epo,12.0,0.5000000117853065,fechner
1219,21_epo,13.0,0.5000000108546465,fechner
1220,21_epo,14.000000000000002,0.5000000100616862,fechner
1221,21_epo,15.0,0.5000000093777089,fechner
1222,21_epo,16.0,0.5000000087815218,fechner
1223,21_epo,17.0,0.5000000082571288,fechner
1224,21_epo,18.0,0.5000000077922192,fechner
1225,21_epo,19.0,0.5000000073771605,fechner
1226,21_epo,20.0,0.5000000070043031,fechner
1227,21_epo,21.0,0.5000000066674933,fechner
1228,21_epo,22.0,0.500000006361723,fechner
1229,21_epo,23.0,0.5000000060828745,fechner
1230,21_epo,24.0,0.5000000058275299,fechner
1231,21_epo,25.0,0.5000000055928281,fechner
1232,21_epo,26.0,0.5000000053763557,fechner
1233,21_epo,27.0,0.5000000051760625,fechner
1234,21_epo,28.000000000000004,0.5000000049901953,fechner
1235,21_epo,28.999999999999996,0.500000004817246,fechner
1236,21_epo,30.0,0.5000000046559103,fechner
1237,21_epo,31.0,0.5000000045050538,fechner
1238,21_epo,32.0,0.5000000043636856,fechner
1239,21_epo,33.0,0.5000000042309363,fechner
1240,21_epo,34.0,0.5000000041060394,fechner
1241,21_epo,35.0,0.5000000039883173,fechner
1242,21_epo,36.0,0.5000000038771679,fechner
1243,21_epo,37.0,0.5000000037720549,fechner
1244,21_epo,38.0,0.5000000036724989,fechner
1245,21_epo,39.0,0.50000000357807,fechner
1246,21_epo,40.0,0.5000000034883815,fechner
1247,21_epo,41.0,0.5000000034030847,fechner
1248,21_epo,42.0,0.5000000033218646,fechner
1249,21_epo,43.0,0.5000000032444353,fechner
1250,21_epo,44.0,0.500000003170537,fechner
1251,21_epo,45.0,0.5000000030999336,fechner
1252,21_epo,46.0,0.5000000030324093,fechner
1253,21_epo,47.0,0.5000000029677666,fechner
1254,21_epo,48.0,0.5000000029058249,fechner
1255,21_epo,49.0,0.5000000028464181,fechner
1256,21_epo,50.0,0.5000000027893937,fechner
1257,21_epo,51.0,0.500000002734611,fechner
1258,21_epo,52.0,0.5000000026819403,fechner
1259,21_epo,53.0,0.5000000026312618,fechner
1260,21_epo,54.0,0.5000000025824642,fechner
1261,21_epo,55.00000000000001,0.500000002535445,fechner
1262,21_epo,56.00000000000001,0.5000000024901083,fechner
1263,21_epo,56.99999999999999,0.5000000024463657,fechner
1264,21_epo,57.99999999999999,0.5000000024041341,fechner
1265,21_epo,59.0,0.5000000023633369,fechner
1266,21_epo,60.0,0.5000000023239018,fechner
1267,21_epo,61.0,0.500000002285762,fechner
1268,21_epo,62.0,0.5000000022488545,fechner
1269,21_epo,63.0,0.5000000022131206,fechner
1270,21_epo,64.0,0.5000000021785052,fechner
1271,21_epo,65.0,0.5000000021449563,fechner
1272,21_epo,66.0,0.5000000021124256,fechner
1273,21_epo,67.0,0.5000000020808674,fechner
1274,21_epo,68.0,0.5000000020502385,fechner
1275,21_epo,69.0,0.5000000020204987,fechner
1276,21_epo,70.0,0.5000000019916097,fechner
1277,21_epo,71.0,0.5000000019635354,fechner
1278,21_epo,72.0,0.5000000019362421,fechner
1279,21_epo,73.0,0.5000000019096973,fechner
1280,21_epo,74.0,0.5000000018838707,fechner
1281,21_epo,75.0,0.5000000018587337,fechner
1282,21_epo,76.0,0.500000001834259,fechner
1283,21_epo,77.0,0.5000000018104205,fechner
1284,21_epo,78.0,0.500000001787194,fechner
1285,21_epo,79.0,0.5000000017645561,fechner
1286,21_epo,80.0,0.5000000017424846,fechner
1287,21_epo,81.0,0.5000000017209587,fechner
1288,21_epo,82.0,0.5000000016999583,fechner
1289,21_epo,83.0,0.5000000016794645,fechner
1290,21_epo,84.0,0.5000000016594589,fechner
1291,21_epo,85.0,0.5000000016399245,fechner
1292,21_epo,86.0,0.5000000016208448,fechner
1293,21_epo,87.0,0.5000000016022041,fechner
1294,21_epo,88.0,0.5000000015839874,fechner
1295,21_epo,89.0,0.5000000015661804,fechner
1296,21_epo,90.0,0.5000000015487693,fechner
1297,21_epo,91.0,0.5000000015317413,fechner
1298,21_epo,92.0,0.5000000015150837,fechner
1299,21_epo,93.0,0.5000000014987845,fechner
1300,21_epo,94.0,0.5000000014828325,fechner
1301,21_epo,95.0,0.5000000014672165,fechner
1302,22_epo,3.0,0.5191901291420455,fechner
1303,22_epo,4.0,0.5117385666663214,fechner
1304,22_epo,5.0,0.5087955037297679,fechner
1305,22_epo,6.0,0.5071040152728129,fechner
1306,22_epo,7.000000000000001,0.5059825394997126,fechner
1307,22_epo,8.0,0.5051772542194848,fechner
1308,22_epo,9.0,0.5045681334119698,fechner
1309,22_epo,10.0,0.5040900070273309,fechner
1310,22_epo,11.0,0.5037040840487883,fechner
1311,22_epo,12.0,0.5033856947520048,fechner
1312,22_epo,13.0,0.5031183410453787,fechner
1313,22_epo,14.000000000000002,0.5028905433406784,fechner
1314,22_epo,15.0,0.5026940527765464,fechner
1315,22_epo,16.0,0.502522781636712,fechner
1316,22_epo,17.0,0.5023721347361231,fechner
1317,22_epo,18.0,0.5022385758726792,fechner
1318,22_epo,19.0,0.5021193378332615,fechner
1319,22_epo,20.0,0.5020122231686576,fechner
1320,22_epo,21.0,0.5019154641068221,fechner
1321,22_epo,22.0,0.5018276220160169,fechner
1322,22_epo,23.0,0.5017475139329519,fechner
1323,22_epo,24.0,0.5016741579941729,fechner
1324,22_epo,25.0,0.5016067323134494,fechner
1325,22_epo,26.0,0.5015445435818121,fechner
1326,22_epo,27.0,0.5014870028032635,fechner
1327,22_epo,28.000000000000004,0.5014336063388543,fechner
1328,22_epo,28.999999999999996,0.5013839209488838,fechner
1329,22_epo,30.0,0.5013375718807563,fechner
1330,22_epo,31.0,0.5012942333013037,fechner
1331,22_epo,32.0,0.5012536205513445,fechner
1332,22_epo,33.0,0.5012154838293205,fechner
1333,22_epo,34.0,0.5011796030050574,fechner
1334,22_epo,35.0,0.5011457833342069,fechner
1335,22_epo,36.0,0.501113851895739,fechner
1336,22_epo,37.0,0.5010836546138533,fechner
1337,22_epo,38.0,0.501055053755283,fechner
1338,22_epo,39.0,0.5010279258156375,fechner
1339,22_epo,40.0,0.5010021597259229,fechner
1340,22_epo,41.0,0.500977655323986,fechner
1341,22_epo,42.0,0.5009543220462699,fechner
1342,22_epo,43.0,0.500932077803666,fechner
1343,22_epo,44.0,0.5009108480119001,fechner
1344,22_epo,45.0,0.5008905647521991,fechner
1345,22_epo,46.0,0.5008711660422442,fechner
1346,22_epo,47.0,0.5008525952008517,fechner
1347,22_epo,48.0,0.500834800292604,fechner
1348,22_epo,49.0,0.5008177336409271,fechner
1349,22_epo,50.0,0.500801351399961,fechner
1350,22_epo,51.0,0.5007856131770981,fechner
1351,22_epo,52.0,0.5007704816993254,fechner
1352,22_epo,53.0,0.5007559225175462,fechner
1353,22_epo,54.0,0.5007419037439302,fechner
1354,22_epo,55.00000000000001,0.5007283958180616,fechner
1355,22_epo,56.00000000000001,0.5007153712982662,fechner
1356,22_epo,56.99999999999999,0.5007028046750083,fechner
1357,22_epo,57.99999999999999,0.5006906722036799,fechner
1358,22_epo,59.0,0.5006789517544686,fechner
1359,22_epo,60.0,0.5006676226773041,fechner
1360,22_epo,61.0,0.5006566656801418,fechner
1361,22_epo,62.0,0.5006460627190739,fechner
1362,22_epo,63.0,0.5006357968989454,fechner
1363,22_epo,64.0,0.5006258523833234,fechner
1364,22_epo,65.0,0.5006162143128048,fechner
1365,22_epo,66.0,0.5006068687307795,fechner
1366,22_epo,67.0,0.5005978025158618,fechner
1367,22_epo,68.0,0.5005890033203049,fechner
1368,22_epo,69.0,0.5005804595137872,fechner
1369,22_epo,70.0,0.5005721601320318,fechner
1370,22_epo,71.0,0.5005640948297819,fechner
1371,22_epo,72.0,0.5005562538377055,fechner
1372,22_epo,73.0,0.5005486279228527,fechner
1373,22_epo,74.0,0.500541208352328,fechner
1374,22_epo,75.0,0.5005339868598766,fechner
1375,22_epo,76.0,0.5005269556151161,fechner
1376,22_epo,77.0,0.5005201071951709,fechner
1377,22_epo,78.0,0.5005134345584948,fechner
1378,22_epo,79.0,0.5005069310206864,fechner
1379,22_epo,80.0,0.500500590232122,fechner
1380,22_epo,81.0,0.5004944061572504,fechner
1381,22_epo,82.0,0.5004883730554047,fechner
1382,22_epo,83.0,0.5004824854630059,fechner
1383,22_epo,84.0,0.5004767381770384,fechner
1384,22_epo,85.0,0.5004711262396961,fechner
1385,22_epo,86.0,0.5004656449241012,fechner
1386,22_epo,87.0,0.5004602897210093,fechner
1387,22_epo,88.0,0.5004550563264242,fechner
1388,22_epo,89.0,0.5004499406300477,fechner
1389,22_epo,90.0,0.5004449387045019,fechner
1390,22_epo,91.0,0.5004400467952628,fechner
1391,22_epo,92.0,0.5004352613112518,fechner
1392,22_epo,93.0,0.5004305788160358,fechner
1393,22_epo,94.0,0.5004259960195886,fechner
1394,22_epo,95.0,0.5004215097705746,fechner
1395,23_epo,3.0,0.9833588295275905,fechner
1396,23_epo,4.0,0.9237488117188054,fechner
1397,23_epo,5.0,0.8663269224660666,fechner
1398,23_epo,6.0,0.8189729062820664,fechner
1399,23_epo,7.000000000000001,0.7809305162650798,fechner
1400,23_epo,8.0,0.7502576357751188,fechner
1401,23_epo,9.0,0.7252315234769446,fechner
1402,23_epo,10.0,0.7045319252548102,fechner
1403,23_epo,11.0,0.6871815563192204,fechner
1404,23_epo,12.0,0.6724589993750547,fechner
1405,23_epo,13.0,0.6598271745145444,fechner
1406,23_epo,14.000000000000002,0.6488811999750395,fechner
1407,23_epo,15.0,0.6393116556496894,fechner
1408,23_epo,16.0,0.6308788467904376,fechner
1409,23_epo,17.0,0.6233946734295854,fechner
1410,23_epo,18.0,0.6167097250171936,fechner
1411,23_epo,19.0,0.6107039810494836,fechner
1412,23_epo,20.0,0.6052800236741328,fechner
1413,23_epo,21.0,0.6003580203973251,fechner
1414,23_epo,22.0,0.5958719695081872,fechner
1415,23_epo,23.0,0.5917668574550341,fechner
1416,23_epo,24.0,0.5879964828312314,fechner
1417,23_epo,25.0,0.5845217733103077,fechner
1418,23_epo,26.0,0.5813094711545309,fechner
1419,23_epo,27.0,0.5783310971973147,fechner
1420,23_epo,28.000000000000004,0.5755621273118638,fechner
1421,23_epo,28.999999999999996,0.5729813325307835,fechner
1422,23_epo,30.0,0.5705702463151561,fechner
1423,23_epo,31.0,0.5683127314326967,fechner
1424,23_epo,32.0,0.566194625479969,fechner
1425,23_epo,33.0,0.56420344895407,fechner
1426,23_epo,34.0,0.5623281634192212,fechner
1427,23_epo,35.0,0.5605589700574066,fechner
1428,23_epo,36.0,0.5588871409771001,fechner
1429,23_epo,37.0,0.557304877250628,fechner
1430,23_epo,38.0,0.5558051888821911,fechner
1431,23_epo,39.0,0.5543817928651182,fechner
1432,23_epo,40.0,0.5530290262348302,fechner
1433,23_epo,41.0,0.5517417716124845,fechner
1434,23_epo,42.0,0.5505153932000894,fechner
1435,23_epo,43.0,0.5493456815587251,fechner
1436,23_epo,44.0,0.5482288057983712,fechner
1437,23_epo,45.0,0.5471612720466903,fechner
1438,23_epo,46.0,0.546139887257303,fechner
1439,23_epo,47.0,0.545161727575029,fechner
1440,23_epo,48.0,0.5442241106037068,fechner
1441,23_epo,49.0,0.54332457102723,fechner
1442,23_epo,50.0,0.5424608391209289,fechner
1443,23_epo,51.0,0.5416308217619074,fechner
1444,23_epo,52.0,0.5408325856062707,fechner
1445,23_epo,53.0,0.5400643421505884,fechner
1446,23_epo,54.0,0.5393244344362446,fechner
1447,23_epo,55.00000000000001,0.5386113251899671,fechner
1448,23_epo,56.00000000000001,0.5379235862229923,fechner
1449,23_epo,56.99999999999999,0.5372598889359282,fechner
1450,23_epo,57.99999999999999,0.5366189957972382,fechner
1451,23_epo,59.0,0.5359997526809644,fechner
1452,23_epo,60.0,0.5354010819644022,fechner
1453,23_epo,61.0,0.5348219762993156,fechner
1454,23_epo,62.0,0.5342614929813276,fechner
1455,23_epo,63.0,0.5337187488515887,fechner
1456,23_epo,64.0,0.5331929156729885,fechner
1457,23_epo,65.0,0.5326832159302213,fechner
1458,23_epo,66.0,0.5321889190090928,fechner
1459,23_epo,67.0,0.531709337715754,fechner
1460,23_epo,68.0,0.5312438251011182,fechner
1461,23_epo,69.0,0.5307917715597243,fechner
1462,23_epo,70.0,0.530352602175789,fechner
1463,23_epo,71.0,0.5299257742922397,fechner
1464,23_epo,72.0,0.5295107752811921,fechner
1465,23_epo,73.0,0.529107120496675,fechner
1466,23_epo,74.0,0.52871435139247,fechner
1467,23_epo,75.0,0.5283320337897482,fechner
1468,23_epo,76.0,0.5279597562807838,fechner
1469,23_epo,77.0,0.527597128756447,fechner
1470,23_epo,78.0,0.5272437810464267,fechner
1471,23_epo,79.0,0.5268993616622488,fechner
1472,23_epo,80.0,0.5265635366341431,fechner
1473,23_epo,81.0,0.526235988433686,fechner
1474,23_epo,82.0,0.5259164149749394,fechner
1475,23_epo,83.0,0.5256045286874904,fechner
1476,23_epo,84.0,0.525300055655434,fechner
1477,23_epo,85.0,0.5250027348168905,fechner
1478,23_epo,86.0,0.5247123172191521,fechner
1479,23_epo,87.0,0.5244285653250046,fechner
1480,23_epo,88.0,0.5241512523661688,fechner
1481,23_epo,89.0,0.523880161740172,fechner
1482,23_epo,90.0,0.5236150864472856,fechner
1483,23_epo,91.0,0.5233558285644582,fechner
1484,23_epo,92.0,0.5231021987534422,fechner
1485,23_epo,93.0,0.5228540158005478,fechner
1486,23_epo,94.0,0.5226111061856794,fechner
1487,23_epo,95.0,0.5223733036785045,fechner
1488,24_epo,3.0,0.5000049876127542,fechner
1489,24_epo,4.0,0.500003049975347,fechner
1490,24_epo,5.0,0.5000022851092478,fechner
1491,24_epo,6.0,0.5000018455871624,fechner
1492,24_epo,7.000000000000001,0.5000015542030225,fechner
1493,24_epo,8.0,0.5000013449819647,fechner
1494,24_epo,9.0,0.5000011867310659,fechner
1495,24_epo,10.0,0.5000010625152922,fechner
1496,24_epo,11.0,0.5000009622551096,fechner
1497,24_epo,12.0,0.5000008795405898,fechner
1498,24_epo,13.0,0.500000810085186,fechner
1499,24_epo,14.000000000000002,0.5000007509063416,fechner
1500,24_epo,15.0,0.5000006998609314,fechner
1501,24_epo,16.0,0.5000006553673402,fechner
1502,24_epo,17.0,0.5000006162317345,fechner
1503,24_epo,18.0,0.5000005815354159,fechner
1504,24_epo,19.0,0.5000005505594737,fechner
1505,24_epo,20.0,0.5000005227330242,fechner
1506,24_epo,21.0,0.5000004975968141,fechner
1507,24_epo,22.0,0.5000004747771001,fechner
1508,24_epo,23.0,0.5000004539665606,fechner
1509,24_epo,24.0,0.5000004349101187,fechner
1510,24_epo,25.0,0.5000004173942588,fechner
1511,24_epo,26.0,0.5000004012388682,fechner
1512,24_epo,27.0,0.5000003862909342,fechner
1513,24_epo,28.000000000000004,0.5000003724196186,fechner
1514,24_epo,28.999999999999996,0.5000003595123722,fechner
1515,24_epo,30.0,0.5000003474718403,fechner
1516,24_epo,31.0,0.5000003362133767,fechner
1517,24_epo,32.0,0.5000003256630317,fechner
1518,24_epo,33.0,0.5000003157559109,fechner
1519,24_epo,34.0,0.5000003064348284,fechner
1520,24_epo,35.0,0.500000297649193,fechner
1521,24_epo,36.0,0.500000289354083,fechner
1522,24_epo,37.0,0.5000002815094723,fechner
1523,24_epo,38.0,0.5000002740795801,fechner
1524,24_epo,39.0,0.5000002670323227,fechner
1525,24_epo,40.0,0.500000260338846,fechner
1526,24_epo,41.0,0.50000025397313,fechner
1527,24_epo,42.0,0.500000247911648,fechner
1528,24_epo,43.0,0.5000002421330748,fechner
1529,24_epo,44.0,0.500000236618035,fechner
1530,24_epo,45.0,0.5000002313488844,fechner
1531,24_epo,46.0,0.5000002263095215,fechner
1532,24_epo,47.0,0.5000002214852213,fechner
1533,24_epo,48.0,0.5000002168624922,fechner
1534,24_epo,49.0,0.5000002124289489,fechner
1535,24_epo,50.0,0.5000002081732009,fechner
1536,24_epo,51.0,0.5000002040847552,fechner
1537,24_epo,52.0,0.500000200153929,fechner
1538,24_epo,53.0,0.5000001963717731,fechner
1539,24_epo,54.0,0.5000001927300036,fechner
1540,24_epo,55.00000000000001,0.5000001892209416,fechner
1541,24_epo,56.00000000000001,0.500000185837458,fechner
1542,24_epo,56.99999999999999,0.500000182572926,fechner
1543,24_epo,57.99999999999999,0.5000001794211775,fechner
1544,24_epo,59.0,0.5000001763764633,fechner
1545,24_epo,60.0,0.5000001734334193,fechner
1546,24_epo,61.0,0.5000001705870335,fechner
1547,24_epo,62.0,0.5000001678326186,fechner
1548,24_epo,63.0,0.5000001651657857,fechner
1549,24_epo,64.0,0.5000001625824206,fechner
1550,24_epo,65.0,0.5000001600786634,fechner
1551,24_epo,66.0,0.5000001576508883,fechner
1552,24_epo,67.0,0.5000001552956868,fechner
1553,24_epo,68.0,0.500000153009851,fechner
1554,24_epo,69.0,0.5000001507903596,fechner
1555,24_epo,70.0,0.5000001486343646,fechner
1556,24_epo,71.0,0.5000001465391782,fechner
1557,24_epo,72.0,0.5000001445022627,fechner
1558,24_epo,73.0,0.5000001425212196,fechner
1559,24_epo,74.0,0.5000001405937802,fechner
1560,24_epo,75.0,0.5000001387177971,fechner
1561,24_epo,76.0,0.5000001368912363,fechner
1562,24_epo,77.0,0.5000001351121692,fechner
1563,24_epo,78.0,0.5000001333787668,fechner
1564,24_epo,79.0,0.5000001316892926,fechner
1565,24_epo,80.0,0.5000001300420971,fechner
1566,24_epo,81.0,0.5000001284356123,fechner
1567,24_epo,82.0,0.5000001268683469,fechner
1568,24_epo,83.0,0.5000001253388818,fechner
1569,24_epo,84.0,0.5000001238458651,fechner
1570,24_epo,85.0,0.5000001223880091,fechner
1571,24_epo,86.0,0.5000001209640856,fechner
1572,24_epo,87.0,0.5000001195729235,fechner
1573,24_epo,88.0,0.5000001182134044,fechner
1574,24_epo,89.0,0.5000001168844608,fechner
1575,24_epo,90.0,0.5000001155850723,fechner
1576,24_epo,91.0,0.5000001143142635,fechner
1577,24_epo,92.0,0.5000001130711017,fechner
1578,24_epo,93.0,0.5000001118546942,fechner
1579,24_epo,94.0,0.5000001106641861,fechner
1580,24_epo,95.0,0.500000109498759,fechner
1581,25_epo,3.0,0.9863804268426007,fechner
1582,25_epo,4.0,0.93206256219418,fechner
1583,25_epo,5.0,0.8767570816073845,fechner
1584,25_epo,6.0,0.8298668616730048,fechner
1585,25_epo,7.000000000000001,0.7915826339023925,fechner
1586,25_epo,8.0,0.7603951845413078,fechner
1587,25_epo,9.0,0.7347714718447725,fechner
1588,25_epo,10.0,0.7134729976130106,fechner
1589,25_epo,11.0,0.6955561355294515,fechner
1590,25_epo,12.0,0.6803114571413915,fechner
1591,25_epo,13.0,0.6672041263258802,fechner
1592,25_epo,14.000000000000002,0.6558272613361272,fechner
1593,25_epo,15.0,0.6458677720952115,fechner
1594,25_epo,16.0,0.6370818271428795,fechner
1595,25_epo,17.0,0.6292772712573516,fechner
1596,25_epo,18.0,0.6223009515750192,fechner
1597,25_epo,19.0,0.6160294967772277,fechner
1598,25_epo,20.0,0.6103625359961776,fechner
1599,25_epo,21.0,0.6052176556493475,fechner
1600,25_epo,22.0,0.6005266066972819,fechner
1601,25_epo,23.0,0.5962324212372387,fechner
1602,25_epo,24.0,0.5922871975825876,fechner
1603,25_epo,25.0,0.5886503820294322,fechner
1604,25_epo,26.0,0.5852874234836426,fechner
1605,25_epo,27.0,0.5821687107674822,fechner
1606,25_epo,28.000000000000004,0.5792687262598147,fechner
1607,25_epo,28.999999999999996,0.5765653665788867,fechner
1608,25_epo,30.0,0.5740393933419399,fechner
1609,25_epo,31.0,0.571673986029383,fechner
1610,25_epo,32.0,0.5694543756050328,fechner
1611,25_epo,33.0,0.5673675424662318,fechner
1612,25_epo,34.0,0.5654019659870284,fechner
1613,25_epo,35.0,0.5635474157055839,fechner
1614,25_epo,36.0,0.5617947763303293,fechner
1615,25_epo,37.0,0.5601359003686439,fechner
1616,25_epo,38.0,0.5585634834408694,fechner
1617,25_epo,39.0,0.5570709583220307,fechner
1618,25_epo,40.0,0.5556524045206994,fechner
1619,25_epo,41.0,0.554302470808799,fechner
1620,25_epo,42.0,0.5530163085951468,fechner
1621,25_epo,43.0,0.5517895144172951,fechner
1622,25_epo,44.0,0.5506180801321422,fechner
1623,25_epo,45.0,0.5494983496321806,fechner
1624,25_epo,46.0,0.5484269811136748,fechner
1625,25_epo,47.0,0.5474009140852424,fechner
1626,25_epo,48.0,0.5464173404377975,fechner
1627,25_epo,49.0,0.5454736790055079,fechner
1628,25_epo,50.0,0.5445675531369613,fechner
1629,25_epo,51.0,0.5436967708698126,fechner
1630,25_epo,52.0,0.5428593073636746,fechner
1631,25_epo,53.0,0.542053289297269,fechner
1632,25_epo,54.0,0.5412769809787219,fechner
1633,25_epo,55.00000000000001,0.5405287719538542,fechner
1634,25_epo,56.00000000000001,0.5398071659276047,fechner
1635,25_epo,56.99999999999999,0.5391107708393048,fechner
1636,25_epo,57.99999999999999,0.5384382899541941,fechner
1637,25_epo,59.0,0.5377885138519837,fechner
1638,25_epo,60.0,0.5371603132089622,fechner
1639,25_epo,61.0,0.5365526322835527,fechner
1640,25_epo,62.0,0.535964483026714,fechner
1641,25_epo,63.0,0.5353949397484502,fechner
1642,25_epo,64.0,0.5348431342801875,fechner
1643,25_epo,65.0,0.5343082515801164,fechner
1644,25_epo,66.0,0.5337895257349381,fechner
1645,25_epo,67.0,0.5332862363169657,fechner
1646,25_epo,68.0,0.5327977050603061,fechner
1647,25_epo,69.0,0.5323232928240192,fechner
1648,25_epo,70.0,0.531862396813785,fechner
1649,25_epo,71.0,0.5314144480367897,fechner
1650,25_epo,72.0,0.5309789089673259,fechner
1651,25_epo,73.0,0.5305552714030517,fechner
1652,25_epo,74.0,0.5301430544939961,fechner
1653,25_epo,75.0,0.5297418029283061,fechner
1654,25_epo,76.0,0.5293510852603894,fechner
1655,25_epo,77.0,0.5289704923685963,fechner
1656,25_epo,78.0,0.5285996360308862,fechner
1657,25_epo,79.0,0.5282381476080935,fechner
1658,25_epo,80.0,0.5278856768254301,fechner
1659,25_epo,81.0,0.5275418906437872,fechner
1660,25_epo,82.0,0.5272064722132163,fechner
1661,25_epo,83.0,0.5268791199016921,fechner
1662,25_epo,84.0,0.5265595463929248,fechner
1663,25_epo,85.0,0.5262474778475598,fechner
1664,25_epo,86.0,0.5259426531226363,fechner
1665,25_epo,87.0,0.5256448230446384,fechner
1666,25_epo,88.0,0.5253537497318975,fechner
1667,25_epo,89.0,0.5250692059624852,fechner
1668,25_epo,90.0,0.524790974584072,fechner
1669,25_epo,91.0,0.524518847962541,fechner
1670,25_epo,92.0,0.5242526274664205,fechner
1671,25_epo,93.0,0.5239921229844511,fechner
1672,25_epo,94.0,0.5237371524738306,fechner
1673,25_epo,95.0,0.523487541536886,fechner
1674,2_epo,3.0,0.5000056482299046,fechner
1675,2_epo,4.0,0.5000034539493765,fechner
1676,2_epo,5.0,0.5000025877755601,fechner
1677,2_epo,6.0,0.5000020900380836,fechner
1678,2_epo,7.000000000000001,0.5000017600596564,fechner
1679,2_epo,8.0,0.5000015231269404,fechner
1680,2_epo,9.0,0.5000013439154612,fechner
1681,2_epo,10.0,0.500001203247113,fechner
1682,2_epo,11.0,0.5000010897073116,fechner
1683,2_epo,12.0,0.5000009960371237,fechner
1684,2_epo,13.0,0.5000009173822425,fechner
1685,2_epo,14.000000000000002,0.500000850365067,fechner
1686,2_epo,15.0,0.500000792558612,fechner
1687,2_epo,16.0,0.5000007421717747,fechner
1688,2_epo,17.0,0.5000006978525966,fechner
1689,2_epo,18.0,0.500000658560696,fechner
1690,2_epo,19.0,0.5000006234819416,fechner
1691,2_epo,20.0,0.5000005919698352,fechner
1692,2_epo,21.0,0.5000005635042944,fechner
1693,2_epo,22.0,0.5000005376620734,fechner
1694,2_epo,23.0,0.5000005140951452,fechner
1695,2_epo,24.0,0.5000004925146477,fechner
1696,2_epo,25.0,0.5000004726787846,fechner
1697,2_epo,26.0,0.5000004543835872,fechner
1698,2_epo,27.0,0.5000004374557757,fechner
1699,2_epo,28.000000000000004,0.5000004217471825,fechner
1700,2_epo,28.999999999999996,0.5000004071303511,fechner
1701,2_epo,30.0,0.5000003934950318,fechner
1702,2_epo,31.0,0.500000380745367,fechner
1703,2_epo,32.0,0.5000003687976121,fechner
1704,2_epo,33.0,0.5000003575782777,fechner
1705,2_epo,34.0,0.5000003470226031,fechner
1706,2_epo,35.0,0.5000003370732966,fechner
1707,2_epo,36.0,0.5000003276794862,fechner
1708,2_epo,37.0,0.5000003187958445,fechner
1709,2_epo,38.0,0.5000003103818514,fechner
1710,2_epo,39.0,0.5000003024011735,fechner
1711,2_epo,40.0,0.5000002948211355,fechner
1712,2_epo,41.0,0.5000002876122703,fechner
1713,2_epo,42.0,0.5000002807479356,fechner
1714,2_epo,43.0,0.5000002742039813,fechner
1715,2_epo,44.0,0.5000002679584656,fechner
1716,2_epo,45.0,0.5000002619914078,fechner
1717,2_epo,46.0,0.5000002562845732,fechner
1718,2_epo,47.0,0.500000250821287,fechner
1719,2_epo,48.0,0.5000002455862702,fechner
1720,2_epo,49.0,0.5000002405654971,fechner
1721,2_epo,50.0,0.5000002357460687,fechner
1722,2_epo,51.0,0.5000002311161019,fechner
1723,2_epo,52.0,0.5000002266646316,fechner
1724,2_epo,53.0,0.5000002223815232,fechner
1725,2_epo,54.0,0.5000002182573956,fechner
1726,2_epo,55.00000000000001,0.5000002142835528,fechner
1727,2_epo,56.00000000000001,0.5000002104519214,fechner
1728,2_epo,56.99999999999999,0.5000002067549971,fechner
1729,2_epo,57.99999999999999,0.5000002031857945,fechner
1730,2_epo,59.0,0.5000001997378033,fechner
1731,2_epo,60.0,0.5000001964049483,fechner
1732,2_epo,61.0,0.5000001931815543,fechner
1733,2_epo,62.0,0.5000001900623129,fechner
1734,2_epo,63.0,0.5000001870422537,fechner
1735,2_epo,64.0,0.500000184116718,fechner
1736,2_epo,65.0,0.500000181281334,fechner
1737,2_epo,66.0,0.5000001785319964,fechner
1738,2_epo,67.0,0.5000001758648446,fechner
1739,2_epo,68.0,0.5000001732762462,fechner
1740,2_epo,69.0,0.5000001707627798,fechner
1741,2_epo,70.0,0.5000001683212199,fechner
1742,2_epo,71.0,0.5000001659485227,fechner
1743,2_epo,72.0,0.5000001636418145,fechner
1744,2_epo,73.0,0.5000001613983792,fechner
1745,2_epo,74.0,0.5000001592156474,fechner
1746,2_epo,75.0,0.5000001570911875,fechner
1747,2_epo,76.0,0.5000001550226957,fechner
1748,2_epo,77.0,0.5000001530079885,fechner
1749,2_epo,78.0,0.5000001510449942,fechner
1750,2_epo,79.0,0.5000001491317465,fechner
1751,2_epo,80.0,0.5000001472663773,fechner
1752,2_epo,81.0,0.5000001454471111,fechner
1753,2_epo,82.0,0.500000143672259,fechner
1754,2_epo,83.0,0.5000001419402137,fechner
1755,2_epo,84.0,0.5000001402494446,fechner
1756,2_epo,85.0,0.5000001385984932,fechner
1757,2_epo,86.0,0.5000001369859689,fechner
1758,2_epo,87.0,0.5000001354105451,fechner
1759,2_epo,88.0,0.5000001338709557,fechner
1760,2_epo,89.0,0.5000001323659914,fechner
1761,2_epo,90.0,0.5000001308944968,fechner
1762,2_epo,91.0,0.5000001294553675,fechner
1763,2_epo,92.0,0.5000001280475469,fechner
1764,2_epo,93.0,0.5000001266700244,fechner
1765,2_epo,94.0,0.5000001253218316,fechner
1766,2_epo,95.0,0.5000001240020417,fechner
1767,3_epo,3.0,0.5007000493558886,fechner
1768,3_epo,4.0,0.5004280873948476,fechner
1769,3_epo,5.0,0.500320732615319,fechner
1770,3_epo,6.0,0.5002590423307844,fechner
1771,3_epo,7.000000000000001,0.5002181443348487,fechner
1772,3_epo,8.0,0.5001887785549765,fechner
1773,3_epo,9.0,0.5001665668269237,fechner
1774,3_epo,10.0,0.5001491321893864,fechner
1775,3_epo,11.0,0.5001350599027297,fechner
1776,3_epo,12.0,0.5001234502844308,fechner
1777,3_epo,13.0,0.5001137016848314,fechner
1778,3_epo,14.000000000000002,0.5001053954792242,fechner
1779,3_epo,15.0,0.5000982308635724,fechner
1780,3_epo,16.0,0.5000919858460435,fechner
1781,3_epo,17.0,0.5000864928629569,fechner
1782,3_epo,18.0,0.500081622967894,fechner
1783,3_epo,19.0,0.5000772752562634,fechner
1784,3_epo,20.0,0.5000733696001387,fechner
1785,3_epo,21.0,0.5000698415397793,fechner
1786,3_epo,22.0,0.5000666386174468,fechner
1787,3_epo,23.0,0.5000637176982059,fechner
1788,3_epo,24.0,0.5000610429800628,fechner
1789,3_epo,25.0,0.5000585844944304,fechner
1790,3_epo,26.0,0.5000563169611367,fechner
1791,3_epo,27.0,0.5000542189036399,fechner
1792,3_epo,28.000000000000004,0.500052271957815,fechner
1793,3_epo,28.999999999999996,0.5000504603265303,fechner
1794,3_epo,30.0,0.500048770345285,fechner
1795,3_epo,31.0,0.5000471901333347,fechner
1796,3_epo,32.0,0.5000457093112642,fechner
1797,3_epo,33.0,0.500044318770672,fechner
1798,3_epo,34.0,0.500043010485061,fechner
1799,3_epo,35.0,0.5000417773535732,fechner
1800,3_epo,36.0,0.5000406130710898,fechner
1801,3_epo,37.0,0.5000395120196399,fechner
1802,3_epo,38.0,0.5000384691771452,fechner
1803,3_epo,39.0,0.5000374800403491,fechner
1804,3_epo,40.0,0.500036540559422,fechner
1805,3_epo,41.0,0.500035647082225,fechner
1806,3_epo,42.0,0.5000347963066082,fechner
1807,3_epo,43.0,0.5000339852394207,fechner
1808,3_epo,44.0,0.5000332111611561,fechner
1809,3_epo,45.0,0.5000324715953482,fechner
1810,3_epo,46.0,0.5000317642819881,fechner
1811,3_epo,47.0,0.5000310871543586,fechner
1812,3_epo,48.0,0.5000304383187839,fechner
1813,3_epo,49.0,0.5000298160368757,fechner
1814,3_epo,50.0,0.5000292187099221,fechner
1815,3_epo,51.0,0.5000286448651244,fechner
1816,3_epo,52.0,0.5000280931434318,fechner
1817,3_epo,53.0,0.500027562288759,fechner
1818,3_epo,54.0,0.5000270511384106,fechner
1819,3_epo,55.00000000000001,0.5000265586145537,fechner
1820,3_epo,56.00000000000001,0.5000260837166093,fechner
1821,3_epo,56.99999999999999,0.5000256255144483,fechner
1822,3_epo,57.99999999999999,0.5000251831422945,fechner
1823,3_epo,59.0,0.5000247557932508,fechner
1824,3_epo,60.0,0.5000243427143746,fechner
1825,3_epo,61.0,0.5000239432022396,fechner
1826,3_epo,62.0,0.5000235565989293,fechner
1827,3_epo,63.0,0.5000231822884131,fechner
1828,3_epo,64.0,0.5000228196932636,fechner
1829,3_epo,65.0,0.5000224682716777,fechner
1830,3_epo,66.0,0.5000221275147704,fechner
1831,3_epo,67.0,0.5000217969441104,fechner
1832,3_epo,68.0,0.5000214761094749,fechner
1833,3_epo,69.0,0.5000211645867998,fechner
1834,3_epo,70.0,0.5000208619763065,fechner
1835,3_epo,71.0,0.5000205679007871,fechner
1836,3_epo,72.0,0.5000202820040328,fechner
1837,3_epo,73.0,0.5000200039493927,fechner
1838,3_epo,74.0,0.5000197334184487,fechner
1839,3_epo,75.0,0.5000194701097975,fechner
1840,3_epo,76.0,0.5000192137379282,fechner
1841,3_epo,77.0,0.5000189640321889,fechner
1842,3_epo,78.0,0.5000187207358313,fechner
1843,3_epo,79.0,0.5000184836051297,fechner
1844,3_epo,80.0,0.5000182524085645,fechner
1845,3_epo,81.0,0.5000180269260683,fechner
1846,3_epo,82.0,0.5000178069483256,fechner
1847,3_epo,83.0,0.5000175922761241,fechner
1848,3_epo,84.0,0.5000173827197518,fechner
1849,3_epo,85.0,0.5000171780984382,fechner
1850,3_epo,86.0,0.500016978239832,fechner
1851,3_epo,87.0,0.5000167829795182,fechner
1852,3_epo,88.0,0.5000165921605647,fechner
1853,3_epo,89.0,0.5000164056331026,fechner
1854,3_epo,90.0,0.5000162232539322,fechner
1855,3_epo,91.0,0.5000160448861567,fechner
1856,3_epo,92.0,0.5000158703988388,fechner
1857,3_epo,93.0,0.5000156996666794,fechner
1858,3_epo,94.0,0.5000155325697184,fechner
1859,3_epo,95.0,0.5000153689930521,fechner
1860,4_epo,3.0,0.9879963052733678,fechner
1861,4_epo,4.0,0.9368519539707055,fechner
1862,4_epo,5.0,0.882951797185565,fechner
1863,4_epo,6.0,0.836446522389682,fechner
1864,4_epo,7.000000000000001,0.7980830736817601,fechner
1865,4_epo,8.0,0.766624000329141,fechner
1866,4_epo,9.0,0.7406609896303955,fechner
1867,4_epo,10.0,0.719011763193815,fechner
1868,4_epo,11.0,0.7007572607320844,fechner
1869,4_epo,12.0,0.6851978693148532,fechner
1870,4_epo,13.0,0.6718016745333972,fechner
1871,4_epo,14.000000000000002,0.6601615473006847,fechner
1872,4_epo,15.0,0.6499627749794451,fechner
1873,4_epo,16.0,0.6409593972206257,fechner
1874,4_epo,17.0,0.6329570399144014,fechner
1875,4_epo,18.0,0.6258004329129899,fechner
1876,4_epo,19.0,0.6193642686054488,fechner
1877,4_epo,20.0,0.6135464446121736,fechner
1878,4_epo,21.0,0.6082630176628505,fechner
1879,4_epo,22.0,0.6034443959314721,fechner
1880,4_epo,23.0,0.5990324362667457,fechner
1881,4_epo,24.0,0.5949782092153715,fechner
1882,4_epo,25.0,0.5912402618104144,fechner
1883,4_epo,26.0,0.5877832550388606,fechner
1884,4_epo,27.0,0.584576886021146,fechner
1885,4_epo,28.000000000000004,0.5815950285106708,fechner
1886,4_epo,28.999999999999996,0.5788150422589322,fechner
1887,4_epo,30.0,0.576217214074253,fechner
1888,4_epo,31.0,0.5737843023905105,fechner
1889,4_epo,32.0,0.571501163799092,fechner
1890,4_epo,33.0,0.5693544449401641,fechner
1891,4_epo,34.0,0.5673323268613083,fechner
1892,4_epo,35.0,0.5654243117614305,fechner
1893,4_epo,36.0,0.56362104418111,fechner
1894,4_epo,37.0,0.561914160347326,fechner
1895,4_epo,38.0,0.5602961606546157,fechner
1896,4_epo,39.0,0.558760301257118,fechner
1897,4_epo,40.0,0.557300501523824,fechner
1898,4_epo,41.0,0.5559112647228165,fechner
1899,4_epo,42.0,0.5545876097868597,fechner
1900,4_epo,43.0,0.5533250124008237,fechner
1901,4_epo,44.0,0.5521193539626397,fechner
1902,4_epo,45.0,0.5509668772203022,fechner
1903,4_epo,46.0,0.5498641475905739,fechner
1904,4_epo,47.0,0.5488080193303247,fechner
1905,4_epo,48.0,0.5477956058665315,fechner
1906,4_epo,49.0,0.5468242537018373,fechner
1907,4_epo,50.0,0.5458915194039633,fechner
1908,4_epo,51.0,0.5449951492628868,fechner
1909,4_epo,52.0,0.5441330612625106,fechner
1910,4_epo,53.0,0.5433033290659138,fechner
1911,4_epo,54.0,0.5425041677570878,fechner
1912,4_epo,55.00000000000001,0.5417339211188297,fechner
1913,4_epo,56.00000000000001,0.540991050257446,fechner
1914,4_epo,56.99999999999999,0.5402741234110789,fechner
1915,4_epo,57.99999999999999,0.5395818068006497,fechner
1916,4_epo,59.0,0.5389128564012559,fechner
1917,4_epo,60.0,0.5382661105279266,fechner
1918,4_epo,61.0,0.5376404831433673,fechner
1919,4_epo,62.0,0.5370349578070923,fechner
1920,4_epo,63.0,0.5364485821954517,fechner
1921,4_epo,64.0,0.5358804631307661,fechner
1922,4_epo,65.0,0.5353297620652969,fechner
1923,4_epo,66.0,0.5347956909722857,fechner
1924,4_epo,67.0,0.5342775086019393,fechner
1925,4_epo,68.0,0.5337745170651382,fechner
1926,4_epo,69.0,0.5332860587119174,fechner
1927,4_epo,70.0,0.5328115132755011,fechner
1928,4_epo,71.0,0.5323502952559276,fechner
1929,4_epo,72.0,0.5319018515201636,fechner
1930,4_epo,73.0,0.531465659098113,fechner
1931,4_epo,74.0,0.5310412231561328,fechner
1932,4_epo,75.0,0.5306280751316134,fechner
1933,4_epo,76.0,0.5302257710138972,fechner
1934,4_epo,77.0,0.5298338897583273,fechner
1935,4_epo,78.0,0.5294520318215594,fechner
1936,4_epo,79.0,0.5290798178074659,fechner
1937,4_epo,80.0,0.5287168872140218,fechner
1938,4_epo,81.0,0.5283628972724937,fechner
1939,4_epo,82.0,0.528017521871113,fechner
1940,4_epo,83.0,0.5276804505561385,fechner
1941,4_epo,84.0,0.5273513876039099,fechner
1942,4_epo,85.0,0.5270300511580707,fechner
1943,4_epo,86.0,0.5267161724266908,fechner
1944,4_epo,87.0,0.5264094949344948,fechner
1945,4_epo,88.0,0.5261097738258356,fechner
1946,4_epo,89.0,0.5258167752144431,fechner
1947,4_epo,90.0,0.5255302755763317,fechner
1948,4_epo,91.0,0.5252500611825572,fechner
1949,4_epo,92.0,0.524975927568813,fechner
1950,4_epo,93.0,0.5247076790391012,fechner
1951,4_epo,94.0,0.5244451282009555,fechner
1952,4_epo,95.0,0.5241880955298996,fechner
1953,5_epo,3.0,0.9035658410268008,fechner
1954,5_epo,4.0,0.7970967357767687,fechner
1955,5_epo,5.0,0.7359688712674257,fechner
1956,5_epo,6.0,0.6959207024138104,fechner
1957,5_epo,7.000000000000001,0.667573258988762,fechner
1958,5_epo,8.0,0.646427194309189,fechner
1959,5_epo,9.0,0.6300376560565546,fechner
1960,5_epo,10.0,0.6169574631068999,fechner
1961,5_epo,11.0,0.6062739070605904,fechner
1962,5_epo,12.0,0.5973823280493047,fechner
1963,5_epo,13.0,0.5898660323377385,fechner
1964,5_epo,14.000000000000002,0.5834284100342779,fechner
1965,5_epo,15.0,0.577852529156082,fechner
1966,5_epo,16.0,0.5729760349551044,fechner
1967,5_epo,17.0,0.5686749852762084,fechner
1968,5_epo,18.0,0.5648531148826603,fechner
1969,5_epo,19.0,0.5614345125400388,fechner
1970,5_epo,20.0,0.5583585079302549,fechner
1971,5_epo,21.0,0.5555760271433643,fechner
1972,5_epo,22.0,0.5530469468342165,fechner
1973,5_epo,23.0,0.5507381415555096,fechner
1974,5_epo,24.0,0.5486220211580503,fechner
1975,5_epo,25.0,0.5466754204627216,fechner
1976,5_epo,26.0,0.544878745997085,fechner
1977,5_epo,27.0,0.5432153129148087,fechner
1978,5_epo,28.000000000000004,0.5416708243973721,fechner
1979,5_epo,28.999999999999996,0.5402329590421602,fechner
1980,5_epo,30.0,0.5388910409696894,fechner
1981,5_epo,31.0,0.5376357739228698,fechner
1982,5_epo,32.0,0.5364590253260759,fechner
1983,5_epo,33.0,0.5353536496824464,fechner
1984,5_epo,34.0,0.5343133431931382,fechner
1985,5_epo,35.0,0.5333325233416735,fechner
1986,5_epo,36.0,0.532406228579928,fechner
1987,5_epo,37.0,0.5315300343060096,fechner
1988,5_epo,38.0,0.5306999821278647,fechner
1989,5_epo,39.0,0.5299125200242212,fechner
1990,5_epo,40.0,0.5291644514929702,fechner
1991,5_epo,41.0,0.5284528921503656,fechner
1992,5_epo,42.0,0.5277752325375563,fechner
1993,5_epo,43.0,0.5271291061226568,fechner
1994,5_epo,44.0,0.5265123616707803,fechner
1995,5_epo,45.0,0.5259230393017789,fechner
1996,5_epo,46.0,0.5253593496738929,fechner
1997,5_epo,47.0,0.524819655827251,fechner
1998,5_epo,48.0,0.5243024572989322,fechner
1999,5_epo,49.0,0.5238063761847621,fechner
2000,5_epo,50.0,0.5233301448750467,fechner
2001,5_epo,51.0,0.5228725952342806,fechner
2002,5_epo,52.0,0.5224326490302819,fechner
2003,5_epo,53.0,0.5220093094475966,fechner
2004,5_epo,54.0,0.5216016535445084,fechner
2005,5_epo,55.00000000000001,0.5212088255334669,fechner
2006,5_epo,56.00000000000001,0.5208300307819291,fechner
2007,5_epo,56.99999999999999,0.5204645304450813,fechner
2008,5_epo,57.99999999999999,0.5201116366541262,fechner
2009,5_epo,59.0,0.5197707081941778,fechner
2010,5_epo,60.0,0.5194411466146069,fechner
2011,5_epo,61.0,0.5191223927221793,fechner
2012,5_epo,62.0,0.5188139234137451,fechner
2013,5_epo,63.0,0.5185152488107264,fechner
2014,5_epo,64.0,0.5182259096623782,fechner
2015,5_epo,65.0,0.5179454749888607,fechner
2016,5_epo,66.0,0.5176735399386743,fechner
2017,5_epo,67.0,0.5174097238380531,fechner
2018,5_epo,68.0,0.5171536684125422,fechner
2019,5_epo,69.0,0.516905036163286,fechner
2020,5_epo,70.0,0.5166635088825476,fechner
2021,5_epo,71.0,0.5164287862947265,fechner
2022,5_epo,72.0,0.5162005848106679,fechner
2023,5_epo,73.0,0.5159786363843956,fechner
2024,5_epo,74.0,0.5157626874625751,fechner
2025,5_epo,75.0,0.5155524980180507,fechner
2026,5_epo,76.0,0.5153478406597055,fechner
2027,5_epo,77.0,0.5151484998117094,fechner
2028,5_epo,78.0,0.5149542709559186,fechner
2029,5_epo,79.0,0.5147649599318364,fechner
2030,5_epo,80.0,0.5145803822890895,fechner
2031,5_epo,81.0,0.514400362687886,fechner
2032,5_epo,82.0,0.5142247343433535,fechner
2033,5_epo,83.0,0.5140533385100579,fechner
2034,5_epo,84.0,0.5138860240033518,fechner
2035,5_epo,85.0,0.5137226467545204,fechner
2036,5_epo,86.0,0.5135630693969702,fechner
2037,5_epo,87.0,0.5134071608809652,fechner
2038,5_epo,88.0,0.5132547961146376,fechner
2039,5_epo,89.0,0.5131058556292054,fechner
2040,5_epo,90.0,0.5129602252665143,fechner
2041,5_epo,91.0,0.5128177958871866,fechner
2042,5_epo,92.0,0.5126784630978078,fechner
2043,5_epo,93.0,0.5125421269957188,fechner
2044,5_epo,94.0,0.5124086919300995,fechner
2045,5_epo,95.0,0.5122780662781486,fechner
2046,6_epo,3.0,0.9830694356342128,fechner
2047,6_epo,4.0,0.9229900842323626,fechner
2048,6_epo,5.0,0.8653938277924329,fechner
2049,6_epo,6.0,0.8180089413344065,fechner
2050,6_epo,7.000000000000001,0.7799942843694733,fechner
2051,6_epo,8.0,0.7493705863089372,fechner
2052,6_epo,9.0,0.724399340405508,fechner
2053,6_epo,10.0,0.7037537217591799,fechner
2054,6_epo,11.0,0.6864538702368337,fechner
2055,6_epo,12.0,0.6717775493738063,fechner
2056,6_epo,13.0,0.6591876263503895,fechner
2057,6_epo,14.000000000000002,0.6482794849766658,fechner
2058,6_epo,15.0,0.6387440842979649,fechner
2059,6_epo,16.0,0.6303421292378535,fechner
2060,6_epo,17.0,0.6228858994820532,fechner
2061,6_epo,18.0,0.61622632844323,fechner
2062,6_epo,19.0,0.61024369988763,fechner
2063,6_epo,20.0,0.6048408618190378,fechner
2064,6_epo,21.0,0.5999382126341645,fechner
2065,6_epo,22.0,0.5954699506647445,fechner
2066,6_epo,23.0,0.5913812356403775,fechner
2067,6_epo,24.0,0.5876260164280179,fechner
2068,6_epo,25.0,0.5841653512824779,fechner
2069,6_epo,26.0,0.5809660962211107,fechner
2070,6_epo,27.0,0.577999871454237,fechner
2071,6_epo,28.000000000000004,0.5752422399309652,fechner
2072,6_epo,28.999999999999996,0.5726720492156254,fechner
2073,6_epo,30.0,0.5702709002411112,fechner
2074,6_epo,31.0,0.5680227154414262,fechner
2075,6_epo,32.0,0.5659133853353495,fechner
2076,6_epo,33.0,0.563930477497994,fechner
2077,6_epo,34.0,0.5620629954920415,fechner
2078,6_epo,35.0,0.5603011780697862,fechner
2079,6_epo,36.0,0.5586363310383144,fechner
2080,6_epo,37.0,0.5570606857735589,fechner
2081,6_epo,38.0,0.5555672795978571,fechner
2082,6_epo,39.0,0.5541498541900669,fechner
2083,6_epo,40.0,0.552802768943434,fechner
2084,6_epo,41.0,0.5515209267734485,fechner
2085,6_epo,42.0,0.5502997103425482,fechner
2086,6_epo,43.0,0.5491349270383918,fechner
2087,6_epo,44.0,0.5480227613384622,fechner
2088,6_epo,45.0,0.5469597334319458,fechner
2089,6_epo,46.0,0.5459426631624493,fechner
2090,6_epo,47.0,0.5449686385115936,fechner
2091,6_epo,48.0,0.5440349879712704,fechner
2092,6_epo,49.0,0.5431392562570527,fechner
2093,6_epo,50.0,0.5422791829014622,fechner
2094,6_epo,51.0,0.541452683337055,fechner
2095,6_epo,52.0,0.5406578321384162,fechner
2096,6_epo,53.0,0.5398928481414044,fechner
2097,6_epo,54.0,0.5391560811991493,fechner
2098,6_epo,55.00000000000001,0.5384460003688418,fechner
2099,6_epo,56.00000000000001,0.5377611833524049,fechner
2100,6_epo,56.99999999999999,0.53710030703867,fechner
2101,6_epo,57.99999999999999,0.536462139015461,fechner
2102,6_epo,59.0,0.5358455299376268,fechner
2103,6_epo,60.0,0.5352494066521013,fechner
2104,6_epo,61.0,0.5346727659939039,fechner
2105,6_epo,62.0,0.5341146691779938,fechner
2106,6_epo,63.0,0.5335742367213321,fechner
2107,6_epo,64.0,0.5330506438376345,fechner
2108,6_epo,65.0,0.5325431162543148,fechner
2109,6_epo,66.0,0.5320509264071827,fechner
2110,6_epo,67.0,0.5315733899737257,fechner
2111,6_epo,68.0,0.5311098627103696,fechner
2112,6_epo,69.0,0.5306597375630975,fechner
2113,6_epo,70.0,0.5302224420242737,fechner
2114,6_epo,71.0,0.5297974357115638,fechner
2115,6_epo,72.0,0.529384208147491,fechner
2116,6_epo,73.0,0.5289822767205139,fechner
2117,6_epo,74.0,0.528591184810556,fechner
2118,6_epo,75.0,0.5282105000637287,fechner
2119,6_epo,76.0,0.5278398128025867,fechner
2120,6_epo,77.0,0.5274787345596609,fechner
2121,6_epo,78.0,0.5271268967232671,fechner
2122,6_epo,79.0,0.5267839492856937,fechner
2123,6_epo,80.0,0.5264495596848574,fechner
2124,6_epo,81.0,0.526123411731388,fechner
2125,6_epo,82.0,0.5258052046138879,fechner
2126,6_epo,83.0,0.5254946519758016,fechner
2127,6_epo,84.0,0.5251914810579587,fechner
2128,6_epo,85.0,0.524895431901404,fechner
2129,6_epo,86.0,0.5246062566056305,fechner
2130,6_epo,87.0,0.5243237186377769,fechner
2131,6_epo,88.0,0.5240475921887525,fechner
2132,6_epo,89.0,0.5237776615726133,fechner
2133,6_epo,90.0,0.5235137206658405,fechner
2134,6_epo,91.0,0.5232555723834625,fechner
2135,6_epo,92.0,0.5230030281892282,fechner
2136,6_epo,93.0,0.5227559076372791,fechner
2137,6_epo,94.0,0.522514037942982,fechner
2138,6_epo,95.0,0.5222772535807831,fechner
2139,7_epo,3.0,0.9932036825392672,fechner
2140,7_epo,4.0,0.9547006609338475,fechner
2141,7_epo,5.0,0.9075187449652279,fechner
2142,7_epo,6.0,0.8634748154594754,fechner
2143,7_epo,7.000000000000001,0.8253826573762735,fechner
2144,7_epo,8.0,0.7931727856985008,fechner
2145,7_epo,9.0,0.7660255280295907,fechner
2146,7_epo,10.0,0.7430465708627847,fechner
2147,7_epo,11.0,0.7234550720748155,fechner
2148,7_epo,12.0,0.7066152320629652,fechner
2149,7_epo,13.0,0.6920218139576084,fechner
2150,7_epo,14.000000000000002,0.6792758639442268,fechner
2151,7_epo,15.0,0.6680617931102405,fechner
2152,7_epo,16.0,0.658128560401948,fechner
2153,7_epo,17.0,0.6492750016701315,fechner
2154,7_epo,18.0,0.6413386205878981,fechner
2155,7_epo,19.0,0.6341870778580403,fechner
2156,7_epo,20.0,0.6277117247273092,fechner
2157,7_epo,21.0,0.6218226686342349,fechner
2158,7_epo,22.0,0.6164449846411412,fechner
2159,7_epo,23.0,0.6115157857960654,fechner
2160,7_epo,24.0,0.6069819405607123,fechner
2161,7_epo,25.0,0.6027982807678377,fechner
2162,7_epo,26.0,0.5989261840423465,fechner
2163,7_epo,27.0,0.5953324441706367,fechner
2164,7_epo,28.000000000000004,0.5919883645226223,fechner
2165,7_epo,28.999999999999996,0.5888690255156814,fechner
2166,7_epo,30.0,0.5859526888454166,fechner
2167,7_epo,31.0,0.5832203099326722,fechner
2168,7_epo,32.0,0.5806551365654282,fechner
2169,7_epo,33.0,0.5782423766336735,fechner
2170,7_epo,34.0,0.5759689215872993,fechner
2171,7_epo,35.0,0.573823115097226,fechner
2172,7_epo,36.0,0.5717945585911085,fechner
2173,7_epo,37.0,0.5698739470302926,fechner
2174,7_epo,38.0,0.5680529296146115,fechner
2175,7_epo,39.0,0.5663239911354235,fechner
2176,7_epo,40.0,0.564680350511766,fechner
2177,7_epo,41.0,0.5631158736897405,fechner
2178,7_epo,42.0,0.5616249985992021,fechner
2179,7_epo,43.0,0.5602026702733144,fechner
2180,7_epo,44.0,0.5588442845676543,fechner
2181,7_epo,45.0,0.5575456391832585,fechner
2182,7_epo,46.0,0.5563028909154548,fechner
2183,7_epo,47.0,0.5551125182277389,fechner
2184,7_epo,48.0,0.5539712883953148,fechner
2185,7_epo,49.0,0.5528762285825174,fechner
2186,7_epo,50.0,0.5518246003171136,fechner
2187,7_epo,51.0,0.5508138769063889,fechner
2188,7_epo,52.0,0.549841723408082,fechner
2189,7_epo,53.0,0.548905978826151,fechner
2190,7_epo,54.0,0.5480046402490599,fechner
2191,7_epo,55.00000000000001,0.5471358486883714,fechner
2192,7_epo,56.00000000000001,0.5462978764092573,fechner
2193,7_epo,56.99999999999999,0.545489115573152,fechner
2194,7_epo,57.99999999999999,0.5447080680370565,fechner
2195,7_epo,59.0,0.5439533361746566,fechner
2196,7_epo,60.0,0.5432236146020545,fechner
2197,7_epo,61.0,0.5425176827059908,fechner
2198,7_epo,62.0,0.5418343978853798,fechner
2199,7_epo,63.0,0.541172689428101,fechner
2200,7_epo,64.0,0.5405315529545898,fechner
2201,7_epo,65.0,0.5399100453680512,fechner
2202,7_epo,66.0,0.5393072802583071,fechner
2203,7_epo,67.0,0.5387224237125108,fechner
2204,7_epo,68.0,0.5381546904913894,fechner
2205,7_epo,69.0,0.5376033405343951,fechner
2206,7_epo,70.0,0.5370676757612733,fechner
2207,7_epo,71.0,0.5365470371411707,fechner
2208,7_epo,72.0,0.5360408020035677,fechner
2209,7_epo,73.0,0.5355483815681081,fechner
2210,7_epo,74.0,0.5350692186728387,fechner
2211,7_epo,75.0,0.534602785682542,fechner
2212,7_epo,76.0,0.5341485825607374,fechner
2213,7_epo,77.0,0.533706135090625,fechner
2214,7_epo,78.0,0.533274993231733,fechner
2215,7_epo,79.0,0.5328547296003573,fechner
2216,7_epo,80.0,0.5324449380630633,fechner
2217,7_epo,81.0,0.5320452324335632,fechner
2218,7_epo,82.0,0.5316552452642253,fechner
2219,7_epo,83.0,0.5312746267242985,fechner
2220,7_epo,84.0,0.5309030435576879,fechner
2221,7_epo,85.0,0.5305401781137836,fechner
2222,7_epo,86.0,0.5301857274454415,fechner
2223,7_epo,87.0,0.5298394024687567,fechner
2224,7_epo,88.0,0.5295009271797514,fechner
2225,7_epo,89.0,0.529170037923532,fechner
2226,7_epo,90.0,0.5288464827118657,fechner
2227,7_epo,91.0,0.5285300205854774,fechner
2228,7_epo,92.0,0.5282204210176873,fechner
2229,7_epo,93.0,0.5279174633563007,fechner
2230,7_epo,94.0,0.5276209363009163,fechner
2231,7_epo,95.0,0.5273306374130636,fechner
2232,8_epo,3.0,0.7728166886229335,fechner
2233,8_epo,4.0,0.6788871667074275,fechner
2234,8_epo,5.0,0.6366641047665296,fechner
2235,8_epo,6.0,0.6113587261878557,fechner
2236,8_epo,7.000000000000001,0.5942354444195957,fechner
2237,8_epo,8.0,0.5817949184873527,fechner
2238,8_epo,9.0,0.5723146114142579,fechner
2239,8_epo,10.0,0.5648354898054182,fechner
2240,8_epo,11.0,0.5587769888049692,fechner
2241,8_epo,12.0,0.5537654424958282,fechner
2242,8_epo,13.0,0.5495487443540692,fechner
2243,8_epo,14.000000000000002,0.5459502962992202,fechner
2244,8_epo,15.0,0.5428425374652448,fechner
2245,8_epo,16.0,0.5401309366155376,fechner
2246,8_epo,17.0,0.5377438998945697,fechner
2247,8_epo,18.0,0.5356261814434358,fechner
2248,8_epo,19.0,0.5337344508339856,fechner
2249,8_epo,20.0,0.532034233541085,fechner
2250,8_epo,21.0,0.5304977510827441,fechner
2251,8_epo,22.0,0.5291023657276918,fechner
2252,8_epo,23.0,0.5278294406233464,fechner
2253,8_epo,24.0,0.5266634910944162,fechner
2254,8_epo,25.0,0.5255915436866223,fechner
2255,8_epo,26.0,0.5246026458294191,fechner
2256,8_epo,27.0,0.5236874863001172,fechner
2257,8_epo,28.000000000000004,0.5228380982855015,fechner
2258,8_epo,28.999999999999996,0.5220476247676867,fechner
2259,8_epo,30.0,0.5213101314641452,fechner
2260,8_epo,31.0,0.5206204564271499,fechner
2261,8_epo,32.0,0.5199740881740533,fechner
2262,8_epo,33.0,0.5193670662191487,fechner
2263,8_epo,34.0,0.5187958993397846,fechner
2264,8_epo,35.0,0.5182574979899395,fechner
2265,8_epo,36.0,0.5177491180811853,fechner
2266,8_epo,37.0,0.5172683139589301,fechner
2267,8_epo,38.0,0.5168128988640512,fechner
2268,8_epo,39.0,0.5163809115243558,fechner
2269,8_epo,40.0,0.5159705877940473,fechner
2270,8_epo,41.0,0.5155803364723949,fechner
2271,8_epo,42.0,0.5152087185997405,fechner
2272,8_epo,43.0,0.5148544296606347,fechner
2273,8_epo,44.0,0.5145162842283935,fechner
2274,8_epo,45.0,0.5141932026687808,fechner
2275,8_epo,46.0,0.5138841995874885,fechner
2276,8_epo,47.0,0.5135883737601286,fechner
2277,8_epo,48.0,0.5133048993272835,fechner
2278,8_epo,49.0,0.5130330180728921,fechner
2279,8_epo,50.0,0.512772032633496,fechner
2280,8_epo,51.0,0.5125213005099287,fechner
2281,8_epo,52.0,0.5122802287728991,fechner
2282,8_epo,53.0,0.5120482693703874,fechner
2283,8_epo,54.0,0.511824914958491,fechner
2284,8_epo,55.00000000000001,0.5116096951888064,fechner
2285,8_epo,56.00000000000001,0.5114021733950407,fechner
2286,8_epo,56.99999999999999,0.5112019436296263,fechner
2287,8_epo,57.99999999999999,0.5110086280079315,fechner
2288,8_epo,59.0,0.510821874323435,fechner
2289,8_epo,60.0,0.5106413539021375,fechner
2290,8_epo,61.0,0.5104667596686581,fechner
2291,8_epo,62.0,0.5102978044000366,fechner
2292,8_epo,63.0,0.510134219146316,fechner
2293,8_epo,64.0,0.509975751799604,fechner
2294,8_epo,65.0,0.5098221657955768,fechner
2295,8_epo,66.0,0.5096732389333338,fechner
2296,8_epo,67.0,0.5095287623012031,fechner
2297,8_epo,68.0,0.5093885392975614,fechner
2298,8_epo,69.0,0.5092523847370014,fechner
2299,8_epo,70.0,0.5091201240332893,fechner
2300,8_epo,71.0,0.5089915924515245,fechner
2301,8_epo,72.0,0.508866634422752,fechner
2302,8_epo,73.0,0.5087451029150303,fechner
2303,8_epo,74.0,0.5086268588555956,fechner
2304,8_epo,75.0,0.5085117705993474,fechner
2305,8_epo,76.0,0.5083997134393766,fechner
2306,8_epo,77.0,0.5082905691557069,fechner
2307,8_epo,78.0,0.5081842255988116,fechner
2308,8_epo,79.0,0.5080805763048204,fechner
2309,8_epo,80.0,0.5079795201396348,fechner
2310,8_epo,81.0,0.507880960969451,fechner
2311,8_epo,82.0,0.507784807355432,fechner
2312,8_epo,83.0,0.5076909722704852,fechner
2313,8_epo,84.0,0.5075993728363049,fechner
2314,8_epo,85.0,0.5075099300790027,fechner
2315,8_epo,86.0,0.5074225687018155,fechner
2316,8_epo,87.0,0.5073372168735091,fechner
2317,8_epo,88.0,0.5072538060312318,fechner
2318,8_epo,89.0,0.5071722706966767,fechner
2319,8_epo,90.0,0.5070925483045163,fechner
2320,8_epo,91.0,0.5070145790421654,fechner
2321,8_epo,92.0,0.506938305700007,fechner
2322,8_epo,93.0,0.5068636735312942,fechner
2323,8_epo,94.0,0.5067906301210058,fechner
2324,8_epo,95.0,0.506719125262994,fechner
2325,9_epo,3.0,0.9513340376126705,fechner
2326,9_epo,4.0,0.8603198779812473,fechner
2327,9_epo,5.0,0.796092347045074,fechner
2328,9_epo,6.0,0.750273068937768,fechner
2329,9_epo,7.000000000000001,0.7163420309648977,fechner
2330,9_epo,8.0,0.6903340705881301,fechner
2331,9_epo,9.0,0.6698165647341429,fechner
2332,9_epo,10.0,0.6532410301877042,fechner
2333,9_epo,11.0,0.6395832487821133,fechner
2334,9_epo,12.0,0.628141834224145,fechner
2335,9_epo,13.0,0.6184216562240719,fechner
2336,9_epo,14.000000000000002,0.6100638357624457,fechner
2337,9_epo,15.0,0.6028022057413062,fechner
2338,9_epo,16.0,0.5964353544942902,fechner
2339,9_epo,17.0,0.590808154948612,fechner
2340,9_epo,18.0,0.5857992458586195,fechner
2341,9_epo,19.0,0.5813123516520243,fechner
2342,9_epo,20.0,0.577270139783337,fechner
2343,9_epo,21.0,0.5736097932836041,fechner
2344,9_epo,22.0,0.5702797662564989,fechner
2345,9_epo,23.0,0.5672373702686331,fechner
2346,9_epo,24.0,0.5644469541308006,fechner
2347,9_epo,25.0,0.5618785139307976,fechner
2348,9_epo,26.0,0.5595066193939252,fechner
2349,9_epo,27.0,0.5573095758005809,fechner
2350,9_epo,28.000000000000004,0.5552687633905523,fechner
2351,9_epo,28.999999999999996,0.5533681119621706,fechner
2352,9_epo,30.0,0.5515936794956935,fechner
2353,9_epo,31.0,0.5499333115708098,fechner
2354,9_epo,32.0,0.5483763640862211,fechner
2355,9_epo,33.0,0.5469134759824749,fechner
2356,9_epo,34.0,0.5455363817657622,fechner
2357,9_epo,35.0,0.5442377559395836,fechner
2358,9_epo,36.0,0.543011083189137,fechner
2359,9_epo,37.0,0.5418505494826599,fechner
2360,9_epo,38.0,0.5407509502637349,fechner
2361,9_epo,39.0,0.5397076126873762,fechner
2362,9_epo,40.0,0.5387163294577216,fechner
2363,9_epo,41.0,0.5377733022984068,fechner
2364,9_epo,42.0,0.5368750934592857,fechner
2365,9_epo,43.0,0.5360185839583096,fechner
2366,9_epo,44.0,0.5352009374925697,fechner
2367,9_epo,45.0,0.5344195691409483,fechner
2368,9_epo,46.0,0.5336721181326293,fechner
2369,9_epo,47.0,0.5329564240786147,fechner
2370,9_epo,48.0,0.5322705061633839,fechner
2371,9_epo,49.0,0.5316125448755452,fechner
2372,9_epo,50.0,0.53098086592341,fechner
2373,9_epo,51.0,0.5303739260367282,fechner
2374,9_epo,52.0,0.5297903004015911,fechner
2375,9_epo,53.0,0.5292286715135489,fechner
2376,9_epo,54.0,0.5286878192657094,fechner
2377,9_epo,55.00000000000001,0.5281666121151464,fechner
2378,9_epo,56.00000000000001,0.527663999193241,fechner
2379,9_epo,56.99999999999999,0.5271790032443814,fechner
2380,9_epo,57.99999999999999,0.5267107142933315,fechner
2381,9_epo,59.0,0.526258283955056,fechner
2382,9_epo,60.0,0.5258209203122506,fechner
2383,9_epo,61.0,0.5253978832955949,fechner
2384,9_epo,62.0,0.5249884805101152,fechner
2385,9_epo,63.0,0.5245920634582044,fechner
2386,9_epo,64.0,0.5242080241160213,fechner
2387,9_epo,65.0,0.5238357918252925,fechner
2388,9_epo,66.0,0.5234748304671447,fechner
2389,9_epo,67.0,0.5231246358885602,fechner
2390,9_epo,68.0,0.5227847335555044,fechner
2391,9_epo,69.0,0.5224546764097773,fechner
2392,9_epo,70.0,0.5221340429092537,fechner
2393,9_epo,71.0,0.5218224352334674,fechner
2394,9_epo,72.0,0.5215194776384919,fechner
2395,9_epo,73.0,0.5212248149468298,fechner
2396,9_epo,74.0,0.5209381111595583,fechner
2397,9_epo,75.0,0.520659048179342,fechner
2398,9_epo,76.0,0.5203873246341175,fechner
2399,9_epo,77.0,0.5201226547923123,fechner
2400,9_epo,78.0,0.5198647675613959,fechner
2401,9_epo,79.0,0.5196134055623902,fechner
2402,9_epo,80.0,0.519368324273705,fechner
2403,9_epo,81.0,0.5191292912383109,fechner
2404,9_epo,82.0,0.5188960853288562,fechner
2405,9_epo,83.0,0.5186684960658443,fechner
2406,9_epo,84.0,0.5184463229844549,fechner
2407,9_epo,85.0,0.5182293750460121,fechner
2408,9_epo,86.0,0.5180174700904664,fechner
2409,9_epo,87.0,0.5178104343265951,fechner
2410,9_epo,88.0,0.5176081018569274,fechner
2411,9_epo,89.0,0.5174103142346619,fechner
2412,9_epo,90.0,0.5172169200500948,fechner
2413,9_epo,91.0,0.5170277745442895,fechner
2414,9_epo,92.0,0.5168427392479166,fechner
2415,9_epo,93.0,0.5166616816433737,fechner
2416,9_epo,94.0,0.516484474848452,fechner
2417,9_epo,95.0,0.5163109973199633,fechner
