,participant,contrast,mrt,name
0,0_epo,3.0,72.0478177955759,fechner
1,0_epo,4.0,72.0478177955759,fechner
2,0_epo,5.0,72.0478177955759,fechner
3,0_epo,6.0,72.0478177955759,fechner
4,0_epo,7.000000000000001,72.0478177955759,fechner
5,0_epo,8.0,72.0478177955759,fechner
6,0_epo,9.0,72.0478177955759,fechner
7,0_epo,10.0,72.0478177955759,fechner
8,0_epo,11.0,72.0478177955759,fechner
9,0_epo,12.0,72.0478177955759,fechner
10,0_epo,13.0,72.0478177955759,fechner
11,0_epo,14.000000000000002,72.0478177955759,fechner
12,0_epo,15.0,72.0478177955759,fechner
13,0_epo,16.0,72.0478177955759,fechner
14,0_epo,17.0,72.0478177955759,fechner
15,0_epo,18.0,72.0478177955759,fechner
16,0_epo,19.0,72.0478177955759,fechner
17,0_epo,20.0,72.0478177955759,fechner
18,0_epo,21.0,72.0478177955759,fechner
19,0_epo,22.0,72.0478177955759,fechner
20,0_epo,23.0,72.0478177955759,fechner
21,0_epo,24.0,72.0478177955759,fechner
22,0_epo,25.0,72.0478177955759,fechner
23,0_epo,26.0,72.0478177955759,fechner
24,0_epo,27.0,72.0478177955759,fechner
25,0_epo,28.000000000000004,72.0478177955759,fechner
26,0_epo,28.999999999999996,72.0478177955759,fechner
27,0_epo,30.0,72.0478177955759,fechner
28,0_epo,31.0,72.0478177955759,fechner
29,0_epo,32.0,72.0478177955759,fechner
30,0_epo,33.0,72.0478177955759,fechner
31,0_epo,34.0,72.0478177955759,fechner
32,0_epo,35.0,72.0478177955759,fechner
33,0_epo,36.0,72.0478177955759,fechner
34,0_epo,37.0,72.0478177955759,fechner
35,0_epo,38.0,72.0478177955759,fechner
36,0_epo,39.0,72.0478177955759,fechner
37,0_epo,40.0,72.0478177955759,fechner
38,0_epo,41.0,72.0478177955759,fechner
39,0_epo,42.0,72.0478177955759,fechner
40,0_epo,43.0,72.0478177955759,fechner
41,0_epo,44.0,72.0478177955759,fechner
42,0_epo,45.0,72.0478177955759,fechner
43,0_epo,46.0,72.0478177955759,fechner
44,0_epo,47.0,72.0478177955759,fechner
45,0_epo,48.0,72.0478177955759,fechner
46,0_epo,49.0,72.0478177955759,fechner
47,0_epo,50.0,72.0478177955759,fechner
48,0_epo,51.0,72.0478177955759,fechner
49,0_epo,52.0,72.0478177955759,fechner
50,0_epo,53.0,72.0478177955759,fechner
51,0_epo,54.0,72.0478177955759,fechner
52,0_epo,55.00000000000001,72.0478177955759,fechner
53,0_epo,56.00000000000001,72.0478177955759,fechner
54,0_epo,56.99999999999999,72.0478177955759,fechner
55,0_epo,57.99999999999999,72.0478177955759,fechner
56,0_epo,59.0,72.0478177955759,fechner
57,0_epo,60.0,72.0478177955759,fechner
58,0_epo,61.0,72.0478177955759,fechner
59,0_epo,62.0,72.0478177955759,fechner
60,0_epo,63.0,72.0478177955759,fechner
61,0_epo,64.0,72.0478177955759,fechner
62,0_epo,65.0,72.0478177955759,fechner
63,0_epo,66.0,72.0478177955759,fechner
64,0_epo,67.0,72.0478177955759,fechner
65,0_epo,68.0,72.0478177955759,fechner
66,0_epo,69.0,72.0478177955759,fechner
67,0_epo,70.0,72.0478177955759,fechner
68,0_epo,71.0,72.0478177955759,fechner
69,0_epo,72.0,72.0478177955759,fechner
70,0_epo,73.0,72.0478177955759,fechner
71,0_epo,74.0,72.0478177955759,fechner
72,0_epo,75.0,72.0478177955759,fechner
73,0_epo,76.0,72.0478177955759,fechner
74,0_epo,77.0,72.0478177955759,fechner
75,0_epo,78.0,72.0478177955759,fechner
76,0_epo,79.0,72.0478177955759,fechner
77,0_epo,80.0,72.0478177955759,fechner
78,0_epo,81.0,72.0478177955759,fechner
79,0_epo,82.0,72.0478177955759,fechner
80,0_epo,83.0,72.0478177955759,fechner
81,0_epo,84.0,72.0478177955759,fechner
82,0_epo,85.0,72.0478177955759,fechner
83,0_epo,86.0,72.0478177955759,fechner
84,0_epo,87.0,72.0478177955759,fechner
85,0_epo,88.0,72.0478177955759,fechner
86,0_epo,89.0,72.0478177955759,fechner
87,0_epo,90.0,72.0478177955759,fechner
88,0_epo,91.0,72.0478177955759,fechner
89,0_epo,92.0,72.0478177955759,fechner
90,0_epo,93.0,72.0478177955759,fechner
91,0_epo,94.0,72.0478177955759,fechner
92,0_epo,95.0,72.0478177955759,fechner
93,10_epo,3.0,56.88790137637082,fechner
94,10_epo,4.0,56.88790137637082,fechner
95,10_epo,5.0,56.88790137637082,fechner
96,10_epo,6.0,56.88790137637082,fechner
97,10_epo,7.000000000000001,56.88790137637082,fechner
98,10_epo,8.0,56.88790137637082,fechner
99,10_epo,9.0,56.88790137637082,fechner
100,10_epo,10.0,56.88790137637082,fechner
101,10_epo,11.0,56.88790137637082,fechner
102,10_epo,12.0,56.88790137637082,fechner
103,10_epo,13.0,56.88790137637082,fechner
104,10_epo,14.000000000000002,56.88790137637082,fechner
105,10_epo,15.0,56.88790137637082,fechner
106,10_epo,16.0,56.88790137637082,fechner
107,10_epo,17.0,56.88790137637082,fechner
108,10_epo,18.0,56.88790137637082,fechner
109,10_epo,19.0,56.88790137637082,fechner
110,10_epo,20.0,56.88790137637082,fechner
111,10_epo,21.0,56.88790137637082,fechner
112,10_epo,22.0,56.88790137637082,fechner
113,10_epo,23.0,56.88790137637082,fechner
114,10_epo,24.0,56.88790137637082,fechner
115,10_epo,25.0,56.88790137637082,fechner
116,10_epo,26.0,56.88790137637082,fechner
117,10_epo,27.0,56.88790137637082,fechner
118,10_epo,28.000000000000004,56.88790137637082,fechner
119,10_epo,28.999999999999996,56.88790137637082,fechner
120,10_epo,30.0,56.88790137637082,fechner
121,10_epo,31.0,56.88790137637082,fechner
122,10_epo,32.0,56.88790137637082,fechner
123,10_epo,33.0,56.88790137637082,fechner
124,10_epo,34.0,56.88790137637082,fechner
125,10_epo,35.0,56.88790137637082,fechner
126,10_epo,36.0,56.88790137637082,fechner
127,10_epo,37.0,56.88790137637082,fechner
128,10_epo,38.0,56.88790137637082,fechner
129,10_epo,39.0,56.88790137637082,fechner
130,10_epo,40.0,56.88790137637082,fechner
131,10_epo,41.0,56.88790137637082,fechner
132,10_epo,42.0,56.88790137637082,fechner
133,10_epo,43.0,56.88790137637082,fechner
134,10_epo,44.0,56.88790137637082,fechner
135,10_epo,45.0,56.88790137637082,fechner
136,10_epo,46.0,56.88790137637082,fechner
137,10_epo,47.0,56.88790137637082,fechner
138,10_epo,48.0,56.88790137637082,fechner
139,10_epo,49.0,56.88790137637082,fechner
140,10_epo,50.0,56.88790137637082,fechner
141,10_epo,51.0,56.88790137637082,fechner
142,10_epo,52.0,56.88790137637082,fechner
143,10_epo,53.0,56.88790137637082,fechner
144,10_epo,54.0,56.88790137637082,fechner
145,10_epo,55.00000000000001,56.88790137637082,fechner
146,10_epo,56.00000000000001,56.88790137637082,fechner
147,10_epo,56.99999999999999,56.88790137637082,fechner
148,10_epo,57.99999999999999,56.88790137637082,fechner
149,10_epo,59.0,56.88790137637082,fechner
150,10_epo,60.0,56.88790137637082,fechner
151,10_epo,61.0,56.88790137637082,fechner
152,10_epo,62.0,56.88790137637082,fechner
153,10_epo,63.0,56.88790137637082,fechner
154,10_epo,64.0,56.88790137637082,fechner
155,10_epo,65.0,56.88790137637082,fechner
156,10_epo,66.0,56.88790137637082,fechner
157,10_epo,67.0,56.88790137637082,fechner
158,10_epo,68.0,56.88790137637082,fechner
159,10_epo,69.0,56.88790137637082,fechner
160,10_epo,70.0,56.88790137637082,fechner
161,10_epo,71.0,56.88790137637082,fechner
162,10_epo,72.0,56.88790137637082,fechner
163,10_epo,73.0,56.88790137637082,fechner
164,10_epo,74.0,56.88790137637082,fechner
165,10_epo,75.0,56.88790137637082,fechner
166,10_epo,76.0,56.88790137637082,fechner
167,10_epo,77.0,56.88790137637082,fechner
168,10_epo,78.0,56.88790137637082,fechner
169,10_epo,79.0,56.88790137637082,fechner
170,10_epo,80.0,56.88790137637082,fechner
171,10_epo,81.0,56.88790137637082,fechner
172,10_epo,82.0,56.88790137637082,fechner
173,10_epo,83.0,56.88790137637082,fechner
174,10_epo,84.0,56.88790137637082,fechner
175,10_epo,85.0,56.88790137637082,fechner
176,10_epo,86.0,56.88790137637082,fechner
177,10_epo,87.0,56.88790137637082,fechner
178,10_epo,88.0,56.88790137637082,fechner
179,10_epo,89.0,56.88790137637082,fechner
180,10_epo,90.0,56.88790137637082,fechner
181,10_epo,91.0,56.88790137637082,fechner
182,10_epo,92.0,56.88790137637082,fechner
183,10_epo,93.0,56.88790137637082,fechner
184,10_epo,94.0,56.88790137637082,fechner
185,10_epo,95.0,56.88790137637082,fechner
186,11_epo,3.0,86.890682578058,fechner
187,11_epo,4.0,86.89068257806457,fechner
188,11_epo,5.0,86.89068257806629,fechner
189,11_epo,6.0,86.89068257806706,fechner
190,11_epo,7.000000000000001,86.89068257806748,fechner
191,11_epo,8.0,86.89068257806773,fechner
192,11_epo,9.0,86.8906825780679,fechner
193,11_epo,10.0,86.89068257806802,fechner
194,11_epo,11.0,86.89068257806811,fechner
195,11_epo,12.0,86.89068257806818,fechner
196,11_epo,13.0,86.89068257806821,fechner
197,11_epo,14.000000000000002,86.89068257806825,fechner
198,11_epo,15.0,86.89068257806828,fechner
199,11_epo,16.0,86.89068257806831,fechner
200,11_epo,17.0,86.89068257806832,fechner
201,11_epo,18.0,86.89068257806835,fechner
202,11_epo,19.0,86.89068257806836,fechner
203,11_epo,20.0,86.89068257806838,fechner
204,11_epo,21.0,86.8906825780684,fechner
205,11_epo,22.0,86.8906825780684,fechner
206,11_epo,23.0,86.89068257806841,fechner
207,11_epo,24.0,86.89068257806841,fechner
208,11_epo,25.0,86.89068257806842,fechner
209,11_epo,26.0,86.89068257806842,fechner
210,11_epo,27.0,86.89068257806842,fechner
211,11_epo,28.000000000000004,86.89068257806844,fechner
212,11_epo,28.999999999999996,86.89068257806844,fechner
213,11_epo,30.0,86.89068257806844,fechner
214,11_epo,31.0,86.89068257806845,fechner
215,11_epo,32.0,86.89068257806845,fechner
216,11_epo,33.0,86.89068257806845,fechner
217,11_epo,34.0,86.89068257806845,fechner
218,11_epo,35.0,86.89068257806845,fechner
219,11_epo,36.0,86.89068257806845,fechner
220,11_epo,37.0,86.89068257806846,fechner
221,11_epo,38.0,86.89068257806846,fechner
222,11_epo,39.0,86.89068257806846,fechner
223,11_epo,40.0,86.89068257806846,fechner
224,11_epo,41.0,86.89068257806846,fechner
225,11_epo,42.0,86.89068257806846,fechner
226,11_epo,43.0,86.89068257806846,fechner
227,11_epo,44.0,86.89068257806846,fechner
228,11_epo,45.0,86.89068257806846,fechner
229,11_epo,46.0,86.89068257806846,fechner
230,11_epo,47.0,86.89068257806848,fechner
231,11_epo,48.0,86.89068257806848,fechner
232,11_epo,49.0,86.89068257806848,fechner
233,11_epo,50.0,86.89068257806848,fechner
234,11_epo,51.0,86.89068257806848,fechner
235,11_epo,52.0,86.89068257806848,fechner
236,11_epo,53.0,86.89068257806848,fechner
237,11_epo,54.0,86.89068257806848,fechner
238,11_epo,55.00000000000001,86.89068257806848,fechner
239,11_epo,56.00000000000001,86.89068257806848,fechner
240,11_epo,56.99999999999999,86.89068257806848,fechner
241,11_epo,57.99999999999999,86.89068257806848,fechner
242,11_epo,59.0,86.89068257806848,fechner
243,11_epo,60.0,86.89068257806848,fechner
244,11_epo,61.0,86.89068257806848,fechner
245,11_epo,62.0,86.89068257806848,fechner
246,11_epo,63.0,86.89068257806848,fechner
247,11_epo,64.0,86.89068257806848,fechner
248,11_epo,65.0,86.89068257806848,fechner
249,11_epo,66.0,86.89068257806848,fechner
250,11_epo,67.0,86.89068257806848,fechner
251,11_epo,68.0,86.89068257806848,fechner
252,11_epo,69.0,86.89068257806848,fechner
253,11_epo,70.0,86.89068257806848,fechner
254,11_epo,71.0,86.89068257806848,fechner
255,11_epo,72.0,86.89068257806848,fechner
256,11_epo,73.0,86.89068257806848,fechner
257,11_epo,74.0,86.89068257806848,fechner
258,11_epo,75.0,86.89068257806848,fechner
259,11_epo,76.0,86.89068257806848,fechner
260,11_epo,77.0,86.89068257806848,fechner
261,11_epo,78.0,86.89068257806848,fechner
262,11_epo,79.0,86.89068257806849,fechner
263,11_epo,80.0,86.89068257806849,fechner
264,11_epo,81.0,86.89068257806849,fechner
265,11_epo,82.0,86.89068257806849,fechner
266,11_epo,83.0,86.89068257806849,fechner
267,11_epo,84.0,86.89068257806849,fechner
268,11_epo,85.0,86.89068257806849,fechner
269,11_epo,86.0,86.89068257806849,fechner
270,11_epo,87.0,86.89068257806849,fechner
271,11_epo,88.0,86.89068257806849,fechner
272,11_epo,89.0,86.89068257806849,fechner
273,11_epo,90.0,86.89068257806849,fechner
274,11_epo,91.0,86.89068257806849,fechner
275,11_epo,92.0,86.89068257806849,fechner
276,11_epo,93.0,86.89068257806849,fechner
277,11_epo,94.0,86.89068257806849,fechner
278,11_epo,95.0,86.89068257806849,fechner
279,12_epo,3.0,79.35196432253916,fechner
280,12_epo,4.0,79.35196432253929,fechner
281,12_epo,5.0,79.35196432253932,fechner
282,12_epo,6.0,79.35196432253933,fechner
283,12_epo,7.000000000000001,79.35196432253933,fechner
284,12_epo,8.0,79.35196432253935,fechner
285,12_epo,9.0,79.35196432253935,fechner
286,12_epo,10.0,79.35196432253935,fechner
287,12_epo,11.0,79.35196432253935,fechner
288,12_epo,12.0,79.35196432253935,fechner
289,12_epo,13.0,79.35196432253935,fechner
290,12_epo,14.000000000000002,79.35196432253935,fechner
291,12_epo,15.0,79.35196432253936,fechner
292,12_epo,16.0,79.35196432253936,fechner
293,12_epo,17.0,79.35196432253936,fechner
294,12_epo,18.0,79.35196432253936,fechner
295,12_epo,19.0,79.35196432253936,fechner
296,12_epo,20.0,79.35196432253936,fechner
297,12_epo,21.0,79.35196432253936,fechner
298,12_epo,22.0,79.35196432253936,fechner
299,12_epo,23.0,79.35196432253936,fechner
300,12_epo,24.0,79.35196432253936,fechner
301,12_epo,25.0,79.35196432253936,fechner
302,12_epo,26.0,79.35196432253936,fechner
303,12_epo,27.0,79.35196432253936,fechner
304,12_epo,28.000000000000004,79.35196432253936,fechner
305,12_epo,28.999999999999996,79.35196432253936,fechner
306,12_epo,30.0,79.35196432253936,fechner
307,12_epo,31.0,79.35196432253936,fechner
308,12_epo,32.0,79.35196432253936,fechner
309,12_epo,33.0,79.35196432253936,fechner
310,12_epo,34.0,79.35196432253936,fechner
311,12_epo,35.0,79.35196432253936,fechner
312,12_epo,36.0,79.35196432253936,fechner
313,12_epo,37.0,79.35196432253936,fechner
314,12_epo,38.0,79.35196432253936,fechner
315,12_epo,39.0,79.35196432253936,fechner
316,12_epo,40.0,79.35196432253936,fechner
317,12_epo,41.0,79.35196432253936,fechner
318,12_epo,42.0,79.35196432253936,fechner
319,12_epo,43.0,79.35196432253936,fechner
320,12_epo,44.0,79.35196432253936,fechner
321,12_epo,45.0,79.35196432253936,fechner
322,12_epo,46.0,79.35196432253936,fechner
323,12_epo,47.0,79.35196432253936,fechner
324,12_epo,48.0,79.35196432253936,fechner
325,12_epo,49.0,79.35196432253936,fechner
326,12_epo,50.0,79.35196432253936,fechner
327,12_epo,51.0,79.35196432253936,fechner
328,12_epo,52.0,79.35196432253936,fechner
329,12_epo,53.0,79.35196432253936,fechner
330,12_epo,54.0,79.35196432253936,fechner
331,12_epo,55.00000000000001,79.35196432253936,fechner
332,12_epo,56.00000000000001,79.35196432253936,fechner
333,12_epo,56.99999999999999,79.35196432253936,fechner
334,12_epo,57.99999999999999,79.35196432253936,fechner
335,12_epo,59.0,79.35196432253936,fechner
336,12_epo,60.0,79.35196432253936,fechner
337,12_epo,61.0,79.35196432253936,fechner
338,12_epo,62.0,79.35196432253936,fechner
339,12_epo,63.0,79.35196432253936,fechner
340,12_epo,64.0,79.35196432253936,fechner
341,12_epo,65.0,79.35196432253936,fechner
342,12_epo,66.0,79.35196432253936,fechner
343,12_epo,67.0,79.35196432253936,fechner
344,12_epo,68.0,79.35196432253936,fechner
345,12_epo,69.0,79.35196432253936,fechner
346,12_epo,70.0,79.35196432253936,fechner
347,12_epo,71.0,79.35196432253936,fechner
348,12_epo,72.0,79.35196432253936,fechner
349,12_epo,73.0,79.35196432253936,fechner
350,12_epo,74.0,79.35196432253936,fechner
351,12_epo,75.0,79.35196432253936,fechner
352,12_epo,76.0,79.35196432253936,fechner
353,12_epo,77.0,79.35196432253936,fechner
354,12_epo,78.0,79.35196432253936,fechner
355,12_epo,79.0,79.35196432253936,fechner
356,12_epo,80.0,79.35196432253936,fechner
357,12_epo,81.0,79.35196432253936,fechner
358,12_epo,82.0,79.35196432253936,fechner
359,12_epo,83.0,79.35196432253936,fechner
360,12_epo,84.0,79.35196432253936,fechner
361,12_epo,85.0,79.35196432253936,fechner
362,12_epo,86.0,79.35196432253936,fechner
363,12_epo,87.0,79.35196432253936,fechner
364,12_epo,88.0,79.35196432253936,fechner
365,12_epo,89.0,79.35196432253936,fechner
366,12_epo,90.0,79.35196432253936,fechner
367,12_epo,91.0,79.35196432253936,fechner
368,12_epo,92.0,79.35196432253936,fechner
369,12_epo,93.0,79.35196432253936,fechner
370,12_epo,94.0,79.35196432253936,fechner
371,12_epo,95.0,79.35196432253936,fechner
372,13_epo,3.0,70.19349238424493,fechner
373,13_epo,4.0,70.19349238424493,fechner
374,13_epo,5.0,70.19349238424493,fechner
375,13_epo,6.0,70.19349238424493,fechner
376,13_epo,7.000000000000001,70.19349238424493,fechner
377,13_epo,8.0,70.19349238424493,fechner
378,13_epo,9.0,70.19349238424493,fechner
379,13_epo,10.0,70.19349238424493,fechner
380,13_epo,11.0,70.19349238424493,fechner
381,13_epo,12.0,70.19349238424493,fechner
382,13_epo,13.0,70.19349238424493,fechner
383,13_epo,14.000000000000002,70.19349238424493,fechner
384,13_epo,15.0,70.19349238424493,fechner
385,13_epo,16.0,70.19349238424493,fechner
386,13_epo,17.0,70.19349238424493,fechner
387,13_epo,18.0,70.19349238424493,fechner
388,13_epo,19.0,70.19349238424493,fechner
389,13_epo,20.0,70.19349238424493,fechner
390,13_epo,21.0,70.19349238424493,fechner
391,13_epo,22.0,70.19349238424493,fechner
392,13_epo,23.0,70.19349238424493,fechner
393,13_epo,24.0,70.19349238424493,fechner
394,13_epo,25.0,70.19349238424493,fechner
395,13_epo,26.0,70.19349238424493,fechner
396,13_epo,27.0,70.19349238424493,fechner
397,13_epo,28.000000000000004,70.19349238424493,fechner
398,13_epo,28.999999999999996,70.19349238424493,fechner
399,13_epo,30.0,70.19349238424493,fechner
400,13_epo,31.0,70.19349238424493,fechner
401,13_epo,32.0,70.19349238424493,fechner
402,13_epo,33.0,70.19349238424493,fechner
403,13_epo,34.0,70.19349238424493,fechner
404,13_epo,35.0,70.19349238424493,fechner
405,13_epo,36.0,70.19349238424493,fechner
406,13_epo,37.0,70.19349238424493,fechner
407,13_epo,38.0,70.19349238424493,fechner
408,13_epo,39.0,70.19349238424493,fechner
409,13_epo,40.0,70.19349238424493,fechner
410,13_epo,41.0,70.19349238424493,fechner
411,13_epo,42.0,70.19349238424493,fechner
412,13_epo,43.0,70.19349238424493,fechner
413,13_epo,44.0,70.19349238424493,fechner
414,13_epo,45.0,70.19349238424493,fechner
415,13_epo,46.0,70.19349238424493,fechner
416,13_epo,47.0,70.19349238424493,fechner
417,13_epo,48.0,70.19349238424493,fechner
418,13_epo,49.0,70.19349238424493,fechner
419,13_epo,50.0,70.19349238424493,fechner
420,13_epo,51.0,70.19349238424493,fechner
421,13_epo,52.0,70.19349238424493,fechner
422,13_epo,53.0,70.19349238424493,fechner
423,13_epo,54.0,70.19349238424493,fechner
424,13_epo,55.00000000000001,70.19349238424495,fechner
425,13_epo,56.00000000000001,70.19349238424493,fechner
426,13_epo,56.99999999999999,70.19349238424493,fechner
427,13_epo,57.99999999999999,70.19349238424493,fechner
428,13_epo,59.0,70.19349238424493,fechner
429,13_epo,60.0,70.19349238424493,fechner
430,13_epo,61.0,70.19349238424493,fechner
431,13_epo,62.0,70.19349238424493,fechner
432,13_epo,63.0,70.19349238424493,fechner
433,13_epo,64.0,70.19349238424493,fechner
434,13_epo,65.0,70.19349238424493,fechner
435,13_epo,66.0,70.19349238424493,fechner
436,13_epo,67.0,70.19349238424493,fechner
437,13_epo,68.0,70.19349238424493,fechner
438,13_epo,69.0,70.19349238424493,fechner
439,13_epo,70.0,70.19349238424493,fechner
440,13_epo,71.0,70.19349238424493,fechner
441,13_epo,72.0,70.19349238424493,fechner
442,13_epo,73.0,70.19349238424493,fechner
443,13_epo,74.0,70.19349238424493,fechner
444,13_epo,75.0,70.19349238424493,fechner
445,13_epo,76.0,70.19349238424493,fechner
446,13_epo,77.0,70.19349238424493,fechner
447,13_epo,78.0,70.19349238424493,fechner
448,13_epo,79.0,70.19349238424493,fechner
449,13_epo,80.0,70.19349238424493,fechner
450,13_epo,81.0,70.19349238424493,fechner
451,13_epo,82.0,70.19349238424493,fechner
452,13_epo,83.0,70.19349238424493,fechner
453,13_epo,84.0,70.19349238424493,fechner
454,13_epo,85.0,70.19349238424493,fechner
455,13_epo,86.0,70.19349238424493,fechner
456,13_epo,87.0,70.19349238424493,fechner
457,13_epo,88.0,70.19349238424493,fechner
458,13_epo,89.0,70.19349238424493,fechner
459,13_epo,90.0,70.19349238424493,fechner
460,13_epo,91.0,70.19349238424493,fechner
461,13_epo,92.0,70.19349238424493,fechner
462,13_epo,93.0,70.19349238424493,fechner
463,13_epo,94.0,70.19349238424493,fechner
464,13_epo,95.0,70.19349238424493,fechner
465,14_epo,3.0,59.385557434505294,fechner
466,14_epo,4.0,59.385557434505294,fechner
467,14_epo,5.0,59.385557434505294,fechner
468,14_epo,6.0,59.385557434505294,fechner
469,14_epo,7.000000000000001,59.385557434505294,fechner
470,14_epo,8.0,59.385557434505294,fechner
471,14_epo,9.0,59.385557434505294,fechner
472,14_epo,10.0,59.385557434505294,fechner
473,14_epo,11.0,59.385557434505294,fechner
474,14_epo,12.0,59.385557434505294,fechner
475,14_epo,13.0,59.385557434505294,fechner
476,14_epo,14.000000000000002,59.385557434505294,fechner
477,14_epo,15.0,59.385557434505294,fechner
478,14_epo,16.0,59.385557434505294,fechner
479,14_epo,17.0,59.385557434505294,fechner
480,14_epo,18.0,59.385557434505294,fechner
481,14_epo,19.0,59.385557434505294,fechner
482,14_epo,20.0,59.385557434505294,fechner
483,14_epo,21.0,59.385557434505294,fechner
484,14_epo,22.0,59.385557434505294,fechner
485,14_epo,23.0,59.385557434505294,fechner
486,14_epo,24.0,59.385557434505294,fechner
487,14_epo,25.0,59.385557434505294,fechner
488,14_epo,26.0,59.385557434505294,fechner
489,14_epo,27.0,59.385557434505294,fechner
490,14_epo,28.000000000000004,59.385557434505294,fechner
491,14_epo,28.999999999999996,59.385557434505294,fechner
492,14_epo,30.0,59.385557434505294,fechner
493,14_epo,31.0,59.385557434505294,fechner
494,14_epo,32.0,59.385557434505294,fechner
495,14_epo,33.0,59.385557434505294,fechner
496,14_epo,34.0,59.385557434505294,fechner
497,14_epo,35.0,59.385557434505294,fechner
498,14_epo,36.0,59.385557434505294,fechner
499,14_epo,37.0,59.385557434505294,fechner
500,14_epo,38.0,59.385557434505294,fechner
501,14_epo,39.0,59.385557434505294,fechner
502,14_epo,40.0,59.385557434505294,fechner
503,14_epo,41.0,59.385557434505294,fechner
504,14_epo,42.0,59.385557434505294,fechner
505,14_epo,43.0,59.385557434505294,fechner
506,14_epo,44.0,59.385557434505294,fechner
507,14_epo,45.0,59.385557434505294,fechner
508,14_epo,46.0,59.385557434505294,fechner
509,14_epo,47.0,59.385557434505294,fechner
510,14_epo,48.0,59.385557434505294,fechner
511,14_epo,49.0,59.385557434505294,fechner
512,14_epo,50.0,59.385557434505294,fechner
513,14_epo,51.0,59.385557434505294,fechner
514,14_epo,52.0,59.385557434505294,fechner
515,14_epo,53.0,59.385557434505294,fechner
516,14_epo,54.0,59.385557434505294,fechner
517,14_epo,55.00000000000001,59.385557434505294,fechner
518,14_epo,56.00000000000001,59.385557434505294,fechner
519,14_epo,56.99999999999999,59.385557434505294,fechner
520,14_epo,57.99999999999999,59.385557434505294,fechner
521,14_epo,59.0,59.385557434505294,fechner
522,14_epo,60.0,59.385557434505294,fechner
523,14_epo,61.0,59.385557434505294,fechner
524,14_epo,62.0,59.385557434505294,fechner
525,14_epo,63.0,59.385557434505294,fechner
526,14_epo,64.0,59.385557434505294,fechner
527,14_epo,65.0,59.385557434505294,fechner
528,14_epo,66.0,59.385557434505294,fechner
529,14_epo,67.0,59.385557434505294,fechner
530,14_epo,68.0,59.385557434505294,fechner
531,14_epo,69.0,59.385557434505294,fechner
532,14_epo,70.0,59.385557434505294,fechner
533,14_epo,71.0,59.385557434505294,fechner
534,14_epo,72.0,59.385557434505294,fechner
535,14_epo,73.0,59.385557434505294,fechner
536,14_epo,74.0,59.385557434505294,fechner
537,14_epo,75.0,59.385557434505294,fechner
538,14_epo,76.0,59.385557434505294,fechner
539,14_epo,77.0,59.385557434505294,fechner
540,14_epo,78.0,59.385557434505294,fechner
541,14_epo,79.0,59.385557434505294,fechner
542,14_epo,80.0,59.385557434505294,fechner
543,14_epo,81.0,59.385557434505294,fechner
544,14_epo,82.0,59.385557434505294,fechner
545,14_epo,83.0,59.385557434505294,fechner
546,14_epo,84.0,59.385557434505294,fechner
547,14_epo,85.0,59.385557434505294,fechner
548,14_epo,86.0,59.385557434505294,fechner
549,14_epo,87.0,59.385557434505294,fechner
550,14_epo,88.0,59.385557434505294,fechner
551,14_epo,89.0,59.385557434505294,fechner
552,14_epo,90.0,59.385557434505294,fechner
553,14_epo,91.0,59.385557434505294,fechner
554,14_epo,92.0,59.385557434505294,fechner
555,14_epo,93.0,59.385557434505294,fechner
556,14_epo,94.0,59.385557434505294,fechner
557,14_epo,95.0,59.385557434505294,fechner
558,15_epo,3.0,57.21340814460192,fechner
559,15_epo,4.0,65.31227933627022,fechner
560,15_epo,5.0,67.93301922569391,fechner
561,15_epo,6.0,69.18335375071946,fechner
562,15_epo,7.000000000000001,69.88939682034176,fechner
563,15_epo,8.0,70.33035906316483,fechner
564,15_epo,9.0,70.62531502721049,fechner
565,15_epo,10.0,70.83277252240981,fechner
566,15_epo,11.0,70.98443147863938,fechner
567,15_epo,12.0,71.09875706495191,fechner
568,15_epo,13.0,71.18712705387087,fechner
569,15_epo,14.000000000000002,71.25687545897253,fechner
570,15_epo,15.0,71.31290829538108,fechner
571,15_epo,16.0,71.35861103436619,fechner
572,15_epo,17.0,71.39638257453807,fechner
573,15_epo,18.0,71.42796204188434,fechner
574,15_epo,19.0,71.45463564249282,fechner
575,15_epo,20.0,71.47737146869753,fechner
576,15_epo,21.0,71.49690962651239,fechner
577,15_epo,22.0,71.51382386889337,fechner
578,15_epo,23.0,71.5285646001779,fechner
579,15_epo,24.0,71.54148942885544,fechner
580,15_epo,25.0,71.55288523040821,fechner
581,15_epo,26.0,71.56298431653623,fechner
582,15_epo,27.0,71.57197644579823,fechner
583,15_epo,28.000000000000004,71.58001785590453,fechner
584,15_epo,28.999999999999996,71.58723813363264,fechner
585,15_epo,30.0,71.5937454949527,fechner
586,15_epo,31.0,71.59963088270645,fechner
587,15_epo,32.0,71.60497117531986,fechner
588,15_epo,33.0,71.60983172048948,fechner
589,15_epo,34.0,71.61426835151282,fechner
590,15_epo,35.0,71.61832900364891,fechner
591,15_epo,36.0,71.62205501874121,fechner
592,15_epo,37.0,71.62548220501117,fechner
593,15_epo,38.0,71.62864170319035,fechner
594,15_epo,39.0,71.63156069842711,fechner
595,15_epo,40.0,71.63426300859001,fechner
596,15_epo,41.0,71.63676957291206,fechner
597,15_epo,42.0,71.63909885982285,fechner
598,15_epo,43.0,71.6412672088966,fechner
599,15_epo,44.0,71.64328911881056,fechner
600,15_epo,45.0,71.64517749084509,fechner
601,15_epo,46.0,71.64694383560337,fechner
602,15_epo,47.0,71.64859844916839,fechner
603,15_epo,48.0,71.65015056375638,fechner
604,15_epo,49.0,71.65160847700228,fechner
605,15_epo,50.0,71.65297966327316,fechner
606,15_epo,51.0,71.6542708698105,fechner
607,15_epo,52.0,71.6554882000195,fechner
608,15_epo,53.0,71.65663718583335,fechner
609,15_epo,54.0,71.65772285076004,fechner
610,15_epo,55.00000000000001,71.65874976495924,fechner
611,15_epo,56.00000000000001,71.65972209347952,fechner
612,15_epo,56.99999999999999,71.66064363861061,fechner
613,15_epo,57.99999999999999,71.6615178771574,fechner
614,15_epo,59.0,71.6623479933196,fechner
615,15_epo,60.0,71.66313690775976,fechner
616,15_epo,61.0,71.66388730335653,fechner
617,15_epo,62.0,71.66460164806827,fechner
618,15_epo,63.0,71.66528221527165,fechner
619,15_epo,64.0,71.66593110188926,fechner
620,15_epo,65.0,71.66655024457674,fechner
621,15_epo,66.0,71.66714143420323,fechner
622,15_epo,67.0,71.66770632882762,fechner
623,15_epo,68.0,71.66824646534708,fechner
624,15_epo,69.0,71.66876326997034,fechner
625,15_epo,70.0,71.66925806764968,fechner
626,15_epo,71.0,71.66973209058825,fechner
627,15_epo,72.0,71.6701864859249,fechner
628,15_epo,73.0,71.67062232268603,fechner
629,15_epo,74.0,71.67104059808364,fechner
630,15_epo,75.0,71.67144224322843,fechner
631,15_epo,76.0,71.6718281283198,fechner
632,15_epo,77.0,71.67219906736642,fechner
633,15_epo,78.0,71.67255582248512,fechner
634,15_epo,79.0,71.67289910782131,fechner
635,15_epo,80.0,71.67322959312773,fechner
636,15_epo,81.0,71.67354790703574,fechner
637,15_epo,82.0,71.6738546400485,fechner
638,15_epo,83.0,71.67415034728336,fechner
639,15_epo,84.0,71.6744355509864,fechner
640,15_epo,85.0,71.67471074284126,fechner
641,15_epo,86.0,71.67497638609068,fechner
642,15_epo,87.0,71.67523291748849,fechner
643,15_epo,88.0,71.67548074909662,fechner
644,15_epo,89.0,71.67572026994192,fechner
645,15_epo,90.0,71.67595184754437,fechner
646,15_epo,91.0,71.67617582932834,fechner
647,15_epo,92.0,71.67639254392712,fechner
648,15_epo,93.0,71.67660230238961,fechner
649,15_epo,94.0,71.67680539929748,fechner
650,15_epo,95.0,71.67700211380053,fechner
651,16_epo,3.0,75.206103124,fechner
652,16_epo,4.0,81.28266651225714,fechner
653,16_epo,5.0,83.079746834079,fechner
654,16_epo,6.0,83.91059443932022,fechner
655,16_epo,7.000000000000001,84.3724534856108,fechner
656,16_epo,8.0,84.6582827514918,fechner
657,16_epo,9.0,84.84835658852883,fechner
658,16_epo,10.0,84.98151360781212,fechner
659,16_epo,11.0,85.07857984415156,fechner
660,16_epo,12.0,85.15159785786095,fechner
661,16_epo,13.0,85.20794809945555,fechner
662,16_epo,14.000000000000002,85.25236855337957,fechner
663,16_epo,15.0,85.28801860518357,fechner
664,16_epo,16.0,85.3170729574269,fechner
665,16_epo,17.0,85.34106944836587,fechner
666,16_epo,18.0,85.36112110969181,fechner
667,16_epo,19.0,85.37804997183598,fechner
668,16_epo,20.0,85.39247403908205,fechner
669,16_epo,21.0,85.4048653122655,fechner
670,16_epo,22.0,85.41558939436865,fechner
671,16_epo,23.0,85.42493308178813,fechner
672,16_epo,24.0,85.4331239401905,fechner
673,16_epo,25.0,85.44034442407917,fechner
674,16_epo,26.0,85.44674221401182,fechner
675,16_epo,27.0,85.45243788825985,fechner
676,16_epo,28.000000000000004,85.4575306874934,fechner
677,16_epo,28.999999999999996,85.46210289627521,fechner
678,16_epo,30.0,85.46622320849804,fechner
679,16_epo,31.0,85.46994933768374,fechner
680,16_epo,32.0,85.4733300599575,fechner
681,16_epo,33.0,85.476406826498,fechner
682,16_epo,34.0,85.47921504620739,fechner
683,16_epo,35.0,85.48178511355815,fechner
684,16_epo,36.0,85.48414323792002,fechner
685,16_epo,37.0,85.48631211704253,fechner
686,16_epo,38.0,85.48831148731026,fechner
687,16_epo,39.0,85.49015857589944,fechner
688,16_epo,40.0,85.49186847433907,fechner
689,16_epo,41.0,85.49345444872084,fechner
690,16_epo,42.0,85.49492819855288,fechner
691,16_epo,43.0,85.49630007375498,fechner
692,16_epo,44.0,85.49757925736,fechner
693,16_epo,45.0,85.49877391998216,fechner
694,16_epo,46.0,85.49989135093311,fechner
695,16_epo,47.0,85.5009380699367,fechner
696,16_epo,48.0,85.50191992265707,fechner
697,16_epo,49.0,85.50284216266739,fechner
698,16_epo,50.0,85.5037095220156,fechner
699,16_epo,51.0,85.50452627216576,fechner
700,16_epo,52.0,85.50529627678715,fechner
701,16_epo,53.0,85.5060230376141,fechner
702,16_epo,54.0,85.50670973439786,fechner
703,16_epo,55.00000000000001,85.50735925980449,fechner
704,16_epo,56.00000000000001,85.5079742499767,fechner
705,16_epo,56.99999999999999,85.50855711136523,fechner
706,16_epo,57.99999999999999,85.50911004434094,fechner
707,16_epo,59.0,85.50963506402191,fechner
708,16_epo,60.0,85.510134018685,fechner
709,16_epo,61.0,85.51060860607659,fechner
710,16_epo,62.0,85.5110603878925,fechner
711,16_epo,63.0,85.51149080265803,fechner
712,16_epo,64.0,85.51190117720714,fechner
713,16_epo,65.0,85.51229273693232,fechner
714,16_epo,66.0,85.51266661495332,fechner
715,16_epo,67.0,85.51302386033319,fechner
716,16_epo,68.0,85.5133654454531,fechner
717,16_epo,69.0,85.51369227264297,fechner
718,16_epo,70.0,85.51400518015271,fechner
719,16_epo,71.0,85.51430494753758,fechner
720,16_epo,72.0,85.51459230052295,fechner
721,16_epo,73.0,85.5148679154048,fechner
722,16_epo,74.0,85.51513242303633,fechner
723,16_epo,75.0,85.51538641244399,fechner
724,16_epo,76.0,85.51563043411238,fechner
725,16_epo,77.0,85.5158650029722,fechner
726,16_epo,78.0,85.51609060112096,fechner
727,16_epo,79.0,85.51630768030392,fechner
728,16_epo,80.0,85.51651666417925,fechner
729,16_epo,81.0,85.51671795038817,fechner
730,16_epo,82.0,85.51691191244899,fechner
731,16_epo,83.0,85.5170989014928,fechner
732,16_epo,84.0,85.51727924785443,fechner
733,16_epo,85.0,85.51745326253366,fechner
734,16_epo,86.0,85.51762123853764,fechner
735,16_epo,87.0,85.51778345211589,fechner
736,16_epo,88.0,85.51794016389752,fechner
737,16_epo,89.0,85.51809161993951,fechner
738,16_epo,90.0,85.51823805269365,fechner
739,16_epo,91.0,85.51837968189948,fechner
740,16_epo,92.0,85.51851671540965,fechner
741,16_epo,93.0,85.51864934995344,fechner
742,16_epo,94.0,85.51877777184343,fechner
743,16_epo,95.0,85.51890215763075,fechner
744,17_epo,3.0,80.84698132979011,fechner
745,17_epo,4.0,80.84698132979013,fechner
746,17_epo,5.0,80.84698132979013,fechner
747,17_epo,6.0,80.84698132979013,fechner
748,17_epo,7.000000000000001,80.84698132979013,fechner
749,17_epo,8.0,80.84698132979013,fechner
750,17_epo,9.0,80.84698132979013,fechner
751,17_epo,10.0,80.84698132979013,fechner
752,17_epo,11.0,80.84698132979013,fechner
753,17_epo,12.0,80.84698132979013,fechner
754,17_epo,13.0,80.84698132979013,fechner
755,17_epo,14.000000000000002,80.84698132979013,fechner
756,17_epo,15.0,80.84698132979013,fechner
757,17_epo,16.0,80.84698132979013,fechner
758,17_epo,17.0,80.84698132979013,fechner
759,17_epo,18.0,80.84698132979013,fechner
760,17_epo,19.0,80.84698132979013,fechner
761,17_epo,20.0,80.84698132979013,fechner
762,17_epo,21.0,80.84698132979013,fechner
763,17_epo,22.0,80.84698132979013,fechner
764,17_epo,23.0,80.84698132979013,fechner
765,17_epo,24.0,80.84698132979013,fechner
766,17_epo,25.0,80.84698132979013,fechner
767,17_epo,26.0,80.84698132979013,fechner
768,17_epo,27.0,80.84698132979013,fechner
769,17_epo,28.000000000000004,80.84698132979013,fechner
770,17_epo,28.999999999999996,80.84698132979013,fechner
771,17_epo,30.0,80.84698132979013,fechner
772,17_epo,31.0,80.84698132979013,fechner
773,17_epo,32.0,80.84698132979013,fechner
774,17_epo,33.0,80.84698132979013,fechner
775,17_epo,34.0,80.84698132979013,fechner
776,17_epo,35.0,80.84698132979013,fechner
777,17_epo,36.0,80.84698132979013,fechner
778,17_epo,37.0,80.84698132979013,fechner
779,17_epo,38.0,80.84698132979013,fechner
780,17_epo,39.0,80.84698132979013,fechner
781,17_epo,40.0,80.84698132979013,fechner
782,17_epo,41.0,80.84698132979013,fechner
783,17_epo,42.0,80.84698132979013,fechner
784,17_epo,43.0,80.84698132979013,fechner
785,17_epo,44.0,80.84698132979013,fechner
786,17_epo,45.0,80.84698132979013,fechner
787,17_epo,46.0,80.84698132979013,fechner
788,17_epo,47.0,80.84698132979013,fechner
789,17_epo,48.0,80.84698132979013,fechner
790,17_epo,49.0,80.84698132979013,fechner
791,17_epo,50.0,80.84698132979013,fechner
792,17_epo,51.0,80.84698132979013,fechner
793,17_epo,52.0,80.84698132979013,fechner
794,17_epo,53.0,80.84698132979013,fechner
795,17_epo,54.0,80.84698132979013,fechner
796,17_epo,55.00000000000001,80.84698132979013,fechner
797,17_epo,56.00000000000001,80.84698132979013,fechner
798,17_epo,56.99999999999999,80.84698132979013,fechner
799,17_epo,57.99999999999999,80.84698132979013,fechner
800,17_epo,59.0,80.84698132979013,fechner
801,17_epo,60.0,80.84698132979013,fechner
802,17_epo,61.0,80.84698132979013,fechner
803,17_epo,62.0,80.84698132979013,fechner
804,17_epo,63.0,80.84698132979013,fechner
805,17_epo,64.0,80.84698132979013,fechner
806,17_epo,65.0,80.84698132979013,fechner
807,17_epo,66.0,80.84698132979013,fechner
808,17_epo,67.0,80.84698132979013,fechner
809,17_epo,68.0,80.84698132979013,fechner
810,17_epo,69.0,80.84698132979013,fechner
811,17_epo,70.0,80.84698132979013,fechner
812,17_epo,71.0,80.84698132979013,fechner
813,17_epo,72.0,80.84698132979013,fechner
814,17_epo,73.0,80.84698132979013,fechner
815,17_epo,74.0,80.84698132979013,fechner
816,17_epo,75.0,80.84698132979013,fechner
817,17_epo,76.0,80.84698132979013,fechner
818,17_epo,77.0,80.84698132979013,fechner
819,17_epo,78.0,80.84698132979013,fechner
820,17_epo,79.0,80.84698132979013,fechner
821,17_epo,80.0,80.84698132979013,fechner
822,17_epo,81.0,80.84698132979013,fechner
823,17_epo,82.0,80.84698132979013,fechner
824,17_epo,83.0,80.84698132979013,fechner
825,17_epo,84.0,80.84698132979013,fechner
826,17_epo,85.0,80.84698132979013,fechner
827,17_epo,86.0,80.84698132979013,fechner
828,17_epo,87.0,80.84698132979013,fechner
829,17_epo,88.0,80.84698132979013,fechner
830,17_epo,89.0,80.84698132979013,fechner
831,17_epo,90.0,80.84698132979013,fechner
832,17_epo,91.0,80.84698132979013,fechner
833,17_epo,92.0,80.84698132979013,fechner
834,17_epo,93.0,80.84698132979013,fechner
835,17_epo,94.0,80.84698132979013,fechner
836,17_epo,95.0,80.84698132979013,fechner
837,18_epo,3.0,74.40174581025566,fechner
838,18_epo,4.0,74.40174581025566,fechner
839,18_epo,5.0,74.40174581025566,fechner
840,18_epo,6.0,74.40174581025566,fechner
841,18_epo,7.000000000000001,74.40174581025566,fechner
842,18_epo,8.0,74.40174581025566,fechner
843,18_epo,9.0,74.40174581025566,fechner
844,18_epo,10.0,74.40174581025566,fechner
845,18_epo,11.0,74.40174581025566,fechner
846,18_epo,12.0,74.40174581025566,fechner
847,18_epo,13.0,74.40174581025566,fechner
848,18_epo,14.000000000000002,74.40174581025566,fechner
849,18_epo,15.0,74.40174581025566,fechner
850,18_epo,16.0,74.40174581025566,fechner
851,18_epo,17.0,74.40174581025566,fechner
852,18_epo,18.0,74.40174581025566,fechner
853,18_epo,19.0,74.40174581025566,fechner
854,18_epo,20.0,74.40174581025566,fechner
855,18_epo,21.0,74.40174581025566,fechner
856,18_epo,22.0,74.40174581025566,fechner
857,18_epo,23.0,74.40174581025566,fechner
858,18_epo,24.0,74.40174581025566,fechner
859,18_epo,25.0,74.40174581025566,fechner
860,18_epo,26.0,74.40174581025566,fechner
861,18_epo,27.0,74.40174581025566,fechner
862,18_epo,28.000000000000004,74.40174581025566,fechner
863,18_epo,28.999999999999996,74.40174581025566,fechner
864,18_epo,30.0,74.40174581025566,fechner
865,18_epo,31.0,74.40174581025566,fechner
866,18_epo,32.0,74.40174581025566,fechner
867,18_epo,33.0,74.40174581025566,fechner
868,18_epo,34.0,74.40174581025566,fechner
869,18_epo,35.0,74.40174581025566,fechner
870,18_epo,36.0,74.40174581025566,fechner
871,18_epo,37.0,74.40174581025566,fechner
872,18_epo,38.0,74.40174581025566,fechner
873,18_epo,39.0,74.40174581025566,fechner
874,18_epo,40.0,74.40174581025566,fechner
875,18_epo,41.0,74.40174581025566,fechner
876,18_epo,42.0,74.40174581025566,fechner
877,18_epo,43.0,74.40174581025566,fechner
878,18_epo,44.0,74.40174581025566,fechner
879,18_epo,45.0,74.40174581025566,fechner
880,18_epo,46.0,74.40174581025566,fechner
881,18_epo,47.0,74.40174581025566,fechner
882,18_epo,48.0,74.40174581025566,fechner
883,18_epo,49.0,74.40174581025566,fechner
884,18_epo,50.0,74.40174581025566,fechner
885,18_epo,51.0,74.40174581025566,fechner
886,18_epo,52.0,74.40174581025566,fechner
887,18_epo,53.0,74.40174581025566,fechner
888,18_epo,54.0,74.40174581025566,fechner
889,18_epo,55.00000000000001,74.40174581025566,fechner
890,18_epo,56.00000000000001,74.40174581025566,fechner
891,18_epo,56.99999999999999,74.40174581025566,fechner
892,18_epo,57.99999999999999,74.40174581025566,fechner
893,18_epo,59.0,74.40174581025566,fechner
894,18_epo,60.0,74.40174581025566,fechner
895,18_epo,61.0,74.40174581025566,fechner
896,18_epo,62.0,74.40174581025566,fechner
897,18_epo,63.0,74.40174581025566,fechner
898,18_epo,64.0,74.40174581025566,fechner
899,18_epo,65.0,74.40174581025566,fechner
900,18_epo,66.0,74.40174581025566,fechner
901,18_epo,67.0,74.40174581025566,fechner
902,18_epo,68.0,74.40174581025566,fechner
903,18_epo,69.0,74.40174581025566,fechner
904,18_epo,70.0,74.40174581025566,fechner
905,18_epo,71.0,74.40174581025566,fechner
906,18_epo,72.0,74.40174581025566,fechner
907,18_epo,73.0,74.40174581025566,fechner
908,18_epo,74.0,74.40174581025566,fechner
909,18_epo,75.0,74.40174581025566,fechner
910,18_epo,76.0,74.40174581025566,fechner
911,18_epo,77.0,74.40174581025566,fechner
912,18_epo,78.0,74.40174581025566,fechner
913,18_epo,79.0,74.40174581025566,fechner
914,18_epo,80.0,74.40174581025566,fechner
915,18_epo,81.0,74.40174581025566,fechner
916,18_epo,82.0,74.40174581025566,fechner
917,18_epo,83.0,74.40174581025566,fechner
918,18_epo,84.0,74.40174581025566,fechner
919,18_epo,85.0,74.40174581025566,fechner
920,18_epo,86.0,74.40174581025566,fechner
921,18_epo,87.0,74.40174581025566,fechner
922,18_epo,88.0,74.40174581025566,fechner
923,18_epo,89.0,74.40174581025566,fechner
924,18_epo,90.0,74.40174581025566,fechner
925,18_epo,91.0,74.40174581025566,fechner
926,18_epo,92.0,74.40174581025566,fechner
927,18_epo,93.0,74.40174581025566,fechner
928,18_epo,94.0,74.40174581025566,fechner
929,18_epo,95.0,74.40174581025566,fechner
930,19_epo,3.0,70.09037568828444,fechner
931,19_epo,4.0,72.07301693709569,fechner
932,19_epo,5.0,73.74339862595544,fechner
933,19_epo,6.0,75.24324033194736,fechner
934,19_epo,7.000000000000001,76.58170584994885,fechner
935,19_epo,8.0,77.75962563304498,fechner
936,19_epo,9.0,78.78437461767015,fechner
937,19_epo,10.0,79.66916496672548,fechner
938,19_epo,11.0,80.43005266926046,fechner
939,19_epo,12.0,81.08354093967912,fechner
940,19_epo,13.0,81.6451585626052,fechner
941,19_epo,14.000000000000002,82.1287901538685,fechner
942,19_epo,15.0,82.54647437237098,fechner
943,19_epo,16.0,82.90845624162465,fechner
944,19_epo,17.0,83.22335824264677,fechner
945,19_epo,18.0,83.49839280973656,fechner
946,19_epo,19.0,83.7395757428197,fechner
947,19_epo,20.0,83.95192163533092,fechner
948,19_epo,21.0,84.13961427102221,fechner
949,19_epo,22.0,84.30615103676212,fechner
950,19_epo,23.0,84.45446324929617,fechner
951,19_epo,24.0,84.58701540072798,fechner
952,19_epo,25.0,84.70588654532982,fechner
953,19_epo,26.0,84.81283685062492,fechner
954,19_epo,27.0,84.90936196928095,fechner
955,19_epo,28.000000000000004,84.99673748258351,fechner
956,19_epo,28.999999999999996,85.076055281233,fechner
957,19_epo,30.0,85.14825340945328,fechner
958,19_epo,31.0,85.21414061038851,fechner
959,19_epo,32.0,85.27441657239227,fechner
960,19_epo,33.0,85.32968868142774,fechner
961,19_epo,34.0,85.38048592772907,fechner
962,19_epo,35.0,85.42727048865436,fechner
963,19_epo,36.0,85.47044740854088,fechner
964,19_epo,37.0,85.51037271546302,fechner
965,19_epo,38.0,85.54736025006076,fechner
966,19_epo,39.0,85.58168742977179,fechner
967,19_epo,40.0,85.61360013023425,fechner
968,19_epo,41.0,85.64331683222906,fechner
969,19_epo,42.0,85.67103215563465,fechner
970,19_epo,43.0,85.6969198801528,fechner
971,19_epo,44.0,85.72113553498453,fechner
972,19_epo,45.0,85.74381862536373,fechner
973,19_epo,46.0,85.76509455223594,fechner
974,19_epo,47.0,85.78507627188026,fechner
975,19_epo,48.0,85.80386573450046,fechner
976,19_epo,49.0,85.82155513442635,fechner
977,19_epo,50.0,85.83822799930564,fechner
978,19_epo,51.0,85.85396014131976,fechner
979,19_epo,52.0,85.8688204898538,fechner
980,19_epo,53.0,85.88287182205706,fechner
981,19_epo,54.0,85.896171405234,fechner
982,19_epo,55.00000000000001,85.90877156292095,fechner
983,19_epo,56.00000000000001,85.92072017475405,fechner
984,19_epo,56.99999999999999,85.93206111876701,fechner
985,19_epo,57.99999999999999,85.94283466351797,fechner
986,19_epo,59.0,85.95307781640106,fechner
987,19_epo,60.0,85.96282463361221,fechner
988,19_epo,61.0,85.97210649648831,fechner
989,19_epo,62.0,85.9809523582993,fechner
990,19_epo,63.0,85.98938896502811,fechner
991,19_epo,64.0,85.99744105320704,fechner
992,19_epo,65.0,86.00513152748105,fechner
993,19_epo,66.0,86.01248162022476,fechner
994,19_epo,67.0,86.01951103524617,fechner
995,19_epo,68.0,86.02623807735573,fechner
996,19_epo,69.0,86.03267976935975,fechner
997,19_epo,70.0,86.03885195784774,fechner
998,19_epo,71.0,86.04476940897815,fechner
999,19_epo,72.0,86.05044589532388,fechner
1000,19_epo,73.0,86.05589427471493,fechner
1001,19_epo,74.0,86.06112656190636,fechner
1002,19_epo,75.0,86.06615399380514,fechner
1003,19_epo,76.0,86.07098708890668,fechner
1004,19_epo,77.0,86.07563570151873,fechner
1005,19_epo,78.0,86.08010907128693,fechner
1006,19_epo,79.0,86.08441586847964,fechner
1007,19_epo,80.0,86.08856423544093,fechner
1008,19_epo,81.0,86.09256182457622,fechner
1009,19_epo,82.0,86.09641583319747,fechner
1010,19_epo,83.0,86.10013303551962,fechner
1011,19_epo,84.0,86.10371981207138,fechner
1012,19_epo,85.0,86.10718217675478,fechner
1013,19_epo,86.0,86.11052580176603,fechner
1014,19_epo,87.0,86.11375604056771,fechner
1015,19_epo,88.0,86.11687794908404,fechner
1016,19_epo,89.0,86.11989630527444,fechner
1017,19_epo,90.0,86.12281562722491,fechner
1018,19_epo,91.0,86.12564018988414,fechner
1019,19_epo,92.0,86.12837404055848,fechner
1020,19_epo,93.0,86.13102101326994,fechner
1021,19_epo,94.0,86.13358474207115,fechner
1022,19_epo,95.0,86.1360686734028,fechner
1023,1_epo,3.0,80.14287007137294,fechner
1024,1_epo,4.0,80.14287007137456,fechner
1025,1_epo,5.0,80.142870071375,fechner
1026,1_epo,6.0,80.14287007137517,fechner
1027,1_epo,7.000000000000001,80.14287007137528,fechner
1028,1_epo,8.0,80.14287007137534,fechner
1029,1_epo,9.0,80.14287007137538,fechner
1030,1_epo,10.0,80.14287007137541,fechner
1031,1_epo,11.0,80.14287007137544,fechner
1032,1_epo,12.0,80.14287007137546,fechner
1033,1_epo,13.0,80.14287007137547,fechner
1034,1_epo,14.000000000000002,80.14287007137547,fechner
1035,1_epo,15.0,80.14287007137548,fechner
1036,1_epo,16.0,80.14287007137548,fechner
1037,1_epo,17.0,80.1428700713755,fechner
1038,1_epo,18.0,80.1428700713755,fechner
1039,1_epo,19.0,80.1428700713755,fechner
1040,1_epo,20.0,80.14287007137551,fechner
1041,1_epo,21.0,80.14287007137551,fechner
1042,1_epo,22.0,80.14287007137551,fechner
1043,1_epo,23.0,80.14287007137551,fechner
1044,1_epo,24.0,80.14287007137551,fechner
1045,1_epo,25.0,80.14287007137551,fechner
1046,1_epo,26.0,80.14287007137551,fechner
1047,1_epo,27.0,80.14287007137553,fechner
1048,1_epo,28.000000000000004,80.14287007137553,fechner
1049,1_epo,28.999999999999996,80.14287007137553,fechner
1050,1_epo,30.0,80.14287007137553,fechner
1051,1_epo,31.0,80.14287007137553,fechner
1052,1_epo,32.0,80.14287007137553,fechner
1053,1_epo,33.0,80.14287007137553,fechner
1054,1_epo,34.0,80.14287007137553,fechner
1055,1_epo,35.0,80.14287007137553,fechner
1056,1_epo,36.0,80.14287007137553,fechner
1057,1_epo,37.0,80.14287007137553,fechner
1058,1_epo,38.0,80.14287007137553,fechner
1059,1_epo,39.0,80.14287007137553,fechner
1060,1_epo,40.0,80.14287007137553,fechner
1061,1_epo,41.0,80.14287007137553,fechner
1062,1_epo,42.0,80.14287007137553,fechner
1063,1_epo,43.0,80.14287007137553,fechner
1064,1_epo,44.0,80.14287007137553,fechner
1065,1_epo,45.0,80.14287007137553,fechner
1066,1_epo,46.0,80.14287007137553,fechner
1067,1_epo,47.0,80.14287007137553,fechner
1068,1_epo,48.0,80.14287007137553,fechner
1069,1_epo,49.0,80.14287007137553,fechner
1070,1_epo,50.0,80.14287007137553,fechner
1071,1_epo,51.0,80.14287007137553,fechner
1072,1_epo,52.0,80.14287007137553,fechner
1073,1_epo,53.0,80.14287007137553,fechner
1074,1_epo,54.0,80.14287007137553,fechner
1075,1_epo,55.00000000000001,80.14287007137553,fechner
1076,1_epo,56.00000000000001,80.14287007137553,fechner
1077,1_epo,56.99999999999999,80.14287007137553,fechner
1078,1_epo,57.99999999999999,80.14287007137553,fechner
1079,1_epo,59.0,80.14287007137553,fechner
1080,1_epo,60.0,80.14287007137553,fechner
1081,1_epo,61.0,80.14287007137553,fechner
1082,1_epo,62.0,80.14287007137553,fechner
1083,1_epo,63.0,80.14287007137553,fechner
1084,1_epo,64.0,80.14287007137553,fechner
1085,1_epo,65.0,80.14287007137553,fechner
1086,1_epo,66.0,80.14287007137553,fechner
1087,1_epo,67.0,80.14287007137553,fechner
1088,1_epo,68.0,80.14287007137553,fechner
1089,1_epo,69.0,80.14287007137553,fechner
1090,1_epo,70.0,80.14287007137553,fechner
1091,1_epo,71.0,80.14287007137553,fechner
1092,1_epo,72.0,80.14287007137553,fechner
1093,1_epo,73.0,80.14287007137553,fechner
1094,1_epo,74.0,80.14287007137553,fechner
1095,1_epo,75.0,80.14287007137553,fechner
1096,1_epo,76.0,80.14287007137553,fechner
1097,1_epo,77.0,80.14287007137553,fechner
1098,1_epo,78.0,80.14287007137553,fechner
1099,1_epo,79.0,80.14287007137553,fechner
1100,1_epo,80.0,80.14287007137553,fechner
1101,1_epo,81.0,80.14287007137553,fechner
1102,1_epo,82.0,80.14287007137553,fechner
1103,1_epo,83.0,80.14287007137553,fechner
1104,1_epo,84.0,80.14287007137553,fechner
1105,1_epo,85.0,80.14287007137553,fechner
1106,1_epo,86.0,80.14287007137553,fechner
1107,1_epo,87.0,80.14287007137554,fechner
1108,1_epo,88.0,80.14287007137554,fechner
1109,1_epo,89.0,80.14287007137554,fechner
1110,1_epo,90.0,80.14287007137554,fechner
1111,1_epo,91.0,80.14287007137554,fechner
1112,1_epo,92.0,80.14287007137553,fechner
1113,1_epo,93.0,80.14287007137554,fechner
1114,1_epo,94.0,80.14287007137554,fechner
1115,1_epo,95.0,80.14287007137554,fechner
1116,20_epo,3.0,63.250113224013,fechner
1117,20_epo,4.0,63.25011322440742,fechner
1118,20_epo,5.0,63.25011322451077,fechner
1119,20_epo,6.0,63.25011322455674,fechner
1120,20_epo,7.000000000000001,63.25011322458184,fechner
1121,20_epo,8.0,63.2501132245972,fechner
1122,20_epo,9.0,63.25011322460735,fechner
1123,20_epo,10.0,63.250113224614424,fechner
1124,20_epo,11.0,63.250113224619554,fechner
1125,20_epo,12.0,63.25011322462341,fechner
1126,20_epo,13.0,63.25011322462638,fechner
1127,20_epo,14.000000000000002,63.25011322462873,fechner
1128,20_epo,15.0,63.2501132246306,fechner
1129,20_epo,16.0,63.25011322463213,fechner
1130,20_epo,17.0,63.250113224633395,fechner
1131,20_epo,18.0,63.25011322463445,fechner
1132,20_epo,19.0,63.250113224635335,fechner
1133,20_epo,20.0,63.25011322463608,fechner
1134,20_epo,21.0,63.250113224636735,fechner
1135,20_epo,22.0,63.25011322463729,fechner
1136,20_epo,23.0,63.25011322463779,fechner
1137,20_epo,24.0,63.25011322463822,fechner
1138,20_epo,25.0,63.250113224638596,fechner
1139,20_epo,26.0,63.25011322463893,fechner
1140,20_epo,27.0,63.25011322463922,fechner
1141,20_epo,28.000000000000004,63.2501132246395,fechner
1142,20_epo,28.999999999999996,63.25011322463973,fechner
1143,20_epo,30.0,63.25011322463994,fechner
1144,20_epo,31.0,63.25011322464014,fechner
1145,20_epo,32.0,63.250113224640316,fechner
1146,20_epo,33.0,63.25011322464049,fechner
1147,20_epo,34.0,63.25011322464062,fechner
1148,20_epo,35.0,63.250113224640764,fechner
1149,20_epo,36.0,63.250113224640884,fechner
1150,20_epo,37.0,63.250113224641,fechner
1151,20_epo,38.0,63.250113224641105,fechner
1152,20_epo,39.0,63.250113224641204,fechner
1153,20_epo,40.0,63.25011322464129,fechner
1154,20_epo,41.0,63.250113224641375,fechner
1155,20_epo,42.0,63.25011322464145,fechner
1156,20_epo,43.0,63.250113224641524,fechner
1157,20_epo,44.0,63.250113224641595,fechner
1158,20_epo,45.0,63.25011322464165,fechner
1159,20_epo,46.0,63.2501132246417,fechner
1160,20_epo,47.0,63.25011322464176,fechner
1161,20_epo,48.0,63.250113224641815,fechner
1162,20_epo,49.0,63.25011322464186,fechner
1163,20_epo,50.0,63.250113224641915,fechner
1164,20_epo,51.0,63.25011322464196,fechner
1165,20_epo,52.0,63.25011322464199,fechner
1166,20_epo,53.0,63.25011322464202,fechner
1167,20_epo,54.0,63.250113224642064,fechner
1168,20_epo,55.00000000000001,63.25011322464209,fechner
1169,20_epo,56.00000000000001,63.250113224642135,fechner
1170,20_epo,56.99999999999999,63.25011322464216,fechner
1171,20_epo,57.99999999999999,63.25011322464219,fechner
1172,20_epo,59.0,63.25011322464222,fechner
1173,20_epo,60.0,63.25011322464225,fechner
1174,20_epo,61.0,63.25011322464228,fechner
1175,20_epo,62.0,63.250113224642284,fechner
1176,20_epo,63.0,63.25011322464231,fechner
1177,20_epo,64.0,63.25011322464234,fechner
1178,20_epo,65.0,63.250113224642355,fechner
1179,20_epo,66.0,63.25011322464237,fechner
1180,20_epo,67.0,63.2501132246424,fechner
1181,20_epo,68.0,63.25011322464241,fechner
1182,20_epo,69.0,63.250113224642426,fechner
1183,20_epo,70.0,63.25011322464244,fechner
1184,20_epo,71.0,63.25011322464247,fechner
1185,20_epo,72.0,63.25011322464248,fechner
1186,20_epo,73.0,63.2501132246425,fechner
1187,20_epo,74.0,63.25011322464251,fechner
1188,20_epo,75.0,63.250113224642526,fechner
1189,20_epo,76.0,63.25011322464254,fechner
1190,20_epo,77.0,63.25011322464254,fechner
1191,20_epo,78.0,63.250113224642554,fechner
1192,20_epo,79.0,63.25011322464257,fechner
1193,20_epo,80.0,63.250113224642575,fechner
1194,20_epo,81.0,63.25011322464259,fechner
1195,20_epo,82.0,63.25011322464259,fechner
1196,20_epo,83.0,63.250113224642604,fechner
1197,20_epo,84.0,63.25011322464262,fechner
1198,20_epo,85.0,63.25011322464262,fechner
1199,20_epo,86.0,63.25011322464263,fechner
1200,20_epo,87.0,63.25011322464265,fechner
1201,20_epo,88.0,63.25011322464265,fechner
1202,20_epo,89.0,63.25011322464266,fechner
1203,20_epo,90.0,63.25011322464266,fechner
1204,20_epo,91.0,63.250113224642675,fechner
1205,20_epo,92.0,63.250113224642675,fechner
1206,20_epo,93.0,63.25011322464269,fechner
1207,20_epo,94.0,63.25011322464269,fechner
1208,20_epo,95.0,63.2501132246427,fechner
1209,21_epo,3.0,70.55367535426855,fechner
1210,21_epo,4.0,70.5536753542707,fechner
1211,21_epo,5.0,70.55367535427125,fechner
1212,21_epo,6.0,70.55367535427149,fechner
1213,21_epo,7.000000000000001,70.55367535427163,fechner
1214,21_epo,8.0,70.55367535427172,fechner
1215,21_epo,9.0,70.55367535427177,fechner
1216,21_epo,10.0,70.55367535427182,fechner
1217,21_epo,11.0,70.55367535427185,fechner
1218,21_epo,12.0,70.55367535427186,fechner
1219,21_epo,13.0,70.55367535427189,fechner
1220,21_epo,14.000000000000002,70.55367535427189,fechner
1221,21_epo,15.0,70.5536753542719,fechner
1222,21_epo,16.0,70.55367535427192,fechner
1223,21_epo,17.0,70.55367535427192,fechner
1224,21_epo,18.0,70.55367535427193,fechner
1225,21_epo,19.0,70.55367535427193,fechner
1226,21_epo,20.0,70.55367535427193,fechner
1227,21_epo,21.0,70.55367535427195,fechner
1228,21_epo,22.0,70.55367535427195,fechner
1229,21_epo,23.0,70.55367535427195,fechner
1230,21_epo,24.0,70.55367535427195,fechner
1231,21_epo,25.0,70.55367535427195,fechner
1232,21_epo,26.0,70.55367535427195,fechner
1233,21_epo,27.0,70.55367535427196,fechner
1234,21_epo,28.000000000000004,70.55367535427196,fechner
1235,21_epo,28.999999999999996,70.55367535427196,fechner
1236,21_epo,30.0,70.55367535427196,fechner
1237,21_epo,31.0,70.55367535427196,fechner
1238,21_epo,32.0,70.55367535427196,fechner
1239,21_epo,33.0,70.55367535427196,fechner
1240,21_epo,34.0,70.55367535427196,fechner
1241,21_epo,35.0,70.55367535427196,fechner
1242,21_epo,36.0,70.55367535427196,fechner
1243,21_epo,37.0,70.55367535427196,fechner
1244,21_epo,38.0,70.55367535427196,fechner
1245,21_epo,39.0,70.55367535427196,fechner
1246,21_epo,40.0,70.55367535427196,fechner
1247,21_epo,41.0,70.55367535427196,fechner
1248,21_epo,42.0,70.55367535427196,fechner
1249,21_epo,43.0,70.55367535427196,fechner
1250,21_epo,44.0,70.55367535427196,fechner
1251,21_epo,45.0,70.55367535427196,fechner
1252,21_epo,46.0,70.55367535427196,fechner
1253,21_epo,47.0,70.55367535427197,fechner
1254,21_epo,48.0,70.55367535427197,fechner
1255,21_epo,49.0,70.55367535427197,fechner
1256,21_epo,50.0,70.55367535427197,fechner
1257,21_epo,51.0,70.55367535427197,fechner
1258,21_epo,52.0,70.55367535427197,fechner
1259,21_epo,53.0,70.55367535427197,fechner
1260,21_epo,54.0,70.55367535427197,fechner
1261,21_epo,55.00000000000001,70.55367535427197,fechner
1262,21_epo,56.00000000000001,70.55367535427197,fechner
1263,21_epo,56.99999999999999,70.55367535427197,fechner
1264,21_epo,57.99999999999999,70.55367535427197,fechner
1265,21_epo,59.0,70.55367535427197,fechner
1266,21_epo,60.0,70.55367535427197,fechner
1267,21_epo,61.0,70.55367535427197,fechner
1268,21_epo,62.0,70.55367535427197,fechner
1269,21_epo,63.0,70.55367535427197,fechner
1270,21_epo,64.0,70.55367535427197,fechner
1271,21_epo,65.0,70.55367535427197,fechner
1272,21_epo,66.0,70.55367535427197,fechner
1273,21_epo,67.0,70.55367535427197,fechner
1274,21_epo,68.0,70.55367535427197,fechner
1275,21_epo,69.0,70.55367535427197,fechner
1276,21_epo,70.0,70.55367535427197,fechner
1277,21_epo,71.0,70.55367535427197,fechner
1278,21_epo,72.0,70.55367535427197,fechner
1279,21_epo,73.0,70.55367535427197,fechner
1280,21_epo,74.0,70.55367535427197,fechner
1281,21_epo,75.0,70.55367535427197,fechner
1282,21_epo,76.0,70.55367535427197,fechner
1283,21_epo,77.0,70.55367535427197,fechner
1284,21_epo,78.0,70.55367535427197,fechner
1285,21_epo,79.0,70.55367535427197,fechner
1286,21_epo,80.0,70.55367535427197,fechner
1287,21_epo,81.0,70.55367535427197,fechner
1288,21_epo,82.0,70.55367535427197,fechner
1289,21_epo,83.0,70.55367535427197,fechner
1290,21_epo,84.0,70.55367535427197,fechner
1291,21_epo,85.0,70.55367535427197,fechner
1292,21_epo,86.0,70.55367535427197,fechner
1293,21_epo,87.0,70.55367535427197,fechner
1294,21_epo,88.0,70.55367535427197,fechner
1295,21_epo,89.0,70.55367535427197,fechner
1296,21_epo,90.0,70.55367535427197,fechner
1297,21_epo,91.0,70.55367535427197,fechner
1298,21_epo,92.0,70.55367535427197,fechner
1299,21_epo,93.0,70.55367535427197,fechner
1300,21_epo,94.0,70.55367535427197,fechner
1301,21_epo,95.0,70.55367535427197,fechner
1302,22_epo,3.0,81.26836573206555,fechner
1303,22_epo,4.0,81.26836573206558,fechner
1304,22_epo,5.0,81.26836573206558,fechner
1305,22_epo,6.0,81.26836573206559,fechner
1306,22_epo,7.000000000000001,81.26836573206559,fechner
1307,22_epo,8.0,81.26836573206559,fechner
1308,22_epo,9.0,81.26836573206559,fechner
1309,22_epo,10.0,81.26836573206559,fechner
1310,22_epo,11.0,81.26836573206559,fechner
1311,22_epo,12.0,81.26836573206559,fechner
1312,22_epo,13.0,81.26836573206559,fechner
1313,22_epo,14.000000000000002,81.26836573206559,fechner
1314,22_epo,15.0,81.26836573206559,fechner
1315,22_epo,16.0,81.26836573206559,fechner
1316,22_epo,17.0,81.26836573206559,fechner
1317,22_epo,18.0,81.26836573206559,fechner
1318,22_epo,19.0,81.26836573206559,fechner
1319,22_epo,20.0,81.26836573206559,fechner
1320,22_epo,21.0,81.26836573206559,fechner
1321,22_epo,22.0,81.26836573206559,fechner
1322,22_epo,23.0,81.26836573206559,fechner
1323,22_epo,24.0,81.26836573206559,fechner
1324,22_epo,25.0,81.26836573206559,fechner
1325,22_epo,26.0,81.26836573206559,fechner
1326,22_epo,27.0,81.26836573206559,fechner
1327,22_epo,28.000000000000004,81.26836573206559,fechner
1328,22_epo,28.999999999999996,81.26836573206559,fechner
1329,22_epo,30.0,81.26836573206559,fechner
1330,22_epo,31.0,81.26836573206559,fechner
1331,22_epo,32.0,81.26836573206559,fechner
1332,22_epo,33.0,81.26836573206559,fechner
1333,22_epo,34.0,81.26836573206559,fechner
1334,22_epo,35.0,81.26836573206559,fechner
1335,22_epo,36.0,81.26836573206559,fechner
1336,22_epo,37.0,81.26836573206559,fechner
1337,22_epo,38.0,81.26836573206559,fechner
1338,22_epo,39.0,81.26836573206559,fechner
1339,22_epo,40.0,81.26836573206559,fechner
1340,22_epo,41.0,81.26836573206559,fechner
1341,22_epo,42.0,81.26836573206559,fechner
1342,22_epo,43.0,81.26836573206559,fechner
1343,22_epo,44.0,81.26836573206559,fechner
1344,22_epo,45.0,81.26836573206559,fechner
1345,22_epo,46.0,81.26836573206559,fechner
1346,22_epo,47.0,81.26836573206559,fechner
1347,22_epo,48.0,81.26836573206559,fechner
1348,22_epo,49.0,81.26836573206559,fechner
1349,22_epo,50.0,81.26836573206559,fechner
1350,22_epo,51.0,81.26836573206559,fechner
1351,22_epo,52.0,81.26836573206559,fechner
1352,22_epo,53.0,81.26836573206559,fechner
1353,22_epo,54.0,81.26836573206559,fechner
1354,22_epo,55.00000000000001,81.26836573206559,fechner
1355,22_epo,56.00000000000001,81.26836573206559,fechner
1356,22_epo,56.99999999999999,81.26836573206559,fechner
1357,22_epo,57.99999999999999,81.26836573206559,fechner
1358,22_epo,59.0,81.26836573206559,fechner
1359,22_epo,60.0,81.26836573206559,fechner
1360,22_epo,61.0,81.26836573206559,fechner
1361,22_epo,62.0,81.26836573206559,fechner
1362,22_epo,63.0,81.26836573206559,fechner
1363,22_epo,64.0,81.26836573206559,fechner
1364,22_epo,65.0,81.26836573206559,fechner
1365,22_epo,66.0,81.26836573206559,fechner
1366,22_epo,67.0,81.26836573206559,fechner
1367,22_epo,68.0,81.26836573206559,fechner
1368,22_epo,69.0,81.26836573206559,fechner
1369,22_epo,70.0,81.26836573206559,fechner
1370,22_epo,71.0,81.26836573206559,fechner
1371,22_epo,72.0,81.26836573206559,fechner
1372,22_epo,73.0,81.26836573206559,fechner
1373,22_epo,74.0,81.26836573206559,fechner
1374,22_epo,75.0,81.26836573206559,fechner
1375,22_epo,76.0,81.26836573206559,fechner
1376,22_epo,77.0,81.26836573206559,fechner
1377,22_epo,78.0,81.26836573206559,fechner
1378,22_epo,79.0,81.26836573206559,fechner
1379,22_epo,80.0,81.26836573206559,fechner
1380,22_epo,81.0,81.26836573206559,fechner
1381,22_epo,82.0,81.26836573206559,fechner
1382,22_epo,83.0,81.26836573206559,fechner
1383,22_epo,84.0,81.26836573206559,fechner
1384,22_epo,85.0,81.26836573206559,fechner
1385,22_epo,86.0,81.26836573206559,fechner
1386,22_epo,87.0,81.26836573206559,fechner
1387,22_epo,88.0,81.26836573206559,fechner
1388,22_epo,89.0,81.26836573206559,fechner
1389,22_epo,90.0,81.26836573206559,fechner
1390,22_epo,91.0,81.26836573206559,fechner
1391,22_epo,92.0,81.26836573206559,fechner
1392,22_epo,93.0,81.26836573206559,fechner
1393,22_epo,94.0,81.26836573206559,fechner
1394,22_epo,95.0,81.26836573206559,fechner
1395,23_epo,3.0,71.62955063559701,fechner
1396,23_epo,4.0,71.62955063559701,fechner
1397,23_epo,5.0,71.62955063559701,fechner
1398,23_epo,6.0,71.62955063559701,fechner
1399,23_epo,7.000000000000001,71.62955063559701,fechner
1400,23_epo,8.0,71.62955063559701,fechner
1401,23_epo,9.0,71.62955063559701,fechner
1402,23_epo,10.0,71.62955063559701,fechner
1403,23_epo,11.0,71.62955063559701,fechner
1404,23_epo,12.0,71.62955063559701,fechner
1405,23_epo,13.0,71.62955063559701,fechner
1406,23_epo,14.000000000000002,71.62955063559701,fechner
1407,23_epo,15.0,71.62955063559701,fechner
1408,23_epo,16.0,71.62955063559701,fechner
1409,23_epo,17.0,71.62955063559701,fechner
1410,23_epo,18.0,71.62955063559701,fechner
1411,23_epo,19.0,71.62955063559701,fechner
1412,23_epo,20.0,71.62955063559701,fechner
1413,23_epo,21.0,71.62955063559701,fechner
1414,23_epo,22.0,71.62955063559701,fechner
1415,23_epo,23.0,71.62955063559701,fechner
1416,23_epo,24.0,71.62955063559701,fechner
1417,23_epo,25.0,71.62955063559701,fechner
1418,23_epo,26.0,71.62955063559701,fechner
1419,23_epo,27.0,71.62955063559701,fechner
1420,23_epo,28.000000000000004,71.62955063559701,fechner
1421,23_epo,28.999999999999996,71.62955063559701,fechner
1422,23_epo,30.0,71.62955063559701,fechner
1423,23_epo,31.0,71.62955063559701,fechner
1424,23_epo,32.0,71.62955063559701,fechner
1425,23_epo,33.0,71.62955063559701,fechner
1426,23_epo,34.0,71.62955063559701,fechner
1427,23_epo,35.0,71.62955063559701,fechner
1428,23_epo,36.0,71.62955063559701,fechner
1429,23_epo,37.0,71.62955063559701,fechner
1430,23_epo,38.0,71.62955063559701,fechner
1431,23_epo,39.0,71.62955063559701,fechner
1432,23_epo,40.0,71.62955063559701,fechner
1433,23_epo,41.0,71.62955063559701,fechner
1434,23_epo,42.0,71.62955063559701,fechner
1435,23_epo,43.0,71.62955063559701,fechner
1436,23_epo,44.0,71.62955063559701,fechner
1437,23_epo,45.0,71.62955063559701,fechner
1438,23_epo,46.0,71.62955063559701,fechner
1439,23_epo,47.0,71.62955063559701,fechner
1440,23_epo,48.0,71.62955063559701,fechner
1441,23_epo,49.0,71.62955063559701,fechner
1442,23_epo,50.0,71.62955063559701,fechner
1443,23_epo,51.0,71.62955063559701,fechner
1444,23_epo,52.0,71.62955063559701,fechner
1445,23_epo,53.0,71.62955063559701,fechner
1446,23_epo,54.0,71.62955063559701,fechner
1447,23_epo,55.00000000000001,71.62955063559701,fechner
1448,23_epo,56.00000000000001,71.62955063559701,fechner
1449,23_epo,56.99999999999999,71.62955063559701,fechner
1450,23_epo,57.99999999999999,71.62955063559701,fechner
1451,23_epo,59.0,71.62955063559701,fechner
1452,23_epo,60.0,71.62955063559701,fechner
1453,23_epo,61.0,71.62955063559701,fechner
1454,23_epo,62.0,71.62955063559701,fechner
1455,23_epo,63.0,71.62955063559701,fechner
1456,23_epo,64.0,71.62955063559701,fechner
1457,23_epo,65.0,71.62955063559701,fechner
1458,23_epo,66.0,71.62955063559701,fechner
1459,23_epo,67.0,71.62955063559701,fechner
1460,23_epo,68.0,71.62955063559701,fechner
1461,23_epo,69.0,71.62955063559701,fechner
1462,23_epo,70.0,71.62955063559701,fechner
1463,23_epo,71.0,71.62955063559701,fechner
1464,23_epo,72.0,71.62955063559701,fechner
1465,23_epo,73.0,71.62955063559701,fechner
1466,23_epo,74.0,71.62955063559701,fechner
1467,23_epo,75.0,71.62955063559701,fechner
1468,23_epo,76.0,71.62955063559701,fechner
1469,23_epo,77.0,71.62955063559701,fechner
1470,23_epo,78.0,71.62955063559701,fechner
1471,23_epo,79.0,71.62955063559701,fechner
1472,23_epo,80.0,71.62955063559701,fechner
1473,23_epo,81.0,71.62955063559701,fechner
1474,23_epo,82.0,71.62955063559701,fechner
1475,23_epo,83.0,71.62955063559701,fechner
1476,23_epo,84.0,71.62955063559701,fechner
1477,23_epo,85.0,71.62955063559701,fechner
1478,23_epo,86.0,71.62955063559701,fechner
1479,23_epo,87.0,71.62955063559701,fechner
1480,23_epo,88.0,71.62955063559701,fechner
1481,23_epo,89.0,71.62955063559701,fechner
1482,23_epo,90.0,71.62955063559701,fechner
1483,23_epo,91.0,71.62955063559701,fechner
1484,23_epo,92.0,71.62955063559701,fechner
1485,23_epo,93.0,71.62955063559701,fechner
1486,23_epo,94.0,71.62955063559701,fechner
1487,23_epo,95.0,71.62955063559701,fechner
1488,24_epo,3.0,66.85820710476351,fechner
1489,24_epo,4.0,66.86016665066798,fechner
1490,24_epo,5.0,66.86068057314746,fechner
1491,24_epo,6.0,66.86090929045695,fechner
1492,24_epo,7.000000000000001,66.86103410700828,fechner
1493,24_epo,8.0,66.8611105379332,fechner
1494,24_epo,9.0,66.86116102378304,fechner
1495,24_epo,10.0,66.86119623143867,fechner
1496,24_epo,11.0,66.86122181363152,fechner
1497,24_epo,12.0,66.86124101199397,fechner
1498,24_epo,13.0,66.86125580114438,fechner
1499,24_epo,14.000000000000002,66.86126744288997,fechner
1500,24_epo,15.0,66.86127677562705,fechner
1501,24_epo,16.0,66.86128437481744,fechner
1502,24_epo,17.0,66.86129064647005,fechner
1503,24_epo,18.0,66.86129588389065,fechner
1504,24_epo,19.0,66.86130030336506,fechner
1505,24_epo,20.0,66.86130406728628,fechner
1506,24_epo,21.0,66.86130729954557,fechner
1507,24_epo,22.0,66.86131009601652,fechner
1508,24_epo,23.0,66.86131253184605,fechner
1509,24_epo,24.0,66.86131466661944,fechner
1510,24_epo,25.0,66.86131654808081,fechner
1511,24_epo,26.0,66.86131821485394,fechner
1512,24_epo,27.0,66.86131969845938,fechner
1513,24_epo,28.000000000000004,66.86132102482877,fechner
1514,24_epo,28.999999999999996,66.86132221545505,fechner
1515,24_epo,30.0,66.86132328827514,fechner
1516,24_epo,31.0,66.8613242583543,fechner
1517,24_epo,32.0,66.86132513842128,fechner
1518,24_epo,33.0,66.86132593929065,fechner
1519,24_epo,34.0,66.86132667019844,fechner
1520,24_epo,35.0,66.86132733907111,fechner
1521,24_epo,36.0,66.86132795274244,fechner
1522,24_epo,37.0,66.86132851712952,fechner
1523,24_epo,38.0,66.86132903737666,fechner
1524,24_epo,39.0,66.86132951797352,fechner
1525,24_epo,40.0,66.8613299628526,fechner
1526,24_epo,41.0,66.86133037547033,fechner
1527,24_epo,42.0,66.86133075887463,fechner
1528,24_epo,43.0,66.86133111576149,fechner
1529,24_epo,44.0,66.8613314485228,fechner
1530,24_epo,45.0,66.86133175928646,fechner
1531,24_epo,46.0,66.86133204995075,fechner
1532,24_epo,47.0,66.86133232221333,fechner
1533,24_epo,48.0,66.86133257759631,fechner
1534,24_epo,49.0,66.86133281746747,fechner
1535,24_epo,50.0,66.86133304305875,fechner
1536,24_epo,51.0,66.86133325548211,fechner
1537,24_epo,52.0,66.86133345574328,fechner
1538,24_epo,53.0,66.86133364475376,fechner
1539,24_epo,54.0,66.86133382334117,fechner
1540,24_epo,55.00000000000001,66.86133399225838,fechner
1541,24_epo,56.00000000000001,66.86133415219145,fechner
1542,24_epo,56.99999999999999,66.86133430376663,fechner
1543,24_epo,57.99999999999999,66.86133444755657,fechner
1544,24_epo,59.0,66.8613345840856,fechner
1545,24_epo,60.0,66.8613347138347,fechner
1546,24_epo,61.0,66.86133483724561,fechner
1547,24_epo,62.0,66.86133495472467,fechner
1548,24_epo,63.0,66.86133506664618,fechner
1549,24_epo,64.0,66.86133517335536,fechner
1550,24_epo,65.0,66.86133527517099,fechner
1551,24_epo,66.0,66.8613353723879,fechner
1552,24_epo,67.0,66.86133546527897,fechner
1553,24_epo,68.0,66.86133555409722,fechner
1554,24_epo,69.0,66.86133563907734,fechner
1555,24_epo,70.0,66.8613357204374,fechner
1556,24_epo,71.0,66.8613357983802,fechner
1557,24_epo,72.0,66.86133587309448,fechner
1558,24_epo,73.0,66.8613359447562,fechner
1559,24_epo,74.0,66.86133601352947,fechner
1560,24_epo,75.0,66.86133607956744,fechner
1561,24_epo,76.0,66.86133614301335,fechner
1562,24_epo,77.0,66.8613362040011,fechner
1563,24_epo,78.0,66.8613362626561,fechner
1564,24_epo,79.0,66.86133631909584,fechner
1565,24_epo,80.0,66.8613363734305,fechner
1566,24_epo,81.0,66.86133642576353,fechner
1567,24_epo,82.0,66.86133647619204,fechner
1568,24_epo,83.0,66.86133652480737,fechner
1569,24_epo,84.0,66.86133657169543,fechner
1570,24_epo,85.0,66.8613366169371,fechner
1571,24_epo,86.0,66.86133666060857,fechner
1572,24_epo,87.0,66.8613367027817,fechner
1573,24_epo,88.0,66.86133674352426,fechner
1574,24_epo,89.0,66.86133678290025,fechner
1575,24_epo,90.0,66.86133682097011,fechner
1576,24_epo,91.0,66.86133685779099,fechner
1577,24_epo,92.0,66.86133689341693,fechner
1578,24_epo,93.0,66.8613369278991,fechner
1579,24_epo,94.0,66.86133696128596,fechner
1580,24_epo,95.0,66.8613369936234,fechner
1581,25_epo,3.0,83.61619231222305,fechner
1582,25_epo,4.0,83.61619231222305,fechner
1583,25_epo,5.0,83.61619231222305,fechner
1584,25_epo,6.0,83.61619231222305,fechner
1585,25_epo,7.000000000000001,83.61619231222305,fechner
1586,25_epo,8.0,83.61619231222305,fechner
1587,25_epo,9.0,83.61619231222305,fechner
1588,25_epo,10.0,83.61619231222305,fechner
1589,25_epo,11.0,83.61619231222305,fechner
1590,25_epo,12.0,83.61619231222305,fechner
1591,25_epo,13.0,83.61619231222305,fechner
1592,25_epo,14.000000000000002,83.61619231222305,fechner
1593,25_epo,15.0,83.61619231222305,fechner
1594,25_epo,16.0,83.61619231222305,fechner
1595,25_epo,17.0,83.61619231222305,fechner
1596,25_epo,18.0,83.61619231222305,fechner
1597,25_epo,19.0,83.61619231222305,fechner
1598,25_epo,20.0,83.61619231222305,fechner
1599,25_epo,21.0,83.61619231222305,fechner
1600,25_epo,22.0,83.61619231222305,fechner
1601,25_epo,23.0,83.61619231222305,fechner
1602,25_epo,24.0,83.61619231222305,fechner
1603,25_epo,25.0,83.61619231222305,fechner
1604,25_epo,26.0,83.61619231222305,fechner
1605,25_epo,27.0,83.61619231222305,fechner
1606,25_epo,28.000000000000004,83.61619231222305,fechner
1607,25_epo,28.999999999999996,83.61619231222305,fechner
1608,25_epo,30.0,83.61619231222305,fechner
1609,25_epo,31.0,83.61619231222305,fechner
1610,25_epo,32.0,83.61619231222305,fechner
1611,25_epo,33.0,83.61619231222305,fechner
1612,25_epo,34.0,83.61619231222305,fechner
1613,25_epo,35.0,83.61619231222305,fechner
1614,25_epo,36.0,83.61619231222305,fechner
1615,25_epo,37.0,83.61619231222305,fechner
1616,25_epo,38.0,83.61619231222305,fechner
1617,25_epo,39.0,83.61619231222305,fechner
1618,25_epo,40.0,83.61619231222305,fechner
1619,25_epo,41.0,83.61619231222305,fechner
1620,25_epo,42.0,83.61619231222305,fechner
1621,25_epo,43.0,83.61619231222305,fechner
1622,25_epo,44.0,83.61619231222305,fechner
1623,25_epo,45.0,83.61619231222305,fechner
1624,25_epo,46.0,83.61619231222305,fechner
1625,25_epo,47.0,83.61619231222305,fechner
1626,25_epo,48.0,83.61619231222305,fechner
1627,25_epo,49.0,83.61619231222305,fechner
1628,25_epo,50.0,83.61619231222305,fechner
1629,25_epo,51.0,83.61619231222305,fechner
1630,25_epo,52.0,83.61619231222305,fechner
1631,25_epo,53.0,83.61619231222305,fechner
1632,25_epo,54.0,83.61619231222305,fechner
1633,25_epo,55.00000000000001,83.61619231222305,fechner
1634,25_epo,56.00000000000001,83.61619231222305,fechner
1635,25_epo,56.99999999999999,83.61619231222305,fechner
1636,25_epo,57.99999999999999,83.61619231222305,fechner
1637,25_epo,59.0,83.61619231222305,fechner
1638,25_epo,60.0,83.61619231222305,fechner
1639,25_epo,61.0,83.61619231222305,fechner
1640,25_epo,62.0,83.61619231222305,fechner
1641,25_epo,63.0,83.61619231222305,fechner
1642,25_epo,64.0,83.61619231222305,fechner
1643,25_epo,65.0,83.61619231222305,fechner
1644,25_epo,66.0,83.61619231222305,fechner
1645,25_epo,67.0,83.61619231222305,fechner
1646,25_epo,68.0,83.61619231222305,fechner
1647,25_epo,69.0,83.61619231222305,fechner
1648,25_epo,70.0,83.61619231222305,fechner
1649,25_epo,71.0,83.61619231222305,fechner
1650,25_epo,72.0,83.61619231222305,fechner
1651,25_epo,73.0,83.61619231222305,fechner
1652,25_epo,74.0,83.61619231222305,fechner
1653,25_epo,75.0,83.61619231222305,fechner
1654,25_epo,76.0,83.61619231222305,fechner
1655,25_epo,77.0,83.61619231222305,fechner
1656,25_epo,78.0,83.61619231222305,fechner
1657,25_epo,79.0,83.61619231222305,fechner
1658,25_epo,80.0,83.61619231222305,fechner
1659,25_epo,81.0,83.61619231222305,fechner
1660,25_epo,82.0,83.61619231222305,fechner
1661,25_epo,83.0,83.61619231222305,fechner
1662,25_epo,84.0,83.61619231222305,fechner
1663,25_epo,85.0,83.61619231222305,fechner
1664,25_epo,86.0,83.61619231222305,fechner
1665,25_epo,87.0,83.61619231222305,fechner
1666,25_epo,88.0,83.61619231222305,fechner
1667,25_epo,89.0,83.61619231222305,fechner
1668,25_epo,90.0,83.61619231222305,fechner
1669,25_epo,91.0,83.61619231222305,fechner
1670,25_epo,92.0,83.61619231222305,fechner
1671,25_epo,93.0,83.61619231222305,fechner
1672,25_epo,94.0,83.61619231222305,fechner
1673,25_epo,95.0,83.61619231222305,fechner
1674,2_epo,3.0,81.2632918064689,fechner
1675,2_epo,4.0,81.2632918064691,fechner
1676,2_epo,5.0,81.26329180646916,fechner
1677,2_epo,6.0,81.26329180646918,fechner
1678,2_epo,7.000000000000001,81.2632918064692,fechner
1679,2_epo,8.0,81.2632918064692,fechner
1680,2_epo,9.0,81.26329180646921,fechner
1681,2_epo,10.0,81.26329180646921,fechner
1682,2_epo,11.0,81.26329180646921,fechner
1683,2_epo,12.0,81.26329180646921,fechner
1684,2_epo,13.0,81.26329180646921,fechner
1685,2_epo,14.000000000000002,81.26329180646923,fechner
1686,2_epo,15.0,81.26329180646923,fechner
1687,2_epo,16.0,81.26329180646923,fechner
1688,2_epo,17.0,81.26329180646923,fechner
1689,2_epo,18.0,81.26329180646923,fechner
1690,2_epo,19.0,81.26329180646923,fechner
1691,2_epo,20.0,81.26329180646923,fechner
1692,2_epo,21.0,81.26329180646923,fechner
1693,2_epo,22.0,81.26329180646923,fechner
1694,2_epo,23.0,81.26329180646923,fechner
1695,2_epo,24.0,81.26329180646923,fechner
1696,2_epo,25.0,81.26329180646923,fechner
1697,2_epo,26.0,81.26329180646923,fechner
1698,2_epo,27.0,81.26329180646923,fechner
1699,2_epo,28.000000000000004,81.26329180646923,fechner
1700,2_epo,28.999999999999996,81.26329180646923,fechner
1701,2_epo,30.0,81.26329180646923,fechner
1702,2_epo,31.0,81.26329180646923,fechner
1703,2_epo,32.0,81.26329180646923,fechner
1704,2_epo,33.0,81.26329180646923,fechner
1705,2_epo,34.0,81.26329180646923,fechner
1706,2_epo,35.0,81.26329180646923,fechner
1707,2_epo,36.0,81.26329180646923,fechner
1708,2_epo,37.0,81.26329180646923,fechner
1709,2_epo,38.0,81.26329180646923,fechner
1710,2_epo,39.0,81.26329180646923,fechner
1711,2_epo,40.0,81.26329180646923,fechner
1712,2_epo,41.0,81.26329180646923,fechner
1713,2_epo,42.0,81.26329180646923,fechner
1714,2_epo,43.0,81.26329180646923,fechner
1715,2_epo,44.0,81.26329180646923,fechner
1716,2_epo,45.0,81.26329180646923,fechner
1717,2_epo,46.0,81.26329180646923,fechner
1718,2_epo,47.0,81.26329180646923,fechner
1719,2_epo,48.0,81.26329180646923,fechner
1720,2_epo,49.0,81.26329180646923,fechner
1721,2_epo,50.0,81.26329180646923,fechner
1722,2_epo,51.0,81.26329180646923,fechner
1723,2_epo,52.0,81.26329180646923,fechner
1724,2_epo,53.0,81.26329180646923,fechner
1725,2_epo,54.0,81.26329180646923,fechner
1726,2_epo,55.00000000000001,81.26329180646923,fechner
1727,2_epo,56.00000000000001,81.26329180646923,fechner
1728,2_epo,56.99999999999999,81.26329180646923,fechner
1729,2_epo,57.99999999999999,81.26329180646923,fechner
1730,2_epo,59.0,81.26329180646923,fechner
1731,2_epo,60.0,81.26329180646923,fechner
1732,2_epo,61.0,81.26329180646923,fechner
1733,2_epo,62.0,81.26329180646923,fechner
1734,2_epo,63.0,81.26329180646923,fechner
1735,2_epo,64.0,81.26329180646923,fechner
1736,2_epo,65.0,81.26329180646923,fechner
1737,2_epo,66.0,81.26329180646923,fechner
1738,2_epo,67.0,81.26329180646923,fechner
1739,2_epo,68.0,81.26329180646923,fechner
1740,2_epo,69.0,81.26329180646923,fechner
1741,2_epo,70.0,81.26329180646923,fechner
1742,2_epo,71.0,81.26329180646923,fechner
1743,2_epo,72.0,81.26329180646923,fechner
1744,2_epo,73.0,81.26329180646923,fechner
1745,2_epo,74.0,81.26329180646923,fechner
1746,2_epo,75.0,81.26329180646923,fechner
1747,2_epo,76.0,81.26329180646923,fechner
1748,2_epo,77.0,81.26329180646923,fechner
1749,2_epo,78.0,81.26329180646923,fechner
1750,2_epo,79.0,81.26329180646923,fechner
1751,2_epo,80.0,81.26329180646923,fechner
1752,2_epo,81.0,81.26329180646923,fechner
1753,2_epo,82.0,81.26329180646923,fechner
1754,2_epo,83.0,81.26329180646923,fechner
1755,2_epo,84.0,81.26329180646923,fechner
1756,2_epo,85.0,81.26329180646923,fechner
1757,2_epo,86.0,81.26329180646923,fechner
1758,2_epo,87.0,81.26329180646923,fechner
1759,2_epo,88.0,81.26329180646923,fechner
1760,2_epo,89.0,81.26329180646923,fechner
1761,2_epo,90.0,81.26329180646923,fechner
1762,2_epo,91.0,81.26329180646923,fechner
1763,2_epo,92.0,81.26329180646923,fechner
1764,2_epo,93.0,81.26329180646923,fechner
1765,2_epo,94.0,81.26329180646923,fechner
1766,2_epo,95.0,81.26329180646923,fechner
1767,3_epo,3.0,63.847452522044584,fechner
1768,3_epo,4.0,65.5692841247567,fechner
1769,3_epo,5.0,66.99009002690285,fechner
1770,3_epo,6.0,68.22394815897876,fechner
1771,3_epo,7.000000000000001,69.28461189112433,fechner
1772,3_epo,8.0,70.18467354062278,fechner
1773,3_epo,9.0,70.94211737735704,fechner
1774,3_epo,10.0,71.57721406267076,fechner
1775,3_epo,11.0,72.10964698127239,fechner
1776,3_epo,12.0,72.55701087510707,fechner
1777,3_epo,13.0,72.93431217331717,fechner
1778,3_epo,14.000000000000002,73.25401164323857,fechner
1779,3_epo,15.0,73.52630415394404,fechner
1780,3_epo,16.0,73.75946894643897,fechner
1781,3_epo,17.0,73.96021097043666,fechner
1782,3_epo,18.0,74.13396140512751,fechner
1783,3_epo,19.0,74.28512905894615,fechner
1784,3_epo,20.0,74.41730488772403,fechner
1785,3_epo,21.0,74.53342582199015,fechner
1786,3_epo,22.0,74.6359049350774,fechner
1787,3_epo,23.0,74.72673449546281,fechner
1788,3_epo,24.0,74.80756749583477,fechner
1789,3_epo,25.0,74.87978223320891,fechner
1790,3_epo,26.0,74.94453359107113,fechner
1791,3_epo,27.0,75.00279389735759,fechner
1792,3_epo,28.000000000000004,75.05538560326441,fechner
1793,3_epo,28.999999999999996,75.10300753035615,fechner
1794,3_epo,30.0,75.14625604482832,fechner
1795,3_epo,31.0,75.18564221638756,fechner
1796,3_epo,32.0,75.22160578627208,fechner
1797,3_epo,33.0,75.25452658908242,fechner
1798,3_epo,34.0,75.28473393414251,fechner
1799,3_epo,35.0,75.31251434457265,fechner
1800,3_epo,36.0,75.33811796881564,fechner
1801,3_epo,37.0,75.36176391441505,fechner
1802,3_epo,38.0,75.38364470312425,fechner
1803,3_epo,39.0,75.40393000666414,fechner
1804,3_epo,40.0,75.42276979115881,fechner
1805,3_epo,41.0,75.44029697355774,fechner
1806,3_epo,42.0,75.45662967374344,fechner
1807,3_epo,43.0,75.47187313040816,fechner
1808,3_epo,44.0,75.4861213362947,fechner
1809,3_epo,45.0,75.49945843837409,fechner
1810,3_epo,46.0,75.51195994045435,fechner
1811,3_epo,47.0,75.5236937391811,fechner
1812,3_epo,48.0,75.5347210190852,fechner
1813,3_epo,49.0,75.54509702800871,fechner
1814,3_epo,50.0,75.55487175070564,fechner
1815,3_epo,51.0,75.56409049551095,fechner
1816,3_epo,52.0,75.57279440658313,fechner
1817,3_epo,53.0,75.58102091225045,fechner
1818,3_epo,54.0,75.58880411835543,fechner
1819,3_epo,55.00000000000001,75.59617515413123,fechner
1820,3_epo,56.00000000000001,75.60316247700953,fechner
1821,3_epo,56.99999999999999,75.60979214180996,fechner
1822,3_epo,57.99999999999999,75.6160880389657,fechner
1823,3_epo,59.0,75.62207210576948,fechner
1824,3_epo,60.0,75.62776451406013,fechner
1825,3_epo,61.0,75.63318383729157,fechner
1826,3_epo,62.0,75.6383471995212,fechner
1827,3_epo,63.0,75.64327040851057,fechner
1828,3_epo,64.0,75.64796807483732,fechner
1829,3_epo,65.0,75.65245371866747,fechner
1830,3_epo,66.0,75.65673986562163,fechner
1831,3_epo,67.0,75.6608381329858,fechner
1832,3_epo,68.0,75.66475930735781,fechner
1833,3_epo,69.0,75.66851341468538,fechner
1834,3_epo,70.0,75.67210978353245,fechner
1835,3_epo,71.0,75.67555710231021,fechner
1836,3_epo,72.0,75.67886347111927,fechner
1837,3_epo,73.0,75.68203644877367,fechner
1838,3_epo,74.0,75.68508309551027,fechner
1839,3_epo,75.0,75.68801001182858,fechner
1840,3_epo,76.0,75.69082337385578,fechner
1841,3_epo,77.0,75.69352896558645,fechner
1842,3_epo,78.0,75.69613220830806,fechner
1843,3_epo,79.0,75.69863818748874,fechner
1844,3_epo,80.0,75.7010516773737,fechner
1845,3_epo,81.0,75.70337716351038,fechner
1846,3_epo,82.0,75.70561886339874,fechner
1847,3_epo,83.0,75.70778074544238,fechner
1848,3_epo,84.0,75.70986654635844,fechner
1849,3_epo,85.0,75.71187978718707,fechner
1850,3_epo,86.0,75.71382378802794,fechner
1851,3_epo,87.0,75.71570168161746,fechner
1852,3_epo,88.0,75.7175164258501,fechner
1853,3_epo,89.0,75.7192708153359,fechner
1854,3_epo,90.0,75.7209674920782,fechner
1855,3_epo,91.0,75.72260895534707,fechner
1856,3_epo,92.0,75.72419757081688,fechner
1857,3_epo,93.0,75.72573557902965,fechner
1858,3_epo,94.0,75.72722510324074,fechner
1859,3_epo,95.0,75.72866815669744,fechner
1860,4_epo,3.0,73.03696859366876,fechner
1861,4_epo,4.0,73.03696859366876,fechner
1862,4_epo,5.0,73.03696859366876,fechner
1863,4_epo,6.0,73.03696859366876,fechner
1864,4_epo,7.000000000000001,73.03696859366876,fechner
1865,4_epo,8.0,73.03696859366876,fechner
1866,4_epo,9.0,73.03696859366876,fechner
1867,4_epo,10.0,73.03696859366876,fechner
1868,4_epo,11.0,73.03696859366876,fechner
1869,4_epo,12.0,73.03696859366876,fechner
1870,4_epo,13.0,73.03696859366876,fechner
1871,4_epo,14.000000000000002,73.03696859366876,fechner
1872,4_epo,15.0,73.03696859366876,fechner
1873,4_epo,16.0,73.03696859366876,fechner
1874,4_epo,17.0,73.03696859366876,fechner
1875,4_epo,18.0,73.03696859366876,fechner
1876,4_epo,19.0,73.03696859366876,fechner
1877,4_epo,20.0,73.03696859366876,fechner
1878,4_epo,21.0,73.03696859366876,fechner
1879,4_epo,22.0,73.03696859366876,fechner
1880,4_epo,23.0,73.03696859366876,fechner
1881,4_epo,24.0,73.03696859366876,fechner
1882,4_epo,25.0,73.03696859366876,fechner
1883,4_epo,26.0,73.03696859366876,fechner
1884,4_epo,27.0,73.03696859366876,fechner
1885,4_epo,28.000000000000004,73.03696859366876,fechner
1886,4_epo,28.999999999999996,73.03696859366876,fechner
1887,4_epo,30.0,73.03696859366876,fechner
1888,4_epo,31.0,73.03696859366876,fechner
1889,4_epo,32.0,73.03696859366876,fechner
1890,4_epo,33.0,73.03696859366876,fechner
1891,4_epo,34.0,73.03696859366876,fechner
1892,4_epo,35.0,73.03696859366876,fechner
1893,4_epo,36.0,73.03696859366876,fechner
1894,4_epo,37.0,73.03696859366876,fechner
1895,4_epo,38.0,73.03696859366876,fechner
1896,4_epo,39.0,73.03696859366876,fechner
1897,4_epo,40.0,73.03696859366876,fechner
1898,4_epo,41.0,73.03696859366876,fechner
1899,4_epo,42.0,73.03696859366876,fechner
1900,4_epo,43.0,73.03696859366876,fechner
1901,4_epo,44.0,73.03696859366876,fechner
1902,4_epo,45.0,73.03696859366876,fechner
1903,4_epo,46.0,73.03696859366876,fechner
1904,4_epo,47.0,73.03696859366876,fechner
1905,4_epo,48.0,73.03696859366876,fechner
1906,4_epo,49.0,73.03696859366876,fechner
1907,4_epo,50.0,73.03696859366876,fechner
1908,4_epo,51.0,73.03696859366876,fechner
1909,4_epo,52.0,73.03696859366876,fechner
1910,4_epo,53.0,73.03696859366876,fechner
1911,4_epo,54.0,73.03696859366876,fechner
1912,4_epo,55.00000000000001,73.03696859366876,fechner
1913,4_epo,56.00000000000001,73.03696859366876,fechner
1914,4_epo,56.99999999999999,73.03696859366876,fechner
1915,4_epo,57.99999999999999,73.03696859366876,fechner
1916,4_epo,59.0,73.03696859366876,fechner
1917,4_epo,60.0,73.03696859366876,fechner
1918,4_epo,61.0,73.03696859366876,fechner
1919,4_epo,62.0,73.03696859366876,fechner
1920,4_epo,63.0,73.03696859366876,fechner
1921,4_epo,64.0,73.03696859366876,fechner
1922,4_epo,65.0,73.03696859366876,fechner
1923,4_epo,66.0,73.03696859366876,fechner
1924,4_epo,67.0,73.03696859366876,fechner
1925,4_epo,68.0,73.03696859366876,fechner
1926,4_epo,69.0,73.03696859366876,fechner
1927,4_epo,70.0,73.03696859366876,fechner
1928,4_epo,71.0,73.03696859366876,fechner
1929,4_epo,72.0,73.03696859366876,fechner
1930,4_epo,73.0,73.03696859366876,fechner
1931,4_epo,74.0,73.03696859366876,fechner
1932,4_epo,75.0,73.03696859366876,fechner
1933,4_epo,76.0,73.03696859366876,fechner
1934,4_epo,77.0,73.03696859366876,fechner
1935,4_epo,78.0,73.03696859366876,fechner
1936,4_epo,79.0,73.03696859366876,fechner
1937,4_epo,80.0,73.03696859366876,fechner
1938,4_epo,81.0,73.03696859366876,fechner
1939,4_epo,82.0,73.03696859366876,fechner
1940,4_epo,83.0,73.03696859366876,fechner
1941,4_epo,84.0,73.03696859366876,fechner
1942,4_epo,85.0,73.03696859366876,fechner
1943,4_epo,86.0,73.03696859366876,fechner
1944,4_epo,87.0,73.03696859366876,fechner
1945,4_epo,88.0,73.03696859366876,fechner
1946,4_epo,89.0,73.03696859366876,fechner
1947,4_epo,90.0,73.03696859366876,fechner
1948,4_epo,91.0,73.03696859366876,fechner
1949,4_epo,92.0,73.03696859366876,fechner
1950,4_epo,93.0,73.03696859366876,fechner
1951,4_epo,94.0,73.03696859366876,fechner
1952,4_epo,95.0,73.03696859366876,fechner
1953,5_epo,3.0,64.14965247931956,fechner
1954,5_epo,4.0,64.14965310905525,fechner
1955,5_epo,5.0,64.14965327406276,fechner
1956,5_epo,6.0,64.14965334747798,fechner
1957,5_epo,7.000000000000001,64.1496533875372,fechner
1958,5_epo,8.0,64.14965341206548,fechner
1959,5_epo,9.0,64.1496534282667,fechner
1960,5_epo,10.0,64.14965343956467,fechner
1961,5_epo,11.0,64.14965344777372,fechner
1962,5_epo,12.0,64.14965345393415,fechner
1963,5_epo,13.0,64.14965345867968,fechner
1964,5_epo,14.000000000000002,64.14965346241523,fechner
1965,5_epo,15.0,64.14965346540987,fechner
1966,5_epo,16.0,64.14965346784824,fechner
1967,5_epo,17.0,64.14965346986062,fechner
1968,5_epo,18.0,64.14965347154114,fechner
1969,5_epo,19.0,64.1496534729592,fechner
1970,5_epo,20.0,64.14965347416693,fechner
1971,5_epo,21.0,64.14965347520405,fechner
1972,5_epo,22.0,64.14965347610134,fechner
1973,5_epo,23.0,64.1496534768829,fechner
1974,5_epo,24.0,64.14965347756788,fechner
1975,5_epo,25.0,64.14965347817157,fechner
1976,5_epo,26.0,64.14965347870637,fechner
1977,5_epo,27.0,64.1496534791824,fechner
1978,5_epo,28.000000000000004,64.14965347960799,fechner
1979,5_epo,28.999999999999996,64.14965347999002,fechner
1980,5_epo,30.0,64.14965348033425,fechner
1981,5_epo,31.0,64.1496534806455,fechner
1982,5_epo,32.0,64.14965348092788,fechner
1983,5_epo,33.0,64.14965348118484,fechner
1984,5_epo,34.0,64.14965348141936,fechner
1985,5_epo,35.0,64.14965348163399,fechner
1986,5_epo,36.0,64.14965348183088,fechner
1987,5_epo,37.0,64.14965348201197,fechner
1988,5_epo,38.0,64.1496534821789,fechner
1989,5_epo,39.0,64.14965348233311,fechner
1990,5_epo,40.0,64.14965348247586,fechner
1991,5_epo,41.0,64.14965348260824,fechner
1992,5_epo,42.0,64.14965348273125,fechner
1993,5_epo,43.0,64.14965348284578,fechner
1994,5_epo,44.0,64.14965348295254,fechner
1995,5_epo,45.0,64.14965348305225,fechner
1996,5_epo,46.0,64.14965348314551,fechner
1997,5_epo,47.0,64.14965348323287,fechner
1998,5_epo,48.0,64.14965348331482,fechner
1999,5_epo,49.0,64.14965348339179,fechner
2000,5_epo,50.0,64.14965348346416,fechner
2001,5_epo,51.0,64.14965348353233,fechner
2002,5_epo,52.0,64.14965348359658,fechner
2003,5_epo,53.0,64.14965348365723,fechner
2004,5_epo,54.0,64.14965348371453,fechner
2005,5_epo,55.00000000000001,64.14965348376872,fechner
2006,5_epo,56.00000000000001,64.14965348382005,fechner
2007,5_epo,56.99999999999999,64.14965348386866,fechner
2008,5_epo,57.99999999999999,64.14965348391482,fechner
2009,5_epo,59.0,64.14965348395862,fechner
2010,5_epo,60.0,64.14965348400024,fechner
2011,5_epo,61.0,64.14965348403985,fechner
2012,5_epo,62.0,64.14965348407755,fechner
2013,5_epo,63.0,64.14965348411344,fechner
2014,5_epo,64.0,64.14965348414769,fechner
2015,5_epo,65.0,64.14965348418036,fechner
2016,5_epo,66.0,64.14965348421154,fechner
2017,5_epo,67.0,64.14965348424136,fechner
2018,5_epo,68.0,64.14965348426985,fechner
2019,5_epo,69.0,64.14965348429712,fechner
2020,5_epo,70.0,64.14965348432322,fechner
2021,5_epo,71.0,64.14965348434824,fechner
2022,5_epo,72.0,64.14965348437221,fechner
2023,5_epo,73.0,64.1496534843952,fechner
2024,5_epo,74.0,64.14965348441727,fechner
2025,5_epo,75.0,64.14965348443845,fechner
2026,5_epo,76.0,64.14965348445881,fechner
2027,5_epo,77.0,64.14965348447838,fechner
2028,5_epo,78.0,64.14965348449721,fechner
2029,5_epo,79.0,64.1496534845153,fechner
2030,5_epo,80.0,64.14965348453275,fechner
2031,5_epo,81.0,64.14965348454955,fechner
2032,5_epo,82.0,64.14965348456572,fechner
2033,5_epo,83.0,64.14965348458132,fechner
2034,5_epo,84.0,64.14965348459637,fechner
2035,5_epo,85.0,64.14965348461088,fechner
2036,5_epo,86.0,64.14965348462488,fechner
2037,5_epo,87.0,64.1496534846384,fechner
2038,5_epo,88.0,64.14965348465148,fechner
2039,5_epo,89.0,64.14965348466413,fechner
2040,5_epo,90.0,64.14965348467634,fechner
2041,5_epo,91.0,64.14965348468814,fechner
2042,5_epo,92.0,64.14965348469958,fechner
2043,5_epo,93.0,64.14965348471065,fechner
2044,5_epo,94.0,64.14965348472136,fechner
2045,5_epo,95.0,64.14965348473174,fechner
2046,6_epo,3.0,63.712341328367394,fechner
2047,6_epo,4.0,63.712737467957986,fechner
2048,6_epo,5.0,63.71284138007512,fechner
2049,6_epo,6.0,63.71288762779911,fechner
2050,6_epo,7.000000000000001,63.71291286692686,fechner
2051,6_epo,8.0,63.71292832222701,fechner
2052,6_epo,9.0,63.71293853119609,fechner
2053,6_epo,10.0,63.712945650736344,fechner
2054,6_epo,11.0,63.71295082387923,fechner
2055,6_epo,12.0,63.7129547061182,fechner
2056,6_epo,13.0,63.71295769674584,fechner
2057,6_epo,14.000000000000002,63.71296005091699,fechner
2058,6_epo,15.0,63.71296193816772,fechner
2059,6_epo,16.0,63.71296347486534,fechner
2060,6_epo,17.0,63.712964743111364,fechner
2061,6_epo,18.0,63.71296580221709,fechner
2062,6_epo,19.0,63.71296669591921,fechner
2063,6_epo,20.0,63.7129674570564,fechner
2064,6_epo,21.0,63.71296811068165,fechner
2065,6_epo,22.0,63.712968676182314,fechner
2066,6_epo,23.0,63.712969168754476,fechner
2067,6_epo,24.0,63.712969600447366,fechner
2068,6_epo,25.0,63.712969980915716,fechner
2069,6_epo,26.0,63.71297031796999,fechner
2070,6_epo,27.0,63.712970617984226,fechner
2071,6_epo,28.000000000000004,63.712970886202285,fechner
2072,6_epo,28.999999999999996,63.71297112697046,fechner
2073,6_epo,30.0,63.71297134391593,fechner
2074,6_epo,31.0,63.712971540085164,fechner
2075,6_epo,32.0,63.71297171805218,fechner
2076,6_epo,33.0,63.712971880003884,fechner
2077,6_epo,34.0,63.712972027807986,fechner
2078,6_epo,35.0,63.71297216306737,fechner
2079,6_epo,36.0,63.712972287163936,fechner
2080,6_epo,37.0,63.712972401294266,fechner
2081,6_epo,38.0,63.712972506498645,fechner
2082,6_epo,39.0,63.712972603684925,fechner
2083,6_epo,40.0,63.71297269364837,fechner
2084,6_epo,41.0,63.71297277708794,fechner
2085,6_epo,42.0,63.71297285461996,fechner
2086,6_epo,43.0,63.71297292678964,fechner
2087,6_epo,44.0,63.712972994080644,fechner
2088,6_epo,45.0,63.71297305692329,fechner
2089,6_epo,46.0,63.71297311570142,fechner
2090,6_epo,47.0,63.7129731707584,fechner
2091,6_epo,48.0,63.71297322240196,fechner
2092,6_epo,49.0,63.71297327090872,fechner
2093,6_epo,50.0,63.71297331652781,fechner
2094,6_epo,51.0,63.71297335948409,fechner
2095,6_epo,52.0,63.71297339998092,fechner
2096,6_epo,53.0,63.71297343820263,fechner
2097,6_epo,54.0,63.712973474316605,fechner
2098,6_epo,55.00000000000001,63.71297350847506,fechner
2099,6_epo,56.00000000000001,63.71297354081675,fechner
2100,6_epo,56.99999999999999,63.7129735714683,fechner
2101,6_epo,57.99999999999999,63.712973600545524,fechner
2102,6_epo,59.0,63.71297362815444,fechner
2103,6_epo,60.0,63.71297365439232,fechner
2104,6_epo,61.0,63.71297367934849,fechner
2105,6_epo,62.0,63.71297370310512,fechner
2106,6_epo,63.0,63.7129737257379,fechner
2107,6_epo,64.0,63.71297374731666,fechner
2108,6_epo,65.0,63.71297376790583,fechner
2109,6_epo,66.0,63.71297378756505,fechner
2110,6_epo,67.0,63.712973806349495,fechner
2111,6_epo,68.0,63.71297382431033,fechner
2112,6_epo,69.0,63.712973841495035,fechner
2113,6_epo,70.0,63.71297385794768,fechner
2114,6_epo,71.0,63.71297387370928,fechner
2115,6_epo,72.0,63.71297388881801,fechner
2116,6_epo,73.0,63.71297390330946,fechner
2117,6_epo,74.0,63.71297391721679,fechner
2118,6_epo,75.0,63.71297393057102,fechner
2119,6_epo,76.0,63.71297394340106,fechner
2120,6_epo,77.0,63.712973955734014,fechner
2121,6_epo,78.0,63.71297396759523,fechner
2122,6_epo,79.0,63.71297397900849,fechner
2123,6_epo,80.0,63.71297398999605,fechner
2124,6_epo,81.0,63.712974000578846,fechner
2125,6_epo,82.0,63.71297401077651,fechner
2126,6_epo,83.0,63.712974020607504,fechner
2127,6_epo,84.0,63.71297403008923,fechner
2128,6_epo,85.0,63.712974039238006,fechner
2129,6_epo,86.0,63.71297404806926,fechner
2130,6_epo,87.0,63.712974056597524,fechner
2131,6_epo,88.0,63.71297406483649,fechner
2132,6_epo,89.0,63.712974072799106,fechner
2133,6_epo,90.0,63.7129740804976,fechner
2134,6_epo,91.0,63.71297408794352,fechner
2135,6_epo,92.0,63.712974095147814,fechner
2136,6_epo,93.0,63.7129741021208,fechner
2137,6_epo,94.0,63.7129741088723,fechner
2138,6_epo,95.0,63.71297411541159,fechner
2139,7_epo,3.0,66.26413829970636,fechner
2140,7_epo,4.0,66.26413829970636,fechner
2141,7_epo,5.0,66.26413829970636,fechner
2142,7_epo,6.0,66.26413829970636,fechner
2143,7_epo,7.000000000000001,66.26413829970636,fechner
2144,7_epo,8.0,66.26413829970636,fechner
2145,7_epo,9.0,66.26413829970636,fechner
2146,7_epo,10.0,66.26413829970636,fechner
2147,7_epo,11.0,66.26413829970636,fechner
2148,7_epo,12.0,66.26413829970636,fechner
2149,7_epo,13.0,66.26413829970636,fechner
2150,7_epo,14.000000000000002,66.26413829970636,fechner
2151,7_epo,15.0,66.26413829970636,fechner
2152,7_epo,16.0,66.26413829970636,fechner
2153,7_epo,17.0,66.26413829970636,fechner
2154,7_epo,18.0,66.26413829970636,fechner
2155,7_epo,19.0,66.26413829970636,fechner
2156,7_epo,20.0,66.26413829970636,fechner
2157,7_epo,21.0,66.26413829970636,fechner
2158,7_epo,22.0,66.26413829970636,fechner
2159,7_epo,23.0,66.26413829970636,fechner
2160,7_epo,24.0,66.26413829970636,fechner
2161,7_epo,25.0,66.26413829970636,fechner
2162,7_epo,26.0,66.26413829970636,fechner
2163,7_epo,27.0,66.26413829970636,fechner
2164,7_epo,28.000000000000004,66.26413829970636,fechner
2165,7_epo,28.999999999999996,66.26413829970636,fechner
2166,7_epo,30.0,66.26413829970636,fechner
2167,7_epo,31.0,66.26413829970636,fechner
2168,7_epo,32.0,66.26413829970636,fechner
2169,7_epo,33.0,66.26413829970636,fechner
2170,7_epo,34.0,66.26413829970636,fechner
2171,7_epo,35.0,66.26413829970636,fechner
2172,7_epo,36.0,66.26413829970636,fechner
2173,7_epo,37.0,66.26413829970636,fechner
2174,7_epo,38.0,66.26413829970636,fechner
2175,7_epo,39.0,66.26413829970636,fechner
2176,7_epo,40.0,66.26413829970636,fechner
2177,7_epo,41.0,66.26413829970636,fechner
2178,7_epo,42.0,66.26413829970636,fechner
2179,7_epo,43.0,66.26413829970636,fechner
2180,7_epo,44.0,66.26413829970636,fechner
2181,7_epo,45.0,66.26413829970636,fechner
2182,7_epo,46.0,66.26413829970636,fechner
2183,7_epo,47.0,66.26413829970636,fechner
2184,7_epo,48.0,66.26413829970636,fechner
2185,7_epo,49.0,66.26413829970636,fechner
2186,7_epo,50.0,66.26413829970636,fechner
2187,7_epo,51.0,66.26413829970636,fechner
2188,7_epo,52.0,66.26413829970636,fechner
2189,7_epo,53.0,66.26413829970636,fechner
2190,7_epo,54.0,66.26413829970636,fechner
2191,7_epo,55.00000000000001,66.26413829970636,fechner
2192,7_epo,56.00000000000001,66.26413829970636,fechner
2193,7_epo,56.99999999999999,66.26413829970636,fechner
2194,7_epo,57.99999999999999,66.26413829970636,fechner
2195,7_epo,59.0,66.26413829970636,fechner
2196,7_epo,60.0,66.26413829970636,fechner
2197,7_epo,61.0,66.26413829970636,fechner
2198,7_epo,62.0,66.26413829970636,fechner
2199,7_epo,63.0,66.26413829970636,fechner
2200,7_epo,64.0,66.26413829970636,fechner
2201,7_epo,65.0,66.26413829970636,fechner
2202,7_epo,66.0,66.26413829970636,fechner
2203,7_epo,67.0,66.26413829970636,fechner
2204,7_epo,68.0,66.26413829970636,fechner
2205,7_epo,69.0,66.26413829970636,fechner
2206,7_epo,70.0,66.26413829970636,fechner
2207,7_epo,71.0,66.26413829970636,fechner
2208,7_epo,72.0,66.26413829970636,fechner
2209,7_epo,73.0,66.26413829970636,fechner
2210,7_epo,74.0,66.26413829970636,fechner
2211,7_epo,75.0,66.26413829970636,fechner
2212,7_epo,76.0,66.26413829970636,fechner
2213,7_epo,77.0,66.26413829970636,fechner
2214,7_epo,78.0,66.26413829970636,fechner
2215,7_epo,79.0,66.26413829970636,fechner
2216,7_epo,80.0,66.26413829970636,fechner
2217,7_epo,81.0,66.26413829970636,fechner
2218,7_epo,82.0,66.26413829970636,fechner
2219,7_epo,83.0,66.26413829970636,fechner
2220,7_epo,84.0,66.26413829970636,fechner
2221,7_epo,85.0,66.26413829970636,fechner
2222,7_epo,86.0,66.26413829970636,fechner
2223,7_epo,87.0,66.26413829970636,fechner
2224,7_epo,88.0,66.26413829970636,fechner
2225,7_epo,89.0,66.26413829970636,fechner
2226,7_epo,90.0,66.26413829970636,fechner
2227,7_epo,91.0,66.26413829970636,fechner
2228,7_epo,92.0,66.26413829970636,fechner
2229,7_epo,93.0,66.26413829970636,fechner
2230,7_epo,94.0,66.26413829970636,fechner
2231,7_epo,95.0,66.26413829970636,fechner
2232,8_epo,3.0,68.90836156863202,fechner
2233,8_epo,4.0,68.90836156863202,fechner
2234,8_epo,5.0,68.90836156863202,fechner
2235,8_epo,6.0,68.90836156863202,fechner
2236,8_epo,7.000000000000001,68.90836156863202,fechner
2237,8_epo,8.0,68.90836156863202,fechner
2238,8_epo,9.0,68.90836156863202,fechner
2239,8_epo,10.0,68.90836156863202,fechner
2240,8_epo,11.0,68.90836156863202,fechner
2241,8_epo,12.0,68.90836156863202,fechner
2242,8_epo,13.0,68.90836156863202,fechner
2243,8_epo,14.000000000000002,68.90836156863202,fechner
2244,8_epo,15.0,68.90836156863202,fechner
2245,8_epo,16.0,68.90836156863202,fechner
2246,8_epo,17.0,68.90836156863202,fechner
2247,8_epo,18.0,68.90836156863202,fechner
2248,8_epo,19.0,68.90836156863202,fechner
2249,8_epo,20.0,68.90836156863202,fechner
2250,8_epo,21.0,68.90836156863202,fechner
2251,8_epo,22.0,68.90836156863202,fechner
2252,8_epo,23.0,68.90836156863202,fechner
2253,8_epo,24.0,68.90836156863202,fechner
2254,8_epo,25.0,68.90836156863202,fechner
2255,8_epo,26.0,68.90836156863202,fechner
2256,8_epo,27.0,68.90836156863202,fechner
2257,8_epo,28.000000000000004,68.90836156863202,fechner
2258,8_epo,28.999999999999996,68.90836156863202,fechner
2259,8_epo,30.0,68.90836156863202,fechner
2260,8_epo,31.0,68.90836156863202,fechner
2261,8_epo,32.0,68.90836156863202,fechner
2262,8_epo,33.0,68.90836156863202,fechner
2263,8_epo,34.0,68.90836156863202,fechner
2264,8_epo,35.0,68.90836156863202,fechner
2265,8_epo,36.0,68.90836156863202,fechner
2266,8_epo,37.0,68.90836156863202,fechner
2267,8_epo,38.0,68.90836156863202,fechner
2268,8_epo,39.0,68.90836156863202,fechner
2269,8_epo,40.0,68.90836156863202,fechner
2270,8_epo,41.0,68.90836156863202,fechner
2271,8_epo,42.0,68.90836156863202,fechner
2272,8_epo,43.0,68.90836156863202,fechner
2273,8_epo,44.0,68.90836156863202,fechner
2274,8_epo,45.0,68.90836156863202,fechner
2275,8_epo,46.0,68.90836156863202,fechner
2276,8_epo,47.0,68.90836156863202,fechner
2277,8_epo,48.0,68.90836156863202,fechner
2278,8_epo,49.0,68.90836156863202,fechner
2279,8_epo,50.0,68.90836156863202,fechner
2280,8_epo,51.0,68.90836156863202,fechner
2281,8_epo,52.0,68.90836156863202,fechner
2282,8_epo,53.0,68.90836156863202,fechner
2283,8_epo,54.0,68.90836156863202,fechner
2284,8_epo,55.00000000000001,68.90836156863202,fechner
2285,8_epo,56.00000000000001,68.90836156863202,fechner
2286,8_epo,56.99999999999999,68.90836156863202,fechner
2287,8_epo,57.99999999999999,68.90836156863202,fechner
2288,8_epo,59.0,68.90836156863202,fechner
2289,8_epo,60.0,68.90836156863202,fechner
2290,8_epo,61.0,68.90836156863202,fechner
2291,8_epo,62.0,68.90836156863202,fechner
2292,8_epo,63.0,68.90836156863202,fechner
2293,8_epo,64.0,68.90836156863202,fechner
2294,8_epo,65.0,68.90836156863202,fechner
2295,8_epo,66.0,68.90836156863202,fechner
2296,8_epo,67.0,68.90836156863202,fechner
2297,8_epo,68.0,68.90836156863202,fechner
2298,8_epo,69.0,68.90836156863202,fechner
2299,8_epo,70.0,68.90836156863202,fechner
2300,8_epo,71.0,68.90836156863202,fechner
2301,8_epo,72.0,68.90836156863202,fechner
2302,8_epo,73.0,68.90836156863202,fechner
2303,8_epo,74.0,68.90836156863202,fechner
2304,8_epo,75.0,68.90836156863202,fechner
2305,8_epo,76.0,68.90836156863202,fechner
2306,8_epo,77.0,68.90836156863202,fechner
2307,8_epo,78.0,68.90836156863202,fechner
2308,8_epo,79.0,68.90836156863202,fechner
2309,8_epo,80.0,68.90836156863202,fechner
2310,8_epo,81.0,68.90836156863202,fechner
2311,8_epo,82.0,68.90836156863202,fechner
2312,8_epo,83.0,68.90836156863202,fechner
2313,8_epo,84.0,68.90836156863202,fechner
2314,8_epo,85.0,68.90836156863202,fechner
2315,8_epo,86.0,68.90836156863202,fechner
2316,8_epo,87.0,68.90836156863202,fechner
2317,8_epo,88.0,68.90836156863202,fechner
2318,8_epo,89.0,68.90836156863202,fechner
2319,8_epo,90.0,68.90836156863202,fechner
2320,8_epo,91.0,68.90836156863202,fechner
2321,8_epo,92.0,68.90836156863202,fechner
2322,8_epo,93.0,68.90836156863202,fechner
2323,8_epo,94.0,68.90836156863202,fechner
2324,8_epo,95.0,68.90836156863202,fechner
2325,9_epo,3.0,90.30505952661215,fechner
2326,9_epo,4.0,90.30505952661215,fechner
2327,9_epo,5.0,90.30505952661215,fechner
2328,9_epo,6.0,90.30505952661215,fechner
2329,9_epo,7.000000000000001,90.30505952661215,fechner
2330,9_epo,8.0,90.30505952661215,fechner
2331,9_epo,9.0,90.30505952661215,fechner
2332,9_epo,10.0,90.30505952661215,fechner
2333,9_epo,11.0,90.30505952661215,fechner
2334,9_epo,12.0,90.30505952661215,fechner
2335,9_epo,13.0,90.30505952661215,fechner
2336,9_epo,14.000000000000002,90.30505952661215,fechner
2337,9_epo,15.0,90.30505952661215,fechner
2338,9_epo,16.0,90.30505952661215,fechner
2339,9_epo,17.0,90.30505952661215,fechner
2340,9_epo,18.0,90.30505952661215,fechner
2341,9_epo,19.0,90.30505952661215,fechner
2342,9_epo,20.0,90.30505952661215,fechner
2343,9_epo,21.0,90.30505952661215,fechner
2344,9_epo,22.0,90.30505952661215,fechner
2345,9_epo,23.0,90.30505952661215,fechner
2346,9_epo,24.0,90.30505952661215,fechner
2347,9_epo,25.0,90.30505952661215,fechner
2348,9_epo,26.0,90.30505952661215,fechner
2349,9_epo,27.0,90.30505952661215,fechner
2350,9_epo,28.000000000000004,90.30505952661215,fechner
2351,9_epo,28.999999999999996,90.30505952661215,fechner
2352,9_epo,30.0,90.30505952661215,fechner
2353,9_epo,31.0,90.30505952661215,fechner
2354,9_epo,32.0,90.30505952661215,fechner
2355,9_epo,33.0,90.30505952661215,fechner
2356,9_epo,34.0,90.30505952661215,fechner
2357,9_epo,35.0,90.30505952661215,fechner
2358,9_epo,36.0,90.30505952661215,fechner
2359,9_epo,37.0,90.30505952661215,fechner
2360,9_epo,38.0,90.30505952661215,fechner
2361,9_epo,39.0,90.30505952661215,fechner
2362,9_epo,40.0,90.30505952661215,fechner
2363,9_epo,41.0,90.30505952661215,fechner
2364,9_epo,42.0,90.30505952661215,fechner
2365,9_epo,43.0,90.30505952661215,fechner
2366,9_epo,44.0,90.30505952661215,fechner
2367,9_epo,45.0,90.30505952661215,fechner
2368,9_epo,46.0,90.30505952661215,fechner
2369,9_epo,47.0,90.30505952661215,fechner
2370,9_epo,48.0,90.30505952661215,fechner
2371,9_epo,49.0,90.30505952661215,fechner
2372,9_epo,50.0,90.30505952661215,fechner
2373,9_epo,51.0,90.30505952661215,fechner
2374,9_epo,52.0,90.30505952661215,fechner
2375,9_epo,53.0,90.30505952661215,fechner
2376,9_epo,54.0,90.30505952661215,fechner
2377,9_epo,55.00000000000001,90.30505952661215,fechner
2378,9_epo,56.00000000000001,90.30505952661215,fechner
2379,9_epo,56.99999999999999,90.30505952661215,fechner
2380,9_epo,57.99999999999999,90.30505952661215,fechner
2381,9_epo,59.0,90.30505952661215,fechner
2382,9_epo,60.0,90.30505952661215,fechner
2383,9_epo,61.0,90.30505952661215,fechner
2384,9_epo,62.0,90.30505952661215,fechner
2385,9_epo,63.0,90.30505952661215,fechner
2386,9_epo,64.0,90.30505952661215,fechner
2387,9_epo,65.0,90.30505952661215,fechner
2388,9_epo,66.0,90.30505952661215,fechner
2389,9_epo,67.0,90.30505952661215,fechner
2390,9_epo,68.0,90.30505952661215,fechner
2391,9_epo,69.0,90.30505952661215,fechner
2392,9_epo,70.0,90.30505952661215,fechner
2393,9_epo,71.0,90.30505952661215,fechner
2394,9_epo,72.0,90.30505952661215,fechner
2395,9_epo,73.0,90.30505952661215,fechner
2396,9_epo,74.0,90.30505952661215,fechner
2397,9_epo,75.0,90.30505952661215,fechner
2398,9_epo,76.0,90.30505952661215,fechner
2399,9_epo,77.0,90.30505952661215,fechner
2400,9_epo,78.0,90.30505952661215,fechner
2401,9_epo,79.0,90.30505952661215,fechner
2402,9_epo,80.0,90.30505952661215,fechner
2403,9_epo,81.0,90.30505952661215,fechner
2404,9_epo,82.0,90.30505952661215,fechner
2405,9_epo,83.0,90.30505952661215,fechner
2406,9_epo,84.0,90.30505952661215,fechner
2407,9_epo,85.0,90.30505952661215,fechner
2408,9_epo,86.0,90.30505952661215,fechner
2409,9_epo,87.0,90.30505952661215,fechner
2410,9_epo,88.0,90.30505952661215,fechner
2411,9_epo,89.0,90.30505952661215,fechner
2412,9_epo,90.0,90.30505952661215,fechner
2413,9_epo,91.0,90.30505952661215,fechner
2414,9_epo,92.0,90.30505952661215,fechner
2415,9_epo,93.0,90.30505952661215,fechner
2416,9_epo,94.0,90.30505952661215,fechner
2417,9_epo,95.0,90.30505952661215,fechner
