,participant,contrast,mrt,name
0,0_epo,3.0,108.71800731260956,pieron
1,0_epo,4.0,108.71800731260956,pieron
2,0_epo,5.0,108.71800731260956,pieron
3,0_epo,6.0,108.71800731260956,pieron
4,0_epo,7.000000000000001,108.71800731260956,pieron
5,0_epo,8.0,108.71800731260956,pieron
6,0_epo,9.0,108.71800731260956,pieron
7,0_epo,10.0,108.71800731260956,pieron
8,0_epo,11.0,108.71800731260956,pieron
9,0_epo,12.0,108.71800731260956,pieron
10,0_epo,13.0,108.71800731260956,pieron
11,0_epo,14.000000000000002,108.71800731260956,pieron
12,0_epo,15.0,108.71800731260956,pieron
13,0_epo,16.0,108.71800731260956,pieron
14,0_epo,17.0,108.71800731260956,pieron
15,0_epo,18.0,108.71800731260956,pieron
16,0_epo,19.0,108.71800731260956,pieron
17,0_epo,20.0,108.71800731260956,pieron
18,0_epo,21.0,108.71800731260956,pieron
19,0_epo,22.0,108.71800731260956,pieron
20,0_epo,23.0,108.71800731260956,pieron
21,0_epo,24.0,108.71800731260956,pieron
22,0_epo,25.0,108.71800731260956,pieron
23,0_epo,26.0,108.71800731260956,pieron
24,0_epo,27.0,108.71800731260956,pieron
25,0_epo,28.000000000000004,108.71800731260956,pieron
26,0_epo,28.999999999999996,108.71800731260956,pieron
27,0_epo,30.0,108.71800731260956,pieron
28,0_epo,31.0,108.71800731260956,pieron
29,0_epo,32.0,108.71800731260956,pieron
30,0_epo,33.0,108.71800731260956,pieron
31,0_epo,34.0,108.71800731260956,pieron
32,0_epo,35.0,108.71800731260956,pieron
33,0_epo,36.0,108.71800731260956,pieron
34,0_epo,37.0,108.71800731260956,pieron
35,0_epo,38.0,108.71800731260956,pieron
36,0_epo,39.0,108.71800731260956,pieron
37,0_epo,40.0,108.71800731260956,pieron
38,0_epo,41.0,108.71800731260956,pieron
39,0_epo,42.0,108.71800731260956,pieron
40,0_epo,43.0,108.71800731260956,pieron
41,0_epo,44.0,108.71800731260956,pieron
42,0_epo,45.0,108.71800731260956,pieron
43,0_epo,46.0,108.71800731260956,pieron
44,0_epo,47.0,108.71800731260956,pieron
45,0_epo,48.0,108.71800731260956,pieron
46,0_epo,49.0,108.71800731260956,pieron
47,0_epo,50.0,108.71800731260956,pieron
48,0_epo,51.0,108.71800731260956,pieron
49,0_epo,52.0,108.71800731260956,pieron
50,0_epo,53.0,108.71800731260956,pieron
51,0_epo,54.0,108.71800731260956,pieron
52,0_epo,55.00000000000001,108.71800731260956,pieron
53,0_epo,56.00000000000001,108.71800731260956,pieron
54,0_epo,56.99999999999999,108.71800731260956,pieron
55,0_epo,57.99999999999999,108.71800731260956,pieron
56,0_epo,59.0,108.71800731260956,pieron
57,0_epo,60.0,108.71800731260956,pieron
58,0_epo,61.0,108.71800731260956,pieron
59,0_epo,62.0,108.71800731260956,pieron
60,0_epo,63.0,108.71800731260956,pieron
61,0_epo,64.0,108.71800731260956,pieron
62,0_epo,65.0,108.71800731260956,pieron
63,0_epo,66.0,108.71800731260956,pieron
64,0_epo,67.0,108.71800731260956,pieron
65,0_epo,68.0,108.71800731260956,pieron
66,0_epo,69.0,108.71800731260956,pieron
67,0_epo,70.0,108.71800731260956,pieron
68,0_epo,71.0,108.71800731260956,pieron
69,0_epo,72.0,108.71800731260956,pieron
70,0_epo,73.0,108.71800731260956,pieron
71,0_epo,74.0,108.71800731260956,pieron
72,0_epo,75.0,108.71800731260956,pieron
73,0_epo,76.0,108.71800731260956,pieron
74,0_epo,77.0,108.71800731260956,pieron
75,0_epo,78.0,108.71800731260956,pieron
76,0_epo,79.0,108.71800731260956,pieron
77,0_epo,80.0,108.71800731260956,pieron
78,0_epo,81.0,108.71800731260956,pieron
79,0_epo,82.0,108.71800731260956,pieron
80,0_epo,83.0,108.71800731260956,pieron
81,0_epo,84.0,108.71800731260956,pieron
82,0_epo,85.0,108.71800731260956,pieron
83,0_epo,86.0,108.71800731260956,pieron
84,0_epo,87.0,108.71800731260956,pieron
85,0_epo,88.0,108.71800731260956,pieron
86,0_epo,89.0,108.71800731260956,pieron
87,0_epo,90.0,108.71800731260956,pieron
88,0_epo,91.0,108.71800731260956,pieron
89,0_epo,92.0,108.71800731260956,pieron
90,0_epo,93.0,108.71800731260956,pieron
91,0_epo,94.0,108.71800731260956,pieron
92,0_epo,95.0,108.71800731260956,pieron
93,10_epo,3.0,107.11009174310523,pieron
94,10_epo,4.0,107.11009174310523,pieron
95,10_epo,5.0,107.11009174310523,pieron
96,10_epo,6.0,107.11009174310523,pieron
97,10_epo,7.000000000000001,107.11009174310523,pieron
98,10_epo,8.0,107.11009174310523,pieron
99,10_epo,9.0,107.11009174310523,pieron
100,10_epo,10.0,107.11009174310523,pieron
101,10_epo,11.0,107.11009174310523,pieron
102,10_epo,12.0,107.11009174310523,pieron
103,10_epo,13.0,107.11009174310523,pieron
104,10_epo,14.000000000000002,107.11009174310523,pieron
105,10_epo,15.0,107.11009174310523,pieron
106,10_epo,16.0,107.11009174310523,pieron
107,10_epo,17.0,107.11009174310523,pieron
108,10_epo,18.0,107.11009174310523,pieron
109,10_epo,19.0,107.11009174310523,pieron
110,10_epo,20.0,107.11009174310523,pieron
111,10_epo,21.0,107.11009174310523,pieron
112,10_epo,22.0,107.11009174310523,pieron
113,10_epo,23.0,107.11009174310523,pieron
114,10_epo,24.0,107.11009174310523,pieron
115,10_epo,25.0,107.11009174310523,pieron
116,10_epo,26.0,107.11009174310523,pieron
117,10_epo,27.0,107.11009174310523,pieron
118,10_epo,28.000000000000004,107.11009174310523,pieron
119,10_epo,28.999999999999996,107.11009174310523,pieron
120,10_epo,30.0,107.11009174310523,pieron
121,10_epo,31.0,107.11009174310523,pieron
122,10_epo,32.0,107.11009174310523,pieron
123,10_epo,33.0,107.11009174310523,pieron
124,10_epo,34.0,107.11009174310523,pieron
125,10_epo,35.0,107.11009174310523,pieron
126,10_epo,36.0,107.11009174310523,pieron
127,10_epo,37.0,107.11009174310523,pieron
128,10_epo,38.0,107.11009174310523,pieron
129,10_epo,39.0,107.11009174310523,pieron
130,10_epo,40.0,107.11009174310523,pieron
131,10_epo,41.0,107.11009174310523,pieron
132,10_epo,42.0,107.11009174310523,pieron
133,10_epo,43.0,107.11009174310523,pieron
134,10_epo,44.0,107.11009174310523,pieron
135,10_epo,45.0,107.11009174310523,pieron
136,10_epo,46.0,107.11009174310523,pieron
137,10_epo,47.0,107.11009174310523,pieron
138,10_epo,48.0,107.11009174310523,pieron
139,10_epo,49.0,107.11009174310523,pieron
140,10_epo,50.0,107.11009174310523,pieron
141,10_epo,51.0,107.11009174310523,pieron
142,10_epo,52.0,107.11009174310523,pieron
143,10_epo,53.0,107.11009174310523,pieron
144,10_epo,54.0,107.11009174310523,pieron
145,10_epo,55.00000000000001,107.11009174310523,pieron
146,10_epo,56.00000000000001,107.11009174310523,pieron
147,10_epo,56.99999999999999,107.11009174310523,pieron
148,10_epo,57.99999999999999,107.11009174310523,pieron
149,10_epo,59.0,107.11009174310523,pieron
150,10_epo,60.0,107.11009174310523,pieron
151,10_epo,61.0,107.11009174310523,pieron
152,10_epo,62.0,107.11009174310523,pieron
153,10_epo,63.0,107.11009174310523,pieron
154,10_epo,64.0,107.11009174310523,pieron
155,10_epo,65.0,107.11009174310523,pieron
156,10_epo,66.0,107.11009174310523,pieron
157,10_epo,67.0,107.11009174310523,pieron
158,10_epo,68.0,107.11009174310523,pieron
159,10_epo,69.0,107.11009174310523,pieron
160,10_epo,70.0,107.11009174310523,pieron
161,10_epo,71.0,107.11009174310523,pieron
162,10_epo,72.0,107.11009174310523,pieron
163,10_epo,73.0,107.11009174310523,pieron
164,10_epo,74.0,107.11009174310523,pieron
165,10_epo,75.0,107.11009174310523,pieron
166,10_epo,76.0,107.11009174310523,pieron
167,10_epo,77.0,107.11009174310523,pieron
168,10_epo,78.0,107.11009174310523,pieron
169,10_epo,79.0,107.11009174310523,pieron
170,10_epo,80.0,107.11009174310523,pieron
171,10_epo,81.0,107.11009174310523,pieron
172,10_epo,82.0,107.11009174310523,pieron
173,10_epo,83.0,107.11009174310523,pieron
174,10_epo,84.0,107.11009174310523,pieron
175,10_epo,85.0,107.11009174310523,pieron
176,10_epo,86.0,107.11009174310523,pieron
177,10_epo,87.0,107.11009174310523,pieron
178,10_epo,88.0,107.11009174310523,pieron
179,10_epo,89.0,107.11009174310523,pieron
180,10_epo,90.0,107.11009174310523,pieron
181,10_epo,91.0,107.11009174310523,pieron
182,10_epo,92.0,107.11009174310523,pieron
183,10_epo,93.0,107.11009174310523,pieron
184,10_epo,94.0,107.11009174310523,pieron
185,10_epo,95.0,107.11009174310523,pieron
186,11_epo,3.0,116.35301561067128,pieron
187,11_epo,4.0,116.35301561067128,pieron
188,11_epo,5.0,116.35301561067128,pieron
189,11_epo,6.0,116.35301561067128,pieron
190,11_epo,7.000000000000001,116.35301561067128,pieron
191,11_epo,8.0,116.35301561067128,pieron
192,11_epo,9.0,116.35301561067128,pieron
193,11_epo,10.0,116.35301561067128,pieron
194,11_epo,11.0,116.35301561067128,pieron
195,11_epo,12.0,116.35301561067128,pieron
196,11_epo,13.0,116.35301561067128,pieron
197,11_epo,14.000000000000002,116.35301561067128,pieron
198,11_epo,15.0,116.35301561067128,pieron
199,11_epo,16.0,116.35301561067128,pieron
200,11_epo,17.0,116.35301561067128,pieron
201,11_epo,18.0,116.35301561067128,pieron
202,11_epo,19.0,116.35301561067128,pieron
203,11_epo,20.0,116.35301561067128,pieron
204,11_epo,21.0,116.35301561067128,pieron
205,11_epo,22.0,116.35301561067128,pieron
206,11_epo,23.0,116.35301561067128,pieron
207,11_epo,24.0,116.35301561067128,pieron
208,11_epo,25.0,116.35301561067128,pieron
209,11_epo,26.0,116.35301561067128,pieron
210,11_epo,27.0,116.35301561067128,pieron
211,11_epo,28.000000000000004,116.35301561067128,pieron
212,11_epo,28.999999999999996,116.35301561067128,pieron
213,11_epo,30.0,116.35301561067128,pieron
214,11_epo,31.0,116.35301561067128,pieron
215,11_epo,32.0,116.35301561067128,pieron
216,11_epo,33.0,116.35301561067128,pieron
217,11_epo,34.0,116.35301561067128,pieron
218,11_epo,35.0,116.35301561067128,pieron
219,11_epo,36.0,116.35301561067128,pieron
220,11_epo,37.0,116.35301561067128,pieron
221,11_epo,38.0,116.35301561067128,pieron
222,11_epo,39.0,116.35301561067128,pieron
223,11_epo,40.0,116.35301561067128,pieron
224,11_epo,41.0,116.35301561067128,pieron
225,11_epo,42.0,116.35301561067128,pieron
226,11_epo,43.0,116.35301561067128,pieron
227,11_epo,44.0,116.35301561067128,pieron
228,11_epo,45.0,116.35301561067128,pieron
229,11_epo,46.0,116.35301561067128,pieron
230,11_epo,47.0,116.35301561067128,pieron
231,11_epo,48.0,116.35301561067128,pieron
232,11_epo,49.0,116.35301561067128,pieron
233,11_epo,50.0,116.35301561067128,pieron
234,11_epo,51.0,116.35301561067128,pieron
235,11_epo,52.0,116.35301561067128,pieron
236,11_epo,53.0,116.35301561067128,pieron
237,11_epo,54.0,116.35301561067128,pieron
238,11_epo,55.00000000000001,116.35301561067128,pieron
239,11_epo,56.00000000000001,116.35301561067128,pieron
240,11_epo,56.99999999999999,116.35301561067128,pieron
241,11_epo,57.99999999999999,116.35301561067128,pieron
242,11_epo,59.0,116.35301561067128,pieron
243,11_epo,60.0,116.35301561067128,pieron
244,11_epo,61.0,116.35301561067128,pieron
245,11_epo,62.0,116.35301561067128,pieron
246,11_epo,63.0,116.35301561067128,pieron
247,11_epo,64.0,116.35301561067128,pieron
248,11_epo,65.0,116.35301561067128,pieron
249,11_epo,66.0,116.35301561067128,pieron
250,11_epo,67.0,116.35301561067128,pieron
251,11_epo,68.0,116.35301561067128,pieron
252,11_epo,69.0,116.35301561067128,pieron
253,11_epo,70.0,116.35301561067128,pieron
254,11_epo,71.0,116.35301561067128,pieron
255,11_epo,72.0,116.35301561067128,pieron
256,11_epo,73.0,116.35301561067128,pieron
257,11_epo,74.0,116.35301561067128,pieron
258,11_epo,75.0,116.35301561067128,pieron
259,11_epo,76.0,116.35301561067128,pieron
260,11_epo,77.0,116.35301561067128,pieron
261,11_epo,78.0,116.35301561067128,pieron
262,11_epo,79.0,116.35301561067128,pieron
263,11_epo,80.0,116.35301561067128,pieron
264,11_epo,81.0,116.35301561067128,pieron
265,11_epo,82.0,116.35301561067128,pieron
266,11_epo,83.0,116.35301561067128,pieron
267,11_epo,84.0,116.35301561067128,pieron
268,11_epo,85.0,116.35301561067128,pieron
269,11_epo,86.0,116.35301561067128,pieron
270,11_epo,87.0,116.35301561067128,pieron
271,11_epo,88.0,116.35301561067128,pieron
272,11_epo,89.0,116.35301561067128,pieron
273,11_epo,90.0,116.35301561067128,pieron
274,11_epo,91.0,116.35301561067128,pieron
275,11_epo,92.0,116.35301561067128,pieron
276,11_epo,93.0,116.35301561067128,pieron
277,11_epo,94.0,116.35301561067128,pieron
278,11_epo,95.0,116.35301561067128,pieron
279,12_epo,3.0,128.20870535714113,pieron
280,12_epo,4.0,128.20870535714113,pieron
281,12_epo,5.0,128.20870535714113,pieron
282,12_epo,6.0,128.20870535714113,pieron
283,12_epo,7.000000000000001,128.20870535714113,pieron
284,12_epo,8.0,128.20870535714113,pieron
285,12_epo,9.0,128.20870535714113,pieron
286,12_epo,10.0,128.20870535714113,pieron
287,12_epo,11.0,128.20870535714113,pieron
288,12_epo,12.0,128.20870535714113,pieron
289,12_epo,13.0,128.20870535714113,pieron
290,12_epo,14.000000000000002,128.20870535714113,pieron
291,12_epo,15.0,128.20870535714113,pieron
292,12_epo,16.0,128.20870535714113,pieron
293,12_epo,17.0,128.20870535714113,pieron
294,12_epo,18.0,128.20870535714113,pieron
295,12_epo,19.0,128.20870535714113,pieron
296,12_epo,20.0,128.20870535714113,pieron
297,12_epo,21.0,128.20870535714113,pieron
298,12_epo,22.0,128.20870535714113,pieron
299,12_epo,23.0,128.20870535714113,pieron
300,12_epo,24.0,128.20870535714113,pieron
301,12_epo,25.0,128.20870535714113,pieron
302,12_epo,26.0,128.20870535714113,pieron
303,12_epo,27.0,128.20870535714113,pieron
304,12_epo,28.000000000000004,128.20870535714113,pieron
305,12_epo,28.999999999999996,128.20870535714113,pieron
306,12_epo,30.0,128.20870535714113,pieron
307,12_epo,31.0,128.20870535714113,pieron
308,12_epo,32.0,128.20870535714113,pieron
309,12_epo,33.0,128.20870535714113,pieron
310,12_epo,34.0,128.20870535714113,pieron
311,12_epo,35.0,128.20870535714113,pieron
312,12_epo,36.0,128.20870535714113,pieron
313,12_epo,37.0,128.20870535714113,pieron
314,12_epo,38.0,128.20870535714113,pieron
315,12_epo,39.0,128.20870535714113,pieron
316,12_epo,40.0,128.20870535714113,pieron
317,12_epo,41.0,128.20870535714113,pieron
318,12_epo,42.0,128.20870535714113,pieron
319,12_epo,43.0,128.20870535714113,pieron
320,12_epo,44.0,128.20870535714113,pieron
321,12_epo,45.0,128.20870535714113,pieron
322,12_epo,46.0,128.20870535714113,pieron
323,12_epo,47.0,128.20870535714113,pieron
324,12_epo,48.0,128.20870535714113,pieron
325,12_epo,49.0,128.20870535714113,pieron
326,12_epo,50.0,128.20870535714113,pieron
327,12_epo,51.0,128.20870535714113,pieron
328,12_epo,52.0,128.20870535714113,pieron
329,12_epo,53.0,128.20870535714113,pieron
330,12_epo,54.0,128.20870535714113,pieron
331,12_epo,55.00000000000001,128.20870535714113,pieron
332,12_epo,56.00000000000001,128.20870535714113,pieron
333,12_epo,56.99999999999999,128.20870535714113,pieron
334,12_epo,57.99999999999999,128.20870535714113,pieron
335,12_epo,59.0,128.20870535714113,pieron
336,12_epo,60.0,128.20870535714113,pieron
337,12_epo,61.0,128.20870535714113,pieron
338,12_epo,62.0,128.20870535714113,pieron
339,12_epo,63.0,128.20870535714113,pieron
340,12_epo,64.0,128.20870535714113,pieron
341,12_epo,65.0,128.20870535714113,pieron
342,12_epo,66.0,128.20870535714113,pieron
343,12_epo,67.0,128.20870535714113,pieron
344,12_epo,68.0,128.20870535714113,pieron
345,12_epo,69.0,128.20870535714113,pieron
346,12_epo,70.0,128.20870535714113,pieron
347,12_epo,71.0,128.20870535714113,pieron
348,12_epo,72.0,128.20870535714113,pieron
349,12_epo,73.0,128.20870535714113,pieron
350,12_epo,74.0,128.20870535714113,pieron
351,12_epo,75.0,128.20870535714113,pieron
352,12_epo,76.0,128.20870535714113,pieron
353,12_epo,77.0,128.20870535714113,pieron
354,12_epo,78.0,128.20870535714113,pieron
355,12_epo,79.0,128.20870535714113,pieron
356,12_epo,80.0,128.20870535714113,pieron
357,12_epo,81.0,128.20870535714113,pieron
358,12_epo,82.0,128.20870535714113,pieron
359,12_epo,83.0,128.20870535714113,pieron
360,12_epo,84.0,128.20870535714113,pieron
361,12_epo,85.0,128.20870535714113,pieron
362,12_epo,86.0,128.20870535714113,pieron
363,12_epo,87.0,128.20870535714113,pieron
364,12_epo,88.0,128.20870535714113,pieron
365,12_epo,89.0,128.20870535714113,pieron
366,12_epo,90.0,128.20870535714113,pieron
367,12_epo,91.0,128.20870535714113,pieron
368,12_epo,92.0,128.20870535714113,pieron
369,12_epo,93.0,128.20870535714113,pieron
370,12_epo,94.0,128.20870535714113,pieron
371,12_epo,95.0,128.20870535714113,pieron
372,13_epo,3.0,79.87511200680055,pieron
373,13_epo,4.0,79.87511200680055,pieron
374,13_epo,5.0,79.87511200680055,pieron
375,13_epo,6.0,79.87511200680055,pieron
376,13_epo,7.000000000000001,79.87511200680055,pieron
377,13_epo,8.0,79.87511200680055,pieron
378,13_epo,9.0,79.87511200680055,pieron
379,13_epo,10.0,79.87511200680055,pieron
380,13_epo,11.0,79.87511200680055,pieron
381,13_epo,12.0,79.87511200680055,pieron
382,13_epo,13.0,79.87511200680055,pieron
383,13_epo,14.000000000000002,79.87511200680055,pieron
384,13_epo,15.0,79.87511200680055,pieron
385,13_epo,16.0,79.87511200680055,pieron
386,13_epo,17.0,79.87511200680055,pieron
387,13_epo,18.0,79.87511200680055,pieron
388,13_epo,19.0,79.87511200680055,pieron
389,13_epo,20.0,79.87511200680055,pieron
390,13_epo,21.0,79.87511200680055,pieron
391,13_epo,22.0,79.87511200680055,pieron
392,13_epo,23.0,79.87511200680055,pieron
393,13_epo,24.0,79.87511200680055,pieron
394,13_epo,25.0,79.87511200680055,pieron
395,13_epo,26.0,79.87511200680055,pieron
396,13_epo,27.0,79.87511200680055,pieron
397,13_epo,28.000000000000004,79.87511200680055,pieron
398,13_epo,28.999999999999996,79.87511200680055,pieron
399,13_epo,30.0,79.87511200680055,pieron
400,13_epo,31.0,79.87511200680055,pieron
401,13_epo,32.0,79.87511200680055,pieron
402,13_epo,33.0,79.87511200680055,pieron
403,13_epo,34.0,79.87511200680055,pieron
404,13_epo,35.0,79.87511200680055,pieron
405,13_epo,36.0,79.87511200680055,pieron
406,13_epo,37.0,79.87511200680055,pieron
407,13_epo,38.0,79.87511200680055,pieron
408,13_epo,39.0,79.87511200680055,pieron
409,13_epo,40.0,79.87511200680055,pieron
410,13_epo,41.0,79.87511200680055,pieron
411,13_epo,42.0,79.87511200680055,pieron
412,13_epo,43.0,79.87511200680055,pieron
413,13_epo,44.0,79.87511200680055,pieron
414,13_epo,45.0,79.87511200680055,pieron
415,13_epo,46.0,79.87511200680055,pieron
416,13_epo,47.0,79.87511200680055,pieron
417,13_epo,48.0,79.87511200680055,pieron
418,13_epo,49.0,79.87511200680055,pieron
419,13_epo,50.0,79.87511200680055,pieron
420,13_epo,51.0,79.87511200680055,pieron
421,13_epo,52.0,79.87511200680055,pieron
422,13_epo,53.0,79.87511200680055,pieron
423,13_epo,54.0,79.87511200680055,pieron
424,13_epo,55.00000000000001,79.87511200680055,pieron
425,13_epo,56.00000000000001,79.87511200680055,pieron
426,13_epo,56.99999999999999,79.87511200680055,pieron
427,13_epo,57.99999999999999,79.87511200680055,pieron
428,13_epo,59.0,79.87511200680055,pieron
429,13_epo,60.0,79.87511200680055,pieron
430,13_epo,61.0,79.87511200680055,pieron
431,13_epo,62.0,79.87511200680055,pieron
432,13_epo,63.0,79.87511200680055,pieron
433,13_epo,64.0,79.87511200680055,pieron
434,13_epo,65.0,79.87511200680055,pieron
435,13_epo,66.0,79.87511200680055,pieron
436,13_epo,67.0,79.87511200680055,pieron
437,13_epo,68.0,79.87511200680055,pieron
438,13_epo,69.0,79.87511200680055,pieron
439,13_epo,70.0,79.87511200680055,pieron
440,13_epo,71.0,79.87511200680055,pieron
441,13_epo,72.0,79.87511200680055,pieron
442,13_epo,73.0,79.87511200680055,pieron
443,13_epo,74.0,79.87511200680055,pieron
444,13_epo,75.0,79.87511200680055,pieron
445,13_epo,76.0,79.87511200680055,pieron
446,13_epo,77.0,79.87511200680055,pieron
447,13_epo,78.0,79.87511200680055,pieron
448,13_epo,79.0,79.87511200680055,pieron
449,13_epo,80.0,79.87511200680055,pieron
450,13_epo,81.0,79.87511200680055,pieron
451,13_epo,82.0,79.87511200680055,pieron
452,13_epo,83.0,79.87511200680055,pieron
453,13_epo,84.0,79.87511200680055,pieron
454,13_epo,85.0,79.87511200680055,pieron
455,13_epo,86.0,79.87511200680055,pieron
456,13_epo,87.0,79.87511200680055,pieron
457,13_epo,88.0,79.87511200680055,pieron
458,13_epo,89.0,79.87511200680055,pieron
459,13_epo,90.0,79.87511200680055,pieron
460,13_epo,91.0,79.87511200680055,pieron
461,13_epo,92.0,79.87511200680055,pieron
462,13_epo,93.0,79.87511200680055,pieron
463,13_epo,94.0,79.87511200680055,pieron
464,13_epo,95.0,79.87511200680055,pieron
465,14_epo,3.0,96.02738898810016,pieron
466,14_epo,4.0,96.02738898810016,pieron
467,14_epo,5.0,96.02738898810016,pieron
468,14_epo,6.0,96.02738898810016,pieron
469,14_epo,7.000000000000001,96.02738898810016,pieron
470,14_epo,8.0,96.02738898810016,pieron
471,14_epo,9.0,96.02738898810016,pieron
472,14_epo,10.0,96.02738898810016,pieron
473,14_epo,11.0,96.02738898810016,pieron
474,14_epo,12.0,96.02738898810016,pieron
475,14_epo,13.0,96.02738898810016,pieron
476,14_epo,14.000000000000002,96.02738898810016,pieron
477,14_epo,15.0,96.02738898810016,pieron
478,14_epo,16.0,96.02738898810016,pieron
479,14_epo,17.0,96.02738898810016,pieron
480,14_epo,18.0,96.02738898810016,pieron
481,14_epo,19.0,96.02738898810016,pieron
482,14_epo,20.0,96.02738898810016,pieron
483,14_epo,21.0,96.02738898810016,pieron
484,14_epo,22.0,96.02738898810016,pieron
485,14_epo,23.0,96.02738898810016,pieron
486,14_epo,24.0,96.02738898810016,pieron
487,14_epo,25.0,96.02738898810016,pieron
488,14_epo,26.0,96.02738898810016,pieron
489,14_epo,27.0,96.02738898810016,pieron
490,14_epo,28.000000000000004,96.02738898810016,pieron
491,14_epo,28.999999999999996,96.02738898810016,pieron
492,14_epo,30.0,96.02738898810016,pieron
493,14_epo,31.0,96.02738898810016,pieron
494,14_epo,32.0,96.02738898810016,pieron
495,14_epo,33.0,96.02738898810016,pieron
496,14_epo,34.0,96.02738898810016,pieron
497,14_epo,35.0,96.02738898810016,pieron
498,14_epo,36.0,96.02738898810016,pieron
499,14_epo,37.0,96.02738898810016,pieron
500,14_epo,38.0,96.02738898810016,pieron
501,14_epo,39.0,96.02738898810016,pieron
502,14_epo,40.0,96.02738898810016,pieron
503,14_epo,41.0,96.02738898810016,pieron
504,14_epo,42.0,96.02738898810016,pieron
505,14_epo,43.0,96.02738898810016,pieron
506,14_epo,44.0,96.02738898810016,pieron
507,14_epo,45.0,96.02738898810016,pieron
508,14_epo,46.0,96.02738898810016,pieron
509,14_epo,47.0,96.02738898810016,pieron
510,14_epo,48.0,96.02738898810016,pieron
511,14_epo,49.0,96.02738898810016,pieron
512,14_epo,50.0,96.02738898810016,pieron
513,14_epo,51.0,96.02738898810016,pieron
514,14_epo,52.0,96.02738898810016,pieron
515,14_epo,53.0,96.02738898810016,pieron
516,14_epo,54.0,96.02738898810016,pieron
517,14_epo,55.00000000000001,96.02738898810016,pieron
518,14_epo,56.00000000000001,96.02738898810016,pieron
519,14_epo,56.99999999999999,96.02738898810016,pieron
520,14_epo,57.99999999999999,96.02738898810016,pieron
521,14_epo,59.0,96.02738898810016,pieron
522,14_epo,60.0,96.02738898810016,pieron
523,14_epo,61.0,96.02738898810016,pieron
524,14_epo,62.0,96.02738898810016,pieron
525,14_epo,63.0,96.02738898810016,pieron
526,14_epo,64.0,96.02738898810016,pieron
527,14_epo,65.0,96.02738898810016,pieron
528,14_epo,66.0,96.02738898810016,pieron
529,14_epo,67.0,96.02738898810016,pieron
530,14_epo,68.0,96.02738898810016,pieron
531,14_epo,69.0,96.02738898810016,pieron
532,14_epo,70.0,96.02738898810016,pieron
533,14_epo,71.0,96.02738898810016,pieron
534,14_epo,72.0,96.02738898810016,pieron
535,14_epo,73.0,96.02738898810016,pieron
536,14_epo,74.0,96.02738898810016,pieron
537,14_epo,75.0,96.02738898810016,pieron
538,14_epo,76.0,96.02738898810016,pieron
539,14_epo,77.0,96.02738898810016,pieron
540,14_epo,78.0,96.02738898810016,pieron
541,14_epo,79.0,96.02738898810016,pieron
542,14_epo,80.0,96.02738898810016,pieron
543,14_epo,81.0,96.02738898810016,pieron
544,14_epo,82.0,96.02738898810016,pieron
545,14_epo,83.0,96.02738898810016,pieron
546,14_epo,84.0,96.02738898810016,pieron
547,14_epo,85.0,96.02738898810016,pieron
548,14_epo,86.0,96.02738898810016,pieron
549,14_epo,87.0,96.02738898810016,pieron
550,14_epo,88.0,96.02738898810016,pieron
551,14_epo,89.0,96.02738898810016,pieron
552,14_epo,90.0,96.02738898810016,pieron
553,14_epo,91.0,96.02738898810016,pieron
554,14_epo,92.0,96.02738898810016,pieron
555,14_epo,93.0,96.02738898810016,pieron
556,14_epo,94.0,96.02738898810016,pieron
557,14_epo,95.0,96.02738898810016,pieron
558,15_epo,3.0,131.44248188405376,pieron
559,15_epo,4.0,131.44248188405376,pieron
560,15_epo,5.0,131.44248188405376,pieron
561,15_epo,6.0,131.44248188405376,pieron
562,15_epo,7.000000000000001,131.44248188405376,pieron
563,15_epo,8.0,131.44248188405376,pieron
564,15_epo,9.0,131.44248188405376,pieron
565,15_epo,10.0,131.44248188405376,pieron
566,15_epo,11.0,131.44248188405376,pieron
567,15_epo,12.0,131.44248188405376,pieron
568,15_epo,13.0,131.44248188405376,pieron
569,15_epo,14.000000000000002,131.44248188405376,pieron
570,15_epo,15.0,131.44248188405376,pieron
571,15_epo,16.0,131.44248188405376,pieron
572,15_epo,17.0,131.44248188405376,pieron
573,15_epo,18.0,131.44248188405376,pieron
574,15_epo,19.0,131.44248188405376,pieron
575,15_epo,20.0,131.44248188405376,pieron
576,15_epo,21.0,131.44248188405376,pieron
577,15_epo,22.0,131.44248188405376,pieron
578,15_epo,23.0,131.44248188405376,pieron
579,15_epo,24.0,131.44248188405376,pieron
580,15_epo,25.0,131.44248188405376,pieron
581,15_epo,26.0,131.44248188405376,pieron
582,15_epo,27.0,131.44248188405376,pieron
583,15_epo,28.000000000000004,131.44248188405376,pieron
584,15_epo,28.999999999999996,131.44248188405376,pieron
585,15_epo,30.0,131.44248188405376,pieron
586,15_epo,31.0,131.44248188405376,pieron
587,15_epo,32.0,131.44248188405376,pieron
588,15_epo,33.0,131.44248188405376,pieron
589,15_epo,34.0,131.44248188405376,pieron
590,15_epo,35.0,131.44248188405376,pieron
591,15_epo,36.0,131.44248188405376,pieron
592,15_epo,37.0,131.44248188405376,pieron
593,15_epo,38.0,131.44248188405376,pieron
594,15_epo,39.0,131.44248188405376,pieron
595,15_epo,40.0,131.44248188405376,pieron
596,15_epo,41.0,131.44248188405376,pieron
597,15_epo,42.0,131.44248188405376,pieron
598,15_epo,43.0,131.44248188405376,pieron
599,15_epo,44.0,131.44248188405376,pieron
600,15_epo,45.0,131.44248188405376,pieron
601,15_epo,46.0,131.44248188405376,pieron
602,15_epo,47.0,131.44248188405376,pieron
603,15_epo,48.0,131.44248188405376,pieron
604,15_epo,49.0,131.44248188405376,pieron
605,15_epo,50.0,131.44248188405376,pieron
606,15_epo,51.0,131.44248188405376,pieron
607,15_epo,52.0,131.44248188405376,pieron
608,15_epo,53.0,131.44248188405376,pieron
609,15_epo,54.0,131.44248188405376,pieron
610,15_epo,55.00000000000001,131.44248188405376,pieron
611,15_epo,56.00000000000001,131.44248188405376,pieron
612,15_epo,56.99999999999999,131.44248188405376,pieron
613,15_epo,57.99999999999999,131.44248188405376,pieron
614,15_epo,59.0,131.44248188405376,pieron
615,15_epo,60.0,131.44248188405376,pieron
616,15_epo,61.0,131.44248188405376,pieron
617,15_epo,62.0,131.44248188405376,pieron
618,15_epo,63.0,131.44248188405376,pieron
619,15_epo,64.0,131.44248188405376,pieron
620,15_epo,65.0,131.44248188405376,pieron
621,15_epo,66.0,131.44248188405376,pieron
622,15_epo,67.0,131.44248188405376,pieron
623,15_epo,68.0,131.44248188405376,pieron
624,15_epo,69.0,131.44248188405376,pieron
625,15_epo,70.0,131.44248188405376,pieron
626,15_epo,71.0,131.44248188405376,pieron
627,15_epo,72.0,131.44248188405376,pieron
628,15_epo,73.0,131.44248188405376,pieron
629,15_epo,74.0,131.44248188405376,pieron
630,15_epo,75.0,131.44248188405376,pieron
631,15_epo,76.0,131.44248188405376,pieron
632,15_epo,77.0,131.44248188405376,pieron
633,15_epo,78.0,131.44248188405376,pieron
634,15_epo,79.0,131.44248188405376,pieron
635,15_epo,80.0,131.44248188405376,pieron
636,15_epo,81.0,131.44248188405376,pieron
637,15_epo,82.0,131.44248188405376,pieron
638,15_epo,83.0,131.44248188405376,pieron
639,15_epo,84.0,131.44248188405376,pieron
640,15_epo,85.0,131.44248188405376,pieron
641,15_epo,86.0,131.44248188405376,pieron
642,15_epo,87.0,131.44248188405376,pieron
643,15_epo,88.0,131.44248188405376,pieron
644,15_epo,89.0,131.44248188405376,pieron
645,15_epo,90.0,131.44248188405376,pieron
646,15_epo,91.0,131.44248188405376,pieron
647,15_epo,92.0,131.44248188405376,pieron
648,15_epo,93.0,131.44248188405376,pieron
649,15_epo,94.0,131.44248188405376,pieron
650,15_epo,95.0,131.44248188405376,pieron
651,16_epo,3.0,94.30142873401135,pieron
652,16_epo,4.0,94.30142873401135,pieron
653,16_epo,5.0,94.30142873401135,pieron
654,16_epo,6.0,94.30142873401135,pieron
655,16_epo,7.000000000000001,94.30142873401135,pieron
656,16_epo,8.0,94.30142873401135,pieron
657,16_epo,9.0,94.30142873401135,pieron
658,16_epo,10.0,94.30142873401135,pieron
659,16_epo,11.0,94.30142873401135,pieron
660,16_epo,12.0,94.30142873401135,pieron
661,16_epo,13.0,94.30142873401135,pieron
662,16_epo,14.000000000000002,94.30142873401135,pieron
663,16_epo,15.0,94.30142873401135,pieron
664,16_epo,16.0,94.30142873401135,pieron
665,16_epo,17.0,94.30142873401135,pieron
666,16_epo,18.0,94.30142873401135,pieron
667,16_epo,19.0,94.30142873401135,pieron
668,16_epo,20.0,94.30142873401135,pieron
669,16_epo,21.0,94.30142873401135,pieron
670,16_epo,22.0,94.30142873401135,pieron
671,16_epo,23.0,94.30142873401135,pieron
672,16_epo,24.0,94.30142873401135,pieron
673,16_epo,25.0,94.30142873401135,pieron
674,16_epo,26.0,94.30142873401135,pieron
675,16_epo,27.0,94.30142873401135,pieron
676,16_epo,28.000000000000004,94.30142873401135,pieron
677,16_epo,28.999999999999996,94.30142873401135,pieron
678,16_epo,30.0,94.30142873401135,pieron
679,16_epo,31.0,94.30142873401135,pieron
680,16_epo,32.0,94.30142873401135,pieron
681,16_epo,33.0,94.30142873401135,pieron
682,16_epo,34.0,94.30142873401135,pieron
683,16_epo,35.0,94.30142873401135,pieron
684,16_epo,36.0,94.30142873401135,pieron
685,16_epo,37.0,94.30142873401135,pieron
686,16_epo,38.0,94.30142873401135,pieron
687,16_epo,39.0,94.30142873401135,pieron
688,16_epo,40.0,94.30142873401135,pieron
689,16_epo,41.0,94.30142873401135,pieron
690,16_epo,42.0,94.30142873401135,pieron
691,16_epo,43.0,94.30142873401135,pieron
692,16_epo,44.0,94.30142873401135,pieron
693,16_epo,45.0,94.30142873401135,pieron
694,16_epo,46.0,94.30142873401135,pieron
695,16_epo,47.0,94.30142873401135,pieron
696,16_epo,48.0,94.30142873401135,pieron
697,16_epo,49.0,94.30142873401135,pieron
698,16_epo,50.0,94.30142873401135,pieron
699,16_epo,51.0,94.30142873401135,pieron
700,16_epo,52.0,94.30142873401135,pieron
701,16_epo,53.0,94.30142873401135,pieron
702,16_epo,54.0,94.30142873401135,pieron
703,16_epo,55.00000000000001,94.30142873401135,pieron
704,16_epo,56.00000000000001,94.30142873401135,pieron
705,16_epo,56.99999999999999,94.30142873401135,pieron
706,16_epo,57.99999999999999,94.30142873401135,pieron
707,16_epo,59.0,94.30142873401135,pieron
708,16_epo,60.0,94.30142873401135,pieron
709,16_epo,61.0,94.30142873401135,pieron
710,16_epo,62.0,94.30142873401135,pieron
711,16_epo,63.0,94.30142873401135,pieron
712,16_epo,64.0,94.30142873401135,pieron
713,16_epo,65.0,94.30142873401135,pieron
714,16_epo,66.0,94.30142873401135,pieron
715,16_epo,67.0,94.30142873401135,pieron
716,16_epo,68.0,94.30142873401135,pieron
717,16_epo,69.0,94.30142873401135,pieron
718,16_epo,70.0,94.30142873401135,pieron
719,16_epo,71.0,94.30142873401135,pieron
720,16_epo,72.0,94.30142873401135,pieron
721,16_epo,73.0,94.30142873401135,pieron
722,16_epo,74.0,94.30142873401135,pieron
723,16_epo,75.0,94.30142873401135,pieron
724,16_epo,76.0,94.30142873401135,pieron
725,16_epo,77.0,94.30142873401135,pieron
726,16_epo,78.0,94.30142873401135,pieron
727,16_epo,79.0,94.30142873401135,pieron
728,16_epo,80.0,94.30142873401135,pieron
729,16_epo,81.0,94.30142873401135,pieron
730,16_epo,82.0,94.30142873401135,pieron
731,16_epo,83.0,94.30142873401135,pieron
732,16_epo,84.0,94.30142873401135,pieron
733,16_epo,85.0,94.30142873401135,pieron
734,16_epo,86.0,94.30142873401135,pieron
735,16_epo,87.0,94.30142873401135,pieron
736,16_epo,88.0,94.30142873401135,pieron
737,16_epo,89.0,94.30142873401135,pieron
738,16_epo,90.0,94.30142873401135,pieron
739,16_epo,91.0,94.30142873401135,pieron
740,16_epo,92.0,94.30142873401135,pieron
741,16_epo,93.0,94.30142873401135,pieron
742,16_epo,94.0,94.30142873401135,pieron
743,16_epo,95.0,94.30142873401135,pieron
744,17_epo,3.0,112.69645463021524,pieron
745,17_epo,4.0,112.11526248298313,pieron
746,17_epo,5.0,111.6665197274003,pieron
747,17_epo,6.0,111.3012038100643,pieron
748,17_epo,7.000000000000001,110.99326616146175,pieron
749,17_epo,8.0,110.72720717597188,pieron
750,17_epo,9.0,110.49305594275998,pieron
751,17_epo,10.0,110.28402012930482,pieron
752,17_epo,11.0,110.09526493302972,pieron
753,17_epo,12.0,109.92322704576114,pieron
754,17_epo,13.0,109.76520493831208,pieron
755,17_epo,14.000000000000002,109.61910185300009,pieron
756,17_epo,15.0,109.48325793973012,pieron
757,17_epo,16.0,109.35633683996863,pieron
758,17_epo,17.0,109.23724681858162,pieron
759,17_epo,18.0,109.12508454178754,pieron
760,17_epo,19.0,109.01909412312487,pieron
761,17_epo,20.0,108.91863671915358,pieron
762,17_epo,21.0,108.82316757425235,pieron
763,17_epo,22.0,108.73221842729376,pieron
764,17_epo,23.0,108.64538384475816,pieron
765,17_epo,24.0,108.56231047396231,pieron
766,17_epo,25.0,108.48268849860605,pieron
767,17_epo,26.0,108.40624477655062,pieron
768,17_epo,27.0,108.33273727758053,pieron
769,17_epo,28.000000000000004,108.26195053651492,pieron
770,17_epo,28.999999999999996,108.19369190716824,pieron
771,17_epo,30.0,108.12778845371624,pieron
772,17_epo,31.0,108.06408435365128,pieron
773,17_epo,32.0,108.00243871455447,pieron
774,17_epo,33.0,107.94272372803391,pieron
775,17_epo,34.0,107.88482310024226,pieron
776,17_epo,35.0,107.82863071071598,pieron
777,17_epo,36.0,107.77404946082103,pieron
778,17_epo,37.0,107.7209902805371,pieron
779,17_epo,38.0,107.6693712681645,pieron
780,17_epo,39.0,107.619116942173,pieron
781,17_epo,40.0,107.57015758810401,pieron
782,17_epo,41.0,107.52242868640016,pieron
783,17_epo,42.0,107.47587040942484,pieron
784,17_epo,43.0,107.43042717787334,pieron
785,17_epo,44.0,107.38604726835794,pieron
786,17_epo,45.0,107.3426824652462,pieron
787,17_epo,46.0,107.30028775089778,pieron
788,17_epo,47.0,107.25882102933106,pieron
789,17_epo,48.0,107.21824287908281,pieron
790,17_epo,49.0,107.17851633163906,pieron
791,17_epo,50.0,107.13960667232757,pieron
792,17_epo,51.0,107.1014812609954,pieron
793,17_epo,52.0,107.06410937015947,pieron
794,17_epo,53.0,107.02746203862682,pieron
795,17_epo,54.0,106.99151193884468,pieron
796,17_epo,55.00000000000001,106.95623325646403,pieron
797,17_epo,56.00000000000001,106.92160158079261,pieron
798,17_epo,56.99999999999999,106.88759380497683,pieron
799,17_epo,57.99999999999999,106.85418803489502,pieron
800,17_epo,59.0,106.82136350586539,pieron
801,17_epo,60.0,106.78910050637855,pieron
802,17_epo,61.0,106.75738030815565,pieron
803,17_epo,62.0,106.72618510191326,pieron
804,17_epo,63.0,106.69549793828541,pieron
805,17_epo,64.0,106.66530267341426,pieron
806,17_epo,65.0,106.6355839187734,pieron
807,17_epo,66.0,106.60632699483547,pieron
808,17_epo,67.0,106.57751788823533,pieron
809,17_epo,68.0,106.5491432121183,pieron
810,17_epo,69.0,106.52119016939267,pieron
811,17_epo,70.0,106.49364651863526,pieron
812,17_epo,71.0,106.46650054242397,pieron
813,17_epo,72.0,106.43974101789257,pieron
814,17_epo,73.0,106.41335718932338,pieron
815,17_epo,74.0,106.38733874261112,pieron
816,17_epo,75.0,106.36167578144678,pieron
817,17_epo,76.0,106.33635880508417,pieron
818,17_epo,77.0,106.311378687565,pieron
819,17_epo,78.0,106.28672665828887,pieron
820,17_epo,79.0,106.26239428382534,pieron
821,17_epo,80.0,106.23837345087411,pieron
822,17_epo,81.0,106.214656350287,pieron
823,17_epo,82.0,106.191235462074,pieron
824,17_epo,83.0,106.16810354132117,pieron
825,17_epo,84.0,106.14525360495456,pieron
826,17_epo,85.0,106.12267891929062,pieron
827,17_epo,86.0,106.10037298831672,pieron
828,17_epo,87.0,106.07832954265174,pieron
829,17_epo,88.0,106.05654252913989,pieron
830,17_epo,89.0,106.03500610103416,pieron
831,17_epo,90.0,106.0137146087305,pieron
832,17_epo,91.0,105.99266259101545,pieron
833,17_epo,92.0,105.97184476679405,pieron
834,17_epo,93.0,105.95125602726617,pieron
835,17_epo,94.0,105.9308914285229,pieron
836,17_epo,95.0,105.91074618453592,pieron
837,18_epo,3.0,116.25472083331658,pieron
838,18_epo,4.0,114.00536783056992,pieron
839,18_epo,5.0,112.29064905090155,pieron
840,18_epo,6.0,110.90878434346511,pieron
841,18_epo,7.000000000000001,109.75370992268965,pieron
842,18_epo,8.0,108.7628671256031,pieron
843,18_epo,9.0,107.8963094336587,pieron
844,18_epo,10.0,107.12699914552682,pieron
845,18_epo,11.0,106.43579976172009,pieron
846,18_epo,12.0,105.8086790486711,pieron
847,18_epo,13.0,105.23504738665531,pieron
848,18_epo,14.000000000000002,104.70672035902686,pieron
849,18_epo,15.0,104.21724407969405,pieron
850,18_epo,16.0,103.76144115391044,pieron
851,18_epo,17.0,103.33509609695595,pieron
852,18_epo,18.0,102.93473184276918,pieron
853,18_epo,19.0,102.55744746222804,pieron
854,18_epo,20.0,102.20079804439928,pieron
855,18_epo,21.0,101.86270426204337,pieron
856,18_epo,22.0,101.54138324517687,pieron
857,18_epo,23.0,101.23529501763998,pieron
858,18_epo,24.0,100.94310047934758,pieron
859,18_epo,25.0,100.66362807566352,pieron
860,18_epo,26.0,100.39584708749341,pieron
861,18_epo,27.0,100.13884602669435,pieron
862,18_epo,28.000000000000004,99.89181501077387,pieron
863,18_epo,28.999999999999996,99.65403127001552,pieron
864,18_epo,30.0,99.42484714300356,pieron
865,18_epo,31.0,99.20368006570912,pieron
866,18_epo,32.0,98.9900041702925,pieron
867,18_epo,33.0,98.78334319321993,pieron
868,18_epo,34.0,98.58326445564929,pieron
869,18_epo,35.0,98.3893737275819,pieron
870,18_epo,36.0,98.2013108247933,pieron
871,18_epo,37.0,98.01874581678128,pieron
872,18_epo,38.0,97.8413757469087,pieron
873,18_epo,39.0,97.66892178405456,pieron
874,18_epo,40.0,97.50112673951651,pieron
875,18_epo,41.0,97.3377528944676,pieron
876,18_epo,42.0,97.17858009258129,pieron
877,18_epo,43.0,97.02340405998257,pieron
878,18_epo,44.0,96.87203492083066,pieron
879,18_epo,45.0,96.72429588186908,pieron
880,18_epo,46.0,96.58002206342046,pieron
881,18_epo,47.0,96.43905945772438,pieron
882,18_epo,48.0,96.30126399835851,pieron
883,18_epo,49.0,96.1665007268513,pieron
884,18_epo,50.0,96.03464304457731,pieron
885,18_epo,51.0,95.90557203969279,pieron
886,18_epo,52.0,95.77917588027331,pieron
887,18_epo,53.0,95.65534926600601,pieron
888,18_epo,54.0,95.53399293179703,pieron
889,18_epo,55.00000000000001,95.41501319751758,pieron
890,18_epo,56.00000000000001,95.29832155884559,pieron
891,18_epo,56.99999999999999,95.18383431479157,pieron
892,18_epo,57.99999999999999,95.07147222803896,pieron
893,18_epo,59.0,94.96116021469682,pieron
894,18_epo,60.0,94.85282706046628,pieron
895,18_epo,61.0,94.7464051605729,pieron
896,18_epo,62.0,94.64183028112093,pieron
897,18_epo,63.0,94.5390413397903,pieron
898,18_epo,64.0,94.43798020402912,pieron
899,18_epo,65.0,94.33859150509599,pieron
900,18_epo,66.0,94.24082246648473,pieron
901,18_epo,67.0,94.14462274541935,pieron
902,18_epo,68.0,94.04994428624505,pieron
903,18_epo,69.0,93.95674118466158,pieron
904,18_epo,70.0,93.86496956185294,pieron
905,18_epo,71.0,93.7745874476618,pieron
906,18_epo,72.0,93.68555467204136,pieron
907,18_epo,73.0,93.5978327640921,pieron
908,18_epo,74.0,93.51138485805762,pieron
909,18_epo,75.0,93.42617560571254,pieron
910,18_epo,76.0,93.34217109462958,pieron
911,18_epo,77.0,93.25933877185895,pieron
912,18_epo,78.0,93.17764737259692,pieron
913,18_epo,79.0,93.0970668534578,pieron
914,18_epo,80.0,93.01756832999823,pieron
915,18_epo,81.0,92.93912401817325,pieron
916,18_epo,82.0,92.86170717943155,pieron
917,18_epo,83.0,92.78529206918238,pieron
918,18_epo,84.0,92.70985388838915,pieron
919,18_epo,85.0,92.63536873806507,pieron
920,18_epo,86.0,92.56181357646545,pieron
921,18_epo,87.0,92.48916617878689,pieron
922,18_epo,88.0,92.41740509920002,pieron
923,18_epo,89.0,92.34650963505592,pieron
924,18_epo,90.0,92.27645979311829,pieron
925,18_epo,91.0,92.20723625768633,pieron
926,18_epo,92.0,92.13882036048251,pieron
927,18_epo,93.0,92.07119405218971,pieron
928,18_epo,94.0,92.00433987553039,pieron
929,18_epo,95.0,91.93824093978945,pieron
930,19_epo,3.0,112.29937046278499,pieron
931,19_epo,4.0,112.29937046278499,pieron
932,19_epo,5.0,112.29937046278499,pieron
933,19_epo,6.0,112.29937046278499,pieron
934,19_epo,7.000000000000001,112.29937046278499,pieron
935,19_epo,8.0,112.29937046278499,pieron
936,19_epo,9.0,112.29937046278499,pieron
937,19_epo,10.0,112.29937046278499,pieron
938,19_epo,11.0,112.29937046278499,pieron
939,19_epo,12.0,112.29937046278499,pieron
940,19_epo,13.0,112.29937046278499,pieron
941,19_epo,14.000000000000002,112.29937046278499,pieron
942,19_epo,15.0,112.29937046278499,pieron
943,19_epo,16.0,112.29937046278499,pieron
944,19_epo,17.0,112.29937046278499,pieron
945,19_epo,18.0,112.29937046278499,pieron
946,19_epo,19.0,112.29937046278499,pieron
947,19_epo,20.0,112.29937046278499,pieron
948,19_epo,21.0,112.29937046278499,pieron
949,19_epo,22.0,112.29937046278499,pieron
950,19_epo,23.0,112.29937046278499,pieron
951,19_epo,24.0,112.29937046278499,pieron
952,19_epo,25.0,112.29937046278499,pieron
953,19_epo,26.0,112.29937046278499,pieron
954,19_epo,27.0,112.29937046278499,pieron
955,19_epo,28.000000000000004,112.29937046278499,pieron
956,19_epo,28.999999999999996,112.29937046278499,pieron
957,19_epo,30.0,112.29937046278499,pieron
958,19_epo,31.0,112.29937046278499,pieron
959,19_epo,32.0,112.29937046278499,pieron
960,19_epo,33.0,112.29937046278499,pieron
961,19_epo,34.0,112.29937046278499,pieron
962,19_epo,35.0,112.29937046278499,pieron
963,19_epo,36.0,112.29937046278499,pieron
964,19_epo,37.0,112.29937046278499,pieron
965,19_epo,38.0,112.29937046278499,pieron
966,19_epo,39.0,112.29937046278499,pieron
967,19_epo,40.0,112.29937046278499,pieron
968,19_epo,41.0,112.29937046278499,pieron
969,19_epo,42.0,112.29937046278499,pieron
970,19_epo,43.0,112.29937046278499,pieron
971,19_epo,44.0,112.29937046278499,pieron
972,19_epo,45.0,112.29937046278499,pieron
973,19_epo,46.0,112.29937046278499,pieron
974,19_epo,47.0,112.29937046278499,pieron
975,19_epo,48.0,112.29937046278499,pieron
976,19_epo,49.0,112.29937046278499,pieron
977,19_epo,50.0,112.29937046278499,pieron
978,19_epo,51.0,112.29937046278499,pieron
979,19_epo,52.0,112.29937046278499,pieron
980,19_epo,53.0,112.29937046278499,pieron
981,19_epo,54.0,112.29937046278499,pieron
982,19_epo,55.00000000000001,112.29937046278499,pieron
983,19_epo,56.00000000000001,112.29937046278499,pieron
984,19_epo,56.99999999999999,112.29937046278499,pieron
985,19_epo,57.99999999999999,112.29937046278499,pieron
986,19_epo,59.0,112.29937046278499,pieron
987,19_epo,60.0,112.29937046278499,pieron
988,19_epo,61.0,112.29937046278499,pieron
989,19_epo,62.0,112.29937046278499,pieron
990,19_epo,63.0,112.29937046278499,pieron
991,19_epo,64.0,112.29937046278499,pieron
992,19_epo,65.0,112.29937046278499,pieron
993,19_epo,66.0,112.29937046278499,pieron
994,19_epo,67.0,112.29937046278499,pieron
995,19_epo,68.0,112.29937046278499,pieron
996,19_epo,69.0,112.29937046278499,pieron
997,19_epo,70.0,112.29937046278499,pieron
998,19_epo,71.0,112.29937046278499,pieron
999,19_epo,72.0,112.29937046278499,pieron
1000,19_epo,73.0,112.29937046278499,pieron
1001,19_epo,74.0,112.29937046278499,pieron
1002,19_epo,75.0,112.29937046278499,pieron
1003,19_epo,76.0,112.29937046278499,pieron
1004,19_epo,77.0,112.29937046278499,pieron
1005,19_epo,78.0,112.29937046278499,pieron
1006,19_epo,79.0,112.29937046278499,pieron
1007,19_epo,80.0,112.29937046278499,pieron
1008,19_epo,81.0,112.29937046278499,pieron
1009,19_epo,82.0,112.29937046278499,pieron
1010,19_epo,83.0,112.29937046278499,pieron
1011,19_epo,84.0,112.29937046278499,pieron
1012,19_epo,85.0,112.29937046278499,pieron
1013,19_epo,86.0,112.29937046278499,pieron
1014,19_epo,87.0,112.29937046278499,pieron
1015,19_epo,88.0,112.29937046278499,pieron
1016,19_epo,89.0,112.29937046278499,pieron
1017,19_epo,90.0,112.29937046278499,pieron
1018,19_epo,91.0,112.29937046278499,pieron
1019,19_epo,92.0,112.29937046278499,pieron
1020,19_epo,93.0,112.29937046278499,pieron
1021,19_epo,94.0,112.29937046278499,pieron
1022,19_epo,95.0,112.29937046278499,pieron
1023,1_epo,3.0,105.12344608967592,pieron
1024,1_epo,4.0,105.12344608967592,pieron
1025,1_epo,5.0,105.12344608967592,pieron
1026,1_epo,6.0,105.12344608967592,pieron
1027,1_epo,7.000000000000001,105.12344608967592,pieron
1028,1_epo,8.0,105.12344608967592,pieron
1029,1_epo,9.0,105.12344608967592,pieron
1030,1_epo,10.0,105.12344608967592,pieron
1031,1_epo,11.0,105.12344608967592,pieron
1032,1_epo,12.0,105.12344608967592,pieron
1033,1_epo,13.0,105.12344608967592,pieron
1034,1_epo,14.000000000000002,105.12344608967592,pieron
1035,1_epo,15.0,105.12344608967592,pieron
1036,1_epo,16.0,105.12344608967592,pieron
1037,1_epo,17.0,105.12344608967592,pieron
1038,1_epo,18.0,105.12344608967592,pieron
1039,1_epo,19.0,105.12344608967592,pieron
1040,1_epo,20.0,105.12344608967592,pieron
1041,1_epo,21.0,105.12344608967592,pieron
1042,1_epo,22.0,105.12344608967592,pieron
1043,1_epo,23.0,105.12344608967592,pieron
1044,1_epo,24.0,105.12344608967592,pieron
1045,1_epo,25.0,105.12344608967592,pieron
1046,1_epo,26.0,105.12344608967592,pieron
1047,1_epo,27.0,105.12344608967592,pieron
1048,1_epo,28.000000000000004,105.12344608967592,pieron
1049,1_epo,28.999999999999996,105.12344608967592,pieron
1050,1_epo,30.0,105.12344608967592,pieron
1051,1_epo,31.0,105.12344608967592,pieron
1052,1_epo,32.0,105.12344608967592,pieron
1053,1_epo,33.0,105.12344608967592,pieron
1054,1_epo,34.0,105.12344608967592,pieron
1055,1_epo,35.0,105.12344608967592,pieron
1056,1_epo,36.0,105.12344608967592,pieron
1057,1_epo,37.0,105.12344608967592,pieron
1058,1_epo,38.0,105.12344608967592,pieron
1059,1_epo,39.0,105.12344608967592,pieron
1060,1_epo,40.0,105.12344608967592,pieron
1061,1_epo,41.0,105.12344608967592,pieron
1062,1_epo,42.0,105.12344608967592,pieron
1063,1_epo,43.0,105.12344608967592,pieron
1064,1_epo,44.0,105.12344608967592,pieron
1065,1_epo,45.0,105.12344608967592,pieron
1066,1_epo,46.0,105.12344608967592,pieron
1067,1_epo,47.0,105.12344608967592,pieron
1068,1_epo,48.0,105.12344608967592,pieron
1069,1_epo,49.0,105.12344608967592,pieron
1070,1_epo,50.0,105.12344608967592,pieron
1071,1_epo,51.0,105.12344608967592,pieron
1072,1_epo,52.0,105.12344608967592,pieron
1073,1_epo,53.0,105.12344608967592,pieron
1074,1_epo,54.0,105.12344608967592,pieron
1075,1_epo,55.00000000000001,105.12344608967592,pieron
1076,1_epo,56.00000000000001,105.12344608967592,pieron
1077,1_epo,56.99999999999999,105.12344608967592,pieron
1078,1_epo,57.99999999999999,105.12344608967592,pieron
1079,1_epo,59.0,105.12344608967592,pieron
1080,1_epo,60.0,105.12344608967592,pieron
1081,1_epo,61.0,105.12344608967592,pieron
1082,1_epo,62.0,105.12344608967592,pieron
1083,1_epo,63.0,105.12344608967592,pieron
1084,1_epo,64.0,105.12344608967592,pieron
1085,1_epo,65.0,105.12344608967592,pieron
1086,1_epo,66.0,105.12344608967592,pieron
1087,1_epo,67.0,105.12344608967592,pieron
1088,1_epo,68.0,105.12344608967592,pieron
1089,1_epo,69.0,105.12344608967592,pieron
1090,1_epo,70.0,105.12344608967592,pieron
1091,1_epo,71.0,105.12344608967592,pieron
1092,1_epo,72.0,105.12344608967592,pieron
1093,1_epo,73.0,105.12344608967592,pieron
1094,1_epo,74.0,105.12344608967592,pieron
1095,1_epo,75.0,105.12344608967592,pieron
1096,1_epo,76.0,105.12344608967592,pieron
1097,1_epo,77.0,105.12344608967592,pieron
1098,1_epo,78.0,105.12344608967592,pieron
1099,1_epo,79.0,105.12344608967592,pieron
1100,1_epo,80.0,105.12344608967592,pieron
1101,1_epo,81.0,105.12344608967592,pieron
1102,1_epo,82.0,105.12344608967592,pieron
1103,1_epo,83.0,105.12344608967592,pieron
1104,1_epo,84.0,105.12344608967592,pieron
1105,1_epo,85.0,105.12344608967592,pieron
1106,1_epo,86.0,105.12344608967592,pieron
1107,1_epo,87.0,105.12344608967592,pieron
1108,1_epo,88.0,105.12344608967592,pieron
1109,1_epo,89.0,105.12344608967592,pieron
1110,1_epo,90.0,105.12344608967592,pieron
1111,1_epo,91.0,105.12344608967592,pieron
1112,1_epo,92.0,105.12344608967592,pieron
1113,1_epo,93.0,105.12344608967592,pieron
1114,1_epo,94.0,105.12344608967592,pieron
1115,1_epo,95.0,105.12344608967592,pieron
1116,20_epo,3.0,104.80001698365322,pieron
1117,20_epo,4.0,104.80001698365322,pieron
1118,20_epo,5.0,104.80001698365322,pieron
1119,20_epo,6.0,104.80001698365322,pieron
1120,20_epo,7.000000000000001,104.80001698365322,pieron
1121,20_epo,8.0,104.80001698365322,pieron
1122,20_epo,9.0,104.80001698365322,pieron
1123,20_epo,10.0,104.80001698365322,pieron
1124,20_epo,11.0,104.80001698365322,pieron
1125,20_epo,12.0,104.80001698365322,pieron
1126,20_epo,13.0,104.80001698365322,pieron
1127,20_epo,14.000000000000002,104.80001698365322,pieron
1128,20_epo,15.0,104.80001698365322,pieron
1129,20_epo,16.0,104.80001698365322,pieron
1130,20_epo,17.0,104.80001698365322,pieron
1131,20_epo,18.0,104.80001698365322,pieron
1132,20_epo,19.0,104.80001698365322,pieron
1133,20_epo,20.0,104.80001698365322,pieron
1134,20_epo,21.0,104.80001698365322,pieron
1135,20_epo,22.0,104.80001698365322,pieron
1136,20_epo,23.0,104.80001698365322,pieron
1137,20_epo,24.0,104.80001698365322,pieron
1138,20_epo,25.0,104.80001698365322,pieron
1139,20_epo,26.0,104.80001698365322,pieron
1140,20_epo,27.0,104.80001698365322,pieron
1141,20_epo,28.000000000000004,104.80001698365322,pieron
1142,20_epo,28.999999999999996,104.80001698365322,pieron
1143,20_epo,30.0,104.80001698365322,pieron
1144,20_epo,31.0,104.80001698365322,pieron
1145,20_epo,32.0,104.80001698365322,pieron
1146,20_epo,33.0,104.80001698365322,pieron
1147,20_epo,34.0,104.80001698365322,pieron
1148,20_epo,35.0,104.80001698365322,pieron
1149,20_epo,36.0,104.80001698365322,pieron
1150,20_epo,37.0,104.80001698365322,pieron
1151,20_epo,38.0,104.80001698365322,pieron
1152,20_epo,39.0,104.80001698365322,pieron
1153,20_epo,40.0,104.80001698365322,pieron
1154,20_epo,41.0,104.80001698365322,pieron
1155,20_epo,42.0,104.80001698365322,pieron
1156,20_epo,43.0,104.80001698365322,pieron
1157,20_epo,44.0,104.80001698365322,pieron
1158,20_epo,45.0,104.80001698365322,pieron
1159,20_epo,46.0,104.80001698365322,pieron
1160,20_epo,47.0,104.80001698365322,pieron
1161,20_epo,48.0,104.80001698365322,pieron
1162,20_epo,49.0,104.80001698365322,pieron
1163,20_epo,50.0,104.80001698365322,pieron
1164,20_epo,51.0,104.80001698365322,pieron
1165,20_epo,52.0,104.80001698365322,pieron
1166,20_epo,53.0,104.80001698365322,pieron
1167,20_epo,54.0,104.80001698365322,pieron
1168,20_epo,55.00000000000001,104.80001698365322,pieron
1169,20_epo,56.00000000000001,104.80001698365322,pieron
1170,20_epo,56.99999999999999,104.80001698365322,pieron
1171,20_epo,57.99999999999999,104.80001698365322,pieron
1172,20_epo,59.0,104.80001698365322,pieron
1173,20_epo,60.0,104.80001698365322,pieron
1174,20_epo,61.0,104.80001698365322,pieron
1175,20_epo,62.0,104.80001698365322,pieron
1176,20_epo,63.0,104.80001698365322,pieron
1177,20_epo,64.0,104.80001698365322,pieron
1178,20_epo,65.0,104.80001698365322,pieron
1179,20_epo,66.0,104.80001698365322,pieron
1180,20_epo,67.0,104.80001698365322,pieron
1181,20_epo,68.0,104.80001698365322,pieron
1182,20_epo,69.0,104.80001698365322,pieron
1183,20_epo,70.0,104.80001698365322,pieron
1184,20_epo,71.0,104.80001698365322,pieron
1185,20_epo,72.0,104.80001698365322,pieron
1186,20_epo,73.0,104.80001698365322,pieron
1187,20_epo,74.0,104.80001698365322,pieron
1188,20_epo,75.0,104.80001698365322,pieron
1189,20_epo,76.0,104.80001698365322,pieron
1190,20_epo,77.0,104.80001698365322,pieron
1191,20_epo,78.0,104.80001698365322,pieron
1192,20_epo,79.0,104.80001698365322,pieron
1193,20_epo,80.0,104.80001698365322,pieron
1194,20_epo,81.0,104.80001698365322,pieron
1195,20_epo,82.0,104.80001698365322,pieron
1196,20_epo,83.0,104.80001698365322,pieron
1197,20_epo,84.0,104.80001698365322,pieron
1198,20_epo,85.0,104.80001698365322,pieron
1199,20_epo,86.0,104.80001698365322,pieron
1200,20_epo,87.0,104.80001698365322,pieron
1201,20_epo,88.0,104.80001698365322,pieron
1202,20_epo,89.0,104.80001698365322,pieron
1203,20_epo,90.0,104.80001698365322,pieron
1204,20_epo,91.0,104.80001698365322,pieron
1205,20_epo,92.0,104.80001698365322,pieron
1206,20_epo,93.0,104.80001698365322,pieron
1207,20_epo,94.0,104.80001698365322,pieron
1208,20_epo,95.0,104.80001698365322,pieron
1209,21_epo,3.0,107.76189271252777,pieron
1210,21_epo,4.0,107.76189271252777,pieron
1211,21_epo,5.0,107.76189271252777,pieron
1212,21_epo,6.0,107.76189271252777,pieron
1213,21_epo,7.000000000000001,107.76189271252777,pieron
1214,21_epo,8.0,107.76189271252777,pieron
1215,21_epo,9.0,107.76189271252777,pieron
1216,21_epo,10.0,107.76189271252777,pieron
1217,21_epo,11.0,107.76189271252777,pieron
1218,21_epo,12.0,107.76189271252777,pieron
1219,21_epo,13.0,107.76189271252777,pieron
1220,21_epo,14.000000000000002,107.76189271252777,pieron
1221,21_epo,15.0,107.76189271252777,pieron
1222,21_epo,16.0,107.76189271252777,pieron
1223,21_epo,17.0,107.76189271252777,pieron
1224,21_epo,18.0,107.76189271252777,pieron
1225,21_epo,19.0,107.76189271252777,pieron
1226,21_epo,20.0,107.76189271252777,pieron
1227,21_epo,21.0,107.76189271252777,pieron
1228,21_epo,22.0,107.76189271252777,pieron
1229,21_epo,23.0,107.76189271252777,pieron
1230,21_epo,24.0,107.76189271252777,pieron
1231,21_epo,25.0,107.76189271252777,pieron
1232,21_epo,26.0,107.76189271252777,pieron
1233,21_epo,27.0,107.76189271252777,pieron
1234,21_epo,28.000000000000004,107.76189271252777,pieron
1235,21_epo,28.999999999999996,107.76189271252777,pieron
1236,21_epo,30.0,107.76189271252777,pieron
1237,21_epo,31.0,107.76189271252777,pieron
1238,21_epo,32.0,107.76189271252777,pieron
1239,21_epo,33.0,107.76189271252777,pieron
1240,21_epo,34.0,107.76189271252777,pieron
1241,21_epo,35.0,107.76189271252777,pieron
1242,21_epo,36.0,107.76189271252777,pieron
1243,21_epo,37.0,107.76189271252777,pieron
1244,21_epo,38.0,107.76189271252777,pieron
1245,21_epo,39.0,107.76189271252777,pieron
1246,21_epo,40.0,107.76189271252777,pieron
1247,21_epo,41.0,107.76189271252777,pieron
1248,21_epo,42.0,107.76189271252777,pieron
1249,21_epo,43.0,107.76189271252777,pieron
1250,21_epo,44.0,107.76189271252777,pieron
1251,21_epo,45.0,107.76189271252777,pieron
1252,21_epo,46.0,107.76189271252777,pieron
1253,21_epo,47.0,107.76189271252777,pieron
1254,21_epo,48.0,107.76189271252777,pieron
1255,21_epo,49.0,107.76189271252777,pieron
1256,21_epo,50.0,107.76189271252777,pieron
1257,21_epo,51.0,107.76189271252777,pieron
1258,21_epo,52.0,107.76189271252777,pieron
1259,21_epo,53.0,107.76189271252777,pieron
1260,21_epo,54.0,107.76189271252777,pieron
1261,21_epo,55.00000000000001,107.76189271252777,pieron
1262,21_epo,56.00000000000001,107.76189271252777,pieron
1263,21_epo,56.99999999999999,107.76189271252777,pieron
1264,21_epo,57.99999999999999,107.76189271252777,pieron
1265,21_epo,59.0,107.76189271252777,pieron
1266,21_epo,60.0,107.76189271252777,pieron
1267,21_epo,61.0,107.76189271252777,pieron
1268,21_epo,62.0,107.76189271252777,pieron
1269,21_epo,63.0,107.76189271252777,pieron
1270,21_epo,64.0,107.76189271252777,pieron
1271,21_epo,65.0,107.76189271252777,pieron
1272,21_epo,66.0,107.76189271252777,pieron
1273,21_epo,67.0,107.76189271252777,pieron
1274,21_epo,68.0,107.76189271252777,pieron
1275,21_epo,69.0,107.76189271252777,pieron
1276,21_epo,70.0,107.76189271252777,pieron
1277,21_epo,71.0,107.76189271252777,pieron
1278,21_epo,72.0,107.76189271252777,pieron
1279,21_epo,73.0,107.76189271252777,pieron
1280,21_epo,74.0,107.76189271252777,pieron
1281,21_epo,75.0,107.76189271252777,pieron
1282,21_epo,76.0,107.76189271252777,pieron
1283,21_epo,77.0,107.76189271252777,pieron
1284,21_epo,78.0,107.76189271252777,pieron
1285,21_epo,79.0,107.76189271252777,pieron
1286,21_epo,80.0,107.76189271252777,pieron
1287,21_epo,81.0,107.76189271252777,pieron
1288,21_epo,82.0,107.76189271252777,pieron
1289,21_epo,83.0,107.76189271252777,pieron
1290,21_epo,84.0,107.76189271252777,pieron
1291,21_epo,85.0,107.76189271252777,pieron
1292,21_epo,86.0,107.76189271252777,pieron
1293,21_epo,87.0,107.76189271252777,pieron
1294,21_epo,88.0,107.76189271252777,pieron
1295,21_epo,89.0,107.76189271252777,pieron
1296,21_epo,90.0,107.76189271252777,pieron
1297,21_epo,91.0,107.76189271252777,pieron
1298,21_epo,92.0,107.76189271252777,pieron
1299,21_epo,93.0,107.76189271252777,pieron
1300,21_epo,94.0,107.76189271252777,pieron
1301,21_epo,95.0,107.76189271252777,pieron
1302,22_epo,3.0,109.04300406871582,pieron
1303,22_epo,4.0,109.04300406871582,pieron
1304,22_epo,5.0,109.04300406871582,pieron
1305,22_epo,6.0,109.04300406871582,pieron
1306,22_epo,7.000000000000001,109.04300406871582,pieron
1307,22_epo,8.0,109.04300406871582,pieron
1308,22_epo,9.0,109.04300406871582,pieron
1309,22_epo,10.0,109.04300406871582,pieron
1310,22_epo,11.0,109.04300406871582,pieron
1311,22_epo,12.0,109.04300406871582,pieron
1312,22_epo,13.0,109.04300406871582,pieron
1313,22_epo,14.000000000000002,109.04300406871582,pieron
1314,22_epo,15.0,109.04300406871582,pieron
1315,22_epo,16.0,109.04300406871582,pieron
1316,22_epo,17.0,109.04300406871582,pieron
1317,22_epo,18.0,109.04300406871582,pieron
1318,22_epo,19.0,109.04300406871582,pieron
1319,22_epo,20.0,109.04300406871582,pieron
1320,22_epo,21.0,109.04300406871582,pieron
1321,22_epo,22.0,109.04300406871582,pieron
1322,22_epo,23.0,109.04300406871582,pieron
1323,22_epo,24.0,109.04300406871582,pieron
1324,22_epo,25.0,109.04300406871582,pieron
1325,22_epo,26.0,109.04300406871582,pieron
1326,22_epo,27.0,109.04300406871582,pieron
1327,22_epo,28.000000000000004,109.04300406871582,pieron
1328,22_epo,28.999999999999996,109.04300406871582,pieron
1329,22_epo,30.0,109.04300406871582,pieron
1330,22_epo,31.0,109.04300406871582,pieron
1331,22_epo,32.0,109.04300406871582,pieron
1332,22_epo,33.0,109.04300406871582,pieron
1333,22_epo,34.0,109.04300406871582,pieron
1334,22_epo,35.0,109.04300406871582,pieron
1335,22_epo,36.0,109.04300406871582,pieron
1336,22_epo,37.0,109.04300406871582,pieron
1337,22_epo,38.0,109.04300406871582,pieron
1338,22_epo,39.0,109.04300406871582,pieron
1339,22_epo,40.0,109.04300406871582,pieron
1340,22_epo,41.0,109.04300406871582,pieron
1341,22_epo,42.0,109.04300406871582,pieron
1342,22_epo,43.0,109.04300406871582,pieron
1343,22_epo,44.0,109.04300406871582,pieron
1344,22_epo,45.0,109.04300406871582,pieron
1345,22_epo,46.0,109.04300406871582,pieron
1346,22_epo,47.0,109.04300406871582,pieron
1347,22_epo,48.0,109.04300406871582,pieron
1348,22_epo,49.0,109.04300406871582,pieron
1349,22_epo,50.0,109.04300406871582,pieron
1350,22_epo,51.0,109.04300406871582,pieron
1351,22_epo,52.0,109.04300406871582,pieron
1352,22_epo,53.0,109.04300406871582,pieron
1353,22_epo,54.0,109.04300406871582,pieron
1354,22_epo,55.00000000000001,109.04300406871582,pieron
1355,22_epo,56.00000000000001,109.04300406871582,pieron
1356,22_epo,56.99999999999999,109.04300406871582,pieron
1357,22_epo,57.99999999999999,109.04300406871582,pieron
1358,22_epo,59.0,109.04300406871582,pieron
1359,22_epo,60.0,109.04300406871582,pieron
1360,22_epo,61.0,109.04300406871582,pieron
1361,22_epo,62.0,109.04300406871582,pieron
1362,22_epo,63.0,109.04300406871582,pieron
1363,22_epo,64.0,109.04300406871582,pieron
1364,22_epo,65.0,109.04300406871582,pieron
1365,22_epo,66.0,109.04300406871582,pieron
1366,22_epo,67.0,109.04300406871582,pieron
1367,22_epo,68.0,109.04300406871582,pieron
1368,22_epo,69.0,109.04300406871582,pieron
1369,22_epo,70.0,109.04300406871582,pieron
1370,22_epo,71.0,109.04300406871582,pieron
1371,22_epo,72.0,109.04300406871582,pieron
1372,22_epo,73.0,109.04300406871582,pieron
1373,22_epo,74.0,109.04300406871582,pieron
1374,22_epo,75.0,109.04300406871582,pieron
1375,22_epo,76.0,109.04300406871582,pieron
1376,22_epo,77.0,109.04300406871582,pieron
1377,22_epo,78.0,109.04300406871582,pieron
1378,22_epo,79.0,109.04300406871582,pieron
1379,22_epo,80.0,109.04300406871582,pieron
1380,22_epo,81.0,109.04300406871582,pieron
1381,22_epo,82.0,109.04300406871582,pieron
1382,22_epo,83.0,109.04300406871582,pieron
1383,22_epo,84.0,109.04300406871582,pieron
1384,22_epo,85.0,109.04300406871582,pieron
1385,22_epo,86.0,109.04300406871582,pieron
1386,22_epo,87.0,109.04300406871582,pieron
1387,22_epo,88.0,109.04300406871582,pieron
1388,22_epo,89.0,109.04300406871582,pieron
1389,22_epo,90.0,109.04300406871582,pieron
1390,22_epo,91.0,109.04300406871582,pieron
1391,22_epo,92.0,109.04300406871582,pieron
1392,22_epo,93.0,109.04300406871582,pieron
1393,22_epo,94.0,109.04300406871582,pieron
1394,22_epo,95.0,109.04300406871582,pieron
1395,23_epo,3.0,101.32303639844285,pieron
1396,23_epo,4.0,101.32303639844285,pieron
1397,23_epo,5.0,101.32303639844285,pieron
1398,23_epo,6.0,101.32303639844285,pieron
1399,23_epo,7.000000000000001,101.32303639844285,pieron
1400,23_epo,8.0,101.32303639844285,pieron
1401,23_epo,9.0,101.32303639844285,pieron
1402,23_epo,10.0,101.32303639844285,pieron
1403,23_epo,11.0,101.32303639844285,pieron
1404,23_epo,12.0,101.32303639844285,pieron
1405,23_epo,13.0,101.32303639844285,pieron
1406,23_epo,14.000000000000002,101.32303639844285,pieron
1407,23_epo,15.0,101.32303639844285,pieron
1408,23_epo,16.0,101.32303639844285,pieron
1409,23_epo,17.0,101.32303639844285,pieron
1410,23_epo,18.0,101.32303639844285,pieron
1411,23_epo,19.0,101.32303639844285,pieron
1412,23_epo,20.0,101.32303639844285,pieron
1413,23_epo,21.0,101.32303639844285,pieron
1414,23_epo,22.0,101.32303639844285,pieron
1415,23_epo,23.0,101.32303639844285,pieron
1416,23_epo,24.0,101.32303639844285,pieron
1417,23_epo,25.0,101.32303639844285,pieron
1418,23_epo,26.0,101.32303639844285,pieron
1419,23_epo,27.0,101.32303639844285,pieron
1420,23_epo,28.000000000000004,101.32303639844285,pieron
1421,23_epo,28.999999999999996,101.32303639844285,pieron
1422,23_epo,30.0,101.32303639844285,pieron
1423,23_epo,31.0,101.32303639844285,pieron
1424,23_epo,32.0,101.32303639844285,pieron
1425,23_epo,33.0,101.32303639844285,pieron
1426,23_epo,34.0,101.32303639844285,pieron
1427,23_epo,35.0,101.32303639844285,pieron
1428,23_epo,36.0,101.32303639844285,pieron
1429,23_epo,37.0,101.32303639844285,pieron
1430,23_epo,38.0,101.32303639844285,pieron
1431,23_epo,39.0,101.32303639844285,pieron
1432,23_epo,40.0,101.32303639844285,pieron
1433,23_epo,41.0,101.32303639844285,pieron
1434,23_epo,42.0,101.32303639844285,pieron
1435,23_epo,43.0,101.32303639844285,pieron
1436,23_epo,44.0,101.32303639844285,pieron
1437,23_epo,45.0,101.32303639844285,pieron
1438,23_epo,46.0,101.32303639844285,pieron
1439,23_epo,47.0,101.32303639844285,pieron
1440,23_epo,48.0,101.32303639844285,pieron
1441,23_epo,49.0,101.32303639844285,pieron
1442,23_epo,50.0,101.32303639844285,pieron
1443,23_epo,51.0,101.32303639844285,pieron
1444,23_epo,52.0,101.32303639844285,pieron
1445,23_epo,53.0,101.32303639844285,pieron
1446,23_epo,54.0,101.32303639844285,pieron
1447,23_epo,55.00000000000001,101.32303639844285,pieron
1448,23_epo,56.00000000000001,101.32303639844285,pieron
1449,23_epo,56.99999999999999,101.32303639844285,pieron
1450,23_epo,57.99999999999999,101.32303639844285,pieron
1451,23_epo,59.0,101.32303639844285,pieron
1452,23_epo,60.0,101.32303639844285,pieron
1453,23_epo,61.0,101.32303639844285,pieron
1454,23_epo,62.0,101.32303639844285,pieron
1455,23_epo,63.0,101.32303639844285,pieron
1456,23_epo,64.0,101.32303639844285,pieron
1457,23_epo,65.0,101.32303639844285,pieron
1458,23_epo,66.0,101.32303639844285,pieron
1459,23_epo,67.0,101.32303639844285,pieron
1460,23_epo,68.0,101.32303639844285,pieron
1461,23_epo,69.0,101.32303639844285,pieron
1462,23_epo,70.0,101.32303639844285,pieron
1463,23_epo,71.0,101.32303639844285,pieron
1464,23_epo,72.0,101.32303639844285,pieron
1465,23_epo,73.0,101.32303639844285,pieron
1466,23_epo,74.0,101.32303639844285,pieron
1467,23_epo,75.0,101.32303639844285,pieron
1468,23_epo,76.0,101.32303639844285,pieron
1469,23_epo,77.0,101.32303639844285,pieron
1470,23_epo,78.0,101.32303639844285,pieron
1471,23_epo,79.0,101.32303639844285,pieron
1472,23_epo,80.0,101.32303639844285,pieron
1473,23_epo,81.0,101.32303639844285,pieron
1474,23_epo,82.0,101.32303639844285,pieron
1475,23_epo,83.0,101.32303639844285,pieron
1476,23_epo,84.0,101.32303639844285,pieron
1477,23_epo,85.0,101.32303639844285,pieron
1478,23_epo,86.0,101.32303639844285,pieron
1479,23_epo,87.0,101.32303639844285,pieron
1480,23_epo,88.0,101.32303639844285,pieron
1481,23_epo,89.0,101.32303639844285,pieron
1482,23_epo,90.0,101.32303639844285,pieron
1483,23_epo,91.0,101.32303639844285,pieron
1484,23_epo,92.0,101.32303639844285,pieron
1485,23_epo,93.0,101.32303639844285,pieron
1486,23_epo,94.0,101.32303639844285,pieron
1487,23_epo,95.0,101.32303639844285,pieron
1488,24_epo,3.0,139.9739583332412,pieron
1489,24_epo,4.0,139.9739583332412,pieron
1490,24_epo,5.0,139.9739583332412,pieron
1491,24_epo,6.0,139.9739583332412,pieron
1492,24_epo,7.000000000000001,139.9739583332412,pieron
1493,24_epo,8.0,139.9739583332412,pieron
1494,24_epo,9.0,139.9739583332412,pieron
1495,24_epo,10.0,139.9739583332412,pieron
1496,24_epo,11.0,139.9739583332412,pieron
1497,24_epo,12.0,139.9739583332412,pieron
1498,24_epo,13.0,139.9739583332412,pieron
1499,24_epo,14.000000000000002,139.9739583332412,pieron
1500,24_epo,15.0,139.9739583332412,pieron
1501,24_epo,16.0,139.9739583332412,pieron
1502,24_epo,17.0,139.9739583332412,pieron
1503,24_epo,18.0,139.9739583332412,pieron
1504,24_epo,19.0,139.9739583332412,pieron
1505,24_epo,20.0,139.9739583332412,pieron
1506,24_epo,21.0,139.9739583332412,pieron
1507,24_epo,22.0,139.9739583332412,pieron
1508,24_epo,23.0,139.9739583332412,pieron
1509,24_epo,24.0,139.9739583332412,pieron
1510,24_epo,25.0,139.9739583332412,pieron
1511,24_epo,26.0,139.9739583332412,pieron
1512,24_epo,27.0,139.9739583332412,pieron
1513,24_epo,28.000000000000004,139.9739583332412,pieron
1514,24_epo,28.999999999999996,139.9739583332412,pieron
1515,24_epo,30.0,139.9739583332412,pieron
1516,24_epo,31.0,139.9739583332412,pieron
1517,24_epo,32.0,139.9739583332412,pieron
1518,24_epo,33.0,139.9739583332412,pieron
1519,24_epo,34.0,139.9739583332412,pieron
1520,24_epo,35.0,139.9739583332412,pieron
1521,24_epo,36.0,139.9739583332412,pieron
1522,24_epo,37.0,139.9739583332412,pieron
1523,24_epo,38.0,139.9739583332412,pieron
1524,24_epo,39.0,139.9739583332412,pieron
1525,24_epo,40.0,139.9739583332412,pieron
1526,24_epo,41.0,139.9739583332412,pieron
1527,24_epo,42.0,139.9739583332412,pieron
1528,24_epo,43.0,139.9739583332412,pieron
1529,24_epo,44.0,139.9739583332412,pieron
1530,24_epo,45.0,139.9739583332412,pieron
1531,24_epo,46.0,139.9739583332412,pieron
1532,24_epo,47.0,139.9739583332412,pieron
1533,24_epo,48.0,139.9739583332412,pieron
1534,24_epo,49.0,139.9739583332412,pieron
1535,24_epo,50.0,139.9739583332412,pieron
1536,24_epo,51.0,139.9739583332412,pieron
1537,24_epo,52.0,139.9739583332412,pieron
1538,24_epo,53.0,139.9739583332412,pieron
1539,24_epo,54.0,139.9739583332412,pieron
1540,24_epo,55.00000000000001,139.9739583332412,pieron
1541,24_epo,56.00000000000001,139.9739583332412,pieron
1542,24_epo,56.99999999999999,139.9739583332412,pieron
1543,24_epo,57.99999999999999,139.9739583332412,pieron
1544,24_epo,59.0,139.9739583332412,pieron
1545,24_epo,60.0,139.9739583332412,pieron
1546,24_epo,61.0,139.9739583332412,pieron
1547,24_epo,62.0,139.9739583332412,pieron
1548,24_epo,63.0,139.9739583332412,pieron
1549,24_epo,64.0,139.9739583332412,pieron
1550,24_epo,65.0,139.9739583332412,pieron
1551,24_epo,66.0,139.9739583332412,pieron
1552,24_epo,67.0,139.9739583332412,pieron
1553,24_epo,68.0,139.9739583332412,pieron
1554,24_epo,69.0,139.9739583332412,pieron
1555,24_epo,70.0,139.9739583332412,pieron
1556,24_epo,71.0,139.9739583332412,pieron
1557,24_epo,72.0,139.9739583332412,pieron
1558,24_epo,73.0,139.9739583332412,pieron
1559,24_epo,74.0,139.9739583332412,pieron
1560,24_epo,75.0,139.9739583332412,pieron
1561,24_epo,76.0,139.9739583332412,pieron
1562,24_epo,77.0,139.9739583332412,pieron
1563,24_epo,78.0,139.9739583332412,pieron
1564,24_epo,79.0,139.9739583332412,pieron
1565,24_epo,80.0,139.9739583332412,pieron
1566,24_epo,81.0,139.9739583332412,pieron
1567,24_epo,82.0,139.9739583332412,pieron
1568,24_epo,83.0,139.9739583332412,pieron
1569,24_epo,84.0,139.9739583332412,pieron
1570,24_epo,85.0,139.9739583332412,pieron
1571,24_epo,86.0,139.9739583332412,pieron
1572,24_epo,87.0,139.9739583332412,pieron
1573,24_epo,88.0,139.9739583332412,pieron
1574,24_epo,89.0,139.9739583332412,pieron
1575,24_epo,90.0,139.9739583332412,pieron
1576,24_epo,91.0,139.9739583332412,pieron
1577,24_epo,92.0,139.9739583332412,pieron
1578,24_epo,93.0,139.9739583332412,pieron
1579,24_epo,94.0,139.9739583332412,pieron
1580,24_epo,95.0,139.9739583332412,pieron
1581,25_epo,3.0,111.81903607536908,pieron
1582,25_epo,4.0,111.81903607536906,pieron
1583,25_epo,5.0,111.81903607536906,pieron
1584,25_epo,6.0,111.81903607536906,pieron
1585,25_epo,7.000000000000001,111.81903607536906,pieron
1586,25_epo,8.0,111.81903607536906,pieron
1587,25_epo,9.0,111.81903607536906,pieron
1588,25_epo,10.0,111.81903607536906,pieron
1589,25_epo,11.0,111.81903607536906,pieron
1590,25_epo,12.0,111.81903607536906,pieron
1591,25_epo,13.0,111.81903607536906,pieron
1592,25_epo,14.000000000000002,111.81903607536906,pieron
1593,25_epo,15.0,111.81903607536906,pieron
1594,25_epo,16.0,111.81903607536906,pieron
1595,25_epo,17.0,111.81903607536906,pieron
1596,25_epo,18.0,111.81903607536906,pieron
1597,25_epo,19.0,111.81903607536906,pieron
1598,25_epo,20.0,111.81903607536906,pieron
1599,25_epo,21.0,111.81903607536906,pieron
1600,25_epo,22.0,111.81903607536906,pieron
1601,25_epo,23.0,111.81903607536906,pieron
1602,25_epo,24.0,111.81903607536906,pieron
1603,25_epo,25.0,111.81903607536906,pieron
1604,25_epo,26.0,111.81903607536906,pieron
1605,25_epo,27.0,111.81903607536906,pieron
1606,25_epo,28.000000000000004,111.81903607536906,pieron
1607,25_epo,28.999999999999996,111.81903607536906,pieron
1608,25_epo,30.0,111.81903607536906,pieron
1609,25_epo,31.0,111.81903607536906,pieron
1610,25_epo,32.0,111.81903607536906,pieron
1611,25_epo,33.0,111.81903607536906,pieron
1612,25_epo,34.0,111.81903607536906,pieron
1613,25_epo,35.0,111.81903607536906,pieron
1614,25_epo,36.0,111.81903607536906,pieron
1615,25_epo,37.0,111.81903607536906,pieron
1616,25_epo,38.0,111.81903607536906,pieron
1617,25_epo,39.0,111.81903607536906,pieron
1618,25_epo,40.0,111.81903607536906,pieron
1619,25_epo,41.0,111.81903607536906,pieron
1620,25_epo,42.0,111.81903607536906,pieron
1621,25_epo,43.0,111.81903607536906,pieron
1622,25_epo,44.0,111.81903607536906,pieron
1623,25_epo,45.0,111.81903607536906,pieron
1624,25_epo,46.0,111.81903607536906,pieron
1625,25_epo,47.0,111.81903607536906,pieron
1626,25_epo,48.0,111.81903607536906,pieron
1627,25_epo,49.0,111.81903607536906,pieron
1628,25_epo,50.0,111.81903607536906,pieron
1629,25_epo,51.0,111.81903607536906,pieron
1630,25_epo,52.0,111.81903607536906,pieron
1631,25_epo,53.0,111.81903607536906,pieron
1632,25_epo,54.0,111.81903607536906,pieron
1633,25_epo,55.00000000000001,111.81903607536906,pieron
1634,25_epo,56.00000000000001,111.81903607536906,pieron
1635,25_epo,56.99999999999999,111.81903607536906,pieron
1636,25_epo,57.99999999999999,111.81903607536906,pieron
1637,25_epo,59.0,111.81903607536906,pieron
1638,25_epo,60.0,111.81903607536906,pieron
1639,25_epo,61.0,111.81903607536906,pieron
1640,25_epo,62.0,111.81903607536906,pieron
1641,25_epo,63.0,111.81903607536906,pieron
1642,25_epo,64.0,111.81903607536906,pieron
1643,25_epo,65.0,111.81903607536906,pieron
1644,25_epo,66.0,111.81903607536906,pieron
1645,25_epo,67.0,111.81903607536906,pieron
1646,25_epo,68.0,111.81903607536906,pieron
1647,25_epo,69.0,111.81903607536906,pieron
1648,25_epo,70.0,111.81903607536906,pieron
1649,25_epo,71.0,111.81903607536906,pieron
1650,25_epo,72.0,111.81903607536906,pieron
1651,25_epo,73.0,111.81903607536906,pieron
1652,25_epo,74.0,111.81903607536906,pieron
1653,25_epo,75.0,111.81903607536906,pieron
1654,25_epo,76.0,111.81903607536906,pieron
1655,25_epo,77.0,111.81903607536906,pieron
1656,25_epo,78.0,111.81903607536906,pieron
1657,25_epo,79.0,111.81903607536906,pieron
1658,25_epo,80.0,111.81903607536906,pieron
1659,25_epo,81.0,111.81903607536906,pieron
1660,25_epo,82.0,111.81903607536906,pieron
1661,25_epo,83.0,111.81903607536906,pieron
1662,25_epo,84.0,111.81903607536906,pieron
1663,25_epo,85.0,111.81903607536906,pieron
1664,25_epo,86.0,111.81903607536906,pieron
1665,25_epo,87.0,111.81903607536906,pieron
1666,25_epo,88.0,111.81903607536906,pieron
1667,25_epo,89.0,111.81903607536906,pieron
1668,25_epo,90.0,111.81903607536906,pieron
1669,25_epo,91.0,111.81903607536906,pieron
1670,25_epo,92.0,111.81903607536906,pieron
1671,25_epo,93.0,111.81903607536906,pieron
1672,25_epo,94.0,111.81903607536906,pieron
1673,25_epo,95.0,111.81903607536906,pieron
1674,2_epo,3.0,108.9024102017237,pieron
1675,2_epo,4.0,108.9024102017237,pieron
1676,2_epo,5.0,108.9024102017237,pieron
1677,2_epo,6.0,108.9024102017237,pieron
1678,2_epo,7.000000000000001,108.9024102017237,pieron
1679,2_epo,8.0,108.9024102017237,pieron
1680,2_epo,9.0,108.9024102017237,pieron
1681,2_epo,10.0,108.9024102017237,pieron
1682,2_epo,11.0,108.9024102017237,pieron
1683,2_epo,12.0,108.9024102017237,pieron
1684,2_epo,13.0,108.9024102017237,pieron
1685,2_epo,14.000000000000002,108.9024102017237,pieron
1686,2_epo,15.0,108.9024102017237,pieron
1687,2_epo,16.0,108.9024102017237,pieron
1688,2_epo,17.0,108.9024102017237,pieron
1689,2_epo,18.0,108.9024102017237,pieron
1690,2_epo,19.0,108.9024102017237,pieron
1691,2_epo,20.0,108.9024102017237,pieron
1692,2_epo,21.0,108.9024102017237,pieron
1693,2_epo,22.0,108.9024102017237,pieron
1694,2_epo,23.0,108.9024102017237,pieron
1695,2_epo,24.0,108.9024102017237,pieron
1696,2_epo,25.0,108.9024102017237,pieron
1697,2_epo,26.0,108.9024102017237,pieron
1698,2_epo,27.0,108.9024102017237,pieron
1699,2_epo,28.000000000000004,108.9024102017237,pieron
1700,2_epo,28.999999999999996,108.9024102017237,pieron
1701,2_epo,30.0,108.9024102017237,pieron
1702,2_epo,31.0,108.9024102017237,pieron
1703,2_epo,32.0,108.9024102017237,pieron
1704,2_epo,33.0,108.9024102017237,pieron
1705,2_epo,34.0,108.9024102017237,pieron
1706,2_epo,35.0,108.9024102017237,pieron
1707,2_epo,36.0,108.9024102017237,pieron
1708,2_epo,37.0,108.9024102017237,pieron
1709,2_epo,38.0,108.9024102017237,pieron
1710,2_epo,39.0,108.9024102017237,pieron
1711,2_epo,40.0,108.9024102017237,pieron
1712,2_epo,41.0,108.9024102017237,pieron
1713,2_epo,42.0,108.9024102017237,pieron
1714,2_epo,43.0,108.9024102017237,pieron
1715,2_epo,44.0,108.9024102017237,pieron
1716,2_epo,45.0,108.9024102017237,pieron
1717,2_epo,46.0,108.9024102017237,pieron
1718,2_epo,47.0,108.9024102017237,pieron
1719,2_epo,48.0,108.9024102017237,pieron
1720,2_epo,49.0,108.9024102017237,pieron
1721,2_epo,50.0,108.9024102017237,pieron
1722,2_epo,51.0,108.9024102017237,pieron
1723,2_epo,52.0,108.9024102017237,pieron
1724,2_epo,53.0,108.9024102017237,pieron
1725,2_epo,54.0,108.9024102017237,pieron
1726,2_epo,55.00000000000001,108.9024102017237,pieron
1727,2_epo,56.00000000000001,108.9024102017237,pieron
1728,2_epo,56.99999999999999,108.9024102017237,pieron
1729,2_epo,57.99999999999999,108.9024102017237,pieron
1730,2_epo,59.0,108.9024102017237,pieron
1731,2_epo,60.0,108.9024102017237,pieron
1732,2_epo,61.0,108.9024102017237,pieron
1733,2_epo,62.0,108.9024102017237,pieron
1734,2_epo,63.0,108.9024102017237,pieron
1735,2_epo,64.0,108.9024102017237,pieron
1736,2_epo,65.0,108.9024102017237,pieron
1737,2_epo,66.0,108.9024102017237,pieron
1738,2_epo,67.0,108.9024102017237,pieron
1739,2_epo,68.0,108.9024102017237,pieron
1740,2_epo,69.0,108.9024102017237,pieron
1741,2_epo,70.0,108.9024102017237,pieron
1742,2_epo,71.0,108.9024102017237,pieron
1743,2_epo,72.0,108.9024102017237,pieron
1744,2_epo,73.0,108.9024102017237,pieron
1745,2_epo,74.0,108.9024102017237,pieron
1746,2_epo,75.0,108.9024102017237,pieron
1747,2_epo,76.0,108.9024102017237,pieron
1748,2_epo,77.0,108.9024102017237,pieron
1749,2_epo,78.0,108.9024102017237,pieron
1750,2_epo,79.0,108.9024102017237,pieron
1751,2_epo,80.0,108.9024102017237,pieron
1752,2_epo,81.0,108.9024102017237,pieron
1753,2_epo,82.0,108.9024102017237,pieron
1754,2_epo,83.0,108.9024102017237,pieron
1755,2_epo,84.0,108.9024102017237,pieron
1756,2_epo,85.0,108.9024102017237,pieron
1757,2_epo,86.0,108.9024102017237,pieron
1758,2_epo,87.0,108.9024102017237,pieron
1759,2_epo,88.0,108.9024102017237,pieron
1760,2_epo,89.0,108.9024102017237,pieron
1761,2_epo,90.0,108.9024102017237,pieron
1762,2_epo,91.0,108.9024102017237,pieron
1763,2_epo,92.0,108.9024102017237,pieron
1764,2_epo,93.0,108.9024102017237,pieron
1765,2_epo,94.0,108.9024102017237,pieron
1766,2_epo,95.0,108.9024102017237,pieron
1767,3_epo,3.0,97.49321229632112,pieron
1768,3_epo,4.0,97.03204140317088,pieron
1769,3_epo,5.0,96.67583227991055,pieron
1770,3_epo,6.0,96.3857591580284,pieron
1771,3_epo,7.000000000000001,96.14118495793709,pieron
1772,3_epo,8.0,95.92982683627079,pieron
1773,3_epo,9.0,95.74378147800016,pieron
1774,3_epo,10.0,95.57766399379402,pieron
1775,3_epo,11.0,95.42764075328367,pieron
1776,3_epo,12.0,95.29088589503806,pieron
1777,3_epo,13.0,95.16525669161622,pieron
1778,3_epo,14.000000000000002,95.04908988287445,pieron
1779,3_epo,15.0,94.94106863438357,pieron
1780,3_epo,16.0,94.84013263825005,pieron
1781,3_epo,17.0,94.74541559146789,pieron
1782,3_epo,18.0,94.65620062213964,pieron
1783,3_epo,19.0,94.57188781735222,pieron
1784,3_epo,20.0,94.49197011370215,pieron
1785,3_epo,21.0,94.41601509314582,pieron
1786,3_epo,22.0,94.34365102986698,pieron
1787,3_epo,23.0,94.27455605035497,pieron
1788,3_epo,24.0,94.20844960896714,pieron
1789,3_epo,25.0,94.1450857099258,pieron
1790,3_epo,26.0,94.08424746341237,pieron
1791,3_epo,27.0,94.025742672682,pieron
1792,3_epo,28.000000000000004,93.96940022650412,pieron
1793,3_epo,28.999999999999996,93.91506712683537,pieron
1794,3_epo,30.0,93.86260602211019,pieron
1795,3_epo,31.0,93.81189314636852,pieron
1796,3_epo,32.0,93.76281658667618,pieron
1797,3_epo,33.0,93.71527481804249,pieron
1798,3_epo,34.0,93.66917545777831,pieron
1799,3_epo,35.0,93.62443420101465,pieron
1800,3_epo,36.0,93.58097390667109,pieron
1801,3_epo,37.0,93.53872380906846,pieron
1802,3_epo,38.0,93.49761883502282,pieron
1803,3_epo,39.0,93.4575990099335,pieron
1804,3_epo,40.0,93.41860893930756,pieron
1805,3_epo,41.0,93.38059735451208,pieron
1806,3_epo,42.0,93.34351671344126,pieron
1807,3_epo,43.0,93.30732284832347,pieron
1808,3_epo,44.0,93.271974654147,pieron
1809,3_epo,45.0,93.23743381221263,pieron
1810,3_epo,46.0,93.20366454416695,pieron
1811,3_epo,47.0,93.17063339257305,pieron
1812,3_epo,48.0,93.13830902465615,pieron
1813,3_epo,49.0,93.10666205634953,pieron
1814,3_epo,50.0,93.07566489417297,pieron
1815,3_epo,51.0,93.04529159281904,pieron
1816,3_epo,52.0,93.01551772661206,pieron
1817,3_epo,53.0,92.98632027324967,pieron
1818,3_epo,54.0,92.957677508446,pieron
1819,3_epo,55.00000000000001,92.92956891027252,pieron
1820,3_epo,56.00000000000001,92.90197507214543,pieron
1821,3_epo,56.99999999999999,92.87487762353884,pieron
1822,3_epo,57.99999999999999,92.84825915761526,pieron
1823,3_epo,59.0,92.8221031650619,pieron
1824,3_epo,60.0,92.79639397350546,pieron
1825,3_epo,61.0,92.77111669195024,pieron
1826,3_epo,62.0,92.7462571597487,pieron
1827,3_epo,63.0,92.72180189966753,pieron
1828,3_epo,64.0,92.69773807466169,pieron
1829,3_epo,65.0,92.67405344801017,pieron
1830,3_epo,66.0,92.65073634650501,pieron
1831,3_epo,67.0,92.62777562641699,pieron
1832,3_epo,68.0,92.60516064199076,pieron
1833,3_epo,69.0,92.58288121624716,pieron
1834,3_epo,70.0,92.56092761389293,pieron
1835,3_epo,71.0,92.53929051615809,pieron
1836,3_epo,72.0,92.51796099739862,pieron
1837,3_epo,73.0,92.49693050331818,pieron
1838,3_epo,74.0,92.47619083067613,pieron
1839,3_epo,75.0,92.45573410836175,pieron
1840,3_epo,76.0,92.4355527797263,pieron
1841,3_epo,77.0,92.41563958607314,pieron
1842,3_epo,78.0,92.39598755121702,pieron
1843,3_epo,79.0,92.37658996702957,pieron
1844,3_epo,80.0,92.3574403798972,pieron
1845,3_epo,81.0,92.33853257802278,pieron
1846,3_epo,82.0,92.31986057950886,pieron
1847,3_epo,83.0,92.30141862116554,pieron
1848,3_epo,84.0,92.28320114799055,pieron
1849,3_epo,85.0,92.26520280327432,pieron
1850,3_epo,86.0,92.24741841928493,pieron
1851,3_epo,87.0,92.22984300849369,pieron
1852,3_epo,88.0,92.21247175530375,pieron
1853,3_epo,89.0,92.19530000824746,pieron
1854,3_epo,90.0,92.17832327262083,pieron
1855,3_epo,91.0,92.16153720352678,pieron
1856,3_epo,92.0,92.14493759929928,pieron
1857,3_epo,93.0,92.12852039528435,pieron
1858,3_epo,94.0,92.11228165795474,pieron
1859,3_epo,95.0,92.09621757933675,pieron
1860,4_epo,3.0,92.7557461499267,pieron
1861,4_epo,4.0,92.7557461499267,pieron
1862,4_epo,5.0,92.7557461499267,pieron
1863,4_epo,6.0,92.7557461499267,pieron
1864,4_epo,7.000000000000001,92.7557461499267,pieron
1865,4_epo,8.0,92.7557461499267,pieron
1866,4_epo,9.0,92.7557461499267,pieron
1867,4_epo,10.0,92.7557461499267,pieron
1868,4_epo,11.0,92.7557461499267,pieron
1869,4_epo,12.0,92.7557461499267,pieron
1870,4_epo,13.0,92.7557461499267,pieron
1871,4_epo,14.000000000000002,92.7557461499267,pieron
1872,4_epo,15.0,92.7557461499267,pieron
1873,4_epo,16.0,92.7557461499267,pieron
1874,4_epo,17.0,92.7557461499267,pieron
1875,4_epo,18.0,92.7557461499267,pieron
1876,4_epo,19.0,92.7557461499267,pieron
1877,4_epo,20.0,92.7557461499267,pieron
1878,4_epo,21.0,92.7557461499267,pieron
1879,4_epo,22.0,92.7557461499267,pieron
1880,4_epo,23.0,92.7557461499267,pieron
1881,4_epo,24.0,92.7557461499267,pieron
1882,4_epo,25.0,92.7557461499267,pieron
1883,4_epo,26.0,92.7557461499267,pieron
1884,4_epo,27.0,92.7557461499267,pieron
1885,4_epo,28.000000000000004,92.7557461499267,pieron
1886,4_epo,28.999999999999996,92.7557461499267,pieron
1887,4_epo,30.0,92.7557461499267,pieron
1888,4_epo,31.0,92.7557461499267,pieron
1889,4_epo,32.0,92.7557461499267,pieron
1890,4_epo,33.0,92.7557461499267,pieron
1891,4_epo,34.0,92.7557461499267,pieron
1892,4_epo,35.0,92.7557461499267,pieron
1893,4_epo,36.0,92.7557461499267,pieron
1894,4_epo,37.0,92.7557461499267,pieron
1895,4_epo,38.0,92.7557461499267,pieron
1896,4_epo,39.0,92.7557461499267,pieron
1897,4_epo,40.0,92.7557461499267,pieron
1898,4_epo,41.0,92.7557461499267,pieron
1899,4_epo,42.0,92.7557461499267,pieron
1900,4_epo,43.0,92.7557461499267,pieron
1901,4_epo,44.0,92.7557461499267,pieron
1902,4_epo,45.0,92.7557461499267,pieron
1903,4_epo,46.0,92.7557461499267,pieron
1904,4_epo,47.0,92.7557461499267,pieron
1905,4_epo,48.0,92.7557461499267,pieron
1906,4_epo,49.0,92.7557461499267,pieron
1907,4_epo,50.0,92.7557461499267,pieron
1908,4_epo,51.0,92.7557461499267,pieron
1909,4_epo,52.0,92.7557461499267,pieron
1910,4_epo,53.0,92.7557461499267,pieron
1911,4_epo,54.0,92.7557461499267,pieron
1912,4_epo,55.00000000000001,92.7557461499267,pieron
1913,4_epo,56.00000000000001,92.7557461499267,pieron
1914,4_epo,56.99999999999999,92.7557461499267,pieron
1915,4_epo,57.99999999999999,92.7557461499267,pieron
1916,4_epo,59.0,92.7557461499267,pieron
1917,4_epo,60.0,92.7557461499267,pieron
1918,4_epo,61.0,92.7557461499267,pieron
1919,4_epo,62.0,92.7557461499267,pieron
1920,4_epo,63.0,92.7557461499267,pieron
1921,4_epo,64.0,92.7557461499267,pieron
1922,4_epo,65.0,92.7557461499267,pieron
1923,4_epo,66.0,92.7557461499267,pieron
1924,4_epo,67.0,92.7557461499267,pieron
1925,4_epo,68.0,92.7557461499267,pieron
1926,4_epo,69.0,92.7557461499267,pieron
1927,4_epo,70.0,92.7557461499267,pieron
1928,4_epo,71.0,92.7557461499267,pieron
1929,4_epo,72.0,92.7557461499267,pieron
1930,4_epo,73.0,92.7557461499267,pieron
1931,4_epo,74.0,92.7557461499267,pieron
1932,4_epo,75.0,92.7557461499267,pieron
1933,4_epo,76.0,92.7557461499267,pieron
1934,4_epo,77.0,92.7557461499267,pieron
1935,4_epo,78.0,92.7557461499267,pieron
1936,4_epo,79.0,92.7557461499267,pieron
1937,4_epo,80.0,92.7557461499267,pieron
1938,4_epo,81.0,92.7557461499267,pieron
1939,4_epo,82.0,92.7557461499267,pieron
1940,4_epo,83.0,92.7557461499267,pieron
1941,4_epo,84.0,92.7557461499267,pieron
1942,4_epo,85.0,92.7557461499267,pieron
1943,4_epo,86.0,92.7557461499267,pieron
1944,4_epo,87.0,92.7557461499267,pieron
1945,4_epo,88.0,92.7557461499267,pieron
1946,4_epo,89.0,92.7557461499267,pieron
1947,4_epo,90.0,92.7557461499267,pieron
1948,4_epo,91.0,92.7557461499267,pieron
1949,4_epo,92.0,92.7557461499267,pieron
1950,4_epo,93.0,92.7557461499267,pieron
1951,4_epo,94.0,92.7557461499267,pieron
1952,4_epo,95.0,92.7557461499267,pieron
1953,5_epo,3.0,108.09999418535092,pieron
1954,5_epo,4.0,108.0999941853509,pieron
1955,5_epo,5.0,108.0999941853509,pieron
1956,5_epo,6.0,108.0999941853509,pieron
1957,5_epo,7.000000000000001,108.0999941853509,pieron
1958,5_epo,8.0,108.0999941853509,pieron
1959,5_epo,9.0,108.0999941853509,pieron
1960,5_epo,10.0,108.0999941853509,pieron
1961,5_epo,11.0,108.0999941853509,pieron
1962,5_epo,12.0,108.0999941853509,pieron
1963,5_epo,13.0,108.0999941853509,pieron
1964,5_epo,14.000000000000002,108.0999941853509,pieron
1965,5_epo,15.0,108.0999941853509,pieron
1966,5_epo,16.0,108.0999941853509,pieron
1967,5_epo,17.0,108.0999941853509,pieron
1968,5_epo,18.0,108.0999941853509,pieron
1969,5_epo,19.0,108.0999941853509,pieron
1970,5_epo,20.0,108.0999941853509,pieron
1971,5_epo,21.0,108.0999941853509,pieron
1972,5_epo,22.0,108.0999941853509,pieron
1973,5_epo,23.0,108.0999941853509,pieron
1974,5_epo,24.0,108.0999941853509,pieron
1975,5_epo,25.0,108.0999941853509,pieron
1976,5_epo,26.0,108.0999941853509,pieron
1977,5_epo,27.0,108.0999941853509,pieron
1978,5_epo,28.000000000000004,108.0999941853509,pieron
1979,5_epo,28.999999999999996,108.0999941853509,pieron
1980,5_epo,30.0,108.0999941853509,pieron
1981,5_epo,31.0,108.0999941853509,pieron
1982,5_epo,32.0,108.0999941853509,pieron
1983,5_epo,33.0,108.0999941853509,pieron
1984,5_epo,34.0,108.0999941853509,pieron
1985,5_epo,35.0,108.0999941853509,pieron
1986,5_epo,36.0,108.0999941853509,pieron
1987,5_epo,37.0,108.0999941853509,pieron
1988,5_epo,38.0,108.0999941853509,pieron
1989,5_epo,39.0,108.0999941853509,pieron
1990,5_epo,40.0,108.0999941853509,pieron
1991,5_epo,41.0,108.0999941853509,pieron
1992,5_epo,42.0,108.0999941853509,pieron
1993,5_epo,43.0,108.0999941853509,pieron
1994,5_epo,44.0,108.0999941853509,pieron
1995,5_epo,45.0,108.0999941853509,pieron
1996,5_epo,46.0,108.0999941853509,pieron
1997,5_epo,47.0,108.0999941853509,pieron
1998,5_epo,48.0,108.0999941853509,pieron
1999,5_epo,49.0,108.0999941853509,pieron
2000,5_epo,50.0,108.0999941853509,pieron
2001,5_epo,51.0,108.0999941853509,pieron
2002,5_epo,52.0,108.0999941853509,pieron
2003,5_epo,53.0,108.0999941853509,pieron
2004,5_epo,54.0,108.0999941853509,pieron
2005,5_epo,55.00000000000001,108.0999941853509,pieron
2006,5_epo,56.00000000000001,108.0999941853509,pieron
2007,5_epo,56.99999999999999,108.0999941853509,pieron
2008,5_epo,57.99999999999999,108.0999941853509,pieron
2009,5_epo,59.0,108.0999941853509,pieron
2010,5_epo,60.0,108.0999941853509,pieron
2011,5_epo,61.0,108.0999941853509,pieron
2012,5_epo,62.0,108.0999941853509,pieron
2013,5_epo,63.0,108.0999941853509,pieron
2014,5_epo,64.0,108.0999941853509,pieron
2015,5_epo,65.0,108.0999941853509,pieron
2016,5_epo,66.0,108.0999941853509,pieron
2017,5_epo,67.0,108.0999941853509,pieron
2018,5_epo,68.0,108.0999941853509,pieron
2019,5_epo,69.0,108.0999941853509,pieron
2020,5_epo,70.0,108.0999941853509,pieron
2021,5_epo,71.0,108.0999941853509,pieron
2022,5_epo,72.0,108.0999941853509,pieron
2023,5_epo,73.0,108.0999941853509,pieron
2024,5_epo,74.0,108.0999941853509,pieron
2025,5_epo,75.0,108.0999941853509,pieron
2026,5_epo,76.0,108.0999941853509,pieron
2027,5_epo,77.0,108.0999941853509,pieron
2028,5_epo,78.0,108.0999941853509,pieron
2029,5_epo,79.0,108.0999941853509,pieron
2030,5_epo,80.0,108.0999941853509,pieron
2031,5_epo,81.0,108.0999941853509,pieron
2032,5_epo,82.0,108.0999941853509,pieron
2033,5_epo,83.0,108.0999941853509,pieron
2034,5_epo,84.0,108.0999941853509,pieron
2035,5_epo,85.0,108.0999941853509,pieron
2036,5_epo,86.0,108.0999941853509,pieron
2037,5_epo,87.0,108.0999941853509,pieron
2038,5_epo,88.0,108.0999941853509,pieron
2039,5_epo,89.0,108.0999941853509,pieron
2040,5_epo,90.0,108.0999941853509,pieron
2041,5_epo,91.0,108.0999941853509,pieron
2042,5_epo,92.0,108.0999941853509,pieron
2043,5_epo,93.0,108.0999941853509,pieron
2044,5_epo,94.0,108.0999941853509,pieron
2045,5_epo,95.0,108.0999941853509,pieron
2046,6_epo,3.0,147.08308986847362,pieron
2047,6_epo,4.0,147.08308986847362,pieron
2048,6_epo,5.0,147.08308986847362,pieron
2049,6_epo,6.0,147.08308986847362,pieron
2050,6_epo,7.000000000000001,147.0830898684736,pieron
2051,6_epo,8.0,147.0830898684736,pieron
2052,6_epo,9.0,147.0830898684736,pieron
2053,6_epo,10.0,147.0830898684736,pieron
2054,6_epo,11.0,147.0830898684736,pieron
2055,6_epo,12.0,147.0830898684736,pieron
2056,6_epo,13.0,147.0830898684736,pieron
2057,6_epo,14.000000000000002,147.0830898684736,pieron
2058,6_epo,15.0,147.08308986847354,pieron
2059,6_epo,16.0,147.08308986847354,pieron
2060,6_epo,17.0,147.08308986847354,pieron
2061,6_epo,18.0,147.08308986847354,pieron
2062,6_epo,19.0,147.08308986847354,pieron
2063,6_epo,20.0,147.08308986847354,pieron
2064,6_epo,21.0,147.08308986847354,pieron
2065,6_epo,22.0,147.08308986847354,pieron
2066,6_epo,23.0,147.08308986847354,pieron
2067,6_epo,24.0,147.08308986847354,pieron
2068,6_epo,25.0,147.08308986847354,pieron
2069,6_epo,26.0,147.08308986847354,pieron
2070,6_epo,27.0,147.08308986847354,pieron
2071,6_epo,28.000000000000004,147.08308986847354,pieron
2072,6_epo,28.999999999999996,147.08308986847354,pieron
2073,6_epo,30.0,147.08308986847354,pieron
2074,6_epo,31.0,147.0830898684735,pieron
2075,6_epo,32.0,147.0830898684735,pieron
2076,6_epo,33.0,147.0830898684735,pieron
2077,6_epo,34.0,147.0830898684735,pieron
2078,6_epo,35.0,147.0830898684735,pieron
2079,6_epo,36.0,147.0830898684735,pieron
2080,6_epo,37.0,147.0830898684735,pieron
2081,6_epo,38.0,147.0830898684735,pieron
2082,6_epo,39.0,147.0830898684735,pieron
2083,6_epo,40.0,147.0830898684735,pieron
2084,6_epo,41.0,147.0830898684735,pieron
2085,6_epo,42.0,147.0830898684735,pieron
2086,6_epo,43.0,147.0830898684735,pieron
2087,6_epo,44.0,147.0830898684735,pieron
2088,6_epo,45.0,147.0830898684735,pieron
2089,6_epo,46.0,147.0830898684735,pieron
2090,6_epo,47.0,147.0830898684735,pieron
2091,6_epo,48.0,147.0830898684735,pieron
2092,6_epo,49.0,147.0830898684735,pieron
2093,6_epo,50.0,147.0830898684735,pieron
2094,6_epo,51.0,147.0830898684735,pieron
2095,6_epo,52.0,147.0830898684735,pieron
2096,6_epo,53.0,147.0830898684735,pieron
2097,6_epo,54.0,147.0830898684735,pieron
2098,6_epo,55.00000000000001,147.0830898684735,pieron
2099,6_epo,56.00000000000001,147.0830898684735,pieron
2100,6_epo,56.99999999999999,147.0830898684735,pieron
2101,6_epo,57.99999999999999,147.0830898684735,pieron
2102,6_epo,59.0,147.0830898684735,pieron
2103,6_epo,60.0,147.0830898684735,pieron
2104,6_epo,61.0,147.0830898684735,pieron
2105,6_epo,62.0,147.0830898684735,pieron
2106,6_epo,63.0,147.0830898684735,pieron
2107,6_epo,64.0,147.0830898684735,pieron
2108,6_epo,65.0,147.0830898684735,pieron
2109,6_epo,66.0,147.0830898684735,pieron
2110,6_epo,67.0,147.0830898684735,pieron
2111,6_epo,68.0,147.08308986847348,pieron
2112,6_epo,69.0,147.08308986847348,pieron
2113,6_epo,70.0,147.08308986847348,pieron
2114,6_epo,71.0,147.08308986847348,pieron
2115,6_epo,72.0,147.08308986847348,pieron
2116,6_epo,73.0,147.08308986847348,pieron
2117,6_epo,74.0,147.08308986847348,pieron
2118,6_epo,75.0,147.08308986847348,pieron
2119,6_epo,76.0,147.08308986847348,pieron
2120,6_epo,77.0,147.08308986847348,pieron
2121,6_epo,78.0,147.08308986847348,pieron
2122,6_epo,79.0,147.08308986847348,pieron
2123,6_epo,80.0,147.08308986847348,pieron
2124,6_epo,81.0,147.08308986847348,pieron
2125,6_epo,82.0,147.08308986847348,pieron
2126,6_epo,83.0,147.08308986847348,pieron
2127,6_epo,84.0,147.08308986847348,pieron
2128,6_epo,85.0,147.08308986847348,pieron
2129,6_epo,86.0,147.08308986847348,pieron
2130,6_epo,87.0,147.08308986847348,pieron
2131,6_epo,88.0,147.08308986847348,pieron
2132,6_epo,89.0,147.08308986847348,pieron
2133,6_epo,90.0,147.08308986847348,pieron
2134,6_epo,91.0,147.08308986847348,pieron
2135,6_epo,92.0,147.08308986847348,pieron
2136,6_epo,93.0,147.08308986847348,pieron
2137,6_epo,94.0,147.08308986847348,pieron
2138,6_epo,95.0,147.08308986847348,pieron
2139,7_epo,3.0,108.99967933419136,pieron
2140,7_epo,4.0,108.99967933419136,pieron
2141,7_epo,5.0,108.99967933419136,pieron
2142,7_epo,6.0,108.99967933419136,pieron
2143,7_epo,7.000000000000001,108.99967933419136,pieron
2144,7_epo,8.0,108.99967933419136,pieron
2145,7_epo,9.0,108.99967933419136,pieron
2146,7_epo,10.0,108.99967933419136,pieron
2147,7_epo,11.0,108.99967933419136,pieron
2148,7_epo,12.0,108.99967933419136,pieron
2149,7_epo,13.0,108.99967933419136,pieron
2150,7_epo,14.000000000000002,108.99967933419136,pieron
2151,7_epo,15.0,108.99967933419136,pieron
2152,7_epo,16.0,108.99967933419136,pieron
2153,7_epo,17.0,108.99967933419136,pieron
2154,7_epo,18.0,108.99967933419136,pieron
2155,7_epo,19.0,108.99967933419136,pieron
2156,7_epo,20.0,108.99967933419136,pieron
2157,7_epo,21.0,108.99967933419136,pieron
2158,7_epo,22.0,108.99967933419136,pieron
2159,7_epo,23.0,108.99967933419136,pieron
2160,7_epo,24.0,108.99967933419136,pieron
2161,7_epo,25.0,108.99967933419136,pieron
2162,7_epo,26.0,108.99967933419136,pieron
2163,7_epo,27.0,108.99967933419136,pieron
2164,7_epo,28.000000000000004,108.99967933419136,pieron
2165,7_epo,28.999999999999996,108.99967933419136,pieron
2166,7_epo,30.0,108.99967933419136,pieron
2167,7_epo,31.0,108.99967933419136,pieron
2168,7_epo,32.0,108.99967933419136,pieron
2169,7_epo,33.0,108.99967933419136,pieron
2170,7_epo,34.0,108.99967933419136,pieron
2171,7_epo,35.0,108.99967933419136,pieron
2172,7_epo,36.0,108.99967933419136,pieron
2173,7_epo,37.0,108.99967933419136,pieron
2174,7_epo,38.0,108.99967933419136,pieron
2175,7_epo,39.0,108.99967933419136,pieron
2176,7_epo,40.0,108.99967933419136,pieron
2177,7_epo,41.0,108.99967933419136,pieron
2178,7_epo,42.0,108.99967933419136,pieron
2179,7_epo,43.0,108.99967933419136,pieron
2180,7_epo,44.0,108.99967933419136,pieron
2181,7_epo,45.0,108.99967933419136,pieron
2182,7_epo,46.0,108.99967933419136,pieron
2183,7_epo,47.0,108.99967933419136,pieron
2184,7_epo,48.0,108.99967933419136,pieron
2185,7_epo,49.0,108.99967933419136,pieron
2186,7_epo,50.0,108.99967933419136,pieron
2187,7_epo,51.0,108.99967933419136,pieron
2188,7_epo,52.0,108.99967933419136,pieron
2189,7_epo,53.0,108.99967933419136,pieron
2190,7_epo,54.0,108.99967933419136,pieron
2191,7_epo,55.00000000000001,108.99967933419136,pieron
2192,7_epo,56.00000000000001,108.99967933419136,pieron
2193,7_epo,56.99999999999999,108.99967933419136,pieron
2194,7_epo,57.99999999999999,108.99967933419136,pieron
2195,7_epo,59.0,108.99967933419136,pieron
2196,7_epo,60.0,108.99967933419136,pieron
2197,7_epo,61.0,108.99967933419136,pieron
2198,7_epo,62.0,108.99967933419136,pieron
2199,7_epo,63.0,108.99967933419136,pieron
2200,7_epo,64.0,108.99967933419136,pieron
2201,7_epo,65.0,108.99967933419136,pieron
2202,7_epo,66.0,108.99967933419136,pieron
2203,7_epo,67.0,108.99967933419136,pieron
2204,7_epo,68.0,108.99967933419136,pieron
2205,7_epo,69.0,108.99967933419136,pieron
2206,7_epo,70.0,108.99967933419136,pieron
2207,7_epo,71.0,108.99967933419136,pieron
2208,7_epo,72.0,108.99967933419136,pieron
2209,7_epo,73.0,108.99967933419136,pieron
2210,7_epo,74.0,108.99967933419136,pieron
2211,7_epo,75.0,108.99967933419136,pieron
2212,7_epo,76.0,108.99967933419136,pieron
2213,7_epo,77.0,108.99967933419136,pieron
2214,7_epo,78.0,108.99967933419136,pieron
2215,7_epo,79.0,108.99967933419136,pieron
2216,7_epo,80.0,108.99967933419136,pieron
2217,7_epo,81.0,108.99967933419136,pieron
2218,7_epo,82.0,108.99967933419136,pieron
2219,7_epo,83.0,108.99967933419136,pieron
2220,7_epo,84.0,108.99967933419136,pieron
2221,7_epo,85.0,108.99967933419136,pieron
2222,7_epo,86.0,108.99967933419136,pieron
2223,7_epo,87.0,108.99967933419136,pieron
2224,7_epo,88.0,108.99967933419136,pieron
2225,7_epo,89.0,108.99967933419136,pieron
2226,7_epo,90.0,108.99967933419136,pieron
2227,7_epo,91.0,108.99967933419136,pieron
2228,7_epo,92.0,108.99967933419136,pieron
2229,7_epo,93.0,108.99967933419136,pieron
2230,7_epo,94.0,108.99967933419136,pieron
2231,7_epo,95.0,108.99967933419136,pieron
2232,8_epo,3.0,93.70425106467457,pieron
2233,8_epo,4.0,93.70425106467457,pieron
2234,8_epo,5.0,93.70425106467457,pieron
2235,8_epo,6.0,93.70425106467457,pieron
2236,8_epo,7.000000000000001,93.70425106467457,pieron
2237,8_epo,8.0,93.70425106467455,pieron
2238,8_epo,9.0,93.70425106467455,pieron
2239,8_epo,10.0,93.70425106467455,pieron
2240,8_epo,11.0,93.70425106467455,pieron
2241,8_epo,12.0,93.70425106467455,pieron
2242,8_epo,13.0,93.70425106467455,pieron
2243,8_epo,14.000000000000002,93.70425106467455,pieron
2244,8_epo,15.0,93.70425106467455,pieron
2245,8_epo,16.0,93.70425106467455,pieron
2246,8_epo,17.0,93.70425106467455,pieron
2247,8_epo,18.0,93.70425106467455,pieron
2248,8_epo,19.0,93.70425106467455,pieron
2249,8_epo,20.0,93.70425106467455,pieron
2250,8_epo,21.0,93.70425106467455,pieron
2251,8_epo,22.0,93.70425106467452,pieron
2252,8_epo,23.0,93.70425106467452,pieron
2253,8_epo,24.0,93.70425106467452,pieron
2254,8_epo,25.0,93.70425106467452,pieron
2255,8_epo,26.0,93.70425106467452,pieron
2256,8_epo,27.0,93.70425106467452,pieron
2257,8_epo,28.000000000000004,93.70425106467452,pieron
2258,8_epo,28.999999999999996,93.70425106467452,pieron
2259,8_epo,30.0,93.70425106467452,pieron
2260,8_epo,31.0,93.70425106467452,pieron
2261,8_epo,32.0,93.70425106467452,pieron
2262,8_epo,33.0,93.70425106467452,pieron
2263,8_epo,34.0,93.70425106467452,pieron
2264,8_epo,35.0,93.70425106467452,pieron
2265,8_epo,36.0,93.70425106467452,pieron
2266,8_epo,37.0,93.70425106467452,pieron
2267,8_epo,38.0,93.70425106467452,pieron
2268,8_epo,39.0,93.70425106467452,pieron
2269,8_epo,40.0,93.70425106467452,pieron
2270,8_epo,41.0,93.70425106467452,pieron
2271,8_epo,42.0,93.70425106467452,pieron
2272,8_epo,43.0,93.70425106467452,pieron
2273,8_epo,44.0,93.70425106467452,pieron
2274,8_epo,45.0,93.70425106467452,pieron
2275,8_epo,46.0,93.70425106467452,pieron
2276,8_epo,47.0,93.70425106467452,pieron
2277,8_epo,48.0,93.70425106467452,pieron
2278,8_epo,49.0,93.70425106467452,pieron
2279,8_epo,50.0,93.70425106467452,pieron
2280,8_epo,51.0,93.70425106467452,pieron
2281,8_epo,52.0,93.70425106467452,pieron
2282,8_epo,53.0,93.70425106467452,pieron
2283,8_epo,54.0,93.70425106467452,pieron
2284,8_epo,55.00000000000001,93.70425106467452,pieron
2285,8_epo,56.00000000000001,93.70425106467452,pieron
2286,8_epo,56.99999999999999,93.70425106467452,pieron
2287,8_epo,57.99999999999999,93.70425106467452,pieron
2288,8_epo,59.0,93.70425106467452,pieron
2289,8_epo,60.0,93.70425106467452,pieron
2290,8_epo,61.0,93.70425106467451,pieron
2291,8_epo,62.0,93.70425106467451,pieron
2292,8_epo,63.0,93.70425106467451,pieron
2293,8_epo,64.0,93.70425106467451,pieron
2294,8_epo,65.0,93.70425106467451,pieron
2295,8_epo,66.0,93.70425106467451,pieron
2296,8_epo,67.0,93.70425106467451,pieron
2297,8_epo,68.0,93.70425106467451,pieron
2298,8_epo,69.0,93.70425106467451,pieron
2299,8_epo,70.0,93.70425106467451,pieron
2300,8_epo,71.0,93.70425106467451,pieron
2301,8_epo,72.0,93.70425106467451,pieron
2302,8_epo,73.0,93.70425106467451,pieron
2303,8_epo,74.0,93.70425106467451,pieron
2304,8_epo,75.0,93.70425106467451,pieron
2305,8_epo,76.0,93.70425106467451,pieron
2306,8_epo,77.0,93.70425106467451,pieron
2307,8_epo,78.0,93.70425106467451,pieron
2308,8_epo,79.0,93.70425106467451,pieron
2309,8_epo,80.0,93.70425106467451,pieron
2310,8_epo,81.0,93.70425106467451,pieron
2311,8_epo,82.0,93.70425106467451,pieron
2312,8_epo,83.0,93.70425106467451,pieron
2313,8_epo,84.0,93.70425106467451,pieron
2314,8_epo,85.0,93.70425106467451,pieron
2315,8_epo,86.0,93.70425106467451,pieron
2316,8_epo,87.0,93.70425106467451,pieron
2317,8_epo,88.0,93.70425106467451,pieron
2318,8_epo,89.0,93.70425106467451,pieron
2319,8_epo,90.0,93.70425106467451,pieron
2320,8_epo,91.0,93.70425106467451,pieron
2321,8_epo,92.0,93.70425106467451,pieron
2322,8_epo,93.0,93.70425106467451,pieron
2323,8_epo,94.0,93.70425106467451,pieron
2324,8_epo,95.0,93.70425106467451,pieron
2325,9_epo,3.0,100.62872023807456,pieron
2326,9_epo,4.0,100.62872023807456,pieron
2327,9_epo,5.0,100.62872023807456,pieron
2328,9_epo,6.0,100.62872023807456,pieron
2329,9_epo,7.000000000000001,100.62872023807456,pieron
2330,9_epo,8.0,100.62872023807456,pieron
2331,9_epo,9.0,100.62872023807456,pieron
2332,9_epo,10.0,100.62872023807456,pieron
2333,9_epo,11.0,100.62872023807456,pieron
2334,9_epo,12.0,100.62872023807456,pieron
2335,9_epo,13.0,100.62872023807456,pieron
2336,9_epo,14.000000000000002,100.62872023807456,pieron
2337,9_epo,15.0,100.62872023807456,pieron
2338,9_epo,16.0,100.62872023807456,pieron
2339,9_epo,17.0,100.62872023807456,pieron
2340,9_epo,18.0,100.62872023807456,pieron
2341,9_epo,19.0,100.62872023807456,pieron
2342,9_epo,20.0,100.62872023807456,pieron
2343,9_epo,21.0,100.62872023807456,pieron
2344,9_epo,22.0,100.62872023807456,pieron
2345,9_epo,23.0,100.62872023807456,pieron
2346,9_epo,24.0,100.62872023807456,pieron
2347,9_epo,25.0,100.62872023807456,pieron
2348,9_epo,26.0,100.62872023807456,pieron
2349,9_epo,27.0,100.62872023807456,pieron
2350,9_epo,28.000000000000004,100.62872023807456,pieron
2351,9_epo,28.999999999999996,100.62872023807456,pieron
2352,9_epo,30.0,100.62872023807456,pieron
2353,9_epo,31.0,100.62872023807456,pieron
2354,9_epo,32.0,100.62872023807456,pieron
2355,9_epo,33.0,100.62872023807456,pieron
2356,9_epo,34.0,100.62872023807456,pieron
2357,9_epo,35.0,100.62872023807456,pieron
2358,9_epo,36.0,100.62872023807456,pieron
2359,9_epo,37.0,100.62872023807456,pieron
2360,9_epo,38.0,100.62872023807456,pieron
2361,9_epo,39.0,100.62872023807456,pieron
2362,9_epo,40.0,100.62872023807456,pieron
2363,9_epo,41.0,100.62872023807456,pieron
2364,9_epo,42.0,100.62872023807456,pieron
2365,9_epo,43.0,100.62872023807456,pieron
2366,9_epo,44.0,100.62872023807456,pieron
2367,9_epo,45.0,100.62872023807456,pieron
2368,9_epo,46.0,100.62872023807456,pieron
2369,9_epo,47.0,100.62872023807456,pieron
2370,9_epo,48.0,100.62872023807456,pieron
2371,9_epo,49.0,100.62872023807456,pieron
2372,9_epo,50.0,100.62872023807456,pieron
2373,9_epo,51.0,100.62872023807456,pieron
2374,9_epo,52.0,100.62872023807456,pieron
2375,9_epo,53.0,100.62872023807456,pieron
2376,9_epo,54.0,100.62872023807456,pieron
2377,9_epo,55.00000000000001,100.62872023807456,pieron
2378,9_epo,56.00000000000001,100.62872023807456,pieron
2379,9_epo,56.99999999999999,100.62872023807456,pieron
2380,9_epo,57.99999999999999,100.62872023807456,pieron
2381,9_epo,59.0,100.62872023807456,pieron
2382,9_epo,60.0,100.62872023807456,pieron
2383,9_epo,61.0,100.62872023807456,pieron
2384,9_epo,62.0,100.62872023807456,pieron
2385,9_epo,63.0,100.62872023807456,pieron
2386,9_epo,64.0,100.62872023807456,pieron
2387,9_epo,65.0,100.62872023807456,pieron
2388,9_epo,66.0,100.62872023807456,pieron
2389,9_epo,67.0,100.62872023807456,pieron
2390,9_epo,68.0,100.62872023807456,pieron
2391,9_epo,69.0,100.62872023807456,pieron
2392,9_epo,70.0,100.62872023807456,pieron
2393,9_epo,71.0,100.62872023807456,pieron
2394,9_epo,72.0,100.62872023807456,pieron
2395,9_epo,73.0,100.62872023807456,pieron
2396,9_epo,74.0,100.62872023807456,pieron
2397,9_epo,75.0,100.62872023807456,pieron
2398,9_epo,76.0,100.62872023807456,pieron
2399,9_epo,77.0,100.62872023807456,pieron
2400,9_epo,78.0,100.62872023807456,pieron
2401,9_epo,79.0,100.62872023807456,pieron
2402,9_epo,80.0,100.62872023807456,pieron
2403,9_epo,81.0,100.62872023807456,pieron
2404,9_epo,82.0,100.62872023807456,pieron
2405,9_epo,83.0,100.62872023807456,pieron
2406,9_epo,84.0,100.62872023807456,pieron
2407,9_epo,85.0,100.62872023807456,pieron
2408,9_epo,86.0,100.62872023807456,pieron
2409,9_epo,87.0,100.62872023807456,pieron
2410,9_epo,88.0,100.62872023807456,pieron
2411,9_epo,89.0,100.62872023807456,pieron
2412,9_epo,90.0,100.62872023807456,pieron
2413,9_epo,91.0,100.62872023807456,pieron
2414,9_epo,92.0,100.62872023807456,pieron
2415,9_epo,93.0,100.62872023807456,pieron
2416,9_epo,94.0,100.62872023807456,pieron
2417,9_epo,95.0,100.62872023807456,pieron
