,participant,contrast,mpc,name
0,0_epo,3.0,0.5000000005708014,fechner
1,0_epo,4.0,0.5000000003490508,fechner
2,0_epo,5.0,0.5000000002615166,fechner
3,0_epo,6.0,0.500000000211216,fechner
4,0_epo,7.000000000000001,0.5000000001778689,fechner
5,0_epo,8.0,0.5000000001539249,fechner
6,0_epo,9.0,0.500000000135814,fechner
7,0_epo,10.0,0.5000000001215983,fechner
8,0_epo,11.0,0.5000000001101241,fechner
9,0_epo,12.0,0.500000000100658,fechner
10,0_epo,13.0,0.5000000000927093,fechner
11,0_epo,14.000000000000002,0.5000000000859366,fechner
12,0_epo,15.0,0.5000000000800947,fechner
13,0_epo,16.0,0.5000000000750028,fechner
14,0_epo,17.0,0.5000000000705239,fechner
15,0_epo,18.0,0.5000000000665531,fechner
16,0_epo,19.0,0.5000000000630082,fechner
17,0_epo,20.0,0.5000000000598236,fechner
18,0_epo,21.0,0.5000000000569469,fechner
19,0_epo,22.0,0.5000000000543353,fechner
20,0_epo,23.0,0.5000000000519537,fechner
21,0_epo,24.0,0.5000000000497727,fechner
22,0_epo,25.0,0.5000000000477682,fechner
23,0_epo,26.0,0.5000000000459193,fechner
24,0_epo,27.0,0.5000000000442086,fechner
25,0_epo,28.000000000000004,0.5000000000426211,fechner
26,0_epo,28.999999999999996,0.500000000041144,fechner
27,0_epo,30.0,0.500000000039766,fechner
28,0_epo,31.0,0.5000000000384776,fechner
29,0_epo,32.0,0.5000000000372701,fechner
30,0_epo,33.0,0.5000000000361363,fechner
31,0_epo,34.0,0.5000000000350696,fechner
32,0_epo,35.0,0.5000000000340641,fechner
33,0_epo,36.0,0.5000000000331148,fechner
34,0_epo,37.0,0.500000000032217,fechner
35,0_epo,38.0,0.5000000000313667,fechner
36,0_epo,39.0,0.5000000000305602,fechner
37,0_epo,40.0,0.5000000000297942,fechner
38,0_epo,41.0,0.5000000000290656,fechner
39,0_epo,42.0,0.500000000028372,fechner
40,0_epo,43.0,0.5000000000277106,fechner
41,0_epo,44.0,0.5000000000270794,fechner
42,0_epo,45.0,0.5000000000264765,fechner
43,0_epo,46.0,0.5000000000258997,fechner
44,0_epo,47.0,0.5000000000253476,fechner
45,0_epo,48.0,0.5000000000248186,fechner
46,0_epo,49.0,0.5000000000243112,fechner
47,0_epo,50.0,0.5000000000238242,fechner
48,0_epo,51.0,0.5000000000233562,fechner
49,0_epo,52.0,0.5000000000229063,fechner
50,0_epo,53.0,0.5000000000224736,fechner
51,0_epo,54.0,0.5000000000220568,fechner
52,0_epo,55.00000000000001,0.5000000000216552,fechner
53,0_epo,56.00000000000001,0.500000000021268,fechner
54,0_epo,56.99999999999999,0.5000000000208944,fechner
55,0_epo,57.99999999999999,0.5000000000205337,fechner
56,0_epo,59.0,0.5000000000201852,fechner
57,0_epo,60.0,0.5000000000198483,fechner
58,0_epo,61.0,0.5000000000195226,fechner
59,0_epo,62.0,0.5000000000192074,fechner
60,0_epo,63.0,0.5000000000189022,fechner
61,0_epo,64.0,0.5000000000186066,fechner
62,0_epo,65.0,0.50000000001832,fechner
63,0_epo,66.0,0.5000000000180422,fechner
64,0_epo,67.0,0.5000000000177727,fechner
65,0_epo,68.0,0.500000000017511,fechner
66,0_epo,69.0,0.5000000000172571,fechner
67,0_epo,70.0,0.5000000000170103,fechner
68,0_epo,71.0,0.5000000000167705,fechner
69,0_epo,72.0,0.5000000000165374,fechner
70,0_epo,73.0,0.5000000000163107,fechner
71,0_epo,74.0,0.5000000000160901,fechner
72,0_epo,75.0,0.5000000000158754,fechner
73,0_epo,76.0,0.5000000000156664,fechner
74,0_epo,77.0,0.5000000000154627,fechner
75,0_epo,78.0,0.5000000000152643,fechner
76,0_epo,79.0,0.5000000000150711,fechner
77,0_epo,80.0,0.5000000000148825,fechner
78,0_epo,81.0,0.5000000000146987,fechner
79,0_epo,82.0,0.5000000000145193,fechner
80,0_epo,83.0,0.5000000000143443,fechner
81,0_epo,84.0,0.5000000000141734,fechner
82,0_epo,85.0,0.5000000000140066,fechner
83,0_epo,86.0,0.5000000000138436,fechner
84,0_epo,87.0,0.5000000000136844,fechner
85,0_epo,88.0,0.5000000000135288,fechner
86,0_epo,89.0,0.5000000000133767,fechner
87,0_epo,90.0,0.500000000013228,fechner
88,0_epo,91.0,0.5000000000130825,fechner
89,0_epo,92.0,0.5000000000129403,fechner
90,0_epo,93.0,0.5000000000128011,fechner
91,0_epo,94.0,0.5000000000126649,fechner
92,0_epo,95.0,0.5000000000125314,fechner
93,10_epo,3.0,0.5000000000022878,fechner
94,10_epo,4.0,0.500000000001399,fechner
95,10_epo,5.0,0.5000000000010482,fechner
96,10_epo,6.0,0.5000000000008465,fechner
97,10_epo,7.000000000000001,0.500000000000713,fechner
98,10_epo,8.0,0.500000000000617,fechner
99,10_epo,9.0,0.5000000000005443,fechner
100,10_epo,10.0,0.5000000000004874,fechner
101,10_epo,11.0,0.5000000000004414,fechner
102,10_epo,12.0,0.5000000000004035,fechner
103,10_epo,13.0,0.5000000000003716,fechner
104,10_epo,14.000000000000002,0.5000000000003445,fechner
105,10_epo,15.0,0.5000000000003211,fechner
106,10_epo,16.0,0.5000000000003006,fechner
107,10_epo,17.0,0.5000000000002827,fechner
108,10_epo,18.0,0.5000000000002668,fechner
109,10_epo,19.0,0.5000000000002526,fechner
110,10_epo,20.0,0.5000000000002398,fechner
111,10_epo,21.0,0.5000000000002283,fechner
112,10_epo,22.0,0.5000000000002178,fechner
113,10_epo,23.0,0.5000000000002083,fechner
114,10_epo,24.0,0.5000000000001995,fechner
115,10_epo,25.0,0.5000000000001915,fechner
116,10_epo,26.0,0.5000000000001841,fechner
117,10_epo,27.0,0.5000000000001772,fechner
118,10_epo,28.000000000000004,0.5000000000001709,fechner
119,10_epo,28.999999999999996,0.5000000000001649,fechner
120,10_epo,30.0,0.5000000000001594,fechner
121,10_epo,31.0,0.5000000000001542,fechner
122,10_epo,32.0,0.5000000000001494,fechner
123,10_epo,33.0,0.5000000000001449,fechner
124,10_epo,34.0,0.5000000000001406,fechner
125,10_epo,35.0,0.5000000000001366,fechner
126,10_epo,36.0,0.5000000000001328,fechner
127,10_epo,37.0,0.5000000000001291,fechner
128,10_epo,38.0,0.5000000000001258,fechner
129,10_epo,39.0,0.5000000000001225,fechner
130,10_epo,40.0,0.5000000000001195,fechner
131,10_epo,41.0,0.5000000000001165,fechner
132,10_epo,42.0,0.5000000000001137,fechner
133,10_epo,43.0,0.5000000000001111,fechner
134,10_epo,44.0,0.5000000000001086,fechner
135,10_epo,45.0,0.5000000000001061,fechner
136,10_epo,46.0,0.5000000000001038,fechner
137,10_epo,47.0,0.5000000000001016,fechner
138,10_epo,48.0,0.5000000000000995,fechner
139,10_epo,49.0,0.5000000000000975,fechner
140,10_epo,50.0,0.5000000000000955,fechner
141,10_epo,51.0,0.5000000000000936,fechner
142,10_epo,52.0,0.5000000000000918,fechner
143,10_epo,53.0,0.50000000000009,fechner
144,10_epo,54.0,0.5000000000000884,fechner
145,10_epo,55.00000000000001,0.5000000000000868,fechner
146,10_epo,56.00000000000001,0.5000000000000853,fechner
147,10_epo,56.99999999999999,0.5000000000000837,fechner
148,10_epo,57.99999999999999,0.5000000000000823,fechner
149,10_epo,59.0,0.5000000000000809,fechner
150,10_epo,60.0,0.5000000000000796,fechner
151,10_epo,61.0,0.5000000000000783,fechner
152,10_epo,62.0,0.500000000000077,fechner
153,10_epo,63.0,0.5000000000000758,fechner
154,10_epo,64.0,0.5000000000000746,fechner
155,10_epo,65.0,0.5000000000000735,fechner
156,10_epo,66.0,0.5000000000000723,fechner
157,10_epo,67.0,0.5000000000000713,fechner
158,10_epo,68.0,0.5000000000000702,fechner
159,10_epo,69.0,0.5000000000000692,fechner
160,10_epo,70.0,0.5000000000000682,fechner
161,10_epo,71.0,0.5000000000000673,fechner
162,10_epo,72.0,0.5000000000000663,fechner
163,10_epo,73.0,0.5000000000000654,fechner
164,10_epo,74.0,0.5000000000000645,fechner
165,10_epo,75.0,0.5000000000000636,fechner
166,10_epo,76.0,0.5000000000000628,fechner
167,10_epo,77.0,0.500000000000062,fechner
168,10_epo,78.0,0.5000000000000612,fechner
169,10_epo,79.0,0.5000000000000604,fechner
170,10_epo,80.0,0.5000000000000596,fechner
171,10_epo,81.0,0.500000000000059,fechner
172,10_epo,82.0,0.5000000000000582,fechner
173,10_epo,83.0,0.5000000000000575,fechner
174,10_epo,84.0,0.5000000000000568,fechner
175,10_epo,85.0,0.5000000000000562,fechner
176,10_epo,86.0,0.5000000000000555,fechner
177,10_epo,87.0,0.5000000000000548,fechner
178,10_epo,88.0,0.5000000000000543,fechner
179,10_epo,89.0,0.5000000000000536,fechner
180,10_epo,90.0,0.5000000000000531,fechner
181,10_epo,91.0,0.5000000000000524,fechner
182,10_epo,92.0,0.5000000000000518,fechner
183,10_epo,93.0,0.5000000000000513,fechner
184,10_epo,94.0,0.5000000000000507,fechner
185,10_epo,95.0,0.5000000000000503,fechner
186,11_epo,3.0,0.500000000000115,fechner
187,11_epo,4.0,0.5000000000000704,fechner
188,11_epo,5.0,0.5000000000000527,fechner
189,11_epo,6.0,0.5000000000000426,fechner
190,11_epo,7.000000000000001,0.5000000000000359,fechner
191,11_epo,8.0,0.5000000000000311,fechner
192,11_epo,9.0,0.5000000000000274,fechner
193,11_epo,10.0,0.5000000000000245,fechner
194,11_epo,11.0,0.5000000000000222,fechner
195,11_epo,12.0,0.5000000000000203,fechner
196,11_epo,13.0,0.5000000000000187,fechner
197,11_epo,14.000000000000002,0.5000000000000173,fechner
198,11_epo,15.0,0.5000000000000162,fechner
199,11_epo,16.0,0.5000000000000151,fechner
200,11_epo,17.0,0.5000000000000142,fechner
201,11_epo,18.0,0.5000000000000134,fechner
202,11_epo,19.0,0.5000000000000127,fechner
203,11_epo,20.0,0.5000000000000121,fechner
204,11_epo,21.0,0.5000000000000114,fechner
205,11_epo,22.0,0.500000000000011,fechner
206,11_epo,23.0,0.5000000000000104,fechner
207,11_epo,24.0,0.50000000000001,fechner
208,11_epo,25.0,0.5000000000000097,fechner
209,11_epo,26.0,0.5000000000000092,fechner
210,11_epo,27.0,0.5000000000000089,fechner
211,11_epo,28.000000000000004,0.5000000000000085,fechner
212,11_epo,28.999999999999996,0.5000000000000083,fechner
213,11_epo,30.0,0.500000000000008,fechner
214,11_epo,31.0,0.5000000000000078,fechner
215,11_epo,32.0,0.5000000000000075,fechner
216,11_epo,33.0,0.5000000000000073,fechner
217,11_epo,34.0,0.5000000000000071,fechner
218,11_epo,35.0,0.5000000000000069,fechner
219,11_epo,36.0,0.5000000000000067,fechner
220,11_epo,37.0,0.5000000000000066,fechner
221,11_epo,38.0,0.5000000000000063,fechner
222,11_epo,39.0,0.5000000000000062,fechner
223,11_epo,40.0,0.500000000000006,fechner
224,11_epo,41.0,0.5000000000000059,fechner
225,11_epo,42.0,0.5000000000000058,fechner
226,11_epo,43.0,0.5000000000000056,fechner
227,11_epo,44.0,0.5000000000000054,fechner
228,11_epo,45.0,0.5000000000000053,fechner
229,11_epo,46.0,0.5000000000000052,fechner
230,11_epo,47.0,0.5000000000000051,fechner
231,11_epo,48.0,0.500000000000005,fechner
232,11_epo,49.0,0.5000000000000049,fechner
233,11_epo,50.0,0.5000000000000048,fechner
234,11_epo,51.0,0.5000000000000048,fechner
235,11_epo,52.0,0.5000000000000047,fechner
236,11_epo,53.0,0.5000000000000046,fechner
237,11_epo,54.0,0.5000000000000044,fechner
238,11_epo,55.00000000000001,0.5000000000000043,fechner
239,11_epo,56.00000000000001,0.5000000000000043,fechner
240,11_epo,56.99999999999999,0.5000000000000042,fechner
241,11_epo,57.99999999999999,0.5000000000000041,fechner
242,11_epo,59.0,0.5000000000000041,fechner
243,11_epo,60.0,0.500000000000004,fechner
244,11_epo,61.0,0.500000000000004,fechner
245,11_epo,62.0,0.5000000000000039,fechner
246,11_epo,63.0,0.5000000000000038,fechner
247,11_epo,64.0,0.5000000000000038,fechner
248,11_epo,65.0,0.5000000000000037,fechner
249,11_epo,66.0,0.5000000000000037,fechner
250,11_epo,67.0,0.5000000000000036,fechner
251,11_epo,68.0,0.5000000000000036,fechner
252,11_epo,69.0,0.5000000000000034,fechner
253,11_epo,70.0,0.5000000000000034,fechner
254,11_epo,71.0,0.5000000000000034,fechner
255,11_epo,72.0,0.5000000000000033,fechner
256,11_epo,73.0,0.5000000000000033,fechner
257,11_epo,74.0,0.5000000000000032,fechner
258,11_epo,75.0,0.5000000000000032,fechner
259,11_epo,76.0,0.5000000000000032,fechner
260,11_epo,77.0,0.5000000000000031,fechner
261,11_epo,78.0,0.5000000000000031,fechner
262,11_epo,79.0,0.500000000000003,fechner
263,11_epo,80.0,0.500000000000003,fechner
264,11_epo,81.0,0.500000000000003,fechner
265,11_epo,82.0,0.5000000000000029,fechner
266,11_epo,83.0,0.5000000000000029,fechner
267,11_epo,84.0,0.5000000000000029,fechner
268,11_epo,85.0,0.5000000000000029,fechner
269,11_epo,86.0,0.5000000000000028,fechner
270,11_epo,87.0,0.5000000000000028,fechner
271,11_epo,88.0,0.5000000000000028,fechner
272,11_epo,89.0,0.5000000000000027,fechner
273,11_epo,90.0,0.5000000000000027,fechner
274,11_epo,91.0,0.5000000000000027,fechner
275,11_epo,92.0,0.5000000000000027,fechner
276,11_epo,93.0,0.5000000000000026,fechner
277,11_epo,94.0,0.5000000000000026,fechner
278,11_epo,95.0,0.5000000000000026,fechner
279,12_epo,3.0,0.5000000493187917,fechner
280,12_epo,4.0,0.500000030158937,fechner
281,12_epo,5.0,0.5000000225957452,fechner
282,12_epo,6.0,0.5000000182496384,fechner
283,12_epo,7.000000000000001,0.5000000153683574,fechner
284,12_epo,8.0,0.5000000132995259,fechner
285,12_epo,9.0,0.5000000117347005,fechner
286,12_epo,10.0,0.5000000105064232,fechner
287,12_epo,11.0,0.5000000095150249,fechner
288,12_epo,12.0,0.5000000086971225,fechner
289,12_epo,13.0,0.5000000080103297,fechner
290,12_epo,14.000000000000002,0.5000000074251542,fechner
291,12_epo,15.0,0.500000006920404,fechner
292,12_epo,16.0,0.5000000064804401,fechner
293,12_epo,17.0,0.5000000060934572,fechner
294,12_epo,18.0,0.5000000057503711,fechner
295,12_epo,19.0,0.5000000054440731,fechner
296,12_epo,20.0,0.500000005168918,fechner
297,12_epo,21.0,0.5000000049203647,fechner
298,12_epo,22.0,0.5000000046947175,fechner
299,12_epo,23.0,0.5000000044889376,fechner
300,12_epo,24.0,0.5000000043005026,fechner
301,12_epo,25.0,0.5000000041273013,fechner
302,12_epo,26.0,0.5000000039675526,fechner
303,12_epo,27.0,0.5000000038197436,fechner
304,12_epo,28.000000000000004,0.5000000036825805,fechner
305,12_epo,28.999999999999996,0.5000000035549503,fechner
306,12_epo,30.0,0.5000000034358905,fechner
307,12_epo,31.0,0.500000003324564,fechner
308,12_epo,32.0,0.5000000032202394,fechner
309,12_epo,33.0,0.5000000031222753,fechner
310,12_epo,34.0,0.500000003030106,fechner
311,12_epo,35.0,0.5000000029432314,fechner
312,12_epo,36.0,0.5000000028612073,fechner
313,12_epo,37.0,0.5000000027836378,fechner
314,12_epo,38.0,0.5000000027101691,fechner
315,12_epo,39.0,0.5000000026404839,fechner
316,12_epo,40.0,0.5000000025742971,fechner
317,12_epo,41.0,0.5000000025113513,fechner
318,12_epo,42.0,0.5000000024514138,fechner
319,12_epo,43.0,0.5000000023942738,fechner
320,12_epo,44.0,0.5000000023397397,fechner
321,12_epo,45.0,0.500000002287637,fechner
322,12_epo,46.0,0.5000000022378065,fechner
323,12_epo,47.0,0.5000000021901025,fechner
324,12_epo,48.0,0.5000000021443919,fechner
325,12_epo,49.0,0.5000000021005518,fechner
326,12_epo,50.0,0.50000000205847,fechner
327,12_epo,51.0,0.5000000020180423,fechner
328,12_epo,52.0,0.5000000019791733,fechner
329,12_epo,53.0,0.5000000019417744,fechner
330,12_epo,54.0,0.5000000019057637,fechner
331,12_epo,55.00000000000001,0.5000000018710651,fechner
332,12_epo,56.00000000000001,0.5000000018376084,fechner
333,12_epo,56.99999999999999,0.5000000018053279,fechner
334,12_epo,57.99999999999999,0.5000000017741626,fechner
335,12_epo,59.0,0.5000000017440557,fechner
336,12_epo,60.0,0.5000000017149541,fechner
337,12_epo,61.0,0.5000000016868082,fechner
338,12_epo,62.0,0.5000000016595719,fechner
339,12_epo,63.0,0.5000000016332016,fechner
340,12_epo,64.0,0.5000000016076566,fechner
341,12_epo,65.0,0.5000000015828988,fechner
342,12_epo,66.0,0.5000000015588923,fechner
343,12_epo,67.0,0.5000000015356035,fechner
344,12_epo,68.0,0.5000000015130006,fechner
345,12_epo,69.0,0.5000000014910537,fechner
346,12_epo,70.0,0.5000000014697347,fechner
347,12_epo,71.0,0.5000000014490169,fechner
348,12_epo,72.0,0.5000000014288754,fechner
349,12_epo,73.0,0.5000000014092864,fechner
350,12_epo,74.0,0.5000000013902273,fechner
351,12_epo,75.0,0.5000000013716771,fechner
352,12_epo,76.0,0.5000000013536156,fechner
353,12_epo,77.0,0.5000000013360237,fechner
354,12_epo,78.0,0.5000000013188834,fechner
355,12_epo,79.0,0.5000000013021775,fechner
356,12_epo,80.0,0.5000000012858895,fechner
357,12_epo,81.0,0.5000000012700042,fechner
358,12_epo,82.0,0.5000000012545067,fechner
359,12_epo,83.0,0.5000000012393829,fechner
360,12_epo,84.0,0.5000000012246196,fechner
361,12_epo,85.0,0.5000000012102039,fechner
362,12_epo,86.0,0.5000000011961239,fechner
363,12_epo,87.0,0.5000000011823676,fechner
364,12_epo,88.0,0.5000000011689244,fechner
365,12_epo,89.0,0.5000000011557835,fechner
366,12_epo,90.0,0.5000000011429347,fechner
367,12_epo,91.0,0.5000000011303687,fechner
368,12_epo,92.0,0.500000001118076,fechner
369,12_epo,93.0,0.5000000011060478,fechner
370,12_epo,94.0,0.5000000010942758,fechner
371,12_epo,95.0,0.5000000010827518,fechner
372,13_epo,3.0,0.5000000000000001,fechner
373,13_epo,4.0,0.5,fechner
374,13_epo,5.0,0.5,fechner
375,13_epo,6.0,0.5,fechner
376,13_epo,7.000000000000001,0.5,fechner
377,13_epo,8.0,0.5,fechner
378,13_epo,9.0,0.5,fechner
379,13_epo,10.0,0.5,fechner
380,13_epo,11.0,0.5,fechner
381,13_epo,12.0,0.5,fechner
382,13_epo,13.0,0.5,fechner
383,13_epo,14.000000000000002,0.5,fechner
384,13_epo,15.0,0.5,fechner
385,13_epo,16.0,0.5,fechner
386,13_epo,17.0,0.5,fechner
387,13_epo,18.0,0.5,fechner
388,13_epo,19.0,0.5,fechner
389,13_epo,20.0,0.5,fechner
390,13_epo,21.0,0.5,fechner
391,13_epo,22.0,0.5,fechner
392,13_epo,23.0,0.5,fechner
393,13_epo,24.0,0.5,fechner
394,13_epo,25.0,0.5,fechner
395,13_epo,26.0,0.5,fechner
396,13_epo,27.0,0.5,fechner
397,13_epo,28.000000000000004,0.5,fechner
398,13_epo,28.999999999999996,0.5,fechner
399,13_epo,30.0,0.5,fechner
400,13_epo,31.0,0.5,fechner
401,13_epo,32.0,0.5,fechner
402,13_epo,33.0,0.5,fechner
403,13_epo,34.0,0.5,fechner
404,13_epo,35.0,0.5,fechner
405,13_epo,36.0,0.5,fechner
406,13_epo,37.0,0.5,fechner
407,13_epo,38.0,0.5,fechner
408,13_epo,39.0,0.5,fechner
409,13_epo,40.0,0.5,fechner
410,13_epo,41.0,0.5,fechner
411,13_epo,42.0,0.5,fechner
412,13_epo,43.0,0.5,fechner
413,13_epo,44.0,0.5,fechner
414,13_epo,45.0,0.5,fechner
415,13_epo,46.0,0.5,fechner
416,13_epo,47.0,0.5,fechner
417,13_epo,48.0,0.5,fechner
418,13_epo,49.0,0.5,fechner
419,13_epo,50.0,0.5,fechner
420,13_epo,51.0,0.5,fechner
421,13_epo,52.0,0.5,fechner
422,13_epo,53.0,0.5,fechner
423,13_epo,54.0,0.5,fechner
424,13_epo,55.00000000000001,0.5,fechner
425,13_epo,56.00000000000001,0.5,fechner
426,13_epo,56.99999999999999,0.5,fechner
427,13_epo,57.99999999999999,0.5,fechner
428,13_epo,59.0,0.5,fechner
429,13_epo,60.0,0.5,fechner
430,13_epo,61.0,0.5,fechner
431,13_epo,62.0,0.5,fechner
432,13_epo,63.0,0.5,fechner
433,13_epo,64.0,0.5,fechner
434,13_epo,65.0,0.5,fechner
435,13_epo,66.0,0.5,fechner
436,13_epo,67.0,0.5,fechner
437,13_epo,68.0,0.5,fechner
438,13_epo,69.0,0.5,fechner
439,13_epo,70.0,0.5,fechner
440,13_epo,71.0,0.5,fechner
441,13_epo,72.0,0.5,fechner
442,13_epo,73.0,0.5,fechner
443,13_epo,74.0,0.5,fechner
444,13_epo,75.0,0.5,fechner
445,13_epo,76.0,0.5,fechner
446,13_epo,77.0,0.5,fechner
447,13_epo,78.0,0.5,fechner
448,13_epo,79.0,0.5,fechner
449,13_epo,80.0,0.5,fechner
450,13_epo,81.0,0.5,fechner
451,13_epo,82.0,0.5,fechner
452,13_epo,83.0,0.5,fechner
453,13_epo,84.0,0.5,fechner
454,13_epo,85.0,0.5,fechner
455,13_epo,86.0,0.5,fechner
456,13_epo,87.0,0.5,fechner
457,13_epo,88.0,0.5,fechner
458,13_epo,89.0,0.5,fechner
459,13_epo,90.0,0.5,fechner
460,13_epo,91.0,0.5,fechner
461,13_epo,92.0,0.5,fechner
462,13_epo,93.0,0.5,fechner
463,13_epo,94.0,0.5,fechner
464,13_epo,95.0,0.5,fechner
465,14_epo,3.0,0.5000013136236291,fechner
466,14_epo,4.0,0.5000008032940569,fechner
467,14_epo,5.0,0.5000006018457428,fechner
468,14_epo,6.0,0.5000004860856336,fechner
469,14_epo,7.000000000000001,0.5000004093416862,fechner
470,14_epo,8.0,0.5000003542376237,fechner
471,14_epo,9.0,0.5000003125579403,fechner
472,14_epo,10.0,0.500000279842334,fechner
473,14_epo,11.0,0.5000002534360849,fechner
474,14_epo,12.0,0.5000002316509637,fechner
475,14_epo,13.0,0.5000002133579919,fechner
476,14_epo,14.000000000000002,0.5000001977716318,fechner
477,14_epo,15.0,0.5000001843274331,fechner
478,14_epo,16.0,0.5000001726088343,fechner
479,14_epo,17.0,0.500000162301407,fechner
480,14_epo,18.0,0.5000001531631867,fechner
481,14_epo,19.0,0.5000001450048289,fechner
482,14_epo,20.0,0.5000001376759756,fechner
483,14_epo,21.0,0.5000001310556703,fechner
484,14_epo,22.0,0.5000001250454773,fechner
485,14_epo,23.0,0.500000119564455,fechner
486,14_epo,24.0,0.5000001145454221,fechner
487,14_epo,25.0,0.5000001099321435,fechner
488,14_epo,26.0,0.5000001056771815,fechner
489,14_epo,27.0,0.500000101740236,fechner
490,14_epo,28.000000000000004,0.5000000980868473,fechner
491,14_epo,28.999999999999996,0.5000000946873726,fechner
492,14_epo,30.0,0.5000000915161706,fechner
493,14_epo,31.0,0.5000000885509477,fechner
494,14_epo,32.0,0.5000000857722271,fechner
495,14_epo,33.0,0.500000083162917,fechner
496,14_epo,34.0,0.5000000807079561,fechner
497,14_epo,35.0,0.5000000783940198,fechner
498,14_epo,36.0,0.5000000762092768,fechner
499,14_epo,37.0,0.5000000741431849,fechner
500,14_epo,38.0,0.5000000721863205,fechner
501,14_epo,39.0,0.5000000703302333,fechner
502,14_epo,40.0,0.500000068567324,fechner
503,14_epo,41.0,0.5000000668907394,fechner
504,14_epo,42.0,0.500000065294283,fechner
505,14_epo,43.0,0.5000000637723384,fechner
506,14_epo,44.0,0.5000000623198025,fechner
507,14_epo,45.0,0.5000000609320282,fechner
508,14_epo,46.0,0.5000000596047748,fechner
509,14_epo,47.0,0.5000000583341639,fechner
510,14_epo,48.0,0.5000000571166424,fechner
511,14_epo,49.0,0.500000055948948,fechner
512,14_epo,50.0,0.500000054828081,fechner
513,14_epo,51.0,0.5000000537512774,fechner
514,14_epo,52.0,0.5000000527159874,fechner
515,14_epo,53.0,0.5000000517198535,fechner
516,14_epo,54.0,0.5000000507606944,fechner
517,14_epo,55.00000000000001,0.5000000498364874,fechner
518,14_epo,56.00000000000001,0.5000000489453548,fechner
519,14_epo,56.99999999999999,0.5000000480855514,fechner
520,14_epo,57.99999999999999,0.5000000472554527,fechner
521,14_epo,59.0,0.5000000464535442,fechner
522,14_epo,60.0,0.5000000456784135,fechner
523,14_epo,61.0,0.5000000449287403,fechner
524,14_epo,62.0,0.5000000442032901,fechner
525,14_epo,63.0,0.5000000435009071,fechner
526,14_epo,64.0,0.5000000428205076,fechner
527,14_epo,65.0,0.5000000421610749,fechner
528,14_epo,66.0,0.5000000415216542,fechner
529,14_epo,67.0,0.5000000409013478,fechner
530,14_epo,68.0,0.5000000402993107,fechner
531,14_epo,69.0,0.5000000397147472,fechner
532,14_epo,70.0,0.5000000391469072,fechner
533,14_epo,71.0,0.5000000385950828,fechner
534,14_epo,72.0,0.5000000380586056,fechner
535,14_epo,73.0,0.500000037536844,fechner
536,14_epo,74.0,0.5000000370292004,fechner
537,14_epo,75.0,0.5000000365351092,fechner
538,14_epo,76.0,0.5000000360540345,fechner
539,14_epo,77.0,0.5000000355854688,fechner
540,14_epo,78.0,0.5000000351289301,fechner
541,14_epo,79.0,0.500000034683961,fechner
542,14_epo,80.0,0.5000000342501273,fechner
543,14_epo,81.0,0.5000000338270157,fechner
544,14_epo,82.0,0.5000000334142337,fechner
545,14_epo,83.0,0.5000000330114075,fechner
546,14_epo,84.0,0.5000000326181808,fechner
547,14_epo,85.0,0.5000000322342147,fechner
548,14_epo,86.0,0.5000000318591857,fechner
549,14_epo,87.0,0.5000000314927853,fechner
550,14_epo,88.0,0.5000000311347189,fechner
551,14_epo,89.0,0.5000000307847055,fechner
552,14_epo,90.0,0.5000000304424761,fechner
553,14_epo,91.0,0.500000030107774,fechner
554,14_epo,92.0,0.5000000297803535,fechner
555,14_epo,93.0,0.5000000294599795,fechner
556,14_epo,94.0,0.5000000291464267,fechner
557,14_epo,95.0,0.5000000288394798,fechner
558,15_epo,3.0,0.8707193950299092,fechner
559,15_epo,4.0,0.7624853909770853,fechner
560,15_epo,5.0,0.7055479315501203,fechner
561,15_epo,6.0,0.6694677898834175,fechner
562,15_epo,7.000000000000001,0.6443624938346005,fechner
563,15_epo,8.0,0.6258234011349461,fechner
564,15_epo,9.0,0.6115477870049628,fechner
565,15_epo,10.0,0.6002054088366492,fechner
566,15_epo,11.0,0.5909708149486634,fechner
567,15_epo,12.0,0.5833033571079589,fechner
568,15_epo,13.0,0.5768335542277345,fechner
569,15_epo,14.000000000000002,0.5713000582464368,fechner
570,15_epo,15.0,0.5665126595910892,fechner
571,15_epo,16.0,0.5623295531269946,fechner
572,15_epo,17.0,0.5586428215402225,fechner
573,15_epo,18.0,0.5553688595954932,fechner
574,15_epo,19.0,0.5524418785070025,fechner
575,15_epo,20.0,0.5498093911785636,fechner
576,15_epo,21.0,0.547429006437652,fechner
577,15_epo,22.0,0.5452661092028275,fechner
578,15_epo,23.0,0.5432921531153017,fechner
579,15_epo,24.0,0.5414833846909887,fechner
580,15_epo,25.0,0.5398198767430914,fechner
581,15_epo,26.0,0.5382847869109888,fechner
582,15_epo,27.0,0.5368637823550307,fechner
583,15_epo,28.000000000000004,0.5355445886951155,fechner
584,15_epo,28.999999999999996,0.5343166329487674,fechner
585,15_epo,30.0,0.5331707583627421,fechner
586,15_epo,31.0,0.5320989947850826,fechner
587,15_epo,32.0,0.5310943723449905,fechner
588,15_epo,33.0,0.530150769195169,fechner
589,15_epo,34.0,0.5292627862616656,fechner
590,15_epo,35.0,0.5284256435692344,fechner
591,15_epo,36.0,0.5276350939246955,fechner
592,15_epo,37.0,0.5268873506578946,fechner
593,15_epo,38.0,0.5261790268184497,fechner
594,15_epo,39.0,0.5255070837629117,fechner
595,15_epo,40.0,0.524868787482041,fechner
596,15_epo,41.0,0.5242616713413972,fechner
597,15_epo,42.0,0.5236835041622651,fechner
598,15_epo,43.0,0.5231322627703937,fechner
599,15_epo,44.0,0.5226061082992955,fechner
600,15_epo,45.0,0.5221033656621294,fechner
601,15_epo,46.0,0.5216225057084702,fechner
602,15_epo,47.0,0.5211621296648773,fechner
603,15_epo,48.0,0.5207209555252502,fechner
604,15_epo,49.0,0.5202978061116563,fechner
605,15_epo,50.0,0.519891598571145,fechner
606,15_epo,51.0,0.5195013351109514,fechner
607,15_epo,52.0,0.5191260948049744,fechner
608,15_epo,53.0,0.5187650263297092,fechner
609,15_epo,54.0,0.5184173415088761,fechner
610,15_epo,55.00000000000001,0.5180823095635974,fechner
611,15_epo,56.00000000000001,0.5177592519797445,fechner
612,15_epo,56.99999999999999,0.517447537916508,fechner
613,15_epo,57.99999999999999,0.5171465800907453,fechner
614,15_epo,59.0,0.5168558310805504,fechner
615,15_epo,60.0,0.5165747799990479,fechner
616,15_epo,61.0,0.516302949495852,fechner
617,15_epo,62.0,0.5160398930491351,fechner
618,15_epo,63.0,0.5157851925159588,fechner
619,15_epo,64.0,0.5155384559125794,fechner
620,15_epo,65.0,0.5152993153999222,fechner
621,15_epo,66.0,0.5150674254524291,fechner
622,15_epo,67.0,0.5148424611910971,fechner
623,15_epo,68.0,0.5146241168637805,fechner
624,15_epo,69.0,0.514412104457796,fechner
625,15_epo,70.0,0.5142061524315834,fechner
626,15_epo,71.0,0.5140060045536706,fechner
627,15_epo,72.0,0.5138114188384942,fechner
628,15_epo,73.0,0.5136221665697808,fechner
629,15_epo,74.0,0.5134380314031923,fechner
630,15_epo,75.0,0.5132588085408337,fechner
631,15_epo,76.0,0.5130843039709919,fechner
632,15_epo,77.0,0.512914333767173,fechner
633,15_epo,78.0,0.5127487234411086,fechner
634,15_epo,79.0,0.5125873073449451,fechner
635,15_epo,80.0,0.5124299281183083,fechner
636,15_epo,81.0,0.5122764361763599,fechner
637,15_epo,82.0,0.5121266892353448,fechner
638,15_epo,83.0,0.5119805518724648,fechner
639,15_epo,84.0,0.5118378951172133,fechner
640,15_epo,85.0,0.5116985960715801,fechner
641,15_epo,86.0,0.5115625375567728,fechner
642,15_epo,87.0,0.5114296077843213,fechner
643,15_epo,88.0,0.5112997000496216,fechner
644,15_epo,89.0,0.5111727124461545,fechner
645,15_epo,90.0,0.5110485475987707,fechner
646,15_epo,91.0,0.5109271124145714,fechner
647,15_epo,92.0,0.5108083178500481,fechner
648,15_epo,93.0,0.5106920786932534,fechner
649,15_epo,94.0,0.5105783133598866,fechner
650,15_epo,95.0,0.5104669437022646,fechner
651,16_epo,3.0,0.5000004152695671,fechner
652,16_epo,4.0,0.5000002539415156,fechner
653,16_epo,5.0,0.5000001902586216,fechner
654,16_epo,6.0,0.5000001536639309,fechner
655,16_epo,7.000000000000001,0.5000001294032332,fechner
656,16_epo,8.0,0.500000111983449,fechner
657,16_epo,9.0,0.5000000988074497,fechner
658,16_epo,10.0,0.5000000884652211,fechner
659,16_epo,11.0,0.5000000801175397,fechner
660,16_epo,12.0,0.5000000732307134,fechner
661,16_epo,13.0,0.5000000674478435,fechner
662,16_epo,14.000000000000002,0.5000000625206018,fechner
663,16_epo,15.0,0.5000000582705515,fechner
664,16_epo,16.0,0.5000000545660068,fechner
665,16_epo,17.0,0.500000051307569,fechner
666,16_epo,18.0,0.500000048418747,fechner
667,16_epo,19.0,0.5000000458396844,fechner
668,16_epo,20.0,0.500000043522849,fechner
669,16_epo,21.0,0.5000000414300034,fechner
670,16_epo,22.0,0.5000000395300298,fechner
671,16_epo,23.0,0.5000000377973404,fechner
672,16_epo,24.0,0.5000000362106976,fechner
673,16_epo,25.0,0.5000000347523238,fechner
674,16_epo,26.0,0.5000000334072229,fechner
675,16_epo,27.0,0.5000000321626552,fechner
676,16_epo,28.000000000000004,0.5000000310077268,fechner
677,16_epo,28.999999999999996,0.5000000299330671,fechner
678,16_epo,30.0,0.5000000289305702,fechner
679,16_epo,31.0,0.5000000279931884,fechner
680,16_epo,32.0,0.5000000271147647,fechner
681,16_epo,33.0,0.5000000262898959,fechner
682,16_epo,34.0,0.500000025513821,fechner
683,16_epo,35.0,0.5000000247823273,fechner
684,16_epo,36.0,0.5000000240916748,fechner
685,16_epo,37.0,0.5000000234385311,fechner
686,16_epo,38.0,0.5000000228199168,fechner
687,16_epo,39.0,0.500000022233161,fechner
688,16_epo,40.0,0.5000000216758608,fechner
689,16_epo,41.0,0.5000000211458501,fechner
690,16_epo,42.0,0.50000002064117,fechner
691,16_epo,43.0,0.5000000201600449,fechner
692,16_epo,44.0,0.5000000197008616,fechner
693,16_epo,45.0,0.5000000192621512,fechner
694,16_epo,46.0,0.5000000188425728,fechner
695,16_epo,47.0,0.5000000184409008,fechner
696,16_epo,48.0,0.5000000180560115,fechner
697,16_epo,49.0,0.5000000176868739,fechner
698,16_epo,50.0,0.5000000173325394,fechner
699,16_epo,51.0,0.5000000169921347,fechner
700,16_epo,52.0,0.5000000166648534,fechner
701,16_epo,53.0,0.5000000163499504,fechner
702,16_epo,54.0,0.500000016046736,fechner
703,16_epo,55.00000000000001,0.5000000157545708,fechner
704,16_epo,56.00000000000001,0.5000000154728613,fechner
705,16_epo,56.99999999999999,0.5000000152010559,fechner
706,16_epo,57.99999999999999,0.5000000149386407,fechner
707,16_epo,59.0,0.5000000146851372,fechner
708,16_epo,60.0,0.5000000144400988,fechner
709,16_epo,61.0,0.5000000142031082,fechner
710,16_epo,62.0,0.5000000139737751,fechner
711,16_epo,63.0,0.5000000137517341,fechner
712,16_epo,64.0,0.5000000135366426,fechner
713,16_epo,65.0,0.5000000133281793,fechner
714,16_epo,66.0,0.5000000131260424,fechner
715,16_epo,67.0,0.5000000129299478,fechner
716,16_epo,68.0,0.5000000127396287,fechner
717,16_epo,69.0,0.5000000125548334,fechner
718,16_epo,70.0,0.5000000123753249,fechner
719,16_epo,71.0,0.5000000122008793,fechner
720,16_epo,72.0,0.5000000120312853,fechner
721,16_epo,73.0,0.5000000118663434,fechner
722,16_epo,74.0,0.5000000117058643,fechner
723,16_epo,75.0,0.5000000115496696,fechner
724,16_epo,76.0,0.5000000113975898,fechner
725,16_epo,77.0,0.5000000112494644,fechner
726,16_epo,78.0,0.5000000111051409,fechner
727,16_epo,79.0,0.500000010964475,fechner
728,16_epo,80.0,0.5000000108273293,fechner
729,16_epo,81.0,0.500000010693573,fechner
730,16_epo,82.0,0.5000000105630822,fechner
731,16_epo,83.0,0.5000000104357386,fechner
732,16_epo,84.0,0.5000000103114298,fechner
733,16_epo,85.0,0.5000000101900485,fechner
734,16_epo,86.0,0.5000000100714923,fechner
735,16_epo,87.0,0.5000000099556638,fechner
736,16_epo,88.0,0.5000000098424701,fechner
737,16_epo,89.0,0.500000009731822,fechner
738,16_epo,90.0,0.5000000096236347,fechner
739,16_epo,91.0,0.5000000095178269,fechner
740,16_epo,92.0,0.500000009414321,fechner
741,16_epo,93.0,0.5000000093130427,fechner
742,16_epo,94.0,0.5000000092139208,fechner
743,16_epo,95.0,0.500000009116887,fechner
744,17_epo,3.0,0.7908575503345339,fechner
745,17_epo,4.0,0.6928273590868445,fechner
746,17_epo,5.0,0.6478029052404156,fechner
747,17_epo,6.0,0.6206206252378138,fechner
748,17_epo,7.000000000000001,0.60216080517182,fechner
749,17_epo,8.0,0.5887211829794965,fechner
750,17_epo,9.0,0.5784658689199559,fechner
751,17_epo,10.0,0.5703680131155113,fechner
752,17_epo,11.0,0.5638040742694735,fechner
753,17_epo,12.0,0.5583718473443657,fechner
754,17_epo,13.0,0.5537995339509219,fechner
755,17_epo,14.000000000000002,0.549896509526312,fechner
756,17_epo,15.0,0.5465249508268993,fechner
757,17_epo,16.0,0.5435826445659819,fechner
758,17_epo,17.0,0.5409921317708118,fechner
759,17_epo,18.0,0.5386936109580978,fechner
760,17_epo,19.0,0.5366401592506768,fechner
761,17_epo,20.0,0.5347944309573421,fechner
762,17_epo,21.0,0.5331263252595558,fechner
763,17_epo,22.0,0.5316113057045042,fechner
764,17_epo,23.0,0.5302291679159074,fechner
765,17_epo,24.0,0.5289631216668249,fechner
766,17_epo,25.0,0.5277990973699408,fechner
767,17_epo,26.0,0.5267252153540668,fechner
768,17_epo,27.0,0.5257313749440071,fechner
769,17_epo,28.000000000000004,0.5248089328821753,fechner
770,17_epo,28.999999999999996,0.5239504491858941,fechner
771,17_epo,30.0,0.5231494844742758,fechner
772,17_epo,31.0,0.5224004369834616,fechner
773,17_epo,32.0,0.5216984104774025,fechner
774,17_epo,33.0,0.5210391064221478,fechner
775,17_epo,34.0,0.52041873537212,fechner
776,17_epo,35.0,0.5198339436854192,fechner
777,17_epo,36.0,0.5192817525578776,fechner
778,17_epo,37.0,0.518759507023429,fechner
779,17_epo,38.0,0.5182648330686186,fechner
780,17_epo,39.0,0.5177956013926455,fechner
781,17_epo,40.0,0.5173498966407215,fechner
782,17_epo,41.0,0.5169259911692202,fechner
783,17_epo,42.0,0.5165223225818962,fechner
784,17_epo,43.0,0.5161374744190872,fechner
785,17_epo,44.0,0.5157701594950207,fechner
786,17_epo,45.0,0.5154192054687418,fechner
787,17_epo,46.0,0.5150835423067455,fechner
788,17_epo,47.0,0.5147621913539755,fechner
789,17_epo,48.0,0.51445425577736,fechner
790,17_epo,49.0,0.5141589121847914,fechner
791,17_epo,50.0,0.513875403254166,fechner
792,17_epo,51.0,0.5136030312331875,fechner
793,17_epo,52.0,0.5133411521921735,fechner
794,17_epo,53.0,0.5130891709299777,fechner
795,17_epo,54.0,0.5128465364480022,fechner
796,17_epo,55.00000000000001,0.5126127379197014,fechner
797,17_epo,56.00000000000001,0.512387301093401,fechner
798,17_epo,56.99999999999999,0.5121697850750109,fechner
799,17_epo,57.99999999999999,0.5119597794446192,fechner
800,17_epo,59.0,0.5117569016672114,fechner
801,17_epo,60.0,0.5115607947630855,fechner
802,17_epo,61.0,0.5113711252080599,fechner
803,17_epo,62.0,0.5111875810374529,fechner
804,17_epo,63.0,0.5110098701311145,fechner
805,17_epo,64.0,0.5108377186596582,fechner
806,17_epo,65.0,0.5106708696744735,fechner
807,17_epo,66.0,0.510509081826234,fechner
808,17_epo,67.0,0.5103521281984345,fechner
809,17_epo,68.0,0.5101997952440888,fechner
810,17_epo,69.0,0.5100518818150932,fechner
811,17_epo,70.0,0.5099081982749663,fechner
812,17_epo,71.0,0.5097685656867263,fechner
813,17_epo,72.0,0.5096328150685836,fechner
814,17_epo,73.0,0.5095007867109285,fechner
815,17_epo,74.0,0.509372329548807,fechner
816,17_epo,75.0,0.5092473005846914,fechner
817,17_epo,76.0,0.509125564356905,fechner
818,17_epo,77.0,0.5090069924495417,fechner
819,17_epo,78.0,0.5088914630401494,fechner
820,17_epo,79.0,0.5087788604818242,fechner
821,17_epo,80.0,0.5086690749166991,fechner
822,17_epo,81.0,0.508562001918109,fechner
823,17_epo,82.0,0.5084575421589799,fechner
824,17_epo,83.0,0.5083556011042258,fechner
825,17_epo,84.0,0.5082560887251504,fechner
826,17_epo,85.0,0.5081589192340379,fechner
827,17_epo,86.0,0.5080640108372868,fechner
828,17_epo,87.0,0.5079712855055923,fechner
829,17_epo,88.0,0.5078806687598199,fechner
830,17_epo,89.0,0.507792089471333,fechner
831,17_epo,90.0,0.5077054796756494,fechner
832,17_epo,91.0,0.5076207743983991,fechner
833,17_epo,92.0,0.5075379114926485,fechner
834,17_epo,93.0,0.5074568314867296,fechner
835,17_epo,94.0,0.5073774774417965,fechner
836,17_epo,95.0,0.5072997948183873,fechner
837,18_epo,3.0,0.5121152547086243,fechner
838,18_epo,4.0,0.5074095080283181,fechner
839,18_epo,5.0,0.5055515462000726,fechner
840,18_epo,6.0,0.5044838157311805,fechner
841,18_epo,7.000000000000001,0.5037759334455352,fechner
842,18_epo,8.0,0.5032676468608837,fechner
843,18_epo,9.0,0.5028831838428675,fechner
844,18_epo,10.0,0.5025814051280795,fechner
845,18_epo,11.0,0.5023378244636493,fechner
846,18_epo,12.0,0.5021368698927465,fechner
847,18_epo,13.0,0.5019681277515398,fechner
848,18_epo,14.000000000000002,0.5018243521911007,fechner
849,18_epo,15.0,0.5017003366426143,fechner
850,18_epo,16.0,0.501592238660225,fechner
851,18_epo,17.0,0.5014971578771648,fechner
852,18_epo,18.0,0.5014128623449139,fechner
853,18_epo,19.0,0.5013376054879778,fechner
854,18_epo,20.0,0.5012700003537045,fechner
855,18_epo,21.0,0.5012089311908383,fechner
856,18_epo,22.0,0.5011534899920924,fechner
857,18_epo,23.0,0.501102930120075,fechner
858,18_epo,24.0,0.5010566318647979,fechner
859,18_epo,25.0,0.50101407648813,fechner
860,18_epo,26.0,0.50097482640503,fechner
861,18_epo,27.0,0.5009385098686729,fechner
862,18_epo,28.000000000000004,0.5009048090060956,fechner
863,18_epo,28.999999999999996,0.500873450377355,fechner
864,18_epo,30.0,0.50084419745702,fechner
865,18_epo,31.0,0.5008168445954184,fechner
866,18_epo,32.0,0.5007912121300205,fechner
867,18_epo,33.0,0.5007671423988094,fechner
868,18_epo,34.0,0.5007444964669437,fechner
869,18_epo,35.0,0.5007231514218983,fechner
870,18_epo,36.0,0.5007029981249655,fechner
871,18_epo,37.0,0.5006839393316196,fechner
872,18_epo,38.0,0.500665888111929,fechner
873,18_epo,39.0,0.5006487665165137,fechner
874,18_epo,40.0,0.5006325044445857,fechner
875,18_epo,41.0,0.5006170386791968,fechner
876,18_epo,42.0,0.5006023120615382,fechner
877,18_epo,43.0,0.500588272781433,fechner
878,18_epo,44.0,0.5005748737653637,fechner
879,18_epo,45.0,0.5005620721467265,fechner
880,18_epo,46.0,0.5005498288056942,fechner
881,18_epo,47.0,0.500538107968234,fechner
882,18_epo,48.0,0.5005268768555873,fechner
883,18_epo,49.0,0.5005161053769492,fechner
884,18_epo,50.0,0.5005057658592552,fechner
885,18_epo,51.0,0.5004958328089468,fechner
886,18_epo,52.0,0.5004862827013844,fechner
887,18_epo,53.0,0.5004770937942304,fechner
888,18_epo,54.0,0.5004682459616789,fechner
889,18_epo,55.00000000000001,0.5004597205468599,fechner
890,18_epo,56.00000000000001,0.5004515002301372,fechner
891,18_epo,56.99999999999999,0.5004435689113335,fechner
892,18_epo,57.99999999999999,0.5004359116041963,fechner
893,18_epo,59.0,0.500428514341643,fechner
894,18_epo,60.0,0.5004213640905216,fechner
895,18_epo,61.0,0.5004144486747906,fechner
896,18_epo,62.0,0.5004077567061629,fechner
897,18_epo,63.0,0.5004012775213796,fechner
898,18_epo,64.0,0.5003950011253883,fechner
899,18_epo,65.0,0.5003889181397828,fechner
900,18_epo,66.0,0.5003830197559491,fechner
901,18_epo,67.0,0.50037729769242,fechner
902,18_epo,68.0,0.5003717441560056,fechner
903,18_epo,69.0,0.500366351806314,fechner
904,18_epo,70.0,0.5003611137233233,fechner
905,18_epo,71.0,0.500356023377702,fechner
906,18_epo,72.0,0.5003510746036098,fechner
907,18_epo,73.0,0.5003462615737402,fechner
908,18_epo,74.0,0.5003415787763924,fechner
909,18_epo,75.0,0.5003370209943834,fechner
910,18_epo,76.0,0.5003325832856272,fechner
911,18_epo,77.0,0.5003282609652336,fechner
912,18_epo,78.0,0.5003240495889852,fechner
913,18_epo,79.0,0.5003199449380741,fechner
914,18_epo,80.0,0.5003159430049854,fechner
915,18_epo,81.0,0.5003120399804282,fechner
916,18_epo,82.0,0.5003082322412262,fechner
917,18_epo,83.0,0.5003045163390847,fechner
918,18_epo,84.0,0.5003008889901618,fechner
919,18_epo,85.0,0.5002973470653779,fechner
920,18_epo,86.0,0.5002938875814019,fechner
921,18_epo,87.0,0.5002905076922606,fechner
922,18_epo,88.0,0.5002872046815214,fechner
923,18_epo,89.0,0.500283975955003,fechner
924,18_epo,90.0,0.5002808190339725,fechner
925,18_epo,91.0,0.500277731548793,fechner
926,18_epo,92.0,0.5002747112329843,fechner
927,18_epo,93.0,0.5002717559176698,fechner
928,18_epo,94.0,0.5002688635263765,fechner
929,18_epo,95.0,0.500266032070165,fechner
930,19_epo,3.0,0.9999998358054544,fechner
931,19_epo,4.0,0.9999290270487731,fechner
932,19_epo,5.0,0.9992215485312808,fechner
933,19_epo,6.0,0.9969231058006558,fechner
934,19_epo,7.000000000000001,0.9923705344723983,fechner
935,19_epo,8.0,0.9854104972466945,fechner
936,19_epo,9.0,0.976271923395701,fechner
937,19_epo,10.0,0.9653774236624698,fechner
938,19_epo,11.0,0.9532016248810431,fechner
939,19_epo,12.0,0.9401894500830847,fechner
940,19_epo,13.0,0.926719129741453,fechner
941,19_epo,14.000000000000002,0.9130923372294182,fechner
942,19_epo,15.0,0.8995384053223054,fechner
943,19_epo,16.0,0.8862245199974127,fechner
944,19_epo,17.0,0.8732674214941561,fechner
945,19_epo,18.0,0.8607444294317487,fechner
946,19_epo,19.0,0.8487029116649317,fechner
947,19_epo,20.0,0.8371679960501734,fechner
948,19_epo,21.0,0.826148641883845,fechner
949,19_epo,22.0,0.8156423096131873,fechner
950,19_epo,23.0,0.8056384910644729,fechner
951,19_epo,24.0,0.7961213418270258,fechner
952,19_epo,25.0,0.7870716207461792,fechner
953,19_epo,26.0,0.7784681024257712,fechner
954,19_epo,27.0,0.7702885931949399,fechner
955,19_epo,28.000000000000004,0.7625106511906828,fechner
956,19_epo,28.999999999999996,0.7551120872140555,fechner
957,19_epo,30.0,0.7480713042147116,fechner
958,19_epo,31.0,0.7413675187792071,fechner
959,19_epo,32.0,0.7349808969794401,fechner
960,19_epo,33.0,0.7288926286191708,fechner
961,19_epo,34.0,0.7230849576719847,fechner
962,19_epo,35.0,0.7175411820347042,fechner
963,19_epo,36.0,0.7122456322388016,fechner
964,19_epo,37.0,0.7071836361722382,fechner
965,19_epo,38.0,0.7023414749406981,fechner
966,19_epo,39.0,0.6977063335712608,fechner
967,19_epo,40.0,0.693266249206431,fechner
968,19_epo,41.0,0.6890100586574188,fechner
969,19_epo,42.0,0.6849273466119723,fechner
970,19_epo,43.0,0.6810083953712656,fechner
971,19_epo,44.0,0.6772441366831187,fechner
972,19_epo,45.0,0.6736261060159051,fechner
973,19_epo,46.0,0.6701463994571784,fechner
974,19_epo,47.0,0.6667976333070181,fechner
975,19_epo,48.0,0.6635729063563325,fechner
976,19_epo,49.0,0.6604657647857791,fechner
977,19_epo,50.0,0.6574701695849027,fechner
978,19_epo,51.0,0.6545804663685028,fechner
979,19_epo,52.0,0.6517913574544152,fechner
980,19_epo,53.0,0.6490978760610571,fechner
981,19_epo,54.0,0.6464953624821659,fechner
982,19_epo,55.00000000000001,0.6439794420986786,fechner
983,19_epo,56.00000000000001,0.641546005092471,fechner
984,19_epo,56.99999999999999,0.6391911877329469,fechner
985,19_epo,57.99999999999999,0.6369113551145933,fechner
986,19_epo,59.0,0.6347030852311915,fechner
987,19_epo,60.0,0.6325631542800761,fechner
988,19_epo,61.0,0.6304885230974625,fechner
989,19_epo,62.0,0.6284763246332696,fechner
990,19_epo,63.0,0.626523852380942,fechner
991,19_epo,64.0,0.6246285496844848,fechner
992,19_epo,65.0,0.6227879998512198,fechner
993,19_epo,66.0,0.6209999170046403,fechner
994,19_epo,67.0,0.6192621376172049,fechner
995,19_epo,68.0,0.6175726126679354,fechner
996,19_epo,69.0,0.6159294003743483,fechner
997,19_epo,70.0,0.6143306594525005,fechner
998,19_epo,71.0,0.6127746428628684,fechner
999,19_epo,72.0,0.6112596920033511,fechner
1000,19_epo,73.0,0.6097842313139855,fechner
1001,19_epo,74.0,0.6083467632609526,fechner
1002,19_epo,75.0,0.6069458636702039,fechner
1003,19_epo,76.0,0.6055801773835294,fechner
1004,19_epo,77.0,0.604248414212184,fechner
1005,19_epo,78.0,0.602949345165257,fechner
1006,19_epo,79.0,0.6016817989318846,fechner
1007,19_epo,80.0,0.6004446585981278,fechner
1008,19_epo,81.0,0.5992368585809227,fechner
1009,19_epo,82.0,0.5980573817629572,fechner
1010,19_epo,83.0,0.5969052568136349,fechner
1011,19_epo,84.0,0.5957795556824996,fechner
1012,19_epo,85.0,0.5946793912525858,fechner
1013,19_epo,86.0,0.5936039151421644,fechner
1014,19_epo,87.0,0.5925523156442671,fechner
1015,19_epo,88.0,0.5915238157942181,fechner
1016,19_epo,89.0,0.5905176715561593,fechner
1017,19_epo,90.0,0.5895331701202629,fechner
1018,19_epo,91.0,0.5885696283029637,fechner
1019,19_epo,92.0,0.5876263910431362,fechner
1020,19_epo,93.0,0.5867028299876771,fechner
1021,19_epo,94.0,0.5857983421604489,fechner
1022,19_epo,95.0,0.584912348708998,fechner
1023,1_epo,3.0,0.5000000000275416,fechner
1024,1_epo,4.0,0.500000000016842,fechner
1025,1_epo,5.0,0.5000000000126184,fechner
1026,1_epo,6.0,0.5000000000101914,fechner
1027,1_epo,7.000000000000001,0.5000000000085824,fechner
1028,1_epo,8.0,0.5000000000074271,fechner
1029,1_epo,9.0,0.5000000000065531,fechner
1030,1_epo,10.0,0.5000000000058672,fechner
1031,1_epo,11.0,0.5000000000053136,fechner
1032,1_epo,12.0,0.5000000000048569,fechner
1033,1_epo,13.0,0.5000000000044733,fechner
1034,1_epo,14.000000000000002,0.5000000000041466,fechner
1035,1_epo,15.0,0.5000000000038647,fechner
1036,1_epo,16.0,0.500000000003619,fechner
1037,1_epo,17.0,0.5000000000034028,fechner
1038,1_epo,18.0,0.5000000000032112,fechner
1039,1_epo,19.0,0.5000000000030402,fechner
1040,1_epo,20.0,0.5000000000028866,fechner
1041,1_epo,21.0,0.5000000000027477,fechner
1042,1_epo,22.0,0.5000000000026217,fechner
1043,1_epo,23.0,0.5000000000025068,fechner
1044,1_epo,24.0,0.5000000000024016,fechner
1045,1_epo,25.0,0.5000000000023048,fechner
1046,1_epo,26.0,0.5000000000022157,fechner
1047,1_epo,27.0,0.5000000000021331,fechner
1048,1_epo,28.000000000000004,0.5000000000020565,fechner
1049,1_epo,28.999999999999996,0.5000000000019852,fechner
1050,1_epo,30.0,0.5000000000019188,fechner
1051,1_epo,31.0,0.5000000000018566,fechner
1052,1_epo,32.0,0.5000000000017983,fechner
1053,1_epo,33.0,0.5000000000017436,fechner
1054,1_epo,34.0,0.5000000000016922,fechner
1055,1_epo,35.0,0.5000000000016437,fechner
1056,1_epo,36.0,0.5000000000015978,fechner
1057,1_epo,37.0,0.5000000000015545,fechner
1058,1_epo,38.0,0.5000000000015135,fechner
1059,1_epo,39.0,0.5000000000014746,fechner
1060,1_epo,40.0,0.5000000000014376,fechner
1061,1_epo,41.0,0.5000000000014024,fechner
1062,1_epo,42.0,0.500000000001369,fechner
1063,1_epo,43.0,0.500000000001337,fechner
1064,1_epo,44.0,0.5000000000013066,fechner
1065,1_epo,45.0,0.5000000000012775,fechner
1066,1_epo,46.0,0.5000000000012497,fechner
1067,1_epo,47.0,0.500000000001223,fechner
1068,1_epo,48.0,0.5000000000011975,fechner
1069,1_epo,49.0,0.5000000000011731,fechner
1070,1_epo,50.0,0.5000000000011495,fechner
1071,1_epo,51.0,0.500000000001127,fechner
1072,1_epo,52.0,0.5000000000011052,fechner
1073,1_epo,53.0,0.5000000000010844,fechner
1074,1_epo,54.0,0.5000000000010643,fechner
1075,1_epo,55.00000000000001,0.5000000000010449,fechner
1076,1_epo,56.00000000000001,0.5000000000010262,fechner
1077,1_epo,56.99999999999999,0.5000000000010082,fechner
1078,1_epo,57.99999999999999,0.5000000000009908,fechner
1079,1_epo,59.0,0.500000000000974,fechner
1080,1_epo,60.0,0.5000000000009577,fechner
1081,1_epo,61.0,0.500000000000942,fechner
1082,1_epo,62.0,0.5000000000009268,fechner
1083,1_epo,63.0,0.500000000000912,fechner
1084,1_epo,64.0,0.5000000000008978,fechner
1085,1_epo,65.0,0.500000000000884,fechner
1086,1_epo,66.0,0.5000000000008705,fechner
1087,1_epo,67.0,0.5000000000008575,fechner
1088,1_epo,68.0,0.5000000000008449,fechner
1089,1_epo,69.0,0.5000000000008327,fechner
1090,1_epo,70.0,0.5000000000008208,fechner
1091,1_epo,71.0,0.5000000000008092,fechner
1092,1_epo,72.0,0.5000000000007979,fechner
1093,1_epo,73.0,0.500000000000787,fechner
1094,1_epo,74.0,0.5000000000007764,fechner
1095,1_epo,75.0,0.500000000000766,fechner
1096,1_epo,76.0,0.500000000000756,fechner
1097,1_epo,77.0,0.5000000000007461,fechner
1098,1_epo,78.0,0.5000000000007365,fechner
1099,1_epo,79.0,0.5000000000007272,fechner
1100,1_epo,80.0,0.5000000000007181,fechner
1101,1_epo,81.0,0.5000000000007092,fechner
1102,1_epo,82.0,0.5000000000007006,fechner
1103,1_epo,83.0,0.5000000000006921,fechner
1104,1_epo,84.0,0.5000000000006839,fechner
1105,1_epo,85.0,0.5000000000006758,fechner
1106,1_epo,86.0,0.500000000000668,fechner
1107,1_epo,87.0,0.5000000000006602,fechner
1108,1_epo,88.0,0.5000000000006528,fechner
1109,1_epo,89.0,0.5000000000006455,fechner
1110,1_epo,90.0,0.5000000000006383,fechner
1111,1_epo,91.0,0.5000000000006313,fechner
1112,1_epo,92.0,0.5000000000006244,fechner
1113,1_epo,93.0,0.5000000000006177,fechner
1114,1_epo,94.0,0.5000000000006111,fechner
1115,1_epo,95.0,0.5000000000006046,fechner
1116,20_epo,3.0,0.5148651156181706,fechner
1117,20_epo,4.0,0.5090918450466604,fechner
1118,20_epo,5.0,0.5068121415501274,fechner
1119,20_epo,6.0,0.5055020001735198,fechner
1120,20_epo,7.000000000000001,0.5046333903161345,fechner
1121,20_epo,8.0,0.5040096892844148,fechner
1122,20_epo,9.0,0.5035379250842454,fechner
1123,20_epo,10.0,0.5031676190660775,fechner
1124,20_epo,11.0,0.5028687257367767,fechner
1125,20_epo,12.0,0.5026221375770513,fechner
1126,20_epo,13.0,0.502415076445188,fechner
1127,20_epo,14.000000000000002,0.5022386512364813,fechner
1128,20_epo,15.0,0.502086473142647,fechner
1129,20_epo,16.0,0.5019538272100708,fechner
1130,20_epo,17.0,0.5018371544735661,fechner
1131,20_epo,18.0,0.5017337161607702,fechner
1132,20_epo,19.0,0.5016413690854554,fechner
1133,20_epo,20.0,0.5015584113444768,fechner
1134,20_epo,21.0,0.5014834738189907,fechner
1135,20_epo,22.0,0.5014154423079181,fechner
1136,20_epo,23.0,0.5013534006237044,fechner
1137,20_epo,24.0,0.5012965883288839,fechner
1138,20_epo,25.0,0.5012443688866884,fechner
1139,20_epo,26.0,0.5011962053419038,fechner
1140,20_epo,27.0,0.5011516415283259,fechner
1141,20_epo,28.000000000000004,0.5011102873875459,fechner
1142,20_epo,28.999999999999996,0.501071807384276,fechner
1143,20_epo,30.0,0.5010359112805237,fechner
1144,20_epo,31.0,0.5010023467255417,fechner
1145,20_epo,32.0,0.5009708932570862,fechner
1146,20_epo,33.0,0.5009413574094842,fechner
1147,20_epo,34.0,0.5009135686969705,fechner
1148,20_epo,35.0,0.5008873762945908,fechner
1149,20_epo,36.0,0.5008626462791009,fechner
1150,20_epo,37.0,0.5008392593224887,fechner
1151,20_epo,38.0,0.5008171087536817,fechner
1152,20_epo,39.0,0.5007960989215589,fechner
1153,20_epo,40.0,0.5007761438059363,fechner
1154,20_epo,41.0,0.5007571658337303,fechner
1155,20_epo,42.0,0.500739094865749,fechner
1156,20_epo,43.0,0.5007218673260626,fechner
1157,20_epo,44.0,0.5007054254510589,fechner
1158,20_epo,45.0,0.5006897166393965,fechner
1159,20_epo,46.0,0.5006746928873754,fechner
1160,20_epo,47.0,0.5006603102968951,fechner
1161,20_epo,48.0,0.5006465286453348,fechner
1162,20_epo,49.0,0.5006333110084423,fechner
1163,20_epo,50.0,0.5006206234287583,fechner
1164,20_epo,51.0,0.5006084346232803,fechner
1165,20_epo,52.0,0.5005967157250534,fechner
1166,20_epo,53.0,0.5005854400541737,fechner
1167,20_epo,54.0,0.5005745829143727,fechner
1168,20_epo,55.00000000000001,0.5005641214119049,fechner
1169,20_epo,56.00000000000001,0.5005540342939349,fechner
1170,20_epo,56.99999999999999,0.5005443018040189,fechner
1171,20_epo,57.99999999999999,0.500534905552603,fechner
1172,20_epo,59.0,0.5005258284007508,fechner
1173,20_epo,60.0,0.5005170543555467,fechner
1174,20_epo,61.0,0.5005085684758306,fechner
1175,20_epo,62.0,0.500500356787091,fechner
1176,20_epo,63.0,0.5004924062044953,fechner
1177,20_epo,64.0,0.500484704463162,fechner
1178,20_epo,65.0,0.5004772400548942,fechner
1179,20_epo,66.0,0.5004700021706832,fechner
1180,20_epo,67.0,0.5004629806483794,fechner
1181,20_epo,68.0,0.5004561659249956,fechner
1182,20_epo,69.0,0.5004495489931712,fechner
1183,20_epo,70.0,0.5004431213613788,fechner
1184,20_epo,71.0,0.5004368750175057,fechner
1185,20_epo,72.0,0.5004308023954768,fechner
1186,20_epo,73.0,0.5004248963446305,fechner
1187,20_epo,74.0,0.5004191501015839,fechner
1188,20_epo,75.0,0.5004135572643542,fechner
1189,20_epo,76.0,0.5004081117685301,fechner
1190,20_epo,77.0,0.5004028078653028,fechner
1191,20_epo,78.0,0.5003976401011929,fechner
1192,20_epo,79.0,0.5003926032993197,fechner
1193,20_epo,80.0,0.5003876925420784,fechner
1194,20_epo,81.0,0.500382903155105,fechner
1195,20_epo,82.0,0.5003782306924153,fechner
1196,20_epo,83.0,0.5003736709226211,fechner
1197,20_epo,84.0,0.5003692198161346,fechner
1198,20_epo,85.0,0.5003648735332749,fechner
1199,20_epo,86.0,0.5003606284132092,fechner
1200,20_epo,87.0,0.5003564809636555,fechner
1201,20_epo,88.0,0.5003524278512909,fechner
1202,20_epo,89.0,0.500348465892806,fechner
1203,20_epo,90.0,0.5003445920465583,fechner
1204,20_epo,91.0,0.5003408034047757,fechner
1205,20_epo,92.0,0.5003370971862701,fechner
1206,20_epo,93.0,0.5003334707296215,fechner
1207,20_epo,94.0,0.5003299214867986,fechner
1208,20_epo,95.0,0.5003264470171818,fechner
1209,21_epo,3.0,0.5000000111180606,fechner
1210,21_epo,4.0,0.5000000067988059,fechner
1211,21_epo,5.0,0.5000000050938163,fechner
1212,21_epo,6.0,0.5000000041140623,fechner
1213,21_epo,7.000000000000001,0.5000000034645279,fechner
1214,21_epo,8.0,0.500000002998146,fechner
1215,21_epo,9.0,0.5000000026453834,fechner
1216,21_epo,10.0,0.5000000023684897,fechner
1217,21_epo,11.0,0.5000000021449963,fechner
1218,21_epo,12.0,0.5000000019606144,fechner
1219,21_epo,13.0,0.500000001805789,fechner
1220,21_epo,14.000000000000002,0.5000000016738714,fechner
1221,21_epo,15.0,0.5000000015600843,fechner
1222,21_epo,16.0,0.5000000014609021,fechner
1223,21_epo,17.0,0.5000000013736635,fechner
1224,21_epo,18.0,0.5000000012963208,fechner
1225,21_epo,19.0,0.5000000012272713,fechner
1226,21_epo,20.0,0.5000000011652423,fechner
1227,21_epo,21.0,0.5000000011092103,fechner
1228,21_epo,22.0,0.5000000010583421,fechner
1229,21_epo,23.0,0.5000000010119526,fechner
1230,21_epo,24.0,0.5000000009694733,fechner
1231,21_epo,25.0,0.5000000009304281,fechner
1232,21_epo,26.0,0.5000000008944155,fechner
1233,21_epo,27.0,0.5000000008610945,fechner
1234,21_epo,28.000000000000004,0.5000000008301735,fechner
1235,21_epo,28.999999999999996,0.5000000008014015,fechner
1236,21_epo,30.0,0.5000000007745615,fechner
1237,21_epo,31.0,0.5000000007494649,fechner
1238,21_epo,32.0,0.5000000007259467,fechner
1239,21_epo,33.0,0.5000000007038624,fechner
1240,21_epo,34.0,0.5000000006830845,fechner
1241,21_epo,35.0,0.5000000006635001,fechner
1242,21_epo,36.0,0.5000000006450093,fechner
1243,21_epo,37.0,0.5000000006275226,fechner
1244,21_epo,38.0,0.5000000006109603,fechner
1245,21_epo,39.0,0.5000000005952511,fechner
1246,21_epo,40.0,0.5000000005803303,fechner
1247,21_epo,41.0,0.5000000005661404,fechner
1248,21_epo,42.0,0.5000000005526285,fechner
1249,21_epo,43.0,0.5000000005397472,fechner
1250,21_epo,44.0,0.5000000005274535,fechner
1251,21_epo,45.0,0.5000000005157078,fechner
1252,21_epo,46.0,0.5000000005044745,fechner
1253,21_epo,47.0,0.5000000004937204,fechner
1254,21_epo,48.0,0.5000000004834158,fechner
1255,21_epo,49.0,0.5000000004735328,fechner
1256,21_epo,50.0,0.5000000004640461,fechner
1257,21_epo,51.0,0.5000000004549324,fechner
1258,21_epo,52.0,0.5000000004461701,fechner
1259,21_epo,53.0,0.5000000004377392,fechner
1260,21_epo,54.0,0.5000000004296211,fechner
1261,21_epo,55.00000000000001,0.5000000004217989,fechner
1262,21_epo,56.00000000000001,0.5000000004142567,fechner
1263,21_epo,56.99999999999999,0.5000000004069797,fechner
1264,21_epo,57.99999999999999,0.500000000399954,fechner
1265,21_epo,59.0,0.5000000003931669,fechner
1266,21_epo,60.0,0.5000000003866064,fechner
1267,21_epo,61.0,0.5000000003802615,fechner
1268,21_epo,62.0,0.5000000003741215,fechner
1269,21_epo,63.0,0.5000000003681768,fechner
1270,21_epo,64.0,0.5000000003624181,fechner
1271,21_epo,65.0,0.5000000003568369,fechner
1272,21_epo,66.0,0.5000000003514251,fechner
1273,21_epo,67.0,0.500000000346175,fechner
1274,21_epo,68.0,0.5000000003410796,fechner
1275,21_epo,69.0,0.500000000336132,fechner
1276,21_epo,70.0,0.5000000003313261,fechner
1277,21_epo,71.0,0.5000000003266556,fechner
1278,21_epo,72.0,0.500000000322115,fechner
1279,21_epo,73.0,0.500000000317699,fechner
1280,21_epo,74.0,0.5000000003134025,fechner
1281,21_epo,75.0,0.5000000003092206,fechner
1282,21_epo,76.0,0.500000000305149,fechner
1283,21_epo,77.0,0.5000000003011832,fechner
1284,21_epo,78.0,0.5000000002973193,fechner
1285,21_epo,79.0,0.5000000002935532,fechner
1286,21_epo,80.0,0.5000000002898813,fechner
1287,21_epo,81.0,0.5000000002863003,fechner
1288,21_epo,82.0,0.5000000002828067,fechner
1289,21_epo,83.0,0.5000000002793973,fechner
1290,21_epo,84.0,0.5000000002760692,fechner
1291,21_epo,85.0,0.5000000002728193,fechner
1292,21_epo,86.0,0.5000000002696453,fechner
1293,21_epo,87.0,0.5000000002665441,fechner
1294,21_epo,88.0,0.5000000002635137,fechner
1295,21_epo,89.0,0.5000000002605512,fechner
1296,21_epo,90.0,0.5000000002576547,fechner
1297,21_epo,91.0,0.5000000002548219,fechner
1298,21_epo,92.0,0.5000000002520507,fechner
1299,21_epo,93.0,0.5000000002493392,fechner
1300,21_epo,94.0,0.5000000002466853,fechner
1301,21_epo,95.0,0.5000000002440875,fechner
1302,22_epo,3.0,0.5000000009523377,fechner
1303,22_epo,4.0,0.500000000582364,fechner
1304,22_epo,5.0,0.5000000004363201,fechner
1305,22_epo,6.0,0.5000000003523974,fechner
1306,22_epo,7.000000000000001,0.5000000002967604,fechner
1307,22_epo,8.0,0.5000000002568117,fechner
1308,22_epo,9.0,0.5000000002265951,fechner
1309,22_epo,10.0,0.5000000002028773,fechner
1310,22_epo,11.0,0.5000000001837336,fechner
1311,22_epo,12.0,0.50000000016794,fechner
1312,22_epo,13.0,0.5000000001546782,fechner
1313,22_epo,14.000000000000002,0.5000000001433785,fechner
1314,22_epo,15.0,0.5000000001336319,fechner
1315,22_epo,16.0,0.5000000001251362,fechner
1316,22_epo,17.0,0.5000000001176637,fechner
1317,22_epo,18.0,0.5000000001110387,fechner
1318,22_epo,19.0,0.5000000001051241,fechner
1319,22_epo,20.0,0.5000000000998109,fechner
1320,22_epo,21.0,0.5000000000950114,fechner
1321,22_epo,22.0,0.5000000000906543,fechner
1322,22_epo,23.0,0.5000000000866807,fechner
1323,22_epo,24.0,0.500000000083042,fechner
1324,22_epo,25.0,0.5000000000796975,fechner
1325,22_epo,26.0,0.5000000000766128,fechner
1326,22_epo,27.0,0.5000000000737587,fechner
1327,22_epo,28.000000000000004,0.50000000007111,fechner
1328,22_epo,28.999999999999996,0.5000000000686455,fechner
1329,22_epo,30.0,0.5000000000663465,fechner
1330,22_epo,31.0,0.5000000000641968,fechner
1331,22_epo,32.0,0.5000000000621823,fechner
1332,22_epo,33.0,0.5000000000602907,fechner
1333,22_epo,34.0,0.5000000000585109,fechner
1334,22_epo,35.0,0.5000000000568333,fechner
1335,22_epo,36.0,0.5000000000552495,fechner
1336,22_epo,37.0,0.5000000000537516,fechner
1337,22_epo,38.0,0.5000000000523329,fechner
1338,22_epo,39.0,0.5000000000509873,fechner
1339,22_epo,40.0,0.5000000000497092,fechner
1340,22_epo,41.0,0.5000000000484938,fechner
1341,22_epo,42.0,0.5000000000473364,fechner
1342,22_epo,43.0,0.500000000046233,fechner
1343,22_epo,44.0,0.50000000004518,fechner
1344,22_epo,45.0,0.5000000000441739,fechner
1345,22_epo,46.0,0.5000000000432117,fechner
1346,22_epo,47.0,0.5000000000422905,fechner
1347,22_epo,48.0,0.5000000000414079,fechner
1348,22_epo,49.0,0.5000000000405613,fechner
1349,22_epo,50.0,0.5000000000397488,fechner
1350,22_epo,51.0,0.500000000038968,fechner
1351,22_epo,52.0,0.5000000000382175,fechner
1352,22_epo,53.0,0.5000000000374953,fechner
1353,22_epo,54.0,0.5000000000368,fechner
1354,22_epo,55.00000000000001,0.50000000003613,fechner
1355,22_epo,56.00000000000001,0.500000000035484,fechner
1356,22_epo,56.99999999999999,0.5000000000348606,fechner
1357,22_epo,57.99999999999999,0.5000000000342588,fechner
1358,22_epo,59.0,0.5000000000336774,fechner
1359,22_epo,60.0,0.5000000000331155,fechner
1360,22_epo,61.0,0.500000000032572,fechner
1361,22_epo,62.0,0.500000000032046,fechner
1362,22_epo,63.0,0.5000000000315369,fechner
1363,22_epo,64.0,0.5000000000310436,fechner
1364,22_epo,65.0,0.5000000000305656,fechner
1365,22_epo,66.0,0.5000000000301019,fechner
1366,22_epo,67.0,0.5000000000296523,fechner
1367,22_epo,68.0,0.5000000000292159,fechner
1368,22_epo,69.0,0.500000000028792,fechner
1369,22_epo,70.0,0.5000000000283803,fechner
1370,22_epo,71.0,0.5000000000279803,fechner
1371,22_epo,72.0,0.5000000000275914,fechner
1372,22_epo,73.0,0.5000000000272131,fechner
1373,22_epo,74.0,0.5000000000268451,fechner
1374,22_epo,75.0,0.5000000000264869,fechner
1375,22_epo,76.0,0.5000000000261381,fechner
1376,22_epo,77.0,0.5000000000257984,fechner
1377,22_epo,78.0,0.5000000000254674,fechner
1378,22_epo,79.0,0.5000000000251449,fechner
1379,22_epo,80.0,0.5000000000248304,fechner
1380,22_epo,81.0,0.5000000000245236,fechner
1381,22_epo,82.0,0.5000000000242243,fechner
1382,22_epo,83.0,0.5000000000239323,fechner
1383,22_epo,84.0,0.5000000000236472,fechner
1384,22_epo,85.0,0.5000000000233689,fechner
1385,22_epo,86.0,0.500000000023097,fechner
1386,22_epo,87.0,0.5000000000228313,fechner
1387,22_epo,88.0,0.5000000000225717,fechner
1388,22_epo,89.0,0.500000000022318,fechner
1389,22_epo,90.0,0.5000000000220699,fechner
1390,22_epo,91.0,0.5000000000218272,fechner
1391,22_epo,92.0,0.5000000000215898,fechner
1392,22_epo,93.0,0.5000000000213576,fechner
1393,22_epo,94.0,0.5000000000211303,fechner
1394,22_epo,95.0,0.5000000000209077,fechner
1395,23_epo,3.0,0.5000000000816247,fechner
1396,23_epo,4.0,0.5000000000499143,fechner
1397,23_epo,5.0,0.500000000037397,fechner
1398,23_epo,6.0,0.500000000030204,fechner
1399,23_epo,7.000000000000001,0.5000000000254353,fechner
1400,23_epo,8.0,0.5000000000220113,fechner
1401,23_epo,9.0,0.5000000000194215,fechner
1402,23_epo,10.0,0.5000000000173885,fechner
1403,23_epo,11.0,0.5000000000157477,fechner
1404,23_epo,12.0,0.5000000000143942,fechner
1405,23_epo,13.0,0.5000000000132574,fechner
1406,23_epo,14.000000000000002,0.500000000012289,fechner
1407,23_epo,15.0,0.5000000000114536,fechner
1408,23_epo,16.0,0.5000000000107254,fechner
1409,23_epo,17.0,0.5000000000100849,fechner
1410,23_epo,18.0,0.5000000000095172,fechner
1411,23_epo,19.0,0.5000000000090102,fechner
1412,23_epo,20.0,0.5000000000085548,fechner
1413,23_epo,21.0,0.5000000000081434,fechner
1414,23_epo,22.0,0.50000000000777,fechner
1415,23_epo,23.0,0.5000000000074294,fechner
1416,23_epo,24.0,0.5000000000071175,fechner
1417,23_epo,25.0,0.5000000000068309,fechner
1418,23_epo,26.0,0.5000000000065665,fechner
1419,23_epo,27.0,0.5000000000063218,fechner
1420,23_epo,28.000000000000004,0.5000000000060948,fechner
1421,23_epo,28.999999999999996,0.5000000000058836,fechner
1422,23_epo,30.0,0.5000000000056866,fechner
1423,23_epo,31.0,0.5000000000055023,fechner
1424,23_epo,32.0,0.5000000000053296,fechner
1425,23_epo,33.0,0.5000000000051675,fechner
1426,23_epo,34.0,0.500000000005015,fechner
1427,23_epo,35.0,0.5000000000048712,fechner
1428,23_epo,36.0,0.5000000000047354,fechner
1429,23_epo,37.0,0.5000000000046071,fechner
1430,23_epo,38.0,0.5000000000044854,fechner
1431,23_epo,39.0,0.5000000000043702,fechner
1432,23_epo,40.0,0.5000000000042606,fechner
1433,23_epo,41.0,0.5000000000041565,fechner
1434,23_epo,42.0,0.5000000000040572,fechner
1435,23_epo,43.0,0.5000000000039626,fechner
1436,23_epo,44.0,0.5000000000038723,fechner
1437,23_epo,45.0,0.5000000000037862,fechner
1438,23_epo,46.0,0.5000000000037037,fechner
1439,23_epo,47.0,0.5000000000036248,fechner
1440,23_epo,48.0,0.500000000003549,fechner
1441,23_epo,49.0,0.5000000000034766,fechner
1442,23_epo,50.0,0.5000000000034068,fechner
1443,23_epo,51.0,0.50000000000334,fechner
1444,23_epo,52.0,0.5000000000032756,fechner
1445,23_epo,53.0,0.5000000000032138,fechner
1446,23_epo,54.0,0.5000000000031541,fechner
1447,23_epo,55.00000000000001,0.5000000000030967,fechner
1448,23_epo,56.00000000000001,0.5000000000030413,fechner
1449,23_epo,56.99999999999999,0.5000000000029879,fechner
1450,23_epo,57.99999999999999,0.5000000000029363,fechner
1451,23_epo,59.0,0.5000000000028865,fechner
1452,23_epo,60.0,0.5000000000028383,fechner
1453,23_epo,61.0,0.5000000000027918,fechner
1454,23_epo,62.0,0.5000000000027467,fechner
1455,23_epo,63.0,0.5000000000027031,fechner
1456,23_epo,64.0,0.5000000000026608,fechner
1457,23_epo,65.0,0.5000000000026198,fechner
1458,23_epo,66.0,0.50000000000258,fechner
1459,23_epo,67.0,0.5000000000025415,fechner
1460,23_epo,68.0,0.5000000000025041,fechner
1461,23_epo,69.0,0.5000000000024678,fechner
1462,23_epo,70.0,0.5000000000024325,fechner
1463,23_epo,71.0,0.5000000000023982,fechner
1464,23_epo,72.0,0.5000000000023649,fechner
1465,23_epo,73.0,0.5000000000023325,fechner
1466,23_epo,74.0,0.5000000000023009,fechner
1467,23_epo,75.0,0.5000000000022702,fechner
1468,23_epo,76.0,0.5000000000022403,fechner
1469,23_epo,77.0,0.5000000000022112,fechner
1470,23_epo,78.0,0.5000000000021828,fechner
1471,23_epo,79.0,0.5000000000021552,fechner
1472,23_epo,80.0,0.5000000000021282,fechner
1473,23_epo,81.0,0.5000000000021019,fechner
1474,23_epo,82.0,0.5000000000020762,fechner
1475,23_epo,83.0,0.5000000000020512,fechner
1476,23_epo,84.0,0.5000000000020268,fechner
1477,23_epo,85.0,0.500000000002003,fechner
1478,23_epo,86.0,0.5000000000019796,fechner
1479,23_epo,87.0,0.5000000000019569,fechner
1480,23_epo,88.0,0.5000000000019347,fechner
1481,23_epo,89.0,0.5000000000019129,fechner
1482,23_epo,90.0,0.5000000000018916,fechner
1483,23_epo,91.0,0.5000000000018708,fechner
1484,23_epo,92.0,0.5000000000018505,fechner
1485,23_epo,93.0,0.5000000000018305,fechner
1486,23_epo,94.0,0.5000000000018111,fechner
1487,23_epo,95.0,0.500000000001792,fechner
1488,24_epo,3.0,0.5000000005644418,fechner
1489,24_epo,4.0,0.5000000003451619,fechner
1490,24_epo,5.0,0.5000000002586029,fechner
1491,24_epo,6.0,0.5000000002088628,fechner
1492,24_epo,7.000000000000001,0.5000000001758872,fechner
1493,24_epo,8.0,0.5000000001522099,fechner
1494,24_epo,9.0,0.5000000001343009,fechner
1495,24_epo,10.0,0.5000000001202435,fechner
1496,24_epo,11.0,0.5000000001088972,fechner
1497,24_epo,12.0,0.5000000000995365,fechner
1498,24_epo,13.0,0.5000000000916763,fechner
1499,24_epo,14.000000000000002,0.5000000000849791,fechner
1500,24_epo,15.0,0.5000000000792024,fechner
1501,24_epo,16.0,0.5000000000741671,fechner
1502,24_epo,17.0,0.5000000000697382,fechner
1503,24_epo,18.0,0.5000000000658117,fechner
1504,24_epo,19.0,0.5000000000623062,fechner
1505,24_epo,20.0,0.500000000059157,fechner
1506,24_epo,21.0,0.5000000000563124,fechner
1507,24_epo,22.0,0.5000000000537299,fechner
1508,24_epo,23.0,0.5000000000513748,fechner
1509,24_epo,24.0,0.5000000000492182,fechner
1510,24_epo,25.0,0.500000000047236,fechner
1511,24_epo,26.0,0.5000000000454077,fechner
1512,24_epo,27.0,0.500000000043716,fechner
1513,24_epo,28.000000000000004,0.5000000000421463,fechner
1514,24_epo,28.999999999999996,0.5000000000406856,fechner
1515,24_epo,30.0,0.500000000039323,fechner
1516,24_epo,31.0,0.5000000000380489,fechner
1517,24_epo,32.0,0.5000000000368549,fechner
1518,24_epo,33.0,0.5000000000357337,fechner
1519,24_epo,34.0,0.5000000000346788,fechner
1520,24_epo,35.0,0.5000000000336846,fechner
1521,24_epo,36.0,0.5000000000327458,fechner
1522,24_epo,37.0,0.5000000000318581,fechner
1523,24_epo,38.0,0.5000000000310173,fechner
1524,24_epo,39.0,0.5000000000302197,fechner
1525,24_epo,40.0,0.5000000000294622,fechner
1526,24_epo,41.0,0.5000000000287418,fechner
1527,24_epo,42.0,0.5000000000280559,fechner
1528,24_epo,43.0,0.5000000000274019,fechner
1529,24_epo,44.0,0.5000000000267778,fechner
1530,24_epo,45.0,0.5000000000261815,fechner
1531,24_epo,46.0,0.5000000000256112,fechner
1532,24_epo,47.0,0.5000000000250652,fechner
1533,24_epo,48.0,0.500000000024542,fechner
1534,24_epo,49.0,0.5000000000240403,fechner
1535,24_epo,50.0,0.5000000000235587,fechner
1536,24_epo,51.0,0.5000000000230961,fechner
1537,24_epo,52.0,0.5000000000226512,fechner
1538,24_epo,53.0,0.5000000000222231,fechner
1539,24_epo,54.0,0.500000000021811,fechner
1540,24_epo,55.00000000000001,0.5000000000214139,fechner
1541,24_epo,56.00000000000001,0.500000000021031,fechner
1542,24_epo,56.99999999999999,0.5000000000206616,fechner
1543,24_epo,57.99999999999999,0.5000000000203049,fechner
1544,24_epo,59.0,0.5000000000199604,fechner
1545,24_epo,60.0,0.5000000000196273,fechner
1546,24_epo,61.0,0.5000000000193051,fechner
1547,24_epo,62.0,0.5000000000189935,fechner
1548,24_epo,63.0,0.5000000000186916,fechner
1549,24_epo,64.0,0.5000000000183993,fechner
1550,24_epo,65.0,0.500000000018116,fechner
1551,24_epo,66.0,0.5000000000178412,fechner
1552,24_epo,67.0,0.5000000000175746,fechner
1553,24_epo,68.0,0.5000000000173159,fechner
1554,24_epo,69.0,0.5000000000170648,fechner
1555,24_epo,70.0,0.5000000000168208,fechner
1556,24_epo,71.0,0.5000000000165836,fechner
1557,24_epo,72.0,0.5000000000163531,fechner
1558,24_epo,73.0,0.500000000016129,fechner
1559,24_epo,74.0,0.5000000000159108,fechner
1560,24_epo,75.0,0.5000000000156986,fechner
1561,24_epo,76.0,0.5000000000154918,fechner
1562,24_epo,77.0,0.5000000000152904,fechner
1563,24_epo,78.0,0.5000000000150944,fechner
1564,24_epo,79.0,0.5000000000149031,fechner
1565,24_epo,80.0,0.5000000000147167,fechner
1566,24_epo,81.0,0.5000000000145349,fechner
1567,24_epo,82.0,0.5000000000143575,fechner
1568,24_epo,83.0,0.5000000000141844,fechner
1569,24_epo,84.0,0.5000000000140155,fechner
1570,24_epo,85.0,0.5000000000138505,fechner
1571,24_epo,86.0,0.5000000000136894,fechner
1572,24_epo,87.0,0.500000000013532,fechner
1573,24_epo,88.0,0.5000000000133781,fechner
1574,24_epo,89.0,0.5000000000132276,fechner
1575,24_epo,90.0,0.5000000000130806,fechner
1576,24_epo,91.0,0.5000000000129368,fechner
1577,24_epo,92.0,0.5000000000127961,fechner
1578,24_epo,93.0,0.5000000000126584,fechner
1579,24_epo,94.0,0.5000000000125238,fechner
1580,24_epo,95.0,0.5000000000123919,fechner
1581,25_epo,3.0,0.500000007821243,fechner
1582,25_epo,4.0,0.5000000047827687,fechner
1583,25_epo,5.0,0.5000000035833565,fechner
1584,25_epo,6.0,0.5000000028941272,fechner
1585,25_epo,7.000000000000001,0.5000000024371979,fechner
1586,25_epo,8.0,0.5000000021091113,fechner
1587,25_epo,9.0,0.5000000018609528,fechner
1588,25_epo,10.0,0.5000000016661659,fechner
1589,25_epo,11.0,0.5000000015089445,fechner
1590,25_epo,12.0,0.5000000013792372,fechner
1591,25_epo,13.0,0.5000000012703217,fechner
1592,25_epo,14.000000000000002,0.5000000011775214,fechner
1593,25_epo,15.0,0.5000000010974754,fechner
1594,25_epo,16.0,0.5000000010277036,fechner
1595,25_epo,17.0,0.5000000009663337,fechner
1596,25_epo,18.0,0.5000000009119252,fechner
1597,25_epo,19.0,0.5000000008633508,fechner
1598,25_epo,20.0,0.5000000008197152,fechner
1599,25_epo,21.0,0.5000000007802983,fechner
1600,25_epo,22.0,0.5000000007445139,fechner
1601,25_epo,23.0,0.5000000007118802,fechner
1602,25_epo,24.0,0.5000000006819971,fechner
1603,25_epo,25.0,0.50000000065453,fechner
1604,25_epo,26.0,0.5000000006291961,fechner
1605,25_epo,27.0,0.5000000006057558,fechner
1606,25_epo,28.000000000000004,0.5000000005840037,fechner
1607,25_epo,28.999999999999996,0.5000000005637635,fechner
1608,25_epo,30.0,0.5000000005448823,fechner
1609,25_epo,31.0,0.5000000005272275,fechner
1610,25_epo,32.0,0.5000000005106832,fechner
1611,25_epo,33.0,0.5000000004951475,fechner
1612,25_epo,34.0,0.5000000004805307,fechner
1613,25_epo,35.0,0.5000000004667537,fechner
1614,25_epo,36.0,0.5000000004537458,fechner
1615,25_epo,37.0,0.5000000004414444,fechner
1616,25_epo,38.0,0.5000000004297934,fechner
1617,25_epo,39.0,0.5000000004187424,fechner
1618,25_epo,40.0,0.5000000004082461,fechner
1619,25_epo,41.0,0.5000000003982638,fechner
1620,25_epo,42.0,0.5000000003887586,fechner
1621,25_epo,43.0,0.500000000379697,fechner
1622,25_epo,44.0,0.5000000003710487,fechner
1623,25_epo,45.0,0.5000000003627859,fechner
1624,25_epo,46.0,0.5000000003548836,fechner
1625,25_epo,47.0,0.5000000003473184,fechner
1626,25_epo,48.0,0.5000000003400694,fechner
1627,25_epo,49.0,0.500000000333117,fechner
1628,25_epo,50.0,0.5000000003264434,fechner
1629,25_epo,51.0,0.5000000003200322,fechner
1630,25_epo,52.0,0.5000000003138682,fechner
1631,25_epo,53.0,0.5000000003079372,fechner
1632,25_epo,54.0,0.5000000003022264,fechner
1633,25_epo,55.00000000000001,0.5000000002967238,fechner
1634,25_epo,56.00000000000001,0.500000000291418,fechner
1635,25_epo,56.99999999999999,0.5000000002862988,fechner
1636,25_epo,57.99999999999999,0.5000000002813564,fechner
1637,25_epo,59.0,0.5000000002765819,fechner
1638,25_epo,60.0,0.5000000002719668,fechner
1639,25_epo,61.0,0.5000000002675032,fechner
1640,25_epo,62.0,0.500000000263184,fechner
1641,25_epo,63.0,0.500000000259002,fechner
1642,25_epo,64.0,0.500000000254951,fechner
1643,25_epo,65.0,0.5000000002510248,fechner
1644,25_epo,66.0,0.5000000002472177,fechner
1645,25_epo,67.0,0.5000000002435244,fechner
1646,25_epo,68.0,0.5000000002399398,fechner
1647,25_epo,69.0,0.5000000002364594,fechner
1648,25_epo,70.0,0.5000000002330786,fechner
1649,25_epo,71.0,0.5000000002297931,fechner
1650,25_epo,72.0,0.5000000002265989,fechner
1651,25_epo,73.0,0.5000000002234923,fechner
1652,25_epo,74.0,0.5000000002204699,fechner
1653,25_epo,75.0,0.500000000217528,fechner
1654,25_epo,76.0,0.5000000002146637,fechner
1655,25_epo,77.0,0.500000000211874,fechner
1656,25_epo,78.0,0.5000000002091557,fechner
1657,25_epo,79.0,0.5000000002065064,fechner
1658,25_epo,80.0,0.5000000002039234,fechner
1659,25_epo,81.0,0.5000000002014042,fechner
1660,25_epo,82.0,0.5000000001989465,fechner
1661,25_epo,83.0,0.5000000001965481,fechner
1662,25_epo,84.0,0.5000000001942069,fechner
1663,25_epo,85.0,0.5000000001919208,fechner
1664,25_epo,86.0,0.5000000001896878,fechner
1665,25_epo,87.0,0.5000000001875063,fechner
1666,25_epo,88.0,0.5000000001853744,fechner
1667,25_epo,89.0,0.5000000001832905,fechner
1668,25_epo,90.0,0.5000000001812528,fechner
1669,25_epo,91.0,0.50000000017926,fechner
1670,25_epo,92.0,0.5000000001773106,fechner
1671,25_epo,93.0,0.5000000001754031,fechner
1672,25_epo,94.0,0.5000000001735362,fechner
1673,25_epo,95.0,0.5000000001717086,fechner
1674,2_epo,3.0,0.5000000005988511,fechner
1675,2_epo,4.0,0.5000000003662034,fechner
1676,2_epo,5.0,0.5000000002743678,fechner
1677,2_epo,6.0,0.5000000002215954,fechner
1678,2_epo,7.000000000000001,0.5000000001866095,fechner
1679,2_epo,8.0,0.5000000001614888,fechner
1680,2_epo,9.0,0.500000000142488,fechner
1681,2_epo,10.0,0.5000000001275737,fechner
1682,2_epo,11.0,0.5000000001155357,fechner
1683,2_epo,12.0,0.5000000001056044,fechner
1684,2_epo,13.0,0.5000000000972651,fechner
1685,2_epo,14.000000000000002,0.5000000000901595,fechner
1686,2_epo,15.0,0.5000000000840307,fechner
1687,2_epo,16.0,0.5000000000786884,fechner
1688,2_epo,17.0,0.5000000000739895,fechner
1689,2_epo,18.0,0.5000000000698236,fechner
1690,2_epo,19.0,0.5000000000661045,fechner
1691,2_epo,20.0,0.5000000000627634,fechner
1692,2_epo,21.0,0.5000000000597453,fechner
1693,2_epo,22.0,0.5000000000570054,fechner
1694,2_epo,23.0,0.5000000000545067,fechner
1695,2_epo,24.0,0.5000000000522187,fechner
1696,2_epo,25.0,0.5000000000501156,fechner
1697,2_epo,26.0,0.5000000000481758,fechner
1698,2_epo,27.0,0.500000000046381,fechner
1699,2_epo,28.000000000000004,0.5000000000447156,fechner
1700,2_epo,28.999999999999996,0.5000000000431658,fechner
1701,2_epo,30.0,0.5000000000417202,fechner
1702,2_epo,31.0,0.5000000000403684,fechner
1703,2_epo,32.0,0.5000000000391016,fechner
1704,2_epo,33.0,0.5000000000379121,fechner
1705,2_epo,34.0,0.5000000000367929,fechner
1706,2_epo,35.0,0.5000000000357381,fechner
1707,2_epo,36.0,0.5000000000347421,fechner
1708,2_epo,37.0,0.5000000000338002,fechner
1709,2_epo,38.0,0.5000000000329081,fechner
1710,2_epo,39.0,0.5000000000320619,fechner
1711,2_epo,40.0,0.5000000000312583,fechner
1712,2_epo,41.0,0.5000000000304939,fechner
1713,2_epo,42.0,0.5000000000297662,fechner
1714,2_epo,43.0,0.5000000000290724,fechner
1715,2_epo,44.0,0.5000000000284102,fechner
1716,2_epo,45.0,0.5000000000277776,fechner
1717,2_epo,46.0,0.5000000000271725,fechner
1718,2_epo,47.0,0.5000000000265932,fechner
1719,2_epo,48.0,0.5000000000260382,fechner
1720,2_epo,49.0,0.5000000000255058,fechner
1721,2_epo,50.0,0.5000000000249949,fechner
1722,2_epo,51.0,0.500000000024504,fechner
1723,2_epo,52.0,0.500000000024032,fechner
1724,2_epo,53.0,0.5000000000235779,fechner
1725,2_epo,54.0,0.5000000000231406,fechner
1726,2_epo,55.00000000000001,0.5000000000227194,fechner
1727,2_epo,56.00000000000001,0.500000000022313,fechner
1728,2_epo,56.99999999999999,0.5000000000219211,fechner
1729,2_epo,57.99999999999999,0.5000000000215427,fechner
1730,2_epo,59.0,0.5000000000211772,fechner
1731,2_epo,60.0,0.5000000000208238,fechner
1732,2_epo,61.0,0.500000000020482,fechner
1733,2_epo,62.0,0.5000000000201513,fechner
1734,2_epo,63.0,0.5000000000198311,fechner
1735,2_epo,64.0,0.5000000000195209,fechner
1736,2_epo,65.0,0.5000000000192203,fechner
1737,2_epo,66.0,0.5000000000189287,fechner
1738,2_epo,67.0,0.500000000018646,fechner
1739,2_epo,68.0,0.5000000000183715,fechner
1740,2_epo,69.0,0.5000000000181051,fechner
1741,2_epo,70.0,0.5000000000178462,fechner
1742,2_epo,71.0,0.5000000000175946,fechner
1743,2_epo,72.0,0.50000000001735,fechner
1744,2_epo,73.0,0.5000000000171122,fechner
1745,2_epo,74.0,0.5000000000168808,fechner
1746,2_epo,75.0,0.5000000000166556,fechner
1747,2_epo,76.0,0.5000000000164362,fechner
1748,2_epo,77.0,0.5000000000162226,fechner
1749,2_epo,78.0,0.5000000000160145,fechner
1750,2_epo,79.0,0.5000000000158117,fechner
1751,2_epo,80.0,0.5000000000156138,fechner
1752,2_epo,81.0,0.500000000015421,fechner
1753,2_epo,82.0,0.5000000000152328,fechner
1754,2_epo,83.0,0.5000000000150492,fechner
1755,2_epo,84.0,0.5000000000148699,fechner
1756,2_epo,85.0,0.5000000000146948,fechner
1757,2_epo,86.0,0.5000000000145239,fechner
1758,2_epo,87.0,0.5000000000143568,fechner
1759,2_epo,88.0,0.5000000000141936,fechner
1760,2_epo,89.0,0.5000000000140341,fechner
1761,2_epo,90.0,0.500000000013878,fechner
1762,2_epo,91.0,0.5000000000137255,fechner
1763,2_epo,92.0,0.5000000000135763,fechner
1764,2_epo,93.0,0.5000000000134301,fechner
1765,2_epo,94.0,0.5000000000132871,fechner
1766,2_epo,95.0,0.5000000000131473,fechner
1767,3_epo,3.0,0.5000000031310068,fechner
1768,3_epo,4.0,0.5000000019146421,fechner
1769,3_epo,5.0,0.5000000014344924,fechner
1770,3_epo,6.0,0.5000000011585795,fechner
1771,3_epo,7.000000000000001,0.5000000009756612,fechner
1772,3_epo,8.0,0.5000000008443213,fechner
1773,3_epo,9.0,0.5000000007449783,fechner
1774,3_epo,10.0,0.500000000667001,fechner
1775,3_epo,11.0,0.500000000604062,fechner
1776,3_epo,12.0,0.5000000005521374,fechner
1777,3_epo,13.0,0.5000000005085363,fechner
1778,3_epo,14.000000000000002,0.5000000004713864,fechner
1779,3_epo,15.0,0.5000000004393423,fechner
1780,3_epo,16.0,0.5000000004114111,fechner
1781,3_epo,17.0,0.5000000003868436,fechner
1782,3_epo,18.0,0.5000000003650626,fechner
1783,3_epo,19.0,0.5000000003456173,fechner
1784,3_epo,20.0,0.5000000003281491,fechner
1785,3_epo,21.0,0.5000000003123697,fechner
1786,3_epo,22.0,0.5000000002980445,fechner
1787,3_epo,23.0,0.5000000002849805,fechner
1788,3_epo,24.0,0.5000000002730177,fechner
1789,3_epo,25.0,0.500000000262022,fechner
1790,3_epo,26.0,0.5000000002518804,fechner
1791,3_epo,27.0,0.5000000002424967,fechner
1792,3_epo,28.000000000000004,0.5000000002337889,fechner
1793,3_epo,28.999999999999996,0.5000000002256862,fechner
1794,3_epo,30.0,0.5000000002181277,fechner
1795,3_epo,31.0,0.5000000002110602,fechner
1796,3_epo,32.0,0.5000000002044371,fechner
1797,3_epo,33.0,0.5000000001982179,fechner
1798,3_epo,34.0,0.5000000001923665,fechner
1799,3_epo,35.0,0.5000000001868512,fechner
1800,3_epo,36.0,0.5000000001816439,fechner
1801,3_epo,37.0,0.5000000001767194,fechner
1802,3_epo,38.0,0.5000000001720553,fechner
1803,3_epo,39.0,0.5000000001676314,fechner
1804,3_epo,40.0,0.5000000001634295,fechner
1805,3_epo,41.0,0.5000000001594334,fechner
1806,3_epo,42.0,0.5000000001556282,fechner
1807,3_epo,43.0,0.5000000001520006,fechner
1808,3_epo,44.0,0.5000000001485385,fechner
1809,3_epo,45.0,0.5000000001452308,fechner
1810,3_epo,46.0,0.5000000001420674,fechner
1811,3_epo,47.0,0.5000000001390388,fechner
1812,3_epo,48.0,0.5000000001361369,fechner
1813,3_epo,49.0,0.5000000001333537,fechner
1814,3_epo,50.0,0.5000000001306821,fechner
1815,3_epo,51.0,0.5000000001281155,fechner
1816,3_epo,52.0,0.5000000001256479,fechner
1817,3_epo,53.0,0.5000000001232737,fechner
1818,3_epo,54.0,0.5000000001209876,fechner
1819,3_epo,55.00000000000001,0.5000000001187848,fechner
1820,3_epo,56.00000000000001,0.5000000001166607,fechner
1821,3_epo,56.99999999999999,0.5000000001146113,fechner
1822,3_epo,57.99999999999999,0.5000000001126328,fechner
1823,3_epo,59.0,0.5000000001107215,fechner
1824,3_epo,60.0,0.500000000108874,fechner
1825,3_epo,61.0,0.5000000001070871,fechner
1826,3_epo,62.0,0.5000000001053581,fechner
1827,3_epo,63.0,0.500000000103684,fechner
1828,3_epo,64.0,0.5000000001020622,fechner
1829,3_epo,65.0,0.5000000001004904,fechner
1830,3_epo,66.0,0.5000000000989664,fechner
1831,3_epo,67.0,0.5000000000974879,fechner
1832,3_epo,68.0,0.5000000000960529,fechner
1833,3_epo,69.0,0.5000000000946596,fechner
1834,3_epo,70.0,0.5000000000933063,fechner
1835,3_epo,71.0,0.500000000091991,fechner
1836,3_epo,72.0,0.5000000000907122,fechner
1837,3_epo,73.0,0.5000000000894687,fechner
1838,3_epo,74.0,0.5000000000882587,fechner
1839,3_epo,75.0,0.500000000087081,fechner
1840,3_epo,76.0,0.5000000000859344,fechner
1841,3_epo,77.0,0.5000000000848176,fechner
1842,3_epo,78.0,0.5000000000837295,fechner
1843,3_epo,79.0,0.5000000000826689,fechner
1844,3_epo,80.0,0.5000000000816348,fechner
1845,3_epo,81.0,0.5000000000806263,fechner
1846,3_epo,82.0,0.5000000000796424,fechner
1847,3_epo,83.0,0.5000000000786823,fechner
1848,3_epo,84.0,0.500000000077745,fechner
1849,3_epo,85.0,0.5000000000768299,fechner
1850,3_epo,86.0,0.500000000075936,fechner
1851,3_epo,87.0,0.5000000000750627,fechner
1852,3_epo,88.0,0.5000000000742093,fechner
1853,3_epo,89.0,0.500000000073375,fechner
1854,3_epo,90.0,0.5000000000725593,fechner
1855,3_epo,91.0,0.5000000000717616,fechner
1856,3_epo,92.0,0.5000000000709811,fechner
1857,3_epo,93.0,0.5000000000702175,fechner
1858,3_epo,94.0,0.5000000000694702,fechner
1859,3_epo,95.0,0.5000000000687386,fechner
1860,4_epo,3.0,0.5000043246814753,fechner
1861,4_epo,4.0,0.5000026445862044,fechner
1862,4_epo,5.0,0.5000019813827015,fechner
1863,4_epo,6.0,0.5000016002799347,fechner
1864,4_epo,7.000000000000001,0.5000013476252771,fechner
1865,4_epo,8.0,0.5000011662129507,fechner
1866,4_epo,9.0,0.5000010289960568,fechner
1867,4_epo,10.0,0.5000009212904906,fechner
1868,4_epo,11.0,0.500000834356445,fechner
1869,4_epo,12.0,0.5000007626359708,fechner
1870,4_epo,13.0,0.5000007024122701,fechner
1871,4_epo,14.000000000000002,0.5000006510992142,fechner
1872,4_epo,15.0,0.5000006068385326,fechner
1873,4_epo,16.0,0.5000005682588314,fechner
1874,4_epo,17.0,0.5000005343249563,fechner
1875,4_epo,18.0,0.5000005042403178,fechner
1876,4_epo,19.0,0.50000047738156,fechner
1877,4_epo,20.0,0.5000004532536783,fechner
1878,4_epo,21.0,0.5000004314584612,fechner
1879,4_epo,22.0,0.500000411671842,fechner
1880,4_epo,23.0,0.5000003936273467,fechner
1881,4_epo,24.0,0.5000003771038023,fechner
1882,4_epo,25.0,0.5000003619160724,fechner
1883,4_epo,26.0,0.5000003479079844,fechner
1884,4_epo,27.0,0.5000003349468632,fechner
1885,4_epo,28.000000000000004,0.5000003229192611,fechner
1886,4_epo,28.999999999999996,0.5000003117275885,fechner
1887,4_epo,30.0,0.5000003012874304,fechner
1888,4_epo,31.0,0.5000002915253917,fechner
1889,4_epo,32.0,0.5000002823773515,fechner
1890,4_epo,33.0,0.5000002737870411,fechner
1891,4_epo,34.0,0.5000002657048754,fechner
1892,4_epo,35.0,0.5000002580869877,fechner
1893,4_epo,36.0,0.5000002508944267,fechner
1894,4_epo,37.0,0.5000002440924867,fechner
1895,4_epo,38.0,0.5000002376501428,fechner
1896,4_epo,39.0,0.5000002315395754,fechner
1897,4_epo,40.0,0.5000002257357657,fechner
1898,4_epo,41.0,0.5000002202161524,fechner
1899,4_epo,42.0,0.5000002149603356,fechner
1900,4_epo,43.0,0.5000002099498247,fechner
1901,4_epo,44.0,0.5000002051678193,fechner
1902,4_epo,45.0,0.5000002005990208,fechner
1903,4_epo,46.0,0.5000001962294675,fechner
1904,4_epo,47.0,0.5000001920463918,fechner
1905,4_epo,48.0,0.5000001880380953,fechner
1906,4_epo,49.0,0.5000001841938388,fechner
1907,4_epo,50.0,0.500000180503746,fechner
1908,4_epo,51.0,0.5000001769587182,fechner
1909,4_epo,52.0,0.50000017355036,fechner
1910,4_epo,53.0,0.5000001702709114,fechner
1911,4_epo,54.0,0.5000001671131897,fechner
1912,4_epo,55.00000000000001,0.5000001640705365,fechner
1913,4_epo,56.00000000000001,0.5000001611367706,fechner
1914,4_epo,56.99999999999999,0.5000001583061456,fechner
1915,4_epo,57.99999999999999,0.5000001555733135,fechner
1916,4_epo,59.0,0.5000001529332891,fechner
1917,4_epo,60.0,0.5000001503814214,fechner
1918,4_epo,61.0,0.5000001479133646,fechner
1919,4_epo,62.0,0.5000001455250543,fechner
1920,4_epo,63.0,0.5000001432126848,fechner
1921,4_epo,64.0,0.5000001409726893,fechner
1922,4_epo,65.0,0.5000001388017203,fechner
1923,4_epo,66.0,0.5000001366966342,fechner
1924,4_epo,67.0,0.5000001346544756,fechner
1925,4_epo,68.0,0.5000001326724629,fechner
1926,4_epo,69.0,0.5000001307479764,fechner
1927,4_epo,70.0,0.5000001288785466,fechner
1928,4_epo,71.0,0.5000001270618432,fechner
1929,4_epo,72.0,0.5000001252956654,fechner
1930,4_epo,73.0,0.5000001235779337,fechner
1931,4_epo,74.0,0.500000121906681,fechner
1932,4_epo,75.0,0.5000001202800453,fechner
1933,4_epo,76.0,0.5000001186962627,fechner
1934,4_epo,77.0,0.5000001171536613,fechner
1935,4_epo,78.0,0.500000115650655,fechner
1936,4_epo,79.0,0.5000001141857382,fechner
1937,4_epo,80.0,0.5000001127574806,fechner
1938,4_epo,81.0,0.5000001113645226,fechner
1939,4_epo,82.0,0.5000001100055712,fechner
1940,4_epo,83.0,0.5000001086793957,fechner
1941,4_epo,84.0,0.5000001073848243,fechner
1942,4_epo,85.0,0.5000001061207399,fechner
1943,4_epo,86.0,0.5000001048860779,fechner
1944,4_epo,87.0,0.500000103679823,fechner
1945,4_epo,88.0,0.500000102501005,fechner
1946,4_epo,89.0,0.5000001013486987,fechner
1947,4_epo,90.0,0.5000001002220191,fechner
1948,4_epo,91.0,0.5000000991201207,fechner
1949,4_epo,92.0,0.5000000980421944,fechner
1950,4_epo,93.0,0.5000000969874663,fechner
1951,4_epo,94.0,0.5000000959551952,fechner
1952,4_epo,95.0,0.5000000949446715,fechner
1953,5_epo,3.0,0.500000014514256,fechner
1954,5_epo,4.0,0.5000000088756135,fechner
1955,5_epo,5.0,0.5000000066498067,fechner
1956,5_epo,6.0,0.5000000053707707,fechner
1957,5_epo,7.000000000000001,0.5000000045228251,fechner
1958,5_epo,8.0,0.5000000039139791,fechner
1959,5_epo,9.0,0.5000000034534594,fechner
1960,5_epo,10.0,0.500000003091984,fechner
1961,5_epo,11.0,0.5000000028002208,fechner
1962,5_epo,12.0,0.5000000025595165,fechner
1963,5_epo,13.0,0.500000002357397,fechner
1964,5_epo,14.000000000000002,0.500000002185183,fechner
1965,5_epo,15.0,0.5000000020366379,fechner
1966,5_epo,16.0,0.5000000019071588,fechner
1967,5_epo,17.0,0.5000000017932718,fechner
1968,5_epo,18.0,0.5000000016923034,fechner
1969,5_epo,19.0,0.5000000016021615,fechner
1970,5_epo,20.0,0.5000000015211848,fechner
1971,5_epo,21.0,0.5000000014480369,fechner
1972,5_epo,22.0,0.5000000013816303,fechner
1973,5_epo,23.0,0.5000000013210703,fechner
1974,5_epo,24.0,0.5000000012656148,fechner
1975,5_epo,25.0,0.5000000012146426,fechner
1976,5_epo,26.0,0.5000000011676294,fechner
1977,5_epo,27.0,0.5000000011241301,fechner
1978,5_epo,28.000000000000004,0.5000000010837637,fechner
1979,5_epo,28.999999999999996,0.5000000010462028,fechner
1980,5_epo,30.0,0.5000000010111642,fechner
1981,5_epo,31.0,0.5000000009784014,fechner
1982,5_epo,32.0,0.5000000009476993,fechner
1983,5_epo,33.0,0.5000000009188689,fechner
1984,5_epo,34.0,0.500000000891744,fechner
1985,5_epo,35.0,0.5000000008661772,fechner
1986,5_epo,36.0,0.500000000842038,fechner
1987,5_epo,37.0,0.5000000008192097,fechner
1988,5_epo,38.0,0.5000000007975882,fechner
1989,5_epo,39.0,0.5000000007770803,fechner
1990,5_epo,40.0,0.5000000007576019,fechner
1991,5_epo,41.0,0.5000000007390772,fechner
1992,5_epo,42.0,0.5000000007214379,fechner
1993,5_epo,43.0,0.5000000007046219,fechner
1994,5_epo,44.0,0.5000000006885729,fechner
1995,5_epo,45.0,0.5000000006732394,fechner
1996,5_epo,46.0,0.5000000006585744,fechner
1997,5_epo,47.0,0.5000000006445354,fechner
1998,5_epo,48.0,0.5000000006310831,fechner
1999,5_epo,49.0,0.5000000006181812,fechner
2000,5_epo,50.0,0.5000000006057966,fechner
2001,5_epo,51.0,0.500000000593899,fechner
2002,5_epo,52.0,0.5000000005824601,fechner
2003,5_epo,53.0,0.5000000005714538,fechner
2004,5_epo,54.0,0.500000000560856,fechner
2005,5_epo,55.00000000000001,0.5000000005506444,fechner
2006,5_epo,56.00000000000001,0.5000000005407983,fechner
2007,5_epo,56.99999999999999,0.5000000005312983,fechner
2008,5_epo,57.99999999999999,0.5000000005221266,fechner
2009,5_epo,59.0,0.5000000005132662,fechner
2010,5_epo,60.0,0.5000000005047018,fechner
2011,5_epo,61.0,0.5000000004964187,fechner
2012,5_epo,62.0,0.5000000004884031,fechner
2013,5_epo,63.0,0.5000000004806425,fechner
2014,5_epo,64.0,0.5000000004731248,fechner
2015,5_epo,65.0,0.5000000004658386,fechner
2016,5_epo,66.0,0.5000000004587737,fechner
2017,5_epo,67.0,0.50000000045192,fechner
2018,5_epo,68.0,0.5000000004452679,fechner
2019,5_epo,69.0,0.5000000004388091,fechner
2020,5_epo,70.0,0.500000000432535,fechner
2021,5_epo,71.0,0.5000000004264379,fechner
2022,5_epo,72.0,0.5000000004205104,fechner
2023,5_epo,73.0,0.5000000004147455,fechner
2024,5_epo,74.0,0.5000000004091365,fechner
2025,5_epo,75.0,0.5000000004036772,fechner
2026,5_epo,76.0,0.5000000003983618,fechner
2027,5_epo,77.0,0.5000000003931846,fechner
2028,5_epo,78.0,0.5000000003881403,fechner
2029,5_epo,79.0,0.5000000003832239,fechner
2030,5_epo,80.0,0.5000000003784304,fechner
2031,5_epo,81.0,0.5000000003737555,fechner
2032,5_epo,82.0,0.5000000003691946,fechner
2033,5_epo,83.0,0.5000000003647438,fechner
2034,5_epo,84.0,0.500000000360399,fechner
2035,5_epo,85.0,0.5000000003561565,fechner
2036,5_epo,86.0,0.5000000003520129,fechner
2037,5_epo,87.0,0.5000000003479644,fechner
2038,5_epo,88.0,0.5000000003440082,fechner
2039,5_epo,89.0,0.5000000003401409,fechner
2040,5_epo,90.0,0.5000000003363596,fechner
2041,5_epo,91.0,0.5000000003326615,fechner
2042,5_epo,92.0,0.5000000003290438,fechner
2043,5_epo,93.0,0.500000000325504,fechner
2044,5_epo,94.0,0.5000000003220395,fechner
2045,5_epo,95.0,0.500000000318648,fechner
2046,6_epo,3.0,0.7182027802095825,fechner
2047,6_epo,4.0,0.6392491952141199,fechner
2048,6_epo,5.0,0.6055477225725944,fechner
2049,6_epo,6.0,0.585693537702519,fechner
2050,6_epo,7.000000000000001,0.5723715438380534,fechner
2051,6_epo,8.0,0.5627396816474438,fechner
2052,6_epo,9.0,0.5554223574204504,fechner
2053,6_epo,10.0,0.5496617256388611,fechner
2054,6_epo,11.0,0.5450022535104713,fechner
2055,6_epo,12.0,0.5411522174452645,fechner
2056,6_epo,13.0,0.537915522594612,fechner
2057,6_epo,14.000000000000002,0.5351551914865997,fechner
2058,6_epo,15.0,0.5327724978966445,fechner
2059,6_epo,16.0,0.5306944056773146,fechner
2060,6_epo,17.0,0.5288656777619402,fechner
2061,6_epo,18.0,0.5272437389538747,fechner
2062,6_epo,19.0,0.5257952284361906,fechner
2063,6_epo,20.0,0.5244936248858656,fechner
2064,6_epo,21.0,0.5233175727185096,fechner
2065,6_epo,22.0,0.522249678533022,fechner
2066,6_epo,23.0,0.5212756300908485,fechner
2067,6_epo,24.0,0.5203835410266445,fechner
2068,6_epo,25.0,0.5195634564076281,fechner
2069,6_epo,26.0,0.5188069747806865,fechner
2070,6_epo,27.0,0.518106955828474,fechner
2071,6_epo,28.000000000000004,0.5174572917879541,fechner
2072,6_epo,28.999999999999996,0.5168527269442135,fechner
2073,6_epo,30.0,0.5162887137812435,fechner
2074,6_epo,31.0,0.5157612973742335,fechner
2075,6_epo,32.0,0.5152670217492534,fechner
2076,6_epo,33.0,0.5148028534825587,fechner
2077,6_epo,34.0,0.5143661189415637,fechner
2078,6_epo,35.0,0.513954452404005,fechner
2079,6_epo,36.0,0.5135657529144252,fechner
2080,6_epo,37.0,0.5131981482060435,fechner
2081,6_epo,38.0,0.5128499643724024,fechner
2082,6_epo,39.0,0.5125197002462094,fechner
2083,6_epo,40.0,0.5122060056536066,fechner
2084,6_epo,41.0,0.5119076628761108,fechner
2085,6_epo,42.0,0.5116235707809206,fechner
2086,6_epo,43.0,0.5113527311815828,fechner
2087,6_epo,44.0,0.5110942370713633,fechner
2088,6_epo,45.0,0.5108472624358029,fechner
2089,6_epo,46.0,0.5106110534024059,fechner
2090,6_epo,47.0,0.5103849205269322,fechner
2091,6_epo,48.0,0.5101682320494413,fechner
2092,6_epo,49.0,0.5099604079806694,fechner
2093,6_epo,50.0,0.5097609149017863,fechner
2094,6_epo,51.0,0.5095692613790443,fechner
2095,6_epo,52.0,0.5093849939100807,fechner
2096,6_epo,53.0,0.5092076933312755,fechner
2097,6_epo,54.0,0.5090369716260885,fechner
2098,6_epo,55.00000000000001,0.5088724690830875,fechner
2099,6_epo,56.00000000000001,0.5087138517597429,fechner
2100,6_epo,56.99999999999999,0.508560809214269,fechner
2101,6_epo,57.99999999999999,0.5084130524730108,fechner
2102,6_epo,59.0,0.5082703122053144,fechner
2103,6_epo,60.0,0.5081323370815706,fechner
2104,6_epo,61.0,0.5079988922933284,fechner
2105,6_epo,62.0,0.5078697582171082,fechner
2106,6_epo,63.0,0.5077447292058873,fechner
2107,6_epo,64.0,0.507623612494244,fechner
2108,6_epo,65.0,0.5075062272048755,fechner
2109,6_epo,66.0,0.5073924034457007,fechner
2110,6_epo,67.0,0.5072819814880544,fechner
2111,6_epo,68.0,0.5071748110175958,fechner
2112,6_epo,69.0,0.5070707504505331,fechner
2113,6_epo,70.0,0.5069696663086114,fechner
2114,6_epo,71.0,0.506871432647055,fechner
2115,6_epo,72.0,0.5067759305302996,fechner
2116,6_epo,73.0,0.5066830475509183,fechner
2117,6_epo,74.0,0.5065926773876479,fechner
2118,6_epo,75.0,0.5065047193988517,fechner
2119,6_epo,76.0,0.5064190782481505,fechner
2120,6_epo,77.0,0.5063356635592876,fechner
2121,6_epo,78.0,0.5062543895976003,fechner
2122,6_epo,79.0,0.5061751749757313,fechner
2123,6_epo,80.0,0.5060979423814574,fechner
2124,6_epo,81.0,0.5060226183257188,fechner
2125,6_epo,82.0,0.5059491329091192,fechner
2126,6_epo,83.0,0.5058774196053383,fechner
2127,6_epo,84.0,0.5058074150600416,fechner
2128,6_epo,85.0,0.5057390589040116,fechner
2129,6_epo,86.0,0.5056722935793372,fechner
2130,6_epo,87.0,0.505607064177612,fechner
2131,6_epo,88.0,0.5055433182891815,fechner
2132,6_epo,89.0,0.5054810058625705,fechner
2133,6_epo,90.0,0.5054200790732966,fechner
2134,6_epo,91.0,0.5053604922013468,fechner
2135,6_epo,92.0,0.5053022015166573,fechner
2136,6_epo,93.0,0.5052451651719911,fechner
2137,6_epo,94.0,0.5051893431026655,fechner
2138,6_epo,95.0,0.5051346969326188,fechner
2139,7_epo,3.0,0.5000000004509308,fechner
2140,7_epo,4.0,0.5000000002757488,fechner
2141,7_epo,5.0,0.5000000002065971,fechner
2142,7_epo,6.0,0.5000000001668599,fechner
2143,7_epo,7.000000000000001,0.5000000001405157,fechner
2144,7_epo,8.0,0.5000000001216001,fechner
2145,7_epo,9.0,0.5000000001072925,fechner
2146,7_epo,10.0,0.5000000000960622,fechner
2147,7_epo,11.0,0.5000000000869976,fechner
2148,7_epo,12.0,0.5000000000795194,fechner
2149,7_epo,13.0,0.50000000007324,fechner
2150,7_epo,14.000000000000002,0.5000000000678896,fechner
2151,7_epo,15.0,0.5000000000632745,fechner
2152,7_epo,16.0,0.5000000000592518,fechner
2153,7_epo,17.0,0.5000000000557137,fechner
2154,7_epo,18.0,0.5000000000525767,fechner
2155,7_epo,19.0,0.5000000000497762,fechner
2156,7_epo,20.0,0.5000000000472604,fechner
2157,7_epo,21.0,0.5000000000449878,fechner
2158,7_epo,22.0,0.5000000000429247,fechner
2159,7_epo,23.0,0.5000000000410432,fechner
2160,7_epo,24.0,0.5000000000393203,fechner
2161,7_epo,25.0,0.5000000000377367,fechner
2162,7_epo,26.0,0.5000000000362761,fechner
2163,7_epo,27.0,0.5000000000349246,fechner
2164,7_epo,28.000000000000004,0.5000000000336705,fechner
2165,7_epo,28.999999999999996,0.5000000000325036,fechner
2166,7_epo,30.0,0.500000000031415,fechner
2167,7_epo,31.0,0.5000000000303971,fechner
2168,7_epo,32.0,0.5000000000294432,fechner
2169,7_epo,33.0,0.5000000000285476,fechner
2170,7_epo,34.0,0.5000000000277048,fechner
2171,7_epo,35.0,0.5000000000269105,fechner
2172,7_epo,36.0,0.5000000000261605,fechner
2173,7_epo,37.0,0.5000000000254513,fechner
2174,7_epo,38.0,0.5000000000247796,fechner
2175,7_epo,39.0,0.5000000000241425,fechner
2176,7_epo,40.0,0.5000000000235373,fechner
2177,7_epo,41.0,0.5000000000229617,fechner
2178,7_epo,42.0,0.5000000000224137,fechner
2179,7_epo,43.0,0.5000000000218913,fechner
2180,7_epo,44.0,0.5000000000213927,fechner
2181,7_epo,45.0,0.5000000000209163,fechner
2182,7_epo,46.0,0.5000000000204607,fechner
2183,7_epo,47.0,0.5000000000200245,fechner
2184,7_epo,48.0,0.5000000000196065,fechner
2185,7_epo,49.0,0.5000000000192057,fechner
2186,7_epo,50.0,0.500000000018821,fechner
2187,7_epo,51.0,0.5000000000184514,fechner
2188,7_epo,52.0,0.500000000018096,fechner
2189,7_epo,53.0,0.500000000017754,fechner
2190,7_epo,54.0,0.5000000000174247,fechner
2191,7_epo,55.00000000000001,0.5000000000171075,fechner
2192,7_epo,56.00000000000001,0.5000000000168016,fechner
2193,7_epo,56.99999999999999,0.5000000000165065,fechner
2194,7_epo,57.99999999999999,0.5000000000162215,fechner
2195,7_epo,59.0,0.5000000000159462,fechner
2196,7_epo,60.0,0.5000000000156801,fechner
2197,7_epo,61.0,0.5000000000154228,fechner
2198,7_epo,62.0,0.5000000000151738,fechner
2199,7_epo,63.0,0.5000000000149327,fechner
2200,7_epo,64.0,0.5000000000146991,fechner
2201,7_epo,65.0,0.5000000000144728,fechner
2202,7_epo,66.0,0.5000000000142533,fechner
2203,7_epo,67.0,0.5000000000140403,fechner
2204,7_epo,68.0,0.5000000000138337,fechner
2205,7_epo,69.0,0.500000000013633,fechner
2206,7_epo,70.0,0.500000000013438,fechner
2207,7_epo,71.0,0.5000000000132486,fechner
2208,7_epo,72.0,0.5000000000130644,fechner
2209,7_epo,73.0,0.5000000000128854,fechner
2210,7_epo,74.0,0.5000000000127112,fechner
2211,7_epo,75.0,0.5000000000125415,fechner
2212,7_epo,76.0,0.5000000000123763,fechner
2213,7_epo,77.0,0.5000000000122156,fechner
2214,7_epo,78.0,0.5000000000120588,fechner
2215,7_epo,79.0,0.500000000011906,fechner
2216,7_epo,80.0,0.5000000000117572,fechner
2217,7_epo,81.0,0.5000000000116119,fechner
2218,7_epo,82.0,0.5000000000114702,fechner
2219,7_epo,83.0,0.5000000000113319,fechner
2220,7_epo,84.0,0.5000000000111969,fechner
2221,7_epo,85.0,0.5000000000110651,fechner
2222,7_epo,86.0,0.5000000000109364,fechner
2223,7_epo,87.0,0.5000000000108106,fechner
2224,7_epo,88.0,0.5000000000106877,fechner
2225,7_epo,89.0,0.5000000000105675,fechner
2226,7_epo,90.0,0.5000000000104501,fechner
2227,7_epo,91.0,0.5000000000103352,fechner
2228,7_epo,92.0,0.5000000000102228,fechner
2229,7_epo,93.0,0.5000000000101128,fechner
2230,7_epo,94.0,0.5000000000100052,fechner
2231,7_epo,95.0,0.5000000000098999,fechner
2232,8_epo,3.0,0.5000000001563443,fechner
2233,8_epo,4.0,0.5000000000956061,fechner
2234,8_epo,5.0,0.5000000000716303,fechner
2235,8_epo,6.0,0.5000000000578527,fechner
2236,8_epo,7.000000000000001,0.5000000000487188,fechner
2237,8_epo,8.0,0.5000000000421605,fechner
2238,8_epo,9.0,0.5000000000371999,fechner
2239,8_epo,10.0,0.5000000000333061,fechner
2240,8_epo,11.0,0.5000000000301633,fechner
2241,8_epo,12.0,0.5000000000275705,fechner
2242,8_epo,13.0,0.5000000000253934,fechner
2243,8_epo,14.000000000000002,0.5000000000235383,fechner
2244,8_epo,15.0,0.5000000000219382,fechner
2245,8_epo,16.0,0.5000000000205435,fechner
2246,8_epo,17.0,0.5000000000193168,fechner
2247,8_epo,18.0,0.5000000000182291,fechner
2248,8_epo,19.0,0.5000000000172581,fechner
2249,8_epo,20.0,0.5000000000163859,fechner
2250,8_epo,21.0,0.500000000015598,fechner
2251,8_epo,22.0,0.5000000000148827,fechner
2252,8_epo,23.0,0.5000000000142303,fechner
2253,8_epo,24.0,0.5000000000136329,fechner
2254,8_epo,25.0,0.5000000000130839,fechner
2255,8_epo,26.0,0.5000000000125775,fechner
2256,8_epo,27.0,0.5000000000121089,fechner
2257,8_epo,28.000000000000004,0.5000000000116741,fechner
2258,8_epo,28.999999999999996,0.5000000000112694,fechner
2259,8_epo,30.0,0.5000000000108921,fechner
2260,8_epo,31.0,0.5000000000105391,fechner
2261,8_epo,32.0,0.5000000000102084,fechner
2262,8_epo,33.0,0.5000000000098979,fechner
2263,8_epo,34.0,0.5000000000096056,fechner
2264,8_epo,35.0,0.5000000000093303,fechner
2265,8_epo,36.0,0.5000000000090703,fechner
2266,8_epo,37.0,0.5000000000088244,fechner
2267,8_epo,38.0,0.5000000000085915,fechner
2268,8_epo,39.0,0.5000000000083705,fechner
2269,8_epo,40.0,0.5000000000081607,fechner
2270,8_epo,41.0,0.5000000000079612,fechner
2271,8_epo,42.0,0.5000000000077712,fechner
2272,8_epo,43.0,0.50000000000759,fechner
2273,8_epo,44.0,0.5000000000074172,fechner
2274,8_epo,45.0,0.500000000007252,fechner
2275,8_epo,46.0,0.500000000007094,fechner
2276,8_epo,47.0,0.5000000000069428,fechner
2277,8_epo,48.0,0.5000000000067979,fechner
2278,8_epo,49.0,0.5000000000066589,fechner
2279,8_epo,50.0,0.5000000000065256,fechner
2280,8_epo,51.0,0.5000000000063973,fechner
2281,8_epo,52.0,0.5000000000062741,fechner
2282,8_epo,53.0,0.5000000000061556,fechner
2283,8_epo,54.0,0.5000000000060414,fechner
2284,8_epo,55.00000000000001,0.5000000000059315,fechner
2285,8_epo,56.00000000000001,0.5000000000058253,fechner
2286,8_epo,56.99999999999999,0.5000000000057231,fechner
2287,8_epo,57.99999999999999,0.5000000000056243,fechner
2288,8_epo,59.0,0.5000000000055288,fechner
2289,8_epo,60.0,0.5000000000054365,fechner
2290,8_epo,61.0,0.5000000000053473,fechner
2291,8_epo,62.0,0.500000000005261,fechner
2292,8_epo,63.0,0.5000000000051774,fechner
2293,8_epo,64.0,0.5000000000050964,fechner
2294,8_epo,65.0,0.5000000000050179,fechner
2295,8_epo,66.0,0.5000000000049418,fechner
2296,8_epo,67.0,0.500000000004868,fechner
2297,8_epo,68.0,0.5000000000047964,fechner
2298,8_epo,69.0,0.5000000000047268,fechner
2299,8_epo,70.0,0.5000000000046592,fechner
2300,8_epo,71.0,0.5000000000045935,fechner
2301,8_epo,72.0,0.5000000000045297,fechner
2302,8_epo,73.0,0.5000000000044675,fechner
2303,8_epo,74.0,0.5000000000044071,fechner
2304,8_epo,75.0,0.5000000000043483,fechner
2305,8_epo,76.0,0.5000000000042911,fechner
2306,8_epo,77.0,0.5000000000042353,fechner
2307,8_epo,78.0,0.500000000004181,fechner
2308,8_epo,79.0,0.500000000004128,fechner
2309,8_epo,80.0,0.5000000000040764,fechner
2310,8_epo,81.0,0.500000000004026,fechner
2311,8_epo,82.0,0.5000000000039769,fechner
2312,8_epo,83.0,0.500000000003929,fechner
2313,8_epo,84.0,0.5000000000038821,fechner
2314,8_epo,85.0,0.5000000000038365,fechner
2315,8_epo,86.0,0.5000000000037919,fechner
2316,8_epo,87.0,0.5000000000037482,fechner
2317,8_epo,88.0,0.5000000000037056,fechner
2318,8_epo,89.0,0.500000000003664,fechner
2319,8_epo,90.0,0.5000000000036232,fechner
2320,8_epo,91.0,0.5000000000035834,fechner
2321,8_epo,92.0,0.5000000000035444,fechner
2322,8_epo,93.0,0.5000000000035063,fechner
2323,8_epo,94.0,0.500000000003469,fechner
2324,8_epo,95.0,0.5000000000034324,fechner
2325,9_epo,3.0,0.999990033636508,fechner
2326,9_epo,4.0,0.9991266705248569,fechner
2327,9_epo,5.0,0.9949145102031477,fechner
2328,9_epo,6.0,0.9860938306454586,fechner
2329,9_epo,7.000000000000001,0.9731067786482974,fechner
2330,9_epo,8.0,0.9571203947088269,fechner
2331,9_epo,9.0,0.9393537956674279,fechner
2332,9_epo,10.0,0.920804169302125,fechner
2333,9_epo,11.0,0.9021923756203828,fechner
2334,9_epo,12.0,0.88399717158366,fechner
2335,9_epo,13.0,0.8665124585549427,fechner
2336,9_epo,14.000000000000002,0.8499011185943546,fechner
2337,9_epo,15.0,0.8342376295740017,fechner
2338,9_epo,16.0,0.8195391533925401,fechner
2339,9_epo,17.0,0.8057871823518667,fechner
2340,9_epo,18.0,0.792942158379909,fechner
2341,9_epo,19.0,0.7809531193686937,fechner
2342,9_epo,20.0,0.7697639294956596,fechner
2343,9_epo,21.0,0.7593172078169829,fechner
2344,9_epo,22.0,0.7495567276016522,fechner
2345,9_epo,23.0,0.7404288117888237,fechner
2346,9_epo,24.0,0.7318830775921634,fechner
2347,9_epo,25.0,0.7238727654759449,fechner
2348,9_epo,26.0,0.7163548081880549,fechner
2349,9_epo,27.0,0.7092897422232994,fechner
2350,9_epo,28.000000000000004,0.7026415285258525,fechner
2351,9_epo,28.999999999999996,0.6963773255946268,fechner
2352,9_epo,30.0,0.6904672424827875,fechner
2353,9_epo,31.0,0.6848840888307346,fechner
2354,9_epo,32.0,0.6796031322667168,fechner
2355,9_epo,33.0,0.6746018690661754,fechner
2356,9_epo,34.0,0.6698598110894035,fechner
2357,9_epo,35.0,0.6653582901892557,fechner
2358,9_epo,36.0,0.6610802801439182,fechner
2359,9_epo,37.0,0.6570102354884643,fechner
2360,9_epo,38.0,0.6531339462355853,fechner
2361,9_epo,39.0,0.6494384072853058,fechner
2362,9_epo,40.0,0.645911701255519,fechner
2363,9_epo,41.0,0.642542893473223,fechner
2364,9_epo,42.0,0.6393219379195643,fechner
2365,9_epo,43.0,0.6362395930000416,fechner
2366,9_epo,44.0,0.6332873461014171,fechner
2367,9_epo,45.0,0.6304573459906898,fechner
2368,9_epo,46.0,0.6277423422038476,fechner
2369,9_epo,47.0,0.6251356306599408,fechner
2370,9_epo,48.0,0.6226310048177479,fechner
2371,9_epo,49.0,0.6202227117671358,fechner
2372,9_epo,50.0,0.617905412715026,fechner
2373,9_epo,51.0,0.615674147386807,fechner
2374,9_epo,52.0,0.6135243019184813,fechner
2375,9_epo,53.0,0.6114515798632746,fechner
2376,9_epo,54.0,0.609451975979395,fechner
2377,9_epo,55.00000000000001,0.6075217525036579,fechner
2378,9_epo,56.00000000000001,0.6056574176492792,fechner
2379,9_epo,56.99999999999999,0.6038557060958001,fechner
2380,9_epo,57.99999999999999,0.6021135612652657,fechner
2381,9_epo,59.0,0.6004281192018548,fechner
2382,9_epo,60.0,0.5987966938925037,fechner
2383,9_epo,61.0,0.5972167638840223,fechner
2384,9_epo,62.0,0.5956859600680453,fechner
2385,9_epo,63.0,0.5942020545191432,fechner
2386,9_epo,64.0,0.5927629502837891,fechner
2387,9_epo,65.0,0.5913666720288031,fechner
2388,9_epo,66.0,0.5900113574675623,fechner
2389,9_epo,67.0,0.5886952494908512,fechner
2390,9_epo,68.0,0.5874166889368043,fechner
2391,9_epo,69.0,0.5861741079411494,fechner
2392,9_epo,70.0,0.5849660238149436,fechner
2393,9_epo,71.0,0.5837910334023213,fechner
2394,9_epo,72.0,0.5826478078755191,fechner
2395,9_epo,73.0,0.5815350879286646,fechner
2396,9_epo,74.0,0.5804516793355878,fechner
2397,9_epo,75.0,0.5793964488402831,fechner
2398,9_epo,76.0,0.5783683203516571,fechner
2399,9_epo,77.0,0.5773662714168959,fechner
2400,9_epo,78.0,0.576389329950193,fechner
2401,9_epo,79.0,0.5754365711957543,fechner
2402,9_epo,80.0,0.5745071149059323,fechner
2403,9_epo,81.0,0.573600122717089,fechner
2404,9_epo,82.0,0.5727147957073722,fechner
2405,9_epo,83.0,0.5718503721219825,fechner
2406,9_epo,84.0,0.5710061252528126,fechner
2407,9_epo,85.0,0.5701813614604682,fechner
2408,9_epo,86.0,0.5693754183277399,fechner
2409,9_epo,87.0,0.5685876629345211,fechner
2410,9_epo,88.0,0.5678174902450341,fechner
2411,9_epo,89.0,0.567064321598985,fechner
2412,9_epo,90.0,0.5663276032989778,fechner
2413,9_epo,91.0,0.5656068052871494,fechner
2414,9_epo,92.0,0.5649014199045629,fechner
2415,9_epo,93.0,0.5642109607274296,fechner
2416,9_epo,94.0,0.5635349614746957,fechner
2417,9_epo,95.0,0.5628729749819795,fechner
