,participant,contrast,mrt,name
0,0_epo,3.0,71.40322676503324,linear
1,0_epo,4.0,71.41716482725897,linear
2,0_epo,5.0,71.4311028894847,linear
3,0_epo,6.0,71.44504095171045,linear
4,0_epo,7.000000000000001,71.45897901393617,linear
5,0_epo,8.0,71.4729170761619,linear
6,0_epo,9.0,71.48685513838765,linear
7,0_epo,10.0,71.50079320061339,linear
8,0_epo,11.0,71.5147312628391,linear
9,0_epo,12.0,71.52866932506484,linear
10,0_epo,13.0,71.54260738729059,linear
11,0_epo,14.000000000000002,71.5565454495163,linear
12,0_epo,15.0,71.57048351174204,linear
13,0_epo,16.0,71.58442157396777,linear
14,0_epo,17.0,71.59835963619352,linear
15,0_epo,18.0,71.61229769841924,linear
16,0_epo,19.0,71.62623576064497,linear
17,0_epo,20.0,71.64017382287072,linear
18,0_epo,21.0,71.65411188509644,linear
19,0_epo,22.0,71.66804994732217,linear
20,0_epo,23.0,71.68198800954791,linear
21,0_epo,24.0,71.69592607177366,linear
22,0_epo,25.0,71.70986413399937,linear
23,0_epo,26.0,71.72380219622511,linear
24,0_epo,27.0,71.73774025845086,linear
25,0_epo,28.000000000000004,71.75167832067658,linear
26,0_epo,28.999999999999996,71.76561638290231,linear
27,0_epo,30.0,71.77955444512804,linear
28,0_epo,31.0,71.79349250735379,linear
29,0_epo,32.0,71.80743056957951,linear
30,0_epo,33.0,71.82136863180524,linear
31,0_epo,34.0,71.83530669403099,linear
32,0_epo,35.0,71.84924475625672,linear
33,0_epo,36.0,71.86318281848244,linear
34,0_epo,37.0,71.87712088070818,linear
35,0_epo,38.0,71.89105894293392,linear
36,0_epo,39.0,71.90499700515964,linear
37,0_epo,40.0,71.91893506738538,linear
38,0_epo,41.0,71.93287312961111,linear
39,0_epo,42.0,71.94681119183686,linear
40,0_epo,43.0,71.96074925406258,linear
41,0_epo,44.0,71.97468731628831,linear
42,0_epo,45.0,71.98862537851406,linear
43,0_epo,46.0,72.00256344073978,linear
44,0_epo,47.0,72.01650150296551,linear
45,0_epo,48.0,72.03043956519124,linear
46,0_epo,49.0,72.04437762741699,linear
47,0_epo,50.0,72.05831568964271,linear
48,0_epo,51.0,72.07225375186844,linear
49,0_epo,52.0,72.08619181409419,linear
50,0_epo,53.0,72.10012987631991,linear
51,0_epo,54.0,72.11406793854565,linear
52,0_epo,55.00000000000001,72.12800600077138,linear
53,0_epo,56.00000000000001,72.14194406299713,linear
54,0_epo,56.99999999999999,72.15588212522285,linear
55,0_epo,57.99999999999999,72.16982018744858,linear
56,0_epo,59.0,72.18375824967433,linear
57,0_epo,60.0,72.19769631190006,linear
58,0_epo,61.0,72.21163437412578,linear
59,0_epo,62.0,72.22557243635151,linear
60,0_epo,63.0,72.23951049857726,linear
61,0_epo,64.0,72.25344856080298,linear
62,0_epo,65.0,72.26738662302871,linear
63,0_epo,66.0,72.28132468525445,linear
64,0_epo,67.0,72.2952627474802,linear
65,0_epo,68.0,72.30920080970591,linear
66,0_epo,69.0,72.32313887193165,linear
67,0_epo,70.0,72.3370769341574,linear
68,0_epo,71.0,72.35101499638311,linear
69,0_epo,72.0,72.36495305860885,linear
70,0_epo,73.0,72.37889112083458,linear
71,0_epo,74.0,72.39282918306033,linear
72,0_epo,75.0,72.40676724528605,linear
73,0_epo,76.0,72.42070530751178,linear
74,0_epo,77.0,72.43464336973753,linear
75,0_epo,78.0,72.44858143196325,linear
76,0_epo,79.0,72.46251949418898,linear
77,0_epo,80.0,72.47645755641472,linear
78,0_epo,81.0,72.49039561864046,linear
79,0_epo,82.0,72.50433368086618,linear
80,0_epo,83.0,72.51827174309192,linear
81,0_epo,84.0,72.53220980531766,linear
82,0_epo,85.0,72.5461478675434,linear
83,0_epo,86.0,72.56008592976912,linear
84,0_epo,87.0,72.57402399199485,linear
85,0_epo,88.0,72.5879620542206,linear
86,0_epo,89.0,72.60190011644632,linear
87,0_epo,90.0,72.61583817867205,linear
88,0_epo,91.0,72.62977624089778,linear
89,0_epo,92.0,72.64371430312353,linear
90,0_epo,93.0,72.65765236534925,linear
91,0_epo,94.0,72.67159042757498,linear
92,0_epo,95.0,72.68552848980073,linear
93,10_epo,3.0,66.70612501799599,linear
94,10_epo,4.0,66.49189064698234,linear
95,10_epo,5.0,66.2776562759687,linear
96,10_epo,6.0,66.06342190495505,linear
97,10_epo,7.000000000000001,65.8491875339414,linear
98,10_epo,8.0,65.63495316292776,linear
99,10_epo,9.0,65.42071879191413,linear
100,10_epo,10.0,65.20648442090047,linear
101,10_epo,11.0,64.99225004988682,linear
102,10_epo,12.0,64.77801567887317,linear
103,10_epo,13.0,64.56378130785953,linear
104,10_epo,14.000000000000002,64.34954693684588,linear
105,10_epo,15.0,64.13531256583224,linear
106,10_epo,16.0,63.9210781948186,linear
107,10_epo,17.0,63.70684382380495,linear
108,10_epo,18.0,63.49260945279131,linear
109,10_epo,19.0,63.27837508177767,linear
110,10_epo,20.0,63.06414071076402,linear
111,10_epo,21.0,62.849906339750376,linear
112,10_epo,22.0,62.63567196873673,linear
113,10_epo,23.0,62.42143759772309,linear
114,10_epo,24.0,62.207203226709446,linear
115,10_epo,25.0,61.9929688556958,linear
116,10_epo,26.0,61.77873448468215,linear
117,10_epo,27.0,61.56450011366851,linear
118,10_epo,28.000000000000004,61.35026574265486,linear
119,10_epo,28.999999999999996,61.13603137164122,linear
120,10_epo,30.0,60.92179700062757,linear
121,10_epo,31.0,60.70756262961393,linear
122,10_epo,32.0,60.493328258600286,linear
123,10_epo,33.0,60.27909388758664,linear
124,10_epo,34.0,60.064859516572994,linear
125,10_epo,35.0,59.850625145559356,linear
126,10_epo,36.0,59.6363907745457,linear
127,10_epo,37.0,59.42215640353206,linear
128,10_epo,38.0,59.20792203251842,linear
129,10_epo,39.0,58.99368766150477,linear
130,10_epo,40.0,58.779453290491126,linear
131,10_epo,41.0,58.56521891947748,linear
132,10_epo,42.0,58.35098454846384,linear
133,10_epo,43.0,58.136750177450196,linear
134,10_epo,44.0,57.92251580643655,linear
135,10_epo,45.0,57.708281435422904,linear
136,10_epo,46.0,57.49404706440926,linear
137,10_epo,47.0,57.27981269339562,linear
138,10_epo,48.0,57.06557832238197,linear
139,10_epo,49.0,56.85134395136832,linear
140,10_epo,50.0,56.63710958035468,linear
141,10_epo,51.0,56.422875209341036,linear
142,10_epo,52.0,56.20864083832739,linear
143,10_epo,53.0,55.99440646731374,linear
144,10_epo,54.0,55.7801720963001,linear
145,10_epo,55.00000000000001,55.56593772528645,linear
146,10_epo,56.00000000000001,55.35170335427281,linear
147,10_epo,56.99999999999999,55.13746898325916,linear
148,10_epo,57.99999999999999,54.92323461224552,linear
149,10_epo,59.0,54.70900024123188,linear
150,10_epo,60.0,54.49476587021823,linear
151,10_epo,61.0,54.280531499204585,linear
152,10_epo,62.0,54.066297128190946,linear
153,10_epo,63.0,53.8520627571773,linear
154,10_epo,64.0,53.637828386163655,linear
155,10_epo,65.0,53.42359401515001,linear
156,10_epo,66.0,53.20935964413636,linear
157,10_epo,67.0,52.99512527312272,linear
158,10_epo,68.0,52.78089090210907,linear
159,10_epo,69.0,52.566656531095425,linear
160,10_epo,70.0,52.35242216008179,linear
161,10_epo,71.0,52.13818778906814,linear
162,10_epo,72.0,51.923953418054495,linear
163,10_epo,73.0,51.70971904704085,linear
164,10_epo,74.0,51.4954846760272,linear
165,10_epo,75.0,51.28125030501356,linear
166,10_epo,76.0,51.06701593399991,linear
167,10_epo,77.0,50.852781562986266,linear
168,10_epo,78.0,50.63854719197263,linear
169,10_epo,79.0,50.42431282095898,linear
170,10_epo,80.0,50.210078449945335,linear
171,10_epo,81.0,49.99584407893169,linear
172,10_epo,82.0,49.78160970791805,linear
173,10_epo,83.0,49.567375336904405,linear
174,10_epo,84.0,49.35314096589076,linear
175,10_epo,85.0,49.13890659487711,linear
176,10_epo,86.0,48.924672223863475,linear
177,10_epo,87.0,48.71043785284983,linear
178,10_epo,88.0,48.496203481836176,linear
179,10_epo,89.0,48.28196911082253,linear
180,10_epo,90.0,48.06773473980889,linear
181,10_epo,91.0,47.853500368795245,linear
182,10_epo,92.0,47.63926599778159,linear
183,10_epo,93.0,47.42503162676795,linear
184,10_epo,94.0,47.210797255754315,linear
185,10_epo,95.0,46.99656288474066,linear
186,11_epo,3.0,91.72038205018895,linear
187,11_epo,4.0,91.6149326374866,linear
188,11_epo,5.0,91.50948322478428,linear
189,11_epo,6.0,91.40403381208193,linear
190,11_epo,7.000000000000001,91.2985843993796,linear
191,11_epo,8.0,91.19313498667726,linear
192,11_epo,9.0,91.08768557397492,linear
193,11_epo,10.0,90.98223616127258,linear
194,11_epo,11.0,90.87678674857025,linear
195,11_epo,12.0,90.77133733586791,linear
196,11_epo,13.0,90.66588792316558,linear
197,11_epo,14.000000000000002,90.56043851046324,linear
198,11_epo,15.0,90.45498909776092,linear
199,11_epo,16.0,90.34953968505857,linear
200,11_epo,17.0,90.24409027235623,linear
201,11_epo,18.0,90.13864085965389,linear
202,11_epo,19.0,90.03319144695156,linear
203,11_epo,20.0,89.92774203424922,linear
204,11_epo,21.0,89.8222926215469,linear
205,11_epo,22.0,89.71684320884455,linear
206,11_epo,23.0,89.61139379614222,linear
207,11_epo,24.0,89.50594438343988,linear
208,11_epo,25.0,89.40049497073754,linear
209,11_epo,26.0,89.2950455580352,linear
210,11_epo,27.0,89.18959614533287,linear
211,11_epo,28.000000000000004,89.08414673263053,linear
212,11_epo,28.999999999999996,88.97869731992819,linear
213,11_epo,30.0,88.87324790722586,linear
214,11_epo,31.0,88.76779849452353,linear
215,11_epo,32.0,88.66234908182119,linear
216,11_epo,33.0,88.55689966911885,linear
217,11_epo,34.0,88.4514502564165,linear
218,11_epo,35.0,88.34600084371418,linear
219,11_epo,36.0,88.24055143101184,linear
220,11_epo,37.0,88.1351020183095,linear
221,11_epo,38.0,88.02965260560717,linear
222,11_epo,39.0,87.92420319290484,linear
223,11_epo,40.0,87.8187537802025,linear
224,11_epo,41.0,87.71330436750016,linear
225,11_epo,42.0,87.60785495479783,linear
226,11_epo,43.0,87.50240554209549,linear
227,11_epo,44.0,87.39695612939315,linear
228,11_epo,45.0,87.2915067166908,linear
229,11_epo,46.0,87.18605730398849,linear
230,11_epo,47.0,87.08060789128615,linear
231,11_epo,48.0,86.97515847858381,linear
232,11_epo,49.0,86.86970906588147,linear
233,11_epo,50.0,86.76425965317914,linear
234,11_epo,51.0,86.6588102404768,linear
235,11_epo,52.0,86.55336082777445,linear
236,11_epo,53.0,86.44791141507211,linear
237,11_epo,54.0,86.34246200236979,linear
238,11_epo,55.00000000000001,86.23701258966746,linear
239,11_epo,56.00000000000001,86.13156317696512,linear
240,11_epo,56.99999999999999,86.02611376426277,linear
241,11_epo,57.99999999999999,85.92066435156045,linear
242,11_epo,59.0,85.8152149388581,linear
243,11_epo,60.0,85.70976552615576,linear
244,11_epo,61.0,85.60431611345342,linear
245,11_epo,62.0,85.4988667007511,linear
246,11_epo,63.0,85.39341728804877,linear
247,11_epo,64.0,85.28796787534642,linear
248,11_epo,65.0,85.18251846264408,linear
249,11_epo,66.0,85.07706904994176,linear
250,11_epo,67.0,84.97161963723941,linear
251,11_epo,68.0,84.86617022453707,linear
252,11_epo,69.0,84.76072081183473,linear
253,11_epo,70.0,84.6552713991324,linear
254,11_epo,71.0,84.54982198643008,linear
255,11_epo,72.0,84.44437257372773,linear
256,11_epo,73.0,84.33892316102539,linear
257,11_epo,74.0,84.23347374832306,linear
258,11_epo,75.0,84.12802433562072,linear
259,11_epo,76.0,84.02257492291838,linear
260,11_epo,77.0,83.91712551021604,linear
261,11_epo,78.0,83.81167609751371,linear
262,11_epo,79.0,83.70622668481137,linear
263,11_epo,80.0,83.60077727210904,linear
264,11_epo,81.0,83.4953278594067,linear
265,11_epo,82.0,83.38987844670437,linear
266,11_epo,83.0,83.28442903400203,linear
267,11_epo,84.0,83.17897962129969,linear
268,11_epo,85.0,83.07353020859735,linear
269,11_epo,86.0,82.96808079589502,linear
270,11_epo,87.0,82.86263138319269,linear
271,11_epo,88.0,82.75718197049034,linear
272,11_epo,89.0,82.65173255778802,linear
273,11_epo,90.0,82.54628314508568,linear
274,11_epo,91.0,82.44083373238334,linear
275,11_epo,92.0,82.335384319681,linear
276,11_epo,93.0,82.22993490697867,linear
277,11_epo,94.0,82.12448549427633,linear
278,11_epo,95.0,82.01903608157399,linear
279,12_epo,3.0,85.16377958369569,linear
280,12_epo,4.0,85.03638579734624,linear
281,12_epo,5.0,84.9089920109968,linear
282,12_epo,6.0,84.78159822464735,linear
283,12_epo,7.000000000000001,84.65420443829791,linear
284,12_epo,8.0,84.52681065194847,linear
285,12_epo,9.0,84.39941686559901,linear
286,12_epo,10.0,84.27202307924956,linear
287,12_epo,11.0,84.14462929290012,linear
288,12_epo,12.0,84.01723550655068,linear
289,12_epo,13.0,83.88984172020123,linear
290,12_epo,14.000000000000002,83.76244793385179,linear
291,12_epo,15.0,83.63505414750234,linear
292,12_epo,16.0,83.5076603611529,linear
293,12_epo,17.0,83.38026657480344,linear
294,12_epo,18.0,83.252872788454,linear
295,12_epo,19.0,83.12547900210456,linear
296,12_epo,20.0,82.99808521575511,linear
297,12_epo,21.0,82.87069142940567,linear
298,12_epo,22.0,82.74329764305622,linear
299,12_epo,23.0,82.61590385670678,linear
300,12_epo,24.0,82.48851007035734,linear
301,12_epo,25.0,82.36111628400789,linear
302,12_epo,26.0,82.23372249765843,linear
303,12_epo,27.0,82.10632871130899,linear
304,12_epo,28.000000000000004,81.97893492495955,linear
305,12_epo,28.999999999999996,81.8515411386101,linear
306,12_epo,30.0,81.72414735226066,linear
307,12_epo,31.0,81.59675356591121,linear
308,12_epo,32.0,81.46935977956177,linear
309,12_epo,33.0,81.34196599321233,linear
310,12_epo,34.0,81.21457220686287,linear
311,12_epo,35.0,81.08717842051342,linear
312,12_epo,36.0,80.95978463416398,linear
313,12_epo,37.0,80.83239084781454,linear
314,12_epo,38.0,80.7049970614651,linear
315,12_epo,39.0,80.57760327511565,linear
316,12_epo,40.0,80.4502094887662,linear
317,12_epo,41.0,80.32281570241676,linear
318,12_epo,42.0,80.1954219160673,linear
319,12_epo,43.0,80.06802812971786,linear
320,12_epo,44.0,79.94063434336842,linear
321,12_epo,45.0,79.81324055701897,linear
322,12_epo,46.0,79.68584677066953,linear
323,12_epo,47.0,79.55845298432008,linear
324,12_epo,48.0,79.43105919797064,linear
325,12_epo,49.0,79.3036654116212,linear
326,12_epo,50.0,79.17627162527174,linear
327,12_epo,51.0,79.0488778389223,linear
328,12_epo,52.0,78.92148405257285,linear
329,12_epo,53.0,78.7940902662234,linear
330,12_epo,54.0,78.66669647987395,linear
331,12_epo,55.00000000000001,78.53930269352452,linear
332,12_epo,56.00000000000001,78.41190890717508,linear
333,12_epo,56.99999999999999,78.28451512082563,linear
334,12_epo,57.99999999999999,78.15712133447617,linear
335,12_epo,59.0,78.02972754812673,linear
336,12_epo,60.0,77.90233376177729,linear
337,12_epo,61.0,77.77493997542784,linear
338,12_epo,62.0,77.6475461890784,linear
339,12_epo,63.0,77.52015240272894,linear
340,12_epo,64.0,77.39275861637951,linear
341,12_epo,65.0,77.26536483003007,linear
342,12_epo,66.0,77.13797104368061,linear
343,12_epo,67.0,77.01057725733116,linear
344,12_epo,68.0,76.88318347098172,linear
345,12_epo,69.0,76.75578968463228,linear
346,12_epo,70.0,76.62839589828282,linear
347,12_epo,71.0,76.50100211193339,linear
348,12_epo,72.0,76.37360832558394,linear
349,12_epo,73.0,76.2462145392345,linear
350,12_epo,74.0,76.11882075288504,linear
351,12_epo,75.0,75.9914269665356,linear
352,12_epo,76.0,75.86403318018615,linear
353,12_epo,77.0,75.73663939383671,linear
354,12_epo,78.0,75.60924560748727,linear
355,12_epo,79.0,75.48185182113781,linear
356,12_epo,80.0,75.35445803478838,linear
357,12_epo,81.0,75.22706424843894,linear
358,12_epo,82.0,75.09967046208949,linear
359,12_epo,83.0,74.97227667574003,linear
360,12_epo,84.0,74.84488288939059,linear
361,12_epo,85.0,74.71748910304115,linear
362,12_epo,86.0,74.5900953166917,linear
363,12_epo,87.0,74.46270153034226,linear
364,12_epo,88.0,74.3353077439928,linear
365,12_epo,89.0,74.20791395764337,linear
366,12_epo,90.0,74.08052017129393,linear
367,12_epo,91.0,73.95312638494447,linear
368,12_epo,92.0,73.82573259859502,linear
369,12_epo,93.0,73.69833881224558,linear
370,12_epo,94.0,73.57094502589614,linear
371,12_epo,95.0,73.44355123954668,linear
372,13_epo,3.0,72.04965288343904,linear
373,13_epo,4.0,72.00930156654451,linear
374,13_epo,5.0,71.96895024964996,linear
375,13_epo,6.0,71.92859893275543,linear
376,13_epo,7.000000000000001,71.88824761586092,linear
377,13_epo,8.0,71.84789629896639,linear
378,13_epo,9.0,71.80754498207186,linear
379,13_epo,10.0,71.76719366517732,linear
380,13_epo,11.0,71.72684234828279,linear
381,13_epo,12.0,71.68649103138826,linear
382,13_epo,13.0,71.64613971449373,linear
383,13_epo,14.000000000000002,71.6057883975992,linear
384,13_epo,15.0,71.56543708070465,linear
385,13_epo,16.0,71.52508576381013,linear
386,13_epo,17.0,71.4847344469156,linear
387,13_epo,18.0,71.44438313002107,linear
388,13_epo,19.0,71.40403181312655,linear
389,13_epo,20.0,71.363680496232,linear
390,13_epo,21.0,71.32332917933748,linear
391,13_epo,22.0,71.28297786244295,linear
392,13_epo,23.0,71.24262654554842,linear
393,13_epo,24.0,71.20227522865389,linear
394,13_epo,25.0,71.16192391175935,linear
395,13_epo,26.0,71.12157259486482,linear
396,13_epo,27.0,71.08122127797029,linear
397,13_epo,28.000000000000004,71.04086996107576,linear
398,13_epo,28.999999999999996,71.00051864418123,linear
399,13_epo,30.0,70.96016732728668,linear
400,13_epo,31.0,70.91981601039215,linear
401,13_epo,32.0,70.87946469349764,linear
402,13_epo,33.0,70.83911337660311,linear
403,13_epo,34.0,70.79876205970858,linear
404,13_epo,35.0,70.75841074281404,linear
405,13_epo,36.0,70.7180594259195,linear
406,13_epo,37.0,70.67770810902498,linear
407,13_epo,38.0,70.63735679213045,linear
408,13_epo,39.0,70.59700547523592,linear
409,13_epo,40.0,70.55665415834137,linear
410,13_epo,41.0,70.51630284144684,linear
411,13_epo,42.0,70.47595152455231,linear
412,13_epo,43.0,70.43560020765779,linear
413,13_epo,44.0,70.39524889076326,linear
414,13_epo,45.0,70.35489757386873,linear
415,13_epo,46.0,70.3145462569742,linear
416,13_epo,47.0,70.27419494007967,linear
417,13_epo,48.0,70.23384362318514,linear
418,13_epo,49.0,70.1934923062906,linear
419,13_epo,50.0,70.15314098939606,linear
420,13_epo,51.0,70.11278967250153,linear
421,13_epo,52.0,70.072438355607,linear
422,13_epo,53.0,70.03208703871248,linear
423,13_epo,54.0,69.99173572181793,linear
424,13_epo,55.00000000000001,69.9513844049234,linear
425,13_epo,56.00000000000001,69.91103308802887,linear
426,13_epo,56.99999999999999,69.87068177113436,linear
427,13_epo,57.99999999999999,69.83033045423983,linear
428,13_epo,59.0,69.78997913734528,linear
429,13_epo,60.0,69.74962782045075,linear
430,13_epo,61.0,69.70927650355623,linear
431,13_epo,62.0,69.6689251866617,linear
432,13_epo,63.0,69.62857386976717,linear
433,13_epo,64.0,69.58822255287262,linear
434,13_epo,65.0,69.54787123597809,linear
435,13_epo,66.0,69.50751991908356,linear
436,13_epo,67.0,69.46716860218903,linear
437,13_epo,68.0,69.4268172852945,linear
438,13_epo,69.0,69.38646596839997,linear
439,13_epo,70.0,69.34611465150545,linear
440,13_epo,71.0,69.30576333461092,linear
441,13_epo,72.0,69.26541201771639,linear
442,13_epo,73.0,69.22506070082186,linear
443,13_epo,74.0,69.18470938392731,linear
444,13_epo,75.0,69.14435806703278,linear
445,13_epo,76.0,69.10400675013825,linear
446,13_epo,77.0,69.06365543324372,linear
447,13_epo,78.0,69.0233041163492,linear
448,13_epo,79.0,68.98295279945465,linear
449,13_epo,80.0,68.94260148256012,linear
450,13_epo,81.0,68.90225016566559,linear
451,13_epo,82.0,68.86189884877108,linear
452,13_epo,83.0,68.82154753187653,linear
453,13_epo,84.0,68.781196214982,linear
454,13_epo,85.0,68.74084489808747,linear
455,13_epo,86.0,68.70049358119294,linear
456,13_epo,87.0,68.66014226429841,linear
457,13_epo,88.0,68.61979094740387,linear
458,13_epo,89.0,68.57943963050934,linear
459,13_epo,90.0,68.53908831361481,linear
460,13_epo,91.0,68.49873699672028,linear
461,13_epo,92.0,68.45838567982575,linear
462,13_epo,93.0,68.41803436293121,linear
463,13_epo,94.0,68.3776830460367,linear
464,13_epo,95.0,68.33733172914216,linear
465,14_epo,3.0,63.756307328589806,linear
466,14_epo,4.0,63.660785919265564,linear
467,14_epo,5.0,63.56526450994132,linear
468,14_epo,6.0,63.46974310061708,linear
469,14_epo,7.000000000000001,63.37422169129284,linear
470,14_epo,8.0,63.27870028196861,linear
471,14_epo,9.0,63.18317887264437,linear
472,14_epo,10.0,63.08765746332013,linear
473,14_epo,11.0,62.99213605399588,linear
474,14_epo,12.0,62.89661464467164,linear
475,14_epo,13.0,62.80109323534741,linear
476,14_epo,14.000000000000002,62.70557182602317,linear
477,14_epo,15.0,62.610050416698925,linear
478,14_epo,16.0,62.51452900737468,linear
479,14_epo,17.0,62.41900759805045,linear
480,14_epo,18.0,62.32348618872621,linear
481,14_epo,19.0,62.22796477940197,linear
482,14_epo,20.0,62.13244337007773,linear
483,14_epo,21.0,62.03692196075349,linear
484,14_epo,22.0,61.94140055142925,linear
485,14_epo,23.0,61.845879142105005,linear
486,14_epo,24.0,61.75035773278077,linear
487,14_epo,25.0,61.65483632345653,linear
488,14_epo,26.0,61.55931491413229,linear
489,14_epo,27.0,61.46379350480805,linear
490,14_epo,28.000000000000004,61.36827209548381,linear
491,14_epo,28.999999999999996,61.272750686159576,linear
492,14_epo,30.0,61.177229276835334,linear
493,14_epo,31.0,61.08170786751109,linear
494,14_epo,32.0,60.98618645818686,linear
495,14_epo,33.0,60.89066504886261,linear
496,14_epo,34.0,60.795143639538374,linear
497,14_epo,35.0,60.69962223021413,linear
498,14_epo,36.0,60.60410082088989,linear
499,14_epo,37.0,60.508579411565655,linear
500,14_epo,38.0,60.413058002241414,linear
501,14_epo,39.0,60.31753659291718,linear
502,14_epo,40.0,60.22201518359294,linear
503,14_epo,41.0,60.126493774268695,linear
504,14_epo,42.0,60.03097236494446,linear
505,14_epo,43.0,59.93545095562022,linear
506,14_epo,44.0,59.839929546295984,linear
507,14_epo,45.0,59.744408136971735,linear
508,14_epo,46.0,59.64888672764749,linear
509,14_epo,47.0,59.55336531832326,linear
510,14_epo,48.0,59.45784390899902,linear
511,14_epo,49.0,59.36232249967478,linear
512,14_epo,50.0,59.26680109035054,linear
513,14_epo,51.0,59.1712796810263,linear
514,14_epo,52.0,59.075758271702064,linear
515,14_epo,53.0,58.98023686237782,linear
516,14_epo,54.0,58.88471545305359,linear
517,14_epo,55.00000000000001,58.789194043729346,linear
518,14_epo,56.00000000000001,58.6936726344051,linear
519,14_epo,56.99999999999999,58.59815122508086,linear
520,14_epo,57.99999999999999,58.50262981575662,linear
521,14_epo,59.0,58.407108406432386,linear
522,14_epo,60.0,58.311586997108144,linear
523,14_epo,61.0,58.2160655877839,linear
524,14_epo,62.0,58.12054417845967,linear
525,14_epo,63.0,58.025022769135425,linear
526,14_epo,64.0,57.92950135981119,linear
527,14_epo,65.0,57.83397995048695,linear
528,14_epo,66.0,57.73845854116271,linear
529,14_epo,67.0,57.64293713183847,linear
530,14_epo,68.0,57.54741572251422,linear
531,14_epo,69.0,57.45189431318999,linear
532,14_epo,70.0,57.35637290386575,linear
533,14_epo,71.0,57.260851494541505,linear
534,14_epo,72.0,57.16533008521727,linear
535,14_epo,73.0,57.06980867589303,linear
536,14_epo,74.0,56.974287266568794,linear
537,14_epo,75.0,56.87876585724455,linear
538,14_epo,76.0,56.78324444792031,linear
539,14_epo,77.0,56.687723038596076,linear
540,14_epo,78.0,56.592201629271834,linear
541,14_epo,79.0,56.49668021994759,linear
542,14_epo,80.0,56.40115881062335,linear
543,14_epo,81.0,56.30563740129911,linear
544,14_epo,82.0,56.210115991974874,linear
545,14_epo,83.0,56.11459458265063,linear
546,14_epo,84.0,56.0190731733264,linear
547,14_epo,85.0,55.923551764002156,linear
548,14_epo,86.0,55.828030354677914,linear
549,14_epo,87.0,55.73250894535368,linear
550,14_epo,88.0,55.63698753602944,linear
551,14_epo,89.0,55.5414661267052,linear
552,14_epo,90.0,55.445944717380954,linear
553,14_epo,91.0,55.35042330805671,linear
554,14_epo,92.0,55.25490189873248,linear
555,14_epo,93.0,55.159380489408235,linear
556,14_epo,94.0,55.063859080084,linear
557,14_epo,95.0,54.96833767075976,linear
558,15_epo,3.0,70.1864612606136,linear
559,15_epo,4.0,70.2065027061884,linear
560,15_epo,5.0,70.22654415176324,linear
561,15_epo,6.0,70.24658559733804,linear
562,15_epo,7.000000000000001,70.26662704291286,linear
563,15_epo,8.0,70.28666848848768,linear
564,15_epo,9.0,70.30670993406248,linear
565,15_epo,10.0,70.32675137963732,linear
566,15_epo,11.0,70.34679282521212,linear
567,15_epo,12.0,70.36683427078694,linear
568,15_epo,13.0,70.38687571636176,linear
569,15_epo,14.000000000000002,70.40691716193658,linear
570,15_epo,15.0,70.42695860751138,linear
571,15_epo,16.0,70.44700005308621,linear
572,15_epo,17.0,70.46704149866102,linear
573,15_epo,18.0,70.48708294423584,linear
574,15_epo,19.0,70.50712438981066,linear
575,15_epo,20.0,70.52716583538547,linear
576,15_epo,21.0,70.5472072809603,linear
577,15_epo,22.0,70.56724872653511,linear
578,15_epo,23.0,70.58729017210992,linear
579,15_epo,24.0,70.60733161768475,linear
580,15_epo,25.0,70.62737306325955,linear
581,15_epo,26.0,70.64741450883437,linear
582,15_epo,27.0,70.66745595440919,linear
583,15_epo,28.000000000000004,70.68749739998401,linear
584,15_epo,28.999999999999996,70.70753884555882,linear
585,15_epo,30.0,70.72758029113365,linear
586,15_epo,31.0,70.74762173670845,linear
587,15_epo,32.0,70.76766318228329,linear
588,15_epo,33.0,70.78770462785809,linear
589,15_epo,34.0,70.80774607343291,linear
590,15_epo,35.0,70.82778751900773,linear
591,15_epo,36.0,70.84782896458255,linear
592,15_epo,37.0,70.86787041015735,linear
593,15_epo,38.0,70.88791185573217,linear
594,15_epo,39.0,70.90795330130699,linear
595,15_epo,40.0,70.9279947468818,linear
596,15_epo,41.0,70.94803619245663,linear
597,15_epo,42.0,70.96807763803143,linear
598,15_epo,43.0,70.98811908360625,linear
599,15_epo,44.0,71.00816052918107,linear
600,15_epo,45.0,71.02820197475589,linear
601,15_epo,46.0,71.0482434203307,linear
602,15_epo,47.0,71.06828486590553,linear
603,15_epo,48.0,71.08832631148033,linear
604,15_epo,49.0,71.10836775705516,linear
605,15_epo,50.0,71.12840920262997,linear
606,15_epo,51.0,71.14845064820479,linear
607,15_epo,52.0,71.1684920937796,linear
608,15_epo,53.0,71.18853353935442,linear
609,15_epo,54.0,71.20857498492923,linear
610,15_epo,55.00000000000001,71.22861643050406,linear
611,15_epo,56.00000000000001,71.24865787607887,linear
612,15_epo,56.99999999999999,71.2686993216537,linear
613,15_epo,57.99999999999999,71.2887407672285,linear
614,15_epo,59.0,71.30878221280332,linear
615,15_epo,60.0,71.32882365837814,linear
616,15_epo,61.0,71.34886510395296,linear
617,15_epo,62.0,71.36890654952776,linear
618,15_epo,63.0,71.3889479951026,linear
619,15_epo,64.0,71.4089894406774,linear
620,15_epo,65.0,71.42903088625222,linear
621,15_epo,66.0,71.44907233182704,linear
622,15_epo,67.0,71.46911377740186,linear
623,15_epo,68.0,71.48915522297666,linear
624,15_epo,69.0,71.50919666855148,linear
625,15_epo,70.0,71.5292381141263,linear
626,15_epo,71.0,71.54927955970112,linear
627,15_epo,72.0,71.56932100527594,linear
628,15_epo,73.0,71.58936245085074,linear
629,15_epo,74.0,71.60940389642558,linear
630,15_epo,75.0,71.62944534200038,linear
631,15_epo,76.0,71.6494867875752,linear
632,15_epo,77.0,71.66952823315002,linear
633,15_epo,78.0,71.68956967872484,linear
634,15_epo,79.0,71.70961112429964,linear
635,15_epo,80.0,71.72965256987447,linear
636,15_epo,81.0,71.74969401544928,linear
637,15_epo,82.0,71.76973546102411,linear
638,15_epo,83.0,71.78977690659892,linear
639,15_epo,84.0,71.80981835217374,linear
640,15_epo,85.0,71.82985979774855,linear
641,15_epo,86.0,71.84990124332337,linear
642,15_epo,87.0,71.86994268889818,linear
643,15_epo,88.0,71.88998413447301,linear
644,15_epo,89.0,71.91002558004782,linear
645,15_epo,90.0,71.93006702562263,linear
646,15_epo,91.0,71.95010847119745,linear
647,15_epo,92.0,71.97014991677227,linear
648,15_epo,93.0,71.99019136234708,linear
649,15_epo,94.0,72.01023280792191,linear
650,15_epo,95.0,72.03027425349671,linear
651,16_epo,3.0,86.39592124291825,linear
652,16_epo,4.0,86.3705721296031,linear
653,16_epo,5.0,86.34522301628797,linear
654,16_epo,6.0,86.31987390297283,linear
655,16_epo,7.000000000000001,86.29452478965769,linear
656,16_epo,8.0,86.26917567634256,linear
657,16_epo,9.0,86.24382656302741,linear
658,16_epo,10.0,86.21847744971227,linear
659,16_epo,11.0,86.19312833639714,linear
660,16_epo,12.0,86.167779223082,linear
661,16_epo,13.0,86.14243010976685,linear
662,16_epo,14.000000000000002,86.1170809964517,linear
663,16_epo,15.0,86.09173188313659,linear
664,16_epo,16.0,86.06638276982144,linear
665,16_epo,17.0,86.0410336565063,linear
666,16_epo,18.0,86.01568454319117,linear
667,16_epo,19.0,85.99033542987603,linear
668,16_epo,20.0,85.96498631656088,linear
669,16_epo,21.0,85.93963720324575,linear
670,16_epo,22.0,85.91428808993061,linear
671,16_epo,23.0,85.88893897661546,linear
672,16_epo,24.0,85.86358986330033,linear
673,16_epo,25.0,85.83824074998519,linear
674,16_epo,26.0,85.81289163667006,linear
675,16_epo,27.0,85.78754252335493,linear
676,16_epo,28.000000000000004,85.76219341003979,linear
677,16_epo,28.999999999999996,85.73684429672464,linear
678,16_epo,30.0,85.71149518340951,linear
679,16_epo,31.0,85.68614607009437,linear
680,16_epo,32.0,85.66079695677922,linear
681,16_epo,33.0,85.63544784346409,linear
682,16_epo,34.0,85.61009873014895,linear
683,16_epo,35.0,85.5847496168338,linear
684,16_epo,36.0,85.55940050351867,linear
685,16_epo,37.0,85.53405139020353,linear
686,16_epo,38.0,85.5087022768884,linear
687,16_epo,39.0,85.48335316357326,linear
688,16_epo,40.0,85.45800405025813,linear
689,16_epo,41.0,85.43265493694298,linear
690,16_epo,42.0,85.40730582362784,linear
691,16_epo,43.0,85.3819567103127,linear
692,16_epo,44.0,85.35660759699756,linear
693,16_epo,45.0,85.33125848368242,linear
694,16_epo,46.0,85.30590937036729,linear
695,16_epo,47.0,85.28056025705214,linear
696,16_epo,48.0,85.255211143737,linear
697,16_epo,49.0,85.22986203042187,linear
698,16_epo,50.0,85.20451291710674,linear
699,16_epo,51.0,85.1791638037916,linear
700,16_epo,52.0,85.15381469047647,linear
701,16_epo,53.0,85.12846557716132,linear
702,16_epo,54.0,85.10311646384618,linear
703,16_epo,55.00000000000001,85.07776735053105,linear
704,16_epo,56.00000000000001,85.0524182372159,linear
705,16_epo,56.99999999999999,85.02706912390076,linear
706,16_epo,57.99999999999999,85.00172001058563,linear
707,16_epo,59.0,84.97637089727048,linear
708,16_epo,60.0,84.95102178395534,linear
709,16_epo,61.0,84.92567267064021,linear
710,16_epo,62.0,84.90032355732508,linear
711,16_epo,63.0,84.87497444400994,linear
712,16_epo,64.0,84.84962533069479,linear
713,16_epo,65.0,84.82427621737966,linear
714,16_epo,66.0,84.79892710406452,linear
715,16_epo,67.0,84.77357799074937,linear
716,16_epo,68.0,84.74822887743424,linear
717,16_epo,69.0,84.7228797641191,linear
718,16_epo,70.0,84.69753065080396,linear
719,16_epo,71.0,84.67218153748883,linear
720,16_epo,72.0,84.64683242417368,linear
721,16_epo,73.0,84.62148331085855,linear
722,16_epo,74.0,84.59613419754342,linear
723,16_epo,75.0,84.57078508422828,linear
724,16_epo,76.0,84.54543597091313,linear
725,16_epo,77.0,84.520086857598,linear
726,16_epo,78.0,84.49473774428286,linear
727,16_epo,79.0,84.46938863096771,linear
728,16_epo,80.0,84.44403951765258,linear
729,16_epo,81.0,84.41869040433744,linear
730,16_epo,82.0,84.3933412910223,linear
731,16_epo,83.0,84.36799217770717,linear
732,16_epo,84.0,84.34264306439202,linear
733,16_epo,85.0,84.31729395107689,linear
734,16_epo,86.0,84.29194483776176,linear
735,16_epo,87.0,84.26659572444662,linear
736,16_epo,88.0,84.24124661113147,linear
737,16_epo,89.0,84.21589749781633,linear
738,16_epo,90.0,84.1905483845012,linear
739,16_epo,91.0,84.16519927118605,linear
740,16_epo,92.0,84.13985015787091,linear
741,16_epo,93.0,84.11450104455578,linear
742,16_epo,94.0,84.08915193124064,linear
743,16_epo,95.0,84.06380281792549,linear
744,17_epo,3.0,84.13291752127917,linear
745,17_epo,4.0,84.06010589530734,linear
746,17_epo,5.0,83.98729426933552,linear
747,17_epo,6.0,83.91448264336368,linear
748,17_epo,7.000000000000001,83.84167101739185,linear
749,17_epo,8.0,83.76885939142002,linear
750,17_epo,9.0,83.69604776544818,linear
751,17_epo,10.0,83.62323613947635,linear
752,17_epo,11.0,83.55042451350452,linear
753,17_epo,12.0,83.47761288753269,linear
754,17_epo,13.0,83.40480126156086,linear
755,17_epo,14.000000000000002,83.33198963558903,linear
756,17_epo,15.0,83.2591780096172,linear
757,17_epo,16.0,83.18636638364536,linear
758,17_epo,17.0,83.11355475767353,linear
759,17_epo,18.0,83.0407431317017,linear
760,17_epo,19.0,82.96793150572987,linear
761,17_epo,20.0,82.89511987975803,linear
762,17_epo,21.0,82.82230825378622,linear
763,17_epo,22.0,82.74949662781438,linear
764,17_epo,23.0,82.67668500184254,linear
765,17_epo,24.0,82.60387337587072,linear
766,17_epo,25.0,82.53106174989888,linear
767,17_epo,26.0,82.45825012392704,linear
768,17_epo,27.0,82.38543849795522,linear
769,17_epo,28.000000000000004,82.31262687198338,linear
770,17_epo,28.999999999999996,82.23981524601155,linear
771,17_epo,30.0,82.16700362003974,linear
772,17_epo,31.0,82.0941919940679,linear
773,17_epo,32.0,82.02138036809606,linear
774,17_epo,33.0,81.94856874212424,linear
775,17_epo,34.0,81.8757571161524,linear
776,17_epo,35.0,81.80294549018056,linear
777,17_epo,36.0,81.73013386420874,linear
778,17_epo,37.0,81.6573222382369,linear
779,17_epo,38.0,81.58451061226508,linear
780,17_epo,39.0,81.51169898629324,linear
781,17_epo,40.0,81.43888736032142,linear
782,17_epo,41.0,81.36607573434958,linear
783,17_epo,42.0,81.29326410837774,linear
784,17_epo,43.0,81.22045248240592,linear
785,17_epo,44.0,81.14764085643408,linear
786,17_epo,45.0,81.07482923046224,linear
787,17_epo,46.0,81.00201760449042,linear
788,17_epo,47.0,80.9292059785186,linear
789,17_epo,48.0,80.85639435254676,linear
790,17_epo,49.0,80.78358272657493,linear
791,17_epo,50.0,80.7107711006031,linear
792,17_epo,51.0,80.63795947463126,linear
793,17_epo,52.0,80.56514784865944,linear
794,17_epo,53.0,80.4923362226876,linear
795,17_epo,54.0,80.41952459671576,linear
796,17_epo,55.00000000000001,80.34671297074395,linear
797,17_epo,56.00000000000001,80.27390134477211,linear
798,17_epo,56.99999999999999,80.20108971880028,linear
799,17_epo,57.99999999999999,80.12827809282845,linear
800,17_epo,59.0,80.05546646685661,linear
801,17_epo,60.0,79.98265484088478,linear
802,17_epo,61.0,79.90984321491295,linear
803,17_epo,62.0,79.83703158894112,linear
804,17_epo,63.0,79.76421996296928,linear
805,17_epo,64.0,79.69140833699745,linear
806,17_epo,65.0,79.61859671102563,linear
807,17_epo,66.0,79.5457850850538,linear
808,17_epo,67.0,79.47297345908196,linear
809,17_epo,68.0,79.40016183311013,linear
810,17_epo,69.0,79.3273502071383,linear
811,17_epo,70.0,79.25453858116646,linear
812,17_epo,71.0,79.18172695519463,linear
813,17_epo,72.0,79.10891532922281,linear
814,17_epo,73.0,79.03610370325097,linear
815,17_epo,74.0,78.96329207727915,linear
816,17_epo,75.0,78.89048045130731,linear
817,17_epo,76.0,78.81766882533547,linear
818,17_epo,77.0,78.74485719936365,linear
819,17_epo,78.0,78.67204557339181,linear
820,17_epo,79.0,78.59923394741998,linear
821,17_epo,80.0,78.52642232144815,linear
822,17_epo,81.0,78.45361069547633,linear
823,17_epo,82.0,78.38079906950449,linear
824,17_epo,83.0,78.30798744353267,linear
825,17_epo,84.0,78.23517581756083,linear
826,17_epo,85.0,78.16236419158899,linear
827,17_epo,86.0,78.08955256561717,linear
828,17_epo,87.0,78.01674093964533,linear
829,17_epo,88.0,77.9439293136735,linear
830,17_epo,89.0,77.87111768770167,linear
831,17_epo,90.0,77.79830606172985,linear
832,17_epo,91.0,77.72549443575801,linear
833,17_epo,92.0,77.65268280978617,linear
834,17_epo,93.0,77.57987118381435,linear
835,17_epo,94.0,77.50705955784251,linear
836,17_epo,95.0,77.43424793187067,linear
837,18_epo,3.0,80.90383627805917,linear
838,18_epo,4.0,80.76274622008786,linear
839,18_epo,5.0,80.62165616211652,linear
840,18_epo,6.0,80.4805661041452,linear
841,18_epo,7.000000000000001,80.33947604617387,linear
842,18_epo,8.0,80.19838598820255,linear
843,18_epo,9.0,80.05729593023122,linear
844,18_epo,10.0,79.9162058722599,linear
845,18_epo,11.0,79.77511581428855,linear
846,18_epo,12.0,79.63402575631724,linear
847,18_epo,13.0,79.4929356983459,linear
848,18_epo,14.000000000000002,79.35184564037459,linear
849,18_epo,15.0,79.21075558240325,linear
850,18_epo,16.0,79.06966552443193,linear
851,18_epo,17.0,78.9285754664606,linear
852,18_epo,18.0,78.78748540848927,linear
853,18_epo,19.0,78.64639535051795,linear
854,18_epo,20.0,78.50530529254662,linear
855,18_epo,21.0,78.3642152345753,linear
856,18_epo,22.0,78.22312517660397,linear
857,18_epo,23.0,78.08203511863265,linear
858,18_epo,24.0,77.94094506066132,linear
859,18_epo,25.0,77.79985500269,linear
860,18_epo,26.0,77.65876494471865,linear
861,18_epo,27.0,77.51767488674734,linear
862,18_epo,28.000000000000004,77.376584828776,linear
863,18_epo,28.999999999999996,77.23549477080469,linear
864,18_epo,30.0,77.09440471283335,linear
865,18_epo,31.0,76.95331465486203,linear
866,18_epo,32.0,76.8122245968907,linear
867,18_epo,33.0,76.67113453891938,linear
868,18_epo,34.0,76.53004448094805,linear
869,18_epo,35.0,76.38895442297672,linear
870,18_epo,36.0,76.24786436500538,linear
871,18_epo,37.0,76.10677430703407,linear
872,18_epo,38.0,75.96568424906273,linear
873,18_epo,39.0,75.82459419109142,linear
874,18_epo,40.0,75.68350413312008,linear
875,18_epo,41.0,75.54241407514876,linear
876,18_epo,42.0,75.40132401717743,linear
877,18_epo,43.0,75.2602339592061,linear
878,18_epo,44.0,75.11914390123478,linear
879,18_epo,45.0,74.97805384326345,linear
880,18_epo,46.0,74.83696378529211,linear
881,18_epo,47.0,74.6958737273208,linear
882,18_epo,48.0,74.55478366934946,linear
883,18_epo,49.0,74.41369361137815,linear
884,18_epo,50.0,74.27260355340681,linear
885,18_epo,51.0,74.13151349543548,linear
886,18_epo,52.0,73.99042343746416,linear
887,18_epo,53.0,73.84933337949283,linear
888,18_epo,54.0,73.70824332152151,linear
889,18_epo,55.00000000000001,73.56715326355018,linear
890,18_epo,56.00000000000001,73.42606320557884,linear
891,18_epo,56.99999999999999,73.28497314760753,linear
892,18_epo,57.99999999999999,73.14388308963619,linear
893,18_epo,59.0,73.00279303166488,linear
894,18_epo,60.0,72.86170297369354,linear
895,18_epo,61.0,72.72061291572221,linear
896,18_epo,62.0,72.57952285775089,linear
897,18_epo,63.0,72.43843279977956,linear
898,18_epo,64.0,72.29734274180824,linear
899,18_epo,65.0,72.15625268383691,linear
900,18_epo,66.0,72.01516262586557,linear
901,18_epo,67.0,71.87407256789426,linear
902,18_epo,68.0,71.73298250992292,linear
903,18_epo,69.0,71.59189245195161,linear
904,18_epo,70.0,71.45080239398027,linear
905,18_epo,71.0,71.30971233600894,linear
906,18_epo,72.0,71.16862227803762,linear
907,18_epo,73.0,71.02753222006629,linear
908,18_epo,74.0,70.88644216209497,linear
909,18_epo,75.0,70.74535210412364,linear
910,18_epo,76.0,70.6042620461523,linear
911,18_epo,77.0,70.46317198818099,linear
912,18_epo,78.0,70.32208193020965,linear
913,18_epo,79.0,70.18099187223834,linear
914,18_epo,80.0,70.039901814267,linear
915,18_epo,81.0,69.89881175629567,linear
916,18_epo,82.0,69.75772169832435,linear
917,18_epo,83.0,69.61663164035302,linear
918,18_epo,84.0,69.4755415823817,linear
919,18_epo,85.0,69.33445152441037,linear
920,18_epo,86.0,69.19336146643903,linear
921,18_epo,87.0,69.05227140846772,linear
922,18_epo,88.0,68.91118135049638,linear
923,18_epo,89.0,68.77009129252507,linear
924,18_epo,90.0,68.62900123455373,linear
925,18_epo,91.0,68.4879111765824,linear
926,18_epo,92.0,68.34682111861108,linear
927,18_epo,93.0,68.20573106063975,linear
928,18_epo,94.0,68.06464100266842,linear
929,18_epo,95.0,67.9235509446971,linear
930,19_epo,3.0,81.04683109260024,linear
931,19_epo,4.0,81.12192941111144,linear
932,19_epo,5.0,81.19702772962262,linear
933,19_epo,6.0,81.2721260481338,linear
934,19_epo,7.000000000000001,81.347224366645,linear
935,19_epo,8.0,81.42232268515617,linear
936,19_epo,9.0,81.49742100366736,linear
937,19_epo,10.0,81.57251932217855,linear
938,19_epo,11.0,81.64761764068973,linear
939,19_epo,12.0,81.72271595920091,linear
940,19_epo,13.0,81.7978142777121,linear
941,19_epo,14.000000000000002,81.87291259622329,linear
942,19_epo,15.0,81.94801091473447,linear
943,19_epo,16.0,82.02310923324566,linear
944,19_epo,17.0,82.09820755175684,linear
945,19_epo,18.0,82.17330587026802,linear
946,19_epo,19.0,82.2484041887792,linear
947,19_epo,20.0,82.3235025072904,linear
948,19_epo,21.0,82.39860082580158,linear
949,19_epo,22.0,82.47369914431276,linear
950,19_epo,23.0,82.54879746282396,linear
951,19_epo,24.0,82.62389578133514,linear
952,19_epo,25.0,82.69899409984632,linear
953,19_epo,26.0,82.77409241835751,linear
954,19_epo,27.0,82.84919073686869,linear
955,19_epo,28.000000000000004,82.92428905537987,linear
956,19_epo,28.999999999999996,82.99938737389107,linear
957,19_epo,30.0,83.07448569240225,linear
958,19_epo,31.0,83.14958401091343,linear
959,19_epo,32.0,83.22468232942462,linear
960,19_epo,33.0,83.2997806479358,linear
961,19_epo,34.0,83.37487896644699,linear
962,19_epo,35.0,83.44997728495818,linear
963,19_epo,36.0,83.52507560346936,linear
964,19_epo,37.0,83.60017392198054,linear
965,19_epo,38.0,83.67527224049174,linear
966,19_epo,39.0,83.75037055900292,linear
967,19_epo,40.0,83.8254688775141,linear
968,19_epo,41.0,83.90056719602529,linear
969,19_epo,42.0,83.97566551453647,linear
970,19_epo,43.0,84.05076383304765,linear
971,19_epo,44.0,84.12586215155885,linear
972,19_epo,45.0,84.20096047007003,linear
973,19_epo,46.0,84.27605878858121,linear
974,19_epo,47.0,84.3511571070924,linear
975,19_epo,48.0,84.42625542560359,linear
976,19_epo,49.0,84.50135374411477,linear
977,19_epo,50.0,84.57645206262596,linear
978,19_epo,51.0,84.65155038113714,linear
979,19_epo,52.0,84.72664869964834,linear
980,19_epo,53.0,84.80174701815953,linear
981,19_epo,54.0,84.87684533667071,linear
982,19_epo,55.00000000000001,84.95194365518189,linear
983,19_epo,56.00000000000001,85.02704197369309,linear
984,19_epo,56.99999999999999,85.10214029220427,linear
985,19_epo,57.99999999999999,85.17723861071545,linear
986,19_epo,59.0,85.25233692922664,linear
987,19_epo,60.0,85.32743524773782,linear
988,19_epo,61.0,85.402533566249,linear
989,19_epo,62.0,85.4776318847602,linear
990,19_epo,63.0,85.55273020327138,linear
991,19_epo,64.0,85.62782852178256,linear
992,19_epo,65.0,85.70292684029376,linear
993,19_epo,66.0,85.77802515880494,linear
994,19_epo,67.0,85.85312347731612,linear
995,19_epo,68.0,85.92822179582731,linear
996,19_epo,69.0,86.00332011433849,linear
997,19_epo,70.0,86.07841843284967,linear
998,19_epo,71.0,86.15351675136087,linear
999,19_epo,72.0,86.22861506987205,linear
1000,19_epo,73.0,86.30371338838323,linear
1001,19_epo,74.0,86.37881170689442,linear
1002,19_epo,75.0,86.4539100254056,linear
1003,19_epo,76.0,86.52900834391679,linear
1004,19_epo,77.0,86.60410666242798,linear
1005,19_epo,78.0,86.67920498093916,linear
1006,19_epo,79.0,86.75430329945034,linear
1007,19_epo,80.0,86.82940161796152,linear
1008,19_epo,81.0,86.90449993647272,linear
1009,19_epo,82.0,86.9795982549839,linear
1010,19_epo,83.0,87.05469657349508,linear
1011,19_epo,84.0,87.12979489200627,linear
1012,19_epo,85.0,87.20489321051745,linear
1013,19_epo,86.0,87.27999152902864,linear
1014,19_epo,87.0,87.35508984753983,linear
1015,19_epo,88.0,87.43018816605101,linear
1016,19_epo,89.0,87.50528648456219,linear
1017,19_epo,90.0,87.58038480307339,linear
1018,19_epo,91.0,87.65548312158457,linear
1019,19_epo,92.0,87.73058144009575,linear
1020,19_epo,93.0,87.80567975860694,linear
1021,19_epo,94.0,87.88077807711812,linear
1022,19_epo,95.0,87.9558763956293,linear
1023,1_epo,3.0,87.40141596723173,linear
1024,1_epo,4.0,87.24324152277525,linear
1025,1_epo,5.0,87.08506707831879,linear
1026,1_epo,6.0,86.92689263386232,linear
1027,1_epo,7.000000000000001,86.76871818940586,linear
1028,1_epo,8.0,86.6105437449494,linear
1029,1_epo,9.0,86.45236930049293,linear
1030,1_epo,10.0,86.29419485603647,linear
1031,1_epo,11.0,86.13602041158,linear
1032,1_epo,12.0,85.97784596712353,linear
1033,1_epo,13.0,85.81967152266708,linear
1034,1_epo,14.000000000000002,85.6614970782106,linear
1035,1_epo,15.0,85.50332263375414,linear
1036,1_epo,16.0,85.34514818929767,linear
1037,1_epo,17.0,85.18697374484121,linear
1038,1_epo,18.0,85.02879930038475,linear
1039,1_epo,19.0,84.87062485592828,linear
1040,1_epo,20.0,84.71245041147182,linear
1041,1_epo,21.0,84.55427596701536,linear
1042,1_epo,22.0,84.39610152255888,linear
1043,1_epo,23.0,84.23792707810242,linear
1044,1_epo,24.0,84.07975263364597,linear
1045,1_epo,25.0,83.92157818918949,linear
1046,1_epo,26.0,83.76340374473303,linear
1047,1_epo,27.0,83.60522930027658,linear
1048,1_epo,28.000000000000004,83.4470548558201,linear
1049,1_epo,28.999999999999996,83.28888041136364,linear
1050,1_epo,30.0,83.13070596690716,linear
1051,1_epo,31.0,82.97253152245071,linear
1052,1_epo,32.0,82.81435707799425,linear
1053,1_epo,33.0,82.65618263353777,linear
1054,1_epo,34.0,82.49800818908132,linear
1055,1_epo,35.0,82.33983374462485,linear
1056,1_epo,36.0,82.18165930016838,linear
1057,1_epo,37.0,82.02348485571191,linear
1058,1_epo,38.0,81.86531041125545,linear
1059,1_epo,39.0,81.70713596679899,linear
1060,1_epo,40.0,81.54896152234252,linear
1061,1_epo,41.0,81.39078707788605,linear
1062,1_epo,42.0,81.2326126334296,linear
1063,1_epo,43.0,81.07443818897313,linear
1064,1_epo,44.0,80.91626374451666,linear
1065,1_epo,45.0,80.7580893000602,linear
1066,1_epo,46.0,80.59991485560373,linear
1067,1_epo,47.0,80.44174041114726,linear
1068,1_epo,48.0,80.2835659666908,linear
1069,1_epo,49.0,80.12539152223434,linear
1070,1_epo,50.0,79.96721707777787,linear
1071,1_epo,51.0,79.80904263332141,linear
1072,1_epo,52.0,79.65086818886493,linear
1073,1_epo,53.0,79.49269374440848,linear
1074,1_epo,54.0,79.33451929995202,linear
1075,1_epo,55.00000000000001,79.17634485549554,linear
1076,1_epo,56.00000000000001,79.0181704110391,linear
1077,1_epo,56.99999999999999,78.85999596658262,linear
1078,1_epo,57.99999999999999,78.70182152212615,linear
1079,1_epo,59.0,78.5436470776697,linear
1080,1_epo,60.0,78.38547263321323,linear
1081,1_epo,61.0,78.22729818875676,linear
1082,1_epo,62.0,78.0691237443003,linear
1083,1_epo,63.0,77.91094929984384,linear
1084,1_epo,64.0,77.75277485538737,linear
1085,1_epo,65.0,77.5946004109309,linear
1086,1_epo,66.0,77.43642596647443,linear
1087,1_epo,67.0,77.27825152201798,linear
1088,1_epo,68.0,77.1200770775615,linear
1089,1_epo,69.0,76.96190263310504,linear
1090,1_epo,70.0,76.80372818864859,linear
1091,1_epo,71.0,76.64555374419211,linear
1092,1_epo,72.0,76.48737929973565,linear
1093,1_epo,73.0,76.32920485527919,linear
1094,1_epo,74.0,76.17103041082272,linear
1095,1_epo,75.0,76.01285596636626,linear
1096,1_epo,76.0,75.85468152190978,linear
1097,1_epo,77.0,75.69650707745332,linear
1098,1_epo,78.0,75.53833263299687,linear
1099,1_epo,79.0,75.38015818854039,linear
1100,1_epo,80.0,75.22198374408393,linear
1101,1_epo,81.0,75.06380929962747,linear
1102,1_epo,82.0,74.905634855171,linear
1103,1_epo,83.0,74.74746041071454,linear
1104,1_epo,84.0,74.58928596625807,linear
1105,1_epo,85.0,74.43111152180161,linear
1106,1_epo,86.0,74.27293707734515,linear
1107,1_epo,87.0,74.11476263288867,linear
1108,1_epo,88.0,73.95658818843222,linear
1109,1_epo,89.0,73.79841374397574,linear
1110,1_epo,90.0,73.64023929951928,linear
1111,1_epo,91.0,73.48206485506282,linear
1112,1_epo,92.0,73.32389041060635,linear
1113,1_epo,93.0,73.16571596614989,linear
1114,1_epo,94.0,73.00754152169343,linear
1115,1_epo,95.0,72.84936707723696,linear
1116,20_epo,3.0,68.9121527507115,linear
1117,20_epo,4.0,68.78889017483577,linear
1118,20_epo,5.0,68.66562759896004,linear
1119,20_epo,6.0,68.54236502308432,linear
1120,20_epo,7.000000000000001,68.41910244720859,linear
1121,20_epo,8.0,68.29583987133286,linear
1122,20_epo,9.0,68.17257729545713,linear
1123,20_epo,10.0,68.04931471958139,linear
1124,20_epo,11.0,67.92605214370568,linear
1125,20_epo,12.0,67.80278956782993,linear
1126,20_epo,13.0,67.67952699195422,linear
1127,20_epo,14.000000000000002,67.55626441607848,linear
1128,20_epo,15.0,67.43300184020276,linear
1129,20_epo,16.0,67.30973926432702,linear
1130,20_epo,17.0,67.1864766884513,linear
1131,20_epo,18.0,67.06321411257557,linear
1132,20_epo,19.0,66.93995153669984,linear
1133,20_epo,20.0,66.81668896082411,linear
1134,20_epo,21.0,66.69342638494838,linear
1135,20_epo,22.0,66.57016380907265,linear
1136,20_epo,23.0,66.44690123319693,linear
1137,20_epo,24.0,66.3236386573212,linear
1138,20_epo,25.0,66.20037608144547,linear
1139,20_epo,26.0,66.07711350556973,linear
1140,20_epo,27.0,65.95385092969401,linear
1141,20_epo,28.000000000000004,65.83058835381827,linear
1142,20_epo,28.999999999999996,65.70732577794256,linear
1143,20_epo,30.0,65.58406320206682,linear
1144,20_epo,31.0,65.4608006261911,linear
1145,20_epo,32.0,65.33753805031536,linear
1146,20_epo,33.0,65.21427547443965,linear
1147,20_epo,34.0,65.0910128985639,linear
1148,20_epo,35.0,64.96775032268818,linear
1149,20_epo,36.0,64.84448774681245,linear
1150,20_epo,37.0,64.72122517093672,linear
1151,20_epo,38.0,64.59796259506099,linear
1152,20_epo,39.0,64.47470001918526,linear
1153,20_epo,40.0,64.35143744330954,linear
1154,20_epo,41.0,64.22817486743381,linear
1155,20_epo,42.0,64.10491229155807,linear
1156,20_epo,43.0,63.98164971568235,linear
1157,20_epo,44.0,63.85838713980662,linear
1158,20_epo,45.0,63.735124563930896,linear
1159,20_epo,46.0,63.61186198805516,linear
1160,20_epo,47.0,63.48859941217944,linear
1161,20_epo,48.0,63.365336836303705,linear
1162,20_epo,49.0,63.24207426042798,linear
1163,20_epo,50.0,63.11881168455224,linear
1164,20_epo,51.0,62.995549108676514,linear
1165,20_epo,52.0,62.872286532800786,linear
1166,20_epo,53.0,62.74902395692506,linear
1167,20_epo,54.0,62.62576138104933,linear
1168,20_epo,55.00000000000001,62.502498805173595,linear
1169,20_epo,56.00000000000001,62.37923622929787,linear
1170,20_epo,56.99999999999999,62.25597365342214,linear
1171,20_epo,57.99999999999999,62.13271107754641,linear
1172,20_epo,59.0,62.00944850167068,linear
1173,20_epo,60.0,61.886185925794955,linear
1174,20_epo,61.0,61.76292334991923,linear
1175,20_epo,62.0,61.6396607740435,linear
1176,20_epo,63.0,61.516398198167764,linear
1177,20_epo,64.0,61.393135622292036,linear
1178,20_epo,65.0,61.26987304641631,linear
1179,20_epo,66.0,61.14661047054058,linear
1180,20_epo,67.0,61.02334789466485,linear
1181,20_epo,68.0,60.900085318789124,linear
1182,20_epo,69.0,60.776822742913396,linear
1183,20_epo,70.0,60.65356016703767,linear
1184,20_epo,71.0,60.53029759116193,linear
1185,20_epo,72.0,60.40703501528621,linear
1186,20_epo,73.0,60.28377243941048,linear
1187,20_epo,74.0,60.16050986353475,linear
1188,20_epo,75.0,60.03724728765902,linear
1189,20_epo,76.0,59.91398471178329,linear
1190,20_epo,77.0,59.790722135907565,linear
1191,20_epo,78.0,59.66745956003183,linear
1192,20_epo,79.0,59.54419698415611,linear
1193,20_epo,80.0,59.420934408280374,linear
1194,20_epo,81.0,59.297671832404646,linear
1195,20_epo,82.0,59.17440925652892,linear
1196,20_epo,83.0,59.05114668065319,linear
1197,20_epo,84.0,58.92788410477746,linear
1198,20_epo,85.0,58.804621528901734,linear
1199,20_epo,86.0,58.681358953026006,linear
1200,20_epo,87.0,58.55809637715027,linear
1201,20_epo,88.0,58.43483380127455,linear
1202,20_epo,89.0,58.311571225398815,linear
1203,20_epo,90.0,58.18830864952309,linear
1204,20_epo,91.0,58.06504607364736,linear
1205,20_epo,92.0,57.94178349777163,linear
1206,20_epo,93.0,57.8185209218959,linear
1207,20_epo,94.0,57.695258346020175,linear
1208,20_epo,95.0,57.57199577014445,linear
1209,21_epo,3.0,74.06352591521669,linear
1210,21_epo,4.0,73.98426708046466,linear
1211,21_epo,5.0,73.90500824571264,linear
1212,21_epo,6.0,73.82574941096061,linear
1213,21_epo,7.000000000000001,73.74649057620859,linear
1214,21_epo,8.0,73.66723174145656,linear
1215,21_epo,9.0,73.58797290670455,linear
1216,21_epo,10.0,73.50871407195251,linear
1217,21_epo,11.0,73.4294552372005,linear
1218,21_epo,12.0,73.35019640244847,linear
1219,21_epo,13.0,73.27093756769645,linear
1220,21_epo,14.000000000000002,73.19167873294442,linear
1221,21_epo,15.0,73.11241989819241,linear
1222,21_epo,16.0,73.03316106344037,linear
1223,21_epo,17.0,72.95390222868836,linear
1224,21_epo,18.0,72.87464339393632,linear
1225,21_epo,19.0,72.79538455918431,linear
1226,21_epo,20.0,72.71612572443229,linear
1227,21_epo,21.0,72.63686688968026,linear
1228,21_epo,22.0,72.55760805492824,linear
1229,21_epo,23.0,72.47834922017623,linear
1230,21_epo,24.0,72.39909038542419,linear
1231,21_epo,25.0,72.31983155067218,linear
1232,21_epo,26.0,72.24057271592017,linear
1233,21_epo,27.0,72.16131388116813,linear
1234,21_epo,28.000000000000004,72.08205504641612,linear
1235,21_epo,28.999999999999996,72.00279621166408,linear
1236,21_epo,30.0,71.92353737691207,linear
1237,21_epo,31.0,71.84427854216004,linear
1238,21_epo,32.0,71.76501970740802,linear
1239,21_epo,33.0,71.68576087265599,linear
1240,21_epo,34.0,71.60650203790398,linear
1241,21_epo,35.0,71.52724320315194,linear
1242,21_epo,36.0,71.44798436839993,linear
1243,21_epo,37.0,71.3687255336479,linear
1244,21_epo,38.0,71.28946669889588,linear
1245,21_epo,39.0,71.21020786414385,linear
1246,21_epo,40.0,71.13094902939183,linear
1247,21_epo,41.0,71.0516901946398,linear
1248,21_epo,42.0,70.97243135988779,linear
1249,21_epo,43.0,70.89317252513575,linear
1250,21_epo,44.0,70.81391369038374,linear
1251,21_epo,45.0,70.73465485563172,linear
1252,21_epo,46.0,70.65539602087969,linear
1253,21_epo,47.0,70.57613718612767,linear
1254,21_epo,48.0,70.49687835137566,linear
1255,21_epo,49.0,70.41761951662362,linear
1256,21_epo,50.0,70.3383606818716,linear
1257,21_epo,51.0,70.25910184711958,linear
1258,21_epo,52.0,70.17984301236756,linear
1259,21_epo,53.0,70.10058417761554,linear
1260,21_epo,54.0,70.0213253428635,linear
1261,21_epo,55.00000000000001,69.9420665081115,linear
1262,21_epo,56.00000000000001,69.86280767335947,linear
1263,21_epo,56.99999999999999,69.78354883860744,linear
1264,21_epo,57.99999999999999,69.70429000385542,linear
1265,21_epo,59.0,69.62503116910341,linear
1266,21_epo,60.0,69.54577233435137,linear
1267,21_epo,61.0,69.46651349959936,linear
1268,21_epo,62.0,69.38725466484732,linear
1269,21_epo,63.0,69.30799583009531,linear
1270,21_epo,64.0,69.22873699534328,linear
1271,21_epo,65.0,69.14947816059126,linear
1272,21_epo,66.0,69.07021932583923,linear
1273,21_epo,67.0,68.99096049108722,linear
1274,21_epo,68.0,68.91170165633518,linear
1275,21_epo,69.0,68.83244282158317,linear
1276,21_epo,70.0,68.75318398683115,linear
1277,21_epo,71.0,68.67392515207912,linear
1278,21_epo,72.0,68.5946663173271,linear
1279,21_epo,73.0,68.51540748257507,linear
1280,21_epo,74.0,68.43614864782305,linear
1281,21_epo,75.0,68.35688981307104,linear
1282,21_epo,76.0,68.27763097831901,linear
1283,21_epo,77.0,68.19837214356698,linear
1284,21_epo,78.0,68.11911330881497,linear
1285,21_epo,79.0,68.03985447406293,linear
1286,21_epo,80.0,67.96059563931092,linear
1287,21_epo,81.0,67.8813368045589,linear
1288,21_epo,82.0,67.80207796980687,linear
1289,21_epo,83.0,67.72281913505485,linear
1290,21_epo,84.0,67.64356030030282,linear
1291,21_epo,85.0,67.5643014655508,linear
1292,21_epo,86.0,67.48504263079879,linear
1293,21_epo,87.0,67.40578379604675,linear
1294,21_epo,88.0,67.32652496129474,linear
1295,21_epo,89.0,67.24726612654271,linear
1296,21_epo,90.0,67.16800729179069,linear
1297,21_epo,91.0,67.08874845703866,linear
1298,21_epo,92.0,67.00948962228665,linear
1299,21_epo,93.0,66.93023078753461,linear
1300,21_epo,94.0,66.8509719527826,linear
1301,21_epo,95.0,66.77171311803056,linear
1302,22_epo,3.0,83.87235569908361,linear
1303,22_epo,4.0,83.81584274921624,linear
1304,22_epo,5.0,83.75932979934889,linear
1305,22_epo,6.0,83.70281684948151,linear
1306,22_epo,7.000000000000001,83.64630389961415,linear
1307,22_epo,8.0,83.58979094974679,linear
1308,22_epo,9.0,83.53327799987942,linear
1309,22_epo,10.0,83.47676505001205,linear
1310,22_epo,11.0,83.42025210014468,linear
1311,22_epo,12.0,83.36373915027731,linear
1312,22_epo,13.0,83.30722620040996,linear
1313,22_epo,14.000000000000002,83.25071325054257,linear
1314,22_epo,15.0,83.19420030067522,linear
1315,22_epo,16.0,83.13768735080784,linear
1316,22_epo,17.0,83.08117440094048,linear
1317,22_epo,18.0,83.02466145107311,linear
1318,22_epo,19.0,82.96814850120575,linear
1319,22_epo,20.0,82.91163555133838,linear
1320,22_epo,21.0,82.85512260147101,linear
1321,22_epo,22.0,82.79860965160364,linear
1322,22_epo,23.0,82.74209670173629,linear
1323,22_epo,24.0,82.6855837518689,linear
1324,22_epo,25.0,82.62907080200155,linear
1325,22_epo,26.0,82.57255785213418,linear
1326,22_epo,27.0,82.51604490226681,linear
1327,22_epo,28.000000000000004,82.45953195239946,linear
1328,22_epo,28.999999999999996,82.40301900253208,linear
1329,22_epo,30.0,82.34650605266472,linear
1330,22_epo,31.0,82.28999310279734,linear
1331,22_epo,32.0,82.23348015292999,linear
1332,22_epo,33.0,82.17696720306262,linear
1333,22_epo,34.0,82.12045425319525,linear
1334,22_epo,35.0,82.06394130332788,linear
1335,22_epo,36.0,82.00742835346051,linear
1336,22_epo,37.0,81.95091540359314,linear
1337,22_epo,38.0,81.89440245372579,linear
1338,22_epo,39.0,81.8378895038584,linear
1339,22_epo,40.0,81.78137655399105,linear
1340,22_epo,41.0,81.72486360412367,linear
1341,22_epo,42.0,81.66835065425632,linear
1342,22_epo,43.0,81.61183770438895,linear
1343,22_epo,44.0,81.55532475452158,linear
1344,22_epo,45.0,81.49881180465421,linear
1345,22_epo,46.0,81.44229885478686,linear
1346,22_epo,47.0,81.38578590491947,linear
1347,22_epo,48.0,81.32927295505212,linear
1348,22_epo,49.0,81.27276000518474,linear
1349,22_epo,50.0,81.21624705531738,linear
1350,22_epo,51.0,81.15973410545003,linear
1351,22_epo,52.0,81.10322115558264,linear
1352,22_epo,53.0,81.04670820571529,linear
1353,22_epo,54.0,80.99019525584791,linear
1354,22_epo,55.00000000000001,80.93368230598055,linear
1355,22_epo,56.00000000000001,80.87716935611319,linear
1356,22_epo,56.99999999999999,80.82065640624582,linear
1357,22_epo,57.99999999999999,80.76414345637845,linear
1358,22_epo,59.0,80.70763050651108,linear
1359,22_epo,60.0,80.65111755664371,linear
1360,22_epo,61.0,80.59460460677636,linear
1361,22_epo,62.0,80.53809165690897,linear
1362,22_epo,63.0,80.48157870704162,linear
1363,22_epo,64.0,80.42506575717424,linear
1364,22_epo,65.0,80.36855280730688,linear
1365,22_epo,66.0,80.31203985743952,linear
1366,22_epo,67.0,80.25552690757215,linear
1367,22_epo,68.0,80.19901395770478,linear
1368,22_epo,69.0,80.14250100783741,linear
1369,22_epo,70.0,80.08598805797004,linear
1370,22_epo,71.0,80.02947510810269,linear
1371,22_epo,72.0,79.9729621582353,linear
1372,22_epo,73.0,79.91644920836795,linear
1373,22_epo,74.0,79.85993625850057,linear
1374,22_epo,75.0,79.80342330863321,linear
1375,22_epo,76.0,79.74691035876586,linear
1376,22_epo,77.0,79.69039740889848,linear
1377,22_epo,78.0,79.63388445903112,linear
1378,22_epo,79.0,79.57737150916374,linear
1379,22_epo,80.0,79.52085855929639,linear
1380,22_epo,81.0,79.46434560942902,linear
1381,22_epo,82.0,79.40783265956165,linear
1382,22_epo,83.0,79.35131970969428,linear
1383,22_epo,84.0,79.29480675982691,linear
1384,22_epo,85.0,79.23829380995954,linear
1385,22_epo,86.0,79.18178086009219,linear
1386,22_epo,87.0,79.1252679102248,linear
1387,22_epo,88.0,79.06875496035745,linear
1388,22_epo,89.0,79.01224201049008,linear
1389,22_epo,90.0,78.95572906062272,linear
1390,22_epo,91.0,78.89921611075535,linear
1391,22_epo,92.0,78.84270316088798,linear
1392,22_epo,93.0,78.78619021102061,linear
1393,22_epo,94.0,78.72967726115326,linear
1394,22_epo,95.0,78.67316431128587,linear
1395,23_epo,3.0,74.70236639821472,linear
1396,23_epo,4.0,74.63526703484013,linear
1397,23_epo,5.0,74.56816767146553,linear
1398,23_epo,6.0,74.50106830809094,linear
1399,23_epo,7.000000000000001,74.43396894471633,linear
1400,23_epo,8.0,74.36686958134173,linear
1401,23_epo,9.0,74.29977021796714,linear
1402,23_epo,10.0,74.23267085459254,linear
1403,23_epo,11.0,74.16557149121793,linear
1404,23_epo,12.0,74.09847212784334,linear
1405,23_epo,13.0,74.03137276446874,linear
1406,23_epo,14.000000000000002,73.96427340109415,linear
1407,23_epo,15.0,73.89717403771954,linear
1408,23_epo,16.0,73.83007467434494,linear
1409,23_epo,17.0,73.76297531097035,linear
1410,23_epo,18.0,73.69587594759575,linear
1411,23_epo,19.0,73.62877658422114,linear
1412,23_epo,20.0,73.56167722084655,linear
1413,23_epo,21.0,73.49457785747195,linear
1414,23_epo,22.0,73.42747849409736,linear
1415,23_epo,23.0,73.36037913072275,linear
1416,23_epo,24.0,73.29327976734815,linear
1417,23_epo,25.0,73.22618040397356,linear
1418,23_epo,26.0,73.15908104059895,linear
1419,23_epo,27.0,73.09198167722435,linear
1420,23_epo,28.000000000000004,73.02488231384974,linear
1421,23_epo,28.999999999999996,72.95778295047515,linear
1422,23_epo,30.0,72.89068358710055,linear
1423,23_epo,31.0,72.82358422372596,linear
1424,23_epo,32.0,72.75648486035135,linear
1425,23_epo,33.0,72.68938549697675,linear
1426,23_epo,34.0,72.62228613360216,linear
1427,23_epo,35.0,72.55518677022756,linear
1428,23_epo,36.0,72.48808740685296,linear
1429,23_epo,37.0,72.42098804347836,linear
1430,23_epo,38.0,72.35388868010376,linear
1431,23_epo,39.0,72.28678931672917,linear
1432,23_epo,40.0,72.21968995335456,linear
1433,23_epo,41.0,72.15259058997997,linear
1434,23_epo,42.0,72.08549122660537,linear
1435,23_epo,43.0,72.01839186323078,linear
1436,23_epo,44.0,71.95129249985617,linear
1437,23_epo,45.0,71.88419313648157,linear
1438,23_epo,46.0,71.81709377310698,linear
1439,23_epo,47.0,71.74999440973238,linear
1440,23_epo,48.0,71.68289504635777,linear
1441,23_epo,49.0,71.61579568298318,linear
1442,23_epo,50.0,71.54869631960858,linear
1443,23_epo,51.0,71.48159695623399,linear
1444,23_epo,52.0,71.41449759285939,linear
1445,23_epo,53.0,71.34739822948478,linear
1446,23_epo,54.0,71.28029886611019,linear
1447,23_epo,55.00000000000001,71.21319950273559,linear
1448,23_epo,56.00000000000001,71.146100139361,linear
1449,23_epo,56.99999999999999,71.07900077598639,linear
1450,23_epo,57.99999999999999,71.01190141261179,linear
1451,23_epo,59.0,70.9448020492372,linear
1452,23_epo,60.0,70.8777026858626,linear
1453,23_epo,61.0,70.81060332248799,linear
1454,23_epo,62.0,70.7435039591134,linear
1455,23_epo,63.0,70.6764045957388,linear
1456,23_epo,64.0,70.6093052323642,linear
1457,23_epo,65.0,70.5422058689896,linear
1458,23_epo,66.0,70.475106505615,linear
1459,23_epo,67.0,70.40800714224041,linear
1460,23_epo,68.0,70.34090777886581,linear
1461,23_epo,69.0,70.2738084154912,linear
1462,23_epo,70.0,70.20670905211661,linear
1463,23_epo,71.0,70.13960968874201,linear
1464,23_epo,72.0,70.07251032536742,linear
1465,23_epo,73.0,70.00541096199281,linear
1466,23_epo,74.0,69.93831159861821,linear
1467,23_epo,75.0,69.87121223524362,linear
1468,23_epo,76.0,69.80411287186902,linear
1469,23_epo,77.0,69.73701350849443,linear
1470,23_epo,78.0,69.66991414511982,linear
1471,23_epo,79.0,69.60281478174522,linear
1472,23_epo,80.0,69.53571541837063,linear
1473,23_epo,81.0,69.46861605499603,linear
1474,23_epo,82.0,69.40151669162142,linear
1475,23_epo,83.0,69.33441732824683,linear
1476,23_epo,84.0,69.26731796487223,linear
1477,23_epo,85.0,69.20021860149764,linear
1478,23_epo,86.0,69.13311923812303,linear
1479,23_epo,87.0,69.06601987474843,linear
1480,23_epo,88.0,68.99892051137384,linear
1481,23_epo,89.0,68.93182114799924,linear
1482,23_epo,90.0,68.86472178462463,linear
1483,23_epo,91.0,68.79762242125004,linear
1484,23_epo,92.0,68.73052305787544,linear
1485,23_epo,93.0,68.66342369450085,linear
1486,23_epo,94.0,68.59632433112624,linear
1487,23_epo,95.0,68.52922496775165,linear
1488,24_epo,3.0,66.03980719264567,linear
1489,24_epo,4.0,66.05775159289723,linear
1490,24_epo,5.0,66.07569599314878,linear
1491,24_epo,6.0,66.09364039340035,linear
1492,24_epo,7.000000000000001,66.11158479365191,linear
1493,24_epo,8.0,66.12952919390347,linear
1494,24_epo,9.0,66.14747359415503,linear
1495,24_epo,10.0,66.1654179944066,linear
1496,24_epo,11.0,66.18336239465815,linear
1497,24_epo,12.0,66.20130679490971,linear
1498,24_epo,13.0,66.21925119516128,linear
1499,24_epo,14.000000000000002,66.23719559541284,linear
1500,24_epo,15.0,66.25513999566441,linear
1501,24_epo,16.0,66.27308439591596,linear
1502,24_epo,17.0,66.29102879616752,linear
1503,24_epo,18.0,66.30897319641909,linear
1504,24_epo,19.0,66.32691759667064,linear
1505,24_epo,20.0,66.3448619969222,linear
1506,24_epo,21.0,66.36280639717376,linear
1507,24_epo,22.0,66.38075079742532,linear
1508,24_epo,23.0,66.39869519767689,linear
1509,24_epo,24.0,66.41663959792844,linear
1510,24_epo,25.0,66.43458399818,linear
1511,24_epo,26.0,66.45252839843157,linear
1512,24_epo,27.0,66.47047279868312,linear
1513,24_epo,28.000000000000004,66.48841719893468,linear
1514,24_epo,28.999999999999996,66.50636159918625,linear
1515,24_epo,30.0,66.5243059994378,linear
1516,24_epo,31.0,66.54225039968937,linear
1517,24_epo,32.0,66.56019479994092,linear
1518,24_epo,33.0,66.57813920019248,linear
1519,24_epo,34.0,66.59608360044405,linear
1520,24_epo,35.0,66.6140280006956,linear
1521,24_epo,36.0,66.63197240094716,linear
1522,24_epo,37.0,66.64991680119873,linear
1523,24_epo,38.0,66.6678612014503,linear
1524,24_epo,39.0,66.68580560170186,linear
1525,24_epo,40.0,66.70375000195341,linear
1526,24_epo,41.0,66.72169440220497,linear
1527,24_epo,42.0,66.73963880245654,linear
1528,24_epo,43.0,66.75758320270809,linear
1529,24_epo,44.0,66.77552760295966,linear
1530,24_epo,45.0,66.79347200321122,linear
1531,24_epo,46.0,66.81141640346277,linear
1532,24_epo,47.0,66.82936080371434,linear
1533,24_epo,48.0,66.8473052039659,linear
1534,24_epo,49.0,66.86524960421745,linear
1535,24_epo,50.0,66.88319400446902,linear
1536,24_epo,51.0,66.90113840472057,linear
1537,24_epo,52.0,66.91908280497213,linear
1538,24_epo,53.0,66.9370272052237,linear
1539,24_epo,54.0,66.95497160547525,linear
1540,24_epo,55.00000000000001,66.97291600572682,linear
1541,24_epo,56.00000000000001,66.99086040597838,linear
1542,24_epo,56.99999999999999,67.00880480622993,linear
1543,24_epo,57.99999999999999,67.0267492064815,linear
1544,24_epo,59.0,67.04469360673305,linear
1545,24_epo,60.0,67.06263800698461,linear
1546,24_epo,61.0,67.08058240723618,linear
1547,24_epo,62.0,67.09852680748773,linear
1548,24_epo,63.0,67.11647120773931,linear
1549,24_epo,64.0,67.13441560799087,linear
1550,24_epo,65.0,67.15236000824243,linear
1551,24_epo,66.0,67.17030440849399,linear
1552,24_epo,67.0,67.18824880874556,linear
1553,24_epo,68.0,67.2061932089971,linear
1554,24_epo,69.0,67.22413760924867,linear
1555,24_epo,70.0,67.24208200950022,linear
1556,24_epo,71.0,67.26002640975179,linear
1557,24_epo,72.0,67.27797081000335,linear
1558,24_epo,73.0,67.2959152102549,linear
1559,24_epo,74.0,67.31385961050647,linear
1560,24_epo,75.0,67.33180401075803,linear
1561,24_epo,76.0,67.34974841100959,linear
1562,24_epo,77.0,67.36769281126115,linear
1563,24_epo,78.0,67.3856372115127,linear
1564,24_epo,79.0,67.40358161176427,linear
1565,24_epo,80.0,67.42152601201583,linear
1566,24_epo,81.0,67.43947041226738,linear
1567,24_epo,82.0,67.45741481251895,linear
1568,24_epo,83.0,67.47535921277051,linear
1569,24_epo,84.0,67.49330361302206,linear
1570,24_epo,85.0,67.51124801327363,linear
1571,24_epo,86.0,67.5291924135252,linear
1572,24_epo,87.0,67.54713681377675,linear
1573,24_epo,88.0,67.56508121402833,linear
1574,24_epo,89.0,67.58302561427988,linear
1575,24_epo,90.0,67.60097001453144,linear
1576,24_epo,91.0,67.618914414783,linear
1577,24_epo,92.0,67.63685881503456,linear
1578,24_epo,93.0,67.65480321528612,linear
1579,24_epo,94.0,67.67274761553769,linear
1580,24_epo,95.0,67.69069201578924,linear
1581,25_epo,3.0,84.9063744405093,linear
1582,25_epo,4.0,84.87833355305922,linear
1583,25_epo,5.0,84.85029266560915,linear
1584,25_epo,6.0,84.82225177815906,linear
1585,25_epo,7.000000000000001,84.79421089070897,linear
1586,25_epo,8.0,84.76617000325889,linear
1587,25_epo,9.0,84.7381291158088,linear
1588,25_epo,10.0,84.71008822835873,linear
1589,25_epo,11.0,84.68204734090864,linear
1590,25_epo,12.0,84.65400645345856,linear
1591,25_epo,13.0,84.62596556600847,linear
1592,25_epo,14.000000000000002,84.5979246785584,linear
1593,25_epo,15.0,84.56988379110831,linear
1594,25_epo,16.0,84.54184290365824,linear
1595,25_epo,17.0,84.51380201620815,linear
1596,25_epo,18.0,84.48576112875807,linear
1597,25_epo,19.0,84.45772024130798,linear
1598,25_epo,20.0,84.42967935385789,linear
1599,25_epo,21.0,84.40163846640782,linear
1600,25_epo,22.0,84.37359757895774,linear
1601,25_epo,23.0,84.34555669150765,linear
1602,25_epo,24.0,84.31751580405756,linear
1603,25_epo,25.0,84.28947491660749,linear
1604,25_epo,26.0,84.26143402915741,linear
1605,25_epo,27.0,84.23339314170731,linear
1606,25_epo,28.000000000000004,84.20535225425724,linear
1607,25_epo,28.999999999999996,84.17731136680716,linear
1608,25_epo,30.0,84.14927047935709,linear
1609,25_epo,31.0,84.12122959190698,linear
1610,25_epo,32.0,84.0931887044569,linear
1611,25_epo,33.0,84.06514781700683,linear
1612,25_epo,34.0,84.03710692955674,linear
1613,25_epo,35.0,84.00906604210665,linear
1614,25_epo,36.0,83.98102515465658,linear
1615,25_epo,37.0,83.9529842672065,linear
1616,25_epo,38.0,83.92494337975641,linear
1617,25_epo,39.0,83.89690249230632,linear
1618,25_epo,40.0,83.86886160485625,linear
1619,25_epo,41.0,83.84082071740617,linear
1620,25_epo,42.0,83.81277982995609,linear
1621,25_epo,43.0,83.784738942506,linear
1622,25_epo,44.0,83.75669805505592,linear
1623,25_epo,45.0,83.72865716760583,linear
1624,25_epo,46.0,83.70061628015576,linear
1625,25_epo,47.0,83.67257539270567,linear
1626,25_epo,48.0,83.64453450525559,linear
1627,25_epo,49.0,83.6164936178055,linear
1628,25_epo,50.0,83.58845273035543,linear
1629,25_epo,51.0,83.56041184290534,linear
1630,25_epo,52.0,83.53237095545525,linear
1631,25_epo,53.0,83.50433006800517,linear
1632,25_epo,54.0,83.4762891805551,linear
1633,25_epo,55.00000000000001,83.44824829310501,linear
1634,25_epo,56.00000000000001,83.42020740565492,linear
1635,25_epo,56.99999999999999,83.39216651820485,linear
1636,25_epo,57.99999999999999,83.36412563075477,linear
1637,25_epo,59.0,83.33608474330467,linear
1638,25_epo,60.0,83.30804385585459,linear
1639,25_epo,61.0,83.28000296840452,linear
1640,25_epo,62.0,83.25196208095444,linear
1641,25_epo,63.0,83.22392119350434,linear
1642,25_epo,64.0,83.19588030605426,linear
1643,25_epo,65.0,83.16783941860419,linear
1644,25_epo,66.0,83.13979853115411,linear
1645,25_epo,67.0,83.11175764370401,linear
1646,25_epo,68.0,83.08371675625393,linear
1647,25_epo,69.0,83.05567586880386,linear
1648,25_epo,70.0,83.02763498135377,linear
1649,25_epo,71.0,82.99959409390368,linear
1650,25_epo,72.0,82.9715532064536,linear
1651,25_epo,73.0,82.94351231900353,linear
1652,25_epo,74.0,82.91547143155344,linear
1653,25_epo,75.0,82.88743054410335,linear
1654,25_epo,76.0,82.85938965665328,linear
1655,25_epo,77.0,82.83134876920319,linear
1656,25_epo,78.0,82.80330788175311,linear
1657,25_epo,79.0,82.77526699430302,linear
1658,25_epo,80.0,82.74722610685295,linear
1659,25_epo,81.0,82.71918521940286,linear
1660,25_epo,82.0,82.69114433195278,linear
1661,25_epo,83.0,82.6631034445027,linear
1662,25_epo,84.0,82.6350625570526,linear
1663,25_epo,85.0,82.60702166960253,linear
1664,25_epo,86.0,82.57898078215246,linear
1665,25_epo,87.0,82.55093989470237,linear
1666,25_epo,88.0,82.52289900725228,linear
1667,25_epo,89.0,82.4948581198022,linear
1668,25_epo,90.0,82.46681723235213,linear
1669,25_epo,91.0,82.43877634490204,linear
1670,25_epo,92.0,82.41073545745195,linear
1671,25_epo,93.0,82.38269457000187,linear
1672,25_epo,94.0,82.3546536825518,linear
1673,25_epo,95.0,82.3266127951017,linear
1674,2_epo,3.0,87.28130969327482,linear
1675,2_epo,4.0,87.14831898487218,linear
1676,2_epo,5.0,87.01532827646953,linear
1677,2_epo,6.0,86.88233756806689,linear
1678,2_epo,7.000000000000001,86.74934685966424,linear
1679,2_epo,8.0,86.61635615126161,linear
1680,2_epo,9.0,86.48336544285898,linear
1681,2_epo,10.0,86.35037473445634,linear
1682,2_epo,11.0,86.2173840260537,linear
1683,2_epo,12.0,86.08439331765105,linear
1684,2_epo,13.0,85.95140260924842,linear
1685,2_epo,14.000000000000002,85.81841190084579,linear
1686,2_epo,15.0,85.68542119244314,linear
1687,2_epo,16.0,85.5524304840405,linear
1688,2_epo,17.0,85.41943977563785,linear
1689,2_epo,18.0,85.28644906723522,linear
1690,2_epo,19.0,85.1534583588326,linear
1691,2_epo,20.0,85.02046765042995,linear
1692,2_epo,21.0,84.8874769420273,linear
1693,2_epo,22.0,84.75448623362466,linear
1694,2_epo,23.0,84.62149552522203,linear
1695,2_epo,24.0,84.48850481681939,linear
1696,2_epo,25.0,84.35551410841676,linear
1697,2_epo,26.0,84.22252340001411,linear
1698,2_epo,27.0,84.08953269161147,linear
1699,2_epo,28.000000000000004,83.95654198320882,linear
1700,2_epo,28.999999999999996,83.82355127480619,linear
1701,2_epo,30.0,83.69056056640356,linear
1702,2_epo,31.0,83.55756985800092,linear
1703,2_epo,32.0,83.42457914959827,linear
1704,2_epo,33.0,83.29158844119563,linear
1705,2_epo,34.0,83.158597732793,linear
1706,2_epo,35.0,83.02560702439035,linear
1707,2_epo,36.0,82.89261631598772,linear
1708,2_epo,37.0,82.75962560758508,linear
1709,2_epo,38.0,82.62663489918243,linear
1710,2_epo,39.0,82.4936441907798,linear
1711,2_epo,40.0,82.36065348237716,linear
1712,2_epo,41.0,82.22766277397453,linear
1713,2_epo,42.0,82.09467206557188,linear
1714,2_epo,43.0,81.96168135716924,linear
1715,2_epo,44.0,81.82869064876661,linear
1716,2_epo,45.0,81.69569994036397,linear
1717,2_epo,46.0,81.56270923196132,linear
1718,2_epo,47.0,81.42971852355869,linear
1719,2_epo,48.0,81.29672781515605,linear
1720,2_epo,49.0,81.16373710675342,linear
1721,2_epo,50.0,81.03074639835077,linear
1722,2_epo,51.0,80.89775568994813,linear
1723,2_epo,52.0,80.7647649815455,linear
1724,2_epo,53.0,80.63177427314285,linear
1725,2_epo,54.0,80.49878356474022,linear
1726,2_epo,55.00000000000001,80.36579285633758,linear
1727,2_epo,56.00000000000001,80.23280214793493,linear
1728,2_epo,56.99999999999999,80.0998114395323,linear
1729,2_epo,57.99999999999999,79.96682073112966,linear
1730,2_epo,59.0,79.83383002272703,linear
1731,2_epo,60.0,79.70083931432438,linear
1732,2_epo,61.0,79.56784860592174,linear
1733,2_epo,62.0,79.43485789751911,linear
1734,2_epo,63.0,79.30186718911646,linear
1735,2_epo,64.0,79.16887648071383,linear
1736,2_epo,65.0,79.03588577231119,linear
1737,2_epo,66.0,78.90289506390855,linear
1738,2_epo,67.0,78.7699043555059,linear
1739,2_epo,68.0,78.63691364710326,linear
1740,2_epo,69.0,78.50392293870064,linear
1741,2_epo,70.0,78.370932230298,linear
1742,2_epo,71.0,78.23794152189535,linear
1743,2_epo,72.0,78.1049508134927,linear
1744,2_epo,73.0,77.97196010509008,linear
1745,2_epo,74.0,77.83896939668745,linear
1746,2_epo,75.0,77.7059786882848,linear
1747,2_epo,76.0,77.57298797988216,linear
1748,2_epo,77.0,77.43999727147951,linear
1749,2_epo,78.0,77.30700656307687,linear
1750,2_epo,79.0,77.17401585467425,linear
1751,2_epo,80.0,77.04102514627161,linear
1752,2_epo,81.0,76.90803443786896,linear
1753,2_epo,82.0,76.77504372946632,linear
1754,2_epo,83.0,76.64205302106367,linear
1755,2_epo,84.0,76.50906231266106,linear
1756,2_epo,85.0,76.37607160425841,linear
1757,2_epo,86.0,76.24308089585577,linear
1758,2_epo,87.0,76.11009018745312,linear
1759,2_epo,88.0,75.97709947905048,linear
1760,2_epo,89.0,75.84410877064785,linear
1761,2_epo,90.0,75.71111806224522,linear
1762,2_epo,91.0,75.57812735384258,linear
1763,2_epo,92.0,75.44513664543993,linear
1764,2_epo,93.0,75.31214593703729,linear
1765,2_epo,94.0,75.17915522863467,linear
1766,2_epo,95.0,75.04616452023203,linear
1767,3_epo,3.0,70.99507503867937,linear
1768,3_epo,4.0,71.07500207610637,linear
1769,3_epo,5.0,71.15492911353338,linear
1770,3_epo,6.0,71.23485615096038,linear
1771,3_epo,7.000000000000001,71.3147831883874,linear
1772,3_epo,8.0,71.39471022581439,linear
1773,3_epo,9.0,71.4746372632414,linear
1774,3_epo,10.0,71.5545643006684,linear
1775,3_epo,11.0,71.63449133809542,linear
1776,3_epo,12.0,71.71441837552243,linear
1777,3_epo,13.0,71.79434541294944,linear
1778,3_epo,14.000000000000002,71.87427245037644,linear
1779,3_epo,15.0,71.95419948780345,linear
1780,3_epo,16.0,72.03412652523045,linear
1781,3_epo,17.0,72.11405356265746,linear
1782,3_epo,18.0,72.19398060008446,linear
1783,3_epo,19.0,72.27390763751147,linear
1784,3_epo,20.0,72.35383467493847,linear
1785,3_epo,21.0,72.43376171236548,linear
1786,3_epo,22.0,72.51368874979248,linear
1787,3_epo,23.0,72.59361578721949,linear
1788,3_epo,24.0,72.6735428246465,linear
1789,3_epo,25.0,72.75346986207352,linear
1790,3_epo,26.0,72.83339689950053,linear
1791,3_epo,27.0,72.91332393692753,linear
1792,3_epo,28.000000000000004,72.99325097435454,linear
1793,3_epo,28.999999999999996,73.07317801178154,linear
1794,3_epo,30.0,73.15310504920855,linear
1795,3_epo,31.0,73.23303208663555,linear
1796,3_epo,32.0,73.31295912406256,linear
1797,3_epo,33.0,73.39288616148956,linear
1798,3_epo,34.0,73.47281319891657,linear
1799,3_epo,35.0,73.55274023634358,linear
1800,3_epo,36.0,73.6326672737706,linear
1801,3_epo,37.0,73.71259431119759,linear
1802,3_epo,38.0,73.7925213486246,linear
1803,3_epo,39.0,73.8724483860516,linear
1804,3_epo,40.0,73.95237542347861,linear
1805,3_epo,41.0,74.03230246090561,linear
1806,3_epo,42.0,74.11222949833262,linear
1807,3_epo,43.0,74.19215653575962,linear
1808,3_epo,44.0,74.27208357318663,linear
1809,3_epo,45.0,74.35201061061363,linear
1810,3_epo,46.0,74.43193764804066,linear
1811,3_epo,47.0,74.51186468546766,linear
1812,3_epo,48.0,74.59179172289467,linear
1813,3_epo,49.0,74.67171876032167,linear
1814,3_epo,50.0,74.75164579774868,linear
1815,3_epo,51.0,74.83157283517569,linear
1816,3_epo,52.0,74.91149987260269,linear
1817,3_epo,53.0,74.9914269100297,linear
1818,3_epo,54.0,75.0713539474567,linear
1819,3_epo,55.00000000000001,75.15128098488371,linear
1820,3_epo,56.00000000000001,75.23120802231071,linear
1821,3_epo,56.99999999999999,75.31113505973774,linear
1822,3_epo,57.99999999999999,75.39106209716473,linear
1823,3_epo,59.0,75.47098913459175,linear
1824,3_epo,60.0,75.55091617201874,linear
1825,3_epo,61.0,75.63084320944576,linear
1826,3_epo,62.0,75.71077024687276,linear
1827,3_epo,63.0,75.79069728429977,linear
1828,3_epo,64.0,75.87062432172677,linear
1829,3_epo,65.0,75.95055135915378,linear
1830,3_epo,66.0,76.03047839658078,linear
1831,3_epo,67.0,76.11040543400779,linear
1832,3_epo,68.0,76.1903324714348,linear
1833,3_epo,69.0,76.27025950886181,linear
1834,3_epo,70.0,76.35018654628881,linear
1835,3_epo,71.0,76.43011358371582,linear
1836,3_epo,72.0,76.51004062114282,linear
1837,3_epo,73.0,76.58996765856983,linear
1838,3_epo,74.0,76.66989469599683,linear
1839,3_epo,75.0,76.74982173342384,linear
1840,3_epo,76.0,76.82974877085086,linear
1841,3_epo,77.0,76.90967580827785,linear
1842,3_epo,78.0,76.98960284570487,linear
1843,3_epo,79.0,77.06952988313188,linear
1844,3_epo,80.0,77.14945692055889,linear
1845,3_epo,81.0,77.22938395798589,linear
1846,3_epo,82.0,77.3093109954129,linear
1847,3_epo,83.0,77.3892380328399,linear
1848,3_epo,84.0,77.46916507026691,linear
1849,3_epo,85.0,77.54909210769391,linear
1850,3_epo,86.0,77.62901914512092,linear
1851,3_epo,87.0,77.70894618254792,linear
1852,3_epo,88.0,77.78887321997493,linear
1853,3_epo,89.0,77.86880025740193,linear
1854,3_epo,90.0,77.94872729482894,linear
1855,3_epo,91.0,78.02865433225595,linear
1856,3_epo,92.0,78.10858136968297,linear
1857,3_epo,93.0,78.18850840710996,linear
1858,3_epo,94.0,78.26843544453698,linear
1859,3_epo,95.0,78.34836248196397,linear
1860,4_epo,3.0,76.17526081070422,linear
1861,4_epo,4.0,76.10719787854507,linear
1862,4_epo,5.0,76.03913494638591,linear
1863,4_epo,6.0,75.97107201422676,linear
1864,4_epo,7.000000000000001,75.9030090820676,linear
1865,4_epo,8.0,75.83494614990845,linear
1866,4_epo,9.0,75.7668832177493,linear
1867,4_epo,10.0,75.69882028559013,linear
1868,4_epo,11.0,75.63075735343098,linear
1869,4_epo,12.0,75.56269442127184,linear
1870,4_epo,13.0,75.49463148911268,linear
1871,4_epo,14.000000000000002,75.42656855695353,linear
1872,4_epo,15.0,75.35850562479438,linear
1873,4_epo,16.0,75.29044269263521,linear
1874,4_epo,17.0,75.22237976047606,linear
1875,4_epo,18.0,75.15431682831691,linear
1876,4_epo,19.0,75.08625389615776,linear
1877,4_epo,20.0,75.0181909639986,linear
1878,4_epo,21.0,74.95012803183944,linear
1879,4_epo,22.0,74.88206509968029,linear
1880,4_epo,23.0,74.81400216752114,linear
1881,4_epo,24.0,74.74593923536197,linear
1882,4_epo,25.0,74.67787630320282,linear
1883,4_epo,26.0,74.60981337104369,linear
1884,4_epo,27.0,74.54175043888452,linear
1885,4_epo,28.000000000000004,74.47368750672537,linear
1886,4_epo,28.999999999999996,74.40562457456622,linear
1887,4_epo,30.0,74.33756164240705,linear
1888,4_epo,31.0,74.2694987102479,linear
1889,4_epo,32.0,74.20143577808874,linear
1890,4_epo,33.0,74.1333728459296,linear
1891,4_epo,34.0,74.06530991377045,linear
1892,4_epo,35.0,73.99724698161128,linear
1893,4_epo,36.0,73.92918404945213,linear
1894,4_epo,37.0,73.86112111729298,linear
1895,4_epo,38.0,73.79305818513382,linear
1896,4_epo,39.0,73.72499525297467,linear
1897,4_epo,40.0,73.65693232081553,linear
1898,4_epo,41.0,73.58886938865636,linear
1899,4_epo,42.0,73.52080645649721,linear
1900,4_epo,43.0,73.45274352433806,linear
1901,4_epo,44.0,73.3846805921789,linear
1902,4_epo,45.0,73.31661766001974,linear
1903,4_epo,46.0,73.24855472786058,linear
1904,4_epo,47.0,73.18049179570144,linear
1905,4_epo,48.0,73.11242886354229,linear
1906,4_epo,49.0,73.04436593138313,linear
1907,4_epo,50.0,72.97630299922398,linear
1908,4_epo,51.0,72.90824006706482,linear
1909,4_epo,52.0,72.84017713490566,linear
1910,4_epo,53.0,72.77211420274651,linear
1911,4_epo,54.0,72.70405127058736,linear
1912,4_epo,55.00000000000001,72.6359883384282,linear
1913,4_epo,56.00000000000001,72.56792540626905,linear
1914,4_epo,56.99999999999999,72.49986247410989,linear
1915,4_epo,57.99999999999999,72.43179954195074,linear
1916,4_epo,59.0,72.36373660979159,linear
1917,4_epo,60.0,72.29567367763242,linear
1918,4_epo,61.0,72.22761074547327,linear
1919,4_epo,62.0,72.15954781331413,linear
1920,4_epo,63.0,72.09148488115497,linear
1921,4_epo,64.0,72.02342194899582,linear
1922,4_epo,65.0,71.95535901683667,linear
1923,4_epo,66.0,71.8872960846775,linear
1924,4_epo,67.0,71.81923315251835,linear
1925,4_epo,68.0,71.7511702203592,linear
1926,4_epo,69.0,71.68310728820005,linear
1927,4_epo,70.0,71.6150443560409,linear
1928,4_epo,71.0,71.54698142388173,linear
1929,4_epo,72.0,71.47891849172258,linear
1930,4_epo,73.0,71.41085555956343,linear
1931,4_epo,74.0,71.34279262740426,linear
1932,4_epo,75.0,71.27472969524511,linear
1933,4_epo,76.0,71.20666676308598,linear
1934,4_epo,77.0,71.13860383092681,linear
1935,4_epo,78.0,71.07054089876766,linear
1936,4_epo,79.0,71.00247796660851,linear
1937,4_epo,80.0,70.93441503444934,linear
1938,4_epo,81.0,70.8663521022902,linear
1939,4_epo,82.0,70.79828917013103,linear
1940,4_epo,83.0,70.73022623797189,linear
1941,4_epo,84.0,70.66216330581274,linear
1942,4_epo,85.0,70.59410037365357,linear
1943,4_epo,86.0,70.52603744149442,linear
1944,4_epo,87.0,70.45797450933527,linear
1945,4_epo,88.0,70.38991157717611,linear
1946,4_epo,89.0,70.32184864501696,linear
1947,4_epo,90.0,70.25378571285782,linear
1948,4_epo,91.0,70.18572278069865,linear
1949,4_epo,92.0,70.1176598485395,linear
1950,4_epo,93.0,70.04959691638035,linear
1951,4_epo,94.0,69.98153398422119,linear
1952,4_epo,95.0,69.91347105206204,linear
1953,5_epo,3.0,65.86502539212252,linear
1954,5_epo,4.0,65.82775228429716,linear
1955,5_epo,5.0,65.79047917647179,linear
1956,5_epo,6.0,65.75320606864643,linear
1957,5_epo,7.000000000000001,65.71593296082106,linear
1958,5_epo,8.0,65.67865985299571,linear
1959,5_epo,9.0,65.64138674517034,linear
1960,5_epo,10.0,65.60411363734498,linear
1961,5_epo,11.0,65.56684052951961,linear
1962,5_epo,12.0,65.52956742169425,linear
1963,5_epo,13.0,65.49229431386888,linear
1964,5_epo,14.000000000000002,65.45502120604351,linear
1965,5_epo,15.0,65.41774809821815,linear
1966,5_epo,16.0,65.38047499039278,linear
1967,5_epo,17.0,65.34320188256743,linear
1968,5_epo,18.0,65.30592877474206,linear
1969,5_epo,19.0,65.2686556669167,linear
1970,5_epo,20.0,65.23138255909133,linear
1971,5_epo,21.0,65.19410945126597,linear
1972,5_epo,22.0,65.1568363434406,linear
1973,5_epo,23.0,65.11956323561525,linear
1974,5_epo,24.0,65.08229012778988,linear
1975,5_epo,25.0,65.04501701996452,linear
1976,5_epo,26.0,65.00774391213915,linear
1977,5_epo,27.0,64.97047080431379,linear
1978,5_epo,28.000000000000004,64.93319769648842,linear
1979,5_epo,28.999999999999996,64.89592458866305,linear
1980,5_epo,30.0,64.8586514808377,linear
1981,5_epo,31.0,64.82137837301232,linear
1982,5_epo,32.0,64.78410526518697,linear
1983,5_epo,33.0,64.7468321573616,linear
1984,5_epo,34.0,64.70955904953624,linear
1985,5_epo,35.0,64.67228594171087,linear
1986,5_epo,36.0,64.63501283388551,linear
1987,5_epo,37.0,64.59773972606014,linear
1988,5_epo,38.0,64.56046661823478,linear
1989,5_epo,39.0,64.52319351040941,linear
1990,5_epo,40.0,64.48592040258406,linear
1991,5_epo,41.0,64.44864729475869,linear
1992,5_epo,42.0,64.41137418693333,linear
1993,5_epo,43.0,64.37410107910796,linear
1994,5_epo,44.0,64.33682797128259,linear
1995,5_epo,45.0,64.29955486345723,linear
1996,5_epo,46.0,64.26228175563186,linear
1997,5_epo,47.0,64.2250086478065,linear
1998,5_epo,48.0,64.18773553998113,linear
1999,5_epo,49.0,64.15046243215578,linear
2000,5_epo,50.0,64.1131893243304,linear
2001,5_epo,51.0,64.07591621650505,linear
2002,5_epo,52.0,64.03864310867968,linear
2003,5_epo,53.0,64.00137000085432,linear
2004,5_epo,54.0,63.96409689302895,linear
2005,5_epo,55.00000000000001,63.92682378520359,linear
2006,5_epo,56.00000000000001,63.889550677378224,linear
2007,5_epo,56.99999999999999,63.85227756955286,linear
2008,5_epo,57.99999999999999,63.8150044617275,linear
2009,5_epo,59.0,63.77773135390213,linear
2010,5_epo,60.0,63.74045824607677,linear
2011,5_epo,61.0,63.703185138251406,linear
2012,5_epo,62.0,63.66591203042604,linear
2013,5_epo,63.0,63.62863892260068,linear
2014,5_epo,64.0,63.591365814775315,linear
2015,5_epo,65.0,63.55409270694995,linear
2016,5_epo,66.0,63.51681959912459,linear
2017,5_epo,67.0,63.479546491299224,linear
2018,5_epo,68.0,63.44227338347386,linear
2019,5_epo,69.0,63.40500027564849,linear
2020,5_epo,70.0,63.367727167823126,linear
2021,5_epo,71.0,63.33045405999776,linear
2022,5_epo,72.0,63.2931809521724,linear
2023,5_epo,73.0,63.255907844347036,linear
2024,5_epo,74.0,63.21863473652167,linear
2025,5_epo,75.0,63.18136162869631,linear
2026,5_epo,76.0,63.144088520870945,linear
2027,5_epo,77.0,63.10681541304558,linear
2028,5_epo,78.0,63.06954230522022,linear
2029,5_epo,79.0,63.032269197394854,linear
2030,5_epo,80.0,62.99499608956949,linear
2031,5_epo,81.0,62.957722981744126,linear
2032,5_epo,82.0,62.92044987391876,linear
2033,5_epo,83.0,62.8831767660934,linear
2034,5_epo,84.0,62.84590365826803,linear
2035,5_epo,85.0,62.808630550442665,linear
2036,5_epo,86.0,62.7713574426173,linear
2037,5_epo,87.0,62.73408433479194,linear
2038,5_epo,88.0,62.696811226966574,linear
2039,5_epo,89.0,62.65953811914121,linear
2040,5_epo,90.0,62.62226501131585,linear
2041,5_epo,91.0,62.58499190349048,linear
2042,5_epo,92.0,62.54771879566512,linear
2043,5_epo,93.0,62.510445687839756,linear
2044,5_epo,94.0,62.47317258001439,linear
2045,5_epo,95.0,62.43589947218903,linear
2046,6_epo,3.0,68.54148889856597,linear
2047,6_epo,4.0,68.43565785271134,linear
2048,6_epo,5.0,68.32982680685672,linear
2049,6_epo,6.0,68.22399576100209,linear
2050,6_epo,7.000000000000001,68.11816471514747,linear
2051,6_epo,8.0,68.01233366929286,linear
2052,6_epo,9.0,67.90650262343823,linear
2053,6_epo,10.0,67.8006715775836,linear
2054,6_epo,11.0,67.69484053172899,linear
2055,6_epo,12.0,67.58900948587436,linear
2056,6_epo,13.0,67.48317844001973,linear
2057,6_epo,14.000000000000002,67.37734739416511,linear
2058,6_epo,15.0,67.2715163483105,linear
2059,6_epo,16.0,67.16568530245587,linear
2060,6_epo,17.0,67.05985425660124,linear
2061,6_epo,18.0,66.95402321074661,linear
2062,6_epo,19.0,66.848192164892,linear
2063,6_epo,20.0,66.74236111903738,linear
2064,6_epo,21.0,66.63653007318275,linear
2065,6_epo,22.0,66.53069902732813,linear
2066,6_epo,23.0,66.42486798147351,linear
2067,6_epo,24.0,66.31903693561888,linear
2068,6_epo,25.0,66.21320588976425,linear
2069,6_epo,26.0,66.10737484390964,linear
2070,6_epo,27.0,66.00154379805501,linear
2071,6_epo,28.000000000000004,65.8957127522004,linear
2072,6_epo,28.999999999999996,65.78988170634577,linear
2073,6_epo,30.0,65.68405066049114,linear
2074,6_epo,31.0,65.57821961463651,linear
2075,6_epo,32.0,65.47238856878191,linear
2076,6_epo,33.0,65.36655752292728,linear
2077,6_epo,34.0,65.26072647707265,linear
2078,6_epo,35.0,65.15489543121802,linear
2079,6_epo,36.0,65.04906438536341,linear
2080,6_epo,37.0,64.94323333950878,linear
2081,6_epo,38.0,64.83740229365416,linear
2082,6_epo,39.0,64.73157124779954,linear
2083,6_epo,40.0,64.62574020194492,linear
2084,6_epo,41.0,64.51990915609029,linear
2085,6_epo,42.0,64.41407811023566,linear
2086,6_epo,43.0,64.30824706438104,linear
2087,6_epo,44.0,64.20241601852643,linear
2088,6_epo,45.0,64.0965849726718,linear
2089,6_epo,46.0,63.99075392681718,linear
2090,6_epo,47.0,63.88492288096255,linear
2091,6_epo,48.0,63.779091835107934,linear
2092,6_epo,49.0,63.67326078925331,linear
2093,6_epo,50.0,63.567429743398684,linear
2094,6_epo,51.0,63.461598697544055,linear
2095,6_epo,52.0,63.35576765168943,linear
2096,6_epo,53.0,63.24993660583482,linear
2097,6_epo,54.0,63.14410555998019,linear
2098,6_epo,55.00000000000001,63.03827451412557,linear
2099,6_epo,56.00000000000001,62.93244346827094,linear
2100,6_epo,56.99999999999999,62.826612422416325,linear
2101,6_epo,57.99999999999999,62.7207813765617,linear
2102,6_epo,59.0,62.614950330707074,linear
2103,6_epo,60.0,62.509119284852446,linear
2104,6_epo,61.0,62.40328823899783,linear
2105,6_epo,62.0,62.29745719314321,linear
2106,6_epo,63.0,62.19162614728858,linear
2107,6_epo,64.0,62.085795101433966,linear
2108,6_epo,65.0,61.97996405557934,linear
2109,6_epo,66.0,61.874133009724716,linear
2110,6_epo,67.0,61.768301963870094,linear
2111,6_epo,68.0,61.66247091801547,linear
2112,6_epo,69.0,61.556639872160844,linear
2113,6_epo,70.0,61.45080882630623,linear
2114,6_epo,71.0,61.3449777804516,linear
2115,6_epo,72.0,61.23914673459698,linear
2116,6_epo,73.0,61.13331568874236,linear
2117,6_epo,74.0,61.027484642887735,linear
2118,6_epo,75.0,60.92165359703311,linear
2119,6_epo,76.0,60.815822551178485,linear
2120,6_epo,77.0,60.70999150532386,linear
2121,6_epo,78.0,60.60416045946924,linear
2122,6_epo,79.0,60.49832941361462,linear
2123,6_epo,80.0,60.39249836775999,linear
2124,6_epo,81.0,60.28666732190537,linear
2125,6_epo,82.0,60.180836276050755,linear
2126,6_epo,83.0,60.075005230196126,linear
2127,6_epo,84.0,59.9691741843415,linear
2128,6_epo,85.0,59.86334313848688,linear
2129,6_epo,86.0,59.757512092632254,linear
2130,6_epo,87.0,59.65168104677763,linear
2131,6_epo,88.0,59.54585000092301,linear
2132,6_epo,89.0,59.44001895506839,linear
2133,6_epo,90.0,59.33418790921376,linear
2134,6_epo,91.0,59.228356863359146,linear
2135,6_epo,92.0,59.12252581750452,linear
2136,6_epo,93.0,59.01669477164989,linear
2137,6_epo,94.0,58.910863725795274,linear
2138,6_epo,95.0,58.80503267994065,linear
2139,7_epo,3.0,64.38294437591624,linear
2140,7_epo,4.0,64.42362375958973,linear
2141,7_epo,5.0,64.46430314326321,linear
2142,7_epo,6.0,64.5049825269367,linear
2143,7_epo,7.000000000000001,64.54566191061019,linear
2144,7_epo,8.0,64.58634129428367,linear
2145,7_epo,9.0,64.62702067795718,linear
2146,7_epo,10.0,64.66770006163065,linear
2147,7_epo,11.0,64.70837944530413,linear
2148,7_epo,12.0,64.74905882897762,linear
2149,7_epo,13.0,64.78973821265112,linear
2150,7_epo,14.000000000000002,64.83041759632461,linear
2151,7_epo,15.0,64.87109697999809,linear
2152,7_epo,16.0,64.91177636367156,linear
2153,7_epo,17.0,64.95245574734507,linear
2154,7_epo,18.0,64.99313513101855,linear
2155,7_epo,19.0,65.03381451469204,linear
2156,7_epo,20.0,65.07449389836553,linear
2157,7_epo,21.0,65.11517328203901,linear
2158,7_epo,22.0,65.1558526657125,linear
2159,7_epo,23.0,65.19653204938598,linear
2160,7_epo,24.0,65.23721143305949,linear
2161,7_epo,25.0,65.27789081673296,linear
2162,7_epo,26.0,65.31857020040644,linear
2163,7_epo,27.0,65.35924958407995,linear
2164,7_epo,28.000000000000004,65.39992896775343,linear
2165,7_epo,28.999999999999996,65.44060835142692,linear
2166,7_epo,30.0,65.4812877351004,linear
2167,7_epo,31.0,65.52196711877389,linear
2168,7_epo,32.0,65.56264650244738,linear
2169,7_epo,33.0,65.60332588612086,linear
2170,7_epo,34.0,65.64400526979436,linear
2171,7_epo,35.0,65.68468465346784,linear
2172,7_epo,36.0,65.72536403714133,linear
2173,7_epo,37.0,65.76604342081481,linear
2174,7_epo,38.0,65.8067228044883,linear
2175,7_epo,39.0,65.8474021881618,linear
2176,7_epo,40.0,65.88808157183527,linear
2177,7_epo,41.0,65.92876095550876,linear
2178,7_epo,42.0,65.96944033918226,linear
2179,7_epo,43.0,66.01011972285573,linear
2180,7_epo,44.0,66.05079910652923,linear
2181,7_epo,45.0,66.09147849020272,linear
2182,7_epo,46.0,66.13215787387621,linear
2183,7_epo,47.0,66.17283725754969,linear
2184,7_epo,48.0,66.21351664122317,linear
2185,7_epo,49.0,66.25419602489667,linear
2186,7_epo,50.0,66.29487540857015,linear
2187,7_epo,51.0,66.33555479224364,linear
2188,7_epo,52.0,66.37623417591713,linear
2189,7_epo,53.0,66.41691355959061,linear
2190,7_epo,54.0,66.4575929432641,linear
2191,7_epo,55.00000000000001,66.49827232693758,linear
2192,7_epo,56.00000000000001,66.53895171061109,linear
2193,7_epo,56.99999999999999,66.57963109428457,linear
2194,7_epo,57.99999999999999,66.62031047795806,linear
2195,7_epo,59.0,66.66098986163155,linear
2196,7_epo,60.0,66.70166924530503,linear
2197,7_epo,61.0,66.74234862897852,linear
2198,7_epo,62.0,66.783028012652,linear
2199,7_epo,63.0,66.8237073963255,linear
2200,7_epo,64.0,66.86438677999898,linear
2201,7_epo,65.0,66.90506616367246,linear
2202,7_epo,66.0,66.94574554734595,linear
2203,7_epo,67.0,66.98642493101944,linear
2204,7_epo,68.0,67.02710431469293,linear
2205,7_epo,69.0,67.06778369836641,linear
2206,7_epo,70.0,67.1084630820399,linear
2207,7_epo,71.0,67.1491424657134,linear
2208,7_epo,72.0,67.18982184938687,linear
2209,7_epo,73.0,67.23050123306037,linear
2210,7_epo,74.0,67.27118061673386,linear
2211,7_epo,75.0,67.31186000040734,linear
2212,7_epo,76.0,67.35253938408083,linear
2213,7_epo,77.0,67.39321876775432,linear
2214,7_epo,78.0,67.43389815142781,linear
2215,7_epo,79.0,67.47457753510129,linear
2216,7_epo,80.0,67.51525691877477,linear
2217,7_epo,81.0,67.55593630244827,linear
2218,7_epo,82.0,67.59661568612175,linear
2219,7_epo,83.0,67.63729506979524,linear
2220,7_epo,84.0,67.67797445346874,linear
2221,7_epo,85.0,67.71865383714223,linear
2222,7_epo,86.0,67.7593332208157,linear
2223,7_epo,87.0,67.80001260448918,linear
2224,7_epo,88.0,67.84069198816269,linear
2225,7_epo,89.0,67.88137137183617,linear
2226,7_epo,90.0,67.92205075550966,linear
2227,7_epo,91.0,67.96273013918314,linear
2228,7_epo,92.0,68.00340952285663,linear
2229,7_epo,93.0,68.04408890653012,linear
2230,7_epo,94.0,68.0847682902036,linear
2231,7_epo,95.0,68.1254476738771,linear
2232,8_epo,3.0,76.1647559788377,linear
2233,8_epo,4.0,76.00700827082218,linear
2234,8_epo,5.0,75.84926056280666,linear
2235,8_epo,6.0,75.69151285479114,linear
2236,8_epo,7.000000000000001,75.53376514677562,linear
2237,8_epo,8.0,75.3760174387601,linear
2238,8_epo,9.0,75.21826973074458,linear
2239,8_epo,10.0,75.06052202272906,linear
2240,8_epo,11.0,74.90277431471354,linear
2241,8_epo,12.0,74.74502660669802,linear
2242,8_epo,13.0,74.5872788986825,linear
2243,8_epo,14.000000000000002,74.42953119066698,linear
2244,8_epo,15.0,74.27178348265146,linear
2245,8_epo,16.0,74.11403577463594,linear
2246,8_epo,17.0,73.95628806662042,linear
2247,8_epo,18.0,73.7985403586049,linear
2248,8_epo,19.0,73.64079265058938,linear
2249,8_epo,20.0,73.48304494257385,linear
2250,8_epo,21.0,73.32529723455833,linear
2251,8_epo,22.0,73.16754952654281,linear
2252,8_epo,23.0,73.0098018185273,linear
2253,8_epo,24.0,72.85205411051177,linear
2254,8_epo,25.0,72.69430640249624,linear
2255,8_epo,26.0,72.53655869448072,linear
2256,8_epo,27.0,72.3788109864652,linear
2257,8_epo,28.000000000000004,72.22106327844968,linear
2258,8_epo,28.999999999999996,72.06331557043416,linear
2259,8_epo,30.0,71.90556786241864,linear
2260,8_epo,31.0,71.74782015440312,linear
2261,8_epo,32.0,71.5900724463876,linear
2262,8_epo,33.0,71.43232473837207,linear
2263,8_epo,34.0,71.27457703035655,linear
2264,8_epo,35.0,71.11682932234103,linear
2265,8_epo,36.0,70.95908161432551,linear
2266,8_epo,37.0,70.80133390630999,linear
2267,8_epo,38.0,70.64358619829447,linear
2268,8_epo,39.0,70.48583849027895,linear
2269,8_epo,40.0,70.32809078226343,linear
2270,8_epo,41.0,70.17034307424791,linear
2271,8_epo,42.0,70.01259536623239,linear
2272,8_epo,43.0,69.85484765821687,linear
2273,8_epo,44.0,69.69709995020135,linear
2274,8_epo,45.0,69.53935224218583,linear
2275,8_epo,46.0,69.38160453417031,linear
2276,8_epo,47.0,69.22385682615479,linear
2277,8_epo,48.0,69.06610911813927,linear
2278,8_epo,49.0,68.90836141012375,linear
2279,8_epo,50.0,68.75061370210823,linear
2280,8_epo,51.0,68.5928659940927,linear
2281,8_epo,52.0,68.43511828607718,linear
2282,8_epo,53.0,68.27737057806166,linear
2283,8_epo,54.0,68.11962287004614,linear
2284,8_epo,55.00000000000001,67.96187516203062,linear
2285,8_epo,56.00000000000001,67.80412745401509,linear
2286,8_epo,56.99999999999999,67.64637974599957,linear
2287,8_epo,57.99999999999999,67.48863203798405,linear
2288,8_epo,59.0,67.33088432996853,linear
2289,8_epo,60.0,67.173136621953,linear
2290,8_epo,61.0,67.01538891393749,linear
2291,8_epo,62.0,66.85764120592196,linear
2292,8_epo,63.0,66.69989349790644,linear
2293,8_epo,64.0,66.54214578989092,linear
2294,8_epo,65.0,66.3843980818754,linear
2295,8_epo,66.0,66.22665037385988,linear
2296,8_epo,67.0,66.06890266584436,linear
2297,8_epo,68.0,65.91115495782884,linear
2298,8_epo,69.0,65.75340724981332,linear
2299,8_epo,70.0,65.5956595417978,linear
2300,8_epo,71.0,65.43791183378228,linear
2301,8_epo,72.0,65.28016412576676,linear
2302,8_epo,73.0,65.12241641775124,linear
2303,8_epo,74.0,64.96466870973572,linear
2304,8_epo,75.0,64.8069210017202,linear
2305,8_epo,76.0,64.64917329370468,linear
2306,8_epo,77.0,64.49142558568916,linear
2307,8_epo,78.0,64.33367787767364,linear
2308,8_epo,79.0,64.17593016965812,linear
2309,8_epo,80.0,64.0181824616426,linear
2310,8_epo,81.0,63.86043475362707,linear
2311,8_epo,82.0,63.70268704561155,linear
2312,8_epo,83.0,63.54493933759603,linear
2313,8_epo,84.0,63.38719162958051,linear
2314,8_epo,85.0,63.229443921564986,linear
2315,8_epo,86.0,63.071696213549465,linear
2316,8_epo,87.0,62.913948505533945,linear
2317,8_epo,88.0,62.756200797518424,linear
2318,8_epo,89.0,62.598453089502904,linear
2319,8_epo,90.0,62.44070538148738,linear
2320,8_epo,91.0,62.28295767347186,linear
2321,8_epo,92.0,62.12520996545634,linear
2322,8_epo,93.0,61.96746225744082,linear
2323,8_epo,94.0,61.8097145494253,linear
2324,8_epo,95.0,61.65196684140978,linear
2325,9_epo,3.0,98.81537965231294,linear
2326,9_epo,4.0,98.6300734407305,linear
2327,9_epo,5.0,98.44476722914806,linear
2328,9_epo,6.0,98.2594610175656,linear
2329,9_epo,7.000000000000001,98.07415480598316,linear
2330,9_epo,8.0,97.88884859440071,linear
2331,9_epo,9.0,97.70354238281827,linear
2332,9_epo,10.0,97.51823617123583,linear
2333,9_epo,11.0,97.33292995965338,linear
2334,9_epo,12.0,97.14762374807094,linear
2335,9_epo,13.0,96.9623175364885,linear
2336,9_epo,14.000000000000002,96.77701132490606,linear
2337,9_epo,15.0,96.59170511332361,linear
2338,9_epo,16.0,96.40639890174117,linear
2339,9_epo,17.0,96.22109269015871,linear
2340,9_epo,18.0,96.03578647857627,linear
2341,9_epo,19.0,95.85048026699383,linear
2342,9_epo,20.0,95.66517405541138,linear
2343,9_epo,21.0,95.47986784382894,linear
2344,9_epo,22.0,95.2945616322465,linear
2345,9_epo,23.0,95.10925542066406,linear
2346,9_epo,24.0,94.92394920908163,linear
2347,9_epo,25.0,94.73864299749918,linear
2348,9_epo,26.0,94.55333678591674,linear
2349,9_epo,27.0,94.3680305743343,linear
2350,9_epo,28.000000000000004,94.18272436275184,linear
2351,9_epo,28.999999999999996,93.9974181511694,linear
2352,9_epo,30.0,93.81211193958696,linear
2353,9_epo,31.0,93.62680572800451,linear
2354,9_epo,32.0,93.44149951642207,linear
2355,9_epo,33.0,93.25619330483963,linear
2356,9_epo,34.0,93.07088709325718,linear
2357,9_epo,35.0,92.88558088167474,linear
2358,9_epo,36.0,92.7002746700923,linear
2359,9_epo,37.0,92.51496845850986,linear
2360,9_epo,38.0,92.32966224692741,linear
2361,9_epo,39.0,92.14435603534496,linear
2362,9_epo,40.0,91.95904982376251,linear
2363,9_epo,41.0,91.77374361218007,linear
2364,9_epo,42.0,91.58843740059763,linear
2365,9_epo,43.0,91.40313118901518,linear
2366,9_epo,44.0,91.21782497743276,linear
2367,9_epo,45.0,91.03251876585031,linear
2368,9_epo,46.0,90.84721255426787,linear
2369,9_epo,47.0,90.66190634268543,linear
2370,9_epo,48.0,90.47660013110298,linear
2371,9_epo,49.0,90.29129391952054,linear
2372,9_epo,50.0,90.1059877079381,linear
2373,9_epo,51.0,89.92068149635564,linear
2374,9_epo,52.0,89.7353752847732,linear
2375,9_epo,53.0,89.55006907319076,linear
2376,9_epo,54.0,89.36476286160831,linear
2377,9_epo,55.00000000000001,89.17945665002587,linear
2378,9_epo,56.00000000000001,88.99415043844343,linear
2379,9_epo,56.99999999999999,88.80884422686098,linear
2380,9_epo,57.99999999999999,88.62353801527854,linear
2381,9_epo,59.0,88.4382318036961,linear
2382,9_epo,60.0,88.25292559211366,linear
2383,9_epo,61.0,88.0676193805312,linear
2384,9_epo,62.0,87.88231316894876,linear
2385,9_epo,63.0,87.69700695736631,linear
2386,9_epo,64.0,87.51170074578388,linear
2387,9_epo,65.0,87.32639453420144,linear
2388,9_epo,66.0,87.141088322619,linear
2389,9_epo,67.0,86.95578211103656,linear
2390,9_epo,68.0,86.77047589945411,linear
2391,9_epo,69.0,86.58516968787167,linear
2392,9_epo,70.0,86.39986347628923,linear
2393,9_epo,71.0,86.21455726470678,linear
2394,9_epo,72.0,86.02925105312434,linear
2395,9_epo,73.0,85.8439448415419,linear
2396,9_epo,74.0,85.65863862995944,linear
2397,9_epo,75.0,85.473332418377,linear
2398,9_epo,76.0,85.28802620679456,linear
2399,9_epo,77.0,85.10271999521211,linear
2400,9_epo,78.0,84.91741378362967,linear
2401,9_epo,79.0,84.73210757204723,linear
2402,9_epo,80.0,84.54680136046478,linear
2403,9_epo,81.0,84.36149514888234,linear
2404,9_epo,82.0,84.1761889372999,linear
2405,9_epo,83.0,83.99088272571746,linear
2406,9_epo,84.0,83.805576514135,linear
2407,9_epo,85.0,83.62027030255257,linear
2408,9_epo,86.0,83.43496409097013,linear
2409,9_epo,87.0,83.24965787938768,linear
2410,9_epo,88.0,83.06435166780524,linear
2411,9_epo,89.0,82.8790454562228,linear
2412,9_epo,90.0,82.69373924464035,linear
2413,9_epo,91.0,82.50843303305791,linear
2414,9_epo,92.0,82.32312682147547,linear
2415,9_epo,93.0,82.13782060989303,linear
2416,9_epo,94.0,81.95251439831058,linear
2417,9_epo,95.0,81.76720818672814,linear
