,participant,contrast,mpc,name
0,0_epo,3.0,0.999690592898117,fechner
1,0_epo,4.0,0.9929056251149726,fechner
2,0_epo,5.0,0.9759237060104576,fechner
3,0_epo,6.0,0.952123826046089,fechner
4,0_epo,7.000000000000001,0.925394033940345,fechner
5,0_epo,8.0,0.8983510244777285,fechner
6,0_epo,9.0,0.8724336070746678,fechner
7,0_epo,10.0,0.8483097000086883,fechner
8,0_epo,11.0,0.8262056586746581,fechner
9,0_epo,12.0,0.8061153454548305,fechner
10,0_epo,13.0,0.7879206962313843,fechner
11,0_epo,14.000000000000002,0.7714576410426759,fechner
12,0_epo,15.0,0.7565506149213344,fechner
13,0_epo,16.0,0.7430296644130735,fechner
14,0_epo,17.0,0.730738146739915,fechner
15,0_epo,18.0,0.7195354704613054,fechner
16,0_epo,19.0,0.7092973158704009,fechner
17,0_epo,20.0,0.6999146550141113,fechner
18,0_epo,21.0,0.6912922746815099,fechner
19,0_epo,22.0,0.6833471676798798,fechner
20,0_epo,23.0,0.6760069735363111,fechner
21,0_epo,24.0,0.6692085504385514,fechner
22,0_epo,25.0,0.6628967076624666,fechner
23,0_epo,26.0,0.6570231008577933,fechner
24,0_epo,27.0,0.6515452797052799,fechner
25,0_epo,28.000000000000004,0.6464258721402087,fechner
26,0_epo,28.999999999999996,0.6416318879696797,fechner
27,0_epo,30.0,0.6371341253136514,fechner
28,0_epo,31.0,0.6329066647919065,fechner
29,0_epo,32.0,0.6289264381832841,fechner
30,0_epo,33.0,0.625172860102338,fechner
31,0_epo,34.0,0.6216275129296764,fechner
32,0_epo,35.0,0.618273876737338,fechner
33,0_epo,36.0,0.6150970972559008,fechner
34,0_epo,37.0,0.612083786044011,fechner
35,0_epo,38.0,0.6092218479620395,fechner
36,0_epo,39.0,0.6065003318413854,fechner
37,0_epo,40.0,0.6039093009012547,fechner
38,0_epo,41.0,0.6014397200155871,fechner
39,0_epo,42.0,0.5990833573919118,fechner
40,0_epo,43.0,0.5968326986065459,fechner
41,0_epo,44.0,0.5946808712596547,fechner
42,0_epo,45.0,0.5926215787800897,fechner
43,0_epo,46.0,0.5906490421326713,fechner
44,0_epo,47.0,0.5887579483671238,fechner
45,0_epo,48.0,0.5869434051044102,fechner
46,0_epo,49.0,0.5852009001878375,fechner
47,0_epo,50.0,0.5835262658372038,fechner
48,0_epo,51.0,0.5819156467379285,fechner
49,0_epo,52.0,0.5803654715763685,fechner
50,0_epo,53.0,0.5788724275997766,fechner
51,0_epo,54.0,0.5774334378365277,fechner
52,0_epo,55.00000000000001,0.5760456406609603,fechner
53,0_epo,56.00000000000001,0.5747063714287901,fechner
54,0_epo,56.99999999999999,0.5734131459446701,fechner
55,0_epo,57.99999999999999,0.5721636455540215,fechner
56,0_epo,59.0,0.5709557036775348,fechner
57,0_epo,60.0,0.5697872936293594,fechner
58,0_epo,61.0,0.5686565175795486,fechner
59,0_epo,62.0,0.5675615965382234,fechner
60,0_epo,63.0,0.5665008612535716,fechner
61,0_epo,64.0,0.565472743928529,fechner
62,0_epo,65.0,0.5644757706720638,fechner
63,0_epo,66.0,0.5635085546106402,fechner
64,0_epo,67.0,0.5625697895938816,fechner
65,0_epo,68.0,0.5616582444358263,fechner
66,0_epo,69.0,0.5607727576396544,fechner
67,0_epo,70.0,0.559912232559435,fechner
68,0_epo,71.0,0.5590756329574575,fechner
69,0_epo,72.0,0.5582619789201066,fechner
70,0_epo,73.0,0.5574703430991399,fechner
71,0_epo,74.0,0.5566998472486534,fechner
72,0_epo,75.0,0.5559496590310813,fechner
73,0_epo,76.0,0.5552189890682581,fechner
74,0_epo,77.0,0.5545070882159827,fechner
75,0_epo,78.0,0.5538132450426493,fechner
76,0_epo,79.0,0.5531367834944103,fechner
77,0_epo,80.0,0.5524770607310334,fechner
78,0_epo,81.0,0.5518334651181205,fechner
79,0_epo,82.0,0.5512054143627192,fechner
80,0_epo,83.0,0.550592353780558,fechner
81,0_epo,84.0,0.5499937546842313,fechner
82,0_epo,85.0,0.5494091128826304,fechner
83,0_epo,86.0,0.5488379472827941,fechner
84,0_epo,87.0,0.5482797985861415,fechner
85,0_epo,88.0,0.5477342280717608,fechner
86,0_epo,89.0,0.5472008164600665,fechner
87,0_epo,90.0,0.5466791628507183,fechner
88,0_epo,91.0,0.5461688837292182,fechner
89,0_epo,92.0,0.545669612037072,fechner
90,0_epo,93.0,0.5451809963008362,fechner
91,0_epo,94.0,0.5447026998157554,fechner
92,0_epo,95.0,0.5442343998800505,fechner
93,10_epo,3.0,0.5177016122571702,fechner
94,10_epo,4.0,0.5108275468249024,fechner
95,10_epo,5.0,0.5081127948352376,fechner
96,10_epo,6.0,0.5065525650058678,fechner
97,10_epo,7.000000000000001,0.5055181278438285,fechner
98,10_epo,8.0,0.504775346585288,fechner
99,10_epo,9.0,0.5042135065415713,fechner
100,10_epo,10.0,0.5037724942802988,fechner
101,10_epo,11.0,0.503416528976691,fechner
102,10_epo,12.0,0.5031228554423082,fechner
103,10_epo,13.0,0.5028762560266656,fechner
104,10_epo,14.000000000000002,0.5026661421308332,fechner
105,10_epo,15.0,0.5024849051528657,fechner
106,10_epo,16.0,0.5023269299059786,fechner
107,10_epo,17.0,0.5021879778924236,fechner
108,10_epo,18.0,0.5020647874023169,fechner
109,10_epo,19.0,0.5019548060265887,fechner
110,10_epo,20.0,0.5018560068946073,fechner
111,10_epo,21.0,0.5017667594604597,fechner
112,10_epo,22.0,0.5016857367695782,fechner
113,10_epo,23.0,0.501611847689744,fechner
114,10_epo,24.0,0.5015441865781498,fechner
115,10_epo,25.0,0.5014819953508132,fechner
116,10_epo,26.0,0.5014246345199815,fechner
117,10_epo,27.0,0.5013715608133372,fechner
118,10_epo,28.000000000000004,0.5013223096895247,fechner
119,10_epo,28.999999999999996,0.5012764815414608,fechner
120,10_epo,30.0,0.5012337307088844,fechner
121,10_epo,31.0,0.501193756653389,fechner
122,10_epo,32.0,0.5011562968142383,fechner
123,10_epo,33.0,0.5011211207823286,fechner
124,10_epo,34.0,0.5010880255165479,fechner
125,10_epo,35.0,0.5010568313908988,fechner
126,10_epo,36.0,0.5010273789085462,fechner
127,10_epo,37.0,0.5009995259549134,fechner
128,10_epo,38.0,0.5009731454892702,fechner
129,10_epo,39.0,0.5009481235951582,fechner
130,10_epo,40.0,0.500924357826139,fechner
131,10_epo,41.0,0.5009017557959001,fechner
132,10_epo,42.0,0.500880233971571,fechner
133,10_epo,43.0,0.5008597166368421,fechner
134,10_epo,44.0,0.5008401349976243,fechner
135,10_epo,45.0,0.5008214264078726,fechner
136,10_epo,46.0,0.5008035336971375,fechner
137,10_epo,47.0,0.5007864045845647,fechner
138,10_epo,48.0,0.500769991166642,fechner
139,10_epo,49.0,0.500754249468076,fechner
140,10_epo,50.0,0.5007391390468994,fechner
141,10_epo,51.0,0.5007246226463125,fechner
142,10_epo,52.0,0.5007106658869278,fechner
143,10_epo,53.0,0.5006972369940459,fechner
144,10_epo,54.0,0.5006843065553955,fechner
145,10_epo,55.00000000000001,0.5006718473054359,fechner
146,10_epo,56.00000000000001,0.500659833932884,fechner
147,10_epo,56.99999999999999,0.5006482429085979,fechner
148,10_epo,57.99999999999999,0.500637052331346,fechner
149,10_epo,59.0,0.5006262417893317,fechner
150,10_epo,60.0,0.5006157922356226,fechner
151,10_epo,61.0,0.5006056858758848,fechner
152,10_epo,62.0,0.5005959060670244,fechner
153,10_epo,63.0,0.5005864372255189,fechner
154,10_epo,64.0,0.500577264744375,fechner
155,10_epo,65.0,0.5005683749177805,fechner
156,10_epo,66.0,0.5005597548726284,fechner
157,10_epo,67.0,0.500551392506195,fechner
158,10_epo,68.0,0.5005432764293355,fechner
159,10_epo,69.0,0.500535395914634,fechner
160,10_epo,70.0,0.5005277408490121,fechner
161,10_epo,71.0,0.5005203016903544,fechner
162,10_epo,72.0,0.5005130694277597,fechner
163,10_epo,73.0,0.5005060355450673,fechner
164,10_epo,74.0,0.50049919198735,fechner
165,10_epo,75.0,0.5004925311300947,fechner
166,10_epo,76.0,0.5004860457508216,fechner
167,10_epo,77.0,0.5004797290029221,fechner
168,10_epo,78.0,0.5004735743915129,fechner
169,10_epo,79.0,0.5004675757511284,fechner
170,10_epo,80.0,0.5004617272250917,fechner
171,10_epo,81.0,0.5004560232464151,fechner
172,10_epo,82.0,0.5004504585201025,fechner
173,10_epo,83.0,0.5004450280067341,fechner
174,10_epo,84.0,0.5004397269072252,fechner
175,10_epo,85.0,0.500434550648664,fechner
176,10_epo,86.0,0.500429494871139,fechner
177,10_epo,87.0,0.5004245554154768,fechner
178,10_epo,88.0,0.5004197283118176,fechner
179,10_epo,89.0,0.5004150097689621,fechner
180,10_epo,90.0,0.5004103961644308,fechner
181,10_epo,91.0,0.5004058840351786,fechner
182,10_epo,92.0,0.5004014700689169,fechner
183,10_epo,93.0,0.5003971510959966,fechner
184,10_epo,94.0,0.5003929240818097,fechner
185,10_epo,95.0,0.5003887861196721,fechner
186,11_epo,3.0,0.9999765420615176,fechner
187,11_epo,4.0,0.9985268340905623,fechner
188,11_epo,5.0,0.9924907350264318,fechner
189,11_epo,6.0,0.9810099455732653,fechner
190,11_epo,7.000000000000001,0.9651717451354107,fechner
191,11_epo,8.0,0.9465814160006897,fechner
192,11_epo,9.0,0.9266586433184144,fechner
193,11_epo,10.0,0.9064439024745434,fechner
194,11_epo,11.0,0.8866205289202869,fechner
195,11_epo,12.0,0.8675981220724951,fechner
196,11_epo,13.0,0.8495960368920736,fechner
197,11_epo,14.000000000000002,0.8327091174235587,fechner
198,11_epo,15.0,0.8169544519725706,fechner
199,11_epo,16.0,0.8023028612755313,fechner
200,11_epo,17.0,0.7886993830510506,fechner
201,11_epo,18.0,0.7760762509690692,fechner
202,11_epo,19.0,0.76436091290439,fechner
203,11_epo,20.0,0.7534808360997023,fechner
204,11_epo,21.0,0.7433662624053049,fechner
205,11_epo,22.0,0.733951673741213,fechner
206,11_epo,23.0,0.7251764588345676,fechner
207,11_epo,24.0,0.7169850958115495,fechner
208,11_epo,25.0,0.7093270506751331,fechner
209,11_epo,26.0,0.7021565178034702,fechner
210,11_epo,27.0,0.6954320811270307,fechner
211,11_epo,28.000000000000004,0.6891163442462148,fechner
212,11_epo,28.999999999999996,0.6831755583677628,fechner
213,11_epo,30.0,0.6775792646465596,fechner
214,11_epo,31.0,0.6722999597899266,fechner
215,11_epo,32.0,0.6673127889832852,fechner
216,11_epo,33.0,0.6625952672768883,fechner
217,11_epo,34.0,0.6581270288538354,fechner
218,11_epo,35.0,0.653889602640926,fechner
219,11_epo,36.0,0.6498662122426909,fechner
220,11_epo,37.0,0.6460415979923777,fechner
221,11_epo,38.0,0.642401858904233,fechner
222,11_epo,39.0,0.6389343124040175,fechner
223,11_epo,40.0,0.6356273698616537,fechner
224,11_epo,41.0,0.6324704261215238,fechner
225,11_epo,42.0,0.6294537614039881,fechner
226,11_epo,43.0,0.626568454125442,fechner
227,11_epo,44.0,0.623806303347697,fechner
228,11_epo,45.0,0.6211597597176637,fechner
229,11_epo,46.0,0.6186218638941445,fechner
230,11_epo,47.0,0.6161861915800084,fechner
231,11_epo,48.0,0.6138468043857938,fechner
232,11_epo,49.0,0.6115982058458733,fechner
233,11_epo,50.0,0.609435301991873,fechner
234,11_epo,51.0,0.6073533659612544,fechner
235,11_epo,52.0,0.6053480061830143,fechner
236,11_epo,53.0,0.6034151377383983,fechner
237,11_epo,54.0,0.6015509565433591,fechner
238,11_epo,55.00000000000001,0.5997519160421222,fechner
239,11_epo,56.00000000000001,0.5980147061384135,fechner
240,11_epo,56.99999999999999,0.5963362341233938,fechner
241,11_epo,57.99999999999999,0.5947136073877162,fechner
242,11_epo,59.0,0.593144117729931,fechner
243,11_epo,60.0,0.591625227095167,fechner
244,11_epo,61.0,0.5901545545970198,fechner
245,11_epo,62.0,0.5887298646922535,fechner
246,11_epo,63.0,0.5873490563925331,fechner
247,11_epo,64.0,0.5860101534102629,fechner
248,11_epo,65.0,0.5847112951469088,fechner
249,11_epo,66.0,0.5834507284421327,fechner
250,11_epo,67.0,0.5822268000108547,fechner
251,11_epo,68.0,0.5810379495031017,fechner
252,11_epo,69.0,0.5798827031283603,fechner
253,11_epo,70.0,0.5787596677922138,fechner
254,11_epo,71.0,0.577667525698419,fechner
255,11_epo,72.0,0.5766050293743525,fechner
256,11_epo,73.0,0.5755709970819913,fechner
257,11_epo,74.0,0.5745643085803622,fechner
258,11_epo,75.0,0.5735839012087605,fechner
259,11_epo,76.0,0.5726287662630232,fechner
260,11_epo,77.0,0.5716979456398253,fechner
261,11_epo,78.0,0.5707905287263532,fechner
262,11_epo,79.0,0.569905649514851,fechner
263,11_epo,80.0,0.5690424839234539,fechner
264,11_epo,81.0,0.5682002473064371,fechner
265,11_epo,82.0,0.5673781921385649,fechner
266,11_epo,83.0,0.5665756058595965,fechner
267,11_epo,84.0,0.565791808866274,fechner
268,11_epo,85.0,0.5650261526402288,fechner
269,11_epo,86.0,0.5642780180012682,fechner
270,11_epo,87.0,0.5635468134764152,fechner
271,11_epo,88.0,0.5628319737759105,fechner
272,11_epo,89.0,0.5621329583681288,fechner
273,11_epo,90.0,0.5614492501460461,fechner
274,11_epo,91.0,0.5607803541785089,fechner
275,11_epo,92.0,0.5601257965401154,fechner
276,11_epo,93.0,0.5594851232140283,fechner
277,11_epo,94.0,0.5588578990624963,fechner
278,11_epo,95.0,0.5582437068602877,fechner
279,12_epo,3.0,0.5008175182130139,fechner
280,12_epo,4.0,0.5004999208858397,fechner
281,12_epo,5.0,0.5003745518820443,fechner
282,12_epo,6.0,0.5003025099087945,fechner
283,12_epo,7.000000000000001,0.5002547491881497,fechner
284,12_epo,8.0,0.500220455800204,fechner
285,12_epo,9.0,0.500194516920961,fechner
286,12_epo,10.0,0.5001741567328191,fechner
287,12_epo,11.0,0.5001577231014757,fechner
288,12_epo,12.0,0.5001441653767943,fechner
289,12_epo,13.0,0.500132780951699,fechner
290,12_epo,14.000000000000002,0.5001230809558299,fechner
291,12_epo,15.0,0.5001147141099225,fechner
292,12_epo,16.0,0.5001074211716835,fechner
293,12_epo,17.0,0.500101006460071,fechner
294,12_epo,18.0,0.5000953193913219,fechner
295,12_epo,19.0,0.5000902421289471,fechner
296,12_epo,20.0,0.5000856810994692,fechner
297,12_epo,21.0,0.500081561026734,fechner
298,12_epo,22.0,0.5000778206505387,fechner
299,12_epo,23.0,0.5000744095978594,fechner
300,12_epo,24.0,0.5000712860590895,fechner
301,12_epo,25.0,0.5000684150368805,fechner
302,12_epo,26.0,0.5000657670090202,fechner
303,12_epo,27.0,0.50006331689518,fechner
304,12_epo,28.000000000000004,0.5000610432497149,fechner
305,12_epo,28.999999999999996,0.5000589276247175,fechner
306,12_epo,30.0,0.5000569540627685,fechner
307,12_epo,31.0,0.5000551086895219,fechner
308,12_epo,32.0,0.5000533793838857,fechner
309,12_epo,33.0,0.5000517555090584,fechner
310,12_epo,34.0,0.500050227691688,fechner
311,12_epo,35.0,0.5000487876393849,fechner
312,12_epo,36.0,0.5000474279890242,fechner
313,12_epo,37.0,0.5000461421799338,fechner
314,12_epo,38.0,0.5000449243473247,fechner
315,12_epo,39.0,0.5000437692322895,fechner
316,12_epo,40.0,0.5000426721054323,fechner
317,12_epo,41.0,0.5000416287017815,fechner
318,12_epo,42.0,0.5000406351650827,fechner
319,12_epo,43.0,0.5000396879999311,fechner
320,12_epo,44.0,0.5000387840304843,fechner
321,12_epo,45.0,0.5000379203647224,fechner
322,12_epo,46.0,0.5000370943634043,fechner
323,12_epo,47.0,0.5000363036130153,fechner
324,12_epo,48.0,0.5000355459021188,fechner
325,12_epo,49.0,0.5000348192006234,fechner
326,12_epo,50.0,0.5000341216415513,fechner
327,12_epo,51.0,0.5000334515049667,fechner
328,12_epo,52.0,0.5000328072037681,fechner
329,12_epo,53.0,0.5000321872710984,fechner
330,12_epo,54.0,0.5000315903491603,fechner
331,12_epo,55.00000000000001,0.5000310151792595,fechner
332,12_epo,56.00000000000001,0.5000304605929184,fechner
333,12_epo,56.99999999999999,0.5000299255039317,fechner
334,12_epo,57.99999999999999,0.5000294089012447,fechner
335,12_epo,59.0,0.5000289098425622,fechner
336,12_epo,60.0,0.500028427448597,fechner
337,12_epo,61.0,0.5000279608978869,fechner
338,12_epo,62.0,0.5000275094221166,fechner
339,12_epo,63.0,0.5000270723018847,fechner
340,12_epo,64.0,0.5000266488628708,fechner
341,12_epo,65.0,0.5000262384723568,fechner
342,12_epo,66.0,0.5000258405360662,fechner
343,12_epo,67.0,0.5000254544952863,fechner
344,12_epo,68.0,0.5000250798242466,fechner
345,12_epo,69.0,0.5000247160277244,fechner
346,12_epo,70.0,0.500024362638858,fechner
347,12_epo,71.0,0.5000240192171432,fechner
348,12_epo,72.0,0.5000236853465996,fechner
349,12_epo,73.0,0.5000233606340854,fechner
350,12_epo,74.0,0.5000230447077519,fechner
351,12_epo,75.0,0.5000227372156196,fechner
352,12_epo,76.0,0.500022437824269,fechner
353,12_epo,77.0,0.5000221462176324,fechner
354,12_epo,78.0,0.5000218620958787,fechner
355,12_epo,79.0,0.5000215851743848,fechner
356,12_epo,80.0,0.5000213151827819,fechner
357,12_epo,81.0,0.5000210518640753,fechner
358,12_epo,82.0,0.5000207949738256,fechner
359,12_epo,83.0,0.5000205442793928,fechner
360,12_epo,84.0,0.5000202995592311,fechner
361,12_epo,85.0,0.500020060602236,fechner
362,12_epo,86.0,0.5000198272071363,fechner
363,12_epo,87.0,0.5000195991819272,fechner
364,12_epo,88.0,0.5000193763433437,fechner
365,12_epo,89.0,0.5000191585163685,fechner
366,12_epo,90.0,0.5000189455337729,fechner
367,12_epo,91.0,0.5000187372356887,fechner
368,12_epo,92.0,0.500018533469207,fechner
369,12_epo,93.0,0.5000183340880037,fechner
370,12_epo,94.0,0.500018138951989,fechner
371,12_epo,95.0,0.5000179479269784,fechner
372,13_epo,3.0,0.5000025368869171,fechner
373,13_epo,4.0,0.5000015513318568,fechner
374,13_epo,5.0,0.500001162292271,fechner
375,13_epo,6.0,0.5000009387348532,fechner
376,13_epo,7.000000000000001,0.5000007905259507,fechner
377,13_epo,8.0,0.5000006841082735,fechner
378,13_epo,9.0,0.5000006036159308,fechner
379,13_epo,10.0,0.5000005404351293,fechner
380,13_epo,11.0,0.50000048943904,fechner
381,13_epo,12.0,0.5000004473673328,fechner
382,13_epo,13.0,0.5000004120397095,fechner
383,13_epo,14.000000000000002,0.5000003819391295,fechner
384,13_epo,15.0,0.5000003559755194,fechner
385,13_epo,16.0,0.5000003333444101,fechner
386,13_epo,17.0,0.5000003134385732,fechner
387,13_epo,18.0,0.5000002957907241,fechner
388,13_epo,19.0,0.5000002800351981,fechner
389,13_epo,20.0,0.5000002658816223,fechner
390,13_epo,21.0,0.5000002530964031,fechner
391,13_epo,22.0,0.5000002414894406,fechner
392,13_epo,23.0,0.5000002309044196,fechner
393,13_epo,24.0,0.5000002212115986,fechner
394,13_epo,25.0,0.5000002123023752,fechner
395,13_epo,26.0,0.5000002040851377,fechner
396,13_epo,27.0,0.5000001964820577,fechner
397,13_epo,28.000000000000004,0.5000001894265863,fechner
398,13_epo,28.999999999999996,0.5000001828614767,fechner
399,13_epo,30.0,0.5000001767372106,fechner
400,13_epo,31.0,0.5000001710107338,fechner
401,13_epo,32.0,0.5000001656444325,fechner
402,13_epo,33.0,0.5000001606052993,fechner
403,13_epo,34.0,0.5000001558642472,fechner
404,13_epo,35.0,0.5000001513955434,fechner
405,13_epo,36.0,0.5000001471763394,fechner
406,13_epo,37.0,0.5000001431862762,fechner
407,13_epo,38.0,0.5000001394071544,fechner
408,13_epo,39.0,0.5000001358226549,fechner
409,13_epo,40.0,0.5000001324181016,fechner
410,13_epo,41.0,0.5000001291802597,fechner
411,13_epo,42.0,0.5000001260971626,fechner
412,13_epo,43.0,0.5000001231579635,fechner
413,13_epo,44.0,0.5000001203528074,fechner
414,13_epo,45.0,0.5000001176727198,fechner
415,13_epo,46.0,0.5000001151095108,fechner
416,13_epo,47.0,0.5000001126556908,fechner
417,13_epo,48.0,0.5000001103043974,fechner
418,13_epo,49.0,0.5000001080493309,fechner
419,13_epo,50.0,0.5000001058846979,fechner
420,13_epo,51.0,0.5000001038051611,fechner
421,13_epo,52.0,0.5000001018057955,fechner
422,13_epo,53.0,0.5000000998820491,fechner
423,13_epo,54.0,0.5000000980297086,fechner
424,13_epo,55.00000000000001,0.500000096244868,fechner
425,13_epo,56.00000000000001,0.5000000945239013,fechner
426,13_epo,56.99999999999999,0.5000000928634379,fechner
427,13_epo,57.99999999999999,0.5000000912603404,fechner
428,13_epo,59.0,0.5000000897116846,fechner
429,13_epo,60.0,0.500000088214742,fechner
430,13_epo,61.0,0.5000000867669635,fechner
431,13_epo,62.0,0.5000000853659647,fechner
432,13_epo,63.0,0.5000000840095135,fechner
433,13_epo,64.0,0.5000000826955171,fechner
434,13_epo,65.0,0.5000000814220122,fechner
435,13_epo,66.0,0.5000000801871548,fechner
436,13_epo,67.0,0.500000078989211,fechner
437,13_epo,68.0,0.5000000778265491,fechner
438,13_epo,69.0,0.5000000766976326,fechner
439,13_epo,70.0,0.5000000756010127,fechner
440,13_epo,71.0,0.5000000745353222,fechner
441,13_epo,72.0,0.5000000734992707,fechner
442,13_epo,73.0,0.5000000724916378,fechner
443,13_epo,74.0,0.5000000715112699,fechner
444,13_epo,75.0,0.5000000705570745,fechner
445,13_epo,76.0,0.5000000696280171,fechner
446,13_epo,77.0,0.500000068723117,fechner
447,13_epo,78.0,0.5000000678414435,fechner
448,13_epo,79.0,0.5000000669821135,fechner
449,13_epo,80.0,0.500000066144288,fechner
450,13_epo,81.0,0.5000000653271697,fechner
451,13_epo,82.0,0.5000000645299998,fechner
452,13_epo,83.0,0.5000000637520564,fechner
453,13_epo,84.0,0.5000000629926521,fechner
454,13_epo,85.0,0.5000000622511318,fechner
455,13_epo,86.0,0.5000000615268709,fechner
456,13_epo,87.0,0.5000000608192737,fechner
457,13_epo,88.0,0.5000000601277713,fechner
458,13_epo,89.0,0.5000000594518208,fechner
459,13_epo,90.0,0.500000058790903,fechner
460,13_epo,91.0,0.500000058144522,fechner
461,13_epo,92.0,0.5000000575122033,fechner
462,13_epo,93.0,0.5000000568934928,fechner
463,13_epo,94.0,0.5000000562879557,fechner
464,13_epo,95.0,0.5000000556951758,fechner
465,14_epo,3.0,0.5000000002048715,fechner
466,14_epo,4.0,0.5000000001252809,fechner
467,14_epo,5.0,0.5000000000938633,fechner
468,14_epo,6.0,0.5000000000758095,fechner
469,14_epo,7.000000000000001,0.5000000000638405,fechner
470,14_epo,8.0,0.5000000000552466,fechner
471,14_epo,9.0,0.5000000000487462,fechner
472,14_epo,10.0,0.500000000043644,fechner
473,14_epo,11.0,0.5000000000395256,fechner
474,14_epo,12.0,0.5000000000361281,fechner
475,14_epo,13.0,0.5000000000332752,fechner
476,14_epo,14.000000000000002,0.5000000000308443,fechner
477,14_epo,15.0,0.5000000000287476,fechner
478,14_epo,16.0,0.5000000000269199,fechner
479,14_epo,17.0,0.5000000000253124,fechner
480,14_epo,18.0,0.5000000000238872,fechner
481,14_epo,19.0,0.5000000000226148,fechner
482,14_epo,20.0,0.5000000000214718,fechner
483,14_epo,21.0,0.5000000000204393,fechner
484,14_epo,22.0,0.500000000019502,fechner
485,14_epo,23.0,0.5000000000186472,fechner
486,14_epo,24.0,0.5000000000178644,fechner
487,14_epo,25.0,0.500000000017145,fechner
488,14_epo,26.0,0.5000000000164814,fechner
489,14_epo,27.0,0.5000000000158673,fechner
490,14_epo,28.000000000000004,0.5000000000152975,fechner
491,14_epo,28.999999999999996,0.5000000000147674,fechner
492,14_epo,30.0,0.5000000000142728,fechner
493,14_epo,31.0,0.5000000000138103,fechner
494,14_epo,32.0,0.500000000013377,fechner
495,14_epo,33.0,0.5000000000129701,fechner
496,14_epo,34.0,0.5000000000125872,fechner
497,14_epo,35.0,0.5000000000122262,fechner
498,14_epo,36.0,0.5000000000118855,fechner
499,14_epo,37.0,0.5000000000115633,fechner
500,14_epo,38.0,0.5000000000112581,fechner
501,14_epo,39.0,0.5000000000109687,fechner
502,14_epo,40.0,0.5000000000106937,fechner
503,14_epo,41.0,0.5000000000104322,fechner
504,14_epo,42.0,0.5000000000101833,fechner
505,14_epo,43.0,0.5000000000099459,fechner
506,14_epo,44.0,0.5000000000097193,fechner
507,14_epo,45.0,0.500000000009503,fechner
508,14_epo,46.0,0.5000000000092959,fechner
509,14_epo,47.0,0.5000000000090977,fechner
510,14_epo,48.0,0.5000000000089079,fechner
511,14_epo,49.0,0.5000000000087258,fechner
512,14_epo,50.0,0.5000000000085509,fechner
513,14_epo,51.0,0.500000000008383,fechner
514,14_epo,52.0,0.5000000000082215,fechner
515,14_epo,53.0,0.5000000000080662,fechner
516,14_epo,54.0,0.5000000000079166,fechner
517,14_epo,55.00000000000001,0.5000000000077724,fechner
518,14_epo,56.00000000000001,0.5000000000076334,fechner
519,14_epo,56.99999999999999,0.5000000000074993,fechner
520,14_epo,57.99999999999999,0.5000000000073699,fechner
521,14_epo,59.0,0.5000000000072449,fechner
522,14_epo,60.0,0.500000000007124,fechner
523,14_epo,61.0,0.5000000000070071,fechner
524,14_epo,62.0,0.5000000000068939,fechner
525,14_epo,63.0,0.5000000000067844,fechner
526,14_epo,64.0,0.5000000000066782,fechner
527,14_epo,65.0,0.5000000000065754,fechner
528,14_epo,66.0,0.5000000000064757,fechner
529,14_epo,67.0,0.5000000000063789,fechner
530,14_epo,68.0,0.5000000000062851,fechner
531,14_epo,69.0,0.5000000000061939,fechner
532,14_epo,70.0,0.5000000000061053,fechner
533,14_epo,71.0,0.5000000000060193,fechner
534,14_epo,72.0,0.5000000000059356,fechner
535,14_epo,73.0,0.5000000000058542,fechner
536,14_epo,74.0,0.500000000005775,fechner
537,14_epo,75.0,0.500000000005698,fechner
538,14_epo,76.0,0.500000000005623,fechner
539,14_epo,77.0,0.5000000000055499,fechner
540,14_epo,78.0,0.5000000000054787,fechner
541,14_epo,79.0,0.5000000000054093,fechner
542,14_epo,80.0,0.5000000000053416,fechner
543,14_epo,81.0,0.5000000000052757,fechner
544,14_epo,82.0,0.5000000000052113,fechner
545,14_epo,83.0,0.5000000000051484,fechner
546,14_epo,84.0,0.5000000000050872,fechner
547,14_epo,85.0,0.5000000000050272,fechner
548,14_epo,86.0,0.5000000000049687,fechner
549,14_epo,87.0,0.5000000000049116,fechner
550,14_epo,88.0,0.5000000000048558,fechner
551,14_epo,89.0,0.5000000000048012,fechner
552,14_epo,90.0,0.5000000000047478,fechner
553,14_epo,91.0,0.5000000000046956,fechner
554,14_epo,92.0,0.5000000000046445,fechner
555,14_epo,93.0,0.5000000000045945,fechner
556,14_epo,94.0,0.5000000000045457,fechner
557,14_epo,95.0,0.5000000000044977,fechner
558,15_epo,3.0,0.5362522005903185,fechner
559,15_epo,4.0,0.5221929626208399,fechner
560,15_epo,5.0,0.5166322538186475,fechner
561,15_epo,6.0,0.5134348990955234,fechner
562,15_epo,7.000000000000001,0.5113145686318205,fechner
563,15_epo,8.0,0.5097918630375978,fechner
564,15_epo,9.0,0.5086399947477168,fechner
565,15_epo,10.0,0.5077357946475568,fechner
566,15_epo,11.0,0.5070059365638049,fechner
567,15_epo,12.0,0.5064037819787899,fechner
568,15_epo,13.0,0.5058981381949743,fechner
569,15_epo,14.000000000000002,0.5054672994518505,fechner
570,15_epo,15.0,0.5050956678667329,fechner
571,15_epo,16.0,0.5047717316119329,fechner
572,15_epo,17.0,0.504486800930786,fechner
573,15_epo,18.0,0.5042341884777053,fechner
574,15_epo,19.0,0.5040086610286522,fechner
575,15_epo,20.0,0.5038060627898555,fechner
576,15_epo,21.0,0.5036230505136953,fechner
577,15_epo,22.0,0.5034569033913493,fechner
578,15_epo,23.0,0.5033053841192071,fechner
579,15_epo,24.0,0.5031666357083053,fechner
580,15_epo,25.0,0.5030391037187747,fechner
581,15_epo,26.0,0.5029214768793251,fechner
582,15_epo,27.0,0.5028126412002446,fechner
583,15_epo,28.000000000000004,0.5027116441246882,fechner
584,15_epo,28.999999999999996,0.5026176662406965,fechner
585,15_epo,30.0,0.5025299987528479,fechner
586,15_epo,31.0,0.5024480253875957,fechner
587,15_epo,32.0,0.5023712077447309,fechner
588,15_epo,33.0,0.5022990733514805,fechner
589,15_epo,34.0,0.5022312058538916,fechner
590,15_epo,35.0,0.5021672369115942,fechner
591,15_epo,36.0,0.5021068394600211,fechner
592,15_epo,37.0,0.5020497220779078,fechner
593,15_epo,38.0,0.501995624253882,fechner
594,15_epo,39.0,0.5019443123888321,fechner
595,15_epo,40.0,0.5018955764038254,fechner
596,15_epo,41.0,0.5018492268490716,fechner
597,15_epo,42.0,0.5018050924295657,fechner
598,15_epo,43.0,0.5017630178789141,fechner
599,15_epo,44.0,0.5017228621254354,fechner
600,15_epo,45.0,0.5016844967046651,fechner
601,15_epo,46.0,0.5016478043804495,fechner
602,15_epo,47.0,0.5016126779433102,fechner
603,15_epo,48.0,0.501579019160025,fechner
604,15_epo,49.0,0.5015467378526632,fechner
605,15_epo,50.0,0.5015157510888205,fechner
606,15_epo,51.0,0.5014859824676882,fechner
607,15_epo,52.0,0.5014573614889675,fechner
608,15_epo,53.0,0.5014298229936228,fechner
609,15_epo,54.0,0.501403306667099,fechner
610,15_epo,55.00000000000001,0.5013777565970112,fechner
611,15_epo,56.00000000000001,0.5013531208784563,fechner
612,15_epo,56.99999999999999,0.5013293512610668,fechner
613,15_epo,57.99999999999999,0.501306402832744,fechner
614,15_epo,59.0,0.5012842337356943,fechner
615,15_epo,60.0,0.5012628049109833,fechner
616,15_epo,61.0,0.5012420798683195,fechner
617,15_epo,62.0,0.5012220244782044,fechner
618,15_epo,63.0,0.5012026067839552,fechner
619,15_epo,64.0,0.5011837968314157,fechner
620,15_epo,65.0,0.501165566514442,fechner
621,15_epo,66.0,0.501147889434486,fechner
622,15_epo,67.0,0.5011307407727941,fechner
623,15_epo,68.0,0.5011140971739212,fechner
624,15_epo,69.0,0.5010979366394054,fechner
625,15_epo,70.0,0.5010822384305846,fechner
626,15_epo,71.0,0.5010669829796514,fechner
627,15_epo,72.0,0.50105215180814,fechner
628,15_epo,73.0,0.5010377274521343,fechner
629,15_epo,74.0,0.5010236933935545,fechner
630,15_epo,75.0,0.5010100339969575,fechner
631,15_epo,76.0,0.5009967344513387,fechner
632,15_epo,77.0,0.5009837807164812,fechner
633,15_epo,78.0,0.5009711594734407,fechner
634,15_epo,79.0,0.5009588580788026,fechner
635,15_epo,80.0,0.5009468645223748,fechner
636,15_epo,81.0,0.500935167388025,fechner
637,15_epo,82.0,0.5009237558173867,fechner
638,15_epo,83.0,0.5009126194761976,fechner
639,15_epo,84.0,0.5009017485230446,fechner
640,15_epo,85.0,0.5008911335803227,fechner
641,15_epo,86.0,0.5008807657072213,fechner
642,15_epo,87.0,0.5008706363745793,fechner
643,15_epo,88.0,0.5008607374414569,fechner
644,15_epo,89.0,0.5008510611332898,fechner
645,15_epo,90.0,0.5008416000215037,fechner
646,15_epo,91.0,0.5008323470044733,fechner
647,15_epo,92.0,0.5008232952897272,fechner
648,15_epo,93.0,0.5008144383773022,fechner
649,15_epo,94.0,0.5008057700441609,fechner
650,15_epo,95.0,0.500797284329597,fechner
651,16_epo,3.0,0.9814949759308554,fechner
652,16_epo,4.0,0.9189620752181348,fechner
653,16_epo,5.0,0.8604889488259223,fechner
654,16_epo,6.0,0.812968987237836,fechner
655,16_epo,7.000000000000001,0.7751153862031566,fechner
656,16_epo,8.0,0.7447579508549218,fechner
657,16_epo,9.0,0.7200784645770844,fechner
658,16_epo,10.0,0.6997174631886528,fechner
659,16_epo,11.0,0.6826826460274282,fechner
660,16_epo,12.0,0.6682481011046927,fechner
661,16_epo,13.0,0.6558767818658003,fechner
662,16_epo,14.000000000000002,0.6451656798932196,fechner
663,16_epo,15.0,0.6358078703986791,fechner
664,16_epo,16.0,0.6275662301547441,fechner
665,16_epo,17.0,0.6202550743958745,fechner
666,16_epo,18.0,0.6137271658170251,fechner
667,16_epo,19.0,0.6078643975840606,fechner
668,16_epo,20.0,0.6025710184316075,fechner
669,16_epo,21.0,0.5977686396945717,fechner
670,16_epo,22.0,0.5933925081908706,fechner
671,16_epo,23.0,0.5893886902156451,fechner
672,16_epo,24.0,0.5857119196612951,fechner
673,16_epo,25.0,0.5823239360941793,fechner
674,16_epo,26.0,0.579192188435841,fechner
675,16_epo,27.0,0.5762888144023013,fechner
676,16_epo,28.000000000000004,0.5735898300461473,fechner
677,16_epo,28.999999999999996,0.5710744809054141,fechner
678,16_epo,30.0,0.5687247185717773,fechner
679,16_epo,31.0,0.5665247754143894,fechner
680,16_epo,32.0,0.5644608167316253,fechner
681,16_epo,33.0,0.5625206544363873,fechner
682,16_epo,34.0,0.5606935099878038,fechner
683,16_epo,35.0,0.5589698169976522,fechner
684,16_epo,36.0,0.5573410560009764,fechner
685,16_epo,37.0,0.5557996154570529,fechner
686,16_epo,38.0,0.5543386742619675,fechner
687,16_epo,39.0,0.5529521019970832,fechner
688,16_epo,40.0,0.5516343738744787,fechner
689,16_epo,41.0,0.550380497919777,fechner
690,16_epo,42.0,0.5491859523910788,fechner
691,16_epo,43.0,0.5480466317973628,fechner
692,16_epo,44.0,0.5469588001714527,fechner
693,16_epo,45.0,0.5459190504872855,fechner
694,16_epo,46.0,0.544924269300872,fechner
695,16_epo,47.0,0.5439716058483882,fechner
696,16_epo,48.0,0.5430584449605281,fechner
697,16_epo,49.0,0.5421823832552628,fechner
698,16_epo,50.0,0.5413412081559356,fechner
699,16_epo,51.0,0.5405328793516818,fechner
700,16_epo,52.0,0.5397555123752931,fechner
701,16_epo,53.0,0.5390073640220366,fechner
702,16_epo,54.0,0.5382868193733957,fechner
703,16_epo,55.00000000000001,0.5375923802236128,fechner
704,16_epo,56.00000000000001,0.5369226547354579,fechner
705,16_epo,56.99999999999999,0.5362763481757339,fechner
706,16_epo,57.99999999999999,0.5356522546014288,fechner
707,16_epo,59.0,0.5350492493847478,fechner
708,16_epo,60.0,0.5344662824800117,fechner
709,16_epo,61.0,0.5339023723480054,fechner
710,16_epo,62.0,0.5333566004641572,fechner
711,16_epo,63.0,0.5328281063461868,fechner
712,16_epo,64.0,0.5323160830448419,fechner
713,16_epo,65.0,0.5318197730482185,fechner
714,16_epo,66.0,0.5313384645561138,fechner
715,16_epo,67.0,0.5308714880860218,fechner
716,16_epo,68.0,0.5304182133768592,fechner
717,16_epo,69.0,0.5299780465604139,fechner
718,16_epo,70.0,0.5295504275739155,fechner
719,16_epo,71.0,0.5291348277900986,fechner
720,16_epo,72.0,0.5287307478437421,fechner
721,16_epo,73.0,0.5283377156359521,fechner
722,16_epo,74.0,0.5279552844994704,fechner
723,16_epo,75.0,0.5275830315100613,fechner
724,16_epo,76.0,0.5272205559305947,fechner
725,16_epo,77.0,0.5268674777758244,fechner
726,16_epo,78.0,0.5265234364870846,fechner
727,16_epo,79.0,0.5261880897072122,fechner
728,16_epo,80.0,0.5258611121469702,fechner
729,16_epo,81.0,0.5255421945350967,fechner
730,16_epo,82.0,0.5252310426448792,fechner
731,16_epo,83.0,0.5249273763908229,fechner
732,16_epo,84.0,0.5246309289896021,fechner
733,16_epo,85.0,0.5243414461800202,fechner
734,16_epo,86.0,0.524058685497197,fechner
735,16_epo,87.0,0.5237824155966356,fechner
736,16_epo,88.0,0.5235124156242195,fechner
737,16_epo,89.0,0.5232484746285385,fechner
738,16_epo,90.0,0.5229903910122672,fechner
739,16_epo,91.0,0.5227379720195978,fechner
740,16_epo,92.0,0.522491033257,fechner
741,16_epo,93.0,0.522249398244803,fechner
742,16_epo,94.0,0.5220128979973153,fechner
743,16_epo,95.0,0.5217813706293863,fechner
744,17_epo,3.0,0.5000000002471439,fechner
745,17_epo,4.0,0.500000000151131,fechner
746,17_epo,5.0,0.5000000001132306,fechner
747,17_epo,6.0,0.5000000000914516,fechner
748,17_epo,7.000000000000001,0.5000000000770132,fechner
749,17_epo,8.0,0.5000000000666459,fechner
750,17_epo,9.0,0.5000000000588043,fechner
751,17_epo,10.0,0.5000000000526492,fechner
752,17_epo,11.0,0.5000000000476812,fechner
753,17_epo,12.0,0.5000000000435826,fechner
754,17_epo,13.0,0.500000000040141,fechner
755,17_epo,14.000000000000002,0.5000000000372086,fechner
756,17_epo,15.0,0.5000000000346791,fechner
757,17_epo,16.0,0.5000000000324745,fechner
758,17_epo,17.0,0.5000000000305352,fechner
759,17_epo,18.0,0.500000000028816,fechner
760,17_epo,19.0,0.5000000000272811,fechner
761,17_epo,20.0,0.5000000000259023,fechner
762,17_epo,21.0,0.5000000000246567,fechner
763,17_epo,22.0,0.500000000023526,fechner
764,17_epo,23.0,0.5000000000224948,fechner
765,17_epo,24.0,0.5000000000215504,fechner
766,17_epo,25.0,0.5000000000206826,fechner
767,17_epo,26.0,0.500000000019882,fechner
768,17_epo,27.0,0.5000000000191414,fechner
769,17_epo,28.000000000000004,0.500000000018454,fechner
770,17_epo,28.999999999999996,0.5000000000178144,fechner
771,17_epo,30.0,0.5000000000172178,fechner
772,17_epo,31.0,0.5000000000166599,fechner
773,17_epo,32.0,0.5000000000161371,fechner
774,17_epo,33.0,0.5000000000156462,fechner
775,17_epo,34.0,0.5000000000151843,fechner
776,17_epo,35.0,0.500000000014749,fechner
777,17_epo,36.0,0.500000000014338,fechner
778,17_epo,37.0,0.5000000000139493,fechner
779,17_epo,38.0,0.500000000013581,fechner
780,17_epo,39.0,0.5000000000132319,fechner
781,17_epo,40.0,0.5000000000129002,fechner
782,17_epo,41.0,0.5000000000125848,fechner
783,17_epo,42.0,0.5000000000122844,fechner
784,17_epo,43.0,0.5000000000119981,fechner
785,17_epo,44.0,0.5000000000117248,fechner
786,17_epo,45.0,0.5000000000114637,fechner
787,17_epo,46.0,0.500000000011214,fechner
788,17_epo,47.0,0.500000000010975,fechner
789,17_epo,48.0,0.5000000000107458,fechner
790,17_epo,49.0,0.5000000000105262,fechner
791,17_epo,50.0,0.5000000000103153,fechner
792,17_epo,51.0,0.5000000000101127,fechner
793,17_epo,52.0,0.500000000009918,fechner
794,17_epo,53.0,0.5000000000097305,fechner
795,17_epo,54.0,0.50000000000955,fechner
796,17_epo,55.00000000000001,0.5000000000093762,fechner
797,17_epo,56.00000000000001,0.5000000000092085,fechner
798,17_epo,56.99999999999999,0.5000000000090468,fechner
799,17_epo,57.99999999999999,0.5000000000088906,fechner
800,17_epo,59.0,0.5000000000087398,fechner
801,17_epo,60.0,0.5000000000085939,fechner
802,17_epo,61.0,0.5000000000084529,fechner
803,17_epo,62.0,0.5000000000083163,fechner
804,17_epo,63.0,0.5000000000081842,fechner
805,17_epo,64.0,0.5000000000080562,fechner
806,17_epo,65.0,0.5000000000079322,fechner
807,17_epo,66.0,0.5000000000078119,fechner
808,17_epo,67.0,0.5000000000076952,fechner
809,17_epo,68.0,0.5000000000075819,fechner
810,17_epo,69.0,0.5000000000074719,fechner
811,17_epo,70.0,0.5000000000073651,fechner
812,17_epo,71.0,0.5000000000072613,fechner
813,17_epo,72.0,0.5000000000071603,fechner
814,17_epo,73.0,0.5000000000070621,fechner
815,17_epo,74.0,0.5000000000069666,fechner
816,17_epo,75.0,0.5000000000068737,fechner
817,17_epo,76.0,0.5000000000067831,fechner
818,17_epo,77.0,0.500000000006695,fechner
819,17_epo,78.0,0.5000000000066092,fechner
820,17_epo,79.0,0.5000000000065254,fechner
821,17_epo,80.0,0.5000000000064438,fechner
822,17_epo,81.0,0.5000000000063642,fechner
823,17_epo,82.0,0.5000000000062865,fechner
824,17_epo,83.0,0.5000000000062107,fechner
825,17_epo,84.0,0.5000000000061368,fechner
826,17_epo,85.0,0.5000000000060645,fechner
827,17_epo,86.0,0.500000000005994,fechner
828,17_epo,87.0,0.500000000005925,fechner
829,17_epo,88.0,0.5000000000058576,fechner
830,17_epo,89.0,0.5000000000057918,fechner
831,17_epo,90.0,0.5000000000057274,fechner
832,17_epo,91.0,0.5000000000056645,fechner
833,17_epo,92.0,0.5000000000056029,fechner
834,17_epo,93.0,0.5000000000055426,fechner
835,17_epo,94.0,0.5000000000054836,fechner
836,17_epo,95.0,0.5000000000054259,fechner
837,18_epo,3.0,0.9085450302406923,fechner
838,18_epo,4.0,0.8028219292698131,fechner
839,18_epo,5.0,0.7411448079957795,fechner
840,18_epo,6.0,0.7004827280582974,fechner
841,18_epo,7.000000000000001,0.6716069025192205,fechner
842,18_epo,8.0,0.6500249815043915,fechner
843,18_epo,9.0,0.6332766904945601,fechner
844,18_epo,10.0,0.6198987059031051,fechner
845,18_epo,11.0,0.6089651923396299,fechner
846,18_epo,12.0,0.5998614210378818,fechner
847,18_epo,13.0,0.5921630669861021,fechner
848,18_epo,14.000000000000002,0.5855677158026271,fechner
849,18_epo,15.0,0.5798539791637829,fechner
850,18_epo,16.0,0.5748560420870757,fechner
851,18_epo,17.0,0.5704472439567422,fechner
852,18_epo,18.0,0.5665291592688935,fechner
853,18_epo,19.0,0.5630241413608064,fechner
854,18_epo,20.0,0.5598701115306965,fechner
855,18_epo,21.0,0.5570168420381427,fechner
856,18_epo,22.0,0.5544232559271532,fechner
857,18_epo,23.0,0.5520554331877792,fechner
858,18_epo,24.0,0.5498851166277708,fechner
859,18_epo,25.0,0.5478885771562706,fechner
860,18_epo,26.0,0.5460457414748747,fechner
861,18_epo,27.0,0.5443395139896243,fechner
862,18_epo,28.000000000000004,0.5427552442867832,fechner
863,18_epo,28.999999999999996,0.5412803049681081,fechner
864,18_epo,30.0,0.5399037540486866,fechner
865,18_epo,31.0,0.5386160627905764,fechner
866,18_epo,32.0,0.5374088946357896,fechner
867,18_epo,33.0,0.5362749243835276,fechner
868,18_epo,34.0,0.5352076893147364,fechner
869,18_epo,35.0,0.534201465866298,fechner
870,18_epo,36.0,0.5332511668808627,fechner
871,18_epo,37.0,0.5323522555351882,fechner
872,18_epo,38.0,0.5315006728713202,fechner
873,18_epo,39.0,0.53069277648659,fechner
874,18_epo,40.0,0.5299252884277487,fechner
875,18_epo,41.0,0.5291952507163622,fechner
876,18_epo,42.0,0.5284999872324826,fechner
877,18_epo,43.0,0.5278370709206694,fechner
878,18_epo,44.0,0.5272042954709574,fechner
879,18_epo,45.0,0.5265996507781425,fechner
880,18_epo,46.0,0.5260213016040144,fechner
881,18_epo,47.0,0.5254675689651694,fechner
882,18_epo,48.0,0.5249369138486684,fechner
883,18_epo,49.0,0.5244279229227747,fechner
884,18_epo,50.0,0.5239392959632986,fechner
885,18_epo,51.0,0.5234698347599319,fechner
886,18_epo,52.0,0.5230184333032366,fechner
887,18_epo,53.0,0.5225840690830514,fechner
888,18_epo,54.0,0.5221657953541717,fechner
889,18_epo,55.00000000000001,0.5217627342461327,fechner
890,18_epo,56.00000000000001,0.5213740706115355,fechner
891,18_epo,56.99999999999999,0.5209990465221725,fechner
892,18_epo,57.99999999999999,0.5206369563347384,fechner
893,18_epo,59.0,0.5202871422585178,fechner
894,18_epo,60.0,0.5199489903664631,fechner
895,18_epo,61.0,0.5196219269987593,fechner
896,18_epo,62.0,0.5193054155145481,fechner
897,18_epo,63.0,0.5189989533531106,fechner
898,18_epo,64.0,0.5187020693706504,fechner
899,18_epo,65.0,0.5184143214229872,fechner
900,18_epo,66.0,0.5181352941680678,fechner
901,18_epo,67.0,0.5178645970653261,fechner
902,18_epo,68.0,0.5176018625516164,fechner
903,18_epo,69.0,0.5173467443758044,fechner
904,18_epo,70.0,0.5170989160761449,fechner
905,18_epo,71.0,0.5168580695863637,fechner
906,18_epo,72.0,0.5166239139579286,fechner
907,18_epo,73.0,0.5163961741873635,fechner
908,18_epo,74.0,0.5161745901386672,fechner
909,18_epo,75.0,0.5159589155519588,fechner
910,18_epo,76.0,0.5157489171304046,fechner
911,18_epo,77.0,0.5155443736983085,fechner
912,18_epo,78.0,0.5153450754239788,fechner
913,18_epo,79.0,0.5151508231016294,fechner
914,18_epo,80.0,0.514961427487149,fechner
915,18_epo,81.0,0.5147767086830818,fechner
916,18_epo,82.0,0.514596495568619,fechner
917,18_epo,83.0,0.5144206252708023,fechner
918,18_epo,84.0,0.5142489426735056,fechner
919,18_epo,85.0,0.5140812999610832,fechner
920,18_epo,86.0,0.5139175561938617,fechner
921,18_epo,87.0,0.5137575769129127,fechner
922,18_epo,88.0,0.5136012337717785,fechner
923,18_epo,89.0,0.5134484041930275,fechner
924,18_epo,90.0,0.513298971047711,fechner
925,18_epo,91.0,0.5131528223559574,fechner
926,18_epo,92.0,0.5130098510070945,fechner
927,18_epo,93.0,0.5128699544978338,fechner
928,18_epo,94.0,0.5127330346871659,fechner
929,18_epo,95.0,0.5125989975667408,fechner
930,19_epo,3.0,0.5000000000000011,fechner
931,19_epo,4.0,0.5000000000000007,fechner
932,19_epo,5.0,0.5000000000000006,fechner
933,19_epo,6.0,0.5000000000000004,fechner
934,19_epo,7.000000000000001,0.5000000000000003,fechner
935,19_epo,8.0,0.5000000000000003,fechner
936,19_epo,9.0,0.5000000000000003,fechner
937,19_epo,10.0,0.5000000000000002,fechner
938,19_epo,11.0,0.5000000000000002,fechner
939,19_epo,12.0,0.5000000000000002,fechner
940,19_epo,13.0,0.5000000000000002,fechner
941,19_epo,14.000000000000002,0.5000000000000002,fechner
942,19_epo,15.0,0.5000000000000002,fechner
943,19_epo,16.0,0.5000000000000001,fechner
944,19_epo,17.0,0.5000000000000001,fechner
945,19_epo,18.0,0.5000000000000001,fechner
946,19_epo,19.0,0.5000000000000001,fechner
947,19_epo,20.0,0.5000000000000001,fechner
948,19_epo,21.0,0.5000000000000001,fechner
949,19_epo,22.0,0.5000000000000001,fechner
950,19_epo,23.0,0.5000000000000001,fechner
951,19_epo,24.0,0.5000000000000001,fechner
952,19_epo,25.0,0.5000000000000001,fechner
953,19_epo,26.0,0.5000000000000001,fechner
954,19_epo,27.0,0.5000000000000001,fechner
955,19_epo,28.000000000000004,0.5000000000000001,fechner
956,19_epo,28.999999999999996,0.5000000000000001,fechner
957,19_epo,30.0,0.5000000000000001,fechner
958,19_epo,31.0,0.5000000000000001,fechner
959,19_epo,32.0,0.5000000000000001,fechner
960,19_epo,33.0,0.5000000000000001,fechner
961,19_epo,34.0,0.5000000000000001,fechner
962,19_epo,35.0,0.5000000000000001,fechner
963,19_epo,36.0,0.5000000000000001,fechner
964,19_epo,37.0,0.5000000000000001,fechner
965,19_epo,38.0,0.5000000000000001,fechner
966,19_epo,39.0,0.5000000000000001,fechner
967,19_epo,40.0,0.5000000000000001,fechner
968,19_epo,41.0,0.5000000000000001,fechner
969,19_epo,42.0,0.5000000000000001,fechner
970,19_epo,43.0,0.5000000000000001,fechner
971,19_epo,44.0,0.5000000000000001,fechner
972,19_epo,45.0,0.5000000000000001,fechner
973,19_epo,46.0,0.5000000000000001,fechner
974,19_epo,47.0,0.5000000000000001,fechner
975,19_epo,48.0,0.5000000000000001,fechner
976,19_epo,49.0,0.5000000000000001,fechner
977,19_epo,50.0,0.5000000000000001,fechner
978,19_epo,51.0,0.5000000000000001,fechner
979,19_epo,52.0,0.5000000000000001,fechner
980,19_epo,53.0,0.5000000000000001,fechner
981,19_epo,54.0,0.5000000000000001,fechner
982,19_epo,55.00000000000001,0.5000000000000001,fechner
983,19_epo,56.00000000000001,0.5000000000000001,fechner
984,19_epo,56.99999999999999,0.5,fechner
985,19_epo,57.99999999999999,0.5,fechner
986,19_epo,59.0,0.5,fechner
987,19_epo,60.0,0.5,fechner
988,19_epo,61.0,0.5,fechner
989,19_epo,62.0,0.5,fechner
990,19_epo,63.0,0.5,fechner
991,19_epo,64.0,0.5,fechner
992,19_epo,65.0,0.5,fechner
993,19_epo,66.0,0.5,fechner
994,19_epo,67.0,0.5,fechner
995,19_epo,68.0,0.5,fechner
996,19_epo,69.0,0.5,fechner
997,19_epo,70.0,0.5,fechner
998,19_epo,71.0,0.5,fechner
999,19_epo,72.0,0.5,fechner
1000,19_epo,73.0,0.5,fechner
1001,19_epo,74.0,0.5,fechner
1002,19_epo,75.0,0.5,fechner
1003,19_epo,76.0,0.5,fechner
1004,19_epo,77.0,0.5,fechner
1005,19_epo,78.0,0.5,fechner
1006,19_epo,79.0,0.5,fechner
1007,19_epo,80.0,0.5,fechner
1008,19_epo,81.0,0.5,fechner
1009,19_epo,82.0,0.5,fechner
1010,19_epo,83.0,0.5,fechner
1011,19_epo,84.0,0.5,fechner
1012,19_epo,85.0,0.5,fechner
1013,19_epo,86.0,0.5,fechner
1014,19_epo,87.0,0.5,fechner
1015,19_epo,88.0,0.5,fechner
1016,19_epo,89.0,0.5,fechner
1017,19_epo,90.0,0.5,fechner
1018,19_epo,91.0,0.5,fechner
1019,19_epo,92.0,0.5,fechner
1020,19_epo,93.0,0.5,fechner
1021,19_epo,94.0,0.5,fechner
1022,19_epo,95.0,0.5,fechner
1023,1_epo,3.0,0.5214043560762593,fechner
1024,1_epo,4.0,0.5130939887489788,fechner
1025,1_epo,5.0,0.5098112911298589,fechner
1026,1_epo,6.0,0.507924523143118,fechner
1027,1_epo,7.000000000000001,0.5066735497636983,fechner
1028,1_epo,8.0,0.5057752673177813,fechner
1029,1_epo,9.0,0.5050957981797597,fechner
1030,1_epo,10.0,0.5045624496044848,fechner
1031,1_epo,11.0,0.5041319521590283,fechner
1032,1_epo,12.0,0.5037767876878118,fechner
1033,1_epo,13.0,0.5034785530304093,fechner
1034,1_epo,14.000000000000002,0.5032244429443672,fechner
1035,1_epo,15.0,0.5030052559499242,fechner
1036,1_epo,16.0,0.5028142012648673,fechner
1037,1_epo,17.0,0.502646152993067,fechner
1038,1_epo,18.0,0.5024971665159174,fechner
1039,1_epo,19.0,0.5023641550120359,fechner
1040,1_epo,20.0,0.5022446672261733,fechner
1041,1_epo,21.0,0.5021367312050132,fechner
1042,1_epo,22.0,0.5020387421497834,fechner
1043,1_epo,23.0,0.5019493804592485,fechner
1044,1_epo,24.0,0.5018675508589145,fechner
1045,1_epo,25.0,0.5017923365290271,fechner
1046,1_epo,26.0,0.50172296407806,fechner
1047,1_epo,27.0,0.5016587764759708,fechner
1048,1_epo,28.000000000000004,0.5015992119088909,fechner
1049,1_epo,28.999999999999996,0.5015437870937012,fechner
1050,1_epo,30.0,0.5014920839900178,fechner
1051,1_epo,31.0,0.5014437391274258,fechner
1052,1_epo,32.0,0.5013984349654126,fechner
1053,1_epo,33.0,0.501355892847437,fechner
1054,1_epo,34.0,0.5013158672156531,fechner
1055,1_epo,35.0,0.5012781408303436,fechner
1056,1_epo,36.0,0.5012425207959198,fechner
1057,1_epo,37.0,0.5012088352388424,fechner
1058,1_epo,38.0,0.5011769305158442,fechner
1059,1_epo,39.0,0.5011466688561268,fechner
1060,1_epo,40.0,0.5011179263607204,fechner
1061,1_epo,41.0,0.5010905912973634,fechner
1062,1_epo,42.0,0.5010645626411446,fechner
1063,1_epo,43.0,0.5010397488205038,fechner
1064,1_epo,44.0,0.5010160666356177,fechner
1065,1_epo,45.0,0.5009934403221149,fechner
1066,1_epo,46.0,0.500971800737816,fechner
1067,1_epo,47.0,0.5009510846540276,fechner
1068,1_epo,48.0,0.5009312341360218,fechner
1069,1_epo,49.0,0.5009121959998689,fechner
1070,1_epo,50.0,0.5008939213348526,fechner
1071,1_epo,51.0,0.5008763650824081,fechner
1072,1_epo,52.0,0.5008594856639215,fechner
1073,1_epo,53.0,0.5008432446508981,fechner
1074,1_epo,54.0,0.5008276064719722,fechner
1075,1_epo,55.00000000000001,0.5008125381520423,fechner
1076,1_epo,56.00000000000001,0.5007980090794943,fechner
1077,1_epo,56.99999999999999,0.5007839907980427,fechner
1078,1_epo,57.99999999999999,0.5007704568202045,fechner
1079,1_epo,59.0,0.5007573824598258,fechner
1080,1_epo,60.0,0.5007447446814262,fechner
1081,1_epo,61.0,0.5007325219644241,fechner
1082,1_epo,62.0,0.5007206941805531,fechner
1083,1_epo,63.0,0.5007092424829982,fechner
1084,1_epo,64.0,0.5006981492059641,fechner
1085,1_epo,65.0,0.5006873977735485,fechner
1086,1_epo,66.0,0.5006769726169277,fechner
1087,1_epo,67.0,0.500666859098984,fechner
1088,1_epo,68.0,0.5006570434456057,fechner
1089,1_epo,69.0,0.5006475126829804,fechner
1090,1_epo,70.0,0.5006382545802789,fechner
1091,1_epo,71.0,0.5006292575971985,fechner
1092,1_epo,72.0,0.5006205108358895,fechner
1093,1_epo,73.0,0.5006120039968452,fechner
1094,1_epo,74.0,0.5006037273383774,fechner
1095,1_epo,75.0,0.5005956716393433,fechner
1096,1_epo,76.0,0.500587828164822,fechner
1097,1_epo,77.0,0.5005801886344735,fechner
1098,1_epo,78.0,0.5005727451933368,fechner
1099,1_epo,79.0,0.5005654903848514,fechner
1100,1_epo,80.0,0.500558417125907,fechner
1101,1_epo,81.0,0.5005515186837458,fechner
1102,1_epo,82.0,0.5005447886545591,fechner
1103,1_epo,83.0,0.500538220943633,fechner
1104,1_epo,84.0,0.5005318097469172,fechner
1105,1_epo,85.0,0.5005255495338964,fechner
1106,1_epo,86.0,0.5005194350316591,fechner
1107,1_epo,87.0,0.5005134612100682,fechner
1108,1_epo,88.0,0.5005076232679438,fechner
1109,1_epo,89.0,0.5005019166201794,fechner
1110,1_epo,90.0,0.5004963368857189,fechner
1111,1_epo,91.0,0.500490879876328,fechner
1112,1_epo,92.0,0.5004855415860981,fechner
1113,1_epo,93.0,0.5004803181816302,fechner
1114,1_epo,94.0,0.5004752059928447,fechner
1115,1_epo,95.0,0.5004702015043739,fechner
1116,20_epo,3.0,0.537856828261711,fechner
1117,20_epo,4.0,0.5231775969947043,fechner
1118,20_epo,5.0,0.5173706308616955,fechner
1119,20_epo,6.0,0.5140314952771711,fechner
1120,20_epo,7.000000000000001,0.5118170835834768,fechner
1121,20_epo,8.0,0.5102267897415529,fechner
1122,20_epo,9.0,0.5090237819442485,fechner
1123,20_epo,10.0,0.5080794319090567,fechner
1124,20_epo,11.0,0.5073171618133562,fechner
1125,20_epo,12.0,0.5066882642107674,fechner
1126,20_epo,13.0,0.5061601622994556,fechner
1127,20_epo,14.000000000000002,0.5057101869816953,fechner
1128,20_epo,15.0,0.5053220480066821,fechner
1129,20_epo,16.0,0.5049837224892222,fechner
1130,20_epo,17.0,0.5046861348597014,fechner
1131,20_epo,18.0,0.5044223008393222,fechner
1132,20_epo,19.0,0.5041867548211932,fechner
1133,20_epo,20.0,0.503975156461688,fechner
1134,20_epo,21.0,0.5037840140395179,fechner
1135,20_epo,22.0,0.5036104859096692,fechner
1136,20_epo,23.0,0.5034522354021354,fechner
1137,20_epo,24.0,0.5033073230500731,fechner
1138,20_epo,25.0,0.5031741253715214,fechner
1139,20_epo,26.0,0.5030512728522932,fechner
1140,20_epo,27.0,0.5029376020214107,fechner
1141,20_epo,28.000000000000004,0.5028321180105025,fechner
1142,20_epo,28.999999999999996,0.5027339650096221,fechner
1143,20_epo,30.0,0.5026424027384334,fechner
1144,20_epo,31.0,0.5025567875479565,fechner
1145,20_epo,32.0,0.5024765571214618,fechner
1146,20_epo,33.0,0.5024012179980162,fechner
1147,20_epo,34.0,0.5023303353282282,fechner
1148,20_epo,35.0,0.5022635244090173,fechner
1149,20_epo,36.0,0.5022004436465717,fechner
1150,20_epo,37.0,0.5021407886736704,fechner
1151,20_epo,38.0,0.5020842874060301,fechner
1152,20_epo,39.0,0.5020306958671058,fechner
1153,20_epo,40.0,0.5019797946453388,fechner
1154,20_epo,41.0,0.5019313858747033,fechner
1155,20_epo,42.0,0.5018852906504387,fechner
1156,20_epo,43.0,0.5018413468084323,fechner
1157,20_epo,44.0,0.5017994070098566,fechner
1158,20_epo,45.0,0.5017593370831559,fechner
1159,20_epo,46.0,0.5017210145838887,fechner
1160,20_epo,47.0,0.5016843275397124,fechner
1161,20_epo,48.0,0.5016491733533031,fechner
1162,20_epo,49.0,0.5016154578404795,fechner
1163,20_epo,50.0,0.5015830943844662,fechner
1164,20_epo,51.0,0.5015520031902477,fechner
1165,20_epo,52.0,0.5015221106254484,fechner
1166,20_epo,53.0,0.5014933486362414,fechner
1167,20_epo,54.0,0.5014656542284984,fechner
1168,20_epo,55.00000000000001,0.501438969005829,fechner
1169,20_epo,56.00000000000001,0.5014132387573592,fechner
1170,20_epo,56.99999999999999,0.5013884130891061,fechner
1171,20_epo,57.99999999999999,0.5013644450936607,fechner
1172,20_epo,59.0,0.5013412910536096,fechner
1173,20_epo,60.0,0.5013189101747407,fechner
1174,20_epo,61.0,0.5012972643455997,fechner
1175,20_epo,62.0,0.5012763179204069,fechner
1176,20_epo,63.0,0.5012560375227282,fechner
1177,20_epo,64.0,0.501236391867621,fechner
1178,20_epo,65.0,0.5012173516002567,fechner
1179,20_epo,66.0,0.5011988891492642,fechner
1180,20_epo,67.0,0.5011809785932527,fechner
1181,20_epo,68.0,0.5011635955391497,fechner
1182,20_epo,69.0,0.5011467170111523,fechner
1183,20_epo,70.0,0.5011303213492267,fechner
1184,20_epo,71.0,0.5011143881162111,fechner
1185,20_epo,72.0,0.5010988980126819,fechner
1186,20_epo,73.0,0.5010838327988383,fechner
1187,20_epo,74.0,0.5010691752227369,fechner
1188,20_epo,75.0,0.5010549089542841,fechner
1189,20_epo,76.0,0.5010410185244524,fechner
1190,20_epo,77.0,0.5010274892692456,fechner
1191,20_epo,78.0,0.5010143072779853,fechner
1192,20_epo,79.0,0.5010014593455338,fechner
1193,20_epo,80.0,0.5009889329281094,fechner
1194,20_epo,81.0,0.5009767161023819,fechner
1195,20_epo,82.0,0.5009647975275678,fechner
1196,20_epo,83.0,0.500953166410272,fechner
1197,20_epo,84.0,0.5009418124718452,fechner
1198,20_epo,85.0,0.5009307259180518,fechner
1199,20_epo,86.0,0.5009198974108562,fechner
1200,20_epo,87.0,0.5009093180421615,fechner
1201,20_epo,88.0,0.5008989793093396,fechner
1202,20_epo,89.0,0.5008888730924155,fechner
1203,20_epo,90.0,0.500878991632775,fechner
1204,20_epo,91.0,0.5008693275132796,fechner
1205,20_epo,92.0,0.5008598736396791,fechner
1206,20_epo,93.0,0.500850623223227,fechner
1207,20_epo,94.0,0.5008415697644064,fechner
1208,20_epo,95.0,0.5008327070376859,fechner
1209,21_epo,3.0,0.5251260371051428,fechner
1210,21_epo,4.0,0.5153729305971195,fechner
1211,21_epo,5.0,0.5115193335282106,fechner
1212,21_epo,6.0,0.5093042563054881,fechner
1213,21_epo,7.000000000000001,0.5078355490684247,fechner
1214,21_epo,8.0,0.5067808958537582,fechner
1215,21_epo,9.0,0.5059831352733597,fechner
1216,21_epo,10.0,0.5053569280389686,fechner
1217,21_epo,11.0,0.5048514754396822,fechner
1218,21_epo,12.0,0.5044344701936683,fechner
1219,21_epo,13.0,0.5040843059911425,fechner
1220,21_epo,14.000000000000002,0.5037859485955601,fechner
1221,21_epo,15.0,0.5035285947316349,fechner
1222,21_epo,16.0,0.5033042714151893,fechner
1223,21_epo,17.0,0.5031069603495313,fechner
1224,21_epo,18.0,0.5029320301482276,fechner
1225,21_epo,19.0,0.5027758565513826,fechner
1226,21_epo,20.0,0.5026355615118133,fechner
1227,21_epo,21.0,0.5025088297293312,fechner
1228,21_epo,22.0,0.5023937769806027,fechner
1229,21_epo,23.0,0.5022888538944599,fechner
1230,21_epo,24.0,0.5021927744839378,fechner
1231,21_epo,25.0,0.5021044622880748,fechner
1232,21_epo,26.0,0.5020230092472305,fechner
1233,21_epo,27.0,0.5019476439238818,fechner
1234,21_epo,28.000000000000004,0.5018777066757389,fechner
1235,21_epo,28.999999999999996,0.5018126300652015,fechner
1236,21_epo,30.0,0.5017519232577203,fechner
1237,21_epo,31.0,0.5016951594907313,fechner
1238,21_epo,32.0,0.5016419659291981,fechner
1239,21_epo,33.0,0.5015920153928449,fechner
1240,21_epo,34.0,0.5015450195635394,fechner
1241,21_epo,35.0,0.5015007233723193,fechner
1242,21_epo,36.0,0.5014589003334224,fechner
1243,21_epo,37.0,0.5014193486437474,fechner
1244,21_epo,38.0,0.5013818879049536,fechner
1245,21_epo,39.0,0.501346356355099,fechner
1246,21_epo,40.0,0.5013126085196296,fechner
1247,21_epo,41.0,0.501280513209348,fechner
1248,21_epo,42.0,0.5012499518069355,fechner
1249,21_epo,43.0,0.5012208167945936,fechner
1250,21_epo,44.0,0.5011930104840847,fechner
1251,21_epo,45.0,0.50116644391741,fechner
1252,21_epo,46.0,0.5011410359119337,fechner
1253,21_epo,47.0,0.5011167122282668,fechner
1254,21_epo,48.0,0.5010934048428678,fechner
1255,21_epo,49.0,0.5010710513102893,fechner
1256,21_epo,50.0,0.5010495942024304,fechner
1257,21_epo,51.0,0.5010289806141517,fechner
1258,21_epo,52.0,0.5010091617262612,fechner
1259,21_epo,53.0,0.5009900924182472,fechner
1260,21_epo,54.0,0.5009717309242672,fechner
1261,21_epo,55.00000000000001,0.5009540385268567,fechner
1262,21_epo,56.00000000000001,0.5009369792836176,fechner
1263,21_epo,56.99999999999999,0.5009205197828104,fechner
1264,21_epo,57.99999999999999,0.5009046289243475,fechner
1265,21_epo,59.0,0.5008892777231554,fechner
1266,21_epo,60.0,0.5008744391322847,fechner
1267,21_epo,61.0,0.5008600878834913,fechner
1268,21_epo,62.0,0.5008462003433063,fechner
1269,21_epo,63.0,0.5008327543828662,fechner
1270,21_epo,64.0,0.5008197292599927,fechner
1271,21_epo,65.0,0.5008071055121962,fechner
1272,21_epo,66.0,0.5007948648594408,fechner
1273,21_epo,67.0,0.5007829901156461,fechner
1274,21_epo,68.0,0.5007714651080238,fechner
1275,21_epo,69.0,0.5007602746034505,fechner
1276,21_epo,70.0,0.5007494042411719,fechner
1277,21_epo,71.0,0.5007388404712095,fechner
1278,21_epo,72.0,0.5007285704979175,fechner
1279,21_epo,73.0,0.5007185822281893,fechner
1280,21_epo,74.0,0.5007088642238777,fechner
1281,21_epo,75.0,0.5006994056580301,fechner
1282,21_epo,76.0,0.5006901962745881,fechner
1283,21_epo,77.0,0.5006812263512368,fechner
1284,21_epo,78.0,0.5006724866651165,fechner
1285,21_epo,79.0,0.5006639684611475,fechner
1286,21_epo,80.0,0.5006556634227339,fechner
1287,21_epo,81.0,0.5006475636446447,fechner
1288,21_epo,82.0,0.5006396616078811,fechner
1289,21_epo,83.0,0.5006319501563674,fechner
1290,21_epo,84.0,0.500624422475308,fechner
1291,21_epo,85.0,0.5006170720710771,fechner
1292,21_epo,86.0,0.5006098927525126,fechner
1293,21_epo,87.0,0.5006028786135047,fechner
1294,21_epo,88.0,0.5005960240167724,fechner
1295,21_epo,89.0,0.5005893235787356,fechner
1296,21_epo,90.0,0.5005827721553997,fechner
1297,21_epo,91.0,0.5005763648291697,fechner
1298,21_epo,92.0,0.500570096896528,fechner
1299,21_epo,93.0,0.5005639638565077,fechner
1300,21_epo,94.0,0.5005579613999028,fechner
1301,21_epo,95.0,0.5005520853991613,fechner
1302,22_epo,3.0,0.5000000000050145,fechner
1303,22_epo,4.0,0.5000000000030664,fechner
1304,22_epo,5.0,0.5000000000022975,fechner
1305,22_epo,6.0,0.5000000000018555,fechner
1306,22_epo,7.000000000000001,0.5000000000015626,fechner
1307,22_epo,8.0,0.5000000000013523,fechner
1308,22_epo,9.0,0.5000000000011932,fechner
1309,22_epo,10.0,0.5000000000010683,fechner
1310,22_epo,11.0,0.5000000000009674,fechner
1311,22_epo,12.0,0.5000000000008843,fechner
1312,22_epo,13.0,0.5000000000008145,fechner
1313,22_epo,14.000000000000002,0.500000000000755,fechner
1314,22_epo,15.0,0.5000000000007037,fechner
1315,22_epo,16.0,0.5000000000006589,fechner
1316,22_epo,17.0,0.5000000000006196,fechner
1317,22_epo,18.0,0.5000000000005846,fechner
1318,22_epo,19.0,0.5000000000005536,fechner
1319,22_epo,20.0,0.5000000000005256,fechner
1320,22_epo,21.0,0.5000000000005003,fechner
1321,22_epo,22.0,0.5000000000004774,fechner
1322,22_epo,23.0,0.5000000000004564,fechner
1323,22_epo,24.0,0.5000000000004373,fechner
1324,22_epo,25.0,0.5000000000004197,fechner
1325,22_epo,26.0,0.5000000000004035,fechner
1326,22_epo,27.0,0.5000000000003884,fechner
1327,22_epo,28.000000000000004,0.5000000000003745,fechner
1328,22_epo,28.999999999999996,0.5000000000003615,fechner
1329,22_epo,30.0,0.5000000000003494,fechner
1330,22_epo,31.0,0.5000000000003381,fechner
1331,22_epo,32.0,0.5000000000003274,fechner
1332,22_epo,33.0,0.5000000000003175,fechner
1333,22_epo,34.0,0.5000000000003081,fechner
1334,22_epo,35.0,0.5000000000002993,fechner
1335,22_epo,36.0,0.5000000000002909,fechner
1336,22_epo,37.0,0.500000000000283,fechner
1337,22_epo,38.0,0.5000000000002756,fechner
1338,22_epo,39.0,0.5000000000002685,fechner
1339,22_epo,40.0,0.5000000000002618,fechner
1340,22_epo,41.0,0.5000000000002554,fechner
1341,22_epo,42.0,0.5000000000002492,fechner
1342,22_epo,43.0,0.5000000000002435,fechner
1343,22_epo,44.0,0.5000000000002379,fechner
1344,22_epo,45.0,0.5000000000002326,fechner
1345,22_epo,46.0,0.5000000000002276,fechner
1346,22_epo,47.0,0.5000000000002227,fechner
1347,22_epo,48.0,0.500000000000218,fechner
1348,22_epo,49.0,0.5000000000002136,fechner
1349,22_epo,50.0,0.5000000000002093,fechner
1350,22_epo,51.0,0.5000000000002052,fechner
1351,22_epo,52.0,0.5000000000002013,fechner
1352,22_epo,53.0,0.5000000000001974,fechner
1353,22_epo,54.0,0.5000000000001937,fechner
1354,22_epo,55.00000000000001,0.5000000000001903,fechner
1355,22_epo,56.00000000000001,0.5000000000001869,fechner
1356,22_epo,56.99999999999999,0.5000000000001835,fechner
1357,22_epo,57.99999999999999,0.5000000000001804,fechner
1358,22_epo,59.0,0.5000000000001773,fechner
1359,22_epo,60.0,0.5000000000001744,fechner
1360,22_epo,61.0,0.5000000000001715,fechner
1361,22_epo,62.0,0.5000000000001688,fechner
1362,22_epo,63.0,0.5000000000001661,fechner
1363,22_epo,64.0,0.5000000000001634,fechner
1364,22_epo,65.0,0.500000000000161,fechner
1365,22_epo,66.0,0.5000000000001585,fechner
1366,22_epo,67.0,0.5000000000001561,fechner
1367,22_epo,68.0,0.5000000000001539,fechner
1368,22_epo,69.0,0.5000000000001517,fechner
1369,22_epo,70.0,0.5000000000001494,fechner
1370,22_epo,71.0,0.5000000000001473,fechner
1371,22_epo,72.0,0.5000000000001453,fechner
1372,22_epo,73.0,0.5000000000001433,fechner
1373,22_epo,74.0,0.5000000000001413,fechner
1374,22_epo,75.0,0.5000000000001394,fechner
1375,22_epo,76.0,0.5000000000001377,fechner
1376,22_epo,77.0,0.5000000000001359,fechner
1377,22_epo,78.0,0.5000000000001341,fechner
1378,22_epo,79.0,0.5000000000001324,fechner
1379,22_epo,80.0,0.5000000000001308,fechner
1380,22_epo,81.0,0.5000000000001291,fechner
1381,22_epo,82.0,0.5000000000001276,fechner
1382,22_epo,83.0,0.500000000000126,fechner
1383,22_epo,84.0,0.5000000000001246,fechner
1384,22_epo,85.0,0.500000000000123,fechner
1385,22_epo,86.0,0.5000000000001217,fechner
1386,22_epo,87.0,0.5000000000001202,fechner
1387,22_epo,88.0,0.5000000000001189,fechner
1388,22_epo,89.0,0.5000000000001176,fechner
1389,22_epo,90.0,0.5000000000001162,fechner
1390,22_epo,91.0,0.5000000000001149,fechner
1391,22_epo,92.0,0.5000000000001137,fechner
1392,22_epo,93.0,0.5000000000001125,fechner
1393,22_epo,94.0,0.5000000000001112,fechner
1394,22_epo,95.0,0.5000000000001101,fechner
1395,23_epo,3.0,0.5000035455164368,fechner
1396,23_epo,4.0,0.5000021681189493,fechner
1397,23_epo,5.0,0.500001624402855,fechner
1398,23_epo,6.0,0.5000013119622437,fechner
1399,23_epo,7.000000000000001,0.5000011048276268,fechner
1400,23_epo,8.0,0.5000009560998212,fechner
1401,23_epo,9.0,0.5000008436048883,fechner
1402,23_epo,10.0,0.5000007553043145,fechner
1403,23_epo,11.0,0.5000006840329183,fechner
1404,23_epo,12.0,0.5000006252341093,fechner
1405,23_epo,13.0,0.5000005758607341,fechner
1406,23_epo,14.000000000000002,0.5000005337925993,fechner
1407,23_epo,15.0,0.5000004975062335,fechner
1408,23_epo,16.0,0.5000004658773227,fechner
1409,23_epo,17.0,0.5000004380572133,fechner
1410,23_epo,18.0,0.5000004133928349,fechner
1411,23_epo,19.0,0.5000003913731398,fechner
1412,23_epo,20.0,0.5000003715923069,fechner
1413,23_epo,21.0,0.5000003537238695,fechner
1414,23_epo,22.0,0.5000003375021468,fechner
1415,23_epo,23.0,0.5000003227086748,fechner
1416,23_epo,24.0,0.5000003091621283,fechner
1417,23_epo,25.0,0.5000002967107268,fechner
1418,23_epo,26.0,0.5000002852264346,fechner
1419,23_epo,27.0,0.50000027460048,fechner
1420,23_epo,28.000000000000004,0.5000002647398554,fechner
1421,23_epo,28.999999999999996,0.5000002555645532,fechner
1422,23_epo,30.0,0.5000002470053675,fechner
1423,23_epo,31.0,0.5000002390021263,fechner
1424,23_epo,32.0,0.5000002315022614,fechner
1425,23_epo,33.0,0.5000002244596418,fechner
1426,23_epo,34.0,0.5000002178336158,fechner
1427,23_epo,35.0,0.5000002115882203,fechner
1428,23_epo,36.0,0.5000002056915218,fechner
1429,23_epo,37.0,0.5000002001150671,fechner
1430,23_epo,38.0,0.5000001948334212,fechner
1431,23_epo,39.0,0.5000001898237766,fechner
1432,23_epo,40.0,0.5000001850656222,fechner
1433,23_epo,41.0,0.5000001805404612,fechner
1434,23_epo,42.0,0.5000001762315693,fechner
1435,23_epo,43.0,0.5000001721237873,fechner
1436,23_epo,44.0,0.5000001682033417,fechner
1437,23_epo,45.0,0.50000016445769,fechner
1438,23_epo,46.0,0.5000001608753861,fechner
1439,23_epo,47.0,0.5000001574459628,fechner
1440,23_epo,48.0,0.5000001541598292,fechner
1441,23_epo,49.0,0.5000001510081811,fechner
1442,23_epo,50.0,0.5000001479829213,fechner
1443,23_epo,51.0,0.5000001450765907,fechner
1444,23_epo,52.0,0.5000001422823063,fechner
1445,23_epo,53.0,0.5000001395937061,fechner
1446,23_epo,54.0,0.5000001370049019,fechner
1447,23_epo,55.00000000000001,0.5000001345104345,fechner
1448,23_epo,56.00000000000001,0.5000001321052363,fechner
1449,23_epo,56.99999999999999,0.5000001297845967,fechner
1450,23_epo,57.99999999999999,0.5000001275441309,fechner
1451,23_epo,59.0,0.5000001253797519,fechner
1452,23_epo,60.0,0.5000001232876466,fechner
1453,23_epo,61.0,0.5000001212642523,fechner
1454,23_epo,62.0,0.5000001193062367,fechner
1455,23_epo,63.0,0.5000001174104801,fechner
1456,23_epo,64.0,0.5000001155740579,fechner
1457,23_epo,65.0,0.5000001137942259,fechner
1458,23_epo,66.0,0.500000112068407,fechner
1459,23_epo,67.0,0.500000110394178,fechner
1460,23_epo,68.0,0.5000001087692586,fechner
1461,23_epo,69.0,0.5000001071915012,fechner
1462,23_epo,70.0,0.5000001056588811,fechner
1463,23_epo,71.0,0.5000001041694876,fechner
1464,23_epo,72.0,0.5000001027215168,fechner
1465,23_epo,73.0,0.5000001013132638,fechner
1466,23_epo,74.0,0.5000000999431157,fechner
1467,23_epo,75.0,0.5000000986095461,fechner
1468,23_epo,76.0,0.5000000973111091,fechner
1469,23_epo,77.0,0.5000000960464336,fechner
1470,23_epo,78.0,0.5000000948142195,fechner
1471,23_epo,79.0,0.5000000936132324,fechner
1472,23_epo,80.0,0.5000000924422996,fechner
1473,23_epo,81.0,0.5000000913003068,fechner
1474,23_epo,82.0,0.5000000901861936,fechner
1475,23_epo,83.0,0.5000000890989512,fechner
1476,23_epo,84.0,0.5000000880376189,fechner
1477,23_epo,85.0,0.5000000870012807,fechner
1478,23_epo,86.0,0.5000000859890643,fechner
1479,23_epo,87.0,0.5000000850001366,fechner
1480,23_epo,88.0,0.5000000840337029,fechner
1481,23_epo,89.0,0.5000000830890041,fechner
1482,23_epo,90.0,0.5000000821653151,fechner
1483,23_epo,91.0,0.5000000812619424,fechner
1484,23_epo,92.0,0.5000000803782229,fechner
1485,23_epo,93.0,0.5000000795135221,fechner
1486,23_epo,94.0,0.5000000786672322,fechner
1487,23_epo,95.0,0.5000000778387715,fechner
1488,24_epo,3.0,0.6880885868741247,fechner
1489,24_epo,4.0,0.6186508646464459,fechner
1490,24_epo,5.0,0.5896437854013561,fechner
1491,24_epo,6.0,0.5726742459468138,fechner
1492,24_epo,7.000000000000001,0.5613265141724472,fechner
1493,24_epo,8.0,0.5531380979915971,fechner
1494,24_epo,9.0,0.546925079731042,fechner
1495,24_epo,10.0,0.5420379377251777,fechner
1496,24_epo,11.0,0.5380873506338764,fechner
1497,24_epo,12.0,0.534824494608548,fechner
1498,24_epo,13.0,0.5320823579173628,fechner
1499,24_epo,14.000000000000002,0.529744408830527,fechner
1500,24_epo,15.0,0.5277267304155093,fechner
1501,24_epo,16.0,0.5259672850982248,fechner
1502,24_epo,17.0,0.5244191801881704,fechner
1503,24_epo,18.0,0.5230462886329734,fechner
1504,24_epo,19.0,0.521820312961624,fechner
1505,24_epo,20.0,0.520718764300635,fechner
1506,24_epo,21.0,0.5197235389798036,fechner
1507,24_epo,22.0,0.5188198955788151,fechner
1508,24_epo,23.0,0.5179957064691408,fechner
1509,24_epo,24.0,0.517240901353147,fechner
1510,24_epo,25.0,0.5165470475442668,fechner
1511,24_epo,26.0,0.5159070292319656,fechner
1512,24_epo,27.0,0.5153147994640638,fechner
1513,24_epo,28.000000000000004,0.5147651862710323,fechner
1514,24_epo,28.999999999999996,0.5142537395995047,fechner
1515,24_epo,30.0,0.5137766093539905,fechner
1516,24_epo,31.0,0.5133304473993466,fechner
1517,24_epo,32.0,0.5129123281968234,fechner
1518,24_epo,33.0,0.5125196840605275,fechner
1519,24_epo,34.0,0.5121502519809215,fechner
1520,24_epo,35.0,0.5118020296706595,fechner
1521,24_epo,36.0,0.5114732390166751,fechner
1522,24_epo,37.0,0.5111622955204893,fechner
1523,24_epo,38.0,0.5108677826111019,fechner
1524,24_epo,39.0,0.5105884299464902,fechner
1525,24_epo,40.0,0.510323094998584,fechner
1526,24_epo,41.0,0.5100707473556909,fechner
1527,24_epo,42.0,0.5098304552852949,fechner
1528,24_epo,43.0,0.5096013741860297,fechner
1529,24_epo,44.0,0.5093827366257682,fechner
1530,24_epo,45.0,0.50917384371713,fechner
1531,24_epo,46.0,0.508974057625338,fechner
1532,24_epo,47.0,0.5087827950385464,fechner
1533,24_epo,48.0,0.5085995214593044,fechner
1534,24_epo,49.0,0.5084237461990654,fechner
1535,24_epo,50.0,0.508255017976685,fechner
1536,24_epo,51.0,0.5080929210375008,fechner
1537,24_epo,52.0,0.5079370717224981,fechner
1538,24_epo,53.0,0.5077871154277828,fechner
1539,24_epo,54.0,0.507642723903488,fechner
1540,24_epo,55.00000000000001,0.5075035928486873,fechner
1541,24_epo,56.00000000000001,0.5073694397651272,fechner
1542,24_epo,56.99999999999999,0.5072400020378368,fechner
1543,24_epo,57.99999999999999,0.5071150352151077,fechner
1544,24_epo,59.0,0.506994311464079,fechner
1545,24_epo,60.0,0.5068776181813524,fechner
1546,24_epo,61.0,0.5067647567407706,fechner
1547,24_epo,62.0,0.5066555413628107,fechner
1548,24_epo,63.0,0.5065497980920237,fechner
1549,24_epo,64.0,0.5064473638706601,fechner
1550,24_epo,65.0,0.5063480856980824,fechner
1551,24_epo,66.0,0.5062518198668341,fechner
1552,24_epo,67.0,0.5061584312673278,fechner
1553,24_epo,68.0,0.5060677927540661,fechner
1554,24_epo,69.0,0.5059797845671289,fechner
1555,24_epo,70.0,0.505894293803388,fechner
1556,24_epo,71.0,0.5058112139325259,fechner
1557,24_epo,72.0,0.5057304443534933,fechner
1558,24_epo,73.0,0.5056518899875143,fechner
1559,24_epo,74.0,0.5055754609041736,fechner
1560,24_epo,75.0,0.5055010719774877,fechner
1561,24_epo,76.0,0.5054286425691934,fechner
1562,24_epo,77.0,0.5053580962367705,fechner
1563,24_epo,78.0,0.5052893604639745,fechner
1564,24_epo,79.0,0.5052223664118798,fechner
1565,24_epo,80.0,0.5051570486886333,fechner
1566,24_epo,81.0,0.5050933451362996,fechner
1567,24_epo,82.0,0.5050311966333331,fechner
1568,24_epo,83.0,0.5049705469113582,fechner
1569,24_epo,84.0,0.5049113423850603,fechner
1570,24_epo,85.0,0.5048535319941085,fechner
1571,24_epo,86.0,0.5047970670561259,fechner
1572,24_epo,87.0,0.5047419011298183,fechner
1573,24_epo,88.0,0.5046879898874513,fechner
1574,24_epo,89.0,0.504635290995939,fechner
1575,24_epo,90.0,0.5045837640058732,fechner
1576,24_epo,91.0,0.5045333702478817,fechner
1577,24_epo,92.0,0.504484072735756,fechner
1578,24_epo,93.0,0.5044358360758383,fechner
1579,24_epo,94.0,0.5043886263822024,fechner
1580,24_epo,95.0,0.5043424111971982,fechner
1581,25_epo,3.0,0.9984757508573018,fechner
1582,25_epo,4.0,0.9813937523443933,fechner
1583,25_epo,5.0,0.9512477371607978,fechner
1584,25_epo,6.0,0.9167945799807373,fechner
1585,25_epo,7.000000000000001,0.8829557474017806,fechner
1586,25_epo,8.0,0.8517888527591748,fechner
1587,25_epo,9.0,0.8238928976140267,fechner
1588,25_epo,10.0,0.7992232919633228,fechner
1589,25_epo,11.0,0.7774888406743121,fechner
1590,25_epo,12.0,0.7583307120747416,fechner
1591,25_epo,13.0,0.7413976891027827,fechner
1592,25_epo,14.000000000000002,0.7263741164734495,fechner
1593,25_epo,15.0,0.712987039066536,fechner
1594,25_epo,16.0,0.7010047094181774,fechner
1595,25_epo,17.0,0.6902319634606141,fechner
1596,25_epo,18.0,0.6805048758210582,fechner
1597,25_epo,19.0,0.6716856877948271,fechner
1598,25_epo,20.0,0.6636583585951243,fechner
1599,25_epo,21.0,0.656324808465278,fechner
1600,25_epo,22.0,0.6496018070258814,fechner
1601,25_epo,23.0,0.6434184210128238,fechner
1602,25_epo,24.0,0.6377139297117165,fechner
1603,25_epo,25.0,0.632436124016143,fechner
1604,25_epo,26.0,0.6275399170247341,fechner
1605,25_epo,27.0,0.6229862064552718,fechner
1606,25_epo,28.000000000000004,0.6187409403081,fechner
1607,25_epo,28.999999999999996,0.6147743466755528,fechner
1608,25_epo,30.0,0.6110602963698641,fechner
1609,25_epo,31.0,0.6075757733170128,fechner
1610,25_epo,32.0,0.6043004326779488,fechner
1611,25_epo,33.0,0.6012162306445931,fechner
1612,25_epo,34.0,0.5983071130201398,fechner
1613,25_epo,35.0,0.5955587522014711,fechner
1614,25_epo,36.0,0.5929583241735742,fechner
1615,25_epo,37.0,0.5904943187112695,fechner
1616,25_epo,38.0,0.5881563772487529,fechner
1617,25_epo,39.0,0.5859351538902421,fechner
1618,25_epo,40.0,0.5838221958484907,fechner
1619,25_epo,41.0,0.5818098402536371,fechner
1620,25_epo,42.0,0.5798911248052868,fechner
1621,25_epo,43.0,0.5780597101714237,fechner
1622,25_epo,44.0,0.5763098123887339,fechner
1623,25_epo,45.0,0.5746361438059953,fechner
1624,25_epo,46.0,0.5730338613478421,fechner
1625,25_epo,47.0,0.5714985210703448,fechner
1626,25_epo,48.0,0.5700260381403198,fechner
1627,25_epo,49.0,0.5686126515034,fechner
1628,25_epo,50.0,0.5672548926166845,fechner
1629,25_epo,51.0,0.5659495577142851,fechner
1630,25_epo,52.0,0.5646936831515662,fechner
1631,25_epo,53.0,0.563484523438973,fechner
1632,25_epo,54.0,0.5623195316312026,fechner
1633,25_epo,55.00000000000001,0.561196341783835,fechner
1634,25_epo,56.00000000000001,0.5601127532288418,fechner
1635,25_epo,56.99999999999999,0.5590667164537839,fechner
1636,25_epo,57.99999999999999,0.558056320397981,fechner
1637,25_epo,59.0,0.5570797810032454,fechner
1638,25_epo,60.0,0.5561354308776092,fechner
1639,25_epo,61.0,0.5552217099483571,fechner
1640,25_epo,62.0,0.5543371569960762,fechner
1641,25_epo,63.0,0.5534804019747142,fechner
1642,25_epo,64.0,0.552650159034122,fechner
1643,25_epo,65.0,0.5518452201715135,fechner
1644,25_epo,66.0,0.5510644494469119,fechner
1645,25_epo,67.0,0.5503067777051825,fechner
1646,25_epo,68.0,0.5495711977538027,fechner
1647,25_epo,69.0,0.548856759951255,fechner
1648,25_epo,70.0,0.5481625681659466,fechner
1649,25_epo,71.0,0.5474877760699527,fechner
1650,25_epo,72.0,0.5468315837357562,fechner
1651,25_epo,73.0,0.5461932345075492,fechner
1652,25_epo,74.0,0.5455720121216655,fechner
1653,25_epo,75.0,0.5449672380533677,fechner
1654,25_epo,76.0,0.5443782690695451,fechner
1655,25_epo,77.0,0.543804494968969,fechner
1656,25_epo,78.0,0.5432453364935796,fechner
1657,25_epo,79.0,0.5427002433959325,fechner
1658,25_epo,80.0,0.5421686926493774,fechner
1659,25_epo,81.0,0.5416501867888484,fechner
1660,25_epo,82.0,0.5411442523713046,fechner
1661,25_epo,83.0,0.5406504385458916,fechner
1662,25_epo,84.0,0.54016831572483,fechner
1663,25_epo,85.0,0.5396974743468645,fechner
1664,25_epo,86.0,0.5392375237258511,fechner
1665,25_epo,87.0,0.5387880909777361,fechner
1666,25_epo,88.0,0.5383488200197831,fechner
1667,25_epo,89.0,0.5379193706364417,fechner
1668,25_epo,90.0,0.5374994176067495,fechner
1669,25_epo,91.0,0.5370886498885977,fechner
1670,25_epo,92.0,0.5366867698555882,fechner
1671,25_epo,93.0,0.5362934925825792,fechner
1672,25_epo,94.0,0.5359085451763346,fechner
1673,25_epo,95.0,0.5355316661479983,fechner
1674,2_epo,3.0,0.519511259797598,fechner
1675,2_epo,4.0,0.5119351256438647,fechner
1676,2_epo,5.0,0.5089428062985174,fechner
1677,2_epo,6.0,0.5072229984143769,fechner
1678,2_epo,7.000000000000001,0.5060827433822866,fechner
1679,2_epo,8.0,0.5052639721964192,fechner
1680,2_epo,9.0,0.5046446499786567,fechner
1681,2_epo,10.0,0.5041585157177666,fechner
1682,2_epo,11.0,0.503766128938388,fechner
1683,2_epo,12.0,0.503442406843536,fechner
1684,2_epo,13.0,0.5031705750760721,fechner
1685,2_epo,14.000000000000002,0.5029389618082054,fechner
1686,2_epo,15.0,0.5027391800356318,fechner
1687,2_epo,16.0,0.5025650400882333,fechner
1688,2_epo,17.0,0.5024118698211554,fechner
1689,2_epo,18.0,0.5022760738069489,fechner
1690,2_epo,19.0,0.5021548384855479,fechner
1691,2_epo,20.0,0.5020459296029727,fechner
1692,2_epo,21.0,0.5019475497786255,fechner
1693,2_epo,22.0,0.5018582362847438,fechner
1694,2_epo,23.0,0.5017767863440794,fechner
1695,2_epo,24.0,0.5017022016473907,fechner
1696,2_epo,25.0,0.5016336465421073,fechner
1697,2_epo,26.0,0.5015704161064751,fechner
1698,2_epo,27.0,0.5015119114788769,fechner
1699,2_epo,28.000000000000004,0.5014576205844219,fechner
1700,2_epo,28.999999999999996,0.5014071029266219,fechner
1701,2_epo,30.0,0.5013599774757301,fechner
1702,2_epo,31.0,0.5013159129408138,fechner
1703,2_epo,32.0,0.5012746198945827,fechner
1704,2_epo,33.0,0.5012358443512313,fechner
1705,2_epo,34.0,0.5011993624933323,fechner
1706,2_epo,35.0,0.5011649763144967,fechner
1707,2_epo,36.0,0.5011325099971965,fechner
1708,2_epo,37.0,0.5011018068847933,fechner
1709,2_epo,38.0,0.5010727269369225,fechner
1710,2_epo,39.0,0.5010451445804325,fechner
1711,2_epo,40.0,0.5010189468858647,fechner
1712,2_epo,41.0,0.5009940320132942,fechner
1713,2_epo,42.0,0.5009703078821719,fechner
1714,2_epo,43.0,0.5009476910283474,fechner
1715,2_epo,44.0,0.5009261056182133,fechner
1716,2_epo,45.0,0.5009054825953138,fechner
1717,2_epo,46.0,0.5008857589390855,fechner
1718,2_epo,47.0,0.5008668770188967,fechner
1719,2_epo,48.0,0.5008487840293758,fechner
1720,2_epo,49.0,0.5008314314953328,fechner
1721,2_epo,50.0,0.5008147748364581,fechner
1722,2_epo,51.0,0.5007987729835385,fechner
1723,2_epo,52.0,0.5007833880392102,fechner
1724,2_epo,53.0,0.5007685849773287,fechner
1725,2_epo,54.0,0.500754331375918,fechner
1726,2_epo,55.00000000000001,0.5007405971794024,fechner
1727,2_epo,56.00000000000001,0.5007273544864385,fechner
1728,2_epo,56.99999999999999,0.5007145773601857,fechner
1729,2_epo,57.99999999999999,0.5007022416582946,fechner
1730,2_epo,59.0,0.5006903248802609,fechner
1731,2_epo,60.0,0.5006788060301085,fechner
1732,2_epo,61.0,0.5006676654926354,fechner
1733,2_epo,62.0,0.5006568849216836,fechner
1734,2_epo,63.0,0.50064644713909,fechner
1735,2_epo,64.0,0.5006363360431481,fechner
1736,2_epo,65.0,0.5006265365255472,fechner
1737,2_epo,66.0,0.5006170343958921,fechner
1738,2_epo,67.0,0.5006078163130027,fechner
1739,2_epo,68.0,0.5005988697222968,fechner
1740,2_epo,69.0,0.5005901827986347,fechner
1741,2_epo,70.0,0.5005817443940785,fechner
1742,2_epo,71.0,0.5005735439900793,fechner
1743,2_epo,72.0,0.5005655716536599,fechner
1744,2_epo,73.0,0.5005578179972106,fechner
1745,2_epo,74.0,0.5005502741415518,fechner
1746,2_epo,75.0,0.5005429316819621,fechner
1747,2_epo,76.0,0.5005357826568927,fechner
1748,2_epo,77.0,0.5005288195191283,fechner
1749,2_epo,78.0,0.5005220351091706,fechner
1750,2_epo,79.0,0.5005154226306482,fechner
1751,2_epo,80.0,0.5005089756275755,fechner
1752,2_epo,81.0,0.5005026879633003,fechner
1753,2_epo,82.0,0.5004965538009944,fechner
1754,2_epo,83.0,0.5004905675855587,fechner
1755,2_epo,84.0,0.5004847240268223,fechner
1756,2_epo,85.0,0.5004790180839314,fechner
1757,2_epo,86.0,0.5004734449508284,fechner
1758,2_epo,87.0,0.5004680000427352,fechner
1759,2_epo,88.0,0.5004626789835593,fechner
1760,2_epo,89.0,0.5004574775941514,fechner
1761,2_epo,90.0,0.5004523918813463,fechner
1762,2_epo,91.0,0.5004474180277281,fechner
1763,2_epo,92.0,0.5004425523820646,fechner
1764,2_epo,93.0,0.5004377914503587,fechner
1765,2_epo,94.0,0.5004331318874734,fechner
1766,2_epo,95.0,0.5004285704892856,fechner
1767,3_epo,3.0,0.5390807035996555,fechner
1768,3_epo,4.0,0.5239287952062182,fechner
1769,3_epo,5.0,0.5179339938957999,fechner
1770,3_epo,6.0,0.514486697375285,fechner
1771,3_epo,7.000000000000001,0.5122005083922279,fechner
1772,3_epo,8.0,0.5105586474031127,fechner
1773,3_epo,9.0,0.5093166211801854,fechner
1774,3_epo,10.0,0.5083416370061886,fechner
1775,3_epo,11.0,0.5075546364481828,fechner
1776,3_epo,12.0,0.5069053336554371,fechner
1777,3_epo,13.0,0.5063600958483984,fechner
1778,3_epo,14.000000000000002,0.5058955189514073,fechner
1779,3_epo,15.0,0.5054947844620536,fechner
1780,3_epo,16.0,0.5051454795713544,fechner
1781,3_epo,17.0,0.5048382343409005,fechner
1782,3_epo,18.0,0.5045658379347049,fechner
1783,3_epo,19.0,0.5043226474385993,fechner
1784,3_epo,20.0,0.5041041816971558,fechner
1785,3_epo,21.0,0.5039068357028339,fechner
1786,3_epo,22.0,0.5037276756114788,fechner
1787,3_epo,23.0,0.5035642889352853,fechner
1788,3_epo,24.0,0.5034146732755345,fechner
1789,3_epo,25.0,0.503277152469936,fechner
1790,3_epo,26.0,0.503150312563826,fechner
1791,3_epo,27.0,0.503032952330956,fechner
1792,3_epo,28.000000000000004,0.5029240446182801,fechner
1793,3_epo,28.999999999999996,0.5028227058432898,fechner
1794,3_epo,30.0,0.5027281717018433,fechner
1795,3_epo,31.0,0.5026397776567618,fechner
1796,3_epo,32.0,0.5025569431423361,fechner
1797,3_epo,33.0,0.502479158683055,fechner
1798,3_epo,34.0,0.5024059753169514,fechner
1799,3_epo,35.0,0.5023369958556922,fechner
1800,3_epo,36.0,0.5022718676191926,fechner
1801,3_epo,37.0,0.5022102763620503,fechner
1802,3_epo,38.0,0.5021519411694698,fechner
1803,3_epo,39.0,0.5020966101465779,fechner
1804,3_epo,40.0,0.5020440567607054,fechner
1805,3_epo,41.0,0.5019940767239486,fechner
1806,3_epo,42.0,0.5019464853250385,fechner
1807,3_epo,43.0,0.5019011151366587,fechner
1808,3_epo,44.0,0.5018578140379256,fechner
1809,3_epo,45.0,0.5018164435025677,fechner
1810,3_epo,46.0,0.50177687711203,fechner
1811,3_epo,47.0,0.5017389992597296,fechner
1812,3_epo,48.0,0.5017027040183718,fechner
1813,3_epo,49.0,0.5016678941468569,fechner
1814,3_epo,50.0,0.5016344802170959,fechner
1815,3_epo,51.0,0.5016023798441651,fechner
1816,3_epo,52.0,0.5015715170057954,fechner
1817,3_epo,53.0,0.5015418214393238,fechner
1818,3_epo,54.0,0.5015132281060044,fechner
1819,3_epo,55.00000000000001,0.5014856767140548,fechner
1820,3_epo,56.00000000000001,0.5014591112930556,fechner
1821,3_epo,56.99999999999999,0.5014334798133622,fechner
1822,3_epo,57.99999999999999,0.5014087338450653,fechner
1823,3_epo,59.0,0.5013848282517887,fechner
1824,3_epo,60.0,0.5013617209152351,fechner
1825,3_epo,61.0,0.5013393724869389,fechner
1826,3_epo,62.0,0.5013177461641374,fechner
1827,3_epo,63.0,0.5012968074870696,fechner
1828,3_epo,64.0,0.5012765241553503,fechner
1829,3_epo,65.0,0.5012568658613538,fechner
1830,3_epo,66.0,0.5012378041387984,fechner
1831,3_epo,67.0,0.5012193122249364,fechner
1832,3_epo,68.0,0.5012013649349437,fechner
1833,3_epo,69.0,0.501183938547267,fechner
1834,3_epo,70.0,0.5011670106988283,fechner
1835,3_epo,71.0,0.501150560289113,fechner
1836,3_epo,72.0,0.5011345673922732,fechner
1837,3_epo,73.0,0.5011190131764767,fechner
1838,3_epo,74.0,0.5011038798298119,fechner
1839,3_epo,75.0,0.5010891504921384,fechner
1840,3_epo,76.0,0.5010748091923303,fechner
1841,3_epo,77.0,0.5010608407904225,fechner
1842,3_epo,78.0,0.5010472309242185,fechner
1843,3_epo,79.0,0.5010339659599633,fechner
1844,3_epo,80.0,0.5010210329467238,fechner
1845,3_epo,81.0,0.5010084195741573,fechner
1846,3_epo,82.0,0.5009961141333759,fechner
1847,3_epo,83.0,0.500984105480647,fechner
1848,3_epo,84.0,0.5009723830036921,fechner
1849,3_epo,85.0,0.5009609365903688,fechner
1850,3_epo,86.0,0.5009497565995432,fechner
1851,3_epo,87.0,0.5009388338339739,fechner
1852,3_epo,88.0,0.5009281595150495,fechner
1853,3_epo,89.0,0.5009177252592322,fechner
1854,3_epo,90.0,0.5009075230560741,fechner
1855,3_epo,91.0,0.5008975452476865,fechner
1856,3_epo,92.0,0.5008877845095493,fechner
1857,3_epo,93.0,0.5008782338325626,fechner
1858,3_epo,94.0,0.5008688865062437,fechner
1859,3_epo,95.0,0.5008597361029885,fechner
1860,4_epo,3.0,0.5206850880377308,fechner
1861,4_epo,4.0,0.5126536606008452,fechner
1862,4_epo,5.0,0.50948129151633,fechner
1863,4_epo,6.0,0.507657961755731,fechner
1864,4_epo,7.000000000000001,0.5064490576422501,fechner
1865,4_epo,8.0,0.5055809870924957,fechner
1866,4_epo,9.0,0.5049243721151021,fechner
1867,4_epo,10.0,0.504408963739857,fechner
1868,4_epo,11.0,0.5039929473876094,fechner
1869,4_epo,12.0,0.5036497302521289,fechner
1870,4_epo,13.0,0.5033615280643244,fechner
1871,4_epo,14.000000000000002,0.503115966244027,fechner
1872,4_epo,15.0,0.5029041527880397,fechner
1873,4_epo,16.0,0.5027195253196831,fechner
1874,4_epo,17.0,0.502557130355879,fechner
1875,4_epo,18.0,0.5024131559613744,fechner
1876,4_epo,19.0,0.5022846191470024,fechner
1877,4_epo,20.0,0.5021691511124923,fechner
1878,4_epo,21.0,0.5020648462378164,fechner
1879,4_epo,22.0,0.5019701537077081,fechner
1880,4_epo,23.0,0.5018837983112286,fechner
1881,4_epo,24.0,0.5018047216183699,fechner
1882,4_epo,25.0,0.5017320376509952,fechner
1883,4_epo,26.0,0.501664999034495,fechner
1884,4_epo,27.0,0.501602970841484,fechner
1885,4_epo,28.000000000000004,0.5015454101577647,fechner
1886,4_epo,28.999999999999996,0.5014918499581633,fechner
1887,4_epo,30.0,0.5014418862655009,fechner
1888,4_epo,31.0,0.5013951678368423,fechner
1889,4_epo,32.0,0.5013513878140706,fechner
1890,4_epo,33.0,0.501310276914975,fechner
1891,4_epo,34.0,0.5012715978425866,fechner
1892,4_epo,35.0,0.5012351406654284,fechner
1893,4_epo,36.0,0.5012007189771994,fechner
1894,4_epo,37.0,0.5011681666864489,fechner
1895,4_epo,38.0,0.5011373353187157,fechner
1896,4_epo,39.0,0.5011080917380415,fechner
1897,4_epo,40.0,0.5010803162136321,fechner
1898,4_epo,41.0,0.5010539007721,fechner
1899,4_epo,42.0,0.5010287477871979,fechner
1900,4_epo,43.0,0.5010047687680061,fechner
1901,4_epo,44.0,0.5009818833137054,fechner
1902,4_epo,45.0,0.5009600182087878,fechner
1903,4_epo,46.0,0.5009391066371568,fechner
1904,4_epo,47.0,0.5009190874972622,fechner
1905,4_epo,48.0,0.5008999048034223,fechner
1906,4_epo,49.0,0.5008815071609276,fechner
1907,4_epo,50.0,0.5008638473045242,fechner
1908,4_epo,51.0,0.5008468816915156,fechner
1909,4_epo,52.0,0.5008305701420851,fechner
1910,4_epo,53.0,0.5008148755205585,fechner
1911,4_epo,54.0,0.5007997634522714,fechner
1912,4_epo,55.00000000000001,0.5007852020714803,fechner
1913,4_epo,56.00000000000001,0.5007711617964162,fechner
1914,4_epo,56.99999999999999,0.5007576151281297,fechner
1915,4_epo,57.99999999999999,0.5007445364702389,fechner
1916,4_epo,59.0,0.5007319019670904,fechner
1917,4_epo,60.0,0.5007196893581727,fechner
1918,4_epo,61.0,0.5007078778469081,fechner
1919,4_epo,62.0,0.5006964479821936,fechner
1920,4_epo,63.0,0.500685381551267,fechner
1921,4_epo,64.0,0.5006746614826537,fechner
1922,4_epo,65.0,0.5006642717581056,fechner
1923,4_epo,66.0,0.5006541973325724,fechner
1924,4_epo,67.0,0.5006444240613657,fechner
1925,4_epo,68.0,0.5006349386337694,fechner
1926,4_epo,69.0,0.5006257285124427,fechner
1927,4_epo,70.0,0.5006167818780323,fechner
1928,4_epo,71.0,0.5006080875784803,fechner
1929,4_epo,72.0,0.5005996350825686,fechner
1930,4_epo,73.0,0.500591414437292,fechner
1931,4_epo,74.0,0.5005834162286977,fechner
1932,4_epo,75.0,0.5005756315458658,fechner
1933,4_epo,76.0,0.5005680519477408,fechner
1934,4_epo,77.0,0.5005606694325546,fechner
1935,4_epo,78.0,0.5005534764096076,fechner
1936,4_epo,79.0,0.5005464656731969,fechner
1937,4_epo,80.0,0.5005396303785071,fechner
1938,4_epo,81.0,0.5005329640192878,fechner
1939,4_epo,82.0,0.500526460407171,fechner
1940,4_epo,83.0,0.5005201136524852,fechner
1941,4_epo,84.0,0.5005139181464435,fechner
1942,4_epo,85.0,0.5005078685445918,fechner
1943,4_epo,86.0,0.5005019597514134,fechner
1944,4_epo,87.0,0.5004961869059982,fechner
1945,4_epo,88.0,0.5004905453686906,fechner
1946,4_epo,89.0,0.5004850307086397,fechner
1947,4_epo,90.0,0.5004796386921795,fechner
1948,4_epo,91.0,0.500474365271979,fechner
1949,4_epo,92.0,0.5004692065768994,fechner
1950,4_epo,93.0,0.5004641589025073,fechner
1951,4_epo,94.0,0.5004592187021946,fechner
1952,4_epo,95.0,0.5004543825788598,fechner
1953,5_epo,3.0,0.5174220891033028,fechner
1954,5_epo,4.0,0.5106564834621894,fechner
1955,5_epo,5.0,0.507984604408015,fechner
1956,5_epo,6.0,0.5064490216300124,fechner
1957,5_epo,7.000000000000001,0.5054309277681,fechner
1958,5_epo,8.0,0.5046998827891248,fechner
1959,5_epo,9.0,0.504146920509598,fechner
1960,5_epo,10.0,0.5037128770170993,fechner
1961,5_epo,11.0,0.5033625367239888,fechner
1962,5_epo,12.0,0.5030735039383385,fechner
1963,5_epo,13.0,0.5028308014386639,fechner
1964,5_epo,14.000000000000002,0.5026240079263438,fechner
1965,5_epo,15.0,0.5024456350197596,fechner
1966,5_epo,16.0,0.5022901562577374,fechner
1967,5_epo,17.0,0.5021534001165298,fechner
1968,5_epo,18.0,0.5020321564266074,fechner
1969,5_epo,19.0,0.5019239131117421,fechner
1970,5_epo,20.0,0.5018266753300525,fechner
1971,5_epo,21.0,0.5017388383018987,fechner
1972,5_epo,22.0,0.5016590960417533,fechner
1973,5_epo,23.0,0.5015863746600187,fechner
1974,5_epo,24.0,0.5015197828254081,fechner
1975,5_epo,25.0,0.5014585744337166,fechner
1976,5_epo,26.0,0.5014021201028801,fechner
1977,5_epo,27.0,0.5013498851458373,fechner
1978,5_epo,28.000000000000004,0.5013014123623447,fechner
1979,5_epo,28.999999999999996,0.5012563084603023,fechner
1980,5_epo,30.0,0.5012142332419303,fechner
1981,5_epo,31.0,0.5011748909182542,fechner
1982,5_epo,32.0,0.5011380230778172,fechner
1983,5_epo,33.0,0.5011034029527076,fechner
1984,5_epo,34.0,0.5010708307105116,fechner
1985,5_epo,35.0,0.5010401295639022,fechner
1986,5_epo,36.0,0.5010111425366132,fechner
1987,5_epo,37.0,0.5009837297599444,fechner
1988,5_epo,38.0,0.5009577662008295,fechner
1989,5_epo,39.0,0.500933139743069,fechner
1990,5_epo,40.0,0.5009097495592211,fechner
1991,5_epo,41.0,0.5008875047229883,fechner
1992,5_epo,42.0,0.500866323021602,fechner
1993,5_epo,43.0,0.500846129935328,fechner
1994,5_epo,44.0,0.5008268577572587,fechner
1995,5_epo,45.0,0.5008084448313719,fechner
1996,5_epo,46.0,0.5007908348907075,fechner
1997,5_epo,47.0,0.5007739764806298,fechner
1998,5_epo,48.0,0.5007578224546682,fechner
1999,5_epo,49.0,0.5007423295324916,fechner
2000,5_epo,50.0,0.5007274579112573,fechner
2001,5_epo,51.0,0.5007131709229531,fechner
2002,5_epo,52.0,0.5006994347315065,fechner
2003,5_epo,53.0,0.50068621806437,fechner
2004,5_epo,54.0,0.5006734919740898,fechner
2005,5_epo,55.00000000000001,0.5006612296260173,fechner
2006,5_epo,56.00000000000001,0.500649406108877,fechner
2007,5_epo,56.99999999999999,0.5006379982653707,fechner
2008,5_epo,57.99999999999999,0.5006269845403845,fechner
2009,5_epo,59.0,0.5006163448447003,fechner
2010,5_epo,60.0,0.5006060604323954,fechner
2011,5_epo,61.0,0.5005961137903501,fechner
2012,5_epo,62.0,0.5005864885384905,fechner
2013,5_epo,63.0,0.5005771693395696,fechner
2014,5_epo,64.0,0.5005681418174371,fechner
2015,5_epo,65.0,0.5005593924828816,fechner
2016,5_epo,66.0,0.5005509086662375,fechner
2017,5_epo,67.0,0.5005426784560479,fechner
2018,5_epo,68.0,0.5005346906431574,fechner
2019,5_epo,69.0,0.5005269346696816,fechner
2020,5_epo,70.0,0.5005194005823655,fechner
2021,5_epo,71.0,0.5005120789898938,fechner
2022,5_epo,72.0,0.5005049610237697,fechner
2023,5_epo,73.0,0.5004980383024189,fechner
2024,5_epo,74.0,0.5004913028982111,fechner
2025,5_epo,75.0,0.5004847473071281,fechner
2026,5_epo,76.0,0.5004783644208317,fechner
2027,5_epo,77.0,0.5004721475009144,fechner
2028,5_epo,78.0,0.5004660901551354,fechner
2029,5_epo,79.0,0.5004601863154665,fechner
2030,5_epo,80.0,0.5004544302177871,fechner
2031,5_epo,81.0,0.5004488163830882,fechner
2032,5_epo,82.0,0.5004433396000542,fechner
2033,5_epo,83.0,0.5004379949089061,fechner
2034,5_epo,84.0,0.5004327775864025,fechner
2035,5_epo,85.0,0.5004276831319001,fechner
2036,5_epo,86.0,0.5004227072543902,fechner
2037,5_epo,87.0,0.5004178458604293,fechner
2038,5_epo,88.0,0.5004130950428959,fechner
2039,5_epo,89.0,0.5004084510705056,fechner
2040,5_epo,90.0,0.5004039103780272,fechner
2041,5_epo,91.0,0.5003994695571444,fechner
2042,5_epo,92.0,0.5003951253479149,fechner
2043,5_epo,93.0,0.5003908746307817,fechner
2044,5_epo,94.0,0.5003867144190949,fechner
2045,5_epo,95.0,0.5003826418521061,fechner
2046,6_epo,3.0,0.5000000000207735,fechner
2047,6_epo,4.0,0.5000000000127032,fechner
2048,6_epo,5.0,0.5000000000095175,fechner
2049,6_epo,6.0,0.500000000007687,fechner
2050,6_epo,7.000000000000001,0.5000000000064733,fechner
2051,6_epo,8.0,0.5000000000056019,fechner
2052,6_epo,9.0,0.5000000000049428,fechner
2053,6_epo,10.0,0.5000000000044255,fechner
2054,6_epo,11.0,0.5000000000040078,fechner
2055,6_epo,12.0,0.5000000000036633,fechner
2056,6_epo,13.0,0.5000000000033741,fechner
2057,6_epo,14.000000000000002,0.5000000000031275,fechner
2058,6_epo,15.0,0.500000000002915,fechner
2059,6_epo,16.0,0.5000000000027296,fechner
2060,6_epo,17.0,0.5000000000025666,fechner
2061,6_epo,18.0,0.5000000000024222,fechner
2062,6_epo,19.0,0.500000000002293,fechner
2063,6_epo,20.0,0.5000000000021773,fechner
2064,6_epo,21.0,0.5000000000020726,fechner
2065,6_epo,22.0,0.5000000000019774,fechner
2066,6_epo,23.0,0.5000000000018908,fechner
2067,6_epo,24.0,0.5000000000018114,fechner
2068,6_epo,25.0,0.5000000000017385,fechner
2069,6_epo,26.0,0.5000000000016712,fechner
2070,6_epo,27.0,0.5000000000016089,fechner
2071,6_epo,28.000000000000004,0.5000000000015511,fechner
2072,6_epo,28.999999999999996,0.5000000000014974,fechner
2073,6_epo,30.0,0.5000000000014473,fechner
2074,6_epo,31.0,0.5000000000014003,fechner
2075,6_epo,32.0,0.5000000000013564,fechner
2076,6_epo,33.0,0.5000000000013152,fechner
2077,6_epo,34.0,0.5000000000012763,fechner
2078,6_epo,35.0,0.5000000000012397,fechner
2079,6_epo,36.0,0.5000000000012051,fechner
2080,6_epo,37.0,0.5000000000011725,fechner
2081,6_epo,38.0,0.5000000000011415,fechner
2082,6_epo,39.0,0.5000000000011122,fechner
2083,6_epo,40.0,0.5000000000010844,fechner
2084,6_epo,41.0,0.5000000000010578,fechner
2085,6_epo,42.0,0.5000000000010326,fechner
2086,6_epo,43.0,0.5000000000010085,fechner
2087,6_epo,44.0,0.5000000000009855,fechner
2088,6_epo,45.0,0.5000000000009636,fechner
2089,6_epo,46.0,0.5000000000009426,fechner
2090,6_epo,47.0,0.5000000000009225,fechner
2091,6_epo,48.0,0.5000000000009033,fechner
2092,6_epo,49.0,0.5000000000008847,fechner
2093,6_epo,50.0,0.5000000000008671,fechner
2094,6_epo,51.0,0.50000000000085,fechner
2095,6_epo,52.0,0.5000000000008337,fechner
2096,6_epo,53.0,0.5000000000008179,fechner
2097,6_epo,54.0,0.5000000000008027,fechner
2098,6_epo,55.00000000000001,0.5000000000007881,fechner
2099,6_epo,56.00000000000001,0.500000000000774,fechner
2100,6_epo,56.99999999999999,0.5000000000007604,fechner
2101,6_epo,57.99999999999999,0.5000000000007473,fechner
2102,6_epo,59.0,0.5000000000007346,fechner
2103,6_epo,60.0,0.5000000000007224,fechner
2104,6_epo,61.0,0.5000000000007105,fechner
2105,6_epo,62.0,0.500000000000699,fechner
2106,6_epo,63.0,0.5000000000006879,fechner
2107,6_epo,64.0,0.5000000000006771,fechner
2108,6_epo,65.0,0.5000000000006667,fechner
2109,6_epo,66.0,0.5000000000006566,fechner
2110,6_epo,67.0,0.5000000000006468,fechner
2111,6_epo,68.0,0.5000000000006373,fechner
2112,6_epo,69.0,0.500000000000628,fechner
2113,6_epo,70.0,0.5000000000006191,fechner
2114,6_epo,71.0,0.5000000000006104,fechner
2115,6_epo,72.0,0.5000000000006019,fechner
2116,6_epo,73.0,0.5000000000005936,fechner
2117,6_epo,74.0,0.5000000000005856,fechner
2118,6_epo,75.0,0.5000000000005778,fechner
2119,6_epo,76.0,0.5000000000005702,fechner
2120,6_epo,77.0,0.5000000000005628,fechner
2121,6_epo,78.0,0.5000000000005556,fechner
2122,6_epo,79.0,0.5000000000005485,fechner
2123,6_epo,80.0,0.5000000000005417,fechner
2124,6_epo,81.0,0.5000000000005349,fechner
2125,6_epo,82.0,0.5000000000005285,fechner
2126,6_epo,83.0,0.500000000000522,fechner
2127,6_epo,84.0,0.5000000000005158,fechner
2128,6_epo,85.0,0.5000000000005098,fechner
2129,6_epo,86.0,0.5000000000005038,fechner
2130,6_epo,87.0,0.500000000000498,fechner
2131,6_epo,88.0,0.5000000000004924,fechner
2132,6_epo,89.0,0.5000000000004868,fechner
2133,6_epo,90.0,0.5000000000004814,fechner
2134,6_epo,91.0,0.5000000000004762,fechner
2135,6_epo,92.0,0.500000000000471,fechner
2136,6_epo,93.0,0.5000000000004658,fechner
2137,6_epo,94.0,0.500000000000461,fechner
2138,6_epo,95.0,0.5000000000004561,fechner
2139,7_epo,3.0,0.6978215093647124,fechner
2140,7_epo,4.0,0.6252284767812227,fechner
2141,7_epo,5.0,0.5947054985355256,fechner
2142,7_epo,6.0,0.5768116494500343,fechner
2143,7_epo,7.000000000000001,0.5648336189666638,fechner
2144,7_epo,8.0,0.5561853204900955,fechner
2145,7_epo,9.0,0.5496209253977294,fechner
2146,7_epo,10.0,0.5444560917608134,fechner
2147,7_epo,11.0,0.5402802817378263,fechner
2148,7_epo,12.0,0.5368309549238695,fechner
2149,7_epo,13.0,0.5339318154601856,fechner
2150,7_epo,14.000000000000002,0.5314598125674402,fechner
2151,7_epo,15.0,0.5293263117763873,fechner
2152,7_epo,16.0,0.5274657744381162,fechner
2153,7_epo,17.0,0.5258286532260901,fechner
2154,7_epo,18.0,0.5243767706880157,fechner
2155,7_epo,19.0,0.5230802199308666,fechner
2156,7_epo,20.0,0.5219152307607827,fechner
2157,7_epo,21.0,0.5208626664929525,fechner
2158,7_epo,22.0,0.5199069434703959,fechner
2159,7_epo,23.0,0.5190352404015798,fechner
2160,7_epo,24.0,0.5182369104489792,fechner
2161,7_epo,25.0,0.5175030377395323,fechner
2162,7_epo,26.0,0.5168260984338026,fechner
2163,7_epo,27.0,0.5161996986162223,fechner
2164,7_epo,28.000000000000004,0.5156183693886324,fechner
2165,7_epo,28.999999999999996,0.5150774050844237,fechner
2166,7_epo,30.0,0.5145727343554802,fechner
2167,7_epo,31.0,0.5141008165808881,fechner
2168,7_epo,32.0,0.5136585579689149,fechner
2169,7_epo,33.0,0.5132432431117879,fechner
2170,7_epo,34.0,0.5128524787666997,fechner
2171,7_epo,35.0,0.5124841473851932,fechner
2172,7_epo,36.0,0.5121363684715972,fechner
2173,7_epo,37.0,0.5118074662717798,fechner
2174,7_epo,38.0,0.5114959426130461,fechner
2175,7_epo,39.0,0.511200453960801,fechner
2176,7_epo,40.0,0.5109197919466263,fechner
2177,7_epo,41.0,0.5106528667694263,fechner
2178,7_epo,42.0,0.5103986929864543,fechner
2179,7_epo,43.0,0.5101563773018036,fechner
2180,7_epo,44.0,0.5099251080319691,fechner
2181,7_epo,45.0,0.509704145985551,fechner
2182,7_epo,46.0,0.509492816540291,fechner
2183,7_epo,47.0,0.5092905027378324,fechner
2184,7_epo,48.0,0.5090966392467707,fechner
2185,7_epo,49.0,0.5089107070691335,fechner
2186,7_epo,50.0,0.5087322288855541,fechner
2187,7_epo,51.0,0.5085607649509453,fechner
2188,7_epo,52.0,0.5083959094661349,fechner
2189,7_epo,53.0,0.5082372873622503,fechner
2190,7_epo,54.0,0.5080845514440581,fechner
2191,7_epo,55.00000000000001,0.5079373798463392,fechner
2192,7_epo,56.00000000000001,0.5077954737639729,fechner
2193,7_epo,56.99999999999999,0.5076585554219564,fechner
2194,7_epo,57.99999999999999,0.5075263662562666,fechner
2195,7_epo,59.0,0.5073986652804373,fechner
2196,7_epo,60.0,0.5072752276160934,fechner
2197,7_epo,61.0,0.5071558431685437,fechner
2198,7_epo,62.0,0.5070403154309947,fechner
2199,7_epo,63.0,0.5069284604030335,fechner
2200,7_epo,64.0,0.5068201056108367,fechner
2201,7_epo,65.0,0.5067150892181097,fechner
2202,7_epo,66.0,0.5066132592180986,fechner
2203,7_epo,67.0,0.5065144726981755,fechner
2204,7_epo,68.0,0.5064185951695026,fechner
2205,7_epo,69.0,0.5063254999551492,fechner
2206,7_epo,70.0,0.5062350676308005,fechner
2207,7_epo,71.0,0.5061471855128553,fechner
2208,7_epo,72.0,0.5060617471892922,fechner
2209,7_epo,73.0,0.5059786520891921,fechner
2210,7_epo,74.0,0.5058978050872489,fechner
2211,7_epo,75.0,0.505819116139995,fechner
2212,7_epo,76.0,0.5057424999508113,fechner
2213,7_epo,77.0,0.5056678756611009,fechner
2214,7_epo,78.0,0.5055951665652679,fechner
2215,7_epo,79.0,0.5055242998473928,fechner
2216,7_epo,80.0,0.5054552063376956,fechner
2217,7_epo,81.0,0.505387820287077,fechner
2218,7_epo,82.0,0.5053220791581885,fechner
2219,7_epo,83.0,0.5052579234316354,fechner
2220,7_epo,84.0,0.5051952964260482,fechner
2221,7_epo,85.0,0.5051341441308783,fechner
2222,7_epo,86.0,0.5050744150508802,fechner
2223,7_epo,87.0,0.5050160600613377,fechner
2224,7_epo,88.0,0.504959032273178,fechner
2225,7_epo,89.0,0.5049032869071943,fechner
2226,7_epo,90.0,0.5048487811766683,fechner
2227,7_epo,91.0,0.5047954741777425,fechner
2228,7_epo,92.0,0.5047433267869545,fechner
2229,7_epo,93.0,0.5046923015653925,fechner
2230,7_epo,94.0,0.5046423626689759,fechner
2231,7_epo,95.0,0.5045934757644132,fechner
2232,8_epo,3.0,0.7744246386118578,fechner
2233,8_epo,4.0,0.6801098976242654,fechner
2234,8_epo,5.0,0.6376366097080151,fechner
2235,8_epo,6.0,0.6121656477423498,fechner
2236,8_epo,7.000000000000001,0.5949251114305949,fechner
2237,8_epo,8.0,0.5823972061122018,fechner
2238,8_epo,9.0,0.572849248642714,fechner
2239,8_epo,10.0,0.5653161872796936,fechner
2240,8_epo,11.0,0.559213663453671,fechner
2241,8_epo,12.0,0.5541655009495016,fechner
2242,8_epo,13.0,0.5499178655272533,fechner
2243,8_epo,14.000000000000002,0.5462929307562003,fechner
2244,8_epo,15.0,0.5431622383363044,fechner
2245,8_epo,16.0,0.5404305859915244,fechner
2246,8_epo,17.0,0.5380258679937038,fechner
2247,8_epo,18.0,0.5358924411824317,fechner
2248,8_epo,19.0,0.533986662013505,fechner
2249,8_epo,20.0,0.5322738058360877,fechner
2250,8_epo,21.0,0.5307258919388317,fechner
2251,8_epo,22.0,0.5293201173081712,fechner
2252,8_epo,23.0,0.5280377086812766,fechner
2253,8_epo,24.0,0.5268630678000442,fechner
2254,8_epo,25.0,0.5257831258686342,fechner
2255,8_epo,26.0,0.5247868496935663,fechner
2256,8_epo,27.0,0.523864859411594,fechner
2257,8_epo,28.000000000000004,0.5230091294038979,fechner
2258,8_epo,28.999999999999996,0.522212751980567,fechner
2259,8_epo,30.0,0.5214697489607822,fechner
2260,8_epo,31.0,0.520774920176518,fechner
2261,8_epo,32.0,0.5201237207131967,fechner
2262,8_epo,33.0,0.5195121607141661,fechner
2263,8_epo,34.0,0.5189367230481597,fechner
2264,8_epo,35.0,0.5183942952271207,fechner
2265,8_epo,36.0,0.5178821127742483,fechner
2266,8_epo,37.0,0.5173977118544467,fechner
2267,8_epo,38.0,0.5169388894448848,fechner
2268,8_epo,39.0,0.5165036696802637,fechner
2269,8_epo,40.0,0.5160902752830929,fechner
2270,8_epo,41.0,0.5156971032038438,fechner
2271,8_epo,42.0,0.5153227037639883,fechner
2272,8_epo,43.0,0.5149657627275518,fechner
2273,8_epo,44.0,0.5146250858320573,fechner
2274,8_epo,45.0,0.5142995853937701,fechner
2275,8_epo,46.0,0.5139882686695988,fechner
2276,8_epo,47.0,0.5136902277124492,fechner
2277,8_epo,48.0,0.5134046305009806,fechner
2278,8_epo,49.0,0.5131307131607024,fechner
2279,8_epo,50.0,0.512867773122815,fechner
2280,8_epo,51.0,0.5126151630914325,fechner
2281,8_epo,52.0,0.5123722857098341,fechner
2282,8_epo,53.0,0.5121385888329879,fechner
2283,8_epo,54.0,0.511913561327403,fechner
2284,8_epo,55.00000000000001,0.511696729330901,fechner
2285,8_epo,56.00000000000001,0.5114876529145816,fechner
2286,8_epo,56.99999999999999,0.5112859230973849,fechner
2287,8_epo,57.99999999999999,0.5110911591705347,fechner
2288,8_epo,59.0,0.5109030062949587,fechner
2289,8_epo,60.0,0.5107211333397199,fechner
2290,8_epo,61.0,0.51054523093371,fechner
2291,8_epo,62.0,0.5103750097064397,fechner
2292,8_epo,63.0,0.5102101986968524,fechner
2293,8_epo,64.0,0.5100505439117197,fechner
2294,8_epo,65.0,0.5098958070174646,fechner
2295,8_epo,66.0,0.5097457641512166,fechner
2296,8_epo,67.0,0.5096002048386068,fechner
2297,8_epo,68.0,0.5094589310072825,fechner
2298,8_epo,69.0,0.5093217560864075,fechner
2299,8_epo,70.0,0.509188504183524,fechner
2300,8_epo,71.0,0.5090590093311292,fechner
2301,8_epo,72.0,0.508933114796175,fechner
2302,8_epo,73.0,0.5088106724464387,fechner
2303,8_epo,74.0,0.5086915421683754,fechner
2304,8_epo,75.0,0.508575591331634,fechner
2305,8_epo,76.0,0.5084626942959302,fechner
2306,8_epo,77.0,0.5083527319564181,fechner
2307,8_epo,78.0,0.5082455913240963,fechner
2308,8_epo,79.0,0.50814116513814,fechner
2309,8_epo,80.0,0.5080393515073583,fechner
2310,8_epo,81.0,0.5079400535782556,fechner
2311,8_epo,82.0,0.5078431792274203,fechner
2312,8_epo,83.0,0.5077486407761893,fechner
2313,8_epo,84.0,0.5076563547257222,fechner
2314,8_epo,85.0,0.5075662415108078,fechner
2315,8_epo,86.0,0.5074782252708708,fechner
2316,8_epo,87.0,0.5073922336367958,fechner
2317,8_epo,88.0,0.5073081975323059,fechner
2318,8_epo,89.0,0.5072260509887507,fechner
2319,8_epo,90.0,0.5071457309722585,fechner
2320,8_epo,91.0,0.5070671772223009,fechner
2321,8_epo,92.0,0.5069903321007986,fechner
2322,8_epo,93.0,0.5069151404509756,fechner
2323,8_epo,94.0,0.5068415494652342,fechner
2324,8_epo,95.0,0.5067695085613836,fechner
2325,9_epo,3.0,0.7287140028142868,fechner
2326,9_epo,4.0,0.6466252520747618,fechner
2327,9_epo,5.0,0.6112829839538044,fechner
2328,9_epo,6.0,0.5904034895035624,fechner
2329,9_epo,7.000000000000001,0.5763742599097451,fechner
2330,9_epo,8.0,0.56622303327779,fechner
2331,9_epo,9.0,0.5585072726240699,fechner
2332,9_epo,10.0,0.5524308985447637,fechner
2333,9_epo,11.0,0.5475148478912195,fechner
2334,9_epo,12.0,0.5434520790435606,fechner
2335,9_epo,13.0,0.5400360769936015,fechner
2336,9_epo,14.000000000000002,0.5371225199933164,fechner
2337,9_epo,15.0,0.5346073516932462,fechner
2338,9_epo,16.0,0.5324135712082714,fechner
2339,9_epo,17.0,0.53048292975779,fechner
2340,9_epo,18.0,0.5287705224649228,fechner
2341,9_epo,19.0,0.5272411576141856,fechner
2342,9_epo,20.0,0.525866854728938,fechner
2343,9_epo,21.0,0.5246250808106113,fechner
2344,9_epo,22.0,0.523497481773722,fechner
2345,9_epo,23.0,0.522468953656017,fechner
2346,9_epo,24.0,0.5215269516830295,fechner
2347,9_epo,25.0,0.5206609688549224,fechner
2348,9_epo,26.0,0.5198621373247645,fechner
2349,9_epo,27.0,0.5191229200328024,fechner
2350,9_epo,28.000000000000004,0.5184368695737201,fechner
2351,9_epo,28.999999999999996,0.5177984377621607,fechner
2352,9_epo,30.0,0.517202823859494,fechner
2353,9_epo,31.0,0.516645852589191,fechner
2354,9_epo,32.0,0.5161238753250387,fechner
2355,9_epo,33.0,0.515633689466447,fechner
2356,9_epo,34.0,0.5151724722062014,fechner
2357,9_epo,35.0,0.5147377257758431,fechner
2358,9_epo,36.0,0.5143272319103901,fechner
2359,9_epo,37.0,0.5139390137686338,fechner
2360,9_epo,38.0,0.5135713039210507,fechner
2361,9_epo,39.0,0.5132225173053412,fechner
2362,9_epo,40.0,0.5128912282719853,fechner
2363,9_epo,41.0,0.5125761510152125,fechner
2364,9_epo,42.0,0.5122761228203012,fechner
2365,9_epo,43.0,0.5119900896649889,fechner
2366,9_epo,44.0,0.5117170937975576,fechner
2367,9_epo,45.0,0.5114562629818239,fechner
2368,9_epo,46.0,0.511206801153576,fechner
2369,9_epo,47.0,0.5109679802768129,fechner
2370,9_epo,48.0,0.5107391332236796,fechner
2371,9_epo,49.0,0.5105196475309449,fechner
2372,9_epo,50.0,0.5103089599095738,fechner
2373,9_epo,51.0,0.510106551403437,fechner
2374,9_epo,52.0,0.5099119431092923,fechner
2375,9_epo,53.0,0.5097246923835166,fechner
2376,9_epo,54.0,0.5095443894721698,fechner
2377,9_epo,55.00000000000001,0.5093706545102488,fechner
2378,9_epo,56.00000000000001,0.5092031348437633,fechner
2379,9_epo,56.99999999999999,0.5090415026348123,fechner
2380,9_epo,57.99999999999999,0.508885452715351,fechner
2381,9_epo,59.0,0.5087347006600221,fechner
2382,9_epo,60.0,0.5085889810523873,fechner
2383,9_epo,61.0,0.5084480459222774,fechner
2384,9_epo,62.0,0.5083116633348695,fechner
2385,9_epo,63.0,0.5081796161145677,fechner
2386,9_epo,64.0,0.5080517006888924,fechner
2387,9_epo,65.0,0.5079277260394087,fechner
2388,9_epo,66.0,0.5078075127483027,fechner
2389,9_epo,67.0,0.5076908921305812,fechner
2390,9_epo,68.0,0.5075777054430511,fechner
2391,9_epo,69.0,0.5074678031622679,fechner
2392,9_epo,70.0,0.5073610443245324,fechner
2393,9_epo,71.0,0.5072572959218041,fechner
2394,9_epo,72.0,0.5071564323480772,fechner
2395,9_epo,73.0,0.5070583348913678,fechner
2396,9_epo,74.0,0.5069628912669868,fechner
2397,9_epo,75.0,0.5068699951882348,fechner
2398,9_epo,76.0,0.5067795459710631,fechner
2399,9_epo,77.0,0.5066914481696063,fechner
2400,9_epo,78.0,0.5066056112398087,fechner
2401,9_epo,79.0,0.5065219492286501,fechner
2402,9_epo,80.0,0.5064403804867247,fechner
2403,9_epo,81.0,0.506360827402152,fechner
2404,9_epo,82.0,0.5062832161539941,fechner
2405,9_epo,83.0,0.50620747648353,fechner
2406,9_epo,84.0,0.5061335414818979,fechner
2407,9_epo,85.0,0.5060613473927517,fechner
2408,9_epo,86.0,0.5059908334287109,fechner
2409,9_epo,87.0,0.5059219416004886,fechner
2410,9_epo,88.0,0.5058546165576905,fechner
2411,9_epo,89.0,0.5057888054403608,fechner
2412,9_epo,90.0,0.5057244577404434,fechner
2413,9_epo,91.0,0.5056615251723893,fechner
2414,9_epo,92.0,0.5055999615522161,fechner
2415,9_epo,93.0,0.5055397226843809,fechner
2416,9_epo,94.0,0.5054807662558842,fechner
2417,9_epo,95.0,0.5054230517370728,fechner
