,participant,contrast,mrt,name
0,0_epo,3.0,65.29753039801213,linear
1,0_epo,4.0,65.3867118953049,linear
2,0_epo,5.0,65.47589339259765,linear
3,0_epo,6.0,65.56507488989043,linear
4,0_epo,7.000000000000001,65.65425638718318,linear
5,0_epo,8.0,65.74343788447595,linear
6,0_epo,9.0,65.83261938176871,linear
7,0_epo,10.0,65.92180087906148,linear
8,0_epo,11.0,66.01098237635424,linear
9,0_epo,12.0,66.100163873647,linear
10,0_epo,13.0,66.18934537093976,linear
11,0_epo,14.000000000000002,66.27852686823253,linear
12,0_epo,15.0,66.36770836552529,linear
13,0_epo,16.0,66.45688986281806,linear
14,0_epo,17.0,66.54607136011082,linear
15,0_epo,18.0,66.63525285740359,linear
16,0_epo,19.0,66.72443435469634,linear
17,0_epo,20.0,66.81361585198911,linear
18,0_epo,21.0,66.90279734928187,linear
19,0_epo,22.0,66.99197884657464,linear
20,0_epo,23.0,67.0811603438674,linear
21,0_epo,24.0,67.17034184116017,linear
22,0_epo,25.0,67.25952333845292,linear
23,0_epo,26.0,67.34870483574568,linear
24,0_epo,27.0,67.43788633303845,linear
25,0_epo,28.000000000000004,67.5270678303312,linear
26,0_epo,28.999999999999996,67.61624932762398,linear
27,0_epo,30.0,67.70543082491673,linear
28,0_epo,31.0,67.7946123222095,linear
29,0_epo,32.0,67.88379381950226,linear
30,0_epo,33.0,67.97297531679503,linear
31,0_epo,34.0,68.06215681408779,linear
32,0_epo,35.0,68.15133831138056,linear
33,0_epo,36.0,68.24051980867331,linear
34,0_epo,37.0,68.32970130596608,linear
35,0_epo,38.0,68.41888280325884,linear
36,0_epo,39.0,68.50806430055161,linear
37,0_epo,40.0,68.59724579784437,linear
38,0_epo,41.0,68.68642729513714,linear
39,0_epo,42.0,68.77560879242989,linear
40,0_epo,43.0,68.86479028972266,linear
41,0_epo,44.0,68.95397178701542,linear
42,0_epo,45.0,69.04315328430819,linear
43,0_epo,46.0,69.13233478160095,linear
44,0_epo,47.0,69.22151627889372,linear
45,0_epo,48.0,69.31069777618647,linear
46,0_epo,49.0,69.39987927347924,linear
47,0_epo,50.0,69.489060770772,linear
48,0_epo,51.0,69.57824226806476,linear
49,0_epo,52.0,69.66742376535753,linear
50,0_epo,53.0,69.75660526265028,linear
51,0_epo,54.0,69.84578675994305,linear
52,0_epo,55.00000000000001,69.93496825723581,linear
53,0_epo,56.00000000000001,70.02414975452857,linear
54,0_epo,56.99999999999999,70.11333125182132,linear
55,0_epo,57.99999999999999,70.20251274911409,linear
56,0_epo,59.0,70.29169424640685,linear
57,0_epo,60.0,70.38087574369962,linear
58,0_epo,61.0,70.47005724099238,linear
59,0_epo,62.0,70.55923873828515,linear
60,0_epo,63.0,70.6484202355779,linear
61,0_epo,64.0,70.73760173287067,linear
62,0_epo,65.0,70.82678323016343,linear
63,0_epo,66.0,70.9159647274562,linear
64,0_epo,67.0,71.00514622474896,linear
65,0_epo,68.0,71.09432772204173,linear
66,0_epo,69.0,71.18350921933448,linear
67,0_epo,70.0,71.27269071662725,linear
68,0_epo,71.0,71.36187221392001,linear
69,0_epo,72.0,71.45105371121278,linear
70,0_epo,73.0,71.54023520850554,linear
71,0_epo,74.0,71.6294167057983,linear
72,0_epo,75.0,71.71859820309106,linear
73,0_epo,76.0,71.80777970038382,linear
74,0_epo,77.0,71.89696119767659,linear
75,0_epo,78.0,71.98614269496935,linear
76,0_epo,79.0,72.07532419226212,linear
77,0_epo,80.0,72.16450568955487,linear
78,0_epo,81.0,72.25368718684764,linear
79,0_epo,82.0,72.3428686841404,linear
80,0_epo,83.0,72.43205018143317,linear
81,0_epo,84.0,72.52123167872593,linear
82,0_epo,85.0,72.6104131760187,linear
83,0_epo,86.0,72.69959467331145,linear
84,0_epo,87.0,72.78877617060422,linear
85,0_epo,88.0,72.87795766789698,linear
86,0_epo,89.0,72.96713916518975,linear
87,0_epo,90.0,73.0563206624825,linear
88,0_epo,91.0,73.14550215977528,linear
89,0_epo,92.0,73.23468365706803,linear
90,0_epo,93.0,73.3238651543608,linear
91,0_epo,94.0,73.41304665165356,linear
92,0_epo,95.0,73.50222814894633,linear
93,10_epo,3.0,67.97864921099072,linear
94,10_epo,4.0,67.74826710960593,linear
95,10_epo,5.0,67.51788500822116,linear
96,10_epo,6.0,67.28750290683637,linear
97,10_epo,7.000000000000001,67.05712080545159,linear
98,10_epo,8.0,66.8267387040668,linear
99,10_epo,9.0,66.59635660268202,linear
100,10_epo,10.0,66.36597450129725,linear
101,10_epo,11.0,66.13559239991245,linear
102,10_epo,12.0,65.90521029852768,linear
103,10_epo,13.0,65.67482819714289,linear
104,10_epo,14.000000000000002,65.44444609575811,linear
105,10_epo,15.0,65.21406399437332,linear
106,10_epo,16.0,64.98368189298854,linear
107,10_epo,17.0,64.75329979160377,linear
108,10_epo,18.0,64.52291769021897,linear
109,10_epo,19.0,64.2925355888342,linear
110,10_epo,20.0,64.06215348744941,linear
111,10_epo,21.0,63.83177138606463,linear
112,10_epo,22.0,63.60138928467984,linear
113,10_epo,23.0,63.37100718329506,linear
114,10_epo,24.0,63.14062508191028,linear
115,10_epo,25.0,62.910242980525496,linear
116,10_epo,26.0,62.67986087914072,linear
117,10_epo,27.0,62.449478777755935,linear
118,10_epo,28.000000000000004,62.21909667637115,linear
119,10_epo,28.999999999999996,61.98871457498637,linear
120,10_epo,30.0,61.75833247360159,linear
121,10_epo,31.0,61.52795037221681,linear
122,10_epo,32.0,61.29756827083202,linear
123,10_epo,33.0,61.06718616944724,linear
124,10_epo,34.0,60.836804068062456,linear
125,10_epo,35.0,60.60642196667767,linear
126,10_epo,36.0,60.37603986529289,linear
127,10_epo,37.0,60.14565776390811,linear
128,10_epo,38.0,59.91527566252332,linear
129,10_epo,39.0,59.684893561138544,linear
130,10_epo,40.0,59.45451145975376,linear
131,10_epo,41.0,59.22412935836898,linear
132,10_epo,42.0,58.99374725698419,linear
133,10_epo,43.0,58.76336515559941,linear
134,10_epo,44.0,58.532983054214625,linear
135,10_epo,45.0,58.30260095282984,linear
136,10_epo,46.0,58.072218851445065,linear
137,10_epo,47.0,57.84183675006028,linear
138,10_epo,48.0,57.6114546486755,linear
139,10_epo,49.0,57.381072547290714,linear
140,10_epo,50.0,57.15069044590593,linear
141,10_epo,51.0,56.920308344521146,linear
142,10_epo,52.0,56.68992624313636,linear
143,10_epo,53.0,56.45954414175158,linear
144,10_epo,54.0,56.229162040366795,linear
145,10_epo,55.00000000000001,55.99877993898202,linear
146,10_epo,56.00000000000001,55.76839783759723,linear
147,10_epo,56.99999999999999,55.53801573621245,linear
148,10_epo,57.99999999999999,55.30763363482767,linear
149,10_epo,59.0,55.07725153344288,linear
150,10_epo,60.0,54.8468694320581,linear
151,10_epo,61.0,54.616487330673316,linear
152,10_epo,62.0,54.38610522928854,linear
153,10_epo,63.0,54.15572312790375,linear
154,10_epo,64.0,53.92534102651897,linear
155,10_epo,65.0,53.69495892513419,linear
156,10_epo,66.0,53.464576823749404,linear
157,10_epo,67.0,53.23419472236462,linear
158,10_epo,68.0,53.003812620979836,linear
159,10_epo,69.0,52.77343051959506,linear
160,10_epo,70.0,52.54304841821027,linear
161,10_epo,71.0,52.31266631682549,linear
162,10_epo,72.0,52.0822842154407,linear
163,10_epo,73.0,51.851902114055925,linear
164,10_epo,74.0,51.62152001267114,linear
165,10_epo,75.0,51.39113791128636,linear
166,10_epo,76.0,51.16075580990157,linear
167,10_epo,77.0,50.93037370851679,linear
168,10_epo,78.0,50.69999160713201,linear
169,10_epo,79.0,50.46960950574722,linear
170,10_epo,80.0,50.239227404362445,linear
171,10_epo,81.0,50.008845302977655,linear
172,10_epo,82.0,49.77846320159288,linear
173,10_epo,83.0,49.548081100208094,linear
174,10_epo,84.0,49.31769899882331,linear
175,10_epo,85.0,49.087316897438534,linear
176,10_epo,86.0,48.85693479605374,linear
177,10_epo,87.0,48.626552694668966,linear
178,10_epo,88.0,48.396170593284175,linear
179,10_epo,89.0,48.1657884918994,linear
180,10_epo,90.0,47.93540639051461,linear
181,10_epo,91.0,47.70502428912983,linear
182,10_epo,92.0,47.47464218774505,linear
183,10_epo,93.0,47.24426008636026,linear
184,10_epo,94.0,47.01387798497549,linear
185,10_epo,95.0,46.783495883590696,linear
186,11_epo,3.0,94.96763120832551,linear
187,11_epo,4.0,94.71357031190797,linear
188,11_epo,5.0,94.45950941549042,linear
189,11_epo,6.0,94.20544851907286,linear
190,11_epo,7.000000000000001,93.95138762265532,linear
191,11_epo,8.0,93.69732672623778,linear
192,11_epo,9.0,93.44326582982022,linear
193,11_epo,10.0,93.18920493340268,linear
194,11_epo,11.0,92.93514403698512,linear
195,11_epo,12.0,92.68108314056758,linear
196,11_epo,13.0,92.42702224415004,linear
197,11_epo,14.000000000000002,92.17296134773248,linear
198,11_epo,15.0,91.91890045131493,linear
199,11_epo,16.0,91.66483955489737,linear
200,11_epo,17.0,91.41077865847984,linear
201,11_epo,18.0,91.15671776206229,linear
202,11_epo,19.0,90.90265686564473,linear
203,11_epo,20.0,90.64859596922719,linear
204,11_epo,21.0,90.39453507280965,linear
205,11_epo,22.0,90.14047417639209,linear
206,11_epo,23.0,89.88641327997455,linear
207,11_epo,24.0,89.63235238355699,linear
208,11_epo,25.0,89.37829148713944,linear
209,11_epo,26.0,89.12423059072191,linear
210,11_epo,27.0,88.87016969430435,linear
211,11_epo,28.000000000000004,88.6161087978868,linear
212,11_epo,28.999999999999996,88.36204790146924,linear
213,11_epo,30.0,88.10798700505171,linear
214,11_epo,31.0,87.85392610863416,linear
215,11_epo,32.0,87.5998652122166,linear
216,11_epo,33.0,87.34580431579906,linear
217,11_epo,34.0,87.0917434193815,linear
218,11_epo,35.0,86.83768252296396,linear
219,11_epo,36.0,86.58362162654642,linear
220,11_epo,37.0,86.32956073012886,linear
221,11_epo,38.0,86.0754998337113,linear
222,11_epo,39.0,85.82143893729376,linear
223,11_epo,40.0,85.56737804087622,linear
224,11_epo,41.0,85.31331714445867,linear
225,11_epo,42.0,85.05925624804111,linear
226,11_epo,43.0,84.80519535162357,linear
227,11_epo,44.0,84.55113445520601,linear
228,11_epo,45.0,84.29707355878847,linear
229,11_epo,46.0,84.04301266237093,linear
230,11_epo,47.0,83.78895176595337,linear
231,11_epo,48.0,83.53489086953581,linear
232,11_epo,49.0,83.28082997311829,linear
233,11_epo,50.0,83.02676907670073,linear
234,11_epo,51.0,82.77270818028317,linear
235,11_epo,52.0,82.51864728386563,linear
236,11_epo,53.0,82.26458638744808,linear
237,11_epo,54.0,82.01052549103052,linear
238,11_epo,55.00000000000001,81.75646459461298,linear
239,11_epo,56.00000000000001,81.50240369819544,linear
240,11_epo,56.99999999999999,81.24834280177788,linear
241,11_epo,57.99999999999999,80.99428190536034,linear
242,11_epo,59.0,80.7402210089428,linear
243,11_epo,60.0,80.48616011252524,linear
244,11_epo,61.0,80.23209921610768,linear
245,11_epo,62.0,79.97803831969014,linear
246,11_epo,63.0,79.72397742327259,linear
247,11_epo,64.0,79.46991652685504,linear
248,11_epo,65.0,79.2158556304375,linear
249,11_epo,66.0,78.96179473401995,linear
250,11_epo,67.0,78.70773383760239,linear
251,11_epo,68.0,78.45367294118485,linear
252,11_epo,69.0,78.1996120447673,linear
253,11_epo,70.0,77.94555114834975,linear
254,11_epo,71.0,77.6914902519322,linear
255,11_epo,72.0,77.43742935551465,linear
256,11_epo,73.0,77.18336845909711,linear
257,11_epo,74.0,76.92930756267955,linear
258,11_epo,75.0,76.67524666626201,linear
259,11_epo,76.0,76.42118576984446,linear
260,11_epo,77.0,76.16712487342691,linear
261,11_epo,78.0,75.91306397700936,linear
262,11_epo,79.0,75.65900308059182,linear
263,11_epo,80.0,75.40494218417426,linear
264,11_epo,81.0,75.1508812877567,linear
265,11_epo,82.0,74.89682039133918,linear
266,11_epo,83.0,74.64275949492162,linear
267,11_epo,84.0,74.38869859850406,linear
268,11_epo,85.0,74.13463770208652,linear
269,11_epo,86.0,73.88057680566898,linear
270,11_epo,87.0,73.62651590925142,linear
271,11_epo,88.0,73.37245501283388,linear
272,11_epo,89.0,73.11839411641633,linear
273,11_epo,90.0,72.86433321999877,linear
274,11_epo,91.0,72.61027232358123,linear
275,11_epo,92.0,72.35621142716369,linear
276,11_epo,93.0,72.10215053074613,linear
277,11_epo,94.0,71.84808963432857,linear
278,11_epo,95.0,71.59402873791105,linear
279,12_epo,3.0,67.86720804327999,linear
280,12_epo,4.0,67.92687629927822,linear
281,12_epo,5.0,67.98654455527645,linear
282,12_epo,6.0,68.0462128112747,linear
283,12_epo,7.000000000000001,68.10588106727295,linear
284,12_epo,8.0,68.16554932327118,linear
285,12_epo,9.0,68.22521757926941,linear
286,12_epo,10.0,68.28488583526764,linear
287,12_epo,11.0,68.3445540912659,linear
288,12_epo,12.0,68.40422234726414,linear
289,12_epo,13.0,68.46389060326237,linear
290,12_epo,14.000000000000002,68.5235588592606,linear
291,12_epo,15.0,68.58322711525884,linear
292,12_epo,16.0,68.64289537125708,linear
293,12_epo,17.0,68.70256362725533,linear
294,12_epo,18.0,68.76223188325356,linear
295,12_epo,19.0,68.8219001392518,linear
296,12_epo,20.0,68.88156839525004,linear
297,12_epo,21.0,68.94123665124827,linear
298,12_epo,22.0,69.00090490724652,linear
299,12_epo,23.0,69.06057316324475,linear
300,12_epo,24.0,69.12024141924299,linear
301,12_epo,25.0,69.17990967524123,linear
302,12_epo,26.0,69.23957793123947,linear
303,12_epo,27.0,69.29924618723771,linear
304,12_epo,28.000000000000004,69.35891444323595,linear
305,12_epo,28.999999999999996,69.4185826992342,linear
306,12_epo,30.0,69.47825095523243,linear
307,12_epo,31.0,69.53791921123066,linear
308,12_epo,32.0,69.59758746722889,linear
309,12_epo,33.0,69.65725572322715,linear
310,12_epo,34.0,69.71692397922538,linear
311,12_epo,35.0,69.77659223522362,linear
312,12_epo,36.0,69.83626049122185,linear
313,12_epo,37.0,69.89592874722008,linear
314,12_epo,38.0,69.95559700321833,linear
315,12_epo,39.0,70.01526525921658,linear
316,12_epo,40.0,70.07493351521481,linear
317,12_epo,41.0,70.13460177121304,linear
318,12_epo,42.0,70.19427002721129,linear
319,12_epo,43.0,70.25393828320952,linear
320,12_epo,44.0,70.31360653920777,linear
321,12_epo,45.0,70.373274795206,linear
322,12_epo,46.0,70.43294305120423,linear
323,12_epo,47.0,70.49261130720248,linear
324,12_epo,48.0,70.55227956320071,linear
325,12_epo,49.0,70.61194781919896,linear
326,12_epo,50.0,70.67161607519719,linear
327,12_epo,51.0,70.73128433119544,linear
328,12_epo,52.0,70.79095258719367,linear
329,12_epo,53.0,70.8506208431919,linear
330,12_epo,54.0,70.91028909919014,linear
331,12_epo,55.00000000000001,70.9699573551884,linear
332,12_epo,56.00000000000001,71.02962561118663,linear
333,12_epo,56.99999999999999,71.08929386718486,linear
334,12_epo,57.99999999999999,71.1489621231831,linear
335,12_epo,59.0,71.20863037918133,linear
336,12_epo,60.0,71.26829863517958,linear
337,12_epo,61.0,71.32796689117782,linear
338,12_epo,62.0,71.38763514717606,linear
339,12_epo,63.0,71.44730340317429,linear
340,12_epo,64.0,71.50697165917254,linear
341,12_epo,65.0,71.56663991517077,linear
342,12_epo,66.0,71.62630817116901,linear
343,12_epo,67.0,71.68597642716725,linear
344,12_epo,68.0,71.7456446831655,linear
345,12_epo,69.0,71.80531293916373,linear
346,12_epo,70.0,71.86498119516196,linear
347,12_epo,71.0,71.9246494511602,linear
348,12_epo,72.0,71.98431770715844,linear
349,12_epo,73.0,72.04398596315669,linear
350,12_epo,74.0,72.10365421915492,linear
351,12_epo,75.0,72.16332247515315,linear
352,12_epo,76.0,72.22299073115138,linear
353,12_epo,77.0,72.28265898714965,linear
354,12_epo,78.0,72.34232724314788,linear
355,12_epo,79.0,72.40199549914611,linear
356,12_epo,80.0,72.46166375514434,linear
357,12_epo,81.0,72.52133201114258,linear
358,12_epo,82.0,72.58100026714084,linear
359,12_epo,83.0,72.64066852313907,linear
360,12_epo,84.0,72.7003367791373,linear
361,12_epo,85.0,72.76000503513553,linear
362,12_epo,86.0,72.81967329113378,linear
363,12_epo,87.0,72.87934154713201,linear
364,12_epo,88.0,72.93900980313026,linear
365,12_epo,89.0,72.9986780591285,linear
366,12_epo,90.0,73.05834631512674,linear
367,12_epo,91.0,73.11801457112497,linear
368,12_epo,92.0,73.1776828271232,linear
369,12_epo,93.0,73.23735108312145,linear
370,12_epo,94.0,73.29701933911969,linear
371,12_epo,95.0,73.35668759511793,linear
372,13_epo,3.0,68.46668949716023,linear
373,13_epo,4.0,68.45035567557686,linear
374,13_epo,5.0,68.43402185399349,linear
375,13_epo,6.0,68.41768803241013,linear
376,13_epo,7.000000000000001,68.40135421082674,linear
377,13_epo,8.0,68.38502038924338,linear
378,13_epo,9.0,68.36868656766,linear
379,13_epo,10.0,68.35235274607662,linear
380,13_epo,11.0,68.33601892449326,linear
381,13_epo,12.0,68.31968510290989,linear
382,13_epo,13.0,68.30335128132651,linear
383,13_epo,14.000000000000002,68.28701745974314,linear
384,13_epo,15.0,68.27068363815977,linear
385,13_epo,16.0,68.2543498165764,linear
386,13_epo,17.0,68.23801599499302,linear
387,13_epo,18.0,68.22168217340965,linear
388,13_epo,19.0,68.20534835182627,linear
389,13_epo,20.0,68.18901453024291,linear
390,13_epo,21.0,68.17268070865953,linear
391,13_epo,22.0,68.15634688707617,linear
392,13_epo,23.0,68.1400130654928,linear
393,13_epo,24.0,68.12367924390942,linear
394,13_epo,25.0,68.10734542232605,linear
395,13_epo,26.0,68.09101160074268,linear
396,13_epo,27.0,68.0746777791593,linear
397,13_epo,28.000000000000004,68.05834395757593,linear
398,13_epo,28.999999999999996,68.04201013599257,linear
399,13_epo,30.0,68.02567631440918,linear
400,13_epo,31.0,68.00934249282582,linear
401,13_epo,32.0,67.99300867124245,linear
402,13_epo,33.0,67.97667484965908,linear
403,13_epo,34.0,67.9603410280757,linear
404,13_epo,35.0,67.94400720649233,linear
405,13_epo,36.0,67.92767338490896,linear
406,13_epo,37.0,67.91133956332558,linear
407,13_epo,38.0,67.89500574174222,linear
408,13_epo,39.0,67.87867192015884,linear
409,13_epo,40.0,67.86233809857548,linear
410,13_epo,41.0,67.84600427699209,linear
411,13_epo,42.0,67.82967045540872,linear
412,13_epo,43.0,67.81333663382536,linear
413,13_epo,44.0,67.79700281224197,linear
414,13_epo,45.0,67.78066899065861,linear
415,13_epo,46.0,67.76433516907524,linear
416,13_epo,47.0,67.74800134749186,linear
417,13_epo,48.0,67.73166752590849,linear
418,13_epo,49.0,67.71533370432513,linear
419,13_epo,50.0,67.69899988274175,linear
420,13_epo,51.0,67.68266606115837,linear
421,13_epo,52.0,67.66633223957501,linear
422,13_epo,53.0,67.64999841799163,linear
423,13_epo,54.0,67.63366459640827,linear
424,13_epo,55.00000000000001,67.6173307748249,linear
425,13_epo,56.00000000000001,67.60099695324152,linear
426,13_epo,56.99999999999999,67.58466313165815,linear
427,13_epo,57.99999999999999,67.56832931007479,linear
428,13_epo,59.0,67.5519954884914,linear
429,13_epo,60.0,67.53566166690803,linear
430,13_epo,61.0,67.51932784532467,linear
431,13_epo,62.0,67.50299402374128,linear
432,13_epo,63.0,67.48666020215792,linear
433,13_epo,64.0,67.47032638057455,linear
434,13_epo,65.0,67.45399255899117,linear
435,13_epo,66.0,67.4376587374078,linear
436,13_epo,67.0,67.42132491582441,linear
437,13_epo,68.0,67.40499109424105,linear
438,13_epo,69.0,67.38865727265768,linear
439,13_epo,70.0,67.37232345107431,linear
440,13_epo,71.0,67.35598962949094,linear
441,13_epo,72.0,67.33965580790758,linear
442,13_epo,73.0,67.32332198632419,linear
443,13_epo,74.0,67.30698816474083,linear
444,13_epo,75.0,67.29065434315746,linear
445,13_epo,76.0,67.27432052157407,linear
446,13_epo,77.0,67.25798669999071,linear
447,13_epo,78.0,67.24165287840734,linear
448,13_epo,79.0,67.22531905682396,linear
449,13_epo,80.0,67.20898523524059,linear
450,13_epo,81.0,67.19265141365723,linear
451,13_epo,82.0,67.17631759207384,linear
452,13_epo,83.0,67.15998377049048,linear
453,13_epo,84.0,67.14364994890711,linear
454,13_epo,85.0,67.12731612732372,linear
455,13_epo,86.0,67.11098230574036,linear
456,13_epo,87.0,67.09464848415699,linear
457,13_epo,88.0,67.07831466257362,linear
458,13_epo,89.0,67.06198084099024,linear
459,13_epo,90.0,67.04564701940689,linear
460,13_epo,91.0,67.0293131978235,linear
461,13_epo,92.0,67.01297937624012,linear
462,13_epo,93.0,66.99664555465675,linear
463,13_epo,94.0,66.98031173307338,linear
464,13_epo,95.0,66.96397791149002,linear
465,14_epo,3.0,55.51916440231318,linear
466,14_epo,4.0,55.50537490198239,linear
467,14_epo,5.0,55.49158540165161,linear
468,14_epo,6.0,55.47779590132083,linear
469,14_epo,7.000000000000001,55.46400640099005,linear
470,14_epo,8.0,55.450216900659264,linear
471,14_epo,9.0,55.43642740032848,linear
472,14_epo,10.0,55.4226378999977,linear
473,14_epo,11.0,55.40884839966692,linear
474,14_epo,12.0,55.395058899336135,linear
475,14_epo,13.0,55.381269399005355,linear
476,14_epo,14.000000000000002,55.367479898674574,linear
477,14_epo,15.0,55.353690398343794,linear
478,14_epo,16.0,55.339900898013006,linear
479,14_epo,17.0,55.326111397682226,linear
480,14_epo,18.0,55.312321897351445,linear
481,14_epo,19.0,55.298532397020665,linear
482,14_epo,20.0,55.28474289668988,linear
483,14_epo,21.0,55.2709533963591,linear
484,14_epo,22.0,55.25716389602832,linear
485,14_epo,23.0,55.243374395697536,linear
486,14_epo,24.0,55.22958489536675,linear
487,14_epo,25.0,55.21579539503597,linear
488,14_epo,26.0,55.20200589470519,linear
489,14_epo,27.0,55.18821639437441,linear
490,14_epo,28.000000000000004,55.17442689404362,linear
491,14_epo,28.999999999999996,55.16063739371284,linear
492,14_epo,30.0,55.14684789338206,linear
493,14_epo,31.0,55.13305839305128,linear
494,14_epo,32.0,55.11926889272049,linear
495,14_epo,33.0,55.10547939238972,linear
496,14_epo,34.0,55.09168989205893,linear
497,14_epo,35.0,55.07790039172815,linear
498,14_epo,36.0,55.06411089139736,linear
499,14_epo,37.0,55.05032139106659,linear
500,14_epo,38.0,55.0365318907358,linear
501,14_epo,39.0,55.02274239040502,linear
502,14_epo,40.0,55.008952890074234,linear
503,14_epo,41.0,54.99516338974346,linear
504,14_epo,42.0,54.98137388941267,linear
505,14_epo,43.0,54.96758438908189,linear
506,14_epo,44.0,54.953794888751105,linear
507,14_epo,45.0,54.94000538842033,linear
508,14_epo,46.0,54.926215888089544,linear
509,14_epo,47.0,54.912426387758764,linear
510,14_epo,48.0,54.898636887427976,linear
511,14_epo,49.0,54.8848473870972,linear
512,14_epo,50.0,54.871057886766415,linear
513,14_epo,51.0,54.857268386435635,linear
514,14_epo,52.0,54.84347888610485,linear
515,14_epo,53.0,54.829689385774074,linear
516,14_epo,54.0,54.81589988544329,linear
517,14_epo,55.00000000000001,54.802110385112506,linear
518,14_epo,56.00000000000001,54.78832088478172,linear
519,14_epo,56.99999999999999,54.774531384450945,linear
520,14_epo,57.99999999999999,54.76074188412016,linear
521,14_epo,59.0,54.74695238378938,linear
522,14_epo,60.0,54.73316288345859,linear
523,14_epo,61.0,54.71937338312782,linear
524,14_epo,62.0,54.70558388279703,linear
525,14_epo,63.0,54.69179438246625,linear
526,14_epo,64.0,54.67800488213547,linear
527,14_epo,65.0,54.66421538180469,linear
528,14_epo,66.0,54.6504258814739,linear
529,14_epo,67.0,54.63663638114312,linear
530,14_epo,68.0,54.62284688081234,linear
531,14_epo,69.0,54.60905738048156,linear
532,14_epo,70.0,54.59526788015077,linear
533,14_epo,71.0,54.58147837981999,linear
534,14_epo,72.0,54.56768887948921,linear
535,14_epo,73.0,54.55389937915843,linear
536,14_epo,74.0,54.54010987882764,linear
537,14_epo,75.0,54.52632037849686,linear
538,14_epo,76.0,54.51253087816608,linear
539,14_epo,77.0,54.4987413778353,linear
540,14_epo,78.0,54.484951877504514,linear
541,14_epo,79.0,54.471162377173734,linear
542,14_epo,80.0,54.45737287684295,linear
543,14_epo,81.0,54.44358337651217,linear
544,14_epo,82.0,54.429793876181385,linear
545,14_epo,83.0,54.416004375850605,linear
546,14_epo,84.0,54.402214875519824,linear
547,14_epo,85.0,54.388425375189044,linear
548,14_epo,86.0,54.37463587485826,linear
549,14_epo,87.0,54.360846374527476,linear
550,14_epo,88.0,54.347056874196696,linear
551,14_epo,89.0,54.333267373865915,linear
552,14_epo,90.0,54.31947787353513,linear
553,14_epo,91.0,54.30568837320435,linear
554,14_epo,92.0,54.29189887287357,linear
555,14_epo,93.0,54.27810937254279,linear
556,14_epo,94.0,54.264319872212,linear
557,14_epo,95.0,54.250530371881226,linear
558,15_epo,3.0,68.88251417868072,linear
559,15_epo,4.0,68.74714131547191,linear
560,15_epo,5.0,68.61176845226309,linear
561,15_epo,6.0,68.47639558905428,linear
562,15_epo,7.000000000000001,68.34102272584545,linear
563,15_epo,8.0,68.20564986263663,linear
564,15_epo,9.0,68.0702769994278,linear
565,15_epo,10.0,67.93490413621899,linear
566,15_epo,11.0,67.79953127301016,linear
567,15_epo,12.0,67.66415840980135,linear
568,15_epo,13.0,67.52878554659253,linear
569,15_epo,14.000000000000002,67.3934126833837,linear
570,15_epo,15.0,67.25803982017487,linear
571,15_epo,16.0,67.12266695696606,linear
572,15_epo,17.0,66.98729409375724,linear
573,15_epo,18.0,66.85192123054843,linear
574,15_epo,19.0,66.71654836733958,linear
575,15_epo,20.0,66.58117550413077,linear
576,15_epo,21.0,66.44580264092195,linear
577,15_epo,22.0,66.31042977771314,linear
578,15_epo,23.0,66.17505691450431,linear
579,15_epo,24.0,66.0396840512955,linear
580,15_epo,25.0,65.90431118808667,linear
581,15_epo,26.0,65.76893832487785,linear
582,15_epo,27.0,65.63356546166902,linear
583,15_epo,28.000000000000004,65.49819259846021,linear
584,15_epo,28.999999999999996,65.36281973525139,linear
585,15_epo,30.0,65.22744687204256,linear
586,15_epo,31.0,65.09207400883373,linear
587,15_epo,32.0,64.95670114562492,linear
588,15_epo,33.0,64.8213282824161,linear
589,15_epo,34.0,64.68595541920729,linear
590,15_epo,35.0,64.55058255599846,linear
591,15_epo,36.0,64.41520969278963,linear
592,15_epo,37.0,64.27983682958082,linear
593,15_epo,38.0,64.144463966372,linear
594,15_epo,39.0,64.00909110316317,linear
595,15_epo,40.0,63.87371823995436,linear
596,15_epo,41.0,63.73834537674553,linear
597,15_epo,42.0,63.602972513536706,linear
598,15_epo,43.0,63.46759965032789,linear
599,15_epo,44.0,63.33222678711907,linear
600,15_epo,45.0,63.196853923910254,linear
601,15_epo,46.0,63.06148106070142,linear
602,15_epo,47.0,62.9261081974926,linear
603,15_epo,48.0,62.79073533428378,linear
604,15_epo,49.0,62.655362471074966,linear
605,15_epo,50.0,62.519989607866144,linear
606,15_epo,51.0,62.38461674465732,linear
607,15_epo,52.0,62.2492438814485,linear
608,15_epo,53.0,62.11387101823968,linear
609,15_epo,54.0,61.978498155030856,linear
610,15_epo,55.00000000000001,61.84312529182204,linear
611,15_epo,56.00000000000001,61.70775242861321,linear
612,15_epo,56.99999999999999,61.5723795654044,linear
613,15_epo,57.99999999999999,61.43700670219557,linear
614,15_epo,59.0,61.30163383898675,linear
615,15_epo,60.0,61.16626097577793,linear
616,15_epo,61.0,61.03088811256911,linear
617,15_epo,62.0,60.89551524936029,linear
618,15_epo,63.0,60.760142386151465,linear
619,15_epo,64.0,60.62476952294264,linear
620,15_epo,65.0,60.48939665973382,linear
621,15_epo,66.0,60.354023796525006,linear
622,15_epo,67.0,60.21865093331618,linear
623,15_epo,68.0,60.08327807010736,linear
624,15_epo,69.0,59.94790520689853,linear
625,15_epo,70.0,59.81253234368972,linear
626,15_epo,71.0,59.677159480480896,linear
627,15_epo,72.0,59.54178661727208,linear
628,15_epo,73.0,59.40641375406325,linear
629,15_epo,74.0,59.27104089085444,linear
630,15_epo,75.0,59.13566802764561,linear
631,15_epo,76.0,59.00029516443679,linear
632,15_epo,77.0,58.86492230122797,linear
633,15_epo,78.0,58.72954943801915,linear
634,15_epo,79.0,58.59417657481033,linear
635,15_epo,80.0,58.458803711601504,linear
636,15_epo,81.0,58.32343084839268,linear
637,15_epo,82.0,58.18805798518387,linear
638,15_epo,83.0,58.05268512197504,linear
639,15_epo,84.0,57.91731225876622,linear
640,15_epo,85.0,57.781939395557394,linear
641,15_epo,86.0,57.64656653234858,linear
642,15_epo,87.0,57.51119366913976,linear
643,15_epo,88.0,57.37582080593094,linear
644,15_epo,89.0,57.24044794272211,linear
645,15_epo,90.0,57.1050750795133,linear
646,15_epo,91.0,56.96970221630447,linear
647,15_epo,92.0,56.834329353095654,linear
648,15_epo,93.0,56.69895648988683,linear
649,15_epo,94.0,56.56358362667801,linear
650,15_epo,95.0,56.42821076346919,linear
651,16_epo,3.0,69.61304743348636,linear
652,16_epo,4.0,69.7411159945162,linear
653,16_epo,5.0,69.86918455554607,linear
654,16_epo,6.0,69.99725311657592,linear
655,16_epo,7.000000000000001,70.12532167760578,linear
656,16_epo,8.0,70.25339023863563,linear
657,16_epo,9.0,70.3814587996655,linear
658,16_epo,10.0,70.50952736069534,linear
659,16_epo,11.0,70.63759592172521,linear
660,16_epo,12.0,70.76566448275507,linear
661,16_epo,13.0,70.89373304378493,linear
662,16_epo,14.000000000000002,71.0218016048148,linear
663,16_epo,15.0,71.14987016584465,linear
664,16_epo,16.0,71.27793872687451,linear
665,16_epo,17.0,71.40600728790436,linear
666,16_epo,18.0,71.53407584893422,linear
667,16_epo,19.0,71.66214440996407,linear
668,16_epo,20.0,71.79021297099393,linear
669,16_epo,21.0,71.91828153202378,linear
670,16_epo,22.0,72.04635009305365,linear
671,16_epo,23.0,72.1744186540835,linear
672,16_epo,24.0,72.30248721511336,linear
673,16_epo,25.0,72.43055577614321,linear
674,16_epo,26.0,72.55862433717307,linear
675,16_epo,27.0,72.68669289820292,linear
676,16_epo,28.000000000000004,72.81476145923278,linear
677,16_epo,28.999999999999996,72.94283002026263,linear
678,16_epo,30.0,73.0708985812925,linear
679,16_epo,31.0,73.19896714232235,linear
680,16_epo,32.0,73.32703570335221,linear
681,16_epo,33.0,73.45510426438207,linear
682,16_epo,34.0,73.58317282541192,linear
683,16_epo,35.0,73.71124138644178,linear
684,16_epo,36.0,73.83930994747163,linear
685,16_epo,37.0,73.9673785085015,linear
686,16_epo,38.0,74.09544706953136,linear
687,16_epo,39.0,74.22351563056122,linear
688,16_epo,40.0,74.35158419159107,linear
689,16_epo,41.0,74.47965275262094,linear
690,16_epo,42.0,74.60772131365079,linear
691,16_epo,43.0,74.73578987468065,linear
692,16_epo,44.0,74.8638584357105,linear
693,16_epo,45.0,74.99192699674036,linear
694,16_epo,46.0,75.11999555777021,linear
695,16_epo,47.0,75.24806411880007,linear
696,16_epo,48.0,75.37613267982992,linear
697,16_epo,49.0,75.50420124085979,linear
698,16_epo,50.0,75.63226980188963,linear
699,16_epo,51.0,75.7603383629195,linear
700,16_epo,52.0,75.88840692394935,linear
701,16_epo,53.0,76.01647548497921,linear
702,16_epo,54.0,76.14454404600906,linear
703,16_epo,55.00000000000001,76.27261260703892,linear
704,16_epo,56.00000000000001,76.40068116806879,linear
705,16_epo,56.99999999999999,76.52874972909864,linear
706,16_epo,57.99999999999999,76.6568182901285,linear
707,16_epo,59.0,76.78488685115835,linear
708,16_epo,60.0,76.91295541218821,linear
709,16_epo,61.0,77.04102397321806,linear
710,16_epo,62.0,77.16909253424792,linear
711,16_epo,63.0,77.29716109527779,linear
712,16_epo,64.0,77.42522965630765,linear
713,16_epo,65.0,77.5532982173375,linear
714,16_epo,66.0,77.68136677836736,linear
715,16_epo,67.0,77.80943533939721,linear
716,16_epo,68.0,77.93750390042707,linear
717,16_epo,69.0,78.06557246145692,linear
718,16_epo,70.0,78.19364102248679,linear
719,16_epo,71.0,78.32170958351664,linear
720,16_epo,72.0,78.4497781445465,linear
721,16_epo,73.0,78.57784670557635,linear
722,16_epo,74.0,78.70591526660621,linear
723,16_epo,75.0,78.83398382763606,linear
724,16_epo,76.0,78.96205238866592,linear
725,16_epo,77.0,79.09012094969577,linear
726,16_epo,78.0,79.21818951072564,linear
727,16_epo,79.0,79.3462580717555,linear
728,16_epo,80.0,79.47432663278535,linear
729,16_epo,81.0,79.60239519381521,linear
730,16_epo,82.0,79.73046375484506,linear
731,16_epo,83.0,79.85853231587492,linear
732,16_epo,84.0,79.98660087690477,linear
733,16_epo,85.0,80.11466943793464,linear
734,16_epo,86.0,80.24273799896449,linear
735,16_epo,87.0,80.37080655999435,linear
736,16_epo,88.0,80.49887512102421,linear
737,16_epo,89.0,80.62694368205408,linear
738,16_epo,90.0,80.75501224308393,linear
739,16_epo,91.0,80.88308080411379,linear
740,16_epo,92.0,81.01114936514364,linear
741,16_epo,93.0,81.1392179261735,linear
742,16_epo,94.0,81.26728648720335,linear
743,16_epo,95.0,81.39535504823321,linear
744,17_epo,3.0,72.28987146841932,linear
745,17_epo,4.0,72.32670608106112,linear
746,17_epo,5.0,72.36354069370293,linear
747,17_epo,6.0,72.40037530634473,linear
748,17_epo,7.000000000000001,72.43720991898653,linear
749,17_epo,8.0,72.47404453162832,linear
750,17_epo,9.0,72.51087914427012,linear
751,17_epo,10.0,72.54771375691192,linear
752,17_epo,11.0,72.58454836955372,linear
753,17_epo,12.0,72.62138298219551,linear
754,17_epo,13.0,72.65821759483732,linear
755,17_epo,14.000000000000002,72.69505220747912,linear
756,17_epo,15.0,72.73188682012092,linear
757,17_epo,16.0,72.76872143276272,linear
758,17_epo,17.0,72.80555604540451,linear
759,17_epo,18.0,72.84239065804631,linear
760,17_epo,19.0,72.87922527068811,linear
761,17_epo,20.0,72.91605988332991,linear
762,17_epo,21.0,72.95289449597172,linear
763,17_epo,22.0,72.98972910861353,linear
764,17_epo,23.0,73.02656372125533,linear
765,17_epo,24.0,73.06339833389713,linear
766,17_epo,25.0,73.10023294653892,linear
767,17_epo,26.0,73.13706755918072,linear
768,17_epo,27.0,73.17390217182252,linear
769,17_epo,28.000000000000004,73.21073678446432,linear
770,17_epo,28.999999999999996,73.24757139710611,linear
771,17_epo,30.0,73.28440600974793,linear
772,17_epo,31.0,73.32124062238972,linear
773,17_epo,32.0,73.35807523503152,linear
774,17_epo,33.0,73.39490984767332,linear
775,17_epo,34.0,73.43174446031512,linear
776,17_epo,35.0,73.46857907295691,linear
777,17_epo,36.0,73.50541368559871,linear
778,17_epo,37.0,73.54224829824051,linear
779,17_epo,38.0,73.57908291088232,linear
780,17_epo,39.0,73.61591752352412,linear
781,17_epo,40.0,73.65275213616592,linear
782,17_epo,41.0,73.68958674880771,linear
783,17_epo,42.0,73.72642136144951,linear
784,17_epo,43.0,73.76325597409131,linear
785,17_epo,44.0,73.8000905867331,linear
786,17_epo,45.0,73.8369251993749,linear
787,17_epo,46.0,73.87375981201671,linear
788,17_epo,47.0,73.91059442465851,linear
789,17_epo,48.0,73.94742903730031,linear
790,17_epo,49.0,73.98426364994211,linear
791,17_epo,50.0,74.0210982625839,linear
792,17_epo,51.0,74.0579328752257,linear
793,17_epo,52.0,74.0947674878675,linear
794,17_epo,53.0,74.1316021005093,linear
795,17_epo,54.0,74.1684367131511,linear
796,17_epo,55.00000000000001,74.2052713257929,linear
797,17_epo,56.00000000000001,74.2421059384347,linear
798,17_epo,56.99999999999999,74.2789405510765,linear
799,17_epo,57.99999999999999,74.3157751637183,linear
800,17_epo,59.0,74.3526097763601,linear
801,17_epo,60.0,74.3894443890019,linear
802,17_epo,61.0,74.42627900164369,linear
803,17_epo,62.0,74.46311361428549,linear
804,17_epo,63.0,74.4999482269273,linear
805,17_epo,64.0,74.5367828395691,linear
806,17_epo,65.0,74.5736174522109,linear
807,17_epo,66.0,74.6104520648527,linear
808,17_epo,67.0,74.64728667749449,linear
809,17_epo,68.0,74.68412129013629,linear
810,17_epo,69.0,74.72095590277809,linear
811,17_epo,70.0,74.7577905154199,linear
812,17_epo,71.0,74.79462512806171,linear
813,17_epo,72.0,74.83145974070351,linear
814,17_epo,73.0,74.8682943533453,linear
815,17_epo,74.0,74.9051289659871,linear
816,17_epo,75.0,74.9419635786289,linear
817,17_epo,76.0,74.9787981912707,linear
818,17_epo,77.0,75.0156328039125,linear
819,17_epo,78.0,75.0524674165543,linear
820,17_epo,79.0,75.08930202919609,linear
821,17_epo,80.0,75.1261366418379,linear
822,17_epo,81.0,75.1629712544797,linear
823,17_epo,82.0,75.1998058671215,linear
824,17_epo,83.0,75.2366404797633,linear
825,17_epo,84.0,75.27347509240509,linear
826,17_epo,85.0,75.31030970504689,linear
827,17_epo,86.0,75.34714431768869,linear
828,17_epo,87.0,75.38397893033049,linear
829,17_epo,88.0,75.4208135429723,linear
830,17_epo,89.0,75.4576481556141,linear
831,17_epo,90.0,75.49448276825589,linear
832,17_epo,91.0,75.53131738089769,linear
833,17_epo,92.0,75.56815199353949,linear
834,17_epo,93.0,75.60498660618128,linear
835,17_epo,94.0,75.64182121882308,linear
836,17_epo,95.0,75.67865583146488,linear
837,18_epo,3.0,73.08799600314762,linear
838,18_epo,4.0,73.06677094645202,linear
839,18_epo,5.0,73.04554588975644,linear
840,18_epo,6.0,73.02432083306084,linear
841,18_epo,7.000000000000001,73.00309577636526,linear
842,18_epo,8.0,72.98187071966966,linear
843,18_epo,9.0,72.96064566297407,linear
844,18_epo,10.0,72.93942060627847,linear
845,18_epo,11.0,72.91819554958289,linear
846,18_epo,12.0,72.89697049288729,linear
847,18_epo,13.0,72.87574543619169,linear
848,18_epo,14.000000000000002,72.8545203794961,linear
849,18_epo,15.0,72.8332953228005,linear
850,18_epo,16.0,72.81207026610491,linear
851,18_epo,17.0,72.79084520940931,linear
852,18_epo,18.0,72.76962015271373,linear
853,18_epo,19.0,72.74839509601813,linear
854,18_epo,20.0,72.72717003932254,linear
855,18_epo,21.0,72.70594498262695,linear
856,18_epo,22.0,72.68471992593136,linear
857,18_epo,23.0,72.66349486923576,linear
858,18_epo,24.0,72.64226981254016,linear
859,18_epo,25.0,72.62104475584458,linear
860,18_epo,26.0,72.59981969914898,linear
861,18_epo,27.0,72.5785946424534,linear
862,18_epo,28.000000000000004,72.5573695857578,linear
863,18_epo,28.999999999999996,72.53614452906221,linear
864,18_epo,30.0,72.51491947236661,linear
865,18_epo,31.0,72.49369441567103,linear
866,18_epo,32.0,72.47246935897543,linear
867,18_epo,33.0,72.45124430227983,linear
868,18_epo,34.0,72.43001924558425,linear
869,18_epo,35.0,72.40879418888865,linear
870,18_epo,36.0,72.38756913219306,linear
871,18_epo,37.0,72.36634407549747,linear
872,18_epo,38.0,72.34511901880187,linear
873,18_epo,39.0,72.32389396210627,linear
874,18_epo,40.0,72.30266890541068,linear
875,18_epo,41.0,72.28144384871509,linear
876,18_epo,42.0,72.26021879201949,linear
877,18_epo,43.0,72.2389937353239,linear
878,18_epo,44.0,72.2177686786283,linear
879,18_epo,45.0,72.19654362193272,linear
880,18_epo,46.0,72.17531856523712,linear
881,18_epo,47.0,72.15409350854154,linear
882,18_epo,48.0,72.13286845184594,linear
883,18_epo,49.0,72.11164339515035,linear
884,18_epo,50.0,72.09041833845475,linear
885,18_epo,51.0,72.06919328175915,linear
886,18_epo,52.0,72.04796822506357,linear
887,18_epo,53.0,72.02674316836797,linear
888,18_epo,54.0,72.00551811167239,linear
889,18_epo,55.00000000000001,71.98429305497679,linear
890,18_epo,56.00000000000001,71.9630679982812,linear
891,18_epo,56.99999999999999,71.9418429415856,linear
892,18_epo,57.99999999999999,71.92061788489002,linear
893,18_epo,59.0,71.89939282819442,linear
894,18_epo,60.0,71.87816777149882,linear
895,18_epo,61.0,71.85694271480324,linear
896,18_epo,62.0,71.83571765810764,linear
897,18_epo,63.0,71.81449260141204,linear
898,18_epo,64.0,71.79326754471644,linear
899,18_epo,65.0,71.77204248802086,linear
900,18_epo,66.0,71.75081743132526,linear
901,18_epo,67.0,71.72959237462968,linear
902,18_epo,68.0,71.70836731793408,linear
903,18_epo,69.0,71.68714226123848,linear
904,18_epo,70.0,71.6659172045429,linear
905,18_epo,71.0,71.6446921478473,linear
906,18_epo,72.0,71.62346709115171,linear
907,18_epo,73.0,71.60224203445611,linear
908,18_epo,74.0,71.58101697776053,linear
909,18_epo,75.0,71.55979192106493,linear
910,18_epo,76.0,71.53856686436934,linear
911,18_epo,77.0,71.51734180767374,linear
912,18_epo,78.0,71.49611675097815,linear
913,18_epo,79.0,71.47489169428256,linear
914,18_epo,80.0,71.45366663758696,linear
915,18_epo,81.0,71.43244158089138,linear
916,18_epo,82.0,71.41121652419578,linear
917,18_epo,83.0,71.3899914675002,linear
918,18_epo,84.0,71.3687664108046,linear
919,18_epo,85.0,71.34754135410901,linear
920,18_epo,86.0,71.32631629741341,linear
921,18_epo,87.0,71.30509124071781,linear
922,18_epo,88.0,71.28386618402222,linear
923,18_epo,89.0,71.26264112732662,linear
924,18_epo,90.0,71.24141607063103,linear
925,18_epo,91.0,71.22019101393543,linear
926,18_epo,92.0,71.19896595723985,linear
927,18_epo,93.0,71.17774090054425,linear
928,18_epo,94.0,71.15651584384867,linear
929,18_epo,95.0,71.13529078715307,linear
930,19_epo,3.0,72.76946923299845,linear
931,19_epo,4.0,72.71051489340951,linear
932,19_epo,5.0,72.65156055382054,linear
933,19_epo,6.0,72.59260621423161,linear
934,19_epo,7.000000000000001,72.53365187464266,linear
935,19_epo,8.0,72.47469753505372,linear
936,19_epo,9.0,72.41574319546476,linear
937,19_epo,10.0,72.3567888558758,linear
938,19_epo,11.0,72.29783451628687,linear
939,19_epo,12.0,72.23888017669792,linear
940,19_epo,13.0,72.17992583710897,linear
941,19_epo,14.000000000000002,72.12097149752002,linear
942,19_epo,15.0,72.06201715793108,linear
943,19_epo,16.0,72.00306281834213,linear
944,19_epo,17.0,71.94410847875318,linear
945,19_epo,18.0,71.88515413916423,linear
946,19_epo,19.0,71.82619979957529,linear
947,19_epo,20.0,71.76724545998633,linear
948,19_epo,21.0,71.70829112039738,linear
949,19_epo,22.0,71.64933678080844,linear
950,19_epo,23.0,71.59038244121949,linear
951,19_epo,24.0,71.53142810163054,linear
952,19_epo,25.0,71.47247376204159,linear
953,19_epo,26.0,71.41351942245265,linear
954,19_epo,27.0,71.3545650828637,linear
955,19_epo,28.000000000000004,71.29561074327475,linear
956,19_epo,28.999999999999996,71.2366564036858,linear
957,19_epo,30.0,71.17770206409685,linear
958,19_epo,31.0,71.11874772450791,linear
959,19_epo,32.0,71.05979338491895,linear
960,19_epo,33.0,71.00083904533001,linear
961,19_epo,34.0,70.94188470574106,linear
962,19_epo,35.0,70.88293036615212,linear
963,19_epo,36.0,70.82397602656316,linear
964,19_epo,37.0,70.76502168697422,linear
965,19_epo,38.0,70.70606734738527,linear
966,19_epo,39.0,70.64711300779634,linear
967,19_epo,40.0,70.58815866820737,linear
968,19_epo,41.0,70.52920432861842,linear
969,19_epo,42.0,70.47024998902948,linear
970,19_epo,43.0,70.41129564944053,linear
971,19_epo,44.0,70.35234130985158,linear
972,19_epo,45.0,70.29338697026263,linear
973,19_epo,46.0,70.2344326306737,linear
974,19_epo,47.0,70.17547829108474,linear
975,19_epo,48.0,70.1165239514958,linear
976,19_epo,49.0,70.05756961190684,linear
977,19_epo,50.0,69.99861527231789,linear
978,19_epo,51.0,69.93966093272896,linear
979,19_epo,52.0,69.88070659313999,linear
980,19_epo,53.0,69.82175225355105,linear
981,19_epo,54.0,69.7627979139621,linear
982,19_epo,55.00000000000001,69.70384357437317,linear
983,19_epo,56.00000000000001,69.6448892347842,linear
984,19_epo,56.99999999999999,69.58593489519527,linear
985,19_epo,57.99999999999999,69.52698055560631,linear
986,19_epo,59.0,69.46802621601736,linear
987,19_epo,60.0,69.40907187642841,linear
988,19_epo,61.0,69.35011753683946,linear
989,19_epo,62.0,69.29116319725053,linear
990,19_epo,63.0,69.23220885766158,linear
991,19_epo,64.0,69.17325451807262,linear
992,19_epo,65.0,69.11430017848367,linear
993,19_epo,66.0,69.05534583889474,linear
994,19_epo,67.0,68.99639149930579,linear
995,19_epo,68.0,68.93743715971684,linear
996,19_epo,69.0,68.87848282012789,linear
997,19_epo,70.0,68.81952848053893,linear
998,19_epo,71.0,68.76057414095,linear
999,19_epo,72.0,68.70161980136103,linear
1000,19_epo,73.0,68.6426654617721,linear
1001,19_epo,74.0,68.58371112218315,linear
1002,19_epo,75.0,68.52475678259421,linear
1003,19_epo,76.0,68.46580244300524,linear
1004,19_epo,77.0,68.40684810341631,linear
1005,19_epo,78.0,68.34789376382736,linear
1006,19_epo,79.0,68.28893942423841,linear
1007,19_epo,80.0,68.22998508464946,linear
1008,19_epo,81.0,68.1710307450605,linear
1009,19_epo,82.0,68.11207640547157,linear
1010,19_epo,83.0,68.05312206588262,linear
1011,19_epo,84.0,67.99416772629367,linear
1012,19_epo,85.0,67.93521338670472,linear
1013,19_epo,86.0,67.87625904711578,linear
1014,19_epo,87.0,67.81730470752683,linear
1015,19_epo,88.0,67.75835036793787,linear
1016,19_epo,89.0,67.69939602834893,linear
1017,19_epo,90.0,67.64044168875998,linear
1018,19_epo,91.0,67.58148734917104,linear
1019,19_epo,92.0,67.52253300958208,linear
1020,19_epo,93.0,67.46357866999314,linear
1021,19_epo,94.0,67.40462433040419,linear
1022,19_epo,95.0,67.34566999081525,linear
1023,1_epo,3.0,78.64678883889195,linear
1024,1_epo,4.0,78.64650756545828,linear
1025,1_epo,5.0,78.64622629202462,linear
1026,1_epo,6.0,78.64594501859095,linear
1027,1_epo,7.000000000000001,78.64566374515731,linear
1028,1_epo,8.0,78.64538247172364,linear
1029,1_epo,9.0,78.64510119828996,linear
1030,1_epo,10.0,78.64481992485631,linear
1031,1_epo,11.0,78.64453865142264,linear
1032,1_epo,12.0,78.64425737798896,linear
1033,1_epo,13.0,78.6439761045553,linear
1034,1_epo,14.000000000000002,78.64369483112165,linear
1035,1_epo,15.0,78.64341355768798,linear
1036,1_epo,16.0,78.64313228425432,linear
1037,1_epo,17.0,78.64285101082065,linear
1038,1_epo,18.0,78.64256973738698,linear
1039,1_epo,19.0,78.64228846395332,linear
1040,1_epo,20.0,78.64200719051965,linear
1041,1_epo,21.0,78.641725917086,linear
1042,1_epo,22.0,78.64144464365233,linear
1043,1_epo,23.0,78.64116337021866,linear
1044,1_epo,24.0,78.640882096785,linear
1045,1_epo,25.0,78.64060082335133,linear
1046,1_epo,26.0,78.64031954991766,linear
1047,1_epo,27.0,78.640038276484,linear
1048,1_epo,28.000000000000004,78.63975700305035,linear
1049,1_epo,28.999999999999996,78.63947572961668,linear
1050,1_epo,30.0,78.63919445618302,linear
1051,1_epo,31.0,78.63891318274935,linear
1052,1_epo,32.0,78.63863190931569,linear
1053,1_epo,33.0,78.63835063588202,linear
1054,1_epo,34.0,78.63806936244835,linear
1055,1_epo,35.0,78.6377880890147,linear
1056,1_epo,36.0,78.63750681558103,linear
1057,1_epo,37.0,78.63722554214736,linear
1058,1_epo,38.0,78.6369442687137,linear
1059,1_epo,39.0,78.63666299528003,linear
1060,1_epo,40.0,78.63638172184636,linear
1061,1_epo,41.0,78.6361004484127,linear
1062,1_epo,42.0,78.63581917497905,linear
1063,1_epo,43.0,78.63553790154538,linear
1064,1_epo,44.0,78.63525662811172,linear
1065,1_epo,45.0,78.63497535467805,linear
1066,1_epo,46.0,78.63469408124439,linear
1067,1_epo,47.0,78.63441280781072,linear
1068,1_epo,48.0,78.63413153437705,linear
1069,1_epo,49.0,78.63385026094339,linear
1070,1_epo,50.0,78.63356898750973,linear
1071,1_epo,51.0,78.63328771407606,linear
1072,1_epo,52.0,78.6330064406424,linear
1073,1_epo,53.0,78.63272516720873,linear
1074,1_epo,54.0,78.63244389377506,linear
1075,1_epo,55.00000000000001,78.6321626203414,linear
1076,1_epo,56.00000000000001,78.63188134690773,linear
1077,1_epo,56.99999999999999,78.63160007347409,linear
1078,1_epo,57.99999999999999,78.63131880004042,linear
1079,1_epo,59.0,78.63103752660675,linear
1080,1_epo,60.0,78.63075625317309,linear
1081,1_epo,61.0,78.63047497973942,linear
1082,1_epo,62.0,78.63019370630575,linear
1083,1_epo,63.0,78.62991243287209,linear
1084,1_epo,64.0,78.62963115943843,linear
1085,1_epo,65.0,78.62934988600476,linear
1086,1_epo,66.0,78.6290686125711,linear
1087,1_epo,67.0,78.62878733913743,linear
1088,1_epo,68.0,78.62850606570376,linear
1089,1_epo,69.0,78.6282247922701,linear
1090,1_epo,70.0,78.62794351883643,linear
1091,1_epo,71.0,78.62766224540279,linear
1092,1_epo,72.0,78.62738097196912,linear
1093,1_epo,73.0,78.62709969853545,linear
1094,1_epo,74.0,78.62681842510179,linear
1095,1_epo,75.0,78.62653715166812,linear
1096,1_epo,76.0,78.62625587823445,linear
1097,1_epo,77.0,78.62597460480079,linear
1098,1_epo,78.0,78.62569333136713,linear
1099,1_epo,79.0,78.62541205793346,linear
1100,1_epo,80.0,78.6251307844998,linear
1101,1_epo,81.0,78.62484951106613,linear
1102,1_epo,82.0,78.62456823763247,linear
1103,1_epo,83.0,78.6242869641988,linear
1104,1_epo,84.0,78.62400569076513,linear
1105,1_epo,85.0,78.62372441733149,linear
1106,1_epo,86.0,78.62344314389782,linear
1107,1_epo,87.0,78.62316187046414,linear
1108,1_epo,88.0,78.62288059703049,linear
1109,1_epo,89.0,78.62259932359682,linear
1110,1_epo,90.0,78.62231805016314,linear
1111,1_epo,91.0,78.62203677672949,linear
1112,1_epo,92.0,78.62175550329583,linear
1113,1_epo,93.0,78.62147422986216,linear
1114,1_epo,94.0,78.6211929564285,linear
1115,1_epo,95.0,78.62091168299483,linear
1116,20_epo,3.0,63.076340812567146,linear
1117,20_epo,4.0,63.047770314798385,linear
1118,20_epo,5.0,63.01919981702961,linear
1119,20_epo,6.0,62.99062931926085,linear
1120,20_epo,7.000000000000001,62.96205882149207,linear
1121,20_epo,8.0,62.93348832372331,linear
1122,20_epo,9.0,62.904917825954534,linear
1123,20_epo,10.0,62.87634732818577,linear
1124,20_epo,11.0,62.84777683041699,linear
1125,20_epo,12.0,62.81920633264823,linear
1126,20_epo,13.0,62.79063583487945,linear
1127,20_epo,14.000000000000002,62.76206533711069,linear
1128,20_epo,15.0,62.733494839341915,linear
1129,20_epo,16.0,62.704924341573154,linear
1130,20_epo,17.0,62.67635384380438,linear
1131,20_epo,18.0,62.64778334603562,linear
1132,20_epo,19.0,62.61921284826684,linear
1133,20_epo,20.0,62.59064235049808,linear
1134,20_epo,21.0,62.562071852729304,linear
1135,20_epo,22.0,62.533501354960535,linear
1136,20_epo,23.0,62.50493085719176,linear
1137,20_epo,24.0,62.47636035942299,linear
1138,20_epo,25.0,62.44778986165422,linear
1139,20_epo,26.0,62.41921936388545,linear
1140,20_epo,27.0,62.390648866116685,linear
1141,20_epo,28.000000000000004,62.362078368347916,linear
1142,20_epo,28.999999999999996,62.33350787057915,linear
1143,20_epo,30.0,62.30493737281038,linear
1144,20_epo,31.0,62.27636687504161,linear
1145,20_epo,32.0,62.24779637727284,linear
1146,20_epo,33.0,62.21922587950407,linear
1147,20_epo,34.0,62.1906553817353,linear
1148,20_epo,35.0,62.16208488396653,linear
1149,20_epo,36.0,62.13351438619776,linear
1150,20_epo,37.0,62.10494388842899,linear
1151,20_epo,38.0,62.076373390660216,linear
1152,20_epo,39.0,62.04780289289145,linear
1153,20_epo,40.0,62.01923239512268,linear
1154,20_epo,41.0,61.99066189735391,linear
1155,20_epo,42.0,61.96209139958514,linear
1156,20_epo,43.0,61.93352090181637,linear
1157,20_epo,44.0,61.904950404047604,linear
1158,20_epo,45.0,61.876379906278835,linear
1159,20_epo,46.0,61.84780940851006,linear
1160,20_epo,47.0,61.81923891074129,linear
1161,20_epo,48.0,61.79066841297252,linear
1162,20_epo,49.0,61.76209791520375,linear
1163,20_epo,50.0,61.733527417434985,linear
1164,20_epo,51.0,61.704956919666216,linear
1165,20_epo,52.0,61.67638642189745,linear
1166,20_epo,53.0,61.64781592412868,linear
1167,20_epo,54.0,61.61924542635991,linear
1168,20_epo,55.00000000000001,61.59067492859114,linear
1169,20_epo,56.00000000000001,61.56210443082237,linear
1170,20_epo,56.99999999999999,61.533533933053604,linear
1171,20_epo,57.99999999999999,61.50496343528483,linear
1172,20_epo,59.0,61.47639293751606,linear
1173,20_epo,60.0,61.44782243974729,linear
1174,20_epo,61.0,61.41925194197852,linear
1175,20_epo,62.0,61.390681444209754,linear
1176,20_epo,63.0,61.36211094644098,linear
1177,20_epo,64.0,61.33354044867221,linear
1178,20_epo,65.0,61.30496995090344,linear
1179,20_epo,66.0,61.27639945313467,linear
1180,20_epo,67.0,61.247828955365904,linear
1181,20_epo,68.0,61.219258457597135,linear
1182,20_epo,69.0,61.19068795982837,linear
1183,20_epo,70.0,61.16211746205959,linear
1184,20_epo,71.0,61.13354696429082,linear
1185,20_epo,72.0,61.104976466522054,linear
1186,20_epo,73.0,61.076405968753285,linear
1187,20_epo,74.0,61.047835470984516,linear
1188,20_epo,75.0,61.01926497321575,linear
1189,20_epo,76.0,60.99069447544698,linear
1190,20_epo,77.0,60.96212397767821,linear
1191,20_epo,78.0,60.93355347990944,linear
1192,20_epo,79.0,60.90498298214067,linear
1193,20_epo,80.0,60.876412484371905,linear
1194,20_epo,81.0,60.84784198660313,linear
1195,20_epo,82.0,60.81927148883436,linear
1196,20_epo,83.0,60.79070099106559,linear
1197,20_epo,84.0,60.76213049329682,linear
1198,20_epo,85.0,60.733559995528054,linear
1199,20_epo,86.0,60.704989497759286,linear
1200,20_epo,87.0,60.67641899999052,linear
1201,20_epo,88.0,60.64784850222174,linear
1202,20_epo,89.0,60.61927800445297,linear
1203,20_epo,90.0,60.590707506684204,linear
1204,20_epo,91.0,60.562137008915435,linear
1205,20_epo,92.0,60.53356651114667,linear
1206,20_epo,93.0,60.50499601337789,linear
1207,20_epo,94.0,60.47642551560912,linear
1208,20_epo,95.0,60.447855017840354,linear
1209,21_epo,3.0,63.6846385961254,linear
1210,21_epo,4.0,63.6859742716923,linear
1211,21_epo,5.0,63.68730994725919,linear
1212,21_epo,6.0,63.68864562282609,linear
1213,21_epo,7.000000000000001,63.689981298392986,linear
1214,21_epo,8.0,63.69131697395987,linear
1215,21_epo,9.0,63.69265264952677,linear
1216,21_epo,10.0,63.69398832509367,linear
1217,21_epo,11.0,63.695324000660555,linear
1218,21_epo,12.0,63.696659676227455,linear
1219,21_epo,13.0,63.697995351794354,linear
1220,21_epo,14.000000000000002,63.699331027361254,linear
1221,21_epo,15.0,63.70066670292814,linear
1222,21_epo,16.0,63.70200237849503,linear
1223,21_epo,17.0,63.70333805406193,linear
1224,21_epo,18.0,63.704673729628816,linear
1225,21_epo,19.0,63.706009405195715,linear
1226,21_epo,20.0,63.707345080762614,linear
1227,21_epo,21.0,63.7086807563295,linear
1228,21_epo,22.0,63.7100164318964,linear
1229,21_epo,23.0,63.7113521074633,linear
1230,21_epo,24.0,63.712687783030184,linear
1231,21_epo,25.0,63.71402345859708,linear
1232,21_epo,26.0,63.71535913416398,linear
1233,21_epo,27.0,63.71669480973087,linear
1234,21_epo,28.000000000000004,63.71803048529777,linear
1235,21_epo,28.999999999999996,63.719366160864666,linear
1236,21_epo,30.0,63.72070183643155,linear
1237,21_epo,31.0,63.72203751199845,linear
1238,21_epo,32.0,63.72337318756535,linear
1239,21_epo,33.0,63.724708863132236,linear
1240,21_epo,34.0,63.726044538699135,linear
1241,21_epo,35.0,63.727380214266034,linear
1242,21_epo,36.0,63.72871588983292,linear
1243,21_epo,37.0,63.73005156539982,linear
1244,21_epo,38.0,63.73138724096672,linear
1245,21_epo,39.0,63.73272291653362,linear
1246,21_epo,40.0,63.7340585921005,linear
1247,21_epo,41.0,63.7353942676674,linear
1248,21_epo,42.0,63.7367299432343,linear
1249,21_epo,43.0,63.73806561880119,linear
1250,21_epo,44.0,63.739401294368086,linear
1251,21_epo,45.0,63.740736969934986,linear
1252,21_epo,46.0,63.74207264550187,linear
1253,21_epo,47.0,63.74340832106877,linear
1254,21_epo,48.0,63.74474399663567,linear
1255,21_epo,49.0,63.746079672202555,linear
1256,21_epo,50.0,63.747415347769454,linear
1257,21_epo,51.0,63.748751023336354,linear
1258,21_epo,52.0,63.75008669890324,linear
1259,21_epo,53.0,63.75142237447014,linear
1260,21_epo,54.0,63.75275805003704,linear
1261,21_epo,55.00000000000001,63.75409372560392,linear
1262,21_epo,56.00000000000001,63.75542940117082,linear
1263,21_epo,56.99999999999999,63.75676507673772,linear
1264,21_epo,57.99999999999999,63.75810075230461,linear
1265,21_epo,59.0,63.759436427871506,linear
1266,21_epo,60.0,63.760772103438406,linear
1267,21_epo,61.0,63.76210777900529,linear
1268,21_epo,62.0,63.76344345457219,linear
1269,21_epo,63.0,63.76477913013909,linear
1270,21_epo,64.0,63.76611480570599,linear
1271,21_epo,65.0,63.767450481272874,linear
1272,21_epo,66.0,63.768786156839774,linear
1273,21_epo,67.0,63.77012183240667,linear
1274,21_epo,68.0,63.77145750797356,linear
1275,21_epo,69.0,63.77279318354046,linear
1276,21_epo,70.0,63.77412885910736,linear
1277,21_epo,71.0,63.77546453467424,linear
1278,21_epo,72.0,63.77680021024114,linear
1279,21_epo,73.0,63.77813588580804,linear
1280,21_epo,74.0,63.779471561374926,linear
1281,21_epo,75.0,63.780807236941826,linear
1282,21_epo,76.0,63.78214291250872,linear
1283,21_epo,77.0,63.78347858807561,linear
1284,21_epo,78.0,63.7848142636425,linear
1285,21_epo,79.0,63.7861499392094,linear
1286,21_epo,80.0,63.78748561477629,linear
1287,21_epo,81.0,63.788821290343186,linear
1288,21_epo,82.0,63.790156965910086,linear
1289,21_epo,83.0,63.79149264147697,linear
1290,21_epo,84.0,63.79282831704387,linear
1291,21_epo,85.0,63.79416399261077,linear
1292,21_epo,86.0,63.795499668177655,linear
1293,21_epo,87.0,63.796835343744554,linear
1294,21_epo,88.0,63.798171019311454,linear
1295,21_epo,89.0,63.79950669487835,linear
1296,21_epo,90.0,63.80084237044524,linear
1297,21_epo,91.0,63.80217804601214,linear
1298,21_epo,92.0,63.80351372157904,linear
1299,21_epo,93.0,63.80484939714592,linear
1300,21_epo,94.0,63.80618507271282,linear
1301,21_epo,95.0,63.80752074827972,linear
1302,22_epo,3.0,92.369558610978,linear
1303,22_epo,4.0,91.9923861236076,linear
1304,22_epo,5.0,91.6152136362372,linear
1305,22_epo,6.0,91.2380411488668,linear
1306,22_epo,7.000000000000001,90.8608686614964,linear
1307,22_epo,8.0,90.483696174126,linear
1308,22_epo,9.0,90.1065236867556,linear
1309,22_epo,10.0,89.72935119938519,linear
1310,22_epo,11.0,89.35217871201479,linear
1311,22_epo,12.0,88.97500622464437,linear
1312,22_epo,13.0,88.59783373727397,linear
1313,22_epo,14.000000000000002,88.22066124990357,linear
1314,22_epo,15.0,87.84348876253317,linear
1315,22_epo,16.0,87.46631627516277,linear
1316,22_epo,17.0,87.08914378779237,linear
1317,22_epo,18.0,86.71197130042196,linear
1318,22_epo,19.0,86.33479881305156,linear
1319,22_epo,20.0,85.95762632568116,linear
1320,22_epo,21.0,85.58045383831076,linear
1321,22_epo,22.0,85.20328135094036,linear
1322,22_epo,23.0,84.82610886356994,linear
1323,22_epo,24.0,84.44893637619954,linear
1324,22_epo,25.0,84.07176388882914,linear
1325,22_epo,26.0,83.69459140145874,linear
1326,22_epo,27.0,83.31741891408834,linear
1327,22_epo,28.000000000000004,82.94024642671793,linear
1328,22_epo,28.999999999999996,82.56307393934753,linear
1329,22_epo,30.0,82.18590145197713,linear
1330,22_epo,31.0,81.80872896460673,linear
1331,22_epo,32.0,81.43155647723633,linear
1332,22_epo,33.0,81.05438398986593,linear
1333,22_epo,34.0,80.67721150249551,linear
1334,22_epo,35.0,80.30003901512511,linear
1335,22_epo,36.0,79.9228665277547,linear
1336,22_epo,37.0,79.5456940403843,linear
1337,22_epo,38.0,79.1685215530139,linear
1338,22_epo,39.0,78.7913490656435,linear
1339,22_epo,40.0,78.4141765782731,linear
1340,22_epo,41.0,78.0370040909027,linear
1341,22_epo,42.0,77.6598316035323,linear
1342,22_epo,43.0,77.2826591161619,linear
1343,22_epo,44.0,76.9054866287915,linear
1344,22_epo,45.0,76.52831414142108,linear
1345,22_epo,46.0,76.15114165405068,linear
1346,22_epo,47.0,75.77396916668027,linear
1347,22_epo,48.0,75.39679667930987,linear
1348,22_epo,49.0,75.01962419193947,linear
1349,22_epo,50.0,74.64245170456907,linear
1350,22_epo,51.0,74.26527921719867,linear
1351,22_epo,52.0,73.88810672982827,linear
1352,22_epo,53.0,73.51093424245786,linear
1353,22_epo,54.0,73.13376175508746,linear
1354,22_epo,55.00000000000001,72.75658926771705,linear
1355,22_epo,56.00000000000001,72.37941678034665,linear
1356,22_epo,56.99999999999999,72.00224429297624,linear
1357,22_epo,57.99999999999999,71.62507180560584,linear
1358,22_epo,59.0,71.24789931823544,linear
1359,22_epo,60.0,70.87072683086504,linear
1360,22_epo,61.0,70.49355434349464,linear
1361,22_epo,62.0,70.11638185612424,linear
1362,22_epo,63.0,69.73920936875383,linear
1363,22_epo,64.0,69.36203688138343,linear
1364,22_epo,65.0,68.98486439401303,linear
1365,22_epo,66.0,68.60769190664261,linear
1366,22_epo,67.0,68.23051941927221,linear
1367,22_epo,68.0,67.85334693190181,linear
1368,22_epo,69.0,67.47617444453141,linear
1369,22_epo,70.0,67.09900195716101,linear
1370,22_epo,71.0,66.7218294697906,linear
1371,22_epo,72.0,66.3446569824202,linear
1372,22_epo,73.0,65.9674844950498,linear
1373,22_epo,74.0,65.5903120076794,linear
1374,22_epo,75.0,65.213139520309,linear
1375,22_epo,76.0,64.83596703293858,linear
1376,22_epo,77.0,64.45879454556818,linear
1377,22_epo,78.0,64.08162205819778,linear
1378,22_epo,79.0,63.70444957082738,linear
1379,22_epo,80.0,63.32727708345698,linear
1380,22_epo,81.0,62.950104596086575,linear
1381,22_epo,82.0,62.572932108716174,linear
1382,22_epo,83.0,62.19575962134577,linear
1383,22_epo,84.0,61.81858713397537,linear
1384,22_epo,85.0,61.44141464660496,linear
1385,22_epo,86.0,61.06424215923456,linear
1386,22_epo,87.0,60.68706967186416,linear
1387,22_epo,88.0,60.30989718449376,linear
1388,22_epo,89.0,59.932724697123355,linear
1389,22_epo,90.0,59.555552209752946,linear
1390,22_epo,91.0,59.178379722382545,linear
1391,22_epo,92.0,58.80120723501214,linear
1392,22_epo,93.0,58.42403474764174,linear
1393,22_epo,94.0,58.04686226027134,linear
1394,22_epo,95.0,57.66968977290093,linear
1395,23_epo,3.0,59.95348442980858,linear
1396,23_epo,4.0,59.90994600784003,linear
1397,23_epo,5.0,59.86640758587146,linear
1398,23_epo,6.0,59.8228691639029,linear
1399,23_epo,7.000000000000001,59.77933074193434,linear
1400,23_epo,8.0,59.73579231996578,linear
1401,23_epo,9.0,59.69225389799722,linear
1402,23_epo,10.0,59.648715476028656,linear
1403,23_epo,11.0,59.6051770540601,linear
1404,23_epo,12.0,59.56163863209154,linear
1405,23_epo,13.0,59.518100210122974,linear
1406,23_epo,14.000000000000002,59.47456178815441,linear
1407,23_epo,15.0,59.431023366185855,linear
1408,23_epo,16.0,59.38748494421729,linear
1409,23_epo,17.0,59.34394652224873,linear
1410,23_epo,18.0,59.30040810028017,linear
1411,23_epo,19.0,59.25686967831161,linear
1412,23_epo,20.0,59.213331256343054,linear
1413,23_epo,21.0,59.16979283437448,linear
1414,23_epo,22.0,59.12625441240593,linear
1415,23_epo,23.0,59.082715990437364,linear
1416,23_epo,24.0,59.03917756846881,linear
1417,23_epo,25.0,58.995639146500245,linear
1418,23_epo,26.0,58.95210072453168,linear
1419,23_epo,27.0,58.908562302563126,linear
1420,23_epo,28.000000000000004,58.86502388059456,linear
1421,23_epo,28.999999999999996,58.82148545862601,linear
1422,23_epo,30.0,58.77794703665744,linear
1423,23_epo,31.0,58.73440861468888,linear
1424,23_epo,32.0,58.69087019272032,linear
1425,23_epo,33.0,58.647331770751755,linear
1426,23_epo,34.0,58.6037933487832,linear
1427,23_epo,35.0,58.560254926814636,linear
1428,23_epo,36.0,58.51671650484608,linear
1429,23_epo,37.0,58.47317808287752,linear
1430,23_epo,38.0,58.429639660908954,linear
1431,23_epo,39.0,58.38610123894039,linear
1432,23_epo,40.0,58.34256281697183,linear
1433,23_epo,41.0,58.29902439500327,linear
1434,23_epo,42.0,58.25548597303471,linear
1435,23_epo,43.0,58.21194755106615,linear
1436,23_epo,44.0,58.16840912909759,linear
1437,23_epo,45.0,58.124870707129034,linear
1438,23_epo,46.0,58.081332285160464,linear
1439,23_epo,47.0,58.0377938631919,linear
1440,23_epo,48.0,57.994255441223345,linear
1441,23_epo,49.0,57.95071701925478,linear
1442,23_epo,50.0,57.907178597286226,linear
1443,23_epo,51.0,57.86364017531766,linear
1444,23_epo,52.0,57.82010175334911,linear
1445,23_epo,53.0,57.776563331380544,linear
1446,23_epo,54.0,57.73302490941198,linear
1447,23_epo,55.00000000000001,57.68948648744342,linear
1448,23_epo,56.00000000000001,57.645948065474855,linear
1449,23_epo,56.99999999999999,57.6024096435063,linear
1450,23_epo,57.99999999999999,57.558871221537736,linear
1451,23_epo,59.0,57.51533279956918,linear
1452,23_epo,60.0,57.47179437760062,linear
1453,23_epo,61.0,57.42825595563205,linear
1454,23_epo,62.0,57.3847175336635,linear
1455,23_epo,63.0,57.34117911169493,linear
1456,23_epo,64.0,57.29764068972637,linear
1457,23_epo,65.0,57.25410226775781,linear
1458,23_epo,66.0,57.21056384578925,linear
1459,23_epo,67.0,57.16702542382069,linear
1460,23_epo,68.0,57.12348700185213,linear
1461,23_epo,69.0,57.07994857988357,linear
1462,23_epo,70.0,57.03641015791501,linear
1463,23_epo,71.0,56.992871735946444,linear
1464,23_epo,72.0,56.94933331397788,linear
1465,23_epo,73.0,56.905794892009325,linear
1466,23_epo,74.0,56.86225647004076,linear
1467,23_epo,75.0,56.818718048072206,linear
1468,23_epo,76.0,56.77517962610364,linear
1469,23_epo,77.0,56.73164120413508,linear
1470,23_epo,78.0,56.688102782166524,linear
1471,23_epo,79.0,56.64456436019796,linear
1472,23_epo,80.0,56.6010259382294,linear
1473,23_epo,81.0,56.557487516260835,linear
1474,23_epo,82.0,56.51394909429228,linear
1475,23_epo,83.0,56.470410672323716,linear
1476,23_epo,84.0,56.42687225035515,linear
1477,23_epo,85.0,56.3833338283866,linear
1478,23_epo,86.0,56.339795406418034,linear
1479,23_epo,87.0,56.29625698444948,linear
1480,23_epo,88.0,56.25271856248091,linear
1481,23_epo,89.0,56.20918014051235,linear
1482,23_epo,90.0,56.16564171854379,linear
1483,23_epo,91.0,56.122103296575226,linear
1484,23_epo,92.0,56.07856487460667,linear
1485,23_epo,93.0,56.03502645263811,linear
1486,23_epo,94.0,55.99148803066955,linear
1487,23_epo,95.0,55.94794960870099,linear
1488,24_epo,3.0,63.92361815987214,linear
1489,24_epo,4.0,63.79298461006567,linear
1490,24_epo,5.0,63.66235106025922,linear
1491,24_epo,6.0,63.53171751045275,linear
1492,24_epo,7.000000000000001,63.40108396064628,linear
1493,24_epo,8.0,63.27045041083983,linear
1494,24_epo,9.0,63.13981686103336,linear
1495,24_epo,10.0,63.009183311226884,linear
1496,24_epo,11.0,62.87854976142043,linear
1497,24_epo,12.0,62.74791621161396,linear
1498,24_epo,13.0,62.617282661807494,linear
1499,24_epo,14.000000000000002,62.48664911200103,linear
1500,24_epo,15.0,62.35601556219457,linear
1501,24_epo,16.0,62.2253820123881,linear
1502,24_epo,17.0,62.094748462581634,linear
1503,24_epo,18.0,61.96411491277517,linear
1504,24_epo,19.0,61.833481362968705,linear
1505,24_epo,20.0,61.70284781316224,linear
1506,24_epo,21.0,61.572214263355775,linear
1507,24_epo,22.0,61.441580713549314,linear
1508,24_epo,23.0,61.31094716374285,linear
1509,24_epo,24.0,61.180313613936384,linear
1510,24_epo,25.0,61.049680064129916,linear
1511,24_epo,26.0,60.919046514323455,linear
1512,24_epo,27.0,60.788412964516986,linear
1513,24_epo,28.000000000000004,60.657779414710525,linear
1514,24_epo,28.999999999999996,60.527145864904064,linear
1515,24_epo,30.0,60.396512315097596,linear
1516,24_epo,31.0,60.265878765291134,linear
1517,24_epo,32.0,60.13524521548466,linear
1518,24_epo,33.0,60.0046116656782,linear
1519,24_epo,34.0,59.873978115871736,linear
1520,24_epo,35.0,59.74334456606527,linear
1521,24_epo,36.0,59.61271101625881,linear
1522,24_epo,37.0,59.482077466452346,linear
1523,24_epo,38.0,59.35144391664588,linear
1524,24_epo,39.0,59.22081036683941,linear
1525,24_epo,40.0,59.09017681703295,linear
1526,24_epo,41.0,58.95954326722648,linear
1527,24_epo,42.0,58.82890971742002,linear
1528,24_epo,43.0,58.69827616761356,linear
1529,24_epo,44.0,58.56764261780709,linear
1530,24_epo,45.0,58.43700906800063,linear
1531,24_epo,46.0,58.30637551819415,linear
1532,24_epo,47.0,58.17574196838769,linear
1533,24_epo,48.0,58.04510841858123,linear
1534,24_epo,49.0,57.91447486877476,linear
1535,24_epo,50.0,57.7838413189683,linear
1536,24_epo,51.0,57.65320776916184,linear
1537,24_epo,52.0,57.52257421935537,linear
1538,24_epo,53.0,57.3919406695489,linear
1539,24_epo,54.0,57.26130711974243,linear
1540,24_epo,55.00000000000001,57.13067356993597,linear
1541,24_epo,56.00000000000001,57.00004002012951,linear
1542,24_epo,56.99999999999999,56.86940647032305,linear
1543,24_epo,57.99999999999999,56.73877292051658,linear
1544,24_epo,59.0,56.60813937071012,linear
1545,24_epo,60.0,56.477505820903644,linear
1546,24_epo,61.0,56.34687227109718,linear
1547,24_epo,62.0,56.21623872129072,linear
1548,24_epo,63.0,56.085605171484254,linear
1549,24_epo,64.0,55.95497162167779,linear
1550,24_epo,65.0,55.82433807187133,linear
1551,24_epo,66.0,55.69370452206486,linear
1552,24_epo,67.0,55.563070972258394,linear
1553,24_epo,68.0,55.43243742245193,linear
1554,24_epo,69.0,55.301803872645465,linear
1555,24_epo,70.0,55.171170322839004,linear
1556,24_epo,71.0,55.04053677303254,linear
1557,24_epo,72.0,54.909903223226074,linear
1558,24_epo,73.0,54.77926967341961,linear
1559,24_epo,74.0,54.648636123613144,linear
1560,24_epo,75.0,54.518002573806676,linear
1561,24_epo,76.0,54.38736902400021,linear
1562,24_epo,77.0,54.256735474193746,linear
1563,24_epo,78.0,54.126101924387285,linear
1564,24_epo,79.0,53.99546837458082,linear
1565,24_epo,80.0,53.864834824774356,linear
1566,24_epo,81.0,53.734201274967894,linear
1567,24_epo,82.0,53.60356772516142,linear
1568,24_epo,83.0,53.47293417535496,linear
1569,24_epo,84.0,53.342300625548496,linear
1570,24_epo,85.0,53.21166707574203,linear
1571,24_epo,86.0,53.08103352593557,linear
1572,24_epo,87.0,52.950399976129106,linear
1573,24_epo,88.0,52.81976642632264,linear
1574,24_epo,89.0,52.68913287651617,linear
1575,24_epo,90.0,52.55849932670971,linear
1576,24_epo,91.0,52.42786577690324,linear
1577,24_epo,92.0,52.29723222709678,linear
1578,24_epo,93.0,52.16659867729032,linear
1579,24_epo,94.0,52.03596512748385,linear
1580,24_epo,95.0,51.90533157767739,linear
1581,25_epo,3.0,74.69779786412543,linear
1582,25_epo,4.0,74.64113063543756,linear
1583,25_epo,5.0,74.58446340674968,linear
1584,25_epo,6.0,74.52779617806179,linear
1585,25_epo,7.000000000000001,74.47112894937392,linear
1586,25_epo,8.0,74.41446172068603,linear
1587,25_epo,9.0,74.35779449199816,linear
1588,25_epo,10.0,74.30112726331029,linear
1589,25_epo,11.0,74.2444600346224,linear
1590,25_epo,12.0,74.18779280593454,linear
1591,25_epo,13.0,74.13112557724665,linear
1592,25_epo,14.000000000000002,74.07445834855878,linear
1593,25_epo,15.0,74.01779111987089,linear
1594,25_epo,16.0,73.96112389118301,linear
1595,25_epo,17.0,73.90445666249514,linear
1596,25_epo,18.0,73.84778943380725,linear
1597,25_epo,19.0,73.79112220511938,linear
1598,25_epo,20.0,73.7344549764315,linear
1599,25_epo,21.0,73.67778774774361,linear
1600,25_epo,22.0,73.62112051905574,linear
1601,25_epo,23.0,73.56445329036785,linear
1602,25_epo,24.0,73.50778606167998,linear
1603,25_epo,25.0,73.45111883299211,linear
1604,25_epo,26.0,73.39445160430422,linear
1605,25_epo,27.0,73.33778437561635,linear
1606,25_epo,28.000000000000004,73.28111714692847,linear
1607,25_epo,28.999999999999996,73.2244499182406,linear
1608,25_epo,30.0,73.16778268955271,linear
1609,25_epo,31.0,73.11111546086482,linear
1610,25_epo,32.0,73.05444823217695,linear
1611,25_epo,33.0,72.99778100348907,linear
1612,25_epo,34.0,72.9411137748012,linear
1613,25_epo,35.0,72.88444654611331,linear
1614,25_epo,36.0,72.82777931742542,linear
1615,25_epo,37.0,72.77111208873755,linear
1616,25_epo,38.0,72.71444486004967,linear
1617,25_epo,39.0,72.6577776313618,linear
1618,25_epo,40.0,72.60111040267392,linear
1619,25_epo,41.0,72.54444317398604,linear
1620,25_epo,42.0,72.48777594529817,linear
1621,25_epo,43.0,72.43110871661028,linear
1622,25_epo,44.0,72.37444148792241,linear
1623,25_epo,45.0,72.31777425923453,linear
1624,25_epo,46.0,72.26110703054664,linear
1625,25_epo,47.0,72.20443980185877,linear
1626,25_epo,48.0,72.14777257317088,linear
1627,25_epo,49.0,72.09110534448301,linear
1628,25_epo,50.0,72.03443811579513,linear
1629,25_epo,51.0,71.97777088710724,linear
1630,25_epo,52.0,71.92110365841937,linear
1631,25_epo,53.0,71.86443642973148,linear
1632,25_epo,54.0,71.80776920104363,linear
1633,25_epo,55.00000000000001,71.75110197235574,linear
1634,25_epo,56.00000000000001,71.69443474366786,linear
1635,25_epo,56.99999999999999,71.63776751497998,linear
1636,25_epo,57.99999999999999,71.5811002862921,linear
1637,25_epo,59.0,71.52443305760423,linear
1638,25_epo,60.0,71.46776582891634,linear
1639,25_epo,61.0,71.41109860022846,linear
1640,25_epo,62.0,71.35443137154058,linear
1641,25_epo,63.0,71.2977641428527,linear
1642,25_epo,64.0,71.24109691416483,linear
1643,25_epo,65.0,71.18442968547694,linear
1644,25_epo,66.0,71.12776245678906,linear
1645,25_epo,67.0,71.07109522810119,linear
1646,25_epo,68.0,71.0144279994133,linear
1647,25_epo,69.0,70.95776077072544,linear
1648,25_epo,70.0,70.90109354203756,linear
1649,25_epo,71.0,70.84442631334967,linear
1650,25_epo,72.0,70.7877590846618,linear
1651,25_epo,73.0,70.73109185597392,linear
1652,25_epo,74.0,70.67442462728604,linear
1653,25_epo,75.0,70.61775739859816,linear
1654,25_epo,76.0,70.56109016991027,linear
1655,25_epo,77.0,70.5044229412224,linear
1656,25_epo,78.0,70.44775571253452,linear
1657,25_epo,79.0,70.39108848384664,linear
1658,25_epo,80.0,70.33442125515876,linear
1659,25_epo,81.0,70.27775402647087,linear
1660,25_epo,82.0,70.221086797783,linear
1661,25_epo,83.0,70.16441956909513,linear
1662,25_epo,84.0,70.10775234040726,linear
1663,25_epo,85.0,70.05108511171937,linear
1664,25_epo,86.0,69.99441788303149,linear
1665,25_epo,87.0,69.93775065434362,linear
1666,25_epo,88.0,69.88108342565573,linear
1667,25_epo,89.0,69.82441619696786,linear
1668,25_epo,90.0,69.76774896827997,linear
1669,25_epo,91.0,69.71108173959209,linear
1670,25_epo,92.0,69.65441451090422,linear
1671,25_epo,93.0,69.59774728221633,linear
1672,25_epo,94.0,69.54108005352846,linear
1673,25_epo,95.0,69.48441282484058,linear
1674,2_epo,3.0,81.05751334569725,linear
1675,2_epo,4.0,80.90987412684258,linear
1676,2_epo,5.0,80.76223490798792,linear
1677,2_epo,6.0,80.61459568913327,linear
1678,2_epo,7.000000000000001,80.46695647027862,linear
1679,2_epo,8.0,80.31931725142395,linear
1680,2_epo,9.0,80.17167803256929,linear
1681,2_epo,10.0,80.02403881371463,linear
1682,2_epo,11.0,79.87639959485996,linear
1683,2_epo,12.0,79.72876037600531,linear
1684,2_epo,13.0,79.58112115715065,linear
1685,2_epo,14.000000000000002,79.43348193829598,linear
1686,2_epo,15.0,79.28584271944132,linear
1687,2_epo,16.0,79.13820350058666,linear
1688,2_epo,17.0,78.99056428173199,linear
1689,2_epo,18.0,78.84292506287734,linear
1690,2_epo,19.0,78.69528584402269,linear
1691,2_epo,20.0,78.54764662516803,linear
1692,2_epo,21.0,78.40000740631336,linear
1693,2_epo,22.0,78.2523681874587,linear
1694,2_epo,23.0,78.10472896860404,linear
1695,2_epo,24.0,77.95708974974939,linear
1696,2_epo,25.0,77.80945053089472,linear
1697,2_epo,26.0,77.66181131204006,linear
1698,2_epo,27.0,77.5141720931854,linear
1699,2_epo,28.000000000000004,77.36653287433073,linear
1700,2_epo,28.999999999999996,77.21889365547608,linear
1701,2_epo,30.0,77.07125443662142,linear
1702,2_epo,31.0,76.92361521776675,linear
1703,2_epo,32.0,76.7759759989121,linear
1704,2_epo,33.0,76.62833678005744,linear
1705,2_epo,34.0,76.48069756120277,linear
1706,2_epo,35.0,76.33305834234812,linear
1707,2_epo,36.0,76.18541912349346,linear
1708,2_epo,37.0,76.0377799046388,linear
1709,2_epo,38.0,75.89014068578413,linear
1710,2_epo,39.0,75.74250146692947,linear
1711,2_epo,40.0,75.5948622480748,linear
1712,2_epo,41.0,75.44722302922015,linear
1713,2_epo,42.0,75.29958381036549,linear
1714,2_epo,43.0,75.15194459151083,linear
1715,2_epo,44.0,75.00430537265618,linear
1716,2_epo,45.0,74.85666615380151,linear
1717,2_epo,46.0,74.70902693494685,linear
1718,2_epo,47.0,74.5613877160922,linear
1719,2_epo,48.0,74.41374849723753,linear
1720,2_epo,49.0,74.26610927838287,linear
1721,2_epo,50.0,74.1184700595282,linear
1722,2_epo,51.0,73.97083084067354,linear
1723,2_epo,52.0,73.82319162181888,linear
1724,2_epo,53.0,73.67555240296423,linear
1725,2_epo,54.0,73.52791318410956,linear
1726,2_epo,55.00000000000001,73.3802739652549,linear
1727,2_epo,56.00000000000001,73.23263474640024,linear
1728,2_epo,56.99999999999999,73.08499552754559,linear
1729,2_epo,57.99999999999999,72.93735630869092,linear
1730,2_epo,59.0,72.78971708983627,linear
1731,2_epo,60.0,72.64207787098161,linear
1732,2_epo,61.0,72.49443865212695,linear
1733,2_epo,62.0,72.34679943327228,linear
1734,2_epo,63.0,72.19916021441762,linear
1735,2_epo,64.0,72.05152099556295,linear
1736,2_epo,65.0,71.9038817767083,linear
1737,2_epo,66.0,71.75624255785364,linear
1738,2_epo,67.0,71.60860333899898,linear
1739,2_epo,68.0,71.46096412014431,linear
1740,2_epo,69.0,71.31332490128966,linear
1741,2_epo,70.0,71.165685682435,linear
1742,2_epo,71.0,71.01804646358035,linear
1743,2_epo,72.0,70.87040724472568,linear
1744,2_epo,73.0,70.72276802587102,linear
1745,2_epo,74.0,70.57512880701636,linear
1746,2_epo,75.0,70.42748958816169,linear
1747,2_epo,76.0,70.27985036930703,linear
1748,2_epo,77.0,70.13221115045238,linear
1749,2_epo,78.0,69.98457193159771,linear
1750,2_epo,79.0,69.83693271274305,linear
1751,2_epo,80.0,69.68929349388839,linear
1752,2_epo,81.0,69.54165427503372,linear
1753,2_epo,82.0,69.39401505617907,linear
1754,2_epo,83.0,69.24637583732442,linear
1755,2_epo,84.0,69.09873661846976,linear
1756,2_epo,85.0,68.9510973996151,linear
1757,2_epo,86.0,68.80345818076043,linear
1758,2_epo,87.0,68.65581896190577,linear
1759,2_epo,88.0,68.50817974305112,linear
1760,2_epo,89.0,68.36054052419645,linear
1761,2_epo,90.0,68.21290130534179,linear
1762,2_epo,91.0,68.06526208648712,linear
1763,2_epo,92.0,67.91762286763246,linear
1764,2_epo,93.0,67.7699836487778,linear
1765,2_epo,94.0,67.62234442992316,linear
1766,2_epo,95.0,67.4747052110685,linear
1767,3_epo,3.0,68.18525299853513,linear
1768,3_epo,4.0,68.3293473029616,linear
1769,3_epo,5.0,68.47344160738807,linear
1770,3_epo,6.0,68.61753591181453,linear
1771,3_epo,7.000000000000001,68.76163021624102,linear
1772,3_epo,8.0,68.90572452066748,linear
1773,3_epo,9.0,69.04981882509395,linear
1774,3_epo,10.0,69.19391312952042,linear
1775,3_epo,11.0,69.3380074339469,linear
1776,3_epo,12.0,69.48210173837337,linear
1777,3_epo,13.0,69.62619604279983,linear
1778,3_epo,14.000000000000002,69.77029034722631,linear
1779,3_epo,15.0,69.91438465165278,linear
1780,3_epo,16.0,70.05847895607926,linear
1781,3_epo,17.0,70.20257326050572,linear
1782,3_epo,18.0,70.34666756493219,linear
1783,3_epo,19.0,70.49076186935866,linear
1784,3_epo,20.0,70.63485617378514,linear
1785,3_epo,21.0,70.7789504782116,linear
1786,3_epo,22.0,70.92304478263807,linear
1787,3_epo,23.0,71.06713908706455,linear
1788,3_epo,24.0,71.21123339149102,linear
1789,3_epo,25.0,71.35532769591748,linear
1790,3_epo,26.0,71.49942200034396,linear
1791,3_epo,27.0,71.64351630477042,linear
1792,3_epo,28.000000000000004,71.7876106091969,linear
1793,3_epo,28.999999999999996,71.93170491362336,linear
1794,3_epo,30.0,72.07579921804984,linear
1795,3_epo,31.0,72.21989352247631,linear
1796,3_epo,32.0,72.36398782690279,linear
1797,3_epo,33.0,72.50808213132926,linear
1798,3_epo,34.0,72.65217643575572,linear
1799,3_epo,35.0,72.7962707401822,linear
1800,3_epo,36.0,72.94036504460867,linear
1801,3_epo,37.0,73.08445934903514,linear
1802,3_epo,38.0,73.2285536534616,linear
1803,3_epo,39.0,73.37264795788808,linear
1804,3_epo,40.0,73.51674226231455,linear
1805,3_epo,41.0,73.66083656674103,linear
1806,3_epo,42.0,73.80493087116749,linear
1807,3_epo,43.0,73.94902517559396,linear
1808,3_epo,44.0,74.09311948002043,linear
1809,3_epo,45.0,74.23721378444691,linear
1810,3_epo,46.0,74.38130808887337,linear
1811,3_epo,47.0,74.52540239329984,linear
1812,3_epo,48.0,74.66949669772632,linear
1813,3_epo,49.0,74.81359100215279,linear
1814,3_epo,50.0,74.95768530657926,linear
1815,3_epo,51.0,75.10177961100572,linear
1816,3_epo,52.0,75.2458739154322,linear
1817,3_epo,53.0,75.38996821985867,linear
1818,3_epo,54.0,75.53406252428515,linear
1819,3_epo,55.00000000000001,75.67815682871161,linear
1820,3_epo,56.00000000000001,75.8222511331381,linear
1821,3_epo,56.99999999999999,75.96634543756456,linear
1822,3_epo,57.99999999999999,76.11043974199103,linear
1823,3_epo,59.0,76.25453404641749,linear
1824,3_epo,60.0,76.39862835084396,linear
1825,3_epo,61.0,76.54272265527044,linear
1826,3_epo,62.0,76.68681695969691,linear
1827,3_epo,63.0,76.83091126412337,linear
1828,3_epo,64.0,76.97500556854985,linear
1829,3_epo,65.0,77.11909987297632,linear
1830,3_epo,66.0,77.2631941774028,linear
1831,3_epo,67.0,77.40728848182926,linear
1832,3_epo,68.0,77.55138278625573,linear
1833,3_epo,69.0,77.6954770906822,linear
1834,3_epo,70.0,77.83957139510868,linear
1835,3_epo,71.0,77.98366569953515,linear
1836,3_epo,72.0,78.12776000396161,linear
1837,3_epo,73.0,78.2718543083881,linear
1838,3_epo,74.0,78.41594861281456,linear
1839,3_epo,75.0,78.56004291724103,linear
1840,3_epo,76.0,78.7041372216675,linear
1841,3_epo,77.0,78.84823152609397,linear
1842,3_epo,78.0,78.99232583052044,linear
1843,3_epo,79.0,79.13642013494692,linear
1844,3_epo,80.0,79.28051443937338,linear
1845,3_epo,81.0,79.42460874379987,linear
1846,3_epo,82.0,79.56870304822633,linear
1847,3_epo,83.0,79.7127973526528,linear
1848,3_epo,84.0,79.85689165707926,linear
1849,3_epo,85.0,80.00098596150573,linear
1850,3_epo,86.0,80.14508026593221,linear
1851,3_epo,87.0,80.28917457035868,linear
1852,3_epo,88.0,80.43326887478516,linear
1853,3_epo,89.0,80.57736317921162,linear
1854,3_epo,90.0,80.7214574836381,linear
1855,3_epo,91.0,80.86555178806456,linear
1856,3_epo,92.0,81.00964609249104,linear
1857,3_epo,93.0,81.1537403969175,linear
1858,3_epo,94.0,81.29783470134397,linear
1859,3_epo,95.0,81.44192900577045,linear
1860,4_epo,3.0,71.17938309553212,linear
1861,4_epo,4.0,71.07438352902619,linear
1862,4_epo,5.0,70.96938396252024,linear
1863,4_epo,6.0,70.86438439601429,linear
1864,4_epo,7.000000000000001,70.75938482950835,linear
1865,4_epo,8.0,70.6543852630024,linear
1866,4_epo,9.0,70.54938569649644,linear
1867,4_epo,10.0,70.44438612999052,linear
1868,4_epo,11.0,70.33938656348457,linear
1869,4_epo,12.0,70.23438699697861,linear
1870,4_epo,13.0,70.12938743047268,linear
1871,4_epo,14.000000000000002,70.02438786396672,linear
1872,4_epo,15.0,69.91938829746077,linear
1873,4_epo,16.0,69.81438873095485,linear
1874,4_epo,17.0,69.7093891644489,linear
1875,4_epo,18.0,69.60438959794294,linear
1876,4_epo,19.0,69.499390031437,linear
1877,4_epo,20.0,69.39439046493105,linear
1878,4_epo,21.0,69.28939089842511,linear
1879,4_epo,22.0,69.18439133191917,linear
1880,4_epo,23.0,69.07939176541322,linear
1881,4_epo,24.0,68.97439219890728,linear
1882,4_epo,25.0,68.86939263240133,linear
1883,4_epo,26.0,68.76439306589538,linear
1884,4_epo,27.0,68.65939349938944,linear
1885,4_epo,28.000000000000004,68.55439393288349,linear
1886,4_epo,28.999999999999996,68.44939436637755,linear
1887,4_epo,30.0,68.34439479987161,linear
1888,4_epo,31.0,68.23939523336566,linear
1889,4_epo,32.0,68.1343956668597,linear
1890,4_epo,33.0,68.02939610035376,linear
1891,4_epo,34.0,67.92439653384781,linear
1892,4_epo,35.0,67.81939696734187,linear
1893,4_epo,36.0,67.71439740083594,linear
1894,4_epo,37.0,67.60939783432998,linear
1895,4_epo,38.0,67.50439826782403,linear
1896,4_epo,39.0,67.39939870131809,linear
1897,4_epo,40.0,67.29439913481214,linear
1898,4_epo,41.0,67.1893995683062,linear
1899,4_epo,42.0,67.08440000180026,linear
1900,4_epo,43.0,66.97940043529431,linear
1901,4_epo,44.0,66.87440086878836,linear
1902,4_epo,45.0,66.76940130228242,linear
1903,4_epo,46.0,66.66440173577647,linear
1904,4_epo,47.0,66.55940216927053,linear
1905,4_epo,48.0,66.45440260276459,linear
1906,4_epo,49.0,66.34940303625864,linear
1907,4_epo,50.0,66.24440346975268,linear
1908,4_epo,51.0,66.13940390324674,linear
1909,4_epo,52.0,66.03440433674079,linear
1910,4_epo,53.0,65.92940477023484,linear
1911,4_epo,54.0,65.82440520372892,linear
1912,4_epo,55.00000000000001,65.71940563722296,linear
1913,4_epo,56.00000000000001,65.61440607071701,linear
1914,4_epo,56.99999999999999,65.50940650421107,linear
1915,4_epo,57.99999999999999,65.40440693770512,linear
1916,4_epo,59.0,65.29940737119917,linear
1917,4_epo,60.0,65.19440780469324,linear
1918,4_epo,61.0,65.08940823818729,linear
1919,4_epo,62.0,64.98440867168134,linear
1920,4_epo,63.0,64.8794091051754,linear
1921,4_epo,64.0,64.77440953866945,linear
1922,4_epo,65.0,64.66940997216349,linear
1923,4_epo,66.0,64.56441040565757,linear
1924,4_epo,67.0,64.45941083915162,linear
1925,4_epo,68.0,64.35441127264566,linear
1926,4_epo,69.0,64.24941170613972,linear
1927,4_epo,70.0,64.14441213963377,linear
1928,4_epo,71.0,64.03941257312783,linear
1929,4_epo,72.0,63.934413006621895,linear
1930,4_epo,73.0,63.82941344011594,linear
1931,4_epo,74.0,63.72441387361,linear
1932,4_epo,75.0,63.61941430710405,linear
1933,4_epo,76.0,63.5144147405981,linear
1934,4_epo,77.0,63.40941517409215,linear
1935,4_epo,78.0,63.30441560758621,linear
1936,4_epo,79.0,63.19941604108027,linear
1937,4_epo,80.0,63.094416474574324,linear
1938,4_epo,81.0,62.98941690806838,linear
1939,4_epo,82.0,62.88441734156243,linear
1940,4_epo,83.0,62.77941777505648,linear
1941,4_epo,84.0,62.67441820855055,linear
1942,4_epo,85.0,62.5694186420446,linear
1943,4_epo,86.0,62.46441907553865,linear
1944,4_epo,87.0,62.359419509032705,linear
1945,4_epo,88.0,62.25441994252676,linear
1946,4_epo,89.0,62.14942037602081,linear
1947,4_epo,90.0,62.04442080951487,linear
1948,4_epo,91.0,61.93942124300892,linear
1949,4_epo,92.0,61.83442167650298,linear
1950,4_epo,93.0,61.72942210999703,linear
1951,4_epo,94.0,61.624422543491086,linear
1952,4_epo,95.0,61.51942297698513,linear
1953,5_epo,3.0,57.98684479078382,linear
1954,5_epo,4.0,57.8803318368357,linear
1955,5_epo,5.0,57.773818882887575,linear
1956,5_epo,6.0,57.66730592893945,linear
1957,5_epo,7.000000000000001,57.56079297499132,linear
1958,5_epo,8.0,57.4542800210432,linear
1959,5_epo,9.0,57.34776706709508,linear
1960,5_epo,10.0,57.24125411314696,linear
1961,5_epo,11.0,57.13474115919883,linear
1962,5_epo,12.0,57.028228205250706,linear
1963,5_epo,13.0,56.92171525130259,linear
1964,5_epo,14.000000000000002,56.81520229735446,linear
1965,5_epo,15.0,56.708689343406334,linear
1966,5_epo,16.0,56.602176389458215,linear
1967,5_epo,17.0,56.49566343551009,linear
1968,5_epo,18.0,56.38915048156197,linear
1969,5_epo,19.0,56.28263752761384,linear
1970,5_epo,20.0,56.17612457366572,linear
1971,5_epo,21.0,56.0696116197176,linear
1972,5_epo,22.0,55.96309866576947,linear
1973,5_epo,23.0,55.85658571182135,linear
1974,5_epo,24.0,55.75007275787323,linear
1975,5_epo,25.0,55.6435598039251,linear
1976,5_epo,26.0,55.537046849976974,linear
1977,5_epo,27.0,55.430533896028855,linear
1978,5_epo,28.000000000000004,55.324020942080736,linear
1979,5_epo,28.999999999999996,55.21750798813261,linear
1980,5_epo,30.0,55.110995034184484,linear
1981,5_epo,31.0,55.00448208023636,linear
1982,5_epo,32.0,54.89796912628823,linear
1983,5_epo,33.0,54.79145617234012,linear
1984,5_epo,34.0,54.68494321839199,linear
1985,5_epo,35.0,54.57843026444387,linear
1986,5_epo,36.0,54.47191731049574,linear
1987,5_epo,37.0,54.365404356547614,linear
1988,5_epo,38.0,54.2588914025995,linear
1989,5_epo,39.0,54.152378448651376,linear
1990,5_epo,40.0,54.04586549470325,linear
1991,5_epo,41.0,53.939352540755124,linear
1992,5_epo,42.0,53.832839586807,linear
1993,5_epo,43.0,53.72632663285888,linear
1994,5_epo,44.0,53.61981367891076,linear
1995,5_epo,45.0,53.51330072496263,linear
1996,5_epo,46.0,53.40678777101451,linear
1997,5_epo,47.0,53.30027481706638,linear
1998,5_epo,48.0,53.19376186311826,linear
1999,5_epo,49.0,53.087248909170135,linear
2000,5_epo,50.0,52.980735955222016,linear
2001,5_epo,51.0,52.87422300127389,linear
2002,5_epo,52.0,52.767710047325764,linear
2003,5_epo,53.0,52.661197093377645,linear
2004,5_epo,54.0,52.55468413942952,linear
2005,5_epo,55.00000000000001,52.4481711854814,linear
2006,5_epo,56.00000000000001,52.34165823153327,linear
2007,5_epo,56.99999999999999,52.23514527758515,linear
2008,5_epo,57.99999999999999,52.12863232363703,linear
2009,5_epo,59.0,52.0221193696889,linear
2010,5_epo,60.0,51.915606415740776,linear
2011,5_epo,61.0,51.809093461792656,linear
2012,5_epo,62.0,51.70258050784453,linear
2013,5_epo,63.0,51.59606755389641,linear
2014,5_epo,64.0,51.489554599948285,linear
2015,5_epo,65.0,51.38304164600016,linear
2016,5_epo,66.0,51.27652869205203,linear
2017,5_epo,67.0,51.17001573810391,linear
2018,5_epo,68.0,51.063502784155794,linear
2019,5_epo,69.0,50.95698983020767,linear
2020,5_epo,70.0,50.85047687625954,linear
2021,5_epo,71.0,50.743963922311416,linear
2022,5_epo,72.0,50.63745096836329,linear
2023,5_epo,73.0,50.53093801441518,linear
2024,5_epo,74.0,50.42442506046705,linear
2025,5_epo,75.0,50.317912106518925,linear
2026,5_epo,76.0,50.2113991525708,linear
2027,5_epo,77.0,50.10488619862267,linear
2028,5_epo,78.0,49.99837324467456,linear
2029,5_epo,79.0,49.891860290726434,linear
2030,5_epo,80.0,49.78534733677831,linear
2031,5_epo,81.0,49.67883438283018,linear
2032,5_epo,82.0,49.572321428882056,linear
2033,5_epo,83.0,49.46580847493394,linear
2034,5_epo,84.0,49.35929552098582,linear
2035,5_epo,85.0,49.25278256703769,linear
2036,5_epo,86.0,49.146269613089565,linear
2037,5_epo,87.0,49.03975665914144,linear
2038,5_epo,88.0,48.93324370519332,linear
2039,5_epo,89.0,48.826730751245194,linear
2040,5_epo,90.0,48.720217797297074,linear
2041,5_epo,91.0,48.61370484334895,linear
2042,5_epo,92.0,48.50719188940082,linear
2043,5_epo,93.0,48.4006789354527,linear
2044,5_epo,94.0,48.29416598150458,linear
2045,5_epo,95.0,48.18765302755645,linear
2046,6_epo,3.0,62.06567391033831,linear
2047,6_epo,4.0,61.953673227185604,linear
2048,6_epo,5.0,61.841672544032896,linear
2049,6_epo,6.0,61.72967186088019,linear
2050,6_epo,7.000000000000001,61.61767117772748,linear
2051,6_epo,8.0,61.505670494574765,linear
2052,6_epo,9.0,61.39366981142206,linear
2053,6_epo,10.0,61.28166912826935,linear
2054,6_epo,11.0,61.16966844511664,linear
2055,6_epo,12.0,61.05766776196394,linear
2056,6_epo,13.0,60.94566707881123,linear
2057,6_epo,14.000000000000002,60.83366639565852,linear
2058,6_epo,15.0,60.72166571250581,linear
2059,6_epo,16.0,60.6096650293531,linear
2060,6_epo,17.0,60.497664346200395,linear
2061,6_epo,18.0,60.38566366304769,linear
2062,6_epo,19.0,60.27366297989498,linear
2063,6_epo,20.0,60.161662296742264,linear
2064,6_epo,21.0,60.04966161358956,linear
2065,6_epo,22.0,59.93766093043685,linear
2066,6_epo,23.0,59.82566024728414,linear
2067,6_epo,24.0,59.71365956413143,linear
2068,6_epo,25.0,59.601658880978725,linear
2069,6_epo,26.0,59.48965819782601,linear
2070,6_epo,27.0,59.3776575146733,linear
2071,6_epo,28.000000000000004,59.265656831520594,linear
2072,6_epo,28.999999999999996,59.15365614836789,linear
2073,6_epo,30.0,59.04165546521518,linear
2074,6_epo,31.0,58.92965478206247,linear
2075,6_epo,32.0,58.817654098909756,linear
2076,6_epo,33.0,58.70565341575705,linear
2077,6_epo,34.0,58.59365273260434,linear
2078,6_epo,35.0,58.48165204945163,linear
2079,6_epo,36.0,58.36965136629893,linear
2080,6_epo,37.0,58.257650683146224,linear
2081,6_epo,38.0,58.14564999999351,linear
2082,6_epo,39.0,58.0336493168408,linear
2083,6_epo,40.0,57.92164863368809,linear
2084,6_epo,41.0,57.809647950535386,linear
2085,6_epo,42.0,57.69764726738268,linear
2086,6_epo,43.0,57.58564658422997,linear
2087,6_epo,44.0,57.473645901077255,linear
2088,6_epo,45.0,57.36164521792455,linear
2089,6_epo,46.0,57.24964453477184,linear
2090,6_epo,47.0,57.13764385161913,linear
2091,6_epo,48.0,57.025643168466424,linear
2092,6_epo,49.0,56.913642485313716,linear
2093,6_epo,50.0,56.801641802161,linear
2094,6_epo,51.0,56.68964111900829,linear
2095,6_epo,52.0,56.577640435855585,linear
2096,6_epo,53.0,56.46563975270288,linear
2097,6_epo,54.0,56.35363906955017,linear
2098,6_epo,55.00000000000001,56.24163838639746,linear
2099,6_epo,56.00000000000001,56.129637703244754,linear
2100,6_epo,56.99999999999999,56.017637020092046,linear
2101,6_epo,57.99999999999999,55.90563633693933,linear
2102,6_epo,59.0,55.79363565378663,linear
2103,6_epo,60.0,55.68163497063392,linear
2104,6_epo,61.0,55.569634287481215,linear
2105,6_epo,62.0,55.4576336043285,linear
2106,6_epo,63.0,55.34563292117579,linear
2107,6_epo,64.0,55.233632238023084,linear
2108,6_epo,65.0,55.121631554870376,linear
2109,6_epo,66.0,55.00963087171767,linear
2110,6_epo,67.0,54.89763018856496,linear
2111,6_epo,68.0,54.78562950541225,linear
2112,6_epo,69.0,54.67362882225954,linear
2113,6_epo,70.0,54.56162813910683,linear
2114,6_epo,71.0,54.44962745595412,linear
2115,6_epo,72.0,54.337626772801414,linear
2116,6_epo,73.0,54.225626089648706,linear
2117,6_epo,74.0,54.113625406496,linear
2118,6_epo,75.0,54.001624723343284,linear
2119,6_epo,76.0,53.889624040190576,linear
2120,6_epo,77.0,53.77762335703787,linear
2121,6_epo,78.0,53.66562267388516,linear
2122,6_epo,79.0,53.55362199073245,linear
2123,6_epo,80.0,53.441621307579744,linear
2124,6_epo,81.0,53.32962062442703,linear
2125,6_epo,82.0,53.21761994127433,linear
2126,6_epo,83.0,53.105619258121614,linear
2127,6_epo,84.0,52.99361857496891,linear
2128,6_epo,85.0,52.881617891816205,linear
2129,6_epo,86.0,52.7696172086635,linear
2130,6_epo,87.0,52.65761652551078,linear
2131,6_epo,88.0,52.545615842358075,linear
2132,6_epo,89.0,52.43361515920537,linear
2133,6_epo,90.0,52.32161447605266,linear
2134,6_epo,91.0,52.20961379289995,linear
2135,6_epo,92.0,52.09761310974724,linear
2136,6_epo,93.0,51.98561242659453,linear
2137,6_epo,94.0,51.87361174344182,linear
2138,6_epo,95.0,51.76161106028911,linear
2139,7_epo,3.0,67.71932504640965,linear
2140,7_epo,4.0,67.45491085255031,linear
2141,7_epo,5.0,67.19049665869099,linear
2142,7_epo,6.0,66.92608246483165,linear
2143,7_epo,7.000000000000001,66.66166827097234,linear
2144,7_epo,8.0,66.397254077113,linear
2145,7_epo,9.0,66.13283988325368,linear
2146,7_epo,10.0,65.86842568939436,linear
2147,7_epo,11.0,65.60401149553502,linear
2148,7_epo,12.0,65.3395973016757,linear
2149,7_epo,13.0,65.07518310781636,linear
2150,7_epo,14.000000000000002,64.81076891395703,linear
2151,7_epo,15.0,64.54635472009771,linear
2152,7_epo,16.0,64.28194052623839,linear
2153,7_epo,17.0,64.01752633237906,linear
2154,7_epo,18.0,63.753112138519725,linear
2155,7_epo,19.0,63.4886979446604,linear
2156,7_epo,20.0,63.224283750801064,linear
2157,7_epo,21.0,62.95986955694175,linear
2158,7_epo,22.0,62.69545536308241,linear
2159,7_epo,23.0,62.431041169223086,linear
2160,7_epo,24.0,62.166626975363755,linear
2161,7_epo,25.0,61.90221278150443,linear
2162,7_epo,26.0,61.6377985876451,linear
2163,7_epo,27.0,61.37338439378577,linear
2164,7_epo,28.000000000000004,61.10897019992644,linear
2165,7_epo,28.999999999999996,60.844556006067116,linear
2166,7_epo,30.0,60.58014181220779,linear
2167,7_epo,31.0,60.31572761834846,linear
2168,7_epo,32.0,60.05131342448913,linear
2169,7_epo,33.0,59.78689923062981,linear
2170,7_epo,34.0,59.522485036770476,linear
2171,7_epo,35.0,59.258070842911145,linear
2172,7_epo,36.0,58.993656649051815,linear
2173,7_epo,37.0,58.7292424551925,linear
2174,7_epo,38.0,58.46482826133316,linear
2175,7_epo,39.0,58.20041406747384,linear
2176,7_epo,40.0,57.935999873614506,linear
2177,7_epo,41.0,57.67158567975518,linear
2178,7_epo,42.0,57.40717148589585,linear
2179,7_epo,43.0,57.14275729203652,linear
2180,7_epo,44.0,56.87834309817719,linear
2181,7_epo,45.0,56.613928904317866,linear
2182,7_epo,46.0,56.34951471045854,linear
2183,7_epo,47.0,56.08510051659921,linear
2184,7_epo,48.0,55.82068632273988,linear
2185,7_epo,49.0,55.55627212888056,linear
2186,7_epo,50.0,55.29185793502123,linear
2187,7_epo,51.0,55.027443741161896,linear
2188,7_epo,52.0,54.76302954730257,linear
2189,7_epo,53.0,54.49861535344324,linear
2190,7_epo,54.0,54.23420115958391,linear
2191,7_epo,55.00000000000001,53.96978696572459,linear
2192,7_epo,56.00000000000001,53.70537277186526,linear
2193,7_epo,56.99999999999999,53.44095857800593,linear
2194,7_epo,57.99999999999999,53.1765443841466,linear
2195,7_epo,59.0,52.91213019028727,linear
2196,7_epo,60.0,52.647715996427955,linear
2197,7_epo,61.0,52.38330180256862,linear
2198,7_epo,62.0,52.118887608709294,linear
2199,7_epo,63.0,51.854473414849956,linear
2200,7_epo,64.0,51.59005922099064,linear
2201,7_epo,65.0,51.3256450271313,linear
2202,7_epo,66.0,51.06123083327198,linear
2203,7_epo,67.0,50.79681663941265,linear
2204,7_epo,68.0,50.53240244555332,linear
2205,7_epo,69.0,50.267988251694,linear
2206,7_epo,70.0,50.00357405783466,linear
2207,7_epo,71.0,49.73915986397534,linear
2208,7_epo,72.0,49.47474567011601,linear
2209,7_epo,73.0,49.210331476256684,linear
2210,7_epo,74.0,48.94591728239735,linear
2211,7_epo,75.0,48.68150308853802,linear
2212,7_epo,76.0,48.4170888946787,linear
2213,7_epo,77.0,48.15267470081937,linear
2214,7_epo,78.0,47.888260506960044,linear
2215,7_epo,79.0,47.62384631310071,linear
2216,7_epo,80.0,47.35943211924139,linear
2217,7_epo,81.0,47.09501792538205,linear
2218,7_epo,82.0,46.83060373152273,linear
2219,7_epo,83.0,46.5661895376634,linear
2220,7_epo,84.0,46.301775343804074,linear
2221,7_epo,85.0,46.03736114994475,linear
2222,7_epo,86.0,45.77294695608541,linear
2223,7_epo,87.0,45.50853276222609,linear
2224,7_epo,88.0,45.24411856836676,linear
2225,7_epo,89.0,44.979704374507435,linear
2226,7_epo,90.0,44.7152901806481,linear
2227,7_epo,91.0,44.45087598678877,linear
2228,7_epo,92.0,44.18646179292945,linear
2229,7_epo,93.0,43.92204759907012,linear
2230,7_epo,94.0,43.657633405210795,linear
2231,7_epo,95.0,43.39321921135146,linear
2232,8_epo,3.0,84.58291065207962,linear
2233,8_epo,4.0,84.31380800906008,linear
2234,8_epo,5.0,84.04470536604053,linear
2235,8_epo,6.0,83.77560272302098,linear
2236,8_epo,7.000000000000001,83.50650008000143,linear
2237,8_epo,8.0,83.23739743698188,linear
2238,8_epo,9.0,82.96829479396234,linear
2239,8_epo,10.0,82.69919215094279,linear
2240,8_epo,11.0,82.43008950792324,linear
2241,8_epo,12.0,82.16098686490369,linear
2242,8_epo,13.0,81.89188422188415,linear
2243,8_epo,14.000000000000002,81.6227815788646,linear
2244,8_epo,15.0,81.35367893584505,linear
2245,8_epo,16.0,81.0845762928255,linear
2246,8_epo,17.0,80.81547364980595,linear
2247,8_epo,18.0,80.54637100678642,linear
2248,8_epo,19.0,80.27726836376686,linear
2249,8_epo,20.0,80.00816572074731,linear
2250,8_epo,21.0,79.73906307772776,linear
2251,8_epo,22.0,79.46996043470821,linear
2252,8_epo,23.0,79.20085779168868,linear
2253,8_epo,24.0,78.93175514866913,linear
2254,8_epo,25.0,78.66265250564958,linear
2255,8_epo,26.0,78.39354986263002,linear
2256,8_epo,27.0,78.12444721961049,linear
2257,8_epo,28.000000000000004,77.85534457659094,linear
2258,8_epo,28.999999999999996,77.58624193357139,linear
2259,8_epo,30.0,77.31713929055184,linear
2260,8_epo,31.0,77.04803664753229,linear
2261,8_epo,32.0,76.77893400451275,linear
2262,8_epo,33.0,76.5098313614932,linear
2263,8_epo,34.0,76.24072871847365,linear
2264,8_epo,35.0,75.9716260754541,linear
2265,8_epo,36.0,75.70252343243456,linear
2266,8_epo,37.0,75.43342078941501,linear
2267,8_epo,38.0,75.16431814639546,linear
2268,8_epo,39.0,74.89521550337591,linear
2269,8_epo,40.0,74.62611286035636,linear
2270,8_epo,41.0,74.35701021733682,linear
2271,8_epo,42.0,74.08790757431727,linear
2272,8_epo,43.0,73.81880493129772,linear
2273,8_epo,44.0,73.54970228827817,linear
2274,8_epo,45.0,73.28059964525863,linear
2275,8_epo,46.0,73.01149700223908,linear
2276,8_epo,47.0,72.74239435921953,linear
2277,8_epo,48.0,72.47329171619998,linear
2278,8_epo,49.0,72.20418907318043,linear
2279,8_epo,50.0,71.9350864301609,linear
2280,8_epo,51.0,71.66598378714134,linear
2281,8_epo,52.0,71.39688114412179,linear
2282,8_epo,53.0,71.12777850110224,linear
2283,8_epo,54.0,70.8586758580827,linear
2284,8_epo,55.00000000000001,70.58957321506315,linear
2285,8_epo,56.00000000000001,70.3204705720436,linear
2286,8_epo,56.99999999999999,70.05136792902405,linear
2287,8_epo,57.99999999999999,69.7822652860045,linear
2288,8_epo,59.0,69.51316264298497,linear
2289,8_epo,60.0,69.24405999996542,linear
2290,8_epo,61.0,68.97495735694586,linear
2291,8_epo,62.0,68.70585471392631,linear
2292,8_epo,63.0,68.43675207090676,linear
2293,8_epo,64.0,68.16764942788723,linear
2294,8_epo,65.0,67.89854678486768,linear
2295,8_epo,66.0,67.62944414184813,linear
2296,8_epo,67.0,67.36034149882857,linear
2297,8_epo,68.0,67.09123885580904,linear
2298,8_epo,69.0,66.82213621278949,linear
2299,8_epo,70.0,66.55303356976994,linear
2300,8_epo,71.0,66.28393092675039,linear
2301,8_epo,72.0,66.01482828373084,linear
2302,8_epo,73.0,65.7457256407113,linear
2303,8_epo,74.0,65.47662299769175,linear
2304,8_epo,75.0,65.2075203546722,linear
2305,8_epo,76.0,64.93841771165265,linear
2306,8_epo,77.0,64.66931506863311,linear
2307,8_epo,78.0,64.40021242561356,linear
2308,8_epo,79.0,64.13110978259401,linear
2309,8_epo,80.0,63.86200713957446,linear
2310,8_epo,81.0,63.592904496554915,linear
2311,8_epo,82.0,63.323801853535365,linear
2312,8_epo,83.0,63.05469921051582,linear
2313,8_epo,84.0,62.78559656749627,linear
2314,8_epo,85.0,62.51649392447673,linear
2315,8_epo,86.0,62.247391281457176,linear
2316,8_epo,87.0,61.978288638437625,linear
2317,8_epo,88.0,61.70918599541808,linear
2318,8_epo,89.0,61.44008335239853,linear
2319,8_epo,90.0,61.17098070937899,linear
2320,8_epo,91.0,60.90187806635944,linear
2321,8_epo,92.0,60.63277542333989,linear
2322,8_epo,93.0,60.36367278032034,linear
2323,8_epo,94.0,60.09457013730079,linear
2324,8_epo,95.0,59.82546749428125,linear
2325,9_epo,3.0,88.31442859280716,linear
2326,9_epo,4.0,88.28726266811286,linear
2327,9_epo,5.0,88.26009674341856,linear
2328,9_epo,6.0,88.23293081872426,linear
2329,9_epo,7.000000000000001,88.20576489402995,linear
2330,9_epo,8.0,88.17859896933564,linear
2331,9_epo,9.0,88.15143304464134,linear
2332,9_epo,10.0,88.12426711994704,linear
2333,9_epo,11.0,88.09710119525273,linear
2334,9_epo,12.0,88.06993527055843,linear
2335,9_epo,13.0,88.0427693458641,linear
2336,9_epo,14.000000000000002,88.0156034211698,linear
2337,9_epo,15.0,87.9884374964755,linear
2338,9_epo,16.0,87.9612715717812,linear
2339,9_epo,17.0,87.9341056470869,linear
2340,9_epo,18.0,87.90693972239258,linear
2341,9_epo,19.0,87.87977379769828,linear
2342,9_epo,20.0,87.85260787300398,linear
2343,9_epo,21.0,87.82544194830967,linear
2344,9_epo,22.0,87.79827602361537,linear
2345,9_epo,23.0,87.77111009892106,linear
2346,9_epo,24.0,87.74394417422675,linear
2347,9_epo,25.0,87.71677824953244,linear
2348,9_epo,26.0,87.68961232483814,linear
2349,9_epo,27.0,87.66244640014384,linear
2350,9_epo,28.000000000000004,87.63528047544952,linear
2351,9_epo,28.999999999999996,87.60811455075522,linear
2352,9_epo,30.0,87.58094862606092,linear
2353,9_epo,31.0,87.55378270136661,linear
2354,9_epo,32.0,87.52661677667231,linear
2355,9_epo,33.0,87.499450851978,linear
2356,9_epo,34.0,87.4722849272837,linear
2357,9_epo,35.0,87.4451190025894,linear
2358,9_epo,36.0,87.41795307789509,linear
2359,9_epo,37.0,87.39078715320078,linear
2360,9_epo,38.0,87.36362122850646,linear
2361,9_epo,39.0,87.33645530381216,linear
2362,9_epo,40.0,87.30928937911786,linear
2363,9_epo,41.0,87.28212345442356,linear
2364,9_epo,42.0,87.25495752972925,linear
2365,9_epo,43.0,87.22779160503494,linear
2366,9_epo,44.0,87.20062568034064,linear
2367,9_epo,45.0,87.17345975564633,linear
2368,9_epo,46.0,87.14629383095203,linear
2369,9_epo,47.0,87.11912790625773,linear
2370,9_epo,48.0,87.09196198156341,linear
2371,9_epo,49.0,87.06479605686911,linear
2372,9_epo,50.0,87.0376301321748,linear
2373,9_epo,51.0,87.0104642074805,linear
2374,9_epo,52.0,86.9832982827862,linear
2375,9_epo,53.0,86.95613235809188,linear
2376,9_epo,54.0,86.92896643339758,linear
2377,9_epo,55.00000000000001,86.90180050870327,linear
2378,9_epo,56.00000000000001,86.87463458400897,linear
2379,9_epo,56.99999999999999,86.84746865931467,linear
2380,9_epo,57.99999999999999,86.82030273462036,linear
2381,9_epo,59.0,86.79313680992605,linear
2382,9_epo,60.0,86.76597088523175,linear
2383,9_epo,61.0,86.73880496053745,linear
2384,9_epo,62.0,86.71163903584313,linear
2385,9_epo,63.0,86.68447311114882,linear
2386,9_epo,64.0,86.65730718645452,linear
2387,9_epo,65.0,86.63014126176022,linear
2388,9_epo,66.0,86.60297533706591,linear
2389,9_epo,67.0,86.57580941237161,linear
2390,9_epo,68.0,86.5486434876773,linear
2391,9_epo,69.0,86.521477562983,linear
2392,9_epo,70.0,86.49431163828869,linear
2393,9_epo,71.0,86.46714571359439,linear
2394,9_epo,72.0,86.43997978890009,linear
2395,9_epo,73.0,86.41281386420577,linear
2396,9_epo,74.0,86.38564793951146,linear
2397,9_epo,75.0,86.35848201481716,linear
2398,9_epo,76.0,86.33131609012285,linear
2399,9_epo,77.0,86.30415016542855,linear
2400,9_epo,78.0,86.27698424073424,linear
2401,9_epo,79.0,86.24981831603993,linear
2402,9_epo,80.0,86.22265239134563,linear
2403,9_epo,81.0,86.19548646665133,linear
2404,9_epo,82.0,86.16832054195703,linear
2405,9_epo,83.0,86.14115461726271,linear
2406,9_epo,84.0,86.11398869256841,linear
2407,9_epo,85.0,86.08682276787411,linear
2408,9_epo,86.0,86.05965684317981,linear
2409,9_epo,87.0,86.0324909184855,linear
2410,9_epo,88.0,86.00532499379118,linear
2411,9_epo,89.0,85.97815906909688,linear
2412,9_epo,90.0,85.95099314440257,linear
2413,9_epo,91.0,85.92382721970827,linear
2414,9_epo,92.0,85.89666129501397,linear
2415,9_epo,93.0,85.86949537031965,linear
2416,9_epo,94.0,85.84232944562535,linear
2417,9_epo,95.0,85.81516352093105,linear
