,participant,contrast,mrt,name
0,0_epo,3.0,10.656390237886114,pieron
1,0_epo,4.0,10.508791683446491,pieron
2,0_epo,5.0,10.39571466181167,pieron
3,0_epo,6.0,10.304227812513773,pieron
4,0_epo,7.000000000000001,10.227505202048862,pieron
5,0_epo,8.0,10.161506957159167,pieron
6,0_epo,9.0,10.103645976676194,pieron
7,0_epo,10.0,10.052166799256234,pieron
8,0_epo,11.0,10.005824210712598,pieron
9,0_epo,12.0,9.963703321852499,pieron
10,0_epo,13.0,9.925112458777928,pieron
11,0_epo,14.000000000000002,9.8895161685151,pieron
12,0_epo,15.0,9.856491576675099,pieron
13,0_epo,16.0,9.825698971942126,pieron
14,0_epo,17.0,9.796861396505115,pieron
15,0_epo,18.0,9.769750127066656,pieron
16,0_epo,19.0,9.744174119247544,pieron
17,0_epo,20.0,9.719972185390853,pieron
18,0_epo,21.0,9.697007098964331,pieron
19,0_epo,22.0,9.675161083402724,pieron
20,0_epo,23.0,9.654332313145465,pieron
21,0_epo,24.0,9.63443216631249,pieron
22,0_epo,25.0,9.615383043441394,pieron
23,0_epo,26.0,9.597116618014704,pieron
24,0_epo,27.0,9.579572420224656,pieron
25,0_epo,28.000000000000004,9.562696680685034,pieron
26,0_epo,28.999999999999996,9.546441378926486,pieron
27,0_epo,30.0,9.530763454692162,pieron
28,0_epo,31.0,9.515624149752691,pieron
29,0_epo,32.0,9.500988455182368,pieron
30,0_epo,33.0,9.486824644472636,pieron
31,0_epo,34.0,9.473103876987484,pieron
32,0_epo,35.0,9.45979985943085,pieron
33,0_epo,36.0,9.446888555443882,pieron
34,0_epo,37.0,9.434347935358023,pieron
35,0_epo,38.0,9.422157759628444,pieron
36,0_epo,39.0,9.410299390657702,pieron
37,0_epo,40.0,9.398755628663297,pieron
38,0_epo,41.0,9.387510567999113,pieron
39,0_epo,42.0,9.376549470950374,pieron
40,0_epo,43.0,9.365858656515906,pieron
41,0_epo,44.0,9.35542540209428,pieron
42,0_epo,45.0,9.345237856320372,pieron
43,0_epo,46.0,9.335284961570409,pieron
44,0_epo,47.0,9.325556384878201,pieron
45,0_epo,48.0,9.316042456191765,pieron
46,0_epo,49.0,9.306734113055137,pieron
47,0_epo,50.0,9.297622850930455,pieron
48,0_epo,51.0,9.288700678484958,pieron
49,0_epo,52.0,9.2799600772599,pieron
50,0_epo,53.0,9.27139396521669,pieron
51,0_epo,54.0,9.262995663722025,pieron
52,0_epo,55.00000000000001,9.254758867590418,pieron
53,0_epo,56.00000000000001,9.246677617851043,pieron
54,0_epo,56.99999999999999,9.238746276947287,pieron
55,0_epo,57.99999999999999,9.23095950611319,pieron
56,0_epo,59.0,9.223312244701757,pieron
57,0_epo,60.0,9.21579969126675,pieron
58,0_epo,61.0,9.208417286222716,pieron
59,0_epo,62.0,9.201160695928083,pieron
60,0_epo,63.0,9.1940257980536,pieron
61,0_epo,64.0,9.187008668113746,pieron
62,0_epo,65.0,9.180105567052076,pieron
63,0_epo,66.0,9.173312929783188,pieron
64,0_epo,67.0,9.166627354604337,pieron
65,0_epo,68.0,9.160045593398783,pieron
66,0_epo,69.0,9.153564542560968,pieron
67,0_epo,70.0,9.14718123458074,pieron
68,0_epo,71.0,9.140892830230074,pieron
69,0_epo,72.0,9.134696611301335,pieron
70,0_epo,73.0,9.128589973851097,pieron
71,0_epo,74.0,9.122570421907906,pieron
72,0_epo,75.0,9.116635561606337,pieron
73,0_epo,76.0,9.110783095713192,pieron
74,0_epo,77.0,9.105010818514861,pieron
75,0_epo,78.0,9.099316611037645,pieron
76,0_epo,79.0,9.093698436575398,pieron
77,0_epo,80.0,9.088154336501105,pieron
78,0_epo,81.0,9.082682426341101,pieron
79,0_epo,82.0,9.077280892092382,pieron
80,0_epo,83.0,9.071947986765252,pieron
81,0_epo,84.0,9.06668202713493,pieron
82,0_epo,85.0,9.06148139068723,pieron
83,0_epo,86.0,9.056344512744511,pieron
84,0_epo,87.0,9.051269883759351,pieron
85,0_epo,88.0,9.04625604676434,pieron
86,0_epo,89.0,9.041301594967296,pieron
87,0_epo,90.0,9.03640516948213,pieron
88,0_epo,91.0,9.03156545718624,pieron
89,0_epo,92.0,9.026781188696123,pieron
90,0_epo,93.0,9.022051136453426,pieron
91,0_epo,94.0,9.017374112914343,pieron
92,0_epo,95.0,9.0127489688357,pieron
93,10_epo,3.0,8.39458387942703,pieron
94,10_epo,4.0,8.394583480578406,pieron
95,10_epo,5.0,8.394583171207392,pieron
96,10_epo,6.0,8.394582918432876,pieron
97,10_epo,7.000000000000001,8.394582704715074,pieron
98,10_epo,8.0,8.394582519584297,pieron
99,10_epo,9.0,8.394582356287383,pieron
100,10_epo,10.0,8.394582210213319,pieron
101,10_epo,11.0,8.394582078073256,pieron
102,10_epo,12.0,8.394581957438831,pieron
103,10_epo,13.0,8.39458184646592,pieron
104,10_epo,14.000000000000002,8.394581743721055,pieron
105,10_epo,15.0,8.394581648067874,pieron
106,10_epo,16.0,8.394581558590298,pieron
107,10_epo,17.0,8.394581474539038,pieron
108,10_epo,18.0,8.394581395293402,pieron
109,10_epo,19.0,8.394581320333463,pieron
110,10_epo,20.0,8.394581249219355,pieron
111,10_epo,21.0,8.39458118157564,pieron
112,10_epo,22.0,8.394581117079309,pieron
113,10_epo,23.0,8.394581055450447,pieron
114,10_epo,24.0,8.394580996444898,pieron
115,10_epo,25.0,8.394580939848424,pieron
116,10_epo,26.0,8.394580885471997,pieron
117,10_epo,27.0,8.394580833148012,pieron
118,10_epo,28.000000000000004,8.394580782727145,pieron
119,10_epo,28.999999999999996,8.3945807340758,pieron
120,10_epo,30.0,8.394580687073974,pieron
121,10_epo,31.0,8.394580641613475,pieron
122,10_epo,32.0,8.394580597596413,pieron
123,10_epo,33.0,8.394580554933937,pieron
124,10_epo,34.0,8.39458051354516,pieron
125,10_epo,35.0,8.39458047335623,pieron
126,10_epo,36.0,8.394580434299534,pieron
127,10_epo,37.0,8.39458039631302,pieron
128,10_epo,38.0,8.394580359339603,pieron
129,10_epo,39.0,8.394580323326643,pieron
130,10_epo,40.0,8.394580288225502,pieron
131,10_epo,41.0,8.394580253991146,pieron
132,10_epo,42.0,8.394580220581794,pieron
133,10_epo,43.0,8.394580187958619,pieron
134,10_epo,44.0,8.39458015608547,pieron
135,10_epo,45.0,8.39458012492863,pieron
136,10_epo,46.0,8.394580094456614,pieron
137,10_epo,47.0,8.39458006463996,pieron
138,10_epo,48.0,8.394580035451073,pieron
139,10_epo,49.0,8.394580006864063,pieron
140,10_epo,50.0,8.394579978854605,pieron
141,10_epo,51.0,8.394579951399828,pieron
142,10_epo,52.0,8.394579924478188,pieron
143,10_epo,53.0,8.394579898069372,pieron
144,10_epo,54.0,8.394579872154205,pieron
145,10_epo,55.00000000000001,8.394579846714578,pieron
146,10_epo,56.00000000000001,8.394579821733343,pieron
147,10_epo,56.99999999999999,8.394579797194282,pieron
148,10_epo,57.99999999999999,8.394579773082006,pieron
149,10_epo,59.0,8.394579749381926,pieron
150,10_epo,60.0,8.394579726080186,pieron
151,10_epo,61.0,8.394579703163616,pieron
152,10_epo,62.0,8.394579680619692,pieron
153,10_epo,63.0,8.394579658436484,pieron
154,10_epo,64.0,8.39457963660263,pieron
155,10_epo,65.0,8.394579615107302,pieron
156,10_epo,66.0,8.394579593940161,pieron
157,10_epo,67.0,8.394579573091336,pieron
158,10_epo,68.0,8.394579552551392,pieron
159,10_epo,69.0,8.394579532311312,pieron
160,10_epo,70.0,8.394579512362466,pieron
161,10_epo,71.0,8.394579492696591,pieron
162,10_epo,72.0,8.394579473305773,pieron
163,10_epo,73.0,8.394579454182423,pieron
164,10_epo,74.0,8.394579435319264,pieron
165,10_epo,75.0,8.394579416709309,pieron
166,10_epo,76.0,8.394579398345853,pieron
167,10_epo,77.0,8.394579380222444,pieron
168,10_epo,78.0,8.394579362332896,pieron
169,10_epo,79.0,8.394579344671246,pieron
170,10_epo,80.0,8.394579327231758,pieron
171,10_epo,81.0,8.394579310008918,pieron
172,10_epo,82.0,8.394579292997406,pieron
173,10_epo,83.0,8.3945792761921,pieron
174,10_epo,84.0,8.39457925958806,pieron
175,10_epo,85.0,8.39457924318052,pieron
176,10_epo,86.0,8.394579226964888,pieron
177,10_epo,87.0,8.394579210936724,pieron
178,10_epo,88.0,8.394579195091742,pieron
179,10_epo,89.0,8.394579179425802,pieron
180,10_epo,90.0,8.394579163934907,pieron
181,10_epo,91.0,8.394579148615184,pieron
182,10_epo,92.0,8.394579133462894,pieron
183,10_epo,93.0,8.394579118474415,pieron
184,10_epo,94.0,8.394579103646244,pieron
185,10_epo,95.0,8.394579088974986,pieron
186,11_epo,3.0,8.65257302825922,pieron
187,11_epo,4.0,8.652570861095352,pieron
188,11_epo,5.0,8.652569180112838,pieron
189,11_epo,6.0,8.652567806650358,pieron
190,11_epo,7.000000000000001,8.65256664540455,pieron
191,11_epo,8.0,8.6525656394878,pieron
192,11_epo,9.0,8.652564752206445,pieron
193,11_epo,10.0,8.6525639585063,pieron
194,11_epo,11.0,8.652563240517248,pieron
195,11_epo,12.0,8.65256258504465,pieron
196,11_epo,13.0,8.652561982068356,pieron
197,11_epo,14.000000000000002,8.652561423799542,pieron
198,11_epo,15.0,8.652560904063742,pieron
199,11_epo,16.0,8.6525604178834,pieron
200,11_epo,17.0,8.652559961187192,pieron
201,11_epo,18.0,8.652559530602579,pieron
202,11_epo,19.0,8.652559123304494,pieron
203,11_epo,20.0,8.652558736902913,pieron
204,11_epo,21.0,8.65255836935788,pieron
205,11_epo,22.0,8.652558018914295,pieron
206,11_epo,23.0,8.652557684051244,pieron
207,11_epo,24.0,8.652557363442092,pieron
208,11_epo,25.0,8.652557055922754,pieron
209,11_epo,26.0,8.652556760466162,pieron
210,11_epo,27.0,8.652556476161584,pieron
211,11_epo,28.000000000000004,8.652556202197685,pieron
212,11_epo,28.999999999999996,8.65255593784857,pieron
213,11_epo,30.0,8.6525556824622,pieron
214,11_epo,31.0,8.652555435450685,pieron
215,11_epo,32.0,8.652555196282151,pieron
216,11_epo,33.0,8.652554964473836,pieron
217,11_epo,34.0,8.65255473958622,pieron
218,11_epo,35.0,8.652554521218018,pieron
219,11_epo,36.0,8.652554309001864,pieron
220,11_epo,37.0,8.652554102600595,pieron
221,11_epo,38.0,8.652553901704023,pieron
222,11_epo,39.0,8.652553706026145,pieron
223,11_epo,40.0,8.652553515302678,pieron
224,11_epo,41.0,8.65255332928892,pieron
225,11_epo,42.0,8.652553147757866,pieron
226,11_epo,43.0,8.652552970498531,pieron
227,11_epo,44.0,8.652552797314494,pieron
228,11_epo,45.0,8.652552628022564,pieron
229,11_epo,46.0,8.652552462451641,pieron
230,11_epo,47.0,8.65255230044167,pieron
231,11_epo,48.0,8.652552141842687,pieron
232,11_epo,49.0,8.652551986514023,pieron
233,11_epo,50.0,8.652551834323534,pieron
234,11_epo,51.0,8.652551685146916,pieron
235,11_epo,52.0,8.652551538867119,pieron
236,11_epo,53.0,8.652551395373777,pieron
237,11_epo,54.0,8.652551254562715,pieron
238,11_epo,55.00000000000001,8.652551116335486,pieron
239,11_epo,56.00000000000001,8.65255098059898,pieron
240,11_epo,56.99999999999999,8.652550847265017,pieron
241,11_epo,57.99999999999999,8.652550716250026,pieron
242,11_epo,59.0,8.65255058747472,pieron
243,11_epo,60.0,8.652550460863807,pieron
244,11_epo,61.0,8.652550336345737,pieron
245,11_epo,62.0,8.652550213852443,pieron
246,11_epo,63.0,8.652550093319125,pieron
247,11_epo,64.0,8.652549974684051,pieron
248,11_epo,65.0,8.652549857888356,pieron
249,11_epo,66.0,8.652549742875877,pieron
250,11_epo,67.0,8.65254962959297,pieron
251,11_epo,68.0,8.652549517988396,pieron
252,11_epo,69.0,8.652549408013144,pieron
253,11_epo,70.0,8.652549299620325,pieron
254,11_epo,71.0,8.652549192765047,pieron
255,11_epo,72.0,8.652549087404301,pieron
256,11_epo,73.0,8.652548983496853,pieron
257,11_epo,74.0,8.652548881003156,pieron
258,11_epo,75.0,8.652548779885255,pieron
259,11_epo,76.0,8.652548680106706,pieron
260,11_epo,77.0,8.65254858163249,pieron
261,11_epo,78.0,8.652548484428946,pieron
262,11_epo,79.0,8.6525483884637,pieron
263,11_epo,80.0,8.652548293705594,pieron
264,11_epo,81.0,8.652548200124642,pieron
265,11_epo,82.0,8.652548107691949,pieron
266,11_epo,83.0,8.652548016379683,pieron
267,11_epo,84.0,8.652547926161004,pieron
268,11_epo,85.0,8.652547837010028,pieron
269,11_epo,86.0,8.652547748901778,pieron
270,11_epo,87.0,8.652547661812141,pieron
271,11_epo,88.0,8.652547575717842,pieron
272,11_epo,89.0,8.65254749059638,pieron
273,11_epo,90.0,8.652547406426017,pieron
274,11_epo,91.0,8.652547323185729,pieron
275,11_epo,92.0,8.652547240855194,pieron
276,11_epo,93.0,8.652547159414736,pieron
277,11_epo,94.0,8.652547078845318,pieron
278,11_epo,95.0,8.652546999128502,pieron
279,12_epo,3.0,8.592344874100288,pieron
280,12_epo,4.0,8.592344874100288,pieron
281,12_epo,5.0,8.592344874100288,pieron
282,12_epo,6.0,8.592344874100288,pieron
283,12_epo,7.000000000000001,8.592344874100288,pieron
284,12_epo,8.0,8.592344874100288,pieron
285,12_epo,9.0,8.592344874100288,pieron
286,12_epo,10.0,8.592344874100288,pieron
287,12_epo,11.0,8.592344874100288,pieron
288,12_epo,12.0,8.592344874100288,pieron
289,12_epo,13.0,8.592344874100288,pieron
290,12_epo,14.000000000000002,8.592344874100288,pieron
291,12_epo,15.0,8.592344874100288,pieron
292,12_epo,16.0,8.592344874100288,pieron
293,12_epo,17.0,8.592344874100288,pieron
294,12_epo,18.0,8.592344874100288,pieron
295,12_epo,19.0,8.592344874100288,pieron
296,12_epo,20.0,8.592344874100288,pieron
297,12_epo,21.0,8.592344874100288,pieron
298,12_epo,22.0,8.592344874100288,pieron
299,12_epo,23.0,8.592344874100288,pieron
300,12_epo,24.0,8.592344874100288,pieron
301,12_epo,25.0,8.592344874100288,pieron
302,12_epo,26.0,8.592344874100288,pieron
303,12_epo,27.0,8.592344874100288,pieron
304,12_epo,28.000000000000004,8.592344874100288,pieron
305,12_epo,28.999999999999996,8.592344874100288,pieron
306,12_epo,30.0,8.592344874100288,pieron
307,12_epo,31.0,8.592344874100288,pieron
308,12_epo,32.0,8.592344874100288,pieron
309,12_epo,33.0,8.592344874100288,pieron
310,12_epo,34.0,8.592344874100288,pieron
311,12_epo,35.0,8.592344874100288,pieron
312,12_epo,36.0,8.592344874100288,pieron
313,12_epo,37.0,8.592344874100288,pieron
314,12_epo,38.0,8.592344874100288,pieron
315,12_epo,39.0,8.592344874100288,pieron
316,12_epo,40.0,8.592344874100288,pieron
317,12_epo,41.0,8.592344874100288,pieron
318,12_epo,42.0,8.592344874100288,pieron
319,12_epo,43.0,8.592344874100288,pieron
320,12_epo,44.0,8.592344874100288,pieron
321,12_epo,45.0,8.592344874100288,pieron
322,12_epo,46.0,8.592344874100288,pieron
323,12_epo,47.0,8.592344874100288,pieron
324,12_epo,48.0,8.592344874100288,pieron
325,12_epo,49.0,8.592344874100288,pieron
326,12_epo,50.0,8.592344874100288,pieron
327,12_epo,51.0,8.592344874100288,pieron
328,12_epo,52.0,8.592344874100288,pieron
329,12_epo,53.0,8.592344874100288,pieron
330,12_epo,54.0,8.592344874100288,pieron
331,12_epo,55.00000000000001,8.592344874100288,pieron
332,12_epo,56.00000000000001,8.592344874100288,pieron
333,12_epo,56.99999999999999,8.592344874100288,pieron
334,12_epo,57.99999999999999,8.592344874100288,pieron
335,12_epo,59.0,8.592344874100288,pieron
336,12_epo,60.0,8.592344874100288,pieron
337,12_epo,61.0,8.592344874100288,pieron
338,12_epo,62.0,8.592344874100288,pieron
339,12_epo,63.0,8.592344874100288,pieron
340,12_epo,64.0,8.592344874100288,pieron
341,12_epo,65.0,8.592344874100288,pieron
342,12_epo,66.0,8.592344874100288,pieron
343,12_epo,67.0,8.592344874100288,pieron
344,12_epo,68.0,8.592344874100288,pieron
345,12_epo,69.0,8.592344874100288,pieron
346,12_epo,70.0,8.592344874100288,pieron
347,12_epo,71.0,8.592344874100288,pieron
348,12_epo,72.0,8.592344874100288,pieron
349,12_epo,73.0,8.592344874100288,pieron
350,12_epo,74.0,8.592344874100288,pieron
351,12_epo,75.0,8.592344874100288,pieron
352,12_epo,76.0,8.592344874100288,pieron
353,12_epo,77.0,8.592344874100288,pieron
354,12_epo,78.0,8.592344874100288,pieron
355,12_epo,79.0,8.592344874100288,pieron
356,12_epo,80.0,8.592344874100288,pieron
357,12_epo,81.0,8.592344874100288,pieron
358,12_epo,82.0,8.592344874100288,pieron
359,12_epo,83.0,8.592344874100288,pieron
360,12_epo,84.0,8.592344874100288,pieron
361,12_epo,85.0,8.592344874100288,pieron
362,12_epo,86.0,8.592344874100288,pieron
363,12_epo,87.0,8.592344874100288,pieron
364,12_epo,88.0,8.592344874100288,pieron
365,12_epo,89.0,8.592344874100288,pieron
366,12_epo,90.0,8.592344874100288,pieron
367,12_epo,91.0,8.592344874100288,pieron
368,12_epo,92.0,8.592344874100288,pieron
369,12_epo,93.0,8.592344874100288,pieron
370,12_epo,94.0,8.592344874100288,pieron
371,12_epo,95.0,8.592344874100288,pieron
372,13_epo,3.0,7.4344758062920775,pieron
373,13_epo,4.0,7.4344758062920775,pieron
374,13_epo,5.0,7.4344758062920775,pieron
375,13_epo,6.0,7.4344758062920775,pieron
376,13_epo,7.000000000000001,7.4344758062920775,pieron
377,13_epo,8.0,7.4344758062920775,pieron
378,13_epo,9.0,7.4344758062920775,pieron
379,13_epo,10.0,7.4344758062920775,pieron
380,13_epo,11.0,7.4344758062920775,pieron
381,13_epo,12.0,7.4344758062920775,pieron
382,13_epo,13.0,7.4344758062920775,pieron
383,13_epo,14.000000000000002,7.4344758062920775,pieron
384,13_epo,15.0,7.4344758062920775,pieron
385,13_epo,16.0,7.4344758062920775,pieron
386,13_epo,17.0,7.4344758062920775,pieron
387,13_epo,18.0,7.4344758062920775,pieron
388,13_epo,19.0,7.4344758062920775,pieron
389,13_epo,20.0,7.4344758062920775,pieron
390,13_epo,21.0,7.4344758062920775,pieron
391,13_epo,22.0,7.4344758062920775,pieron
392,13_epo,23.0,7.434475806292076,pieron
393,13_epo,24.0,7.434475806292076,pieron
394,13_epo,25.0,7.434475806292076,pieron
395,13_epo,26.0,7.434475806292076,pieron
396,13_epo,27.0,7.434475806292076,pieron
397,13_epo,28.000000000000004,7.434475806292076,pieron
398,13_epo,28.999999999999996,7.434475806292076,pieron
399,13_epo,30.0,7.434475806292076,pieron
400,13_epo,31.0,7.434475806292076,pieron
401,13_epo,32.0,7.434475806292076,pieron
402,13_epo,33.0,7.434475806292076,pieron
403,13_epo,34.0,7.434475806292076,pieron
404,13_epo,35.0,7.434475806292076,pieron
405,13_epo,36.0,7.434475806292076,pieron
406,13_epo,37.0,7.434475806292076,pieron
407,13_epo,38.0,7.434475806292076,pieron
408,13_epo,39.0,7.434475806292076,pieron
409,13_epo,40.0,7.434475806292076,pieron
410,13_epo,41.0,7.434475806292076,pieron
411,13_epo,42.0,7.434475806292076,pieron
412,13_epo,43.0,7.434475806292076,pieron
413,13_epo,44.0,7.434475806292076,pieron
414,13_epo,45.0,7.434475806292076,pieron
415,13_epo,46.0,7.434475806292076,pieron
416,13_epo,47.0,7.434475806292076,pieron
417,13_epo,48.0,7.434475806292076,pieron
418,13_epo,49.0,7.434475806292076,pieron
419,13_epo,50.0,7.434475806292076,pieron
420,13_epo,51.0,7.434475806292076,pieron
421,13_epo,52.0,7.434475806292076,pieron
422,13_epo,53.0,7.434475806292076,pieron
423,13_epo,54.0,7.434475806292076,pieron
424,13_epo,55.00000000000001,7.434475806292076,pieron
425,13_epo,56.00000000000001,7.434475806292076,pieron
426,13_epo,56.99999999999999,7.434475806292076,pieron
427,13_epo,57.99999999999999,7.434475806292076,pieron
428,13_epo,59.0,7.434475806292076,pieron
429,13_epo,60.0,7.434475806292076,pieron
430,13_epo,61.0,7.434475806292076,pieron
431,13_epo,62.0,7.434475806292076,pieron
432,13_epo,63.0,7.434475806292076,pieron
433,13_epo,64.0,7.434475806292076,pieron
434,13_epo,65.0,7.434475806292076,pieron
435,13_epo,66.0,7.434475806292076,pieron
436,13_epo,67.0,7.434475806292076,pieron
437,13_epo,68.0,7.434475806292076,pieron
438,13_epo,69.0,7.434475806292076,pieron
439,13_epo,70.0,7.434475806292076,pieron
440,13_epo,71.0,7.434475806292076,pieron
441,13_epo,72.0,7.434475806292076,pieron
442,13_epo,73.0,7.434475806292076,pieron
443,13_epo,74.0,7.434475806292076,pieron
444,13_epo,75.0,7.434475806292076,pieron
445,13_epo,76.0,7.434475806292076,pieron
446,13_epo,77.0,7.434475806292076,pieron
447,13_epo,78.0,7.434475806292076,pieron
448,13_epo,79.0,7.434475806292076,pieron
449,13_epo,80.0,7.434475806292076,pieron
450,13_epo,81.0,7.434475806292076,pieron
451,13_epo,82.0,7.434475806292076,pieron
452,13_epo,83.0,7.434475806292076,pieron
453,13_epo,84.0,7.434475806292076,pieron
454,13_epo,85.0,7.434475806292076,pieron
455,13_epo,86.0,7.434475806292076,pieron
456,13_epo,87.0,7.434475806292076,pieron
457,13_epo,88.0,7.434475806292076,pieron
458,13_epo,89.0,7.434475806292076,pieron
459,13_epo,90.0,7.434475806292076,pieron
460,13_epo,91.0,7.434475806292076,pieron
461,13_epo,92.0,7.434475806292076,pieron
462,13_epo,93.0,7.434475806292076,pieron
463,13_epo,94.0,7.434475806292076,pieron
464,13_epo,95.0,7.434475806292076,pieron
465,14_epo,3.0,8.042279411762866,pieron
466,14_epo,4.0,8.042279411762866,pieron
467,14_epo,5.0,8.042279411762866,pieron
468,14_epo,6.0,8.042279411762866,pieron
469,14_epo,7.000000000000001,8.042279411762866,pieron
470,14_epo,8.0,8.042279411762866,pieron
471,14_epo,9.0,8.042279411762866,pieron
472,14_epo,10.0,8.042279411762866,pieron
473,14_epo,11.0,8.042279411762866,pieron
474,14_epo,12.0,8.042279411762866,pieron
475,14_epo,13.0,8.042279411762866,pieron
476,14_epo,14.000000000000002,8.042279411762866,pieron
477,14_epo,15.0,8.042279411762866,pieron
478,14_epo,16.0,8.042279411762866,pieron
479,14_epo,17.0,8.042279411762866,pieron
480,14_epo,18.0,8.042279411762866,pieron
481,14_epo,19.0,8.042279411762866,pieron
482,14_epo,20.0,8.042279411762866,pieron
483,14_epo,21.0,8.042279411762866,pieron
484,14_epo,22.0,8.042279411762866,pieron
485,14_epo,23.0,8.042279411762866,pieron
486,14_epo,24.0,8.042279411762866,pieron
487,14_epo,25.0,8.042279411762866,pieron
488,14_epo,26.0,8.042279411762866,pieron
489,14_epo,27.0,8.042279411762866,pieron
490,14_epo,28.000000000000004,8.042279411762866,pieron
491,14_epo,28.999999999999996,8.042279411762866,pieron
492,14_epo,30.0,8.042279411762866,pieron
493,14_epo,31.0,8.042279411762866,pieron
494,14_epo,32.0,8.042279411762866,pieron
495,14_epo,33.0,8.042279411762866,pieron
496,14_epo,34.0,8.042279411762866,pieron
497,14_epo,35.0,8.042279411762866,pieron
498,14_epo,36.0,8.042279411762866,pieron
499,14_epo,37.0,8.042279411762866,pieron
500,14_epo,38.0,8.042279411762866,pieron
501,14_epo,39.0,8.042279411762866,pieron
502,14_epo,40.0,8.042279411762866,pieron
503,14_epo,41.0,8.042279411762866,pieron
504,14_epo,42.0,8.042279411762866,pieron
505,14_epo,43.0,8.042279411762866,pieron
506,14_epo,44.0,8.042279411762866,pieron
507,14_epo,45.0,8.042279411762866,pieron
508,14_epo,46.0,8.042279411762866,pieron
509,14_epo,47.0,8.042279411762866,pieron
510,14_epo,48.0,8.042279411762866,pieron
511,14_epo,49.0,8.042279411762866,pieron
512,14_epo,50.0,8.042279411762866,pieron
513,14_epo,51.0,8.042279411762866,pieron
514,14_epo,52.0,8.042279411762866,pieron
515,14_epo,53.0,8.042279411762866,pieron
516,14_epo,54.0,8.042279411762866,pieron
517,14_epo,55.00000000000001,8.042279411762866,pieron
518,14_epo,56.00000000000001,8.042279411762866,pieron
519,14_epo,56.99999999999999,8.042279411762866,pieron
520,14_epo,57.99999999999999,8.042279411762866,pieron
521,14_epo,59.0,8.042279411762866,pieron
522,14_epo,60.0,8.042279411762866,pieron
523,14_epo,61.0,8.042279411762866,pieron
524,14_epo,62.0,8.042279411762866,pieron
525,14_epo,63.0,8.042279411762866,pieron
526,14_epo,64.0,8.042279411762866,pieron
527,14_epo,65.0,8.042279411762866,pieron
528,14_epo,66.0,8.042279411762866,pieron
529,14_epo,67.0,8.042279411762866,pieron
530,14_epo,68.0,8.042279411762866,pieron
531,14_epo,69.0,8.042279411762866,pieron
532,14_epo,70.0,8.042279411762866,pieron
533,14_epo,71.0,8.042279411762866,pieron
534,14_epo,72.0,8.042279411762866,pieron
535,14_epo,73.0,8.042279411762866,pieron
536,14_epo,74.0,8.042279411762866,pieron
537,14_epo,75.0,8.042279411762866,pieron
538,14_epo,76.0,8.042279411762866,pieron
539,14_epo,77.0,8.042279411762866,pieron
540,14_epo,78.0,8.042279411762866,pieron
541,14_epo,79.0,8.042279411762866,pieron
542,14_epo,80.0,8.042279411762866,pieron
543,14_epo,81.0,8.042279411762866,pieron
544,14_epo,82.0,8.042279411762866,pieron
545,14_epo,83.0,8.042279411762866,pieron
546,14_epo,84.0,8.042279411762866,pieron
547,14_epo,85.0,8.042279411762866,pieron
548,14_epo,86.0,8.042279411762866,pieron
549,14_epo,87.0,8.042279411762866,pieron
550,14_epo,88.0,8.042279411762866,pieron
551,14_epo,89.0,8.042279411762866,pieron
552,14_epo,90.0,8.042279411762866,pieron
553,14_epo,91.0,8.042279411762866,pieron
554,14_epo,92.0,8.042279411762866,pieron
555,14_epo,93.0,8.042279411762866,pieron
556,14_epo,94.0,8.042279411762866,pieron
557,14_epo,95.0,8.042279411762866,pieron
558,15_epo,3.0,8.152631282757643,pieron
559,15_epo,4.0,8.152631282755308,pieron
560,15_epo,5.0,8.1526312827535,pieron
561,15_epo,6.0,8.152631282752022,pieron
562,15_epo,7.000000000000001,8.152631282750773,pieron
563,15_epo,8.0,8.152631282749688,pieron
564,15_epo,9.0,8.152631282748734,pieron
565,15_epo,10.0,8.15263128274788,pieron
566,15_epo,11.0,8.152631282747107,pieron
567,15_epo,12.0,8.152631282746402,pieron
568,15_epo,13.0,8.152631282745753,pieron
569,15_epo,14.000000000000002,8.152631282745151,pieron
570,15_epo,15.0,8.152631282744593,pieron
571,15_epo,16.0,8.152631282744068,pieron
572,15_epo,17.0,8.15263128274358,pieron
573,15_epo,18.0,8.152631282743114,pieron
574,15_epo,19.0,8.152631282742677,pieron
575,15_epo,20.0,8.152631282742261,pieron
576,15_epo,21.0,8.152631282741865,pieron
577,15_epo,22.0,8.152631282741487,pieron
578,15_epo,23.0,8.152631282741128,pieron
579,15_epo,24.0,8.152631282740783,pieron
580,15_epo,25.0,8.152631282740451,pieron
581,15_epo,26.0,8.152631282740133,pieron
582,15_epo,27.0,8.152631282739828,pieron
583,15_epo,28.000000000000004,8.152631282739533,pieron
584,15_epo,28.999999999999996,8.152631282739247,pieron
585,15_epo,30.0,8.152631282738973,pieron
586,15_epo,31.0,8.152631282738707,pieron
587,15_epo,32.0,8.152631282738449,pieron
588,15_epo,33.0,8.1526312827382,pieron
589,15_epo,34.0,8.152631282737959,pieron
590,15_epo,35.0,8.152631282737724,pieron
591,15_epo,36.0,8.152631282737495,pieron
592,15_epo,37.0,8.152631282737273,pieron
593,15_epo,38.0,8.152631282737056,pieron
594,15_epo,39.0,8.152631282736847,pieron
595,15_epo,40.0,8.152631282736643,pieron
596,15_epo,41.0,8.15263128273644,pieron
597,15_epo,42.0,8.152631282736245,pieron
598,15_epo,43.0,8.152631282736056,pieron
599,15_epo,44.0,8.152631282735868,pieron
600,15_epo,45.0,8.152631282735687,pieron
601,15_epo,46.0,8.152631282735507,pieron
602,15_epo,47.0,8.152631282735332,pieron
603,15_epo,48.0,8.152631282735163,pieron
604,15_epo,49.0,8.152631282734996,pieron
605,15_epo,50.0,8.15263128273483,pieron
606,15_epo,51.0,8.15263128273467,pieron
607,15_epo,52.0,8.152631282734514,pieron
608,15_epo,53.0,8.152631282734358,pieron
609,15_epo,54.0,8.152631282734209,pieron
610,15_epo,55.00000000000001,8.15263128273406,pieron
611,15_epo,56.00000000000001,8.152631282733914,pieron
612,15_epo,56.99999999999999,8.15263128273377,pieron
613,15_epo,57.99999999999999,8.152631282733628,pieron
614,15_epo,59.0,8.15263128273349,pieron
615,15_epo,60.0,8.152631282733354,pieron
616,15_epo,61.0,8.15263128273322,pieron
617,15_epo,62.0,8.152631282733088,pieron
618,15_epo,63.0,8.152631282732957,pieron
619,15_epo,64.0,8.15263128273283,pieron
620,15_epo,65.0,8.152631282732704,pieron
621,15_epo,66.0,8.152631282732582,pieron
622,15_epo,67.0,8.15263128273246,pieron
623,15_epo,68.0,8.152631282732338,pieron
624,15_epo,69.0,8.15263128273222,pieron
625,15_epo,70.0,8.152631282732104,pieron
626,15_epo,71.0,8.152631282731988,pieron
627,15_epo,72.0,8.152631282731875,pieron
628,15_epo,73.0,8.152631282731763,pieron
629,15_epo,74.0,8.152631282731654,pieron
630,15_epo,75.0,8.152631282731544,pieron
631,15_epo,76.0,8.152631282731438,pieron
632,15_epo,77.0,8.152631282731331,pieron
633,15_epo,78.0,8.152631282731226,pieron
634,15_epo,79.0,8.152631282731123,pieron
635,15_epo,80.0,8.15263128273102,pieron
636,15_epo,81.0,8.15263128273092,pieron
637,15_epo,82.0,8.152631282730821,pieron
638,15_epo,83.0,8.152631282730724,pieron
639,15_epo,84.0,8.152631282730626,pieron
640,15_epo,85.0,8.15263128273053,pieron
641,15_epo,86.0,8.152631282730434,pieron
642,15_epo,87.0,8.152631282730342,pieron
643,15_epo,88.0,8.15263128273025,pieron
644,15_epo,89.0,8.152631282730157,pieron
645,15_epo,90.0,8.152631282730066,pieron
646,15_epo,91.0,8.152631282729976,pieron
647,15_epo,92.0,8.152631282729887,pieron
648,15_epo,93.0,8.1526312827298,pieron
649,15_epo,94.0,8.152631282729713,pieron
650,15_epo,95.0,8.152631282729628,pieron
651,16_epo,3.0,9.882050575268753,pieron
652,16_epo,4.0,9.738795350006834,pieron
653,16_epo,5.0,9.629109651149315,pieron
654,16_epo,6.0,9.540407580215268,pieron
655,16_epo,7.000000000000001,9.46604883618902,pieron
656,16_epo,8.0,9.402104985365709,pieron
657,16_epo,9.0,9.346061142620178,pieron
658,16_epo,10.0,9.296211348731187,pieron
659,16_epo,11.0,9.251345816609529,pieron
660,16_epo,12.0,9.210575892458797,pieron
661,16_epo,13.0,9.173229878094608,pieron
662,16_epo,14.000000000000002,9.13878788451855,pieron
663,16_epo,15.0,9.106839401718815,pieron
664,16_epo,16.0,9.077054705310825,pieron
665,16_epo,17.0,9.0491650207153,pieron
666,16_epo,18.0,9.022948414507987,pieron
667,16_epo,19.0,8.998219538637311,pieron
668,16_epo,20.0,8.97482203143918,pieron
669,16_epo,21.0,8.95262279100865,pieron
670,16_epo,22.0,8.931507593865357,pieron
671,16_epo,23.0,8.911377697076572,pieron
672,16_epo,24.0,8.892147170595928,pieron
673,16_epo,25.0,8.873740779471031,pieron
674,16_epo,26.0,8.856092285446625,pieron
675,16_epo,27.0,8.83914307220789,pieron
676,16_epo,28.000000000000004,8.822841023060546,pieron
677,16_epo,28.999999999999996,8.80713959745993,pieron
678,16_epo,30.0,8.791997065608863,pieron
679,16_epo,31.0,8.777375869770953,pieron
680,16_epo,32.0,8.763242087963196,pieron
681,16_epo,33.0,8.749564980971028,pieron
682,16_epo,34.0,8.736316607639221,pieron
683,16_epo,35.0,8.72347149646684,pieron
684,16_epo,36.0,8.711006363911695,pieron
685,16_epo,37.0,8.69889987166296,pieron
686,16_epo,38.0,8.68713241659582,pieron
687,16_epo,39.0,8.675685948273022,pieron
688,16_epo,40.0,8.664543809774695,pieron
689,16_epo,41.0,8.653690598372052,pieron
690,16_epo,42.0,8.643112043152444,pieron
691,16_epo,43.0,8.632794897183048,pieron
692,16_epo,44.0,8.622726842191446,pieron
693,16_epo,45.0,8.612896404061548,pieron
694,16_epo,46.0,8.60329287770706,pieron
695,16_epo,47.0,8.593906260102493,pieron
696,16_epo,48.0,8.584727190432941,pieron
697,16_epo,49.0,8.57574689647467,pieron
698,16_epo,50.0,8.566957146445123,pieron
699,16_epo,51.0,8.5583502056672,pieron
700,16_epo,52.0,8.549918797482283,pieron
701,16_epo,53.0,8.54165606792252,pieron
702,16_epo,54.0,8.533555553717253,pieron
703,16_epo,55.00000000000001,8.525611153263593,pieron
704,16_epo,56.00000000000001,8.517817100238013,pieron
705,16_epo,56.99999999999999,8.5101679395662,pieron
706,16_epo,57.99999999999999,8.50265850550311,pieron
707,16_epo,59.0,8.495283901604996,pieron
708,16_epo,60.0,8.488039482401053,pieron
709,16_epo,61.0,8.480920836594734,pieron
710,16_epo,62.0,8.473923771644328,pieron
711,16_epo,63.0,8.467044299589226,pieron
712,16_epo,64.0,8.460278624003283,pieron
713,16_epo,65.0,8.453623127969502,pieron
714,16_epo,66.0,8.447074362981782,pieron
715,16_epo,67.0,8.44062903868934,pieron
716,16_epo,68.0,8.434284013408323,pieron
717,16_epo,69.0,8.428036285332853,pieron
718,16_epo,70.0,8.421882984384611,pieron
719,16_epo,71.0,8.415821364646192,pieron
720,16_epo,72.0,8.409848797328829,pieron
721,16_epo,73.0,8.40396276422988,pieron
722,16_epo,74.0,8.398160851639835,pieron
723,16_epo,75.0,8.39244074466223,pieron
724,16_epo,76.0,8.386800221913514,pieron
725,16_epo,77.0,8.381237150572723,pieron
726,16_epo,78.0,8.375749481753692,pieron
727,16_epo,79.0,8.370335246174976,pieron
728,16_epo,80.0,8.36499255010478,pieron
729,16_epo,81.0,8.359719571560259,pieron
730,16_epo,82.0,8.354514556742293,pieron
731,16_epo,83.0,8.349375816688498,pieron
732,16_epo,84.0,8.344301724128638,pieron
733,16_epo,85.0,8.339290710527917,pieron
734,16_epo,86.0,8.334341263304955,pieron
735,16_epo,87.0,8.32945192321212,pieron
736,16_epo,88.0,8.324621281867065,pieron
737,16_epo,89.0,8.319847979425095,pieron
738,16_epo,90.0,8.31513070238288,pieron
739,16_epo,91.0,8.310468181504708,pieron
740,16_epo,92.0,8.305859189863156,pieron
741,16_epo,93.0,8.301302540986772,pieron
742,16_epo,94.0,8.296797087107754,pieron
743,16_epo,95.0,8.29234171750328,pieron
744,17_epo,3.0,8.569149570502969,pieron
745,17_epo,4.0,8.569149570502969,pieron
746,17_epo,5.0,8.569149570502969,pieron
747,17_epo,6.0,8.569149570502969,pieron
748,17_epo,7.000000000000001,8.569149570502969,pieron
749,17_epo,8.0,8.569149570502969,pieron
750,17_epo,9.0,8.569149570502969,pieron
751,17_epo,10.0,8.569149570502969,pieron
752,17_epo,11.0,8.569149570502969,pieron
753,17_epo,12.0,8.569149570502969,pieron
754,17_epo,13.0,8.569149570502969,pieron
755,17_epo,14.000000000000002,8.569149570502969,pieron
756,17_epo,15.0,8.569149570502969,pieron
757,17_epo,16.0,8.569149570502969,pieron
758,17_epo,17.0,8.569149570502969,pieron
759,17_epo,18.0,8.569149570502969,pieron
760,17_epo,19.0,8.569149570502969,pieron
761,17_epo,20.0,8.569149570502969,pieron
762,17_epo,21.0,8.569149570502969,pieron
763,17_epo,22.0,8.569149570502969,pieron
764,17_epo,23.0,8.569149570502969,pieron
765,17_epo,24.0,8.569149570502969,pieron
766,17_epo,25.0,8.569149570502969,pieron
767,17_epo,26.0,8.569149570502969,pieron
768,17_epo,27.0,8.569149570502969,pieron
769,17_epo,28.000000000000004,8.569149570502969,pieron
770,17_epo,28.999999999999996,8.569149570502969,pieron
771,17_epo,30.0,8.569149570502969,pieron
772,17_epo,31.0,8.569149570502969,pieron
773,17_epo,32.0,8.569149570502969,pieron
774,17_epo,33.0,8.569149570502969,pieron
775,17_epo,34.0,8.569149570502969,pieron
776,17_epo,35.0,8.569149570502969,pieron
777,17_epo,36.0,8.569149570502969,pieron
778,17_epo,37.0,8.569149570502969,pieron
779,17_epo,38.0,8.569149570502969,pieron
780,17_epo,39.0,8.569149570502969,pieron
781,17_epo,40.0,8.569149570502969,pieron
782,17_epo,41.0,8.569149570502969,pieron
783,17_epo,42.0,8.569149570502969,pieron
784,17_epo,43.0,8.569149570502969,pieron
785,17_epo,44.0,8.569149570502969,pieron
786,17_epo,45.0,8.569149570502969,pieron
787,17_epo,46.0,8.569149570502969,pieron
788,17_epo,47.0,8.569149570502969,pieron
789,17_epo,48.0,8.569149570502969,pieron
790,17_epo,49.0,8.569149570502969,pieron
791,17_epo,50.0,8.569149570502969,pieron
792,17_epo,51.0,8.569149570502969,pieron
793,17_epo,52.0,8.569149570502969,pieron
794,17_epo,53.0,8.569149570502969,pieron
795,17_epo,54.0,8.569149570502969,pieron
796,17_epo,55.00000000000001,8.569149570502969,pieron
797,17_epo,56.00000000000001,8.569149570502969,pieron
798,17_epo,56.99999999999999,8.569149570502969,pieron
799,17_epo,57.99999999999999,8.569149570502969,pieron
800,17_epo,59.0,8.569149570502969,pieron
801,17_epo,60.0,8.569149570502969,pieron
802,17_epo,61.0,8.569149570502969,pieron
803,17_epo,62.0,8.569149570502969,pieron
804,17_epo,63.0,8.569149570502969,pieron
805,17_epo,64.0,8.569149570502969,pieron
806,17_epo,65.0,8.569149570502969,pieron
807,17_epo,66.0,8.569149570502969,pieron
808,17_epo,67.0,8.569149570502969,pieron
809,17_epo,68.0,8.569149570502969,pieron
810,17_epo,69.0,8.569149570502969,pieron
811,17_epo,70.0,8.569149570502969,pieron
812,17_epo,71.0,8.569149570502969,pieron
813,17_epo,72.0,8.569149570502969,pieron
814,17_epo,73.0,8.569149570502969,pieron
815,17_epo,74.0,8.569149570502969,pieron
816,17_epo,75.0,8.569149570502969,pieron
817,17_epo,76.0,8.569149570502969,pieron
818,17_epo,77.0,8.569149570502969,pieron
819,17_epo,78.0,8.569149570502969,pieron
820,17_epo,79.0,8.569149570502969,pieron
821,17_epo,80.0,8.569149570502969,pieron
822,17_epo,81.0,8.569149570502969,pieron
823,17_epo,82.0,8.569149570502969,pieron
824,17_epo,83.0,8.569149570502969,pieron
825,17_epo,84.0,8.569149570502969,pieron
826,17_epo,85.0,8.569149570502969,pieron
827,17_epo,86.0,8.569149570502969,pieron
828,17_epo,87.0,8.569149570502969,pieron
829,17_epo,88.0,8.569149570502969,pieron
830,17_epo,89.0,8.569149570502969,pieron
831,17_epo,90.0,8.569149570502969,pieron
832,17_epo,91.0,8.569149570502969,pieron
833,17_epo,92.0,8.569149570502969,pieron
834,17_epo,93.0,8.569149570502969,pieron
835,17_epo,94.0,8.569149570502969,pieron
836,17_epo,95.0,8.569149570502969,pieron
837,18_epo,3.0,9.654789450176091,pieron
838,18_epo,4.0,9.528744608593543,pieron
839,18_epo,5.0,9.432110950412838,pieron
840,18_epo,6.0,9.353883422086415,pieron
841,18_epo,7.000000000000001,9.288249379017188,pieron
842,18_epo,8.0,9.231766957485831,pieron
843,18_epo,9.0,9.182231098425614,pieron
844,18_epo,10.0,9.138145032540015,pieron
845,18_epo,11.0,9.098446706986934,pieron
846,18_epo,12.0,9.06235558274005,pieron
847,18_epo,13.0,9.029281404468733,pieron
848,18_epo,14.000000000000002,8.998767123296377,pieron
849,18_epo,15.0,8.970451705821706,pieron
850,18_epo,16.0,8.944045061346923,pieron
851,18_epo,17.0,8.919310641892636,pieron
852,18_epo,18.0,8.896053061805834,pieron
853,18_epo,19.0,8.874109095361678,pieron
854,18_epo,20.0,8.85334100444193,pieron
855,18_epo,21.0,8.833631508804004,pieron
856,18_epo,22.0,8.814879936886616,pieron
857,18_epo,23.0,8.796999239858595,pieron
858,18_epo,24.0,8.779913646785776,pieron
859,18_epo,25.0,8.763556802690013,pieron
860,18_epo,26.0,8.74787027500354,pieron
861,18_epo,27.0,8.732802344369787,pieron
862,18_epo,28.000000000000004,8.718307017278661,pieron
863,18_epo,28.999999999999996,8.704343213480035,pieron
864,18_epo,30.0,8.690874092358595,pieron
865,18_epo,31.0,8.677866490727427,pieron
866,18_epo,32.0,8.665290450658244,pieron
867,18_epo,33.0,8.653118820601499,pieron
868,18_epo,34.0,8.64132691657163,pieron
869,18_epo,35.0,8.629892232873342,pieron
870,18_epo,36.0,8.61879419393335,pieron
871,18_epo,37.0,8.608013940430203,pieron
872,18_epo,38.0,8.59753414419368,pieron
873,18_epo,39.0,8.58733884735692,pieron
874,18_epo,40.0,8.5774133220499,pieron
875,18_epo,41.0,8.56774394756861,pieron
876,18_epo,42.0,8.55831810247451,pieron
877,18_epo,43.0,8.549124069500932,pieron
878,18_epo,44.0,8.540150951486778,pieron
879,18_epo,45.0,8.531388596839767,pieron
880,18_epo,46.0,8.522827533263223,pieron
881,18_epo,47.0,8.514458908672305,pieron
882,18_epo,48.0,8.506274438384763,pieron
883,18_epo,49.0,8.498266357804312,pieron
884,18_epo,50.0,8.49042737992589,pieron
885,18_epo,51.0,8.482750657085676,pieron
886,18_epo,52.0,8.475229746457675,pieron
887,18_epo,53.0,8.467858578865531,pieron
888,18_epo,54.0,8.460631430535036,pieron
889,18_epo,55.00000000000001,8.453542897461139,pieron
890,18_epo,56.00000000000001,8.446587872104777,pieron
891,18_epo,56.99999999999999,8.439761522170267,pieron
892,18_epo,57.99999999999999,8.433059271244522,pieron
893,18_epo,59.0,8.426476781105764,pieron
894,18_epo,60.0,8.420009935532118,pieron
895,18_epo,61.0,8.413654825460226,pieron
896,18_epo,62.0,8.40740773536123,pieron
897,18_epo,63.0,8.401265130716354,pieron
898,18_epo,64.0,8.395223646487446,pieron
899,18_epo,65.0,8.389280076489236,pieron
900,18_epo,66.0,8.38343136358008,pieron
901,18_epo,67.0,8.37767459059681,pieron
902,18_epo,68.0,8.372006971967084,pieron
903,18_epo,69.0,8.366425845939379,pieron
904,18_epo,70.0,8.360928667376996,pieron
905,18_epo,71.0,8.35551300106767,pieron
906,18_epo,72.0,8.350176515505206,pieron
907,18_epo,73.0,8.344916977103779,pieron
908,18_epo,74.0,8.339732244809362,pieron
909,18_epo,75.0,8.334620265075994,pieron
910,18_epo,76.0,8.32957906717773,pieron
911,18_epo,77.0,8.324606758829724,pieron
912,18_epo,78.0,8.319701522094354,pieron
913,18_epo,79.0,8.314861609550418,pieron
914,18_epo,80.0,8.310085340705424,pieron
915,18_epo,81.0,8.305371098632696,pieron
916,18_epo,82.0,8.300717326816644,pieron
917,18_epo,83.0,8.296122526190931,pieron
918,18_epo,84.0,8.291585252355587,pieron
919,18_epo,85.0,8.287104112960249,pieron
920,18_epo,86.0,8.282677765241809,pieron
921,18_epo,87.0,8.278304913705663,pieron
922,18_epo,88.0,8.273984307940626,pieron
923,18_epo,89.0,8.269714740558442,pieron
924,18_epo,90.0,8.26549504524939,pieron
925,18_epo,91.0,8.261324094946298,pieron
926,18_epo,92.0,8.257200800089795,pieron
927,18_epo,93.0,8.253124106988125,pieron
928,18_epo,94.0,8.24909299626552,pieron
929,18_epo,95.0,8.245106481393357,pieron
930,19_epo,3.0,8.243800492829973,pieron
931,19_epo,4.0,8.243800492829973,pieron
932,19_epo,5.0,8.243800492829973,pieron
933,19_epo,6.0,8.243800492829973,pieron
934,19_epo,7.000000000000001,8.243800492829973,pieron
935,19_epo,8.0,8.243800492829973,pieron
936,19_epo,9.0,8.243800492829973,pieron
937,19_epo,10.0,8.243800492829973,pieron
938,19_epo,11.0,8.243800492829973,pieron
939,19_epo,12.0,8.243800492829973,pieron
940,19_epo,13.0,8.243800492829973,pieron
941,19_epo,14.000000000000002,8.243800492829973,pieron
942,19_epo,15.0,8.243800492829973,pieron
943,19_epo,16.0,8.243800492829973,pieron
944,19_epo,17.0,8.243800492829973,pieron
945,19_epo,18.0,8.243800492829973,pieron
946,19_epo,19.0,8.243800492829973,pieron
947,19_epo,20.0,8.243800492829973,pieron
948,19_epo,21.0,8.243800492829973,pieron
949,19_epo,22.0,8.243800492829973,pieron
950,19_epo,23.0,8.243800492829973,pieron
951,19_epo,24.0,8.243800492829973,pieron
952,19_epo,25.0,8.243800492829973,pieron
953,19_epo,26.0,8.243800492829973,pieron
954,19_epo,27.0,8.243800492829973,pieron
955,19_epo,28.000000000000004,8.243800492829973,pieron
956,19_epo,28.999999999999996,8.243800492829973,pieron
957,19_epo,30.0,8.243800492829973,pieron
958,19_epo,31.0,8.243800492829973,pieron
959,19_epo,32.0,8.243800492829973,pieron
960,19_epo,33.0,8.243800492829973,pieron
961,19_epo,34.0,8.243800492829973,pieron
962,19_epo,35.0,8.243800492829973,pieron
963,19_epo,36.0,8.243800492829973,pieron
964,19_epo,37.0,8.243800492829973,pieron
965,19_epo,38.0,8.243800492829973,pieron
966,19_epo,39.0,8.243800492829973,pieron
967,19_epo,40.0,8.243800492829973,pieron
968,19_epo,41.0,8.243800492829973,pieron
969,19_epo,42.0,8.243800492829973,pieron
970,19_epo,43.0,8.243800492829973,pieron
971,19_epo,44.0,8.243800492829973,pieron
972,19_epo,45.0,8.243800492829973,pieron
973,19_epo,46.0,8.243800492829973,pieron
974,19_epo,47.0,8.243800492829973,pieron
975,19_epo,48.0,8.243800492829973,pieron
976,19_epo,49.0,8.243800492829973,pieron
977,19_epo,50.0,8.243800492829973,pieron
978,19_epo,51.0,8.243800492829973,pieron
979,19_epo,52.0,8.243800492829973,pieron
980,19_epo,53.0,8.243800492829973,pieron
981,19_epo,54.0,8.243800492829973,pieron
982,19_epo,55.00000000000001,8.243800492829973,pieron
983,19_epo,56.00000000000001,8.243800492829973,pieron
984,19_epo,56.99999999999999,8.243800492829973,pieron
985,19_epo,57.99999999999999,8.243800492829973,pieron
986,19_epo,59.0,8.243800492829973,pieron
987,19_epo,60.0,8.243800492829973,pieron
988,19_epo,61.0,8.243800492829973,pieron
989,19_epo,62.0,8.243800492829973,pieron
990,19_epo,63.0,8.243800492829973,pieron
991,19_epo,64.0,8.243800492829973,pieron
992,19_epo,65.0,8.243800492829973,pieron
993,19_epo,66.0,8.243800492829973,pieron
994,19_epo,67.0,8.243800492829973,pieron
995,19_epo,68.0,8.243800492829973,pieron
996,19_epo,69.0,8.243800492829973,pieron
997,19_epo,70.0,8.243800492829973,pieron
998,19_epo,71.0,8.243800492829973,pieron
999,19_epo,72.0,8.243800492829973,pieron
1000,19_epo,73.0,8.243800492829973,pieron
1001,19_epo,74.0,8.243800492829973,pieron
1002,19_epo,75.0,8.243800492829973,pieron
1003,19_epo,76.0,8.243800492829973,pieron
1004,19_epo,77.0,8.243800492829973,pieron
1005,19_epo,78.0,8.243800492829973,pieron
1006,19_epo,79.0,8.243800492829973,pieron
1007,19_epo,80.0,8.243800492829973,pieron
1008,19_epo,81.0,8.243800492829973,pieron
1009,19_epo,82.0,8.243800492829973,pieron
1010,19_epo,83.0,8.243800492829973,pieron
1011,19_epo,84.0,8.243800492829973,pieron
1012,19_epo,85.0,8.243800492829973,pieron
1013,19_epo,86.0,8.243800492829973,pieron
1014,19_epo,87.0,8.243800492829973,pieron
1015,19_epo,88.0,8.243800492829973,pieron
1016,19_epo,89.0,8.243800492829973,pieron
1017,19_epo,90.0,8.243800492829973,pieron
1018,19_epo,91.0,8.243800492829973,pieron
1019,19_epo,92.0,8.243800492829973,pieron
1020,19_epo,93.0,8.243800492829973,pieron
1021,19_epo,94.0,8.243800492829973,pieron
1022,19_epo,95.0,8.243800492829973,pieron
1023,1_epo,3.0,7.6904296874879385,pieron
1024,1_epo,4.0,7.6904296874879385,pieron
1025,1_epo,5.0,7.6904296874879385,pieron
1026,1_epo,6.0,7.6904296874879385,pieron
1027,1_epo,7.000000000000001,7.6904296874879385,pieron
1028,1_epo,8.0,7.6904296874879385,pieron
1029,1_epo,9.0,7.6904296874879385,pieron
1030,1_epo,10.0,7.6904296874879385,pieron
1031,1_epo,11.0,7.6904296874879385,pieron
1032,1_epo,12.0,7.6904296874879385,pieron
1033,1_epo,13.0,7.6904296874879385,pieron
1034,1_epo,14.000000000000002,7.6904296874879385,pieron
1035,1_epo,15.0,7.6904296874879385,pieron
1036,1_epo,16.0,7.6904296874879385,pieron
1037,1_epo,17.0,7.6904296874879385,pieron
1038,1_epo,18.0,7.6904296874879385,pieron
1039,1_epo,19.0,7.6904296874879385,pieron
1040,1_epo,20.0,7.6904296874879385,pieron
1041,1_epo,21.0,7.6904296874879385,pieron
1042,1_epo,22.0,7.6904296874879385,pieron
1043,1_epo,23.0,7.6904296874879385,pieron
1044,1_epo,24.0,7.6904296874879385,pieron
1045,1_epo,25.0,7.6904296874879385,pieron
1046,1_epo,26.0,7.6904296874879385,pieron
1047,1_epo,27.0,7.6904296874879385,pieron
1048,1_epo,28.000000000000004,7.6904296874879385,pieron
1049,1_epo,28.999999999999996,7.6904296874879385,pieron
1050,1_epo,30.0,7.6904296874879385,pieron
1051,1_epo,31.0,7.6904296874879385,pieron
1052,1_epo,32.0,7.6904296874879385,pieron
1053,1_epo,33.0,7.6904296874879385,pieron
1054,1_epo,34.0,7.6904296874879385,pieron
1055,1_epo,35.0,7.6904296874879385,pieron
1056,1_epo,36.0,7.6904296874879385,pieron
1057,1_epo,37.0,7.6904296874879385,pieron
1058,1_epo,38.0,7.6904296874879385,pieron
1059,1_epo,39.0,7.6904296874879385,pieron
1060,1_epo,40.0,7.6904296874879385,pieron
1061,1_epo,41.0,7.6904296874879385,pieron
1062,1_epo,42.0,7.6904296874879385,pieron
1063,1_epo,43.0,7.6904296874879385,pieron
1064,1_epo,44.0,7.6904296874879385,pieron
1065,1_epo,45.0,7.6904296874879385,pieron
1066,1_epo,46.0,7.6904296874879385,pieron
1067,1_epo,47.0,7.6904296874879385,pieron
1068,1_epo,48.0,7.6904296874879385,pieron
1069,1_epo,49.0,7.6904296874879385,pieron
1070,1_epo,50.0,7.6904296874879385,pieron
1071,1_epo,51.0,7.6904296874879385,pieron
1072,1_epo,52.0,7.6904296874879385,pieron
1073,1_epo,53.0,7.6904296874879385,pieron
1074,1_epo,54.0,7.6904296874879385,pieron
1075,1_epo,55.00000000000001,7.6904296874879385,pieron
1076,1_epo,56.00000000000001,7.6904296874879385,pieron
1077,1_epo,56.99999999999999,7.6904296874879385,pieron
1078,1_epo,57.99999999999999,7.6904296874879385,pieron
1079,1_epo,59.0,7.6904296874879385,pieron
1080,1_epo,60.0,7.6904296874879385,pieron
1081,1_epo,61.0,7.6904296874879385,pieron
1082,1_epo,62.0,7.6904296874879385,pieron
1083,1_epo,63.0,7.6904296874879385,pieron
1084,1_epo,64.0,7.6904296874879385,pieron
1085,1_epo,65.0,7.6904296874879385,pieron
1086,1_epo,66.0,7.6904296874879385,pieron
1087,1_epo,67.0,7.6904296874879385,pieron
1088,1_epo,68.0,7.6904296874879385,pieron
1089,1_epo,69.0,7.6904296874879385,pieron
1090,1_epo,70.0,7.6904296874879385,pieron
1091,1_epo,71.0,7.6904296874879385,pieron
1092,1_epo,72.0,7.6904296874879385,pieron
1093,1_epo,73.0,7.6904296874879385,pieron
1094,1_epo,74.0,7.6904296874879385,pieron
1095,1_epo,75.0,7.6904296874879385,pieron
1096,1_epo,76.0,7.6904296874879385,pieron
1097,1_epo,77.0,7.6904296874879385,pieron
1098,1_epo,78.0,7.6904296874879385,pieron
1099,1_epo,79.0,7.6904296874879385,pieron
1100,1_epo,80.0,7.6904296874879385,pieron
1101,1_epo,81.0,7.6904296874879385,pieron
1102,1_epo,82.0,7.6904296874879385,pieron
1103,1_epo,83.0,7.6904296874879385,pieron
1104,1_epo,84.0,7.6904296874879385,pieron
1105,1_epo,85.0,7.6904296874879385,pieron
1106,1_epo,86.0,7.6904296874879385,pieron
1107,1_epo,87.0,7.6904296874879385,pieron
1108,1_epo,88.0,7.6904296874879385,pieron
1109,1_epo,89.0,7.6904296874879385,pieron
1110,1_epo,90.0,7.6904296874879385,pieron
1111,1_epo,91.0,7.6904296874879385,pieron
1112,1_epo,92.0,7.6904296874879385,pieron
1113,1_epo,93.0,7.6904296874879385,pieron
1114,1_epo,94.0,7.6904296874879385,pieron
1115,1_epo,95.0,7.6904296874879385,pieron
1116,20_epo,3.0,9.021284065148294,pieron
1117,20_epo,4.0,8.939938248100779,pieron
1118,20_epo,5.0,8.8773470024054,pieron
1119,20_epo,6.0,8.826531671212402,pieron
1120,20_epo,7.000000000000001,8.783794919475111,pieron
1121,20_epo,8.0,8.746941955900766,pieron
1122,20_epo,9.0,8.714563700645975,pieron
1123,20_epo,10.0,8.685701936355743,pieron
1124,20_epo,11.0,8.659675648482331,pieron
1125,20_epo,12.0,8.635983611678338,pieron
1126,20_epo,13.0,8.61424629476196,pieron
1127,20_epo,14.000000000000002,8.594169465265274,pieron
1128,20_epo,15.0,8.575520445484248,pieron
1129,20_epo,16.0,8.558112087200477,pieron
1130,20_epo,17.0,8.541791638909293,pieron
1131,20_epo,18.0,8.526432816998899,pieron
1132,20_epo,19.0,8.51193003509771,pieron
1133,20_epo,20.0,8.498194123398843,pieron
1134,20_epo,21.0,8.48514909921729,pieron
1135,20_epo,22.0,8.472729693663586,pieron
1136,20_epo,23.0,8.460879431622043,pieron
1137,20_epo,24.0,8.449549122949284,pieron
1138,20_epo,25.0,8.438695663612764,pieron
1139,20_epo,26.0,8.42828107343172,pieron
1140,20_epo,27.0,8.418271716551702,pieron
1141,20_epo,28.000000000000004,8.408637664563283,pieron
1142,20_epo,28.999999999999996,8.399352172069966,pieron
1143,20_epo,30.0,8.390391241709779,pieron
1144,20_epo,31.0,8.381733260937823,pieron
1145,20_epo,32.0,8.373358696827488,pieron
1146,20_epo,33.0,8.365249838121741,pieron
1147,20_epo,34.0,8.357390576026697,pieron
1148,20_epo,35.0,8.349766216973823,pieron
1149,20_epo,36.0,8.342363321919011,pieron
1150,20_epo,37.0,8.335169567793281,pieron
1151,20_epo,38.0,8.328173627542123,pieron
1152,20_epo,39.0,8.321365065841395,pieron
1153,20_epo,40.0,8.314734248095977,pieron
1154,20_epo,41.0,8.308272260743111,pieron
1155,20_epo,42.0,8.301970841217454,pieron
1156,20_epo,43.0,8.295822316206731,pieron
1157,20_epo,44.0,8.28981954704849,pieron
1158,20_epo,45.0,8.28395588130014,pieron
1159,20_epo,46.0,8.278225109663914,pieron
1160,20_epo,47.0,8.272621427572304,pieron
1161,20_epo,48.0,8.267139400842142,pieron
1162,20_epo,49.0,8.261773934891439,pieron
1163,20_epo,50.0,8.25652024708485,pieron
1164,20_epo,51.0,8.251373841834189,pieron
1165,20_epo,52.0,8.246330488131266,pieron
1166,20_epo,53.0,8.241386199233737,pieron
1167,20_epo,54.0,8.23653721426117,pieron
1168,20_epo,55.00000000000001,8.231779981489982,pieron
1169,20_epo,56.00000000000001,8.227111143162666,pieron
1170,20_epo,56.99999999999999,8.222527521649587,pieron
1171,20_epo,57.99999999999999,8.218026106821585,pieron
1172,20_epo,59.0,8.21360404450848,pieron
1173,20_epo,60.0,8.209258625933437,pieron
1174,20_epo,61.0,8.204987278025932,pieron
1175,20_epo,62.0,8.200787554527135,pieron
1176,20_epo,63.0,8.196657127811257,pieron
1177,20_epo,64.0,8.192593781354862,pieron
1178,20_epo,65.0,8.188595402793561,pieron
1179,20_epo,66.0,8.184659977511997,pieron
1180,20_epo,67.0,8.180785582718764,pieron
1181,20_epo,68.0,8.176970381962928,pieron
1182,20_epo,69.0,8.17321262005328,pieron
1183,20_epo,70.0,8.169510618345363,pieron
1184,20_epo,71.0,8.165862770364809,pieron
1185,20_epo,72.0,8.162267537738648,pieron
1186,20_epo,73.0,8.158723446408914,pieron
1187,20_epo,74.0,8.155229083105455,pieron
1188,20_epo,75.0,8.15178309205692,pieron
1189,20_epo,76.0,8.148384171920881,pieron
1190,20_epo,77.0,8.145031072915883,pieron
1191,20_epo,78.0,8.141722594139617,pieron
1192,20_epo,79.0,8.138457581059019,pieron
1193,20_epo,80.0,8.135234923159155,pieron
1194,20_epo,81.0,8.132053551739057,pieron
1195,20_epo,82.0,8.128912437843633,pieron
1196,20_epo,83.0,8.125810590321658,pieron
1197,20_epo,84.0,8.122747054000808,pieron
1198,20_epo,85.0,8.119720907971315,pieron
1199,20_epo,86.0,8.116731263970644,pieron
1200,20_epo,87.0,8.113777264862087,pieron
1201,20_epo,88.0,8.11085808320086,pieron
1202,20_epo,89.0,8.107972919881698,pieron
1203,20_epo,90.0,8.105121002862465,pieron
1204,20_epo,91.0,8.10230158595874,pieron
1205,20_epo,92.0,8.099513947704649,pieron
1206,20_epo,93.0,8.09675739027569,pieron
1207,20_epo,94.0,8.094031238469487,pieron
1208,20_epo,95.0,8.091334838740828,pieron
1209,21_epo,3.0,9.100824316961853,pieron
1210,21_epo,4.0,9.085333800849376,pieron
1211,21_epo,5.0,9.073336582745704,pieron
1212,21_epo,6.0,9.06354590291287,pieron
1213,21_epo,7.000000000000001,9.055276243800648,pieron
1214,21_epo,8.0,9.048118838401408,pieron
1215,21_epo,9.0,9.04181025539521,pieron
1216,21_epo,10.0,9.036170762798275,pieron
1217,21_epo,11.0,9.031072251396518,pieron
1218,21_epo,12.0,9.026420187136656,pieron
1219,21_epo,13.0,9.022142819051973,pieron
1220,21_epo,14.000000000000002,9.01818440185451,pieron
1221,21_epo,15.0,9.01450076468568,pieron
1222,21_epo,16.0,9.01105631431843,pieron
1223,21_epo,17.0,9.007821949380531,pieron
1224,21_epo,18.0,9.004773572264787,pieron
1225,21_epo,19.0,9.001891004322243,pieron
1226,21_epo,20.0,8.999157179920392,pieron
1227,21_epo,21.0,8.996557537544707,pieron
1228,21_epo,22.0,8.994079552826744,pieron
1229,21_epo,23.0,8.991712375568689,pieron
1230,21_epo,24.0,8.989446544156971,pieron
1231,21_epo,25.0,8.987273758374927,pieron
1232,21_epo,26.0,8.985186696847656,pieron
1233,21_epo,27.0,8.98317886899527,pieron
1234,21_epo,28.000000000000004,8.981244493952337,pieron
1235,21_epo,28.999999999999996,8.979378400766791,pieron
1236,21_epo,30.0,8.977575945543249,pieron
1237,21_epo,31.0,8.975832942192103,pieron
1238,21_epo,32.0,8.974145604188822,pieron
1239,21_epo,33.0,8.972510495307745,pieron
1240,21_epo,34.0,8.970924487720637,pieron
1241,21_epo,35.0,8.969384726177344,pieron
1242,21_epo,36.0,8.967888597239108,pieron
1243,21_epo,37.0,8.966433702732862,pieron
1244,21_epo,38.0,8.96501783675021,pieron
1245,21_epo,39.0,8.963638965637923,pieron
1246,21_epo,40.0,8.96229521052497,pieron
1247,21_epo,41.0,8.96098483200979,pieron
1248,21_epo,42.0,8.95970621669512,pieron
1249,21_epo,43.0,8.958457865309148,pieron
1250,21_epo,44.0,8.957238382194001,pieron
1251,21_epo,45.0,8.956046465976913,pieron
1252,21_epo,46.0,8.954880901267938,pieron
1253,21_epo,47.0,8.95374055125164,pieron
1254,21_epo,48.0,8.952624351059614,pieron
1255,21_epo,49.0,8.95153130182721,pieron
1256,21_epo,50.0,8.950460465351368,pieron
1257,21_epo,51.0,8.949410959278095,pieron
1258,21_epo,52.0,8.9483819527578,pieron
1259,21_epo,53.0,8.947372662514937,pieron
1260,21_epo,54.0,8.946382349285471,pieron
1261,21_epo,55.00000000000001,8.945410314581592,pieron
1262,21_epo,56.00000000000001,8.944455897748284,pieron
1263,21_epo,56.99999999999999,8.943518473280722,pieron
1264,21_epo,57.99999999999999,8.942597448375212,pieron
1265,21_epo,59.0,8.941692260689752,pieron
1266,21_epo,60.0,8.940802376293,pieron
1267,21_epo,61.0,8.939927287782977,pieron
1268,21_epo,62.0,8.939066512558918,pieron
1269,21_epo,63.0,8.93821959123154,pieron
1270,21_epo,64.0,8.937386086158646,pieron
1271,21_epo,65.0,8.9365655800944,pieron
1272,21_epo,66.0,8.935757674941842,pieron
1273,21_epo,67.0,8.934961990599291,pieron
1274,21_epo,68.0,8.934178163892351,pieron
1275,21_epo,69.0,8.933405847583927,pieron
1276,21_epo,70.0,8.932644709455575,pieron
1277,21_epo,71.0,8.931894431454083,pieron
1278,21_epo,72.0,8.93115470889781,pieron
1279,21_epo,73.0,8.930425249737805,pieron
1280,21_epo,74.0,8.92970577386929,pieron
1281,21_epo,75.0,8.928996012489371,pieron
1282,21_epo,76.0,8.928295707497366,pieron
1283,21_epo,77.0,8.927604610934361,pieron
1284,21_epo,78.0,8.926922484458974,pieron
1285,21_epo,79.0,8.926249098856543,pieron
1286,21_epo,80.0,8.925584233579233,pieron
1287,21_epo,81.0,8.924927676314734,pieron
1288,21_epo,82.0,8.924279222581452,pieron
1289,21_epo,83.0,8.923638675348268,pieron
1290,21_epo,84.0,8.923005844677089,pieron
1291,21_epo,85.0,8.922380547386586,pieron
1292,21_epo,86.0,8.921762606735598,pieron
1293,21_epo,87.0,8.921151852124884,pieron
1294,21_epo,88.0,8.920548118815931,pieron
1295,21_epo,89.0,8.919951247665654,pieron
1296,21_epo,90.0,8.91936108487595,pieron
1297,21_epo,91.0,8.918777481757111,pieron
1298,21_epo,92.0,8.91820029450415,pieron
1299,21_epo,93.0,8.917629383985274,pieron
1300,21_epo,94.0,8.917064615541657,pieron
1301,21_epo,95.0,8.916505858797814,pieron
1302,22_epo,3.0,9.766069377908918,pieron
1303,22_epo,4.0,9.73236545360788,pieron
1304,22_epo,5.0,9.70630278144442,pieron
1305,22_epo,6.0,9.685059846066794,pieron
1306,22_epo,7.000000000000001,9.667135475573426,pieron
1307,22_epo,8.0,9.651635495770732,pieron
1308,22_epo,9.0,9.637984174456031,pieron
1309,22_epo,10.0,9.625789013436446,pieron
1310,22_epo,11.0,9.61477044203138,pieron
1311,22_epo,12.0,9.604722288178092,pieron
1312,22_epo,13.0,9.595488156143476,pieron
1313,22_epo,14.000000000000002,9.586946600312919,pieron
1314,22_epo,15.0,9.579001436509387,pieron
1315,22_epo,16.0,9.57157519282103,pieron
1316,22_epo,17.0,9.564604553398478,pieron
1317,22_epo,18.0,9.558037109197555,pieron
1318,22_epo,19.0,9.551828990213057,pieron
1319,22_epo,20.0,9.545943107021586,pieron
1320,22_epo,21.0,9.540347822702934,pieron
1321,22_epo,22.0,9.535015934650923,pieron
1322,22_epo,23.0,9.529923883382965,pieron
1323,22_epo,24.0,9.525051130219808,pieron
1324,22_epo,25.0,9.520379662361053,pieron
1325,22_epo,26.0,9.515893595297516,pieron
1326,22_epo,27.0,9.511578850462188,pieron
1327,22_epo,28.000000000000004,9.507422891660635,pieron
1328,22_epo,28.999999999999996,9.503414507874124,pieron
1329,22_epo,30.0,9.499543632979751,pieron
1330,22_epo,31.0,9.495801195107092,pieron
1331,22_epo,32.0,9.49217898997241,pieron
1332,22_epo,33.0,9.488669573753082,pieron
1333,22_epo,34.0,9.485266171994132,pieron
1334,22_epo,35.0,9.481962601752093,pieron
1335,22_epo,36.0,9.478753204733675,pieron
1336,22_epo,37.0,9.475632789617672,pieron
1337,22_epo,38.0,9.472596582087478,pieron
1338,22_epo,39.0,9.469640181369762,pieron
1339,22_epo,40.0,9.466759522288852,pieron
1340,22_epo,41.0,9.463950842017834,pieron
1341,22_epo,42.0,9.461210650845807,pieron
1342,22_epo,43.0,9.458535706393096,pieron
1343,22_epo,44.0,9.455922990797738,pieron
1344,22_epo,45.0,9.45336969047181,pieron
1345,22_epo,46.0,9.45087317808793,pieron
1346,22_epo,47.0,9.448430996507588,pieron
1347,22_epo,48.0,9.44604084440545,pieron
1348,22_epo,49.0,9.443700563379446,pieron
1349,22_epo,50.0,9.441408126366058,pieron
1350,22_epo,51.0,9.439161627205507,pieron
1351,22_epo,52.0,9.436959271222543,pieron
1352,22_epo,53.0,9.434799366706498,pieron
1353,22_epo,54.0,9.432680317189595,pieron
1354,22_epo,55.00000000000001,9.430600614435395,pieron
1355,22_epo,56.00000000000001,9.428558832060494,pieron
1356,22_epo,56.99999999999999,9.426553619722029,pieron
1357,22_epo,57.99999999999999,9.424583697811888,pieron
1358,22_epo,59.0,9.422647852605516,pieron
1359,22_epo,60.0,9.420744931819357,pieron
1360,22_epo,61.0,9.41887384053637,pieron
1361,22_epo,62.0,9.417033537463622,pieron
1362,22_epo,63.0,9.415223031489964,pieron
1363,22_epo,64.0,9.413441378515468,pieron
1364,22_epo,65.0,9.4116876785272,pieron
1365,22_epo,66.0,9.409961072898776,pieron
1366,22_epo,67.0,9.40826074189346,pieron
1367,22_epo,68.0,9.406585902352658,pieron
1368,22_epo,69.0,9.40493580555354,pieron
1369,22_epo,70.0,9.403309735221162,pieron
1370,22_epo,71.0,9.40170700568194,pieron
1371,22_epo,72.0,9.400126960146526,pieron
1372,22_epo,73.0,9.398568969111416,pieron
1373,22_epo,74.0,9.39703242886955,pieron
1374,22_epo,75.0,9.395516760121119,pieron
1375,22_epo,76.0,9.394021406676577,pieron
1376,22_epo,77.0,9.392545834244643,pieron
1377,22_epo,78.0,9.391089529298682,pieron
1378,22_epo,79.0,9.389651998015466,pieron
1379,22_epo,80.0,9.388232765280826,pieron
1380,22_epo,81.0,9.386831373757238,pieron
1381,22_epo,82.0,9.385447383008728,pieron
1382,22_epo,83.0,9.384080368678962,pieron
1383,22_epo,84.0,9.382729921718646,pieron
1384,22_epo,85.0,9.381395647658763,pieron
1385,22_epo,86.0,9.380077165926432,pieron
1386,22_epo,87.0,9.378774109200362,pieron
1387,22_epo,88.0,9.377486122803283,pieron
1388,22_epo,89.0,9.376212864128737,pieron
1389,22_epo,90.0,9.374954002099992,pieron
1390,22_epo,91.0,9.373709216658913,pieron
1391,22_epo,92.0,9.372478198282849,pieron
1392,22_epo,93.0,9.371260647527663,pieron
1393,22_epo,94.0,9.3700562745953,pieron
1394,22_epo,95.0,9.368864798924246,pieron
1395,23_epo,3.0,7.412569738629994,pieron
1396,23_epo,4.0,7.401085946302823,pieron
1397,23_epo,5.0,7.39219067826833,pieron
1398,23_epo,6.0,7.384930651916397,pieron
1399,23_epo,7.000000000000001,7.378797950159296,pieron
1400,23_epo,8.0,7.3734896789545905,pieron
1401,23_epo,9.0,7.368810621751817,pieron
1402,23_epo,10.0,7.36462757851153,pieron
1403,23_epo,11.0,7.360845601273748,pieron
1404,23_epo,12.0,7.357394622461118,pieron
1405,23_epo,13.0,7.354221458450676,pieron
1406,23_epo,14.000000000000002,7.351284787574972,pieron
1407,23_epo,15.0,7.348551866455156,pieron
1408,23_epo,16.0,7.345996309205047,pieron
1409,23_epo,17.0,7.343596541692977,pieron
1410,23_epo,18.0,7.341334698700561,pieron
1411,23_epo,19.0,7.339195819932093,pieron
1412,23_epo,20.0,7.3371672526821445,pieron
1413,23_epo,21.0,7.335238200530398,pieron
1414,23_epo,22.0,7.3333993772202,pieron
1415,23_epo,23.0,7.331642737612476,pieron
1416,23_epo,24.0,7.329961265996815,pieron
1417,23_epo,25.0,7.328348807686365,pieron
1418,23_epo,26.0,7.326799933693638,pieron
1419,23_epo,27.0,7.325309830984218,pieron
1420,23_epo,28.000000000000004,7.3238742127184215,pieron
1421,23_epo,28.999999999999996,7.322489244266147,pieron
1422,23_epo,30.0,7.32115148178183,pieron
1423,23_epo,31.0,7.319857820864945,pieron
1424,23_epo,32.0,7.318605453382164,pieron
1425,23_epo,33.0,7.31739183094229,pieron
1426,23_epo,34.0,7.316214633830748,pieron
1427,23_epo,35.0,7.315071744452858,pieron
1428,23_epo,36.0,7.313961224522844,pieron
1429,23_epo,37.0,7.312881295382022,pieron
1430,23_epo,38.0,7.311830320944874,pieron
1431,23_epo,39.0,7.310806792862948,pieron
1432,23_epo,40.0,7.309809317569278,pieron
1433,23_epo,41.0,7.308836604924397,pieron
1434,23_epo,42.0,7.307887458232113,pieron
1435,23_epo,43.0,7.306960765431425,pieron
1436,23_epo,44.0,7.306055491302185,pieron
1437,23_epo,45.0,7.305170670547651,pieron
1438,23_epo,46.0,7.3043054016381594,pieron
1439,23_epo,47.0,7.30345884131761,pieron
1440,23_epo,48.0,7.302630199688949,pieron
1441,23_epo,49.0,7.301818735806916,pieron
1442,23_epo,50.0,7.301023753716545,pieron
1443,23_epo,51.0,7.300244598884343,pieron
1444,23_epo,52.0,7.29948065497641,pieron
1445,23_epo,53.0,7.2987313409437595,pieron
1446,23_epo,54.0,7.297996108380382,pieron
1447,23_epo,55.00000000000001,7.297274439123961,pieron
1448,23_epo,56.00000000000001,7.296565843073024,pieron
1449,23_epo,56.99999999999999,7.295869856197473,pieron
1450,23_epo,57.99999999999999,7.295186038722335,pieron
1451,23_epo,59.0,7.294513973466928,pieron
1452,23_epo,60.0,7.2938532643237455,pieron
1453,23_epo,61.0,7.2932035348632205,pieron
1454,23_epo,62.0,7.292564427052036,pieron
1455,23_epo,63.0,7.29193560007411,pieron
1456,23_epo,64.0,7.291316729244507,pieron
1457,23_epo,65.0,7.290707505007649,pieron
1458,23_epo,66.0,7.290107632012089,pieron
1459,23_epo,67.0,7.2895168282549285,pieron
1460,23_epo,68.0,7.288934824289678,pieron
1461,23_epo,69.0,7.288361362492016,pieron
1462,23_epo,70.0,7.287796196378422,pieron
1463,23_epo,71.0,7.287239089973198,pieron
1464,23_epo,72.0,7.2866898172197905,pieron
1465,23_epo,73.0,7.286148161432774,pieron
1466,23_epo,74.0,7.2856139147871435,pieron
1467,23_epo,75.0,7.285086877841931,pieron
1468,23_epo,76.0,7.284566859095401,pieron
1469,23_epo,77.0,7.284053674569348,pieron
1470,23_epo,78.0,7.283547147420255,pieron
1471,23_epo,79.0,7.283047107575236,pieron
1472,23_epo,80.0,7.282553391390904,pieron
1473,23_epo,81.0,7.282065841333453,pieron
1474,23_epo,82.0,7.281584305678394,pieron
1475,23_epo,83.0,7.281108638228491,pieron
1476,23_epo,84.0,7.280638698048628,pieron
1477,23_epo,85.0,7.280174349216369,pieron
1478,23_epo,86.0,7.279715460587124,pieron
1479,23_epo,87.0,7.279261905572906,pieron
1480,23_epo,88.0,7.278813561933738,pieron
1481,23_epo,89.0,7.2783703115808756,pieron
1482,23_epo,90.0,7.277932040391006,pieron
1483,23_epo,91.0,7.277498638030757,pieron
1484,23_epo,92.0,7.277069997790778,pieron
1485,23_epo,93.0,7.276646016428815,pieron
1486,23_epo,94.0,7.276226594021186,pieron
1487,23_epo,95.0,7.275811633822116,pieron
1488,24_epo,3.0,8.355823863636333,pieron
1489,24_epo,4.0,8.355823863636333,pieron
1490,24_epo,5.0,8.355823863636333,pieron
1491,24_epo,6.0,8.355823863636333,pieron
1492,24_epo,7.000000000000001,8.355823863636333,pieron
1493,24_epo,8.0,8.355823863636333,pieron
1494,24_epo,9.0,8.355823863636333,pieron
1495,24_epo,10.0,8.355823863636333,pieron
1496,24_epo,11.0,8.355823863636333,pieron
1497,24_epo,12.0,8.355823863636333,pieron
1498,24_epo,13.0,8.355823863636333,pieron
1499,24_epo,14.000000000000002,8.355823863636333,pieron
1500,24_epo,15.0,8.355823863636333,pieron
1501,24_epo,16.0,8.355823863636333,pieron
1502,24_epo,17.0,8.355823863636333,pieron
1503,24_epo,18.0,8.355823863636333,pieron
1504,24_epo,19.0,8.355823863636333,pieron
1505,24_epo,20.0,8.355823863636333,pieron
1506,24_epo,21.0,8.355823863636333,pieron
1507,24_epo,22.0,8.355823863636333,pieron
1508,24_epo,23.0,8.355823863636333,pieron
1509,24_epo,24.0,8.355823863636333,pieron
1510,24_epo,25.0,8.355823863636333,pieron
1511,24_epo,26.0,8.355823863636333,pieron
1512,24_epo,27.0,8.355823863636333,pieron
1513,24_epo,28.000000000000004,8.355823863636333,pieron
1514,24_epo,28.999999999999996,8.355823863636333,pieron
1515,24_epo,30.0,8.355823863636333,pieron
1516,24_epo,31.0,8.355823863636333,pieron
1517,24_epo,32.0,8.355823863636333,pieron
1518,24_epo,33.0,8.355823863636333,pieron
1519,24_epo,34.0,8.355823863636333,pieron
1520,24_epo,35.0,8.355823863636333,pieron
1521,24_epo,36.0,8.355823863636333,pieron
1522,24_epo,37.0,8.355823863636333,pieron
1523,24_epo,38.0,8.355823863636333,pieron
1524,24_epo,39.0,8.355823863636333,pieron
1525,24_epo,40.0,8.355823863636333,pieron
1526,24_epo,41.0,8.355823863636333,pieron
1527,24_epo,42.0,8.355823863636333,pieron
1528,24_epo,43.0,8.355823863636333,pieron
1529,24_epo,44.0,8.355823863636333,pieron
1530,24_epo,45.0,8.355823863636333,pieron
1531,24_epo,46.0,8.355823863636333,pieron
1532,24_epo,47.0,8.355823863636333,pieron
1533,24_epo,48.0,8.355823863636333,pieron
1534,24_epo,49.0,8.355823863636333,pieron
1535,24_epo,50.0,8.355823863636333,pieron
1536,24_epo,51.0,8.355823863636333,pieron
1537,24_epo,52.0,8.355823863636333,pieron
1538,24_epo,53.0,8.355823863636333,pieron
1539,24_epo,54.0,8.355823863636333,pieron
1540,24_epo,55.00000000000001,8.355823863636333,pieron
1541,24_epo,56.00000000000001,8.355823863636333,pieron
1542,24_epo,56.99999999999999,8.355823863636333,pieron
1543,24_epo,57.99999999999999,8.355823863636333,pieron
1544,24_epo,59.0,8.355823863636333,pieron
1545,24_epo,60.0,8.355823863636333,pieron
1546,24_epo,61.0,8.355823863636333,pieron
1547,24_epo,62.0,8.355823863636333,pieron
1548,24_epo,63.0,8.355823863636333,pieron
1549,24_epo,64.0,8.355823863636333,pieron
1550,24_epo,65.0,8.355823863636333,pieron
1551,24_epo,66.0,8.355823863636333,pieron
1552,24_epo,67.0,8.355823863636333,pieron
1553,24_epo,68.0,8.355823863636333,pieron
1554,24_epo,69.0,8.355823863636333,pieron
1555,24_epo,70.0,8.355823863636333,pieron
1556,24_epo,71.0,8.355823863636333,pieron
1557,24_epo,72.0,8.355823863636333,pieron
1558,24_epo,73.0,8.355823863636333,pieron
1559,24_epo,74.0,8.355823863636333,pieron
1560,24_epo,75.0,8.355823863636333,pieron
1561,24_epo,76.0,8.355823863636333,pieron
1562,24_epo,77.0,8.355823863636333,pieron
1563,24_epo,78.0,8.355823863636333,pieron
1564,24_epo,79.0,8.355823863636333,pieron
1565,24_epo,80.0,8.355823863636333,pieron
1566,24_epo,81.0,8.355823863636333,pieron
1567,24_epo,82.0,8.355823863636333,pieron
1568,24_epo,83.0,8.355823863636333,pieron
1569,24_epo,84.0,8.355823863636333,pieron
1570,24_epo,85.0,8.355823863636333,pieron
1571,24_epo,86.0,8.355823863636333,pieron
1572,24_epo,87.0,8.355823863636333,pieron
1573,24_epo,88.0,8.355823863636333,pieron
1574,24_epo,89.0,8.355823863636333,pieron
1575,24_epo,90.0,8.355823863636333,pieron
1576,24_epo,91.0,8.355823863636333,pieron
1577,24_epo,92.0,8.355823863636333,pieron
1578,24_epo,93.0,8.355823863636333,pieron
1579,24_epo,94.0,8.355823863636333,pieron
1580,24_epo,95.0,8.355823863636333,pieron
1581,25_epo,3.0,8.559905234651149,pieron
1582,25_epo,4.0,8.559905234651149,pieron
1583,25_epo,5.0,8.559905234651149,pieron
1584,25_epo,6.0,8.559905234651149,pieron
1585,25_epo,7.000000000000001,8.559905234651149,pieron
1586,25_epo,8.0,8.559905234651149,pieron
1587,25_epo,9.0,8.559905234651149,pieron
1588,25_epo,10.0,8.559905234651149,pieron
1589,25_epo,11.0,8.559905234651149,pieron
1590,25_epo,12.0,8.559905234651149,pieron
1591,25_epo,13.0,8.559905234651149,pieron
1592,25_epo,14.000000000000002,8.559905234651149,pieron
1593,25_epo,15.0,8.559905234651149,pieron
1594,25_epo,16.0,8.559905234651149,pieron
1595,25_epo,17.0,8.559905234651149,pieron
1596,25_epo,18.0,8.559905234651149,pieron
1597,25_epo,19.0,8.559905234651149,pieron
1598,25_epo,20.0,8.559905234651149,pieron
1599,25_epo,21.0,8.559905234651149,pieron
1600,25_epo,22.0,8.559905234651149,pieron
1601,25_epo,23.0,8.559905234651149,pieron
1602,25_epo,24.0,8.559905234651149,pieron
1603,25_epo,25.0,8.559905234651149,pieron
1604,25_epo,26.0,8.559905234651149,pieron
1605,25_epo,27.0,8.559905234651149,pieron
1606,25_epo,28.000000000000004,8.559905234651149,pieron
1607,25_epo,28.999999999999996,8.559905234651149,pieron
1608,25_epo,30.0,8.559905234651149,pieron
1609,25_epo,31.0,8.559905234651149,pieron
1610,25_epo,32.0,8.559905234651149,pieron
1611,25_epo,33.0,8.559905234651149,pieron
1612,25_epo,34.0,8.559905234651149,pieron
1613,25_epo,35.0,8.559905234651149,pieron
1614,25_epo,36.0,8.559905234651149,pieron
1615,25_epo,37.0,8.559905234651149,pieron
1616,25_epo,38.0,8.559905234651149,pieron
1617,25_epo,39.0,8.559905234651149,pieron
1618,25_epo,40.0,8.559905234651149,pieron
1619,25_epo,41.0,8.559905234651149,pieron
1620,25_epo,42.0,8.559905234651149,pieron
1621,25_epo,43.0,8.559905234651149,pieron
1622,25_epo,44.0,8.559905234651149,pieron
1623,25_epo,45.0,8.559905234651149,pieron
1624,25_epo,46.0,8.559905234651149,pieron
1625,25_epo,47.0,8.559905234651149,pieron
1626,25_epo,48.0,8.559905234651149,pieron
1627,25_epo,49.0,8.559905234651149,pieron
1628,25_epo,50.0,8.559905234651149,pieron
1629,25_epo,51.0,8.559905234651149,pieron
1630,25_epo,52.0,8.559905234651149,pieron
1631,25_epo,53.0,8.559905234651149,pieron
1632,25_epo,54.0,8.559905234651149,pieron
1633,25_epo,55.00000000000001,8.559905234651149,pieron
1634,25_epo,56.00000000000001,8.559905234651149,pieron
1635,25_epo,56.99999999999999,8.559905234651149,pieron
1636,25_epo,57.99999999999999,8.559905234651149,pieron
1637,25_epo,59.0,8.559905234651149,pieron
1638,25_epo,60.0,8.559905234651149,pieron
1639,25_epo,61.0,8.559905234651149,pieron
1640,25_epo,62.0,8.559905234651149,pieron
1641,25_epo,63.0,8.559905234651149,pieron
1642,25_epo,64.0,8.559905234651149,pieron
1643,25_epo,65.0,8.559905234651149,pieron
1644,25_epo,66.0,8.559905234651149,pieron
1645,25_epo,67.0,8.559905234651149,pieron
1646,25_epo,68.0,8.559905234651149,pieron
1647,25_epo,69.0,8.559905234651149,pieron
1648,25_epo,70.0,8.559905234651149,pieron
1649,25_epo,71.0,8.559905234651149,pieron
1650,25_epo,72.0,8.559905234651149,pieron
1651,25_epo,73.0,8.559905234651149,pieron
1652,25_epo,74.0,8.559905234651149,pieron
1653,25_epo,75.0,8.559905234651149,pieron
1654,25_epo,76.0,8.559905234651149,pieron
1655,25_epo,77.0,8.559905234651149,pieron
1656,25_epo,78.0,8.559905234651149,pieron
1657,25_epo,79.0,8.559905234651149,pieron
1658,25_epo,80.0,8.559905234651149,pieron
1659,25_epo,81.0,8.559905234651149,pieron
1660,25_epo,82.0,8.559905234651149,pieron
1661,25_epo,83.0,8.559905234651149,pieron
1662,25_epo,84.0,8.559905234651149,pieron
1663,25_epo,85.0,8.559905234651149,pieron
1664,25_epo,86.0,8.559905234651149,pieron
1665,25_epo,87.0,8.559905234651149,pieron
1666,25_epo,88.0,8.559905234651149,pieron
1667,25_epo,89.0,8.559905234651149,pieron
1668,25_epo,90.0,8.559905234651149,pieron
1669,25_epo,91.0,8.559905234651149,pieron
1670,25_epo,92.0,8.559905234651149,pieron
1671,25_epo,93.0,8.559905234651149,pieron
1672,25_epo,94.0,8.559905234651149,pieron
1673,25_epo,95.0,8.559905234651149,pieron
1674,2_epo,3.0,7.713068181817952,pieron
1675,2_epo,4.0,7.713068181817952,pieron
1676,2_epo,5.0,7.713068181817952,pieron
1677,2_epo,6.0,7.713068181817952,pieron
1678,2_epo,7.000000000000001,7.713068181817952,pieron
1679,2_epo,8.0,7.713068181817952,pieron
1680,2_epo,9.0,7.713068181817952,pieron
1681,2_epo,10.0,7.713068181817952,pieron
1682,2_epo,11.0,7.713068181817952,pieron
1683,2_epo,12.0,7.713068181817952,pieron
1684,2_epo,13.0,7.713068181817952,pieron
1685,2_epo,14.000000000000002,7.713068181817952,pieron
1686,2_epo,15.0,7.713068181817952,pieron
1687,2_epo,16.0,7.713068181817952,pieron
1688,2_epo,17.0,7.713068181817952,pieron
1689,2_epo,18.0,7.713068181817952,pieron
1690,2_epo,19.0,7.713068181817952,pieron
1691,2_epo,20.0,7.713068181817952,pieron
1692,2_epo,21.0,7.713068181817952,pieron
1693,2_epo,22.0,7.713068181817952,pieron
1694,2_epo,23.0,7.713068181817952,pieron
1695,2_epo,24.0,7.713068181817952,pieron
1696,2_epo,25.0,7.713068181817952,pieron
1697,2_epo,26.0,7.713068181817952,pieron
1698,2_epo,27.0,7.713068181817952,pieron
1699,2_epo,28.000000000000004,7.713068181817952,pieron
1700,2_epo,28.999999999999996,7.713068181817952,pieron
1701,2_epo,30.0,7.713068181817952,pieron
1702,2_epo,31.0,7.713068181817952,pieron
1703,2_epo,32.0,7.713068181817952,pieron
1704,2_epo,33.0,7.713068181817952,pieron
1705,2_epo,34.0,7.713068181817952,pieron
1706,2_epo,35.0,7.713068181817952,pieron
1707,2_epo,36.0,7.713068181817952,pieron
1708,2_epo,37.0,7.713068181817952,pieron
1709,2_epo,38.0,7.713068181817952,pieron
1710,2_epo,39.0,7.713068181817952,pieron
1711,2_epo,40.0,7.713068181817952,pieron
1712,2_epo,41.0,7.713068181817952,pieron
1713,2_epo,42.0,7.713068181817952,pieron
1714,2_epo,43.0,7.713068181817952,pieron
1715,2_epo,44.0,7.713068181817952,pieron
1716,2_epo,45.0,7.713068181817952,pieron
1717,2_epo,46.0,7.713068181817952,pieron
1718,2_epo,47.0,7.713068181817952,pieron
1719,2_epo,48.0,7.713068181817952,pieron
1720,2_epo,49.0,7.713068181817952,pieron
1721,2_epo,50.0,7.713068181817952,pieron
1722,2_epo,51.0,7.713068181817952,pieron
1723,2_epo,52.0,7.713068181817952,pieron
1724,2_epo,53.0,7.713068181817952,pieron
1725,2_epo,54.0,7.713068181817952,pieron
1726,2_epo,55.00000000000001,7.713068181817952,pieron
1727,2_epo,56.00000000000001,7.713068181817952,pieron
1728,2_epo,56.99999999999999,7.713068181817952,pieron
1729,2_epo,57.99999999999999,7.713068181817952,pieron
1730,2_epo,59.0,7.713068181817952,pieron
1731,2_epo,60.0,7.713068181817952,pieron
1732,2_epo,61.0,7.713068181817952,pieron
1733,2_epo,62.0,7.713068181817952,pieron
1734,2_epo,63.0,7.713068181817952,pieron
1735,2_epo,64.0,7.713068181817952,pieron
1736,2_epo,65.0,7.713068181817952,pieron
1737,2_epo,66.0,7.713068181817952,pieron
1738,2_epo,67.0,7.713068181817952,pieron
1739,2_epo,68.0,7.713068181817952,pieron
1740,2_epo,69.0,7.713068181817952,pieron
1741,2_epo,70.0,7.713068181817952,pieron
1742,2_epo,71.0,7.713068181817952,pieron
1743,2_epo,72.0,7.713068181817952,pieron
1744,2_epo,73.0,7.713068181817952,pieron
1745,2_epo,74.0,7.713068181817952,pieron
1746,2_epo,75.0,7.713068181817952,pieron
1747,2_epo,76.0,7.713068181817952,pieron
1748,2_epo,77.0,7.713068181817952,pieron
1749,2_epo,78.0,7.713068181817952,pieron
1750,2_epo,79.0,7.713068181817952,pieron
1751,2_epo,80.0,7.713068181817952,pieron
1752,2_epo,81.0,7.713068181817952,pieron
1753,2_epo,82.0,7.713068181817952,pieron
1754,2_epo,83.0,7.713068181817952,pieron
1755,2_epo,84.0,7.713068181817952,pieron
1756,2_epo,85.0,7.713068181817952,pieron
1757,2_epo,86.0,7.713068181817952,pieron
1758,2_epo,87.0,7.713068181817952,pieron
1759,2_epo,88.0,7.713068181817952,pieron
1760,2_epo,89.0,7.713068181817952,pieron
1761,2_epo,90.0,7.713068181817952,pieron
1762,2_epo,91.0,7.713068181817952,pieron
1763,2_epo,92.0,7.713068181817952,pieron
1764,2_epo,93.0,7.713068181817952,pieron
1765,2_epo,94.0,7.713068181817952,pieron
1766,2_epo,95.0,7.713068181817952,pieron
1767,3_epo,3.0,8.892877252219082,pieron
1768,3_epo,4.0,8.892877252219082,pieron
1769,3_epo,5.0,8.892877252219082,pieron
1770,3_epo,6.0,8.892877252219082,pieron
1771,3_epo,7.000000000000001,8.892877252219082,pieron
1772,3_epo,8.0,8.892877252219082,pieron
1773,3_epo,9.0,8.892877252219082,pieron
1774,3_epo,10.0,8.892877252219082,pieron
1775,3_epo,11.0,8.892877252219082,pieron
1776,3_epo,12.0,8.892877252219082,pieron
1777,3_epo,13.0,8.892877252219082,pieron
1778,3_epo,14.000000000000002,8.892877252219082,pieron
1779,3_epo,15.0,8.892877252219082,pieron
1780,3_epo,16.0,8.892877252219082,pieron
1781,3_epo,17.0,8.892877252219082,pieron
1782,3_epo,18.0,8.892877252219082,pieron
1783,3_epo,19.0,8.892877252219082,pieron
1784,3_epo,20.0,8.892877252219082,pieron
1785,3_epo,21.0,8.892877252219082,pieron
1786,3_epo,22.0,8.892877252219082,pieron
1787,3_epo,23.0,8.892877252219082,pieron
1788,3_epo,24.0,8.892877252219082,pieron
1789,3_epo,25.0,8.892877252219082,pieron
1790,3_epo,26.0,8.892877252219082,pieron
1791,3_epo,27.0,8.892877252219082,pieron
1792,3_epo,28.000000000000004,8.892877252219082,pieron
1793,3_epo,28.999999999999996,8.892877252219082,pieron
1794,3_epo,30.0,8.892877252219082,pieron
1795,3_epo,31.0,8.892877252219082,pieron
1796,3_epo,32.0,8.892877252219082,pieron
1797,3_epo,33.0,8.892877252219082,pieron
1798,3_epo,34.0,8.892877252219082,pieron
1799,3_epo,35.0,8.892877252219082,pieron
1800,3_epo,36.0,8.892877252219082,pieron
1801,3_epo,37.0,8.892877252219082,pieron
1802,3_epo,38.0,8.892877252219082,pieron
1803,3_epo,39.0,8.892877252219082,pieron
1804,3_epo,40.0,8.892877252219082,pieron
1805,3_epo,41.0,8.892877252219082,pieron
1806,3_epo,42.0,8.892877252219082,pieron
1807,3_epo,43.0,8.892877252219082,pieron
1808,3_epo,44.0,8.892877252219082,pieron
1809,3_epo,45.0,8.892877252219082,pieron
1810,3_epo,46.0,8.892877252219082,pieron
1811,3_epo,47.0,8.892877252219082,pieron
1812,3_epo,48.0,8.892877252219082,pieron
1813,3_epo,49.0,8.892877252219082,pieron
1814,3_epo,50.0,8.892877252219082,pieron
1815,3_epo,51.0,8.892877252219082,pieron
1816,3_epo,52.0,8.892877252219082,pieron
1817,3_epo,53.0,8.892877252219082,pieron
1818,3_epo,54.0,8.892877252219082,pieron
1819,3_epo,55.00000000000001,8.892877252219082,pieron
1820,3_epo,56.00000000000001,8.892877252219082,pieron
1821,3_epo,56.99999999999999,8.892877252219082,pieron
1822,3_epo,57.99999999999999,8.892877252219082,pieron
1823,3_epo,59.0,8.892877252219082,pieron
1824,3_epo,60.0,8.892877252219082,pieron
1825,3_epo,61.0,8.892877252219082,pieron
1826,3_epo,62.0,8.892877252219082,pieron
1827,3_epo,63.0,8.892877252219082,pieron
1828,3_epo,64.0,8.892877252219082,pieron
1829,3_epo,65.0,8.892877252219082,pieron
1830,3_epo,66.0,8.892877252219082,pieron
1831,3_epo,67.0,8.892877252219082,pieron
1832,3_epo,68.0,8.892877252219082,pieron
1833,3_epo,69.0,8.892877252219082,pieron
1834,3_epo,70.0,8.892877252219082,pieron
1835,3_epo,71.0,8.892877252219082,pieron
1836,3_epo,72.0,8.892877252219082,pieron
1837,3_epo,73.0,8.892877252219082,pieron
1838,3_epo,74.0,8.892877252219082,pieron
1839,3_epo,75.0,8.892877252219082,pieron
1840,3_epo,76.0,8.892877252219082,pieron
1841,3_epo,77.0,8.892877252219082,pieron
1842,3_epo,78.0,8.892877252219082,pieron
1843,3_epo,79.0,8.892877252219082,pieron
1844,3_epo,80.0,8.892877252219082,pieron
1845,3_epo,81.0,8.892877252219082,pieron
1846,3_epo,82.0,8.892877252219082,pieron
1847,3_epo,83.0,8.892877252219082,pieron
1848,3_epo,84.0,8.892877252219082,pieron
1849,3_epo,85.0,8.892877252219082,pieron
1850,3_epo,86.0,8.892877252219082,pieron
1851,3_epo,87.0,8.892877252219082,pieron
1852,3_epo,88.0,8.892877252219082,pieron
1853,3_epo,89.0,8.892877252219082,pieron
1854,3_epo,90.0,8.892877252219082,pieron
1855,3_epo,91.0,8.892877252219082,pieron
1856,3_epo,92.0,8.892877252219082,pieron
1857,3_epo,93.0,8.892877252219082,pieron
1858,3_epo,94.0,8.892877252219082,pieron
1859,3_epo,95.0,8.892877252219082,pieron
1860,4_epo,3.0,7.380423767265408,pieron
1861,4_epo,4.0,7.380423767265408,pieron
1862,4_epo,5.0,7.380423767265408,pieron
1863,4_epo,6.0,7.380423767265408,pieron
1864,4_epo,7.000000000000001,7.380423767265406,pieron
1865,4_epo,8.0,7.380423767265406,pieron
1866,4_epo,9.0,7.380423767265406,pieron
1867,4_epo,10.0,7.380423767265406,pieron
1868,4_epo,11.0,7.380423767265406,pieron
1869,4_epo,12.0,7.380423767265406,pieron
1870,4_epo,13.0,7.380423767265406,pieron
1871,4_epo,14.000000000000002,7.380423767265406,pieron
1872,4_epo,15.0,7.3804237672654045,pieron
1873,4_epo,16.0,7.3804237672654045,pieron
1874,4_epo,17.0,7.3804237672654045,pieron
1875,4_epo,18.0,7.3804237672654045,pieron
1876,4_epo,19.0,7.3804237672654045,pieron
1877,4_epo,20.0,7.3804237672654045,pieron
1878,4_epo,21.0,7.3804237672654045,pieron
1879,4_epo,22.0,7.3804237672654045,pieron
1880,4_epo,23.0,7.3804237672654045,pieron
1881,4_epo,24.0,7.3804237672654045,pieron
1882,4_epo,25.0,7.3804237672654045,pieron
1883,4_epo,26.0,7.3804237672654045,pieron
1884,4_epo,27.0,7.3804237672654045,pieron
1885,4_epo,28.000000000000004,7.3804237672654045,pieron
1886,4_epo,28.999999999999996,7.3804237672654045,pieron
1887,4_epo,30.0,7.3804237672654045,pieron
1888,4_epo,31.0,7.380423767265403,pieron
1889,4_epo,32.0,7.380423767265403,pieron
1890,4_epo,33.0,7.380423767265403,pieron
1891,4_epo,34.0,7.380423767265403,pieron
1892,4_epo,35.0,7.380423767265403,pieron
1893,4_epo,36.0,7.380423767265403,pieron
1894,4_epo,37.0,7.380423767265403,pieron
1895,4_epo,38.0,7.380423767265403,pieron
1896,4_epo,39.0,7.380423767265403,pieron
1897,4_epo,40.0,7.380423767265403,pieron
1898,4_epo,41.0,7.380423767265403,pieron
1899,4_epo,42.0,7.380423767265403,pieron
1900,4_epo,43.0,7.380423767265403,pieron
1901,4_epo,44.0,7.380423767265403,pieron
1902,4_epo,45.0,7.380423767265403,pieron
1903,4_epo,46.0,7.380423767265403,pieron
1904,4_epo,47.0,7.380423767265403,pieron
1905,4_epo,48.0,7.380423767265403,pieron
1906,4_epo,49.0,7.380423767265403,pieron
1907,4_epo,50.0,7.380423767265403,pieron
1908,4_epo,51.0,7.380423767265403,pieron
1909,4_epo,52.0,7.380423767265403,pieron
1910,4_epo,53.0,7.380423767265403,pieron
1911,4_epo,54.0,7.380423767265403,pieron
1912,4_epo,55.00000000000001,7.380423767265403,pieron
1913,4_epo,56.00000000000001,7.380423767265403,pieron
1914,4_epo,56.99999999999999,7.380423767265403,pieron
1915,4_epo,57.99999999999999,7.380423767265403,pieron
1916,4_epo,59.0,7.380423767265403,pieron
1917,4_epo,60.0,7.380423767265403,pieron
1918,4_epo,61.0,7.380423767265403,pieron
1919,4_epo,62.0,7.380423767265403,pieron
1920,4_epo,63.0,7.380423767265403,pieron
1921,4_epo,64.0,7.380423767265403,pieron
1922,4_epo,65.0,7.380423767265403,pieron
1923,4_epo,66.0,7.380423767265403,pieron
1924,4_epo,67.0,7.380423767265403,pieron
1925,4_epo,68.0,7.380423767265401,pieron
1926,4_epo,69.0,7.380423767265401,pieron
1927,4_epo,70.0,7.380423767265401,pieron
1928,4_epo,71.0,7.380423767265401,pieron
1929,4_epo,72.0,7.380423767265401,pieron
1930,4_epo,73.0,7.380423767265401,pieron
1931,4_epo,74.0,7.380423767265401,pieron
1932,4_epo,75.0,7.380423767265401,pieron
1933,4_epo,76.0,7.380423767265401,pieron
1934,4_epo,77.0,7.380423767265401,pieron
1935,4_epo,78.0,7.380423767265401,pieron
1936,4_epo,79.0,7.380423767265401,pieron
1937,4_epo,80.0,7.380423767265401,pieron
1938,4_epo,81.0,7.380423767265401,pieron
1939,4_epo,82.0,7.380423767265401,pieron
1940,4_epo,83.0,7.380423767265401,pieron
1941,4_epo,84.0,7.380423767265401,pieron
1942,4_epo,85.0,7.380423767265401,pieron
1943,4_epo,86.0,7.380423767265401,pieron
1944,4_epo,87.0,7.380423767265401,pieron
1945,4_epo,88.0,7.380423767265401,pieron
1946,4_epo,89.0,7.380423767265401,pieron
1947,4_epo,90.0,7.380423767265401,pieron
1948,4_epo,91.0,7.380423767265401,pieron
1949,4_epo,92.0,7.380423767265401,pieron
1950,4_epo,93.0,7.380423767265401,pieron
1951,4_epo,94.0,7.380423767265401,pieron
1952,4_epo,95.0,7.380423767265401,pieron
1953,5_epo,3.0,9.134649736916453,pieron
1954,5_epo,4.0,9.040640936159113,pieron
1955,5_epo,5.0,8.968388823938003,pieron
1956,5_epo,6.0,8.909783401170795,pieron
1957,5_epo,7.000000000000001,8.860532101821544,pieron
1958,5_epo,8.0,8.818088801303798,pieron
1959,5_epo,9.0,8.780819945881488,pieron
1960,5_epo,10.0,8.74761530875536,pieron
1961,5_epo,11.0,8.717686242075903,pieron
1962,5_epo,12.0,8.690452567103687,pieron
1963,5_epo,13.0,8.66547515001498,pieron
1964,5_epo,14.000000000000002,8.64241367978274,pieron
1965,5_epo,15.0,8.620999133595536,pieron
1966,5_epo,16.0,8.60101519978239,pieron
1967,5_epo,17.0,8.58228537653047,pieron
1968,5_epo,18.0,8.56466378631983,pieron
1969,5_epo,19.0,8.548028492507003,pieron
1970,5_epo,20.0,8.532276542886441,pieron
1971,5_epo,21.0,8.51732023137883,pieron
1972,5_epo,22.0,8.503084235661406,pieron
1973,5_epo,23.0,8.489503395637948,pieron
1974,5_epo,24.0,8.476520968080415,pieron
1975,5_epo,25.0,8.46408724008906,pieron
1976,5_epo,26.0,8.452158416412813,pieron
1977,5_epo,27.0,8.440695718237516,pieron
1978,5_epo,28.000000000000004,8.429664647018301,pieron
1979,5_epo,28.999999999999996,8.419034378396356,pieron
1980,5_epo,30.0,8.408777259580637,pieron
1981,5_epo,31.0,8.398868389716952,pieron
1982,5_epo,32.0,8.389285267341583,pieron
1983,5_epo,33.0,8.3800074924599,pieron
1984,5_epo,34.0,8.3710165134076,pieron
1985,5_epo,35.0,8.362295410659556,pieron
1986,5_epo,36.0,8.35382871130431,pieron
1987,5_epo,37.0,8.345602229113227,pieron
1988,5_epo,38.0,8.33760292608475,pieron
1989,5_epo,39.0,8.329818792097145,pieron
1990,5_epo,40.0,8.322238739902748,pieron
1991,5_epo,41.0,8.314852513177444,pieron
1992,5_epo,42.0,8.30765060572671,pieron
1993,5_epo,43.0,8.300624190263868,pieron
1994,5_epo,44.0,8.293765055432466,pieron
1995,5_epo,45.0,8.287065549954658,pieron
1996,5_epo,46.0,8.28051853296035,pieron
1997,5_epo,47.0,8.274117329694917,pieron
1998,5_epo,48.0,8.267855691922062,pieron
1999,5_epo,49.0,8.261727762437626,pieron
2000,5_epo,50.0,8.255728043193034,pieron
2001,5_epo,51.0,8.249851366597069,pieron
2002,5_epo,52.0,8.244092869623476,pieron
2003,5_epo,53.0,8.23844797040184,pieron
2004,5_epo,54.0,8.23291234701163,pieron
2005,5_epo,55.00000000000001,8.227481918235426,pieron
2006,5_epo,56.00000000000001,8.222152826058258,pieron
2007,5_epo,56.99999999999999,8.216921419726601,pieron
2008,5_epo,57.99999999999999,8.21178424120327,pieron
2009,5_epo,59.0,8.206738011874231,pieron
2010,5_epo,60.0,8.201779620380341,pieron
2011,5_epo,61.0,8.196906111461804,pieron
2012,5_epo,62.0,8.192114675715958,pieron
2013,5_epo,63.0,8.187402640180203,pieron
2014,5_epo,64.0,8.182767459661639,pieron
2015,5_epo,65.0,8.178206708743566,pieron
2016,5_epo,66.0,8.173718074406448,pieron
2017,5_epo,67.0,8.169299349207604,pieron
2018,5_epo,68.0,8.164948424969676,pieron
2019,5_epo,69.0,8.160663286933003,pieron
2020,5_epo,70.0,8.156442008331672,pieron
2021,5_epo,71.0,8.152282745356949,pieron
2022,5_epo,72.0,8.148183732475381,pieron
2023,5_epo,73.0,8.144143278072084,pieron
2024,5_epo,74.0,8.140159760392475,pieron
2025,5_epo,75.0,8.13623162375829,pieron
2026,5_epo,76.0,8.132357375035976,pieron
2027,5_epo,77.0,8.128535580337504,pieron
2028,5_epo,78.0,8.124764861935558,pieron
2029,5_epo,79.0,8.121043895376594,pieron
2030,5_epo,80.0,8.117371406776712,pieron
2031,5_epo,81.0,8.11374617028672,pieron
2032,5_epo,82.0,8.110167005713754,pieron
2033,5_epo,83.0,8.106632776288125,pieron
2034,5_epo,84.0,8.103142386564759,pieron
2035,5_epo,85.0,8.099694780449743,pieron
2036,5_epo,86.0,8.09628893934307,pieron
2037,5_epo,87.0,8.092923880389483,pieron
2038,5_epo,88.0,8.08959865483,pieron
2039,5_epo,89.0,8.08631234644722,pieron
2040,5_epo,90.0,8.083064070098088,pieron
2041,5_epo,91.0,8.079852970328307,pieron
2042,5_epo,92.0,8.076678220062995,pieron
2043,5_epo,93.0,8.073539019368605,pieron
2044,5_epo,94.0,8.070434594281545,pieron
2045,5_epo,95.0,8.067364195699193,pieron
2046,6_epo,3.0,9.825080940377717,pieron
2047,6_epo,4.0,9.755687887182802,pieron
2048,6_epo,5.0,9.702200150364252,pieron
2049,6_epo,6.0,9.658715252620324,pieron
2050,6_epo,7.000000000000001,9.622101383703308,pieron
2051,6_epo,8.0,9.590497214989192,pieron
2052,6_epo,9.0,9.56270653694934,pieron
2053,6_epo,10.0,9.537915172910093,pieron
2054,6_epo,11.0,9.515544028603562,pieron
2055,6_epo,12.0,9.495166594282937,pieron
2056,6_epo,13.0,9.47645970965487,pieron
2057,6_epo,14.000000000000002,9.459172699035431,pieron
2058,6_epo,15.0,9.443107223614616,pieron
2059,6_epo,16.0,9.428103675965001,pieron
2060,6_epo,17.0,9.41403172355849,pieron
2061,6_epo,18.0,9.400783570665812,pieron
2062,6_epo,19.0,9.388269052179817,pieron
2063,6_epo,20.0,9.37641199271829,pieron
2064,6_epo,21.0,9.365147458784346,pieron
2065,6_epo,22.0,9.354419653515865,pieron
2066,6_epo,23.0,9.344180281831331,pieron
2067,6_epo,24.0,9.334387265296748,pieron
2068,6_epo,25.0,9.325003720665253,pieron
2069,6_epo,26.0,9.315997139761647,pieron
2070,6_epo,27.0,9.307338724916203,pieron
2071,6_epo,28.000000000000004,9.299002845856544,pieron
2072,6_epo,28.999999999999996,9.29096659237329,pieron
2073,6_epo,30.0,9.283209403193906,pieron
2074,6_epo,31.0,9.275712756007158,pieron
2075,6_epo,32.0,9.268459906939762,pieron
2076,6_epo,33.0,9.261435670316049,pieron
2077,6_epo,34.0,9.254626231454775,pieron
2078,6_epo,35.0,9.248018986732923,pieron
2079,6_epo,36.0,9.241602406288342,pieron
2080,6_epo,37.0,9.235365915624019,pieron
2081,6_epo,38.0,9.229299793076972,pieron
2082,6_epo,39.0,9.223395080668908,pieron
2083,6_epo,40.0,9.217643506297529,pieron
2084,6_epo,41.0,9.212037415581277,pieron
2085,6_epo,42.0,9.20656971195612,pieron
2086,6_epo,43.0,9.201233803854436,pieron
2087,6_epo,44.0,9.196023557985216,pieron
2088,6_epo,45.0,9.190933257889418,pieron
2089,6_epo,46.0,9.185957567072078,pieron
2090,6_epo,47.0,9.181091496118102,pieron
2091,6_epo,48.0,9.176330373286529,pieron
2092,6_epo,49.0,9.171669818151146,pieron
2093,6_epo,50.0,9.167105717916678,pieron
2094,6_epo,51.0,9.162634206091367,pieron
2095,6_epo,52.0,9.158251643240293,pieron
2096,6_epo,53.0,9.153954599580645,pieron
2097,6_epo,54.0,9.149739839211534,pieron
2098,6_epo,55.00000000000001,9.145604305797685,pieron
2099,6_epo,56.00000000000001,9.14154510954914,pieron
2100,6_epo,56.99999999999999,9.137559515358834,pieron
2101,6_epo,57.99999999999999,9.133644931976695,pieron
2102,6_epo,59.0,9.12979890211355,pieron
2103,6_epo,60.0,9.126019093380652,pieron
2104,6_epo,61.0,9.122303289981701,pieron
2105,6_epo,62.0,9.118649385083536,pieron
2106,6_epo,63.0,9.115055373800175,pieron
2107,6_epo,64.0,9.111519346731965,pieron
2108,6_epo,65.0,9.108039484008009,pieron
2109,6_epo,66.0,9.104614049785587,pieron
2110,6_epo,67.0,9.10124138716514,pieron
2111,6_epo,68.0,9.09791991348378,pieron
2112,6_epo,69.0,9.094648115953984,pieron
2113,6_epo,70.0,9.091424547617583,pieron
2114,6_epo,71.0,9.088247823588114,pieron
2115,6_epo,72.0,9.085116617557176,pieron
2116,6_epo,73.0,9.082029658542945,pieron
2117,6_epo,74.0,9.078985727860916,pieron
2118,6_epo,75.0,9.075983656298956,pieron
2119,6_epo,76.0,9.073022321480346,pieron
2120,6_epo,77.0,9.070100645400005,pieron
2121,6_epo,78.0,9.067217592120437,pieron
2122,6_epo,79.0,9.06437216561515,pieron
2123,6_epo,80.0,9.061563407748366,pieron
2124,6_epo,81.0,9.058790396380822,pieron
2125,6_epo,82.0,9.056052243592344,pieron
2126,6_epo,83.0,9.053348094012673,pieron
2127,6_epo,84.0,9.050677123252715,pieron
2128,6_epo,85.0,9.048038536429067,pieron
2129,6_epo,86.0,9.045431566775262,pieron
2130,6_epo,87.0,9.042855474333663,pieron
2131,6_epo,88.0,9.040309544722483,pieron
2132,6_epo,89.0,9.037793087972773,pieron
2133,6_epo,90.0,9.035305437430742,pieron
2134,6_epo,91.0,9.032845948720981,pieron
2135,6_epo,92.0,9.030413998766633,pieron
2136,6_epo,93.0,9.028008984862776,pieron
2137,6_epo,94.0,9.025630323799605,pieron
2138,6_epo,95.0,9.023277451032229,pieron
2139,7_epo,3.0,9.245772048875539,pieron
2140,7_epo,4.0,9.205701400759699,pieron
2141,7_epo,5.0,9.174739824642744,pieron
2142,7_epo,6.0,9.149519691301233,pieron
2143,7_epo,7.000000000000001,9.128250466648513,pieron
2144,7_epo,8.0,9.109866195407003,pieron
2145,7_epo,9.0,9.093680854627825,pieron
2146,7_epo,10.0,9.079226942258833,pieron
2147,7_epo,11.0,9.066171580118231,pieron
2148,7_epo,12.0,9.054269361063279,pieron
2149,7_epo,13.0,9.04333417978574,pieron
2150,7_epo,14.000000000000002,9.033221557943097,pieron
2151,7_epo,15.0,9.023817096993229,pieron
2152,7_epo,16.0,9.015028674661398,pieron
2153,7_epo,17.0,9.00678101731368,pieron
2154,7_epo,18.0,8.99901183005538,pieron
2155,7_epo,19.0,8.991668977248267,pieron
2156,7_epo,20.0,8.984708388964968,pieron
2157,7_epo,21.0,8.978092480108744,pieron
2158,7_epo,22.0,8.9717889386096,pieron
2159,7_epo,23.0,8.96576978393113,pieron
2160,7_epo,24.0,8.960010626637619,pieron
2161,7_epo,25.0,8.954490079619134,pieron
2162,7_epo,26.0,8.949189285174963,pieron
2163,7_epo,27.0,8.944091531640343,pieron
2164,7_epo,28.000000000000004,8.939181939959136,pieron
2165,7_epo,28.999999999999996,8.934447205432072,pieron
2166,7_epo,30.0,8.929875383384733,pieron
2167,7_epo,31.0,8.92545571008974,pieron
2168,7_epo,32.0,8.92117845220846,pieron
2169,7_epo,33.0,8.917034779471871,pieron
2170,7_epo,34.0,8.91301665642644,pieron
2171,7_epo,35.0,8.909116749920006,pieron
2172,7_epo,36.0,8.905328349659902,pieron
2173,7_epo,37.0,8.901645299688484,pieron
2174,7_epo,38.0,8.89806193902444,pieron
2175,7_epo,39.0,8.894573050037572,pieron
2176,7_epo,40.0,8.891173813379075,pieron
2177,7_epo,41.0,8.88785976849357,pieron
2178,7_epo,42.0,8.884626778903653,pieron
2179,7_epo,43.0,8.88147100159142,pieron
2180,7_epo,44.0,8.878388859910359,pieron
2181,7_epo,45.0,8.875377019550315,pieron
2182,7_epo,46.0,8.872432367151884,pieron
2183,7_epo,47.0,8.869551991227445,pieron
2184,7_epo,48.0,8.866733165096745,pieron
2185,7_epo,49.0,8.863973331587095,pieron
2186,7_epo,50.0,8.861270089283781,pieron
2187,7_epo,51.0,8.858621180146004,pieron
2188,7_epo,52.0,8.856024478328838,pieron
2189,7_epo,53.0,8.853477980073032,pieron
2190,7_epo,54.0,8.850979794542578,pieron
2191,7_epo,55.00000000000001,8.848528135505445,pieron
2192,7_epo,56.00000000000001,8.846121313766071,pieron
2193,7_epo,56.99999999999999,8.843757730269589,pieron
2194,7_epo,57.99999999999999,8.84143586980753,pieron
2195,7_epo,59.0,8.83915429526311,pieron
2196,7_epo,60.0,8.8369116423416,pieron
2197,7_epo,61.0,8.83470661473749,pieron
2198,7_epo,62.0,8.83253797969581,pieron
2199,7_epo,63.0,8.830404563929564,pieron
2200,7_epo,64.0,8.828305249859655,pieron
2201,7_epo,65.0,8.826238972147122,pieron
2202,7_epo,66.0,8.824204714490914,pieron
2203,7_epo,67.0,8.82220150666718,pieron
2204,7_epo,68.0,8.820228421788487,pieron
2205,7_epo,69.0,8.818284573763748,pieron
2206,7_epo,70.0,8.816369114941399,pieron
2207,7_epo,71.0,8.81448123392026,pieron
2208,7_epo,72.0,8.812620153513937,pieron
2209,7_epo,73.0,8.81078512885601,pieron
2210,7_epo,74.0,8.808975445634548,pieron
2211,7_epo,75.0,8.807190418445442,pieron
2212,7_epo,76.0,8.805429389255115,pieron
2213,7_epo,77.0,8.803691725964036,pieron
2214,7_epo,78.0,8.801976821063151,pieron
2215,7_epo,79.0,8.800284090376191,pieron
2216,7_epo,80.0,8.798612971881287,pieron
2217,7_epo,81.0,8.79696292460601,pieron
2218,7_epo,82.0,8.795333427590396,pieron
2219,7_epo,83.0,8.793723978913015,pieron
2220,7_epo,84.0,8.792134094775529,pieron
2221,7_epo,85.0,8.790563308641588,pieron
2222,7_epo,86.0,8.789011170426216,pieron
2223,7_epo,87.0,8.787477245732218,pieron
2224,7_epo,88.0,8.785961115130329,pieron
2225,7_epo,89.0,8.784462373480178,pieron
2226,7_epo,90.0,8.782980629289277,pieron
2227,7_epo,91.0,8.781515504107547,pieron
2228,7_epo,92.0,8.780066631955028,pieron
2229,7_epo,93.0,8.778633658780603,pieron
2230,7_epo,94.0,8.77721624194977,pieron
2231,7_epo,95.0,8.7758140497596,pieron
2232,8_epo,3.0,11.327878631379491,pieron
2233,8_epo,4.0,11.058338774407199,pieron
2234,8_epo,5.0,10.853692044724529,pieron
2235,8_epo,6.0,10.68929801647077,pieron
2236,8_epo,7.000000000000001,10.552248967413526,pieron
2237,8_epo,8.0,10.434952789773824,pieron
2238,8_epo,9.0,10.332572949326298,pieron
2239,8_epo,10.0,10.24184250382721,pieron
2240,8_epo,11.0,10.160453357714625,pieron
2241,8_epo,12.0,10.086715774691474,pieron
2242,8_epo,13.0,10.019356430469758,pieron
2243,8_epo,14.000000000000002,9.957392520451378,pieron
2244,8_epo,15.0,9.90004999797404,pieron
2245,8_epo,16.0,9.846708619274112,pieron
2246,8_epo,17.0,9.79686391186278,pieron
2247,8_epo,18.0,9.750100184364614,pieron
2248,8_epo,19.0,9.706070948105188,pieron
2249,8_epo,20.0,9.664484439116396,pieron
2250,8_epo,21.0,9.625092727708333,pieron
2251,8_epo,22.0,9.587683401039104,pieron
2252,8_epo,23.0,9.552073123405346,pieron
2253,8_epo,24.0,9.518102588461778,pieron
2254,8_epo,25.0,9.485632517966039,pieron
2255,8_epo,26.0,9.454540457544752,pieron
2256,8_epo,27.0,9.424718186634406,pieron
2257,8_epo,28.000000000000004,9.396069606822758,pieron
2258,8_epo,28.999999999999996,9.368509006543178,pieron
2259,8_epo,30.0,9.341959624563723,pieron
2260,8_epo,31.0,9.316352452714735,pieron
2261,8_epo,32.0,9.291625231683359,pieron
2262,8_epo,33.0,9.267721603760592,pieron
2263,8_epo,34.0,9.244590394058278,pieron
2264,8_epo,35.0,9.222184997557829,pieron
2265,8_epo,36.0,9.200462853866929,pieron
2266,8_epo,37.0,9.179384995075614,pieron
2267,8_epo,38.0,9.158915654860852,pieron
2268,8_epo,39.0,9.139021929167962,pieron
2269,8_epo,40.0,9.119673480530489,pieron
2270,8_epo,41.0,9.100842279477854,pieron
2271,8_epo,42.0,9.08250237759748,pieron
2272,8_epo,43.0,9.06462970772321,pieron
2273,8_epo,44.0,9.047201907458687,pieron
2274,8_epo,45.0,9.030198162847668,pieron
2275,8_epo,46.0,9.013599069499067,pieron
2276,8_epo,47.0,8.997386508884636,pieron
2277,8_epo,48.0,8.981543537867147,pieron
2278,8_epo,49.0,8.966054289800518,pieron
2279,8_epo,50.0,8.950903885780539,pieron
2280,8_epo,51.0,8.936078354824069,pieron
2281,8_epo,52.0,8.921564561922619,pieron
2282,8_epo,53.0,8.907350143058387,pieron
2283,8_epo,54.0,8.893423446391457,pieron
2284,8_epo,55.00000000000001,8.879773478929692,pieron
2285,8_epo,56.00000000000001,8.866389858080666,pieron
2286,8_epo,56.99999999999999,8.853262767560258,pieron
2287,8_epo,57.99999999999999,8.840382917197209,pieron
2288,8_epo,59.0,8.827741506228696,pieron
2289,8_epo,60.0,8.815330189730181,pieron
2290,8_epo,61.0,8.803141047864521,pieron
2291,8_epo,62.0,8.79116655767161,pieron
2292,8_epo,63.0,8.779399567151371,pieron
2293,8_epo,64.0,8.767833271420525,pieron
2294,8_epo,65.0,8.75646119074758,pieron
2295,8_epo,66.0,8.745277150291765,pieron
2296,8_epo,67.0,8.734275261390003,pieron
2297,8_epo,68.0,8.723449904252549,pieron
2298,8_epo,69.0,8.712795711942196,pieron
2299,8_epo,70.0,8.702307555524776,pieron
2300,8_epo,71.0,8.691980530289912,pieron
2301,8_epo,72.0,8.681809942951013,pieron
2302,8_epo,73.0,8.671791299742345,pieron
2303,8_epo,74.0,8.66192029533903,pieron
2304,8_epo,75.0,8.652192802532715,pieron
2305,8_epo,76.0,8.642604862602136,pieron
2306,8_epo,77.0,8.633152676323244,pieron
2307,8_epo,78.0,8.62383259556882,pieron
2308,8_epo,79.0,8.61464111545181,pieron
2309,8_epo,80.0,8.605574866970862,pieron
2310,8_epo,81.0,8.596630610120092,pieron
2311,8_epo,82.0,8.587805227428461,pieron
2312,8_epo,83.0,8.579095717897065,pieron
2313,8_epo,84.0,8.570499191305414,pieron
2314,8_epo,85.0,8.562012862860081,pieron
2315,8_epo,86.0,8.553634048161411,pieron
2316,8_epo,87.0,8.545360158465927,pieron
2317,8_epo,88.0,8.537188696223854,pieron
2318,8_epo,89.0,8.529117250872895,pieron
2319,8_epo,90.0,8.521143494870827,pieron
2320,8_epo,91.0,8.51326517995084,pieron
2321,8_epo,92.0,8.505480133584902,pieron
2322,8_epo,93.0,8.49778625564135,pieron
2323,8_epo,94.0,8.490181515224204,pieron
2324,8_epo,95.0,8.482663947682399,pieron
2325,9_epo,3.0,7.7949674584526365,pieron
2326,9_epo,4.0,7.7949674584526365,pieron
2327,9_epo,5.0,7.7949674584526365,pieron
2328,9_epo,6.0,7.7949674584526365,pieron
2329,9_epo,7.000000000000001,7.7949674584526365,pieron
2330,9_epo,8.0,7.7949674584526365,pieron
2331,9_epo,9.0,7.7949674584526365,pieron
2332,9_epo,10.0,7.7949674584526365,pieron
2333,9_epo,11.0,7.7949674584526365,pieron
2334,9_epo,12.0,7.7949674584526365,pieron
2335,9_epo,13.0,7.7949674584526365,pieron
2336,9_epo,14.000000000000002,7.7949674584526365,pieron
2337,9_epo,15.0,7.7949674584526365,pieron
2338,9_epo,16.0,7.7949674584526365,pieron
2339,9_epo,17.0,7.7949674584526365,pieron
2340,9_epo,18.0,7.7949674584526365,pieron
2341,9_epo,19.0,7.7949674584526365,pieron
2342,9_epo,20.0,7.7949674584526365,pieron
2343,9_epo,21.0,7.7949674584526365,pieron
2344,9_epo,22.0,7.7949674584526365,pieron
2345,9_epo,23.0,7.7949674584526365,pieron
2346,9_epo,24.0,7.7949674584526365,pieron
2347,9_epo,25.0,7.7949674584526365,pieron
2348,9_epo,26.0,7.7949674584526365,pieron
2349,9_epo,27.0,7.7949674584526365,pieron
2350,9_epo,28.000000000000004,7.7949674584526365,pieron
2351,9_epo,28.999999999999996,7.7949674584526365,pieron
2352,9_epo,30.0,7.7949674584526365,pieron
2353,9_epo,31.0,7.7949674584526365,pieron
2354,9_epo,32.0,7.7949674584526365,pieron
2355,9_epo,33.0,7.7949674584526365,pieron
2356,9_epo,34.0,7.7949674584526365,pieron
2357,9_epo,35.0,7.7949674584526365,pieron
2358,9_epo,36.0,7.7949674584526365,pieron
2359,9_epo,37.0,7.7949674584526365,pieron
2360,9_epo,38.0,7.7949674584526365,pieron
2361,9_epo,39.0,7.7949674584526365,pieron
2362,9_epo,40.0,7.7949674584526365,pieron
2363,9_epo,41.0,7.7949674584526365,pieron
2364,9_epo,42.0,7.7949674584526365,pieron
2365,9_epo,43.0,7.7949674584526365,pieron
2366,9_epo,44.0,7.7949674584526365,pieron
2367,9_epo,45.0,7.7949674584526365,pieron
2368,9_epo,46.0,7.7949674584526365,pieron
2369,9_epo,47.0,7.7949674584526365,pieron
2370,9_epo,48.0,7.7949674584526365,pieron
2371,9_epo,49.0,7.7949674584526365,pieron
2372,9_epo,50.0,7.7949674584526365,pieron
2373,9_epo,51.0,7.7949674584526365,pieron
2374,9_epo,52.0,7.7949674584526365,pieron
2375,9_epo,53.0,7.7949674584526365,pieron
2376,9_epo,54.0,7.7949674584526365,pieron
2377,9_epo,55.00000000000001,7.7949674584526365,pieron
2378,9_epo,56.00000000000001,7.7949674584526365,pieron
2379,9_epo,56.99999999999999,7.7949674584526365,pieron
2380,9_epo,57.99999999999999,7.7949674584526365,pieron
2381,9_epo,59.0,7.7949674584526365,pieron
2382,9_epo,60.0,7.7949674584526365,pieron
2383,9_epo,61.0,7.7949674584526365,pieron
2384,9_epo,62.0,7.7949674584526365,pieron
2385,9_epo,63.0,7.7949674584526365,pieron
2386,9_epo,64.0,7.7949674584526365,pieron
2387,9_epo,65.0,7.7949674584526365,pieron
2388,9_epo,66.0,7.7949674584526365,pieron
2389,9_epo,67.0,7.7949674584526365,pieron
2390,9_epo,68.0,7.7949674584526365,pieron
2391,9_epo,69.0,7.7949674584526365,pieron
2392,9_epo,70.0,7.7949674584526365,pieron
2393,9_epo,71.0,7.7949674584526365,pieron
2394,9_epo,72.0,7.7949674584526365,pieron
2395,9_epo,73.0,7.7949674584526365,pieron
2396,9_epo,74.0,7.7949674584526365,pieron
2397,9_epo,75.0,7.7949674584526365,pieron
2398,9_epo,76.0,7.7949674584526365,pieron
2399,9_epo,77.0,7.7949674584526365,pieron
2400,9_epo,78.0,7.7949674584526365,pieron
2401,9_epo,79.0,7.7949674584526365,pieron
2402,9_epo,80.0,7.7949674584526365,pieron
2403,9_epo,81.0,7.7949674584526365,pieron
2404,9_epo,82.0,7.7949674584526365,pieron
2405,9_epo,83.0,7.7949674584526365,pieron
2406,9_epo,84.0,7.7949674584526365,pieron
2407,9_epo,85.0,7.7949674584526365,pieron
2408,9_epo,86.0,7.7949674584526365,pieron
2409,9_epo,87.0,7.7949674584526365,pieron
2410,9_epo,88.0,7.7949674584526365,pieron
2411,9_epo,89.0,7.7949674584526365,pieron
2412,9_epo,90.0,7.7949674584526365,pieron
2413,9_epo,91.0,7.7949674584526365,pieron
2414,9_epo,92.0,7.7949674584526365,pieron
2415,9_epo,93.0,7.7949674584526365,pieron
2416,9_epo,94.0,7.7949674584526365,pieron
2417,9_epo,95.0,7.7949674584526365,pieron
