,participant,contrast,mpc,name
0,0_epo,3.0,0.999990763169761,fechner
1,0_epo,4.0,0.9991663055591573,fechner
2,0_epo,5.0,0.995087723962981,fechner
3,0_epo,6.0,0.98647433194378,fechner
4,0_epo,7.000000000000001,0.9737197964085046,fechner
5,0_epo,8.0,0.9579538651557657,fechner
6,0_epo,9.0,0.9403760475769226,fechner
7,0_epo,10.0,0.9219770882527638,fechner
8,0_epo,11.0,0.9034789126538959,fechner
9,0_epo,12.0,0.8853647780730298,fechner
10,0_epo,13.0,0.8679341390984013,fechner
11,0_epo,14.000000000000002,0.8513552824888996,fechner
12,0_epo,15.0,0.8357074351425319,fechner
13,0_epo,16.0,0.8210117102181373,fechner
14,0_epo,17.0,0.8072527833108293,fechner
15,0_epo,18.0,0.7943936097521557,fechner
16,0_epo,19.0,0.7823851859152455,fechner
17,0_epo,20.0,0.7711728882905324,fechner
18,0_epo,21.0,0.7607004959517625,fechner
19,0_epo,22.0,0.7509126671094565,fechner
20,0_epo,23.0,0.741756396350499,fechner
21,0_epo,24.0,0.7331818078565827,fechner
22,0_epo,25.0,0.7251425222484585,fechner
23,0_epo,26.0,0.7175957549401842,fechner
24,0_epo,27.0,0.7105022502299932,fechner
25,0_epo,28.000000000000004,0.7038261194365688,fechner
26,0_epo,28.999999999999996,0.6975346274300911,fechner
27,0_epo,30.0,0.6915979559730723,fechner
28,0_epo,31.0,0.685988961723923,fechner
29,0_epo,32.0,0.6806829397859349,fechner
30,0_epo,33.0,0.6756573991133153,fechner
31,0_epo,34.0,0.67089185311598,fechner
32,0_epo,35.0,0.6663676269016323,fechner
33,0_epo,36.0,0.6620676813994005,fechner
34,0_epo,37.0,0.6579764538841312,fechner
35,0_epo,38.0,0.6540797140035897,fechner
36,0_epo,39.0,0.6503644341946424,fechner
37,0_epo,40.0,0.6468186732869233,fechner
38,0_epo,41.0,0.6434314720855052,fechner
39,0_epo,42.0,0.6401927597657714,fechner
40,0_epo,43.0,0.6370932699830294,fechner
41,0_epo,44.0,0.6341244656827293,fechner
42,0_epo,45.0,0.6312784716856342,fechner
43,0_epo,46.0,0.6285480142105168,fechner
44,0_epo,47.0,0.6259263665815705,fechner
45,0_epo,48.0,0.623407300446942,fechner
46,0_epo,49.0,0.6209850419076607,fechner
47,0_epo,50.0,0.618654232022515,fechner
48,0_epo,51.0,0.6164098912141498,fechner
49,0_epo,52.0,0.6142473871551548,fechner
50,0_epo,53.0,0.6121624057606088,fechner
51,0_epo,54.0,0.610150924955914,fechner
52,0_epo,55.00000000000001,0.6082091909263183,fechner
53,0_epo,56.00000000000001,0.6063336965877388,fechner
54,0_epo,56.99999999999999,0.6045211620478744,fechner
55,0_epo,57.99999999999999,0.6027685168525185,fechner
56,0_epo,59.0,0.6010728838348779,fechner
57,0_epo,60.0,0.5994315644059071,fechner
58,0_epo,61.0,0.597842025141503,fechner
59,0_epo,62.0,0.5963018855381639,fechner
60,0_epo,63.0,0.5948089068226273,fechner
61,0_epo,64.0,0.5933609817133144,fechner
62,0_epo,65.0,0.5919561250422885,fechner
63,0_epo,66.0,0.5905924651560783,fechner
64,0_epo,67.0,0.5892682360222602,fechner
65,0_epo,68.0,0.5879817699762653,fechner
66,0_epo,69.0,0.5867314910496101,fechner
67,0_epo,70.0,0.5855159088267227,fechner
68,0_epo,71.0,0.5843336127828592,fechner
69,0_epo,72.0,0.5831832670603366,fechner
70,0_epo,73.0,0.5820636056445365,fechner
71,0_epo,74.0,0.5809734279048919,fechner
72,0_epo,75.0,0.5799115944694471,fechner
73,0_epo,76.0,0.5788770234045797,fechner
74,0_epo,77.0,0.5778686866741771,fechner
75,0_epo,78.0,0.5768856068549643,fechner
76,0_epo,79.0,0.5759268540868588,fechner
77,0_epo,80.0,0.5749915432391642,fechner
78,0_epo,81.0,0.5740788312751625,fechner
79,0_epo,82.0,0.5731879147992511,fechner
80,0_epo,83.0,0.5723180277721699,fechner
81,0_epo,84.0,0.5714684393811584,fechner
82,0_epo,85.0,0.5706384520530301,fechner
83,0_epo,86.0,0.5698273995991905,fechner
84,0_epo,87.0,0.5690346454825755,fechner
85,0_epo,88.0,0.5682595811973373,fechner
86,0_epo,89.0,0.5675016247528758,fechner
87,0_epo,90.0,0.5667602192545214,fechner
88,0_epo,91.0,0.5660348315738046,fechner
89,0_epo,92.0,0.565324951101833,fechner
90,0_epo,93.0,0.5646300885798212,fechner
91,0_epo,94.0,0.5639497750012931,fechner
92,0_epo,95.0,0.5632835605809218,fechner
93,10_epo,3.0,0.9999948189688261,fechner
94,10_epo,4.0,0.9994144562239055,fechner
95,10_epo,5.0,0.9962266036311592,fechner
96,10_epo,6.0,0.9890510390671979,fechner
97,10_epo,7.000000000000001,0.9779572380420248,fechner
98,10_epo,8.0,0.9638044350984092,fechner
99,10_epo,9.0,0.9476382551864176,fechner
100,10_epo,10.0,0.9303897660469289,fechner
101,10_epo,11.0,0.9127785142424744,fechner
102,10_epo,12.0,0.8953138117055898,fechner
103,10_epo,13.0,0.8783316969770724,fechner
104,10_epo,14.000000000000002,0.8620379679210294,fechner
105,10_epo,15.0,0.8465458534989049,fechner
106,10_epo,16.0,0.8319053873121105,fechner
107,10_epo,17.0,0.8181249481310322,fechner
108,10_epo,18.0,0.8051864755529422,fechner
109,10_epo,19.0,0.793055944301124,fechner
110,10_epo,20.0,0.7816904288404208,fechner
111,10_epo,21.0,0.7710427778128477,fechner
112,10_epo,22.0,0.761064641353764,fechner
113,10_epo,23.0,0.7517083776604233,fechner
114,10_epo,24.0,0.7429282052063556,fechner
115,10_epo,25.0,0.7346808527507426,fechner
116,10_epo,26.0,0.7269258792950076,fechner
117,10_epo,27.0,0.719625780789872,fechner
118,10_epo,28.000000000000004,0.7127459623857693,fechner
119,10_epo,28.999999999999996,0.7062546290417708,fechner
120,10_epo,30.0,0.7001226296138883,fechner
121,10_epo,31.0,0.694323277525035,fechner
122,10_epo,32.0,0.6888321629790529,fechner
123,10_epo,33.0,0.6836269661879955,fechner
124,10_epo,34.0,0.6786872773930772,fechner
125,10_epo,35.0,0.6739944270000452,fechner
126,10_epo,36.0,0.6695313275264002,fechner
127,10_epo,37.0,0.665282328002583,fechner
128,10_epo,38.0,0.6612330807985234,fechner
129,10_epo,39.0,0.6573704204354817,fechner
130,10_epo,40.0,0.6536822537051722,fechner
131,10_epo,41.0,0.6501574602952,fechner
132,10_epo,42.0,0.6467858030719114,fechner
133,10_epo,43.0,0.6435578471717268,fechner
134,10_epo,44.0,0.640464887081504,fechner
135,10_epo,45.0,0.6374988809350756,fechner
136,10_epo,46.0,0.6346523913086946,fechner
137,10_epo,47.0,0.6319185318571982,fechner
138,10_epo,48.0,0.6292909191919396,fechner
139,10_epo,49.0,0.626763629458709,fechner
140,10_epo,50.0,0.6243311591277871,fechner
141,10_epo,51.0,0.6219883895582686,fechner
142,10_epo,52.0,0.6197305549445926,fechner
143,10_epo,53.0,0.6175532132948303,fechner
144,10_epo,54.0,0.6154522201278254,fechner
145,10_epo,55.00000000000001,0.6134237046100125,fechner
146,10_epo,56.00000000000001,0.6114640478829199,fechner
147,10_epo,56.99999999999999,0.609569863359309,fechner
148,10_epo,57.99999999999999,0.6077379787899022,fechner
149,10_epo,59.0,0.605965419924012,fechner
150,10_epo,60.0,0.6042493956063577,fechner
151,10_epo,61.0,0.6025872841692271,fechner
152,10_epo,62.0,0.6009766209941125,fechner
153,10_epo,63.0,0.5994150871302533,fechner
154,10_epo,64.0,0.5979004988693306,fechner
155,10_epo,65.0,0.5964307981860605,fechner
156,10_epo,66.0,0.5950040439637582,fechner
157,10_epo,67.0,0.5936184039322532,fechner
158,10_epo,68.0,0.5922721472529157,fechner
159,10_epo,69.0,0.5909636376921359,fechner
160,10_epo,70.0,0.5896913273304631,fechner
161,10_epo,71.0,0.5884537507598382,fechner
162,10_epo,72.0,0.5872495197260269,fechner
163,10_epo,73.0,0.5860773181775328,fechner
164,10_epo,74.0,0.5849358976859971,fechner
165,10_epo,75.0,0.5838240732064413,fechner
166,10_epo,76.0,0.5827407191486936,fechner
167,10_epo,77.0,0.5816847657340326,fechner
168,10_epo,78.0,0.5806551956134852,fechner
169,10_epo,79.0,0.579651040726389,fechner
170,10_epo,80.0,0.5786713793797708,fechner
171,10_epo,81.0,0.577715333530851,fechner
172,10_epo,82.0,0.5767820662565676,fechner
173,10_epo,83.0,0.5758707793954261,fechner
174,10_epo,84.0,0.5749807113482894,fechner
175,10_epo,85.0,0.5741111350258676,fechner
176,10_epo,86.0,0.5732613559317289,fechner
177,10_epo,87.0,0.5724307103706023,fechner
178,10_epo,88.0,0.5716185637726132,fechner
179,10_epo,89.0,0.5708243091248648,fechner
180,10_epo,90.0,0.5700473655025001,fechner
181,10_epo,91.0,0.5692871766920212,fechner
182,10_epo,92.0,0.5685432099002277,fechner
183,10_epo,93.0,0.5678149545426799,fechner
184,10_epo,94.0,0.567101921106067,fechner
185,10_epo,95.0,0.5664036400793192,fechner
186,11_epo,3.0,0.9999999988238908,fechner
187,11_epo,4.0,0.9999965367213969,fechner
188,11_epo,5.0,0.9999189358816515,fechner
189,11_epo,6.0,0.9995039277090297,fechner
190,11_epo,7.000000000000001,0.9983528886371282,fechner
191,11_epo,8.0,0.9961066557670396,fechner
192,11_epo,9.0,0.9925510735865781,fechner
193,11_epo,10.0,0.9876312769500352,fechner
194,11_epo,11.0,0.9814183356269219,fechner
195,11_epo,12.0,0.9740638518796557,fechner
196,11_epo,13.0,0.9657597935881996,fechner
197,11_epo,14.000000000000002,0.9567089904314271,fechner
198,11_epo,15.0,0.9471061176408009,fechner
199,11_epo,16.0,0.9371270010666852,fechner
200,11_epo,17.0,0.9269237881393501,fechner
201,11_epo,18.0,0.916623897752377,fechner
202,11_epo,19.0,0.9063311921868565,fechner
203,11_epo,20.0,0.8961283020114921,fechner
204,11_epo,21.0,0.8860794171494472,fechner
205,11_epo,22.0,0.8762331313461316,fechner
206,11_epo,23.0,0.8666251119740703,fechner
207,11_epo,24.0,0.8572804853618575,fechner
208,11_epo,25.0,0.8482158997656585,fechner
209,11_epo,26.0,0.8394412692516674,fechner
210,11_epo,27.0,0.8309612232685515,fechner
211,11_epo,28.000000000000004,0.8227762961658451,fechner
212,11_epo,28.999999999999996,0.8148838933565576,fechner
213,11_epo,30.0,0.8072790694095919,fechner
214,11_epo,31.0,0.7999551500474231,fechner
215,11_epo,32.0,0.792904225978014,fechner
216,11_epo,33.0,0.7861175423630304,fechner
217,11_epo,34.0,0.7795858038609836,fechner
218,11_epo,35.0,0.7732994117407282,fechner
219,11_epo,36.0,0.767248646586715,fechner
220,11_epo,37.0,0.7614238076025156,fechner
221,11_epo,38.0,0.7558153174240468,fechner
222,11_epo,39.0,0.7504137996273743,fechner
223,11_epo,40.0,0.7452101347044291,fechner
224,11_epo,41.0,0.740195499132842,fechner
225,11_epo,42.0,0.735361391238018,fechner
226,11_epo,43.0,0.7306996467972958,fechner
227,11_epo,44.0,0.7262024467343117,fechner
228,11_epo,45.0,0.7218623187687699,fechner
229,11_epo,46.0,0.7176721344999301,fechner
230,11_epo,47.0,0.7136251030925103,fechner
231,11_epo,48.0,0.709714762486282,fechner
232,11_epo,49.0,0.7059349688530532,fechner
233,11_epo,50.0,0.7022798848671644,fechner
234,11_epo,51.0,0.6987439672300692,fechner
235,11_epo,52.0,0.6953219537896508,fechner
236,11_epo,53.0,0.6920088505155324,fechner
237,11_epo,54.0,0.6887999185286371,fechner
238,11_epo,55.00000000000001,0.6856906613333913,fechner
239,11_epo,56.00000000000001,0.682676812361567,fechner
240,11_epo,56.99999999999999,0.6797543229057554,fechner
241,11_epo,57.99999999999999,0.6769193504961423,fechner
242,11_epo,59.0,0.6741682477552786,fechner
243,11_epo,60.0,0.671497551750811,fechner
244,11_epo,61.0,0.6689039738547997,fechner
245,11_epo,62.0,0.6663843901096186,fechner
246,11_epo,63.0,0.6639358320939214,fechner
247,11_epo,64.0,0.6615554782773542,fechner
248,11_epo,65.0,0.6592406458492266,fechner
249,11_epo,66.0,0.6569887830039203,fechner
250,11_epo,67.0,0.6547974616642386,fechner
251,11_epo,68.0,0.6526643706229235,fechner
252,11_epo,69.0,0.6505873090821205,fechner
253,11_epo,70.0,0.6485641805704819,fechner
254,11_epo,71.0,0.6465929872178079,fechner
255,11_epo,72.0,0.6446718243675393,fechner
256,11_epo,73.0,0.6427988755079961,fechner
257,11_epo,74.0,0.6409724075039228,fechner
258,11_epo,75.0,0.6391907661106796,fechner
259,11_epo,76.0,0.6374523717541934,fechner
260,11_epo,77.0,0.6357557155606313,fechner
261,11_epo,78.0,0.634099355620567,fechner
262,11_epo,79.0,0.6324819134732554,fechner
263,11_epo,80.0,0.6309020707974251,fechner
264,11_epo,81.0,0.6293585662957886,fechner
265,11_epo,82.0,0.6278501927612385,fechner
266,11_epo,83.0,0.6263757943134075,fechner
267,11_epo,84.0,0.624934263794983,fechner
268,11_epo,85.0,0.62352454031782,fechner
269,11_epo,86.0,0.6221456069495214,fechner
270,11_epo,87.0,0.6207964885317477,fechner
271,11_epo,88.0,0.6194762496220841,fechner
272,11_epo,89.0,0.6181839925518047,fechner
273,11_epo,90.0,0.6169188555923797,fechner
274,11_epo,91.0,0.6156800112240285,fechner
275,11_epo,92.0,0.6144666645000535,fechner
276,11_epo,93.0,0.613278051501107,fechner
277,11_epo,94.0,0.6121134378739074,fechner
278,11_epo,95.0,0.6109721174492904,fechner
279,12_epo,3.0,0.9929573897842615,fechner
280,12_epo,4.0,0.9537431675756368,fechner
281,12_epo,5.0,0.9061311255272753,fechner
282,12_epo,6.0,0.8619035953189368,fechner
283,12_epo,7.000000000000001,0.8237669049918148,fechner
284,12_epo,8.0,0.7915825240061842,fechner
285,12_epo,9.0,0.7644933986638347,fechner
286,12_epo,10.0,0.7415858815453362,fechner
287,12_epo,11.0,0.7220693218726512,fechner
288,12_epo,12.0,0.7053030620105454,fechner
289,12_epo,13.0,0.6907795824541979,fechner
290,12_epo,14.000000000000002,0.6780989885877609,fechner
291,12_epo,15.0,0.6669454452899028,fechner
292,12_epo,16.0,0.6570680164478442,fechner
293,12_epo,17.0,0.6482658103534161,fechner
294,12_epo,18.0,0.640376672346386,fechner
295,12_epo,19.0,0.6332686219836051,fechner
296,12_epo,20.0,0.6268333597979123,fechner
297,12_epo,21.0,0.6209813200722303,fechner
298,12_epo,22.0,0.615637876990987,fechner
299,12_epo,23.0,0.6107404138107173,fechner
300,12_epo,24.0,0.6062360412224728,fechner
301,12_epo,25.0,0.6020798072691238,fechner
302,12_epo,26.0,0.598233282140124,fechner
303,12_epo,27.0,0.5946634309949369,fechner
304,12_epo,28.000000000000004,0.5913417097451887,fechner
305,12_epo,28.999999999999996,0.5882433347008774,fechner
306,12_epo,30.0,0.585346688772496,fechner
307,12_epo,31.0,0.5826328356734265,fechner
308,12_epo,32.0,0.5800851201107966,fechner
309,12_epo,33.0,0.5776888368794769,fechner
310,12_epo,34.0,0.5754309555085141,fechner
311,12_epo,35.0,0.573299889959729,fechner
312,12_epo,36.0,0.571285305068369,fechner
313,12_epo,37.0,0.5693779531094554,fechner
314,12_epo,38.0,0.5675695351915812,fechner
315,12_epo,39.0,0.5658525832119412,fechner
316,12_epo,40.0,0.5642203589191337,fechner
317,12_epo,41.0,0.5626667672739794,fechner
318,12_epo,42.0,0.5611862818111715,fechner
319,12_epo,43.0,0.5597738801148571,fechner
320,12_epo,44.0,0.5584249878513201,fechner
321,12_epo,45.0,0.5571354300687301,fechner
322,12_epo,46.0,0.5559013886906043,fechner
323,12_epo,47.0,0.5547193653063652,fechner
324,12_epo,48.0,0.5535861485071709,fechner
325,12_epo,49.0,0.552498785134302,fechner
326,12_epo,50.0,0.5514545549057471,fechner
327,12_epo,51.0,0.5504509479681852,fechner
328,12_epo,52.0,0.549485644989405,fechner
329,12_epo,53.0,0.5485564994628699,fechner
330,12_epo,54.0,0.547661521943606,fechner
331,12_epo,55.00000000000001,0.5467988659745013,fechner
332,12_epo,56.00000000000001,0.5459668154957629,fechner
333,12_epo,56.99999999999999,0.5451637735587441,fechner
334,12_epo,57.99999999999999,0.544388252189518,fechner
335,12_epo,59.0,0.5436388632681203,fechner
336,12_epo,60.0,0.542914310306926,fechner
337,12_epo,61.0,0.5422133810266261,fechner
338,12_epo,62.0,0.5415349406411388,fechner
339,12_epo,63.0,0.5408779257738618,fechner
340,12_epo,64.0,0.5402413389372034,fechner
341,12_epo,65.0,0.5396242435155804,fechner
342,12_epo,66.0,0.5390257591992041,fechner
343,12_epo,67.0,0.5384450578221742,fechner
344,12_epo,68.0,0.5378813595637864,fechner
345,12_epo,69.0,0.5373339294766616,fechner
346,12_epo,70.0,0.5368020743094016,fechner
347,12_epo,71.0,0.5362851395950725,fechner
348,12_epo,72.0,0.5357825069799584,fechner
349,12_epo,73.0,0.5352935917698016,fechner
350,12_epo,74.0,0.5348178406731704,fechner
351,12_epo,75.0,0.5343547297237502,fechner
352,12_epo,76.0,0.5339037623652391,fechner
353,12_epo,77.0,0.5334644676842143,fechner
354,12_epo,78.0,0.5330363987778131,fechner
355,12_epo,79.0,0.5326191312443952,fechner
356,12_epo,80.0,0.5322122617865223,fechner
357,12_epo,81.0,0.5318154069166321,fechner
358,12_epo,82.0,0.5314282017567201,fechner
359,12_epo,83.0,0.5310502989241603,fechner
360,12_epo,84.0,0.5306813674965501,fechner
361,12_epo,85.0,0.5303210920491221,fechner
362,12_epo,86.0,0.5299691717588616,fechner
363,12_epo,87.0,0.5296253195700021,fechner
364,12_epo,88.0,0.5292892614160564,fechner
365,12_epo,89.0,0.528960735493964,fechner
366,12_epo,90.0,0.5286394915863345,fechner
367,12_epo,91.0,0.5283252904281085,fechner
368,12_epo,92.0,0.5280179031142839,fechner
369,12_epo,93.0,0.5277171105456324,fechner
370,12_epo,94.0,0.5274227029095997,fechner
371,12_epo,95.0,0.5271344791938091,fechner
372,13_epo,3.0,0.9999999436896726,fechner
373,13_epo,4.0,0.9999631111004647,fechner
374,13_epo,5.0,0.9995231029114623,fechner
375,13_epo,6.0,0.9979271461202854,fechner
376,13_epo,7.000000000000001,0.9945221981422636,fechner
377,13_epo,8.0,0.9890276516123648,fechner
378,13_epo,9.0,0.9815073248502713,fechner
379,13_epo,10.0,0.9722396412027693,fechner
380,13_epo,11.0,0.9615964727763099,fechner
381,13_epo,12.0,0.9499610458092569,fechner
382,13_epo,13.0,0.9376824345449345,fechner
383,13_epo,14.000000000000002,0.9250557898649919,fechner
384,13_epo,15.0,0.9123180719618726,fechner
385,13_epo,16.0,0.8996519305302111,fechner
386,13_epo,17.0,0.8871931124230831,fechner
387,13_epo,18.0,0.8750387750734324,fechner
388,13_epo,19.0,0.863255370303215,fechner
389,13_epo,20.0,0.8518855232229148,fechner
390,13_epo,21.0,0.8409537467472057,fechner
391,13_epo,22.0,0.8304710396446376,fechner
392,13_epo,23.0,0.8204385048643263,fechner
393,13_epo,24.0,0.8108501504170882,fechner
394,13_epo,25.0,0.8016950295364322,fechner
395,13_epo,26.0,0.7929588580641472,fechner
396,13_epo,27.0,0.7846252243638948,fechner
397,13_epo,28.000000000000004,0.7766764851117605,fechner
398,13_epo,28.999999999999996,0.7690944209667876,fechner
399,13_epo,30.0,0.7618607099489679,fechner
400,13_epo,31.0,0.754957263254802,fechner
401,13_epo,32.0,0.748366457855045,fechner
402,13_epo,33.0,0.7420712920996555,fechner
403,13_epo,34.0,0.7360554842687417,fechner
404,13_epo,35.0,0.7303035291748255,fechner
405,13_epo,36.0,0.7248007242234801,fechner
406,13_epo,37.0,0.7195331735196934,fechner
407,13_epo,38.0,0.7144877764630785,fechner
408,13_epo,39.0,0.7096522056477579,fechner
409,13_epo,40.0,0.7050148776498246,fechner
410,13_epo,41.0,0.700564919352599,fechner
411,13_epo,42.0,0.6962921317554095,fechner
412,13_epo,43.0,0.6921869526804809,fechner
413,13_epo,44.0,0.6882404193929016,fechner
414,13_epo,45.0,0.6844441318487922,fechner
415,13_epo,46.0,0.6807902170626283,fechner
416,13_epo,47.0,0.67727129491778,fechner
417,13_epo,48.0,0.6738804456208783,fechner
418,13_epo,49.0,0.6706111789099576,fechner
419,13_epo,50.0,0.6674574050604694,fechner
420,13_epo,51.0,0.6644134076860833,fechner
421,13_epo,52.0,0.6614738182980432,fechner
422,13_epo,53.0,0.6586335925642309,fechner
423,13_epo,54.0,0.6558879881942845,fechner
424,13_epo,55.00000000000001,0.6532325443681393,fechner
425,13_epo,56.00000000000001,0.6506630626206162,fechner
426,13_epo,56.99999999999999,0.648175589093046,fechner
427,13_epo,57.99999999999999,0.6457663980634847,fechner
428,13_epo,59.0,0.6434319766691969,fechner
429,13_epo,60.0,0.641169010738239,fechner
430,13_epo,61.0,0.6389743716508168,fechner
431,13_epo,62.0,0.6368451041553433,fechner
432,13_epo,63.0,0.6347784150685497,fechner
433,13_epo,64.0,0.6327716627935126,fechner
434,13_epo,65.0,0.6308223475938977,fechner
435,13_epo,66.0,0.6289281025670376,fechner
436,13_epo,67.0,0.6270866852626263,fechner
437,13_epo,68.0,0.6252959698977381,fechner
438,13_epo,69.0,0.6235539401226196,fechner
439,13_epo,70.0,0.621858682295189,fechner
440,13_epo,71.0,0.6202083792254486,fechner
441,13_epo,72.0,0.6186013043540446,fechner
442,13_epo,73.0,0.6170358163320407,fechner
443,13_epo,74.0,0.615510353971562,fechner
444,13_epo,75.0,0.6140234315393925,fechner
445,13_epo,76.0,0.6125736343678163,fechner
446,13_epo,77.0,0.6111596147590458,fechner
447,13_epo,78.0,0.609780088161459,fechner
448,13_epo,79.0,0.6084338295975976,fechner
449,13_epo,80.0,0.60711967032547,fechner
450,13_epo,81.0,0.6058364947161516,fechner
451,13_epo,82.0,0.6045832373320362,fechner
452,13_epo,83.0,0.6033588801912904,fechner
453,13_epo,84.0,0.6021624502052212,fechner
454,13_epo,85.0,0.6009930167762838,fechner
455,13_epo,86.0,0.5998496895454127,fechner
456,13_epo,87.0,0.598731616278228,fechner
457,13_epo,88.0,0.5976379808804756,fechner
458,13_epo,89.0,0.5965680015337901,fechner
459,13_epo,90.0,0.595520928943543,fechner
460,13_epo,91.0,0.5944960446911641,fechner
461,13_epo,92.0,0.593492659683888,fechner
462,13_epo,93.0,0.5925101126954118,fechner
463,13_epo,94.0,0.5915477689914151,fechner
464,13_epo,95.0,0.5906050190343571,fechner
465,14_epo,3.0,0.9999973229435052,fechner
466,14_epo,4.0,0.9996089003907425,fechner
467,14_epo,5.0,0.9972088738696185,fechner
468,14_epo,6.0,0.991404048014086,fechner
469,14_epo,7.000000000000001,0.9819826056362811,fechner
470,14_epo,8.0,0.9695282097689399,fechner
471,14_epo,9.0,0.9549076847905268,fechner
472,14_epo,10.0,0.9389663255770135,fechner
473,14_epo,11.0,0.922401421791455,fechner
474,14_epo,12.0,0.9057357606164531,fechner
475,14_epo,13.0,0.8893353089083367,fechner
476,14_epo,14.000000000000002,0.8734407899922669,fechner
477,14_epo,15.0,0.858199343547746,fechner
478,14_epo,16.0,0.8436911992482365,fechner
479,14_epo,17.0,0.8299503513922036,fechner
480,14_epo,18.0,0.8169798342771376,fechner
481,14_epo,19.0,0.8047626652840231,fechner
482,14_epo,20.0,0.7932695124633486,fechner
483,14_epo,21.0,0.7824639705976684,fechner
484,14_epo,22.0,0.7723061295585035,fechner
485,14_epo,23.0,0.7627549417352381,fechner
486,14_epo,24.0,0.7537697545984261,fechner
487,14_epo,25.0,0.7453112685670844,fechner
488,14_epo,26.0,0.7373421031148005,fechner
489,14_epo,27.0,0.729827098773589,fechner
490,14_epo,28.000000000000004,0.7227334435992762,fechner
491,14_epo,28.999999999999996,0.7160306852189126,fechner
492,14_epo,30.0,0.7096906704114286,fechner
493,14_epo,31.0,0.7036874408285866,fechner
494,14_epo,32.0,0.6979971041988939,fechner
495,14_epo,33.0,0.692597693941296,fechner
496,14_epo,34.0,0.6874690256850181,fechner
497,14_epo,35.0,0.6825925561437636,fechner
498,14_epo,36.0,0.6779512477059915,fechner
499,14_epo,37.0,0.6735294406850245,fechner
500,14_epo,38.0,0.6693127342188798,fechner
501,14_epo,39.0,0.6652878761775062,fechner
502,14_epo,40.0,0.6614426620251359,fechner
503,14_epo,41.0,0.6577658423283522,fechner
504,14_epo,42.0,0.6542470384478644,fechner
505,14_epo,43.0,0.6508766658701062,fechner
506,14_epo,44.0,0.6476458646002035,fechner
507,14_epo,45.0,0.6445464360341975,fechner
508,14_epo,46.0,0.6415707857445018,fechner
509,14_epo,47.0,0.638711871640551,fechner
510,14_epo,48.0,0.635963157001277,fechner
511,14_epo,49.0,0.6333185679138051,fechner
512,14_epo,50.0,0.6307724546912953,fechner
513,14_epo,51.0,0.6283195568806165,fechner
514,14_epo,52.0,0.6259549715066197,fechner
515,14_epo,53.0,0.6236741242336289,fechner
516,14_epo,54.0,0.6214727431561168,fechner
517,14_epo,55.00000000000001,0.6193468349593136,fechner
518,14_epo,56.00000000000001,0.6172926632166982,fechner
519,14_epo,56.99999999999999,0.6153067286150836,fechner
520,14_epo,57.99999999999999,0.6133857509194521,fechner
521,14_epo,59.0,0.6115266525089904,fechner
522,14_epo,60.0,0.6097265433330996,fechner
523,14_epo,61.0,0.607982707151682,fechner
524,14_epo,62.0,0.6062925889379144,fechner
525,14_epo,63.0,0.6046537833341413,fechner
526,14_epo,64.0,0.6030640240626493,fechner
527,14_epo,65.0,0.6015211742030099,fechner
528,14_epo,66.0,0.6000232172565609,fechner
529,14_epo,67.0,0.5985682489265363,fechner
530,14_epo,68.0,0.5971544695494382,fechner
531,14_epo,69.0,0.5957801771196055,fechner
532,14_epo,70.0,0.5944437608545952,fechner
533,14_epo,71.0,0.5931436952540836,fechner
534,14_epo,72.0,0.5918785346095485,fechner
535,14_epo,73.0,0.5906469079260662,fechner
536,14_epo,74.0,0.5894475142212224,fechner
537,14_epo,75.0,0.5882791181694261,fechner
538,14_epo,76.0,0.5871405460628528,fechner
539,14_epo,77.0,0.5860306820629165,fechner
540,14_epo,78.0,0.5849484647185369,fechner
541,14_epo,79.0,0.5838928837296363,fechner
542,14_epo,80.0,0.5828629769362266,fechner
543,14_epo,81.0,0.5818578275151975,fechner
544,14_epo,82.0,0.5808765613685029,fechner
545,14_epo,83.0,0.5799183446878522,fechner
546,14_epo,84.0,0.5789823816823216,fechner
547,14_epo,85.0,0.5780679124564545,fechner
548,14_epo,86.0,0.5771742110274816,fechner
549,14_epo,87.0,0.5763005834712507,fechner
550,14_epo,88.0,0.5754463661873281,fechner
551,14_epo,89.0,0.5746109242745203,fechner
552,14_epo,90.0,0.5737936500087808,fechner
553,14_epo,91.0,0.5729939614161319,fechner
554,14_epo,92.0,0.5722113009338088,fechner
555,14_epo,93.0,0.5714451341533946,fechner
556,14_epo,94.0,0.5706949486401909,fechner
557,14_epo,95.0,0.5699602528235362,fechner
558,15_epo,3.0,0.9999998893327533,fechner
559,15_epo,4.0,0.9999442398983456,fechner
560,15_epo,5.0,0.9993501890755697,fechner
561,15_epo,6.0,0.9973399329355987,fechner
562,15_epo,7.000000000000001,0.9932471672113897,fechner
563,15_epo,8.0,0.9868636042527298,fechner
564,15_epo,9.0,0.9783519376662242,fechner
565,15_epo,10.0,0.9680792897679915,fechner
566,15_epo,11.0,0.9564822406839341,fechner
567,15_epo,12.0,0.9439839912875384,fechner
568,15_epo,13.0,0.9309535112127879,fechner
569,15_epo,14.000000000000002,0.9176915902267626,fechner
570,15_epo,15.0,0.9044317150398253,fechner
571,15_epo,16.0,0.8913478604881012,fechner
572,15_epo,17.0,0.878564606431184,fechner
573,15_epo,18.0,0.8661671950645778,fechner
574,15_epo,19.0,0.8542104577620574,fechner
575,15_epo,20.0,0.8427262611943371,fechner
576,15_epo,21.0,0.831729482898632,fechner
577,15_epo,22.0,0.8212226833373267,fechner
578,15_epo,23.0,0.8111996907913643,fechner
579,15_epo,24.0,0.8016483124675177,fechner
580,15_epo,25.0,0.7925523601189356,fechner
581,15_epo,26.0,0.7838931468053361,fechner
582,15_epo,27.0,0.7756505805223345,fechner
583,15_epo,28.000000000000004,0.7678039533393216,fechner
584,15_epo,28.999999999999996,0.7603325022448666,fechner
585,15_epo,30.0,0.7532157999327362,fechner
586,15_epo,31.0,0.7464340196889716,fechner
587,15_epo,32.0,0.7399681076768445,fechner
588,15_epo,33.0,0.7337998876131834,fechner
589,15_epo,34.0,0.7279121165268655,fechner
590,15_epo,35.0,0.7222885055293333,fechner
591,15_epo,36.0,0.7169137159431717,fechner
592,15_epo,37.0,0.7117733384439491,fechner
593,15_epo,38.0,0.7068538608542151,fechner
594,15_epo,39.0,0.7021426287202499,fechner
595,15_epo,40.0,0.6976278016757589,fechner
596,15_epo,41.0,0.6932983077570057,fechner
597,15_epo,42.0,0.6891437972092312,fechner
598,15_epo,43.0,0.6851545968607898,fechner
599,15_epo,44.0,0.6813216657988352,fechner
600,15_epo,45.0,0.6776365528282174,fechner
601,15_epo,46.0,0.6740913560108136,fechner
602,15_epo,47.0,0.6706786844486237,fechner
603,15_epo,48.0,0.6673916223778754,fechner
604,15_epo,49.0,0.6642236955733748,fechner
605,15_epo,50.0,0.6611688400152438,fechner
606,15_epo,51.0,0.6582213727385181,fechner
607,15_epo,52.0,0.6553759647657844,fechner
608,15_epo,53.0,0.6526276160110412,fechner
609,15_epo,54.0,0.6499716320369852,fechner
610,15_epo,55.00000000000001,0.6474036025462426,fechner
611,15_epo,56.00000000000001,0.6449193814883933,fechner
612,15_epo,56.99999999999999,0.6425150686680294,fechner
613,15_epo,57.99999999999999,0.640186992743857,fechner
614,15_epo,59.0,0.637931695514451,fechner
615,15_epo,60.0,0.635745917392344,fechner
616,15_epo,61.0,0.6336265839744022,fechner
617,15_epo,62.0,0.6315707936227148,fechner
618,15_epo,63.0,0.6295758059763582,fechner
619,15_epo,64.0,0.6276390313203221,fechner
620,15_epo,65.0,0.6257580207435175,fechner
621,15_epo,66.0,0.623930457023111,fechner
622,15_epo,67.0,0.622154146177423,fechner
623,15_epo,68.0,0.6204270096342802,fechner
624,15_epo,69.0,0.6187470769660351,fechner
625,15_epo,70.0,0.6171124791464639,fechner
626,15_epo,71.0,0.6155214422884427,fechner
627,15_epo,72.0,0.6139722818247005,fechner
628,15_epo,73.0,0.612463397097069,fechner
629,15_epo,74.0,0.6109932663225072,fechner
630,15_epo,75.0,0.6095604419068216,fechner
631,15_epo,76.0,0.6081635460793833,fechner
632,15_epo,77.0,0.6068012668243684,fechner
633,15_epo,78.0,0.6054723540860453,fechner
634,15_epo,79.0,0.6041756162274843,fechner
635,15_epo,80.0,0.6029099167237433,fechner
636,15_epo,81.0,0.6016741710721228,fechner
637,15_epo,82.0,0.6004673439035013,fechner
638,15_epo,83.0,0.5992884462800312,fechner
639,15_epo,84.0,0.5981365331656703,fechner
640,15_epo,85.0,0.597010701057094,fechner
641,15_epo,86.0,0.5959100857635132,fechner
642,15_epo,87.0,0.5948338603248337,fechner
643,15_epo,88.0,0.5937812330584148,fechner
644,15_epo,89.0,0.592751445725441,fechner
645,15_epo,90.0,0.5917437718086124,fechner
646,15_epo,91.0,0.5907575148934983,fechner
647,15_epo,92.0,0.5897920071464772,fechner
648,15_epo,93.0,0.5888466078827271,fechner
649,15_epo,94.0,0.5879207022182101,fechner
650,15_epo,95.0,0.5870136998000597,fechner
651,16_epo,3.0,0.9999985112051212,fechner
652,16_epo,4.0,0.9997267805244775,fechner
653,16_epo,5.0,0.9978654010613699,fechner
654,16_epo,6.0,0.9930700533409835,fechner
655,16_epo,7.000000000000001,0.9849479602419126,fechner
656,16_epo,8.0,0.9738710348933287,fechner
657,16_epo,9.0,0.9605515195105641,fechner
658,16_epo,10.0,0.945748710908531,fechner
659,16_epo,11.0,0.9301264192611935,fechner
660,16_epo,12.0,0.9142067571589582,fechner
661,16_epo,13.0,0.8983723921526486,fechner
662,16_epo,14.000000000000002,0.882888050989085,fechner
663,16_epo,15.0,0.867926346620836,fechner
664,16_epo,16.0,0.8535914452358269,fechner
665,16_epo,17.0,0.8399384366538077,fechner
666,16_epo,18.0,0.8269882507938819,fechner
667,16_epo,19.0,0.8147387218720614,fechner
668,16_epo,20.0,0.8031725892378705,fechner
669,16_epo,21.0,0.792263173618603,fechner
670,16_epo,22.0,0.7819783394179499,fechner
671,16_epo,23.0,0.7722832170633263,fechner
672,16_epo,24.0,0.7631420402719089,fechner
673,16_epo,25.0,0.7545193580584324,fechner
674,16_epo,26.0,0.7463808089882344,fechner
675,16_epo,27.0,0.7386935916720229,fechner
676,16_epo,28.000000000000004,0.7314267265926461,fechner
677,16_epo,28.999999999999996,0.7245511763765502,fechner
678,16_epo,30.0,0.7180398716484863,fechner
679,16_epo,31.0,0.7118676754161299,fechner
680,16_epo,32.0,0.7060113088814449,fechner
681,16_epo,33.0,0.7004492544771598,fechner
682,16_epo,34.0,0.6951616469244484,fechner
683,16_epo,35.0,0.6901301595914892,fechner
684,16_epo,36.0,0.6853378909682262,fechner
685,16_epo,37.0,0.6807692543525886,fechner
686,16_epo,38.0,0.6764098726495761,fechner
687,16_epo,39.0,0.6722464793624293,fechner
688,16_epo,40.0,0.6682668262950902,fechner
689,16_epo,41.0,0.6644595981096677,fechner
690,16_epo,42.0,0.6608143336366098,fechner
691,16_epo,43.0,0.6573213536796948,fechner
692,16_epo,44.0,0.65397169496513,fechner
693,16_epo,45.0,0.6507570498343226,fechner
694,16_epo,46.0,0.6476697112594605,fechner
695,16_epo,47.0,0.6447025227600609,fechner
696,16_epo,48.0,0.6418488328102714,fechner
697,16_epo,49.0,0.6391024533461334,fechner
698,16_epo,50.0,0.6364576220058866,fechner
699,16_epo,51.0,0.6339089677624621,fechner
700,16_epo,52.0,0.6314514796339945,fechner
701,16_epo,53.0,0.6290804781845156,fechner
702,16_epo,54.0,0.6267915895522818,fechner
703,16_epo,55.00000000000001,0.6245807217670877,fechner
704,16_epo,56.00000000000001,0.6224440431401937,fechner
705,16_epo,56.99999999999999,0.6203779625310699,fechner
706,16_epo,57.99999999999999,0.6183791113140311,fechner
707,16_epo,59.0,0.6164443268850528,fechner
708,16_epo,60.0,0.614570637564683,fechner
709,16_epo,61.0,0.6127552487671261,fechner
710,16_epo,62.0,0.610995530318358,fechner
711,16_epo,63.0,0.6092890048176569,fechner
712,16_epo,64.0,0.6076333369473123,fechner
713,16_epo,65.0,0.6060263236446063,fechner
714,16_epo,66.0,0.6044658850585523,fechner
715,16_epo,67.0,0.6029500562214123,fechner
716,16_epo,68.0,0.6014769793717841,fechner
717,16_epo,69.0,0.6000448968721287,fechner
718,16_epo,70.0,0.5986521446690748,fechner
719,16_epo,71.0,0.5972971462497417,fechner
720,16_epo,72.0,0.5959784070517351,fechner
721,16_epo,73.0,0.5946945092884384,fechner
722,16_epo,74.0,0.5934441071547846,fechner
723,16_epo,75.0,0.5922259223819188,fechner
724,16_epo,76.0,0.5910387401120366,fechner
725,16_epo,77.0,0.5898814050673068,fechner
726,16_epo,78.0,0.5887528179891296,fechner
727,16_epo,79.0,0.5876519323261049,fechner
728,16_epo,80.0,0.5865777511510021,fechner
729,16_epo,81.0,0.5855293242887525,fechner
730,16_epo,82.0,0.5845057456390592,fechner
731,16_epo,83.0,0.5835061506786225,fechner
732,16_epo,84.0,0.5825297141292781,fechner
733,16_epo,85.0,0.5815756477795029,fechner
734,16_epo,86.0,0.5806431984477954,fechner
735,16_epo,87.0,0.5797316460774039,fechner
736,16_epo,88.0,0.5788403019527442,fechner
737,16_epo,89.0,0.5779685070286377,fechner
738,16_epo,90.0,0.5771156303642277,fechner
739,16_epo,91.0,0.5762810676540835,fechner
740,16_epo,92.0,0.5754642398496013,fechner
741,16_epo,93.0,0.5746645918643629,fechner
742,16_epo,94.0,0.5738815913576008,fechner
743,16_epo,95.0,0.5731147275903837,fechner
744,17_epo,3.0,0.5000000009959222,fechner
745,17_epo,4.0,0.5000000006090165,fechner
746,17_epo,5.0,0.5000000004562887,fechner
747,17_epo,6.0,0.5000000003685253,fechner
748,17_epo,7.000000000000001,0.500000000310342,fechner
749,17_epo,8.0,0.5000000002685648,fechner
750,17_epo,9.0,0.5000000002369654,fechner
751,17_epo,10.0,0.5000000002121622,fechner
752,17_epo,11.0,0.5000000001921423,fechner
753,17_epo,12.0,0.500000000175626,fechner
754,17_epo,13.0,0.5000000001617572,fechner
755,17_epo,14.000000000000002,0.5000000001499404,fechner
756,17_epo,15.0,0.5000000001397477,fechner
757,17_epo,16.0,0.5000000001308632,fechner
758,17_epo,17.0,0.5000000001230487,fechner
759,17_epo,18.0,0.5000000001161206,fechner
760,17_epo,19.0,0.5000000001099353,fechner
761,17_epo,20.0,0.500000000104379,fechner
762,17_epo,21.0,0.5000000000993597,fechner
763,17_epo,22.0,0.500000000094803,fechner
764,17_epo,23.0,0.5000000000906477,fechner
765,17_epo,24.0,0.5000000000868425,fechner
766,17_epo,25.0,0.500000000083345,fechner
767,17_epo,26.0,0.500000000080119,fechner
768,17_epo,27.0,0.5000000000771343,fechner
769,17_epo,28.000000000000004,0.5000000000743644,fechner
770,17_epo,28.999999999999996,0.5000000000717871,fechner
771,17_epo,30.0,0.5000000000693829,fechner
772,17_epo,31.0,0.5000000000671349,fechner
773,17_epo,32.0,0.5000000000650281,fechner
774,17_epo,33.0,0.5000000000630499,fechner
775,17_epo,34.0,0.5000000000611886,fechner
776,17_epo,35.0,0.5000000000594343,fechner
777,17_epo,36.0,0.500000000057778,fechner
778,17_epo,37.0,0.5000000000562116,fechner
779,17_epo,38.0,0.500000000054728,fechner
780,17_epo,39.0,0.5000000000533208,fechner
781,17_epo,40.0,0.5000000000519843,fechner
782,17_epo,41.0,0.5000000000507131,fechner
783,17_epo,42.0,0.5000000000495028,fechner
784,17_epo,43.0,0.500000000048349,fechner
785,17_epo,44.0,0.5000000000472477,fechner
786,17_epo,45.0,0.5000000000461956,fechner
787,17_epo,46.0,0.5000000000451893,fechner
788,17_epo,47.0,0.500000000044226,fechner
789,17_epo,48.0,0.5000000000433029,fechner
790,17_epo,49.0,0.5000000000424176,fechner
791,17_epo,50.0,0.5000000000415679,fechner
792,17_epo,51.0,0.5000000000407515,fechner
793,17_epo,52.0,0.5000000000399666,fechner
794,17_epo,53.0,0.5000000000392114,fechner
795,17_epo,54.0,0.5000000000384842,fechner
796,17_epo,55.00000000000001,0.5000000000377834,fechner
797,17_epo,56.00000000000001,0.5000000000371079,fechner
798,17_epo,56.99999999999999,0.5000000000364561,fechner
799,17_epo,57.99999999999999,0.5000000000358267,fechner
800,17_epo,59.0,0.5000000000352187,fechner
801,17_epo,60.0,0.5000000000346311,fechner
802,17_epo,61.0,0.5000000000340626,fechner
803,17_epo,62.0,0.5000000000335126,fechner
804,17_epo,63.0,0.5000000000329802,fechner
805,17_epo,64.0,0.5000000000324644,fechner
806,17_epo,65.0,0.5000000000319644,fechner
807,17_epo,66.0,0.5000000000314796,fechner
808,17_epo,67.0,0.5000000000310093,fechner
809,17_epo,68.0,0.5000000000305529,fechner
810,17_epo,69.0,0.5000000000301097,fechner
811,17_epo,70.0,0.5000000000296791,fechner
812,17_epo,71.0,0.5000000000292608,fechner
813,17_epo,72.0,0.5000000000288541,fechner
814,17_epo,73.0,0.5000000000284586,fechner
815,17_epo,74.0,0.5000000000280737,fechner
816,17_epo,75.0,0.5000000000276991,fechner
817,17_epo,76.0,0.5000000000273344,fechner
818,17_epo,77.0,0.5000000000269791,fechner
819,17_epo,78.0,0.5000000000266329,fechner
820,17_epo,79.0,0.5000000000262956,fechner
821,17_epo,80.0,0.5000000000259667,fechner
822,17_epo,81.0,0.5000000000256459,fechner
823,17_epo,82.0,0.500000000025333,fechner
824,17_epo,83.0,0.5000000000250275,fechner
825,17_epo,84.0,0.5000000000247294,fechner
826,17_epo,85.0,0.5000000000244383,fechner
827,17_epo,86.0,0.500000000024154,fechner
828,17_epo,87.0,0.5000000000238762,fechner
829,17_epo,88.0,0.5000000000236048,fechner
830,17_epo,89.0,0.5000000000233394,fechner
831,17_epo,90.0,0.50000000002308,fechner
832,17_epo,91.0,0.5000000000228262,fechner
833,17_epo,92.0,0.5000000000225779,fechner
834,17_epo,93.0,0.500000000022335,fechner
835,17_epo,94.0,0.5000000000220973,fechner
836,17_epo,95.0,0.5000000000218646,fechner
837,18_epo,3.0,0.5000000000422629,fechner
838,18_epo,4.0,0.5000000000258442,fechner
839,18_epo,5.0,0.5000000000193631,fechner
840,18_epo,6.0,0.5000000000156387,fechner
841,18_epo,7.000000000000001,0.5000000000131697,fechner
842,18_epo,8.0,0.5000000000113968,fechner
843,18_epo,9.0,0.5000000000100558,fechner
844,18_epo,10.0,0.5000000000090034,fechner
845,18_epo,11.0,0.5000000000081537,fechner
846,18_epo,12.0,0.5000000000074528,fechner
847,18_epo,13.0,0.5000000000068643,fechner
848,18_epo,14.000000000000002,0.5000000000063629,fechner
849,18_epo,15.0,0.5000000000059304,fechner
850,18_epo,16.0,0.5000000000055533,fechner
851,18_epo,17.0,0.5000000000052217,fechner
852,18_epo,18.0,0.5000000000049277,fechner
853,18_epo,19.0,0.5000000000046653,fechner
854,18_epo,20.0,0.5000000000044295,fechner
855,18_epo,21.0,0.5000000000042164,fechner
856,18_epo,22.0,0.5000000000040231,fechner
857,18_epo,23.0,0.5000000000038467,fechner
858,18_epo,24.0,0.5000000000036853,fechner
859,18_epo,25.0,0.5000000000035368,fechner
860,18_epo,26.0,0.5000000000034,fechner
861,18_epo,27.0,0.5000000000032733,fechner
862,18_epo,28.000000000000004,0.5000000000031557,fechner
863,18_epo,28.999999999999996,0.5000000000030463,fechner
864,18_epo,30.0,0.5000000000029443,fechner
865,18_epo,31.0,0.5000000000028489,fechner
866,18_epo,32.0,0.5000000000027596,fechner
867,18_epo,33.0,0.5000000000026756,fechner
868,18_epo,34.0,0.5000000000025966,fechner
869,18_epo,35.0,0.5000000000025222,fechner
870,18_epo,36.0,0.5000000000024519,fechner
871,18_epo,37.0,0.5000000000023854,fechner
872,18_epo,38.0,0.5000000000023225,fechner
873,18_epo,39.0,0.5000000000022627,fechner
874,18_epo,40.0,0.500000000002206,fechner
875,18_epo,41.0,0.5000000000021521,fechner
876,18_epo,42.0,0.5000000000021008,fechner
877,18_epo,43.0,0.5000000000020517,fechner
878,18_epo,44.0,0.5000000000020051,fechner
879,18_epo,45.0,0.5000000000019603,fechner
880,18_epo,46.0,0.5000000000019177,fechner
881,18_epo,47.0,0.5000000000018768,fechner
882,18_epo,48.0,0.5000000000018376,fechner
883,18_epo,49.0,0.5000000000018,fechner
884,18_epo,50.0,0.500000000001764,fechner
885,18_epo,51.0,0.5000000000017294,fechner
886,18_epo,52.0,0.500000000001696,fechner
887,18_epo,53.0,0.500000000001664,fechner
888,18_epo,54.0,0.5000000000016331,fechner
889,18_epo,55.00000000000001,0.5000000000016034,fechner
890,18_epo,56.00000000000001,0.5000000000015747,fechner
891,18_epo,56.99999999999999,0.5000000000015471,fechner
892,18_epo,57.99999999999999,0.5000000000015203,fechner
893,18_epo,59.0,0.5000000000014946,fechner
894,18_epo,60.0,0.5000000000014696,fechner
895,18_epo,61.0,0.5000000000014455,fechner
896,18_epo,62.0,0.5000000000014222,fechner
897,18_epo,63.0,0.5000000000013995,fechner
898,18_epo,64.0,0.5000000000013777,fechner
899,18_epo,65.0,0.5000000000013565,fechner
900,18_epo,66.0,0.5000000000013359,fechner
901,18_epo,67.0,0.500000000001316,fechner
902,18_epo,68.0,0.5000000000012965,fechner
903,18_epo,69.0,0.5000000000012778,fechner
904,18_epo,70.0,0.5000000000012594,fechner
905,18_epo,71.0,0.5000000000012417,fechner
906,18_epo,72.0,0.5000000000012245,fechner
907,18_epo,73.0,0.5000000000012077,fechner
908,18_epo,74.0,0.5000000000011914,fechner
909,18_epo,75.0,0.5000000000011755,fechner
910,18_epo,76.0,0.50000000000116,fechner
911,18_epo,77.0,0.5000000000011449,fechner
912,18_epo,78.0,0.5000000000011302,fechner
913,18_epo,79.0,0.5000000000011159,fechner
914,18_epo,80.0,0.5000000000011019,fechner
915,18_epo,81.0,0.5000000000010884,fechner
916,18_epo,82.0,0.500000000001075,fechner
917,18_epo,83.0,0.500000000001062,fechner
918,18_epo,84.0,0.5000000000010494,fechner
919,18_epo,85.0,0.5000000000010371,fechner
920,18_epo,86.0,0.500000000001025,fechner
921,18_epo,87.0,0.5000000000010132,fechner
922,18_epo,88.0,0.5000000000010018,fechner
923,18_epo,89.0,0.5000000000009904,fechner
924,18_epo,90.0,0.5000000000009794,fechner
925,18_epo,91.0,0.5000000000009687,fechner
926,18_epo,92.0,0.5000000000009581,fechner
927,18_epo,93.0,0.5000000000009478,fechner
928,18_epo,94.0,0.5000000000009377,fechner
929,18_epo,95.0,0.5000000000009278,fechner
930,19_epo,3.0,0.5000027075052309,fechner
931,19_epo,4.0,0.5000016556666711,fechner
932,19_epo,5.0,0.5000012404622304,fechner
933,19_epo,6.0,0.50000100186946,fechner
934,19_epo,7.000000000000001,0.5000008436927686,fechner
935,19_epo,8.0,0.5000007301179711,fechner
936,19_epo,9.0,0.5000006442121164,fechner
937,19_epo,10.0,0.5000005767820905,fechner
938,19_epo,11.0,0.5000005223562596,fechner
939,19_epo,12.0,0.5000004774550201,fechner
940,19_epo,13.0,0.5000004397514376,fechner
941,19_epo,14.000000000000002,0.5000004076264433,fechner
942,19_epo,15.0,0.5000003799166507,fechner
943,19_epo,16.0,0.5000003557634862,fechner
944,19_epo,17.0,0.5000003345188825,fechner
945,19_epo,18.0,0.5000003156841274,fechner
946,19_epo,19.0,0.5000002988689637,fechner
947,19_epo,20.0,0.5000002837634892,fechner
948,19_epo,21.0,0.5000002701184,fechner
949,19_epo,22.0,0.5000002577308114,fechner
950,19_epo,23.0,0.500000246433895,fechner
951,19_epo,24.0,0.5000002360891832,fechner
952,19_epo,25.0,0.5000002265807701,fechner
953,19_epo,26.0,0.5000002178108823,fechner
954,19_epo,27.0,0.5000002096964573,fechner
955,19_epo,28.000000000000004,0.5000002021664702,fechner
956,19_epo,28.999999999999996,0.5000001951598242,fechner
957,19_epo,30.0,0.5000001886236706,fechner
958,19_epo,31.0,0.5000001825120596,fechner
959,19_epo,32.0,0.5000001767848478,fechner
960,19_epo,33.0,0.5000001714068076,fechner
961,19_epo,34.0,0.500000166346896,fechner
962,19_epo,35.0,0.5000001615776498,fechner
963,19_epo,36.0,0.5000001570746831,fechner
964,19_epo,37.0,0.5000001528162683,fechner
965,19_epo,38.0,0.5000001487829817,fechner
966,19_epo,39.0,0.5000001449574067,fechner
967,19_epo,40.0,0.5000001413238802,fechner
968,19_epo,41.0,0.5000001378682772,fechner
969,19_epo,42.0,0.5000001345778264,fechner
970,19_epo,43.0,0.5000001314409516,fechner
971,19_epo,44.0,0.5000001284471347,fechner
972,19_epo,45.0,0.5000001255867979,fechner
973,19_epo,46.0,0.5000001228512002,fechner
974,19_epo,47.0,0.5000001202323485,fechner
975,19_epo,48.0,0.500000117722919,fechner
976,19_epo,49.0,0.500000115316188,fechner
977,19_epo,50.0,0.5000001130059727,fechner
978,19_epo,51.0,0.5000001107865766,fechner
979,19_epo,52.0,0.5000001086527436,fechner
980,19_epo,53.0,0.5000001065996157,fechner
981,19_epo,54.0,0.5000001046226961,fechner
982,19_epo,55.00000000000001,0.500000102717816,fechner
983,19_epo,56.00000000000001,0.5000001008811057,fechner
984,19_epo,56.99999999999999,0.5000000991089679,fechner
985,19_epo,57.99999999999999,0.5000000973980541,fechner
986,19_epo,59.0,0.5000000957452434,fechner
987,19_epo,60.0,0.5000000941476239,fechner
988,19_epo,61.0,0.500000092602475,fechner
989,19_epo,62.0,0.5000000911072522,fechner
990,19_epo,63.0,0.5000000896595728,fechner
991,19_epo,64.0,0.5000000882572037,fechner
992,19_epo,65.0,0.5000000868980492,fechner
993,19_epo,66.0,0.5000000855801414,fechner
994,19_epo,67.0,0.5000000843016299,fechner
995,19_epo,68.0,0.5000000830607731,fechner
996,19_epo,69.0,0.5000000818559315,fechner
997,19_epo,70.0,0.5000000806855582,fechner
998,19_epo,71.0,0.5000000795481949,fechner
999,19_epo,72.0,0.5000000784424636,fechner
1000,19_epo,73.0,0.5000000773670625,fechner
1001,19_epo,74.0,0.5000000763207598,fechner
1002,19_epo,75.0,0.5000000753023901,fechner
1003,19_epo,76.0,0.5000000743108489,fechner
1004,19_epo,77.0,0.5000000733450898,fechner
1005,19_epo,78.0,0.5000000724041193,fechner
1006,19_epo,79.0,0.5000000714869951,fechner
1007,19_epo,80.0,0.5000000705928218,fechner
1008,19_epo,81.0,0.5000000697207481,fechner
1009,19_epo,82.0,0.5000000688699644,fechner
1010,19_epo,83.0,0.5000000680397005,fechner
1011,19_epo,84.0,0.5000000672292225,fechner
1012,19_epo,85.0,0.5000000664378313,fechner
1013,19_epo,86.0,0.5000000656648603,fechner
1014,19_epo,87.0,0.5000000649096735,fechner
1015,19_epo,88.0,0.5000000641716642,fechner
1016,19_epo,89.0,0.5000000634502526,fechner
1017,19_epo,90.0,0.5000000627448848,fechner
1018,19_epo,91.0,0.5000000620550314,fechner
1019,19_epo,92.0,0.5000000613801862,fechner
1020,19_epo,93.0,0.5000000607198642,fechner
1021,19_epo,94.0,0.5000000600736019,fechner
1022,19_epo,95.0,0.5000000594409545,fechner
1023,1_epo,3.0,0.9999999991503947,fechner
1024,1_epo,4.0,0.9999971612713097,fechner
1025,1_epo,5.0,0.9999301562016012,fechner
1026,1_epo,6.0,0.9995601452170026,fechner
1027,1_epo,7.000000000000001,0.9985113838397085,fechner
1028,1_epo,8.0,0.9964323686988535,fechner
1029,1_epo,9.0,0.9931018780191654,fechner
1030,1_epo,10.0,0.9884495709572746,fechner
1031,1_epo,11.0,0.9825285803266605,fechner
1032,1_epo,12.0,0.9754739036621312,fechner
1033,1_epo,13.0,0.9674640473925443,fechner
1034,1_epo,14.000000000000002,0.9586920041515219,fechner
1035,1_epo,15.0,0.9493459826764196,fechner
1036,1_epo,16.0,0.9395981365834744,fechner
1037,1_epo,17.0,0.9295990818936395,fechner
1038,1_epo,18.0,0.9194762424705945,fechner
1039,1_epo,19.0,0.9093345184563442,fechner
1040,1_epo,20.0,0.899258219310757,fechner
1041,1_epo,21.0,0.8893135651649325,fechner
1042,1_epo,22.0,0.8795513264468129,fechner
1043,1_epo,23.0,0.8700093552013534,fechner
1044,1_epo,24.0,0.8607148815928292,fechner
1045,1_epo,25.0,0.8516865239202809,fechner
1046,1_epo,26.0,0.8429360046412355,fechner
1047,1_epo,27.0,0.8344695890838011,fechner
1048,1_epo,28.000000000000004,0.8262892751936087,fechner
1049,1_epo,28.999999999999996,0.8183937668094846,fechner
1050,1_epo,30.0,0.81077926283185,fechner
1051,1_epo,31.0,0.8034400922780256,fechner
1052,1_epo,32.0,0.7963692218470168,fechner
1053,1_epo,33.0,0.7895586589649123,fechner
1054,1_epo,34.0,0.782999769747626,fechner
1055,1_epo,35.0,0.7766835280979777,fechner
1056,1_epo,36.0,0.7706007093285959,fechner
1057,1_epo,37.0,0.7647420392832616,fechner
1058,1_epo,38.0,0.7590983078940206,fechner
1059,1_epo,39.0,0.7536604544199702,fechner
1060,1_epo,40.0,0.7484196302207194,fechner
1061,1_epo,41.0,0.7433672437782394,fechner
1062,1_epo,42.0,0.7384949917537219,fechner
1063,1_epo,43.0,0.7337948791145741,fechner
1064,1_epo,44.0,0.7292592307593746,fechner
1065,1_epo,45.0,0.7248806965789134,fechner
1066,1_epo,46.0,0.7206522514973452,fechner
1067,1_epo,47.0,0.7165671917207374,fechner
1068,1_epo,48.0,0.7126191281660677,fechner
1069,1_epo,49.0,0.7088019778398578,fechner
1070,1_epo,50.0,0.7051099537723365,fechner
1071,1_epo,51.0,0.7015375539823476,fechner
1072,1_epo,52.0,0.6980795498437453,fechner
1073,1_epo,53.0,0.6947309741406277,fechner
1074,1_epo,54.0,0.6914871090322428,fechner
1075,1_epo,55.00000000000001,0.6883434740954865,fechner
1076,1_epo,56.00000000000001,0.685295814570855,fechner
1077,1_epo,56.99999999999999,0.6823400899044157,fechner
1078,1_epo,57.99999999999999,0.6794724626520408,fechner
1079,1_epo,59.0,0.6766892877914593,fechner
1080,1_epo,60.0,0.6739871024714679,fechner
1081,1_epo,61.0,0.6713626162150262,fechner
1082,1_epo,62.0,0.66881270158323,fechner
1083,1_epo,63.0,0.6663343852996929,fechner
1084,1_epo,64.0,0.6639248398292482,fechner
1085,1_epo,65.0,0.6615813754007083,fechner
1086,1_epo,66.0,0.6593014324603789,fechner
1087,1_epo,67.0,0.6570825745409279,fechner
1088,1_epo,68.0,0.6549224815287743,fechner
1089,1_epo,69.0,0.6528189433123334,fechner
1090,1_epo,70.0,0.6507698537930235,fechner
1091,1_epo,71.0,0.6487732052408577,fechner
1092,1_epo,72.0,0.6468270829766084,fechner
1093,1_epo,73.0,0.6449296603628916,fechner
1094,1_epo,74.0,0.6430791940870001,fechner
1095,1_epo,75.0,0.6412740197189256,fechner
1096,1_epo,76.0,0.639512547528646,fechner
1097,1_epo,77.0,0.6377932585474748,fechner
1098,1_epo,78.0,0.6361147008589791,fechner
1099,1_epo,79.0,0.6344754861057125,fechner
1100,1_epo,80.0,0.6328742861987343,fechner
1101,1_epo,81.0,0.6313098302175983,fechner
1102,1_epo,82.0,0.6297809014892075,fechner
1103,1_epo,83.0,0.6282863348345775,fechner
1104,1_epo,84.0,0.6268250139732332,fechner
1105,1_epo,85.0,0.6253958690755594,fechner
1106,1_epo,86.0,0.6239978744540255,fechner
1107,1_epo,87.0,0.6226300463847649,fechner
1108,1_epo,88.0,0.6212914410515246,fechner
1109,1_epo,89.0,0.6199811526044943,fechner
1110,1_epo,90.0,0.6186983113270039,fechner
1111,1_epo,91.0,0.6174420819035215,fechner
1112,1_epo,92.0,0.6162116617827966,fechner
1113,1_epo,93.0,0.6150062796304008,fechner
1114,1_epo,94.0,0.6138251938652634,fechner
1115,1_epo,95.0,0.612667691275167,fechner
1116,20_epo,3.0,0.9999999069244454,fechner
1117,20_epo,4.0,0.999949840807593,fechner
1118,20_epo,5.0,0.9993997078051388,fechner
1119,20_epo,6.0,0.9975045790384806,fechner
1120,20_epo,7.000000000000001,0.9935995292437978,fechner
1121,20_epo,8.0,0.9874552445813582,fechner
1122,20_epo,9.0,0.9792073542755474,fechner
1123,20_epo,10.0,0.9691994565611917,fechner
1124,20_epo,11.0,0.9578514440076009,fechner
1125,20_epo,12.0,0.9455765588999728,fechner
1126,20_epo,13.0,0.9327391209438853,fechner
1127,20_epo,14.000000000000002,0.9196389465260163,fechner
1128,20_epo,15.0,0.906510835919133,fechner
1129,20_epo,16.0,0.8935313348478748,fechner
1130,20_epo,17.0,0.8808281541003017,fechner
1131,20_epo,18.0,0.8684897884191436,fechner
1132,20_epo,19.0,0.8565741885476428,fechner
1133,20_epo,20.0,0.8451160746640457,fechner
1134,20_epo,21.0,0.8341328562131483,fechner
1135,20_epo,22.0,0.8236292941174395,fechner
1136,20_epo,23.0,0.8136011013495948,fechner
1137,20_epo,24.0,0.8040376824181428,fechner
1138,20_epo,25.0,0.7949241923049625,fechner
1139,20_epo,26.0,0.7862430670076374,fechner
1140,20_epo,27.0,0.7779751490117295,fechner
1141,20_epo,28.000000000000004,0.770100505191076,fechner
1142,20_epo,28.999999999999996,0.7625990129380581,fechner
1143,20_epo,30.0,0.7554507727779385,fechner
1144,20_epo,31.0,0.7486363918662856,fechner
1145,20_epo,32.0,0.7421371720025409,fechner
1146,20_epo,33.0,0.7359352275178624,fechner
1147,20_epo,34.0,0.730013552083078,fechner
1148,20_epo,35.0,0.7243560486929247,fechner
1149,20_epo,36.0,0.7189475334622654,fechner
1150,20_epo,37.0,0.7137737211408124,fechner
1151,20_epo,38.0,0.7088211981999946,fechner
1152,20_epo,39.0,0.7040773878041108,fechner
1153,20_epo,40.0,0.6995305098222824,fechner
1154,20_epo,41.0,0.6951695381728388,fechner
1155,20_epo,42.0,0.6909841571457052,fechner
1156,20_epo,43.0,0.6869647178669309,fechner
1157,20_epo,44.0,0.6831021957118346,fechner
1158,20_epo,45.0,0.6793881492085355,fechner
1159,20_epo,46.0,0.6758146807788238,fechner
1160,20_epo,47.0,0.6723743995208329,fechner
1161,20_epo,48.0,0.6690603861347986,fechner
1162,20_epo,49.0,0.6658661600193252,fechner
1163,20_epo,50.0,0.6627856485136556,fechner
1164,20_epo,51.0,0.6598131582257851,fechner
1165,20_epo,52.0,0.6569433483626781,fechner
1166,20_epo,53.0,0.6541712059641339,fechner
1167,20_epo,54.0,0.6514920229336184,fechner
1168,20_epo,55.00000000000001,0.6489013747558424,fechner
1169,20_epo,56.00000000000001,0.6463951007906485,fechner
1170,20_epo,56.99999999999999,0.6439692860348978,fechner
1171,20_epo,57.99999999999999,0.6416202442477443,fechner
1172,20_epo,59.0,0.6393445023394121,fechner
1173,20_epo,60.0,0.6371387859289281,fechner
1174,20_epo,61.0,0.6350000059819229,fechner
1175,20_epo,62.0,0.6329252464453762,fechner
1176,20_epo,63.0,0.630911752801897,fechner
1177,20_epo,64.0,0.62895692147169,fechner
1178,20_epo,65.0,0.6270582899957076,fechner
1179,20_epo,66.0,0.6252135279385436,fechner
1180,20_epo,67.0,0.6234204284544308,fechner
1181,20_epo,68.0,0.6216769004641596,fechner
1182,20_epo,69.0,0.6199809613949223,fechner
1183,20_epo,70.0,0.6183307304389593,fechner
1184,20_epo,71.0,0.6167244222904631,fechner
1185,20_epo,72.0,0.6151603413235119,fechner
1186,20_epo,73.0,0.6136368761768441,fechner
1187,20_epo,74.0,0.6121524947140893,fechner
1188,20_epo,75.0,0.6107057393306498,fechner
1189,20_epo,76.0,0.6092952225807723,fechner
1190,20_epo,77.0,0.6079196231005316,fechner
1191,20_epo,78.0,0.6065776818044114,fechner
1192,20_epo,79.0,0.6052681983349945,fechner
1193,20_epo,80.0,0.6039900277469322,fechner
1194,20_epo,81.0,0.6027420774078777,fechner
1195,20_epo,82.0,0.6015233041004706,fechner
1196,20_epo,83.0,0.6003327113107197,fechner
1197,20_epo,84.0,0.5991693466893082,fechner
1198,20_epo,85.0,0.598032299673407,fechner
1199,20_epo,86.0,0.596920699257559,fechner
1200,20_epo,87.0,0.5958337119030902,fechner
1201,20_epo,88.0,0.5947705395763304,fechner
1202,20_epo,89.0,0.5937304179066699,fechner
1203,20_epo,90.0,0.5927126144561705,fechner
1204,20_epo,91.0,0.5917164270930811,fechner
1205,20_epo,92.0,0.590741182462187,fechner
1206,20_epo,93.0,0.5897862345454583,fechner
1207,20_epo,94.0,0.5888509633069432,fechner
1208,20_epo,95.0,0.58793477341631,fechner
1209,21_epo,3.0,0.5000000058478242,fechner
1210,21_epo,4.0,0.5000000035760033,fechner
1211,21_epo,5.0,0.5000000026792211,fechner
1212,21_epo,6.0,0.5000000021638948,fechner
1213,21_epo,7.000000000000001,0.5000000018222558,fechner
1214,21_epo,8.0,0.5000000015769505,fechner
1215,21_epo,9.0,0.5000000013914061,fechner
1216,21_epo,10.0,0.5000000012457668,fechner
1217,21_epo,11.0,0.5000000011282149,fechner
1218,21_epo,12.0,0.5000000010312345,fechner
1219,21_epo,13.0,0.5000000009498002,fechner
1220,21_epo,14.000000000000002,0.5000000008804149,fechner
1221,21_epo,15.0,0.5000000008205656,fechner
1222,21_epo,16.0,0.5000000007683982,fechner
1223,21_epo,17.0,0.5000000007225129,fechner
1224,21_epo,18.0,0.5000000006818326,fechner
1225,21_epo,19.0,0.5000000006455142,fechner
1226,21_epo,20.0,0.5000000006128886,fechner
1227,21_epo,21.0,0.5000000005834171,fechner
1228,21_epo,22.0,0.5000000005566617,fechner
1229,21_epo,23.0,0.500000000532262,fechner
1230,21_epo,24.0,0.5000000005099189,fechner
1231,21_epo,25.0,0.5000000004893821,fechner
1232,21_epo,26.0,0.5000000004704404,fechner
1233,21_epo,27.0,0.5000000004529144,fechner
1234,21_epo,28.000000000000004,0.5000000004366507,fechner
1235,21_epo,28.999999999999996,0.5000000004215174,fechner
1236,21_epo,30.0,0.5000000004074002,fechner
1237,21_epo,31.0,0.5000000003942,fechner
1238,21_epo,32.0,0.50000000038183,fechner
1239,21_epo,33.0,0.5000000003702142,fechner
1240,21_epo,34.0,0.5000000003592855,fechner
1241,21_epo,35.0,0.5000000003489846,fechner
1242,21_epo,36.0,0.5000000003392588,fechner
1243,21_epo,37.0,0.5000000003300613,fechner
1244,21_epo,38.0,0.50000000032135,fechner
1245,21_epo,39.0,0.5000000003130873,fechner
1246,21_epo,40.0,0.5000000003052394,fechner
1247,21_epo,41.0,0.5000000002977758,fechner
1248,21_epo,42.0,0.5000000002906689,fechner
1249,21_epo,43.0,0.5000000002838937,fechner
1250,21_epo,44.0,0.5000000002774274,fechner
1251,21_epo,45.0,0.5000000002712496,fechner
1252,21_epo,46.0,0.5000000002653411,fechner
1253,21_epo,47.0,0.5000000002596847,fechner
1254,21_epo,48.0,0.5000000002542647,fechner
1255,21_epo,49.0,0.5000000002490665,fechner
1256,21_epo,50.0,0.5000000002440768,fechner
1257,21_epo,51.0,0.5000000002392831,fechner
1258,21_epo,52.0,0.5000000002346744,fechner
1259,21_epo,53.0,0.5000000002302399,fechner
1260,21_epo,54.0,0.5000000002259701,fechner
1261,21_epo,55.00000000000001,0.5000000002218558,fechner
1262,21_epo,56.00000000000001,0.5000000002178888,fechner
1263,21_epo,56.99999999999999,0.5000000002140612,fechner
1264,21_epo,57.99999999999999,0.5000000002103658,fechner
1265,21_epo,59.0,0.500000000206796,fechner
1266,21_epo,60.0,0.5000000002033455,fechner
1267,21_epo,61.0,0.5000000002000081,fechner
1268,21_epo,62.0,0.5000000001967787,fechner
1269,21_epo,63.0,0.5000000001936519,fechner
1270,21_epo,64.0,0.500000000190623,fechner
1271,21_epo,65.0,0.5000000001876874,fechner
1272,21_epo,66.0,0.5000000001848409,fechner
1273,21_epo,67.0,0.5000000001820795,fechner
1274,21_epo,68.0,0.5000000001793994,fechner
1275,21_epo,69.0,0.5000000001767971,fechner
1276,21_epo,70.0,0.5000000001742693,fechner
1277,21_epo,71.0,0.5000000001718128,fechner
1278,21_epo,72.0,0.5000000001694245,fechner
1279,21_epo,73.0,0.5000000001671018,fechner
1280,21_epo,74.0,0.5000000001648419,fechner
1281,21_epo,75.0,0.5000000001626425,fechner
1282,21_epo,76.0,0.5000000001605008,fechner
1283,21_epo,77.0,0.500000000158415,fechner
1284,21_epo,78.0,0.5000000001563826,fechner
1285,21_epo,79.0,0.5000000001544017,fechner
1286,21_epo,80.0,0.5000000001524704,fechner
1287,21_epo,81.0,0.5000000001505869,fechner
1288,21_epo,82.0,0.5000000001487493,fechner
1289,21_epo,83.0,0.500000000146956,fechner
1290,21_epo,84.0,0.5000000001452055,fechner
1291,21_epo,85.0,0.5000000001434962,fechner
1292,21_epo,86.0,0.5000000001418268,fechner
1293,21_epo,87.0,0.5000000001401956,fechner
1294,21_epo,88.0,0.5000000001386017,fechner
1295,21_epo,89.0,0.5000000001370435,fechner
1296,21_epo,90.0,0.50000000013552,fechner
1297,21_epo,91.0,0.50000000013403,fechner
1298,21_epo,92.0,0.5000000001325724,fechner
1299,21_epo,93.0,0.5000000001311462,fechner
1300,21_epo,94.0,0.5000000001297504,fechner
1301,21_epo,95.0,0.500000000128384,fechner
1302,22_epo,3.0,0.9999999390924214,fechner
1303,22_epo,4.0,0.9999612976636575,fechner
1304,22_epo,5.0,0.999505652228494,fechner
1305,22_epo,6.0,0.9978661978750892,fechner
1306,22_epo,7.000000000000001,0.9943873468026113,fechner
1307,22_epo,8.0,0.9887955967899446,fechner
1308,22_epo,9.0,0.9811653298436362,fechner
1309,22_epo,10.0,0.9717848309693506,fechner
1310,22_epo,11.0,0.9610334108043719,fechner
1311,22_epo,12.0,0.9492990728693655,fechner
1312,22_epo,13.0,0.93693342882915,fechner
1313,22_epo,14.000000000000002,0.9242325285257388,fechner
1314,22_epo,15.0,0.9114331509004003,fechner
1315,22_epo,16.0,0.8987171225600293,fechner
1316,22_epo,17.0,0.8862190374514689,fechner
1317,22_epo,18.0,0.8740347766018229,fechner
1318,22_epo,19.0,0.8622295192521588,fechner
1319,22_epo,20.0,0.8508446941095617,fechner
1320,22_epo,21.0,0.839903729981889,fechner
1321,22_epo,22.0,0.8294166672167714,fechner
1322,22_epo,23.0,0.8193837759177164,fechner
1323,22_epo,24.0,0.8097983492705056,fechner
1324,22_epo,25.0,0.8006488325348402,fechner
1325,22_epo,26.0,0.7919204279751217,fechner
1326,22_epo,27.0,0.7835962923828599,fechner
1327,22_epo,28.000000000000004,0.7756584212662416,fechner
1328,22_epo,28.999999999999996,0.7680882940523809,fechner
1329,22_epo,30.0,0.7608673382432513,fechner
1330,22_epo,31.0,0.7539772572387816,fechner
1331,22_epo,32.0,0.7474002560864752,fechner
1332,22_epo,33.0,0.7411191912660618,fechner
1333,22_epo,34.0,0.7351176643221794,fechner
1334,22_epo,35.0,0.7293800743275969,fechner
1335,22_epo,36.0,0.7238916404705574,fechner
1336,22_epo,37.0,0.7186384032522098,fechner
1337,22_epo,38.0,0.7136072106486585,fechner
1338,22_epo,39.0,0.7087856939772006,fechner
1339,22_epo,40.0,0.7041622369847192,fechner
1340,22_epo,41.0,0.6997259407535559,fechner
1341,22_epo,42.0,0.6954665863244494,fechner
1342,22_epo,43.0,0.691374596412473,fechner
1343,22_epo,44.0,0.6874409971986611,fechner
1344,22_epo,45.0,0.6836573808855227,fechner
1345,22_epo,46.0,0.6800158694849686,fechner
1346,22_epo,47.0,0.6765090801440458,fechner
1347,22_epo,48.0,0.6731300921935413,fechner
1348,22_epo,49.0,0.6698724160164675,fechner
1349,22_epo,50.0,0.6667299637697404,fechner
1350,22_epo,51.0,0.6636970219469797,fechner
1351,22_epo,52.0,0.6607682257387092,fechner
1352,22_epo,53.0,0.6579385351248477,fechner
1353,22_epo,54.0,0.6552032126206109,fechner
1354,22_epo,55.00000000000001,0.6525578025888177,fechner
1355,22_epo,56.00000000000001,0.6499981120275654,fechner
1356,22_epo,56.99999999999999,0.6475201927411903,fechner
1357,22_epo,57.99999999999999,0.6451203248034965,fechner
1358,22_epo,59.0,0.6427950012247635,fechner
1359,22_epo,60.0,0.6405409137375475,fechner
1360,22_epo,61.0,0.6383549396204219,fechner
1361,22_epo,62.0,0.6362341294832891,fechner
1362,22_epo,63.0,0.6341756959425359,fechner
1363,22_epo,64.0,0.6321770031189723,fechner
1364,22_epo,65.0,0.6302355568960833,fechner
1365,22_epo,66.0,0.6283489958805565,fechner
1366,22_epo,67.0,0.6265150830113134,fechner
1367,22_epo,68.0,0.6247316977672857,fechner
1368,22_epo,69.0,0.6229968289279875,fechner
1369,22_epo,70.0,0.6213085678444861,fechner
1370,22_epo,71.0,0.6196651021816857,fechner
1371,22_epo,72.0,0.6180647100959293,fechner
1372,22_epo,73.0,0.6165057548147691,fechner
1373,22_epo,74.0,0.6149866795883996,fechner
1374,22_epo,75.0,0.6135060029846862,fechner
1375,22_epo,76.0,0.6120623145019559,fechner
1376,22_epo,77.0,0.6106542704757935,fechner
1377,22_epo,78.0,0.6092805902579699,fechner
1378,22_epo,79.0,0.60794005264739,fechner
1379,22_epo,80.0,0.606631492554532,fechner
1380,22_epo,81.0,0.6053537978823262,fechner
1381,22_epo,82.0,0.6041059066077781,fechner
1382,22_epo,83.0,0.602886804049854,fechner
1383,22_epo,84.0,0.6016955203103073,fechner
1384,22_epo,85.0,0.6005311278751477,fechner
1385,22_epo,86.0,0.5993927393654165,fechner
1386,22_epo,87.0,0.5982795054268009,fechner
1387,22_epo,88.0,0.5971906127484357,fechner
1388,22_epo,89.0,0.5961252822019653,fechner
1389,22_epo,90.0,0.5950827670926242,fechner
1390,22_epo,91.0,0.5940623515147158,fechner
1391,22_epo,92.0,0.5930633488044345,fechner
1392,22_epo,93.0,0.5920851000835153,fechner
1393,22_epo,94.0,0.5911269728876605,fechner
1394,22_epo,95.0,0.5901883598741523,fechner
1395,23_epo,3.0,0.9984519624507417,fechner
1396,23_epo,4.0,0.9812197721657473,fechner
1397,23_epo,5.0,0.9509171350845848,fechner
1398,23_epo,6.0,0.9163557317759762,fechner
1399,23_epo,7.000000000000001,0.8824553469481302,fechner
1400,23_epo,8.0,0.8512600602234365,fechner
1401,23_epo,9.0,0.8233568096427204,fechner
1402,23_epo,10.0,0.7986925749173956,fechner
1403,23_epo,11.0,0.7769707404019589,fechner
1404,23_epo,12.0,0.7578291093516673,fechner
1405,23_epo,13.0,0.740914412836659,fechner
1406,23_epo,14.000000000000002,0.7259097616718585,fechner
1407,23_epo,15.0,0.71254147179889,fechner
1408,23_epo,16.0,0.7005773777580616,fechner
1409,23_epo,17.0,0.6898220887321826,fechner
1410,23_epo,18.0,0.6801115698746744,fechner
1411,23_epo,19.0,0.671308024378807,fechner
1412,23_epo,20.0,0.6632954161162703,fechner
1413,23_epo,21.0,0.6559756948611752,fechner
1414,23_epo,22.0,0.6492656734463823,fechner
1415,23_epo,23.0,0.6430944685229806,fechner
1416,23_epo,24.0,0.6374014116811194,fechner
1417,23_epo,25.0,0.6321343458878825,fechner
1418,23_epo,26.0,0.6272482345419729,fechner
1419,23_epo,27.0,0.6227040230310434,fechner
1420,23_epo,28.000000000000004,0.6184677039722077,fechner
1421,23_epo,28.999999999999996,0.6145095468701973,fechner
1422,23_epo,30.0,0.610803460760787,fechner
1423,23_epo,31.0,0.6073264647191807,fechner
1424,23_epo,32.0,0.6040582461511258,fechner
1425,23_epo,33.0,0.6009807907861884,fechner
1426,23_epo,34.0,0.5980780714650384,fechner
1427,23_epo,35.0,0.5953357853276151,fechner
1428,23_epo,36.0,0.5927411310055254,fechner
1429,23_epo,37.0,0.5902826190103205,fechner
1430,23_epo,38.0,0.5879499097763385,fechner
1431,23_epo,39.0,0.5857336748307762,fechner
1432,23_epo,40.0,0.5836254773778564,fechner
1433,23_epo,41.0,0.5816176692401025,fechner
1434,23_epo,42.0,0.5797033016304128,fechner
1435,23_epo,43.0,0.5778760476594463,fechner
1436,23_epo,44.0,0.5761301348338578,fechner
1437,23_epo,45.0,0.5744602860879817,fechner
1438,23_epo,46.0,0.5728616681271884,fechner
1439,23_epo,47.0,0.571329846055196,fechner
1440,23_epo,48.0,0.5698607434180469,fechner
1441,23_epo,49.0,0.5684506069304955,fechner
1442,23_epo,50.0,0.567095975261282,fechner
1443,23_epo,51.0,0.5657936513461952,fechner
1444,23_epo,52.0,0.5645406777752566,fechner
1445,23_epo,53.0,0.5633343148653907,fechner
1446,23_epo,54.0,0.5621720210847639,fechner
1447,23_epo,55.00000000000001,0.5610514355412893,fechner
1448,23_epo,56.00000000000001,0.5599703622870489,fechner
1449,23_epo,56.99999999999999,0.5589267562237545,fechner
1450,23_epo,57.99999999999999,0.5579187104227918,fechner
1451,23_epo,59.0,0.5569444446976857,fechner
1452,23_epo,60.0,0.5560022952876271,fechner
1453,23_epo,61.0,0.5550907055285674,fechner
1454,23_epo,62.0,0.5542082174037596,fechner
1455,23_epo,63.0,0.5533534638788924,fechner
1456,23_epo,64.0,0.552525161938429,fechner
1457,23_epo,65.0,0.5517221062497056,fechner
1458,23_epo,66.0,0.5509431633899682,fechner
1459,23_epo,67.0,0.5501872665790438,fechner
1460,23_epo,68.0,0.5494534108668891,fechner
1461,23_epo,69.0,0.5487406487309774,fechner
1462,23_epo,70.0,0.548048086043498,fechner
1463,23_epo,71.0,0.5473748783727348,fechner
1464,23_epo,72.0,0.5467202275868465,fechner
1465,23_epo,73.0,0.5460833787316703,fechner
1466,23_epo,74.0,0.5454636171571674,fechner
1467,23_epo,75.0,0.5448602658697681,fechner
1468,23_epo,76.0,0.5442726830902214,fechner
1469,23_epo,77.0,0.5437002599986198,fechner
1470,23_epo,78.0,0.5431424186501151,fechner
1471,23_epo,79.0,0.5425986100464738,fechner
1472,23_epo,80.0,0.5420683123500738,fechner
1473,23_epo,81.0,0.5415510292282459,fechner
1474,23_epo,82.0,0.5410462883170193,fechner
1475,23_epo,83.0,0.5405536397943606,fechner
1476,23_epo,84.0,0.5400726550539321,fechner
1477,23_epo,85.0,0.5396029254712159,fechner
1478,23_epo,86.0,0.5391440612546001,fechner
1479,23_epo,87.0,0.5386956903746923,fechner
1480,23_epo,88.0,0.5382574575657272,fechner
1481,23_epo,89.0,0.5378290233934775,fechner
1482,23_epo,90.0,0.5374100633845663,fechner
1483,23_epo,91.0,0.5370002672125229,fechner
1484,23_epo,92.0,0.536599337936318,fechner
1485,23_epo,93.0,0.5362069912874836,fechner
1486,23_epo,94.0,0.5358229550022393,fechner
1487,23_epo,95.0,0.5354469681953552,fechner
1488,24_epo,3.0,0.9999999968529583,fechner
1489,24_epo,4.0,0.9999936776411014,fechner
1490,24_epo,5.0,0.9998727522793286,fechner
1491,24_epo,6.0,0.9992861232555953,fechner
1492,24_epo,7.000000000000001,0.9977629967830673,fechner
1493,24_epo,8.0,0.9949291761560035,fechner
1494,24_epo,9.0,0.9906039001187573,fechner
1495,24_epo,10.0,0.9847898097929212,fechner
1496,24_epo,11.0,0.977619552659641,fechner
1497,24_epo,12.0,0.9692988063117695,fechner
1498,24_epo,13.0,0.9600613646764722,fechner
1499,24_epo,14.000000000000002,0.9501390903260679,fechner
1500,24_epo,15.0,0.9397444616985327,fechner
1501,24_epo,16.0,0.9290622083815413,fechner
1502,24_epo,17.0,0.9182468422906568,fechner
1503,24_epo,18.0,0.9074236581218229,fechner
1504,24_epo,19.0,0.8966915367472797,fechner
1505,24_epo,20.0,0.8861264909867875,fechner
1506,24_epo,21.0,0.8757853259713893,fechner
1507,24_epo,22.0,0.8657090742194896,fechner
1508,24_epo,23.0,0.8559260463787147,fechner
1509,24_epo,24.0,0.8464544459485249,fechner
1510,24_epo,25.0,0.8373045558514947,fechner
1511,24_epo,26.0,0.8284805345322338,fechner
1512,24_epo,27.0,0.8199818713851471,fechner
1513,24_epo,28.000000000000004,0.8118045534640123,fechner
1514,24_epo,28.999999999999996,0.8039419923754926,fechner
1515,24_epo,30.0,0.7963857548446357,fechner
1516,24_epo,31.0,0.7891261342820602,fechner
1517,24_epo,32.0,0.7821525946489222,fechner
1518,24_epo,33.0,0.7754541124285831,fechner
1519,24_epo,34.0,0.7690194377377312,fechner
1520,24_epo,35.0,0.7628372915680142,fechner
1521,24_epo,36.0,0.7568965127941447,fechner
1522,24_epo,37.0,0.7511861658366573,fechner
1523,24_epo,38.0,0.7456956176389705,fechner
1524,24_epo,39.0,0.740414590823878,fechner
1525,24_epo,40.0,0.735333198457184,fechner
1526,24_epo,41.0,0.7304419646994169,fechner
1527,24_epo,42.0,0.7257318347143533,fechner
1528,24_epo,43.0,0.7211941764791555,fechner
1529,24_epo,44.0,0.7168207765674606,fechner
1530,24_epo,45.0,0.7126038315230812,fechner
1531,24_epo,46.0,0.7085359360835989,fechner
1532,24_epo,47.0,0.7046100692302638,fechner
1533,24_epo,48.0,0.700819578817672,fechner
1534,24_epo,49.0,0.697158165361138,fechner
1535,24_epo,50.0,0.6936198654216692,fechner
1536,24_epo,51.0,0.69019903492011,fechner
1537,24_epo,52.0,0.6868903326271433,fechner
1538,24_epo,53.0,0.6836887040095221,fechner
1539,24_epo,54.0,0.6805893655612222,fechner
1540,24_epo,55.00000000000001,0.6775877897081103,fechner
1541,24_epo,56.00000000000001,0.6746796903437462,fechner
1542,24_epo,56.99999999999999,0.6718610090301611,fechner
1543,24_epo,57.99999999999999,0.6691279018793496,fechner
1544,24_epo,59.0,0.6664767271175629,fechner
1545,24_epo,60.0,0.6639040333243342,fechner
1546,24_epo,61.0,0.6614065483307513,fechner
1547,24_epo,62.0,0.6589811687562156,fechner
1548,24_epo,63.0,0.6566249501593016,fechner
1549,24_epo,64.0,0.6543350977759967,fechner
1550,24_epo,65.0,0.6521089578172552,fechner
1551,24_epo,66.0,0.6499440092971885,fechner
1552,24_epo,67.0,0.6478378563632028,fechner
1553,24_epo,68.0,0.6457882210997618,fechner
1554,24_epo,69.0,0.6437929367781657,fechner
1555,24_epo,70.0,0.6418499415256401,fechner
1556,24_epo,71.0,0.6399572723880985,fechner
1557,24_epo,72.0,0.6381130597620951,fechner
1558,24_epo,73.0,0.6363155221726979,fechner
1559,24_epo,74.0,0.634562961375243,fechner
1560,24_epo,75.0,0.6328537577601661,fechner
1561,24_epo,76.0,0.6311863660413138,fechner
1562,24_epo,77.0,0.6295593112093268,fechner
1563,24_epo,78.0,0.6279711847328137,fechner
1564,24_epo,79.0,0.626420640991138,fechner
1565,24_epo,80.0,0.6249063939236785,fechner
1566,24_epo,81.0,0.6234272138814017,fechner
1567,24_epo,82.0,0.621981924667541,fechner
1568,24_epo,83.0,0.6205694007550285,fechner
1569,24_epo,84.0,0.6191885646691799,fechner
1570,24_epo,85.0,0.6178383845248934,fechner
1571,24_epo,86.0,0.6165178717083544,fechner
1572,24_epo,87.0,0.6152260786939169,fechner
1573,24_epo,88.0,0.6139620969874718,fechner
1574,24_epo,89.0,0.6127250551881976,fechner
1575,24_epo,90.0,0.6115141171611436,fechner
1576,24_epo,91.0,0.6103284803136122,fechner
1577,24_epo,92.0,0.6091673739687801,fechner
1578,24_epo,93.0,0.6080300578304506,fechner
1579,24_epo,94.0,0.6069158205332325,fechner
1580,24_epo,95.0,0.6058239782728398,fechner
1581,25_epo,3.0,0.9999885275108654,fechner
1582,25_epo,4.0,0.9990482552359989,fechner
1583,25_epo,5.0,0.9945776320134508,fechner
1584,25_epo,6.0,0.9853613219579448,fechner
1585,25_epo,7.000000000000001,0.9719349522218789,fechner
1586,25_epo,8.0,0.9555355056288632,fechner
1587,25_epo,9.0,0.9374178261319307,fechner
1588,25_epo,10.0,0.9185900374680294,fechner
1589,25_epo,11.0,0.8997701115711628,fechner
1590,25_epo,12.0,0.8814277866588286,fechner
1591,25_epo,13.0,0.8638462226960291,fechner
1592,25_epo,14.000000000000002,0.8471780118543493,fechner
1593,25_epo,15.0,0.8314886788065808,fechner
1594,25_epo,16.0,0.8167879889211945,fechner
1595,25_epo,17.0,0.8030515088517742,fechner
1596,25_epo,18.0,0.7902350238229975,fechner
1597,25_epo,19.0,0.7782839581630694,fechner
1598,25_epo,20.0,0.7671393963098185,fechner
1599,25_epo,21.0,0.7567418328685148,fechner
1600,25_epo,22.0,0.7470334262727193,fechner
1601,25_epo,23.0,0.7379592783971386,fechner
1602,25_epo,24.0,0.7294680884475906,fechner
1603,25_epo,25.0,0.7215124115574185,fechner
1604,25_epo,26.0,0.7140486735128004,fechner
1605,25_epo,27.0,0.7070370404332886,fechner
1606,25_epo,28.000000000000004,0.7004412073703647,fechner
1607,25_epo,28.999999999999996,0.6942281467526736,fechner
1608,25_epo,30.0,0.6883678424363622,fechner
1609,25_epo,31.0,0.6828330251668129,fechner
1610,25_epo,32.0,0.6775989187648559,fechner
1611,25_epo,33.0,0.6726430021480715,fechner
1612,25_epo,34.0,0.6679447896105126,fechner
1613,25_epo,35.0,0.6634856300968546,fechner
1614,25_epo,36.0,0.659248525177239,fechner
1615,25_epo,37.0,0.6552179648292105,fechner
1616,25_epo,38.0,0.6513797798118147,fechner
1617,25_epo,39.0,0.6477210092736134,fechner
1618,25_epo,40.0,0.6442297822045203,fechner
1619,25_epo,41.0,0.6408952113770409,fechner
1620,25_epo,42.0,0.6377072984969461,fechner
1621,25_epo,43.0,0.6346568493779668,fechner
1622,25_epo,44.0,0.6317353980578791,fechner
1623,25_epo,45.0,0.6289351388768862,fechner
1624,25_epo,46.0,0.6262488656391038,fechner
1625,25_epo,47.0,0.623669917071649,fechner
1626,25_epo,48.0,0.6211921278821191,fechner
1627,25_epo,49.0,0.6188097847936452,fechner
1628,25_epo,50.0,0.6165175870073027,fechner
1629,25_epo,51.0,0.6143106106047739,fechner
1630,25_epo,52.0,0.6121842764603226,fechner
1631,25_epo,53.0,0.6101343212809306,fechner
1632,25_epo,54.0,0.6081567714374663,fechner
1633,25_epo,55.00000000000001,0.6062479192886248,fechner
1634,25_epo,56.00000000000001,0.604404301733628,fechner
1635,25_epo,56.99999999999999,0.6026226807598497,fechner
1636,25_epo,57.99999999999999,0.6009000257781122,fechner
1637,25_epo,59.0,0.5992334975617926,fechner
1638,25_epo,60.0,0.5976204336264853,fechner
1639,25_epo,61.0,0.5960583349051245,fechner
1640,25_epo,62.0,0.5945448535894696,fechner
1641,25_epo,63.0,0.5930777820229752,fechner
1642,25_epo,64.0,0.5916550425425213,fechner
1643,25_epo,65.0,0.5902746781774943,fechner
1644,25_epo,66.0,0.5889348441244318,fechner
1645,25_epo,67.0,0.5876337999240699,fechner
1646,25_epo,68.0,0.5863699022752541,fechner
1647,25_epo,69.0,0.5851415984269489,fechner
1648,25_epo,70.0,0.5839474200955912,fechner
1649,25_epo,71.0,0.5827859778603669,fechner
1650,25_epo,72.0,0.5816559559937523,fechner
1651,25_epo,73.0,0.5805561076888868,fechner
1652,25_epo,74.0,0.579485250649117,fechner
1653,25_epo,75.0,0.5784422630084318,fechner
1654,25_epo,76.0,0.5774260795545039,fechner
1655,25_epo,77.0,0.5764356882287613,fechner
1656,25_epo,78.0,0.5754701268803132,fechner
1657,25_epo,79.0,0.5745284802527266,fechner
1658,25_epo,80.0,0.5736098771845864,fechner
1659,25_epo,81.0,0.5727134880065153,fechner
1660,25_epo,82.0,0.5718385221189067,fechner
1661,25_epo,83.0,0.5709842257360234,fechner
1662,25_epo,84.0,0.5701498797834024,fechner
1663,25_epo,85.0,0.5693347979366449,fechner
1664,25_epo,86.0,0.5685383247907135,fechner
1665,25_epo,87.0,0.5677598341497916,fechner
1666,25_epo,88.0,0.566998727428618,fechner
1667,25_epo,89.0,0.5662544321569682,fechner
1668,25_epo,90.0,0.5655264005796578,fechner
1669,25_epo,91.0,0.5648141083450744,fechner
1670,25_epo,92.0,0.5641170532758188,fechner
1671,25_epo,93.0,0.5634347542155604,fechner
1672,25_epo,94.0,0.5627667499466826,fechner
1673,25_epo,95.0,0.5621125981737368,fechner
1674,2_epo,3.0,0.8830198159173485,fechner
1675,2_epo,4.0,0.7748794830721014,fechner
1676,2_epo,5.0,0.7162818265098336,fechner
1677,2_epo,6.0,0.6787353434047759,fechner
1678,2_epo,7.000000000000001,0.6524613435024007,fechner
1679,2_epo,8.0,0.6329943883852448,fechner
1680,2_epo,9.0,0.6179720970808926,fechner
1681,2_epo,10.0,0.6060189390869921,fechner
1682,2_epo,11.0,0.596276846645111,fechner
1683,2_epo,12.0,0.5881817177611987,fechner
1684,2_epo,13.0,0.5813469922166006,fechner
1685,2_epo,14.000000000000002,0.5754986778687373,fechner
1686,2_epo,15.0,0.570437044207737,fechner
1687,2_epo,16.0,0.5660129997181151,fechner
1688,2_epo,17.0,0.5621129663295048,fechner
1689,2_epo,18.0,0.5586488799726615,fechner
1690,2_epo,19.0,0.5555513953352271,fechner
1691,2_epo,20.0,0.5527651558384225,fechner
1692,2_epo,21.0,0.5502454308487096,fechner
1693,2_epo,22.0,0.5479556796634415,fechner
1694,2_epo,23.0,0.5458657570298467,fechner
1695,2_epo,24.0,0.5439505711697055,fechner
1696,2_epo,25.0,0.5421890664265524,fechner
1697,2_epo,26.0,0.5405634423906873,fechner
1698,2_epo,27.0,0.5390585477116444,fechner
1699,2_epo,28.000000000000004,0.5376614046099779,fechner
1700,2_epo,28.999999999999996,0.5363608323287904,fechner
1701,2_epo,30.0,0.535147146295415,fechner
1702,2_epo,31.0,0.5340119157983895,fechner
1703,2_epo,32.0,0.5329477673103109,fechner
1704,2_epo,33.0,0.5319482237251485,fechner
1705,2_epo,34.0,0.5310075720808098,fechner
1706,2_epo,35.0,0.5301207540445354,fechner
1707,2_epo,36.0,0.5292832747164583,fechner
1708,2_epo,37.0,0.5284911262720329,fechner
1709,2_epo,38.0,0.5277407236996455,fechner
1710,2_epo,39.0,0.5270288504548095,fechner
1711,2_epo,40.0,0.5263526122897293,fechner
1712,2_epo,41.0,0.525709397858007,fechner
1713,2_epo,42.0,0.5250968449618908,fechner
1714,2_epo,43.0,0.5245128115208741,fechner
1715,2_epo,44.0,0.5239553505084654,fechner
1716,2_epo,45.0,0.5234226882382484,fechner
1717,2_epo,46.0,0.5229132054882866,fechner
1718,2_epo,47.0,0.5224254210401337,fechner
1719,2_epo,48.0,0.5219579772795194,fechner
1720,2_epo,49.0,0.5215096275635389,fechner
1721,2_epo,50.0,0.5210792251065225,fechner
1722,2_epo,51.0,0.5206657131757177,fechner
1723,2_epo,52.0,0.5202681164201253,fechner
1724,2_epo,53.0,0.5198855331825477,fechner
1725,2_epo,54.0,0.519517128667173,fechner
1726,2_epo,55.00000000000001,0.5191621288536175,fechner
1727,2_epo,56.00000000000001,0.5188198150639677,fechner
1728,2_epo,56.99999999999999,0.5184895191025024,fechner
1729,2_epo,57.99999999999999,0.518170618898868,fechner
1730,2_epo,59.0,0.5178625345948915,fechner
1731,2_epo,60.0,0.5175647250231964,fechner
1732,2_epo,61.0,0.5172766845325997,fechner
1733,2_epo,62.0,0.5169979401210836,fechner
1734,2_epo,63.0,0.5167280488421253,fechner
1735,2_epo,64.0,0.5164665954544454,fechner
1736,2_epo,65.0,0.5162131902889324,fechner
1737,2_epo,66.0,0.5159674673096795,fechner
1738,2_epo,67.0,0.5157290823488317,fechner
1739,2_epo,68.0,0.5154977114973318,fechner
1740,2_epo,69.0,0.5152730496357304,fechner
1741,2_epo,70.0,0.5150548090910407,fechner
1742,2_epo,71.0,0.5148427184071985,fechner
1743,2_epo,72.0,0.5146365212180707,fechner
1744,2_epo,73.0,0.5144359752131696,fechner
1745,2_epo,74.0,0.5142408511872971,fechner
1746,2_epo,75.0,0.5140509321662753,fechner
1747,2_epo,76.0,0.513866012601752,fechner
1748,2_epo,77.0,0.5136858976287957,fechner
1749,2_epo,78.0,0.5135104023806384,fechner
1750,2_epo,79.0,0.5133393513555013,fechner
1751,2_epo,80.0,0.5131725778309412,fechner
1752,2_epo,81.0,0.5130099233216062,fechner
1753,2_epo,82.0,0.5128512370766959,fechner
1754,2_epo,83.0,0.512696375613771,fechner
1755,2_epo,84.0,0.5125452022858842,fechner
1756,2_epo,85.0,0.5123975868792843,fechner
1757,2_epo,86.0,0.5122534052392046,fechner
1758,2_epo,87.0,0.512112538921474,fechner
1759,2_epo,88.0,0.5119748748678944,fechner
1760,2_epo,89.0,0.5118403051035162,fechner
1761,2_epo,90.0,0.5117087264541054,fechner
1762,2_epo,91.0,0.5115800402822491,fechner
1763,2_epo,92.0,0.5114541522406811,fechner
1764,2_epo,93.0,0.5113309720415293,fechner
1765,2_epo,94.0,0.5112104132402997,fechner
1766,2_epo,95.0,0.5110923930335094,fechner
1767,3_epo,3.0,0.9999842829311436,fechner
1768,3_epo,4.0,0.9988464516193787,fechner
1769,3_epo,5.0,0.9937416327076649,fechner
1770,3_epo,6.0,0.983582514365248,fechner
1771,3_epo,7.000000000000001,0.9691316295735233,fechner
1772,3_epo,8.0,0.951785993987634,fechner
1773,3_epo,9.0,0.9328769973357104,fechner
1774,3_epo,10.0,0.9134321218877137,fechner
1775,3_epo,11.0,0.8941583608839404,fechner
1776,3_epo,12.0,0.8755019760107561,fechner
1777,3_epo,13.0,0.8577199357724025,fechner
1778,3_epo,14.000000000000002,0.8409405112665014,fechner
1779,3_epo,15.0,0.8252084815898942,fechner
1780,3_epo,16.0,0.8105167214223309,fechner
1781,3_epo,17.0,0.7968274220900854,fechner
1782,3_epo,18.0,0.7840859607873728,fechner
1783,3_epo,19.0,0.7722297556937293,fechner
1784,3_epo,20.0,0.7611937822889844,fechner
1785,3_epo,21.0,0.7509139027518053,fechner
1786,3_epo,22.0,0.7413287818817785,fechner
1787,3_epo,23.0,0.7323809013991779,fechner
1788,3_epo,24.0,0.7240170081088098,fechner
1789,3_epo,25.0,0.7161882141942015,fechner
1790,3_epo,26.0,0.7088498906570982,fechner
1791,3_epo,27.0,0.7019614442729781,fechner
1792,3_epo,28.000000000000004,0.6954860353539294,fechner
1793,3_epo,28.999999999999996,0.6893902720742745,fechner
1794,3_epo,30.0,0.6836439031470266,fechner
1795,3_epo,31.0,0.6782195216283762,fechner
1796,3_epo,32.0,0.6730922868594165,fechner
1797,3_epo,33.0,0.6682396679054686,fechner
1798,3_epo,34.0,0.6636412095865059,fechner
1799,3_epo,35.0,0.6592783208232493,fechner
1800,3_epo,36.0,0.6551340842347002,fechner
1801,3_epo,37.0,0.6511930855053633,fechner
1802,3_epo,38.0,0.6474412608572815,fechner
1803,3_epo,39.0,0.6438657609235992,fechner
1804,3_epo,40.0,0.6404548293683271,fechner
1805,3_epo,41.0,0.6371976946935317,fechner
1806,3_epo,42.0,0.6340844737961497,fechner
1807,3_epo,43.0,0.6311060859668693,fechner
1808,3_epo,44.0,0.6282541761537155,fechner
1809,3_epo,45.0,0.6255210464376579,fechner
1810,3_epo,46.0,0.6228995947837856,fechner
1811,3_epo,47.0,0.6203832602379395,fechner
1812,3_epo,48.0,0.6179659738348037,fechner
1813,3_epo,49.0,0.6156421145694984,fechner
1814,3_epo,50.0,0.6134064698612777,fechner
1815,3_epo,51.0,0.6112542000057044,fechner
1816,3_epo,52.0,0.6091808061714852,fechner
1817,3_epo,53.0,0.6071821015507928,fechner
1818,3_epo,54.0,0.6052541853181714,fechner
1819,3_epo,55.00000000000001,0.6033934190937408,fechner
1820,3_epo,56.00000000000001,0.6015964056420529,fechner
1821,3_epo,56.99999999999999,0.5998599695692217,fechner
1822,3_epo,57.99999999999999,0.5981811398083732,fechner
1823,3_epo,59.0,0.5965571337075337,fechner
1824,3_epo,60.0,0.5949853425552092,fechner
1825,3_epo,61.0,0.593463318397468,fechner
1826,3_epo,62.0,0.5919887620166776,fechner
1827,3_epo,63.0,0.5905595119563952,fechner
1828,3_epo,64.0,0.5891735344895798,fechner
1829,3_epo,65.0,0.5878289144384418,fechner
1830,3_epo,66.0,0.586523846764093,fechner
1831,3_epo,67.0,0.585256628852869,fechner
1832,3_epo,68.0,0.5840256534338796,fechner
1833,3_epo,69.0,0.5828294020691716,fechner
1834,3_epo,70.0,0.5816664391639205,fechner
1835,3_epo,71.0,0.58053540644944,fechner
1836,3_epo,72.0,0.5794350178965593,fechner
1837,3_epo,73.0,0.5783640550211598,fechner
1838,3_epo,74.0,0.5773213625474453,fechner
1839,3_epo,75.0,0.5763058443978801,fechner
1840,3_epo,76.0,0.5753164599817456,fechner
1841,3_epo,77.0,0.5743522207569488,fechner
1842,3_epo,78.0,0.5734121870421228,fechner
1843,3_epo,79.0,0.5724954650582172,fechner
1844,3_epo,80.0,0.5716012041807058,fechner
1845,3_epo,81.0,0.5707285943852753,fechner
1846,3_epo,82.0,0.5698768638714239,fechner
1847,3_epo,83.0,0.569045276849789,fechner
1848,3_epo,84.0,0.5682331314803059,fechner
1849,3_epo,85.0,0.5674397579494228,fechner
1850,3_epo,86.0,0.5666645166756382,fechner
1851,3_epo,87.0,0.565906796633546,fechner
1852,3_epo,88.0,0.565166013787429,fechner
1853,3_epo,89.0,0.5644416096261856,fechner
1854,3_epo,90.0,0.5637330497920806,fechner
1855,3_epo,91.0,0.5630398227964254,fechner
1856,3_epo,92.0,0.5623614388158662,fechner
1857,3_epo,93.0,0.5616974285634783,fechner
1858,3_epo,94.0,0.5610473422293247,fechner
1859,3_epo,95.0,0.5604107484855789,fechner
1860,4_epo,3.0,0.9999766122936453,fechner
1861,4_epo,4.0,0.9985295288820499,fechner
1862,4_epo,5.0,0.9925009668118941,fechner
1863,4_epo,6.0,0.9810306049294208,fechner
1864,4_epo,7.000000000000001,0.9652031407998742,fechner
1865,4_epo,8.0,0.94662228785643,fechner
1866,4_epo,9.0,0.9267071166873248,fechner
1867,4_epo,10.0,0.9064980588805379,fechner
1868,4_epo,11.0,0.8866786695418728,fechner
1869,4_epo,12.0,0.8676588514161235,fechner
1870,4_epo,13.0,0.8496582587355628,fechner
1871,4_epo,14.000000000000002,0.8327719956817259,fechner
1872,4_epo,15.0,0.8170173627737527,fechner
1873,4_epo,16.0,0.8023653477698466,fechner
1874,4_epo,17.0,0.7887611170264001,fechner
1875,4_epo,18.0,0.7761370019324448,fechner
1876,4_epo,19.0,0.7644205239046692,fechner
1877,4_epo,20.0,0.7535392051474508,fechner
1878,4_epo,21.0,0.7434233283403511,fechner
1879,4_epo,22.0,0.7340074055486236,fechner
1880,4_epo,23.0,0.7252308475963273,fechner
1881,4_epo,24.0,0.7170381486564157,fechner
1882,4_epo,25.0,0.7093787862367105,fechner
1883,4_epo,26.0,0.7022069628143809,fechner
1884,4_epo,27.0,0.6954812678684079,fechner
1885,4_epo,28.000000000000004,0.6891643086413635,fechner
1886,4_epo,28.999999999999996,0.6832223385613658,fechner
1887,4_epo,30.0,0.6776248999502472,fechner
1888,4_epo,31.0,0.6723444899045548,fechner
1889,4_epo,32.0,0.6673562534303679,fechner
1890,4_epo,33.0,0.6626377049881814,fechner
1891,4_epo,34.0,0.6581684778804812,fechner
1892,4_epo,35.0,0.6539300999529029,fechner
1893,4_epo,36.0,0.6499057935963402,fechner
1894,4_epo,37.0,0.646080297849092,fechner
1895,4_epo,38.0,0.6424397103874184,fechner
1896,4_epo,39.0,0.6389713472844901,fechner
1897,4_epo,40.0,0.6356636185639649,fechner
1898,4_epo,41.0,0.6325059177454816,fechner
1899,4_epo,42.0,0.6294885237570027,fechner
1900,4_epo,43.0,0.6266025137623621,fechner
1901,4_epo,44.0,0.623839685615608,fechner
1902,4_epo,45.0,0.6211924888037295,fechner
1903,4_epo,46.0,0.6186539628750517,fechner
1904,4_epo,47.0,0.6162176824719329,fechner
1905,4_epo,48.0,0.6138777081940923,fechner
1906,4_epo,49.0,0.6116285426139202,fechner
1907,4_epo,50.0,0.6094650908486237,fechner
1908,4_epo,51.0,0.6073826251672501,fechner
1909,4_epo,52.0,0.6053767531746357,fechner
1910,4_epo,53.0,0.6034433891702524,fechner
1911,4_epo,54.0,0.6015787283287396,fechner
1912,4_epo,55.00000000000001,0.5997792233915232,fechner
1913,4_epo,56.00000000000001,0.5980415635961119,fechner
1914,4_epo,56.99999999999999,0.5963626556021354,fechner
1915,4_epo,57.99999999999999,0.5947396062015572,fechner
1916,4_epo,59.0,0.5931697066252999,fechner
1917,4_epo,60.0,0.5916504182802163,fechner
1918,4_epo,61.0,0.5901793597693457,fechner
1919,4_epo,62.0,0.588754295065059,fechner
1920,4_epo,63.0,0.5873731227193147,fechner
1921,4_epo,64.0,0.586033866008098,fechner
1922,4_epo,65.0,0.584734663918421,fechner
1923,4_epo,66.0,0.5834737628962078,fechner
1924,4_epo,67.0,0.5822495092821807,fechner
1925,4_epo,68.0,0.5810603423705996,fechner
1926,4_epo,69.0,0.5799047880325722,fechner
1927,4_epo,70.0,0.5787814528517096,fechner
1928,4_epo,71.0,0.577689018725281,fechner
1929,4_epo,72.0,0.5766262378887939,fechner
1930,4_epo,73.0,0.5755919283261592,fechner
1931,4_epo,74.0,0.5745849695313773,fechner
1932,4_epo,75.0,0.5736042985910376,fechner
1933,4_epo,76.0,0.5726489065599167,fechner
1934,4_epo,77.0,0.571717835104642,fechner
1935,4_epo,78.0,0.5708101733927681,fechner
1936,4_epo,79.0,0.5699250552067648,fechner
1937,4_epo,80.0,0.5690616562643244,fechner
1938,4_epo,81.0,0.5682191917281159,fechner
1939,4_epo,82.0,0.5673969138896694,fechner
1940,4_epo,83.0,0.5665941100134461,fechner
1941,4_epo,84.0,0.565810100328413,fechner
1942,4_epo,85.0,0.5650442361555642,fechner
1943,4_epo,86.0,0.564295898160842,fechner
1944,4_epo,87.0,0.5635644947238345,fechner
1945,4_epo,88.0,0.5628494604134537,fechner
1946,4_epo,89.0,0.5621502545625476,fechner
1947,4_epo,90.0,0.5614663599340807,fechner
1948,4_epo,91.0,0.5607972814721318,fechner
1949,4_epo,92.0,0.5601425451315201,fechner
1950,4_epo,93.0,0.5595016967803768,fechner
1951,4_epo,94.0,0.5588743011704387,fechner
1952,4_epo,95.0,0.5582599409702673,fechner
1953,5_epo,3.0,0.999999926386754,fechner
1954,5_epo,4.0,0.9999565436743293,fechner
1955,5_epo,5.0,0.9994608465503168,fechner
1956,5_epo,6.0,0.9977115840011616,fechner
1957,5_epo,7.000000000000001,0.9940480274709519,fechner
1958,5_epo,8.0,0.9882151795468055,fechner
1959,5_epo,9.0,0.980313911047212,fechner
1960,5_epo,10.0,0.9706568043513665,fechner
1961,5_epo,11.0,0.9596412321193412,fechner
1962,5_epo,12.0,0.9476666053685121,fechner
1963,5_epo,13.0,0.9350904314920311,fechner
1964,5_epo,14.000000000000002,0.9222106767020494,fechner
1965,5_epo,15.0,0.9092634479109801,fechner
1966,5_epo,16.0,0.8964283879387585,fechner
1967,5_epo,17.0,0.8838371523753149,fechner
1968,5_epo,18.0,0.871582424139338,fechner
1969,5_epo,19.0,0.8597262258711297,fechner
1970,5_epo,20.0,0.8483070392150551,fechner
1971,5_epo,21.0,0.8373456365946007,fechner
1972,5_epo,22.0,0.8268497199084678,fechner
1973,5_epo,23.0,0.8168175344557239,fechner
1974,5_epo,24.0,0.8072406409371029,fechner
1975,5_epo,25.0,0.7981060151730495,fechner
1976,5_epo,26.0,0.7893976212730297,fechner
1977,5_epo,27.0,0.7810975780220922,fechner
1978,5_epo,28.000000000000004,0.7731870141964639,fechner
1979,5_epo,28.999999999999996,0.7656466878877637,fechner
1980,5_epo,30.0,0.7584574279799402,fechner
1981,5_epo,31.0,0.7516004423989916,fechner
1982,5_epo,32.0,0.7450575271495941,fechner
1983,5_epo,33.0,0.7388112019370506,fechner
1984,5_epo,34.0,0.7328447918629298,fechner
1985,5_epo,35.0,0.7271424698653752,fechner
1986,5_epo,36.0,0.7216892709129393,fechner
1987,5_epo,37.0,0.7164710861855279,fechner
1988,5_epo,38.0,0.7114746433777271,fechner
1989,5_epo,39.0,0.7066874776762502,fechner
1990,5_epo,40.0,0.7020978967701181,fechner
1991,5_epo,41.0,0.6976949423546391,fechner
1992,5_epo,42.0,0.693468349916217,fechner
1993,5_epo,43.0,0.6894085080798726,fechner
1994,5_epo,44.0,0.6855064184237819,fechner
1995,5_epo,45.0,0.6817536563837818,fechner
1996,5_epo,46.0,0.6781423336621175,fechner
1997,5_epo,47.0,0.6746650624007197,fechner
1998,5_epo,48.0,0.6713149212665932,fechner
1999,5_epo,49.0,0.6680854235151503,fechner
2000,5_epo,50.0,0.664970487038871,fechner
2001,5_epo,51.0,0.6619644063676342,fechner
2002,5_epo,52.0,0.6590618265590084,fechner
2003,5_epo,53.0,0.6562577188983946,fechner
2004,5_epo,54.0,0.6535473583176233,fechner
2005,5_epo,55.00000000000001,0.6509263024345371,fechner
2006,5_epo,56.00000000000001,0.6483903721137704,fechner
2007,5_epo,56.99999999999999,0.6459356334493193,fechner
2008,5_epo,57.99999999999999,0.6435583810717396,fechner
2009,5_epo,59.0,0.641255122686331,fechner
2010,5_epo,60.0,0.6390225647529941,fechner
2011,5_epo,61.0,0.6368575992232651,fechner
2012,5_epo,62.0,0.6347572912550988,fechner
2013,5_epo,63.0,0.632718867831093,fechner
2014,5_epo,64.0,0.6307397072109173,fechner
2015,5_epo,65.0,0.6288173291536475,fechner
2016,5_epo,66.0,0.6269493858504129,fechner
2017,5_epo,67.0,0.6251336535122828,fechner
2018,5_epo,68.0,0.6233680245625262,fechner
2019,5_epo,69.0,0.6216505003863625,fechner
2020,5_epo,70.0,0.6199791845950152,fechner
2021,5_epo,71.0,0.6183522767643189,fechner
2022,5_epo,72.0,0.6167680666113136,fechner
2023,5_epo,73.0,0.6152249285752079,fechner
2024,5_epo,74.0,0.613721316771796,fechner
2025,5_epo,75.0,0.6122557602929215,fechner
2026,5_epo,76.0,0.6108268588248694,fechner
2027,5_epo,77.0,0.609433278561685,fechner
2028,5_epo,78.0,0.6080737483913436,fechner
2029,5_epo,79.0,0.6067470563344848,fechner
2030,5_epo,80.0,0.6054520462170419,fechner
2031,5_epo,81.0,0.6041876145595922,fechner
2032,5_epo,82.0,0.6029527076676323,fechner
2033,5_epo,83.0,0.6017463189082122,fechner
2034,5_epo,84.0,0.6005674861595396,fechner
2035,5_epo,85.0,0.5994152894211983,fechner
2036,5_epo,86.0,0.5982888485735933,fechner
2037,5_epo,87.0,0.5971873212761257,fechner
2038,5_epo,88.0,0.5961099009944059,fechner
2039,5_epo,89.0,0.5950558151475622,fechner
2040,5_epo,90.0,0.5940243233673776,fechner
2041,5_epo,91.0,0.5930147158616235,fechner
2042,5_epo,92.0,0.592026311874525,fechner
2043,5_epo,93.0,0.5910584582378331,fechner
2044,5_epo,94.0,0.5901105280064467,fechner
2045,5_epo,95.0,0.5891819191729981,fechner
2046,6_epo,3.0,0.9999999390789082,fechner
2047,6_epo,4.0,0.999961292413311,fechner
2048,6_epo,5.0,0.999505602007113,fechner
2049,6_epo,6.0,0.9978660230834869,fechner
2050,6_epo,7.000000000000001,0.9943869609795448,fechner
2051,6_epo,8.0,0.9887949340148012,fechner
2052,6_epo,9.0,0.9811643543928718,fechner
2053,6_epo,10.0,0.9717835351649702,fechner
2054,6_epo,11.0,0.9610318080333784,fechner
2055,6_epo,12.0,0.9492971899822787,fechner
2056,6_epo,13.0,0.9369312997721876,fechner
2057,6_epo,14.000000000000002,0.9242301897005173,fechner
2058,6_epo,15.0,0.9114306381165802,fechner
2059,6_epo,16.0,0.8987144692335641,fechner
2060,6_epo,17.0,0.886216273686326,fechner
2061,6_epo,18.0,0.8740319288538991,fechner
2062,6_epo,19.0,0.8622266103510784,fechner
2063,6_epo,20.0,0.8508417434827658,fechner
2064,6_epo,21.0,0.8399007539787752,fechner
2065,6_epo,22.0,0.8294136794689562,fechner
2066,6_epo,23.0,0.8193807876976137,fechner
2067,6_epo,24.0,0.809795369827493,fechner
2068,6_epo,25.0,0.8006458693990601,fechner
2069,6_epo,26.0,0.7919174872254946,fechner
2070,6_epo,27.0,0.7835933788796486,fechner
2071,6_epo,28.000000000000004,0.7756555388505251,fechner
2072,6_epo,28.999999999999996,0.7680854457157256,fechner
2073,6_epo,30.0,0.7608645262711712,fechner
2074,6_epo,31.0,0.7539744833315081,fechner
2075,6_epo,32.0,0.7473975214603066,fechner
2076,6_epo,33.0,0.7411164967382203,fechner
2077,6_epo,34.0,0.7351150103817445,fechner
2078,6_epo,35.0,0.7293774611947265,fechner
2079,6_epo,36.0,0.7238890681458873,fechner
2080,6_epo,37.0,0.7186358715580331,fechner
2081,6_epo,38.0,0.7136047192632313,fechner
2082,6_epo,39.0,0.7087832424633066,fechner
2083,6_epo,40.0,0.7041598248134391,fechner
2084,6_epo,41.0,0.6997235673240324,fechner
2085,6_epo,42.0,0.69546425098031,fechner
2086,6_epo,43.0,0.6913722984554584,fechner
2087,6_epo,44.0,0.6874387358999201,fechner
2088,6_epo,45.0,0.6836551554949565,fechner
2089,6_epo,46.0,0.6800136792389447,fechner
2090,6_epo,47.0,0.6765069242717457,fechner
2091,6_epo,48.0,0.6731279699221695,fechner
2092,6_epo,49.0,0.6698703265755034,fechner
2093,6_epo,50.0,0.666727906394391,fechner
2094,6_epo,51.0,0.6636949958809649,fechner
2095,6_epo,52.0,0.6607662302364882,fechner
2096,6_epo,53.0,0.6579365694533753,fechner
2097,6_epo,54.0,0.6552012760607062,fechner
2098,6_epo,55.00000000000001,0.6525558944362055,fechner
2099,6_epo,56.00000000000001,0.6499962315936464,fechner
2100,6_epo,56.99999999999999,0.6475183393535849,fechner
2101,6_epo,57.99999999999999,0.6451184978064023,fechner
2102,6_epo,59.0,0.6427931999791567,fechner
2103,6_epo,60.0,0.640539137621257,fechner
2104,6_epo,61.0,0.6383531880280986,fechner
2105,6_epo,62.0,0.6362324018262892,fechner
2106,6_epo,63.0,0.6341739916487347,fechner
2107,6_epo,64.0,0.6321753216325227,fechner
2108,6_epo,65.0,0.6302338976771297,fechner
2109,6_epo,66.0,0.6283473584049143,fechner
2110,6_epo,67.0,0.6265134667701214,fechner
2111,6_epo,68.0,0.6247301022666393,fechner
2112,6_epo,69.0,0.6229952536885579,fechner
2113,6_epo,70.0,0.621307012401129,fechner
2114,6_epo,71.0,0.6196635660830458,fechner
2115,6_epo,72.0,0.6180631929040417,fechner
2116,6_epo,73.0,0.6165042561046611,fechner
2117,6_epo,74.0,0.6149851989476957,fechner
2118,6_epo,75.0,0.613504540013217,fechner
2119,6_epo,76.0,0.6120608688113732,fechner
2120,6_epo,77.0,0.6106528416891913,fechner
2121,6_epo,78.0,0.6092791780095154,fechner
2122,6_epo,79.0,0.6079386565819604,fechner
2123,6_epo,80.0,0.6066301123273626,fechner
2124,6_epo,81.0,0.6053524331586675,fechner
2125,6_epo,82.0,0.6041045570625615,fechner
2126,6_epo,83.0,0.6028854693673689,fechner
2127,6_epo,84.0,0.6016942001838863,fechner
2128,6_epo,85.0,0.6005298220068642,fechner
2129,6_epo,86.0,0.5993914474657899,fechner
2130,6_epo,87.0,0.5982782272145122,fechner
2131,6_epo,88.0,0.5971893479500534,fechner
2132,6_epo,89.0,0.59612403055168,fechner
2133,6_epo,90.0,0.5950815283319929,fechner
2134,6_epo,91.0,0.5940611253924146,fechner
2135,6_epo,92.0,0.5930621350760205,fechner
2136,6_epo,93.0,0.5920838985111974,fechner
2137,6_epo,94.0,0.5911257832400769,fechner
2138,6_epo,95.0,0.5901871819261584,fechner
2139,7_epo,3.0,0.9999999880424043,fechner
2140,7_epo,4.0,0.9999856981123666,fechner
2141,7_epo,5.0,0.999765460537606,fechner
2142,7_epo,6.0,0.9988306369835888,fechner
2143,7_epo,7.000000000000001,0.9966129588874082,fechner
2144,7_epo,8.0,0.9927479463629073,fechner
2145,7_epo,9.0,0.9871363007772341,fechner
2146,7_epo,10.0,0.979887316338588,fechner
2147,7_epo,11.0,0.9712345014030792,fechner
2148,7_epo,12.0,0.9614641302404554,fechner
2149,7_epo,13.0,0.9508667868543451,fechner
2150,7_epo,14.000000000000002,0.9397094638911001,fechner
2151,7_epo,15.0,0.9282224745399736,fechner
2152,7_epo,16.0,0.9165957559596347,fechner
2153,7_epo,17.0,0.9049804928498912,fechner
2154,7_epo,18.0,0.893493347673324,fechner
2155,7_epo,19.0,0.8822216399881654,fechner
2156,7_epo,20.0,0.8712285448004762,fechner
2157,7_epo,21.0,0.8605578430369418,fechner
2158,7_epo,22.0,0.8502380336407529,fechner
2159,7_epo,23.0,0.8402857709657663,fechner
2160,7_epo,24.0,0.8307086697632494,fechner
2161,7_epo,25.0,0.8215075542894046,fechner
2162,7_epo,26.0,0.81267823762854,fechner
2163,7_epo,27.0,0.8042129141698422,fechner
2164,7_epo,28.000000000000004,0.7961012392372075,fechner
2165,7_epo,28.999999999999996,0.7883311590020564,fechner
2166,7_epo,30.0,0.7808895430128743,fechner
2167,7_epo,31.0,0.7737626618913901,fechner
2168,7_epo,32.0,0.7669365443223943,fechner
2169,7_epo,33.0,0.7603972404408713,fechner
2170,7_epo,34.0,0.754131012986591,fechner
2171,7_epo,35.0,0.7481244729834853,fechner
2172,7_epo,36.0,0.7423646730281145,fechner
2173,7_epo,37.0,0.7368391683684413,fechner
2174,7_epo,38.0,0.7315360536719271,fechner
2175,7_epo,39.0,0.7264439815949951,fechner
2176,7_epo,40.0,0.7215521678708007,fechner
2177,7_epo,41.0,0.7168503865455369,fechner
2178,7_epo,42.0,0.7123289581484986,fechner
2179,7_epo,43.0,0.7079787329250031,fechner
2180,7_epo,44.0,0.7037910707525238,fechner
2181,7_epo,45.0,0.6997578189663624,fechner
2182,7_epo,46.0,0.6958712890164923,fechner
2183,7_epo,47.0,0.6921242326419265,fechner
2184,7_epo,48.0,0.6885098180676572,fechner
2185,7_epo,49.0,0.6850216065898341,fechner
2186,7_epo,50.0,0.6816535298080139,fechner
2187,7_epo,51.0,0.6783998676817556,fechner
2188,7_epo,52.0,0.675255227526866,fechner
2189,7_epo,53.0,0.6722145240198186,fechner
2190,7_epo,54.0,0.6692729602438449,fechner
2191,7_epo,55.00000000000001,0.6664260097842477,fechner
2192,7_epo,56.00000000000001,0.6636693998615523,fechner
2193,7_epo,56.99999999999999,0.6609990954775428,fechner
2194,7_epo,57.99999999999999,0.6584112845398202,fechner
2195,7_epo,59.0,0.655902363924229,fechner
2196,7_epo,60.0,0.6534689264306084,fechner
2197,7_epo,61.0,0.6511077485852359,fechner
2198,7_epo,62.0,0.6488157792425696,fechner
2199,7_epo,63.0,0.6465901289391309,fechner
2200,7_epo,64.0,0.6444280599533049,fechner
2201,7_epo,65.0,0.6423269770262874,fechner
2202,7_epo,66.0,0.6402844187011776,fechner
2203,7_epo,67.0,0.6382980492392296,fechner
2204,7_epo,68.0,0.6363656510743915,fechner
2205,7_epo,69.0,0.634485117769443,fechner
2206,7_epo,70.0,0.632654447439231,fechner
2207,7_epo,71.0,0.630871736608645,fechner
2208,7_epo,72.0,0.6291351744750734,fechner
2209,7_epo,73.0,0.6274430375470843,fechner
2210,7_epo,74.0,0.6257936846329986,fechner
2211,7_epo,75.0,0.6241855521548482,fechner
2212,7_epo,76.0,0.622617149764922,fechner
2213,7_epo,77.0,0.6210870562437365,fechner
2214,7_epo,78.0,0.6195939156597629,fechner
2215,7_epo,79.0,0.6181364337726818,fechner
2216,7_epo,80.0,0.6167133746632412,fechner
2217,7_epo,81.0,0.6153235575740261,fechner
2218,7_epo,82.0,0.6139658539466076,fechner
2219,7_epo,83.0,0.6126391846415697,fechner
2220,7_epo,84.0,0.611342517328928,fechner
2221,7_epo,85.0,0.6100748640373456,fechner
2222,7_epo,86.0,0.6088352788514033,fechner
2223,7_epo,87.0,0.6076228557469588,fechner
2224,7_epo,88.0,0.6064367265553594,fechner
2225,7_epo,89.0,0.605276059047931,fechner
2226,7_epo,90.0,0.6041400551327938,fechner
2227,7_epo,91.0,0.6030279491566191,fechner
2228,7_epo,92.0,0.6019390063044714,fechner
2229,7_epo,93.0,0.6008725210913779,fechner
2230,7_epo,94.0,0.599827815939698,fechner
2231,7_epo,95.0,0.5988042398368065,fechner
2232,8_epo,3.0,0.9999606214194056,fechner
2233,8_epo,4.0,0.9979788941779887,fechner
2234,8_epo,5.0,0.990498338690237,fechner
2235,8_epo,6.0,0.9770894070060501,fechner
2236,8_epo,7.000000000000001,0.9593186180490347,fechner
2237,8_epo,8.0,0.9390608395125749,fechner
2238,8_epo,9.0,0.9178285746044424,fechner
2239,8_epo,10.0,0.8966562511948254,fechner
2240,8_epo,11.0,0.876179053001801,fechner
2241,8_epo,12.0,0.8567475649054486,fechner
2242,8_epo,13.0,0.8385255675163686,fechner
2243,8_epo,14.000000000000002,0.8215609150560884,fechner
2244,8_epo,15.0,0.8058331061897038,fechner
2245,8_epo,16.0,0.7912838272165575,fechner
2246,8_epo,17.0,0.7778359638280168,fechner
2247,8_epo,18.0,0.7654051128460756,fechner
2248,8_epo,19.0,0.7539063337086327,fechner
2249,8_epo,20.0,0.7432579304376125,fechner
2250,8_epo,21.0,0.7333834093049367,fechner
2251,8_epo,22.0,0.7242123349472993,fechner
2252,8_epo,23.0,0.715680536850816,fechner
2253,8_epo,24.0,0.7077299464802912,fechner
2254,8_epo,25.0,0.7003082372594474,fechner
2255,8_epo,26.0,0.6933683718641928,fechner
2256,8_epo,27.0,0.6868681189857386,fechner
2257,8_epo,28.000000000000004,0.6807695754231894,fechner
2258,8_epo,28.999999999999996,0.6750387131291407,fechner
2259,8_epo,30.0,0.6696449609127972,fechner
2260,8_epo,31.0,0.6645608245458523,fechner
2261,8_epo,32.0,0.6597615455314753,fechner
2262,8_epo,33.0,0.6552247968494125,fechner
2263,8_epo,34.0,0.6509304129895118,fechner
2264,8_epo,35.0,0.6468601511593833,fechner
2265,8_epo,36.0,0.6429974804652332,fechner
2266,8_epo,37.0,0.6393273959715872,fechner
2267,8_epo,38.0,0.635836254754767,fechner
2268,8_epo,39.0,0.6325116313209526,fechner
2269,8_epo,40.0,0.6293421900291645,fechner
2270,8_epo,41.0,0.6263175724232896,fechner
2271,8_epo,42.0,0.6234282976248741,fechner
2272,8_epo,43.0,0.6206656741648081,fechner
2273,8_epo,44.0,0.6180217218354622,fechner
2274,8_epo,45.0,0.6154891023254403,fechner
2275,8_epo,46.0,0.6130610575581781,fechner
2276,8_epo,47.0,0.6107313547948282,fechner
2277,8_epo,48.0,0.6084942376832755,fechner
2278,8_epo,49.0,0.6063443825406651,fechner
2279,8_epo,50.0,0.604276859248427,fechner
2280,8_epo,51.0,0.6022870962182035,fechner
2281,8_epo,52.0,0.6003708489558911,fechner
2282,8_epo,53.0,0.598524171810644,fechner
2283,8_epo,54.0,0.5967433925473555,fechner
2284,8_epo,55.00000000000001,0.595025089425946,fechner
2285,8_epo,56.00000000000001,0.5933660705096733,fechner
2286,8_epo,56.99999999999999,0.5917633549584504,fechner
2287,8_epo,57.99999999999999,0.5902141560925231,fechner
2288,8_epo,59.0,0.588715866037419,fechner
2289,8_epo,60.0,0.5872660417833541,fechner
2290,8_epo,61.0,0.5858623925117186,fechner
2291,8_epo,62.0,0.5845027680582481,fechner
2292,8_epo,63.0,0.5831851483973434,fechner
2293,8_epo,64.0,0.5819076340450194,fechner
2294,8_epo,65.0,0.5806684372893892,fechner
2295,8_epo,66.0,0.5794658741676104,fechner
2296,8_epo,67.0,0.5782983571170702,fechner
2297,8_epo,68.0,0.5771643882363394,fechner
2298,8_epo,69.0,0.5760625530983042,fechner
2299,8_epo,70.0,0.5749915150639401,fechner
2300,8_epo,71.0,0.5739500100505535,fechner
2301,8_epo,72.0,0.5729368417130749,fechner
2302,8_epo,73.0,0.5719508770011936,fechner
2303,8_epo,74.0,0.5709910420588729,fechner
2304,8_epo,75.0,0.5700563184361148,fechner
2305,8_epo,76.0,0.5691457395858055,fechner
2306,8_epo,77.0,0.5682583876211206,fechner
2307,8_epo,78.0,0.5673933903113274,fechner
2308,8_epo,79.0,0.566549918295935,fechner
2309,8_epo,80.0,0.5657271824990311,fechner
2310,8_epo,81.0,0.5649244317273346,fechner
2311,8_epo,82.0,0.5641409504370203,fechner
2312,8_epo,83.0,0.5633760566557237,fechner
2313,8_epo,84.0,0.5626291000473729,fechner
2314,8_epo,85.0,0.5618994601085948,fechner
2315,8_epo,86.0,0.561186544486433,fechner
2316,8_epo,87.0,0.5604897874080212,fechner
2317,8_epo,88.0,0.5598086482136659,fechner
2318,8_epo,89.0,0.5591426099855169,fechner
2319,8_epo,90.0,0.558491178264682,fechner
2320,8_epo,91.0,0.5578538798502322,fechner
2321,8_epo,92.0,0.5572302616740932,fechner
2322,8_epo,93.0,0.5566198897463185,fechner
2323,8_epo,94.0,0.5560223481656805,fechner
2324,8_epo,95.0,0.5554372381909333,fechner
2325,9_epo,3.0,0.9908757770628498,fechner
2326,9_epo,4.0,0.9461678464724993,fechner
2327,9_epo,5.0,0.895451987426196,fechner
2328,9_epo,6.0,0.849998982441281,fechner
2329,9_epo,7.000000000000001,0.8116447369994183,fechner
2330,9_epo,8.0,0.7797301310735348,fechner
2331,9_epo,9.0,0.7531271702439291,fechner
2332,9_epo,10.0,0.730786252536229,fechner
2333,9_epo,11.0,0.7118497542635607,fechner
2334,9_epo,12.0,0.6956450216793082,fechner
2335,9_epo,13.0,0.6816503321972855,fechner
2336,9_epo,14.000000000000002,0.6694606425981279,fechner
2337,9_epo,15.0,0.6587595226419163,fechner
2338,9_epo,16.0,0.649297649335926,fechner
2339,9_epo,17.0,0.6408767230100361,fechner
2340,9_epo,18.0,0.6333375178852645,fechner
2341,9_epo,19.0,0.6265509902692156,fechner
2342,9_epo,20.0,0.6204116245953358,fechner
2343,9_epo,21.0,0.6148324159425647,fechner
2344,9_epo,22.0,0.609741054081604,fechner
2345,9_epo,23.0,0.6050769954753739,fechner
2346,9_epo,24.0,0.6007891966355886,fechner
2347,9_epo,25.0,0.5968343442074845,fechner
2348,9_epo,26.0,0.5931754613400528,fechner
2349,9_epo,27.0,0.5897808015355305,fechner
2350,9_epo,28.000000000000004,0.5866229639621326,fechner
2351,9_epo,28.999999999999996,0.5836781807496312,fechner
2352,9_epo,30.0,0.5809257388776261,fechner
2353,9_epo,31.0,0.5783475081764806,fechner
2354,9_epo,32.0,0.575927553579649,fechner
2355,9_epo,33.0,0.573651814721373,fechner
2356,9_epo,34.0,0.5715078397120192,fechner
2357,9_epo,35.0,0.5694845627645229,fechner
2358,9_epo,36.0,0.5675721175203192,fechner
2359,9_epo,37.0,0.5657616795995439,fechner
2360,9_epo,38.0,0.56404533320103,fechner
2361,9_epo,39.0,0.5624159575933666,fechner
2362,9_epo,40.0,0.5608671301362946,fechner
2363,9_epo,41.0,0.5593930431023741,fechner
2364,9_epo,42.0,0.5579884320700528,fechner
2365,9_epo,43.0,0.5566485140597268,fechner
2366,9_epo,44.0,0.5553689339060223,fechner
2367,9_epo,45.0,0.5541457176191144,fechner
2368,9_epo,46.0,0.5529752316984388,fechner
2369,9_epo,47.0,0.5518541475336564,fechner
2370,9_epo,48.0,0.5507794101680743,fechner
2371,9_epo,49.0,0.5497482108150439,fechner
2372,9_epo,50.0,0.5487579626129957,fechner
2373,9_epo,51.0,0.5478062791835708,fechner
2374,9_epo,52.0,0.5468909556228175,fechner
2375,9_epo,53.0,0.5460099516100766,fechner
2376,9_epo,54.0,0.5451613763649434,fechner
2377,9_epo,55.00000000000001,0.5443434752211342,fechner
2378,9_epo,56.00000000000001,0.5435546176184822,fechner
2379,9_epo,56.99999999999999,0.5427932863416767,fechner
2380,9_epo,57.99999999999999,0.5420580678575819,fechner
2381,9_epo,59.0,0.5413476436227236,fechner
2382,9_epo,60.0,0.5406607822493686,fechner
2383,9_epo,61.0,0.5399963324330285,fechner
2384,9_epo,62.0,0.5393532165565628,fechner
2385,9_epo,63.0,0.5387304248966721,fechner
2386,9_epo,64.0,0.5381270103677124,fechner
2387,9_epo,65.0,0.5375420837456636,fechner
2388,9_epo,66.0,0.5369748093219189,fechner
2389,9_epo,67.0,0.5364244009424969,fechner
2390,9_epo,68.0,0.5358901183934347,fechner
2391,9_epo,69.0,0.5353712640976139,fechner
2392,9_epo,70.0,0.5348671800921995,fechner
2393,9_epo,71.0,0.534377245259299,fechner
2394,9_epo,72.0,0.5339008727854658,fechner
2395,9_epo,73.0,0.5334375078283076,fechner
2396,9_epo,74.0,0.5329866253707881,fechner
2397,9_epo,75.0,0.5325477282458635,fechner
2398,9_epo,76.0,0.5321203453158966,fechner
2399,9_epo,77.0,0.5317040297929008,fechner
2400,9_epo,78.0,0.5312983576870757,fechner
2401,9_epo,79.0,0.5309029263723615,fechner
2402,9_epo,80.0,0.530517353258849,fechner
2403,9_epo,81.0,0.5301412745628832,fechner
2404,9_epo,82.0,0.5297743441665836,fechner
2405,9_epo,83.0,0.5294162325592908,fechner
2406,9_epo,84.0,0.5290666258541644,fechner
2407,9_epo,85.0,0.528725224873783,fechner
2408,9_epo,86.0,0.5283917442991694,fechner
2409,9_epo,87.0,0.5280659118771692,fechner
2410,9_epo,88.0,0.5277474676815739,fechner
2411,9_epo,89.0,0.5274361634237839,fechner
2412,9_epo,90.0,0.5271317618091852,fechner
2413,9_epo,91.0,0.5268340359357431,fechner
2414,9_epo,92.0,0.5265427687316183,fechner
2415,9_epo,93.0,0.5262577524288874,fechner
2416,9_epo,94.0,0.5259787880706921,fechner
2417,9_epo,95.0,0.525705685049369,fechner
