,participant,contrast,mrt,name
0,0_epo,3.0,98.52183397678995,linear
1,0_epo,4.0,98.6326302891151,linear
2,0_epo,5.0,98.74342660144025,linear
3,0_epo,6.0,98.85422291376541,linear
4,0_epo,7.000000000000001,98.96501922609058,linear
5,0_epo,8.0,99.07581553841574,linear
6,0_epo,9.0,99.1866118507409,linear
7,0_epo,10.0,99.29740816306607,linear
8,0_epo,11.0,99.40820447539123,linear
9,0_epo,12.0,99.5190007877164,linear
10,0_epo,13.0,99.62979710004156,linear
11,0_epo,14.000000000000002,99.74059341236669,linear
12,0_epo,15.0,99.85138972469186,linear
13,0_epo,16.0,99.96218603701702,linear
14,0_epo,17.0,100.07298234934218,linear
15,0_epo,18.0,100.18377866166735,linear
16,0_epo,19.0,100.29457497399251,linear
17,0_epo,20.0,100.40537128631767,linear
18,0_epo,21.0,100.51616759864284,linear
19,0_epo,22.0,100.626963910968,linear
20,0_epo,23.0,100.73776022329314,linear
21,0_epo,24.0,100.8485565356183,linear
22,0_epo,25.0,100.95935284794346,linear
23,0_epo,26.0,101.07014916026863,linear
24,0_epo,27.0,101.18094547259379,linear
25,0_epo,28.000000000000004,101.29174178491895,linear
26,0_epo,28.999999999999996,101.40253809724412,linear
27,0_epo,30.0,101.51333440956928,linear
28,0_epo,31.0,101.62413072189445,linear
29,0_epo,32.0,101.7349270342196,linear
30,0_epo,33.0,101.84572334654474,linear
31,0_epo,34.0,101.95651965886991,linear
32,0_epo,35.0,102.06731597119507,linear
33,0_epo,36.0,102.17811228352024,linear
34,0_epo,37.0,102.2889085958454,linear
35,0_epo,38.0,102.39970490817056,linear
36,0_epo,39.0,102.51050122049573,linear
37,0_epo,40.0,102.62129753282089,linear
38,0_epo,41.0,102.73209384514604,linear
39,0_epo,42.0,102.84289015747119,linear
40,0_epo,43.0,102.95368646979635,linear
41,0_epo,44.0,103.06448278212152,linear
42,0_epo,45.0,103.17527909444668,linear
43,0_epo,46.0,103.28607540677184,linear
44,0_epo,47.0,103.396871719097,linear
45,0_epo,48.0,103.50766803142217,linear
46,0_epo,49.0,103.61846434374733,linear
47,0_epo,50.0,103.7292606560725,linear
48,0_epo,51.0,103.84005696839763,linear
49,0_epo,52.0,103.9508532807228,linear
50,0_epo,53.0,104.06164959304796,linear
51,0_epo,54.0,104.17244590537312,linear
52,0_epo,55.00000000000001,104.28324221769829,linear
53,0_epo,56.00000000000001,104.39403853002345,linear
54,0_epo,56.99999999999999,104.50483484234861,linear
55,0_epo,57.99999999999999,104.61563115467378,linear
56,0_epo,59.0,104.72642746699893,linear
57,0_epo,60.0,104.83722377932409,linear
58,0_epo,61.0,104.94802009164924,linear
59,0_epo,62.0,105.0588164039744,linear
60,0_epo,63.0,105.16961271629957,linear
61,0_epo,64.0,105.28040902862473,linear
62,0_epo,65.0,105.3912053409499,linear
63,0_epo,66.0,105.50200165327506,linear
64,0_epo,67.0,105.61279796560022,linear
65,0_epo,68.0,105.72359427792539,linear
66,0_epo,69.0,105.83439059025054,linear
67,0_epo,70.0,105.94518690257568,linear
68,0_epo,71.0,106.05598321490085,linear
69,0_epo,72.0,106.16677952722601,linear
70,0_epo,73.0,106.27757583955118,linear
71,0_epo,74.0,106.38837215187634,linear
72,0_epo,75.0,106.4991684642015,linear
73,0_epo,76.0,106.60996477652667,linear
74,0_epo,77.0,106.72076108885182,linear
75,0_epo,78.0,106.83155740117698,linear
76,0_epo,79.0,106.94235371350214,linear
77,0_epo,80.0,107.05315002582729,linear
78,0_epo,81.0,107.16394633815246,linear
79,0_epo,82.0,107.27474265047762,linear
80,0_epo,83.0,107.38553896280278,linear
81,0_epo,84.0,107.49633527512795,linear
82,0_epo,85.0,107.60713158745311,linear
83,0_epo,86.0,107.71792789977827,linear
84,0_epo,87.0,107.82872421210342,linear
85,0_epo,88.0,107.93952052442859,linear
86,0_epo,89.0,108.05031683675374,linear
87,0_epo,90.0,108.1611131490789,linear
88,0_epo,91.0,108.27190946140406,linear
89,0_epo,92.0,108.38270577372923,linear
90,0_epo,93.0,108.49350208605439,linear
91,0_epo,94.0,108.60429839837956,linear
92,0_epo,95.0,108.7150947107047,linear
93,10_epo,3.0,65.71281928231848,linear
94,10_epo,4.0,65.83870275976223,linear
95,10_epo,5.0,65.96458623720596,linear
96,10_epo,6.0,66.09046971464971,linear
97,10_epo,7.000000000000001,66.21635319209345,linear
98,10_epo,8.0,66.34223666953719,linear
99,10_epo,9.0,66.46812014698094,linear
100,10_epo,10.0,66.59400362442467,linear
101,10_epo,11.0,66.71988710186842,linear
102,10_epo,12.0,66.84577057931217,linear
103,10_epo,13.0,66.97165405675591,linear
104,10_epo,14.000000000000002,67.09753753419966,linear
105,10_epo,15.0,67.2234210116434,linear
106,10_epo,16.0,67.34930448908715,linear
107,10_epo,17.0,67.47518796653088,linear
108,10_epo,18.0,67.60107144397463,linear
109,10_epo,19.0,67.72695492141837,linear
110,10_epo,20.0,67.8528383988621,linear
111,10_epo,21.0,67.97872187630585,linear
112,10_epo,22.0,68.10460535374959,linear
113,10_epo,23.0,68.23048883119334,linear
114,10_epo,24.0,68.35637230863709,linear
115,10_epo,25.0,68.48225578608083,linear
116,10_epo,26.0,68.60813926352458,linear
117,10_epo,27.0,68.73402274096831,linear
118,10_epo,28.000000000000004,68.85990621841206,linear
119,10_epo,28.999999999999996,68.98578969585581,linear
120,10_epo,30.0,69.11167317329955,linear
121,10_epo,31.0,69.2375566507433,linear
122,10_epo,32.0,69.36344012818702,linear
123,10_epo,33.0,69.48932360563077,linear
124,10_epo,34.0,69.61520708307452,linear
125,10_epo,35.0,69.74109056051826,linear
126,10_epo,36.0,69.86697403796201,linear
127,10_epo,37.0,69.99285751540575,linear
128,10_epo,38.0,70.1187409928495,linear
129,10_epo,39.0,70.24462447029325,linear
130,10_epo,40.0,70.37050794773698,linear
131,10_epo,41.0,70.49639142518073,linear
132,10_epo,42.0,70.62227490262447,linear
133,10_epo,43.0,70.74815838006822,linear
134,10_epo,44.0,70.87404185751195,linear
135,10_epo,45.0,70.99992533495569,linear
136,10_epo,46.0,71.12580881239944,linear
137,10_epo,47.0,71.25169228984318,linear
138,10_epo,48.0,71.37757576728693,linear
139,10_epo,49.0,71.50345924473068,linear
140,10_epo,50.0,71.62934272217441,linear
141,10_epo,51.0,71.75522619961816,linear
142,10_epo,52.0,71.8811096770619,linear
143,10_epo,53.0,72.00699315450565,linear
144,10_epo,54.0,72.1328766319494,linear
145,10_epo,55.00000000000001,72.25876010939314,linear
146,10_epo,56.00000000000001,72.38464358683689,linear
147,10_epo,56.99999999999999,72.51052706428061,linear
148,10_epo,57.99999999999999,72.63641054172436,linear
149,10_epo,59.0,72.76229401916811,linear
150,10_epo,60.0,72.88817749661185,linear
151,10_epo,61.0,73.0140609740556,linear
152,10_epo,62.0,73.13994445149933,linear
153,10_epo,63.0,73.26582792894308,linear
154,10_epo,64.0,73.39171140638682,linear
155,10_epo,65.0,73.51759488383057,linear
156,10_epo,66.0,73.64347836127432,linear
157,10_epo,67.0,73.76936183871805,linear
158,10_epo,68.0,73.8952453161618,linear
159,10_epo,69.0,74.02112879360553,linear
160,10_epo,70.0,74.14701227104928,linear
161,10_epo,71.0,74.27289574849303,linear
162,10_epo,72.0,74.39877922593676,linear
163,10_epo,73.0,74.52466270338051,linear
164,10_epo,74.0,74.65054618082425,linear
165,10_epo,75.0,74.776429658268,linear
166,10_epo,76.0,74.90231313571175,linear
167,10_epo,77.0,75.02819661315549,linear
168,10_epo,78.0,75.15408009059924,linear
169,10_epo,79.0,75.27996356804297,linear
170,10_epo,80.0,75.40584704548672,linear
171,10_epo,81.0,75.53173052293047,linear
172,10_epo,82.0,75.6576140003742,linear
173,10_epo,83.0,75.78349747781795,linear
174,10_epo,84.0,75.90938095526168,linear
175,10_epo,85.0,76.03526443270543,linear
176,10_epo,86.0,76.16114791014918,linear
177,10_epo,87.0,76.28703138759292,linear
178,10_epo,88.0,76.41291486503667,linear
179,10_epo,89.0,76.5387983424804,linear
180,10_epo,90.0,76.66468181992416,linear
181,10_epo,91.0,76.7905652973679,linear
182,10_epo,92.0,76.91644877481164,linear
183,10_epo,93.0,77.04233225225539,linear
184,10_epo,94.0,77.16821572969911,linear
185,10_epo,95.0,77.29409920714286,linear
186,11_epo,3.0,82.28036091605625,linear
187,11_epo,4.0,82.69017855641327,linear
188,11_epo,5.0,83.09999619677026,linear
189,11_epo,6.0,83.50981383712725,linear
190,11_epo,7.000000000000001,83.91963147748426,linear
191,11_epo,8.0,84.32944911784125,linear
192,11_epo,9.0,84.73926675819824,linear
193,11_epo,10.0,85.14908439855526,linear
194,11_epo,11.0,85.55890203891225,linear
195,11_epo,12.0,85.96871967926926,linear
196,11_epo,13.0,86.37853731962625,linear
197,11_epo,14.000000000000002,86.78835495998324,linear
198,11_epo,15.0,87.19817260034024,linear
199,11_epo,16.0,87.60799024069725,linear
200,11_epo,17.0,88.01780788105425,linear
201,11_epo,18.0,88.42762552141124,linear
202,11_epo,19.0,88.83744316176823,linear
203,11_epo,20.0,89.24726080212524,linear
204,11_epo,21.0,89.65707844248223,linear
205,11_epo,22.0,90.06689608283924,linear
206,11_epo,23.0,90.47671372319624,linear
207,11_epo,24.0,90.88653136355323,linear
208,11_epo,25.0,91.29634900391024,linear
209,11_epo,26.0,91.70616664426723,linear
210,11_epo,27.0,92.11598428462422,linear
211,11_epo,28.000000000000004,92.52580192498122,linear
212,11_epo,28.999999999999996,92.93561956533823,linear
213,11_epo,30.0,93.34543720569523,linear
214,11_epo,31.0,93.75525484605222,linear
215,11_epo,32.0,94.16507248640922,linear
216,11_epo,33.0,94.57489012676622,linear
217,11_epo,34.0,94.98470776712323,linear
218,11_epo,35.0,95.39452540748023,linear
219,11_epo,36.0,95.80434304783722,linear
220,11_epo,37.0,96.21416068819421,linear
221,11_epo,38.0,96.62397832855122,linear
222,11_epo,39.0,97.03379596890821,linear
223,11_epo,40.0,97.4436136092652,linear
224,11_epo,41.0,97.8534312496222,linear
225,11_epo,42.0,98.26324888997921,linear
226,11_epo,43.0,98.67306653033621,linear
227,11_epo,44.0,99.0828841706932,linear
228,11_epo,45.0,99.4927018110502,linear
229,11_epo,46.0,99.90251945140722,linear
230,11_epo,47.0,100.3123370917642,linear
231,11_epo,48.0,100.72215473212121,linear
232,11_epo,49.0,101.1319723724782,linear
233,11_epo,50.0,101.5417900128352,linear
234,11_epo,51.0,101.9516076531922,linear
235,11_epo,52.0,102.36142529354919,linear
236,11_epo,53.0,102.7712429339062,linear
237,11_epo,54.0,103.1810605742632,linear
238,11_epo,55.00000000000001,103.59087821462019,linear
239,11_epo,56.00000000000001,104.0006958549772,linear
240,11_epo,56.99999999999999,104.41051349533419,linear
241,11_epo,57.99999999999999,104.82033113569118,linear
242,11_epo,59.0,105.23014877604818,linear
243,11_epo,60.0,105.63996641640519,linear
244,11_epo,61.0,106.04978405676219,linear
245,11_epo,62.0,106.45960169711918,linear
246,11_epo,63.0,106.86941933747617,linear
247,11_epo,64.0,107.27923697783318,linear
248,11_epo,65.0,107.68905461819017,linear
249,11_epo,66.0,108.09887225854719,linear
250,11_epo,67.0,108.50868989890418,linear
251,11_epo,68.0,108.91850753926117,linear
252,11_epo,69.0,109.32832517961818,linear
253,11_epo,70.0,109.73814281997517,linear
254,11_epo,71.0,110.14796046033216,linear
255,11_epo,72.0,110.55777810068918,linear
256,11_epo,73.0,110.96759574104617,linear
257,11_epo,74.0,111.37741338140317,linear
258,11_epo,75.0,111.78723102176016,linear
259,11_epo,76.0,112.19704866211715,linear
260,11_epo,77.0,112.60686630247416,linear
261,11_epo,78.0,113.01668394283115,linear
262,11_epo,79.0,113.42650158318816,linear
263,11_epo,80.0,113.83631922354516,linear
264,11_epo,81.0,114.24613686390215,linear
265,11_epo,82.0,114.65595450425916,linear
266,11_epo,83.0,115.06577214461615,linear
267,11_epo,84.0,115.47558978497315,linear
268,11_epo,85.0,115.88540742533016,linear
269,11_epo,86.0,116.29522506568715,linear
270,11_epo,87.0,116.70504270604415,linear
271,11_epo,88.0,117.11486034640114,linear
272,11_epo,89.0,117.52467798675814,linear
273,11_epo,90.0,117.93449562711514,linear
274,11_epo,91.0,118.34431326747213,linear
275,11_epo,92.0,118.75413090782915,linear
276,11_epo,93.0,119.16394854818614,linear
277,11_epo,94.0,119.57376618854313,linear
278,11_epo,95.0,119.98358382890014,linear
279,12_epo,3.0,102.56522589119903,linear
280,12_epo,4.0,102.64089359592076,linear
281,12_epo,5.0,102.71656130064248,linear
282,12_epo,6.0,102.7922290053642,linear
283,12_epo,7.000000000000001,102.86789671008593,linear
284,12_epo,8.0,102.94356441480767,linear
285,12_epo,9.0,103.01923211952939,linear
286,12_epo,10.0,103.0948998242511,linear
287,12_epo,11.0,103.17056752897282,linear
288,12_epo,12.0,103.24623523369455,linear
289,12_epo,13.0,103.32190293841629,linear
290,12_epo,14.000000000000002,103.39757064313801,linear
291,12_epo,15.0,103.47323834785973,linear
292,12_epo,16.0,103.54890605258144,linear
293,12_epo,17.0,103.62457375730318,linear
294,12_epo,18.0,103.7002414620249,linear
295,12_epo,19.0,103.77590916674663,linear
296,12_epo,20.0,103.85157687146835,linear
297,12_epo,21.0,103.92724457619008,linear
298,12_epo,22.0,104.0029122809118,linear
299,12_epo,23.0,104.07857998563352,linear
300,12_epo,24.0,104.15424769035525,linear
301,12_epo,25.0,104.22991539507697,linear
302,12_epo,26.0,104.30558309979871,linear
303,12_epo,27.0,104.38125080452043,linear
304,12_epo,28.000000000000004,104.45691850924216,linear
305,12_epo,28.999999999999996,104.53258621396387,linear
306,12_epo,30.0,104.60825391868559,linear
307,12_epo,31.0,104.68392162340733,linear
308,12_epo,32.0,104.75958932812905,linear
309,12_epo,33.0,104.83525703285078,linear
310,12_epo,34.0,104.9109247375725,linear
311,12_epo,35.0,104.98659244229422,linear
312,12_epo,36.0,105.06226014701595,linear
313,12_epo,37.0,105.13792785173767,linear
314,12_epo,38.0,105.2135955564594,linear
315,12_epo,39.0,105.28926326118112,linear
316,12_epo,40.0,105.36493096590286,linear
317,12_epo,41.0,105.44059867062457,linear
318,12_epo,42.0,105.51626637534629,linear
319,12_epo,43.0,105.59193408006801,linear
320,12_epo,44.0,105.66760178478975,linear
321,12_epo,45.0,105.74326948951148,linear
322,12_epo,46.0,105.8189371942332,linear
323,12_epo,47.0,105.89460489895491,linear
324,12_epo,48.0,105.97027260367665,linear
325,12_epo,49.0,106.04594030839837,linear
326,12_epo,50.0,106.1216080131201,linear
327,12_epo,51.0,106.19727571784182,linear
328,12_epo,52.0,106.27294342256354,linear
329,12_epo,53.0,106.34861112728528,linear
330,12_epo,54.0,106.42427883200699,linear
331,12_epo,55.00000000000001,106.49994653672871,linear
332,12_epo,56.00000000000001,106.57561424145044,linear
333,12_epo,56.99999999999999,106.65128194617216,linear
334,12_epo,57.99999999999999,106.7269496508939,linear
335,12_epo,59.0,106.80261735561562,linear
336,12_epo,60.0,106.87828506033733,linear
337,12_epo,61.0,106.95395276505906,linear
338,12_epo,62.0,107.0296204697808,linear
339,12_epo,63.0,107.10528817450252,linear
340,12_epo,64.0,107.18095587922424,linear
341,12_epo,65.0,107.25662358394597,linear
342,12_epo,66.0,107.33229128866769,linear
343,12_epo,67.0,107.40795899338941,linear
344,12_epo,68.0,107.48362669811114,linear
345,12_epo,69.0,107.55929440283286,linear
346,12_epo,70.0,107.63496210755459,linear
347,12_epo,71.0,107.71062981227632,linear
348,12_epo,72.0,107.78629751699803,linear
349,12_epo,73.0,107.86196522171976,linear
350,12_epo,74.0,107.93763292644148,linear
351,12_epo,75.0,108.01330063116322,linear
352,12_epo,76.0,108.08896833588494,linear
353,12_epo,77.0,108.16463604060667,linear
354,12_epo,78.0,108.24030374532839,linear
355,12_epo,79.0,108.3159714500501,linear
356,12_epo,80.0,108.39163915477184,linear
357,12_epo,81.0,108.46730685949356,linear
358,12_epo,82.0,108.54297456421529,linear
359,12_epo,83.0,108.61864226893701,linear
360,12_epo,84.0,108.69430997365873,linear
361,12_epo,85.0,108.76997767838046,linear
362,12_epo,86.0,108.84564538310218,linear
363,12_epo,87.0,108.9213130878239,linear
364,12_epo,88.0,108.99698079254563,linear
365,12_epo,89.0,109.07264849726737,linear
366,12_epo,90.0,109.14831620198909,linear
367,12_epo,91.0,109.2239839067108,linear
368,12_epo,92.0,109.29965161143252,linear
369,12_epo,93.0,109.37531931615426,linear
370,12_epo,94.0,109.45098702087598,linear
371,12_epo,95.0,109.52665472559771,linear
372,13_epo,3.0,65.05352415693295,linear
373,13_epo,4.0,65.21457009850245,linear
374,13_epo,5.0,65.37561604007196,linear
375,13_epo,6.0,65.53666198164146,linear
376,13_epo,7.000000000000001,65.69770792321096,linear
377,13_epo,8.0,65.85875386478047,linear
378,13_epo,9.0,66.01979980634997,linear
379,13_epo,10.0,66.18084574791946,linear
380,13_epo,11.0,66.34189168948896,linear
381,13_epo,12.0,66.50293763105847,linear
382,13_epo,13.0,66.66398357262798,linear
383,13_epo,14.000000000000002,66.82502951419748,linear
384,13_epo,15.0,66.98607545576698,linear
385,13_epo,16.0,67.14712139733649,linear
386,13_epo,17.0,67.30816733890599,linear
387,13_epo,18.0,67.46921328047549,linear
388,13_epo,19.0,67.630259222045,linear
389,13_epo,20.0,67.7913051636145,linear
390,13_epo,21.0,67.952351105184,linear
391,13_epo,22.0,68.11339704675349,linear
392,13_epo,23.0,68.274442988323,linear
393,13_epo,24.0,68.4354889298925,linear
394,13_epo,25.0,68.596534871462,linear
395,13_epo,26.0,68.7575808130315,linear
396,13_epo,27.0,68.91862675460101,linear
397,13_epo,28.000000000000004,69.0796726961705,linear
398,13_epo,28.999999999999996,69.24071863774,linear
399,13_epo,30.0,69.40176457930951,linear
400,13_epo,31.0,69.56281052087901,linear
401,13_epo,32.0,69.72385646244851,linear
402,13_epo,33.0,69.884902404018,linear
403,13_epo,34.0,70.04594834558752,linear
404,13_epo,35.0,70.20699428715702,linear
405,13_epo,36.0,70.36804022872651,linear
406,13_epo,37.0,70.52908617029601,linear
407,13_epo,38.0,70.69013211186554,linear
408,13_epo,39.0,70.85117805343504,linear
409,13_epo,40.0,71.01222399500453,linear
410,13_epo,41.0,71.17326993657404,linear
411,13_epo,42.0,71.33431587814354,linear
412,13_epo,43.0,71.49536181971304,linear
413,13_epo,44.0,71.65640776128254,linear
414,13_epo,45.0,71.81745370285205,linear
415,13_epo,46.0,71.97849964442155,linear
416,13_epo,47.0,72.13954558599104,linear
417,13_epo,48.0,72.30059152756054,linear
418,13_epo,49.0,72.46163746913005,linear
419,13_epo,50.0,72.62268341069955,linear
420,13_epo,51.0,72.78372935226905,linear
421,13_epo,52.0,72.94477529383856,linear
422,13_epo,53.0,73.10582123540806,linear
423,13_epo,54.0,73.26686717697756,linear
424,13_epo,55.00000000000001,73.42791311854705,linear
425,13_epo,56.00000000000001,73.58895906011657,linear
426,13_epo,56.99999999999999,73.75000500168606,linear
427,13_epo,57.99999999999999,73.91105094325556,linear
428,13_epo,59.0,74.07209688482506,linear
429,13_epo,60.0,74.23314282639457,linear
430,13_epo,61.0,74.39418876796407,linear
431,13_epo,62.0,74.55523470953356,linear
432,13_epo,63.0,74.71628065110309,linear
433,13_epo,64.0,74.87732659267259,linear
434,13_epo,65.0,75.03837253424209,linear
435,13_epo,66.0,75.19941847581158,linear
436,13_epo,67.0,75.3604644173811,linear
437,13_epo,68.0,75.5215103589506,linear
438,13_epo,69.0,75.68255630052009,linear
439,13_epo,70.0,75.84360224208959,linear
440,13_epo,71.0,76.0046481836591,linear
441,13_epo,72.0,76.1656941252286,linear
442,13_epo,73.0,76.3267400667981,linear
443,13_epo,74.0,76.4877860083676,linear
444,13_epo,75.0,76.6488319499371,linear
445,13_epo,76.0,76.8098778915066,linear
446,13_epo,77.0,76.9709238330761,linear
447,13_epo,78.0,77.13196977464561,linear
448,13_epo,79.0,77.29301571621511,linear
449,13_epo,80.0,77.4540616577846,linear
450,13_epo,81.0,77.6151075993541,linear
451,13_epo,82.0,77.77615354092362,linear
452,13_epo,83.0,77.93719948249311,linear
453,13_epo,84.0,78.09824542406261,linear
454,13_epo,85.0,78.25929136563212,linear
455,13_epo,86.0,78.42033730720162,linear
456,13_epo,87.0,78.58138324877112,linear
457,13_epo,88.0,78.74242919034063,linear
458,13_epo,89.0,78.90347513191014,linear
459,13_epo,90.0,79.06452107347964,linear
460,13_epo,91.0,79.22556701504914,linear
461,13_epo,92.0,79.38661295661863,linear
462,13_epo,93.0,79.54765889818815,linear
463,13_epo,94.0,79.70870483975764,linear
464,13_epo,95.0,79.86975078132714,linear
465,14_epo,3.0,88.21698686837313,linear
466,14_epo,4.0,88.27225293890213,linear
467,14_epo,5.0,88.32751900943114,linear
468,14_epo,6.0,88.38278507996017,linear
469,14_epo,7.000000000000001,88.43805115048919,linear
470,14_epo,8.0,88.49331722101819,linear
471,14_epo,9.0,88.54858329154722,linear
472,14_epo,10.0,88.60384936207623,linear
473,14_epo,11.0,88.65911543260523,linear
474,14_epo,12.0,88.71438150313425,linear
475,14_epo,13.0,88.76964757366328,linear
476,14_epo,14.000000000000002,88.82491364419229,linear
477,14_epo,15.0,88.8801797147213,linear
478,14_epo,16.0,88.93544578525031,linear
479,14_epo,17.0,88.99071185577934,linear
480,14_epo,18.0,89.04597792630835,linear
481,14_epo,19.0,89.10124399683735,linear
482,14_epo,20.0,89.15651006736638,linear
483,14_epo,21.0,89.2117761378954,linear
484,14_epo,22.0,89.26704220842441,linear
485,14_epo,23.0,89.32230827895341,linear
486,14_epo,24.0,89.37757434948244,linear
487,14_epo,25.0,89.43284042001146,linear
488,14_epo,26.0,89.48810649054047,linear
489,14_epo,27.0,89.54337256106949,linear
490,14_epo,28.000000000000004,89.5986386315985,linear
491,14_epo,28.999999999999996,89.65390470212752,linear
492,14_epo,30.0,89.70917077265652,linear
493,14_epo,31.0,89.76443684318555,linear
494,14_epo,32.0,89.81970291371456,linear
495,14_epo,33.0,89.87496898424358,linear
496,14_epo,34.0,89.9302350547726,linear
497,14_epo,35.0,89.98550112530161,linear
498,14_epo,36.0,90.04076719583063,linear
499,14_epo,37.0,90.09603326635964,linear
500,14_epo,38.0,90.15129933688866,linear
501,14_epo,39.0,90.20656540741767,linear
502,14_epo,40.0,90.26183147794669,linear
503,14_epo,41.0,90.3170975484757,linear
504,14_epo,42.0,90.37236361900472,linear
505,14_epo,43.0,90.42762968953373,linear
506,14_epo,44.0,90.48289576006275,linear
507,14_epo,45.0,90.53816183059176,linear
508,14_epo,46.0,90.59342790112078,linear
509,14_epo,47.0,90.64869397164979,linear
510,14_epo,48.0,90.7039600421788,linear
511,14_epo,49.0,90.75922611270782,linear
512,14_epo,50.0,90.81449218323684,linear
513,14_epo,51.0,90.86975825376585,linear
514,14_epo,52.0,90.92502432429488,linear
515,14_epo,53.0,90.98029039482388,linear
516,14_epo,54.0,91.0355564653529,linear
517,14_epo,55.00000000000001,91.09082253588191,linear
518,14_epo,56.00000000000001,91.14608860641094,linear
519,14_epo,56.99999999999999,91.20135467693994,linear
520,14_epo,57.99999999999999,91.25662074746896,linear
521,14_epo,59.0,91.31188681799799,linear
522,14_epo,60.0,91.367152888527,linear
523,14_epo,61.0,91.422418959056,linear
524,14_epo,62.0,91.47768502958502,linear
525,14_epo,63.0,91.53295110011405,linear
526,14_epo,64.0,91.58821717064305,linear
527,14_epo,65.0,91.64348324117206,linear
528,14_epo,66.0,91.69874931170108,linear
529,14_epo,67.0,91.75401538223011,linear
530,14_epo,68.0,91.80928145275911,linear
531,14_epo,69.0,91.86454752328812,linear
532,14_epo,70.0,91.91981359381715,linear
533,14_epo,71.0,91.97507966434617,linear
534,14_epo,72.0,92.03034573487517,linear
535,14_epo,73.0,92.08561180540418,linear
536,14_epo,74.0,92.14087787593321,linear
537,14_epo,75.0,92.19614394646223,linear
538,14_epo,76.0,92.25141001699123,linear
539,14_epo,77.0,92.30667608752026,linear
540,14_epo,78.0,92.36194215804927,linear
541,14_epo,79.0,92.41720822857827,linear
542,14_epo,80.0,92.47247429910729,linear
543,14_epo,81.0,92.52774036963632,linear
544,14_epo,82.0,92.58300644016533,linear
545,14_epo,83.0,92.63827251069434,linear
546,14_epo,84.0,92.69353858122336,linear
547,14_epo,85.0,92.74880465175238,linear
548,14_epo,86.0,92.8040707222814,linear
549,14_epo,87.0,92.8593367928104,linear
550,14_epo,88.0,92.91460286333943,linear
551,14_epo,89.0,92.96986893386844,linear
552,14_epo,90.0,93.02513500439746,linear
553,14_epo,91.0,93.08040107492646,linear
554,14_epo,92.0,93.13566714545549,linear
555,14_epo,93.0,93.1909332159845,linear
556,14_epo,94.0,93.24619928651352,linear
557,14_epo,95.0,93.30146535704253,linear
558,15_epo,3.0,108.59326256510978,linear
559,15_epo,4.0,108.69353744607315,linear
560,15_epo,5.0,108.79381232703653,linear
561,15_epo,6.0,108.8940872079999,linear
562,15_epo,7.000000000000001,108.99436208896329,linear
563,15_epo,8.0,109.09463696992665,linear
564,15_epo,9.0,109.19491185089002,linear
565,15_epo,10.0,109.29518673185339,linear
566,15_epo,11.0,109.39546161281676,linear
567,15_epo,12.0,109.49573649378013,linear
568,15_epo,13.0,109.5960113747435,linear
569,15_epo,14.000000000000002,109.69628625570687,linear
570,15_epo,15.0,109.79656113667025,linear
571,15_epo,16.0,109.89683601763362,linear
572,15_epo,17.0,109.99711089859699,linear
573,15_epo,18.0,110.09738577956035,linear
574,15_epo,19.0,110.19766066052372,linear
575,15_epo,20.0,110.29793554148709,linear
576,15_epo,21.0,110.39821042245046,linear
577,15_epo,22.0,110.49848530341383,linear
578,15_epo,23.0,110.5987601843772,linear
579,15_epo,24.0,110.69903506534057,linear
580,15_epo,25.0,110.79930994630395,linear
581,15_epo,26.0,110.89958482726732,linear
582,15_epo,27.0,110.99985970823069,linear
583,15_epo,28.000000000000004,111.10013458919406,linear
584,15_epo,28.999999999999996,111.20040947015742,linear
585,15_epo,30.0,111.3006843511208,linear
586,15_epo,31.0,111.40095923208416,linear
587,15_epo,32.0,111.50123411304753,linear
588,15_epo,33.0,111.6015089940109,linear
589,15_epo,34.0,111.70178387497427,linear
590,15_epo,35.0,111.80205875593765,linear
591,15_epo,36.0,111.90233363690102,linear
592,15_epo,37.0,112.00260851786439,linear
593,15_epo,38.0,112.10288339882776,linear
594,15_epo,39.0,112.20315827979113,linear
595,15_epo,40.0,112.3034331607545,linear
596,15_epo,41.0,112.40370804171788,linear
597,15_epo,42.0,112.50398292268125,linear
598,15_epo,43.0,112.60425780364461,linear
599,15_epo,44.0,112.70453268460798,linear
600,15_epo,45.0,112.80480756557137,linear
601,15_epo,46.0,112.90508244653473,linear
602,15_epo,47.0,113.0053573274981,linear
603,15_epo,48.0,113.10563220846147,linear
604,15_epo,49.0,113.20590708942484,linear
605,15_epo,50.0,113.30618197038821,linear
606,15_epo,51.0,113.40645685135158,linear
607,15_epo,52.0,113.50673173231495,linear
608,15_epo,53.0,113.60700661327832,linear
609,15_epo,54.0,113.7072814942417,linear
610,15_epo,55.00000000000001,113.80755637520507,linear
611,15_epo,56.00000000000001,113.90783125616844,linear
612,15_epo,56.99999999999999,114.0081061371318,linear
613,15_epo,57.99999999999999,114.10838101809517,linear
614,15_epo,59.0,114.20865589905854,linear
615,15_epo,60.0,114.30893078002191,linear
616,15_epo,61.0,114.40920566098528,linear
617,15_epo,62.0,114.50948054194865,linear
618,15_epo,63.0,114.60975542291202,linear
619,15_epo,64.0,114.71003030387539,linear
620,15_epo,65.0,114.81030518483877,linear
621,15_epo,66.0,114.91058006580214,linear
622,15_epo,67.0,115.0108549467655,linear
623,15_epo,68.0,115.11112982772887,linear
624,15_epo,69.0,115.21140470869224,linear
625,15_epo,70.0,115.31167958965561,linear
626,15_epo,71.0,115.41195447061898,linear
627,15_epo,72.0,115.51222935158235,linear
628,15_epo,73.0,115.61250423254572,linear
629,15_epo,74.0,115.7127791135091,linear
630,15_epo,75.0,115.81305399447247,linear
631,15_epo,76.0,115.91332887543585,linear
632,15_epo,77.0,116.01360375639922,linear
633,15_epo,78.0,116.11387863736259,linear
634,15_epo,79.0,116.21415351832596,linear
635,15_epo,80.0,116.31442839928933,linear
636,15_epo,81.0,116.4147032802527,linear
637,15_epo,82.0,116.51497816121606,linear
638,15_epo,83.0,116.61525304217943,linear
639,15_epo,84.0,116.7155279231428,linear
640,15_epo,85.0,116.81580280410618,linear
641,15_epo,86.0,116.91607768506955,linear
642,15_epo,87.0,117.01635256603292,linear
643,15_epo,88.0,117.11662744699629,linear
644,15_epo,89.0,117.21690232795966,linear
645,15_epo,90.0,117.31717720892303,linear
646,15_epo,91.0,117.4174520898864,linear
647,15_epo,92.0,117.51772697084976,linear
648,15_epo,93.0,117.61800185181315,linear
649,15_epo,94.0,117.71827673277652,linear
650,15_epo,95.0,117.81855161373988,linear
651,16_epo,3.0,73.61817592715856,linear
652,16_epo,4.0,73.74035769535713,linear
653,16_epo,5.0,73.8625394635557,linear
654,16_epo,6.0,73.98472123175429,linear
655,16_epo,7.000000000000001,74.10690299995287,linear
656,16_epo,8.0,74.22908476815144,linear
657,16_epo,9.0,74.35126653635002,linear
658,16_epo,10.0,74.4734483045486,linear
659,16_epo,11.0,74.59563007274717,linear
660,16_epo,12.0,74.71781184094574,linear
661,16_epo,13.0,74.83999360914432,linear
662,16_epo,14.000000000000002,74.96217537734289,linear
663,16_epo,15.0,75.08435714554147,linear
664,16_epo,16.0,75.20653891374005,linear
665,16_epo,17.0,75.32872068193862,linear
666,16_epo,18.0,75.45090245013719,linear
667,16_epo,19.0,75.57308421833577,linear
668,16_epo,20.0,75.69526598653434,linear
669,16_epo,21.0,75.81744775473292,linear
670,16_epo,22.0,75.9396295229315,linear
671,16_epo,23.0,76.06181129113007,linear
672,16_epo,24.0,76.18399305932864,linear
673,16_epo,25.0,76.30617482752722,linear
674,16_epo,26.0,76.42835659572579,linear
675,16_epo,27.0,76.55053836392437,linear
676,16_epo,28.000000000000004,76.67272013212295,linear
677,16_epo,28.999999999999996,76.79490190032152,linear
678,16_epo,30.0,76.91708366852009,linear
679,16_epo,31.0,77.03926543671867,linear
680,16_epo,32.0,77.16144720491724,linear
681,16_epo,33.0,77.28362897311582,linear
682,16_epo,34.0,77.4058107413144,linear
683,16_epo,35.0,77.52799250951298,linear
684,16_epo,36.0,77.65017427771156,linear
685,16_epo,37.0,77.77235604591013,linear
686,16_epo,38.0,77.8945378141087,linear
687,16_epo,39.0,78.01671958230729,linear
688,16_epo,40.0,78.13890135050586,linear
689,16_epo,41.0,78.26108311870443,linear
690,16_epo,42.0,78.383264886903,linear
691,16_epo,43.0,78.50544665510158,linear
692,16_epo,44.0,78.62762842330015,linear
693,16_epo,45.0,78.74981019149874,linear
694,16_epo,46.0,78.87199195969731,linear
695,16_epo,47.0,78.99417372789588,linear
696,16_epo,48.0,79.11635549609446,linear
697,16_epo,49.0,79.23853726429303,linear
698,16_epo,50.0,79.3607190324916,linear
699,16_epo,51.0,79.48290080069019,linear
700,16_epo,52.0,79.60508256888876,linear
701,16_epo,53.0,79.72726433708733,linear
702,16_epo,54.0,79.8494461052859,linear
703,16_epo,55.00000000000001,79.97162787348448,linear
704,16_epo,56.00000000000001,80.09380964168305,linear
705,16_epo,56.99999999999999,80.21599140988164,linear
706,16_epo,57.99999999999999,80.33817317808021,linear
707,16_epo,59.0,80.46035494627878,linear
708,16_epo,60.0,80.58253671447736,linear
709,16_epo,61.0,80.70471848267593,linear
710,16_epo,62.0,80.8269002508745,linear
711,16_epo,63.0,80.9490820190731,linear
712,16_epo,64.0,81.07126378727168,linear
713,16_epo,65.0,81.19344555547025,linear
714,16_epo,66.0,81.31562732366882,linear
715,16_epo,67.0,81.4378090918674,linear
716,16_epo,68.0,81.55999086006597,linear
717,16_epo,69.0,81.68217262826455,linear
718,16_epo,70.0,81.80435439646313,linear
719,16_epo,71.0,81.9265361646617,linear
720,16_epo,72.0,82.04871793286027,linear
721,16_epo,73.0,82.17089970105884,linear
722,16_epo,74.0,82.29308146925743,linear
723,16_epo,75.0,82.415263237456,linear
724,16_epo,76.0,82.53744500565458,linear
725,16_epo,77.0,82.65962677385315,linear
726,16_epo,78.0,82.78180854205172,linear
727,16_epo,79.0,82.9039903102503,linear
728,16_epo,80.0,83.02617207844887,linear
729,16_epo,81.0,83.14835384664745,linear
730,16_epo,82.0,83.27053561484603,linear
731,16_epo,83.0,83.3927173830446,linear
732,16_epo,84.0,83.51489915124317,linear
733,16_epo,85.0,83.63708091944174,linear
734,16_epo,86.0,83.75926268764033,linear
735,16_epo,87.0,83.8814444558389,linear
736,16_epo,88.0,84.00362622403748,linear
737,16_epo,89.0,84.12580799223605,linear
738,16_epo,90.0,84.24798976043462,linear
739,16_epo,91.0,84.37017152863321,linear
740,16_epo,92.0,84.49235329683178,linear
741,16_epo,93.0,84.61453506503037,linear
742,16_epo,94.0,84.73671683322894,linear
743,16_epo,95.0,84.85889860142751,linear
744,17_epo,3.0,105.74327656785648,linear
745,17_epo,4.0,105.72689206459671,linear
746,17_epo,5.0,105.71050756133691,linear
747,17_epo,6.0,105.69412305807714,linear
748,17_epo,7.000000000000001,105.67773855481735,linear
749,17_epo,8.0,105.66135405155758,linear
750,17_epo,9.0,105.6449695482978,linear
751,17_epo,10.0,105.628585045038,linear
752,17_epo,11.0,105.61220054177822,linear
753,17_epo,12.0,105.59581603851844,linear
754,17_epo,13.0,105.57943153525866,linear
755,17_epo,14.000000000000002,105.56304703199886,linear
756,17_epo,15.0,105.54666252873909,linear
757,17_epo,16.0,105.5302780254793,linear
758,17_epo,17.0,105.51389352221952,linear
759,17_epo,18.0,105.49750901895975,linear
760,17_epo,19.0,105.48112451569995,linear
761,17_epo,20.0,105.46474001244017,linear
762,17_epo,21.0,105.44835550918039,linear
763,17_epo,22.0,105.43197100592062,linear
764,17_epo,23.0,105.41558650266082,linear
765,17_epo,24.0,105.39920199940104,linear
766,17_epo,25.0,105.38281749614126,linear
767,17_epo,26.0,105.36643299288147,linear
768,17_epo,27.0,105.3500484896217,linear
769,17_epo,28.000000000000004,105.3336639863619,linear
770,17_epo,28.999999999999996,105.31727948310213,linear
771,17_epo,30.0,105.30089497984234,linear
772,17_epo,31.0,105.28451047658257,linear
773,17_epo,32.0,105.26812597332277,linear
774,17_epo,33.0,105.251741470063,linear
775,17_epo,34.0,105.23535696680321,linear
776,17_epo,35.0,105.21897246354342,linear
777,17_epo,36.0,105.20258796028365,linear
778,17_epo,37.0,105.18620345702385,linear
779,17_epo,38.0,105.16981895376408,linear
780,17_epo,39.0,105.15343445050429,linear
781,17_epo,40.0,105.13704994724452,linear
782,17_epo,41.0,105.12066544398472,linear
783,17_epo,42.0,105.10428094072493,linear
784,17_epo,43.0,105.08789643746516,linear
785,17_epo,44.0,105.07151193420538,linear
786,17_epo,45.0,105.0551274309456,linear
787,17_epo,46.0,105.0387429276858,linear
788,17_epo,47.0,105.02235842442603,linear
789,17_epo,48.0,105.00597392116624,linear
790,17_epo,49.0,104.98958941790647,linear
791,17_epo,50.0,104.97320491464667,linear
792,17_epo,51.0,104.95682041138689,linear
793,17_epo,52.0,104.94043590812711,linear
794,17_epo,53.0,104.92405140486733,linear
795,17_epo,54.0,104.90766690160756,linear
796,17_epo,55.00000000000001,104.89128239834776,linear
797,17_epo,56.00000000000001,104.87489789508798,linear
798,17_epo,56.99999999999999,104.8585133918282,linear
799,17_epo,57.99999999999999,104.84212888856842,linear
800,17_epo,59.0,104.82574438530862,linear
801,17_epo,60.0,104.80935988204884,linear
802,17_epo,61.0,104.79297537878907,linear
803,17_epo,62.0,104.77659087552928,linear
804,17_epo,63.0,104.76020637226951,linear
805,17_epo,64.0,104.74382186900971,linear
806,17_epo,65.0,104.72743736574994,linear
807,17_epo,66.0,104.71105286249015,linear
808,17_epo,67.0,104.69466835923036,linear
809,17_epo,68.0,104.67828385597058,linear
810,17_epo,69.0,104.66189935271079,linear
811,17_epo,70.0,104.64551484945102,linear
812,17_epo,71.0,104.62913034619123,linear
813,17_epo,72.0,104.61274584293146,linear
814,17_epo,73.0,104.59636133967166,linear
815,17_epo,74.0,104.57997683641189,linear
816,17_epo,75.0,104.5635923331521,linear
817,17_epo,76.0,104.54720782989232,linear
818,17_epo,77.0,104.53082332663253,linear
819,17_epo,78.0,104.51443882337274,linear
820,17_epo,79.0,104.49805432011297,linear
821,17_epo,80.0,104.48166981685318,linear
822,17_epo,81.0,104.46528531359341,linear
823,17_epo,82.0,104.44890081033361,linear
824,17_epo,83.0,104.43251630707384,linear
825,17_epo,84.0,104.41613180381405,linear
826,17_epo,85.0,104.39974730055427,linear
827,17_epo,86.0,104.38336279729448,linear
828,17_epo,87.0,104.3669782940347,linear
829,17_epo,88.0,104.35059379077492,linear
830,17_epo,89.0,104.33420928751514,linear
831,17_epo,90.0,104.31782478425536,linear
832,17_epo,91.0,104.30144028099556,linear
833,17_epo,92.0,104.28505577773578,linear
834,17_epo,93.0,104.268671274476,linear
835,17_epo,94.0,104.25228677121622,linear
836,17_epo,95.0,104.23590226795643,linear
837,18_epo,3.0,84.35021969806328,linear
838,18_epo,4.0,84.33876361920558,linear
839,18_epo,5.0,84.32730754034786,linear
840,18_epo,6.0,84.31585146149014,linear
841,18_epo,7.000000000000001,84.30439538263242,linear
842,18_epo,8.0,84.2929393037747,linear
843,18_epo,9.0,84.28148322491698,linear
844,18_epo,10.0,84.27002714605928,linear
845,18_epo,11.0,84.25857106720156,linear
846,18_epo,12.0,84.24711498834384,linear
847,18_epo,13.0,84.23565890948612,linear
848,18_epo,14.000000000000002,84.2242028306284,linear
849,18_epo,15.0,84.21274675177068,linear
850,18_epo,16.0,84.20129067291298,linear
851,18_epo,17.0,84.18983459405526,linear
852,18_epo,18.0,84.17837851519754,linear
853,18_epo,19.0,84.16692243633982,linear
854,18_epo,20.0,84.1554663574821,linear
855,18_epo,21.0,84.14401027862438,linear
856,18_epo,22.0,84.13255419976667,linear
857,18_epo,23.0,84.12109812090895,linear
858,18_epo,24.0,84.10964204205123,linear
859,18_epo,25.0,84.09818596319352,linear
860,18_epo,26.0,84.0867298843358,linear
861,18_epo,27.0,84.07527380547808,linear
862,18_epo,28.000000000000004,84.06381772662036,linear
863,18_epo,28.999999999999996,84.05236164776265,linear
864,18_epo,30.0,84.04090556890493,linear
865,18_epo,31.0,84.02944949004721,linear
866,18_epo,32.0,84.0179934111895,linear
867,18_epo,33.0,84.00653733233177,linear
868,18_epo,34.0,83.99508125347405,linear
869,18_epo,35.0,83.98362517461635,linear
870,18_epo,36.0,83.97216909575863,linear
871,18_epo,37.0,83.96071301690091,linear
872,18_epo,38.0,83.94925693804319,linear
873,18_epo,39.0,83.93780085918549,linear
874,18_epo,40.0,83.92634478032777,linear
875,18_epo,41.0,83.91488870147006,linear
876,18_epo,42.0,83.90343262261234,linear
877,18_epo,43.0,83.89197654375462,linear
878,18_epo,44.0,83.8805204648969,linear
879,18_epo,45.0,83.86906438603918,linear
880,18_epo,46.0,83.85760830718147,linear
881,18_epo,47.0,83.84615222832376,linear
882,18_epo,48.0,83.83469614946604,linear
883,18_epo,49.0,83.82324007060832,linear
884,18_epo,50.0,83.8117839917506,linear
885,18_epo,51.0,83.80032791289288,linear
886,18_epo,52.0,83.78887183403516,linear
887,18_epo,53.0,83.77741575517744,linear
888,18_epo,54.0,83.76595967631974,linear
889,18_epo,55.00000000000001,83.75450359746202,linear
890,18_epo,56.00000000000001,83.7430475186043,linear
891,18_epo,56.99999999999999,83.73159143974658,linear
892,18_epo,57.99999999999999,83.72013536088886,linear
893,18_epo,59.0,83.70867928203114,linear
894,18_epo,60.0,83.69722320317344,linear
895,18_epo,61.0,83.68576712431572,linear
896,18_epo,62.0,83.674311045458,linear
897,18_epo,63.0,83.66285496660028,linear
898,18_epo,64.0,83.65139888774256,linear
899,18_epo,65.0,83.63994280888484,linear
900,18_epo,66.0,83.62848673002713,linear
901,18_epo,67.0,83.61703065116942,linear
902,18_epo,68.0,83.6055745723117,linear
903,18_epo,69.0,83.59411849345398,linear
904,18_epo,70.0,83.58266241459626,linear
905,18_epo,71.0,83.57120633573854,linear
906,18_epo,72.0,83.55975025688083,linear
907,18_epo,73.0,83.54829417802311,linear
908,18_epo,74.0,83.5368380991654,linear
909,18_epo,75.0,83.52538202030769,linear
910,18_epo,76.0,83.51392594144997,linear
911,18_epo,77.0,83.50246986259225,linear
912,18_epo,78.0,83.49101378373453,linear
913,18_epo,79.0,83.47955770487683,linear
914,18_epo,80.0,83.4681016260191,linear
915,18_epo,81.0,83.45664554716139,linear
916,18_epo,82.0,83.44518946830367,linear
917,18_epo,83.0,83.43373338944595,linear
918,18_epo,84.0,83.42227731058823,linear
919,18_epo,85.0,83.41082123173052,linear
920,18_epo,86.0,83.3993651528728,linear
921,18_epo,87.0,83.38790907401508,linear
922,18_epo,88.0,83.37645299515736,linear
923,18_epo,89.0,83.36499691629965,linear
924,18_epo,90.0,83.35354083744193,linear
925,18_epo,91.0,83.34208475858422,linear
926,18_epo,92.0,83.3306286797265,linear
927,18_epo,93.0,83.31917260086878,linear
928,18_epo,94.0,83.30771652201106,linear
929,18_epo,95.0,83.29626044315334,linear
930,19_epo,3.0,79.10884351672641,linear
931,19_epo,4.0,79.08703484389004,linear
932,19_epo,5.0,79.06522617105368,linear
933,19_epo,6.0,79.04341749821732,linear
934,19_epo,7.000000000000001,79.02160882538097,linear
935,19_epo,8.0,78.9998001525446,linear
936,19_epo,9.0,78.97799147970824,linear
937,19_epo,10.0,78.95618280687188,linear
938,19_epo,11.0,78.93437413403552,linear
939,19_epo,12.0,78.91256546119915,linear
940,19_epo,13.0,78.8907567883628,linear
941,19_epo,14.000000000000002,78.86894811552644,linear
942,19_epo,15.0,78.84713944269008,linear
943,19_epo,16.0,78.82533076985371,linear
944,19_epo,17.0,78.80352209701735,linear
945,19_epo,18.0,78.78171342418098,linear
946,19_epo,19.0,78.75990475134464,linear
947,19_epo,20.0,78.73809607850826,linear
948,19_epo,21.0,78.7162874056719,linear
949,19_epo,22.0,78.69447873283553,linear
950,19_epo,23.0,78.67267005999919,linear
951,19_epo,24.0,78.65086138716282,linear
952,19_epo,25.0,78.62905271432646,linear
953,19_epo,26.0,78.60724404149009,linear
954,19_epo,27.0,78.58543536865375,linear
955,19_epo,28.000000000000004,78.56362669581738,linear
956,19_epo,28.999999999999996,78.54181802298102,linear
957,19_epo,30.0,78.52000935014465,linear
958,19_epo,31.0,78.49820067730829,linear
959,19_epo,32.0,78.47639200447193,linear
960,19_epo,33.0,78.45458333163558,linear
961,19_epo,34.0,78.4327746587992,linear
962,19_epo,35.0,78.41096598596285,linear
963,19_epo,36.0,78.3891573131265,linear
964,19_epo,37.0,78.36734864029013,linear
965,19_epo,38.0,78.34553996745377,linear
966,19_epo,39.0,78.3237312946174,linear
967,19_epo,40.0,78.30192262178106,linear
968,19_epo,41.0,78.28011394894469,linear
969,19_epo,42.0,78.25830527610833,linear
970,19_epo,43.0,78.23649660327196,linear
971,19_epo,44.0,78.2146879304356,linear
972,19_epo,45.0,78.19287925759924,linear
973,19_epo,46.0,78.17107058476289,linear
974,19_epo,47.0,78.14926191192652,linear
975,19_epo,48.0,78.12745323909016,linear
976,19_epo,49.0,78.1056445662538,linear
977,19_epo,50.0,78.08383589341744,linear
978,19_epo,51.0,78.06202722058107,linear
979,19_epo,52.0,78.04021854774471,linear
980,19_epo,53.0,78.01840987490836,linear
981,19_epo,54.0,77.996601202072,linear
982,19_epo,55.00000000000001,77.97479252923563,linear
983,19_epo,56.00000000000001,77.95298385639927,linear
984,19_epo,56.99999999999999,77.9311751835629,linear
985,19_epo,57.99999999999999,77.90936651072656,linear
986,19_epo,59.0,77.88755783789018,linear
987,19_epo,60.0,77.86574916505383,linear
988,19_epo,61.0,77.84394049221746,linear
989,19_epo,62.0,77.82213181938111,linear
990,19_epo,63.0,77.80032314654474,linear
991,19_epo,64.0,77.77851447370838,linear
992,19_epo,65.0,77.75670580087201,linear
993,19_epo,66.0,77.73489712803567,linear
994,19_epo,67.0,77.7130884551993,linear
995,19_epo,68.0,77.69127978236294,linear
996,19_epo,69.0,77.66947110952657,linear
997,19_epo,70.0,77.64766243669021,linear
998,19_epo,71.0,77.62585376385387,linear
999,19_epo,72.0,77.6040450910175,linear
1000,19_epo,73.0,77.58223641818114,linear
1001,19_epo,74.0,77.56042774534477,linear
1002,19_epo,75.0,77.53861907250842,linear
1003,19_epo,76.0,77.51681039967205,linear
1004,19_epo,77.0,77.4950017268357,linear
1005,19_epo,78.0,77.47319305399932,linear
1006,19_epo,79.0,77.45138438116298,linear
1007,19_epo,80.0,77.42957570832661,linear
1008,19_epo,81.0,77.40776703549025,linear
1009,19_epo,82.0,77.38595836265388,linear
1010,19_epo,83.0,77.36414968981752,linear
1011,19_epo,84.0,77.34234101698117,linear
1012,19_epo,85.0,77.32053234414481,linear
1013,19_epo,86.0,77.29872367130844,linear
1014,19_epo,87.0,77.27691499847208,linear
1015,19_epo,88.0,77.25510632563572,linear
1016,19_epo,89.0,77.23329765279937,linear
1017,19_epo,90.0,77.211488979963,linear
1018,19_epo,91.0,77.18968030712664,linear
1019,19_epo,92.0,77.16787163429028,linear
1020,19_epo,93.0,77.14606296145392,linear
1021,19_epo,94.0,77.12425428861755,linear
1022,19_epo,95.0,77.10244561578119,linear
1023,1_epo,3.0,66.8892601140727,linear
1024,1_epo,4.0,67.25938509949799,linear
1025,1_epo,5.0,67.62951008492327,linear
1026,1_epo,6.0,67.99963507034856,linear
1027,1_epo,7.000000000000001,68.36976005577385,linear
1028,1_epo,8.0,68.73988504119913,linear
1029,1_epo,9.0,69.11001002662442,linear
1030,1_epo,10.0,69.4801350120497,linear
1031,1_epo,11.0,69.85025999747499,linear
1032,1_epo,12.0,70.22038498290027,linear
1033,1_epo,13.0,70.59050996832556,linear
1034,1_epo,14.000000000000002,70.96063495375085,linear
1035,1_epo,15.0,71.33075993917613,linear
1036,1_epo,16.0,71.70088492460141,linear
1037,1_epo,17.0,72.07100991002672,linear
1038,1_epo,18.0,72.441134895452,linear
1039,1_epo,19.0,72.81125988087727,linear
1040,1_epo,20.0,73.18138486630258,linear
1041,1_epo,21.0,73.55150985172786,linear
1042,1_epo,22.0,73.92163483715314,linear
1043,1_epo,23.0,74.29175982257844,linear
1044,1_epo,24.0,74.66188480800372,linear
1045,1_epo,25.0,75.032009793429,linear
1046,1_epo,26.0,75.40213477885428,linear
1047,1_epo,27.0,75.77225976427958,linear
1048,1_epo,28.000000000000004,76.14238474970486,linear
1049,1_epo,28.999999999999996,76.51250973513014,linear
1050,1_epo,30.0,76.88263472055543,linear
1051,1_epo,31.0,77.25275970598072,linear
1052,1_epo,32.0,77.622884691406,linear
1053,1_epo,33.0,77.99300967683129,linear
1054,1_epo,34.0,78.36313466225658,linear
1055,1_epo,35.0,78.73325964768186,linear
1056,1_epo,36.0,79.10338463310715,linear
1057,1_epo,37.0,79.47350961853243,linear
1058,1_epo,38.0,79.84363460395772,linear
1059,1_epo,39.0,80.21375958938302,linear
1060,1_epo,40.0,80.5838845748083,linear
1061,1_epo,41.0,80.95400956023357,linear
1062,1_epo,42.0,81.32413454565886,linear
1063,1_epo,43.0,81.69425953108416,linear
1064,1_epo,44.0,82.06438451650943,linear
1065,1_epo,45.0,82.43450950193473,linear
1066,1_epo,46.0,82.80463448736002,linear
1067,1_epo,47.0,83.1747594727853,linear
1068,1_epo,48.0,83.54488445821059,linear
1069,1_epo,49.0,83.91500944363588,linear
1070,1_epo,50.0,84.28513442906116,linear
1071,1_epo,51.0,84.65525941448644,linear
1072,1_epo,52.0,85.02538439991173,linear
1073,1_epo,53.0,85.39550938533702,linear
1074,1_epo,54.0,85.7656343707623,linear
1075,1_epo,55.00000000000001,86.13575935618759,linear
1076,1_epo,56.00000000000001,86.50588434161288,linear
1077,1_epo,56.99999999999999,86.87600932703816,linear
1078,1_epo,57.99999999999999,87.24613431246345,linear
1079,1_epo,59.0,87.61625929788875,linear
1080,1_epo,60.0,87.98638428331402,linear
1081,1_epo,61.0,88.3565092687393,linear
1082,1_epo,62.0,88.7266342541646,linear
1083,1_epo,63.0,89.09675923958989,linear
1084,1_epo,64.0,89.46688422501516,linear
1085,1_epo,65.0,89.83700921044046,linear
1086,1_epo,66.0,90.20713419586573,linear
1087,1_epo,67.0,90.57725918129103,linear
1088,1_epo,68.0,90.94738416671632,linear
1089,1_epo,69.0,91.3175091521416,linear
1090,1_epo,70.0,91.68763413756689,linear
1091,1_epo,71.0,92.05775912299218,linear
1092,1_epo,72.0,92.42788410841746,linear
1093,1_epo,73.0,92.79800909384275,linear
1094,1_epo,74.0,93.16813407926804,linear
1095,1_epo,75.0,93.53825906469332,linear
1096,1_epo,76.0,93.9083840501186,linear
1097,1_epo,77.0,94.27850903554388,linear
1098,1_epo,78.0,94.64863402096918,linear
1099,1_epo,79.0,95.01875900639446,linear
1100,1_epo,80.0,95.38888399181974,linear
1101,1_epo,81.0,95.75900897724505,linear
1102,1_epo,82.0,96.12913396267032,linear
1103,1_epo,83.0,96.4992589480956,linear
1104,1_epo,84.0,96.86938393352091,linear
1105,1_epo,85.0,97.23950891894617,linear
1106,1_epo,86.0,97.60963390437146,linear
1107,1_epo,87.0,97.97975888979677,linear
1108,1_epo,88.0,98.34988387522203,linear
1109,1_epo,89.0,98.72000886064733,linear
1110,1_epo,90.0,99.09013384607263,linear
1111,1_epo,91.0,99.4602588314979,linear
1112,1_epo,92.0,99.83038381692319,linear
1113,1_epo,93.0,100.20050880234847,linear
1114,1_epo,94.0,100.57063378777376,linear
1115,1_epo,95.0,100.94075877319905,linear
1116,20_epo,3.0,75.81411119143442,linear
1117,20_epo,4.0,76.04941060696919,linear
1118,20_epo,5.0,76.28471002250397,linear
1119,20_epo,6.0,76.52000943803874,linear
1120,20_epo,7.000000000000001,76.75530885357352,linear
1121,20_epo,8.0,76.99060826910831,linear
1122,20_epo,9.0,77.22590768464308,linear
1123,20_epo,10.0,77.46120710017786,linear
1124,20_epo,11.0,77.69650651571263,linear
1125,20_epo,12.0,77.93180593124741,linear
1126,20_epo,13.0,78.16710534678218,linear
1127,20_epo,14.000000000000002,78.40240476231695,linear
1128,20_epo,15.0,78.63770417785173,linear
1129,20_epo,16.0,78.8730035933865,linear
1130,20_epo,17.0,79.10830300892128,linear
1131,20_epo,18.0,79.34360242445605,linear
1132,20_epo,19.0,79.57890183999083,linear
1133,20_epo,20.0,79.8142012555256,linear
1134,20_epo,21.0,80.04950067106039,linear
1135,20_epo,22.0,80.28480008659517,linear
1136,20_epo,23.0,80.52009950212994,linear
1137,20_epo,24.0,80.75539891766472,linear
1138,20_epo,25.0,80.99069833319948,linear
1139,20_epo,26.0,81.22599774873426,linear
1140,20_epo,27.0,81.46129716426903,linear
1141,20_epo,28.000000000000004,81.69659657980381,linear
1142,20_epo,28.999999999999996,81.93189599533859,linear
1143,20_epo,30.0,82.16719541087336,linear
1144,20_epo,31.0,82.40249482640814,linear
1145,20_epo,32.0,82.63779424194291,linear
1146,20_epo,33.0,82.8730936574777,linear
1147,20_epo,34.0,83.10839307301246,linear
1148,20_epo,35.0,83.34369248854725,linear
1149,20_epo,36.0,83.57899190408202,linear
1150,20_epo,37.0,83.81429131961679,linear
1151,20_epo,38.0,84.04959073515157,linear
1152,20_epo,39.0,84.28489015068634,linear
1153,20_epo,40.0,84.52018956622112,linear
1154,20_epo,41.0,84.75548898175589,linear
1155,20_epo,42.0,84.99078839729067,linear
1156,20_epo,43.0,85.22608781282545,linear
1157,20_epo,44.0,85.46138722836022,linear
1158,20_epo,45.0,85.696686643895,linear
1159,20_epo,46.0,85.93198605942978,linear
1160,20_epo,47.0,86.16728547496454,linear
1161,20_epo,48.0,86.40258489049931,linear
1162,20_epo,49.0,86.6378843060341,linear
1163,20_epo,50.0,86.87318372156888,linear
1164,20_epo,51.0,87.10848313710365,linear
1165,20_epo,52.0,87.34378255263843,linear
1166,20_epo,53.0,87.5790819681732,linear
1167,20_epo,54.0,87.81438138370798,linear
1168,20_epo,55.00000000000001,88.04968079924276,linear
1169,20_epo,56.00000000000001,88.28498021477753,linear
1170,20_epo,56.99999999999999,88.52027963031232,linear
1171,20_epo,57.99999999999999,88.75557904584707,linear
1172,20_epo,59.0,88.99087846138185,linear
1173,20_epo,60.0,89.22617787691662,linear
1174,20_epo,61.0,89.4614772924514,linear
1175,20_epo,62.0,89.69677670798617,linear
1176,20_epo,63.0,89.93207612352096,linear
1177,20_epo,64.0,90.16737553905574,linear
1178,20_epo,65.0,90.40267495459051,linear
1179,20_epo,66.0,90.63797437012529,linear
1180,20_epo,67.0,90.87327378566007,linear
1181,20_epo,68.0,91.10857320119484,linear
1182,20_epo,69.0,91.3438726167296,linear
1183,20_epo,70.0,91.57917203226438,linear
1184,20_epo,71.0,91.81447144779916,linear
1185,20_epo,72.0,92.04977086333393,linear
1186,20_epo,73.0,92.28507027886872,linear
1187,20_epo,74.0,92.52036969440348,linear
1188,20_epo,75.0,92.75566910993827,linear
1189,20_epo,76.0,92.99096852547304,linear
1190,20_epo,77.0,93.22626794100782,linear
1191,20_epo,78.0,93.4615673565426,linear
1192,20_epo,79.0,93.69686677207737,linear
1193,20_epo,80.0,93.93216618761214,linear
1194,20_epo,81.0,94.16746560314692,linear
1195,20_epo,82.0,94.40276501868169,linear
1196,20_epo,83.0,94.63806443421646,linear
1197,20_epo,84.0,94.87336384975124,linear
1198,20_epo,85.0,95.10866326528603,linear
1199,20_epo,86.0,95.3439626808208,linear
1200,20_epo,87.0,95.57926209635558,linear
1201,20_epo,88.0,95.81456151189036,linear
1202,20_epo,89.0,96.04986092742513,linear
1203,20_epo,90.0,96.2851603429599,linear
1204,20_epo,91.0,96.52045975849467,linear
1205,20_epo,92.0,96.75575917402945,linear
1206,20_epo,93.0,96.99105858956422,linear
1207,20_epo,94.0,97.226358005099,linear
1208,20_epo,95.0,97.46165742063377,linear
1209,21_epo,3.0,77.25009191853579,linear
1210,21_epo,4.0,77.25518685353511,linear
1211,21_epo,5.0,77.26028178853443,linear
1212,21_epo,6.0,77.26537672353376,linear
1213,21_epo,7.000000000000001,77.27047165853308,linear
1214,21_epo,8.0,77.2755665935324,linear
1215,21_epo,9.0,77.28066152853174,linear
1216,21_epo,10.0,77.28575646353106,linear
1217,21_epo,11.0,77.29085139853038,linear
1218,21_epo,12.0,77.29594633352971,linear
1219,21_epo,13.0,77.30104126852902,linear
1220,21_epo,14.000000000000002,77.30613620352834,linear
1221,21_epo,15.0,77.31123113852767,linear
1222,21_epo,16.0,77.316326073527,linear
1223,21_epo,17.0,77.32142100852631,linear
1224,21_epo,18.0,77.32651594352565,linear
1225,21_epo,19.0,77.33161087852497,linear
1226,21_epo,20.0,77.33670581352429,linear
1227,21_epo,21.0,77.34180074852362,linear
1228,21_epo,22.0,77.34689568352294,linear
1229,21_epo,23.0,77.35199061852227,linear
1230,21_epo,24.0,77.3570855535216,linear
1231,21_epo,25.0,77.36218048852092,linear
1232,21_epo,26.0,77.36727542352024,linear
1233,21_epo,27.0,77.37237035851958,linear
1234,21_epo,28.000000000000004,77.3774652935189,linear
1235,21_epo,28.999999999999996,77.38256022851822,linear
1236,21_epo,30.0,77.38765516351755,linear
1237,21_epo,31.0,77.39275009851687,linear
1238,21_epo,32.0,77.39784503351619,linear
1239,21_epo,33.0,77.40293996851553,linear
1240,21_epo,34.0,77.40803490351485,linear
1241,21_epo,35.0,77.41312983851417,linear
1242,21_epo,36.0,77.4182247735135,linear
1243,21_epo,37.0,77.42331970851282,linear
1244,21_epo,38.0,77.42841464351213,linear
1245,21_epo,39.0,77.43350957851146,linear
1246,21_epo,40.0,77.43860451351078,linear
1247,21_epo,41.0,77.4436994485101,linear
1248,21_epo,42.0,77.44879438350944,linear
1249,21_epo,43.0,77.45388931850876,linear
1250,21_epo,44.0,77.45898425350808,linear
1251,21_epo,45.0,77.46407918850741,linear
1252,21_epo,46.0,77.46917412350673,linear
1253,21_epo,47.0,77.47426905850605,linear
1254,21_epo,48.0,77.47936399350539,linear
1255,21_epo,49.0,77.48445892850471,linear
1256,21_epo,50.0,77.48955386350403,linear
1257,21_epo,51.0,77.49464879850336,linear
1258,21_epo,52.0,77.49974373350268,linear
1259,21_epo,53.0,77.504838668502,linear
1260,21_epo,54.0,77.50993360350134,linear
1261,21_epo,55.00000000000001,77.51502853850066,linear
1262,21_epo,56.00000000000001,77.52012347349998,linear
1263,21_epo,56.99999999999999,77.52521840849931,linear
1264,21_epo,57.99999999999999,77.53031334349863,linear
1265,21_epo,59.0,77.53540827849795,linear
1266,21_epo,60.0,77.54050321349729,linear
1267,21_epo,61.0,77.54559814849661,linear
1268,21_epo,62.0,77.55069308349593,linear
1269,21_epo,63.0,77.55578801849525,linear
1270,21_epo,64.0,77.56088295349457,linear
1271,21_epo,65.0,77.5659778884939,linear
1272,21_epo,66.0,77.57107282349322,linear
1273,21_epo,67.0,77.57616775849255,linear
1274,21_epo,68.0,77.58126269349188,linear
1275,21_epo,69.0,77.5863576284912,linear
1276,21_epo,70.0,77.59145256349052,linear
1277,21_epo,71.0,77.59654749848985,linear
1278,21_epo,72.0,77.60164243348918,linear
1279,21_epo,73.0,77.6067373684885,linear
1280,21_epo,74.0,77.61183230348783,linear
1281,21_epo,75.0,77.61692723848715,linear
1282,21_epo,76.0,77.62202217348647,linear
1283,21_epo,77.0,77.6271171084858,linear
1284,21_epo,78.0,77.63221204348513,linear
1285,21_epo,79.0,77.63730697848445,linear
1286,21_epo,80.0,77.64240191348378,linear
1287,21_epo,81.0,77.6474968484831,linear
1288,21_epo,82.0,77.65259178348242,linear
1289,21_epo,83.0,77.65768671848176,linear
1290,21_epo,84.0,77.66278165348108,linear
1291,21_epo,85.0,77.6678765884804,linear
1292,21_epo,86.0,77.67297152347973,linear
1293,21_epo,87.0,77.67806645847905,linear
1294,21_epo,88.0,77.68316139347836,linear
1295,21_epo,89.0,77.68825632847769,linear
1296,21_epo,90.0,77.69335126347701,linear
1297,21_epo,91.0,77.69844619847633,linear
1298,21_epo,92.0,77.70354113347567,linear
1299,21_epo,93.0,77.70863606847499,linear
1300,21_epo,94.0,77.71373100347431,linear
1301,21_epo,95.0,77.71882593847364,linear
1302,22_epo,3.0,82.51895062679121,linear
1303,22_epo,4.0,82.67829771577127,linear
1304,22_epo,5.0,82.83764480475129,linear
1305,22_epo,6.0,82.99699189373135,linear
1306,22_epo,7.000000000000001,83.15633898271138,linear
1307,22_epo,8.0,83.31568607169143,linear
1308,22_epo,9.0,83.47503316067147,linear
1309,22_epo,10.0,83.6343802496515,linear
1310,22_epo,11.0,83.79372733863156,linear
1311,22_epo,12.0,83.95307442761158,linear
1312,22_epo,13.0,84.11242151659164,linear
1313,22_epo,14.000000000000002,84.27176860557168,linear
1314,22_epo,15.0,84.43111569455172,linear
1315,22_epo,16.0,84.59046278353176,linear
1316,22_epo,17.0,84.74980987251179,linear
1317,22_epo,18.0,84.90915696149185,linear
1318,22_epo,19.0,85.06850405047187,linear
1319,22_epo,20.0,85.22785113945193,linear
1320,22_epo,21.0,85.38719822843197,linear
1321,22_epo,22.0,85.54654531741201,linear
1322,22_epo,23.0,85.70589240639205,linear
1323,22_epo,24.0,85.8652394953721,linear
1324,22_epo,25.0,86.02458658435214,linear
1325,22_epo,26.0,86.18393367333218,linear
1326,22_epo,27.0,86.34328076231222,linear
1327,22_epo,28.000000000000004,86.50262785129226,linear
1328,22_epo,28.999999999999996,86.6619749402723,linear
1329,22_epo,30.0,86.82132202925234,linear
1330,22_epo,31.0,86.9806691182324,linear
1331,22_epo,32.0,87.14001620721243,linear
1332,22_epo,33.0,87.29936329619248,linear
1333,22_epo,34.0,87.45871038517251,linear
1334,22_epo,35.0,87.61805747415255,linear
1335,22_epo,36.0,87.7774045631326,linear
1336,22_epo,37.0,87.93675165211263,linear
1337,22_epo,38.0,88.09609874109269,linear
1338,22_epo,39.0,88.25544583007272,linear
1339,22_epo,40.0,88.41479291905277,linear
1340,22_epo,41.0,88.5741400080328,linear
1341,22_epo,42.0,88.73348709701284,linear
1342,22_epo,43.0,88.8928341859929,linear
1343,22_epo,44.0,89.05218127497292,linear
1344,22_epo,45.0,89.21152836395298,linear
1345,22_epo,46.0,89.370875452933,linear
1346,22_epo,47.0,89.53022254191306,linear
1347,22_epo,48.0,89.6895696308931,linear
1348,22_epo,49.0,89.84891671987315,linear
1349,22_epo,50.0,90.00826380885319,linear
1350,22_epo,51.0,90.16761089783323,linear
1351,22_epo,52.0,90.32695798681327,linear
1352,22_epo,53.0,90.48630507579331,linear
1353,22_epo,54.0,90.64565216477335,linear
1354,22_epo,55.00000000000001,90.8049992537534,linear
1355,22_epo,56.00000000000001,90.96434634273344,linear
1356,22_epo,56.99999999999999,91.12369343171348,linear
1357,22_epo,57.99999999999999,91.28304052069353,linear
1358,22_epo,59.0,91.44238760967356,linear
1359,22_epo,60.0,91.6017346986536,linear
1360,22_epo,61.0,91.76108178763364,linear
1361,22_epo,62.0,91.92042887661368,linear
1362,22_epo,63.0,92.07977596559373,linear
1363,22_epo,64.0,92.23912305457377,linear
1364,22_epo,65.0,92.39847014355382,linear
1365,22_epo,66.0,92.55781723253385,linear
1366,22_epo,67.0,92.71716432151389,linear
1367,22_epo,68.0,92.87651141049393,linear
1368,22_epo,69.0,93.03585849947397,linear
1369,22_epo,70.0,93.19520558845403,linear
1370,22_epo,71.0,93.35455267743406,linear
1371,22_epo,72.0,93.51389976641411,linear
1372,22_epo,73.0,93.67324685539414,linear
1373,22_epo,74.0,93.83259394437418,linear
1374,22_epo,75.0,93.99194103335424,linear
1375,22_epo,76.0,94.15128812233428,linear
1376,22_epo,77.0,94.31063521131432,linear
1377,22_epo,78.0,94.46998230029435,linear
1378,22_epo,79.0,94.6293293892744,linear
1379,22_epo,80.0,94.78867647825444,linear
1380,22_epo,81.0,94.94802356723449,linear
1381,22_epo,82.0,95.10737065621453,linear
1382,22_epo,83.0,95.26671774519457,linear
1383,22_epo,84.0,95.42606483417461,linear
1384,22_epo,85.0,95.58541192315465,linear
1385,22_epo,86.0,95.7447590121347,linear
1386,22_epo,87.0,95.90410610111473,linear
1387,22_epo,88.0,96.06345319009478,linear
1388,22_epo,89.0,96.22280027907482,linear
1389,22_epo,90.0,96.38214736805486,linear
1390,22_epo,91.0,96.5414944570349,linear
1391,22_epo,92.0,96.70084154601494,linear
1392,22_epo,93.0,96.86018863499498,linear
1393,22_epo,94.0,97.01953572397503,linear
1394,22_epo,95.0,97.17888281295507,linear
1395,23_epo,3.0,73.93060170408373,linear
1396,23_epo,4.0,73.93195692862561,linear
1397,23_epo,5.0,73.93331215316749,linear
1398,23_epo,6.0,73.93466737770939,linear
1399,23_epo,7.000000000000001,73.93602260225127,linear
1400,23_epo,8.0,73.93737782679317,linear
1401,23_epo,9.0,73.93873305133503,linear
1402,23_epo,10.0,73.94008827587692,linear
1403,23_epo,11.0,73.94144350041881,linear
1404,23_epo,12.0,73.9427987249607,linear
1405,23_epo,13.0,73.94415394950259,linear
1406,23_epo,14.000000000000002,73.94550917404446,linear
1407,23_epo,15.0,73.94686439858636,linear
1408,23_epo,16.0,73.94821962312824,linear
1409,23_epo,17.0,73.94957484767012,linear
1410,23_epo,18.0,73.95093007221202,linear
1411,23_epo,19.0,73.95228529675389,linear
1412,23_epo,20.0,73.95364052129578,linear
1413,23_epo,21.0,73.95499574583766,linear
1414,23_epo,22.0,73.95635097037956,linear
1415,23_epo,23.0,73.95770619492144,linear
1416,23_epo,24.0,73.95906141946332,linear
1417,23_epo,25.0,73.9604166440052,linear
1418,23_epo,26.0,73.96177186854709,linear
1419,23_epo,27.0,73.96312709308899,linear
1420,23_epo,28.000000000000004,73.96448231763087,linear
1421,23_epo,28.999999999999996,73.96583754217276,linear
1422,23_epo,30.0,73.96719276671463,linear
1423,23_epo,31.0,73.96854799125653,linear
1424,23_epo,32.0,73.96990321579841,linear
1425,23_epo,33.0,73.9712584403403,linear
1426,23_epo,34.0,73.97261366488219,linear
1427,23_epo,35.0,73.97396888942406,linear
1428,23_epo,36.0,73.97532411396595,linear
1429,23_epo,37.0,73.97667933850784,linear
1430,23_epo,38.0,73.97803456304973,linear
1431,23_epo,39.0,73.97938978759161,linear
1432,23_epo,40.0,73.9807450121335,linear
1433,23_epo,41.0,73.98210023667538,linear
1434,23_epo,42.0,73.98345546121726,linear
1435,23_epo,43.0,73.98481068575916,linear
1436,23_epo,44.0,73.98616591030104,linear
1437,23_epo,45.0,73.98752113484294,linear
1438,23_epo,46.0,73.9888763593848,linear
1439,23_epo,47.0,73.9902315839267,linear
1440,23_epo,48.0,73.99158680846858,linear
1441,23_epo,49.0,73.99294203301048,linear
1442,23_epo,50.0,73.99429725755236,linear
1443,23_epo,51.0,73.99565248209423,linear
1444,23_epo,52.0,73.99700770663613,linear
1445,23_epo,53.0,73.99836293117801,linear
1446,23_epo,54.0,73.9997181557199,linear
1447,23_epo,55.00000000000001,74.00107338026179,linear
1448,23_epo,56.00000000000001,74.00242860480367,linear
1449,23_epo,56.99999999999999,74.00378382934555,linear
1450,23_epo,57.99999999999999,74.00513905388745,linear
1451,23_epo,59.0,74.00649427842933,linear
1452,23_epo,60.0,74.00784950297121,linear
1453,23_epo,61.0,74.0092047275131,linear
1454,23_epo,62.0,74.01055995205498,linear
1455,23_epo,63.0,74.01191517659687,linear
1456,23_epo,64.0,74.01327040113875,linear
1457,23_epo,65.0,74.01462562568065,linear
1458,23_epo,66.0,74.01598085022253,linear
1459,23_epo,67.0,74.0173360747644,linear
1460,23_epo,68.0,74.0186912993063,linear
1461,23_epo,69.0,74.02004652384818,linear
1462,23_epo,70.0,74.02140174839008,linear
1463,23_epo,71.0,74.02275697293196,linear
1464,23_epo,72.0,74.02411219747384,linear
1465,23_epo,73.0,74.02546742201572,linear
1466,23_epo,74.0,74.02682264655762,linear
1467,23_epo,75.0,74.0281778710995,linear
1468,23_epo,76.0,74.02953309564138,linear
1469,23_epo,77.0,74.03088832018327,linear
1470,23_epo,78.0,74.03224354472515,linear
1471,23_epo,79.0,74.03359876926704,linear
1472,23_epo,80.0,74.03495399380893,linear
1473,23_epo,81.0,74.03630921835082,linear
1474,23_epo,82.0,74.03766444289269,linear
1475,23_epo,83.0,74.03901966743459,linear
1476,23_epo,84.0,74.04037489197647,linear
1477,23_epo,85.0,74.04173011651835,linear
1478,23_epo,86.0,74.04308534106025,linear
1479,23_epo,87.0,74.04444056560213,linear
1480,23_epo,88.0,74.04579579014401,linear
1481,23_epo,89.0,74.0471510146859,linear
1482,23_epo,90.0,74.04850623922779,linear
1483,23_epo,91.0,74.04986146376967,linear
1484,23_epo,92.0,74.05121668831156,linear
1485,23_epo,93.0,74.05257191285344,linear
1486,23_epo,94.0,74.05392713739532,linear
1487,23_epo,95.0,74.05528236193722,linear
1488,24_epo,3.0,118.84706010230168,linear
1489,24_epo,4.0,119.18227398846778,linear
1490,24_epo,5.0,119.5174878746339,linear
1491,24_epo,6.0,119.85270176080002,linear
1492,24_epo,7.000000000000001,120.18791564696612,linear
1493,24_epo,8.0,120.52312953313222,linear
1494,24_epo,9.0,120.85834341929832,linear
1495,24_epo,10.0,121.19355730546444,linear
1496,24_epo,11.0,121.52877119163055,linear
1497,24_epo,12.0,121.86398507779666,linear
1498,24_epo,13.0,122.19919896396277,linear
1499,24_epo,14.000000000000002,122.53441285012886,linear
1500,24_epo,15.0,122.86962673629498,linear
1501,24_epo,16.0,123.20484062246109,linear
1502,24_epo,17.0,123.5400545086272,linear
1503,24_epo,18.0,123.87526839479331,linear
1504,24_epo,19.0,124.21048228095941,linear
1505,24_epo,20.0,124.54569616712551,linear
1506,24_epo,21.0,124.88091005329163,linear
1507,24_epo,22.0,125.21612393945774,linear
1508,24_epo,23.0,125.55133782562383,linear
1509,24_epo,24.0,125.88655171178995,linear
1510,24_epo,25.0,126.22176559795606,linear
1511,24_epo,26.0,126.55697948412217,linear
1512,24_epo,27.0,126.89219337028828,linear
1513,24_epo,28.000000000000004,127.22740725645437,linear
1514,24_epo,28.999999999999996,127.56262114262049,linear
1515,24_epo,30.0,127.8978350287866,linear
1516,24_epo,31.0,128.23304891495272,linear
1517,24_epo,32.0,128.56826280111883,linear
1518,24_epo,33.0,128.90347668728492,linear
1519,24_epo,34.0,129.23869057345104,linear
1520,24_epo,35.0,129.57390445961715,linear
1521,24_epo,36.0,129.90911834578324,linear
1522,24_epo,37.0,130.24433223194936,linear
1523,24_epo,38.0,130.57954611811545,linear
1524,24_epo,39.0,130.91476000428156,linear
1525,24_epo,40.0,131.24997389044768,linear
1526,24_epo,41.0,131.5851877766138,linear
1527,24_epo,42.0,131.9204016627799,linear
1528,24_epo,43.0,132.255615548946,linear
1529,24_epo,44.0,132.5908294351121,linear
1530,24_epo,45.0,132.92604332127823,linear
1531,24_epo,46.0,133.26125720744434,linear
1532,24_epo,47.0,133.59647109361046,linear
1533,24_epo,48.0,133.93168497977652,linear
1534,24_epo,49.0,134.26689886594264,linear
1535,24_epo,50.0,134.60211275210875,linear
1536,24_epo,51.0,134.93732663827487,linear
1537,24_epo,52.0,135.27254052444098,linear
1538,24_epo,53.0,135.60775441060707,linear
1539,24_epo,54.0,135.9429682967732,linear
1540,24_epo,55.00000000000001,136.2781821829393,linear
1541,24_epo,56.00000000000001,136.61339606910542,linear
1542,24_epo,56.99999999999999,136.94860995527154,linear
1543,24_epo,57.99999999999999,137.28382384143762,linear
1544,24_epo,59.0,137.61903772760374,linear
1545,24_epo,60.0,137.95425161376983,linear
1546,24_epo,61.0,138.28946549993594,linear
1547,24_epo,62.0,138.62467938610206,linear
1548,24_epo,63.0,138.95989327226815,linear
1549,24_epo,64.0,139.29510715843426,linear
1550,24_epo,65.0,139.63032104460038,linear
1551,24_epo,66.0,139.9655349307665,linear
1552,24_epo,67.0,140.3007488169326,linear
1553,24_epo,68.0,140.6359627030987,linear
1554,24_epo,69.0,140.97117658926481,linear
1555,24_epo,70.0,141.30639047543093,linear
1556,24_epo,71.0,141.64160436159705,linear
1557,24_epo,72.0,141.97681824776313,linear
1558,24_epo,73.0,142.31203213392922,linear
1559,24_epo,74.0,142.64724602009534,linear
1560,24_epo,75.0,142.98245990626145,linear
1561,24_epo,76.0,143.31767379242757,linear
1562,24_epo,77.0,143.6528876785937,linear
1563,24_epo,78.0,143.98810156475977,linear
1564,24_epo,79.0,144.3233154509259,linear
1565,24_epo,80.0,144.658529337092,linear
1566,24_epo,81.0,144.99374322325812,linear
1567,24_epo,82.0,145.32895710942424,linear
1568,24_epo,83.0,145.66417099559033,linear
1569,24_epo,84.0,145.99938488175644,linear
1570,24_epo,85.0,146.33459876792253,linear
1571,24_epo,86.0,146.66981265408864,linear
1572,24_epo,87.0,147.00502654025476,linear
1573,24_epo,88.0,147.34024042642085,linear
1574,24_epo,89.0,147.67545431258696,linear
1575,24_epo,90.0,148.01066819875308,linear
1576,24_epo,91.0,148.3458820849192,linear
1577,24_epo,92.0,148.6810959710853,linear
1578,24_epo,93.0,149.0163098572514,linear
1579,24_epo,94.0,149.35152374341752,linear
1580,24_epo,95.0,149.68673762958363,linear
1581,25_epo,3.0,73.7375495685947,linear
1582,25_epo,4.0,73.80243117046658,linear
1583,25_epo,5.0,73.86731277233844,linear
1584,25_epo,6.0,73.93219437421031,linear
1585,25_epo,7.000000000000001,73.99707597608219,linear
1586,25_epo,8.0,74.06195757795405,linear
1587,25_epo,9.0,74.12683917982592,linear
1588,25_epo,10.0,74.1917207816978,linear
1589,25_epo,11.0,74.25660238356966,linear
1590,25_epo,12.0,74.32148398544153,linear
1591,25_epo,13.0,74.3863655873134,linear
1592,25_epo,14.000000000000002,74.45124718918528,linear
1593,25_epo,15.0,74.51612879105714,linear
1594,25_epo,16.0,74.58101039292902,linear
1595,25_epo,17.0,74.64589199480089,linear
1596,25_epo,18.0,74.71077359667275,linear
1597,25_epo,19.0,74.77565519854463,linear
1598,25_epo,20.0,74.8405368004165,linear
1599,25_epo,21.0,74.90541840228836,linear
1600,25_epo,22.0,74.97030000416024,linear
1601,25_epo,23.0,75.03518160603211,linear
1602,25_epo,24.0,75.10006320790397,linear
1603,25_epo,25.0,75.16494480977585,linear
1604,25_epo,26.0,75.22982641164772,linear
1605,25_epo,27.0,75.29470801351958,linear
1606,25_epo,28.000000000000004,75.35958961539146,linear
1607,25_epo,28.999999999999996,75.42447121726333,linear
1608,25_epo,30.0,75.48935281913519,linear
1609,25_epo,31.0,75.55423442100707,linear
1610,25_epo,32.0,75.61911602287894,linear
1611,25_epo,33.0,75.6839976247508,linear
1612,25_epo,34.0,75.74887922662268,linear
1613,25_epo,35.0,75.81376082849455,linear
1614,25_epo,36.0,75.87864243036641,linear
1615,25_epo,37.0,75.94352403223829,linear
1616,25_epo,38.0,76.00840563411015,linear
1617,25_epo,39.0,76.07328723598202,linear
1618,25_epo,40.0,76.13816883785388,linear
1619,25_epo,41.0,76.20305043972576,linear
1620,25_epo,42.0,76.26793204159763,linear
1621,25_epo,43.0,76.33281364346949,linear
1622,25_epo,44.0,76.39769524534137,linear
1623,25_epo,45.0,76.46257684721324,linear
1624,25_epo,46.0,76.5274584490851,linear
1625,25_epo,47.0,76.59234005095698,linear
1626,25_epo,48.0,76.65722165282885,linear
1627,25_epo,49.0,76.72210325470071,linear
1628,25_epo,50.0,76.78698485657259,linear
1629,25_epo,51.0,76.85186645844446,linear
1630,25_epo,52.0,76.91674806031632,linear
1631,25_epo,53.0,76.9816296621882,linear
1632,25_epo,54.0,77.04651126406007,linear
1633,25_epo,55.00000000000001,77.11139286593193,linear
1634,25_epo,56.00000000000001,77.17627446780381,linear
1635,25_epo,56.99999999999999,77.24115606967568,linear
1636,25_epo,57.99999999999999,77.30603767154754,linear
1637,25_epo,59.0,77.37091927341942,linear
1638,25_epo,60.0,77.43580087529129,linear
1639,25_epo,61.0,77.50068247716315,linear
1640,25_epo,62.0,77.56556407903503,linear
1641,25_epo,63.0,77.6304456809069,linear
1642,25_epo,64.0,77.69532728277878,linear
1643,25_epo,65.0,77.76020888465064,linear
1644,25_epo,66.0,77.82509048652251,linear
1645,25_epo,67.0,77.88997208839439,linear
1646,25_epo,68.0,77.95485369026625,linear
1647,25_epo,69.0,78.01973529213812,linear
1648,25_epo,70.0,78.08461689401,linear
1649,25_epo,71.0,78.14949849588186,linear
1650,25_epo,72.0,78.21438009775373,linear
1651,25_epo,73.0,78.27926169962561,linear
1652,25_epo,74.0,78.34414330149747,linear
1653,25_epo,75.0,78.40902490336934,linear
1654,25_epo,76.0,78.47390650524122,linear
1655,25_epo,77.0,78.53878810711308,linear
1656,25_epo,78.0,78.60366970898495,linear
1657,25_epo,79.0,78.66855131085683,linear
1658,25_epo,80.0,78.73343291272869,linear
1659,25_epo,81.0,78.79831451460056,linear
1660,25_epo,82.0,78.86319611647244,linear
1661,25_epo,83.0,78.9280777183443,linear
1662,25_epo,84.0,78.99295932021617,linear
1663,25_epo,85.0,79.05784092208805,linear
1664,25_epo,86.0,79.12272252395991,linear
1665,25_epo,87.0,79.18760412583178,linear
1666,25_epo,88.0,79.25248572770366,linear
1667,25_epo,89.0,79.31736732957553,linear
1668,25_epo,90.0,79.38224893144739,linear
1669,25_epo,91.0,79.44713053331927,linear
1670,25_epo,92.0,79.51201213519114,linear
1671,25_epo,93.0,79.576893737063,linear
1672,25_epo,94.0,79.64177533893488,linear
1673,25_epo,95.0,79.70665694080675,linear
1674,2_epo,3.0,78.22225357760209,linear
1675,2_epo,4.0,78.23954583181671,linear
1676,2_epo,5.0,78.25683808603134,linear
1677,2_epo,6.0,78.27413034024596,linear
1678,2_epo,7.000000000000001,78.29142259446058,linear
1679,2_epo,8.0,78.30871484867521,linear
1680,2_epo,9.0,78.32600710288983,linear
1681,2_epo,10.0,78.34329935710446,linear
1682,2_epo,11.0,78.3605916113191,linear
1683,2_epo,12.0,78.37788386553372,linear
1684,2_epo,13.0,78.39517611974834,linear
1685,2_epo,14.000000000000002,78.41246837396297,linear
1686,2_epo,15.0,78.4297606281776,linear
1687,2_epo,16.0,78.44705288239223,linear
1688,2_epo,17.0,78.46434513660685,linear
1689,2_epo,18.0,78.48163739082148,linear
1690,2_epo,19.0,78.49892964503611,linear
1691,2_epo,20.0,78.51622189925074,linear
1692,2_epo,21.0,78.53351415346536,linear
1693,2_epo,22.0,78.55080640767999,linear
1694,2_epo,23.0,78.56809866189462,linear
1695,2_epo,24.0,78.58539091610925,linear
1696,2_epo,25.0,78.60268317032387,linear
1697,2_epo,26.0,78.6199754245385,linear
1698,2_epo,27.0,78.63726767875312,linear
1699,2_epo,28.000000000000004,78.65455993296776,linear
1700,2_epo,28.999999999999996,78.67185218718238,linear
1701,2_epo,30.0,78.689144441397,linear
1702,2_epo,31.0,78.70643669561163,linear
1703,2_epo,32.0,78.72372894982627,linear
1704,2_epo,33.0,78.74102120404089,linear
1705,2_epo,34.0,78.75831345825551,linear
1706,2_epo,35.0,78.77560571247014,linear
1707,2_epo,36.0,78.79289796668478,linear
1708,2_epo,37.0,78.8101902208994,linear
1709,2_epo,38.0,78.82748247511402,linear
1710,2_epo,39.0,78.84477472932865,linear
1711,2_epo,40.0,78.86206698354329,linear
1712,2_epo,41.0,78.87935923775791,linear
1713,2_epo,42.0,78.89665149197253,linear
1714,2_epo,43.0,78.91394374618716,linear
1715,2_epo,44.0,78.9312360004018,linear
1716,2_epo,45.0,78.94852825461642,linear
1717,2_epo,46.0,78.96582050883104,linear
1718,2_epo,47.0,78.98311276304567,linear
1719,2_epo,48.0,79.0004050172603,linear
1720,2_epo,49.0,79.01769727147493,linear
1721,2_epo,50.0,79.03498952568955,linear
1722,2_epo,51.0,79.05228177990418,linear
1723,2_epo,52.0,79.0695740341188,linear
1724,2_epo,53.0,79.08686628833343,linear
1725,2_epo,54.0,79.10415854254805,linear
1726,2_epo,55.00000000000001,79.12145079676267,linear
1727,2_epo,56.00000000000001,79.1387430509773,linear
1728,2_epo,56.99999999999999,79.15603530519193,linear
1729,2_epo,57.99999999999999,79.17332755940656,linear
1730,2_epo,59.0,79.19061981362118,linear
1731,2_epo,60.0,79.2079120678358,linear
1732,2_epo,61.0,79.22520432205044,linear
1733,2_epo,62.0,79.24249657626507,linear
1734,2_epo,63.0,79.25978883047969,linear
1735,2_epo,64.0,79.27708108469432,linear
1736,2_epo,65.0,79.29437333890895,linear
1737,2_epo,66.0,79.31166559312358,linear
1738,2_epo,67.0,79.3289578473382,linear
1739,2_epo,68.0,79.34625010155283,linear
1740,2_epo,69.0,79.36354235576746,linear
1741,2_epo,70.0,79.38083460998209,linear
1742,2_epo,71.0,79.39812686419671,linear
1743,2_epo,72.0,79.41541911841134,linear
1744,2_epo,73.0,79.43271137262597,linear
1745,2_epo,74.0,79.4500036268406,linear
1746,2_epo,75.0,79.46729588105522,linear
1747,2_epo,76.0,79.48458813526985,linear
1748,2_epo,77.0,79.50188038948447,linear
1749,2_epo,78.0,79.51917264369911,linear
1750,2_epo,79.0,79.53646489791373,linear
1751,2_epo,80.0,79.55375715212836,linear
1752,2_epo,81.0,79.57104940634298,linear
1753,2_epo,82.0,79.58834166055762,linear
1754,2_epo,83.0,79.60563391477224,linear
1755,2_epo,84.0,79.62292616898687,linear
1756,2_epo,85.0,79.64021842320149,linear
1757,2_epo,86.0,79.65751067741613,linear
1758,2_epo,87.0,79.67480293163075,linear
1759,2_epo,88.0,79.69209518584537,linear
1760,2_epo,89.0,79.70938744006,linear
1761,2_epo,90.0,79.72667969427464,linear
1762,2_epo,91.0,79.74397194848926,linear
1763,2_epo,92.0,79.76126420270388,linear
1764,2_epo,93.0,79.77855645691851,linear
1765,2_epo,94.0,79.79584871113315,linear
1766,2_epo,95.0,79.81314096534777,linear
1767,3_epo,3.0,88.91548205160775,linear
1768,3_epo,4.0,88.89056567219086,linear
1769,3_epo,5.0,88.865649292774,linear
1770,3_epo,6.0,88.8407329133571,linear
1771,3_epo,7.000000000000001,88.81581653394024,linear
1772,3_epo,8.0,88.79090015452334,linear
1773,3_epo,9.0,88.76598377510648,linear
1774,3_epo,10.0,88.74106739568958,linear
1775,3_epo,11.0,88.71615101627272,linear
1776,3_epo,12.0,88.69123463685582,linear
1777,3_epo,13.0,88.66631825743896,linear
1778,3_epo,14.000000000000002,88.64140187802207,linear
1779,3_epo,15.0,88.6164854986052,linear
1780,3_epo,16.0,88.5915691191883,linear
1781,3_epo,17.0,88.56665273977143,linear
1782,3_epo,18.0,88.54173636035455,linear
1783,3_epo,19.0,88.51681998093767,linear
1784,3_epo,20.0,88.49190360152079,linear
1785,3_epo,21.0,88.46698722210391,linear
1786,3_epo,22.0,88.44207084268703,linear
1787,3_epo,23.0,88.41715446327015,linear
1788,3_epo,24.0,88.39223808385327,linear
1789,3_epo,25.0,88.36732170443639,linear
1790,3_epo,26.0,88.34240532501953,linear
1791,3_epo,27.0,88.31748894560263,linear
1792,3_epo,28.000000000000004,88.29257256618577,linear
1793,3_epo,28.999999999999996,88.26765618676887,linear
1794,3_epo,30.0,88.24273980735201,linear
1795,3_epo,31.0,88.21782342793512,linear
1796,3_epo,32.0,88.19290704851825,linear
1797,3_epo,33.0,88.16799066910136,linear
1798,3_epo,34.0,88.14307428968449,linear
1799,3_epo,35.0,88.1181579102676,linear
1800,3_epo,36.0,88.09324153085073,linear
1801,3_epo,37.0,88.06832515143384,linear
1802,3_epo,38.0,88.04340877201697,linear
1803,3_epo,39.0,88.01849239260008,linear
1804,3_epo,40.0,87.99357601318322,linear
1805,3_epo,41.0,87.96865963376632,linear
1806,3_epo,42.0,87.94374325434944,linear
1807,3_epo,43.0,87.91882687493256,linear
1808,3_epo,44.0,87.89391049551568,linear
1809,3_epo,45.0,87.8689941160988,linear
1810,3_epo,46.0,87.84407773668192,linear
1811,3_epo,47.0,87.81916135726505,linear
1812,3_epo,48.0,87.79424497784817,linear
1813,3_epo,49.0,87.76932859843129,linear
1814,3_epo,50.0,87.74441221901441,linear
1815,3_epo,51.0,87.71949583959754,linear
1816,3_epo,52.0,87.69457946018065,linear
1817,3_epo,53.0,87.66966308076378,linear
1818,3_epo,54.0,87.64474670134689,linear
1819,3_epo,55.00000000000001,87.61983032193002,linear
1820,3_epo,56.00000000000001,87.59491394251313,linear
1821,3_epo,56.99999999999999,87.56999756309627,linear
1822,3_epo,57.99999999999999,87.54508118367937,linear
1823,3_epo,59.0,87.5201648042625,linear
1824,3_epo,60.0,87.49524842484561,linear
1825,3_epo,61.0,87.47033204542875,linear
1826,3_epo,62.0,87.44541566601185,linear
1827,3_epo,63.0,87.42049928659499,linear
1828,3_epo,64.0,87.3955829071781,linear
1829,3_epo,65.0,87.37066652776123,linear
1830,3_epo,66.0,87.34575014834434,linear
1831,3_epo,67.0,87.32083376892746,linear
1832,3_epo,68.0,87.29591738951058,linear
1833,3_epo,69.0,87.2710010100937,linear
1834,3_epo,70.0,87.24608463067682,linear
1835,3_epo,71.0,87.22116825125994,linear
1836,3_epo,72.0,87.19625187184306,linear
1837,3_epo,73.0,87.17133549242618,linear
1838,3_epo,74.0,87.1464191130093,linear
1839,3_epo,75.0,87.12150273359242,linear
1840,3_epo,76.0,87.09658635417556,linear
1841,3_epo,77.0,87.07166997475866,linear
1842,3_epo,78.0,87.0467535953418,linear
1843,3_epo,79.0,87.0218372159249,linear
1844,3_epo,80.0,86.99692083650804,linear
1845,3_epo,81.0,86.97200445709115,linear
1846,3_epo,82.0,86.94708807767428,linear
1847,3_epo,83.0,86.92217169825739,linear
1848,3_epo,84.0,86.89725531884052,linear
1849,3_epo,85.0,86.87233893942363,linear
1850,3_epo,86.0,86.84742256000676,linear
1851,3_epo,87.0,86.82250618058987,linear
1852,3_epo,88.0,86.797589801173,linear
1853,3_epo,89.0,86.77267342175611,linear
1854,3_epo,90.0,86.74775704233925,linear
1855,3_epo,91.0,86.72284066292235,linear
1856,3_epo,92.0,86.69792428350547,linear
1857,3_epo,93.0,86.67300790408859,linear
1858,3_epo,94.0,86.64809152467171,linear
1859,3_epo,95.0,86.62317514525483,linear
1860,4_epo,3.0,76.37013305968621,linear
1861,4_epo,4.0,76.40449361862322,linear
1862,4_epo,5.0,76.43885417756024,linear
1863,4_epo,6.0,76.47321473649727,linear
1864,4_epo,7.000000000000001,76.50757529543426,linear
1865,4_epo,8.0,76.54193585437129,linear
1866,4_epo,9.0,76.57629641330831,linear
1867,4_epo,10.0,76.61065697224532,linear
1868,4_epo,11.0,76.64501753118235,linear
1869,4_epo,12.0,76.67937809011936,linear
1870,4_epo,13.0,76.71373864905638,linear
1871,4_epo,14.000000000000002,76.7480992079934,linear
1872,4_epo,15.0,76.78245976693042,linear
1873,4_epo,16.0,76.81682032586744,linear
1874,4_epo,17.0,76.85118088480446,linear
1875,4_epo,18.0,76.88554144374147,linear
1876,4_epo,19.0,76.91990200267848,linear
1877,4_epo,20.0,76.9542625616155,linear
1878,4_epo,21.0,76.98862312055252,linear
1879,4_epo,22.0,77.02298367948954,linear
1880,4_epo,23.0,77.05734423842655,linear
1881,4_epo,24.0,77.09170479736358,linear
1882,4_epo,25.0,77.1260653563006,linear
1883,4_epo,26.0,77.16042591523761,linear
1884,4_epo,27.0,77.19478647417463,linear
1885,4_epo,28.000000000000004,77.22914703311164,linear
1886,4_epo,28.999999999999996,77.26350759204867,linear
1887,4_epo,30.0,77.29786815098569,linear
1888,4_epo,31.0,77.3322287099227,linear
1889,4_epo,32.0,77.36658926885971,linear
1890,4_epo,33.0,77.40094982779674,linear
1891,4_epo,34.0,77.43531038673375,linear
1892,4_epo,35.0,77.46967094567077,linear
1893,4_epo,36.0,77.50403150460778,linear
1894,4_epo,37.0,77.5383920635448,linear
1895,4_epo,38.0,77.57275262248183,linear
1896,4_epo,39.0,77.60711318141884,linear
1897,4_epo,40.0,77.64147374035586,linear
1898,4_epo,41.0,77.67583429929289,linear
1899,4_epo,42.0,77.7101948582299,linear
1900,4_epo,43.0,77.74455541716692,linear
1901,4_epo,44.0,77.77891597610392,linear
1902,4_epo,45.0,77.81327653504094,linear
1903,4_epo,46.0,77.84763709397797,linear
1904,4_epo,47.0,77.88199765291498,linear
1905,4_epo,48.0,77.916358211852,linear
1906,4_epo,49.0,77.95071877078902,linear
1907,4_epo,50.0,77.98507932972603,linear
1908,4_epo,51.0,78.01943988866306,linear
1909,4_epo,52.0,78.05380044760007,linear
1910,4_epo,53.0,78.08816100653709,linear
1911,4_epo,54.0,78.12252156547412,linear
1912,4_epo,55.00000000000001,78.15688212441113,linear
1913,4_epo,56.00000000000001,78.19124268334815,linear
1914,4_epo,56.99999999999999,78.22560324228516,linear
1915,4_epo,57.99999999999999,78.25996380122217,linear
1916,4_epo,59.0,78.2943243601592,linear
1917,4_epo,60.0,78.3286849190962,linear
1918,4_epo,61.0,78.36304547803323,linear
1919,4_epo,62.0,78.39740603697025,linear
1920,4_epo,63.0,78.43176659590726,linear
1921,4_epo,64.0,78.46612715484429,linear
1922,4_epo,65.0,78.50048771378131,linear
1923,4_epo,66.0,78.53484827271832,linear
1924,4_epo,67.0,78.56920883165535,linear
1925,4_epo,68.0,78.60356939059236,linear
1926,4_epo,69.0,78.63792994952937,linear
1927,4_epo,70.0,78.67229050846639,linear
1928,4_epo,71.0,78.7066510674034,linear
1929,4_epo,72.0,78.74101162634042,linear
1930,4_epo,73.0,78.77537218527745,linear
1931,4_epo,74.0,78.80973274421446,linear
1932,4_epo,75.0,78.84409330315148,linear
1933,4_epo,76.0,78.8784538620885,linear
1934,4_epo,77.0,78.91281442102552,linear
1935,4_epo,78.0,78.94717497996254,linear
1936,4_epo,79.0,78.98153553889955,linear
1937,4_epo,80.0,79.01589609783657,linear
1938,4_epo,81.0,79.0502566567736,linear
1939,4_epo,82.0,79.0846172157106,linear
1940,4_epo,83.0,79.11897777464762,linear
1941,4_epo,84.0,79.15333833358464,linear
1942,4_epo,85.0,79.18769889252165,linear
1943,4_epo,86.0,79.22205945145868,linear
1944,4_epo,87.0,79.25642001039569,linear
1945,4_epo,88.0,79.29078056933271,linear
1946,4_epo,89.0,79.32514112826973,linear
1947,4_epo,90.0,79.35950168720674,linear
1948,4_epo,91.0,79.39386224614377,linear
1949,4_epo,92.0,79.4282228050808,linear
1950,4_epo,93.0,79.4625833640178,linear
1951,4_epo,94.0,79.49694392295481,linear
1952,4_epo,95.0,79.53130448189182,linear
1953,5_epo,3.0,68.3524523945927,linear
1954,5_epo,4.0,68.49364700990219,linear
1955,5_epo,5.0,68.63484162521169,linear
1956,5_epo,6.0,68.77603624052118,linear
1957,5_epo,7.000000000000001,68.91723085583068,linear
1958,5_epo,8.0,69.05842547114018,linear
1959,5_epo,9.0,69.19962008644968,linear
1960,5_epo,10.0,69.34081470175919,linear
1961,5_epo,11.0,69.48200931706867,linear
1962,5_epo,12.0,69.62320393237817,linear
1963,5_epo,13.0,69.76439854768768,linear
1964,5_epo,14.000000000000002,69.90559316299718,linear
1965,5_epo,15.0,70.04678777830667,linear
1966,5_epo,16.0,70.18798239361617,linear
1967,5_epo,17.0,70.32917700892565,linear
1968,5_epo,18.0,70.47037162423517,linear
1969,5_epo,19.0,70.61156623954466,linear
1970,5_epo,20.0,70.75276085485416,linear
1971,5_epo,21.0,70.89395547016365,linear
1972,5_epo,22.0,71.03515008547315,linear
1973,5_epo,23.0,71.17634470078265,linear
1974,5_epo,24.0,71.31753931609215,linear
1975,5_epo,25.0,71.45873393140165,linear
1976,5_epo,26.0,71.59992854671114,linear
1977,5_epo,27.0,71.74112316202064,linear
1978,5_epo,28.000000000000004,71.88231777733014,linear
1979,5_epo,28.999999999999996,72.02351239263965,linear
1980,5_epo,30.0,72.16470700794913,linear
1981,5_epo,31.0,72.30590162325863,linear
1982,5_epo,32.0,72.44709623856812,linear
1983,5_epo,33.0,72.58829085387764,linear
1984,5_epo,34.0,72.72948546918713,linear
1985,5_epo,35.0,72.87068008449663,linear
1986,5_epo,36.0,73.01187469980611,linear
1987,5_epo,37.0,73.15306931511562,linear
1988,5_epo,38.0,73.29426393042512,linear
1989,5_epo,39.0,73.43545854573462,linear
1990,5_epo,40.0,73.57665316104412,linear
1991,5_epo,41.0,73.71784777635361,linear
1992,5_epo,42.0,73.85904239166311,linear
1993,5_epo,43.0,74.00023700697261,linear
1994,5_epo,44.0,74.14143162228211,linear
1995,5_epo,45.0,74.2826262375916,linear
1996,5_epo,46.0,74.4238208529011,linear
1997,5_epo,47.0,74.56501546821059,linear
1998,5_epo,48.0,74.7062100835201,linear
1999,5_epo,49.0,74.84740469882959,linear
2000,5_epo,50.0,74.9885993141391,linear
2001,5_epo,51.0,75.12979392944858,linear
2002,5_epo,52.0,75.27098854475808,linear
2003,5_epo,53.0,75.4121831600676,linear
2004,5_epo,54.0,75.55337777537709,linear
2005,5_epo,55.00000000000001,75.69457239068659,linear
2006,5_epo,56.00000000000001,75.83576700599608,linear
2007,5_epo,56.99999999999999,75.97696162130558,linear
2008,5_epo,57.99999999999999,76.11815623661508,linear
2009,5_epo,59.0,76.25935085192458,linear
2010,5_epo,60.0,76.40054546723407,linear
2011,5_epo,61.0,76.54174008254357,linear
2012,5_epo,62.0,76.68293469785306,linear
2013,5_epo,63.0,76.82412931316257,linear
2014,5_epo,64.0,76.96532392847206,linear
2015,5_epo,65.0,77.10651854378156,linear
2016,5_epo,66.0,77.24771315909105,linear
2017,5_epo,67.0,77.38890777440055,linear
2018,5_epo,68.0,77.53010238971007,linear
2019,5_epo,69.0,77.67129700501955,linear
2020,5_epo,70.0,77.81249162032906,linear
2021,5_epo,71.0,77.95368623563854,linear
2022,5_epo,72.0,78.09488085094804,linear
2023,5_epo,73.0,78.23607546625755,linear
2024,5_epo,74.0,78.37727008156705,linear
2025,5_epo,75.0,78.51846469687653,linear
2026,5_epo,76.0,78.65965931218604,linear
2027,5_epo,77.0,78.80085392749552,linear
2028,5_epo,78.0,78.94204854280504,linear
2029,5_epo,79.0,79.08324315811453,linear
2030,5_epo,80.0,79.22443777342403,linear
2031,5_epo,81.0,79.36563238873352,linear
2032,5_epo,82.0,79.50682700404302,linear
2033,5_epo,83.0,79.64802161935253,linear
2034,5_epo,84.0,79.78921623466202,linear
2035,5_epo,85.0,79.93041084997152,linear
2036,5_epo,86.0,80.07160546528101,linear
2037,5_epo,87.0,80.21280008059051,linear
2038,5_epo,88.0,80.35399469590001,linear
2039,5_epo,89.0,80.49518931120951,linear
2040,5_epo,90.0,80.636383926519,linear
2041,5_epo,91.0,80.7775785418285,linear
2042,5_epo,92.0,80.91877315713799,linear
2043,5_epo,93.0,81.05996777244751,linear
2044,5_epo,94.0,81.201162387757,linear
2045,5_epo,95.0,81.3423570030665,linear
2046,6_epo,3.0,87.54924049975007,linear
2047,6_epo,4.0,87.79566632701678,linear
2048,6_epo,5.0,88.04209215428348,linear
2049,6_epo,6.0,88.28851798155017,linear
2050,6_epo,7.000000000000001,88.53494380881688,linear
2051,6_epo,8.0,88.78136963608357,linear
2052,6_epo,9.0,89.02779546335029,linear
2053,6_epo,10.0,89.27422129061699,linear
2054,6_epo,11.0,89.52064711788368,linear
2055,6_epo,12.0,89.76707294515039,linear
2056,6_epo,13.0,90.01349877241708,linear
2057,6_epo,14.000000000000002,90.2599245996838,linear
2058,6_epo,15.0,90.50635042695049,linear
2059,6_epo,16.0,90.7527762542172,linear
2060,6_epo,17.0,90.9992020814839,linear
2061,6_epo,18.0,91.24562790875059,linear
2062,6_epo,19.0,91.49205373601731,linear
2063,6_epo,20.0,91.738479563284,linear
2064,6_epo,21.0,91.98490539055071,linear
2065,6_epo,22.0,92.2313312178174,linear
2066,6_epo,23.0,92.4777570450841,linear
2067,6_epo,24.0,92.72418287235081,linear
2068,6_epo,25.0,92.97060869961751,linear
2069,6_epo,26.0,93.21703452688422,linear
2070,6_epo,27.0,93.46346035415091,linear
2071,6_epo,28.000000000000004,93.70988618141763,linear
2072,6_epo,28.999999999999996,93.95631200868432,linear
2073,6_epo,30.0,94.20273783595103,linear
2074,6_epo,31.0,94.44916366321772,linear
2075,6_epo,32.0,94.69558949048442,linear
2076,6_epo,33.0,94.94201531775113,linear
2077,6_epo,34.0,95.18844114501783,linear
2078,6_epo,35.0,95.43486697228454,linear
2079,6_epo,36.0,95.68129279955123,linear
2080,6_epo,37.0,95.92771862681793,linear
2081,6_epo,38.0,96.17414445408464,linear
2082,6_epo,39.0,96.42057028135135,linear
2083,6_epo,40.0,96.66699610861804,linear
2084,6_epo,41.0,96.91342193588474,linear
2085,6_epo,42.0,97.15984776315145,linear
2086,6_epo,43.0,97.40627359041815,linear
2087,6_epo,44.0,97.65269941768486,linear
2088,6_epo,45.0,97.89912524495155,linear
2089,6_epo,46.0,98.14555107221825,linear
2090,6_epo,47.0,98.39197689948494,linear
2091,6_epo,48.0,98.63840272675166,linear
2092,6_epo,49.0,98.88482855401836,linear
2093,6_epo,50.0,99.13125438128506,linear
2094,6_epo,51.0,99.37768020855177,linear
2095,6_epo,52.0,99.62410603581846,linear
2096,6_epo,53.0,99.87053186308518,linear
2097,6_epo,54.0,100.11695769035187,linear
2098,6_epo,55.00000000000001,100.36338351761857,linear
2099,6_epo,56.00000000000001,100.60980934488528,linear
2100,6_epo,56.99999999999999,100.85623517215197,linear
2101,6_epo,57.99999999999999,101.10266099941867,linear
2102,6_epo,59.0,101.34908682668538,linear
2103,6_epo,60.0,101.59551265395208,linear
2104,6_epo,61.0,101.84193848121878,linear
2105,6_epo,62.0,102.08836430848548,linear
2106,6_epo,63.0,102.33479013575219,linear
2107,6_epo,64.0,102.58121596301889,linear
2108,6_epo,65.0,102.82764179028558,linear
2109,6_epo,66.0,103.07406761755229,linear
2110,6_epo,67.0,103.32049344481901,linear
2111,6_epo,68.0,103.5669192720857,linear
2112,6_epo,69.0,103.81334509935239,linear
2113,6_epo,70.0,104.0597709266191,linear
2114,6_epo,71.0,104.3061967538858,linear
2115,6_epo,72.0,104.5526225811525,linear
2116,6_epo,73.0,104.79904840841921,linear
2117,6_epo,74.0,105.04547423568592,linear
2118,6_epo,75.0,105.2919000629526,linear
2119,6_epo,76.0,105.5383258902193,linear
2120,6_epo,77.0,105.78475171748602,linear
2121,6_epo,78.0,106.03117754475272,linear
2122,6_epo,79.0,106.27760337201941,linear
2123,6_epo,80.0,106.52402919928612,linear
2124,6_epo,81.0,106.77045502655282,linear
2125,6_epo,82.0,107.01688085381953,linear
2126,6_epo,83.0,107.26330668108622,linear
2127,6_epo,84.0,107.50973250835293,linear
2128,6_epo,85.0,107.75615833561963,linear
2129,6_epo,86.0,108.00258416288632,linear
2130,6_epo,87.0,108.24900999015304,linear
2131,6_epo,88.0,108.49543581741973,linear
2132,6_epo,89.0,108.74186164468644,linear
2133,6_epo,90.0,108.98828747195313,linear
2134,6_epo,91.0,109.23471329921983,linear
2135,6_epo,92.0,109.48113912648655,linear
2136,6_epo,93.0,109.72756495375324,linear
2137,6_epo,94.0,109.97399078101994,linear
2138,6_epo,95.0,110.22041660828664,linear
2139,7_epo,3.0,79.76982125052899,linear
2140,7_epo,4.0,80.08691726919697,linear
2141,7_epo,5.0,80.40401328786498,linear
2142,7_epo,6.0,80.72110930653297,linear
2143,7_epo,7.000000000000001,81.03820532520096,linear
2144,7_epo,8.0,81.35530134386896,linear
2145,7_epo,9.0,81.67239736253694,linear
2146,7_epo,10.0,81.98949338120494,linear
2147,7_epo,11.0,82.30658939987292,linear
2148,7_epo,12.0,82.62368541854093,linear
2149,7_epo,13.0,82.94078143720891,linear
2150,7_epo,14.000000000000002,83.2578774558769,linear
2151,7_epo,15.0,83.5749734745449,linear
2152,7_epo,16.0,83.89206949321289,linear
2153,7_epo,17.0,84.20916551188087,linear
2154,7_epo,18.0,84.52626153054888,linear
2155,7_epo,19.0,84.84335754921686,linear
2156,7_epo,20.0,85.16045356788484,linear
2157,7_epo,21.0,85.47754958655285,linear
2158,7_epo,22.0,85.79464560522084,linear
2159,7_epo,23.0,86.11174162388883,linear
2160,7_epo,24.0,86.42883764255683,linear
2161,7_epo,25.0,86.74593366122481,linear
2162,7_epo,26.0,87.06302967989281,linear
2163,7_epo,27.0,87.38012569856079,linear
2164,7_epo,28.000000000000004,87.6972217172288,linear
2165,7_epo,28.999999999999996,88.01431773589678,linear
2166,7_epo,30.0,88.33141375456476,linear
2167,7_epo,31.0,88.64850977323277,linear
2168,7_epo,32.0,88.96560579190076,linear
2169,7_epo,33.0,89.28270181056874,linear
2170,7_epo,34.0,89.59979782923675,linear
2171,7_epo,35.0,89.91689384790473,linear
2172,7_epo,36.0,90.23398986657271,linear
2173,7_epo,37.0,90.55108588524072,linear
2174,7_epo,38.0,90.8681819039087,linear
2175,7_epo,39.0,91.1852779225767,linear
2176,7_epo,40.0,91.50237394124468,linear
2177,7_epo,41.0,91.81946995991268,linear
2178,7_epo,42.0,92.13656597858068,linear
2179,7_epo,43.0,92.45366199724866,linear
2180,7_epo,44.0,92.77075801591667,linear
2181,7_epo,45.0,93.08785403458465,linear
2182,7_epo,46.0,93.40495005325263,linear
2183,7_epo,47.0,93.72204607192064,linear
2184,7_epo,48.0,94.03914209058863,linear
2185,7_epo,49.0,94.35623810925661,linear
2186,7_epo,50.0,94.67333412792462,linear
2187,7_epo,51.0,94.9904301465926,linear
2188,7_epo,52.0,95.30752616526058,linear
2189,7_epo,53.0,95.6246221839286,linear
2190,7_epo,54.0,95.94171820259658,linear
2191,7_epo,55.00000000000001,96.25881422126457,linear
2192,7_epo,56.00000000000001,96.57591023993255,linear
2193,7_epo,56.99999999999999,96.89300625860055,linear
2194,7_epo,57.99999999999999,97.21010227726855,linear
2195,7_epo,59.0,97.52719829593653,linear
2196,7_epo,60.0,97.84429431460454,linear
2197,7_epo,61.0,98.16139033327252,linear
2198,7_epo,62.0,98.4784863519405,linear
2199,7_epo,63.0,98.79558237060851,linear
2200,7_epo,64.0,99.1126783892765,linear
2201,7_epo,65.0,99.42977440794448,linear
2202,7_epo,66.0,99.74687042661249,linear
2203,7_epo,67.0,100.06396644528047,linear
2204,7_epo,68.0,100.38106246394845,linear
2205,7_epo,69.0,100.69815848261646,linear
2206,7_epo,70.0,101.01525450128445,linear
2207,7_epo,71.0,101.33235051995243,linear
2208,7_epo,72.0,101.64944653862042,linear
2209,7_epo,73.0,101.96654255728842,linear
2210,7_epo,74.0,102.28363857595642,linear
2211,7_epo,75.0,102.6007345946244,linear
2212,7_epo,76.0,102.91783061329241,linear
2213,7_epo,77.0,103.23492663196039,linear
2214,7_epo,78.0,103.55202265062837,linear
2215,7_epo,79.0,103.86911866929638,linear
2216,7_epo,80.0,104.18621468796437,linear
2217,7_epo,81.0,104.50331070663235,linear
2218,7_epo,82.0,104.82040672530036,linear
2219,7_epo,83.0,105.13750274396834,linear
2220,7_epo,84.0,105.45459876263632,linear
2221,7_epo,85.0,105.77169478130432,linear
2222,7_epo,86.0,106.08879079997232,linear
2223,7_epo,87.0,106.4058868186403,linear
2224,7_epo,88.0,106.7229828373083,linear
2225,7_epo,89.0,107.0400788559763,linear
2226,7_epo,90.0,107.35717487464429,linear
2227,7_epo,91.0,107.67427089331227,linear
2228,7_epo,92.0,107.99136691198028,linear
2229,7_epo,93.0,108.30846293064826,linear
2230,7_epo,94.0,108.62555894931624,linear
2231,7_epo,95.0,108.94265496798425,linear
2232,8_epo,3.0,76.74951156332364,linear
2233,8_epo,4.0,76.87313561386875,linear
2234,8_epo,5.0,76.9967596644139,linear
2235,8_epo,6.0,77.12038371495902,linear
2236,8_epo,7.000000000000001,77.24400776550416,linear
2237,8_epo,8.0,77.3676318160493,linear
2238,8_epo,9.0,77.49125586659443,linear
2239,8_epo,10.0,77.61487991713958,linear
2240,8_epo,11.0,77.7385039676847,linear
2241,8_epo,12.0,77.86212801822984,linear
2242,8_epo,13.0,77.98575206877496,linear
2243,8_epo,14.000000000000002,78.1093761193201,linear
2244,8_epo,15.0,78.23300016986525,linear
2245,8_epo,16.0,78.35662422041037,linear
2246,8_epo,17.0,78.48024827095551,linear
2247,8_epo,18.0,78.60387232150063,linear
2248,8_epo,19.0,78.72749637204578,linear
2249,8_epo,20.0,78.85112042259091,linear
2250,8_epo,21.0,78.97474447313604,linear
2251,8_epo,22.0,79.09836852368119,linear
2252,8_epo,23.0,79.2219925742263,linear
2253,8_epo,24.0,79.34561662477145,linear
2254,8_epo,25.0,79.46924067531657,linear
2255,8_epo,26.0,79.59286472586172,linear
2256,8_epo,27.0,79.71648877640686,linear
2257,8_epo,28.000000000000004,79.84011282695198,linear
2258,8_epo,28.999999999999996,79.96373687749713,linear
2259,8_epo,30.0,80.08736092804224,linear
2260,8_epo,31.0,80.21098497858739,linear
2261,8_epo,32.0,80.33460902913252,linear
2262,8_epo,33.0,80.45823307967765,linear
2263,8_epo,34.0,80.58185713022279,linear
2264,8_epo,35.0,80.70548118076792,linear
2265,8_epo,36.0,80.82910523131306,linear
2266,8_epo,37.0,80.9527292818582,linear
2267,8_epo,38.0,81.07635333240333,linear
2268,8_epo,39.0,81.19997738294846,linear
2269,8_epo,40.0,81.3236014334936,linear
2270,8_epo,41.0,81.44722548403874,linear
2271,8_epo,42.0,81.57084953458386,linear
2272,8_epo,43.0,81.694473585129,linear
2273,8_epo,44.0,81.81809763567414,linear
2274,8_epo,45.0,81.94172168621927,linear
2275,8_epo,46.0,82.0653457367644,linear
2276,8_epo,47.0,82.18896978730953,linear
2277,8_epo,48.0,82.31259383785466,linear
2278,8_epo,49.0,82.43621788839981,linear
2279,8_epo,50.0,82.55984193894494,linear
2280,8_epo,51.0,82.68346598949007,linear
2281,8_epo,52.0,82.8070900400352,linear
2282,8_epo,53.0,82.93071409058034,linear
2283,8_epo,54.0,83.05433814112548,linear
2284,8_epo,55.00000000000001,83.17796219167062,linear
2285,8_epo,56.00000000000001,83.30158624221575,linear
2286,8_epo,56.99999999999999,83.42521029276088,linear
2287,8_epo,57.99999999999999,83.54883434330601,linear
2288,8_epo,59.0,83.67245839385114,linear
2289,8_epo,60.0,83.79608244439628,linear
2290,8_epo,61.0,83.91970649494142,linear
2291,8_epo,62.0,84.04333054548655,linear
2292,8_epo,63.0,84.16695459603169,linear
2293,8_epo,64.0,84.29057864657682,linear
2294,8_epo,65.0,84.41420269712195,linear
2295,8_epo,66.0,84.5378267476671,linear
2296,8_epo,67.0,84.66145079821221,linear
2297,8_epo,68.0,84.78507484875736,linear
2298,8_epo,69.0,84.9086988993025,linear
2299,8_epo,70.0,85.03232294984763,linear
2300,8_epo,71.0,85.15594700039277,linear
2301,8_epo,72.0,85.27957105093789,linear
2302,8_epo,73.0,85.40319510148304,linear
2303,8_epo,74.0,85.52681915202817,linear
2304,8_epo,75.0,85.6504432025733,linear
2305,8_epo,76.0,85.77406725311843,linear
2306,8_epo,77.0,85.89769130366356,linear
2307,8_epo,78.0,86.02131535420871,linear
2308,8_epo,79.0,86.14493940475383,linear
2309,8_epo,80.0,86.26856345529897,linear
2310,8_epo,81.0,86.39218750584409,linear
2311,8_epo,82.0,86.51581155638924,linear
2312,8_epo,83.0,86.63943560693438,linear
2313,8_epo,84.0,86.7630596574795,linear
2314,8_epo,85.0,86.88668370802465,linear
2315,8_epo,86.0,87.01030775856977,linear
2316,8_epo,87.0,87.13393180911491,linear
2317,8_epo,88.0,87.25755585966006,linear
2318,8_epo,89.0,87.38117991020518,linear
2319,8_epo,90.0,87.50480396075032,linear
2320,8_epo,91.0,87.62842801129544,linear
2321,8_epo,92.0,87.75205206184059,linear
2322,8_epo,93.0,87.8756761123857,linear
2323,8_epo,94.0,87.99930016293085,linear
2324,8_epo,95.0,88.12292421347598,linear
2325,9_epo,3.0,77.18198403100841,linear
2326,9_epo,4.0,77.13508627370963,linear
2327,9_epo,5.0,77.08818851641085,linear
2328,9_epo,6.0,77.04129075911206,linear
2329,9_epo,7.000000000000001,76.99439300181328,linear
2330,9_epo,8.0,76.9474952445145,linear
2331,9_epo,9.0,76.90059748721572,linear
2332,9_epo,10.0,76.85369972991693,linear
2333,9_epo,11.0,76.80680197261815,linear
2334,9_epo,12.0,76.75990421531937,linear
2335,9_epo,13.0,76.7130064580206,linear
2336,9_epo,14.000000000000002,76.66610870072181,linear
2337,9_epo,15.0,76.61921094342303,linear
2338,9_epo,16.0,76.57231318612425,linear
2339,9_epo,17.0,76.52541542882545,linear
2340,9_epo,18.0,76.47851767152667,linear
2341,9_epo,19.0,76.4316199142279,linear
2342,9_epo,20.0,76.38472215692912,linear
2343,9_epo,21.0,76.33782439963032,linear
2344,9_epo,22.0,76.29092664233154,linear
2345,9_epo,23.0,76.24402888503276,linear
2346,9_epo,24.0,76.19713112773398,linear
2347,9_epo,25.0,76.15023337043519,linear
2348,9_epo,26.0,76.10333561313641,linear
2349,9_epo,27.0,76.05643785583763,linear
2350,9_epo,28.000000000000004,76.00954009853885,linear
2351,9_epo,28.999999999999996,75.96264234124006,linear
2352,9_epo,30.0,75.91574458394128,linear
2353,9_epo,31.0,75.8688468266425,linear
2354,9_epo,32.0,75.82194906934372,linear
2355,9_epo,33.0,75.77505131204492,linear
2356,9_epo,34.0,75.72815355474614,linear
2357,9_epo,35.0,75.68125579744736,linear
2358,9_epo,36.0,75.63435804014858,linear
2359,9_epo,37.0,75.58746028284979,linear
2360,9_epo,38.0,75.54056252555102,linear
2361,9_epo,39.0,75.49366476825224,linear
2362,9_epo,40.0,75.44676701095347,linear
2363,9_epo,41.0,75.39986925365467,linear
2364,9_epo,42.0,75.35297149635589,linear
2365,9_epo,43.0,75.30607373905711,linear
2366,9_epo,44.0,75.25917598175832,linear
2367,9_epo,45.0,75.21227822445954,linear
2368,9_epo,46.0,75.16538046716076,linear
2369,9_epo,47.0,75.11848270986198,linear
2370,9_epo,48.0,75.07158495256319,linear
2371,9_epo,49.0,75.0246871952644,linear
2372,9_epo,50.0,74.97778943796563,linear
2373,9_epo,51.0,74.93089168066685,linear
2374,9_epo,52.0,74.88399392336805,linear
2375,9_epo,53.0,74.83709616606927,linear
2376,9_epo,54.0,74.7901984087705,linear
2377,9_epo,55.00000000000001,74.74330065147171,linear
2378,9_epo,56.00000000000001,74.69640289417292,linear
2379,9_epo,56.99999999999999,74.64950513687414,linear
2380,9_epo,57.99999999999999,74.60260737957536,linear
2381,9_epo,59.0,74.55570962227658,linear
2382,9_epo,60.0,74.50881186497779,linear
2383,9_epo,61.0,74.46191410767901,linear
2384,9_epo,62.0,74.41501635038023,linear
2385,9_epo,63.0,74.36811859308146,linear
2386,9_epo,64.0,74.32122083578267,linear
2387,9_epo,65.0,74.27432307848389,linear
2388,9_epo,66.0,74.22742532118511,linear
2389,9_epo,67.0,74.18052756388633,linear
2390,9_epo,68.0,74.13362980658754,linear
2391,9_epo,69.0,74.08673204928876,linear
2392,9_epo,70.0,74.03983429198998,linear
2393,9_epo,71.0,73.99293653469118,linear
2394,9_epo,72.0,73.9460387773924,linear
2395,9_epo,73.0,73.89914102009362,linear
2396,9_epo,74.0,73.85224326279484,linear
2397,9_epo,75.0,73.80534550549605,linear
2398,9_epo,76.0,73.75844774819727,linear
2399,9_epo,77.0,73.71154999089849,linear
2400,9_epo,78.0,73.66465223359971,linear
2401,9_epo,79.0,73.61775447630092,linear
2402,9_epo,80.0,73.57085671900214,linear
2403,9_epo,81.0,73.52395896170336,linear
2404,9_epo,82.0,73.47706120440458,linear
2405,9_epo,83.0,73.43016344710578,linear
2406,9_epo,84.0,73.383265689807,linear
2407,9_epo,85.0,73.33636793250822,linear
2408,9_epo,86.0,73.28947017520944,linear
2409,9_epo,87.0,73.24257241791065,linear
2410,9_epo,88.0,73.19567466061189,linear
2411,9_epo,89.0,73.1487769033131,linear
2412,9_epo,90.0,73.10187914601433,linear
2413,9_epo,91.0,73.05498138871553,linear
2414,9_epo,92.0,73.00808363141675,linear
2415,9_epo,93.0,72.96118587411797,linear
2416,9_epo,94.0,72.9142881168192,linear
2417,9_epo,95.0,72.8673903595204,linear
