,participant,contrast,mrt,name
0,0_epo,3.0,14.429857146005867,fechner
1,0_epo,4.0,14.429857146005867,fechner
2,0_epo,5.0,14.429857146005867,fechner
3,0_epo,6.0,14.429857146005867,fechner
4,0_epo,7.000000000000001,14.429857146005867,fechner
5,0_epo,8.0,14.429857146005867,fechner
6,0_epo,9.0,14.429857146005867,fechner
7,0_epo,10.0,14.429857146005867,fechner
8,0_epo,11.0,14.429857146005867,fechner
9,0_epo,12.0,14.429857146005867,fechner
10,0_epo,13.0,14.429857146005867,fechner
11,0_epo,14.000000000000002,14.429857146005867,fechner
12,0_epo,15.0,14.429857146005867,fechner
13,0_epo,16.0,14.429857146005867,fechner
14,0_epo,17.0,14.429857146005867,fechner
15,0_epo,18.0,14.429857146005867,fechner
16,0_epo,19.0,14.429857146005867,fechner
17,0_epo,20.0,14.429857146005867,fechner
18,0_epo,21.0,14.429857146005867,fechner
19,0_epo,22.0,14.429857146005867,fechner
20,0_epo,23.0,14.429857146005867,fechner
21,0_epo,24.0,14.429857146005867,fechner
22,0_epo,25.0,14.429857146005867,fechner
23,0_epo,26.0,14.429857146005867,fechner
24,0_epo,27.0,14.429857146005867,fechner
25,0_epo,28.000000000000004,14.429857146005867,fechner
26,0_epo,28.999999999999996,14.429857146005867,fechner
27,0_epo,30.0,14.429857146005867,fechner
28,0_epo,31.0,14.429857146005867,fechner
29,0_epo,32.0,14.429857146005867,fechner
30,0_epo,33.0,14.429857146005867,fechner
31,0_epo,34.0,14.429857146005867,fechner
32,0_epo,35.0,14.429857146005867,fechner
33,0_epo,36.0,14.429857146005867,fechner
34,0_epo,37.0,14.429857146005867,fechner
35,0_epo,38.0,14.429857146005867,fechner
36,0_epo,39.0,14.429857146005867,fechner
37,0_epo,40.0,14.429857146005867,fechner
38,0_epo,41.0,14.429857146005867,fechner
39,0_epo,42.0,14.429857146005867,fechner
40,0_epo,43.0,14.429857146005867,fechner
41,0_epo,44.0,14.429857146005867,fechner
42,0_epo,45.0,14.429857146005867,fechner
43,0_epo,46.0,14.429857146005867,fechner
44,0_epo,47.0,14.429857146005867,fechner
45,0_epo,48.0,14.429857146005867,fechner
46,0_epo,49.0,14.429857146005867,fechner
47,0_epo,50.0,14.429857146005867,fechner
48,0_epo,51.0,14.429857146005867,fechner
49,0_epo,52.0,14.429857146005867,fechner
50,0_epo,53.0,14.429857146005867,fechner
51,0_epo,54.0,14.429857146005867,fechner
52,0_epo,55.00000000000001,14.429857146005867,fechner
53,0_epo,56.00000000000001,14.429857146005867,fechner
54,0_epo,56.99999999999999,14.429857146005867,fechner
55,0_epo,57.99999999999999,14.429857146005867,fechner
56,0_epo,59.0,14.429857146005867,fechner
57,0_epo,60.0,14.429857146005867,fechner
58,0_epo,61.0,14.429857146005867,fechner
59,0_epo,62.0,14.429857146005867,fechner
60,0_epo,63.0,14.429857146005867,fechner
61,0_epo,64.0,14.429857146005867,fechner
62,0_epo,65.0,14.429857146005867,fechner
63,0_epo,66.0,14.429857146005867,fechner
64,0_epo,67.0,14.429857146005867,fechner
65,0_epo,68.0,14.429857146005867,fechner
66,0_epo,69.0,14.429857146005867,fechner
67,0_epo,70.0,14.429857146005867,fechner
68,0_epo,71.0,14.429857146005867,fechner
69,0_epo,72.0,14.429857146005867,fechner
70,0_epo,73.0,14.429857146005867,fechner
71,0_epo,74.0,14.429857146005867,fechner
72,0_epo,75.0,14.429857146005867,fechner
73,0_epo,76.0,14.429857146005867,fechner
74,0_epo,77.0,14.429857146005867,fechner
75,0_epo,78.0,14.429857146005867,fechner
76,0_epo,79.0,14.429857146005867,fechner
77,0_epo,80.0,14.429857146005867,fechner
78,0_epo,81.0,14.429857146005867,fechner
79,0_epo,82.0,14.429857146005867,fechner
80,0_epo,83.0,14.429857146005867,fechner
81,0_epo,84.0,14.429857146005867,fechner
82,0_epo,85.0,14.429857146005867,fechner
83,0_epo,86.0,14.429857146005867,fechner
84,0_epo,87.0,14.429857146005867,fechner
85,0_epo,88.0,14.429857146005867,fechner
86,0_epo,89.0,14.429857146005867,fechner
87,0_epo,90.0,14.429857146005867,fechner
88,0_epo,91.0,14.429857146005867,fechner
89,0_epo,92.0,14.429857146005867,fechner
90,0_epo,93.0,14.429857146005867,fechner
91,0_epo,94.0,14.429857146005867,fechner
92,0_epo,95.0,14.429857146005867,fechner
93,10_epo,3.0,10.84481978809647,fechner
94,10_epo,4.0,11.770105456173045,fechner
95,10_epo,5.0,12.300349422720076,fechner
96,10_epo,6.0,12.633951396265653,fechner
97,10_epo,7.000000000000001,12.854936798589655,fechner
98,10_epo,8.0,13.007608865445098,fechner
99,10_epo,9.0,13.116903980521705,fechner
100,10_epo,10.0,13.197545182291167,fechner
101,10_epo,11.0,13.258596128250327,fechner
102,10_epo,12.0,13.305847234952779,fechner
103,10_epo,13.0,13.34312114119663,fechner
104,10_epo,14.000000000000002,13.373015635187453,fechner
105,10_epo,15.0,13.397341957084194,fechner
106,10_epo,16.0,13.417391982843801,fechner
107,10_epo,17.0,13.434105986106712,fechner
108,10_epo,18.0,13.448180825361266,fechner
109,10_epo,19.0,13.460141416168643,fechner
110,10_epo,20.0,13.470388990699169,fechner
111,10_epo,21.0,13.479234335694262,fechner
112,10_epo,22.0,13.486921101054063,fechner
113,10_epo,23.0,13.493642416511506,fechner
114,10_epo,24.0,13.49955291745054,fechner
115,10_epo,25.0,13.504777569453056,fechner
116,10_epo,26.0,13.509418226762877,fechner
117,10_epo,27.0,13.513558564254751,fechner
118,10_epo,28.000000000000004,13.517267826893143,fechner
119,10_epo,28.999999999999996,13.520603709169372,fechner
120,10_epo,30.0,13.523614587297546,fechner
121,10_epo,31.0,13.526341264906101,fechner
122,10_epo,32.0,13.52881834949993,fechner
123,10_epo,33.0,13.531075346156628,fechner
124,10_epo,34.0,13.533137532831578,fechner
125,10_epo,35.0,13.53502666564368,fechner
126,10_epo,36.0,13.536761550804668,fechner
127,10_epo,37.0,13.538358511207765,fechner
128,10_epo,38.0,13.539831769249341,fechner
129,10_epo,39.0,13.541193762617446,fechner
130,10_epo,40.0,13.54245540611703,fechner
131,10_epo,41.0,13.543626309806543,fechner
132,10_epo,42.0,13.54471496157357,fechner
133,10_epo,43.0,13.545728880616657,fechner
134,10_epo,44.0,13.54667474700822,fechner
135,10_epo,45.0,13.547558511501462,fechner
136,10_epo,46.0,13.548385488947348,fechner
137,10_epo,47.0,13.549160438056484,fechner
138,10_epo,48.0,13.549887629738386,fechner
139,10_epo,49.0,13.550570905848518,fechner
140,10_epo,50.0,13.551213729850339,fechner
141,10_epo,51.0,13.551819230638436,fechner
142,10_epo,52.0,13.552390240557086,fechner
143,10_epo,53.0,13.55292932847592,fechner
144,10_epo,54.0,13.553438828643255,fechner
145,10_epo,55.00000000000001,13.55392086592163,fechner
146,10_epo,56.00000000000001,13.554377377914502,fechner
147,10_epo,56.99999999999999,13.554810134413968,fechner
148,10_epo,57.99999999999999,13.555220754533668,fechner
149,10_epo,59.0,13.555610721836288,fechner
150,10_epo,60.0,13.555981397719398,fechner
151,10_epo,61.0,13.556334033284907,fechner
152,10_epo,62.0,13.556669779885288,fechner
153,10_epo,63.0,13.556989698512353,fechner
154,10_epo,64.0,13.557294768171515,fechner
155,10_epo,65.0,13.557585893364806,fechner
156,10_epo,66.0,13.557863910789406,fechner
157,10_epo,67.0,13.558129595344228,fechner
158,10_epo,68.0,13.558383665525024,fechner
159,10_epo,69.0,13.558626788278126,fechner
160,10_epo,70.0,13.55885958337395,fechner
161,10_epo,71.0,13.559082627353856,fechner
162,10_epo,72.0,13.559296457097188,fechner
163,10_epo,73.0,13.559501573049747,fechner
164,10_epo,74.0,13.559698442149864,fechner
165,10_epo,75.0,13.55988750048403,fechner
166,10_epo,76.0,13.560069155700283,fechner
167,10_epo,77.0,13.56024378920424,fechner
168,10_epo,78.0,13.560411758159866,fechner
169,10_epo,79.0,13.560573397314583,fechner
170,10_epo,80.0,13.560729020666098,fechner
171,10_epo,81.0,13.560878922986436,fechner
172,10_epo,82.0,13.561023381217039,fechner
173,10_epo,83.0,13.561162655747154,fechner
174,10_epo,84.0,13.561296991586625,fechner
175,10_epo,85.0,13.561426619442871,fechner
176,10_epo,86.0,13.561551756710939,fechner
177,10_epo,87.0,13.561672608384503,fechner
178,10_epo,88.0,13.561789367895011,fechner
179,10_epo,89.0,13.561902217885297,fechner
180,10_epo,90.0,13.562011330923541,fechner
181,10_epo,91.0,13.562116870162656,fechner
182,10_epo,92.0,13.562218989949946,fechner
183,10_epo,93.0,13.562317836391166,fechner
184,10_epo,94.0,13.562413547872898,fechner
185,10_epo,95.0,13.562506255546724,fechner
186,11_epo,3.0,9.399662157728798,fechner
187,11_epo,4.0,11.526956292299436,fechner
188,11_epo,5.0,12.307563686251521,fechner
189,11_epo,6.0,12.698488314835426,fechner
190,11_epo,7.000000000000001,12.924848785151754,fechner
191,11_epo,8.0,13.068345808869978,fechner
192,11_epo,9.0,13.165258813974376,fechner
193,11_epo,10.0,13.233874565290403,fechner
194,11_epo,11.0,13.284273445894948,fechner
195,11_epo,12.0,13.322399715867206,fechner
196,11_epo,13.0,13.351949358914812,fechner
197,11_epo,14.000000000000002,13.375321202989493,fechner
198,11_epo,15.0,13.394128526160314,fechner
199,11_epo,16.0,13.409489334438033,fechner
200,11_epo,17.0,13.42219855410355,fechner
201,11_epo,18.0,13.432834104409686,fechner
202,11_epo,19.0,13.441824396049341,fechner
203,11_epo,20.0,13.449492514397237,fechner
204,11_epo,21.0,13.456085868520823,fechner
205,11_epo,22.0,13.461796530084657,fechner
206,11_epo,23.0,13.466775462759065,fechner
207,11_epo,24.0,13.471142654895306,fechner
208,11_epo,25.0,13.474994451186406,fechner
209,11_epo,26.0,13.47840893520986,fechner
210,11_epo,27.0,13.481449933756116,fechner
211,11_epo,28.000000000000004,13.484170032257063,fechner
212,11_epo,28.999999999999996,13.486612871060876,fechner
213,11_epo,30.0,13.488814912208923,fechner
214,11_epo,31.0,13.490806811870867,fechner
215,11_epo,32.0,13.492614495965086,fechner
216,11_epo,33.0,13.494260010158763,fechner
217,11_epo,34.0,13.495762196782085,fechner
218,11_epo,35.0,13.497137237813682,fechner
219,11_epo,36.0,13.498399093399124,fechner
220,11_epo,37.0,13.49955985826576,fechner
221,11_epo,38.0,13.500630053150095,fechner
222,11_epo,39.0,13.50161886444043,fechner
223,11_epo,40.0,13.502534342293723,fechner
224,11_epo,41.0,13.503383565253989,fechner
225,11_epo,42.0,13.504172777694356,fechner
226,11_epo,43.0,13.504907505093398,fechner
227,11_epo,44.0,13.505592651140075,fechner
228,11_epo,45.0,13.506232579869534,fechner
229,11_epo,46.0,13.506831185410785,fechner
230,11_epo,47.0,13.50739195143695,fechner
231,11_epo,48.0,13.50791800202007,fechner
232,11_epo,49.0,13.508412145282263,fechner
233,11_epo,50.0,13.508876910986471,fechner
234,11_epo,51.0,13.509314583009965,fechner
235,11_epo,52.0,13.509727227481566,fechner
236,11_epo,53.0,13.510116717232128,fechner
237,11_epo,54.0,13.510484753100336,fechner
238,11_epo,55.00000000000001,13.510832882547659,fechner
239,11_epo,56.00000000000001,13.511162515964163,fechner
240,11_epo,56.99999999999999,13.511474940986785,fechner
241,11_epo,57.99999999999999,13.511771335102303,fechner
242,11_epo,59.0,13.512052776765927,fechner
243,11_epo,60.0,13.512320255231973,fechner
244,11_epo,61.0,13.512574679264457,fechner
245,11_epo,62.0,13.512816884871055,fechner
246,11_epo,63.0,13.513047642183691,fechner
247,11_epo,64.0,13.513267661591625,fechner
248,11_epo,65.0,13.51347759921852,fechner
249,11_epo,66.0,13.513678061822441,fechner
250,11_epo,67.0,13.513869611187253,fechner
251,11_epo,68.0,13.514052768064882,fechner
252,11_epo,69.0,13.5142280157202,fechner
253,11_epo,70.0,13.51439580312362,fechner
254,11_epo,71.0,13.514556547830912,fechner
255,11_epo,72.0,13.51471063858477,fechner
256,11_epo,73.0,13.514858437668371,fechner
257,11_epo,74.0,13.515000283037699,fechner
258,11_epo,75.0,13.515136490256003,fechner
259,11_epo,76.0,13.515267354251105,fechner
260,11_epo,77.0,13.515393150913921,fechner
261,11_epo,78.0,13.51551413855432,fechner
262,11_epo,79.0,13.515630559228729,fechner
263,11_epo,80.0,13.515742639952183,fechner
264,11_epo,81.0,13.515850593806288,fechner
265,11_epo,82.0,13.515954620953037,fechner
266,11_epo,83.0,13.516054909563634,fechner
267,11_epo,84.0,13.516151636670326,fechner
268,11_epo,85.0,13.516244968948458,fechner
269,11_epo,86.0,13.516335063435177,fechner
270,11_epo,87.0,13.516422068190662,fechner
271,11_epo,88.0,13.516506122906977,fechner
272,11_epo,89.0,13.516587359469318,fechner
273,11_epo,90.0,13.516665902473799,fechner
274,11_epo,91.0,13.516741869705632,fechner
275,11_epo,92.0,13.51681537258108,fechner
276,11_epo,93.0,13.516886516556337,fechner
277,11_epo,94.0,13.516955401506074,fechner
278,11_epo,95.0,13.517022122074248,fechner
279,12_epo,3.0,11.667673615124958,fechner
280,12_epo,4.0,12.941866004963279,fechner
281,12_epo,5.0,13.33491387255943,fechner
282,12_epo,6.0,13.519266546776313,fechner
283,12_epo,7.000000000000001,13.622479796139173,fechner
284,12_epo,8.0,13.686620136798485,fechner
285,12_epo,9.0,13.72938570292285,fechner
286,12_epo,10.0,13.75939917950922,fechner
287,12_epo,11.0,13.781305870604859,fechner
288,12_epo,12.0,13.797800779413341,fechner
289,12_epo,13.0,13.810539584631213,fechner
290,12_epo,14.000000000000002,13.820587126437744,fechner
291,12_epo,15.0,13.828654475817117,fechner
292,12_epo,16.0,13.835231638778616,fechner
293,12_epo,17.0,13.84066543879627,fechner
294,12_epo,18.0,13.845207081770258,fechner
295,12_epo,19.0,13.849042211022523,fechner
296,12_epo,20.0,13.85231046617735,fechner
297,12_epo,21.0,13.855118543989661,fechner
298,12_epo,22.0,13.857549120877188,fechner
299,12_epo,23.0,13.859667073197633,fechner
300,12_epo,24.0,13.86152389318479,fechner
301,12_epo,25.0,13.863160875730658,fechner
302,12_epo,26.0,13.864611452566498,fechner
303,12_epo,27.0,13.865902925251879,fechner
304,12_epo,28.000000000000004,13.867057767852913,fechner
305,12_epo,28.999999999999996,13.868094617366824,fechner
306,12_epo,30.0,13.869029034684896,fechner
307,12_epo,31.0,13.869874094959558,fechner
308,12_epo,32.0,13.870640849765744,fechner
309,12_epo,33.0,13.871338691943976,fechner
310,12_epo,34.0,13.87197564587943,fechner
311,12_epo,35.0,13.872558600151523,fechner
312,12_epo,36.0,13.873093495278171,fechner
313,12_epo,37.0,13.873585476201185,fechner
314,12_epo,38.0,13.874039016887455,fechner
315,12_epo,39.0,13.874458022728483,fechner
316,12_epo,40.0,13.874845915149724,fechner
317,12_epo,41.0,13.875205701878313,fechner
318,12_epo,42.0,13.875540035583215,fechner
319,12_epo,43.0,13.87585126303706,fechner
320,12_epo,44.0,13.876141466511767,fechner
321,12_epo,45.0,13.876412498779898,fechner
322,12_epo,46.0,13.876666012826542,fechner
323,12_epo,47.0,13.87690348716644,fechner
324,12_epo,48.0,13.877126247494074,fechner
325,12_epo,49.0,13.87733548526183,fechner
326,12_epo,50.0,13.877532273674477,fechner
327,12_epo,51.0,13.877717581502926,fechner
328,12_epo,52.0,13.87789228505055,fechner
329,12_epo,53.0,13.878057178549337,fechner
330,12_epo,54.0,13.87821298321704,fechner
331,12_epo,55.00000000000001,13.878360355168901,fechner
332,12_epo,56.00000000000001,13.878499892346667,fechner
333,12_epo,56.99999999999999,13.878632140601947,fechner
334,12_epo,57.99999999999999,13.878757599049907,fechner
335,12_epo,59.0,13.878876724791672,fechner
336,12_epo,60.0,13.878989937089083,fechner
337,12_epo,61.0,13.879097621063288,fechner
338,12_epo,62.0,13.87920013097817,fechner
339,12_epo,63.0,13.879297793161154,fechner
340,12_epo,64.0,13.879390908606346,fechner
341,12_epo,65.0,13.879479755298988,fechner
342,12_epo,66.0,13.87956459029475,fechner
343,12_epo,67.0,13.879645651583033,fechner
344,12_epo,68.0,13.879723159759518,fechner
345,12_epo,69.0,13.879797319529974,fechner
346,12_epo,70.0,13.879868321064505,fechner
347,12_epo,71.0,13.87993634121902,fechner
348,12_epo,72.0,13.880001544638555,fechner
349,12_epo,73.0,13.880064084755402,fechner
350,12_epo,74.0,13.880124104693266,fechner
351,12_epo,75.0,13.880181738087522,fechner
352,12_epo,76.0,13.880237109830274,fechner
353,12_epo,77.0,13.880290336748063,fechner
354,12_epo,78.0,13.880341528219036,fechner
355,12_epo,79.0,13.8803907867357,fechner
356,12_epo,80.0,13.880438208418711,fechner
357,12_epo,81.0,13.880483883486464,fechner
358,12_epo,82.0,13.88052789668477,fechner
359,12_epo,83.0,13.880570327680505,fechner
360,12_epo,84.0,13.880611251422593,fechner
361,12_epo,85.0,13.880650738473417,fechner
362,12_epo,86.0,13.88068885531336,fechner
363,12_epo,87.0,13.880725664620963,fechner
364,12_epo,88.0,13.880761225530934,fechner
365,12_epo,89.0,13.880795593871893,fechner
366,12_epo,90.0,13.880828822385785,fechner
367,12_epo,91.0,13.88086096093042,fechner
368,12_epo,92.0,13.880892056666728,fechner
369,12_epo,93.0,13.88092215423195,fechner
370,12_epo,94.0,13.880951295900008,fechner
371,12_epo,95.0,13.880979521730062,fechner
372,13_epo,3.0,9.709225922583917,fechner
373,13_epo,4.0,10.678427549528768,fechner
374,13_epo,5.0,10.973266900612494,fechner
375,13_epo,6.0,11.110892845833488,fechner
376,13_epo,7.000000000000001,11.187760989241426,fechner
377,13_epo,8.0,11.235463052428647,fechner
378,13_epo,9.0,11.267240110652962,fechner
379,13_epo,10.0,11.289528193843294,fechner
380,13_epo,11.0,11.305789130451126,fechner
381,13_epo,12.0,11.318029088034846,fechner
382,13_epo,13.0,11.327479550214616,fechner
383,13_epo,14.000000000000002,11.334932047598805,fechner
384,13_epo,15.0,11.340914887997581,fechner
385,13_epo,16.0,11.345791994473442,fechner
386,13_epo,17.0,11.349820870327639,fechner
387,13_epo,18.0,11.353187979364415,fechner
388,13_epo,19.0,11.35603109109431,fechner
389,13_epo,20.0,11.358453816593823,fechner
390,13_epo,21.0,11.360535311911462,fechner
391,13_epo,22.0,11.362336905118951,fechner
392,13_epo,23.0,11.363906715208964,fechner
393,13_epo,24.0,11.365282930496871,fechner
394,13_epo,25.0,11.366496174073962,fechner
395,13_epo,26.0,11.367571236130845,fechner
396,13_epo,27.0,11.368528359927629,fechner
397,13_epo,28.000000000000004,11.36938420833383,fechner
398,13_epo,28.999999999999996,11.370152598608778,fechner
399,13_epo,30.0,11.370845066894038,fechner
400,13_epo,31.0,11.371471306118172,fechner
401,13_epo,32.0,11.372039508778451,fechner
402,13_epo,33.0,11.372556637523623,fechner
403,13_epo,34.0,11.37302864042331,fechner
404,13_epo,35.0,11.373460623489875,fechner
405,13_epo,36.0,11.373856989893389,fechner
406,13_epo,37.0,11.374221553026294,fechner
407,13_epo,38.0,11.374557628888462,fechner
408,13_epo,39.0,11.374868112007942,fechner
409,13_epo,40.0,11.375155538169395,fechner
410,13_epo,41.0,11.375422136508103,fechner
411,13_epo,42.0,11.37566987298228,fechner
412,13_epo,43.0,11.375900486817692,fechner
413,13_epo,44.0,11.376115521194215,fechner
414,13_epo,45.0,11.376316349191661,fechner
415,13_epo,46.0,11.376504195814084,fechner
416,13_epo,47.0,11.376680156756048,fechner
417,13_epo,48.0,11.376845214450373,fechner
418,13_epo,49.0,11.377000251838579,fechner
419,13_epo,50.0,11.377146064226071,fechner
420,13_epo,51.0,11.377283369520786,fechner
421,13_epo,52.0,11.377412817102424,fechner
422,13_epo,53.0,11.377534995527718,fechner
423,13_epo,54.0,11.377650439243238,fechner
424,13_epo,55.00000000000001,11.377759634449179,fechner
425,13_epo,56.00000000000001,11.377863024234696,fechner
426,13_epo,56.99999999999999,11.377961013086498,fechner
427,13_epo,57.99999999999999,11.378053970856579,fechner
428,13_epo,59.0,11.378142236262072,fechner
429,13_epo,60.0,11.378226119979185,fechner
430,13_epo,61.0,11.378305907384235,fechner
431,13_epo,62.0,11.378381860986972,fechner
432,13_epo,63.0,11.37845422259516,fechner
433,13_epo,64.0,11.37852321524371,fechner
434,13_epo,65.0,11.378589044917279,fechner
435,13_epo,66.0,11.378651902091168,fechner
436,13_epo,67.0,11.378711963112158,fechner
437,13_epo,68.0,11.378769391437963,fechner
438,13_epo,69.0,11.378824338751638,fechner
439,13_epo,70.0,11.378876945965148,fechner
440,13_epo,71.0,11.378927344124516,fechner
441,13_epo,72.0,11.37897565522746,fechner
442,13_epo,73.0,11.379021992963022,fechner
443,13_epo,74.0,11.379066463381596,fechner
444,13_epo,75.0,11.379109165502735,fechner
445,13_epo,76.0,11.379150191867302,fechner
446,13_epo,77.0,11.379189629039631,fechner
447,13_epo,78.0,11.37922755806488,fechner
448,13_epo,79.0,11.379264054886036,fechner
449,13_epo,80.0,11.379299190724655,fechner
450,13_epo,81.0,11.379333032428795,fechner
451,13_epo,82.0,11.37936564279146,fechner
452,13_epo,83.0,11.379397080842251,fechner
453,13_epo,84.0,11.379427402114896,fechner
454,13_epo,85.0,11.379456658892797,fechner
455,13_epo,86.0,11.379484900434699,fechner
456,13_epo,87.0,11.3795121731823,fechner
457,13_epo,88.0,11.379538520951415,fechner
458,13_epo,89.0,11.37956398510817,fechner
459,13_epo,90.0,11.37958860473155,fechner
460,13_epo,91.0,11.379612416763507,fechner
461,13_epo,92.0,11.379635456147698,fechner
462,13_epo,93.0,11.379657755957828,fechner
463,13_epo,94.0,11.37967934751645,fechner
464,13_epo,95.0,11.379700260505112,fechner
465,14_epo,3.0,13.082601998525572,fechner
466,14_epo,4.0,13.082601998525574,fechner
467,14_epo,5.0,13.082601998525574,fechner
468,14_epo,6.0,13.082601998525575,fechner
469,14_epo,7.000000000000001,13.082601998525575,fechner
470,14_epo,8.0,13.082601998525575,fechner
471,14_epo,9.0,13.082601998525575,fechner
472,14_epo,10.0,13.082601998525575,fechner
473,14_epo,11.0,13.082601998525575,fechner
474,14_epo,12.0,13.082601998525575,fechner
475,14_epo,13.0,13.082601998525575,fechner
476,14_epo,14.000000000000002,13.082601998525575,fechner
477,14_epo,15.0,13.082601998525575,fechner
478,14_epo,16.0,13.082601998525575,fechner
479,14_epo,17.0,13.082601998525575,fechner
480,14_epo,18.0,13.082601998525575,fechner
481,14_epo,19.0,13.082601998525575,fechner
482,14_epo,20.0,13.082601998525575,fechner
483,14_epo,21.0,13.082601998525575,fechner
484,14_epo,22.0,13.082601998525575,fechner
485,14_epo,23.0,13.082601998525575,fechner
486,14_epo,24.0,13.082601998525575,fechner
487,14_epo,25.0,13.082601998525575,fechner
488,14_epo,26.0,13.082601998525575,fechner
489,14_epo,27.0,13.082601998525575,fechner
490,14_epo,28.000000000000004,13.082601998525575,fechner
491,14_epo,28.999999999999996,13.082601998525575,fechner
492,14_epo,30.0,13.082601998525575,fechner
493,14_epo,31.0,13.082601998525575,fechner
494,14_epo,32.0,13.082601998525575,fechner
495,14_epo,33.0,13.082601998525575,fechner
496,14_epo,34.0,13.082601998525575,fechner
497,14_epo,35.0,13.082601998525575,fechner
498,14_epo,36.0,13.082601998525575,fechner
499,14_epo,37.0,13.082601998525575,fechner
500,14_epo,38.0,13.082601998525575,fechner
501,14_epo,39.0,13.082601998525575,fechner
502,14_epo,40.0,13.082601998525575,fechner
503,14_epo,41.0,13.082601998525575,fechner
504,14_epo,42.0,13.082601998525575,fechner
505,14_epo,43.0,13.082601998525575,fechner
506,14_epo,44.0,13.082601998525575,fechner
507,14_epo,45.0,13.082601998525575,fechner
508,14_epo,46.0,13.082601998525575,fechner
509,14_epo,47.0,13.082601998525575,fechner
510,14_epo,48.0,13.082601998525575,fechner
511,14_epo,49.0,13.082601998525575,fechner
512,14_epo,50.0,13.082601998525575,fechner
513,14_epo,51.0,13.082601998525575,fechner
514,14_epo,52.0,13.082601998525575,fechner
515,14_epo,53.0,13.082601998525575,fechner
516,14_epo,54.0,13.082601998525575,fechner
517,14_epo,55.00000000000001,13.082601998525575,fechner
518,14_epo,56.00000000000001,13.082601998525575,fechner
519,14_epo,56.99999999999999,13.082601998525575,fechner
520,14_epo,57.99999999999999,13.082601998525575,fechner
521,14_epo,59.0,13.082601998525575,fechner
522,14_epo,60.0,13.082601998525575,fechner
523,14_epo,61.0,13.082601998525575,fechner
524,14_epo,62.0,13.082601998525575,fechner
525,14_epo,63.0,13.082601998525575,fechner
526,14_epo,64.0,13.082601998525575,fechner
527,14_epo,65.0,13.082601998525575,fechner
528,14_epo,66.0,13.082601998525575,fechner
529,14_epo,67.0,13.082601998525575,fechner
530,14_epo,68.0,13.082601998525575,fechner
531,14_epo,69.0,13.082601998525575,fechner
532,14_epo,70.0,13.082601998525575,fechner
533,14_epo,71.0,13.082601998525575,fechner
534,14_epo,72.0,13.082601998525575,fechner
535,14_epo,73.0,13.082601998525575,fechner
536,14_epo,74.0,13.082601998525575,fechner
537,14_epo,75.0,13.082601998525575,fechner
538,14_epo,76.0,13.082601998525575,fechner
539,14_epo,77.0,13.082601998525575,fechner
540,14_epo,78.0,13.082601998525575,fechner
541,14_epo,79.0,13.082601998525575,fechner
542,14_epo,80.0,13.082601998525575,fechner
543,14_epo,81.0,13.082601998525575,fechner
544,14_epo,82.0,13.082601998525575,fechner
545,14_epo,83.0,13.082601998525575,fechner
546,14_epo,84.0,13.082601998525575,fechner
547,14_epo,85.0,13.082601998525575,fechner
548,14_epo,86.0,13.082601998525575,fechner
549,14_epo,87.0,13.082601998525575,fechner
550,14_epo,88.0,13.082601998525575,fechner
551,14_epo,89.0,13.082601998525575,fechner
552,14_epo,90.0,13.082601998525575,fechner
553,14_epo,91.0,13.082601998525575,fechner
554,14_epo,92.0,13.082601998525575,fechner
555,14_epo,93.0,13.082601998525575,fechner
556,14_epo,94.0,13.082601998525575,fechner
557,14_epo,95.0,13.082601998525575,fechner
558,15_epo,3.0,13.487732844666414,fechner
559,15_epo,4.0,13.499549002447736,fechner
560,15_epo,5.0,13.502983008245403,fechner
561,15_epo,6.0,13.504561470703706,fechner
562,15_epo,7.000000000000001,13.505436422597766,fechner
563,15_epo,8.0,13.505977009826962,fechner
564,15_epo,9.0,13.506336118685551,fechner
565,15_epo,10.0,13.506587514868318,fechner
566,15_epo,11.0,13.506770679932275,fechner
567,15_epo,12.0,13.506908414146533,fechner
568,15_epo,13.0,13.507014677597747,fechner
569,15_epo,14.000000000000002,13.507098425664166,fechner
570,15_epo,15.0,13.507165626615025,fechner
571,15_epo,16.0,13.507220386761201,fechner
572,15_epo,17.0,13.507265608830375,fechner
573,15_epo,18.0,13.507303393092815,fechner
574,15_epo,19.0,13.507335290325768,fechner
575,15_epo,20.0,13.507362466168031,fechner
576,15_epo,21.0,13.507385810721802,fechner
577,15_epo,22.0,13.50740601334122,fechner
578,15_epo,23.0,13.507423614719384,fechner
579,15_epo,24.0,13.507439043834962,fechner
580,15_epo,25.0,13.507452644595313,fechner
581,15_epo,26.0,13.507464695338905,fechner
582,15_epo,27.0,13.507475423306541,fechner
583,15_epo,28.000000000000004,13.507485015513872,fechner
584,15_epo,28.999999999999996,13.507493627014108,fechner
585,15_epo,30.0,13.507501387243938,fechner
586,15_epo,31.0,13.50750840494503,fechner
587,15_epo,32.0,13.507514772015572,fechner
588,15_epo,33.0,13.507520566549886,fechner
589,15_epo,34.0,13.507525855256239,fechner
590,15_epo,35.0,13.507530695394141,fechner
591,15_epo,36.0,13.507535136337424,fechner
592,15_epo,37.0,13.50753922084347,fechner
593,15_epo,38.0,13.50754298609021,fechner
594,15_epo,39.0,13.507546464528163,fechner
595,15_epo,40.0,13.50754968458437,fechner
596,15_epo,41.0,13.507552671246907,fechner
597,15_epo,42.0,13.507555446552631,fechner
598,15_epo,43.0,13.507558029996021,fechner
599,15_epo,44.0,13.507560438873405,fechner
600,15_epo,45.0,13.507562688573993,fechner
601,15_epo,46.0,13.507564792826882,fechner
602,15_epo,47.0,13.507566763911537,fechner
603,15_epo,48.0,13.50756861283774,fechner
604,15_epo,49.0,13.50757034950001,fechner
605,15_epo,50.0,13.507571982810544,fechner
606,15_epo,51.0,13.507573520814006,fechner
607,15_epo,52.0,13.507574970786973,fechner
608,15_epo,53.0,13.50757633932432,fechner
609,15_epo,54.0,13.507577632414478,fechner
610,15_epo,55.00000000000001,13.507578855505164,fechner
611,15_epo,56.00000000000001,13.507580013560956,fechner
612,15_epo,56.99999999999999,13.507581111113824,fechner
613,15_epo,57.99999999999999,13.507582152307611,fechner
614,15_epo,59.0,13.50758314093726,fechner
615,15_epo,60.0,13.507584080483491,fechner
616,15_epo,61.0,13.507584974143521,fechner
617,15_epo,62.0,13.507585824858342,fechner
618,15_epo,63.0,13.507586635336978,fechner
619,15_epo,64.0,13.507587408078102,fechner
620,15_epo,65.0,13.507588145389342,fechner
621,15_epo,66.0,13.507588849404554,fechner
622,15_epo,67.0,13.507589522099293,fechner
623,15_epo,68.0,13.507590165304698,fechner
624,15_epo,69.0,13.50759078071999,fechner
625,15_epo,70.0,13.507591369923707,fechner
626,15_epo,71.0,13.507591934383855,fechner
627,15_epo,72.0,13.507592475467067,fechner
628,15_epo,73.0,13.507592994446886,fechner
629,15_epo,74.0,13.507593492511283,fechner
630,15_epo,75.0,13.507593970769456,fechner
631,15_epo,76.0,13.507594430258026,fechner
632,15_epo,77.0,13.507594871946655,fechner
633,15_epo,78.0,13.50759529674318,fechner
634,15_epo,79.0,13.507595705498273,fechner
635,15_epo,80.0,13.50759609900972,fechner
636,15_epo,81.0,13.507596478026311,fechner
637,15_epo,82.0,13.507596843251408,fechner
638,15_epo,83.0,13.507597195346214,fechner
639,15_epo,84.0,13.507597534932772,fechner
640,15_epo,85.0,13.507597862596718,fechner
641,15_epo,86.0,13.507598178889797,fechner
642,15_epo,87.0,13.5075984843322,fechner
643,15_epo,88.0,13.50759877941471,fechner
644,15_epo,89.0,13.507599064600663,fechner
645,15_epo,90.0,13.507599340327777,fechner
646,15_epo,91.0,13.507599607009828,fechner
647,15_epo,92.0,13.507599865038213,fechner
648,15_epo,93.0,13.50760011478338,fechner
649,15_epo,94.0,13.50760035659616,fechner
650,15_epo,95.0,13.507600590809005,fechner
651,16_epo,3.0,13.247587529890955,fechner
652,16_epo,4.0,13.247587529890957,fechner
653,16_epo,5.0,13.247587529890957,fechner
654,16_epo,6.0,13.247587529890957,fechner
655,16_epo,7.000000000000001,13.247587529890957,fechner
656,16_epo,8.0,13.247587529890957,fechner
657,16_epo,9.0,13.247587529890957,fechner
658,16_epo,10.0,13.247587529890957,fechner
659,16_epo,11.0,13.247587529890957,fechner
660,16_epo,12.0,13.247587529890957,fechner
661,16_epo,13.0,13.247587529890957,fechner
662,16_epo,14.000000000000002,13.247587529890957,fechner
663,16_epo,15.0,13.247587529890957,fechner
664,16_epo,16.0,13.247587529890957,fechner
665,16_epo,17.0,13.247587529890957,fechner
666,16_epo,18.0,13.247587529890957,fechner
667,16_epo,19.0,13.247587529890957,fechner
668,16_epo,20.0,13.247587529890957,fechner
669,16_epo,21.0,13.247587529890957,fechner
670,16_epo,22.0,13.247587529890957,fechner
671,16_epo,23.0,13.247587529890957,fechner
672,16_epo,24.0,13.247587529890957,fechner
673,16_epo,25.0,13.247587529890957,fechner
674,16_epo,26.0,13.247587529890957,fechner
675,16_epo,27.0,13.247587529890957,fechner
676,16_epo,28.000000000000004,13.247587529890957,fechner
677,16_epo,28.999999999999996,13.247587529890957,fechner
678,16_epo,30.0,13.247587529890957,fechner
679,16_epo,31.0,13.247587529890957,fechner
680,16_epo,32.0,13.247587529890957,fechner
681,16_epo,33.0,13.247587529890957,fechner
682,16_epo,34.0,13.247587529890957,fechner
683,16_epo,35.0,13.247587529890957,fechner
684,16_epo,36.0,13.247587529890957,fechner
685,16_epo,37.0,13.247587529890957,fechner
686,16_epo,38.0,13.247587529890957,fechner
687,16_epo,39.0,13.247587529890957,fechner
688,16_epo,40.0,13.247587529890957,fechner
689,16_epo,41.0,13.247587529890957,fechner
690,16_epo,42.0,13.247587529890957,fechner
691,16_epo,43.0,13.247587529890957,fechner
692,16_epo,44.0,13.247587529890957,fechner
693,16_epo,45.0,13.247587529890957,fechner
694,16_epo,46.0,13.247587529890957,fechner
695,16_epo,47.0,13.247587529890957,fechner
696,16_epo,48.0,13.247587529890957,fechner
697,16_epo,49.0,13.247587529890957,fechner
698,16_epo,50.0,13.247587529890957,fechner
699,16_epo,51.0,13.247587529890957,fechner
700,16_epo,52.0,13.247587529890957,fechner
701,16_epo,53.0,13.247587529890957,fechner
702,16_epo,54.0,13.247587529890957,fechner
703,16_epo,55.00000000000001,13.247587529890957,fechner
704,16_epo,56.00000000000001,13.247587529890957,fechner
705,16_epo,56.99999999999999,13.247587529890957,fechner
706,16_epo,57.99999999999999,13.247587529890957,fechner
707,16_epo,59.0,13.247587529890957,fechner
708,16_epo,60.0,13.247587529890957,fechner
709,16_epo,61.0,13.247587529890957,fechner
710,16_epo,62.0,13.247587529890957,fechner
711,16_epo,63.0,13.247587529890957,fechner
712,16_epo,64.0,13.247587529890957,fechner
713,16_epo,65.0,13.247587529890957,fechner
714,16_epo,66.0,13.247587529890957,fechner
715,16_epo,67.0,13.247587529890957,fechner
716,16_epo,68.0,13.247587529890957,fechner
717,16_epo,69.0,13.247587529890957,fechner
718,16_epo,70.0,13.247587529890957,fechner
719,16_epo,71.0,13.247587529890957,fechner
720,16_epo,72.0,13.247587529890957,fechner
721,16_epo,73.0,13.247587529890957,fechner
722,16_epo,74.0,13.247587529890957,fechner
723,16_epo,75.0,13.247587529890957,fechner
724,16_epo,76.0,13.247587529890957,fechner
725,16_epo,77.0,13.247587529890957,fechner
726,16_epo,78.0,13.247587529890957,fechner
727,16_epo,79.0,13.247587529890957,fechner
728,16_epo,80.0,13.247587529890957,fechner
729,16_epo,81.0,13.247587529890957,fechner
730,16_epo,82.0,13.247587529890957,fechner
731,16_epo,83.0,13.247587529890957,fechner
732,16_epo,84.0,13.247587529890957,fechner
733,16_epo,85.0,13.247587529890957,fechner
734,16_epo,86.0,13.247587529890957,fechner
735,16_epo,87.0,13.247587529890957,fechner
736,16_epo,88.0,13.247587529890957,fechner
737,16_epo,89.0,13.247587529890957,fechner
738,16_epo,90.0,13.247587529890957,fechner
739,16_epo,91.0,13.247587529890957,fechner
740,16_epo,92.0,13.247587529890957,fechner
741,16_epo,93.0,13.247587529890957,fechner
742,16_epo,94.0,13.247587529890957,fechner
743,16_epo,95.0,13.247587529890957,fechner
744,17_epo,3.0,12.291226053818106,fechner
745,17_epo,4.0,12.64634004241109,fechner
746,17_epo,5.0,12.74451370970598,fechner
747,17_epo,6.0,12.788919053331242,fechner
748,17_epo,7.000000000000001,12.813341179671497,fechner
749,17_epo,8.0,12.828362508482483,fechner
750,17_epo,9.0,12.83831260297082,fechner
751,17_epo,10.0,12.845264739314958,fechner
752,17_epo,11.0,12.850323029385022,fechner
753,17_epo,12.0,12.854122833419153,fechner
754,17_epo,13.0,12.857052158364816,fechner
755,17_epo,14.000000000000002,12.859359421123408,fechner
756,17_epo,15.0,12.861209925438777,fechner
757,17_epo,16.0,12.862717266730339,fechner
758,17_epo,17.0,12.863961666671317,fechner
759,17_epo,18.0,12.865001123381308,fechner
760,17_epo,19.0,12.865878432614245,fechner
761,17_epo,20.0,12.866625743867582,fechner
762,17_epo,21.0,12.867267595520472,fechner
763,17_epo,22.0,12.867822984085668,fechner
764,17_epo,23.0,12.868306804271283,fechner
765,17_epo,24.0,12.868730869790896,fechner
766,17_epo,25.0,12.869104649081555,fechner
767,17_epo,26.0,12.869435803575934,fechner
768,17_epo,27.0,12.86973058693981,fechner
769,17_epo,28.000000000000004,12.869994144913115,fechner
770,17_epo,28.999999999999996,12.870230743101196,fechner
771,17_epo,30.0,12.87044394186961,fechner
772,17_epo,31.0,12.870636731945945,fechner
773,17_epo,32.0,12.870811640514525,fechner
774,17_epo,33.0,12.870970814928247,fechner
775,17_epo,34.0,12.871116089281571,fechner
776,17_epo,35.0,12.871249037744462,fechner
777,17_epo,36.0,12.871371017585748,fechner
778,17_epo,37.0,12.871483204104463,fechner
779,17_epo,38.0,12.87158661916443,fechner
780,17_epo,39.0,12.871682154637703,fechner
781,17_epo,40.0,12.871770591769886,fechner
782,17_epo,41.0,12.87185261725901,fechner
783,17_epo,42.0,12.871928836670655,fechner
784,17_epo,43.0,12.871999785682366,fechner
785,17_epo,44.0,12.872065939549875,fechner
786,17_epo,45.0,12.87212772110965,fechner
787,17_epo,46.0,12.872185507570919,fechner
788,17_epo,47.0,12.872239636302167,fechner
789,17_epo,48.0,12.872290409778733,fechner
790,17_epo,49.0,12.872338099827838,fechner
791,17_epo,50.0,12.872382951282725,fechner
792,17_epo,51.0,12.87242518513826,fechner
793,17_epo,52.0,12.872465001284143,fechner
794,17_epo,53.0,12.872502580879251,fechner
795,17_epo,54.0,12.872538088419953,fechner
796,17_epo,55.00000000000001,12.872571673546679,fechner
797,17_epo,56.00000000000001,12.872603472625928,fechner
798,17_epo,56.99999999999999,12.872633610139134,fechner
799,17_epo,57.99999999999999,12.8726621999048,fechner
800,17_epo,59.0,12.872689346156447,fechner
801,17_epo,60.0,12.872715144495508,fechner
802,17_epo,61.0,12.87273968273545,fechner
803,17_epo,62.0,12.87276304165111,fechner
804,17_epo,63.0,12.87278529564524,fechner
805,17_epo,64.0,12.872806513342505,fechner
806,17_epo,65.0,12.872826758119858,fechner
807,17_epo,66.0,12.872846088580992,fechner
808,17_epo,67.0,12.872864558981421,fechner
809,17_epo,68.0,12.872882219610071,fechner
810,17_epo,69.0,12.872899117132349,fechner
811,17_epo,70.0,12.872915294899064,fechner
812,17_epo,71.0,12.87293079322506,fechner
813,17_epo,72.0,12.87294564964089,fechner
814,17_epo,73.0,12.872959899120467,fechner
815,17_epo,74.0,12.872973574287307,fechner
816,17_epo,75.0,12.872986705601589,fechner
817,17_epo,76.0,12.872999321530092,fechner
818,17_epo,77.0,12.87301144870074,fechner
819,17_epo,78.0,12.87302311204337,fechner
820,17_epo,79.0,12.873034334918042,fechner
821,17_epo,80.0,12.873045139232213,fechner
822,17_epo,81.0,12.873055545547818,fechner
823,17_epo,82.0,12.873065573179252,fechner
824,17_epo,83.0,12.873075240283121,fechner
825,17_epo,84.0,12.873084563940553,fechner
826,17_epo,85.0,12.873093560232771,fechner
827,17_epo,86.0,12.873102244310518,fechner
828,17_epo,87.0,12.873110630457932,fechner
829,17_epo,88.0,12.873118732151385,fechner
830,17_epo,89.0,12.873126562113672,fechner
831,17_epo,90.0,12.873134132364042,fechner
832,17_epo,91.0,12.87314145426436,fechner
833,17_epo,92.0,12.873148538561813,fechner
834,17_epo,93.0,12.873155395428377,fechner
835,17_epo,94.0,12.87316203449739,fechner
836,17_epo,95.0,12.87316846489741,fechner
837,18_epo,3.0,13.199886756265052,fechner
838,18_epo,4.0,13.647660538906543,fechner
839,18_epo,5.0,13.771137691348189,fechner
840,18_epo,6.0,13.82694369640822,fechner
841,18_epo,7.000000000000001,13.857624178482377,fechner
842,18_epo,8.0,13.87649067902498,fechner
843,18_epo,9.0,13.888986063147948,fechner
844,18_epo,10.0,13.89771577025942,fechner
845,18_epo,11.0,13.904066973027694,fechner
846,18_epo,12.0,13.908837781170686,fechner
847,18_epo,13.0,13.912515529214067,fechner
848,18_epo,14.000000000000002,13.915412197548989,fechner
849,18_epo,15.0,13.917735371493693,fechner
850,18_epo,16.0,13.919627693647692,fechner
851,18_epo,17.0,13.92118989418119,fechner
852,18_epo,18.0,13.922494795484148,fechner
853,18_epo,19.0,13.923596130141936,fechner
854,18_epo,20.0,13.924534262651084,fechner
855,18_epo,21.0,13.925340000855822,fechner
856,18_epo,22.0,13.926037194342426,fechner
857,18_epo,23.0,13.926644542682853,fechner
858,18_epo,24.0,13.927176877196032,fechner
859,18_epo,25.0,13.927646084713414,fechner
860,18_epo,26.0,13.928061783415894,fechner
861,18_epo,27.0,13.928431824092835,fechner
862,18_epo,28.000000000000004,13.928762666597997,fechner
863,18_epo,28.999999999999996,13.929059665840754,fechner
864,18_epo,30.0,13.929327291362922,fechner
865,18_epo,31.0,13.929569297581743,fechner
866,18_epo,32.0,13.929788856986226,fechner
867,18_epo,33.0,13.92998866523193,fechner
868,18_epo,34.0,13.930171024718122,fechner
869,18_epo,35.0,13.93033791154389,fechner
870,18_epo,36.0,13.930491029519676,fechner
871,18_epo,37.0,13.930631854019841,fechner
872,18_epo,38.0,13.930761667804525,fechner
873,18_epo,39.0,13.930881590449964,fechner
874,18_epo,40.0,13.930992602659156,fechner
875,18_epo,41.0,13.93109556644664,fechner
876,18_epo,42.0,13.931191241979304,fechner
877,18_epo,43.0,13.93128030169203,fechner
878,18_epo,44.0,13.931363342171103,fechner
879,18_epo,45.0,13.931440894200135,fechner
880,18_epo,46.0,13.931513431286357,fechner
881,18_epo,47.0,13.931581376924552,fechner
882,18_epo,48.0,13.931645110807972,fechner
883,18_epo,49.0,13.931704974157153,fechner
884,18_epo,50.0,13.931761274307137,fechner
885,18_epo,51.0,13.931814288668651,fechner
886,18_epo,52.0,13.931864268159213,fechner
887,18_epo,53.0,13.931911440183656,fechner
888,18_epo,54.0,13.9319560112305,fechner
889,18_epo,55.00000000000001,13.931998169139742,fechner
890,18_epo,56.00000000000001,13.932038085088799,fechner
891,18_epo,56.99999999999999,13.932075915335892,fechner
892,18_epo,57.99999999999999,13.93211180275425,fechner
893,18_epo,59.0,13.932145878185215,fechner
894,18_epo,60.0,13.932178261634434,fechner
895,18_epo,61.0,13.932209063331452,fechner
896,18_epo,62.0,13.932238384670397,fechner
897,18_epo,63.0,13.93226631904663,fechner
898,18_epo,64.0,13.932292952602417,fechner
899,18_epo,65.0,13.93231836489271,fechner
900,18_epo,66.0,13.932342629480685,fechner
901,18_epo,67.0,13.932365814471375,fechner
902,18_epo,68.0,13.932387982990667,fechner
903,18_epo,69.0,13.93240919361593,fechner
904,18_epo,70.0,13.93242950076383,fechner
905,18_epo,71.0,13.932448955040059,fechner
906,18_epo,72.0,13.932467603555285,fechner
907,18_epo,73.0,13.932485490210903,fechner
908,18_epo,74.0,13.932502655957922,fechner
909,18_epo,75.0,13.932519139031795,fechner
910,18_epo,76.0,13.932534975165717,fechner
911,18_epo,77.0,13.932550197784643,fechner
912,18_epo,78.0,13.932564838181959,fechner
913,18_epo,79.0,13.932578925680579,fechner
914,18_epo,80.0,13.932592487780015,fechner
915,18_epo,81.0,13.932605550290795,fechner
916,18_epo,82.0,13.932618137457437,fechner
917,18_epo,83.0,13.932630272071156,fechner
918,18_epo,84.0,13.932641975573155,fechner
919,18_epo,85.0,13.932653268149474,fechner
920,18_epo,86.0,13.932664168818174,fechner
921,18_epo,87.0,13.932674695509508,fechner
922,18_epo,88.0,13.932684865139752,fechner
923,18_epo,89.0,13.932694693679267,fechner
924,18_epo,90.0,13.93270419621526,fechner
925,18_epo,91.0,13.932713387009771,fechner
926,18_epo,92.0,13.932722279553243,fechner
927,18_epo,93.0,13.932730886614095,fechner
928,18_epo,94.0,13.932739220284608,fechner
929,18_epo,95.0,13.932747292023425,fechner
930,19_epo,3.0,12.50420782229983,fechner
931,19_epo,4.0,12.50420782229983,fechner
932,19_epo,5.0,12.50420782229983,fechner
933,19_epo,6.0,12.50420782229983,fechner
934,19_epo,7.000000000000001,12.50420782229983,fechner
935,19_epo,8.0,12.50420782229983,fechner
936,19_epo,9.0,12.50420782229983,fechner
937,19_epo,10.0,12.50420782229983,fechner
938,19_epo,11.0,12.50420782229983,fechner
939,19_epo,12.0,12.50420782229983,fechner
940,19_epo,13.0,12.50420782229983,fechner
941,19_epo,14.000000000000002,12.50420782229983,fechner
942,19_epo,15.0,12.50420782229983,fechner
943,19_epo,16.0,12.50420782229983,fechner
944,19_epo,17.0,12.50420782229983,fechner
945,19_epo,18.0,12.50420782229983,fechner
946,19_epo,19.0,12.50420782229983,fechner
947,19_epo,20.0,12.50420782229983,fechner
948,19_epo,21.0,12.50420782229983,fechner
949,19_epo,22.0,12.50420782229983,fechner
950,19_epo,23.0,12.50420782229983,fechner
951,19_epo,24.0,12.50420782229983,fechner
952,19_epo,25.0,12.50420782229983,fechner
953,19_epo,26.0,12.50420782229983,fechner
954,19_epo,27.0,12.50420782229983,fechner
955,19_epo,28.000000000000004,12.50420782229983,fechner
956,19_epo,28.999999999999996,12.50420782229983,fechner
957,19_epo,30.0,12.50420782229983,fechner
958,19_epo,31.0,12.50420782229983,fechner
959,19_epo,32.0,12.50420782229983,fechner
960,19_epo,33.0,12.50420782229983,fechner
961,19_epo,34.0,12.50420782229983,fechner
962,19_epo,35.0,12.50420782229983,fechner
963,19_epo,36.0,12.50420782229983,fechner
964,19_epo,37.0,12.50420782229983,fechner
965,19_epo,38.0,12.50420782229983,fechner
966,19_epo,39.0,12.50420782229983,fechner
967,19_epo,40.0,12.50420782229983,fechner
968,19_epo,41.0,12.50420782229983,fechner
969,19_epo,42.0,12.50420782229983,fechner
970,19_epo,43.0,12.50420782229983,fechner
971,19_epo,44.0,12.50420782229983,fechner
972,19_epo,45.0,12.50420782229983,fechner
973,19_epo,46.0,12.50420782229983,fechner
974,19_epo,47.0,12.50420782229983,fechner
975,19_epo,48.0,12.50420782229983,fechner
976,19_epo,49.0,12.50420782229983,fechner
977,19_epo,50.0,12.50420782229983,fechner
978,19_epo,51.0,12.50420782229983,fechner
979,19_epo,52.0,12.50420782229983,fechner
980,19_epo,53.0,12.50420782229983,fechner
981,19_epo,54.0,12.50420782229983,fechner
982,19_epo,55.00000000000001,12.50420782229983,fechner
983,19_epo,56.00000000000001,12.50420782229983,fechner
984,19_epo,56.99999999999999,12.50420782229983,fechner
985,19_epo,57.99999999999999,12.50420782229983,fechner
986,19_epo,59.0,12.50420782229983,fechner
987,19_epo,60.0,12.50420782229983,fechner
988,19_epo,61.0,12.50420782229983,fechner
989,19_epo,62.0,12.50420782229983,fechner
990,19_epo,63.0,12.50420782229983,fechner
991,19_epo,64.0,12.50420782229983,fechner
992,19_epo,65.0,12.50420782229983,fechner
993,19_epo,66.0,12.50420782229983,fechner
994,19_epo,67.0,12.50420782229983,fechner
995,19_epo,68.0,12.50420782229983,fechner
996,19_epo,69.0,12.50420782229983,fechner
997,19_epo,70.0,12.50420782229983,fechner
998,19_epo,71.0,12.50420782229983,fechner
999,19_epo,72.0,12.50420782229983,fechner
1000,19_epo,73.0,12.50420782229983,fechner
1001,19_epo,74.0,12.50420782229983,fechner
1002,19_epo,75.0,12.50420782229983,fechner
1003,19_epo,76.0,12.50420782229983,fechner
1004,19_epo,77.0,12.50420782229983,fechner
1005,19_epo,78.0,12.50420782229983,fechner
1006,19_epo,79.0,12.50420782229983,fechner
1007,19_epo,80.0,12.50420782229983,fechner
1008,19_epo,81.0,12.50420782229983,fechner
1009,19_epo,82.0,12.50420782229983,fechner
1010,19_epo,83.0,12.50420782229983,fechner
1011,19_epo,84.0,12.50420782229983,fechner
1012,19_epo,85.0,12.50420782229983,fechner
1013,19_epo,86.0,12.50420782229983,fechner
1014,19_epo,87.0,12.50420782229983,fechner
1015,19_epo,88.0,12.50420782229983,fechner
1016,19_epo,89.0,12.50420782229983,fechner
1017,19_epo,90.0,12.50420782229983,fechner
1018,19_epo,91.0,12.50420782229983,fechner
1019,19_epo,92.0,12.50420782229983,fechner
1020,19_epo,93.0,12.50420782229983,fechner
1021,19_epo,94.0,12.50420782229983,fechner
1022,19_epo,95.0,12.50420782229983,fechner
1023,1_epo,3.0,6.951409580031178,fechner
1024,1_epo,4.0,8.128978873463955,fechner
1025,1_epo,5.0,9.003700944833954,fechner
1026,1_epo,6.0,9.67654260973357,fechner
1027,1_epo,7.000000000000001,10.193337524270651,fechner
1028,1_epo,8.0,10.591415283864832,fechner
1029,1_epo,9.0,10.90043923124421,fechner
1030,1_epo,10.0,11.142869482867395,fechner
1031,1_epo,11.0,11.33528709880156,fechner
1032,1_epo,12.0,11.489827036640198,fechner
1033,1_epo,13.0,11.615378766375587,fechner
1034,1_epo,14.000000000000002,11.71849502103657,fechner
1035,1_epo,15.0,11.804049719862912,fechner
1036,1_epo,16.0,11.875705652085388,fechner
1037,1_epo,17.0,11.936245271526161,fechner
1038,1_epo,18.0,11.987805175630177,fechner
1039,1_epo,19.0,12.032043328812993,fechner
1040,1_epo,20.0,12.070259306371538,fechner
1041,1_epo,21.0,12.103481566527787,fechner
1042,1_epo,22.0,12.132531414508007,fechner
1043,1_epo,23.0,12.15807034894443,fechner
1044,1_epo,24.0,12.180635451087447,fechner
1045,1_epo,25.0,12.200666088625747,fechner
1046,1_epo,26.0,12.218524250824517,fechner
1047,1_epo,27.0,12.234510170203661,fechner
1048,1_epo,28.000000000000004,12.248874424160547,fechner
1049,1_epo,28.999999999999996,12.261827384772445,fechner
1050,1_epo,30.0,12.27354665405584,fechner
1051,1_epo,31.0,12.28418295647874,fechner
1052,1_epo,32.0,12.293864840928249,fechner
1053,1_epo,33.0,12.30270245717137,fechner
1054,1_epo,34.0,12.31079060779559,fechner
1055,1_epo,35.0,12.318211229172569,fechner
1056,1_epo,36.0,12.325035419576507,fechner
1057,1_epo,37.0,12.331325105961449,fechner
1058,1_epo,38.0,12.33713442073712,fechner
1059,1_epo,39.0,12.342510844507805,fechner
1060,1_epo,40.0,12.347496158938611,fechner
1061,1_epo,41.0,12.352127244799977,fechner
1062,1_epo,42.0,12.356436753160168,fechner
1063,1_epo,43.0,12.360453672161428,fechner
1064,1_epo,44.0,12.364203807466629,fechner
1065,1_epo,45.0,12.367710191027351,fechner
1066,1_epo,46.0,12.37099343009561,fechner
1067,1_epo,47.0,12.374072006224225,fechner
1068,1_epo,48.0,12.376962532254577,fechner
1069,1_epo,49.0,12.37967997388434,fechner
1070,1_epo,50.0,12.382237841269868,fechner
1071,1_epo,51.0,12.384648355193647,fechner
1072,1_epo,52.0,12.386922591573057,fechner
1073,1_epo,53.0,12.389070607469293,fechner
1074,1_epo,54.0,12.391101551247496,fechner
1075,1_epo,55.00000000000001,12.393023759120537,fechner
1076,1_epo,56.00000000000001,12.394844839961907,fechner
1077,1_epo,56.99999999999999,12.396571749985345,fechner
1078,1_epo,57.99999999999999,12.398210858648499,fechner
1079,1_epo,59.0,12.399768006937398,fechner
1080,1_epo,60.0,12.401248559019928,fechner
1081,1_epo,61.0,12.402657448115063,fechner
1082,1_epo,62.0,12.403999217305024,fechner
1083,1_epo,63.0,12.405278055916465,fechner
1084,1_epo,64.0,12.406497832011164,fechner
1085,1_epo,65.0,12.40766212145366,fechner
1086,1_epo,66.0,12.408774233961216,fechner
1087,1_epo,67.0,12.409837236488308,fechner
1088,1_epo,68.0,12.410853974252392,fechner
1089,1_epo,69.0,12.411827089668533,fechner
1090,1_epo,70.0,12.412759039426922,fechner
1091,1_epo,71.0,12.41365210991829,fechner
1092,1_epo,72.0,12.414508431187082,fechner
1093,1_epo,73.0,12.415329989570655,fechner
1094,1_epo,74.0,12.416118639163795,fechner
1095,1_epo,75.0,12.416876112231607,fechner
1096,1_epo,76.0,12.417604028679357,fechner
1097,1_epo,77.0,12.418303904675573,fechner
1098,1_epo,78.0,12.418977160513764,fechner
1099,1_epo,79.0,12.419625127788445,fechner
1100,1_epo,80.0,12.420249055953004,fechner
1101,1_epo,81.0,12.4208501183194,fechner
1102,1_epo,82.0,12.421429417553256,fechner
1103,1_epo,83.0,12.421987990712323,fechner
1104,1_epo,84.0,12.42252681387101,fechner
1105,1_epo,85.0,12.423046806369415,fechner
1106,1_epo,86.0,12.423548834721295,fechner
1107,1_epo,87.0,12.424033716211788,fechner
1108,1_epo,88.0,12.424502222212794,fechner
1109,1_epo,89.0,12.424955081240967,fechner
1110,1_epo,90.0,12.42539298178092,fechner
1111,1_epo,91.0,12.42581657489397,fechner
1112,1_epo,92.0,12.426226476630871,fechner
1113,1_epo,93.0,12.426623270265123,fechner
1114,1_epo,94.0,12.427007508361976,fechner
1115,1_epo,95.0,12.427379714696762,fechner
1116,20_epo,3.0,13.972355769995787,fechner
1117,20_epo,4.0,13.972355769995787,fechner
1118,20_epo,5.0,13.972355769995787,fechner
1119,20_epo,6.0,13.972355769995787,fechner
1120,20_epo,7.000000000000001,13.972355769995787,fechner
1121,20_epo,8.0,13.972355769995787,fechner
1122,20_epo,9.0,13.972355769995787,fechner
1123,20_epo,10.0,13.972355769995787,fechner
1124,20_epo,11.0,13.972355769995787,fechner
1125,20_epo,12.0,13.972355769995787,fechner
1126,20_epo,13.0,13.972355769995787,fechner
1127,20_epo,14.000000000000002,13.972355769995787,fechner
1128,20_epo,15.0,13.972355769995787,fechner
1129,20_epo,16.0,13.972355769995787,fechner
1130,20_epo,17.0,13.972355769995787,fechner
1131,20_epo,18.0,13.972355769995787,fechner
1132,20_epo,19.0,13.972355769995787,fechner
1133,20_epo,20.0,13.972355769995787,fechner
1134,20_epo,21.0,13.972355769995787,fechner
1135,20_epo,22.0,13.972355769995787,fechner
1136,20_epo,23.0,13.972355769995787,fechner
1137,20_epo,24.0,13.972355769995787,fechner
1138,20_epo,25.0,13.972355769995787,fechner
1139,20_epo,26.0,13.972355769995787,fechner
1140,20_epo,27.0,13.972355769995787,fechner
1141,20_epo,28.000000000000004,13.972355769995787,fechner
1142,20_epo,28.999999999999996,13.972355769995787,fechner
1143,20_epo,30.0,13.972355769995787,fechner
1144,20_epo,31.0,13.972355769995787,fechner
1145,20_epo,32.0,13.972355769995787,fechner
1146,20_epo,33.0,13.972355769995787,fechner
1147,20_epo,34.0,13.972355769995787,fechner
1148,20_epo,35.0,13.972355769995787,fechner
1149,20_epo,36.0,13.972355769995787,fechner
1150,20_epo,37.0,13.972355769995787,fechner
1151,20_epo,38.0,13.972355769995787,fechner
1152,20_epo,39.0,13.972355769995787,fechner
1153,20_epo,40.0,13.972355769995787,fechner
1154,20_epo,41.0,13.972355769995787,fechner
1155,20_epo,42.0,13.972355769995787,fechner
1156,20_epo,43.0,13.972355769995787,fechner
1157,20_epo,44.0,13.972355769995787,fechner
1158,20_epo,45.0,13.972355769995787,fechner
1159,20_epo,46.0,13.972355769995787,fechner
1160,20_epo,47.0,13.972355769995787,fechner
1161,20_epo,48.0,13.972355769995787,fechner
1162,20_epo,49.0,13.972355769995787,fechner
1163,20_epo,50.0,13.972355769995787,fechner
1164,20_epo,51.0,13.972355769995787,fechner
1165,20_epo,52.0,13.972355769995787,fechner
1166,20_epo,53.0,13.972355769995787,fechner
1167,20_epo,54.0,13.972355769995787,fechner
1168,20_epo,55.00000000000001,13.972355769995787,fechner
1169,20_epo,56.00000000000001,13.972355769995787,fechner
1170,20_epo,56.99999999999999,13.972355769995787,fechner
1171,20_epo,57.99999999999999,13.972355769995787,fechner
1172,20_epo,59.0,13.972355769995787,fechner
1173,20_epo,60.0,13.972355769995787,fechner
1174,20_epo,61.0,13.972355769995787,fechner
1175,20_epo,62.0,13.972355769995787,fechner
1176,20_epo,63.0,13.972355769995787,fechner
1177,20_epo,64.0,13.972355769995787,fechner
1178,20_epo,65.0,13.972355769995787,fechner
1179,20_epo,66.0,13.972355769995787,fechner
1180,20_epo,67.0,13.972355769995787,fechner
1181,20_epo,68.0,13.972355769995787,fechner
1182,20_epo,69.0,13.972355769995787,fechner
1183,20_epo,70.0,13.972355769995787,fechner
1184,20_epo,71.0,13.972355769995787,fechner
1185,20_epo,72.0,13.972355769995787,fechner
1186,20_epo,73.0,13.972355769995787,fechner
1187,20_epo,74.0,13.972355769995787,fechner
1188,20_epo,75.0,13.972355769995787,fechner
1189,20_epo,76.0,13.972355769995787,fechner
1190,20_epo,77.0,13.972355769995787,fechner
1191,20_epo,78.0,13.972355769995787,fechner
1192,20_epo,79.0,13.972355769995787,fechner
1193,20_epo,80.0,13.972355769995787,fechner
1194,20_epo,81.0,13.972355769995787,fechner
1195,20_epo,82.0,13.972355769995787,fechner
1196,20_epo,83.0,13.972355769995787,fechner
1197,20_epo,84.0,13.972355769995787,fechner
1198,20_epo,85.0,13.972355769995787,fechner
1199,20_epo,86.0,13.972355769995787,fechner
1200,20_epo,87.0,13.972355769995787,fechner
1201,20_epo,88.0,13.972355769995787,fechner
1202,20_epo,89.0,13.972355769995787,fechner
1203,20_epo,90.0,13.972355769995787,fechner
1204,20_epo,91.0,13.972355769995787,fechner
1205,20_epo,92.0,13.972355769995787,fechner
1206,20_epo,93.0,13.972355769995787,fechner
1207,20_epo,94.0,13.972355769995787,fechner
1208,20_epo,95.0,13.972355769995787,fechner
1209,21_epo,3.0,9.80652901569101,fechner
1210,21_epo,4.0,10.739610750756267,fechner
1211,21_epo,5.0,11.373800263999776,fechner
1212,21_epo,6.0,11.824835035276825,fechner
1213,21_epo,7.000000000000001,12.150457068084103,fechner
1214,21_epo,8.0,12.389611528557184,fechner
1215,21_epo,9.0,12.56859933532937,fechner
1216,21_epo,10.0,12.705098597513484,fechner
1217,21_epo,11.0,12.811065018467932,fechner
1218,21_epo,12.0,12.894690016564555,fechner
1219,21_epo,13.0,12.961677309355078,fechner
1220,21_epo,14.000000000000002,13.016067160495849,fechner
1221,21_epo,15.0,13.06077067908937,fechner
1222,21_epo,16.0,13.097919942330838,fechner
1223,21_epo,17.0,13.129100686474755,fechner
1224,21_epo,18.0,13.155509355264952,fechner
1225,21_epo,19.0,13.178060770594064,fechner
1226,21_epo,20.0,13.197463094482705,fechner
1227,21_epo,21.0,13.214270796339383,fechner
1228,21_epo,22.0,13.22892260880451,fechner
1229,21_epo,23.0,13.241769089900275,fechner
1230,21_epo,24.0,13.253092889005137,fechner
1231,21_epo,25.0,13.263123823629039,fechner
1232,21_epo,26.0,13.272050219562875,fechner
1233,21_epo,27.0,13.280027528757033,fechner
1234,21_epo,28.000000000000004,13.287184941967684,fechner
1235,21_epo,28.999999999999996,13.293630508941671,fechner
1236,21_epo,30.0,13.29945513687649,fechner
1237,21_epo,31.0,13.30473573799572,fechner
1238,21_epo,32.0,13.309537726052877,fechner
1239,21_epo,33.0,13.313917010551654,fechner
1240,21_epo,34.0,13.317921600453472,fechner
1241,21_epo,35.0,13.321592902038056,fechner
1242,21_epo,36.0,13.324966775558588,fechner
1243,21_epo,37.0,13.328074400415842,fechner
1244,21_epo,38.0,13.330942987373612,fechner
1245,21_epo,39.0,13.333596367861647,fechner
1246,21_epo,40.0,13.336055483952254,fechner
1247,21_epo,41.0,13.338338797639178,fechner
1248,21_epo,42.0,13.34046263421786,fechner
1249,21_epo,43.0,13.342441471589451,fechner
1250,21_epo,44.0,13.344288184983201,fechner
1251,21_epo,45.0,13.346014254761192,fechner
1252,21_epo,46.0,13.347629943521792,fechner
1253,21_epo,47.0,13.3491444475674,fechner
1254,21_epo,48.0,13.350566026882827,fechner
1255,21_epo,49.0,13.35190211703258,fechner
1256,21_epo,50.0,13.353159425790233,fechner
1257,21_epo,51.0,13.354344016830888,fechner
1258,21_epo,52.0,13.35546138242564,fechner
1259,21_epo,53.0,13.35651650675657,fechner
1260,21_epo,54.0,13.35751392120808,fechner
1261,21_epo,55.00000000000001,13.358457752774202,fechner
1262,21_epo,56.00000000000001,13.35935176654283,fechner
1263,21_epo,56.99999999999999,13.360199403069771,fechner
1264,21_epo,57.99999999999999,13.361003811332209,fechner
1265,21_epo,59.0,13.361767877848468,fechner
1266,21_epo,60.0,13.36249425246477,fechner
1267,21_epo,61.0,13.363185371237433,fechner
1268,21_epo,62.0,13.363843476778024,fechner
1269,21_epo,63.0,13.364470636377586,fechner
1270,21_epo,64.0,13.365068758182407,fechner
1271,21_epo,65.0,13.365639605656877,fechner
1272,21_epo,66.0,13.366184810537415,fechner
1273,21_epo,67.0,13.366705884454536,fechner
1274,21_epo,68.0,13.367204229377174,fechner
1275,21_epo,69.0,13.367681147013535,fechner
1276,21_epo,70.0,13.368137847285873,fechner
1277,21_epo,71.0,13.368575455981892,fechner
1278,21_epo,72.0,13.368995021672852,fechner
1279,21_epo,73.0,13.369397521977577,fechner
1280,21_epo,74.0,13.369783869241997,fechner
1281,21_epo,75.0,13.370154915695723,fechner
1282,21_epo,76.0,13.370511458139887,fechner
1283,21_epo,77.0,13.370854242214326,fechner
1284,21_epo,78.0,13.371183966286626,fechner
1285,21_epo,79.0,13.371501285000841,fechner
1286,21_epo,80.0,13.371806812519482,fechner
1287,21_epo,81.0,13.372101125488665,fechner
1288,21_epo,82.0,13.372384765753099,fechner
1289,21_epo,83.0,13.37265824284475,fechner
1290,21_epo,84.0,13.372922036266436,fechner
1291,21_epo,85.0,13.373176597589472,fechner
1292,21_epo,86.0,13.373422352382418,fechner
1293,21_epo,87.0,13.373659701986323,fechner
1294,21_epo,88.0,13.373889025150229,fechner
1295,21_epo,89.0,13.3741106795394,fechner
1296,21_epo,90.0,13.374325003127407,fechner
1297,21_epo,91.0,13.374532315482233,fechner
1298,21_epo,92.0,13.374732918955472,fechner
1299,21_epo,93.0,13.3749270997829,fechner
1300,21_epo,94.0,13.37511512910387,fechner
1301,21_epo,95.0,13.375297263906301,fechner
1302,22_epo,3.0,12.082333862913394,fechner
1303,22_epo,4.0,13.201062304895832,fechner
1304,22_epo,5.0,14.016741705351967,fechner
1305,22_epo,6.0,14.633198038889534,fechner
1306,22_epo,7.000000000000001,15.099866900296695,fechner
1307,22_epo,8.0,15.455239748918318,fechner
1308,22_epo,9.0,15.728651187453883,fechner
1309,22_epo,10.0,15.94164026029625,fechner
1310,22_epo,11.0,16.109752329555896,fechner
1311,22_epo,12.0,16.24417204557596,fechner
1312,22_epo,13.0,16.352985746210727,fechner
1313,22_epo,14.000000000000002,16.442092860181518,fechner
1314,22_epo,15.0,16.51584525352575,fechner
1315,22_epo,16.0,16.57749151256587,fechner
1316,22_epo,17.0,16.629485855931698,fechner
1317,22_epo,18.0,16.673704200622122,fechner
1318,22_epo,19.0,16.711596619444542,fechner
1319,22_epo,20.0,16.744296018914692,fechner
1320,22_epo,21.0,16.77269645152723,fechner
1321,22_epo,22.0,16.79751016784943,fechner
1322,22_epo,23.0,16.81930963125261,fechner
1323,22_epo,24.0,16.83855878478269,fechner
1324,22_epo,25.0,16.855636555379235,fechner
1325,22_epo,26.0,16.870854693773257,fechner
1326,22_epo,27.0,16.88447143992227,fechner
1327,22_epo,28.000000000000004,16.896702082403618,fechner
1328,22_epo,28.999999999999996,16.907727185455265,fechner
1329,22_epo,30.0,16.917699049233992,fechner
1330,22_epo,31.0,16.926746820499556,fechner
1331,22_epo,32.0,16.934980564187853,fechner
1332,22_epo,33.0,16.94249452884134,fechner
1333,22_epo,34.0,16.949369782116776,fechner
1334,22_epo,35.0,16.95567635068711,fechner
1335,22_epo,36.0,16.961474967665115,fechner
1336,22_epo,37.0,16.966818507282127,fechner
1337,22_epo,38.0,16.971753168879882,fechner
1338,22_epo,39.0,16.976319458823493,fechner
1339,22_epo,40.0,16.980553008640765,fechner
1340,22_epo,41.0,16.984485259749125,fechner
1341,22_epo,42.0,16.988144038969207,fechner
1342,22_epo,43.0,16.991554044214695,fechner
1343,22_epo,44.0,16.994737255973963,fechner
1344,22_epo,45.0,16.99771328722068,fechner
1345,22_epo,46.0,17.00049968202809,fechner
1346,22_epo,47.0,17.00311217127842,fechner
1347,22_epo,48.0,17.00556489235004,fechner
1348,22_epo,49.0,17.007870578451172,fechner
1349,22_epo,50.0,17.010040722287226,fechner
1350,22_epo,51.0,17.012085717952466,fechner
1351,22_epo,52.0,17.01401498428702,fechner
1352,22_epo,53.0,17.015837072408964,fechner
1353,22_epo,54.0,17.017559759694475,fechner
1354,22_epo,55.00000000000001,17.019190132119146,fechner
1355,22_epo,56.00000000000001,17.020734656575627,fechner
1356,22_epo,56.99999999999999,17.022199244535418,fechner
1357,22_epo,57.99999999999999,17.023589308216597,fechner
1358,22_epo,59.0,17.024909810247113,fechner
1359,22_epo,60.0,17.026165307668904,fechner
1360,22_epo,61.0,17.027359991006648,fechner
1361,22_epo,62.0,17.02849771902278,fechner
1362,22_epo,63.0,17.029582049693715,fechner
1363,22_epo,64.0,17.030616267868837,fechner
1364,22_epo,65.0,17.031603410011623,fechner
1365,22_epo,66.0,17.032546286368806,fechner
1366,22_epo,67.0,17.033447500868288,fechner
1367,22_epo,68.0,17.034309469007518,fechner
1368,22_epo,69.0,17.035134433960646,fechner
1369,22_epo,70.0,17.035924481104036,fechner
1370,22_epo,71.0,17.03668155113496,fechner
1371,22_epo,72.0,17.037407451936883,fechner
1372,22_epo,73.0,17.038103869326104,fechner
1373,22_epo,74.0,17.038772376798704,fechner
1374,22_epo,75.0,17.039414444382388,fechner
1375,22_epo,76.0,17.040031446685944,fechner
1376,22_epo,77.0,17.040624670228265,fechner
1377,22_epo,78.0,17.04119532011962,fechner
1378,22_epo,79.0,17.041744526159697,fechner
1379,22_epo,80.0,17.042273348409857,fechner
1380,22_epo,81.0,17.042782782290708,fechner
1381,22_epo,82.0,17.043273763250603,fechner
1382,22_epo,83.0,17.043747171045844,fechner
1383,22_epo,84.0,17.044203833669012,fechner
1384,22_epo,85.0,17.04464453095803,fechner
1385,22_epo,86.0,17.04506999791535,fechner
1386,22_epo,87.0,17.045480927763418,fechner
1387,22_epo,88.0,17.0458779747602,fechner
1388,22_epo,89.0,17.046261756795943,fechner
1389,22_epo,90.0,17.04663285779045,fechner
1390,22_epo,91.0,17.04699182990809,fechner
1391,22_epo,92.0,17.047339195606334,fechner
1392,22_epo,93.0,17.047675449531756,fechner
1393,22_epo,94.0,17.048001060276558,fechner
1394,22_epo,95.0,17.048316472007034,fechner
1395,23_epo,3.0,11.122474480594278,fechner
1396,23_epo,4.0,11.698080818274871,fechner
1397,23_epo,5.0,11.928200081412157,fechner
1398,23_epo,6.0,12.047721428059821,fechner
1399,23_epo,7.000000000000001,12.11829971802305,fechner
1400,23_epo,8.0,12.163576287352146,fechner
1401,23_epo,9.0,12.194393190540687,fechner
1402,23_epo,10.0,12.216329598345057,fechner
1403,23_epo,11.0,12.232504673191762,fechner
1404,23_epo,12.0,12.244776375959896,fechner
1405,23_epo,13.0,12.254308590524346,fechner
1406,23_epo,14.000000000000002,12.261861026011399,fechner
1407,23_epo,15.0,12.267946877523755,fechner
1408,23_epo,16.0,12.272923046485714,fechner
1409,23_epo,17.0,12.277044021824466,fechner
1410,23_epo,18.0,12.280495252614742,fechner
1411,23_epo,19.0,12.283414479248632,fechner
1412,23_epo,20.0,12.285905748045499,fechner
1413,23_epo,21.0,12.288048844844253,fechner
1414,23_epo,22.0,12.28990578331891,fechner
1415,23_epo,23.0,12.291525354472114,fechner
1416,23_epo,24.0,12.292946372550633,fechner
1417,23_epo,25.0,12.29420002760901,fechner
1418,23_epo,26.0,12.295311615167924,fechner
1419,23_epo,27.0,12.296301824639505,fechner
1420,23_epo,28.000000000000004,12.297187710665051,fechner
1421,23_epo,28.999999999999996,12.297983433540677,fechner
1422,23_epo,30.0,12.298700829418902,fechner
1423,23_epo,31.0,12.299349853597672,fechner
1424,23_epo,32.0,12.299938928190565,fechner
1425,23_epo,33.0,12.300475217049156,fechner
1426,23_epo,34.0,12.300964844831906,fechner
1427,23_epo,35.0,12.301413072823966,fechner
1428,23_epo,36.0,12.301824440999631,fechner
1429,23_epo,37.0,12.302202883537994,fechner
1430,23_epo,38.0,12.302551823314401,fechner
1431,23_epo,39.0,12.302874249630587,fechner
1432,23_epo,40.0,12.30317278249772,fechner
1433,23_epo,41.0,12.303449726067218,fechner
1434,23_epo,42.0,12.303707113253981,fechner
1435,23_epo,43.0,12.303946743173292,fechner
1436,23_epo,44.0,12.304170212684411,fechner
1437,23_epo,45.0,12.304378943077877,fechner
1438,23_epo,46.0,12.30457420274266,fechner
1439,23_epo,47.0,12.304757126490735,fechner
1440,23_epo,48.0,12.304928732090836,fechner
1441,23_epo,49.0,12.30508993446272,fechner
1442,23_epo,50.0,12.305241557902784,fechner
1443,23_epo,51.0,12.305384346647076,fechner
1444,23_epo,52.0,12.305518974025135,fechner
1445,23_epo,53.0,12.305646050415566,fechner
1446,23_epo,54.0,12.305766130179288,fechner
1447,23_epo,55.00000000000001,12.305879717717922,fechner
1448,23_epo,56.00000000000001,12.305987272781234,fechner
1449,23_epo,56.99999999999999,12.306089215128209,fechner
1450,23_epo,57.99999999999999,12.306185928630107,fechner
1451,23_epo,59.0,12.306277764890678,fechner
1452,23_epo,60.0,12.306365046447281,fechner
1453,23_epo,61.0,12.306448069607569,fechner
1454,23_epo,62.0,12.306527106968309,fechner
1455,23_epo,63.0,12.306602409656467,fechner
1456,23_epo,64.0,12.306674209326978,fechner
1457,23_epo,65.0,12.30674271994695,fechner
1458,23_epo,66.0,12.306808139391995,fechner
1459,23_epo,67.0,12.306870650876965,fechner
1460,23_epo,68.0,12.306930424240432,fechner
1461,23_epo,69.0,12.30698761709978,fechner
1462,23_epo,70.0,12.30704237589154,fechner
1463,23_epo,71.0,12.30709483680987,fechner
1464,23_epo,72.0,12.307145126654406,fechner
1465,23_epo,73.0,12.307193363597317,fechner
1466,23_epo,74.0,12.307239657878299,fechner
1467,23_epo,75.0,12.307284112435084,fechner
1468,23_epo,76.0,12.307326823476288,fechner
1469,23_epo,77.0,12.307367881002454,fechner
1470,23_epo,78.0,12.30740736928066,fechner
1471,23_epo,79.0,12.307445367277316,fechner
1472,23_epo,80.0,12.30748194905331,fechner
1473,23_epo,81.0,12.30751718412522,fechner
1474,23_epo,82.0,12.307551137795873,fechner
1475,23_epo,83.0,12.307583871457165,fechner
1476,23_epo,84.0,12.307615442867833,fechner
1477,23_epo,85.0,12.30764590640843,fechner
1478,23_epo,86.0,12.3076753133157,fechner
1479,23_epo,87.0,12.307703711898187,fechner
1480,23_epo,88.0,12.307731147734776,fechner
1481,23_epo,89.0,12.307757663857737,fechner
1482,23_epo,90.0,12.30778330092156,fechner
1483,23_epo,91.0,12.307808097358912,fechner
1484,23_epo,92.0,12.307832089524782,fechner
1485,23_epo,93.0,12.307855311829798,fechner
1486,23_epo,94.0,12.30787779686373,fechner
1487,23_epo,95.0,12.30789957550988,fechner
1488,24_epo,3.0,12.763283689311756,fechner
1489,24_epo,4.0,13.239744943335046,fechner
1490,24_epo,5.0,13.48991244037268,fechner
1491,24_epo,6.0,13.639118022830218,fechner
1492,24_epo,7.000000000000001,13.734634144394375,fechner
1493,24_epo,8.0,13.79912991032828,fechner
1494,24_epo,9.0,13.844569908967712,fechner
1495,24_epo,10.0,13.877712572470125,fechner
1496,24_epo,11.0,13.902589640536132,fechner
1497,24_epo,12.0,13.92171808203266,fechner
1498,24_epo,13.0,13.936730854561654,fechner
1499,24_epo,14.000000000000002,13.948722876995602,fechner
1500,24_epo,15.0,13.95844951870602,fechner
1501,24_epo,16.0,13.96644500148323,fechner
1502,24_epo,17.0,13.973095477887613,fechner
1503,24_epo,18.0,13.978685511479798,fechner
1504,24_epo,19.0,13.983428438261825,fechner
1505,24_epo,20.0,13.987486676395184,fechner
1506,24_epo,21.0,13.990985604954144,fechner
1507,24_epo,22.0,13.994023232245544,fechner
1508,24_epo,23.0,13.99667704941606,fechner
1509,24_epo,24.0,13.999008966420329,fechner
1510,24_epo,25.0,14.001068918756163,fechner
1511,24_epo,26.0,14.002897538143575,fechner
1512,24_epo,27.0,14.004528154381712,fechner
1513,24_epo,28.000000000000004,14.005988312885652,fechner
1514,24_epo,28.999999999999996,14.007300937141444,fechner
1515,24_epo,30.0,14.008485227827618,fechner
1516,24_epo,31.0,14.009557364551622,fechner
1517,24_epo,32.0,14.010531058156309,fechner
1518,24_epo,33.0,14.011417988846231,fechner
1519,24_epo,34.0,14.012228156307158,fechner
1520,24_epo,35.0,14.012970161437613,fechner
1521,24_epo,36.0,14.013651434529335,fechner
1522,24_epo,37.0,14.014278421211282,fechner
1523,24_epo,38.0,14.014856734854003,fechner
1524,24_epo,39.0,14.01539128216878,fechner
1525,24_epo,40.0,14.015886367253264,fechner
1526,24_epo,41.0,14.016345778206324,fechner
1527,24_epo,42.0,14.016772859568992,fechner
1528,24_epo,43.0,14.017170573179968,fechner
1529,24_epo,44.0,14.017541549514483,fechner
1530,24_epo,45.0,14.017888131169117,fechner
1531,24_epo,46.0,14.018212409835556,fechner
1532,24_epo,47.0,14.0185162578535,fechner
1533,24_epo,48.0,14.018801355231876,fechner
1534,24_epo,49.0,14.019069212866835,fechner
1535,24_epo,50.0,14.019321192555939,fechner
1536,24_epo,51.0,14.019558524303747,fechner
1537,24_epo,52.0,14.019782321329597,fechner
1538,24_epo,53.0,14.019993593119615,fechner
1539,24_epo,54.0,14.020193256808783,fechner
1540,24_epo,55.00000000000001,14.020382147132745,fechner
1541,24_epo,56.00000000000001,14.02056102515107,fechner
1542,24_epo,56.99999999999999,14.020730585912206,fechner
1543,24_epo,57.99999999999999,14.020891465204318,fechner
1544,24_epo,59.0,14.021044245514462,fechner
1545,24_epo,60.0,14.02118946130041,fechner
1546,24_epo,61.0,14.021327603664226,fechner
1547,24_epo,62.0,14.021459124503934,fechner
1548,24_epo,63.0,14.021584440208796,fechner
1549,24_epo,64.0,14.021703934954656,fechner
1550,24_epo,65.0,14.021817963648024,fechner
1551,24_epo,66.0,14.021926854561068,fechner
1552,24_epo,67.0,14.022030911694003,fechner
1553,24_epo,68.0,14.022130416896673,fechner
1554,24_epo,69.0,14.022225631776925,fechner
1555,24_epo,70.0,14.022316799419947,fechner
1556,24_epo,71.0,14.02240414593964,fechner
1557,24_epo,72.0,14.022487881880522,fechner
1558,24_epo,73.0,14.022568203486404,fechner
1559,24_epo,74.0,14.022645293850092,fechner
1560,24_epo,75.0,14.02271932395672,fechner
1561,24_epo,76.0,14.022790453631782,fechner
1562,24_epo,77.0,14.022858832403694,fechner
1563,24_epo,78.0,14.022924600289603,fechner
1564,24_epo,79.0,14.022987888512102,fechner
1565,24_epo,80.0,14.023048820153736,fechner
1566,24_epo,81.0,14.023107510755406,fechner
1567,24_epo,82.0,14.02316406886405,fechner
1568,24_epo,83.0,14.023218596534516,fechner
1569,24_epo,84.0,14.02327118978991,fechner
1570,24_epo,85.0,14.0233219390443,fechner
1571,24_epo,86.0,14.023370929491293,fechner
1572,24_epo,87.0,14.02341824146155,fechner
1573,24_epo,88.0,14.023463950752069,fechner
1574,24_epo,89.0,14.023508128929747,fechner
1575,24_epo,90.0,14.023550843611496,fechner
1576,24_epo,91.0,14.023592158722964,fechner
1577,24_epo,92.0,14.0236321347377,fechner
1578,24_epo,93.0,14.023670828898414,fechner
1579,24_epo,94.0,14.023708295421915,fechner
1580,24_epo,95.0,14.023744585688993,fechner
1581,25_epo,3.0,10.432403838020125,fechner
1582,25_epo,4.0,11.399982080663358,fechner
1583,25_epo,5.0,12.067165509329348,fechner
1584,25_epo,6.0,12.54731745243458,fechner
1585,25_epo,7.000000000000001,12.897080613834353,fechner
1586,25_epo,8.0,13.155689820892917,fechner
1587,25_epo,9.0,13.350213282393552,fechner
1588,25_epo,10.0,13.49912929591253,fechner
1589,25_epo,11.0,13.615077818448135,fechner
1590,25_epo,12.0,13.706793388373935,fechner
1591,25_epo,13.0,13.780397894985686,fechner
1592,25_epo,14.000000000000002,13.840250116469957,fechner
1593,25_epo,15.0,13.889503513023945,fechner
1594,25_epo,16.0,13.930475297959324,fechner
1595,25_epo,17.0,13.964893573454978,fechner
1596,25_epo,18.0,13.994065128778088,fechner
1597,25_epo,19.0,14.018991039698166,fechner
1598,25_epo,20.0,14.04044747207407,fechner
1599,25_epo,21.0,14.059042966749935,fechner
1600,25_epo,22.0,14.075259604506169,fechner
1601,25_epo,23.0,14.089482969895009,fechner
1602,25_epo,24.0,14.102024228279204,fechner
1603,25_epo,25.0,14.113136579057825,fechner
1604,25_epo,26.0,14.123027650242284,fechner
1605,25_epo,27.0,14.13186893039577,fechner
1606,25_epo,28.000000000000004,14.139803014564762,fechner
1607,25_epo,28.999999999999996,14.146949220756479,fechner
1608,25_epo,30.0,14.153407980099058,fechner
1609,25_epo,31.0,14.15926429567678,fechner
1610,25_epo,32.0,14.1645904879884,fechner
1611,25_epo,33.0,14.169448389531487,fechner
1612,25_epo,34.0,14.173891110729166,fechner
1613,25_epo,35.0,14.177964469874532,fechner
1614,25_epo,36.0,14.181708157916914,fechner
1615,25_epo,37.0,14.185156692617213,fechner
1616,25_epo,38.0,14.188340204348709,fechner
1617,25_epo,39.0,14.19128508654122,fechner
1618,25_epo,40.0,14.194014536688863,fechner
1619,25_epo,41.0,14.196549008405881,fechner
1620,25_epo,42.0,14.19890659081298,fechner
1621,25_epo,43.0,14.20110332826822,fechner
1622,25_epo,44.0,14.20315349089905,fechner
1623,25_epo,45.0,14.205069804379672,fechner
1624,25_epo,46.0,14.20686364580569,fechner
1625,25_epo,47.0,14.20854521125174,fechner
1626,25_epo,48.0,14.210123659585717,fechner
1627,25_epo,49.0,14.21160723630032,fechner
1628,25_epo,50.0,14.213003380467054,fechner
1629,25_epo,51.0,14.214318817386252,fechner
1630,25_epo,52.0,14.21555963907441,fechner
1631,25_epo,53.0,14.216731374376762,fechner
1632,25_epo,54.0,14.217839050203098,fechner
1633,25_epo,55.00000000000001,14.21888724514642,fechner
1634,25_epo,56.00000000000001,14.219880136546571,fechner
1635,25_epo,56.99999999999999,14.220821541897598,fechner
1636,25_epo,57.99999999999999,14.221714955361485,fechner
1637,25_epo,59.0,14.222563580037303,fechner
1638,25_epo,60.0,14.223370356539691,fechner
1639,25_epo,61.0,14.22413798836065,fechner
1640,25_epo,62.0,14.224868964421399,fechner
1641,25_epo,63.0,14.22556557916406,fechner
1642,25_epo,64.0,14.226229950484834,fechner
1643,25_epo,65.0,14.22686403576936,fechner
1644,25_epo,66.0,14.227469646256138,fechner
1645,25_epo,67.0,14.228048459924068,fechner
1646,25_epo,68.0,14.228602033074727,fechner
1647,25_epo,69.0,14.229131810758217,fechner
1648,25_epo,70.0,14.22963913617246,fechner
1649,25_epo,71.0,14.23012525914981,fechner
1650,25_epo,72.0,14.230591343830769,fechner
1651,25_epo,73.0,14.231038475612472,fechner
1652,25_epo,74.0,14.231467667449232,fechner
1653,25_epo,75.0,14.231879865573147,fechner
1654,25_epo,76.0,14.232275954694991,fechner
1655,25_epo,77.0,14.232656762738591,fechner
1656,25_epo,78.0,14.233023065155864,fechner
1657,25_epo,79.0,14.233375588864416,fechner
1658,25_epo,80.0,14.23371501584492,fechner
1659,25_epo,81.0,14.234041986431452,fechner
1660,25_epo,82.0,14.234357102324346,fechner
1661,25_epo,83.0,14.234660929351957,fechner
1662,25_epo,84.0,14.234954000004985,fechner
1663,25_epo,85.0,14.235236815764472,fechner
1664,25_epo,86.0,14.235509849242437,fechner
1665,25_epo,87.0,14.235773546152206,fechner
1666,25_epo,88.0,14.2360283271237,fechner
1667,25_epo,89.0,14.236274589377475,fechner
1668,25_epo,90.0,14.236512708269945,fechner
1669,25_epo,91.0,14.236743038720967,fechner
1670,25_epo,92.0,14.236965916533894,fechner
1671,25_epo,93.0,14.237181659617299,fechner
1672,25_epo,94.0,14.237390569116588,fechner
1673,25_epo,95.0,14.237592930463055,fechner
1674,2_epo,3.0,12.183105569896576,fechner
1675,2_epo,4.0,12.183105569896576,fechner
1676,2_epo,5.0,12.183105569896577,fechner
1677,2_epo,6.0,12.183105569896577,fechner
1678,2_epo,7.000000000000001,12.183105569896577,fechner
1679,2_epo,8.0,12.183105569896577,fechner
1680,2_epo,9.0,12.183105569896577,fechner
1681,2_epo,10.0,12.183105569896577,fechner
1682,2_epo,11.0,12.183105569896577,fechner
1683,2_epo,12.0,12.183105569896577,fechner
1684,2_epo,13.0,12.183105569896577,fechner
1685,2_epo,14.000000000000002,12.183105569896577,fechner
1686,2_epo,15.0,12.183105569896577,fechner
1687,2_epo,16.0,12.183105569896577,fechner
1688,2_epo,17.0,12.183105569896577,fechner
1689,2_epo,18.0,12.183105569896577,fechner
1690,2_epo,19.0,12.183105569896577,fechner
1691,2_epo,20.0,12.183105569896577,fechner
1692,2_epo,21.0,12.183105569896577,fechner
1693,2_epo,22.0,12.183105569896577,fechner
1694,2_epo,23.0,12.183105569896577,fechner
1695,2_epo,24.0,12.183105569896577,fechner
1696,2_epo,25.0,12.183105569896577,fechner
1697,2_epo,26.0,12.183105569896577,fechner
1698,2_epo,27.0,12.183105569896577,fechner
1699,2_epo,28.000000000000004,12.183105569896577,fechner
1700,2_epo,28.999999999999996,12.183105569896577,fechner
1701,2_epo,30.0,12.183105569896577,fechner
1702,2_epo,31.0,12.183105569896577,fechner
1703,2_epo,32.0,12.183105569896577,fechner
1704,2_epo,33.0,12.183105569896577,fechner
1705,2_epo,34.0,12.183105569896577,fechner
1706,2_epo,35.0,12.183105569896577,fechner
1707,2_epo,36.0,12.183105569896577,fechner
1708,2_epo,37.0,12.183105569896577,fechner
1709,2_epo,38.0,12.183105569896577,fechner
1710,2_epo,39.0,12.183105569896577,fechner
1711,2_epo,40.0,12.183105569896577,fechner
1712,2_epo,41.0,12.183105569896577,fechner
1713,2_epo,42.0,12.183105569896577,fechner
1714,2_epo,43.0,12.183105569896577,fechner
1715,2_epo,44.0,12.183105569896577,fechner
1716,2_epo,45.0,12.183105569896577,fechner
1717,2_epo,46.0,12.183105569896577,fechner
1718,2_epo,47.0,12.183105569896577,fechner
1719,2_epo,48.0,12.183105569896577,fechner
1720,2_epo,49.0,12.183105569896577,fechner
1721,2_epo,50.0,12.183105569896577,fechner
1722,2_epo,51.0,12.183105569896577,fechner
1723,2_epo,52.0,12.183105569896577,fechner
1724,2_epo,53.0,12.183105569896577,fechner
1725,2_epo,54.0,12.183105569896577,fechner
1726,2_epo,55.00000000000001,12.183105569896577,fechner
1727,2_epo,56.00000000000001,12.183105569896577,fechner
1728,2_epo,56.99999999999999,12.183105569896577,fechner
1729,2_epo,57.99999999999999,12.183105569896577,fechner
1730,2_epo,59.0,12.183105569896577,fechner
1731,2_epo,60.0,12.183105569896577,fechner
1732,2_epo,61.0,12.183105569896577,fechner
1733,2_epo,62.0,12.183105569896577,fechner
1734,2_epo,63.0,12.183105569896577,fechner
1735,2_epo,64.0,12.183105569896577,fechner
1736,2_epo,65.0,12.183105569896577,fechner
1737,2_epo,66.0,12.183105569896577,fechner
1738,2_epo,67.0,12.183105569896577,fechner
1739,2_epo,68.0,12.183105569896577,fechner
1740,2_epo,69.0,12.183105569896577,fechner
1741,2_epo,70.0,12.183105569896577,fechner
1742,2_epo,71.0,12.183105569896577,fechner
1743,2_epo,72.0,12.183105569896577,fechner
1744,2_epo,73.0,12.183105569896577,fechner
1745,2_epo,74.0,12.183105569896577,fechner
1746,2_epo,75.0,12.183105569896577,fechner
1747,2_epo,76.0,12.183105569896577,fechner
1748,2_epo,77.0,12.183105569896577,fechner
1749,2_epo,78.0,12.183105569896577,fechner
1750,2_epo,79.0,12.183105569896577,fechner
1751,2_epo,80.0,12.183105569896577,fechner
1752,2_epo,81.0,12.183105569896577,fechner
1753,2_epo,82.0,12.183105569896577,fechner
1754,2_epo,83.0,12.183105569896577,fechner
1755,2_epo,84.0,12.183105569896577,fechner
1756,2_epo,85.0,12.183105569896577,fechner
1757,2_epo,86.0,12.183105569896577,fechner
1758,2_epo,87.0,12.183105569896577,fechner
1759,2_epo,88.0,12.183105569896577,fechner
1760,2_epo,89.0,12.183105569896577,fechner
1761,2_epo,90.0,12.183105569896577,fechner
1762,2_epo,91.0,12.183105569896577,fechner
1763,2_epo,92.0,12.183105569896577,fechner
1764,2_epo,93.0,12.183105569896577,fechner
1765,2_epo,94.0,12.183105569896577,fechner
1766,2_epo,95.0,12.183105569896577,fechner
1767,3_epo,3.0,11.742968404421667,fechner
1768,3_epo,4.0,12.543419784137223,fechner
1769,3_epo,5.0,13.031675362676552,fechner
1770,3_epo,6.0,13.351915449570065,fechner
1771,3_epo,7.000000000000001,13.570061254413329,fechner
1772,3_epo,8.0,13.723706876427322,fechner
1773,3_epo,9.0,13.83521937435012,fechner
1774,3_epo,10.0,13.918328058010491,fechner
1775,3_epo,11.0,13.981724166396086,fechner
1776,3_epo,12.0,14.031075968436733,fechner
1777,3_epo,13.0,14.07018446773099,fechner
1778,3_epo,14.000000000000002,14.101664263197021,fechner
1779,3_epo,15.0,14.127355866071865,fechner
1780,3_epo,16.0,14.148582174431352,fechner
1781,3_epo,17.0,14.166312102231458,fechner
1782,3_epo,18.0,14.181267464567913,fechner
1783,3_epo,19.0,14.193994333827936,fechner
1784,3_epo,20.0,14.20491164052005,fechner
1785,3_epo,21.0,14.214344890179165,fechner
1786,3_epo,22.0,14.222549953427702,fechner
1787,3_epo,23.0,14.22973011498645,fechner
1788,3_epo,24.0,14.236048468133632,fechner
1789,3_epo,25.0,14.241637045368442,fechner
1790,3_epo,26.0,14.246603627558182,fechner
1791,3_epo,27.0,14.251036879768666,fechner
1792,3_epo,28.000000000000004,14.255010266033578,fechner
1793,3_epo,28.999999999999996,14.25858506279772,fechner
1794,3_epo,30.0,14.261812699881968,fechner
1795,3_epo,31.0,14.264736594664294,fechner
1796,3_epo,32.0,14.267393600747576,fechner
1797,3_epo,33.0,14.269815160774757,fechner
1798,3_epo,34.0,14.272028230314874,fechner
1799,3_epo,35.0,14.274056023221744,fechner
1800,3_epo,36.0,14.275918616745743,fechner
1801,3_epo,37.0,14.277633445705481,fechner
1802,3_epo,38.0,14.27921570832576,fechner
1803,3_epo,39.0,14.280678701304367,fechner
1804,3_epo,40.0,14.282034097844313,fechner
1805,3_epo,41.0,14.28329217946477,fechner
1806,3_epo,42.0,14.284462030154693,fechner
1807,3_epo,43.0,14.285551699691258,fechner
1808,3_epo,44.0,14.286568341587566,fechner
1809,3_epo,45.0,14.287518330069883,fechner
1810,3_epo,46.0,14.288407359645399,fechner
1811,3_epo,47.0,14.289240530156288,fechner
1812,3_epo,48.0,14.290022419685643,fechner
1813,3_epo,49.0,14.290757147256288,fechner
1814,3_epo,50.0,14.291448426921812,fechner
1815,3_epo,51.0,14.292099614572946,fechner
1816,3_epo,52.0,14.292713748558159,fechner
1817,3_epo,53.0,14.293293585034528,fechner
1818,3_epo,54.0,14.29384162881521,fechner
1819,3_epo,55.00000000000001,14.294360160356828,fechner
1820,3_epo,56.00000000000001,14.29485125942866,fechner
1821,3_epo,56.99999999999999,14.295316825921399,fechner
1822,3_epo,57.99999999999999,14.295758598183562,fechner
1823,3_epo,59.0,14.296178169215361,fechner
1824,3_epo,60.0,14.296577001001232,fechner
1825,3_epo,61.0,14.296956437221393,fechner
1826,3_epo,62.0,14.2973177145485,fechner
1827,3_epo,63.0,14.297661972706383,fechner
1828,3_epo,64.0,14.297990263443447,fechner
1829,3_epo,65.0,14.298303558552462,fechner
1830,3_epo,66.0,14.298602757050697,fechner
1831,3_epo,67.0,14.298888691619407,fechner
1832,3_epo,68.0,14.299162134388578,fechner
1833,3_epo,69.0,14.299423802141952,fechner
1834,3_epo,70.0,14.29967436100771,fechner
1835,3_epo,71.0,14.299914430692066,fechner
1836,3_epo,72.0,14.300144588305962,fechner
1837,3_epo,73.0,14.300365371828935,fechner
1838,3_epo,74.0,14.300577283248884,fechner
1839,3_epo,75.0,14.300780791411977,fechner
1840,3_epo,76.0,14.300976334612827,fechner
1841,3_epo,77.0,14.301164322951657,fechner
1842,3_epo,78.0,14.301345140482054,fechner
1843,3_epo,79.0,14.301519147170362,fechner
1844,3_epo,80.0,14.301686680685274,fechner
1845,3_epo,81.0,14.301848058034299,fechner
1846,3_epo,82.0,14.302003577061853,fechner
1847,3_epo,83.0,14.30215351782217,fechner
1848,3_epo,84.0,14.302298143838879,fechner
1849,3_epo,85.0,14.302437703261784,fechner
1850,3_epo,86.0,14.302572429930324,fechner
1851,3_epo,87.0,14.30270254435222,fechner
1852,3_epo,88.0,14.302828254604963,fechner
1853,3_epo,89.0,14.30294975716697,fechner
1854,3_epo,90.0,14.303067237684676,fechner
1855,3_epo,91.0,14.303180871681077,fechner
1856,3_epo,92.0,14.303290825210809,fechner
1857,3_epo,93.0,14.303397255466328,fechner
1858,3_epo,94.0,14.303500311339288,fechner
1859,3_epo,95.0,14.303600133940897,fechner
1860,4_epo,3.0,10.531869203932942,fechner
1861,4_epo,4.0,11.374549254219465,fechner
1862,4_epo,5.0,11.623472036523294,fechner
1863,4_epo,6.0,11.738511966086822,fechner
1864,4_epo,7.000000000000001,11.802449078709122,fechner
1865,4_epo,8.0,11.842013228956233,fechner
1866,4_epo,9.0,11.868321158171156,fechner
1867,4_epo,10.0,11.886750399076075,fechner
1868,4_epo,11.0,11.90018413033191,fechner
1869,4_epo,12.0,11.910289389561006,fechner
1870,4_epo,13.0,11.918087777630038,fechner
1871,4_epo,14.000000000000002,11.924235093402721,fechner
1872,4_epo,15.0,11.929168620366577,fechner
1873,4_epo,16.0,11.93318934513055,fechner
1874,4_epo,17.0,11.936510104812097,fechner
1875,4_epo,18.0,11.939284940138167,fechner
1876,4_epo,19.0,11.941627616123446,fechner
1877,4_epo,20.0,11.943623660366967,fechner
1878,4_epo,21.0,11.945338393812168,fechner
1879,4_epo,22.0,11.946822412325771,fechner
1880,4_epo,23.0,11.948115405371894,fechner
1881,4_epo,24.0,11.949248865296695,fechner
1882,4_epo,25.0,11.95024804143902,fechner
1883,4_epo,26.0,11.951133370756237,fechner
1884,4_epo,27.0,11.951921539537096,fechner
1885,4_epo,28.000000000000004,11.952626281192767,fechner
1886,4_epo,28.999999999999996,11.953258982619037,fechner
1887,4_epo,30.0,11.95382914994127,fechner
1888,4_epo,31.0,11.954344769752868,fechner
1889,4_epo,32.0,11.954812591840069,fechner
1890,4_epo,33.0,11.95523835232582,fechner
1891,4_epo,34.0,11.955626951175178,fechner
1892,4_epo,35.0,11.955982594435644,fechner
1893,4_epo,36.0,11.956308909004607,fechner
1894,4_epo,37.0,11.956609035829649,fechner
1895,4_epo,38.0,11.956885706055743,fechner
1896,4_epo,39.0,11.957141303596858,fechner
1897,4_epo,40.0,11.957377916830918,fechner
1898,4_epo,41.0,11.957597381527947,fechner
1899,4_epo,42.0,11.957801316671166,fechner
1900,4_epo,43.0,11.95799115448549,fechner
1901,4_epo,44.0,11.958168165720359,fechner
1902,4_epo,45.0,11.958333481025441,fechner
1903,4_epo,46.0,11.958488109094812,fechner
1904,4_epo,47.0,11.958632952126298,fechner
1905,4_epo,48.0,11.95876881904087,fechner
1906,4_epo,49.0,11.958896436825574,fechner
1907,4_epo,50.0,11.959016460298589,fechner
1908,4_epo,51.0,11.95912948054236,fechner
1909,4_epo,52.0,11.959236032208594,fechner
1910,4_epo,53.0,11.959336599864445,fechner
1911,4_epo,54.0,11.959431623521052,fechner
1912,4_epo,55.00000000000001,11.959521503462744,fechner
1913,4_epo,56.00000000000001,11.959606604476228,fechner
1914,4_epo,56.99999999999999,11.95968725956351,fechner
1915,4_epo,57.99999999999999,11.959763773209353,fechner
1916,4_epo,59.0,11.959836424263335,fechner
1917,4_epo,60.0,11.959905468487642,fechner
1918,4_epo,61.0,11.959971140814176,fechner
1919,4_epo,62.0,11.960033657348243,fechner
1920,4_epo,63.0,11.960093217150915,fechner
1921,4_epo,64.0,11.96015000382753,fechner
1922,4_epo,65.0,11.960204186946044,fechner
1923,4_epo,66.0,11.960255923305796,fechner
1924,4_epo,67.0,11.960305358074455,fechner
1925,4_epo,68.0,11.960352625808541,fechner
1926,4_epo,69.0,11.96039785137096,fechner
1927,4_epo,70.0,11.9604411507573,fechner
1928,4_epo,71.0,11.96048263184107,fechner
1929,4_epo,72.0,11.960522395046858,fechner
1930,4_epo,73.0,11.960560533959288,fechner
1931,4_epo,74.0,11.96059713587466,fechner
1932,4_epo,75.0,11.960632282301365,fechner
1933,4_epo,76.0,11.960666049414435,fechner
1934,4_epo,77.0,11.960698508468987,fechner
1935,4_epo,78.0,11.960729726176735,fechner
1936,4_epo,79.0,11.960759765049318,fechner
1937,4_epo,80.0,11.96078868371171,fechner
1938,4_epo,81.0,11.960816537188693,fechner
1939,4_epo,82.0,11.960843377166993,fechner
1940,4_epo,83.0,11.9608692522354,fechner
1941,4_epo,84.0,11.960894208104973,fechner
1942,4_epo,85.0,11.960918287811213,fechner
1943,4_epo,86.0,11.960941531899824,fechner
1944,4_epo,87.0,11.960963978597636,fechner
1945,4_epo,88.0,11.960985663969948,fechner
1946,4_epo,89.0,11.961006622065598,fechner
1947,4_epo,90.0,11.961026885050753,fechner
1948,4_epo,91.0,11.961046483332497,fechner
1949,4_epo,92.0,11.961065445673022,fechner
1950,4_epo,93.0,11.961083799295283,fechner
1951,4_epo,94.0,11.961101569980812,fechner
1952,4_epo,95.0,11.961118782160348,fechner
1953,5_epo,3.0,13.392980542292648,fechner
1954,5_epo,4.0,13.809576629015746,fechner
1955,5_epo,5.0,14.01863934039922,fechner
1956,5_epo,6.0,14.140169378917454,fechner
1957,5_epo,7.000000000000001,14.21674937228538,fechner
1958,5_epo,8.0,14.267927422819142,fechner
1959,5_epo,9.0,14.303729698119344,fechner
1960,5_epo,10.0,14.329710919285384,fechner
1961,5_epo,11.0,14.349139807615432,fechner
1962,5_epo,12.0,14.364036770482173,fechner
1963,5_epo,13.0,14.375702844383396,fechner
1964,5_epo,14.000000000000002,14.385005387237008,fechner
1965,5_epo,15.0,14.392540078882334,fechner
1966,5_epo,16.0,14.398726683169674,fechner
1967,5_epo,17.0,14.403867729022743,fechner
1968,5_epo,18.0,14.408185617640807,fechner
1969,5_epo,19.0,14.411846746624683,fechner
1970,5_epo,20.0,14.414977584037828,fechner
1971,5_epo,21.0,14.417675616570026,fechner
1972,5_epo,22.0,14.420016955087528,fechner
1973,5_epo,23.0,14.422061713173052,fechner
1974,5_epo,24.0,14.423857872815015,fechner
1975,5_epo,25.0,14.425444104066159,fechner
1976,5_epo,26.0,14.426851849677416,fechner
1977,5_epo,27.0,14.428106885545253,fechner
1978,5_epo,28.000000000000004,14.429230502208524,fechner
1979,5_epo,28.999999999999996,14.430240408925899,fechner
1980,5_epo,30.0,14.431151432285034,fechner
1981,5_epo,31.0,14.431976060980658,fechner
1982,5_epo,32.0,14.432724874257413,fechner
1983,5_epo,33.0,14.43340688154432,fechner
1984,5_epo,34.0,14.434029793696688,fechner
1985,5_epo,35.0,14.434600241132987,fechner
1986,5_epo,36.0,14.435123950417076,fechner
1987,5_epo,37.0,14.435605888086787,fechner
1988,5_epo,38.0,14.436050378488332,fechner
1989,5_epo,39.0,14.43646120084709,fechner
1990,5_epo,40.0,14.436841669651022,fechner
1991,5_epo,41.0,14.437194701544822,fechner
1992,5_epo,42.0,14.437522871259832,fechner
1993,5_epo,43.0,14.4378284585855,fechner
1994,5_epo,44.0,14.438113487984753,fechner
1995,5_epo,45.0,14.438379762140455,fechner
1996,5_epo,46.0,14.438628890472243,fechner
1997,5_epo,47.0,14.438862313467125,fechner
1998,5_epo,48.0,14.439081323511449,fechner
1999,5_epo,49.0,14.439287082787374,fechner
2000,5_epo,50.0,14.439480638697102,fechner
2001,5_epo,51.0,14.439662937197443,fechner
2002,5_epo,52.0,14.439834834362053,fechner
2003,5_epo,53.0,14.439997106435388,fechner
2004,5_epo,54.0,14.440150458599117,fechner
2005,5_epo,55.00000000000001,14.440295532635938,fechner
2006,5_epo,56.00000000000001,14.440432913646447,fechner
2007,5_epo,56.99999999999999,14.440563135950462,fechner
2008,5_epo,57.99999999999999,14.440686688283952,fechner
2009,5_epo,59.0,14.440804018386055,fechner
2010,5_epo,60.0,14.440915537056613,fechner
2011,5_epo,61.0,14.441021621752924,fechner
2012,5_epo,62.0,14.441122619784528,fechner
2013,5_epo,63.0,14.441218851156576,fechner
2014,5_epo,64.0,14.441310611105237,fechner
2015,5_epo,65.0,14.441398172362693,fechner
2016,5_epo,66.0,14.441481787184172,fechner
2017,5_epo,67.0,14.44156168916516,fechner
2018,5_epo,68.0,14.441638094873259,fechner
2019,5_epo,69.0,14.44171120531596,fechner
2020,5_epo,70.0,14.441781207262945,fechner
2021,5_epo,71.0,14.441848274439144,fechner
2022,5_epo,72.0,14.441912568602774,fechner
2023,5_epo,73.0,14.441974240520887,fechner
2024,5_epo,74.0,14.442033430853389,fechner
2025,5_epo,75.0,14.442090270955214,fechner
2026,5_epo,76.0,14.442144883605208,fechner
2027,5_epo,77.0,14.442197383669267,fechner
2028,5_epo,78.0,14.442247878704437,fechner
2029,5_epo,79.0,14.442296469509868,fechner
2030,5_epo,80.0,14.442343250629952,fechner
2031,5_epo,81.0,14.442388310814271,fechner
2032,5_epo,82.0,14.442431733438593,fechner
2033,5_epo,83.0,14.442473596890606,fechner
2034,5_epo,84.0,14.442513974923736,fechner
2035,5_epo,85.0,14.44255293698203,fechner
2036,5_epo,86.0,14.442590548498787,fechner
2037,5_epo,87.0,14.4426268711713,fechner
2038,5_epo,88.0,14.442661963213931,fechner
2039,5_epo,89.0,14.442695879591371,fechner
2040,5_epo,90.0,14.442728672233907,fechner
2041,5_epo,91.0,14.442760390236213,fechner
2042,5_epo,92.0,14.442791080041143,fechner
2043,5_epo,93.0,14.442820785609738,fechner
2044,5_epo,94.0,14.442849548578687,fechner
2045,5_epo,95.0,14.442877408406233,fechner
2046,6_epo,3.0,11.100017320444937,fechner
2047,6_epo,4.0,12.584638938615187,fechner
2048,6_epo,5.0,13.456557620741231,fechner
2049,6_epo,6.0,14.013962241381217,fechner
2050,6_epo,7.000000000000001,14.387130330274253,fechner
2051,6_epo,8.0,14.64681600299058,fechner
2052,6_epo,9.0,14.83367596110606,fechner
2053,6_epo,10.0,14.972063461974036,fechner
2054,6_epo,11.0,15.077126280156765,fechner
2055,6_epo,12.0,15.158615738698586,fechner
2056,6_epo,13.0,15.223006562027148,fechner
2057,6_epo,14.000000000000002,15.27471852965431,fechner
2058,6_epo,15.0,15.31684409712095,fechner
2059,6_epo,16.0,15.351595223319935,fechner
2060,6_epo,17.0,15.380585566869078,fechner
2061,6_epo,18.0,15.405013324929412,fechner
2062,6_epo,19.0,15.42578248605293,fechner
2063,6_epo,20.0,15.443584962373492,fechner
2064,6_epo,21.0,15.458957307025006,fechner
2065,6_epo,22.0,15.472320577354708,fechner
2066,6_epo,23.0,15.484008807847012,fechner
2067,6_epo,24.0,15.494289650529426,fechner
2068,6_epo,25.0,15.50337954255509,fechner
2069,6_epo,26.0,15.511454992913894,fechner
2070,6_epo,27.0,15.518661079338875,fechner
2071,6_epo,28.000000000000004,15.525117914200145,fechner
2072,6_epo,28.999999999999996,15.530925614314835,fechner
2073,6_epo,30.0,15.53616815658499,fechner
2074,6_epo,31.0,15.540916395366557,fechner
2075,6_epo,32.0,15.545230443100486,fechner
2076,6_epo,33.0,15.549161562941165,fechner
2077,6_epo,34.0,15.55275368422199,fechner
2078,6_epo,35.0,15.556044624113513,fechner
2079,6_epo,36.0,15.55906707870013,fechner
2080,6_epo,37.0,15.561849431822449,fechner
2081,6_epo,38.0,15.564416418938082,fechner
2082,6_epo,39.0,15.566789674913435,fechner
2083,6_epo,40.0,15.568988188339821,fechner
2084,6_epo,41.0,15.57102868014417,fechner
2085,6_epo,42.0,15.572925920557402,fechner
2086,6_epo,43.0,15.574692995635079,fechner
2087,6_epo,44.0,15.576341532291346,fechner
2088,6_epo,45.0,15.577881889057561,fechner
2089,6_epo,46.0,15.579323318398206,fechner
2090,6_epo,47.0,15.580674105324643,fechner
2091,6_epo,48.0,15.581941686177473,fechner
2092,6_epo,49.0,15.583132750751881,fechner
2093,6_epo,50.0,15.584253330380697,fechner
2094,6_epo,51.0,15.585308874137251,fechner
2095,6_epo,52.0,15.586304314953072,fechner
2096,6_epo,53.0,15.587244127146334,fechner
2097,6_epo,54.0,15.588132376611949,fechner
2098,6_epo,55.00000000000001,15.588972764723156,fechner
2099,6_epo,56.00000000000001,15.58976866682861,fechner
2100,6_epo,56.99999999999999,15.590523166091584,fechner
2101,6_epo,57.99999999999999,15.591239083304052,fechner
2102,6_epo,59.0,15.591919003213246,fechner
2103,6_epo,60.0,15.59256529781902,fechner
2104,6_epo,61.0,15.593180147033644,fechner
2105,6_epo,62.0,15.593765557039621,fechner
2106,6_epo,63.0,15.594323376633973,fechner
2107,6_epo,64.0,15.594855311807276,fechner
2108,6_epo,65.0,15.595362938771963,fechner
2109,6_epo,66.0,15.595847715625458,fechner
2110,6_epo,67.0,15.596310992809117,fechner
2111,6_epo,68.0,15.59675402250298,fechner
2112,6_epo,69.0,15.597177967078164,fechner
2113,6_epo,70.0,15.59758390671346,fechner
2114,6_epo,71.0,15.597972846269107,fechner
2115,6_epo,72.0,15.598345721499474,fechner
2116,6_epo,73.0,15.598703404676217,fechner
2117,6_epo,74.0,15.599046709684979,fechner
2118,6_epo,75.0,15.599376396651252,fechner
2119,6_epo,76.0,15.599693176144331,fechner
2120,6_epo,77.0,15.59999771300289,fechner
2121,6_epo,78.0,15.600290629820472,fechner
2122,6_epo,79.0,15.600572510125074,fechner
2123,6_epo,80.0,15.600843901283097,fechner
2124,6_epo,81.0,15.601105317154609,fechner
2125,6_epo,82.0,15.601357240523985,fechner
2126,6_epo,83.0,15.60160012532736,fechner
2127,6_epo,84.0,15.601834398696067,fechner
2128,6_epo,85.0,15.602060462833235,fechner
2129,6_epo,86.0,15.602278696738924,fechner
2130,6_epo,87.0,15.602489457797605,fechner
2131,6_epo,88.0,15.602693083240409,fechner
2132,6_epo,89.0,15.602889891493263,fechner
2133,6_epo,90.0,15.603080183421046,fechner
2134,6_epo,91.0,15.603264243476739,fechner
2135,6_epo,92.0,15.603442340763854,fechner
2136,6_epo,93.0,15.603614730019476,fechner
2137,6_epo,94.0,15.603781652524685,fechner
2138,6_epo,95.0,15.603943336948328,fechner
2139,7_epo,3.0,12.04302453861946,fechner
2140,7_epo,4.0,12.828325870121606,fechner
2141,7_epo,5.0,13.326382026063417,fechner
2142,7_epo,6.0,13.662236776866251,fechner
2143,7_epo,7.000000000000001,13.895481066512241,fechner
2144,7_epo,8.0,14.062018622267274,fechner
2145,7_epo,9.0,14.184086787619833,fechner
2146,7_epo,10.0,14.27573009494234,fechner
2147,7_epo,11.0,14.346024819208449,fechner
2148,7_epo,12.0,14.400981853127455,fechner
2149,7_epo,13.0,14.444679294847083,fechner
2150,7_epo,14.000000000000002,14.47994792938495,fechner
2151,7_epo,15.0,14.508794828122873,fechner
2152,7_epo,16.0,14.532670980658041,fechner
2153,7_epo,17.0,14.552644151426126,fechner
2154,7_epo,18.0,14.569512910545306,fechner
2155,7_epo,19.0,14.583883374293185,fechner
2156,7_epo,20.0,14.596221821370715,fechner
2157,7_epo,21.0,14.606891398766214,fechner
2158,7_epo,22.0,14.616178142592462,fechner
2159,7_epo,23.0,14.62430970055989,fechner
2160,7_epo,24.0,14.631468989961876,fechner
2161,7_epo,25.0,14.637804289198899,fechner
2162,7_epo,26.0,14.643436783087962,fechner
2163,7_epo,27.0,14.648466266955886,fechner
2164,7_epo,28.000000000000004,14.652975503334952,fechner
2165,7_epo,28.999999999999996,14.657033581583754,fechner
2166,7_epo,30.0,14.66069853193731,fechner
2167,7_epo,31.0,14.664019376576361,fechner
2168,7_epo,32.0,14.667037751674037,fechner
2169,7_epo,33.0,14.66978919967417,fechner
2170,7_epo,34.0,14.672304206029402,fechner
2171,7_epo,35.0,14.674609036399742,fechner
2172,7_epo,36.0,14.676726416911853,fechner
2173,7_epo,37.0,14.678676090140048,fechner
2174,7_epo,38.0,14.680475272035686,fechner
2175,7_epo,39.0,14.682139029426725,fechner
2176,7_epo,40.0,14.683680593451562,fechner
2177,7_epo,41.0,14.685111621033753,fechner
2178,7_epo,42.0,14.68644241399485,fechner
2179,7_epo,43.0,14.68768210345716,fechner
2180,7_epo,44.0,14.68883880567028,fechner
2181,7_epo,45.0,14.689919754204372,fechner
2182,7_epo,46.0,14.690931412513129,fechner
2183,7_epo,47.0,14.691879570123572,fechner
2184,7_epo,48.0,14.692769425115166,fechner
2185,7_epo,49.0,14.693605655074018,fechner
2186,7_epo,50.0,14.69439247832407,fechner
2187,7_epo,51.0,14.695133706926864,fechner
2188,7_epo,52.0,14.695832792689028,fechner
2189,7_epo,53.0,14.69649286721109,fechner
2190,7_epo,54.0,14.697116776842506,fechner
2191,7_epo,55.00000000000001,14.697707113269315,fechner
2192,7_epo,56.00000000000001,14.698266240346474,fechner
2193,7_epo,56.99999999999999,14.698796317692105,fechner
2194,7_epo,57.99999999999999,14.699299321482284,fechner
2195,7_epo,59.0,14.699777062819248,fechner
2196,7_epo,60.0,14.700231203991054,fechner
2197,7_epo,61.0,14.700663272894584,fechner
2198,7_epo,62.0,14.70107467585505,fechner
2199,7_epo,63.0,14.70146670904234,fechner
2200,7_epo,64.0,14.701840568656932,fechner
2201,7_epo,65.0,14.702197360034486,fechner
2202,7_epo,66.0,14.70253810579824,fechner
2203,7_epo,67.0,14.702863753171286,fechner
2204,7_epo,68.0,14.70317518054614,fechner
2205,7_epo,69.0,14.70347320339653,fechner
2206,7_epo,70.0,14.703758579605582,fechner
2207,7_epo,71.0,14.704032014275239,fechner
2208,7_epo,72.0,14.704294164073852,fechner
2209,7_epo,73.0,14.704545641171906,fechner
2210,7_epo,74.0,14.704787016809814,fechner
2211,7_epo,75.0,14.705018824536573,fechner
2212,7_epo,76.0,14.70524156315353,fechner
2213,7_epo,77.0,14.705455699393488,fechner
2214,7_epo,78.0,14.705661670362025,fechner
2215,7_epo,79.0,14.705859885764815,fechner
2216,7_epo,80.0,14.706050729942099,fechner
2217,7_epo,81.0,14.7062345637292,fechner
2218,7_epo,82.0,14.70641172615977,fechner
2219,7_epo,83.0,14.70658253602689,fechner
2220,7_epo,84.0,14.706747293315322,fechner
2221,7_epo,85.0,14.706906280516966,fechner
2222,7_epo,86.0,14.707059763840258,fechner
2223,7_epo,87.0,14.707207994323182,fechner
2224,7_epo,88.0,14.707351208858563,fechner
2225,7_epo,89.0,14.707489631139435,fechner
2226,7_epo,90.0,14.707623472531562,fechner
2227,7_epo,91.0,14.707752932879421,fechner
2228,7_epo,92.0,14.707878201251374,fechner
2229,7_epo,93.0,14.70799945662929,fechner
2230,7_epo,94.0,14.708116868547153,fechner
2231,7_epo,95.0,14.7082305976831,fechner
2232,8_epo,3.0,11.626860654288379,fechner
2233,8_epo,4.0,13.163376628248912,fechner
2234,8_epo,5.0,13.653715269607774,fechner
2235,8_epo,6.0,13.886478971483937,fechner
2236,8_epo,7.000000000000001,14.017583256892038,fechner
2237,8_epo,8.0,14.099343138092522,fechner
2238,8_epo,9.0,14.153979406530803,fechner
2239,8_epo,10.0,14.192382805696344,fechner
2240,8_epo,11.0,14.220443996567615,fechner
2241,8_epo,12.0,14.241590155402601,fechner
2242,8_epo,13.0,14.257931152755125,fechner
2243,8_epo,14.000000000000002,14.270826079625198,fechner
2244,8_epo,15.0,14.28118361170054,fechner
2245,8_epo,16.0,14.289630534874066,fechner
2246,8_epo,17.0,14.296610832541486,fechner
2247,8_epo,18.0,14.30244629052351,fechner
2248,8_epo,19.0,14.307374837998708,fechner
2249,8_epo,20.0,14.311575523637515,fechner
2250,8_epo,21.0,14.315185207922406,fechner
2251,8_epo,22.0,14.318309974653037,fechner
2252,8_epo,23.0,14.321033091226683,fechner
2253,8_epo,24.0,14.32342066280496,fechner
2254,8_epo,25.0,14.325525714523135,fechner
2255,8_epo,26.0,14.327391182718113,fechner
2256,8_epo,27.0,14.329052136508354,fechner
2257,8_epo,28.000000000000004,14.330537448256424,fechner
2258,8_epo,28.999999999999996,14.33187106396615,fechner
2259,8_epo,30.0,14.333072979591469,fechner
2260,8_epo,31.0,14.33415999863735,fechner
2261,8_epo,32.0,14.335146325354195,fechner
2262,8_epo,33.0,14.336044033104855,fechner
2263,8_epo,34.0,14.336863437069777,fechner
2264,8_epo,35.0,14.337613393001948,fechner
2265,8_epo,36.0,14.33830153834903,fechner
2266,8_epo,37.0,14.338934488115777,fechner
2267,8_epo,38.0,14.339517994927881,fechner
2268,8_epo,39.0,14.340057080588787,fechner
2269,8_epo,40.0,14.34055614479088,fechner
2270,8_epo,41.0,14.341019055407575,fechner
2271,8_epo,42.0,14.34144922385026,fechner
2272,8_epo,43.0,14.341849668249578,fechner
2273,8_epo,44.0,14.34222306665955,fechner
2274,8_epo,45.0,14.342571802046182,fechner
2275,8_epo,46.0,14.342898000479668,fechner
2276,8_epo,47.0,14.343203563679214,fechner
2277,8_epo,48.0,14.343490196845508,fechner
2278,8_epo,49.0,14.34375943254503,fechner
2279,8_epo,50.0,14.344012651273877,fechner
2280,8_epo,51.0,14.34425109921847,fechner
2281,8_epo,52.0,14.344475903641703,fechner
2282,8_epo,53.0,14.344688086250631,fechner
2283,8_epo,54.0,14.344888574842829,fechner
2284,8_epo,55.00000000000001,14.345078213480287,fechner
2285,8_epo,56.00000000000001,14.345257771399822,fechner
2286,8_epo,56.99999999999999,14.345427950836301,fechner
2287,8_epo,57.99999999999999,14.345589393907687,fechner
2288,8_epo,59.0,14.345742688688373,fechner
2289,8_epo,60.0,14.345888374578367,fechner
2290,8_epo,61.0,14.346026947060158,fechner
2291,8_epo,62.0,14.346158861921799,fechner
2292,8_epo,63.0,14.346284539013562,fechner
2293,8_epo,64.0,14.346404365596193,fechner
2294,8_epo,65.0,14.346518699330714,fechner
2295,8_epo,66.0,14.346627870952956,fechner
2296,8_epo,67.0,14.346732186670323,fechner
2297,8_epo,68.0,14.346831930313183,fechner
2298,8_epo,69.0,14.346927365269307,fechner
2299,8_epo,70.0,14.347018736225909,fechner
2300,8_epo,71.0,14.347106270740884,fechner
2301,8_epo,72.0,14.347190180662162,fechner
2302,8_epo,73.0,14.347270663411653,fechner
2303,8_epo,74.0,14.347347903148446,fechner
2304,8_epo,75.0,14.347422071823976,fechner
2305,8_epo,76.0,14.347493330140539,fechner
2306,8_epo,77.0,14.347561828423121,fechner
2307,8_epo,78.0,14.34762770741341,fechner
2308,8_epo,79.0,14.34769109899377,fechner
2309,8_epo,80.0,14.347752126848222,fechner
2310,8_epo,81.0,14.347810907066615,fechner
2311,8_epo,82.0,14.34786754869739,fechner
2312,8_epo,83.0,14.347922154254071,fechner
2313,8_epo,84.0,14.347974820179656,fechner
2314,8_epo,85.0,14.348025637273022,fechner
2315,8_epo,86.0,14.348074691080727,fechner
2316,8_epo,87.0,14.348122062257493,fechner
2317,8_epo,88.0,14.348167826898134,fechner
2318,8_epo,89.0,14.348212056843446,fechner
2319,8_epo,90.0,14.348254819962508,fechner
2320,8_epo,91.0,14.348296180413303,fechner
2321,8_epo,92.0,14.348336198883617,fechner
2322,8_epo,93.0,14.348374932813881,fechner
2323,8_epo,94.0,14.348412436603507,fechner
2324,8_epo,95.0,14.348448761802084,fechner
2325,9_epo,3.0,11.97121888677123,fechner
2326,9_epo,4.0,11.97121888677123,fechner
2327,9_epo,5.0,11.97121888677123,fechner
2328,9_epo,6.0,11.97121888677123,fechner
2329,9_epo,7.000000000000001,11.97121888677123,fechner
2330,9_epo,8.0,11.97121888677123,fechner
2331,9_epo,9.0,11.97121888677123,fechner
2332,9_epo,10.0,11.97121888677123,fechner
2333,9_epo,11.0,11.97121888677123,fechner
2334,9_epo,12.0,11.97121888677123,fechner
2335,9_epo,13.0,11.97121888677123,fechner
2336,9_epo,14.000000000000002,11.97121888677123,fechner
2337,9_epo,15.0,11.97121888677123,fechner
2338,9_epo,16.0,11.97121888677123,fechner
2339,9_epo,17.0,11.97121888677123,fechner
2340,9_epo,18.0,11.97121888677123,fechner
2341,9_epo,19.0,11.97121888677123,fechner
2342,9_epo,20.0,11.97121888677123,fechner
2343,9_epo,21.0,11.97121888677123,fechner
2344,9_epo,22.0,11.97121888677123,fechner
2345,9_epo,23.0,11.97121888677123,fechner
2346,9_epo,24.0,11.97121888677123,fechner
2347,9_epo,25.0,11.97121888677123,fechner
2348,9_epo,26.0,11.97121888677123,fechner
2349,9_epo,27.0,11.97121888677123,fechner
2350,9_epo,28.000000000000004,11.97121888677123,fechner
2351,9_epo,28.999999999999996,11.97121888677123,fechner
2352,9_epo,30.0,11.97121888677123,fechner
2353,9_epo,31.0,11.97121888677123,fechner
2354,9_epo,32.0,11.97121888677123,fechner
2355,9_epo,33.0,11.97121888677123,fechner
2356,9_epo,34.0,11.97121888677123,fechner
2357,9_epo,35.0,11.97121888677123,fechner
2358,9_epo,36.0,11.97121888677123,fechner
2359,9_epo,37.0,11.97121888677123,fechner
2360,9_epo,38.0,11.97121888677123,fechner
2361,9_epo,39.0,11.97121888677123,fechner
2362,9_epo,40.0,11.97121888677123,fechner
2363,9_epo,41.0,11.97121888677123,fechner
2364,9_epo,42.0,11.97121888677123,fechner
2365,9_epo,43.0,11.97121888677123,fechner
2366,9_epo,44.0,11.97121888677123,fechner
2367,9_epo,45.0,11.97121888677123,fechner
2368,9_epo,46.0,11.97121888677123,fechner
2369,9_epo,47.0,11.97121888677123,fechner
2370,9_epo,48.0,11.97121888677123,fechner
2371,9_epo,49.0,11.97121888677123,fechner
2372,9_epo,50.0,11.97121888677123,fechner
2373,9_epo,51.0,11.97121888677123,fechner
2374,9_epo,52.0,11.97121888677123,fechner
2375,9_epo,53.0,11.97121888677123,fechner
2376,9_epo,54.0,11.97121888677123,fechner
2377,9_epo,55.00000000000001,11.97121888677123,fechner
2378,9_epo,56.00000000000001,11.97121888677123,fechner
2379,9_epo,56.99999999999999,11.97121888677123,fechner
2380,9_epo,57.99999999999999,11.97121888677123,fechner
2381,9_epo,59.0,11.97121888677123,fechner
2382,9_epo,60.0,11.97121888677123,fechner
2383,9_epo,61.0,11.97121888677123,fechner
2384,9_epo,62.0,11.97121888677123,fechner
2385,9_epo,63.0,11.97121888677123,fechner
2386,9_epo,64.0,11.97121888677123,fechner
2387,9_epo,65.0,11.97121888677123,fechner
2388,9_epo,66.0,11.97121888677123,fechner
2389,9_epo,67.0,11.97121888677123,fechner
2390,9_epo,68.0,11.97121888677123,fechner
2391,9_epo,69.0,11.97121888677123,fechner
2392,9_epo,70.0,11.97121888677123,fechner
2393,9_epo,71.0,11.97121888677123,fechner
2394,9_epo,72.0,11.97121888677123,fechner
2395,9_epo,73.0,11.97121888677123,fechner
2396,9_epo,74.0,11.97121888677123,fechner
2397,9_epo,75.0,11.97121888677123,fechner
2398,9_epo,76.0,11.97121888677123,fechner
2399,9_epo,77.0,11.97121888677123,fechner
2400,9_epo,78.0,11.97121888677123,fechner
2401,9_epo,79.0,11.97121888677123,fechner
2402,9_epo,80.0,11.97121888677123,fechner
2403,9_epo,81.0,11.97121888677123,fechner
2404,9_epo,82.0,11.97121888677123,fechner
2405,9_epo,83.0,11.97121888677123,fechner
2406,9_epo,84.0,11.97121888677123,fechner
2407,9_epo,85.0,11.97121888677123,fechner
2408,9_epo,86.0,11.97121888677123,fechner
2409,9_epo,87.0,11.97121888677123,fechner
2410,9_epo,88.0,11.97121888677123,fechner
2411,9_epo,89.0,11.97121888677123,fechner
2412,9_epo,90.0,11.97121888677123,fechner
2413,9_epo,91.0,11.97121888677123,fechner
2414,9_epo,92.0,11.97121888677123,fechner
2415,9_epo,93.0,11.97121888677123,fechner
2416,9_epo,94.0,11.97121888677123,fechner
2417,9_epo,95.0,11.97121888677123,fechner
