,participant,contrast,mrt,name
0,0_epo,3.0,25.95367939901648,fechner
1,0_epo,4.0,27.210269869455757,fechner
2,0_epo,5.0,28.16487505138721,fechner
3,0_epo,6.0,28.915756982713052,fechner
4,0_epo,7.000000000000001,29.503510543099388,fechner
5,0_epo,8.0,29.963201761195158,fechner
6,0_epo,9.0,30.324401034020102,fechner
7,0_epo,10.0,30.610497178933663,fechner
8,0_epo,11.0,30.839319207495194,fechner
9,0_epo,12.0,31.024234073275377,fechner
10,0_epo,13.0,31.175217663969065,fechner
11,0_epo,14.000000000000002,31.299732044539105,fechner
12,0_epo,15.0,31.40339297768877,fechner
13,0_epo,16.0,31.490461179764083,fechner
14,0_epo,17.0,31.564198828967008,fechner
15,0_epo,18.0,31.627127324039023,fechner
16,0_epo,19.0,31.681214019404393,fechner
17,0_epo,20.0,31.728008219346663,fechner
18,0_epo,21.0,31.768740922952315,fechner
19,0_epo,22.0,31.80439857444091,fechner
20,0_epo,23.0,31.83577806033083,fechner
21,0_epo,24.0,31.86352807900683,fechner
22,0_epo,25.0,31.888180528475154,fechner
23,0_epo,26.0,31.91017452226859,fechner
24,0_epo,27.0,31.929874915626844,fechner
25,0_epo,28.000000000000004,31.94758670978093,fechner
26,0_epo,28.999999999999996,31.963566336338836,fechner
27,0_epo,30.0,31.97803056165075,fechner
28,0_epo,31.0,31.991163561799727,fechner
29,0_epo,32.0,32.003122581199214,fechner
30,0_epo,33.0,32.014042486860646,fechner
31,0_epo,34.0,32.02403945585423,fechner
32,0_epo,35.0,32.033213978021124,fechner
33,0_epo,36.0,32.04165331442627,fechner
34,0_epo,37.0,32.049433520669204,fechner
35,0_epo,38.0,32.056621120333006,fechner
36,0_epo,39.0,32.063274495622274,fechner
37,0_epo,40.0,32.0694450482112,fechner
38,0_epo,41.0,32.07517817246086,fechner
39,0_epo,42.0,32.0805140747055,fechner
40,0_epo,43.0,32.085488465682744,fechner
41,0_epo,44.0,32.090133147966746,fechner
42,0_epo,45.0,32.09447651613422,fechner
43,0_epo,46.0,32.098543984110115,fechner
44,0_epo,47.0,32.102358351514354,fechner
45,0_epo,48.0,32.105940118724,fechner
46,0_epo,49.0,32.10930775866494,fechner
47,0_epo,50.0,32.11247795197076,fechner
48,0_epo,51.0,32.11546579102622,fechner
49,0_epo,52.0,32.118284957498204,fechner
50,0_epo,53.0,32.120947877207605,fechner
51,0_epo,54.0,32.123465855578324,fechner
52,0_epo,55.00000000000001,32.12584919639056,fechner
53,0_epo,56.00000000000001,32.12810730614304,fechner
54,0_epo,56.99999999999999,32.1302487859784,fechner
55,0_epo,57.99999999999999,32.13228151283274,fechner
56,0_epo,59.0,32.13421271122584,fechner
57,0_epo,60.0,32.13604901690273,fechner
58,0_epo,61.0,32.13779653336443,fechner
59,0_epo,62.0,32.139460882179684,fechner
60,0_epo,63.0,32.141047247845684,fechner
61,0_epo,64.0,32.142560417861255,fechner
62,0_epo,65.0,32.14400481858636,fechner
63,0_epo,66.0,32.1453845473859,fechner
64,0_epo,67.0,32.146703401490484,fechner
65,0_epo,68.0,32.147964903951376,fechner
66,0_epo,69.0,32.14917232701841,fechner
67,0_epo,70.0,32.15032871322895,fechner
68,0_epo,71.0,32.151436894459906,fechner
69,0_epo,72.0,32.1524995091643,fechner
70,0_epo,73.0,32.1535190179871,fechner
71,0_epo,74.0,32.154497717931996,fechner
72,0_epo,75.0,32.155437755230416,fechner
73,0_epo,76.0,32.156341137046795,fechner
74,0_epo,77.0,32.15720974213872,fechner
75,0_epo,78.0,32.1580453305769,fechner
76,0_epo,79.0,32.15884955261867,fechner
77,0_epo,80.0,32.15962395681799,fechner
78,0_epo,81.0,32.160369997446004,fechner
79,0_epo,82.0,32.161089041288314,fechner
80,0_epo,83.0,32.16178237387804,fechner
81,0_epo,84.0,32.16245120521738,fechner
82,0_epo,85.0,32.163096675035156,fechner
83,0_epo,86.0,32.163719857622766,fechner
84,0_epo,87.0,32.1643217662867,fechner
85,0_epo,88.0,32.164903357451884,fechner
86,0_epo,89.0,32.165465534446916,fechner
87,0_epo,90.0,32.16600915099886,fechner
88,0_epo,91.0,32.1665350144629,fechner
89,0_epo,92.0,32.16704388880948,fechner
90,0_epo,93.0,32.16753649738965,fechner
91,0_epo,94.0,32.168013525496946,fechner
92,0_epo,95.0,32.16847562274308,fechner
93,10_epo,3.0,35.0563898440411,fechner
94,10_epo,4.0,35.05639687093589,fechner
95,10_epo,5.0,35.05639871282737,fechner
96,10_epo,6.0,35.05639953241036,fechner
97,10_epo,7.000000000000001,35.056399979641014,fechner
98,10_epo,8.0,35.05640025348856,fechner
99,10_epo,9.0,35.056400434371255,fechner
100,10_epo,10.0,35.05640056051221,fechner
101,10_epo,11.0,35.056400652166076,fechner
102,10_epo,12.0,35.05640072094777,fechner
103,10_epo,13.0,35.05640077393223,fechner
104,10_epo,14.000000000000002,35.05640081564038,fechner
105,10_epo,15.0,35.05640084907603,fechner
106,10_epo,16.0,35.056400876300934,fechner
107,10_epo,17.0,35.05640089876972,fechner
108,10_epo,18.0,35.05640091753324,fechner
109,10_epo,19.0,35.05640093336634,fechner
110,10_epo,20.0,35.056400946850864,fechner
111,10_epo,21.0,35.05640095843064,fechner
112,10_epo,22.0,35.05640096844917,fechner
113,10_epo,23.0,35.05640097717567,fechner
114,10_epo,24.0,35.056400984823604,fechner
115,10_epo,25.0,35.05640099156404,fechner
116,10_epo,26.0,35.056400997535334,fechner
117,10_epo,27.0,35.056401002850414,fechner
118,10_epo,28.000000000000004,35.05640100760218,fechner
119,10_epo,28.999999999999996,35.056401011867656,fechner
120,10_epo,30.0,35.056401015711074,fechner
121,10_epo,31.0,35.05640101918642,fechner
122,10_epo,32.0,35.05640102233929,fechner
123,10_epo,33.0,35.05640102520842,fechner
124,10_epo,34.0,35.05640102782693,fechner
125,10_epo,35.0,35.056401030223185,fechner
126,10_epo,36.0,35.05640103242168,fechner
127,10_epo,37.0,35.05640103444362,fechner
128,10_epo,38.0,35.05640103630741,fechner
129,10_epo,39.0,35.05640103802917,fechner
130,10_epo,40.0,35.05640103962296,fechner
131,10_epo,41.0,35.056401041101175,fechner
132,10_epo,42.0,35.056401042474725,fechner
133,10_epo,43.0,35.05640104375329,fechner
134,10_epo,44.0,35.05640104494541,fechner
135,10_epo,45.0,35.056401046058724,fechner
136,10_epo,46.0,35.05640104710004,fechner
137,10_epo,47.0,35.05640104807543,fechner
138,10_epo,48.0,35.05640104899034,fechner
139,10_epo,49.0,35.05640104984969,fechner
140,10_epo,50.0,35.056401050657875,fechner
141,10_epo,51.0,35.05640105141888,fechner
142,10_epo,52.0,35.05640105213632,fechner
143,10_epo,53.0,35.056401052813456,fechner
144,10_epo,54.0,35.05640105345325,fechner
145,10_epo,55.00000000000001,35.0564010540584,fechner
146,10_epo,56.00000000000001,35.056401054631365,fechner
147,10_epo,56.99999999999999,35.05640105517438,fechner
148,10_epo,57.99999999999999,35.05640105568952,fechner
149,10_epo,59.0,35.05640105617863,fechner
150,10_epo,60.0,35.05640105664346,fechner
151,10_epo,61.0,35.05640105708558,fechner
152,10_epo,62.0,35.05640105750645,fechner
153,10_epo,63.0,35.056401057907415,fechner
154,10_epo,64.0,35.0564010582897,fechner
155,10_epo,65.0,35.05640105865446,fechner
156,10_epo,66.0,35.05640105900274,fechner
157,10_epo,67.0,35.05640105933552,fechner
158,10_epo,68.0,35.05640105965372,fechner
159,10_epo,69.0,35.056401059958155,fechner
160,10_epo,70.0,35.056401060249634,fechner
161,10_epo,71.0,35.05640106052887,fechner
162,10_epo,72.0,35.05640106079653,fechner
163,10_epo,73.0,35.05640106105326,fechner
164,10_epo,74.0,35.05640106129964,fechner
165,10_epo,75.0,35.05640106153622,fechner
166,10_epo,76.0,35.056401061763516,fechner
167,10_epo,77.0,35.05640106198201,fechner
168,10_epo,78.0,35.056401062192144,fechner
169,10_epo,79.0,35.05640106239434,fechner
170,10_epo,80.0,35.05640106258899,fechner
171,10_epo,81.0,35.05640106277648,fechner
172,10_epo,82.0,35.05640106295714,fechner
173,10_epo,83.0,35.0564010631313,fechner
174,10_epo,84.0,35.05640106329928,fechner
175,10_epo,85.0,35.056401063461365,fechner
176,10_epo,86.0,35.05640106361781,fechner
177,10_epo,87.0,35.0564010637689,fechner
178,10_epo,88.0,35.05640106391486,fechner
179,10_epo,89.0,35.05640106405592,fechner
180,10_epo,90.0,35.056401064192315,fechner
181,10_epo,91.0,35.05640106432422,fechner
182,10_epo,92.0,35.056401064451855,fechner
183,10_epo,93.0,35.05640106457539,fechner
184,10_epo,94.0,35.056401064694995,fechner
185,10_epo,95.0,35.05640106481084,fechner
186,11_epo,3.0,24.727269413025066,fechner
187,11_epo,4.0,26.43322416308507,fechner
188,11_epo,5.0,27.83851842035182,fechner
189,11_epo,6.0,29.055868972668826,fechner
190,11_epo,7.000000000000001,30.09959483282425,fechner
191,11_epo,8.0,30.98310999356835,fechner
192,11_epo,9.0,31.72501388451271,fechner
193,11_epo,10.0,32.34591489829802,fechner
194,11_epo,11.0,32.865615487708425,fechner
195,11_epo,12.0,33.30168973008787,fechner
196,11_epo,13.0,33.66904696102249,fechner
197,11_epo,14.000000000000002,33.980016657313904,fechner
198,11_epo,15.0,34.24465344509492,fechner
199,11_epo,16.0,34.471101093484315,fechner
200,11_epo,17.0,34.665940452588046,fechner
201,11_epo,18.0,34.83449245411452,fechner
202,11_epo,19.0,34.98106975263628,fechner
203,11_epo,20.0,35.10918036697443,fechner
204,11_epo,21.0,35.22169015066132,fechner
205,11_epo,22.0,35.32095147076329,fechner
206,11_epo,23.0,35.4089048166647,fechner
207,11_epo,24.0,35.48715901354856,fechner
208,11_epo,25.0,35.55705464461462,fechner
209,11_epo,26.0,35.61971433527668,fechner
210,11_epo,27.0,35.676082762127045,fechner
211,11_epo,28.000000000000004,35.72695861516223,fechner
212,11_epo,28.999999999999996,35.77302024291166,fechner
213,11_epo,30.0,35.81484632224449,fechner
214,11_epo,31.0,35.85293259491261,fechner
215,11_epo,32.0,35.88770548193028,fechner
216,11_epo,33.0,35.919533209010616,fechner
217,11_epo,34.0,35.94873493914257,fechner
218,11_epo,35.0,35.975588302448514,fechner
219,11_epo,36.0,36.00033563138881,fechner
220,11_epo,37.0,36.02318914558905,fechner
221,11_epo,38.0,36.04433528080522,fechner
222,11_epo,39.0,36.06393831757684,fechner
223,11_epo,40.0,36.082143434483804,fechner
224,11_epo,41.0,36.09907928674157,fechner
225,11_epo,42.0,36.11486019170247,fechner
226,11_epo,43.0,36.12958798757793,fechner
227,11_epo,44.0,36.14335361950804,fechner
228,11_epo,45.0,36.15623849732675,fechner
229,11_epo,46.0,36.168315661495676,fechner
230,11_epo,47.0,36.179650787312156,fechner
231,11_epo,48.0,36.19030305232977,fechner
232,11_epo,49.0,36.20032588772011,fechner
233,11_epo,50.0,36.2097676308636,fechner
234,11_epo,51.0,36.21867209363415,fechner
235,11_epo,52.0,36.227079058518896,fechner
236,11_epo,53.0,36.23502471279474,fechner
237,11_epo,54.0,36.2425420293933,fechner
238,11_epo,55.00000000000001,36.24966110176415,fechner
239,11_epo,56.00000000000001,36.256409438943955,fechner
240,11_epo,56.99999999999999,36.262812226117774,fechner
241,11_epo,57.99999999999999,36.268892555185644,fechner
242,11_epo,59.0,36.27467162919779,fechner
243,11_epo,60.0,36.28016894397354,fechner
244,11_epo,61.0,36.28540244975535,fechner
245,11_epo,62.0,36.290388695356704,fechner
246,11_epo,63.0,36.295142956928416,fechner
247,11_epo,64.0,36.29967935318346,fechner
248,11_epo,65.0,36.30401094867742,fechner
249,11_epo,66.0,36.308149846533674,fechner
250,11_epo,67.0,36.31210727182385,fechner
251,11_epo,68.0,36.31589364666096,fechner
252,11_epo,69.0,36.319518657930054,fechner
253,11_epo,70.0,36.322991318467224,fechner
254,11_epo,71.0,36.32632002239924,fechner
255,11_epo,72.0,36.32951259526997,fechner
256,11_epo,73.0,36.33257633950597,fechner
257,11_epo,74.0,36.33551807570841,fechner
258,11_epo,75.0,36.33834418020235,fechner
259,11_epo,76.0,36.34106061922504,fechner
260,11_epo,77.0,36.34367298009178,fechner
261,11_epo,78.0,36.346186499640076,fechner
262,11_epo,79.0,36.34860609021978,fechner
263,11_epo,80.0,36.35093636346752,fechner
264,11_epo,81.0,36.35318165207826,fechner
265,11_epo,82.0,36.355346029764085,fechner
266,11_epo,83.0,36.35743332957018,fechner
267,11_epo,84.0,36.35944716070058,fechner
268,11_epo,85.0,36.361390923990214,fechner
269,11_epo,86.0,36.363267826146064,fechner
270,11_epo,87.0,36.36508089286793,fechner
271,11_epo,88.0,36.36683298094814,fechner
272,11_epo,89.0,36.368526789439876,fechner
273,11_epo,90.0,36.370164869974964,fechner
274,11_epo,91.0,36.371749636304315,fechner
275,11_epo,92.0,36.37328337312697,fechner
276,11_epo,93.0,36.374768244267685,fechner
277,11_epo,94.0,36.376206300257465,fechner
278,11_epo,95.0,36.37759948536597,fechner
279,12_epo,3.0,37.14803699862859,fechner
280,12_epo,4.0,37.14803709624533,fechner
281,12_epo,5.0,37.14803712182254,fechner
282,12_epo,6.0,37.14803713320223,fechner
283,12_epo,7.000000000000001,37.148037139411564,fechner
284,12_epo,8.0,37.14803714321352,fechner
285,12_epo,9.0,37.14803714572475,fechner
286,12_epo,10.0,37.14803714747597,fechner
287,12_epo,11.0,37.1480371487484,fechner
288,12_epo,12.0,37.14803714970328,fechner
289,12_epo,13.0,37.148037150438846,fechner
290,12_epo,14.000000000000002,37.14803715101787,fechner
291,12_epo,15.0,37.14803715148204,fechner
292,12_epo,16.0,37.148037151859995,fechner
293,12_epo,17.0,37.148037152171916,fechner
294,12_epo,18.0,37.1480371524324,fechner
295,12_epo,19.0,37.14803715265221,fechner
296,12_epo,20.0,37.1480371528394,fechner
297,12_epo,21.0,37.14803715300015,fechner
298,12_epo,22.0,37.14803715313924,fechner
299,12_epo,23.0,37.14803715326038,fechner
300,12_epo,24.0,37.14803715336656,fechner
301,12_epo,25.0,37.14803715346013,fechner
302,12_epo,26.0,37.14803715354303,fechner
303,12_epo,27.0,37.14803715361681,fechner
304,12_epo,28.000000000000004,37.14803715368278,fechner
305,12_epo,28.999999999999996,37.148037153741996,fechner
306,12_epo,30.0,37.14803715379535,fechner
307,12_epo,31.0,37.148037153843596,fechner
308,12_epo,32.0,37.148037153887365,fechner
309,12_epo,33.0,37.1480371539272,fechner
310,12_epo,34.0,37.14803715396354,fechner
311,12_epo,35.0,37.14803715399681,fechner
312,12_epo,36.0,37.148037154027335,fechner
313,12_epo,37.0,37.1480371540554,fechner
314,12_epo,38.0,37.14803715408128,fechner
315,12_epo,39.0,37.14803715410518,fechner
316,12_epo,40.0,37.1480371541273,fechner
317,12_epo,41.0,37.14803715414783,fechner
318,12_epo,42.0,37.14803715416689,fechner
319,12_epo,43.0,37.14803715418465,fechner
320,12_epo,44.0,37.1480371542012,fechner
321,12_epo,45.0,37.148037154216645,fechner
322,12_epo,46.0,37.148037154231105,fechner
323,12_epo,47.0,37.14803715424465,fechner
324,12_epo,48.0,37.148037154257345,fechner
325,12_epo,49.0,37.148037154269275,fechner
326,12_epo,50.0,37.148037154280495,fechner
327,12_epo,51.0,37.14803715429106,fechner
328,12_epo,52.0,37.148037154301015,fechner
329,12_epo,53.0,37.14803715431042,fechner
330,12_epo,54.0,37.148037154319304,fechner
331,12_epo,55.00000000000001,37.1480371543277,fechner
332,12_epo,56.00000000000001,37.148037154335654,fechner
333,12_epo,56.99999999999999,37.14803715434319,fechner
334,12_epo,57.99999999999999,37.14803715435035,fechner
335,12_epo,59.0,37.148037154357134,fechner
336,12_epo,60.0,37.148037154363585,fechner
337,12_epo,61.0,37.148037154369725,fechner
338,12_epo,62.0,37.14803715437557,fechner
339,12_epo,63.0,37.148037154381136,fechner
340,12_epo,64.0,37.148037154386444,fechner
341,12_epo,65.0,37.14803715439151,fechner
342,12_epo,66.0,37.14803715439634,fechner
343,12_epo,67.0,37.14803715440096,fechner
344,12_epo,68.0,37.14803715440538,fechner
345,12_epo,69.0,37.14803715440961,fechner
346,12_epo,70.0,37.14803715441365,fechner
347,12_epo,71.0,37.14803715441753,fechner
348,12_epo,72.0,37.14803715442124,fechner
349,12_epo,73.0,37.148037154424806,fechner
350,12_epo,74.0,37.14803715442823,fechner
351,12_epo,75.0,37.14803715443151,fechner
352,12_epo,76.0,37.14803715443467,fechner
353,12_epo,77.0,37.1480371544377,fechner
354,12_epo,78.0,37.148037154440615,fechner
355,12_epo,79.0,37.14803715444342,fechner
356,12_epo,80.0,37.14803715444612,fechner
357,12_epo,81.0,37.14803715444873,fechner
358,12_epo,82.0,37.14803715445124,fechner
359,12_epo,83.0,37.148037154453654,fechner
360,12_epo,84.0,37.148037154455984,fechner
361,12_epo,85.0,37.14803715445824,fechner
362,12_epo,86.0,37.14803715446041,fechner
363,12_epo,87.0,37.14803715446251,fechner
364,12_epo,88.0,37.14803715446453,fechner
365,12_epo,89.0,37.14803715446649,fechner
366,12_epo,90.0,37.14803715446838,fechner
367,12_epo,91.0,37.14803715447022,fechner
368,12_epo,92.0,37.148037154471986,fechner
369,12_epo,93.0,37.1480371544737,fechner
370,12_epo,94.0,37.14803715447537,fechner
371,12_epo,95.0,37.148037154476974,fechner
372,13_epo,3.0,39.50702845744886,fechner
373,13_epo,4.0,39.5070284574545,fechner
374,13_epo,5.0,39.50702845745598,fechner
375,13_epo,6.0,39.50702845745664,fechner
376,13_epo,7.000000000000001,39.507028457457,fechner
377,13_epo,8.0,39.50702845745722,fechner
378,13_epo,9.0,39.507028457457366,fechner
379,13_epo,10.0,39.50702845745746,fechner
380,13_epo,11.0,39.50702845745754,fechner
381,13_epo,12.0,39.507028457457594,fechner
382,13_epo,13.0,39.507028457457636,fechner
383,13_epo,14.000000000000002,39.50702845745767,fechner
384,13_epo,15.0,39.50702845745769,fechner
385,13_epo,16.0,39.507028457457714,fechner
386,13_epo,17.0,39.507028457457736,fechner
387,13_epo,18.0,39.50702845745775,fechner
388,13_epo,19.0,39.507028457457764,fechner
389,13_epo,20.0,39.50702845745777,fechner
390,13_epo,21.0,39.507028457457785,fechner
391,13_epo,22.0,39.50702845745779,fechner
392,13_epo,23.0,39.5070284574578,fechner
393,13_epo,24.0,39.50702845745781,fechner
394,13_epo,25.0,39.50702845745781,fechner
395,13_epo,26.0,39.507028457457814,fechner
396,13_epo,27.0,39.50702845745782,fechner
397,13_epo,28.000000000000004,39.50702845745782,fechner
398,13_epo,28.999999999999996,39.50702845745783,fechner
399,13_epo,30.0,39.50702845745783,fechner
400,13_epo,31.0,39.507028457457835,fechner
401,13_epo,32.0,39.507028457457835,fechner
402,13_epo,33.0,39.507028457457835,fechner
403,13_epo,34.0,39.50702845745784,fechner
404,13_epo,35.0,39.50702845745784,fechner
405,13_epo,36.0,39.50702845745784,fechner
406,13_epo,37.0,39.50702845745784,fechner
407,13_epo,38.0,39.50702845745785,fechner
408,13_epo,39.0,39.50702845745785,fechner
409,13_epo,40.0,39.50702845745785,fechner
410,13_epo,41.0,39.50702845745785,fechner
411,13_epo,42.0,39.50702845745785,fechner
412,13_epo,43.0,39.50702845745785,fechner
413,13_epo,44.0,39.50702845745786,fechner
414,13_epo,45.0,39.50702845745786,fechner
415,13_epo,46.0,39.50702845745786,fechner
416,13_epo,47.0,39.50702845745786,fechner
417,13_epo,48.0,39.50702845745786,fechner
418,13_epo,49.0,39.50702845745786,fechner
419,13_epo,50.0,39.50702845745786,fechner
420,13_epo,51.0,39.50702845745786,fechner
421,13_epo,52.0,39.50702845745786,fechner
422,13_epo,53.0,39.50702845745786,fechner
423,13_epo,54.0,39.507028457457864,fechner
424,13_epo,55.00000000000001,39.507028457457864,fechner
425,13_epo,56.00000000000001,39.507028457457864,fechner
426,13_epo,56.99999999999999,39.507028457457864,fechner
427,13_epo,57.99999999999999,39.507028457457864,fechner
428,13_epo,59.0,39.507028457457864,fechner
429,13_epo,60.0,39.507028457457864,fechner
430,13_epo,61.0,39.507028457457864,fechner
431,13_epo,62.0,39.507028457457864,fechner
432,13_epo,63.0,39.507028457457864,fechner
433,13_epo,64.0,39.507028457457864,fechner
434,13_epo,65.0,39.507028457457864,fechner
435,13_epo,66.0,39.507028457457864,fechner
436,13_epo,67.0,39.507028457457864,fechner
437,13_epo,68.0,39.507028457457864,fechner
438,13_epo,69.0,39.507028457457864,fechner
439,13_epo,70.0,39.507028457457864,fechner
440,13_epo,71.0,39.507028457457864,fechner
441,13_epo,72.0,39.507028457457864,fechner
442,13_epo,73.0,39.507028457457864,fechner
443,13_epo,74.0,39.507028457457864,fechner
444,13_epo,75.0,39.507028457457864,fechner
445,13_epo,76.0,39.507028457457864,fechner
446,13_epo,77.0,39.507028457457864,fechner
447,13_epo,78.0,39.50702845745787,fechner
448,13_epo,79.0,39.50702845745787,fechner
449,13_epo,80.0,39.50702845745787,fechner
450,13_epo,81.0,39.50702845745787,fechner
451,13_epo,82.0,39.50702845745787,fechner
452,13_epo,83.0,39.50702845745787,fechner
453,13_epo,84.0,39.50702845745787,fechner
454,13_epo,85.0,39.50702845745787,fechner
455,13_epo,86.0,39.50702845745787,fechner
456,13_epo,87.0,39.50702845745787,fechner
457,13_epo,88.0,39.50702845745787,fechner
458,13_epo,89.0,39.50702845745787,fechner
459,13_epo,90.0,39.50702845745787,fechner
460,13_epo,91.0,39.50702845745787,fechner
461,13_epo,92.0,39.50702845745787,fechner
462,13_epo,93.0,39.50702845745787,fechner
463,13_epo,94.0,39.50702845745787,fechner
464,13_epo,95.0,39.50702845745787,fechner
465,14_epo,3.0,32.44707662503843,fechner
466,14_epo,4.0,32.44707662503843,fechner
467,14_epo,5.0,32.44707662503843,fechner
468,14_epo,6.0,32.44707662503843,fechner
469,14_epo,7.000000000000001,32.44707662503843,fechner
470,14_epo,8.0,32.44707662503843,fechner
471,14_epo,9.0,32.44707662503843,fechner
472,14_epo,10.0,32.44707662503843,fechner
473,14_epo,11.0,32.44707662503843,fechner
474,14_epo,12.0,32.44707662503843,fechner
475,14_epo,13.0,32.44707662503843,fechner
476,14_epo,14.000000000000002,32.44707662503843,fechner
477,14_epo,15.0,32.44707662503843,fechner
478,14_epo,16.0,32.44707662503843,fechner
479,14_epo,17.0,32.44707662503843,fechner
480,14_epo,18.0,32.44707662503843,fechner
481,14_epo,19.0,32.44707662503843,fechner
482,14_epo,20.0,32.44707662503843,fechner
483,14_epo,21.0,32.44707662503843,fechner
484,14_epo,22.0,32.44707662503843,fechner
485,14_epo,23.0,32.44707662503843,fechner
486,14_epo,24.0,32.44707662503843,fechner
487,14_epo,25.0,32.44707662503843,fechner
488,14_epo,26.0,32.44707662503843,fechner
489,14_epo,27.0,32.44707662503843,fechner
490,14_epo,28.000000000000004,32.44707662503843,fechner
491,14_epo,28.999999999999996,32.44707662503843,fechner
492,14_epo,30.0,32.44707662503843,fechner
493,14_epo,31.0,32.44707662503843,fechner
494,14_epo,32.0,32.44707662503843,fechner
495,14_epo,33.0,32.44707662503843,fechner
496,14_epo,34.0,32.44707662503843,fechner
497,14_epo,35.0,32.44707662503843,fechner
498,14_epo,36.0,32.44707662503843,fechner
499,14_epo,37.0,32.44707662503843,fechner
500,14_epo,38.0,32.44707662503843,fechner
501,14_epo,39.0,32.44707662503843,fechner
502,14_epo,40.0,32.44707662503843,fechner
503,14_epo,41.0,32.44707662503843,fechner
504,14_epo,42.0,32.44707662503843,fechner
505,14_epo,43.0,32.44707662503843,fechner
506,14_epo,44.0,32.44707662503843,fechner
507,14_epo,45.0,32.44707662503843,fechner
508,14_epo,46.0,32.44707662503843,fechner
509,14_epo,47.0,32.44707662503843,fechner
510,14_epo,48.0,32.44707662503843,fechner
511,14_epo,49.0,32.44707662503843,fechner
512,14_epo,50.0,32.44707662503843,fechner
513,14_epo,51.0,32.44707662503843,fechner
514,14_epo,52.0,32.44707662503843,fechner
515,14_epo,53.0,32.44707662503843,fechner
516,14_epo,54.0,32.44707662503843,fechner
517,14_epo,55.00000000000001,32.44707662503843,fechner
518,14_epo,56.00000000000001,32.44707662503843,fechner
519,14_epo,56.99999999999999,32.44707662503843,fechner
520,14_epo,57.99999999999999,32.44707662503843,fechner
521,14_epo,59.0,32.44707662503843,fechner
522,14_epo,60.0,32.44707662503843,fechner
523,14_epo,61.0,32.44707662503843,fechner
524,14_epo,62.0,32.44707662503843,fechner
525,14_epo,63.0,32.44707662503843,fechner
526,14_epo,64.0,32.44707662503843,fechner
527,14_epo,65.0,32.44707662503843,fechner
528,14_epo,66.0,32.44707662503843,fechner
529,14_epo,67.0,32.44707662503843,fechner
530,14_epo,68.0,32.44707662503843,fechner
531,14_epo,69.0,32.44707662503843,fechner
532,14_epo,70.0,32.44707662503843,fechner
533,14_epo,71.0,32.44707662503843,fechner
534,14_epo,72.0,32.44707662503843,fechner
535,14_epo,73.0,32.44707662503843,fechner
536,14_epo,74.0,32.44707662503843,fechner
537,14_epo,75.0,32.44707662503843,fechner
538,14_epo,76.0,32.44707662503843,fechner
539,14_epo,77.0,32.44707662503843,fechner
540,14_epo,78.0,32.44707662503843,fechner
541,14_epo,79.0,32.44707662503843,fechner
542,14_epo,80.0,32.44707662503843,fechner
543,14_epo,81.0,32.44707662503843,fechner
544,14_epo,82.0,32.44707662503843,fechner
545,14_epo,83.0,32.44707662503843,fechner
546,14_epo,84.0,32.44707662503843,fechner
547,14_epo,85.0,32.44707662503843,fechner
548,14_epo,86.0,32.44707662503843,fechner
549,14_epo,87.0,32.44707662503843,fechner
550,14_epo,88.0,32.44707662503843,fechner
551,14_epo,89.0,32.44707662503843,fechner
552,14_epo,90.0,32.44707662503843,fechner
553,14_epo,91.0,32.44707662503843,fechner
554,14_epo,92.0,32.44707662503843,fechner
555,14_epo,93.0,32.44707662503843,fechner
556,14_epo,94.0,32.44707662503843,fechner
557,14_epo,95.0,32.44707662503843,fechner
558,15_epo,3.0,30.689414227434956,fechner
559,15_epo,4.0,30.689457686567877,fechner
560,15_epo,5.0,30.68946909254863,fechner
561,15_epo,6.0,30.689474169780322,fechner
562,15_epo,7.000000000000001,30.689476940830374,fechner
563,15_epo,8.0,30.689478637770403,fechner
564,15_epo,9.0,30.689479758711865,fechner
565,15_epo,10.0,30.689480540449633,fechner
566,15_epo,11.0,30.68948110847714,fechner
567,15_epo,12.0,30.68948153476345,fechner
568,15_epo,13.0,30.68948186314949,fechner
569,15_epo,14.000000000000002,30.689482121650865,fechner
570,15_epo,15.0,30.68948232888268,fechner
571,15_epo,16.0,30.68948249762221,fechner
572,15_epo,17.0,30.689482636884403,fechner
573,15_epo,18.0,30.68948275318184,fechner
574,15_epo,19.0,30.68948285131697,fechner
575,15_epo,20.0,30.689482934895636,fechner
576,15_epo,21.0,30.689483006668784,fechner
577,15_epo,22.0,30.68948306876525,fechner
578,15_epo,23.0,30.68948312285364,fechner
579,15_epo,24.0,30.68948317025705,fechner
580,15_epo,25.0,30.68948321203562,fechner
581,15_epo,26.0,30.689483249046994,fechner
582,15_epo,27.0,30.689483281991084,fechner
583,15_epo,28.000000000000004,30.68948331144371,fechner
584,15_epo,28.999999999999996,30.689483337882113,fechner
585,15_epo,30.0,30.68948336170459,fechner
586,15_epo,31.0,30.689483383245673,fechner
587,15_epo,32.0,30.689483402787996,fechner
588,15_epo,33.0,30.68948342057171,fechner
589,15_epo,34.0,30.6894834368019,fechner
590,15_epo,35.0,30.68948345165457,fechner
591,15_epo,36.0,30.689483465281473,fechner
592,15_epo,37.0,30.689483477813997,fechner
593,15_epo,38.0,30.68948348936637,fechner
594,15_epo,39.0,30.689483500038293,fechner
595,15_epo,40.0,30.689483509917086,fechner
596,15_epo,41.0,30.689483519079495,fechner
597,15_epo,42.0,30.689483527593207,fechner
598,15_epo,43.0,30.68948353551809,fechner
599,15_epo,44.0,30.689483542907247,fechner
600,15_epo,45.0,30.68948354980794,fechner
601,15_epo,46.0,30.68948355626231,fechner
602,15_epo,47.0,30.689483562308062,fechner
603,15_epo,48.0,30.689483567978993,fechner
604,15_epo,49.0,30.68948357330548,fechner
605,15_epo,50.0,30.689483578314867,fechner
606,15_epo,51.0,30.68948358303186,fechner
607,15_epo,52.0,30.68948358747878,fechner
608,15_epo,53.0,30.689483591675874,fechner
609,15_epo,54.0,30.68948359564152,fechner
610,15_epo,55.00000000000001,30.689483599392428,fechner
611,15_epo,56.00000000000001,30.68948360294384,fechner
612,15_epo,56.99999999999999,30.68948360630966,fechner
613,15_epo,57.99999999999999,30.68948360950261,fechner
614,15_epo,59.0,30.68948361253432,fechner
615,15_epo,60.0,30.68948361541548,fechner
616,15_epo,61.0,30.689483618155897,fechner
617,15_epo,62.0,30.68948362076459,fechner
618,15_epo,63.0,30.68948362324988,fechner
619,15_epo,64.0,30.689483625619427,fechner
620,15_epo,65.0,30.689483627880307,fechner
621,15_epo,66.0,30.68948363003907,fechner
622,15_epo,67.0,30.689483632101776,fechner
623,15_epo,68.0,30.689483634074044,fechner
624,15_epo,69.0,30.68948363596108,fechner
625,15_epo,70.0,30.68948363776773,fechner
626,15_epo,71.0,30.6894836394985,fechner
627,15_epo,72.0,30.689483641157583,fechner
628,15_epo,73.0,30.689483642748876,fechner
629,15_epo,74.0,30.689483644276027,fechner
630,15_epo,75.0,30.689483645742445,fechner
631,15_epo,76.0,30.689483647151302,fechner
632,15_epo,77.0,30.689483648505576,fechner
633,15_epo,78.0,30.689483649808047,fechner
634,15_epo,79.0,30.68948365106133,fechner
635,15_epo,80.0,30.689483652267864,fechner
636,15_epo,81.0,30.689483653429953,fechner
637,15_epo,82.0,30.68948365454975,fechner
638,15_epo,83.0,30.68948365562929,fechner
639,15_epo,84.0,30.68948365667047,fechner
640,15_epo,85.0,30.689483657675087,fechner
641,15_epo,86.0,30.68948365864484,fechner
642,15_epo,87.0,30.689483659581324,fechner
643,15_epo,88.0,30.689483660486037,fechner
644,15_epo,89.0,30.68948366136041,fechner
645,15_epo,90.0,30.689483662205774,fechner
646,15_epo,91.0,30.689483663023406,fechner
647,15_epo,92.0,30.689483663814503,fechner
648,15_epo,93.0,30.689483664580205,fechner
649,15_epo,94.0,30.68948366532158,fechner
650,15_epo,95.0,30.689483666039653,fechner
651,16_epo,3.0,25.46532985493481,fechner
652,16_epo,4.0,28.641047833520567,fechner
653,16_epo,5.0,30.227053062515054,fechner
654,16_epo,6.0,31.146553128214265,fechner
655,16_epo,7.000000000000001,31.725021154715005,fechner
656,16_epo,8.0,32.111202327446236,fechner
657,16_epo,9.0,32.38116647862652,fechner
658,16_epo,10.0,32.576975666706126,fechner
659,16_epo,11.0,32.72334770226833,fechner
660,16_epo,12.0,32.835545494644734,fechner
661,16_epo,13.0,32.92339020251382,fechner
662,16_epo,14.000000000000002,32.99342550039306,fechner
663,16_epo,15.0,33.05014339142861,fechner
664,16_epo,16.0,33.09670815889023,fechner
665,16_epo,17.0,33.135399671758506,fechner
666,16_epo,18.0,33.16789354918991,fechner
667,16_epo,19.0,33.1954432150858,fechner
668,16_epo,20.0,33.21900115482462,fechner
669,16_epo,21.0,33.239301477082705,fechner
670,16_epo,22.0,33.25691725257944,fechner
671,16_epo,23.0,33.27230105364269,fechner
672,16_epo,24.0,33.285814085052394,fechner
673,16_epo,25.0,33.29774742850797,fechner
674,16_epo,26.0,33.308337746692345,fechner
675,16_epo,27.0,33.31777903691525,fechner
676,16_epo,28.000000000000004,33.32623152935016,fechner
677,16_epo,28.999999999999996,33.333828495211954,fechner
678,16_epo,30.0,33.34068150715258,fechner
679,16_epo,31.0,33.34688454098958,fechner
680,16_epo,32.0,33.352517201280584,fechner
681,16_epo,33.0,33.35764727811912,fechner
682,16_epo,34.0,33.36233278893878,fechner
683,16_epo,35.0,33.36662362047007,fechner
684,16_epo,36.0,33.370562857839325,fechner
685,16_epo,37.0,33.374187867086654,fechner
686,16_epo,38.0,33.37753118200178,fechner
687,16_epo,39.0,33.380621234661426,fechner
688,16_epo,40.0,33.383482960358585,fechner
689,16_epo,41.0,33.38613830100065,fechner
690,16_epo,42.0,33.388606625985425,fechner
691,16_epo,43.0,33.39090508565396,fechner
692,16_epo,44.0,33.393048909382095,fechner
693,16_epo,45.0,33.395051657999204,fechner
694,16_epo,46.0,33.39692543835696,fechner
695,16_epo,47.0,33.39868108639557,fechner
696,16_epo,48.0,33.40032832388284,fechner
697,16_epo,49.0,33.401875893064066,fechner
698,16_epo,50.0,33.403331672709136,fechner
699,16_epo,51.0,33.4047027784361,fechner
700,16_epo,52.0,33.405995649698966,fechner
701,16_epo,53.0,33.40721612542708,fechner
702,16_epo,54.0,33.40836950997681,fechner
703,16_epo,55.00000000000001,33.40946063078751,fechner
704,16_epo,56.00000000000001,33.41049388891285,fechner
705,16_epo,56.99999999999999,33.41147330341614,fechner
706,16_epo,57.99999999999999,33.412402550466126,fechner
707,16_epo,59.0,33.413284997844336,fechner
708,16_epo,60.0,33.41412373546859,fechner
709,16_epo,61.0,33.41492160245021,fechner
710,16_epo,62.0,33.41568121112701,fechner
711,16_epo,63.0,33.41640496845259,fechner
712,16_epo,64.0,33.41709509506884,fechner
713,16_epo,65.0,33.4177536423441,fechner
714,16_epo,66.0,33.41838250762126,fechner
715,16_epo,67.0,33.41898344788727,fechner
716,16_epo,68.0,33.41955809204841,fechner
717,16_epo,69.0,33.420107951971204,fechner
718,16_epo,70.0,33.42063443242888,fechner
719,16_epo,71.0,33.42113884007572,fechner
720,16_epo,72.0,33.42162239155615,fechner
721,16_epo,73.0,33.42208622084279,fechner
722,16_epo,74.0,33.422531385886025,fechner
723,16_epo,75.0,33.422958874647954,fechner
724,16_epo,76.0,33.42336961058495,fechner
725,16_epo,77.0,33.423764457635784,fechner
726,16_epo,78.0,33.42414422476541,fechner
727,16_epo,79.0,33.42450967010931,fechner
728,16_epo,80.0,33.424861504757835,fechner
729,16_epo,81.0,33.42520039621597,fechner
730,16_epo,82.0,33.425526971569845,fechner
731,16_epo,83.0,33.42584182038813,fechner
732,16_epo,84.0,33.426145497383345,fechner
733,16_epo,85.0,33.426438524855534,fechner
734,16_epo,86.0,33.426721394938404,fechner
735,16_epo,87.0,33.426994571665894,fechner
736,16_epo,88.0,33.42725849287565,fechner
737,16_epo,89.0,33.427513571963495,fechner
738,16_epo,90.0,33.42776019950259,fechner
739,16_epo,91.0,33.427998744738694,fechner
740,16_epo,92.0,33.428229556972404,fechner
741,16_epo,93.0,33.42845296683803,fechner
742,16_epo,94.0,33.42866928748785,fechner
743,16_epo,95.0,33.42887881568957,fechner
744,17_epo,3.0,28.617365733761876,fechner
745,17_epo,4.0,28.617365733761876,fechner
746,17_epo,5.0,28.617365733761876,fechner
747,17_epo,6.0,28.61736573376188,fechner
748,17_epo,7.000000000000001,28.617365733761876,fechner
749,17_epo,8.0,28.61736573376188,fechner
750,17_epo,9.0,28.617365733761876,fechner
751,17_epo,10.0,28.617365733761876,fechner
752,17_epo,11.0,28.617365733761876,fechner
753,17_epo,12.0,28.617365733761876,fechner
754,17_epo,13.0,28.617365733761876,fechner
755,17_epo,14.000000000000002,28.617365733761876,fechner
756,17_epo,15.0,28.617365733761876,fechner
757,17_epo,16.0,28.617365733761876,fechner
758,17_epo,17.0,28.617365733761876,fechner
759,17_epo,18.0,28.617365733761876,fechner
760,17_epo,19.0,28.61736573376188,fechner
761,17_epo,20.0,28.617365733761876,fechner
762,17_epo,21.0,28.617365733761876,fechner
763,17_epo,22.0,28.617365733761876,fechner
764,17_epo,23.0,28.61736573376188,fechner
765,17_epo,24.0,28.617365733761876,fechner
766,17_epo,25.0,28.61736573376188,fechner
767,17_epo,26.0,28.617365733761876,fechner
768,17_epo,27.0,28.617365733761876,fechner
769,17_epo,28.000000000000004,28.617365733761876,fechner
770,17_epo,28.999999999999996,28.617365733761876,fechner
771,17_epo,30.0,28.617365733761876,fechner
772,17_epo,31.0,28.617365733761876,fechner
773,17_epo,32.0,28.617365733761876,fechner
774,17_epo,33.0,28.617365733761876,fechner
775,17_epo,34.0,28.617365733761876,fechner
776,17_epo,35.0,28.617365733761876,fechner
777,17_epo,36.0,28.617365733761876,fechner
778,17_epo,37.0,28.617365733761876,fechner
779,17_epo,38.0,28.617365733761876,fechner
780,17_epo,39.0,28.617365733761876,fechner
781,17_epo,40.0,28.617365733761876,fechner
782,17_epo,41.0,28.617365733761876,fechner
783,17_epo,42.0,28.617365733761876,fechner
784,17_epo,43.0,28.61736573376188,fechner
785,17_epo,44.0,28.617365733761876,fechner
786,17_epo,45.0,28.61736573376188,fechner
787,17_epo,46.0,28.617365733761876,fechner
788,17_epo,47.0,28.617365733761876,fechner
789,17_epo,48.0,28.617365733761876,fechner
790,17_epo,49.0,28.617365733761876,fechner
791,17_epo,50.0,28.617365733761876,fechner
792,17_epo,51.0,28.617365733761876,fechner
793,17_epo,52.0,28.617365733761876,fechner
794,17_epo,53.0,28.617365733761876,fechner
795,17_epo,54.0,28.617365733761876,fechner
796,17_epo,55.00000000000001,28.617365733761876,fechner
797,17_epo,56.00000000000001,28.617365733761876,fechner
798,17_epo,56.99999999999999,28.61736573376188,fechner
799,17_epo,57.99999999999999,28.617365733761876,fechner
800,17_epo,59.0,28.617365733761876,fechner
801,17_epo,60.0,28.617365733761876,fechner
802,17_epo,61.0,28.617365733761876,fechner
803,17_epo,62.0,28.617365733761876,fechner
804,17_epo,63.0,28.617365733761876,fechner
805,17_epo,64.0,28.61736573376188,fechner
806,17_epo,65.0,28.617365733761876,fechner
807,17_epo,66.0,28.61736573376188,fechner
808,17_epo,67.0,28.617365733761876,fechner
809,17_epo,68.0,28.617365733761876,fechner
810,17_epo,69.0,28.617365733761876,fechner
811,17_epo,70.0,28.617365733761876,fechner
812,17_epo,71.0,28.617365733761876,fechner
813,17_epo,72.0,28.617365733761876,fechner
814,17_epo,73.0,28.61736573376188,fechner
815,17_epo,74.0,28.617365733761876,fechner
816,17_epo,75.0,28.617365733761876,fechner
817,17_epo,76.0,28.617365733761876,fechner
818,17_epo,77.0,28.617365733761876,fechner
819,17_epo,78.0,28.617365733761876,fechner
820,17_epo,79.0,28.617365733761876,fechner
821,17_epo,80.0,28.617365733761876,fechner
822,17_epo,81.0,28.617365733761876,fechner
823,17_epo,82.0,28.617365733761876,fechner
824,17_epo,83.0,28.61736573376188,fechner
825,17_epo,84.0,28.617365733761876,fechner
826,17_epo,85.0,28.61736573376188,fechner
827,17_epo,86.0,28.617365733761876,fechner
828,17_epo,87.0,28.617365733761876,fechner
829,17_epo,88.0,28.617365733761876,fechner
830,17_epo,89.0,28.617365733761876,fechner
831,17_epo,90.0,28.617365733761876,fechner
832,17_epo,91.0,28.617365733761876,fechner
833,17_epo,92.0,28.617365733761876,fechner
834,17_epo,93.0,28.617365733761876,fechner
835,17_epo,94.0,28.617365733761876,fechner
836,17_epo,95.0,28.617365733761876,fechner
837,18_epo,3.0,28.865435088511088,fechner
838,18_epo,4.0,34.988223818799156,fechner
839,18_epo,5.0,37.187916812196,fechner
840,18_epo,6.0,38.28012133225859,fechner
841,18_epo,7.000000000000001,38.909702134568526,fechner
842,18_epo,8.0,39.307735413729986,fechner
843,18_epo,9.0,39.57608147894288,fechner
844,18_epo,10.0,39.76584444566801,fechner
845,18_epo,11.0,39.905105825323176,fechner
846,18_epo,12.0,40.010387574941596,fechner
847,18_epo,13.0,40.09194550236635,fechner
848,18_epo,14.000000000000002,40.156427566456344,fechner
849,18_epo,15.0,40.2083002898735,fechner
850,18_epo,16.0,40.25065655661883,fechner
851,18_epo,17.0,40.28569407943705,fechner
852,18_epo,18.0,40.31500978660202,fechner
853,18_epo,19.0,40.339786967701755,fechner
854,18_epo,20.0,40.36091767565042,fechner
855,18_epo,21.0,40.3790848078489,fechner
856,18_epo,22.0,40.39481838031238,fechner
857,18_epo,23.0,40.40853487839469,fechner
858,18_epo,24.0,40.420565266236295,fechner
859,18_epo,25.0,40.431175245947706,fechner
860,18_epo,26.0,40.44058012609057,fechner
861,18_epo,27.0,40.44895587990318,fechner
862,18_epo,28.000000000000004,40.456447470522775,fechner
863,18_epo,28.999999999999996,40.46317518930257,fechner
864,18_epo,30.0,40.469239531608494,fechner
865,18_epo,31.0,40.47472498367218,fechner
866,18_epo,32.0,40.47970298999228,fechner
867,18_epo,33.0,40.48423429796015,fechner
868,18_epo,34.0,40.48837082480471,fechner
869,18_epo,35.0,40.492157154980994,fechner
870,18_epo,36.0,40.495631749339864,fechner
871,18_epo,37.0,40.49882792780839,fechner
872,18_epo,38.0,40.50177467281883,fechner
873,18_epo,39.0,40.50449728991869,fechner
874,18_epo,40.0,40.50701795386713,fechner
875,18_epo,41.0,40.509356162362856,fechner
876,18_epo,42.0,40.51152911484299,fechner
877,18_epo,43.0,40.51355203017236,fechner
878,18_epo,44.0,40.51543841423942,fechner
879,18_epo,45.0,40.517200286289466,fechner
880,18_epo,46.0,40.51884837111156,fechner
881,18_epo,47.0,40.52039226284413,fechner
882,18_epo,48.0,40.521840565091075,fechner
883,18_epo,49.0,40.52320101118553,fechner
884,18_epo,50.0,40.52448056775278,fechner
885,18_epo,51.0,40.52568552417184,fechner
886,18_epo,52.0,40.52682157008846,fechner
887,18_epo,53.0,40.52789386276991,fechner
888,18_epo,54.0,40.52890708579494,fechner
889,18_epo,55.00000000000001,40.529865500330345,fechner
890,18_epo,56.00000000000001,40.53077299004539,fechner
891,18_epo,56.99999999999999,40.53163310055073,fechner
892,18_epo,57.99999999999999,40.53244907411168,fechner
893,18_epo,59.0,40.533223880272445,fechner
894,18_epo,60.0,40.533960242932295,fechner
895,18_epo,61.0,40.53466066433634,fechner
896,18_epo,62.0,40.53532744637614,fechner
897,18_epo,63.0,40.535962709539376,fechner
898,18_epo,64.0,40.536568409800935,fechner
899,18_epo,65.0,40.53714635370679,fechner
900,18_epo,66.0,40.53769821186834,fechner
901,18_epo,67.0,40.53822553105613,fechner
902,18_epo,68.0,40.53872974505637,fechner
903,18_epo,69.0,40.5392121844331,fechner
904,18_epo,70.0,40.53967408531991,fechner
905,18_epo,71.0,40.54011659735049,fechner
906,18_epo,72.0,40.540540790822526,fechner
907,18_epo,73.0,40.540947663178926,fechner
908,18_epo,74.0,40.54133814487948,fechner
909,18_epo,75.0,40.541713104727705,fechner
910,18_epo,76.0,40.542073354709935,fechner
911,18_epo,77.0,40.542419654396944,fechner
912,18_epo,78.0,40.5427527149528,fechner
913,18_epo,79.0,40.543073202790474,fechner
914,18_epo,80.0,40.54338174290936,fechner
915,18_epo,81.0,40.543678921946,fechner
916,18_epo,82.0,40.543965290965616,fechner
917,18_epo,83.0,40.54424136801965,fechner
918,18_epo,84.0,40.544507640491226,fechner
919,18_epo,85.0,40.54476456724843,fechner
920,18_epo,86.0,40.54501258062334,fechner
921,18_epo,87.0,40.54525208823252,fechner
922,18_epo,88.0,40.54548347465349,fechner
923,18_epo,89.0,40.54570710297002,fechner
924,18_epo,90.0,40.5459233161978,fechner
925,18_epo,91.0,40.54613243860104,fechner
926,18_epo,92.0,40.54633477690927,fechner
927,18_epo,93.0,40.546530621443104,fechner
928,18_epo,94.0,40.546720247156514,fechner
929,18_epo,95.0,40.54690391460274,fechner
930,19_epo,3.0,27.876739336894303,fechner
931,19_epo,4.0,27.876739336894303,fechner
932,19_epo,5.0,27.876739336894303,fechner
933,19_epo,6.0,27.876739336894303,fechner
934,19_epo,7.000000000000001,27.876739336894303,fechner
935,19_epo,8.0,27.876739336894303,fechner
936,19_epo,9.0,27.876739336894303,fechner
937,19_epo,10.0,27.876739336894303,fechner
938,19_epo,11.0,27.876739336894303,fechner
939,19_epo,12.0,27.876739336894303,fechner
940,19_epo,13.0,27.876739336894303,fechner
941,19_epo,14.000000000000002,27.876739336894303,fechner
942,19_epo,15.0,27.876739336894303,fechner
943,19_epo,16.0,27.876739336894303,fechner
944,19_epo,17.0,27.876739336894303,fechner
945,19_epo,18.0,27.876739336894303,fechner
946,19_epo,19.0,27.876739336894303,fechner
947,19_epo,20.0,27.876739336894303,fechner
948,19_epo,21.0,27.876739336894303,fechner
949,19_epo,22.0,27.876739336894303,fechner
950,19_epo,23.0,27.876739336894303,fechner
951,19_epo,24.0,27.876739336894303,fechner
952,19_epo,25.0,27.876739336894303,fechner
953,19_epo,26.0,27.876739336894303,fechner
954,19_epo,27.0,27.876739336894303,fechner
955,19_epo,28.000000000000004,27.876739336894303,fechner
956,19_epo,28.999999999999996,27.876739336894303,fechner
957,19_epo,30.0,27.876739336894303,fechner
958,19_epo,31.0,27.876739336894303,fechner
959,19_epo,32.0,27.876739336894303,fechner
960,19_epo,33.0,27.876739336894303,fechner
961,19_epo,34.0,27.876739336894303,fechner
962,19_epo,35.0,27.876739336894303,fechner
963,19_epo,36.0,27.876739336894303,fechner
964,19_epo,37.0,27.876739336894303,fechner
965,19_epo,38.0,27.876739336894303,fechner
966,19_epo,39.0,27.876739336894303,fechner
967,19_epo,40.0,27.876739336894303,fechner
968,19_epo,41.0,27.876739336894303,fechner
969,19_epo,42.0,27.876739336894303,fechner
970,19_epo,43.0,27.876739336894303,fechner
971,19_epo,44.0,27.876739336894303,fechner
972,19_epo,45.0,27.876739336894303,fechner
973,19_epo,46.0,27.876739336894303,fechner
974,19_epo,47.0,27.876739336894303,fechner
975,19_epo,48.0,27.876739336894303,fechner
976,19_epo,49.0,27.876739336894303,fechner
977,19_epo,50.0,27.876739336894303,fechner
978,19_epo,51.0,27.876739336894303,fechner
979,19_epo,52.0,27.876739336894303,fechner
980,19_epo,53.0,27.876739336894303,fechner
981,19_epo,54.0,27.876739336894303,fechner
982,19_epo,55.00000000000001,27.876739336894303,fechner
983,19_epo,56.00000000000001,27.876739336894303,fechner
984,19_epo,56.99999999999999,27.876739336894303,fechner
985,19_epo,57.99999999999999,27.876739336894303,fechner
986,19_epo,59.0,27.876739336894303,fechner
987,19_epo,60.0,27.876739336894303,fechner
988,19_epo,61.0,27.876739336894303,fechner
989,19_epo,62.0,27.876739336894303,fechner
990,19_epo,63.0,27.876739336894303,fechner
991,19_epo,64.0,27.876739336894303,fechner
992,19_epo,65.0,27.876739336894303,fechner
993,19_epo,66.0,27.876739336894303,fechner
994,19_epo,67.0,27.876739336894303,fechner
995,19_epo,68.0,27.876739336894303,fechner
996,19_epo,69.0,27.876739336894303,fechner
997,19_epo,70.0,27.876739336894303,fechner
998,19_epo,71.0,27.876739336894303,fechner
999,19_epo,72.0,27.876739336894303,fechner
1000,19_epo,73.0,27.876739336894303,fechner
1001,19_epo,74.0,27.876739336894303,fechner
1002,19_epo,75.0,27.876739336894303,fechner
1003,19_epo,76.0,27.876739336894303,fechner
1004,19_epo,77.0,27.876739336894303,fechner
1005,19_epo,78.0,27.876739336894303,fechner
1006,19_epo,79.0,27.876739336894303,fechner
1007,19_epo,80.0,27.876739336894303,fechner
1008,19_epo,81.0,27.876739336894303,fechner
1009,19_epo,82.0,27.876739336894303,fechner
1010,19_epo,83.0,27.876739336894303,fechner
1011,19_epo,84.0,27.876739336894303,fechner
1012,19_epo,85.0,27.876739336894303,fechner
1013,19_epo,86.0,27.876739336894303,fechner
1014,19_epo,87.0,27.876739336894303,fechner
1015,19_epo,88.0,27.876739336894303,fechner
1016,19_epo,89.0,27.876739336894303,fechner
1017,19_epo,90.0,27.876739336894303,fechner
1018,19_epo,91.0,27.876739336894303,fechner
1019,19_epo,92.0,27.876739336894303,fechner
1020,19_epo,93.0,27.876739336894303,fechner
1021,19_epo,94.0,27.876739336894303,fechner
1022,19_epo,95.0,27.876739336894303,fechner
1023,1_epo,3.0,37.30492386710586,fechner
1024,1_epo,4.0,37.304939075778655,fechner
1025,1_epo,5.0,37.304943063010626,fechner
1026,1_epo,6.0,37.30494483729935,fechner
1027,1_epo,7.000000000000001,37.304945805519885,fechner
1028,1_epo,8.0,37.30494639838795,fechner
1029,1_epo,9.0,37.30494678999481,fechner
1030,1_epo,10.0,37.30494706308878,fechner
1031,1_epo,11.0,37.30494726151946,fechner
1032,1_epo,12.0,37.30494741043235,fechner
1033,1_epo,13.0,37.304947525144414,fechner
1034,1_epo,14.000000000000002,37.30494761544327,fechner
1035,1_epo,15.0,37.30494768783214,fechner
1036,1_epo,16.0,37.304947746774694,fechner
1037,1_epo,17.0,37.304947795420205,fechner
1038,1_epo,18.0,37.304947836043716,fechner
1039,1_epo,19.0,37.30494787032287,fechner
1040,1_epo,20.0,37.30494789951725,fechner
1041,1_epo,21.0,37.30494792458784,fechner
1042,1_epo,22.0,37.304947946278276,fechner
1043,1_epo,23.0,37.304947965171436,fechner
1044,1_epo,24.0,37.304947981729484,fechner
1045,1_epo,25.0,37.304947996322745,fechner
1046,1_epo,26.0,37.30494800925081,fechner
1047,1_epo,27.0,37.30494802075815,fechner
1048,1_epo,28.000000000000004,37.30494803104591,fechner
1049,1_epo,28.999999999999996,37.304948040280806,fechner
1050,1_epo,30.0,37.30494804860194,fechner
1051,1_epo,31.0,37.30494805612619,fechner
1052,1_epo,32.0,37.30494806295228,fechner
1053,1_epo,33.0,37.30494806916408,fechner
1054,1_epo,34.0,37.304948074833234,fechner
1055,1_epo,35.0,37.30494808002123,fechner
1056,1_epo,36.0,37.304948084781046,fechner
1057,1_epo,37.0,37.304948089158614,fechner
1058,1_epo,38.0,37.30494809319381,fechner
1059,1_epo,39.0,37.30494809692148,fechner
1060,1_epo,40.0,37.30494810037209,fechner
1061,1_epo,41.0,37.30494810357248,fechner
1062,1_epo,42.0,37.304948106546284,fechner
1063,1_epo,43.0,37.30494810931441,fechner
1064,1_epo,44.0,37.304948111895406,fechner
1065,1_epo,45.0,37.304948114305795,fechner
1066,1_epo,46.0,37.304948116560276,fechner
1067,1_epo,47.0,37.30494811867202,fechner
1068,1_epo,48.0,37.30494812065285,fechner
1069,1_epo,49.0,37.304948122513366,fechner
1070,1_epo,50.0,37.30494812426312,fechner
1071,1_epo,51.0,37.30494812591074,fechner
1072,1_epo,52.0,37.30494812746402,fechner
1073,1_epo,53.0,37.30494812893004,fechner
1074,1_epo,54.0,37.304948130315225,fechner
1075,1_epo,55.00000000000001,37.304948131625395,fechner
1076,1_epo,56.00000000000001,37.30494813286589,fechner
1077,1_epo,56.99999999999999,37.304948134041545,fechner
1078,1_epo,57.99999999999999,37.30494813515683,fechner
1079,1_epo,59.0,37.304948136215785,fechner
1080,1_epo,60.0,37.30494813722216,fechner
1081,1_epo,61.0,37.30494813817938,fechner
1082,1_epo,62.0,37.30494813909058,fechner
1083,1_epo,63.0,37.304948139958675,fechner
1084,1_epo,64.0,37.30494814078634,fechner
1085,1_epo,65.0,37.304948141576055,fechner
1086,1_epo,66.0,37.3049481423301,fechner
1087,1_epo,67.0,37.30494814305059,fechner
1088,1_epo,68.0,37.30494814373949,fechner
1089,1_epo,69.0,37.304948144398615,fechner
1090,1_epo,70.0,37.30494814502968,fechner
1091,1_epo,71.0,37.30494814563422,fechner
1092,1_epo,72.0,37.304948146213725,fechner
1093,1_epo,73.0,37.304948146769554,fechner
1094,1_epo,74.0,37.30494814730298,fechner
1095,1_epo,75.0,37.30494814781519,fechner
1096,1_epo,76.0,37.3049481483073,fechner
1097,1_epo,77.0,37.30494814878033,fechner
1098,1_epo,78.0,37.30494814923528,fechner
1099,1_epo,79.0,37.304948149673045,fechner
1100,1_epo,80.0,37.304948150094475,fechner
1101,1_epo,81.0,37.30494815050039,fechner
1102,1_epo,82.0,37.304948150891526,fechner
1103,1_epo,83.0,37.304948151268604,fechner
1104,1_epo,84.0,37.30494815163228,fechner
1105,1_epo,85.0,37.30494815198319,fechner
1106,1_epo,86.0,37.30494815232192,fechner
1107,1_epo,87.0,37.304948152649025,fechner
1108,1_epo,88.0,37.30494815296503,fechner
1109,1_epo,89.0,37.30494815327045,fechner
1110,1_epo,90.0,37.304948153565725,fechner
1111,1_epo,91.0,37.30494815385133,fechner
1112,1_epo,92.0,37.30494815412764,fechner
1113,1_epo,93.0,37.3049481543951,fechner
1114,1_epo,94.0,37.304948154654056,fechner
1115,1_epo,95.0,37.30494815490488,fechner
1116,20_epo,3.0,36.949609582621825,fechner
1117,20_epo,4.0,36.94966211073181,fechner
1118,20_epo,5.0,36.94967589897516,fechner
1119,20_epo,6.0,36.94968203692018,fechner
1120,20_epo,7.000000000000001,36.949685386958436,fechner
1121,20_epo,8.0,36.94968743848541,fechner
1122,20_epo,9.0,36.94968879366559,fechner
1123,20_epo,10.0,36.94968973876497,fechner
1124,20_epo,11.0,36.94969042549708,fechner
1125,20_epo,12.0,36.94969094086879,fechner
1126,20_epo,13.0,36.94969133788182,fechner
1127,20_epo,14.000000000000002,36.94969165040603,fechner
1128,20_epo,15.0,36.949691900946426,fechner
1129,20_epo,16.0,36.9496921049504,fechner
1130,20_epo,17.0,36.94969227331679,fechner
1131,20_epo,18.0,36.94969241391915,fechner
1132,20_epo,19.0,36.94969253256355,fechner
1133,20_epo,20.0,36.94969263360938,fechner
1134,20_epo,21.0,36.94969272038248,fechner
1135,20_epo,22.0,36.949692795456585,fechner
1136,20_epo,23.0,36.94969286084902,fechner
1137,20_epo,24.0,36.94969291815937,fechner
1138,20_epo,25.0,36.94969296866936,fechner
1139,20_epo,26.0,36.94969301341585,fechner
1140,20_epo,27.0,36.94969305324503,fechner
1141,20_epo,28.000000000000004,36.949693088853046,fechner
1142,20_epo,28.999999999999996,36.94969312081691,fechner
1143,20_epo,30.0,36.94969314961814,fechner
1144,20_epo,31.0,36.949693175661174,fechner
1145,20_epo,32.0,36.94969319928773,fechner
1146,20_epo,33.0,36.949693220788134,fechner
1147,20_epo,34.0,36.94969324041033,fechner
1148,20_epo,35.0,36.949693258367134,fechner
1149,20_epo,36.0,36.949693274841984,fechner
1150,20_epo,37.0,36.94969328999373,fechner
1151,20_epo,38.0,36.949693303960494,fechner
1152,20_epo,39.0,36.949693316862785,fechner
1153,20_epo,40.0,36.9496933288062,fechner
1154,20_epo,41.0,36.9496933398835,fechner
1155,20_epo,42.0,36.94969335017654,fechner
1156,20_epo,43.0,36.949693359757674,fechner
1157,20_epo,44.0,36.94969336869113,fechner
1158,20_epo,45.0,36.94969337703404,fechner
1159,20_epo,46.0,36.94969338483733,fechner
1160,20_epo,47.0,36.94969339214662,fechner
1161,20_epo,48.0,36.949693399002754,fechner
1162,20_epo,49.0,36.949693405442446,fechner
1163,20_epo,50.0,36.94969341149877,fechner
1164,20_epo,51.0,36.949693417201594,fechner
1165,20_epo,52.0,36.949693422577894,fechner
1166,20_epo,53.0,36.949693427652164,fechner
1167,20_epo,54.0,36.949693432446615,fechner
1168,20_epo,55.00000000000001,36.94969343698144,fechner
1169,20_epo,56.00000000000001,36.94969344127509,fechner
1170,20_epo,56.99999999999999,36.94969344534435,fechner
1171,20_epo,57.99999999999999,36.9496934492046,fechner
1172,20_epo,59.0,36.94969345286993,fechner
1173,20_epo,60.0,36.94969345635324,fechner
1174,20_epo,61.0,36.94969345966639,fechner
1175,20_epo,62.0,36.94969346282029,fechner
1176,20_epo,63.0,36.94969346582499,fechner
1177,20_epo,64.0,36.949693468689766,fechner
1178,20_epo,65.0,36.94969347142315,fechner
1179,20_epo,66.0,36.9496934740331,fechner
1180,20_epo,67.0,36.949693476526896,fechner
1181,20_epo,68.0,36.94969347891136,fechner
1182,20_epo,69.0,36.94969348119278,fechner
1183,20_epo,70.0,36.94969348337701,fechner
1184,20_epo,71.0,36.9496934854695,fechner
1185,20_epo,72.0,36.94969348747532,fechner
1186,20_epo,73.0,36.949693489399195,fechner
1187,20_epo,74.0,36.94969349124551,fechner
1188,20_epo,75.0,36.9496934930184,fechner
1189,20_epo,76.0,36.94969349472171,fechner
1190,20_epo,77.0,36.94969349635902,fechner
1191,20_epo,78.0,36.9496934979337,fechner
1192,20_epo,79.0,36.94969349944891,fechner
1193,20_epo,80.0,36.949693500907614,fechner
1194,20_epo,81.0,36.94969350231257,fechner
1195,20_epo,82.0,36.949693503666396,fechner
1196,20_epo,83.0,36.949693504971556,fechner
1197,20_epo,84.0,36.94969350623033,fechner
1198,20_epo,85.0,36.94969350744492,fechner
1199,20_epo,86.0,36.94969350861735,fechner
1200,20_epo,87.0,36.949693509749544,fechner
1201,20_epo,88.0,36.949693510843346,fechner
1202,20_epo,89.0,36.94969351190045,fechner
1203,20_epo,90.0,36.9496935129225,fechner
1204,20_epo,91.0,36.94969351391101,fechner
1205,20_epo,92.0,36.94969351486745,fechner
1206,20_epo,93.0,36.94969351579317,fechner
1207,20_epo,94.0,36.94969351668949,fechner
1208,20_epo,95.0,36.94969351755764,fechner
1209,21_epo,3.0,31.13836105334176,fechner
1210,21_epo,4.0,31.13837177230383,fechner
1211,21_epo,5.0,31.138374583092325,fechner
1212,21_epo,6.0,31.13837583395475,fechner
1213,21_epo,7.000000000000001,31.138376516565554,fechner
1214,21_epo,8.0,31.13837693455437,fechner
1215,21_epo,9.0,31.138377210651434,fechner
1216,21_epo,10.0,31.138377403194074,fechner
1217,21_epo,11.0,31.138377543096723,fechner
1218,21_epo,12.0,31.1383776480875,fechner
1219,21_epo,13.0,31.13837772896529,fechner
1220,21_epo,14.000000000000002,31.138377792630685,fechner
1221,21_epo,15.0,31.138377843668703,fechner
1222,21_epo,16.0,31.138377885226415,fechner
1223,21_epo,17.0,31.13837791952419,fechner
1224,21_epo,18.0,31.13837794816604,fechner
1225,21_epo,19.0,31.138377972334776,fechner
1226,21_epo,20.0,31.13837799291849,fechner
1227,21_epo,21.0,31.138378010594696,fechner
1228,21_epo,22.0,31.138378025887715,fechner
1229,21_epo,23.0,31.13837803920849,fechner
1230,21_epo,24.0,31.13837805088288,fechner
1231,21_epo,25.0,31.138378061171988,fechner
1232,21_epo,26.0,31.138378070287036,fechner
1233,21_epo,27.0,31.138378078400393,fechner
1234,21_epo,28.000000000000004,31.138378085653876,fechner
1235,21_epo,28.999999999999996,31.138378092165024,fechner
1236,21_epo,30.0,31.13837809803193,fechner
1237,21_epo,31.0,31.138378103336972,fechner
1238,21_epo,32.0,31.138378108149773,fechner
1239,21_epo,33.0,31.138378112529463,fechner
1240,21_epo,34.0,31.138378116526557,fechner
1241,21_epo,35.0,31.138378120184402,fechner
1242,21_epo,36.0,31.13837812354037,fechner
1243,21_epo,37.0,31.13837812662682,fechner
1244,21_epo,38.0,31.138378129471874,fechner
1245,21_epo,39.0,31.138378132100105,fechner
1246,21_epo,40.0,31.138378134532996,fechner
1247,21_epo,41.0,31.138378136789466,fechner
1248,21_epo,42.0,31.13837813888618,fechner
1249,21_epo,43.0,31.138378140837872,fechner
1250,21_epo,44.0,31.138378142657636,fechner
1251,21_epo,45.0,31.1383781443571,fechner
1252,21_epo,46.0,31.138378145946646,fechner
1253,21_epo,47.0,31.138378147435557,fechner
1254,21_epo,48.0,31.138378148832164,fechner
1255,21_epo,49.0,31.13837815014394,fechner
1256,21_epo,50.0,31.138378151377623,fechner
1257,21_epo,51.0,31.138378152539296,fechner
1258,21_epo,52.0,31.138378153634456,fechner
1259,21_epo,53.0,31.138378154668093,fechner
1260,21_epo,54.0,31.138378155644727,fechner
1261,21_epo,55.00000000000001,31.13837815656848,fechner
1262,21_epo,56.00000000000001,31.1383781574431,fechner
1263,21_epo,56.99999999999999,31.138378158272015,fechner
1264,21_epo,57.99999999999999,31.138378159058355,fechner
1265,21_epo,59.0,31.138378159804986,fechner
1266,21_epo,60.0,31.13837816051454,fechner
1267,21_epo,61.0,31.138378161189433,fechner
1268,21_epo,62.0,31.138378161831884,fechner
1269,21_epo,63.0,31.13837816244395,fechner
1270,21_epo,64.0,31.138378163027507,fechner
1271,21_epo,65.0,31.1383781635843,fechner
1272,21_epo,66.0,31.13837816411595,fechner
1273,21_epo,67.0,31.138378164623937,fechner
1274,21_epo,68.0,31.138378165109653,fechner
1275,21_epo,69.0,31.13837816557438,fechner
1276,21_epo,70.0,31.138378166019315,fechner
1277,21_epo,71.0,31.138378166445555,fechner
1278,21_epo,72.0,31.138378166854142,fechner
1279,21_epo,73.0,31.13837816724604,fechner
1280,21_epo,74.0,31.138378167622136,fechner
1281,21_epo,75.0,31.138378167983273,fechner
1282,21_epo,76.0,31.13837816833024,fechner
1283,21_epo,77.0,31.13837816866376,fechner
1284,21_epo,78.0,31.138378168984527,fechner
1285,21_epo,79.0,31.138378169293176,fechner
1286,21_epo,80.0,31.13837816959031,fechner
1287,21_epo,81.0,31.138378169876507,fechner
1288,21_epo,82.0,31.138378170152283,fechner
1289,21_epo,83.0,31.138378170418143,fechner
1290,21_epo,84.0,31.13837817067456,fechner
1291,21_epo,85.0,31.138378170921968,fechner
1292,21_epo,86.0,31.138378171160795,fechner
1293,21_epo,87.0,31.138378171391423,fechner
1294,21_epo,88.0,31.13837817161423,fechner
1295,21_epo,89.0,31.138378171829565,fechner
1296,21_epo,90.0,31.138378172037758,fechner
1297,21_epo,91.0,31.13837817223912,fechner
1298,21_epo,92.0,31.138378172433942,fechner
1299,21_epo,93.0,31.138378172622513,fechner
1300,21_epo,94.0,31.138378172805098,fechner
1301,21_epo,95.0,31.138378172981938,fechner
1302,22_epo,3.0,33.55089366019075,fechner
1303,22_epo,4.0,33.55089366019075,fechner
1304,22_epo,5.0,33.55089366019075,fechner
1305,22_epo,6.0,33.55089366019075,fechner
1306,22_epo,7.000000000000001,33.55089366019075,fechner
1307,22_epo,8.0,33.55089366019075,fechner
1308,22_epo,9.0,33.55089366019075,fechner
1309,22_epo,10.0,33.55089366019075,fechner
1310,22_epo,11.0,33.55089366019075,fechner
1311,22_epo,12.0,33.55089366019075,fechner
1312,22_epo,13.0,33.55089366019075,fechner
1313,22_epo,14.000000000000002,33.55089366019075,fechner
1314,22_epo,15.0,33.55089366019075,fechner
1315,22_epo,16.0,33.55089366019075,fechner
1316,22_epo,17.0,33.55089366019075,fechner
1317,22_epo,18.0,33.55089366019075,fechner
1318,22_epo,19.0,33.55089366019075,fechner
1319,22_epo,20.0,33.55089366019075,fechner
1320,22_epo,21.0,33.55089366019075,fechner
1321,22_epo,22.0,33.55089366019075,fechner
1322,22_epo,23.0,33.55089366019075,fechner
1323,22_epo,24.0,33.55089366019075,fechner
1324,22_epo,25.0,33.55089366019075,fechner
1325,22_epo,26.0,33.55089366019075,fechner
1326,22_epo,27.0,33.55089366019075,fechner
1327,22_epo,28.000000000000004,33.55089366019075,fechner
1328,22_epo,28.999999999999996,33.55089366019075,fechner
1329,22_epo,30.0,33.55089366019075,fechner
1330,22_epo,31.0,33.55089366019075,fechner
1331,22_epo,32.0,33.55089366019075,fechner
1332,22_epo,33.0,33.55089366019075,fechner
1333,22_epo,34.0,33.55089366019075,fechner
1334,22_epo,35.0,33.55089366019075,fechner
1335,22_epo,36.0,33.55089366019075,fechner
1336,22_epo,37.0,33.55089366019075,fechner
1337,22_epo,38.0,33.55089366019075,fechner
1338,22_epo,39.0,33.55089366019075,fechner
1339,22_epo,40.0,33.55089366019075,fechner
1340,22_epo,41.0,33.55089366019075,fechner
1341,22_epo,42.0,33.55089366019075,fechner
1342,22_epo,43.0,33.55089366019075,fechner
1343,22_epo,44.0,33.55089366019075,fechner
1344,22_epo,45.0,33.55089366019075,fechner
1345,22_epo,46.0,33.55089366019075,fechner
1346,22_epo,47.0,33.55089366019075,fechner
1347,22_epo,48.0,33.55089366019075,fechner
1348,22_epo,49.0,33.55089366019075,fechner
1349,22_epo,50.0,33.55089366019075,fechner
1350,22_epo,51.0,33.55089366019075,fechner
1351,22_epo,52.0,33.55089366019075,fechner
1352,22_epo,53.0,33.55089366019075,fechner
1353,22_epo,54.0,33.55089366019075,fechner
1354,22_epo,55.00000000000001,33.55089366019075,fechner
1355,22_epo,56.00000000000001,33.55089366019075,fechner
1356,22_epo,56.99999999999999,33.55089366019075,fechner
1357,22_epo,57.99999999999999,33.55089366019075,fechner
1358,22_epo,59.0,33.55089366019075,fechner
1359,22_epo,60.0,33.55089366019075,fechner
1360,22_epo,61.0,33.55089366019075,fechner
1361,22_epo,62.0,33.55089366019075,fechner
1362,22_epo,63.0,33.55089366019075,fechner
1363,22_epo,64.0,33.55089366019075,fechner
1364,22_epo,65.0,33.55089366019075,fechner
1365,22_epo,66.0,33.55089366019075,fechner
1366,22_epo,67.0,33.55089366019075,fechner
1367,22_epo,68.0,33.55089366019075,fechner
1368,22_epo,69.0,33.55089366019075,fechner
1369,22_epo,70.0,33.55089366019075,fechner
1370,22_epo,71.0,33.55089366019075,fechner
1371,22_epo,72.0,33.55089366019075,fechner
1372,22_epo,73.0,33.55089366019075,fechner
1373,22_epo,74.0,33.55089366019075,fechner
1374,22_epo,75.0,33.55089366019075,fechner
1375,22_epo,76.0,33.55089366019075,fechner
1376,22_epo,77.0,33.55089366019075,fechner
1377,22_epo,78.0,33.55089366019075,fechner
1378,22_epo,79.0,33.55089366019075,fechner
1379,22_epo,80.0,33.55089366019075,fechner
1380,22_epo,81.0,33.55089366019075,fechner
1381,22_epo,82.0,33.55089366019075,fechner
1382,22_epo,83.0,33.55089366019075,fechner
1383,22_epo,84.0,33.55089366019075,fechner
1384,22_epo,85.0,33.55089366019075,fechner
1385,22_epo,86.0,33.55089366019075,fechner
1386,22_epo,87.0,33.55089366019075,fechner
1387,22_epo,88.0,33.55089366019075,fechner
1388,22_epo,89.0,33.55089366019075,fechner
1389,22_epo,90.0,33.55089366019075,fechner
1390,22_epo,91.0,33.55089366019075,fechner
1391,22_epo,92.0,33.55089366019075,fechner
1392,22_epo,93.0,33.55089366019075,fechner
1393,22_epo,94.0,33.55089366019075,fechner
1394,22_epo,95.0,33.55089366019075,fechner
1395,23_epo,3.0,37.23981836908167,fechner
1396,23_epo,4.0,37.23981836909047,fechner
1397,23_epo,5.0,37.23981836909279,fechner
1398,23_epo,6.0,37.23981836909381,fechner
1399,23_epo,7.000000000000001,37.23981836909437,fechner
1400,23_epo,8.0,37.23981836909471,fechner
1401,23_epo,9.0,37.23981836909494,fechner
1402,23_epo,10.0,37.239818369095104,fechner
1403,23_epo,11.0,37.23981836909521,fechner
1404,23_epo,12.0,37.2398183690953,fechner
1405,23_epo,13.0,37.23981836909537,fechner
1406,23_epo,14.000000000000002,37.239818369095424,fechner
1407,23_epo,15.0,37.23981836909547,fechner
1408,23_epo,16.0,37.239818369095495,fechner
1409,23_epo,17.0,37.239818369095524,fechner
1410,23_epo,18.0,37.239818369095545,fechner
1411,23_epo,19.0,37.239818369095566,fechner
1412,23_epo,20.0,37.23981836909558,fechner
1413,23_epo,21.0,37.239818369095595,fechner
1414,23_epo,22.0,37.23981836909561,fechner
1415,23_epo,23.0,37.23981836909562,fechner
1416,23_epo,24.0,37.23981836909563,fechner
1417,23_epo,25.0,37.23981836909564,fechner
1418,23_epo,26.0,37.23981836909565,fechner
1419,23_epo,27.0,37.23981836909565,fechner
1420,23_epo,28.000000000000004,37.23981836909566,fechner
1421,23_epo,28.999999999999996,37.239818369095666,fechner
1422,23_epo,30.0,37.23981836909567,fechner
1423,23_epo,31.0,37.23981836909567,fechner
1424,23_epo,32.0,37.23981836909568,fechner
1425,23_epo,33.0,37.23981836909569,fechner
1426,23_epo,34.0,37.23981836909569,fechner
1427,23_epo,35.0,37.23981836909569,fechner
1428,23_epo,36.0,37.239818369095694,fechner
1429,23_epo,37.0,37.239818369095694,fechner
1430,23_epo,38.0,37.2398183690957,fechner
1431,23_epo,39.0,37.2398183690957,fechner
1432,23_epo,40.0,37.2398183690957,fechner
1433,23_epo,41.0,37.2398183690957,fechner
1434,23_epo,42.0,37.23981836909571,fechner
1435,23_epo,43.0,37.23981836909571,fechner
1436,23_epo,44.0,37.23981836909571,fechner
1437,23_epo,45.0,37.23981836909571,fechner
1438,23_epo,46.0,37.23981836909571,fechner
1439,23_epo,47.0,37.239818369095715,fechner
1440,23_epo,48.0,37.239818369095715,fechner
1441,23_epo,49.0,37.239818369095715,fechner
1442,23_epo,50.0,37.239818369095715,fechner
1443,23_epo,51.0,37.239818369095715,fechner
1444,23_epo,52.0,37.239818369095715,fechner
1445,23_epo,53.0,37.23981836909572,fechner
1446,23_epo,54.0,37.23981836909572,fechner
1447,23_epo,55.00000000000001,37.23981836909572,fechner
1448,23_epo,56.00000000000001,37.23981836909572,fechner
1449,23_epo,56.99999999999999,37.23981836909572,fechner
1450,23_epo,57.99999999999999,37.23981836909572,fechner
1451,23_epo,59.0,37.23981836909572,fechner
1452,23_epo,60.0,37.23981836909572,fechner
1453,23_epo,61.0,37.23981836909572,fechner
1454,23_epo,62.0,37.23981836909572,fechner
1455,23_epo,63.0,37.23981836909572,fechner
1456,23_epo,64.0,37.23981836909573,fechner
1457,23_epo,65.0,37.23981836909573,fechner
1458,23_epo,66.0,37.23981836909573,fechner
1459,23_epo,67.0,37.23981836909573,fechner
1460,23_epo,68.0,37.23981836909573,fechner
1461,23_epo,69.0,37.23981836909573,fechner
1462,23_epo,70.0,37.23981836909573,fechner
1463,23_epo,71.0,37.23981836909573,fechner
1464,23_epo,72.0,37.23981836909573,fechner
1465,23_epo,73.0,37.23981836909573,fechner
1466,23_epo,74.0,37.23981836909573,fechner
1467,23_epo,75.0,37.23981836909573,fechner
1468,23_epo,76.0,37.23981836909573,fechner
1469,23_epo,77.0,37.23981836909573,fechner
1470,23_epo,78.0,37.23981836909573,fechner
1471,23_epo,79.0,37.23981836909573,fechner
1472,23_epo,80.0,37.23981836909573,fechner
1473,23_epo,81.0,37.23981836909573,fechner
1474,23_epo,82.0,37.23981836909573,fechner
1475,23_epo,83.0,37.23981836909573,fechner
1476,23_epo,84.0,37.23981836909573,fechner
1477,23_epo,85.0,37.23981836909573,fechner
1478,23_epo,86.0,37.23981836909573,fechner
1479,23_epo,87.0,37.23981836909574,fechner
1480,23_epo,88.0,37.23981836909574,fechner
1481,23_epo,89.0,37.23981836909574,fechner
1482,23_epo,90.0,37.23981836909574,fechner
1483,23_epo,91.0,37.23981836909574,fechner
1484,23_epo,92.0,37.23981836909574,fechner
1485,23_epo,93.0,37.23981836909574,fechner
1486,23_epo,94.0,37.23981836909574,fechner
1487,23_epo,95.0,37.23981836909574,fechner
1488,24_epo,3.0,34.39015336438626,fechner
1489,24_epo,4.0,35.476353549507444,fechner
1490,24_epo,5.0,35.77483301017713,fechner
1491,24_epo,6.0,35.909583629400224,fechner
1492,24_epo,7.000000000000001,35.983626190199935,fechner
1493,24_epo,8.0,36.02914370133132,fechner
1494,24_epo,9.0,36.05928438875312,fechner
1495,24_epo,10.0,36.080338970930605,fechner
1496,24_epo,11.0,36.095655583464605,fechner
1497,24_epo,12.0,36.10716011788826,fechner
1498,24_epo,13.0,36.11602833965537,fechner
1499,24_epo,14.000000000000002,36.123012847605736,fechner
1500,24_epo,15.0,36.128614354259085,fechner
1501,24_epo,16.0,36.13317689718042,fechner
1502,24_epo,17.0,36.13694341009709,fechner
1503,24_epo,18.0,36.140089511383586,fechner
1504,24_epo,19.0,36.142744776724285,fechner
1505,24_epo,20.0,36.14500654115015,fechner
1506,24_epo,21.0,36.14694909242228,fechner
1507,24_epo,22.0,36.14862993812518,fechner
1508,24_epo,23.0,36.150094166768284,fechner
1509,24_epo,24.0,36.15137753898941,fechner
1510,24_epo,25.0,36.152508715301636,fechner
1511,24_epo,26.0,36.15351088588387,fechner
1512,24_epo,27.0,36.154402979339295,fechner
1513,24_epo,28.000000000000004,36.155200570474975,fechner
1514,24_epo,28.999999999999996,36.155916569920755,fechner
1515,24_epo,30.0,36.15656175359059,fechner
1516,24_epo,31.0,36.157145173178655,fechner
1517,24_epo,32.0,36.157674477322146,fechner
1518,24_epo,33.0,36.15815616500177,fechner
1519,24_epo,34.0,36.1585957870573,fechner
1520,24_epo,35.0,36.15899810762543,fechner
1521,24_epo,36.0,36.15936723436573,fechner
1522,24_epo,37.0,36.15970672419138,fechner
1523,24_epo,38.0,36.160019669636654,fechner
1524,24_epo,39.0,36.16030876981376,fechner
1525,24_epo,40.0,36.16057638902547,fechner
1526,24_epo,41.0,36.16082460543019,fechner
1527,24_epo,42.0,36.16105525164436,fechner
1528,24_epo,43.0,36.16126994877443,fechner
1529,24_epo,44.0,36.16147013506692,fechner
1530,24_epo,45.0,36.161657090128315,fechner
1531,24_epo,46.0,36.16183195548104,fechner
1532,24_epo,47.0,36.16199575207617,fechner
1533,24_epo,48.0,36.16214939526706,fechner
1534,24_epo,49.0,36.16229370765655,fechner
1535,24_epo,50.0,36.16242943015603,fechner
1536,24_epo,51.0,36.16255723153537,fechner
1537,24_epo,52.0,36.162677716694716,fechner
1538,24_epo,53.0,36.16279143385005,fechner
1539,24_epo,54.0,36.16289888079265,fechner
1540,24_epo,55.00000000000001,36.16300051035631,fechner
1541,24_epo,56.00000000000001,36.163096735205094,fechner
1542,24_epo,56.99999999999999,36.16318793203632,fechner
1543,24_epo,57.99999999999999,36.16327444527915,fechner
1544,24_epo,59.0,36.16335659035681,fechner
1545,24_epo,60.0,36.16343465657021,fechner
1546,24_epo,61.0,36.16350890965253,fechner
1547,24_epo,62.0,36.16357959403686,fechner
1548,24_epo,63.0,36.16364693487336,fechner
1549,24_epo,64.0,36.16371113982678,fechner
1550,24_epo,65.0,36.163772400681566,fechner
1551,24_epo,66.0,36.163830894777526,fechner
1552,24_epo,67.0,36.16388678629633,fechner
1553,24_epo,68.0,36.163940227416255,fechner
1554,24_epo,69.0,36.16399135935031,fechner
1555,24_epo,70.0,36.16404031328117,fechner
1556,24_epo,71.0,36.1640872112043,fechner
1557,24_epo,72.0,36.16413216668958,fechner
1558,24_epo,73.0,36.16417528557028,fechner
1559,24_epo,74.0,36.16421666656705,fechner
1560,24_epo,75.0,36.164256401854146,fechner
1561,24_epo,76.0,36.16429457757354,fechner
1562,24_epo,77.0,36.164331274302725,fechner
1563,24_epo,78.0,36.164366567480556,fechner
1564,24_epo,79.0,36.16440052779568,fechner
1565,24_epo,80.0,36.164433221541024,fechner
1566,24_epo,81.0,36.164464710937864,fechner
1567,24_epo,82.0,36.1644950544323,fechner
1568,24_epo,83.0,36.16452430696692,fechner
1569,24_epo,84.0,36.164552520229826,fechner
1570,24_epo,85.0,36.16457974288334,fechner
1571,24_epo,86.0,36.16460602077409,fechner
1572,24_epo,87.0,36.16463139712629,fechner
1573,24_epo,88.0,36.164655912719844,fechner
1574,24_epo,89.0,36.16467960605426,fechner
1575,24_epo,90.0,36.16470251350008,fechner
1576,24_epo,91.0,36.16472466943859,fechner
1577,24_epo,92.0,36.16474610639101,fechner
1578,24_epo,93.0,36.16476685513791,fechner
1579,24_epo,94.0,36.16478694483002,fechner
1580,24_epo,95.0,36.164806403090466,fechner
1581,25_epo,3.0,32.711273125606745,fechner
1582,25_epo,4.0,33.66173348693682,fechner
1583,25_epo,5.0,34.312494686312775,fechner
1584,25_epo,6.0,34.778097946840745,fechner
1585,25_epo,7.000000000000001,35.11576053309338,fechner
1586,25_epo,8.0,35.364594533547404,fechner
1587,25_epo,9.0,35.551297604028626,fechner
1588,25_epo,10.0,35.69395443037624,fechner
1589,25_epo,11.0,35.80486556162929,fechner
1590,25_epo,12.0,35.89249478192579,fechner
1591,25_epo,13.0,35.96275480792258,fechner
1592,25_epo,14.000000000000002,36.01984470365508,fechner
1593,25_epo,15.0,36.06679618103209,fechner
1594,25_epo,16.0,36.10583331360924,fechner
1595,25_epo,17.0,36.13861249861237,fechner
1596,25_epo,18.0,36.16638489605616,fechner
1597,25_epo,19.0,36.19010806446107,fechner
1598,25_epo,20.0,36.21052383797329,fechner
1599,25_epo,21.0,36.228213444665705,fechner
1600,25_epo,22.0,36.24363705899911,fechner
1601,25_epo,23.0,36.25716255754686,fechner
1602,25_epo,24.0,36.269086684183186,fechner
1603,25_epo,25.0,36.27965080974262,fechner
1604,25_epo,26.0,36.289052794937916,fechner
1605,25_epo,27.0,36.297456011601724,fechner
1606,25_epo,28.000000000000004,36.30499626896295,fechner
1607,25_epo,28.999999999999996,36.31178717950744,fechner
1608,25_epo,30.0,36.317924351261695,fechner
1609,25_epo,31.0,36.323488689334276,fechner
1610,25_epo,32.0,36.32854901552753,fechner
1611,25_epo,33.0,36.333164161610036,fechner
1612,25_epo,34.0,36.337384653198974,fechner
1613,25_epo,35.0,36.341254072886436,fechner
1614,25_epo,36.0,36.34481017031389,fechner
1615,25_epo,37.0,36.34808577129675,fechner
1616,25_epo,38.0,36.35110952637959,fechner
1617,25_epo,39.0,36.35390653032866,fechner
1618,25_epo,40.0,36.35649883730245,fechner
1619,25_epo,41.0,36.358905891246586,fechner
1620,25_epo,42.0,36.361144887045675,fechner
1621,25_epo,43.0,36.36323107484347,fechner
1622,25_epo,44.0,36.36517801750136,fechner
1623,25_epo,45.0,36.36699780924481,fechner
1624,25_epo,46.0,36.36870126202796,fechner
1625,25_epo,47.0,36.37029806493905,fechner
1626,25_epo,48.0,36.37179692100381,fechner
1627,25_epo,49.0,36.37320566496955,fechner
1628,25_epo,50.0,36.37453136502666,fechner
1629,25_epo,51.0,36.375780410919084,fechner
1630,25_epo,52.0,36.376958590481735,fechner
1631,25_epo,53.0,36.37807115630768,fechner
1632,25_epo,54.0,36.37912288397075,fechner
1633,25_epo,55.00000000000001,36.38011812300244,fechner
1634,25_epo,56.00000000000001,36.38106084163404,fechner
1635,25_epo,56.99999999999999,36.38195466615931,fechner
1636,25_epo,57.99999999999999,36.38280291564315,fechner
1637,25_epo,59.0,36.383608632594026,fechner
1638,25_epo,60.0,36.384374610127004,fechner
1639,25_epo,61.0,36.38510341606824,fechner
1640,25_epo,62.0,36.38579741438795,fechner
1641,25_epo,63.0,36.38645878429444,fechner
1642,25_epo,64.0,36.387089537276104,fechner
1643,25_epo,65.0,36.38769153233938,fechner
1644,25_epo,66.0,36.3882664896574,fechner
1645,25_epo,67.0,36.388816002815744,fechner
1646,25_epo,68.0,36.38934154981764,fechner
1647,25_epo,69.0,36.389844502989945,fechner
1648,25_epo,70.0,36.390326137913604,fechner
1649,25_epo,71.0,36.39078764148663,fechner
1650,25_epo,72.0,36.39123011921458,fechner
1651,25_epo,73.0,36.391654601811915,fechner
1652,25_epo,74.0,36.39206205118751,fechner
1653,25_epo,75.0,36.3924533658792,fechner
1654,25_epo,76.0,36.39282938599448,fechner
1655,25_epo,77.0,36.39319089770784,fechner
1656,25_epo,78.0,36.39353863735975,fechner
1657,25_epo,79.0,36.393873295197004,fechner
1658,25_epo,80.0,36.39419551878984,fechner
1659,25_epo,81.0,36.39450591615727,fechner
1660,25_epo,82.0,36.39480505862888,fechner
1661,25_epo,83.0,36.39509348346805,fechner
1662,25_epo,84.0,36.395371696279064,fechner
1663,25_epo,85.0,36.39564017321827,fechner
1664,25_epo,86.0,36.39589936302722,fechner
1665,25_epo,87.0,36.396149688904046,fechner
1666,25_epo,88.0,36.39639155022752,fechner
1667,25_epo,89.0,36.396625324147,fechner
1668,25_epo,90.0,36.39685136704993,fechner
1669,25_epo,91.0,36.397070015917684,fechner
1670,25_epo,92.0,36.397281589579215,fechner
1671,25_epo,93.0,36.39748638987132,fechner
1672,25_epo,94.0,36.3976847027133,fechner
1673,25_epo,95.0,36.39787679910326,fechner
1674,2_epo,3.0,34.76637216050926,fechner
1675,2_epo,4.0,34.76637708818457,fechner
1676,2_epo,5.0,34.76637837993819,fechner
1677,2_epo,6.0,34.76637895474207,fechner
1678,2_epo,7.000000000000001,34.766379268405295,fechner
1679,2_epo,8.0,34.766379460468386,fechner
1680,2_epo,9.0,34.766379587331095,fechner
1681,2_epo,10.0,34.76637967580074,fechner
1682,2_epo,11.0,34.766379740082826,fechner
1683,2_epo,12.0,34.76637978832343,fechner
1684,2_epo,13.0,34.766379825484556,fechner
1685,2_epo,14.000000000000002,34.76637985473696,fechner
1686,2_epo,15.0,34.766379878187394,fechner
1687,2_epo,16.0,34.76637989728186,fechner
1688,2_epo,17.0,34.76637991304059,fechner
1689,2_epo,18.0,34.766379926200585,fechner
1690,2_epo,19.0,34.76637993730532,fechner
1691,2_epo,20.0,34.76637994676283,fechner
1692,2_epo,21.0,34.76637995488446,fechner
1693,2_epo,22.0,34.76637996191106,fechner
1694,2_epo,23.0,34.7663799680315,fechner
1695,2_epo,24.0,34.76637997339547,fechner
1696,2_epo,25.0,34.766379978122956,fechner
1697,2_epo,26.0,34.766379982310994,fechner
1698,2_epo,27.0,34.76637998603879,fechner
1699,2_epo,28.000000000000004,34.76637998937151,fechner
1700,2_epo,28.999999999999996,34.76637999236314,fechner
1701,2_epo,30.0,34.76637999505878,fechner
1702,2_epo,31.0,34.76637999749625,fechner
1703,2_epo,32.0,34.76637999970756,fechner
1704,2_epo,33.0,34.76638000171987,fechner
1705,2_epo,34.0,34.766380003556385,fechner
1706,2_epo,35.0,34.76638000523703,fechner
1707,2_epo,36.0,34.766380006778974,fechner
1708,2_epo,37.0,34.76638000819708,fechner
1709,2_epo,38.0,34.76638000950429,fechner
1710,2_epo,39.0,34.766380010711856,fechner
1711,2_epo,40.0,34.76638001182968,fechner
1712,2_epo,41.0,34.76638001286644,fechner
1713,2_epo,42.0,34.7663800138298,fechner
1714,2_epo,43.0,34.766380014726536,fechner
1715,2_epo,44.0,34.76638001556265,fechner
1716,2_epo,45.0,34.76638001634349,fechner
1717,2_epo,46.0,34.76638001707383,fechner
1718,2_epo,47.0,34.766380017757925,fechner
1719,2_epo,48.0,34.766380018399616,fechner
1720,2_epo,49.0,34.76638001900233,fechner
1721,2_epo,50.0,34.766380019569155,fechner
1722,2_epo,51.0,34.76638002010291,fechner
1723,2_epo,52.0,34.76638002060609,fechner
1724,2_epo,53.0,34.76638002108101,fechner
1725,2_epo,54.0,34.766380021529734,fechner
1726,2_epo,55.00000000000001,34.76638002195417,fechner
1727,2_epo,56.00000000000001,34.76638002235602,fechner
1728,2_epo,56.99999999999999,34.766380022736875,fechner
1729,2_epo,57.99999999999999,34.76638002309817,fechner
1730,2_epo,59.0,34.76638002344122,fechner
1731,2_epo,60.0,34.76638002376723,fechner
1732,2_epo,61.0,34.766380024077314,fechner
1733,2_epo,62.0,34.7663800243725,fechner
1734,2_epo,63.0,34.76638002465372,fechner
1735,2_epo,64.0,34.766380024921844,fechner
1736,2_epo,65.0,34.766380025177675,fechner
1737,2_epo,66.0,34.766380025421945,fechner
1738,2_epo,67.0,34.766380025655344,fechner
1739,2_epo,68.0,34.76638002587851,fechner
1740,2_epo,69.0,34.76638002609204,fechner
1741,2_epo,70.0,34.76638002629647,fechner
1742,2_epo,71.0,34.76638002649231,fechner
1743,2_epo,72.0,34.76638002668004,fechner
1744,2_epo,73.0,34.766380026860105,fechner
1745,2_epo,74.0,34.7663800270329,fechner
1746,2_epo,75.0,34.766380027198835,fechner
1747,2_epo,76.0,34.76638002735825,fechner
1748,2_epo,77.0,34.766380027511495,fechner
1749,2_epo,78.0,34.76638002765887,fechner
1750,2_epo,79.0,34.766380027800686,fechner
1751,2_epo,80.0,34.76638002793721,fechner
1752,2_epo,81.0,34.7663800280687,fechner
1753,2_epo,82.0,34.766380028195414,fechner
1754,2_epo,83.0,34.76638002831756,fechner
1755,2_epo,84.0,34.76638002843538,fechner
1756,2_epo,85.0,34.76638002854905,fechner
1757,2_epo,86.0,34.76638002865878,fechner
1758,2_epo,87.0,34.76638002876475,fechner
1759,2_epo,88.0,34.766380028867125,fechner
1760,2_epo,89.0,34.76638002896606,fechner
1761,2_epo,90.0,34.766380029061715,fechner
1762,2_epo,91.0,34.766380029154234,fechner
1763,2_epo,92.0,34.76638002924375,fechner
1764,2_epo,93.0,34.76638002933039,fechner
1765,2_epo,94.0,34.76638002941428,fechner
1766,2_epo,95.0,34.76638002949553,fechner
1767,3_epo,3.0,34.965747512780666,fechner
1768,3_epo,4.0,34.965811928476576,fechner
1769,3_epo,5.0,34.96582883914681,fechner
1770,3_epo,6.0,34.96583636733535,fechner
1771,3_epo,7.000000000000001,34.96584047622704,fechner
1772,3_epo,8.0,34.96584299249212,fechner
1773,3_epo,9.0,34.965844654675244,fechner
1774,3_epo,10.0,34.965845813882545,fechner
1775,3_epo,11.0,34.96584665619316,fechner
1776,3_epo,12.0,34.96584728832319,fechner
1777,3_epo,13.0,34.96584777528099,fechner
1778,3_epo,14.000000000000002,34.965848158609205,fechner
1779,3_epo,15.0,34.96584846591116,fechner
1780,3_epo,16.0,34.96584871613377,fechner
1781,3_epo,17.0,34.965848922644966,fechner
1782,3_epo,18.0,34.965849095102065,fechner
1783,3_epo,19.0,34.96584924062649,fechner
1784,3_epo,20.0,34.965849364565265,fechner
1785,3_epo,21.0,34.965849470997725,fechner
1786,3_epo,22.0,34.96584956308068,fechner
1787,3_epo,23.0,34.96584964328851,fechner
1788,3_epo,24.0,34.96584971358318,fechner
1789,3_epo,25.0,34.96584977553679,fechner
1790,3_epo,26.0,34.96584983042113,fechner
1791,3_epo,27.0,34.96584987927409,fechner
1792,3_epo,28.000000000000004,34.965849922949545,fechner
1793,3_epo,28.999999999999996,34.96584996215522,fechner
1794,3_epo,30.0,34.96584999748172,fechner
1795,3_epo,31.0,34.965850029425134,fechner
1796,3_epo,32.0,34.965850058404584,fechner
1797,3_epo,33.0,34.965850084776186,fechner
1798,3_epo,34.0,34.96585010884405,fechner
1799,3_epo,35.0,34.9658501308692,fechner
1800,3_epo,36.0,34.96585015107664,fechner
1801,3_epo,37.0,34.965850169661216,fechner
1802,3_epo,38.0,34.96585018679233,fechner
1803,3_epo,39.0,34.96585020261781,fechner
1804,3_epo,40.0,34.96585021726715,fechner
1805,3_epo,41.0,34.96585023085417,fechner
1806,3_epo,42.0,34.96585024347924,fechner
1807,3_epo,43.0,34.96585025523111,fechner
1808,3_epo,44.0,34.96585026618856,fechner
1809,3_epo,45.0,34.96585027642166,fechner
1810,3_epo,46.0,34.96585028599291,fechner
1811,3_epo,47.0,34.965850294958216,fechner
1812,3_epo,48.0,34.9658503033677,fechner
1813,3_epo,49.0,34.96585031126639,fechner
1814,3_epo,50.0,34.96585031869486,fechner
1815,3_epo,51.0,34.96585032568973,fechner
1816,3_epo,52.0,34.96585033228412,fechner
1817,3_epo,53.0,34.96585033850803,fechner
1818,3_epo,54.0,34.96585034438872,fechner
1819,3_epo,55.00000000000001,34.96585034995098,fechner
1820,3_epo,56.00000000000001,34.96585035521741,fechner
1821,3_epo,56.99999999999999,34.96585036020862,fechner
1822,3_epo,57.99999999999999,34.96585036494347,fechner
1823,3_epo,59.0,34.96585036943923,fechner
1824,3_epo,60.0,34.96585037371173,fechner
1825,3_epo,61.0,34.96585037777552,fechner
1826,3_epo,62.0,34.96585038164399,fechner
1827,3_epo,63.0,34.96585038532944,fechner
1828,3_epo,64.0,34.96585038884327,fechner
1829,3_epo,65.0,34.96585039219595,fechner
1830,3_epo,66.0,34.9658503953972,fechner
1831,3_epo,67.0,34.96585039845601,fechner
1832,3_epo,68.0,34.965850401380706,fechner
1833,3_epo,69.0,34.965850404179015,fechner
1834,3_epo,70.0,34.96585040685812,fechner
1835,3_epo,71.0,34.9658504094247,fechner
1836,3_epo,72.0,34.96585041188496,fechner
1837,3_epo,73.0,34.965850414244706,fechner
1838,3_epo,74.0,34.96585041650934,fechner
1839,3_epo,75.0,34.96585041868391,fechner
1840,3_epo,76.0,34.96585042077311,fechner
1841,3_epo,77.0,34.96585042278138,fechner
1842,3_epo,78.0,34.965850424712826,fechner
1843,3_epo,79.0,34.965850426571336,fechner
1844,3_epo,80.0,34.96585042836052,fechner
1845,3_epo,81.0,34.9658504300838,fechner
1846,3_epo,82.0,34.96585043174436,fechner
1847,3_epo,83.0,34.96585043334521,fechner
1848,3_epo,84.0,34.965850434889184,fechner
1849,3_epo,85.0,34.96585043637894,fechner
1850,3_epo,86.0,34.965850437817004,fechner
1851,3_epo,87.0,34.965850439205724,fechner
1852,3_epo,88.0,34.965850440547335,fechner
1853,3_epo,89.0,34.96585044184395,fechner
1854,3_epo,90.0,34.96585044309755,fechner
1855,3_epo,91.0,34.96585044431003,fechner
1856,3_epo,92.0,34.965850445483156,fechner
1857,3_epo,93.0,34.96585044661862,fechner
1858,3_epo,94.0,34.96585044771801,fechner
1859,3_epo,95.0,34.96585044878285,fechner
1860,4_epo,3.0,34.75611923192025,fechner
1861,4_epo,4.0,34.75612364017209,fechner
1862,4_epo,5.0,34.75612479583171,fechner
1863,4_epo,6.0,34.75612531008578,fechner
1864,4_epo,7.000000000000001,34.75612559071013,fechner
1865,4_epo,8.0,34.7561257625436,fechner
1866,4_epo,9.0,34.75612587604446,fechner
1867,4_epo,10.0,34.75612595519618,fechner
1868,4_epo,11.0,34.756126012707945,fechner
1869,4_epo,12.0,34.75612605586779,fechner
1870,4_epo,13.0,34.75612608911509,fechner
1871,4_epo,14.000000000000002,34.75612611528664,fechner
1872,4_epo,15.0,34.75612613626729,fechner
1873,4_epo,16.0,34.75612615335075,fechner
1874,4_epo,17.0,34.756126167449786,fechner
1875,4_epo,18.0,34.75612617922379,fechner
1876,4_epo,19.0,34.75612618915899,fechner
1877,4_epo,20.0,34.75612619762047,fechner
1878,4_epo,21.0,34.75612620488673,fechner
1879,4_epo,22.0,34.75612621117332,fechner
1880,4_epo,23.0,34.756126216649164,fechner
1881,4_epo,24.0,34.75612622144821,fechner
1882,4_epo,25.0,34.75612622567781,fechner
1883,4_epo,26.0,34.75612622942477,fechner
1884,4_epo,27.0,34.75612623275997,fechner
1885,4_epo,28.000000000000004,34.7561262357417,fechner
1886,4_epo,28.999999999999996,34.75612623841826,fechner
1887,4_epo,30.0,34.75612624082999,fechner
1888,4_epo,31.0,34.75612624301076,fechner
1889,4_epo,32.0,34.75612624498918,fechner
1890,4_epo,33.0,34.756126246789556,fechner
1891,4_epo,34.0,34.756126248432665,fechner
1892,4_epo,35.0,34.75612624993631,fechner
1893,4_epo,36.0,34.756126251315855,fechner
1894,4_epo,37.0,34.75612625258462,fechner
1895,4_epo,38.0,34.75612625375415,fechner
1896,4_epo,39.0,34.75612625483454,fechner
1897,4_epo,40.0,34.756126255834644,fechner
1898,4_epo,41.0,34.756126256762215,fechner
1899,4_epo,42.0,34.756126257624125,fechner
1900,4_epo,43.0,34.75612625842641,fechner
1901,4_epo,44.0,34.756126259174465,fechner
1902,4_epo,45.0,34.75612625987307,fechner
1903,4_epo,46.0,34.756126260526486,fechner
1904,4_epo,47.0,34.75612626113855,fechner
1905,4_epo,48.0,34.75612626171265,fechner
1906,4_epo,49.0,34.75612626225188,fechner
1907,4_epo,50.0,34.75612626275902,fechner
1908,4_epo,51.0,34.75612626323655,fechner
1909,4_epo,52.0,34.756126263686745,fechner
1910,4_epo,53.0,34.75612626411165,fechner
1911,4_epo,54.0,34.75612626451312,fechner
1912,4_epo,55.00000000000001,34.75612626489284,fechner
1913,4_epo,56.00000000000001,34.756126265252384,fechner
1914,4_epo,56.99999999999999,34.756126265593124,fechner
1915,4_epo,57.99999999999999,34.756126265916365,fechner
1916,4_epo,59.0,34.75612626622328,fechner
1917,4_epo,60.0,34.75612626651497,fechner
1918,4_epo,61.0,34.7561262667924,fechner
1919,4_epo,62.0,34.756126267056494,fechner
1920,4_epo,63.0,34.75612626730809,fechner
1921,4_epo,64.0,34.75612626754798,fechner
1922,4_epo,65.0,34.756126267776864,fechner
1923,4_epo,66.0,34.756126267995405,fechner
1924,4_epo,67.0,34.75612626820423,fechner
1925,4_epo,68.0,34.7561262684039,fechner
1926,4_epo,69.0,34.756126268594926,fechner
1927,4_epo,70.0,34.756126268777834,fechner
1928,4_epo,71.0,34.75612626895305,fechner
1929,4_epo,72.0,34.75612626912101,fechner
1930,4_epo,73.0,34.7561262692821,fechner
1931,4_epo,74.0,34.756126269436706,fechner
1932,4_epo,75.0,34.75612626958517,fechner
1933,4_epo,76.0,34.756126269727794,fechner
1934,4_epo,77.0,34.75612626986489,fechner
1935,4_epo,78.0,34.756126269996756,fechner
1936,4_epo,79.0,34.75612627012363,fechner
1937,4_epo,80.0,34.75612627024577,fechner
1938,4_epo,81.0,34.75612627036342,fechner
1939,4_epo,82.0,34.756126270476784,fechner
1940,4_epo,83.0,34.75612627058607,fechner
1941,4_epo,84.0,34.75612627069148,fechner
1942,4_epo,85.0,34.75612627079318,fechner
1943,4_epo,86.0,34.75612627089136,fechner
1944,4_epo,87.0,34.756126270986165,fechner
1945,4_epo,88.0,34.756126271077754,fechner
1946,4_epo,89.0,34.756126271166266,fechner
1947,4_epo,90.0,34.75612627125185,fechner
1948,4_epo,91.0,34.75612627133463,fechner
1949,4_epo,92.0,34.756126271414715,fechner
1950,4_epo,93.0,34.75612627149223,fechner
1951,4_epo,94.0,34.75612627156729,fechner
1952,4_epo,95.0,34.75612627163998,fechner
1953,5_epo,3.0,30.58517686277277,fechner
1954,5_epo,4.0,30.58518008685039,fechner
1955,5_epo,5.0,30.585180931935945,fechner
1956,5_epo,6.0,30.58518130797068,fechner
1957,5_epo,7.000000000000001,30.585181513165228,fechner
1958,5_epo,8.0,30.58518163880949,fechner
1959,5_epo,9.0,30.585181721800407,fechner
1960,5_epo,10.0,30.5851817796752,fechner
1961,5_epo,11.0,30.585181821726945,fechner
1962,5_epo,12.0,30.585181853284688,fechner
1963,5_epo,13.0,30.585181877594504,fechner
1964,5_epo,14.000000000000002,30.585181896730624,fechner
1965,5_epo,15.0,30.585181912071235,fechner
1966,5_epo,16.0,30.585181924562296,fechner
1967,5_epo,17.0,30.5851819348712,fechner
1968,5_epo,18.0,30.585181943480084,fechner
1969,5_epo,19.0,30.585181950744477,fechner
1970,5_epo,20.0,30.585181956931304,fechner
1971,5_epo,21.0,30.585181962244224,fechner
1972,5_epo,22.0,30.58518196684082,fechner
1973,5_epo,23.0,30.585181970844626,fechner
1974,5_epo,24.0,30.585181974353578,fechner
1975,5_epo,25.0,30.58518197744615,fechner
1976,5_epo,26.0,30.58518198018584,fechner
1977,5_epo,27.0,30.585181982624455,fechner
1978,5_epo,28.000000000000004,30.585181984804613,fechner
1979,5_epo,28.999999999999996,30.58518198676165,fechner
1980,5_epo,30.0,30.58518198852505,fechner
1981,5_epo,31.0,30.585181990119573,fechner
1982,5_epo,32.0,30.58518199156614,fechner
1983,5_epo,33.0,30.58518199288253,fechner
1984,5_epo,34.0,30.585181994083925,fechner
1985,5_epo,35.0,30.58518199518335,fechner
1986,5_epo,36.0,30.58518199619204,fechner
1987,5_epo,37.0,30.585181997119726,fechner
1988,5_epo,38.0,30.585181997974853,fechner
1989,5_epo,39.0,30.58518199876481,fechner
1990,5_epo,40.0,30.585181999496058,fechner
1991,5_epo,41.0,30.585182000174274,fechner
1992,5_epo,42.0,30.585182000804476,fechner
1993,5_epo,43.0,30.58518200139109,fechner
1994,5_epo,44.0,30.58518200193805,fechner
1995,5_epo,45.0,30.585182002448853,fechner
1996,5_epo,46.0,30.585182002926615,fechner
1997,5_epo,47.0,30.585182003374133,fechner
1998,5_epo,48.0,30.585182003793904,fechner
1999,5_epo,49.0,30.58518200418818,fechner
2000,5_epo,50.0,30.585182004558984,fechner
2001,5_epo,51.0,30.58518200490814,fechner
2002,5_epo,52.0,30.585182005237314,fechner
2003,5_epo,53.0,30.58518200554799,fechner
2004,5_epo,54.0,30.58518200584153,fechner
2005,5_epo,55.00000000000001,30.58518200611918,fechner
2006,5_epo,56.00000000000001,30.58518200638206,fechner
2007,5_epo,56.99999999999999,30.585182006631204,fechner
2008,5_epo,57.99999999999999,30.58518200686755,fechner
2009,5_epo,59.0,30.585182007091966,fechner
2010,5_epo,60.0,30.58518200730523,fechner
2011,5_epo,61.0,30.58518200750808,fechner
2012,5_epo,62.0,30.58518200770118,fechner
2013,5_epo,63.0,30.585182007885145,fechner
2014,5_epo,64.0,30.585182008060546,fechner
2015,5_epo,65.0,30.585182008227896,fechner
2016,5_epo,66.0,30.585182008387694,fechner
2017,5_epo,67.0,30.585182008540375,fechner
2018,5_epo,68.0,30.585182008686367,fechner
2019,5_epo,69.0,30.585182008826045,fechner
2020,5_epo,70.0,30.58518200895978,fechner
2021,5_epo,71.0,30.58518200908789,fechner
2022,5_epo,72.0,30.5851820092107,fechner
2023,5_epo,73.0,30.585182009328488,fechner
2024,5_epo,74.0,30.58518200944153,fechner
2025,5_epo,75.0,30.585182009550078,fechner
2026,5_epo,76.0,30.585182009654364,fechner
2027,5_epo,77.0,30.58518200975461,fechner
2028,5_epo,78.0,30.58518200985102,fechner
2029,5_epo,79.0,30.585182009943793,fechner
2030,5_epo,80.0,30.585182010033098,fechner
2031,5_epo,81.0,30.58518201011912,fechner
2032,5_epo,82.0,30.585182010202008,fechner
2033,5_epo,83.0,30.585182010281915,fechner
2034,5_epo,84.0,30.585182010358988,fechner
2035,5_epo,85.0,30.58518201043335,fechner
2036,5_epo,86.0,30.58518201050513,fechner
2037,5_epo,87.0,30.58518201057445,fechner
2038,5_epo,88.0,30.58518201064142,fechner
2039,5_epo,89.0,30.585182010706145,fechner
2040,5_epo,90.0,30.58518201076872,fechner
2041,5_epo,91.0,30.58518201082924,fechner
2042,5_epo,92.0,30.585182010887795,fechner
2043,5_epo,93.0,30.585182010944475,fechner
2044,5_epo,94.0,30.585182010999354,fechner
2045,5_epo,95.0,30.585182011052506,fechner
2046,6_epo,3.0,30.472950309766254,fechner
2047,6_epo,4.0,30.472950309766254,fechner
2048,6_epo,5.0,30.472950309766254,fechner
2049,6_epo,6.0,30.472950309766254,fechner
2050,6_epo,7.000000000000001,30.472950309766254,fechner
2051,6_epo,8.0,30.472950309766254,fechner
2052,6_epo,9.0,30.472950309766254,fechner
2053,6_epo,10.0,30.472950309766254,fechner
2054,6_epo,11.0,30.472950309766254,fechner
2055,6_epo,12.0,30.472950309766254,fechner
2056,6_epo,13.0,30.472950309766254,fechner
2057,6_epo,14.000000000000002,30.472950309766254,fechner
2058,6_epo,15.0,30.472950309766254,fechner
2059,6_epo,16.0,30.472950309766254,fechner
2060,6_epo,17.0,30.472950309766254,fechner
2061,6_epo,18.0,30.472950309766254,fechner
2062,6_epo,19.0,30.472950309766254,fechner
2063,6_epo,20.0,30.472950309766254,fechner
2064,6_epo,21.0,30.472950309766254,fechner
2065,6_epo,22.0,30.472950309766254,fechner
2066,6_epo,23.0,30.472950309766254,fechner
2067,6_epo,24.0,30.472950309766254,fechner
2068,6_epo,25.0,30.472950309766254,fechner
2069,6_epo,26.0,30.472950309766254,fechner
2070,6_epo,27.0,30.472950309766254,fechner
2071,6_epo,28.000000000000004,30.472950309766254,fechner
2072,6_epo,28.999999999999996,30.472950309766254,fechner
2073,6_epo,30.0,30.472950309766254,fechner
2074,6_epo,31.0,30.472950309766254,fechner
2075,6_epo,32.0,30.472950309766254,fechner
2076,6_epo,33.0,30.472950309766254,fechner
2077,6_epo,34.0,30.472950309766254,fechner
2078,6_epo,35.0,30.472950309766254,fechner
2079,6_epo,36.0,30.472950309766254,fechner
2080,6_epo,37.0,30.472950309766254,fechner
2081,6_epo,38.0,30.472950309766254,fechner
2082,6_epo,39.0,30.472950309766254,fechner
2083,6_epo,40.0,30.472950309766254,fechner
2084,6_epo,41.0,30.472950309766254,fechner
2085,6_epo,42.0,30.472950309766254,fechner
2086,6_epo,43.0,30.472950309766254,fechner
2087,6_epo,44.0,30.472950309766254,fechner
2088,6_epo,45.0,30.472950309766254,fechner
2089,6_epo,46.0,30.472950309766254,fechner
2090,6_epo,47.0,30.472950309766254,fechner
2091,6_epo,48.0,30.472950309766254,fechner
2092,6_epo,49.0,30.472950309766254,fechner
2093,6_epo,50.0,30.472950309766254,fechner
2094,6_epo,51.0,30.472950309766254,fechner
2095,6_epo,52.0,30.472950309766254,fechner
2096,6_epo,53.0,30.472950309766254,fechner
2097,6_epo,54.0,30.472950309766254,fechner
2098,6_epo,55.00000000000001,30.472950309766254,fechner
2099,6_epo,56.00000000000001,30.472950309766254,fechner
2100,6_epo,56.99999999999999,30.472950309766254,fechner
2101,6_epo,57.99999999999999,30.472950309766254,fechner
2102,6_epo,59.0,30.472950309766254,fechner
2103,6_epo,60.0,30.472950309766254,fechner
2104,6_epo,61.0,30.472950309766254,fechner
2105,6_epo,62.0,30.472950309766254,fechner
2106,6_epo,63.0,30.472950309766254,fechner
2107,6_epo,64.0,30.472950309766254,fechner
2108,6_epo,65.0,30.472950309766254,fechner
2109,6_epo,66.0,30.472950309766254,fechner
2110,6_epo,67.0,30.472950309766254,fechner
2111,6_epo,68.0,30.472950309766254,fechner
2112,6_epo,69.0,30.472950309766254,fechner
2113,6_epo,70.0,30.472950309766254,fechner
2114,6_epo,71.0,30.472950309766254,fechner
2115,6_epo,72.0,30.472950309766254,fechner
2116,6_epo,73.0,30.472950309766254,fechner
2117,6_epo,74.0,30.472950309766254,fechner
2118,6_epo,75.0,30.472950309766254,fechner
2119,6_epo,76.0,30.472950309766254,fechner
2120,6_epo,77.0,30.472950309766254,fechner
2121,6_epo,78.0,30.472950309766254,fechner
2122,6_epo,79.0,30.472950309766254,fechner
2123,6_epo,80.0,30.472950309766254,fechner
2124,6_epo,81.0,30.472950309766254,fechner
2125,6_epo,82.0,30.472950309766254,fechner
2126,6_epo,83.0,30.472950309766254,fechner
2127,6_epo,84.0,30.472950309766254,fechner
2128,6_epo,85.0,30.472950309766254,fechner
2129,6_epo,86.0,30.472950309766254,fechner
2130,6_epo,87.0,30.472950309766254,fechner
2131,6_epo,88.0,30.472950309766254,fechner
2132,6_epo,89.0,30.472950309766254,fechner
2133,6_epo,90.0,30.472950309766254,fechner
2134,6_epo,91.0,30.472950309766254,fechner
2135,6_epo,92.0,30.472950309766254,fechner
2136,6_epo,93.0,30.472950309766254,fechner
2137,6_epo,94.0,30.472950309766254,fechner
2138,6_epo,95.0,30.472950309766254,fechner
2139,7_epo,3.0,36.038484702196506,fechner
2140,7_epo,4.0,37.30718724310032,fechner
2141,7_epo,5.0,37.657715009455046,fechner
2142,7_epo,6.0,37.81623327470725,fechner
2143,7_epo,7.000000000000001,37.903407341159756,fechner
2144,7_epo,8.0,37.95702268763874,fechner
2145,7_epo,9.0,37.99253617844773,fechner
2146,7_epo,10.0,38.01734890861672,fechner
2147,7_epo,11.0,38.03540205804256,fechner
2148,7_epo,12.0,38.04896348108913,fechner
2149,7_epo,13.0,38.059418087271816,fechner
2150,7_epo,14.000000000000002,38.067652528243386,fechner
2151,7_epo,15.0,38.07425679693906,fechner
2152,7_epo,16.0,38.07963632607303,fechner
2153,7_epo,17.0,38.084077431056784,fechner
2154,7_epo,18.0,38.087787108324235,fechner
2155,7_epo,19.0,38.09091809558243,fechner
2156,7_epo,20.0,38.093585133387855,fechner
2157,7_epo,21.0,38.0958757979705,fechner
2158,7_epo,22.0,38.09785788660158,fechner
2159,7_epo,23.0,38.099584557273204,fechner
2160,7_epo,24.0,38.101097972012376,fechner
2161,7_epo,25.0,38.102431922672146,fechner
2162,7_epo,26.0,38.10361375202389,fechner
2163,7_epo,27.0,38.10466577862768,fechner
2164,7_epo,28.000000000000004,38.10560636695455,fechner
2165,7_epo,28.999999999999996,38.10645074036172,fechner
2166,7_epo,30.0,38.10721160528158,fechner
2167,7_epo,31.0,38.107899635174284,fechner
2168,7_epo,32.0,38.1085238491709,fechner
2169,7_epo,33.0,38.1090919108333,fechner
2170,7_epo,34.0,38.109610365746214,fechner
2171,7_epo,35.0,38.110084831860426,fechner
2172,7_epo,36.0,38.11052015303805,fechner
2173,7_epo,37.0,38.11092052371832,fechner
2174,7_epo,38.0,38.11128959075381,fechner
2175,7_epo,39.0,38.11163053707697,fechner
2176,7_epo,40.0,38.11194615081229,fechner
2177,7_epo,41.0,38.11223888265951,fechner
2178,7_epo,42.0,38.112510893770306,fechner
2179,7_epo,43.0,38.112764095877786,fechner
2180,7_epo,44.0,38.113000185080054,fechner
2181,7_epo,45.0,38.11322067040008,fechner
2182,7_epo,46.0,38.11342689802528,fechner
2183,7_epo,47.0,38.11362007195861,fechner
2184,7_epo,48.0,38.11380127167578,fechner
2185,7_epo,49.0,38.113971467274865,fechner
2186,7_epo,50.0,38.11413153251755,fechner
2187,7_epo,51.0,38.1142822560907,fechner
2188,7_epo,52.0,38.11442435136092,fechner
2189,7_epo,53.0,38.11455846484794,fechner
2190,7_epo,54.0,38.114685183606255,fechner
2191,7_epo,55.00000000000001,38.11480504167235,fechner
2192,7_epo,56.00000000000001,38.11491852571063,fechner
2193,7_epo,56.99999999999999,38.11502607996998,fechner
2194,7_epo,57.99999999999999,38.11512811064541,fechner
2195,7_epo,59.0,38.115224989724986,fechner
2196,7_epo,60.0,38.11531705839055,fechner
2197,7_epo,61.0,38.11540463003028,fechner
2198,7_epo,62.0,38.11548799291283,fechner
2199,7_epo,63.0,38.11556741256623,fechner
2200,7_epo,64.0,38.11564313389758,fechner
2201,7_epo,65.0,38.11571538308607,fechner
2202,7_epo,66.0,38.115784369275985,fechner
2203,7_epo,67.0,38.1158502860939,fechner
2204,7_epo,68.0,38.11591331301046,fechner
2205,7_epo,69.0,38.11597361656465,fechner
2206,7_epo,70.0,38.116031351466404,fechner
2207,7_epo,71.0,38.116086661590856,fechner
2208,7_epo,72.0,38.11613968087662,fechner
2209,7_epo,73.0,38.116190534138184,fechner
2210,7_epo,74.0,38.11623933780196,fechner
2211,7_epo,75.0,38.11628620057381,fechner
2212,7_epo,76.0,38.11633122404565,fechner
2213,7_epo,77.0,38.11637450324686,fechner
2214,7_epo,78.0,38.11641612714668,fechner
2215,7_epo,79.0,38.11645617911216,fechner
2216,7_epo,80.0,38.11649473732638,fechner
2217,7_epo,81.0,38.11653187517042,fechner
2218,7_epo,82.0,38.116567661573235,fechner
2219,7_epo,83.0,38.116602161331855,fechner
2220,7_epo,84.0,38.11663543540514,fechner
2221,7_epo,85.0,38.11666754118352,fechner
2222,7_epo,86.0,38.116698532736706,fechner
2223,7_epo,87.0,38.116728461041745,fechner
2224,7_epo,88.0,38.11675737419288,fechner
2225,7_epo,89.0,38.11678531759502,fechner
2226,7_epo,90.0,38.11681233414224,fechner
2227,7_epo,91.0,38.11683846438261,fechner
2228,7_epo,92.0,38.11686374667049,fechner
2229,7_epo,93.0,38.11688821730746,fechner
2230,7_epo,94.0,38.11691191067282,fechner
2231,7_epo,95.0,38.116934859344376,fechner
2232,8_epo,3.0,26.565969871955236,fechner
2233,8_epo,4.0,28.512582315956767,fechner
2234,8_epo,5.0,29.08186808959959,fechner
2235,8_epo,6.0,29.34408754695967,fechner
2236,8_epo,7.000000000000001,29.48958548779226,fechner
2237,8_epo,8.0,29.579533944970308,fechner
2238,8_epo,9.0,29.639308504778256,fechner
2239,8_epo,10.0,29.68116464123483,fechner
2240,8_epo,11.0,29.71166616630532,fechner
2241,8_epo,12.0,29.73460538869639,fechner
2242,8_epo,13.0,29.752305045114436,fechner
2243,8_epo,14.000000000000002,29.766255553205422,fechner
2244,8_epo,15.0,29.777450393932273,fechner
2245,8_epo,16.0,29.786573214429886,fechner
2246,8_epo,17.0,29.79410734290441,fechner
2247,8_epo,18.0,29.800402528458058,fechner
2248,8_epo,19.0,29.805717037924012,fechner
2249,8_epo,20.0,29.81024501125178,fechner
2250,8_epo,21.0,29.814134706272014,fechner
2251,8_epo,22.0,29.81750094974337,fechner
2252,8_epo,23.0,29.820433809830945,fechner
2253,8_epo,24.0,29.823004748234577,fechner
2254,8_epo,25.0,29.82527105696911,fechner
2255,8_epo,26.0,29.82727910624076,fechner
2256,8_epo,27.0,29.82906675457801,fechner
2257,8_epo,28.000000000000004,29.83066515970271,fechner
2258,8_epo,28.999999999999996,29.832100154786147,fechner
2259,8_epo,30.0,29.833393305479344,fechner
2260,8_epo,31.0,29.834562729713838,fechner
2261,8_epo,32.0,29.83562373928906,fechner
2262,8_epo,33.0,29.836589346229115,fechner
2263,8_epo,34.0,29.837470665560005,fechner
2264,8_epo,35.0,29.838277238054573,fechner
2265,8_epo,36.0,29.839017290632068,fechner
2266,8_epo,37.0,29.839697947816592,fechner
2267,8_epo,38.0,29.840325404499346,fechner
2268,8_epo,39.0,29.840905067896834,fechner
2269,8_epo,40.0,29.841441674830094,fechner
2270,8_epo,41.0,29.84193938911242,fechner
2271,8_epo,42.0,29.84240188281239,fechner
2272,8_epo,43.0,29.842832404374462,fechner
2273,8_epo,44.0,29.843233835972768,fechner
2274,8_epo,45.0,29.84360874200105,fechner
2275,8_epo,46.0,29.8439594102311,fechner
2276,8_epo,47.0,29.84428788688056,fechner
2277,8_epo,48.0,29.844596006599158,fechner
2278,8_epo,49.0,29.84488541819815,fechner
2279,8_epo,50.0,29.845157606800377,fechner
2280,8_epo,51.0,29.84541391296886,fechner
2281,8_epo,52.0,29.845655549276437,fechner
2282,8_epo,53.0,29.845883614700192,fechner
2283,8_epo,54.0,29.846099107161415,fechner
2284,8_epo,55.00000000000001,29.846302934479088,fechner
2285,8_epo,56.00000000000001,29.84649592396235,fechner
2286,8_epo,56.99999999999999,29.84667883083202,fechner
2287,8_epo,57.99999999999999,29.846852345631497,fechner
2288,8_epo,59.0,29.84701710076371,fechner
2289,8_epo,60.0,29.847173676269723,fechner
2290,8_epo,61.0,29.84732260494797,fechner
2291,8_epo,62.0,29.847464376898877,fechner
2292,8_epo,63.0,29.84759944356731,fechner
2293,8_epo,64.0,29.847728221345307,fechner
2294,8_epo,65.0,29.84785109478902,fechner
2295,8_epo,66.0,29.84796841949633,fechner
2296,8_epo,67.0,29.848080524685322,fechner
2297,8_epo,68.0,29.848187715508956,fechner
2298,8_epo,69.0,29.848290275135952,fechner
2299,8_epo,70.0,29.848388466624876,fechner
2300,8_epo,71.0,29.848482534614245,fechner
2301,8_epo,72.0,29.84857270684929,fechner
2302,8_epo,73.0,29.848659195562984,fechner
2303,8_epo,74.0,29.848742198727223,fechner
2304,8_epo,75.0,29.848821901187634,fechner
2305,8_epo,76.0,29.848898475694497,fechner
2306,8_epo,77.0,29.848972083840472,fechner
2307,8_epo,78.0,29.849042876914393,fechner
2308,8_epo,79.0,29.84911099667998,fechner
2309,8_epo,80.0,29.849176576086588,fechner
2310,8_epo,81.0,29.84923973991892,fechner
2311,8_epo,82.0,29.849300605391505,fechner
2312,8_epo,83.0,29.84935928269327,fechner
2313,8_epo,84.0,29.84941587548696,fechner
2314,8_epo,85.0,29.849470481367586,fechner
2315,8_epo,86.0,29.849523192283804,fechner
2316,8_epo,87.0,29.849574094925416,fechner
2317,8_epo,88.0,29.84962327108032,fechner
2318,8_epo,89.0,29.849670797963462,fechner
2319,8_epo,90.0,29.849716748520226,fechner
2320,8_epo,91.0,29.849761191706754,fechner
2321,8_epo,92.0,29.8498041927489,fechner
2322,8_epo,93.0,29.849845813381837,fechner
2323,8_epo,94.0,29.84988611207187,fechner
2324,8_epo,95.0,29.849925144222027,fechner
2325,9_epo,3.0,34.84962420534524,fechner
2326,9_epo,4.0,36.53511799260846,fechner
2327,9_epo,5.0,37.01006654065783,fechner
2328,9_epo,6.0,37.22619989138772,fechner
2329,9_epo,7.000000000000001,37.345419054961155,fechner
2330,9_epo,8.0,37.418871009219146,fechner
2331,9_epo,9.0,37.46757743997157,fechner
2332,9_epo,10.0,37.501633287480665,fechner
2333,9_epo,11.0,37.52642466016874,fechner
2334,9_epo,12.0,37.54505509013874,fechner
2335,9_epo,13.0,37.55942170578487,fechner
2336,9_epo,14.000000000000002,37.570740012530365,fechner
2337,9_epo,15.0,37.57981930306437,fechner
2338,9_epo,16.0,37.587215967711444,fechner
2339,9_epo,17.0,37.59332307507076,fechner
2340,9_epo,18.0,37.59842488776971,fechner
2341,9_epo,19.0,37.60273120976233,fechner
2342,9_epo,20.0,37.6063996848918,fechner
2343,9_epo,21.0,37.60955065725425,fechner
2344,9_epo,22.0,37.6122773058027,fechner
2345,9_epo,23.0,37.6146526993335,fechner
2346,9_epo,24.0,37.61673479872965,fechner
2347,9_epo,25.0,37.618570062931035,fechner
2348,9_epo,26.0,37.6201960876463,fechner
2349,9_epo,27.0,37.621643562804664,fechner
2350,9_epo,28.000000000000004,37.62293774287817,fechner
2351,9_epo,28.999999999999996,37.62409956403521,fechner
2352,9_epo,30.0,37.625146501971685,fechner
2353,9_epo,31.0,37.62609323708258,fechner
2354,9_epo,32.0,37.626952174938715,fechner
2355,9_epo,33.0,37.62773385699168,fechner
2356,9_epo,34.0,37.628447287216446,fechner
2357,9_epo,35.0,37.629100193814104,fechner
2358,9_epo,36.0,37.62969924033439,fechner
2359,9_epo,37.0,37.63025019709917,fechner
2360,9_epo,38.0,37.63075808124144,fechner
2361,9_epo,39.0,37.631227271763656,fechner
2362,9_epo,40.0,37.63166160458556,fechner
2363,9_epo,41.0,37.63206445146438,fechner
2364,9_epo,42.0,37.63243878584323,fechner
2365,9_epo,43.0,37.632787238046205,fechner
2366,9_epo,44.0,37.633112141746594,fechner
2367,9_epo,45.0,37.633415573251156,fechner
2368,9_epo,46.0,37.633699384842956,fechner
2369,9_epo,47.0,37.63396523318864,fechner
2370,9_epo,48.0,37.63421460362801,fechner
2371,9_epo,49.0,37.63444883101471,fechner
2372,9_epo,50.0,37.63466911765673,fechner
2373,9_epo,51.0,37.63487654880905,fechner
2374,9_epo,52.0,37.635072106093325,fechner
2375,9_epo,53.0,37.63525667915535,fechner
2376,9_epo,54.0,37.6354310758204,fechner
2377,9_epo,55.00000000000001,37.63559603096344,fechner
2378,9_epo,56.00000000000001,37.63575221427704,fechner
2379,9_epo,56.99999999999999,37.63590023709072,fechner
2380,9_epo,57.99999999999999,37.63604065837196,fechner
2381,9_epo,59.0,37.636173990019266,fechner
2382,9_epo,60.0,37.63630070154103,fechner
2383,9_epo,61.0,37.6364212242007,fechner
2384,9_epo,62.0,37.63653595469622,fechner
2385,9_epo,63.0,37.636645258433035,fechner
2386,9_epo,64.0,37.63674947244104,fechner
2387,9_epo,65.0,37.63684890797903,fechner
2388,9_epo,66.0,37.63694385286442,fechner
2389,9_epo,67.0,37.6370345735608,fechner
2390,9_epo,68.0,37.637121317051786,fechner
2391,9_epo,69.0,37.637204312525704,fechner
2392,9_epo,70.0,37.63728377289264,fechner
2393,9_epo,71.0,37.63735989615277,fechner
2394,9_epo,72.0,37.637432866632295,fechner
2395,9_epo,73.0,37.63750285610135,fechner
2396,9_epo,74.0,37.63757002478688,fechner
2397,9_epo,75.0,37.637634522291314,fechner
2398,9_epo,76.0,37.63769648842709,fechner
2399,9_epo,77.0,37.63775605397555,fechner
2400,9_epo,78.0,37.637813341378326,fechner
2401,9_epo,79.0,37.637868465367504,fechner
2402,9_epo,80.0,37.63792153354101,fechner
2403,9_epo,81.0,37.63797264688849,fechner
2404,9_epo,82.0,37.638021900272555,fechner
2405,9_epo,83.0,37.63806938286953,fechner
2406,9_epo,84.0,37.63811517857369,fechner
2407,9_epo,85.0,37.63815936636842,fechner
2408,9_epo,86.0,37.638202020667144,fechner
2409,9_epo,87.0,37.63824321162716,fechner
2410,9_epo,88.0,37.63828300543838,fechner
2411,9_epo,89.0,37.63832146458966,fechner
2412,9_epo,90.0,37.6383586481144,fechner
2413,9_epo,91.0,37.63839461181737,fechner
2414,9_epo,92.0,37.6384294084843,fechner
2415,9_epo,93.0,37.63846308807587,fechner
2416,9_epo,94.0,37.63849569790721,fechner
2417,9_epo,95.0,37.638527282814266,fechner
