,participant,contrast,mrt,name
0,0_epo,3.0,166.7383520219408,fechner
1,0_epo,4.0,166.7383520219408,fechner
2,0_epo,5.0,166.7383520219408,fechner
3,0_epo,6.0,166.7383520219408,fechner
4,0_epo,7.000000000000001,166.7383520219408,fechner
5,0_epo,8.0,166.7383520219408,fechner
6,0_epo,9.0,166.7383520219408,fechner
7,0_epo,10.0,166.7383520219408,fechner
8,0_epo,11.0,166.7383520219408,fechner
9,0_epo,12.0,166.7383520219408,fechner
10,0_epo,13.0,166.7383520219408,fechner
11,0_epo,14.000000000000002,166.7383520219408,fechner
12,0_epo,15.0,166.7383520219408,fechner
13,0_epo,16.0,166.7383520219408,fechner
14,0_epo,17.0,166.7383520219408,fechner
15,0_epo,18.0,166.7383520219408,fechner
16,0_epo,19.0,166.7383520219408,fechner
17,0_epo,20.0,166.7383520219408,fechner
18,0_epo,21.0,166.7383520219408,fechner
19,0_epo,22.0,166.7383520219408,fechner
20,0_epo,23.0,166.7383520219408,fechner
21,0_epo,24.0,166.7383520219408,fechner
22,0_epo,25.0,166.7383520219408,fechner
23,0_epo,26.0,166.7383520219408,fechner
24,0_epo,27.0,166.7383520219408,fechner
25,0_epo,28.000000000000004,166.7383520219408,fechner
26,0_epo,28.999999999999996,166.7383520219408,fechner
27,0_epo,30.0,166.7383520219408,fechner
28,0_epo,31.0,166.7383520219408,fechner
29,0_epo,32.0,166.7383520219408,fechner
30,0_epo,33.0,166.7383520219408,fechner
31,0_epo,34.0,166.7383520219408,fechner
32,0_epo,35.0,166.7383520219408,fechner
33,0_epo,36.0,166.7383520219408,fechner
34,0_epo,37.0,166.7383520219408,fechner
35,0_epo,38.0,166.7383520219408,fechner
36,0_epo,39.0,166.7383520219408,fechner
37,0_epo,40.0,166.7383520219408,fechner
38,0_epo,41.0,166.7383520219408,fechner
39,0_epo,42.0,166.7383520219408,fechner
40,0_epo,43.0,166.7383520219408,fechner
41,0_epo,44.0,166.7383520219408,fechner
42,0_epo,45.0,166.7383520219408,fechner
43,0_epo,46.0,166.7383520219408,fechner
44,0_epo,47.0,166.7383520219408,fechner
45,0_epo,48.0,166.7383520219408,fechner
46,0_epo,49.0,166.7383520219408,fechner
47,0_epo,50.0,166.7383520219408,fechner
48,0_epo,51.0,166.7383520219408,fechner
49,0_epo,52.0,166.7383520219408,fechner
50,0_epo,53.0,166.7383520219408,fechner
51,0_epo,54.0,166.7383520219408,fechner
52,0_epo,55.00000000000001,166.7383520219408,fechner
53,0_epo,56.00000000000001,166.7383520219408,fechner
54,0_epo,56.99999999999999,166.7383520219408,fechner
55,0_epo,57.99999999999999,166.7383520219408,fechner
56,0_epo,59.0,166.7383520219408,fechner
57,0_epo,60.0,166.7383520219408,fechner
58,0_epo,61.0,166.7383520219408,fechner
59,0_epo,62.0,166.7383520219408,fechner
60,0_epo,63.0,166.7383520219408,fechner
61,0_epo,64.0,166.7383520219408,fechner
62,0_epo,65.0,166.7383520219408,fechner
63,0_epo,66.0,166.7383520219408,fechner
64,0_epo,67.0,166.7383520219408,fechner
65,0_epo,68.0,166.7383520219408,fechner
66,0_epo,69.0,166.7383520219408,fechner
67,0_epo,70.0,166.7383520219408,fechner
68,0_epo,71.0,166.7383520219408,fechner
69,0_epo,72.0,166.7383520219408,fechner
70,0_epo,73.0,166.7383520219408,fechner
71,0_epo,74.0,166.7383520219408,fechner
72,0_epo,75.0,166.7383520219408,fechner
73,0_epo,76.0,166.7383520219408,fechner
74,0_epo,77.0,166.7383520219408,fechner
75,0_epo,78.0,166.7383520219408,fechner
76,0_epo,79.0,166.7383520219408,fechner
77,0_epo,80.0,166.7383520219408,fechner
78,0_epo,81.0,166.7383520219408,fechner
79,0_epo,82.0,166.7383520219408,fechner
80,0_epo,83.0,166.7383520219408,fechner
81,0_epo,84.0,166.7383520219408,fechner
82,0_epo,85.0,166.7383520219408,fechner
83,0_epo,86.0,166.7383520219408,fechner
84,0_epo,87.0,166.7383520219408,fechner
85,0_epo,88.0,166.7383520219408,fechner
86,0_epo,89.0,166.7383520219408,fechner
87,0_epo,90.0,166.7383520219408,fechner
88,0_epo,91.0,166.7383520219408,fechner
89,0_epo,92.0,166.7383520219408,fechner
90,0_epo,93.0,166.7383520219408,fechner
91,0_epo,94.0,166.7383520219408,fechner
92,0_epo,95.0,166.7383520219408,fechner
93,10_epo,3.0,144.61891297779903,fechner
94,10_epo,4.0,144.61891297779903,fechner
95,10_epo,5.0,144.61891297779903,fechner
96,10_epo,6.0,144.61891297779903,fechner
97,10_epo,7.000000000000001,144.61891297779903,fechner
98,10_epo,8.0,144.61891297779903,fechner
99,10_epo,9.0,144.61891297779903,fechner
100,10_epo,10.0,144.61891297779903,fechner
101,10_epo,11.0,144.61891297779903,fechner
102,10_epo,12.0,144.61891297779903,fechner
103,10_epo,13.0,144.61891297779903,fechner
104,10_epo,14.000000000000002,144.61891297779903,fechner
105,10_epo,15.0,144.61891297779903,fechner
106,10_epo,16.0,144.61891297779903,fechner
107,10_epo,17.0,144.61891297779903,fechner
108,10_epo,18.0,144.61891297779903,fechner
109,10_epo,19.0,144.61891297779903,fechner
110,10_epo,20.0,144.61891297779903,fechner
111,10_epo,21.0,144.61891297779903,fechner
112,10_epo,22.0,144.61891297779903,fechner
113,10_epo,23.0,144.61891297779903,fechner
114,10_epo,24.0,144.61891297779903,fechner
115,10_epo,25.0,144.61891297779903,fechner
116,10_epo,26.0,144.61891297779903,fechner
117,10_epo,27.0,144.61891297779903,fechner
118,10_epo,28.000000000000004,144.61891297779903,fechner
119,10_epo,28.999999999999996,144.61891297779903,fechner
120,10_epo,30.0,144.61891297779903,fechner
121,10_epo,31.0,144.61891297779903,fechner
122,10_epo,32.0,144.61891297779903,fechner
123,10_epo,33.0,144.61891297779903,fechner
124,10_epo,34.0,144.61891297779903,fechner
125,10_epo,35.0,144.61891297779903,fechner
126,10_epo,36.0,144.61891297779903,fechner
127,10_epo,37.0,144.61891297779903,fechner
128,10_epo,38.0,144.61891297779903,fechner
129,10_epo,39.0,144.61891297779903,fechner
130,10_epo,40.0,144.61891297779903,fechner
131,10_epo,41.0,144.61891297779903,fechner
132,10_epo,42.0,144.61891297779903,fechner
133,10_epo,43.0,144.61891297779903,fechner
134,10_epo,44.0,144.61891297779903,fechner
135,10_epo,45.0,144.61891297779903,fechner
136,10_epo,46.0,144.61891297779903,fechner
137,10_epo,47.0,144.61891297779903,fechner
138,10_epo,48.0,144.61891297779903,fechner
139,10_epo,49.0,144.61891297779903,fechner
140,10_epo,50.0,144.61891297779903,fechner
141,10_epo,51.0,144.61891297779903,fechner
142,10_epo,52.0,144.61891297779903,fechner
143,10_epo,53.0,144.61891297779903,fechner
144,10_epo,54.0,144.61891297779903,fechner
145,10_epo,55.00000000000001,144.61891297779903,fechner
146,10_epo,56.00000000000001,144.61891297779903,fechner
147,10_epo,56.99999999999999,144.61891297779903,fechner
148,10_epo,57.99999999999999,144.61891297779903,fechner
149,10_epo,59.0,144.61891297779903,fechner
150,10_epo,60.0,144.61891297779903,fechner
151,10_epo,61.0,144.61891297779903,fechner
152,10_epo,62.0,144.61891297779903,fechner
153,10_epo,63.0,144.61891297779903,fechner
154,10_epo,64.0,144.61891297779903,fechner
155,10_epo,65.0,144.61891297779903,fechner
156,10_epo,66.0,144.61891297779903,fechner
157,10_epo,67.0,144.61891297779903,fechner
158,10_epo,68.0,144.61891297779903,fechner
159,10_epo,69.0,144.61891297779903,fechner
160,10_epo,70.0,144.61891297779903,fechner
161,10_epo,71.0,144.61891297779903,fechner
162,10_epo,72.0,144.61891297779903,fechner
163,10_epo,73.0,144.61891297779903,fechner
164,10_epo,74.0,144.61891297779903,fechner
165,10_epo,75.0,144.61891297779903,fechner
166,10_epo,76.0,144.61891297779903,fechner
167,10_epo,77.0,144.61891297779903,fechner
168,10_epo,78.0,144.61891297779903,fechner
169,10_epo,79.0,144.61891297779903,fechner
170,10_epo,80.0,144.61891297779903,fechner
171,10_epo,81.0,144.61891297779903,fechner
172,10_epo,82.0,144.61891297779903,fechner
173,10_epo,83.0,144.61891297779903,fechner
174,10_epo,84.0,144.61891297779903,fechner
175,10_epo,85.0,144.61891297779903,fechner
176,10_epo,86.0,144.61891297779903,fechner
177,10_epo,87.0,144.61891297779903,fechner
178,10_epo,88.0,144.61891297779903,fechner
179,10_epo,89.0,144.61891297779903,fechner
180,10_epo,90.0,144.61891297779903,fechner
181,10_epo,91.0,144.61891297779903,fechner
182,10_epo,92.0,144.61891297779903,fechner
183,10_epo,93.0,144.61891297779903,fechner
184,10_epo,94.0,144.61891297779903,fechner
185,10_epo,95.0,144.61891297779903,fechner
186,11_epo,3.0,173.31009184587865,fechner
187,11_epo,4.0,173.31009184587867,fechner
188,11_epo,5.0,173.31009184587867,fechner
189,11_epo,6.0,173.31009184587867,fechner
190,11_epo,7.000000000000001,173.31009184587867,fechner
191,11_epo,8.0,173.31009184587867,fechner
192,11_epo,9.0,173.31009184587867,fechner
193,11_epo,10.0,173.31009184587867,fechner
194,11_epo,11.0,173.31009184587867,fechner
195,11_epo,12.0,173.31009184587867,fechner
196,11_epo,13.0,173.31009184587867,fechner
197,11_epo,14.000000000000002,173.31009184587867,fechner
198,11_epo,15.0,173.31009184587867,fechner
199,11_epo,16.0,173.31009184587867,fechner
200,11_epo,17.0,173.31009184587867,fechner
201,11_epo,18.0,173.31009184587867,fechner
202,11_epo,19.0,173.31009184587867,fechner
203,11_epo,20.0,173.31009184587867,fechner
204,11_epo,21.0,173.31009184587867,fechner
205,11_epo,22.0,173.31009184587867,fechner
206,11_epo,23.0,173.31009184587867,fechner
207,11_epo,24.0,173.31009184587867,fechner
208,11_epo,25.0,173.31009184587867,fechner
209,11_epo,26.0,173.31009184587867,fechner
210,11_epo,27.0,173.31009184587867,fechner
211,11_epo,28.000000000000004,173.31009184587867,fechner
212,11_epo,28.999999999999996,173.31009184587867,fechner
213,11_epo,30.0,173.31009184587867,fechner
214,11_epo,31.0,173.31009184587867,fechner
215,11_epo,32.0,173.31009184587867,fechner
216,11_epo,33.0,173.31009184587867,fechner
217,11_epo,34.0,173.31009184587867,fechner
218,11_epo,35.0,173.31009184587867,fechner
219,11_epo,36.0,173.31009184587867,fechner
220,11_epo,37.0,173.31009184587867,fechner
221,11_epo,38.0,173.31009184587867,fechner
222,11_epo,39.0,173.31009184587867,fechner
223,11_epo,40.0,173.31009184587867,fechner
224,11_epo,41.0,173.31009184587867,fechner
225,11_epo,42.0,173.31009184587867,fechner
226,11_epo,43.0,173.31009184587867,fechner
227,11_epo,44.0,173.31009184587867,fechner
228,11_epo,45.0,173.31009184587867,fechner
229,11_epo,46.0,173.31009184587867,fechner
230,11_epo,47.0,173.31009184587867,fechner
231,11_epo,48.0,173.31009184587867,fechner
232,11_epo,49.0,173.31009184587867,fechner
233,11_epo,50.0,173.31009184587867,fechner
234,11_epo,51.0,173.31009184587867,fechner
235,11_epo,52.0,173.31009184587867,fechner
236,11_epo,53.0,173.31009184587867,fechner
237,11_epo,54.0,173.31009184587867,fechner
238,11_epo,55.00000000000001,173.31009184587867,fechner
239,11_epo,56.00000000000001,173.31009184587867,fechner
240,11_epo,56.99999999999999,173.31009184587867,fechner
241,11_epo,57.99999999999999,173.31009184587867,fechner
242,11_epo,59.0,173.31009184587867,fechner
243,11_epo,60.0,173.31009184587867,fechner
244,11_epo,61.0,173.31009184587867,fechner
245,11_epo,62.0,173.31009184587867,fechner
246,11_epo,63.0,173.31009184587867,fechner
247,11_epo,64.0,173.31009184587867,fechner
248,11_epo,65.0,173.31009184587867,fechner
249,11_epo,66.0,173.31009184587867,fechner
250,11_epo,67.0,173.31009184587867,fechner
251,11_epo,68.0,173.31009184587867,fechner
252,11_epo,69.0,173.31009184587867,fechner
253,11_epo,70.0,173.31009184587867,fechner
254,11_epo,71.0,173.31009184587867,fechner
255,11_epo,72.0,173.31009184587867,fechner
256,11_epo,73.0,173.31009184587867,fechner
257,11_epo,74.0,173.31009184587867,fechner
258,11_epo,75.0,173.31009184587867,fechner
259,11_epo,76.0,173.31009184587867,fechner
260,11_epo,77.0,173.31009184587867,fechner
261,11_epo,78.0,173.31009184587867,fechner
262,11_epo,79.0,173.31009184587867,fechner
263,11_epo,80.0,173.31009184587867,fechner
264,11_epo,81.0,173.31009184587867,fechner
265,11_epo,82.0,173.31009184587867,fechner
266,11_epo,83.0,173.31009184587867,fechner
267,11_epo,84.0,173.31009184587867,fechner
268,11_epo,85.0,173.31009184587867,fechner
269,11_epo,86.0,173.31009184587867,fechner
270,11_epo,87.0,173.31009184587867,fechner
271,11_epo,88.0,173.31009184587867,fechner
272,11_epo,89.0,173.31009184587867,fechner
273,11_epo,90.0,173.31009184587867,fechner
274,11_epo,91.0,173.31009184587867,fechner
275,11_epo,92.0,173.31009184587867,fechner
276,11_epo,93.0,173.31009184587867,fechner
277,11_epo,94.0,173.31009184587867,fechner
278,11_epo,95.0,173.31009184587867,fechner
279,12_epo,3.0,145.77898465253497,fechner
280,12_epo,4.0,147.35215648047705,fechner
281,12_epo,5.0,147.7730544552564,fechner
282,12_epo,6.0,147.96150687348268,fechner
283,12_epo,7.000000000000001,148.06464687295377,fechner
284,12_epo,8.0,148.12790813148752,fechner
285,12_epo,9.0,148.16973822689522,fechner
286,12_epo,10.0,148.19893000785498,fechner
287,12_epo,11.0,148.22015156212436,fechner
288,12_epo,12.0,148.2360832838217,fechner
289,12_epo,13.0,148.24835944351676,fechner
290,12_epo,14.000000000000002,148.25802509973843,fechner
291,12_epo,15.0,148.26577501268642,fechner
292,12_epo,16.0,148.27208626157952,fechner
293,12_epo,17.0,148.2772955605705,fechner
294,12_epo,18.0,148.2816462257261,fechner
295,12_epo,19.0,148.28531772262272,fechner
296,12_epo,20.0,148.2884448254597,fechner
297,12_epo,21.0,148.2911303721326,fechner
298,12_epo,22.0,148.29345395550902,fechner
299,12_epo,23.0,148.29547796919195,fechner
300,12_epo,24.0,148.29725189145213,fechner
301,12_epo,25.0,148.29881537168004,fechner
302,12_epo,26.0,148.30020048784323,fechner
303,12_epo,27.0,148.30143342040415,fechner
304,12_epo,28.000000000000004,148.30253570919749,fechner
305,12_epo,28.999999999999996,148.3035252080901,fechner
306,12_epo,30.0,148.30441681782008,fechner
307,12_epo,31.0,148.3052230540975,fechner
308,12_epo,32.0,148.30595449201962,fechner
309,12_epo,33.0,148.30662011668065,fechner
310,12_epo,34.0,148.3072276019651,fechner
311,12_epo,35.0,148.3077835338742,fechner
312,12_epo,36.0,148.30829359066047,fechner
313,12_epo,37.0,148.30876268906835,fechner
314,12_epo,38.0,148.30919510378473,fechner
315,12_epo,39.0,148.30959456556943,fechner
316,12_epo,40.0,148.30996434230966,fechner
317,12_epo,41.0,148.3103073063144,fechner
318,12_epo,42.0,148.31062599045686,fechner
319,12_epo,43.0,148.31092263522999,fechner
320,12_epo,44.0,148.31119922835833,fechner
321,12_epo,45.0,148.31145753828363,fechner
322,12_epo,46.0,148.31169914258376,fechner
323,12_epo,47.0,148.31192545218352,fechner
324,12_epo,48.0,148.31213773205434,fechner
325,12_epo,49.0,148.3123371189742,fechner
326,12_epo,50.0,148.3125246368148,fechner
327,12_epo,51.0,148.31270120974267,fechner
328,12_epo,52.0,148.31286767365287,fechner
329,12_epo,53.0,148.3130247861015,fechner
330,12_epo,54.0,148.313173234957,fechner
331,12_epo,55.00000000000001,148.3133136459573,fechner
332,12_epo,56.00000000000001,148.31344658932704,fechner
333,12_epo,56.99999999999999,148.31357258558668,fechner
334,12_epo,57.99999999999999,148.31369211066436,fechner
335,12_epo,59.0,148.31380560040432,fechner
336,12_epo,60.0,148.31391345455262,fechner
337,12_epo,61.0,148.31401604028727,fechner
338,12_epo,62.0,148.31411369535257,fechner
339,12_epo,63.0,148.31420673084634,fechner
340,12_epo,64.0,148.31429543370444,fechner
341,12_epo,65.0,148.31438006891895,fechner
342,12_epo,66.0,148.31446088152188,fechner
343,12_epo,67.0,148.31453809836336,fechner
344,12_epo,68.0,148.31461192970724,fechner
345,12_epo,69.0,148.31468257066567,fechner
346,12_epo,70.0,148.31475020249118,fechner
347,12_epo,71.0,148.31481499374172,fechner
348,12_epo,72.0,148.31487710133302,fechner
349,12_epo,73.0,148.3149366714909,fechner
350,12_epo,74.0,148.31499384061328,fechner
351,12_epo,75.0,148.31504873605272,fechner
352,12_epo,76.0,148.3151014768268,fechner
353,12_epo,77.0,148.31515217426465,fechner
354,12_epo,78.0,148.31520093259516,fechner
355,12_epo,79.0,148.3152478494839,fechner
356,12_epo,80.0,148.3152930165229,fechner
357,12_epo,81.0,148.31533651967837,fechner
358,12_epo,82.0,148.31537843970045,fechner
359,12_epo,83.0,148.31541885249854,fechner
360,12_epo,84.0,148.31545782948535,fechner
361,12_epo,85.0,148.31549543789305,fechner
362,12_epo,86.0,148.31553174106338,fechner
363,12_epo,87.0,148.31556679871488,fechner
364,12_epo,88.0,148.3156006671888,fechner
365,12_epo,89.0,148.3156333996758,fechner
366,12_epo,90.0,148.3156650464249,fechner
367,12_epo,91.0,148.3156956549369,fechner
368,12_epo,92.0,148.3157252701424,fechner
369,12_epo,93.0,148.31575393456737,fechner
370,12_epo,94.0,148.31578168848563,fechner
371,12_epo,95.0,148.3158085700607,fechner
372,13_epo,3.0,142.917646738472,fechner
373,13_epo,4.0,142.91764673964414,fechner
374,13_epo,5.0,142.91764673995127,fechner
375,13_epo,6.0,142.91764674008792,fechner
376,13_epo,7.000000000000001,142.91764674016247,fechner
377,13_epo,8.0,142.9176467402081,fechner
378,13_epo,9.0,142.91764674023827,fechner
379,13_epo,10.0,142.9176467402593,fechner
380,13_epo,11.0,142.91764674027456,fechner
381,13_epo,12.0,142.91764674028605,fechner
382,13_epo,13.0,142.91764674029488,fechner
383,13_epo,14.000000000000002,142.91764674030182,fechner
384,13_epo,15.0,142.91764674030742,fechner
385,13_epo,16.0,142.91764674031194,fechner
386,13_epo,17.0,142.9176467403157,fechner
387,13_epo,18.0,142.91764674031882,fechner
388,13_epo,19.0,142.91764674032146,fechner
389,13_epo,20.0,142.9176467403237,fechner
390,13_epo,21.0,142.91764674032564,fechner
391,13_epo,22.0,142.9176467403273,fechner
392,13_epo,23.0,142.91764674032876,fechner
393,13_epo,24.0,142.91764674033004,fechner
394,13_epo,25.0,142.91764674033118,fechner
395,13_epo,26.0,142.91764674033217,fechner
396,13_epo,27.0,142.91764674033303,fechner
397,13_epo,28.000000000000004,142.91764674033382,fechner
398,13_epo,28.999999999999996,142.91764674033456,fechner
399,13_epo,30.0,142.9176467403352,fechner
400,13_epo,31.0,142.91764674033578,fechner
401,13_epo,32.0,142.9176467403363,fechner
402,13_epo,33.0,142.91764674033678,fechner
403,13_epo,34.0,142.91764674033718,fechner
404,13_epo,35.0,142.9176467403376,fechner
405,13_epo,36.0,142.91764674033797,fechner
406,13_epo,37.0,142.9176467403383,fechner
407,13_epo,38.0,142.9176467403386,fechner
408,13_epo,39.0,142.9176467403389,fechner
409,13_epo,40.0,142.91764674033917,fechner
410,13_epo,41.0,142.91764674033942,fechner
411,13_epo,42.0,142.91764674033962,fechner
412,13_epo,43.0,142.91764674033985,fechner
413,13_epo,44.0,142.91764674034005,fechner
414,13_epo,45.0,142.91764674034025,fechner
415,13_epo,46.0,142.91764674034042,fechner
416,13_epo,47.0,142.9176467403406,fechner
417,13_epo,48.0,142.91764674034073,fechner
418,13_epo,49.0,142.91764674034087,fechner
419,13_epo,50.0,142.917646740341,fechner
420,13_epo,51.0,142.91764674034113,fechner
421,13_epo,52.0,142.91764674034124,fechner
422,13_epo,53.0,142.91764674034135,fechner
423,13_epo,54.0,142.91764674034147,fechner
424,13_epo,55.00000000000001,142.91764674034158,fechner
425,13_epo,56.00000000000001,142.91764674034167,fechner
426,13_epo,56.99999999999999,142.91764674034178,fechner
427,13_epo,57.99999999999999,142.91764674034187,fechner
428,13_epo,59.0,142.91764674034192,fechner
429,13_epo,60.0,142.917646740342,fechner
430,13_epo,61.0,142.91764674034206,fechner
431,13_epo,62.0,142.91764674034215,fechner
432,13_epo,63.0,142.9176467403422,fechner
433,13_epo,64.0,142.91764674034226,fechner
434,13_epo,65.0,142.91764674034235,fechner
435,13_epo,66.0,142.9176467403424,fechner
436,13_epo,67.0,142.91764674034246,fechner
437,13_epo,68.0,142.91764674034252,fechner
438,13_epo,69.0,142.91764674034255,fechner
439,13_epo,70.0,142.9176467403426,fechner
440,13_epo,71.0,142.91764674034266,fechner
441,13_epo,72.0,142.9176467403427,fechner
442,13_epo,73.0,142.91764674034275,fechner
443,13_epo,74.0,142.9176467403428,fechner
444,13_epo,75.0,142.91764674034283,fechner
445,13_epo,76.0,142.91764674034286,fechner
446,13_epo,77.0,142.91764674034292,fechner
447,13_epo,78.0,142.91764674034295,fechner
448,13_epo,79.0,142.91764674034297,fechner
449,13_epo,80.0,142.917646740343,fechner
450,13_epo,81.0,142.91764674034303,fechner
451,13_epo,82.0,142.91764674034306,fechner
452,13_epo,83.0,142.9176467403431,fechner
453,13_epo,84.0,142.91764674034312,fechner
454,13_epo,85.0,142.91764674034312,fechner
455,13_epo,86.0,142.91764674034314,fechner
456,13_epo,87.0,142.91764674034317,fechner
457,13_epo,88.0,142.9176467403432,fechner
458,13_epo,89.0,142.91764674034323,fechner
459,13_epo,90.0,142.91764674034326,fechner
460,13_epo,91.0,142.9176467403433,fechner
461,13_epo,92.0,142.9176467403433,fechner
462,13_epo,93.0,142.91764674034332,fechner
463,13_epo,94.0,142.91764674034334,fechner
464,13_epo,95.0,142.91764674034337,fechner
465,14_epo,3.0,130.19227455277516,fechner
466,14_epo,4.0,130.19227455277516,fechner
467,14_epo,5.0,130.19227455277516,fechner
468,14_epo,6.0,130.19227455277516,fechner
469,14_epo,7.000000000000001,130.19227455277516,fechner
470,14_epo,8.0,130.19227455277516,fechner
471,14_epo,9.0,130.19227455277516,fechner
472,14_epo,10.0,130.19227455277516,fechner
473,14_epo,11.0,130.19227455277516,fechner
474,14_epo,12.0,130.19227455277516,fechner
475,14_epo,13.0,130.19227455277516,fechner
476,14_epo,14.000000000000002,130.19227455277516,fechner
477,14_epo,15.0,130.19227455277516,fechner
478,14_epo,16.0,130.19227455277516,fechner
479,14_epo,17.0,130.19227455277516,fechner
480,14_epo,18.0,130.19227455277516,fechner
481,14_epo,19.0,130.19227455277516,fechner
482,14_epo,20.0,130.19227455277516,fechner
483,14_epo,21.0,130.19227455277516,fechner
484,14_epo,22.0,130.19227455277516,fechner
485,14_epo,23.0,130.19227455277516,fechner
486,14_epo,24.0,130.19227455277516,fechner
487,14_epo,25.0,130.19227455277516,fechner
488,14_epo,26.0,130.19227455277516,fechner
489,14_epo,27.0,130.19227455277516,fechner
490,14_epo,28.000000000000004,130.19227455277516,fechner
491,14_epo,28.999999999999996,130.19227455277516,fechner
492,14_epo,30.0,130.19227455277516,fechner
493,14_epo,31.0,130.19227455277516,fechner
494,14_epo,32.0,130.19227455277516,fechner
495,14_epo,33.0,130.19227455277516,fechner
496,14_epo,34.0,130.19227455277516,fechner
497,14_epo,35.0,130.19227455277516,fechner
498,14_epo,36.0,130.19227455277516,fechner
499,14_epo,37.0,130.19227455277516,fechner
500,14_epo,38.0,130.19227455277516,fechner
501,14_epo,39.0,130.19227455277516,fechner
502,14_epo,40.0,130.19227455277516,fechner
503,14_epo,41.0,130.19227455277516,fechner
504,14_epo,42.0,130.19227455277516,fechner
505,14_epo,43.0,130.19227455277516,fechner
506,14_epo,44.0,130.19227455277516,fechner
507,14_epo,45.0,130.19227455277516,fechner
508,14_epo,46.0,130.19227455277516,fechner
509,14_epo,47.0,130.19227455277516,fechner
510,14_epo,48.0,130.19227455277516,fechner
511,14_epo,49.0,130.19227455277516,fechner
512,14_epo,50.0,130.19227455277516,fechner
513,14_epo,51.0,130.19227455277516,fechner
514,14_epo,52.0,130.19227455277516,fechner
515,14_epo,53.0,130.19227455277516,fechner
516,14_epo,54.0,130.19227455277516,fechner
517,14_epo,55.00000000000001,130.19227455277516,fechner
518,14_epo,56.00000000000001,130.19227455277516,fechner
519,14_epo,56.99999999999999,130.19227455277516,fechner
520,14_epo,57.99999999999999,130.19227455277516,fechner
521,14_epo,59.0,130.19227455277516,fechner
522,14_epo,60.0,130.19227455277516,fechner
523,14_epo,61.0,130.19227455277516,fechner
524,14_epo,62.0,130.19227455277516,fechner
525,14_epo,63.0,130.19227455277516,fechner
526,14_epo,64.0,130.19227455277516,fechner
527,14_epo,65.0,130.19227455277516,fechner
528,14_epo,66.0,130.19227455277516,fechner
529,14_epo,67.0,130.19227455277516,fechner
530,14_epo,68.0,130.19227455277516,fechner
531,14_epo,69.0,130.19227455277516,fechner
532,14_epo,70.0,130.19227455277516,fechner
533,14_epo,71.0,130.19227455277516,fechner
534,14_epo,72.0,130.19227455277516,fechner
535,14_epo,73.0,130.19227455277516,fechner
536,14_epo,74.0,130.19227455277516,fechner
537,14_epo,75.0,130.19227455277516,fechner
538,14_epo,76.0,130.19227455277516,fechner
539,14_epo,77.0,130.19227455277516,fechner
540,14_epo,78.0,130.19227455277516,fechner
541,14_epo,79.0,130.19227455277516,fechner
542,14_epo,80.0,130.19227455277516,fechner
543,14_epo,81.0,130.19227455277516,fechner
544,14_epo,82.0,130.19227455277516,fechner
545,14_epo,83.0,130.19227455277516,fechner
546,14_epo,84.0,130.19227455277516,fechner
547,14_epo,85.0,130.19227455277516,fechner
548,14_epo,86.0,130.19227455277516,fechner
549,14_epo,87.0,130.19227455277516,fechner
550,14_epo,88.0,130.19227455277516,fechner
551,14_epo,89.0,130.19227455277516,fechner
552,14_epo,90.0,130.19227455277516,fechner
553,14_epo,91.0,130.19227455277516,fechner
554,14_epo,92.0,130.19227455277516,fechner
555,14_epo,93.0,130.19227455277516,fechner
556,14_epo,94.0,130.19227455277516,fechner
557,14_epo,95.0,130.19227455277516,fechner
558,15_epo,3.0,164.5639315442719,fechner
559,15_epo,4.0,164.5639315442719,fechner
560,15_epo,5.0,164.5639315442719,fechner
561,15_epo,6.0,164.5639315442719,fechner
562,15_epo,7.000000000000001,164.5639315442719,fechner
563,15_epo,8.0,164.5639315442719,fechner
564,15_epo,9.0,164.5639315442719,fechner
565,15_epo,10.0,164.5639315442719,fechner
566,15_epo,11.0,164.5639315442719,fechner
567,15_epo,12.0,164.5639315442719,fechner
568,15_epo,13.0,164.5639315442719,fechner
569,15_epo,14.000000000000002,164.5639315442719,fechner
570,15_epo,15.0,164.5639315442719,fechner
571,15_epo,16.0,164.5639315442719,fechner
572,15_epo,17.0,164.5639315442719,fechner
573,15_epo,18.0,164.5639315442719,fechner
574,15_epo,19.0,164.5639315442719,fechner
575,15_epo,20.0,164.5639315442719,fechner
576,15_epo,21.0,164.5639315442719,fechner
577,15_epo,22.0,164.5639315442719,fechner
578,15_epo,23.0,164.5639315442719,fechner
579,15_epo,24.0,164.5639315442719,fechner
580,15_epo,25.0,164.5639315442719,fechner
581,15_epo,26.0,164.5639315442719,fechner
582,15_epo,27.0,164.5639315442719,fechner
583,15_epo,28.000000000000004,164.5639315442719,fechner
584,15_epo,28.999999999999996,164.5639315442719,fechner
585,15_epo,30.0,164.5639315442719,fechner
586,15_epo,31.0,164.5639315442719,fechner
587,15_epo,32.0,164.5639315442719,fechner
588,15_epo,33.0,164.5639315442719,fechner
589,15_epo,34.0,164.5639315442719,fechner
590,15_epo,35.0,164.5639315442719,fechner
591,15_epo,36.0,164.5639315442719,fechner
592,15_epo,37.0,164.5639315442719,fechner
593,15_epo,38.0,164.5639315442719,fechner
594,15_epo,39.0,164.5639315442719,fechner
595,15_epo,40.0,164.5639315442719,fechner
596,15_epo,41.0,164.5639315442719,fechner
597,15_epo,42.0,164.5639315442719,fechner
598,15_epo,43.0,164.5639315442719,fechner
599,15_epo,44.0,164.5639315442719,fechner
600,15_epo,45.0,164.5639315442719,fechner
601,15_epo,46.0,164.5639315442719,fechner
602,15_epo,47.0,164.5639315442719,fechner
603,15_epo,48.0,164.5639315442719,fechner
604,15_epo,49.0,164.5639315442719,fechner
605,15_epo,50.0,164.5639315442719,fechner
606,15_epo,51.0,164.5639315442719,fechner
607,15_epo,52.0,164.5639315442719,fechner
608,15_epo,53.0,164.5639315442719,fechner
609,15_epo,54.0,164.5639315442719,fechner
610,15_epo,55.00000000000001,164.5639315442719,fechner
611,15_epo,56.00000000000001,164.5639315442719,fechner
612,15_epo,56.99999999999999,164.5639315442719,fechner
613,15_epo,57.99999999999999,164.5639315442719,fechner
614,15_epo,59.0,164.5639315442719,fechner
615,15_epo,60.0,164.5639315442719,fechner
616,15_epo,61.0,164.5639315442719,fechner
617,15_epo,62.0,164.5639315442719,fechner
618,15_epo,63.0,164.5639315442719,fechner
619,15_epo,64.0,164.5639315442719,fechner
620,15_epo,65.0,164.5639315442719,fechner
621,15_epo,66.0,164.5639315442719,fechner
622,15_epo,67.0,164.5639315442719,fechner
623,15_epo,68.0,164.5639315442719,fechner
624,15_epo,69.0,164.5639315442719,fechner
625,15_epo,70.0,164.5639315442719,fechner
626,15_epo,71.0,164.5639315442719,fechner
627,15_epo,72.0,164.5639315442719,fechner
628,15_epo,73.0,164.5639315442719,fechner
629,15_epo,74.0,164.5639315442719,fechner
630,15_epo,75.0,164.5639315442719,fechner
631,15_epo,76.0,164.5639315442719,fechner
632,15_epo,77.0,164.5639315442719,fechner
633,15_epo,78.0,164.5639315442719,fechner
634,15_epo,79.0,164.5639315442719,fechner
635,15_epo,80.0,164.5639315442719,fechner
636,15_epo,81.0,164.5639315442719,fechner
637,15_epo,82.0,164.5639315442719,fechner
638,15_epo,83.0,164.5639315442719,fechner
639,15_epo,84.0,164.5639315442719,fechner
640,15_epo,85.0,164.5639315442719,fechner
641,15_epo,86.0,164.5639315442719,fechner
642,15_epo,87.0,164.5639315442719,fechner
643,15_epo,88.0,164.5639315442719,fechner
644,15_epo,89.0,164.5639315442719,fechner
645,15_epo,90.0,164.5639315442719,fechner
646,15_epo,91.0,164.5639315442719,fechner
647,15_epo,92.0,164.5639315442719,fechner
648,15_epo,93.0,164.5639315442719,fechner
649,15_epo,94.0,164.5639315442719,fechner
650,15_epo,95.0,164.5639315442719,fechner
651,16_epo,3.0,150.10033501558806,fechner
652,16_epo,4.0,155.27279136138085,fechner
653,16_epo,5.0,156.7002871819121,fechner
654,16_epo,6.0,157.34561329085832,fechner
655,16_epo,7.000000000000001,157.70043779597455,fechner
656,16_epo,8.0,157.91864707855493,fechner
657,16_epo,9.0,158.06317466589155,fechner
658,16_epo,10.0,158.16414966524331,fechner
659,16_epo,11.0,158.23761448769935,fechner
660,16_epo,12.0,158.29279963971356,fechner
661,16_epo,13.0,158.3353415960601,fechner
662,16_epo,14.000000000000002,158.36884880838375,fechner
663,16_epo,15.0,158.39572232262836,fechner
664,16_epo,16.0,158.4176120523712,fechner
665,16_epo,17.0,158.43568313747812,fechner
666,16_epo,18.0,158.45077792057182,fechner
667,16_epo,19.0,158.4635179372755,fechner
668,16_epo,20.0,158.47437009584155,fechner
669,16_epo,21.0,158.4836907624423,fechner
670,16_epo,22.0,158.49175581611794,fechner
671,16_epo,23.0,158.49878156450032,fechner
672,16_epo,24.0,158.50493956993088,fechner
673,16_epo,25.0,158.51036733473848,fechner
674,16_epo,26.0,158.51517611876395,fechner
675,16_epo,27.0,158.51945673755023,fechner
676,16_epo,28.000000000000004,158.5232839169287,fechner
677,16_epo,28.999999999999996,158.52671960118872,fechner
678,16_epo,30.0,158.5298154930182,fechner
679,16_epo,31.0,158.53261502278633,fechner
680,16_epo,32.0,158.5351548892961,fechner
681,16_epo,33.0,158.53746627547477,fechner
682,16_epo,34.0,158.53957581516104,fechner
683,16_epo,35.0,158.541506367629,fechner
684,16_epo,36.0,158.5432776423752,fechner
685,16_epo,37.0,158.54490670639132,fechner
686,16_epo,38.0,158.54640839854142,fechner
687,16_epo,39.0,158.54779567000406,fechner
688,16_epo,40.0,158.54907986549188,fechner
689,16_epo,41.0,158.55027095674487,fechner
690,16_epo,42.0,158.55137773734137,fechner
691,16_epo,43.0,158.5524079859849,fechner
692,16_epo,44.0,158.55336860396974,fechner
693,16_epo,45.0,158.5542657313903,fechner
694,16_epo,46.0,158.55510484577178,fechner
695,16_epo,47.0,158.55589084609903,fechner
696,16_epo,48.0,158.55662812466306,fechner
697,16_epo,49.0,158.55732062870462,fechner
698,16_epo,50.0,158.55797191347807,fechner
699,16_epo,51.0,158.5585851880747,fechner
700,16_epo,52.0,158.55916335511301,fechner
701,16_epo,53.0,158.55970904521726,fechner
702,16_epo,54.0,158.56022464705214,fechner
703,16_epo,55.00000000000001,158.5607123335564,fechner
704,16_epo,56.00000000000001,158.56117408491622,fechner
705,16_epo,56.99999999999999,158.5616117087327,fechner
706,16_epo,57.99999999999999,158.5620268577689,fechner
707,16_epo,59.0,158.5624210456034,fechner
708,16_epo,60.0,158.56279566046686,fechner
709,16_epo,61.0,158.56315197750033,fechner
710,16_epo,62.0,158.56349116963608,fechner
711,16_epo,63.0,158.56381431727684,fechner
712,16_epo,64.0,158.56412241692118,fechner
713,16_epo,65.0,158.56441638886548,fechner
714,16_epo,66.0,158.56469708409304,fechner
715,16_epo,67.0,158.56496529044716,fechner
716,16_epo,68.0,158.56522173817214,fechner
717,16_epo,69.0,158.56546710489496,fechner
718,16_epo,70.0,158.56570202011133,fechner
719,16_epo,71.0,158.56592706923146,fechner
720,16_epo,72.0,158.56614279723487,fechner
721,16_epo,73.0,158.56634971197627,fechner
722,16_epo,74.0,158.56654828717987,fechner
723,16_epo,75.0,158.56673896515628,fechner
724,16_epo,76.0,158.56692215927004,fechner
725,16_epo,77.0,158.56709825618347,fechner
726,16_epo,78.0,158.56726761790114,fechner
727,16_epo,79.0,158.5674305836328,fechner
728,16_epo,80.0,158.56758747149516,fechner
729,16_epo,81.0,158.56773858006645,fechner
730,16_epo,82.0,158.5678841898095,fechner
731,16_epo,83.0,158.56802456437495,fechner
732,16_epo,84.0,158.5681599517964,fechner
733,16_epo,85.0,158.5682905855878,fechner
734,16_epo,86.0,158.56841668575186,fechner
735,16_epo,87.0,158.5685384597073,fechner
736,16_epo,88.0,158.56865610314318,fechner
737,16_epo,89.0,158.56876980080597,fechner
738,16_epo,90.0,158.56887972722598,fechner
739,16_epo,91.0,158.5689860473878,fechner
740,16_epo,92.0,158.56908891735011,fechner
741,16_epo,93.0,158.56918848481925,fechner
742,16_epo,94.0,158.56928488967975,fechner
743,16_epo,95.0,158.56937826448646,fechner
744,17_epo,3.0,174.6264556315096,fechner
745,17_epo,4.0,174.6264556315096,fechner
746,17_epo,5.0,174.6264556315096,fechner
747,17_epo,6.0,174.6264556315096,fechner
748,17_epo,7.000000000000001,174.6264556315096,fechner
749,17_epo,8.0,174.6264556315096,fechner
750,17_epo,9.0,174.6264556315096,fechner
751,17_epo,10.0,174.6264556315096,fechner
752,17_epo,11.0,174.6264556315096,fechner
753,17_epo,12.0,174.6264556315096,fechner
754,17_epo,13.0,174.6264556315096,fechner
755,17_epo,14.000000000000002,174.6264556315096,fechner
756,17_epo,15.0,174.6264556315096,fechner
757,17_epo,16.0,174.6264556315096,fechner
758,17_epo,17.0,174.6264556315096,fechner
759,17_epo,18.0,174.6264556315096,fechner
760,17_epo,19.0,174.6264556315096,fechner
761,17_epo,20.0,174.6264556315096,fechner
762,17_epo,21.0,174.6264556315096,fechner
763,17_epo,22.0,174.6264556315096,fechner
764,17_epo,23.0,174.6264556315096,fechner
765,17_epo,24.0,174.6264556315096,fechner
766,17_epo,25.0,174.6264556315096,fechner
767,17_epo,26.0,174.6264556315096,fechner
768,17_epo,27.0,174.6264556315096,fechner
769,17_epo,28.000000000000004,174.6264556315096,fechner
770,17_epo,28.999999999999996,174.6264556315096,fechner
771,17_epo,30.0,174.6264556315096,fechner
772,17_epo,31.0,174.6264556315096,fechner
773,17_epo,32.0,174.6264556315096,fechner
774,17_epo,33.0,174.6264556315096,fechner
775,17_epo,34.0,174.6264556315096,fechner
776,17_epo,35.0,174.6264556315096,fechner
777,17_epo,36.0,174.6264556315096,fechner
778,17_epo,37.0,174.6264556315096,fechner
779,17_epo,38.0,174.6264556315096,fechner
780,17_epo,39.0,174.6264556315096,fechner
781,17_epo,40.0,174.6264556315096,fechner
782,17_epo,41.0,174.6264556315096,fechner
783,17_epo,42.0,174.6264556315096,fechner
784,17_epo,43.0,174.6264556315096,fechner
785,17_epo,44.0,174.6264556315096,fechner
786,17_epo,45.0,174.6264556315096,fechner
787,17_epo,46.0,174.6264556315096,fechner
788,17_epo,47.0,174.6264556315096,fechner
789,17_epo,48.0,174.6264556315096,fechner
790,17_epo,49.0,174.6264556315096,fechner
791,17_epo,50.0,174.6264556315096,fechner
792,17_epo,51.0,174.6264556315096,fechner
793,17_epo,52.0,174.6264556315096,fechner
794,17_epo,53.0,174.6264556315096,fechner
795,17_epo,54.0,174.6264556315096,fechner
796,17_epo,55.00000000000001,174.6264556315096,fechner
797,17_epo,56.00000000000001,174.6264556315096,fechner
798,17_epo,56.99999999999999,174.6264556315096,fechner
799,17_epo,57.99999999999999,174.6264556315096,fechner
800,17_epo,59.0,174.6264556315096,fechner
801,17_epo,60.0,174.6264556315096,fechner
802,17_epo,61.0,174.6264556315096,fechner
803,17_epo,62.0,174.6264556315096,fechner
804,17_epo,63.0,174.6264556315096,fechner
805,17_epo,64.0,174.6264556315096,fechner
806,17_epo,65.0,174.6264556315096,fechner
807,17_epo,66.0,174.6264556315096,fechner
808,17_epo,67.0,174.6264556315096,fechner
809,17_epo,68.0,174.6264556315096,fechner
810,17_epo,69.0,174.6264556315096,fechner
811,17_epo,70.0,174.6264556315096,fechner
812,17_epo,71.0,174.6264556315096,fechner
813,17_epo,72.0,174.6264556315096,fechner
814,17_epo,73.0,174.6264556315096,fechner
815,17_epo,74.0,174.6264556315096,fechner
816,17_epo,75.0,174.6264556315096,fechner
817,17_epo,76.0,174.6264556315096,fechner
818,17_epo,77.0,174.6264556315096,fechner
819,17_epo,78.0,174.6264556315096,fechner
820,17_epo,79.0,174.6264556315096,fechner
821,17_epo,80.0,174.6264556315096,fechner
822,17_epo,81.0,174.6264556315096,fechner
823,17_epo,82.0,174.6264556315096,fechner
824,17_epo,83.0,174.6264556315096,fechner
825,17_epo,84.0,174.6264556315096,fechner
826,17_epo,85.0,174.6264556315096,fechner
827,17_epo,86.0,174.6264556315096,fechner
828,17_epo,87.0,174.6264556315096,fechner
829,17_epo,88.0,174.6264556315096,fechner
830,17_epo,89.0,174.6264556315096,fechner
831,17_epo,90.0,174.6264556315096,fechner
832,17_epo,91.0,174.6264556315096,fechner
833,17_epo,92.0,174.6264556315096,fechner
834,17_epo,93.0,174.6264556315096,fechner
835,17_epo,94.0,174.6264556315096,fechner
836,17_epo,95.0,174.6264556315096,fechner
837,18_epo,3.0,157.89104582056768,fechner
838,18_epo,4.0,157.89104582056768,fechner
839,18_epo,5.0,157.89104582056768,fechner
840,18_epo,6.0,157.89104582056768,fechner
841,18_epo,7.000000000000001,157.89104582056768,fechner
842,18_epo,8.0,157.89104582056768,fechner
843,18_epo,9.0,157.89104582056768,fechner
844,18_epo,10.0,157.89104582056768,fechner
845,18_epo,11.0,157.89104582056768,fechner
846,18_epo,12.0,157.89104582056768,fechner
847,18_epo,13.0,157.89104582056768,fechner
848,18_epo,14.000000000000002,157.89104582056768,fechner
849,18_epo,15.0,157.89104582056768,fechner
850,18_epo,16.0,157.89104582056768,fechner
851,18_epo,17.0,157.89104582056768,fechner
852,18_epo,18.0,157.89104582056768,fechner
853,18_epo,19.0,157.89104582056768,fechner
854,18_epo,20.0,157.89104582056768,fechner
855,18_epo,21.0,157.89104582056768,fechner
856,18_epo,22.0,157.89104582056768,fechner
857,18_epo,23.0,157.89104582056768,fechner
858,18_epo,24.0,157.89104582056768,fechner
859,18_epo,25.0,157.89104582056768,fechner
860,18_epo,26.0,157.89104582056768,fechner
861,18_epo,27.0,157.89104582056768,fechner
862,18_epo,28.000000000000004,157.89104582056768,fechner
863,18_epo,28.999999999999996,157.89104582056768,fechner
864,18_epo,30.0,157.89104582056768,fechner
865,18_epo,31.0,157.89104582056768,fechner
866,18_epo,32.0,157.89104582056768,fechner
867,18_epo,33.0,157.89104582056768,fechner
868,18_epo,34.0,157.89104582056768,fechner
869,18_epo,35.0,157.89104582056768,fechner
870,18_epo,36.0,157.89104582056768,fechner
871,18_epo,37.0,157.89104582056768,fechner
872,18_epo,38.0,157.89104582056768,fechner
873,18_epo,39.0,157.89104582056768,fechner
874,18_epo,40.0,157.89104582056768,fechner
875,18_epo,41.0,157.89104582056768,fechner
876,18_epo,42.0,157.89104582056768,fechner
877,18_epo,43.0,157.89104582056768,fechner
878,18_epo,44.0,157.89104582056768,fechner
879,18_epo,45.0,157.89104582056768,fechner
880,18_epo,46.0,157.89104582056768,fechner
881,18_epo,47.0,157.89104582056768,fechner
882,18_epo,48.0,157.89104582056768,fechner
883,18_epo,49.0,157.89104582056768,fechner
884,18_epo,50.0,157.89104582056768,fechner
885,18_epo,51.0,157.89104582056768,fechner
886,18_epo,52.0,157.89104582056768,fechner
887,18_epo,53.0,157.89104582056768,fechner
888,18_epo,54.0,157.89104582056768,fechner
889,18_epo,55.00000000000001,157.89104582056768,fechner
890,18_epo,56.00000000000001,157.89104582056768,fechner
891,18_epo,56.99999999999999,157.89104582056768,fechner
892,18_epo,57.99999999999999,157.89104582056768,fechner
893,18_epo,59.0,157.89104582056768,fechner
894,18_epo,60.0,157.89104582056768,fechner
895,18_epo,61.0,157.89104582056768,fechner
896,18_epo,62.0,157.89104582056768,fechner
897,18_epo,63.0,157.89104582056768,fechner
898,18_epo,64.0,157.89104582056768,fechner
899,18_epo,65.0,157.89104582056768,fechner
900,18_epo,66.0,157.89104582056768,fechner
901,18_epo,67.0,157.89104582056768,fechner
902,18_epo,68.0,157.89104582056768,fechner
903,18_epo,69.0,157.89104582056768,fechner
904,18_epo,70.0,157.89104582056768,fechner
905,18_epo,71.0,157.89104582056768,fechner
906,18_epo,72.0,157.89104582056768,fechner
907,18_epo,73.0,157.89104582056768,fechner
908,18_epo,74.0,157.89104582056768,fechner
909,18_epo,75.0,157.89104582056768,fechner
910,18_epo,76.0,157.89104582056768,fechner
911,18_epo,77.0,157.89104582056768,fechner
912,18_epo,78.0,157.89104582056768,fechner
913,18_epo,79.0,157.89104582056768,fechner
914,18_epo,80.0,157.89104582056768,fechner
915,18_epo,81.0,157.89104582056768,fechner
916,18_epo,82.0,157.89104582056768,fechner
917,18_epo,83.0,157.89104582056768,fechner
918,18_epo,84.0,157.89104582056768,fechner
919,18_epo,85.0,157.89104582056768,fechner
920,18_epo,86.0,157.89104582056768,fechner
921,18_epo,87.0,157.89104582056768,fechner
922,18_epo,88.0,157.89104582056768,fechner
923,18_epo,89.0,157.89104582056768,fechner
924,18_epo,90.0,157.89104582056768,fechner
925,18_epo,91.0,157.89104582056768,fechner
926,18_epo,92.0,157.89104582056768,fechner
927,18_epo,93.0,157.89104582056768,fechner
928,18_epo,94.0,157.89104582056768,fechner
929,18_epo,95.0,157.89104582056768,fechner
930,19_epo,3.0,144.60839340236737,fechner
931,19_epo,4.0,144.60839340236737,fechner
932,19_epo,5.0,144.60839340236737,fechner
933,19_epo,6.0,144.60839340236737,fechner
934,19_epo,7.000000000000001,144.60839340236737,fechner
935,19_epo,8.0,144.60839340236737,fechner
936,19_epo,9.0,144.60839340236737,fechner
937,19_epo,10.0,144.60839340236737,fechner
938,19_epo,11.0,144.60839340236737,fechner
939,19_epo,12.0,144.60839340236737,fechner
940,19_epo,13.0,144.60839340236737,fechner
941,19_epo,14.000000000000002,144.60839340236737,fechner
942,19_epo,15.0,144.60839340236737,fechner
943,19_epo,16.0,144.60839340236737,fechner
944,19_epo,17.0,144.60839340236737,fechner
945,19_epo,18.0,144.60839340236737,fechner
946,19_epo,19.0,144.60839340236737,fechner
947,19_epo,20.0,144.60839340236737,fechner
948,19_epo,21.0,144.60839340236737,fechner
949,19_epo,22.0,144.60839340236737,fechner
950,19_epo,23.0,144.60839340236737,fechner
951,19_epo,24.0,144.60839340236737,fechner
952,19_epo,25.0,144.60839340236737,fechner
953,19_epo,26.0,144.60839340236737,fechner
954,19_epo,27.0,144.60839340236737,fechner
955,19_epo,28.000000000000004,144.60839340236737,fechner
956,19_epo,28.999999999999996,144.60839340236737,fechner
957,19_epo,30.0,144.60839340236737,fechner
958,19_epo,31.0,144.60839340236737,fechner
959,19_epo,32.0,144.60839340236737,fechner
960,19_epo,33.0,144.60839340236737,fechner
961,19_epo,34.0,144.60839340236737,fechner
962,19_epo,35.0,144.60839340236737,fechner
963,19_epo,36.0,144.60839340236737,fechner
964,19_epo,37.0,144.60839340236737,fechner
965,19_epo,38.0,144.60839340236737,fechner
966,19_epo,39.0,144.60839340236737,fechner
967,19_epo,40.0,144.60839340236737,fechner
968,19_epo,41.0,144.60839340236737,fechner
969,19_epo,42.0,144.60839340236737,fechner
970,19_epo,43.0,144.60839340236737,fechner
971,19_epo,44.0,144.60839340236737,fechner
972,19_epo,45.0,144.60839340236737,fechner
973,19_epo,46.0,144.60839340236737,fechner
974,19_epo,47.0,144.60839340236737,fechner
975,19_epo,48.0,144.60839340236737,fechner
976,19_epo,49.0,144.60839340236737,fechner
977,19_epo,50.0,144.60839340236737,fechner
978,19_epo,51.0,144.60839340236737,fechner
979,19_epo,52.0,144.60839340236737,fechner
980,19_epo,53.0,144.60839340236737,fechner
981,19_epo,54.0,144.60839340236737,fechner
982,19_epo,55.00000000000001,144.60839340236737,fechner
983,19_epo,56.00000000000001,144.60839340236737,fechner
984,19_epo,56.99999999999999,144.60839340236737,fechner
985,19_epo,57.99999999999999,144.60839340236737,fechner
986,19_epo,59.0,144.60839340236737,fechner
987,19_epo,60.0,144.60839340236737,fechner
988,19_epo,61.0,144.60839340236737,fechner
989,19_epo,62.0,144.60839340236737,fechner
990,19_epo,63.0,144.60839340236737,fechner
991,19_epo,64.0,144.60839340236737,fechner
992,19_epo,65.0,144.60839340236737,fechner
993,19_epo,66.0,144.60839340236737,fechner
994,19_epo,67.0,144.60839340236737,fechner
995,19_epo,68.0,144.60839340236737,fechner
996,19_epo,69.0,144.60839340236737,fechner
997,19_epo,70.0,144.60839340236737,fechner
998,19_epo,71.0,144.60839340236737,fechner
999,19_epo,72.0,144.60839340236737,fechner
1000,19_epo,73.0,144.60839340236737,fechner
1001,19_epo,74.0,144.60839340236737,fechner
1002,19_epo,75.0,144.60839340236737,fechner
1003,19_epo,76.0,144.60839340236737,fechner
1004,19_epo,77.0,144.60839340236737,fechner
1005,19_epo,78.0,144.60839340236737,fechner
1006,19_epo,79.0,144.60839340236737,fechner
1007,19_epo,80.0,144.60839340236737,fechner
1008,19_epo,81.0,144.60839340236737,fechner
1009,19_epo,82.0,144.60839340236737,fechner
1010,19_epo,83.0,144.60839340236737,fechner
1011,19_epo,84.0,144.60839340236737,fechner
1012,19_epo,85.0,144.60839340236737,fechner
1013,19_epo,86.0,144.60839340236737,fechner
1014,19_epo,87.0,144.60839340236737,fechner
1015,19_epo,88.0,144.60839340236737,fechner
1016,19_epo,89.0,144.60839340236737,fechner
1017,19_epo,90.0,144.60839340236737,fechner
1018,19_epo,91.0,144.60839340236737,fechner
1019,19_epo,92.0,144.60839340236737,fechner
1020,19_epo,93.0,144.60839340236737,fechner
1021,19_epo,94.0,144.60839340236737,fechner
1022,19_epo,95.0,144.60839340236737,fechner
1023,1_epo,3.0,171.19767778595778,fechner
1024,1_epo,4.0,171.19767778595778,fechner
1025,1_epo,5.0,171.19767778595778,fechner
1026,1_epo,6.0,171.19767778595778,fechner
1027,1_epo,7.000000000000001,171.19767778595778,fechner
1028,1_epo,8.0,171.19767778595778,fechner
1029,1_epo,9.0,171.19767778595778,fechner
1030,1_epo,10.0,171.19767778595778,fechner
1031,1_epo,11.0,171.19767778595778,fechner
1032,1_epo,12.0,171.19767778595778,fechner
1033,1_epo,13.0,171.19767778595778,fechner
1034,1_epo,14.000000000000002,171.19767778595778,fechner
1035,1_epo,15.0,171.19767778595778,fechner
1036,1_epo,16.0,171.19767778595778,fechner
1037,1_epo,17.0,171.19767778595778,fechner
1038,1_epo,18.0,171.19767778595778,fechner
1039,1_epo,19.0,171.19767778595778,fechner
1040,1_epo,20.0,171.19767778595778,fechner
1041,1_epo,21.0,171.19767778595778,fechner
1042,1_epo,22.0,171.19767778595778,fechner
1043,1_epo,23.0,171.19767778595778,fechner
1044,1_epo,24.0,171.19767778595778,fechner
1045,1_epo,25.0,171.19767778595778,fechner
1046,1_epo,26.0,171.19767778595778,fechner
1047,1_epo,27.0,171.19767778595778,fechner
1048,1_epo,28.000000000000004,171.19767778595778,fechner
1049,1_epo,28.999999999999996,171.19767778595778,fechner
1050,1_epo,30.0,171.19767778595778,fechner
1051,1_epo,31.0,171.19767778595778,fechner
1052,1_epo,32.0,171.19767778595778,fechner
1053,1_epo,33.0,171.19767778595778,fechner
1054,1_epo,34.0,171.19767778595778,fechner
1055,1_epo,35.0,171.19767778595778,fechner
1056,1_epo,36.0,171.19767778595778,fechner
1057,1_epo,37.0,171.19767778595778,fechner
1058,1_epo,38.0,171.19767778595778,fechner
1059,1_epo,39.0,171.19767778595778,fechner
1060,1_epo,40.0,171.19767778595778,fechner
1061,1_epo,41.0,171.19767778595778,fechner
1062,1_epo,42.0,171.19767778595778,fechner
1063,1_epo,43.0,171.19767778595778,fechner
1064,1_epo,44.0,171.19767778595778,fechner
1065,1_epo,45.0,171.19767778595778,fechner
1066,1_epo,46.0,171.19767778595778,fechner
1067,1_epo,47.0,171.19767778595778,fechner
1068,1_epo,48.0,171.19767778595778,fechner
1069,1_epo,49.0,171.19767778595778,fechner
1070,1_epo,50.0,171.19767778595778,fechner
1071,1_epo,51.0,171.19767778595778,fechner
1072,1_epo,52.0,171.19767778595778,fechner
1073,1_epo,53.0,171.19767778595778,fechner
1074,1_epo,54.0,171.19767778595778,fechner
1075,1_epo,55.00000000000001,171.19767778595778,fechner
1076,1_epo,56.00000000000001,171.19767778595778,fechner
1077,1_epo,56.99999999999999,171.19767778595778,fechner
1078,1_epo,57.99999999999999,171.19767778595778,fechner
1079,1_epo,59.0,171.19767778595778,fechner
1080,1_epo,60.0,171.19767778595778,fechner
1081,1_epo,61.0,171.19767778595778,fechner
1082,1_epo,62.0,171.19767778595778,fechner
1083,1_epo,63.0,171.19767778595778,fechner
1084,1_epo,64.0,171.19767778595778,fechner
1085,1_epo,65.0,171.19767778595778,fechner
1086,1_epo,66.0,171.19767778595778,fechner
1087,1_epo,67.0,171.19767778595778,fechner
1088,1_epo,68.0,171.19767778595778,fechner
1089,1_epo,69.0,171.19767778595778,fechner
1090,1_epo,70.0,171.19767778595778,fechner
1091,1_epo,71.0,171.19767778595778,fechner
1092,1_epo,72.0,171.19767778595778,fechner
1093,1_epo,73.0,171.19767778595778,fechner
1094,1_epo,74.0,171.19767778595778,fechner
1095,1_epo,75.0,171.19767778595778,fechner
1096,1_epo,76.0,171.19767778595778,fechner
1097,1_epo,77.0,171.19767778595778,fechner
1098,1_epo,78.0,171.19767778595778,fechner
1099,1_epo,79.0,171.19767778595778,fechner
1100,1_epo,80.0,171.19767778595778,fechner
1101,1_epo,81.0,171.19767778595778,fechner
1102,1_epo,82.0,171.19767778595778,fechner
1103,1_epo,83.0,171.19767778595778,fechner
1104,1_epo,84.0,171.19767778595778,fechner
1105,1_epo,85.0,171.19767778595778,fechner
1106,1_epo,86.0,171.19767778595778,fechner
1107,1_epo,87.0,171.19767778595778,fechner
1108,1_epo,88.0,171.19767778595778,fechner
1109,1_epo,89.0,171.19767778595778,fechner
1110,1_epo,90.0,171.19767778595778,fechner
1111,1_epo,91.0,171.19767778595778,fechner
1112,1_epo,92.0,171.19767778595778,fechner
1113,1_epo,93.0,171.19767778595778,fechner
1114,1_epo,94.0,171.19767778595778,fechner
1115,1_epo,95.0,171.19767778595778,fechner
1116,20_epo,3.0,149.21731930715384,fechner
1117,20_epo,4.0,149.21731930715384,fechner
1118,20_epo,5.0,149.21731930715384,fechner
1119,20_epo,6.0,149.21731930715384,fechner
1120,20_epo,7.000000000000001,149.21731930715384,fechner
1121,20_epo,8.0,149.21731930715384,fechner
1122,20_epo,9.0,149.21731930715384,fechner
1123,20_epo,10.0,149.21731930715384,fechner
1124,20_epo,11.0,149.21731930715384,fechner
1125,20_epo,12.0,149.21731930715384,fechner
1126,20_epo,13.0,149.21731930715384,fechner
1127,20_epo,14.000000000000002,149.21731930715384,fechner
1128,20_epo,15.0,149.21731930715384,fechner
1129,20_epo,16.0,149.21731930715384,fechner
1130,20_epo,17.0,149.21731930715384,fechner
1131,20_epo,18.0,149.21731930715384,fechner
1132,20_epo,19.0,149.21731930715384,fechner
1133,20_epo,20.0,149.21731930715384,fechner
1134,20_epo,21.0,149.21731930715384,fechner
1135,20_epo,22.0,149.21731930715384,fechner
1136,20_epo,23.0,149.21731930715384,fechner
1137,20_epo,24.0,149.21731930715384,fechner
1138,20_epo,25.0,149.21731930715384,fechner
1139,20_epo,26.0,149.21731930715384,fechner
1140,20_epo,27.0,149.21731930715384,fechner
1141,20_epo,28.000000000000004,149.21731930715384,fechner
1142,20_epo,28.999999999999996,149.21731930715384,fechner
1143,20_epo,30.0,149.21731930715384,fechner
1144,20_epo,31.0,149.21731930715384,fechner
1145,20_epo,32.0,149.21731930715384,fechner
1146,20_epo,33.0,149.21731930715384,fechner
1147,20_epo,34.0,149.21731930715384,fechner
1148,20_epo,35.0,149.21731930715384,fechner
1149,20_epo,36.0,149.21731930715384,fechner
1150,20_epo,37.0,149.21731930715384,fechner
1151,20_epo,38.0,149.21731930715384,fechner
1152,20_epo,39.0,149.21731930715384,fechner
1153,20_epo,40.0,149.21731930715384,fechner
1154,20_epo,41.0,149.21731930715384,fechner
1155,20_epo,42.0,149.21731930715384,fechner
1156,20_epo,43.0,149.21731930715384,fechner
1157,20_epo,44.0,149.21731930715384,fechner
1158,20_epo,45.0,149.21731930715384,fechner
1159,20_epo,46.0,149.21731930715384,fechner
1160,20_epo,47.0,149.21731930715384,fechner
1161,20_epo,48.0,149.21731930715384,fechner
1162,20_epo,49.0,149.21731930715384,fechner
1163,20_epo,50.0,149.21731930715384,fechner
1164,20_epo,51.0,149.21731930715384,fechner
1165,20_epo,52.0,149.21731930715384,fechner
1166,20_epo,53.0,149.21731930715384,fechner
1167,20_epo,54.0,149.21731930715384,fechner
1168,20_epo,55.00000000000001,149.21731930715384,fechner
1169,20_epo,56.00000000000001,149.21731930715384,fechner
1170,20_epo,56.99999999999999,149.21731930715384,fechner
1171,20_epo,57.99999999999999,149.21731930715384,fechner
1172,20_epo,59.0,149.21731930715384,fechner
1173,20_epo,60.0,149.21731930715384,fechner
1174,20_epo,61.0,149.21731930715384,fechner
1175,20_epo,62.0,149.21731930715384,fechner
1176,20_epo,63.0,149.21731930715384,fechner
1177,20_epo,64.0,149.21731930715384,fechner
1178,20_epo,65.0,149.21731930715384,fechner
1179,20_epo,66.0,149.21731930715384,fechner
1180,20_epo,67.0,149.21731930715384,fechner
1181,20_epo,68.0,149.21731930715384,fechner
1182,20_epo,69.0,149.21731930715384,fechner
1183,20_epo,70.0,149.21731930715384,fechner
1184,20_epo,71.0,149.21731930715384,fechner
1185,20_epo,72.0,149.21731930715384,fechner
1186,20_epo,73.0,149.21731930715384,fechner
1187,20_epo,74.0,149.21731930715384,fechner
1188,20_epo,75.0,149.21731930715384,fechner
1189,20_epo,76.0,149.21731930715384,fechner
1190,20_epo,77.0,149.21731930715384,fechner
1191,20_epo,78.0,149.21731930715384,fechner
1192,20_epo,79.0,149.21731930715384,fechner
1193,20_epo,80.0,149.21731930715384,fechner
1194,20_epo,81.0,149.21731930715384,fechner
1195,20_epo,82.0,149.21731930715384,fechner
1196,20_epo,83.0,149.21731930715384,fechner
1197,20_epo,84.0,149.21731930715384,fechner
1198,20_epo,85.0,149.21731930715384,fechner
1199,20_epo,86.0,149.21731930715384,fechner
1200,20_epo,87.0,149.21731930715384,fechner
1201,20_epo,88.0,149.21731930715384,fechner
1202,20_epo,89.0,149.21731930715384,fechner
1203,20_epo,90.0,149.21731930715384,fechner
1204,20_epo,91.0,149.21731930715384,fechner
1205,20_epo,92.0,149.21731930715384,fechner
1206,20_epo,93.0,149.21731930715384,fechner
1207,20_epo,94.0,149.21731930715384,fechner
1208,20_epo,95.0,149.21731930715384,fechner
1209,21_epo,3.0,154.05535955740515,fechner
1210,21_epo,4.0,154.05535955740515,fechner
1211,21_epo,5.0,154.05535955740515,fechner
1212,21_epo,6.0,154.05535955740515,fechner
1213,21_epo,7.000000000000001,154.05535955740515,fechner
1214,21_epo,8.0,154.05535955740515,fechner
1215,21_epo,9.0,154.05535955740515,fechner
1216,21_epo,10.0,154.05535955740515,fechner
1217,21_epo,11.0,154.05535955740515,fechner
1218,21_epo,12.0,154.05535955740515,fechner
1219,21_epo,13.0,154.05535955740515,fechner
1220,21_epo,14.000000000000002,154.05535955740515,fechner
1221,21_epo,15.0,154.05535955740515,fechner
1222,21_epo,16.0,154.05535955740515,fechner
1223,21_epo,17.0,154.05535955740515,fechner
1224,21_epo,18.0,154.05535955740515,fechner
1225,21_epo,19.0,154.05535955740515,fechner
1226,21_epo,20.0,154.05535955740515,fechner
1227,21_epo,21.0,154.05535955740515,fechner
1228,21_epo,22.0,154.05535955740515,fechner
1229,21_epo,23.0,154.05535955740515,fechner
1230,21_epo,24.0,154.05535955740515,fechner
1231,21_epo,25.0,154.05535955740515,fechner
1232,21_epo,26.0,154.05535955740515,fechner
1233,21_epo,27.0,154.05535955740515,fechner
1234,21_epo,28.000000000000004,154.05535955740515,fechner
1235,21_epo,28.999999999999996,154.05535955740515,fechner
1236,21_epo,30.0,154.05535955740515,fechner
1237,21_epo,31.0,154.05535955740515,fechner
1238,21_epo,32.0,154.05535955740515,fechner
1239,21_epo,33.0,154.05535955740515,fechner
1240,21_epo,34.0,154.05535955740515,fechner
1241,21_epo,35.0,154.05535955740515,fechner
1242,21_epo,36.0,154.05535955740515,fechner
1243,21_epo,37.0,154.05535955740515,fechner
1244,21_epo,38.0,154.05535955740515,fechner
1245,21_epo,39.0,154.05535955740515,fechner
1246,21_epo,40.0,154.05535955740515,fechner
1247,21_epo,41.0,154.05535955740515,fechner
1248,21_epo,42.0,154.05535955740515,fechner
1249,21_epo,43.0,154.05535955740515,fechner
1250,21_epo,44.0,154.05535955740515,fechner
1251,21_epo,45.0,154.05535955740515,fechner
1252,21_epo,46.0,154.05535955740515,fechner
1253,21_epo,47.0,154.05535955740515,fechner
1254,21_epo,48.0,154.05535955740515,fechner
1255,21_epo,49.0,154.05535955740515,fechner
1256,21_epo,50.0,154.05535955740515,fechner
1257,21_epo,51.0,154.05535955740515,fechner
1258,21_epo,52.0,154.05535955740515,fechner
1259,21_epo,53.0,154.05535955740515,fechner
1260,21_epo,54.0,154.05535955740515,fechner
1261,21_epo,55.00000000000001,154.05535955740515,fechner
1262,21_epo,56.00000000000001,154.05535955740515,fechner
1263,21_epo,56.99999999999999,154.05535955740515,fechner
1264,21_epo,57.99999999999999,154.05535955740515,fechner
1265,21_epo,59.0,154.05535955740515,fechner
1266,21_epo,60.0,154.05535955740515,fechner
1267,21_epo,61.0,154.05535955740515,fechner
1268,21_epo,62.0,154.05535955740515,fechner
1269,21_epo,63.0,154.05535955740515,fechner
1270,21_epo,64.0,154.05535955740515,fechner
1271,21_epo,65.0,154.05535955740515,fechner
1272,21_epo,66.0,154.05535955740515,fechner
1273,21_epo,67.0,154.05535955740515,fechner
1274,21_epo,68.0,154.05535955740515,fechner
1275,21_epo,69.0,154.05535955740515,fechner
1276,21_epo,70.0,154.05535955740515,fechner
1277,21_epo,71.0,154.05535955740515,fechner
1278,21_epo,72.0,154.05535955740515,fechner
1279,21_epo,73.0,154.05535955740515,fechner
1280,21_epo,74.0,154.05535955740515,fechner
1281,21_epo,75.0,154.05535955740515,fechner
1282,21_epo,76.0,154.05535955740515,fechner
1283,21_epo,77.0,154.05535955740515,fechner
1284,21_epo,78.0,154.05535955740515,fechner
1285,21_epo,79.0,154.05535955740515,fechner
1286,21_epo,80.0,154.05535955740515,fechner
1287,21_epo,81.0,154.05535955740515,fechner
1288,21_epo,82.0,154.05535955740515,fechner
1289,21_epo,83.0,154.05535955740515,fechner
1290,21_epo,84.0,154.05535955740515,fechner
1291,21_epo,85.0,154.05535955740515,fechner
1292,21_epo,86.0,154.05535955740515,fechner
1293,21_epo,87.0,154.05535955740515,fechner
1294,21_epo,88.0,154.05535955740515,fechner
1295,21_epo,89.0,154.05535955740515,fechner
1296,21_epo,90.0,154.05535955740515,fechner
1297,21_epo,91.0,154.05535955740515,fechner
1298,21_epo,92.0,154.05535955740515,fechner
1299,21_epo,93.0,154.05535955740515,fechner
1300,21_epo,94.0,154.05535955740515,fechner
1301,21_epo,95.0,154.05535955740515,fechner
1302,22_epo,3.0,155.73010351398733,fechner
1303,22_epo,4.0,155.73010351398733,fechner
1304,22_epo,5.0,155.73010351398733,fechner
1305,22_epo,6.0,155.73010351398733,fechner
1306,22_epo,7.000000000000001,155.73010351398733,fechner
1307,22_epo,8.0,155.73010351398733,fechner
1308,22_epo,9.0,155.73010351398733,fechner
1309,22_epo,10.0,155.73010351398733,fechner
1310,22_epo,11.0,155.73010351398733,fechner
1311,22_epo,12.0,155.73010351398733,fechner
1312,22_epo,13.0,155.73010351398733,fechner
1313,22_epo,14.000000000000002,155.73010351398733,fechner
1314,22_epo,15.0,155.73010351398733,fechner
1315,22_epo,16.0,155.73010351398733,fechner
1316,22_epo,17.0,155.73010351398733,fechner
1317,22_epo,18.0,155.73010351398733,fechner
1318,22_epo,19.0,155.73010351398733,fechner
1319,22_epo,20.0,155.73010351398733,fechner
1320,22_epo,21.0,155.73010351398733,fechner
1321,22_epo,22.0,155.73010351398733,fechner
1322,22_epo,23.0,155.73010351398733,fechner
1323,22_epo,24.0,155.73010351398733,fechner
1324,22_epo,25.0,155.73010351398733,fechner
1325,22_epo,26.0,155.73010351398733,fechner
1326,22_epo,27.0,155.73010351398733,fechner
1327,22_epo,28.000000000000004,155.73010351398733,fechner
1328,22_epo,28.999999999999996,155.73010351398733,fechner
1329,22_epo,30.0,155.73010351398733,fechner
1330,22_epo,31.0,155.73010351398733,fechner
1331,22_epo,32.0,155.73010351398733,fechner
1332,22_epo,33.0,155.73010351398733,fechner
1333,22_epo,34.0,155.73010351398733,fechner
1334,22_epo,35.0,155.73010351398733,fechner
1335,22_epo,36.0,155.73010351398733,fechner
1336,22_epo,37.0,155.73010351398733,fechner
1337,22_epo,38.0,155.73010351398733,fechner
1338,22_epo,39.0,155.73010351398733,fechner
1339,22_epo,40.0,155.73010351398733,fechner
1340,22_epo,41.0,155.73010351398733,fechner
1341,22_epo,42.0,155.73010351398733,fechner
1342,22_epo,43.0,155.73010351398733,fechner
1343,22_epo,44.0,155.73010351398733,fechner
1344,22_epo,45.0,155.73010351398733,fechner
1345,22_epo,46.0,155.73010351398733,fechner
1346,22_epo,47.0,155.73010351398733,fechner
1347,22_epo,48.0,155.73010351398733,fechner
1348,22_epo,49.0,155.73010351398733,fechner
1349,22_epo,50.0,155.73010351398733,fechner
1350,22_epo,51.0,155.73010351398733,fechner
1351,22_epo,52.0,155.73010351398733,fechner
1352,22_epo,53.0,155.73010351398733,fechner
1353,22_epo,54.0,155.73010351398733,fechner
1354,22_epo,55.00000000000001,155.73010351398733,fechner
1355,22_epo,56.00000000000001,155.73010351398733,fechner
1356,22_epo,56.99999999999999,155.73010351398733,fechner
1357,22_epo,57.99999999999999,155.73010351398733,fechner
1358,22_epo,59.0,155.73010351398733,fechner
1359,22_epo,60.0,155.73010351398733,fechner
1360,22_epo,61.0,155.73010351398733,fechner
1361,22_epo,62.0,155.73010351398733,fechner
1362,22_epo,63.0,155.73010351398733,fechner
1363,22_epo,64.0,155.73010351398733,fechner
1364,22_epo,65.0,155.73010351398733,fechner
1365,22_epo,66.0,155.73010351398733,fechner
1366,22_epo,67.0,155.73010351398733,fechner
1367,22_epo,68.0,155.73010351398733,fechner
1368,22_epo,69.0,155.73010351398733,fechner
1369,22_epo,70.0,155.73010351398733,fechner
1370,22_epo,71.0,155.73010351398733,fechner
1371,22_epo,72.0,155.73010351398733,fechner
1372,22_epo,73.0,155.73010351398733,fechner
1373,22_epo,74.0,155.73010351398733,fechner
1374,22_epo,75.0,155.73010351398733,fechner
1375,22_epo,76.0,155.73010351398733,fechner
1376,22_epo,77.0,155.73010351398733,fechner
1377,22_epo,78.0,155.73010351398733,fechner
1378,22_epo,79.0,155.73010351398733,fechner
1379,22_epo,80.0,155.73010351398733,fechner
1380,22_epo,81.0,155.73010351398733,fechner
1381,22_epo,82.0,155.73010351398733,fechner
1382,22_epo,83.0,155.73010351398733,fechner
1383,22_epo,84.0,155.73010351398733,fechner
1384,22_epo,85.0,155.73010351398733,fechner
1385,22_epo,86.0,155.73010351398733,fechner
1386,22_epo,87.0,155.73010351398733,fechner
1387,22_epo,88.0,155.73010351398733,fechner
1388,22_epo,89.0,155.73010351398733,fechner
1389,22_epo,90.0,155.73010351398733,fechner
1390,22_epo,91.0,155.73010351398733,fechner
1391,22_epo,92.0,155.73010351398733,fechner
1392,22_epo,93.0,155.73010351398733,fechner
1393,22_epo,94.0,155.73010351398733,fechner
1394,22_epo,95.0,155.73010351398733,fechner
1395,23_epo,3.0,141.76374115846315,fechner
1396,23_epo,4.0,141.76374115846315,fechner
1397,23_epo,5.0,141.76374115846315,fechner
1398,23_epo,6.0,141.76374115846315,fechner
1399,23_epo,7.000000000000001,141.76374115846315,fechner
1400,23_epo,8.0,141.76374115846315,fechner
1401,23_epo,9.0,141.76374115846315,fechner
1402,23_epo,10.0,141.76374115846315,fechner
1403,23_epo,11.0,141.76374115846315,fechner
1404,23_epo,12.0,141.76374115846315,fechner
1405,23_epo,13.0,141.76374115846315,fechner
1406,23_epo,14.000000000000002,141.76374115846315,fechner
1407,23_epo,15.0,141.76374115846315,fechner
1408,23_epo,16.0,141.76374115846315,fechner
1409,23_epo,17.0,141.76374115846315,fechner
1410,23_epo,18.0,141.76374115846315,fechner
1411,23_epo,19.0,141.76374115846315,fechner
1412,23_epo,20.0,141.76374115846315,fechner
1413,23_epo,21.0,141.76374115846315,fechner
1414,23_epo,22.0,141.76374115846315,fechner
1415,23_epo,23.0,141.76374115846315,fechner
1416,23_epo,24.0,141.76374115846315,fechner
1417,23_epo,25.0,141.76374115846315,fechner
1418,23_epo,26.0,141.76374115846315,fechner
1419,23_epo,27.0,141.76374115846315,fechner
1420,23_epo,28.000000000000004,141.76374115846315,fechner
1421,23_epo,28.999999999999996,141.76374115846315,fechner
1422,23_epo,30.0,141.76374115846315,fechner
1423,23_epo,31.0,141.76374115846315,fechner
1424,23_epo,32.0,141.76374115846315,fechner
1425,23_epo,33.0,141.76374115846315,fechner
1426,23_epo,34.0,141.76374115846315,fechner
1427,23_epo,35.0,141.76374115846315,fechner
1428,23_epo,36.0,141.76374115846315,fechner
1429,23_epo,37.0,141.76374115846315,fechner
1430,23_epo,38.0,141.76374115846315,fechner
1431,23_epo,39.0,141.76374115846315,fechner
1432,23_epo,40.0,141.76374115846315,fechner
1433,23_epo,41.0,141.76374115846315,fechner
1434,23_epo,42.0,141.76374115846315,fechner
1435,23_epo,43.0,141.76374115846315,fechner
1436,23_epo,44.0,141.76374115846315,fechner
1437,23_epo,45.0,141.76374115846315,fechner
1438,23_epo,46.0,141.76374115846315,fechner
1439,23_epo,47.0,141.76374115846315,fechner
1440,23_epo,48.0,141.76374115846315,fechner
1441,23_epo,49.0,141.76374115846315,fechner
1442,23_epo,50.0,141.76374115846315,fechner
1443,23_epo,51.0,141.76374115846315,fechner
1444,23_epo,52.0,141.76374115846315,fechner
1445,23_epo,53.0,141.76374115846315,fechner
1446,23_epo,54.0,141.76374115846315,fechner
1447,23_epo,55.00000000000001,141.76374115846315,fechner
1448,23_epo,56.00000000000001,141.76374115846315,fechner
1449,23_epo,56.99999999999999,141.76374115846315,fechner
1450,23_epo,57.99999999999999,141.76374115846315,fechner
1451,23_epo,59.0,141.76374115846315,fechner
1452,23_epo,60.0,141.76374115846315,fechner
1453,23_epo,61.0,141.76374115846315,fechner
1454,23_epo,62.0,141.76374115846315,fechner
1455,23_epo,63.0,141.76374115846315,fechner
1456,23_epo,64.0,141.76374115846315,fechner
1457,23_epo,65.0,141.76374115846315,fechner
1458,23_epo,66.0,141.76374115846315,fechner
1459,23_epo,67.0,141.76374115846315,fechner
1460,23_epo,68.0,141.76374115846315,fechner
1461,23_epo,69.0,141.76374115846315,fechner
1462,23_epo,70.0,141.76374115846315,fechner
1463,23_epo,71.0,141.76374115846315,fechner
1464,23_epo,72.0,141.76374115846315,fechner
1465,23_epo,73.0,141.76374115846315,fechner
1466,23_epo,74.0,141.76374115846315,fechner
1467,23_epo,75.0,141.76374115846315,fechner
1468,23_epo,76.0,141.76374115846315,fechner
1469,23_epo,77.0,141.76374115846315,fechner
1470,23_epo,78.0,141.76374115846315,fechner
1471,23_epo,79.0,141.76374115846315,fechner
1472,23_epo,80.0,141.76374115846315,fechner
1473,23_epo,81.0,141.76374115846315,fechner
1474,23_epo,82.0,141.76374115846315,fechner
1475,23_epo,83.0,141.76374115846315,fechner
1476,23_epo,84.0,141.76374115846315,fechner
1477,23_epo,85.0,141.76374115846315,fechner
1478,23_epo,86.0,141.76374115846315,fechner
1479,23_epo,87.0,141.76374115846315,fechner
1480,23_epo,88.0,141.76374115846315,fechner
1481,23_epo,89.0,141.76374115846315,fechner
1482,23_epo,90.0,141.76374115846315,fechner
1483,23_epo,91.0,141.76374115846315,fechner
1484,23_epo,92.0,141.76374115846315,fechner
1485,23_epo,93.0,141.76374115846315,fechner
1486,23_epo,94.0,141.76374115846315,fechner
1487,23_epo,95.0,141.76374115846315,fechner
1488,24_epo,3.0,141.1150568195949,fechner
1489,24_epo,4.0,141.11505681959684,fechner
1490,24_epo,5.0,141.11505681959736,fechner
1491,24_epo,6.0,141.11505681959758,fechner
1492,24_epo,7.000000000000001,141.1150568195977,fechner
1493,24_epo,8.0,141.11505681959775,fechner
1494,24_epo,9.0,141.1150568195978,fechner
1495,24_epo,10.0,141.11505681959784,fechner
1496,24_epo,11.0,141.11505681959787,fechner
1497,24_epo,12.0,141.1150568195979,fechner
1498,24_epo,13.0,141.1150568195979,fechner
1499,24_epo,14.000000000000002,141.11505681959792,fechner
1500,24_epo,15.0,141.11505681959792,fechner
1501,24_epo,16.0,141.11505681959792,fechner
1502,24_epo,17.0,141.11505681959792,fechner
1503,24_epo,18.0,141.11505681959795,fechner
1504,24_epo,19.0,141.11505681959795,fechner
1505,24_epo,20.0,141.11505681959795,fechner
1506,24_epo,21.0,141.11505681959795,fechner
1507,24_epo,22.0,141.11505681959795,fechner
1508,24_epo,23.0,141.11505681959795,fechner
1509,24_epo,24.0,141.11505681959795,fechner
1510,24_epo,25.0,141.11505681959795,fechner
1511,24_epo,26.0,141.11505681959795,fechner
1512,24_epo,27.0,141.11505681959795,fechner
1513,24_epo,28.000000000000004,141.11505681959795,fechner
1514,24_epo,28.999999999999996,141.11505681959798,fechner
1515,24_epo,30.0,141.11505681959798,fechner
1516,24_epo,31.0,141.11505681959798,fechner
1517,24_epo,32.0,141.11505681959798,fechner
1518,24_epo,33.0,141.11505681959798,fechner
1519,24_epo,34.0,141.11505681959798,fechner
1520,24_epo,35.0,141.11505681959798,fechner
1521,24_epo,36.0,141.11505681959798,fechner
1522,24_epo,37.0,141.11505681959798,fechner
1523,24_epo,38.0,141.11505681959798,fechner
1524,24_epo,39.0,141.11505681959798,fechner
1525,24_epo,40.0,141.11505681959798,fechner
1526,24_epo,41.0,141.11505681959798,fechner
1527,24_epo,42.0,141.11505681959798,fechner
1528,24_epo,43.0,141.11505681959798,fechner
1529,24_epo,44.0,141.11505681959798,fechner
1530,24_epo,45.0,141.11505681959798,fechner
1531,24_epo,46.0,141.11505681959798,fechner
1532,24_epo,47.0,141.11505681959798,fechner
1533,24_epo,48.0,141.11505681959798,fechner
1534,24_epo,49.0,141.11505681959798,fechner
1535,24_epo,50.0,141.11505681959798,fechner
1536,24_epo,51.0,141.11505681959798,fechner
1537,24_epo,52.0,141.11505681959798,fechner
1538,24_epo,53.0,141.11505681959798,fechner
1539,24_epo,54.0,141.11505681959798,fechner
1540,24_epo,55.00000000000001,141.11505681959798,fechner
1541,24_epo,56.00000000000001,141.11505681959798,fechner
1542,24_epo,56.99999999999999,141.11505681959798,fechner
1543,24_epo,57.99999999999999,141.11505681959798,fechner
1544,24_epo,59.0,141.11505681959798,fechner
1545,24_epo,60.0,141.11505681959798,fechner
1546,24_epo,61.0,141.11505681959798,fechner
1547,24_epo,62.0,141.11505681959798,fechner
1548,24_epo,63.0,141.11505681959798,fechner
1549,24_epo,64.0,141.11505681959798,fechner
1550,24_epo,65.0,141.11505681959798,fechner
1551,24_epo,66.0,141.11505681959798,fechner
1552,24_epo,67.0,141.11505681959798,fechner
1553,24_epo,68.0,141.11505681959798,fechner
1554,24_epo,69.0,141.11505681959798,fechner
1555,24_epo,70.0,141.11505681959798,fechner
1556,24_epo,71.0,141.11505681959798,fechner
1557,24_epo,72.0,141.11505681959798,fechner
1558,24_epo,73.0,141.11505681959798,fechner
1559,24_epo,74.0,141.11505681959798,fechner
1560,24_epo,75.0,141.11505681959798,fechner
1561,24_epo,76.0,141.11505681959798,fechner
1562,24_epo,77.0,141.11505681959798,fechner
1563,24_epo,78.0,141.11505681959798,fechner
1564,24_epo,79.0,141.11505681959798,fechner
1565,24_epo,80.0,141.11505681959798,fechner
1566,24_epo,81.0,141.11505681959798,fechner
1567,24_epo,82.0,141.11505681959798,fechner
1568,24_epo,83.0,141.11505681959798,fechner
1569,24_epo,84.0,141.11505681959798,fechner
1570,24_epo,85.0,141.11505681959798,fechner
1571,24_epo,86.0,141.11505681959798,fechner
1572,24_epo,87.0,141.11505681959798,fechner
1573,24_epo,88.0,141.11505681959798,fechner
1574,24_epo,89.0,141.11505681959798,fechner
1575,24_epo,90.0,141.11505681959798,fechner
1576,24_epo,91.0,141.11505681959798,fechner
1577,24_epo,92.0,141.11505681959798,fechner
1578,24_epo,93.0,141.11505681959798,fechner
1579,24_epo,94.0,141.11505681959798,fechner
1580,24_epo,95.0,141.11505681959798,fechner
1581,25_epo,3.0,193.47178523748235,fechner
1582,25_epo,4.0,193.47178523748235,fechner
1583,25_epo,5.0,193.47178523748238,fechner
1584,25_epo,6.0,193.47178523748238,fechner
1585,25_epo,7.000000000000001,193.47178523748238,fechner
1586,25_epo,8.0,193.47178523748238,fechner
1587,25_epo,9.0,193.47178523748238,fechner
1588,25_epo,10.0,193.47178523748238,fechner
1589,25_epo,11.0,193.47178523748238,fechner
1590,25_epo,12.0,193.47178523748238,fechner
1591,25_epo,13.0,193.47178523748238,fechner
1592,25_epo,14.000000000000002,193.47178523748238,fechner
1593,25_epo,15.0,193.47178523748238,fechner
1594,25_epo,16.0,193.47178523748238,fechner
1595,25_epo,17.0,193.47178523748238,fechner
1596,25_epo,18.0,193.47178523748238,fechner
1597,25_epo,19.0,193.47178523748238,fechner
1598,25_epo,20.0,193.47178523748238,fechner
1599,25_epo,21.0,193.47178523748238,fechner
1600,25_epo,22.0,193.47178523748238,fechner
1601,25_epo,23.0,193.47178523748238,fechner
1602,25_epo,24.0,193.47178523748238,fechner
1603,25_epo,25.0,193.47178523748238,fechner
1604,25_epo,26.0,193.47178523748238,fechner
1605,25_epo,27.0,193.47178523748238,fechner
1606,25_epo,28.000000000000004,193.47178523748238,fechner
1607,25_epo,28.999999999999996,193.47178523748238,fechner
1608,25_epo,30.0,193.47178523748238,fechner
1609,25_epo,31.0,193.47178523748238,fechner
1610,25_epo,32.0,193.47178523748238,fechner
1611,25_epo,33.0,193.47178523748238,fechner
1612,25_epo,34.0,193.47178523748238,fechner
1613,25_epo,35.0,193.47178523748238,fechner
1614,25_epo,36.0,193.47178523748238,fechner
1615,25_epo,37.0,193.47178523748238,fechner
1616,25_epo,38.0,193.47178523748238,fechner
1617,25_epo,39.0,193.47178523748238,fechner
1618,25_epo,40.0,193.47178523748238,fechner
1619,25_epo,41.0,193.47178523748238,fechner
1620,25_epo,42.0,193.47178523748238,fechner
1621,25_epo,43.0,193.47178523748238,fechner
1622,25_epo,44.0,193.47178523748238,fechner
1623,25_epo,45.0,193.47178523748238,fechner
1624,25_epo,46.0,193.47178523748238,fechner
1625,25_epo,47.0,193.47178523748238,fechner
1626,25_epo,48.0,193.47178523748238,fechner
1627,25_epo,49.0,193.47178523748238,fechner
1628,25_epo,50.0,193.47178523748238,fechner
1629,25_epo,51.0,193.47178523748238,fechner
1630,25_epo,52.0,193.47178523748238,fechner
1631,25_epo,53.0,193.47178523748238,fechner
1632,25_epo,54.0,193.47178523748238,fechner
1633,25_epo,55.00000000000001,193.47178523748238,fechner
1634,25_epo,56.00000000000001,193.47178523748238,fechner
1635,25_epo,56.99999999999999,193.47178523748238,fechner
1636,25_epo,57.99999999999999,193.47178523748238,fechner
1637,25_epo,59.0,193.47178523748238,fechner
1638,25_epo,60.0,193.47178523748238,fechner
1639,25_epo,61.0,193.47178523748238,fechner
1640,25_epo,62.0,193.47178523748238,fechner
1641,25_epo,63.0,193.47178523748238,fechner
1642,25_epo,64.0,193.47178523748238,fechner
1643,25_epo,65.0,193.47178523748238,fechner
1644,25_epo,66.0,193.47178523748238,fechner
1645,25_epo,67.0,193.47178523748238,fechner
1646,25_epo,68.0,193.47178523748238,fechner
1647,25_epo,69.0,193.47178523748238,fechner
1648,25_epo,70.0,193.47178523748238,fechner
1649,25_epo,71.0,193.47178523748238,fechner
1650,25_epo,72.0,193.47178523748238,fechner
1651,25_epo,73.0,193.47178523748238,fechner
1652,25_epo,74.0,193.47178523748238,fechner
1653,25_epo,75.0,193.47178523748238,fechner
1654,25_epo,76.0,193.47178523748238,fechner
1655,25_epo,77.0,193.47178523748238,fechner
1656,25_epo,78.0,193.47178523748238,fechner
1657,25_epo,79.0,193.47178523748238,fechner
1658,25_epo,80.0,193.47178523748238,fechner
1659,25_epo,81.0,193.47178523748238,fechner
1660,25_epo,82.0,193.47178523748238,fechner
1661,25_epo,83.0,193.47178523748238,fechner
1662,25_epo,84.0,193.47178523748238,fechner
1663,25_epo,85.0,193.47178523748238,fechner
1664,25_epo,86.0,193.47178523748238,fechner
1665,25_epo,87.0,193.47178523748238,fechner
1666,25_epo,88.0,193.47178523748238,fechner
1667,25_epo,89.0,193.47178523748238,fechner
1668,25_epo,90.0,193.47178523748238,fechner
1669,25_epo,91.0,193.47178523748238,fechner
1670,25_epo,92.0,193.47178523748238,fechner
1671,25_epo,93.0,193.47178523748238,fechner
1672,25_epo,94.0,193.47178523748238,fechner
1673,25_epo,95.0,193.47178523748238,fechner
1674,2_epo,3.0,162.41067377603449,fechner
1675,2_epo,4.0,162.41067377603449,fechner
1676,2_epo,5.0,162.41067377603449,fechner
1677,2_epo,6.0,162.41067377603449,fechner
1678,2_epo,7.000000000000001,162.41067377603449,fechner
1679,2_epo,8.0,162.41067377603449,fechner
1680,2_epo,9.0,162.41067377603449,fechner
1681,2_epo,10.0,162.41067377603449,fechner
1682,2_epo,11.0,162.41067377603449,fechner
1683,2_epo,12.0,162.41067377603449,fechner
1684,2_epo,13.0,162.41067377603449,fechner
1685,2_epo,14.000000000000002,162.41067377603449,fechner
1686,2_epo,15.0,162.41067377603449,fechner
1687,2_epo,16.0,162.41067377603449,fechner
1688,2_epo,17.0,162.41067377603449,fechner
1689,2_epo,18.0,162.41067377603449,fechner
1690,2_epo,19.0,162.41067377603449,fechner
1691,2_epo,20.0,162.41067377603449,fechner
1692,2_epo,21.0,162.41067377603449,fechner
1693,2_epo,22.0,162.41067377603449,fechner
1694,2_epo,23.0,162.41067377603449,fechner
1695,2_epo,24.0,162.41067377603449,fechner
1696,2_epo,25.0,162.41067377603449,fechner
1697,2_epo,26.0,162.41067377603449,fechner
1698,2_epo,27.0,162.41067377603449,fechner
1699,2_epo,28.000000000000004,162.41067377603449,fechner
1700,2_epo,28.999999999999996,162.41067377603449,fechner
1701,2_epo,30.0,162.41067377603449,fechner
1702,2_epo,31.0,162.41067377603449,fechner
1703,2_epo,32.0,162.41067377603449,fechner
1704,2_epo,33.0,162.41067377603449,fechner
1705,2_epo,34.0,162.41067377603449,fechner
1706,2_epo,35.0,162.41067377603449,fechner
1707,2_epo,36.0,162.41067377603449,fechner
1708,2_epo,37.0,162.41067377603449,fechner
1709,2_epo,38.0,162.41067377603449,fechner
1710,2_epo,39.0,162.41067377603449,fechner
1711,2_epo,40.0,162.41067377603449,fechner
1712,2_epo,41.0,162.41067377603449,fechner
1713,2_epo,42.0,162.41067377603449,fechner
1714,2_epo,43.0,162.41067377603449,fechner
1715,2_epo,44.0,162.41067377603449,fechner
1716,2_epo,45.0,162.41067377603449,fechner
1717,2_epo,46.0,162.41067377603449,fechner
1718,2_epo,47.0,162.41067377603449,fechner
1719,2_epo,48.0,162.41067377603449,fechner
1720,2_epo,49.0,162.41067377603449,fechner
1721,2_epo,50.0,162.41067377603449,fechner
1722,2_epo,51.0,162.41067377603449,fechner
1723,2_epo,52.0,162.41067377603449,fechner
1724,2_epo,53.0,162.41067377603449,fechner
1725,2_epo,54.0,162.41067377603449,fechner
1726,2_epo,55.00000000000001,162.41067377603449,fechner
1727,2_epo,56.00000000000001,162.41067377603449,fechner
1728,2_epo,56.99999999999999,162.41067377603449,fechner
1729,2_epo,57.99999999999999,162.41067377603449,fechner
1730,2_epo,59.0,162.41067377603449,fechner
1731,2_epo,60.0,162.41067377603449,fechner
1732,2_epo,61.0,162.41067377603449,fechner
1733,2_epo,62.0,162.41067377603449,fechner
1734,2_epo,63.0,162.41067377603449,fechner
1735,2_epo,64.0,162.41067377603449,fechner
1736,2_epo,65.0,162.41067377603449,fechner
1737,2_epo,66.0,162.41067377603449,fechner
1738,2_epo,67.0,162.41067377603449,fechner
1739,2_epo,68.0,162.41067377603449,fechner
1740,2_epo,69.0,162.41067377603449,fechner
1741,2_epo,70.0,162.41067377603449,fechner
1742,2_epo,71.0,162.41067377603449,fechner
1743,2_epo,72.0,162.41067377603449,fechner
1744,2_epo,73.0,162.41067377603449,fechner
1745,2_epo,74.0,162.41067377603449,fechner
1746,2_epo,75.0,162.41067377603449,fechner
1747,2_epo,76.0,162.41067377603449,fechner
1748,2_epo,77.0,162.41067377603449,fechner
1749,2_epo,78.0,162.41067377603449,fechner
1750,2_epo,79.0,162.41067377603449,fechner
1751,2_epo,80.0,162.41067377603449,fechner
1752,2_epo,81.0,162.41067377603449,fechner
1753,2_epo,82.0,162.41067377603449,fechner
1754,2_epo,83.0,162.41067377603449,fechner
1755,2_epo,84.0,162.41067377603449,fechner
1756,2_epo,85.0,162.41067377603449,fechner
1757,2_epo,86.0,162.41067377603449,fechner
1758,2_epo,87.0,162.41067377603449,fechner
1759,2_epo,88.0,162.41067377603449,fechner
1760,2_epo,89.0,162.41067377603449,fechner
1761,2_epo,90.0,162.41067377603449,fechner
1762,2_epo,91.0,162.41067377603449,fechner
1763,2_epo,92.0,162.41067377603449,fechner
1764,2_epo,93.0,162.41067377603449,fechner
1765,2_epo,94.0,162.41067377603449,fechner
1766,2_epo,95.0,162.41067377603449,fechner
1767,3_epo,3.0,188.73429189179518,fechner
1768,3_epo,4.0,188.73429189192908,fechner
1769,3_epo,5.0,188.73429189196418,fechner
1770,3_epo,6.0,188.7342918919798,fechner
1771,3_epo,7.000000000000001,188.7342918919883,fechner
1772,3_epo,8.0,188.73429189199354,fechner
1773,3_epo,9.0,188.73429189199697,fechner
1774,3_epo,10.0,188.73429189199936,fechner
1775,3_epo,11.0,188.73429189200112,fechner
1776,3_epo,12.0,188.7342918920024,fechner
1777,3_epo,13.0,188.73429189200345,fechner
1778,3_epo,14.000000000000002,188.73429189200422,fechner
1779,3_epo,15.0,188.73429189200485,fechner
1780,3_epo,16.0,188.7342918920054,fechner
1781,3_epo,17.0,188.7342918920058,fechner
1782,3_epo,18.0,188.73429189200615,fechner
1783,3_epo,19.0,188.73429189200647,fechner
1784,3_epo,20.0,188.73429189200672,fechner
1785,3_epo,21.0,188.73429189200695,fechner
1786,3_epo,22.0,188.73429189200712,fechner
1787,3_epo,23.0,188.7342918920073,fechner
1788,3_epo,24.0,188.73429189200743,fechner
1789,3_epo,25.0,188.73429189200758,fechner
1790,3_epo,26.0,188.7342918920077,fechner
1791,3_epo,27.0,188.7342918920078,fechner
1792,3_epo,28.000000000000004,188.7342918920079,fechner
1793,3_epo,28.999999999999996,188.73429189200797,fechner
1794,3_epo,30.0,188.73429189200806,fechner
1795,3_epo,31.0,188.73429189200812,fechner
1796,3_epo,32.0,188.73429189200817,fechner
1797,3_epo,33.0,188.73429189200823,fechner
1798,3_epo,34.0,188.73429189200826,fechner
1799,3_epo,35.0,188.7342918920083,fechner
1800,3_epo,36.0,188.73429189200834,fechner
1801,3_epo,37.0,188.73429189200837,fechner
1802,3_epo,38.0,188.73429189200843,fechner
1803,3_epo,39.0,188.73429189200846,fechner
1804,3_epo,40.0,188.73429189200849,fechner
1805,3_epo,41.0,188.7342918920085,fechner
1806,3_epo,42.0,188.73429189200854,fechner
1807,3_epo,43.0,188.73429189200857,fechner
1808,3_epo,44.0,188.7342918920086,fechner
1809,3_epo,45.0,188.7342918920086,fechner
1810,3_epo,46.0,188.73429189200863,fechner
1811,3_epo,47.0,188.73429189200866,fechner
1812,3_epo,48.0,188.73429189200866,fechner
1813,3_epo,49.0,188.73429189200868,fechner
1814,3_epo,50.0,188.73429189200868,fechner
1815,3_epo,51.0,188.7342918920087,fechner
1816,3_epo,52.0,188.73429189200874,fechner
1817,3_epo,53.0,188.73429189200874,fechner
1818,3_epo,54.0,188.73429189200874,fechner
1819,3_epo,55.00000000000001,188.73429189200877,fechner
1820,3_epo,56.00000000000001,188.73429189200877,fechner
1821,3_epo,56.99999999999999,188.7342918920088,fechner
1822,3_epo,57.99999999999999,188.7342918920088,fechner
1823,3_epo,59.0,188.7342918920088,fechner
1824,3_epo,60.0,188.73429189200883,fechner
1825,3_epo,61.0,188.73429189200883,fechner
1826,3_epo,62.0,188.73429189200883,fechner
1827,3_epo,63.0,188.73429189200886,fechner
1828,3_epo,64.0,188.73429189200886,fechner
1829,3_epo,65.0,188.73429189200886,fechner
1830,3_epo,66.0,188.73429189200886,fechner
1831,3_epo,67.0,188.73429189200886,fechner
1832,3_epo,68.0,188.73429189200888,fechner
1833,3_epo,69.0,188.73429189200888,fechner
1834,3_epo,70.0,188.73429189200888,fechner
1835,3_epo,71.0,188.73429189200888,fechner
1836,3_epo,72.0,188.73429189200888,fechner
1837,3_epo,73.0,188.7342918920089,fechner
1838,3_epo,74.0,188.7342918920089,fechner
1839,3_epo,75.0,188.7342918920089,fechner
1840,3_epo,76.0,188.7342918920089,fechner
1841,3_epo,77.0,188.7342918920089,fechner
1842,3_epo,78.0,188.7342918920089,fechner
1843,3_epo,79.0,188.73429189200894,fechner
1844,3_epo,80.0,188.73429189200894,fechner
1845,3_epo,81.0,188.73429189200894,fechner
1846,3_epo,82.0,188.73429189200894,fechner
1847,3_epo,83.0,188.73429189200894,fechner
1848,3_epo,84.0,188.73429189200894,fechner
1849,3_epo,85.0,188.73429189200894,fechner
1850,3_epo,86.0,188.73429189200894,fechner
1851,3_epo,87.0,188.73429189200897,fechner
1852,3_epo,88.0,188.73429189200897,fechner
1853,3_epo,89.0,188.73429189200897,fechner
1854,3_epo,90.0,188.73429189200897,fechner
1855,3_epo,91.0,188.73429189200897,fechner
1856,3_epo,92.0,188.73429189200897,fechner
1857,3_epo,93.0,188.73429189200897,fechner
1858,3_epo,94.0,188.73429189200897,fechner
1859,3_epo,95.0,188.73429189200897,fechner
1860,4_epo,3.0,153.55567213596404,fechner
1861,4_epo,4.0,153.55567213596404,fechner
1862,4_epo,5.0,153.55567213596404,fechner
1863,4_epo,6.0,153.55567213596404,fechner
1864,4_epo,7.000000000000001,153.55567213596404,fechner
1865,4_epo,8.0,153.55567213596404,fechner
1866,4_epo,9.0,153.55567213596404,fechner
1867,4_epo,10.0,153.55567213596404,fechner
1868,4_epo,11.0,153.55567213596404,fechner
1869,4_epo,12.0,153.55567213596404,fechner
1870,4_epo,13.0,153.55567213596404,fechner
1871,4_epo,14.000000000000002,153.55567213596404,fechner
1872,4_epo,15.0,153.55567213596404,fechner
1873,4_epo,16.0,153.55567213596404,fechner
1874,4_epo,17.0,153.55567213596404,fechner
1875,4_epo,18.0,153.55567213596404,fechner
1876,4_epo,19.0,153.55567213596404,fechner
1877,4_epo,20.0,153.55567213596404,fechner
1878,4_epo,21.0,153.55567213596404,fechner
1879,4_epo,22.0,153.55567213596404,fechner
1880,4_epo,23.0,153.55567213596404,fechner
1881,4_epo,24.0,153.55567213596404,fechner
1882,4_epo,25.0,153.55567213596404,fechner
1883,4_epo,26.0,153.55567213596404,fechner
1884,4_epo,27.0,153.55567213596404,fechner
1885,4_epo,28.000000000000004,153.55567213596404,fechner
1886,4_epo,28.999999999999996,153.55567213596404,fechner
1887,4_epo,30.0,153.55567213596404,fechner
1888,4_epo,31.0,153.55567213596404,fechner
1889,4_epo,32.0,153.55567213596404,fechner
1890,4_epo,33.0,153.55567213596404,fechner
1891,4_epo,34.0,153.55567213596404,fechner
1892,4_epo,35.0,153.55567213596404,fechner
1893,4_epo,36.0,153.55567213596404,fechner
1894,4_epo,37.0,153.55567213596404,fechner
1895,4_epo,38.0,153.55567213596404,fechner
1896,4_epo,39.0,153.55567213596404,fechner
1897,4_epo,40.0,153.55567213596404,fechner
1898,4_epo,41.0,153.55567213596404,fechner
1899,4_epo,42.0,153.55567213596404,fechner
1900,4_epo,43.0,153.55567213596404,fechner
1901,4_epo,44.0,153.55567213596404,fechner
1902,4_epo,45.0,153.55567213596404,fechner
1903,4_epo,46.0,153.55567213596404,fechner
1904,4_epo,47.0,153.55567213596404,fechner
1905,4_epo,48.0,153.55567213596404,fechner
1906,4_epo,49.0,153.55567213596404,fechner
1907,4_epo,50.0,153.55567213596404,fechner
1908,4_epo,51.0,153.55567213596404,fechner
1909,4_epo,52.0,153.55567213596404,fechner
1910,4_epo,53.0,153.55567213596404,fechner
1911,4_epo,54.0,153.55567213596404,fechner
1912,4_epo,55.00000000000001,153.55567213596404,fechner
1913,4_epo,56.00000000000001,153.55567213596404,fechner
1914,4_epo,56.99999999999999,153.55567213596404,fechner
1915,4_epo,57.99999999999999,153.55567213596404,fechner
1916,4_epo,59.0,153.55567213596404,fechner
1917,4_epo,60.0,153.55567213596404,fechner
1918,4_epo,61.0,153.55567213596404,fechner
1919,4_epo,62.0,153.55567213596404,fechner
1920,4_epo,63.0,153.55567213596404,fechner
1921,4_epo,64.0,153.55567213596404,fechner
1922,4_epo,65.0,153.55567213596404,fechner
1923,4_epo,66.0,153.55567213596404,fechner
1924,4_epo,67.0,153.55567213596404,fechner
1925,4_epo,68.0,153.55567213596404,fechner
1926,4_epo,69.0,153.55567213596404,fechner
1927,4_epo,70.0,153.55567213596404,fechner
1928,4_epo,71.0,153.55567213596404,fechner
1929,4_epo,72.0,153.55567213596404,fechner
1930,4_epo,73.0,153.55567213596404,fechner
1931,4_epo,74.0,153.55567213596404,fechner
1932,4_epo,75.0,153.55567213596404,fechner
1933,4_epo,76.0,153.55567213596404,fechner
1934,4_epo,77.0,153.55567213596404,fechner
1935,4_epo,78.0,153.55567213596404,fechner
1936,4_epo,79.0,153.55567213596404,fechner
1937,4_epo,80.0,153.55567213596404,fechner
1938,4_epo,81.0,153.55567213596404,fechner
1939,4_epo,82.0,153.55567213596404,fechner
1940,4_epo,83.0,153.55567213596404,fechner
1941,4_epo,84.0,153.55567213596404,fechner
1942,4_epo,85.0,153.55567213596404,fechner
1943,4_epo,86.0,153.55567213596404,fechner
1944,4_epo,87.0,153.55567213596404,fechner
1945,4_epo,88.0,153.55567213596404,fechner
1946,4_epo,89.0,153.55567213596404,fechner
1947,4_epo,90.0,153.55567213596404,fechner
1948,4_epo,91.0,153.55567213596404,fechner
1949,4_epo,92.0,153.55567213596404,fechner
1950,4_epo,93.0,153.55567213596404,fechner
1951,4_epo,94.0,153.55567213596404,fechner
1952,4_epo,95.0,153.55567213596404,fechner
1953,5_epo,3.0,135.6735641888309,fechner
1954,5_epo,4.0,135.67356418883185,fechner
1955,5_epo,5.0,135.67356418883207,fechner
1956,5_epo,6.0,135.6735641888322,fechner
1957,5_epo,7.000000000000001,135.67356418883224,fechner
1958,5_epo,8.0,135.6735641888323,fechner
1959,5_epo,9.0,135.67356418883233,fechner
1960,5_epo,10.0,135.67356418883233,fechner
1961,5_epo,11.0,135.67356418883236,fechner
1962,5_epo,12.0,135.67356418883236,fechner
1963,5_epo,13.0,135.67356418883236,fechner
1964,5_epo,14.000000000000002,135.67356418883236,fechner
1965,5_epo,15.0,135.6735641888324,fechner
1966,5_epo,16.0,135.6735641888324,fechner
1967,5_epo,17.0,135.6735641888324,fechner
1968,5_epo,18.0,135.6735641888324,fechner
1969,5_epo,19.0,135.6735641888324,fechner
1970,5_epo,20.0,135.6735641888324,fechner
1971,5_epo,21.0,135.6735641888324,fechner
1972,5_epo,22.0,135.6735641888324,fechner
1973,5_epo,23.0,135.6735641888324,fechner
1974,5_epo,24.0,135.6735641888324,fechner
1975,5_epo,25.0,135.6735641888324,fechner
1976,5_epo,26.0,135.6735641888324,fechner
1977,5_epo,27.0,135.6735641888324,fechner
1978,5_epo,28.000000000000004,135.6735641888324,fechner
1979,5_epo,28.999999999999996,135.6735641888324,fechner
1980,5_epo,30.0,135.6735641888324,fechner
1981,5_epo,31.0,135.6735641888324,fechner
1982,5_epo,32.0,135.6735641888324,fechner
1983,5_epo,33.0,135.6735641888324,fechner
1984,5_epo,34.0,135.6735641888324,fechner
1985,5_epo,35.0,135.6735641888324,fechner
1986,5_epo,36.0,135.6735641888324,fechner
1987,5_epo,37.0,135.6735641888324,fechner
1988,5_epo,38.0,135.6735641888324,fechner
1989,5_epo,39.0,135.6735641888324,fechner
1990,5_epo,40.0,135.6735641888324,fechner
1991,5_epo,41.0,135.6735641888324,fechner
1992,5_epo,42.0,135.6735641888324,fechner
1993,5_epo,43.0,135.6735641888324,fechner
1994,5_epo,44.0,135.6735641888324,fechner
1995,5_epo,45.0,135.6735641888324,fechner
1996,5_epo,46.0,135.67356418883242,fechner
1997,5_epo,47.0,135.6735641888324,fechner
1998,5_epo,48.0,135.67356418883242,fechner
1999,5_epo,49.0,135.6735641888324,fechner
2000,5_epo,50.0,135.6735641888324,fechner
2001,5_epo,51.0,135.67356418883242,fechner
2002,5_epo,52.0,135.67356418883242,fechner
2003,5_epo,53.0,135.67356418883242,fechner
2004,5_epo,54.0,135.67356418883242,fechner
2005,5_epo,55.00000000000001,135.67356418883242,fechner
2006,5_epo,56.00000000000001,135.67356418883242,fechner
2007,5_epo,56.99999999999999,135.67356418883242,fechner
2008,5_epo,57.99999999999999,135.67356418883242,fechner
2009,5_epo,59.0,135.67356418883242,fechner
2010,5_epo,60.0,135.67356418883242,fechner
2011,5_epo,61.0,135.67356418883242,fechner
2012,5_epo,62.0,135.67356418883242,fechner
2013,5_epo,63.0,135.67356418883242,fechner
2014,5_epo,64.0,135.67356418883242,fechner
2015,5_epo,65.0,135.67356418883242,fechner
2016,5_epo,66.0,135.67356418883242,fechner
2017,5_epo,67.0,135.67356418883242,fechner
2018,5_epo,68.0,135.67356418883242,fechner
2019,5_epo,69.0,135.67356418883242,fechner
2020,5_epo,70.0,135.67356418883242,fechner
2021,5_epo,71.0,135.67356418883242,fechner
2022,5_epo,72.0,135.67356418883242,fechner
2023,5_epo,73.0,135.67356418883242,fechner
2024,5_epo,74.0,135.67356418883242,fechner
2025,5_epo,75.0,135.67356418883242,fechner
2026,5_epo,76.0,135.67356418883242,fechner
2027,5_epo,77.0,135.67356418883242,fechner
2028,5_epo,78.0,135.67356418883242,fechner
2029,5_epo,79.0,135.67356418883242,fechner
2030,5_epo,80.0,135.67356418883242,fechner
2031,5_epo,81.0,135.67356418883242,fechner
2032,5_epo,82.0,135.67356418883242,fechner
2033,5_epo,83.0,135.67356418883242,fechner
2034,5_epo,84.0,135.67356418883242,fechner
2035,5_epo,85.0,135.67356418883242,fechner
2036,5_epo,86.0,135.67356418883242,fechner
2037,5_epo,87.0,135.67356418883242,fechner
2038,5_epo,88.0,135.67356418883242,fechner
2039,5_epo,89.0,135.67356418883242,fechner
2040,5_epo,90.0,135.67356418883242,fechner
2041,5_epo,91.0,135.67356418883242,fechner
2042,5_epo,92.0,135.67356418883242,fechner
2043,5_epo,93.0,135.67356418883242,fechner
2044,5_epo,94.0,135.67356418883242,fechner
2045,5_epo,95.0,135.67356418883242,fechner
2046,6_epo,3.0,144.8707717430719,fechner
2047,6_epo,4.0,144.8707717430719,fechner
2048,6_epo,5.0,144.8707717430719,fechner
2049,6_epo,6.0,144.8707717430719,fechner
2050,6_epo,7.000000000000001,144.8707717430719,fechner
2051,6_epo,8.0,144.8707717430719,fechner
2052,6_epo,9.0,144.8707717430719,fechner
2053,6_epo,10.0,144.8707717430719,fechner
2054,6_epo,11.0,144.8707717430719,fechner
2055,6_epo,12.0,144.8707717430719,fechner
2056,6_epo,13.0,144.8707717430719,fechner
2057,6_epo,14.000000000000002,144.8707717430719,fechner
2058,6_epo,15.0,144.8707717430719,fechner
2059,6_epo,16.0,144.8707717430719,fechner
2060,6_epo,17.0,144.8707717430719,fechner
2061,6_epo,18.0,144.8707717430719,fechner
2062,6_epo,19.0,144.8707717430719,fechner
2063,6_epo,20.0,144.8707717430719,fechner
2064,6_epo,21.0,144.8707717430719,fechner
2065,6_epo,22.0,144.8707717430719,fechner
2066,6_epo,23.0,144.8707717430719,fechner
2067,6_epo,24.0,144.8707717430719,fechner
2068,6_epo,25.0,144.8707717430719,fechner
2069,6_epo,26.0,144.8707717430719,fechner
2070,6_epo,27.0,144.8707717430719,fechner
2071,6_epo,28.000000000000004,144.8707717430719,fechner
2072,6_epo,28.999999999999996,144.8707717430719,fechner
2073,6_epo,30.0,144.8707717430719,fechner
2074,6_epo,31.0,144.8707717430719,fechner
2075,6_epo,32.0,144.8707717430719,fechner
2076,6_epo,33.0,144.8707717430719,fechner
2077,6_epo,34.0,144.8707717430719,fechner
2078,6_epo,35.0,144.8707717430719,fechner
2079,6_epo,36.0,144.8707717430719,fechner
2080,6_epo,37.0,144.8707717430719,fechner
2081,6_epo,38.0,144.8707717430719,fechner
2082,6_epo,39.0,144.8707717430719,fechner
2083,6_epo,40.0,144.8707717430719,fechner
2084,6_epo,41.0,144.8707717430719,fechner
2085,6_epo,42.0,144.8707717430719,fechner
2086,6_epo,43.0,144.8707717430719,fechner
2087,6_epo,44.0,144.8707717430719,fechner
2088,6_epo,45.0,144.8707717430719,fechner
2089,6_epo,46.0,144.8707717430719,fechner
2090,6_epo,47.0,144.8707717430719,fechner
2091,6_epo,48.0,144.8707717430719,fechner
2092,6_epo,49.0,144.8707717430719,fechner
2093,6_epo,50.0,144.8707717430719,fechner
2094,6_epo,51.0,144.8707717430719,fechner
2095,6_epo,52.0,144.8707717430719,fechner
2096,6_epo,53.0,144.8707717430719,fechner
2097,6_epo,54.0,144.8707717430719,fechner
2098,6_epo,55.00000000000001,144.8707717430719,fechner
2099,6_epo,56.00000000000001,144.8707717430719,fechner
2100,6_epo,56.99999999999999,144.8707717430719,fechner
2101,6_epo,57.99999999999999,144.8707717430719,fechner
2102,6_epo,59.0,144.8707717430719,fechner
2103,6_epo,60.0,144.8707717430719,fechner
2104,6_epo,61.0,144.8707717430719,fechner
2105,6_epo,62.0,144.8707717430719,fechner
2106,6_epo,63.0,144.8707717430719,fechner
2107,6_epo,64.0,144.8707717430719,fechner
2108,6_epo,65.0,144.8707717430719,fechner
2109,6_epo,66.0,144.8707717430719,fechner
2110,6_epo,67.0,144.8707717430719,fechner
2111,6_epo,68.0,144.8707717430719,fechner
2112,6_epo,69.0,144.8707717430719,fechner
2113,6_epo,70.0,144.8707717430719,fechner
2114,6_epo,71.0,144.8707717430719,fechner
2115,6_epo,72.0,144.8707717430719,fechner
2116,6_epo,73.0,144.8707717430719,fechner
2117,6_epo,74.0,144.8707717430719,fechner
2118,6_epo,75.0,144.8707717430719,fechner
2119,6_epo,76.0,144.8707717430719,fechner
2120,6_epo,77.0,144.8707717430719,fechner
2121,6_epo,78.0,144.8707717430719,fechner
2122,6_epo,79.0,144.8707717430719,fechner
2123,6_epo,80.0,144.8707717430719,fechner
2124,6_epo,81.0,144.8707717430719,fechner
2125,6_epo,82.0,144.8707717430719,fechner
2126,6_epo,83.0,144.8707717430719,fechner
2127,6_epo,84.0,144.8707717430719,fechner
2128,6_epo,85.0,144.8707717430719,fechner
2129,6_epo,86.0,144.8707717430719,fechner
2130,6_epo,87.0,144.8707717430719,fechner
2131,6_epo,88.0,144.8707717430719,fechner
2132,6_epo,89.0,144.8707717430719,fechner
2133,6_epo,90.0,144.8707717430719,fechner
2134,6_epo,91.0,144.8707717430719,fechner
2135,6_epo,92.0,144.8707717430719,fechner
2136,6_epo,93.0,144.8707717430719,fechner
2137,6_epo,94.0,144.8707717430719,fechner
2138,6_epo,95.0,144.8707717430719,fechner
2139,7_epo,3.0,143.67917054455165,fechner
2140,7_epo,4.0,143.67917054455165,fechner
2141,7_epo,5.0,143.67917054455165,fechner
2142,7_epo,6.0,143.67917054455165,fechner
2143,7_epo,7.000000000000001,143.67917054455165,fechner
2144,7_epo,8.0,143.67917054455165,fechner
2145,7_epo,9.0,143.67917054455165,fechner
2146,7_epo,10.0,143.67917054455165,fechner
2147,7_epo,11.0,143.67917054455165,fechner
2148,7_epo,12.0,143.67917054455165,fechner
2149,7_epo,13.0,143.67917054455165,fechner
2150,7_epo,14.000000000000002,143.67917054455165,fechner
2151,7_epo,15.0,143.67917054455165,fechner
2152,7_epo,16.0,143.67917054455165,fechner
2153,7_epo,17.0,143.67917054455165,fechner
2154,7_epo,18.0,143.67917054455165,fechner
2155,7_epo,19.0,143.67917054455165,fechner
2156,7_epo,20.0,143.67917054455165,fechner
2157,7_epo,21.0,143.67917054455165,fechner
2158,7_epo,22.0,143.67917054455165,fechner
2159,7_epo,23.0,143.67917054455165,fechner
2160,7_epo,24.0,143.67917054455165,fechner
2161,7_epo,25.0,143.67917054455165,fechner
2162,7_epo,26.0,143.67917054455165,fechner
2163,7_epo,27.0,143.67917054455165,fechner
2164,7_epo,28.000000000000004,143.67917054455165,fechner
2165,7_epo,28.999999999999996,143.67917054455165,fechner
2166,7_epo,30.0,143.67917054455165,fechner
2167,7_epo,31.0,143.67917054455165,fechner
2168,7_epo,32.0,143.67917054455165,fechner
2169,7_epo,33.0,143.67917054455165,fechner
2170,7_epo,34.0,143.67917054455165,fechner
2171,7_epo,35.0,143.67917054455165,fechner
2172,7_epo,36.0,143.67917054455165,fechner
2173,7_epo,37.0,143.67917054455165,fechner
2174,7_epo,38.0,143.67917054455165,fechner
2175,7_epo,39.0,143.67917054455165,fechner
2176,7_epo,40.0,143.67917054455165,fechner
2177,7_epo,41.0,143.67917054455165,fechner
2178,7_epo,42.0,143.67917054455165,fechner
2179,7_epo,43.0,143.67917054455165,fechner
2180,7_epo,44.0,143.67917054455165,fechner
2181,7_epo,45.0,143.67917054455165,fechner
2182,7_epo,46.0,143.67917054455165,fechner
2183,7_epo,47.0,143.67917054455165,fechner
2184,7_epo,48.0,143.67917054455165,fechner
2185,7_epo,49.0,143.67917054455165,fechner
2186,7_epo,50.0,143.67917054455165,fechner
2187,7_epo,51.0,143.67917054455165,fechner
2188,7_epo,52.0,143.67917054455165,fechner
2189,7_epo,53.0,143.67917054455165,fechner
2190,7_epo,54.0,143.67917054455165,fechner
2191,7_epo,55.00000000000001,143.67917054455165,fechner
2192,7_epo,56.00000000000001,143.67917054455165,fechner
2193,7_epo,56.99999999999999,143.67917054455165,fechner
2194,7_epo,57.99999999999999,143.67917054455165,fechner
2195,7_epo,59.0,143.67917054455165,fechner
2196,7_epo,60.0,143.67917054455165,fechner
2197,7_epo,61.0,143.67917054455165,fechner
2198,7_epo,62.0,143.67917054455165,fechner
2199,7_epo,63.0,143.67917054455165,fechner
2200,7_epo,64.0,143.67917054455165,fechner
2201,7_epo,65.0,143.67917054455165,fechner
2202,7_epo,66.0,143.67917054455165,fechner
2203,7_epo,67.0,143.67917054455165,fechner
2204,7_epo,68.0,143.67917054455165,fechner
2205,7_epo,69.0,143.67917054455165,fechner
2206,7_epo,70.0,143.67917054455165,fechner
2207,7_epo,71.0,143.67917054455165,fechner
2208,7_epo,72.0,143.67917054455165,fechner
2209,7_epo,73.0,143.67917054455165,fechner
2210,7_epo,74.0,143.67917054455165,fechner
2211,7_epo,75.0,143.67917054455165,fechner
2212,7_epo,76.0,143.67917054455165,fechner
2213,7_epo,77.0,143.67917054455165,fechner
2214,7_epo,78.0,143.67917054455165,fechner
2215,7_epo,79.0,143.67917054455165,fechner
2216,7_epo,80.0,143.67917054455165,fechner
2217,7_epo,81.0,143.67917054455165,fechner
2218,7_epo,82.0,143.67917054455165,fechner
2219,7_epo,83.0,143.67917054455165,fechner
2220,7_epo,84.0,143.67917054455165,fechner
2221,7_epo,85.0,143.67917054455165,fechner
2222,7_epo,86.0,143.67917054455165,fechner
2223,7_epo,87.0,143.67917054455165,fechner
2224,7_epo,88.0,143.67917054455165,fechner
2225,7_epo,89.0,143.67917054455165,fechner
2226,7_epo,90.0,143.67917054455165,fechner
2227,7_epo,91.0,143.67917054455165,fechner
2228,7_epo,92.0,143.67917054455165,fechner
2229,7_epo,93.0,143.67917054455165,fechner
2230,7_epo,94.0,143.67917054455165,fechner
2231,7_epo,95.0,143.67917054455165,fechner
2232,8_epo,3.0,151.99183584392756,fechner
2233,8_epo,4.0,151.99183584392756,fechner
2234,8_epo,5.0,151.99183584392756,fechner
2235,8_epo,6.0,151.99183584392756,fechner
2236,8_epo,7.000000000000001,151.99183584392756,fechner
2237,8_epo,8.0,151.99183584392756,fechner
2238,8_epo,9.0,151.99183584392756,fechner
2239,8_epo,10.0,151.99183584392756,fechner
2240,8_epo,11.0,151.99183584392756,fechner
2241,8_epo,12.0,151.99183584392756,fechner
2242,8_epo,13.0,151.99183584392756,fechner
2243,8_epo,14.000000000000002,151.99183584392756,fechner
2244,8_epo,15.0,151.99183584392756,fechner
2245,8_epo,16.0,151.99183584392756,fechner
2246,8_epo,17.0,151.99183584392756,fechner
2247,8_epo,18.0,151.99183584392756,fechner
2248,8_epo,19.0,151.99183584392756,fechner
2249,8_epo,20.0,151.99183584392756,fechner
2250,8_epo,21.0,151.99183584392756,fechner
2251,8_epo,22.0,151.99183584392756,fechner
2252,8_epo,23.0,151.99183584392756,fechner
2253,8_epo,24.0,151.99183584392756,fechner
2254,8_epo,25.0,151.99183584392756,fechner
2255,8_epo,26.0,151.99183584392756,fechner
2256,8_epo,27.0,151.99183584392756,fechner
2257,8_epo,28.000000000000004,151.99183584392756,fechner
2258,8_epo,28.999999999999996,151.99183584392756,fechner
2259,8_epo,30.0,151.99183584392756,fechner
2260,8_epo,31.0,151.99183584392756,fechner
2261,8_epo,32.0,151.99183584392756,fechner
2262,8_epo,33.0,151.99183584392756,fechner
2263,8_epo,34.0,151.99183584392756,fechner
2264,8_epo,35.0,151.99183584392756,fechner
2265,8_epo,36.0,151.99183584392756,fechner
2266,8_epo,37.0,151.99183584392756,fechner
2267,8_epo,38.0,151.99183584392756,fechner
2268,8_epo,39.0,151.99183584392756,fechner
2269,8_epo,40.0,151.99183584392756,fechner
2270,8_epo,41.0,151.99183584392756,fechner
2271,8_epo,42.0,151.99183584392756,fechner
2272,8_epo,43.0,151.99183584392756,fechner
2273,8_epo,44.0,151.99183584392756,fechner
2274,8_epo,45.0,151.99183584392756,fechner
2275,8_epo,46.0,151.99183584392756,fechner
2276,8_epo,47.0,151.99183584392756,fechner
2277,8_epo,48.0,151.99183584392756,fechner
2278,8_epo,49.0,151.99183584392756,fechner
2279,8_epo,50.0,151.99183584392756,fechner
2280,8_epo,51.0,151.99183584392756,fechner
2281,8_epo,52.0,151.99183584392756,fechner
2282,8_epo,53.0,151.99183584392756,fechner
2283,8_epo,54.0,151.99183584392756,fechner
2284,8_epo,55.00000000000001,151.99183584392756,fechner
2285,8_epo,56.00000000000001,151.99183584392756,fechner
2286,8_epo,56.99999999999999,151.99183584392756,fechner
2287,8_epo,57.99999999999999,151.99183584392756,fechner
2288,8_epo,59.0,151.99183584392756,fechner
2289,8_epo,60.0,151.99183584392756,fechner
2290,8_epo,61.0,151.99183584392756,fechner
2291,8_epo,62.0,151.99183584392756,fechner
2292,8_epo,63.0,151.99183584392756,fechner
2293,8_epo,64.0,151.99183584392756,fechner
2294,8_epo,65.0,151.99183584392756,fechner
2295,8_epo,66.0,151.99183584392756,fechner
2296,8_epo,67.0,151.99183584392756,fechner
2297,8_epo,68.0,151.99183584392756,fechner
2298,8_epo,69.0,151.99183584392756,fechner
2299,8_epo,70.0,151.99183584392756,fechner
2300,8_epo,71.0,151.99183584392756,fechner
2301,8_epo,72.0,151.99183584392756,fechner
2302,8_epo,73.0,151.99183584392756,fechner
2303,8_epo,74.0,151.99183584392756,fechner
2304,8_epo,75.0,151.99183584392756,fechner
2305,8_epo,76.0,151.99183584392756,fechner
2306,8_epo,77.0,151.99183584392756,fechner
2307,8_epo,78.0,151.99183584392756,fechner
2308,8_epo,79.0,151.99183584392756,fechner
2309,8_epo,80.0,151.99183584392756,fechner
2310,8_epo,81.0,151.99183584392756,fechner
2311,8_epo,82.0,151.99183584392756,fechner
2312,8_epo,83.0,151.99183584392756,fechner
2313,8_epo,84.0,151.99183584392756,fechner
2314,8_epo,85.0,151.99183584392756,fechner
2315,8_epo,86.0,151.99183584392756,fechner
2316,8_epo,87.0,151.99183584392756,fechner
2317,8_epo,88.0,151.99183584392756,fechner
2318,8_epo,89.0,151.99183584392756,fechner
2319,8_epo,90.0,151.99183584392756,fechner
2320,8_epo,91.0,151.99183584392756,fechner
2321,8_epo,92.0,151.99183584392756,fechner
2322,8_epo,93.0,151.99183584392756,fechner
2323,8_epo,94.0,151.99183584392756,fechner
2324,8_epo,95.0,151.99183584392756,fechner
2325,9_epo,3.0,211.34074843117148,fechner
2326,9_epo,4.0,211.34074843117148,fechner
2327,9_epo,5.0,211.34074843117148,fechner
2328,9_epo,6.0,211.34074843117148,fechner
2329,9_epo,7.000000000000001,211.34074843117148,fechner
2330,9_epo,8.0,211.34074843117148,fechner
2331,9_epo,9.0,211.34074843117148,fechner
2332,9_epo,10.0,211.34074843117148,fechner
2333,9_epo,11.0,211.34074843117148,fechner
2334,9_epo,12.0,211.34074843117148,fechner
2335,9_epo,13.0,211.34074843117148,fechner
2336,9_epo,14.000000000000002,211.34074843117148,fechner
2337,9_epo,15.0,211.34074843117148,fechner
2338,9_epo,16.0,211.34074843117148,fechner
2339,9_epo,17.0,211.34074843117148,fechner
2340,9_epo,18.0,211.34074843117148,fechner
2341,9_epo,19.0,211.34074843117148,fechner
2342,9_epo,20.0,211.34074843117148,fechner
2343,9_epo,21.0,211.34074843117148,fechner
2344,9_epo,22.0,211.34074843117148,fechner
2345,9_epo,23.0,211.34074843117148,fechner
2346,9_epo,24.0,211.34074843117148,fechner
2347,9_epo,25.0,211.34074843117148,fechner
2348,9_epo,26.0,211.34074843117148,fechner
2349,9_epo,27.0,211.34074843117148,fechner
2350,9_epo,28.000000000000004,211.34074843117148,fechner
2351,9_epo,28.999999999999996,211.34074843117148,fechner
2352,9_epo,30.0,211.34074843117148,fechner
2353,9_epo,31.0,211.34074843117148,fechner
2354,9_epo,32.0,211.34074843117148,fechner
2355,9_epo,33.0,211.34074843117148,fechner
2356,9_epo,34.0,211.34074843117148,fechner
2357,9_epo,35.0,211.34074843117148,fechner
2358,9_epo,36.0,211.34074843117148,fechner
2359,9_epo,37.0,211.34074843117148,fechner
2360,9_epo,38.0,211.34074843117148,fechner
2361,9_epo,39.0,211.34074843117148,fechner
2362,9_epo,40.0,211.34074843117148,fechner
2363,9_epo,41.0,211.34074843117148,fechner
2364,9_epo,42.0,211.34074843117148,fechner
2365,9_epo,43.0,211.34074843117148,fechner
2366,9_epo,44.0,211.34074843117148,fechner
2367,9_epo,45.0,211.34074843117148,fechner
2368,9_epo,46.0,211.34074843117148,fechner
2369,9_epo,47.0,211.34074843117148,fechner
2370,9_epo,48.0,211.34074843117148,fechner
2371,9_epo,49.0,211.34074843117148,fechner
2372,9_epo,50.0,211.34074843117148,fechner
2373,9_epo,51.0,211.34074843117148,fechner
2374,9_epo,52.0,211.34074843117148,fechner
2375,9_epo,53.0,211.34074843117148,fechner
2376,9_epo,54.0,211.34074843117148,fechner
2377,9_epo,55.00000000000001,211.34074843117148,fechner
2378,9_epo,56.00000000000001,211.34074843117148,fechner
2379,9_epo,56.99999999999999,211.34074843117148,fechner
2380,9_epo,57.99999999999999,211.34074843117148,fechner
2381,9_epo,59.0,211.34074843117148,fechner
2382,9_epo,60.0,211.34074843117148,fechner
2383,9_epo,61.0,211.34074843117148,fechner
2384,9_epo,62.0,211.34074843117148,fechner
2385,9_epo,63.0,211.34074843117148,fechner
2386,9_epo,64.0,211.34074843117148,fechner
2387,9_epo,65.0,211.34074843117148,fechner
2388,9_epo,66.0,211.34074843117148,fechner
2389,9_epo,67.0,211.34074843117148,fechner
2390,9_epo,68.0,211.34074843117148,fechner
2391,9_epo,69.0,211.34074843117148,fechner
2392,9_epo,70.0,211.34074843117148,fechner
2393,9_epo,71.0,211.34074843117148,fechner
2394,9_epo,72.0,211.34074843117148,fechner
2395,9_epo,73.0,211.34074843117148,fechner
2396,9_epo,74.0,211.34074843117148,fechner
2397,9_epo,75.0,211.34074843117148,fechner
2398,9_epo,76.0,211.34074843117148,fechner
2399,9_epo,77.0,211.34074843117148,fechner
2400,9_epo,78.0,211.34074843117148,fechner
2401,9_epo,79.0,211.34074843117148,fechner
2402,9_epo,80.0,211.34074843117148,fechner
2403,9_epo,81.0,211.34074843117148,fechner
2404,9_epo,82.0,211.34074843117148,fechner
2405,9_epo,83.0,211.34074843117148,fechner
2406,9_epo,84.0,211.34074843117148,fechner
2407,9_epo,85.0,211.34074843117148,fechner
2408,9_epo,86.0,211.34074843117148,fechner
2409,9_epo,87.0,211.34074843117148,fechner
2410,9_epo,88.0,211.34074843117148,fechner
2411,9_epo,89.0,211.34074843117148,fechner
2412,9_epo,90.0,211.34074843117148,fechner
2413,9_epo,91.0,211.34074843117148,fechner
2414,9_epo,92.0,211.34074843117148,fechner
2415,9_epo,93.0,211.34074843117148,fechner
2416,9_epo,94.0,211.34074843117148,fechner
2417,9_epo,95.0,211.34074843117148,fechner
