,participant,contrast,mrt,name
0,0_epo,3.0,363.33636261686314,linear
1,0_epo,4.0,363.32757599870683,linear
2,0_epo,5.0,363.3187893805506,linear
3,0_epo,6.0,363.3100027623943,linear
4,0_epo,7.000000000000001,363.30121614423797,linear
5,0_epo,8.0,363.29242952608166,linear
6,0_epo,9.0,363.28364290792535,linear
7,0_epo,10.0,363.2748562897691,linear
8,0_epo,11.0,363.2660696716128,linear
9,0_epo,12.0,363.2572830534565,linear
10,0_epo,13.0,363.2484964353002,linear
11,0_epo,14.000000000000002,363.2397098171439,linear
12,0_epo,15.0,363.23092319898757,linear
13,0_epo,16.0,363.2221365808313,linear
14,0_epo,17.0,363.213349962675,linear
15,0_epo,18.0,363.20456334451865,linear
16,0_epo,19.0,363.1957767263624,linear
17,0_epo,20.0,363.1869901082061,linear
18,0_epo,21.0,363.17820349004984,linear
19,0_epo,22.0,363.16941687189353,linear
20,0_epo,23.0,363.16063025373717,linear
21,0_epo,24.0,363.1518436355809,linear
22,0_epo,25.0,363.1430570174246,linear
23,0_epo,26.0,363.1342703992683,linear
24,0_epo,27.0,363.12548378111205,linear
25,0_epo,28.000000000000004,363.1166971629557,linear
26,0_epo,28.999999999999996,363.1079105447994,linear
27,0_epo,30.0,363.09912392664313,linear
28,0_epo,31.0,363.0903373084868,linear
29,0_epo,32.0,363.0815506903306,linear
30,0_epo,33.0,363.0727640721742,linear
31,0_epo,34.0,363.0639774540179,linear
32,0_epo,35.0,363.05519083586165,linear
33,0_epo,36.0,363.04640421770534,linear
34,0_epo,37.0,363.03761759954904,linear
35,0_epo,38.0,363.02883098139273,linear
36,0_epo,39.0,363.0200443632364,linear
37,0_epo,40.0,363.0112577450801,linear
38,0_epo,41.0,363.00247112692387,linear
39,0_epo,42.0,362.99368450876756,linear
40,0_epo,43.0,362.98489789061125,linear
41,0_epo,44.0,362.97611127245494,linear
42,0_epo,45.0,362.96732465429864,linear
43,0_epo,46.0,362.9585380361424,linear
44,0_epo,47.0,362.9497514179861,linear
45,0_epo,48.0,362.9409647998297,linear
46,0_epo,49.0,362.93217818167346,linear
47,0_epo,50.0,362.92339156351716,linear
48,0_epo,51.0,362.91460494536085,linear
49,0_epo,52.0,362.9058183272046,linear
50,0_epo,53.0,362.89703170904824,linear
51,0_epo,54.0,362.888245090892,linear
52,0_epo,55.00000000000001,362.8794584727357,linear
53,0_epo,56.00000000000001,362.87067185457937,linear
54,0_epo,56.99999999999999,362.8618852364231,linear
55,0_epo,57.99999999999999,362.85309861826676,linear
56,0_epo,59.0,362.84431200011045,linear
57,0_epo,60.0,362.8355253819542,linear
58,0_epo,61.0,362.8267387637979,linear
59,0_epo,62.0,362.8179521456416,linear
60,0_epo,63.0,362.8091655274853,linear
61,0_epo,64.0,362.80037890932897,linear
62,0_epo,65.0,362.7915922911727,linear
63,0_epo,66.0,362.7828056730164,linear
64,0_epo,67.0,362.7740190548601,linear
65,0_epo,68.0,362.7652324367038,linear
66,0_epo,69.0,362.7564458185475,linear
67,0_epo,70.0,362.7476592003912,linear
68,0_epo,71.0,362.73887258223493,linear
69,0_epo,72.0,362.7300859640786,linear
70,0_epo,73.0,362.72129934592226,linear
71,0_epo,74.0,362.712512727766,linear
72,0_epo,75.0,362.7037261096097,linear
73,0_epo,76.0,362.69493949145345,linear
74,0_epo,77.0,362.68615287329715,linear
75,0_epo,78.0,362.6773662551408,linear
76,0_epo,79.0,362.66857963698453,linear
77,0_epo,80.0,362.6597930188282,linear
78,0_epo,81.0,362.6510064006719,linear
79,0_epo,82.0,362.64221978251567,linear
80,0_epo,83.0,362.6334331643593,linear
81,0_epo,84.0,362.624646546203,linear
82,0_epo,85.0,362.61585992804675,linear
83,0_epo,86.0,362.60707330989044,linear
84,0_epo,87.0,362.5982866917342,linear
85,0_epo,88.0,362.5895000735778,linear
86,0_epo,89.0,362.5807134554215,linear
87,0_epo,90.0,362.57192683726527,linear
88,0_epo,91.0,362.56314021910896,linear
89,0_epo,92.0,362.55435360095265,linear
90,0_epo,93.0,362.54556698279634,linear
91,0_epo,94.0,362.53678036464004,linear
92,0_epo,95.0,362.52799374648373,linear
93,10_epo,3.0,302.0741284907939,linear
94,10_epo,4.0,303.00410121724474,linear
95,10_epo,5.0,303.93407394369564,linear
96,10_epo,6.0,304.8640466701465,linear
97,10_epo,7.000000000000001,305.7940193965974,linear
98,10_epo,8.0,306.7239921230482,linear
99,10_epo,9.0,307.65396484949906,linear
100,10_epo,10.0,308.58393757594996,linear
101,10_epo,11.0,309.5139103024008,linear
102,10_epo,12.0,310.4438830288517,linear
103,10_epo,13.0,311.3738557553026,linear
104,10_epo,14.000000000000002,312.30382848175344,linear
105,10_epo,15.0,313.23380120820434,linear
106,10_epo,16.0,314.1637739346552,linear
107,10_epo,17.0,315.093746661106,linear
108,10_epo,18.0,316.0237193875569,linear
109,10_epo,19.0,316.95369211400777,linear
110,10_epo,20.0,317.8836648404586,linear
111,10_epo,21.0,318.8136375669095,linear
112,10_epo,22.0,319.74361029336035,linear
113,10_epo,23.0,320.6735830198112,linear
114,10_epo,24.0,321.6035557462621,linear
115,10_epo,25.0,322.53352847271293,linear
116,10_epo,26.0,323.46350119916383,linear
117,10_epo,27.0,324.39347392561467,linear
118,10_epo,28.000000000000004,325.3234466520655,linear
119,10_epo,28.999999999999996,326.2534193785164,linear
120,10_epo,30.0,327.18339210496725,linear
121,10_epo,31.0,328.1133648314181,linear
122,10_epo,32.0,329.043337557869,linear
123,10_epo,33.0,329.97331028431984,linear
124,10_epo,34.0,330.9032830107708,linear
125,10_epo,35.0,331.83325573722163,linear
126,10_epo,36.0,332.7632284636725,linear
127,10_epo,37.0,333.6932011901234,linear
128,10_epo,38.0,334.6231739165742,linear
129,10_epo,39.0,335.55314664302506,linear
130,10_epo,40.0,336.48311936947596,linear
131,10_epo,41.0,337.4130920959268,linear
132,10_epo,42.0,338.34306482237764,linear
133,10_epo,43.0,339.27303754882854,linear
134,10_epo,44.0,340.2030102752794,linear
135,10_epo,45.0,341.1329830017302,linear
136,10_epo,46.0,342.0629557281811,linear
137,10_epo,47.0,342.99292845463196,linear
138,10_epo,48.0,343.92290118108286,linear
139,10_epo,49.0,344.8528739075337,linear
140,10_epo,50.0,345.78284663398455,linear
141,10_epo,51.0,346.71281936043545,linear
142,10_epo,52.0,347.6427920868863,linear
143,10_epo,53.0,348.5727648133372,linear
144,10_epo,54.0,349.50273753978803,linear
145,10_epo,55.00000000000001,350.4327102662389,linear
146,10_epo,56.00000000000001,351.3626829926898,linear
147,10_epo,56.99999999999999,352.29265571914067,linear
148,10_epo,57.99999999999999,353.2226284455915,linear
149,10_epo,59.0,354.1526011720424,linear
150,10_epo,60.0,355.08257389849325,linear
151,10_epo,61.0,356.0125466249441,linear
152,10_epo,62.0,356.942519351395,linear
153,10_epo,63.0,357.87249207784583,linear
154,10_epo,64.0,358.8024648042967,linear
155,10_epo,65.0,359.7324375307476,linear
156,10_epo,66.0,360.6624102571984,linear
157,10_epo,67.0,361.5923829836493,linear
158,10_epo,68.0,362.52235571010016,linear
159,10_epo,69.0,363.452328436551,linear
160,10_epo,70.0,364.3823011630019,linear
161,10_epo,71.0,365.31227388945274,linear
162,10_epo,72.0,366.24224661590364,linear
163,10_epo,73.0,367.1722193423545,linear
164,10_epo,74.0,368.1021920688053,linear
165,10_epo,75.0,369.0321647952562,linear
166,10_epo,76.0,369.96213752170706,linear
167,10_epo,77.0,370.89211024815796,linear
168,10_epo,78.0,371.82208297460886,linear
169,10_epo,79.0,372.7520557010597,linear
170,10_epo,80.0,373.68202842751055,linear
171,10_epo,81.0,374.61200115396144,linear
172,10_epo,82.0,375.5419738804123,linear
173,10_epo,83.0,376.4719466068631,linear
174,10_epo,84.0,377.401919333314,linear
175,10_epo,85.0,378.33189205976487,linear
176,10_epo,86.0,379.2618647862157,linear
177,10_epo,87.0,380.1918375126666,linear
178,10_epo,88.0,381.12181023911745,linear
179,10_epo,89.0,382.05178296556835,linear
180,10_epo,90.0,382.9817556920192,linear
181,10_epo,91.0,383.9117284184701,linear
182,10_epo,92.0,384.84170114492093,linear
183,10_epo,93.0,385.7716738713718,linear
184,10_epo,94.0,386.7016465978227,linear
185,10_epo,95.0,387.6316193242735,linear
186,11_epo,3.0,426.2534073653245,linear
187,11_epo,4.0,430.189265190793,linear
188,11_epo,5.0,434.1251230162614,linear
189,11_epo,6.0,438.0609808417298,linear
190,11_epo,7.000000000000001,441.9968386671983,linear
191,11_epo,8.0,445.9326964926667,linear
192,11_epo,9.0,449.8685543181352,linear
193,11_epo,10.0,453.8044121436036,linear
194,11_epo,11.0,457.740269969072,linear
195,11_epo,12.0,461.6761277945405,linear
196,11_epo,13.0,465.61198562000897,linear
197,11_epo,14.000000000000002,469.5478434454773,linear
198,11_epo,15.0,473.4837012709458,linear
199,11_epo,16.0,477.4195590964142,linear
200,11_epo,17.0,481.35541692188264,linear
201,11_epo,18.0,485.2912747473511,linear
202,11_epo,19.0,489.2271325728196,linear
203,11_epo,20.0,493.162990398288,linear
204,11_epo,21.0,497.0988482237564,linear
205,11_epo,22.0,501.03470604922484,linear
206,11_epo,23.0,504.9705638746933,linear
207,11_epo,24.0,508.9064217001618,linear
208,11_epo,25.0,512.8422795256303,linear
209,11_epo,26.0,516.7781373510986,linear
210,11_epo,27.0,520.7139951765671,linear
211,11_epo,28.000000000000004,524.6498530020355,linear
212,11_epo,28.999999999999996,528.5857108275039,linear
213,11_epo,30.0,532.5215686529724,linear
214,11_epo,31.0,536.4574264784409,linear
215,11_epo,32.0,540.3932843039092,linear
216,11_epo,33.0,544.3291421293777,linear
217,11_epo,34.0,548.2649999548461,linear
218,11_epo,35.0,552.2008577803145,linear
219,11_epo,36.0,556.136715605783,linear
220,11_epo,37.0,560.0725734312515,linear
221,11_epo,38.0,564.00843125672,linear
222,11_epo,39.0,567.9442890821884,linear
223,11_epo,40.0,571.8801469076568,linear
224,11_epo,41.0,575.8160047331252,linear
225,11_epo,42.0,579.7518625585936,linear
226,11_epo,43.0,583.6877203840621,linear
227,11_epo,44.0,587.6235782095305,linear
228,11_epo,45.0,591.559436034999,linear
229,11_epo,46.0,595.4952938604674,linear
230,11_epo,47.0,599.4311516859359,linear
231,11_epo,48.0,603.3670095114043,linear
232,11_epo,49.0,607.3028673368727,linear
233,11_epo,50.0,611.2387251623412,linear
234,11_epo,51.0,615.1745829878096,linear
235,11_epo,52.0,619.110440813278,linear
236,11_epo,53.0,623.0462986387465,linear
237,11_epo,54.0,626.982156464215,linear
238,11_epo,55.00000000000001,630.9180142896835,linear
239,11_epo,56.00000000000001,634.8538721151518,linear
240,11_epo,56.99999999999999,638.7897299406202,linear
241,11_epo,57.99999999999999,642.7255877660887,linear
242,11_epo,59.0,646.6614455915571,linear
243,11_epo,60.0,650.5973034170256,linear
244,11_epo,61.0,654.5331612424941,linear
245,11_epo,62.0,658.4690190679626,linear
246,11_epo,63.0,662.4048768934308,linear
247,11_epo,64.0,666.3407347188993,linear
248,11_epo,65.0,670.2765925443678,linear
249,11_epo,66.0,674.2124503698362,linear
250,11_epo,67.0,678.1483081953047,linear
251,11_epo,68.0,682.0841660207731,linear
252,11_epo,69.0,686.0200238462415,linear
253,11_epo,70.0,689.9558816717099,linear
254,11_epo,71.0,693.8917394971784,linear
255,11_epo,72.0,697.8275973226469,linear
256,11_epo,73.0,701.7634551481153,linear
257,11_epo,74.0,705.6993129735838,linear
258,11_epo,75.0,709.6351707990522,linear
259,11_epo,76.0,713.5710286245206,linear
260,11_epo,77.0,717.5068864499891,linear
261,11_epo,78.0,721.4427442754575,linear
262,11_epo,79.0,725.3786021009258,linear
263,11_epo,80.0,729.3144599263943,linear
264,11_epo,81.0,733.2503177518628,linear
265,11_epo,82.0,737.1861755773313,linear
266,11_epo,83.0,741.1220334027997,linear
267,11_epo,84.0,745.0578912282682,linear
268,11_epo,85.0,748.9937490537366,linear
269,11_epo,86.0,752.929606879205,linear
270,11_epo,87.0,756.8654647046734,linear
271,11_epo,88.0,760.8013225301419,linear
272,11_epo,89.0,764.7371803556103,linear
273,11_epo,90.0,768.6730381810788,linear
274,11_epo,91.0,772.6088960065472,linear
275,11_epo,92.0,776.5447538320155,linear
276,11_epo,93.0,780.480611657484,linear
277,11_epo,94.0,784.4164694829525,linear
278,11_epo,95.0,788.352327308421,linear
279,12_epo,3.0,348.5711079411067,linear
280,12_epo,4.0,348.94767465361804,linear
281,12_epo,5.0,349.32424136612946,linear
282,12_epo,6.0,349.7008080786408,linear
283,12_epo,7.000000000000001,350.07737479115224,linear
284,12_epo,8.0,350.45394150366366,linear
285,12_epo,9.0,350.8305082161751,linear
286,12_epo,10.0,351.20707492868644,linear
287,12_epo,11.0,351.5836416411978,linear
288,12_epo,12.0,351.9602083537092,linear
289,12_epo,13.0,352.33677506622064,linear
290,12_epo,14.000000000000002,352.71334177873206,linear
291,12_epo,15.0,353.0899084912434,linear
292,12_epo,16.0,353.4664752037548,linear
293,12_epo,17.0,353.8430419162662,linear
294,12_epo,18.0,354.2196086287776,linear
295,12_epo,19.0,354.596175341289,linear
296,12_epo,20.0,354.9727420538004,linear
297,12_epo,21.0,355.3493087663118,linear
298,12_epo,22.0,355.7258754788232,linear
299,12_epo,23.0,356.1024421913346,linear
300,12_epo,24.0,356.47900890384597,linear
301,12_epo,25.0,356.8555756163574,linear
302,12_epo,26.0,357.2321423288688,linear
303,12_epo,27.0,357.6087090413802,linear
304,12_epo,28.000000000000004,357.9852757538916,linear
305,12_epo,28.999999999999996,358.36184246640295,linear
306,12_epo,30.0,358.73840917891437,linear
307,12_epo,31.0,359.1149758914258,linear
308,12_epo,32.0,359.49154260393715,linear
309,12_epo,33.0,359.86810931644857,linear
310,12_epo,34.0,360.24467602896,linear
311,12_epo,35.0,360.62124274147135,linear
312,12_epo,36.0,360.99780945398277,linear
313,12_epo,37.0,361.37437616649413,linear
314,12_epo,38.0,361.75094287900555,linear
315,12_epo,39.0,362.12750959151697,linear
316,12_epo,40.0,362.5040763040284,linear
317,12_epo,41.0,362.8806430165397,linear
318,12_epo,42.0,363.2572097290511,linear
319,12_epo,43.0,363.63377644156253,linear
320,12_epo,44.0,364.01034315407395,linear
321,12_epo,45.0,364.3869098665853,linear
322,12_epo,46.0,364.76347657909673,linear
323,12_epo,47.0,365.1400432916081,linear
324,12_epo,48.0,365.5166100041195,linear
325,12_epo,49.0,365.89317671663093,linear
326,12_epo,50.0,366.2697434291423,linear
327,12_epo,51.0,366.6463101416537,linear
328,12_epo,52.0,367.02287685416513,linear
329,12_epo,53.0,367.39944356667655,linear
330,12_epo,54.0,367.77601027918786,linear
331,12_epo,55.00000000000001,368.1525769916993,linear
332,12_epo,56.00000000000001,368.5291437042107,linear
333,12_epo,56.99999999999999,368.9057104167221,linear
334,12_epo,57.99999999999999,369.2822771292335,linear
335,12_epo,59.0,369.6588438417449,linear
336,12_epo,60.0,370.03541055425626,linear
337,12_epo,61.0,370.4119772667677,linear
338,12_epo,62.0,370.7885439792791,linear
339,12_epo,63.0,371.16511069179046,linear
340,12_epo,64.0,371.5416774043019,linear
341,12_epo,65.0,371.9182441168133,linear
342,12_epo,66.0,372.29481082932466,linear
343,12_epo,67.0,372.671377541836,linear
344,12_epo,68.0,373.04794425434744,linear
345,12_epo,69.0,373.42451096685886,linear
346,12_epo,70.0,373.8010776793703,linear
347,12_epo,71.0,374.17764439188164,linear
348,12_epo,72.0,374.554211104393,linear
349,12_epo,73.0,374.9307778169044,linear
350,12_epo,74.0,375.30734452941584,linear
351,12_epo,75.0,375.68391124192726,linear
352,12_epo,76.0,376.0604779544386,linear
353,12_epo,77.0,376.43704466695004,linear
354,12_epo,78.0,376.81361137946146,linear
355,12_epo,79.0,377.1901780919728,linear
356,12_epo,80.0,377.5667448044842,linear
357,12_epo,81.0,377.9433115169956,linear
358,12_epo,82.0,378.319878229507,linear
359,12_epo,83.0,378.69644494201845,linear
360,12_epo,84.0,379.07301165452975,linear
361,12_epo,85.0,379.44957836704117,linear
362,12_epo,86.0,379.8261450795526,linear
363,12_epo,87.0,380.202711792064,linear
364,12_epo,88.0,380.5792785045754,linear
365,12_epo,89.0,380.9558452170868,linear
366,12_epo,90.0,381.3324119295982,linear
367,12_epo,91.0,381.7089786421096,linear
368,12_epo,92.0,382.085545354621,linear
369,12_epo,93.0,382.46211206713235,linear
370,12_epo,94.0,382.83867877964377,linear
371,12_epo,95.0,383.2152454921552,linear
372,13_epo,3.0,291.1787934608251,linear
373,13_epo,4.0,291.3765091995578,linear
374,13_epo,5.0,291.5742249382905,linear
375,13_epo,6.0,291.77194067702317,linear
376,13_epo,7.000000000000001,291.9696564157559,linear
377,13_epo,8.0,292.1673721544886,linear
378,13_epo,9.0,292.3650878932213,linear
379,13_epo,10.0,292.56280363195395,linear
380,13_epo,11.0,292.76051937068667,linear
381,13_epo,12.0,292.9582351094194,linear
382,13_epo,13.0,293.15595084815203,linear
383,13_epo,14.000000000000002,293.3536665868848,linear
384,13_epo,15.0,293.55138232561745,linear
385,13_epo,16.0,293.7490980643501,linear
386,13_epo,17.0,293.9468138030829,linear
387,13_epo,18.0,294.14452954181553,linear
388,13_epo,19.0,294.34224528054824,linear
389,13_epo,20.0,294.53996101928095,linear
390,13_epo,21.0,294.7376767580136,linear
391,13_epo,22.0,294.9353924967463,linear
392,13_epo,23.0,295.133108235479,linear
393,13_epo,24.0,295.33082397421174,linear
394,13_epo,25.0,295.5285397129444,linear
395,13_epo,26.0,295.7262554516771,linear
396,13_epo,27.0,295.9239711904098,linear
397,13_epo,28.000000000000004,296.12168692914247,linear
398,13_epo,28.999999999999996,296.3194026678752,linear
399,13_epo,30.0,296.5171184066079,linear
400,13_epo,31.0,296.71483414534055,linear
401,13_epo,32.0,296.91254988407326,linear
402,13_epo,33.0,297.11026562280597,linear
403,13_epo,34.0,297.3079813615387,linear
404,13_epo,35.0,297.50569710027133,linear
405,13_epo,36.0,297.70341283900405,linear
406,13_epo,37.0,297.90112857773676,linear
407,13_epo,38.0,298.0988443164694,linear
408,13_epo,39.0,298.2965600552022,linear
409,13_epo,40.0,298.49427579393483,linear
410,13_epo,41.0,298.6919915326675,linear
411,13_epo,42.0,298.88970727140025,linear
412,13_epo,43.0,299.0874230101329,linear
413,13_epo,44.0,299.2851387488656,linear
414,13_epo,45.0,299.48285448759833,linear
415,13_epo,46.0,299.680570226331,linear
416,13_epo,47.0,299.8782859650637,linear
417,13_epo,48.0,300.0760017037964,linear
418,13_epo,49.0,300.2737174425291,linear
419,13_epo,50.0,300.4714331812618,linear
420,13_epo,51.0,300.6691489199945,linear
421,13_epo,52.0,300.8668646587272,linear
422,13_epo,53.0,301.06458039745985,linear
423,13_epo,54.0,301.2622961361926,linear
424,13_epo,55.00000000000001,301.46001187492527,linear
425,13_epo,56.00000000000001,301.6577276136579,linear
426,13_epo,56.99999999999999,301.8554433523907,linear
427,13_epo,57.99999999999999,302.05315909112335,linear
428,13_epo,59.0,302.25087482985606,linear
429,13_epo,60.0,302.44859056858877,linear
430,13_epo,61.0,302.6463063073214,linear
431,13_epo,62.0,302.84402204605414,linear
432,13_epo,63.0,303.04173778478685,linear
433,13_epo,64.0,303.23945352351956,linear
434,13_epo,65.0,303.4371692622522,linear
435,13_epo,66.0,303.6348850009849,linear
436,13_epo,67.0,303.83260073971763,linear
437,13_epo,68.0,304.0303164784503,linear
438,13_epo,69.0,304.22803221718306,linear
439,13_epo,70.0,304.4257479559157,linear
440,13_epo,71.0,304.62346369464836,linear
441,13_epo,72.0,304.82117943338113,linear
442,13_epo,73.0,305.0188951721138,linear
443,13_epo,74.0,305.2166109108465,linear
444,13_epo,75.0,305.4143266495792,linear
445,13_epo,76.0,305.61204238831186,linear
446,13_epo,77.0,305.8097581270446,linear
447,13_epo,78.0,306.0074738657773,linear
448,13_epo,79.0,306.20518960451,linear
449,13_epo,80.0,306.40290534324265,linear
450,13_epo,81.0,306.6006210819753,linear
451,13_epo,82.0,306.7983368207081,linear
452,13_epo,83.0,306.9960525594407,linear
453,13_epo,84.0,307.19376829817344,linear
454,13_epo,85.0,307.39148403690615,linear
455,13_epo,86.0,307.5891997756388,linear
456,13_epo,87.0,307.7869155143715,linear
457,13_epo,88.0,307.9846312531042,linear
458,13_epo,89.0,308.18234699183694,linear
459,13_epo,90.0,308.3800627305696,linear
460,13_epo,91.0,308.5777784693023,linear
461,13_epo,92.0,308.775494208035,linear
462,13_epo,93.0,308.97320994676767,linear
463,13_epo,94.0,309.17092568550044,linear
464,13_epo,95.0,309.3686414242331,linear
465,14_epo,3.0,363.92573874215014,linear
466,14_epo,4.0,364.68594681454505,linear
467,14_epo,5.0,365.44615488694,linear
468,14_epo,6.0,366.2063629593349,linear
469,14_epo,7.000000000000001,366.96657103172987,linear
470,14_epo,8.0,367.7267791041248,linear
471,14_epo,9.0,368.48698717651973,linear
472,14_epo,10.0,369.2471952489147,linear
473,14_epo,11.0,370.0074033213096,linear
474,14_epo,12.0,370.76761139370456,linear
475,14_epo,13.0,371.52781946609946,linear
476,14_epo,14.000000000000002,372.2880275384944,linear
477,14_epo,15.0,373.0482356108893,linear
478,14_epo,16.0,373.8084436832843,linear
479,14_epo,17.0,374.5686517556793,linear
480,14_epo,18.0,375.3288598280742,linear
481,14_epo,19.0,376.08906790046916,linear
482,14_epo,20.0,376.84927597286406,linear
483,14_epo,21.0,377.609484045259,linear
484,14_epo,22.0,378.3696921176539,linear
485,14_epo,23.0,379.1299001900489,linear
486,14_epo,24.0,379.8901082624438,linear
487,14_epo,25.0,380.65031633483875,linear
488,14_epo,26.0,381.4105244072337,linear
489,14_epo,27.0,382.1707324796286,linear
490,14_epo,28.000000000000004,382.93094055202357,linear
491,14_epo,28.999999999999996,383.6911486244185,linear
492,14_epo,30.0,384.45135669681343,linear
493,14_epo,31.0,385.2115647692084,linear
494,14_epo,32.0,385.97177284160335,linear
495,14_epo,33.0,386.7319809139983,linear
496,14_epo,34.0,387.4921889863932,linear
497,14_epo,35.0,388.2523970587882,linear
498,14_epo,36.0,389.0126051311831,linear
499,14_epo,37.0,389.77281320357804,linear
500,14_epo,38.0,390.53302127597294,linear
501,14_epo,39.0,391.2932293483679,linear
502,14_epo,40.0,392.0534374207628,linear
503,14_epo,41.0,392.81364549315776,linear
504,14_epo,42.0,393.5738535655527,linear
505,14_epo,43.0,394.3340616379476,linear
506,14_epo,44.0,395.09426971034264,linear
507,14_epo,45.0,395.85447778273755,linear
508,14_epo,46.0,396.6146858551325,linear
509,14_epo,47.0,397.3748939275274,linear
510,14_epo,48.0,398.13510199992237,linear
511,14_epo,49.0,398.8953100723173,linear
512,14_epo,50.0,399.65551814471223,linear
513,14_epo,51.0,400.4157262171072,linear
514,14_epo,52.0,401.1759342895021,linear
515,14_epo,53.0,401.93614236189705,linear
516,14_epo,54.0,402.69635043429196,linear
517,14_epo,55.00000000000001,403.4565585066869,linear
518,14_epo,56.00000000000001,404.2167665790818,linear
519,14_epo,56.99999999999999,404.9769746514768,linear
520,14_epo,57.99999999999999,405.73718272387174,linear
521,14_epo,59.0,406.4973907962667,linear
522,14_epo,60.0,407.25759886866166,linear
523,14_epo,61.0,408.01780694105656,linear
524,14_epo,62.0,408.7780150134515,linear
525,14_epo,63.0,409.5382230858464,linear
526,14_epo,64.0,410.2984311582414,linear
527,14_epo,65.0,411.0586392306363,linear
528,14_epo,66.0,411.81884730303125,linear
529,14_epo,67.0,412.5790553754262,linear
530,14_epo,68.0,413.3392634478211,linear
531,14_epo,69.0,414.09947152021607,linear
532,14_epo,70.0,414.859679592611,linear
533,14_epo,71.0,415.61988766500593,linear
534,14_epo,72.0,416.3800957374009,linear
535,14_epo,73.0,417.14030380979585,linear
536,14_epo,74.0,417.90051188219076,linear
537,14_epo,75.0,418.6607199545857,linear
538,14_epo,76.0,419.4209280269807,linear
539,14_epo,77.0,420.1811360993756,linear
540,14_epo,78.0,420.94134417177054,linear
541,14_epo,79.0,421.70155224416544,linear
542,14_epo,80.0,422.4617603165604,linear
543,14_epo,81.0,423.2219683889553,linear
544,14_epo,82.0,423.98217646135026,linear
545,14_epo,83.0,424.7423845337452,linear
546,14_epo,84.0,425.5025926061401,linear
547,14_epo,85.0,426.2628006785351,linear
548,14_epo,86.0,427.02300875093005,linear
549,14_epo,87.0,427.783216823325,linear
550,14_epo,88.0,428.5434248957199,linear
551,14_epo,89.0,429.30363296811487,linear
552,14_epo,90.0,430.06384104050977,linear
553,14_epo,91.0,430.82404911290473,linear
554,14_epo,92.0,431.5842571852997,linear
555,14_epo,93.0,432.3444652576946,linear
556,14_epo,94.0,433.1046733300895,linear
557,14_epo,95.0,433.86488140248446,linear
558,15_epo,3.0,446.42719222072265,linear
559,15_epo,4.0,447.0613636117011,linear
560,15_epo,5.0,447.69553500267955,linear
561,15_epo,6.0,448.329706393658,linear
562,15_epo,7.000000000000001,448.9638777846364,linear
563,15_epo,8.0,449.59804917561485,linear
564,15_epo,9.0,450.2322205665933,linear
565,15_epo,10.0,450.86639195757175,linear
566,15_epo,11.0,451.5005633485502,linear
567,15_epo,12.0,452.13473473952865,linear
568,15_epo,13.0,452.76890613050705,linear
569,15_epo,14.000000000000002,453.4030775214855,linear
570,15_epo,15.0,454.03724891246395,linear
571,15_epo,16.0,454.6714203034424,linear
572,15_epo,17.0,455.3055916944208,linear
573,15_epo,18.0,455.93976308539925,linear
574,15_epo,19.0,456.57393447637776,linear
575,15_epo,20.0,457.20810586735615,linear
576,15_epo,21.0,457.8422772583346,linear
577,15_epo,22.0,458.47644864931306,linear
578,15_epo,23.0,459.11062004029145,linear
579,15_epo,24.0,459.7447914312699,linear
580,15_epo,25.0,460.37896282224835,linear
581,15_epo,26.0,461.0131342132268,linear
582,15_epo,27.0,461.64730560420526,linear
583,15_epo,28.000000000000004,462.2814769951837,linear
584,15_epo,28.999999999999996,462.9156483861621,linear
585,15_epo,30.0,463.54981977714056,linear
586,15_epo,31.0,464.183991168119,linear
587,15_epo,32.0,464.8181625590974,linear
588,15_epo,33.0,465.4523339500759,linear
589,15_epo,34.0,466.08650534105436,linear
590,15_epo,35.0,466.72067673203276,linear
591,15_epo,36.0,467.3548481230112,linear
592,15_epo,37.0,467.98901951398966,linear
593,15_epo,38.0,468.62319090496806,linear
594,15_epo,39.0,469.2573622959465,linear
595,15_epo,40.0,469.89153368692496,linear
596,15_epo,41.0,470.5257050779034,linear
597,15_epo,42.0,471.15987646888186,linear
598,15_epo,43.0,471.7940478598603,linear
599,15_epo,44.0,472.4282192508387,linear
600,15_epo,45.0,473.06239064181716,linear
601,15_epo,46.0,473.6965620327956,linear
602,15_epo,47.0,474.330733423774,linear
603,15_epo,48.0,474.9649048147525,linear
604,15_epo,49.0,475.59907620573097,linear
605,15_epo,50.0,476.23324759670936,linear
606,15_epo,51.0,476.8674189876878,linear
607,15_epo,52.0,477.50159037866626,linear
608,15_epo,53.0,478.13576176964466,linear
609,15_epo,54.0,478.7699331606231,linear
610,15_epo,55.00000000000001,479.4041045516016,linear
611,15_epo,56.00000000000001,480.03827594258,linear
612,15_epo,56.99999999999999,480.67244733355847,linear
613,15_epo,57.99999999999999,481.3066187245369,linear
614,15_epo,59.0,481.9407901155153,linear
615,15_epo,60.0,482.57496150649376,linear
616,15_epo,61.0,483.2091328974722,linear
617,15_epo,62.0,483.84330428845067,linear
618,15_epo,63.0,484.4774756794291,linear
619,15_epo,64.0,485.11164707040757,linear
620,15_epo,65.0,485.74581846138597,linear
621,15_epo,66.0,486.3799898523644,linear
622,15_epo,67.0,487.01416124334287,linear
623,15_epo,68.0,487.64833263432126,linear
624,15_epo,69.0,488.2825040252997,linear
625,15_epo,70.0,488.9166754162782,linear
626,15_epo,71.0,489.5508468072566,linear
627,15_epo,72.0,490.18501819823507,linear
628,15_epo,73.0,490.8191895892135,linear
629,15_epo,74.0,491.4533609801919,linear
630,15_epo,75.0,492.08753237117037,linear
631,15_epo,76.0,492.7217037621489,linear
632,15_epo,77.0,493.3558751531273,linear
633,15_epo,78.0,493.9900465441057,linear
634,15_epo,79.0,494.6242179350842,linear
635,15_epo,80.0,495.25838932606257,linear
636,15_epo,81.0,495.892560717041,linear
637,15_epo,82.0,496.5267321080195,linear
638,15_epo,83.0,497.16090349899787,linear
639,15_epo,84.0,497.7950748899763,linear
640,15_epo,85.0,498.4292462809548,linear
641,15_epo,86.0,499.0634176719332,linear
642,15_epo,87.0,499.6975890629117,linear
643,15_epo,88.0,500.3317604538902,linear
644,15_epo,89.0,500.9659318448686,linear
645,15_epo,90.0,501.60010323584703,linear
646,15_epo,91.0,502.2342746268255,linear
647,15_epo,92.0,502.8684460178039,linear
648,15_epo,93.0,503.5026174087823,linear
649,15_epo,94.0,504.1367887997608,linear
650,15_epo,95.0,504.7709601907392,linear
651,16_epo,3.0,271.54708267742006,linear
652,16_epo,4.0,271.7537432325285,linear
653,16_epo,5.0,271.96040378763695,linear
654,16_epo,6.0,272.1670643427454,linear
655,16_epo,7.000000000000001,272.3737248978539,linear
656,16_epo,8.0,272.58038545296233,linear
657,16_epo,9.0,272.7870460080707,linear
658,16_epo,10.0,272.9937065631792,linear
659,16_epo,11.0,273.20036711828766,linear
660,16_epo,12.0,273.4070276733961,linear
661,16_epo,13.0,273.61368822850454,linear
662,16_epo,14.000000000000002,273.820348783613,linear
663,16_epo,15.0,274.0270093387214,linear
664,16_epo,16.0,274.2336698938299,linear
665,16_epo,17.0,274.44033044893837,linear
666,16_epo,18.0,274.64699100404675,linear
667,16_epo,19.0,274.85365155915525,linear
668,16_epo,20.0,275.0603121142637,linear
669,16_epo,21.0,275.2669726693722,linear
670,16_epo,22.0,275.4736332244806,linear
671,16_epo,23.0,275.680293779589,linear
672,16_epo,24.0,275.8869543346975,linear
673,16_epo,25.0,276.09361488980596,linear
674,16_epo,26.0,276.30027544491435,linear
675,16_epo,27.0,276.50693600002285,linear
676,16_epo,28.000000000000004,276.7135965551313,linear
677,16_epo,28.999999999999996,276.92025711023973,linear
678,16_epo,30.0,277.1269176653482,linear
679,16_epo,31.0,277.3335782204566,linear
680,16_epo,32.0,277.5402387755651,linear
681,16_epo,33.0,277.74689933067356,linear
682,16_epo,34.0,277.95355988578194,linear
683,16_epo,35.0,278.16022044089044,linear
684,16_epo,36.0,278.3668809959989,linear
685,16_epo,37.0,278.5735415511073,linear
686,16_epo,38.0,278.78020210621577,linear
687,16_epo,39.0,278.9868626613242,linear
688,16_epo,40.0,279.19352321643265,linear
689,16_epo,41.0,279.40018377154115,linear
690,16_epo,42.0,279.60684432664954,linear
691,16_epo,43.0,279.813504881758,linear
692,16_epo,44.0,280.0201654368665,linear
693,16_epo,45.0,280.2268259919749,linear
694,16_epo,46.0,280.43348654708336,linear
695,16_epo,47.0,280.6401471021918,linear
696,16_epo,48.0,280.84680765730025,linear
697,16_epo,49.0,281.05346821240875,linear
698,16_epo,50.0,281.26012876751713,linear
699,16_epo,51.0,281.4667893226256,linear
700,16_epo,52.0,281.6734498777341,linear
701,16_epo,53.0,281.8801104328425,linear
702,16_epo,54.0,282.08677098795096,linear
703,16_epo,55.00000000000001,282.2934315430594,linear
704,16_epo,56.00000000000001,282.50009209816784,linear
705,16_epo,56.99999999999999,282.7067526532763,linear
706,16_epo,57.99999999999999,282.9134132083848,linear
707,16_epo,59.0,283.12007376349317,linear
708,16_epo,60.0,283.32673431860167,linear
709,16_epo,61.0,283.5333948737101,linear
710,16_epo,62.0,283.74005542881855,linear
711,16_epo,63.0,283.946715983927,linear
712,16_epo,64.0,284.15337653903543,linear
713,16_epo,65.0,284.3600370941439,linear
714,16_epo,66.0,284.5666976492524,linear
715,16_epo,67.0,284.77335820436076,linear
716,16_epo,68.0,284.9800187594692,linear
717,16_epo,69.0,285.1866793145777,linear
718,16_epo,70.0,285.39333986968614,linear
719,16_epo,71.0,285.6000004247946,linear
720,16_epo,72.0,285.80666097990303,linear
721,16_epo,73.0,286.01332153501147,linear
722,16_epo,74.0,286.21998209011997,linear
723,16_epo,75.0,286.42664264522836,linear
724,16_epo,76.0,286.6333032003368,linear
725,16_epo,77.0,286.8399637554453,linear
726,16_epo,78.0,287.04662431055374,linear
727,16_epo,79.0,287.2532848656621,linear
728,16_epo,80.0,287.4599454207706,linear
729,16_epo,81.0,287.66660597587907,linear
730,16_epo,82.0,287.87326653098756,linear
731,16_epo,83.0,288.07992708609595,linear
732,16_epo,84.0,288.2865876412044,linear
733,16_epo,85.0,288.4932481963129,linear
734,16_epo,86.0,288.69990875142133,linear
735,16_epo,87.0,288.9065693065298,linear
736,16_epo,88.0,289.1132298616382,linear
737,16_epo,89.0,289.31989041674666,linear
738,16_epo,90.0,289.5265509718551,linear
739,16_epo,91.0,289.7332115269636,linear
740,16_epo,92.0,289.939872082072,linear
741,16_epo,93.0,290.1465326371805,linear
742,16_epo,94.0,290.3531931922889,linear
743,16_epo,95.0,290.55985374739737,linear
744,17_epo,3.0,566.2309417430826,linear
745,17_epo,4.0,568.9284566384758,linear
746,17_epo,5.0,571.6259715338692,linear
747,17_epo,6.0,574.3234864292625,linear
748,17_epo,7.000000000000001,577.0210013246558,linear
749,17_epo,8.0,579.7185162200492,linear
750,17_epo,9.0,582.4160311154425,linear
751,17_epo,10.0,585.1135460108359,linear
752,17_epo,11.0,587.8110609062293,linear
753,17_epo,12.0,590.5085758016226,linear
754,17_epo,13.0,593.206090697016,linear
755,17_epo,14.000000000000002,595.9036055924092,linear
756,17_epo,15.0,598.6011204878025,linear
757,17_epo,16.0,601.2986353831959,linear
758,17_epo,17.0,603.9961502785892,linear
759,17_epo,18.0,606.6936651739826,linear
760,17_epo,19.0,609.3911800693759,linear
761,17_epo,20.0,612.0886949647693,linear
762,17_epo,21.0,614.7862098601627,linear
763,17_epo,22.0,617.483724755556,linear
764,17_epo,23.0,620.1812396509492,linear
765,17_epo,24.0,622.8787545463425,linear
766,17_epo,25.0,625.5762694417359,linear
767,17_epo,26.0,628.2737843371293,linear
768,17_epo,27.0,630.9712992325226,linear
769,17_epo,28.000000000000004,633.668814127916,linear
770,17_epo,28.999999999999996,636.3663290233093,linear
771,17_epo,30.0,639.0638439187027,linear
772,17_epo,31.0,641.7613588140961,linear
773,17_epo,32.0,644.4588737094892,linear
774,17_epo,33.0,647.1563886048826,linear
775,17_epo,34.0,649.8539035002759,linear
776,17_epo,35.0,652.5514183956693,linear
777,17_epo,36.0,655.2489332910627,linear
778,17_epo,37.0,657.946448186456,linear
779,17_epo,38.0,660.6439630818494,linear
780,17_epo,39.0,663.3414779772427,linear
781,17_epo,40.0,666.0389928726361,linear
782,17_epo,41.0,668.7365077680294,linear
783,17_epo,42.0,671.4340226634226,linear
784,17_epo,43.0,674.131537558816,linear
785,17_epo,44.0,676.8290524542093,linear
786,17_epo,45.0,679.5265673496027,linear
787,17_epo,46.0,682.2240822449961,linear
788,17_epo,47.0,684.9215971403894,linear
789,17_epo,48.0,687.6191120357828,linear
790,17_epo,49.0,690.316626931176,linear
791,17_epo,50.0,693.0141418265694,linear
792,17_epo,51.0,695.7116567219628,linear
793,17_epo,52.0,698.409171617356,linear
794,17_epo,53.0,701.1066865127494,linear
795,17_epo,54.0,703.8042014081427,linear
796,17_epo,55.00000000000001,706.5017163035361,linear
797,17_epo,56.00000000000001,709.1992311989295,linear
798,17_epo,56.99999999999999,711.8967460943228,linear
799,17_epo,57.99999999999999,714.5942609897161,linear
800,17_epo,59.0,717.2917758851094,linear
801,17_epo,60.0,719.9892907805028,linear
802,17_epo,61.0,722.6868056758962,linear
803,17_epo,62.0,725.3843205712894,linear
804,17_epo,63.0,728.0818354666828,linear
805,17_epo,64.0,730.7793503620761,linear
806,17_epo,65.0,733.4768652574695,linear
807,17_epo,66.0,736.1743801528628,linear
808,17_epo,67.0,738.8718950482561,linear
809,17_epo,68.0,741.5694099436495,linear
810,17_epo,69.0,744.2669248390428,linear
811,17_epo,70.0,746.9644397344362,linear
812,17_epo,71.0,749.6619546298296,linear
813,17_epo,72.0,752.3594695252228,linear
814,17_epo,73.0,755.0569844206162,linear
815,17_epo,74.0,757.7544993160095,linear
816,17_epo,75.0,760.4520142114028,linear
817,17_epo,76.0,763.1495291067962,linear
818,17_epo,77.0,765.8470440021895,linear
819,17_epo,78.0,768.5445588975829,linear
820,17_epo,79.0,771.2420737929762,linear
821,17_epo,80.0,773.9395886883696,linear
822,17_epo,81.0,776.637103583763,linear
823,17_epo,82.0,779.3346184791562,linear
824,17_epo,83.0,782.0321333745496,linear
825,17_epo,84.0,784.7296482699428,linear
826,17_epo,85.0,787.4271631653362,linear
827,17_epo,86.0,790.1246780607296,linear
828,17_epo,87.0,792.8221929561229,linear
829,17_epo,88.0,795.5197078515163,linear
830,17_epo,89.0,798.2172227469096,linear
831,17_epo,90.0,800.914737642303,linear
832,17_epo,91.0,803.6122525376963,linear
833,17_epo,92.0,806.3097674330895,linear
834,17_epo,93.0,809.0072823284829,linear
835,17_epo,94.0,811.7047972238762,linear
836,17_epo,95.0,814.4023121192696,linear
837,18_epo,3.0,310.6042479243334,linear
838,18_epo,4.0,310.31563336523624,linear
839,18_epo,5.0,310.02701880613915,linear
840,18_epo,6.0,309.738404247042,linear
841,18_epo,7.000000000000001,309.4497896879448,linear
842,18_epo,8.0,309.16117512884773,linear
843,18_epo,9.0,308.8725605697506,linear
844,18_epo,10.0,308.58394601065345,linear
845,18_epo,11.0,308.29533145155636,linear
846,18_epo,12.0,308.0067168924592,linear
847,18_epo,13.0,307.7181023333621,linear
848,18_epo,14.000000000000002,307.429487774265,linear
849,18_epo,15.0,307.14087321516786,linear
850,18_epo,16.0,306.8522586560707,linear
851,18_epo,17.0,306.56364409697363,linear
852,18_epo,18.0,306.2750295378765,linear
853,18_epo,19.0,305.9864149787793,linear
854,18_epo,20.0,305.6978004196822,linear
855,18_epo,21.0,305.40918586058507,linear
856,18_epo,22.0,305.1205713014879,linear
857,18_epo,23.0,304.83195674239084,linear
858,18_epo,24.0,304.5433421832937,linear
859,18_epo,25.0,304.25472762419656,linear
860,18_epo,26.0,303.9661130650995,linear
861,18_epo,27.0,303.67749850600234,linear
862,18_epo,28.000000000000004,303.3888839469052,linear
863,18_epo,28.999999999999996,303.1002693878081,linear
864,18_epo,30.0,302.81165482871097,linear
865,18_epo,31.0,302.52304026961383,linear
866,18_epo,32.0,302.2344257105167,linear
867,18_epo,33.0,301.94581115141955,linear
868,18_epo,34.0,301.6571965923224,linear
869,18_epo,35.0,301.3685820332253,linear
870,18_epo,36.0,301.0799674741282,linear
871,18_epo,37.0,300.79135291503104,linear
872,18_epo,38.0,300.50273835593396,linear
873,18_epo,39.0,300.2141237968368,linear
874,18_epo,40.0,299.9255092377397,linear
875,18_epo,41.0,299.6368946786426,linear
876,18_epo,42.0,299.34828011954545,linear
877,18_epo,43.0,299.0596655604483,linear
878,18_epo,44.0,298.77105100135117,linear
879,18_epo,45.0,298.482436442254,linear
880,18_epo,46.0,298.1938218831569,linear
881,18_epo,47.0,297.9052073240598,linear
882,18_epo,48.0,297.61659276496266,linear
883,18_epo,49.0,297.3279782058655,linear
884,18_epo,50.0,297.03936364676844,linear
885,18_epo,51.0,296.7507490876713,linear
886,18_epo,52.0,296.46213452857415,linear
887,18_epo,53.0,296.17351996947707,linear
888,18_epo,54.0,295.88490541037993,linear
889,18_epo,55.00000000000001,295.5962908512828,linear
890,18_epo,56.00000000000001,295.3076762921857,linear
891,18_epo,56.99999999999999,295.0190617330885,linear
892,18_epo,57.99999999999999,294.73044717399137,linear
893,18_epo,59.0,294.4418326148943,linear
894,18_epo,60.0,294.15321805579714,linear
895,18_epo,61.0,293.8646034967,linear
896,18_epo,62.0,293.5759889376029,linear
897,18_epo,63.0,293.2873743785058,linear
898,18_epo,64.0,292.99875981940863,linear
899,18_epo,65.0,292.71014526031155,linear
900,18_epo,66.0,292.4215307012144,linear
901,18_epo,67.0,292.13291614211727,linear
902,18_epo,68.0,291.8443015830202,linear
903,18_epo,69.0,291.555687023923,linear
904,18_epo,70.0,291.26707246482584,linear
905,18_epo,71.0,290.97845790572876,linear
906,18_epo,72.0,290.6898433466316,linear
907,18_epo,73.0,290.4012287875345,linear
908,18_epo,74.0,290.1126142284374,linear
909,18_epo,75.0,289.82399966934025,linear
910,18_epo,76.0,289.5353851102431,linear
911,18_epo,77.0,289.246770551146,linear
912,18_epo,78.0,288.9581559920489,linear
913,18_epo,79.0,288.66954143295175,linear
914,18_epo,80.0,288.38092687385466,linear
915,18_epo,81.0,288.0923123147575,linear
916,18_epo,82.0,287.8036977556603,linear
917,18_epo,83.0,287.51508319656324,linear
918,18_epo,84.0,287.2264686374661,linear
919,18_epo,85.0,286.93785407836896,linear
920,18_epo,86.0,286.6492395192719,linear
921,18_epo,87.0,286.36062496017473,linear
922,18_epo,88.0,286.0720104010776,linear
923,18_epo,89.0,285.7833958419805,linear
924,18_epo,90.0,285.49478128288337,linear
925,18_epo,91.0,285.2061667237862,linear
926,18_epo,92.0,284.91755216468914,linear
927,18_epo,93.0,284.628937605592,linear
928,18_epo,94.0,284.3403230464948,linear
929,18_epo,95.0,284.0517084873977,linear
930,19_epo,3.0,320.53582719629605,linear
931,19_epo,4.0,320.0758980789877,linear
932,19_epo,5.0,319.61596896167924,linear
933,19_epo,6.0,319.15603984437087,linear
934,19_epo,7.000000000000001,318.69611072706243,linear
935,19_epo,8.0,318.23618160975406,linear
936,19_epo,9.0,317.7762524924456,linear
937,19_epo,10.0,317.31632337513724,linear
938,19_epo,11.0,316.85639425782887,linear
939,19_epo,12.0,316.39646514052043,linear
940,19_epo,13.0,315.93653602321206,linear
941,19_epo,14.000000000000002,315.4766069059036,linear
942,19_epo,15.0,315.0166777885952,linear
943,19_epo,16.0,314.55674867128687,linear
944,19_epo,17.0,314.09681955397843,linear
945,19_epo,18.0,313.63689043667006,linear
946,19_epo,19.0,313.1769613193616,linear
947,19_epo,20.0,312.7170322020532,linear
948,19_epo,21.0,312.2571030847448,linear
949,19_epo,22.0,311.79717396743644,linear
950,19_epo,23.0,311.33724485012806,linear
951,19_epo,24.0,310.8773157328196,linear
952,19_epo,25.0,310.4173866155112,linear
953,19_epo,26.0,309.9574574982028,linear
954,19_epo,27.0,309.4975283808944,linear
955,19_epo,28.000000000000004,309.037599263586,linear
956,19_epo,28.999999999999996,308.5776701462776,linear
957,19_epo,30.0,308.1177410289692,linear
958,19_epo,31.0,307.6578119116608,linear
959,19_epo,32.0,307.1978827943524,linear
960,19_epo,33.0,306.737953677044,linear
961,19_epo,34.0,306.27802455973557,linear
962,19_epo,35.0,305.8180954424272,linear
963,19_epo,36.0,305.3581663251188,linear
964,19_epo,37.0,304.8982372078104,linear
965,19_epo,38.0,304.438308090502,linear
966,19_epo,39.0,303.97837897319357,linear
967,19_epo,40.0,303.51844985588514,linear
968,19_epo,41.0,303.0585207385768,linear
969,19_epo,42.0,302.5985916212684,linear
970,19_epo,43.0,302.13866250396,linear
971,19_epo,44.0,301.6787333866516,linear
972,19_epo,45.0,301.21880426934314,linear
973,19_epo,46.0,300.75887515203476,linear
974,19_epo,47.0,300.2989460347264,linear
975,19_epo,48.0,299.839016917418,linear
976,19_epo,49.0,299.3790878001096,linear
977,19_epo,50.0,298.91915868280114,linear
978,19_epo,51.0,298.45922956549276,linear
979,19_epo,52.0,297.99930044818433,linear
980,19_epo,53.0,297.53937133087595,linear
981,19_epo,54.0,297.0794422135676,linear
982,19_epo,55.00000000000001,296.61951309625914,linear
983,19_epo,56.00000000000001,296.15958397895076,linear
984,19_epo,56.99999999999999,295.69965486164233,linear
985,19_epo,57.99999999999999,295.23972574433395,linear
986,19_epo,59.0,294.7797966270255,linear
987,19_epo,60.0,294.31986750971714,linear
988,19_epo,61.0,293.85993839240876,linear
989,19_epo,62.0,293.40000927510033,linear
990,19_epo,63.0,292.94008015779195,linear
991,19_epo,64.0,292.4801510404835,linear
992,19_epo,65.0,292.02022192317514,linear
993,19_epo,66.0,291.56029280586677,linear
994,19_epo,67.0,291.10036368855833,linear
995,19_epo,68.0,290.64043457124995,linear
996,19_epo,69.0,290.1805054539415,linear
997,19_epo,70.0,289.72057633663314,linear
998,19_epo,71.0,289.2606472193247,linear
999,19_epo,72.0,288.80071810201633,linear
1000,19_epo,73.0,288.34078898470796,linear
1001,19_epo,74.0,287.8808598673995,linear
1002,19_epo,75.0,287.42093075009115,linear
1003,19_epo,76.0,286.9610016327827,linear
1004,19_epo,77.0,286.5010725154743,linear
1005,19_epo,78.0,286.0411433981659,linear
1006,19_epo,79.0,285.5812142808575,linear
1007,19_epo,80.0,285.12128516354915,linear
1008,19_epo,81.0,284.6613560462407,linear
1009,19_epo,82.0,284.2014269289323,linear
1010,19_epo,83.0,283.7414978116239,linear
1011,19_epo,84.0,283.2815686943155,linear
1012,19_epo,85.0,282.82163957700715,linear
1013,19_epo,86.0,282.3617104596987,linear
1014,19_epo,87.0,281.9017813423903,linear
1015,19_epo,88.0,281.4418522250819,linear
1016,19_epo,89.0,280.98192310777347,linear
1017,19_epo,90.0,280.5219939904651,linear
1018,19_epo,91.0,280.06206487315666,linear
1019,19_epo,92.0,279.6021357558483,linear
1020,19_epo,93.0,279.1422066385399,linear
1021,19_epo,94.0,278.68227752123147,linear
1022,19_epo,95.0,278.2223484039231,linear
1023,1_epo,3.0,274.86953058468265,linear
1024,1_epo,4.0,275.99527737822126,linear
1025,1_epo,5.0,277.1210241717598,linear
1026,1_epo,6.0,278.24677096529837,linear
1027,1_epo,7.000000000000001,279.372517758837,linear
1028,1_epo,8.0,280.49826455237553,linear
1029,1_epo,9.0,281.62401134591414,linear
1030,1_epo,10.0,282.7497581394527,linear
1031,1_epo,11.0,283.87550493299125,linear
1032,1_epo,12.0,285.00125172652986,linear
1033,1_epo,13.0,286.1269985200684,linear
1034,1_epo,14.000000000000002,287.252745313607,linear
1035,1_epo,15.0,288.3784921071456,linear
1036,1_epo,16.0,289.50423890068413,linear
1037,1_epo,17.0,290.62998569422274,linear
1038,1_epo,18.0,291.7557324877613,linear
1039,1_epo,19.0,292.8814792812998,linear
1040,1_epo,20.0,294.0072260748384,linear
1041,1_epo,21.0,295.13297286837695,linear
1042,1_epo,22.0,296.25871966191556,linear
1043,1_epo,23.0,297.3844664554541,linear
1044,1_epo,24.0,298.51021324899267,linear
1045,1_epo,25.0,299.6359600425313,linear
1046,1_epo,26.0,300.76170683606983,linear
1047,1_epo,27.0,301.88745362960844,linear
1048,1_epo,28.000000000000004,303.013200423147,linear
1049,1_epo,28.999999999999996,304.13894721668555,linear
1050,1_epo,30.0,305.26469401022416,linear
1051,1_epo,31.0,306.3904408037627,linear
1052,1_epo,32.0,307.5161875973013,linear
1053,1_epo,33.0,308.6419343908399,linear
1054,1_epo,34.0,309.7676811843785,linear
1055,1_epo,35.0,310.89342797791704,linear
1056,1_epo,36.0,312.0191747714556,linear
1057,1_epo,37.0,313.1449215649942,linear
1058,1_epo,38.0,314.27066835853276,linear
1059,1_epo,39.0,315.3964151520713,linear
1060,1_epo,40.0,316.52216194560987,linear
1061,1_epo,41.0,317.6479087391484,linear
1062,1_epo,42.0,318.773655532687,linear
1063,1_epo,43.0,319.8994023262256,linear
1064,1_epo,44.0,321.02514911976414,linear
1065,1_epo,45.0,322.15089591330275,linear
1066,1_epo,46.0,323.2766427068413,linear
1067,1_epo,47.0,324.4023895003799,linear
1068,1_epo,48.0,325.52813629391846,linear
1069,1_epo,49.0,326.653883087457,linear
1070,1_epo,50.0,327.7796298809956,linear
1071,1_epo,51.0,328.9053766745342,linear
1072,1_epo,52.0,330.0311234680728,linear
1073,1_epo,53.0,331.15687026161135,linear
1074,1_epo,54.0,332.2826170551499,linear
1075,1_epo,55.00000000000001,333.4083638486885,linear
1076,1_epo,56.00000000000001,334.53411064222706,linear
1077,1_epo,56.99999999999999,335.6598574357657,linear
1078,1_epo,57.99999999999999,336.7856042293042,linear
1079,1_epo,59.0,337.9113510228428,linear
1080,1_epo,60.0,339.03709781638133,linear
1081,1_epo,61.0,340.1628446099199,linear
1082,1_epo,62.0,341.28859140345844,linear
1083,1_epo,63.0,342.41433819699705,linear
1084,1_epo,64.0,343.5400849905356,linear
1085,1_epo,65.0,344.6658317840742,linear
1086,1_epo,66.0,345.79157857761277,linear
1087,1_epo,67.0,346.9173253711514,linear
1088,1_epo,68.0,348.04307216468993,linear
1089,1_epo,69.0,349.1688189582285,linear
1090,1_epo,70.0,350.2945657517671,linear
1091,1_epo,71.0,351.42031254530565,linear
1092,1_epo,72.0,352.5460593388442,linear
1093,1_epo,73.0,353.6718061323828,linear
1094,1_epo,74.0,354.79755292592137,linear
1095,1_epo,75.0,355.9232997194599,linear
1096,1_epo,76.0,357.04904651299853,linear
1097,1_epo,77.0,358.17479330653714,linear
1098,1_epo,78.0,359.3005401000757,linear
1099,1_epo,79.0,360.42628689361425,linear
1100,1_epo,80.0,361.55203368715286,linear
1101,1_epo,81.0,362.67778048069135,linear
1102,1_epo,82.0,363.8035272742299,linear
1103,1_epo,83.0,364.9292740677685,linear
1104,1_epo,84.0,366.05502086130707,linear
1105,1_epo,85.0,367.1807676548456,linear
1106,1_epo,86.0,368.30651444838423,linear
1107,1_epo,87.0,369.4322612419228,linear
1108,1_epo,88.0,370.5580080354614,linear
1109,1_epo,89.0,371.68375482899995,linear
1110,1_epo,90.0,372.80950162253856,linear
1111,1_epo,91.0,373.9352484160771,linear
1112,1_epo,92.0,375.06099520961567,linear
1113,1_epo,93.0,376.1867420031543,linear
1114,1_epo,94.0,377.31248879669283,linear
1115,1_epo,95.0,378.4382355902314,linear
1116,20_epo,3.0,268.62975041642875,linear
1117,20_epo,4.0,269.41021916645167,linear
1118,20_epo,5.0,270.1906879164746,linear
1119,20_epo,6.0,270.97115666649756,linear
1120,20_epo,7.000000000000001,271.75162541652054,linear
1121,20_epo,8.0,272.5320941665435,linear
1122,20_epo,9.0,273.31256291656643,linear
1123,20_epo,10.0,274.09303166658935,linear
1124,20_epo,11.0,274.87350041661233,linear
1125,20_epo,12.0,275.65396916663525,linear
1126,20_epo,13.0,276.4344379166582,linear
1127,20_epo,14.000000000000002,277.2149066666812,linear
1128,20_epo,15.0,277.9953754167041,linear
1129,20_epo,16.0,278.7758441667271,linear
1130,20_epo,17.0,279.55631291675,linear
1131,20_epo,18.0,280.336781666773,linear
1132,20_epo,19.0,281.1172504167959,linear
1133,20_epo,20.0,281.8977191668189,linear
1134,20_epo,21.0,282.67818791684186,linear
1135,20_epo,22.0,283.4586566668648,linear
1136,20_epo,23.0,284.2391254168877,linear
1137,20_epo,24.0,285.0195941669107,linear
1138,20_epo,25.0,285.8000629169336,linear
1139,20_epo,26.0,286.5805316669566,linear
1140,20_epo,27.0,287.36100041697955,linear
1141,20_epo,28.000000000000004,288.14146916700247,linear
1142,20_epo,28.999999999999996,288.92193791702545,linear
1143,20_epo,30.0,289.70240666704836,linear
1144,20_epo,31.0,290.48287541707134,linear
1145,20_epo,32.0,291.26334416709426,linear
1146,20_epo,33.0,292.04381291711724,linear
1147,20_epo,34.0,292.8242816671402,linear
1148,20_epo,35.0,293.60475041716313,linear
1149,20_epo,36.0,294.38521916718605,linear
1150,20_epo,37.0,295.165687917209,linear
1151,20_epo,38.0,295.94615666723195,linear
1152,20_epo,39.0,296.7266254172549,linear
1153,20_epo,40.0,297.5070941672779,linear
1154,20_epo,41.0,298.2875629173009,linear
1155,20_epo,42.0,299.06803166732374,linear
1156,20_epo,43.0,299.8485004173467,linear
1157,20_epo,44.0,300.6289691673697,linear
1158,20_epo,45.0,301.4094379173926,linear
1159,20_epo,46.0,302.1899066674156,linear
1160,20_epo,47.0,302.97037541743856,linear
1161,20_epo,48.0,303.7508441674615,linear
1162,20_epo,49.0,304.5313129174844,linear
1163,20_epo,50.0,305.3117816675074,linear
1164,20_epo,51.0,306.0922504175303,linear
1165,20_epo,52.0,306.87271916755327,linear
1166,20_epo,53.0,307.65318791757625,linear
1167,20_epo,54.0,308.4336566675992,linear
1168,20_epo,55.00000000000001,309.2141254176221,linear
1169,20_epo,56.00000000000001,309.99459416764506,linear
1170,20_epo,56.99999999999999,310.775062917668,linear
1171,20_epo,57.99999999999999,311.55553166769096,linear
1172,20_epo,59.0,312.33600041771393,linear
1173,20_epo,60.0,313.1164691677369,linear
1174,20_epo,61.0,313.8969379177598,linear
1175,20_epo,62.0,314.67740666778275,linear
1176,20_epo,63.0,315.4578754178057,linear
1177,20_epo,64.0,316.2383441678287,linear
1178,20_epo,65.0,317.0188129178516,linear
1179,20_epo,66.0,317.7992816678746,linear
1180,20_epo,67.0,318.57975041789757,linear
1181,20_epo,68.0,319.36021916792043,linear
1182,20_epo,69.0,320.1406879179434,linear
1183,20_epo,70.0,320.9211566679664,linear
1184,20_epo,71.0,321.7016254179893,linear
1185,20_epo,72.0,322.4820941680123,linear
1186,20_epo,73.0,323.26256291803526,linear
1187,20_epo,74.0,324.0430316680581,linear
1188,20_epo,75.0,324.8235004180811,linear
1189,20_epo,76.0,325.6039691681041,linear
1190,20_epo,77.0,326.384437918127,linear
1191,20_epo,78.0,327.16490666814997,linear
1192,20_epo,79.0,327.94537541817294,linear
1193,20_epo,80.0,328.72584416819586,linear
1194,20_epo,81.0,329.5063129182188,linear
1195,20_epo,82.0,330.28678166824176,linear
1196,20_epo,83.0,331.06725041826473,linear
1197,20_epo,84.0,331.84771916828765,linear
1198,20_epo,85.0,332.62818791831063,linear
1199,20_epo,86.0,333.4086566683336,linear
1200,20_epo,87.0,334.1891254183565,linear
1201,20_epo,88.0,334.96959416837944,linear
1202,20_epo,89.0,335.7500629184024,linear
1203,20_epo,90.0,336.5305316684254,linear
1204,20_epo,91.0,337.3110004184483,linear
1205,20_epo,92.0,338.0914691684713,linear
1206,20_epo,93.0,338.8719379184942,linear
1207,20_epo,94.0,339.65240666851713,linear
1208,20_epo,95.0,340.4328754185401,linear
1209,21_epo,3.0,259.39690896674097,linear
1210,21_epo,4.0,259.6960518588606,linear
1211,21_epo,5.0,259.9951947509802,linear
1212,21_epo,6.0,260.29433764309977,linear
1213,21_epo,7.000000000000001,260.5934805352194,linear
1214,21_epo,8.0,260.892623427339,linear
1215,21_epo,9.0,261.1917663194586,linear
1216,21_epo,10.0,261.4909092115782,linear
1217,21_epo,11.0,261.79005210369775,linear
1218,21_epo,12.0,262.0891949958174,linear
1219,21_epo,13.0,262.38833788793704,linear
1220,21_epo,14.000000000000002,262.6874807800566,linear
1221,21_epo,15.0,262.98662367217617,linear
1222,21_epo,16.0,263.2857665642958,linear
1223,21_epo,17.0,263.58490945641546,linear
1224,21_epo,18.0,263.884052348535,linear
1225,21_epo,19.0,264.1831952406546,linear
1226,21_epo,20.0,264.4823381327742,linear
1227,21_epo,21.0,264.7814810248939,linear
1228,21_epo,22.0,265.08062391701344,linear
1229,21_epo,23.0,265.379766809133,linear
1230,21_epo,24.0,265.6789097012526,linear
1231,21_epo,25.0,265.97805259337224,linear
1232,21_epo,26.0,266.27719548549186,linear
1233,21_epo,27.0,266.5763383776114,linear
1234,21_epo,28.000000000000004,266.87548126973104,linear
1235,21_epo,28.999999999999996,267.17462416185066,linear
1236,21_epo,30.0,267.4737670539702,linear
1237,21_epo,31.0,267.77290994608984,linear
1238,21_epo,32.0,268.07205283820946,linear
1239,21_epo,33.0,268.3711957303291,linear
1240,21_epo,34.0,268.67033862244864,linear
1241,21_epo,35.0,268.96948151456826,linear
1242,21_epo,36.0,269.2686244066879,linear
1243,21_epo,37.0,269.5677672988075,linear
1244,21_epo,38.0,269.86691019092706,linear
1245,21_epo,39.0,270.1660530830466,linear
1246,21_epo,40.0,270.4651959751663,linear
1247,21_epo,41.0,270.7643388672859,linear
1248,21_epo,42.0,271.0634817594055,linear
1249,21_epo,43.0,271.36262465152504,linear
1250,21_epo,44.0,271.66176754364466,linear
1251,21_epo,45.0,271.96091043576433,linear
1252,21_epo,46.0,272.2600533278839,linear
1253,21_epo,47.0,272.55919622000346,linear
1254,21_epo,48.0,272.8583391121231,linear
1255,21_epo,49.0,273.15748200424275,linear
1256,21_epo,50.0,273.4566248963623,linear
1257,21_epo,51.0,273.7557677884819,linear
1258,21_epo,52.0,274.0549106806015,linear
1259,21_epo,53.0,274.3540535727211,linear
1260,21_epo,54.0,274.65319646484073,linear
1261,21_epo,55.00000000000001,274.9523393569603,linear
1262,21_epo,56.00000000000001,275.2514822490799,linear
1263,21_epo,56.99999999999999,275.55062514119953,linear
1264,21_epo,57.99999999999999,275.8497680333191,linear
1265,21_epo,59.0,276.1489109254387,linear
1266,21_epo,60.0,276.44805381755833,linear
1267,21_epo,61.0,276.74719670967795,linear
1268,21_epo,62.0,277.0463396017975,linear
1269,21_epo,63.0,277.34548249391713,linear
1270,21_epo,64.0,277.64462538603675,linear
1271,21_epo,65.0,277.94376827815637,linear
1272,21_epo,66.0,278.24291117027593,linear
1273,21_epo,67.0,278.5420540623955,linear
1274,21_epo,68.0,278.84119695451517,linear
1275,21_epo,69.0,279.1403398466348,linear
1276,21_epo,70.0,279.43948273875435,linear
1277,21_epo,71.0,279.7386256308739,linear
1278,21_epo,72.0,280.03776852299353,linear
1279,21_epo,73.0,280.3369114151132,linear
1280,21_epo,74.0,280.63605430723277,linear
1281,21_epo,75.0,280.93519719935233,linear
1282,21_epo,76.0,281.23434009147195,linear
1283,21_epo,77.0,281.5334829835916,linear
1284,21_epo,78.0,281.8326258757112,linear
1285,21_epo,79.0,282.13176876783075,linear
1286,21_epo,80.0,282.43091165995037,linear
1287,21_epo,81.0,282.73005455207,linear
1288,21_epo,82.0,283.0291974441896,linear
1289,21_epo,83.0,283.32834033630917,linear
1290,21_epo,84.0,283.6274832284288,linear
1291,21_epo,85.0,283.9266261205484,linear
1292,21_epo,86.0,284.22576901266797,linear
1293,21_epo,87.0,284.5249119047876,linear
1294,21_epo,88.0,284.8240547969072,linear
1295,21_epo,89.0,285.1231976890268,linear
1296,21_epo,90.0,285.4223405811464,linear
1297,21_epo,91.0,285.721483473266,linear
1298,21_epo,92.0,286.0206263653856,linear
1299,21_epo,93.0,286.31976925750524,linear
1300,21_epo,94.0,286.6189121496248,linear
1301,21_epo,95.0,286.91805504174437,linear
1302,22_epo,3.0,334.50783223559995,linear
1303,22_epo,4.0,334.7276502405207,linear
1304,22_epo,5.0,334.94746824544154,linear
1305,22_epo,6.0,335.1672862503623,linear
1306,22_epo,7.000000000000001,335.3871042552831,linear
1307,22_epo,8.0,335.6069222602039,linear
1308,22_epo,9.0,335.82674026512467,linear
1309,22_epo,10.0,336.0465582700454,linear
1310,22_epo,11.0,336.26637627496626,linear
1311,22_epo,12.0,336.486194279887,linear
1312,22_epo,13.0,336.7060122848078,linear
1313,22_epo,14.000000000000002,336.9258302897286,linear
1314,22_epo,15.0,337.1456482946494,linear
1315,22_epo,16.0,337.36546629957013,linear
1316,22_epo,17.0,337.585284304491,linear
1317,22_epo,18.0,337.8051023094117,linear
1318,22_epo,19.0,338.0249203143325,linear
1319,22_epo,20.0,338.2447383192533,linear
1320,22_epo,21.0,338.4645563241741,linear
1321,22_epo,22.0,338.68437432909485,linear
1322,22_epo,23.0,338.9041923340157,linear
1323,22_epo,24.0,339.12401033893644,linear
1324,22_epo,25.0,339.34382834385724,linear
1325,22_epo,26.0,339.56364634877804,linear
1326,22_epo,27.0,339.78346435369883,linear
1327,22_epo,28.000000000000004,340.0032823586196,linear
1328,22_epo,28.999999999999996,340.2231003635404,linear
1329,22_epo,30.0,340.44291836846116,linear
1330,22_epo,31.0,340.66273637338196,linear
1331,22_epo,32.0,340.88255437830276,linear
1332,22_epo,33.0,341.10237238322355,linear
1333,22_epo,34.0,341.3221903881443,linear
1334,22_epo,35.0,341.54200839306515,linear
1335,22_epo,36.0,341.7618263979859,linear
1336,22_epo,37.0,341.9816444029067,linear
1337,22_epo,38.0,342.2014624078275,linear
1338,22_epo,39.0,342.4212804127483,linear
1339,22_epo,40.0,342.64109841766907,linear
1340,22_epo,41.0,342.86091642258987,linear
1341,22_epo,42.0,343.08073442751066,linear
1342,22_epo,43.0,343.3005524324314,linear
1343,22_epo,44.0,343.52037043735226,linear
1344,22_epo,45.0,343.740188442273,linear
1345,22_epo,46.0,343.9600064471938,linear
1346,22_epo,47.0,344.1798244521146,linear
1347,22_epo,48.0,344.3996424570354,linear
1348,22_epo,49.0,344.6194604619561,linear
1349,22_epo,50.0,344.839278466877,linear
1350,22_epo,51.0,345.0590964717977,linear
1351,22_epo,52.0,345.2789144767185,linear
1352,22_epo,53.0,345.4987324816393,linear
1353,22_epo,54.0,345.7185504865601,linear
1354,22_epo,55.00000000000001,345.93836849148084,linear
1355,22_epo,56.00000000000001,346.1581864964017,linear
1356,22_epo,56.99999999999999,346.37800450132244,linear
1357,22_epo,57.99999999999999,346.59782250624323,linear
1358,22_epo,59.0,346.81764051116403,linear
1359,22_epo,60.0,347.0374585160848,linear
1360,22_epo,61.0,347.25727652100556,linear
1361,22_epo,62.0,347.47709452592636,linear
1362,22_epo,63.0,347.69691253084716,linear
1363,22_epo,64.0,347.91673053576795,linear
1364,22_epo,65.0,348.13654854068875,linear
1365,22_epo,66.0,348.35636654560955,linear
1366,22_epo,67.0,348.5761845505303,linear
1367,22_epo,68.0,348.7960025554511,linear
1368,22_epo,69.0,349.0158205603719,linear
1369,22_epo,70.0,349.2356385652927,linear
1370,22_epo,71.0,349.4554565702134,linear
1371,22_epo,72.0,349.67527457513427,linear
1372,22_epo,73.0,349.895092580055,linear
1373,22_epo,74.0,350.1149105849758,linear
1374,22_epo,75.0,350.3347285898966,linear
1375,22_epo,76.0,350.5545465948174,linear
1376,22_epo,77.0,350.77436459973813,linear
1377,22_epo,78.0,350.994182604659,linear
1378,22_epo,79.0,351.2140006095797,linear
1379,22_epo,80.0,351.4338186145005,linear
1380,22_epo,81.0,351.6536366194213,linear
1381,22_epo,82.0,351.8734546243421,linear
1382,22_epo,83.0,352.09327262926286,linear
1383,22_epo,84.0,352.3130906341837,linear
1384,22_epo,85.0,352.53290863910445,linear
1385,22_epo,86.0,352.75272664402524,linear
1386,22_epo,87.0,352.97254464894604,linear
1387,22_epo,88.0,353.19236265386684,linear
1388,22_epo,89.0,353.4121806587876,linear
1389,22_epo,90.0,353.63199866370843,linear
1390,22_epo,91.0,353.85181666862917,linear
1391,22_epo,92.0,354.07163467354997,linear
1392,22_epo,93.0,354.29145267847076,linear
1393,22_epo,94.0,354.51127068339156,linear
1394,22_epo,95.0,354.7310886883123,linear
1395,23_epo,3.0,296.3820619677924,linear
1396,23_epo,4.0,295.9292283672912,linear
1397,23_epo,5.0,295.47639476679007,linear
1398,23_epo,6.0,295.02356116628886,linear
1399,23_epo,7.000000000000001,294.57072756578765,linear
1400,23_epo,8.0,294.11789396528644,linear
1401,23_epo,9.0,293.66506036478523,linear
1402,23_epo,10.0,293.212226764284,linear
1403,23_epo,11.0,292.7593931637829,linear
1404,23_epo,12.0,292.30655956328167,linear
1405,23_epo,13.0,291.8537259627804,linear
1406,23_epo,14.000000000000002,291.40089236227925,linear
1407,23_epo,15.0,290.94805876177804,linear
1408,23_epo,16.0,290.49522516127684,linear
1409,23_epo,17.0,290.0423915607757,linear
1410,23_epo,18.0,289.5895579602744,linear
1411,23_epo,19.0,289.1367243597732,linear
1412,23_epo,20.0,288.68389075927206,linear
1413,23_epo,21.0,288.23105715877085,linear
1414,23_epo,22.0,287.77822355826964,linear
1415,23_epo,23.0,287.3253899577684,linear
1416,23_epo,24.0,286.87255635726723,linear
1417,23_epo,25.0,286.419722756766,linear
1418,23_epo,26.0,285.9668891562648,linear
1419,23_epo,27.0,285.51405555576366,linear
1420,23_epo,28.000000000000004,285.0612219552624,linear
1421,23_epo,28.999999999999996,284.6083883547612,linear
1422,23_epo,30.0,284.15555475426004,linear
1423,23_epo,31.0,283.70272115375883,linear
1424,23_epo,32.0,283.2498875532576,linear
1425,23_epo,33.0,282.7970539527564,linear
1426,23_epo,34.0,282.3442203522552,linear
1427,23_epo,35.0,281.891386751754,linear
1428,23_epo,36.0,281.43855315125285,linear
1429,23_epo,37.0,280.98571955075164,linear
1430,23_epo,38.0,280.5328859502504,linear
1431,23_epo,39.0,280.0800523497492,linear
1432,23_epo,40.0,279.627218749248,linear
1433,23_epo,41.0,279.1743851487468,linear
1434,23_epo,42.0,278.7215515482456,linear
1435,23_epo,43.0,278.2687179477444,linear
1436,23_epo,44.0,277.8158843472432,linear
1437,23_epo,45.0,277.363050746742,linear
1438,23_epo,46.0,276.9102171462408,linear
1439,23_epo,47.0,276.4573835457396,linear
1440,23_epo,48.0,276.00454994523835,linear
1441,23_epo,49.0,275.5517163447372,linear
1442,23_epo,50.0,275.098882744236,linear
1443,23_epo,51.0,274.6460491437348,linear
1444,23_epo,52.0,274.19321554323363,linear
1445,23_epo,53.0,273.74038194273237,linear
1446,23_epo,54.0,273.28754834223116,linear
1447,23_epo,55.00000000000001,272.83471474173,linear
1448,23_epo,56.00000000000001,272.3818811412288,linear
1449,23_epo,56.99999999999999,271.9290475407276,linear
1450,23_epo,57.99999999999999,271.4762139402264,linear
1451,23_epo,59.0,271.0233803397252,linear
1452,23_epo,60.0,270.57054673922397,linear
1453,23_epo,61.0,270.1177131387228,linear
1454,23_epo,62.0,269.6648795382216,linear
1455,23_epo,63.0,269.21204593772035,linear
1456,23_epo,64.0,268.75921233721914,linear
1457,23_epo,65.0,268.306378736718,linear
1458,23_epo,66.0,267.8535451362168,linear
1459,23_epo,67.0,267.4007115357156,linear
1460,23_epo,68.0,266.94787793521436,linear
1461,23_epo,69.0,266.49504433471316,linear
1462,23_epo,70.0,266.04221073421195,linear
1463,23_epo,71.0,265.5893771337108,linear
1464,23_epo,72.0,265.1365435332096,linear
1465,23_epo,73.0,264.6837099327083,linear
1466,23_epo,74.0,264.2308763322072,linear
1467,23_epo,75.0,263.77804273170597,linear
1468,23_epo,76.0,263.32520913120476,linear
1469,23_epo,77.0,262.8723755307036,linear
1470,23_epo,78.0,262.41954193020234,linear
1471,23_epo,79.0,261.96670832970113,linear
1472,23_epo,80.0,261.5138747292,linear
1473,23_epo,81.0,261.0610411286988,linear
1474,23_epo,82.0,260.60820752819757,linear
1475,23_epo,83.0,260.15537392769636,linear
1476,23_epo,84.0,259.70254032719515,linear
1477,23_epo,85.0,259.24970672669394,linear
1478,23_epo,86.0,258.79687312619274,linear
1479,23_epo,87.0,258.3440395256916,linear
1480,23_epo,88.0,257.8912059251903,linear
1481,23_epo,89.0,257.4383723246891,linear
1482,23_epo,90.0,256.98553872418796,linear
1483,23_epo,91.0,256.53270512368675,linear
1484,23_epo,92.0,256.07987152318555,linear
1485,23_epo,93.0,255.6270379226843,linear
1486,23_epo,94.0,255.17420432218313,linear
1487,23_epo,95.0,254.72137072168195,linear
1488,24_epo,3.0,585.2869501868773,linear
1489,24_epo,4.0,585.942188724097,linear
1490,24_epo,5.0,586.5974272613167,linear
1491,24_epo,6.0,587.2526657985364,linear
1492,24_epo,7.000000000000001,587.9079043357561,linear
1493,24_epo,8.0,588.5631428729757,linear
1494,24_epo,9.0,589.2183814101954,linear
1495,24_epo,10.0,589.873619947415,linear
1496,24_epo,11.0,590.5288584846347,linear
1497,24_epo,12.0,591.1840970218544,linear
1498,24_epo,13.0,591.8393355590741,linear
1499,24_epo,14.000000000000002,592.4945740962938,linear
1500,24_epo,15.0,593.1498126335135,linear
1501,24_epo,16.0,593.8050511707331,linear
1502,24_epo,17.0,594.4602897079528,linear
1503,24_epo,18.0,595.1155282451725,linear
1504,24_epo,19.0,595.7707667823921,linear
1505,24_epo,20.0,596.4260053196118,linear
1506,24_epo,21.0,597.0812438568316,linear
1507,24_epo,22.0,597.7364823940512,linear
1508,24_epo,23.0,598.3917209312709,linear
1509,24_epo,24.0,599.0469594684906,linear
1510,24_epo,25.0,599.7021980057102,linear
1511,24_epo,26.0,600.3574365429299,linear
1512,24_epo,27.0,601.0126750801495,linear
1513,24_epo,28.000000000000004,601.6679136173693,linear
1514,24_epo,28.999999999999996,602.323152154589,linear
1515,24_epo,30.0,602.9783906918086,linear
1516,24_epo,31.0,603.6336292290283,linear
1517,24_epo,32.0,604.288867766248,linear
1518,24_epo,33.0,604.9441063034676,linear
1519,24_epo,34.0,605.5993448406873,linear
1520,24_epo,35.0,606.254583377907,linear
1521,24_epo,36.0,606.9098219151267,linear
1522,24_epo,37.0,607.5650604523464,linear
1523,24_epo,38.0,608.2202989895661,linear
1524,24_epo,39.0,608.8755375267857,linear
1525,24_epo,40.0,609.5307760640054,linear
1526,24_epo,41.0,610.186014601225,linear
1527,24_epo,42.0,610.8412531384447,linear
1528,24_epo,43.0,611.4964916756644,linear
1529,24_epo,44.0,612.1517302128841,linear
1530,24_epo,45.0,612.8069687501038,linear
1531,24_epo,46.0,613.4622072873235,linear
1532,24_epo,47.0,614.1174458245431,linear
1533,24_epo,48.0,614.7726843617628,linear
1534,24_epo,49.0,615.4279228989825,linear
1535,24_epo,50.0,616.0831614362021,linear
1536,24_epo,51.0,616.7383999734218,linear
1537,24_epo,52.0,617.3936385106415,linear
1538,24_epo,53.0,618.0488770478612,linear
1539,24_epo,54.0,618.7041155850809,linear
1540,24_epo,55.00000000000001,619.3593541223006,linear
1541,24_epo,56.00000000000001,620.0145926595202,linear
1542,24_epo,56.99999999999999,620.6698311967399,linear
1543,24_epo,57.99999999999999,621.3250697339595,linear
1544,24_epo,59.0,621.9803082711792,linear
1545,24_epo,60.0,622.635546808399,linear
1546,24_epo,61.0,623.2907853456186,linear
1547,24_epo,62.0,623.9460238828383,linear
1548,24_epo,63.0,624.601262420058,linear
1549,24_epo,64.0,625.2565009572776,linear
1550,24_epo,65.0,625.9117394944973,linear
1551,24_epo,66.0,626.566978031717,linear
1552,24_epo,67.0,627.2222165689366,linear
1553,24_epo,68.0,627.8774551061564,linear
1554,24_epo,69.0,628.5326936433761,linear
1555,24_epo,70.0,629.1879321805957,linear
1556,24_epo,71.0,629.8431707178154,linear
1557,24_epo,72.0,630.498409255035,linear
1558,24_epo,73.0,631.1536477922547,linear
1559,24_epo,74.0,631.8088863294744,linear
1560,24_epo,75.0,632.464124866694,linear
1561,24_epo,76.0,633.1193634039138,linear
1562,24_epo,77.0,633.7746019411335,linear
1563,24_epo,78.0,634.4298404783531,linear
1564,24_epo,79.0,635.0850790155728,linear
1565,24_epo,80.0,635.7403175527925,linear
1566,24_epo,81.0,636.3955560900121,linear
1567,24_epo,82.0,637.0507946272318,linear
1568,24_epo,83.0,637.7060331644515,linear
1569,24_epo,84.0,638.3612717016712,linear
1570,24_epo,85.0,639.0165102388909,linear
1571,24_epo,86.0,639.6717487761106,linear
1572,24_epo,87.0,640.3269873133302,linear
1573,24_epo,88.0,640.9822258505499,linear
1574,24_epo,89.0,641.6374643877696,linear
1575,24_epo,90.0,642.2927029249892,linear
1576,24_epo,91.0,642.9479414622089,linear
1577,24_epo,92.0,643.6031799994287,linear
1578,24_epo,93.0,644.2584185366483,linear
1579,24_epo,94.0,644.913657073868,linear
1580,24_epo,95.0,645.5688956110876,linear
1581,25_epo,3.0,230.97263809402895,linear
1582,25_epo,4.0,231.2767137995584,linear
1583,25_epo,5.0,231.5807895050878,linear
1584,25_epo,6.0,231.88486521061725,linear
1585,25_epo,7.000000000000001,232.18894091614663,linear
1586,25_epo,8.0,232.49301662167608,linear
1587,25_epo,9.0,232.7970923272055,linear
1588,25_epo,10.0,233.10116803273493,linear
1589,25_epo,11.0,233.40524373826435,linear
1590,25_epo,12.0,233.7093194437938,linear
1591,25_epo,13.0,234.0133951493232,linear
1592,25_epo,14.000000000000002,234.31747085485264,linear
1593,25_epo,15.0,234.62154656038206,linear
1594,25_epo,16.0,234.9256222659115,linear
1595,25_epo,17.0,235.2296979714409,linear
1596,25_epo,18.0,235.53377367697036,linear
1597,25_epo,19.0,235.83784938249974,linear
1598,25_epo,20.0,236.14192508802918,linear
1599,25_epo,21.0,236.4460007935586,linear
1600,25_epo,22.0,236.75007649908804,linear
1601,25_epo,23.0,237.05415220461745,linear
1602,25_epo,24.0,237.35822791014687,linear
1603,25_epo,25.0,237.6623036156763,linear
1604,25_epo,26.0,237.96637932120572,linear
1605,25_epo,27.0,238.27045502673516,linear
1606,25_epo,28.000000000000004,238.57453073226458,linear
1607,25_epo,28.999999999999996,238.87860643779402,linear
1608,25_epo,30.0,239.18268214332343,linear
1609,25_epo,31.0,239.48675784885287,linear
1610,25_epo,32.0,239.79083355438226,linear
1611,25_epo,33.0,240.0949092599117,linear
1612,25_epo,34.0,240.39898496544112,linear
1613,25_epo,35.0,240.70306067097056,linear
1614,25_epo,36.0,241.00713637649997,linear
1615,25_epo,37.0,241.3112120820294,linear
1616,25_epo,38.0,241.61528778755883,linear
1617,25_epo,39.0,241.91936349308827,linear
1618,25_epo,40.0,242.22343919861768,linear
1619,25_epo,41.0,242.52751490414713,linear
1620,25_epo,42.0,242.83159060967654,linear
1621,25_epo,43.0,243.13566631520598,linear
1622,25_epo,44.0,243.43974202073537,linear
1623,25_epo,45.0,243.7438177262648,linear
1624,25_epo,46.0,244.04789343179422,linear
1625,25_epo,47.0,244.35196913732366,linear
1626,25_epo,48.0,244.65604484285308,linear
1627,25_epo,49.0,244.96012054838252,linear
1628,25_epo,50.0,245.26419625391193,linear
1629,25_epo,51.0,245.56827195944138,linear
1630,25_epo,52.0,245.8723476649708,linear
1631,25_epo,53.0,246.17642337050023,linear
1632,25_epo,54.0,246.48049907602964,linear
1633,25_epo,55.00000000000001,246.7845747815591,linear
1634,25_epo,56.00000000000001,247.0886504870885,linear
1635,25_epo,56.99999999999999,247.3927261926179,linear
1636,25_epo,57.99999999999999,247.69680189814733,linear
1637,25_epo,59.0,248.00087760367677,linear
1638,25_epo,60.0,248.30495330920618,linear
1639,25_epo,61.0,248.6090290147356,linear
1640,25_epo,62.0,248.91310472026504,linear
1641,25_epo,63.0,249.21718042579445,linear
1642,25_epo,64.0,249.5212561313239,linear
1643,25_epo,65.0,249.8253318368533,linear
1644,25_epo,66.0,250.12940754238272,linear
1645,25_epo,67.0,250.43348324791214,linear
1646,25_epo,68.0,250.73755895344158,linear
1647,25_epo,69.0,251.041634658971,linear
1648,25_epo,70.0,251.34571036450043,linear
1649,25_epo,71.0,251.64978607002985,linear
1650,25_epo,72.0,251.9538617755593,linear
1651,25_epo,73.0,252.2579374810887,linear
1652,25_epo,74.0,252.56201318661815,linear
1653,25_epo,75.0,252.86608889214756,linear
1654,25_epo,76.0,253.170164597677,linear
1655,25_epo,77.0,253.47424030320641,linear
1656,25_epo,78.0,253.77831600873586,linear
1657,25_epo,79.0,254.08239171426527,linear
1658,25_epo,80.0,254.3864674197947,linear
1659,25_epo,81.0,254.69054312532413,linear
1660,25_epo,82.0,254.99461883085357,linear
1661,25_epo,83.0,255.29869453638298,linear
1662,25_epo,84.0,255.60277024191242,linear
1663,25_epo,85.0,255.90684594744184,linear
1664,25_epo,86.0,256.21092165297125,linear
1665,25_epo,87.0,256.5149973585007,linear
1666,25_epo,88.0,256.8190730640301,linear
1667,25_epo,89.0,257.1231487695595,linear
1668,25_epo,90.0,257.4272244750889,linear
1669,25_epo,91.0,257.73130018061835,linear
1670,25_epo,92.0,258.0353758861478,linear
1671,25_epo,93.0,258.33945159167723,linear
1672,25_epo,94.0,258.6435272972066,linear
1673,25_epo,95.0,258.94760300273606,linear
1674,2_epo,3.0,280.93011203662206,linear
1675,2_epo,4.0,281.33601799986315,linear
1676,2_epo,5.0,281.7419239631042,linear
1677,2_epo,6.0,282.1478299263453,linear
1678,2_epo,7.000000000000001,282.5537358895864,linear
1679,2_epo,8.0,282.9596418528275,linear
1680,2_epo,9.0,283.3655478160686,linear
1681,2_epo,10.0,283.7714537793097,linear
1682,2_epo,11.0,284.1773597425508,linear
1683,2_epo,12.0,284.58326570579186,linear
1684,2_epo,13.0,284.98917166903294,linear
1685,2_epo,14.000000000000002,285.3950776322741,linear
1686,2_epo,15.0,285.80098359551516,linear
1687,2_epo,16.0,286.20688955875625,linear
1688,2_epo,17.0,286.6127955219973,linear
1689,2_epo,18.0,287.0187014852384,linear
1690,2_epo,19.0,287.4246074484795,linear
1691,2_epo,20.0,287.83051341172063,linear
1692,2_epo,21.0,288.2364193749617,linear
1693,2_epo,22.0,288.6423253382028,linear
1694,2_epo,23.0,289.0482313014439,linear
1695,2_epo,24.0,289.45413726468496,linear
1696,2_epo,25.0,289.86004322792604,linear
1697,2_epo,26.0,290.2659491911672,linear
1698,2_epo,27.0,290.67185515440826,linear
1699,2_epo,28.000000000000004,291.07776111764935,linear
1700,2_epo,28.999999999999996,291.4836670808904,linear
1701,2_epo,30.0,291.8895730441315,linear
1702,2_epo,31.0,292.29547900737265,linear
1703,2_epo,32.0,292.70138497061373,linear
1704,2_epo,33.0,293.1072909338548,linear
1705,2_epo,34.0,293.5131968970959,linear
1706,2_epo,35.0,293.919102860337,linear
1707,2_epo,36.0,294.32500882357806,linear
1708,2_epo,37.0,294.7309147868192,linear
1709,2_epo,38.0,295.1368207500603,linear
1710,2_epo,39.0,295.54272671330136,linear
1711,2_epo,40.0,295.94863267654245,linear
1712,2_epo,41.0,296.3545386397835,linear
1713,2_epo,42.0,296.76044460302467,linear
1714,2_epo,43.0,297.16635056626575,linear
1715,2_epo,44.0,297.57225652950683,linear
1716,2_epo,45.0,297.9781624927479,linear
1717,2_epo,46.0,298.384068455989,linear
1718,2_epo,47.0,298.7899744192301,linear
1719,2_epo,48.0,299.1958803824712,linear
1720,2_epo,49.0,299.6017863457123,linear
1721,2_epo,50.0,300.0076923089534,linear
1722,2_epo,51.0,300.41359827219446,linear
1723,2_epo,52.0,300.81950423543555,linear
1724,2_epo,53.0,301.2254101986767,linear
1725,2_epo,54.0,301.63131616191777,linear
1726,2_epo,55.00000000000001,302.03722212515885,linear
1727,2_epo,56.00000000000001,302.44312808839993,linear
1728,2_epo,56.99999999999999,302.849034051641,linear
1729,2_epo,57.99999999999999,303.2549400148821,linear
1730,2_epo,59.0,303.66084597812323,linear
1731,2_epo,60.0,304.0667519413643,linear
1732,2_epo,61.0,304.4726579046054,linear
1733,2_epo,62.0,304.8785638678465,linear
1734,2_epo,63.0,305.28446983108756,linear
1735,2_epo,64.0,305.69037579432865,linear
1736,2_epo,65.0,306.0962817575697,linear
1737,2_epo,66.0,306.5021877208108,linear
1738,2_epo,67.0,306.9080936840519,linear
1739,2_epo,68.0,307.313999647293,linear
1740,2_epo,69.0,307.71990561053406,linear
1741,2_epo,70.0,308.1258115737752,linear
1742,2_epo,71.0,308.5317175370163,linear
1743,2_epo,72.0,308.93762350025736,linear
1744,2_epo,73.0,309.34352946349844,linear
1745,2_epo,74.0,309.7494354267395,linear
1746,2_epo,75.0,310.15534138998066,linear
1747,2_epo,76.0,310.56124735322175,linear
1748,2_epo,77.0,310.9671533164628,linear
1749,2_epo,78.0,311.3730592797039,linear
1750,2_epo,79.0,311.778965242945,linear
1751,2_epo,80.0,312.1848712061861,linear
1752,2_epo,81.0,312.5907771694272,linear
1753,2_epo,82.0,312.9966831326683,linear
1754,2_epo,83.0,313.4025890959094,linear
1755,2_epo,84.0,313.80849505915046,linear
1756,2_epo,85.0,314.21440102239154,linear
1757,2_epo,86.0,314.6203069856327,linear
1758,2_epo,87.0,315.02621294887376,linear
1759,2_epo,88.0,315.43211891211484,linear
1760,2_epo,89.0,315.8380248753559,linear
1761,2_epo,90.0,316.243930838597,linear
1762,2_epo,91.0,316.6498368018381,linear
1763,2_epo,92.0,317.05574276507923,linear
1764,2_epo,93.0,317.4616487283203,linear
1765,2_epo,94.0,317.8675546915614,linear
1766,2_epo,95.0,318.2734606548025,linear
1767,3_epo,3.0,402.2944657334985,linear
1768,3_epo,4.0,402.1733417632091,linear
1769,3_epo,5.0,402.05221779291975,linear
1770,3_epo,6.0,401.93109382263043,linear
1771,3_epo,7.000000000000001,401.809969852341,linear
1772,3_epo,8.0,401.6888458820517,linear
1773,3_epo,9.0,401.5677219117623,linear
1774,3_epo,10.0,401.446597941473,linear
1775,3_epo,11.0,401.32547397118356,linear
1776,3_epo,12.0,401.20435000089424,linear
1777,3_epo,13.0,401.08322603060486,linear
1778,3_epo,14.000000000000002,400.96210206031554,linear
1779,3_epo,15.0,400.8409780900261,linear
1780,3_epo,16.0,400.71985411973674,linear
1781,3_epo,17.0,400.5987301494474,linear
1782,3_epo,18.0,400.47760617915804,linear
1783,3_epo,19.0,400.35648220886867,linear
1784,3_epo,20.0,400.2353582385793,linear
1785,3_epo,21.0,400.11423426829,linear
1786,3_epo,22.0,399.9931102980006,linear
1787,3_epo,23.0,399.8719863277112,linear
1788,3_epo,24.0,399.75086235742185,linear
1789,3_epo,25.0,399.6297383871325,linear
1790,3_epo,26.0,399.50861441684316,linear
1791,3_epo,27.0,399.3874904465538,linear
1792,3_epo,28.000000000000004,399.2663664762644,linear
1793,3_epo,28.999999999999996,399.14524250597503,linear
1794,3_epo,30.0,399.0241185356857,linear
1795,3_epo,31.0,398.90299456539634,linear
1796,3_epo,32.0,398.78187059510697,linear
1797,3_epo,33.0,398.6607466248176,linear
1798,3_epo,34.0,398.5396226545283,linear
1799,3_epo,35.0,398.4184986842389,linear
1800,3_epo,36.0,398.29737471394947,linear
1801,3_epo,37.0,398.17625074366015,linear
1802,3_epo,38.0,398.0551267733708,linear
1803,3_epo,39.0,397.93400280308146,linear
1804,3_epo,40.0,397.812878832792,linear
1805,3_epo,41.0,397.6917548625027,linear
1806,3_epo,42.0,397.57063089221333,linear
1807,3_epo,43.0,397.449506921924,linear
1808,3_epo,44.0,397.3283829516346,linear
1809,3_epo,45.0,397.20725898134526,linear
1810,3_epo,46.0,397.0861350110559,linear
1811,3_epo,47.0,396.9650110407665,linear
1812,3_epo,48.0,396.84388707047714,linear
1813,3_epo,49.0,396.72276310018776,linear
1814,3_epo,50.0,396.60163912989844,linear
1815,3_epo,51.0,396.48051515960907,linear
1816,3_epo,52.0,396.35939118931975,linear
1817,3_epo,53.0,396.2382672190303,linear
1818,3_epo,54.0,396.117143248741,linear
1819,3_epo,55.00000000000001,395.9960192784516,linear
1820,3_epo,56.00000000000001,395.87489530816225,linear
1821,3_epo,56.99999999999999,395.7537713378729,linear
1822,3_epo,57.99999999999999,395.6326473675835,linear
1823,3_epo,59.0,395.5115233972942,linear
1824,3_epo,60.0,395.3903994270048,linear
1825,3_epo,61.0,395.26927545671543,linear
1826,3_epo,62.0,395.14815148642606,linear
1827,3_epo,63.0,395.02702751613674,linear
1828,3_epo,64.0,394.90590354584737,linear
1829,3_epo,65.0,394.784779575558,linear
1830,3_epo,66.0,394.6636556052686,linear
1831,3_epo,67.0,394.54253163497924,linear
1832,3_epo,68.0,394.4214076646899,linear
1833,3_epo,69.0,394.3002836944005,linear
1834,3_epo,70.0,394.1791597241112,linear
1835,3_epo,71.0,394.0580357538218,linear
1836,3_epo,72.0,393.9369117835325,linear
1837,3_epo,73.0,393.81578781324305,linear
1838,3_epo,74.0,393.69466384295373,linear
1839,3_epo,75.0,393.57353987266436,linear
1840,3_epo,76.0,393.452415902375,linear
1841,3_epo,77.0,393.33129193208566,linear
1842,3_epo,78.0,393.21016796179623,linear
1843,3_epo,79.0,393.0890439915069,linear
1844,3_epo,80.0,392.96792002121754,linear
1845,3_epo,81.0,392.8467960509282,linear
1846,3_epo,82.0,392.7256720806388,linear
1847,3_epo,83.0,392.60454811034947,linear
1848,3_epo,84.0,392.4834241400601,linear
1849,3_epo,85.0,392.3623001697708,linear
1850,3_epo,86.0,392.24117619948134,linear
1851,3_epo,87.0,392.12005222919197,linear
1852,3_epo,88.0,391.99892825890265,linear
1853,3_epo,89.0,391.8778042886133,linear
1854,3_epo,90.0,391.7566803183239,linear
1855,3_epo,91.0,391.6355563480345,linear
1856,3_epo,92.0,391.5144323777452,linear
1857,3_epo,93.0,391.39330840745583,linear
1858,3_epo,94.0,391.27218443716646,linear
1859,3_epo,95.0,391.1510604668771,linear
1860,4_epo,3.0,292.391660027394,linear
1861,4_epo,4.0,292.76115035104465,linear
1862,4_epo,5.0,293.13064067469537,linear
1863,4_epo,6.0,293.50013099834604,linear
1864,4_epo,7.000000000000001,293.86962132199676,linear
1865,4_epo,8.0,294.2391116456474,linear
1866,4_epo,9.0,294.6086019692981,linear
1867,4_epo,10.0,294.9780922929488,linear
1868,4_epo,11.0,295.3475826165995,linear
1869,4_epo,12.0,295.7170729402502,linear
1870,4_epo,13.0,296.0865632639008,linear
1871,4_epo,14.000000000000002,296.4560535875515,linear
1872,4_epo,15.0,296.8255439112022,linear
1873,4_epo,16.0,297.19503423485287,linear
1874,4_epo,17.0,297.5645245585036,linear
1875,4_epo,18.0,297.93401488215426,linear
1876,4_epo,19.0,298.303505205805,linear
1877,4_epo,20.0,298.67299552945565,linear
1878,4_epo,21.0,299.0424858531063,linear
1879,4_epo,22.0,299.41197617675704,linear
1880,4_epo,23.0,299.7814665004077,linear
1881,4_epo,24.0,300.1509568240584,linear
1882,4_epo,25.0,300.5204471477091,linear
1883,4_epo,26.0,300.88993747135976,linear
1884,4_epo,27.0,301.2594277950105,linear
1885,4_epo,28.000000000000004,301.62891811866115,linear
1886,4_epo,28.999999999999996,301.99840844231187,linear
1887,4_epo,30.0,302.36789876596254,linear
1888,4_epo,31.0,302.7373890896132,linear
1889,4_epo,32.0,303.1068794132639,linear
1890,4_epo,33.0,303.4763697369146,linear
1891,4_epo,34.0,303.8458600605653,linear
1892,4_epo,35.0,304.215350384216,linear
1893,4_epo,36.0,304.5848407078667,linear
1894,4_epo,37.0,304.95433103151737,linear
1895,4_epo,38.0,305.323821355168,linear
1896,4_epo,39.0,305.6933116788187,linear
1897,4_epo,40.0,306.06280200246937,linear
1898,4_epo,41.0,306.4322923261201,linear
1899,4_epo,42.0,306.80178264977076,linear
1900,4_epo,43.0,307.1712729734214,linear
1901,4_epo,44.0,307.54076329707215,linear
1902,4_epo,45.0,307.9102536207228,linear
1903,4_epo,46.0,308.27974394437354,linear
1904,4_epo,47.0,308.6492342680242,linear
1905,4_epo,48.0,309.0187245916749,linear
1906,4_epo,49.0,309.3882149153256,linear
1907,4_epo,50.0,309.75770523897626,linear
1908,4_epo,51.0,310.127195562627,linear
1909,4_epo,52.0,310.49668588627765,linear
1910,4_epo,53.0,310.86617620992837,linear
1911,4_epo,54.0,311.23566653357904,linear
1912,4_epo,55.00000000000001,311.6051568572297,linear
1913,4_epo,56.00000000000001,311.9746471808804,linear
1914,4_epo,56.99999999999999,312.3441375045311,linear
1915,4_epo,57.99999999999999,312.7136278281818,linear
1916,4_epo,59.0,313.0831181518325,linear
1917,4_epo,60.0,313.4526084754832,linear
1918,4_epo,61.0,313.82209879913387,linear
1919,4_epo,62.0,314.19158912278453,linear
1920,4_epo,63.0,314.5610794464352,linear
1921,4_epo,64.0,314.93056977008587,linear
1922,4_epo,65.0,315.3000600937366,linear
1923,4_epo,66.0,315.66955041738726,linear
1924,4_epo,67.0,316.0390407410379,linear
1925,4_epo,68.0,316.40853106468865,linear
1926,4_epo,69.0,316.7780213883393,linear
1927,4_epo,70.0,317.14751171199003,linear
1928,4_epo,71.0,317.5170020356407,linear
1929,4_epo,72.0,317.88649235929137,linear
1930,4_epo,73.0,318.2559826829421,linear
1931,4_epo,74.0,318.62547300659276,linear
1932,4_epo,75.0,318.9949633302435,linear
1933,4_epo,76.0,319.36445365389415,linear
1934,4_epo,77.0,319.73394397754487,linear
1935,4_epo,78.0,320.10343430119553,linear
1936,4_epo,79.0,320.4729246248462,linear
1937,4_epo,80.0,320.8424149484969,linear
1938,4_epo,81.0,321.2119052721476,linear
1939,4_epo,82.0,321.5813955957983,linear
1940,4_epo,83.0,321.950885919449,linear
1941,4_epo,84.0,322.32037624309964,linear
1942,4_epo,85.0,322.68986656675037,linear
1943,4_epo,86.0,323.059356890401,linear
1944,4_epo,87.0,323.42884721405176,linear
1945,4_epo,88.0,323.79833753770237,linear
1946,4_epo,89.0,324.16782786135315,linear
1947,4_epo,90.0,324.53731818500376,linear
1948,4_epo,91.0,324.9068085086544,linear
1949,4_epo,92.0,325.27629883230514,linear
1950,4_epo,93.0,325.6457891559558,linear
1951,4_epo,94.0,326.01527947960653,linear
1952,4_epo,95.0,326.3847698032572,linear
1953,5_epo,3.0,285.1475899938504,linear
1954,5_epo,4.0,285.45128321031075,linear
1955,5_epo,5.0,285.7549764267711,linear
1956,5_epo,6.0,286.0586696432315,linear
1957,5_epo,7.000000000000001,286.3623628596919,linear
1958,5_epo,8.0,286.66605607615224,linear
1959,5_epo,9.0,286.9697492926127,linear
1960,5_epo,10.0,287.27344250907305,linear
1961,5_epo,11.0,287.57713572553337,linear
1962,5_epo,12.0,287.8808289419938,linear
1963,5_epo,13.0,288.1845221584542,linear
1964,5_epo,14.000000000000002,288.48821537491455,linear
1965,5_epo,15.0,288.7919085913749,linear
1966,5_epo,16.0,289.09560180783535,linear
1967,5_epo,17.0,289.39929502429567,linear
1968,5_epo,18.0,289.7029882407561,linear
1969,5_epo,19.0,290.0066814572165,linear
1970,5_epo,20.0,290.31037467367685,linear
1971,5_epo,21.0,290.6140678901372,linear
1972,5_epo,22.0,290.9177611065976,linear
1973,5_epo,23.0,291.22145432305797,linear
1974,5_epo,24.0,291.52514753951834,linear
1975,5_epo,25.0,291.8288407559788,linear
1976,5_epo,26.0,292.1325339724391,linear
1977,5_epo,27.0,292.4362271888995,linear
1978,5_epo,28.000000000000004,292.7399204053599,linear
1979,5_epo,28.999999999999996,293.04361362182027,linear
1980,5_epo,30.0,293.34730683828064,linear
1981,5_epo,31.0,293.651000054741,linear
1982,5_epo,32.0,293.9546932712014,linear
1983,5_epo,33.0,294.25838648766177,linear
1984,5_epo,34.0,294.5620797041222,linear
1985,5_epo,35.0,294.8657729205825,linear
1986,5_epo,36.0,295.16946613704295,linear
1987,5_epo,37.0,295.47315935350326,linear
1988,5_epo,38.0,295.7768525699637,linear
1989,5_epo,39.0,296.08054578642407,linear
1990,5_epo,40.0,296.38423900288444,linear
1991,5_epo,41.0,296.6879322193448,linear
1992,5_epo,42.0,296.9916254358052,linear
1993,5_epo,43.0,297.29531865226556,linear
1994,5_epo,44.0,297.59901186872594,linear
1995,5_epo,45.0,297.90270508518637,linear
1996,5_epo,46.0,298.20639830164674,linear
1997,5_epo,47.0,298.5100915181071,linear
1998,5_epo,48.0,298.8137847345675,linear
1999,5_epo,49.0,299.1174779510278,linear
2000,5_epo,50.0,299.42117116748824,linear
2001,5_epo,51.0,299.7248643839486,linear
2002,5_epo,52.0,300.028557600409,linear
2003,5_epo,53.0,300.33225081686936,linear
2004,5_epo,54.0,300.6359440333298,linear
2005,5_epo,55.00000000000001,300.9396372497901,linear
2006,5_epo,56.00000000000001,301.24333046625054,linear
2007,5_epo,56.99999999999999,301.5470236827109,linear
2008,5_epo,57.99999999999999,301.85071689917123,linear
2009,5_epo,59.0,302.15441011563166,linear
2010,5_epo,60.0,302.45810333209204,linear
2011,5_epo,61.0,302.7617965485524,linear
2012,5_epo,62.0,303.0654897650128,linear
2013,5_epo,63.0,303.3691829814732,linear
2014,5_epo,64.0,303.67287619793353,linear
2015,5_epo,65.0,303.97656941439396,linear
2016,5_epo,66.0,304.28026263085434,linear
2017,5_epo,67.0,304.58395584731466,linear
2018,5_epo,68.0,304.8876490637751,linear
2019,5_epo,69.0,305.19134228023546,linear
2020,5_epo,70.0,305.49503549669583,linear
2021,5_epo,71.0,305.7987287131562,linear
2022,5_epo,72.0,306.10242192961664,linear
2023,5_epo,73.0,306.40611514607696,linear
2024,5_epo,74.0,306.7098083625374,linear
2025,5_epo,75.0,307.01350157899776,linear
2026,5_epo,76.0,307.3171947954581,linear
2027,5_epo,77.0,307.6208880119185,linear
2028,5_epo,78.0,307.9245812283789,linear
2029,5_epo,79.0,308.22827444483926,linear
2030,5_epo,80.0,308.53196766129963,linear
2031,5_epo,81.0,308.83566087776006,linear
2032,5_epo,82.0,309.1393540942204,linear
2033,5_epo,83.0,309.4430473106808,linear
2034,5_epo,84.0,309.7467405271412,linear
2035,5_epo,85.0,310.0504337436015,linear
2036,5_epo,86.0,310.35412696006193,linear
2037,5_epo,87.0,310.6578201765223,linear
2038,5_epo,88.0,310.9615133929827,linear
2039,5_epo,89.0,311.26520660944306,linear
2040,5_epo,90.0,311.5688998259035,linear
2041,5_epo,91.0,311.8725930423638,linear
2042,5_epo,92.0,312.17628625882423,linear
2043,5_epo,93.0,312.4799794752846,linear
2044,5_epo,94.0,312.7836726917449,linear
2045,5_epo,95.0,313.08736590820536,linear
2046,6_epo,3.0,372.8962903705156,linear
2047,6_epo,4.0,373.46888299295574,linear
2048,6_epo,5.0,374.0414756153959,linear
2049,6_epo,6.0,374.614068237836,linear
2050,6_epo,7.000000000000001,375.1866608602761,linear
2051,6_epo,8.0,375.7592534827162,linear
2052,6_epo,9.0,376.33184610515633,linear
2053,6_epo,10.0,376.90443872759647,linear
2054,6_epo,11.0,377.4770313500366,linear
2055,6_epo,12.0,378.0496239724767,linear
2056,6_epo,13.0,378.62221659491684,linear
2057,6_epo,14.000000000000002,379.194809217357,linear
2058,6_epo,15.0,379.7674018397971,linear
2059,6_epo,16.0,380.3399944622372,linear
2060,6_epo,17.0,380.91258708467734,linear
2061,6_epo,18.0,381.4851797071175,linear
2062,6_epo,19.0,382.0577723295576,linear
2063,6_epo,20.0,382.63036495199776,linear
2064,6_epo,21.0,383.20295757443785,linear
2065,6_epo,22.0,383.775550196878,linear
2066,6_epo,23.0,384.3481428193181,linear
2067,6_epo,24.0,384.92073544175827,linear
2068,6_epo,25.0,385.49332806419835,linear
2069,6_epo,26.0,386.0659206866385,linear
2070,6_epo,27.0,386.63851330907863,linear
2071,6_epo,28.000000000000004,387.2111059315188,linear
2072,6_epo,28.999999999999996,387.7836985539589,linear
2073,6_epo,30.0,388.356291176399,linear
2074,6_epo,31.0,388.9288837988391,linear
2075,6_epo,32.0,389.5014764212792,linear
2076,6_epo,33.0,390.07406904371936,linear
2077,6_epo,34.0,390.6466616661595,linear
2078,6_epo,35.0,391.2192542885996,linear
2079,6_epo,36.0,391.7918469110397,linear
2080,6_epo,37.0,392.36443953347987,linear
2081,6_epo,38.0,392.93703215592,linear
2082,6_epo,39.0,393.5096247783601,linear
2083,6_epo,40.0,394.08221740080023,linear
2084,6_epo,41.0,394.6548100232404,linear
2085,6_epo,42.0,395.2274026456805,linear
2086,6_epo,43.0,395.79999526812065,linear
2087,6_epo,44.0,396.37258789056074,linear
2088,6_epo,45.0,396.9451805130009,linear
2089,6_epo,46.0,397.517773135441,linear
2090,6_epo,47.0,398.09036575788116,linear
2091,6_epo,48.0,398.66295838032124,linear
2092,6_epo,49.0,399.2355510027614,linear
2093,6_epo,50.0,399.8081436252015,linear
2094,6_epo,51.0,400.38073624764166,linear
2095,6_epo,52.0,400.9533288700818,linear
2096,6_epo,53.0,401.5259214925219,linear
2097,6_epo,54.0,402.09851411496203,linear
2098,6_epo,55.00000000000001,402.6711067374021,linear
2099,6_epo,56.00000000000001,403.24369935984225,linear
2100,6_epo,56.99999999999999,403.81629198228234,linear
2101,6_epo,57.99999999999999,404.3888846047225,linear
2102,6_epo,59.0,404.9614772271626,linear
2103,6_epo,60.0,405.53406984960276,linear
2104,6_epo,61.0,406.1066624720429,linear
2105,6_epo,62.0,406.679255094483,linear
2106,6_epo,63.0,407.2518477169231,linear
2107,6_epo,64.0,407.82444033936326,linear
2108,6_epo,65.0,408.3970329618034,linear
2109,6_epo,66.0,408.96962558424354,linear
2110,6_epo,67.0,409.54221820668363,linear
2111,6_epo,68.0,410.11481082912377,linear
2112,6_epo,69.0,410.6874034515639,linear
2113,6_epo,70.0,411.259996074004,linear
2114,6_epo,71.0,411.83258869644413,linear
2115,6_epo,72.0,412.4051813188843,linear
2116,6_epo,73.0,412.9777739413244,linear
2117,6_epo,74.0,413.55036656376456,linear
2118,6_epo,75.0,414.1229591862047,linear
2119,6_epo,76.0,414.6955518086448,linear
2120,6_epo,77.0,415.2681444310849,linear
2121,6_epo,78.0,415.84073705352506,linear
2122,6_epo,79.0,416.41332967596514,linear
2123,6_epo,80.0,416.9859222984052,linear
2124,6_epo,81.0,417.55851492084537,linear
2125,6_epo,82.0,418.1311075432855,linear
2126,6_epo,83.0,418.70370016572565,linear
2127,6_epo,84.0,419.2762927881658,linear
2128,6_epo,85.0,419.8488854106059,linear
2129,6_epo,86.0,420.421478033046,linear
2130,6_epo,87.0,420.99407065548615,linear
2131,6_epo,88.0,421.5666632779263,linear
2132,6_epo,89.0,422.1392559003664,linear
2133,6_epo,90.0,422.7118485228065,linear
2134,6_epo,91.0,423.28444114524666,linear
2135,6_epo,92.0,423.8570337676868,linear
2136,6_epo,93.0,424.42962639012694,linear
2137,6_epo,94.0,425.002219012567,linear
2138,6_epo,95.0,425.57481163500717,linear
2139,7_epo,3.0,338.9575577279244,linear
2140,7_epo,4.0,340.66258806917983,linear
2141,7_epo,5.0,342.3676184104352,linear
2142,7_epo,6.0,344.0726487516906,linear
2143,7_epo,7.000000000000001,345.777679092946,linear
2144,7_epo,8.0,347.48270943420147,linear
2145,7_epo,9.0,349.18773977545686,linear
2146,7_epo,10.0,350.89277011671226,linear
2147,7_epo,11.0,352.5978004579677,linear
2148,7_epo,12.0,354.3028307992231,linear
2149,7_epo,13.0,356.0078611404785,linear
2150,7_epo,14.000000000000002,357.7128914817339,linear
2151,7_epo,15.0,359.41792182298934,linear
2152,7_epo,16.0,361.12295216424474,linear
2153,7_epo,17.0,362.82798250550013,linear
2154,7_epo,18.0,364.5330128467555,linear
2155,7_epo,19.0,366.238043188011,linear
2156,7_epo,20.0,367.94307352926637,linear
2157,7_epo,21.0,369.6481038705217,linear
2158,7_epo,22.0,371.35313421177716,linear
2159,7_epo,23.0,373.0581645530326,linear
2160,7_epo,24.0,374.763194894288,linear
2161,7_epo,25.0,376.46822523554334,linear
2162,7_epo,26.0,378.1732555767988,linear
2163,7_epo,27.0,379.8782859180542,linear
2164,7_epo,28.000000000000004,381.58331625930964,linear
2165,7_epo,28.999999999999996,383.288346600565,linear
2166,7_epo,30.0,384.9933769418204,linear
2167,7_epo,31.0,386.6984072830758,linear
2168,7_epo,32.0,388.4034376243312,linear
2169,7_epo,33.0,390.1084679655866,linear
2170,7_epo,34.0,391.813498306842,linear
2171,7_epo,35.0,393.51852864809746,linear
2172,7_epo,36.0,395.22355898935285,linear
2173,7_epo,37.0,396.92858933060825,linear
2174,7_epo,38.0,398.6336196718637,linear
2175,7_epo,39.0,400.3386500131191,linear
2176,7_epo,40.0,402.0436803543745,linear
2177,7_epo,41.0,403.7487106956299,linear
2178,7_epo,42.0,405.45374103688533,linear
2179,7_epo,43.0,407.1587713781407,linear
2180,7_epo,44.0,408.8638017193961,linear
2181,7_epo,45.0,410.5688320606515,linear
2182,7_epo,46.0,412.27386240190697,linear
2183,7_epo,47.0,413.97889274316236,linear
2184,7_epo,48.0,415.68392308441776,linear
2185,7_epo,49.0,417.38895342567315,linear
2186,7_epo,50.0,419.0939837669286,linear
2187,7_epo,51.0,420.799014108184,linear
2188,7_epo,52.0,422.5040444494394,linear
2189,7_epo,53.0,424.2090747906948,linear
2190,7_epo,54.0,425.91410513195024,linear
2191,7_epo,55.00000000000001,427.61913547320563,linear
2192,7_epo,56.00000000000001,429.324165814461,linear
2193,7_epo,56.99999999999999,431.0291961557164,linear
2194,7_epo,57.99999999999999,432.73422649697187,linear
2195,7_epo,59.0,434.43925683822727,linear
2196,7_epo,60.0,436.14428717948266,linear
2197,7_epo,61.0,437.84931752073805,linear
2198,7_epo,62.0,439.5543478619935,linear
2199,7_epo,63.0,441.2593782032489,linear
2200,7_epo,64.0,442.9644085445043,linear
2201,7_epo,65.0,444.6694388857597,linear
2202,7_epo,66.0,446.37446922701514,linear
2203,7_epo,67.0,448.07949956827053,linear
2204,7_epo,68.0,449.78452990952593,linear
2205,7_epo,69.0,451.4895602507813,linear
2206,7_epo,70.0,453.1945905920367,linear
2207,7_epo,71.0,454.89962093329217,linear
2208,7_epo,72.0,456.6046512745475,linear
2209,7_epo,73.0,458.309681615803,linear
2210,7_epo,74.0,460.01471195705835,linear
2211,7_epo,75.0,461.7197422983138,linear
2212,7_epo,76.0,463.42477263956914,linear
2213,7_epo,77.0,465.12980298082465,linear
2214,7_epo,78.0,466.83483332208,linear
2215,7_epo,79.0,468.53986366333544,linear
2216,7_epo,80.0,470.2448940045908,linear
2217,7_epo,81.0,471.9499243458463,linear
2218,7_epo,82.0,473.6549546871016,linear
2219,7_epo,83.0,475.359985028357,linear
2220,7_epo,84.0,477.0650153696124,linear
2221,7_epo,85.0,478.77004571086786,linear
2222,7_epo,86.0,480.47507605212326,linear
2223,7_epo,87.0,482.18010639337865,linear
2224,7_epo,88.0,483.88513673463405,linear
2225,7_epo,89.0,485.59016707588955,linear
2226,7_epo,90.0,487.2951974171449,linear
2227,7_epo,91.0,489.00022775840034,linear
2228,7_epo,92.0,490.7052580996557,linear
2229,7_epo,93.0,492.4102884409112,linear
2230,7_epo,94.0,494.1153187821665,linear
2231,7_epo,95.0,495.8203491234219,linear
2232,8_epo,3.0,341.1649898826843,linear
2233,8_epo,4.0,341.21120461535446,linear
2234,8_epo,5.0,341.2574193480246,linear
2235,8_epo,6.0,341.30363408069474,linear
2236,8_epo,7.000000000000001,341.3498488133649,linear
2237,8_epo,8.0,341.396063546035,linear
2238,8_epo,9.0,341.4422782787051,linear
2239,8_epo,10.0,341.4884930113752,linear
2240,8_epo,11.0,341.53470774404536,linear
2241,8_epo,12.0,341.5809224767155,linear
2242,8_epo,13.0,341.62713720938564,linear
2243,8_epo,14.000000000000002,341.6733519420558,linear
2244,8_epo,15.0,341.7195666747259,linear
2245,8_epo,16.0,341.76578140739605,linear
2246,8_epo,17.0,341.8119961400662,linear
2247,8_epo,18.0,341.8582108727363,linear
2248,8_epo,19.0,341.90442560540646,linear
2249,8_epo,20.0,341.9506403380766,linear
2250,8_epo,21.0,341.99685507074673,linear
2251,8_epo,22.0,342.04306980341687,linear
2252,8_epo,23.0,342.089284536087,linear
2253,8_epo,24.0,342.13549926875714,linear
2254,8_epo,25.0,342.1817140014273,linear
2255,8_epo,26.0,342.22792873409736,linear
2256,8_epo,27.0,342.2741434667675,linear
2257,8_epo,28.000000000000004,342.32035819943763,linear
2258,8_epo,28.999999999999996,342.3665729321078,linear
2259,8_epo,30.0,342.4127876647779,linear
2260,8_epo,31.0,342.45900239744805,linear
2261,8_epo,32.0,342.5052171301182,linear
2262,8_epo,33.0,342.5514318627883,linear
2263,8_epo,34.0,342.59764659545846,linear
2264,8_epo,35.0,342.6438613281286,linear
2265,8_epo,36.0,342.69007606079873,linear
2266,8_epo,37.0,342.73629079346887,linear
2267,8_epo,38.0,342.782505526139,linear
2268,8_epo,39.0,342.82872025880914,linear
2269,8_epo,40.0,342.8749349914793,linear
2270,8_epo,41.0,342.9211497241494,linear
2271,8_epo,42.0,342.9673644568195,linear
2272,8_epo,43.0,343.0135791894896,linear
2273,8_epo,44.0,343.0597939221597,linear
2274,8_epo,45.0,343.10600865482985,linear
2275,8_epo,46.0,343.1522233875,linear
2276,8_epo,47.0,343.1984381201701,linear
2277,8_epo,48.0,343.24465285284026,linear
2278,8_epo,49.0,343.2908675855104,linear
2279,8_epo,50.0,343.33708231818053,linear
2280,8_epo,51.0,343.3832970508507,linear
2281,8_epo,52.0,343.4295117835208,linear
2282,8_epo,53.0,343.47572651619095,linear
2283,8_epo,54.0,343.5219412488611,linear
2284,8_epo,55.00000000000001,343.5681559815312,linear
2285,8_epo,56.00000000000001,343.61437071420136,linear
2286,8_epo,56.99999999999999,343.6605854468715,linear
2287,8_epo,57.99999999999999,343.70680017954163,linear
2288,8_epo,59.0,343.7530149122117,linear
2289,8_epo,60.0,343.79922964488185,linear
2290,8_epo,61.0,343.845444377552,linear
2291,8_epo,62.0,343.8916591102221,linear
2292,8_epo,63.0,343.93787384289226,linear
2293,8_epo,64.0,343.9840885755624,linear
2294,8_epo,65.0,344.03030330823253,linear
2295,8_epo,66.0,344.07651804090267,linear
2296,8_epo,67.0,344.1227327735728,linear
2297,8_epo,68.0,344.16894750624294,linear
2298,8_epo,69.0,344.2151622389131,linear
2299,8_epo,70.0,344.2613769715832,linear
2300,8_epo,71.0,344.30759170425335,linear
2301,8_epo,72.0,344.3538064369235,linear
2302,8_epo,73.0,344.40002116959363,linear
2303,8_epo,74.0,344.44623590226377,linear
2304,8_epo,75.0,344.49245063493385,linear
2305,8_epo,76.0,344.538665367604,linear
2306,8_epo,77.0,344.5848801002741,linear
2307,8_epo,78.0,344.63109483294426,linear
2308,8_epo,79.0,344.6773095656144,linear
2309,8_epo,80.0,344.72352429828453,linear
2310,8_epo,81.0,344.76973903095467,linear
2311,8_epo,82.0,344.8159537636248,linear
2312,8_epo,83.0,344.86216849629494,linear
2313,8_epo,84.0,344.9083832289651,linear
2314,8_epo,85.0,344.9545979616352,linear
2315,8_epo,86.0,345.00081269430535,linear
2316,8_epo,87.0,345.04702742697543,linear
2317,8_epo,88.0,345.09324215964557,linear
2318,8_epo,89.0,345.1394568923157,linear
2319,8_epo,90.0,345.18567162498584,linear
2320,8_epo,91.0,345.231886357656,linear
2321,8_epo,92.0,345.27810109032606,linear
2322,8_epo,93.0,345.3243158229962,linear
2323,8_epo,94.0,345.37053055566633,linear
2324,8_epo,95.0,345.4167452883365,linear
2325,9_epo,3.0,371.0327198188198,linear
2326,9_epo,4.0,370.9968960188158,linear
2327,9_epo,5.0,370.9610722188117,linear
2328,9_epo,6.0,370.92524841880766,linear
2329,9_epo,7.000000000000001,370.88942461880356,linear
2330,9_epo,8.0,370.85360081879946,linear
2331,9_epo,9.0,370.8177770187954,linear
2332,9_epo,10.0,370.7819532187914,linear
2333,9_epo,11.0,370.7461294187873,linear
2334,9_epo,12.0,370.7103056187832,linear
2335,9_epo,13.0,370.6744818187791,linear
2336,9_epo,14.000000000000002,370.63865801877506,linear
2337,9_epo,15.0,370.60283421877097,linear
2338,9_epo,16.0,370.56701041876687,linear
2339,9_epo,17.0,370.53118661876283,linear
2340,9_epo,18.0,370.4953628187588,linear
2341,9_epo,19.0,370.4595390187547,linear
2342,9_epo,20.0,370.4237152187506,linear
2343,9_epo,21.0,370.38789141874656,linear
2344,9_epo,22.0,370.35206761874247,linear
2345,9_epo,23.0,370.31624381873837,linear
2346,9_epo,24.0,370.28042001873433,linear
2347,9_epo,25.0,370.24459621873024,linear
2348,9_epo,26.0,370.2087724187262,linear
2349,9_epo,27.0,370.1729486187221,linear
2350,9_epo,28.000000000000004,370.137124818718,linear
2351,9_epo,28.999999999999996,370.10130101871397,linear
2352,9_epo,30.0,370.06547721870993,linear
2353,9_epo,31.0,370.02965341870583,linear
2354,9_epo,32.0,369.99382961870174,linear
2355,9_epo,33.0,369.9580058186977,linear
2356,9_epo,34.0,369.9221820186936,linear
2357,9_epo,35.0,369.88635821868957,linear
2358,9_epo,36.0,369.85053441868547,linear
2359,9_epo,37.0,369.8147106186814,linear
2360,9_epo,38.0,369.77888681867734,linear
2361,9_epo,39.0,369.74306301867324,linear
2362,9_epo,40.0,369.70723921866914,linear
2363,9_epo,41.0,369.6714154186651,linear
2364,9_epo,42.0,369.635591618661,linear
2365,9_epo,43.0,369.59976781865697,linear
2366,9_epo,44.0,369.5639440186529,linear
2367,9_epo,45.0,369.5281202186488,linear
2368,9_epo,46.0,369.49229641864474,linear
2369,9_epo,47.0,369.45647261864065,linear
2370,9_epo,48.0,369.42064881863655,linear
2371,9_epo,49.0,369.3848250186325,linear
2372,9_epo,50.0,369.3490012186285,linear
2373,9_epo,51.0,369.3131774186244,linear
2374,9_epo,52.0,369.2773536186203,linear
2375,9_epo,53.0,369.24152981861624,linear
2376,9_epo,54.0,369.20570601861215,linear
2377,9_epo,55.00000000000001,369.1698822186081,linear
2378,9_epo,56.00000000000001,369.134058418604,linear
2379,9_epo,56.99999999999999,369.0982346185999,linear
2380,9_epo,57.99999999999999,369.0624108185959,linear
2381,9_epo,59.0,369.02658701859184,linear
2382,9_epo,60.0,368.9907632185877,linear
2383,9_epo,61.0,368.95493941858365,linear
2384,9_epo,62.0,368.9191156185796,linear
2385,9_epo,63.0,368.8832918185755,linear
2386,9_epo,64.0,368.8474680185714,linear
2387,9_epo,65.0,368.8116442185674,linear
2388,9_epo,66.0,368.7758204185633,linear
2389,9_epo,67.0,368.73999661855925,linear
2390,9_epo,68.0,368.7041728185551,linear
2391,9_epo,69.0,368.66834901855105,linear
2392,9_epo,70.0,368.632525218547,linear
2393,9_epo,71.0,368.5967014185429,linear
2394,9_epo,72.0,368.5608776185388,linear
2395,9_epo,73.0,368.5250538185348,linear
2396,9_epo,74.0,368.4892300185307,linear
2397,9_epo,75.0,368.45340621852665,linear
2398,9_epo,76.0,368.41758241852256,linear
2399,9_epo,77.0,368.38175861851846,linear
2400,9_epo,78.0,368.3459348185144,linear
2401,9_epo,79.0,368.3101110185104,linear
2402,9_epo,80.0,368.27428721850623,linear
2403,9_epo,81.0,368.2384634185022,linear
2404,9_epo,82.0,368.20263961849815,linear
2405,9_epo,83.0,368.16681581849406,linear
2406,9_epo,84.0,368.13099201848996,linear
2407,9_epo,85.0,368.0951682184859,linear
2408,9_epo,86.0,368.0593444184818,linear
2409,9_epo,87.0,368.0235206184778,linear
2410,9_epo,88.0,367.9876968184737,linear
2411,9_epo,89.0,367.9518730184696,linear
2412,9_epo,90.0,367.91604921846556,linear
2413,9_epo,91.0,367.88022541846146,linear
2414,9_epo,92.0,367.84440161845737,linear
2415,9_epo,93.0,367.80857781845333,linear
2416,9_epo,94.0,367.77275401844923,linear
2417,9_epo,95.0,367.7369302184452,linear
