,participant,contrast,mpc,name
0,0_epo,3.0,0.7890456267344113,fechner
1,0_epo,4.0,0.6914044036705266,fechner
2,0_epo,5.0,0.6466605914189599,fechner
3,0_epo,6.0,0.6196687608887039,fechner
4,0_epo,7.000000000000001,0.601345335476056,fechner
5,0_epo,8.0,0.5880079932607388,fechner
6,0_epo,9.0,0.5778321735330259,fechner
7,0_epo,10.0,0.5697978655089357,fechner
8,0_epo,11.0,0.5632858858462211,fechner
9,0_epo,12.0,0.5578969341011032,fechner
10,0_epo,13.0,0.5533612212369649,fechner
11,0_epo,14.000000000000002,0.5494895566806085,fechner
12,0_epo,15.0,0.5461451678786003,fechner
13,0_epo,16.0,0.5432266289430168,fechner
14,0_epo,17.0,0.5406570826083279,fechner
15,0_epo,18.0,0.5383771950975232,fechner
16,0_epo,19.0,0.5363404125759608,fechner
17,0_epo,20.0,0.5345096844469132,fechner
18,0_epo,21.0,0.5328551486788373,fechner
19,0_epo,22.0,0.5313524641189046,fechner
20,0_epo,23.0,0.529981587673757,fechner
21,0_epo,24.0,0.5287258634806642,fechner
22,0_epo,25.0,0.527571334789739,fechner
23,0_epo,26.0,0.526506217386124,fechner
24,0_epo,27.0,0.5255204918929032,fechner
25,0_epo,28.000000000000004,0.5246055847241391,fechner
26,0_epo,28.999999999999996,0.5237541159491493,fechner
27,0_epo,30.0,0.5229596982244616,fechner
28,0_epo,31.0,0.5222167751030943,fechner
29,0_epo,32.0,0.5215204899964705,fechner
30,0_epo,33.0,0.5208665792085193,fechner
31,0_epo,34.0,0.5202512840298757,fechner
32,0_epo,35.0,0.5196712780396343,fechner
33,0_epo,36.0,0.5191236066280205,fechner
34,0_epo,37.0,0.5186056364060733,fechner
35,0_epo,38.0,0.518115012664784,fechner
36,0_epo,39.0,0.5176496234267075,fechner
37,0_epo,40.0,0.5172075689271198,fechner
38,0_epo,41.0,0.5167871355906772,fechner
39,0_epo,42.0,0.5163867737489087,fechner
40,0_epo,43.0,0.5160050784853796,fechner
41,0_epo,44.0,0.5156407731076804,fechner
42,0_epo,45.0,0.5152926948350673,fechner
43,0_epo,46.0,0.5149597823625747,fechner
44,0_epo,47.0,0.5146410650205323,fechner
45,0_epo,48.0,0.514335653295549,fechner
46,0_epo,49.0,0.5140427305174511,fechner
47,0_epo,50.0,0.5137615455481235,fechner
48,0_epo,51.0,0.5134914063340728,fechner
49,0_epo,52.0,0.5132316742059062,fechner
50,0_epo,53.0,0.5129817588256382,fechner
51,0_epo,54.0,0.5127411136974869,fechner
52,0_epo,55.00000000000001,0.5125092321701493,fechner
53,0_epo,56.00000000000001,0.512285643868877,fechner
54,0_epo,56.99999999999999,0.5120699115043661,fechner
55,0_epo,57.99999999999999,0.511861628012819,fechner
56,0_epo,59.0,0.5116604139877444,fechner
57,0_epo,60.0,0.5114659153693429,fechner
58,0_epo,61.0,0.5112778013618214,fechner
59,0_epo,62.0,0.5110957625528199,fechner
60,0_epo,63.0,0.5109195092124221,fechner
61,0_epo,64.0,0.510748769752053,fechner
62,0_epo,65.0,0.510583289325988,fechner
63,0_epo,66.0,0.5104228285603128,fechner
64,0_epo,67.0,0.5102671623959766,fechner
65,0_epo,68.0,0.5101160790341638,fechner
66,0_epo,69.0,0.509969378973579,fechner
67,0_epo,70.0,0.5098268741304289,fechner
68,0_epo,71.0,0.509688387032929,fechner
69,0_epo,72.0,0.5095537500830726,fechner
70,0_epo,73.0,0.5094228048791972,fechner
71,0_epo,74.0,0.5092954015935841,fechner
72,0_epo,75.0,0.509171398399945,fechner
73,0_epo,76.0,0.5090506609461882,fechner
74,0_epo,77.0,0.508933061868344,fechner
75,0_epo,78.0,0.5088184803419423,fechner
76,0_epo,79.0,0.5087068016675242,fechner
77,0_epo,80.0,0.5085979168872884,fechner
78,0_epo,81.0,0.5084917224301818,fechner
79,0_epo,82.0,0.5083881197829998,fechner
80,0_epo,83.0,0.5082870151852978,fechner
81,0_epo,84.0,0.508188319346129,fechner
82,0_epo,85.0,0.5080919471808046,fechner
83,0_epo,86.0,0.5079978175660478,fechner
84,0_epo,87.0,0.507905853112055,fechner
85,0_epo,88.0,0.5078159799501216,fechner
86,0_epo,89.0,0.5077281275346024,fechner
87,0_epo,90.0,0.507642228458093,fechner
88,0_epo,91.0,0.5075582182788123,fechner
89,0_epo,92.0,0.5074760353592561,fechner
90,0_epo,93.0,0.5073956207152736,fechner
91,0_epo,94.0,0.5073169178747879,fechner
92,0_epo,95.0,0.5072398727454509,fechner
93,10_epo,3.0,0.6697924713007335,fechner
94,10_epo,4.0,0.6064677185114418,fechner
95,10_epo,5.0,0.5803060572942961,fechner
96,10_epo,6.0,0.5650554722333714,fechner
97,10_epo,7.000000000000001,0.5548748105599118,fechner
98,10_epo,8.0,0.5475358185361019,fechner
99,10_epo,9.0,0.5419708036750005,fechner
100,10_epo,10.0,0.5375952412961704,fechner
101,10_epo,11.0,0.5340592661378079,fechner
102,10_epo,12.0,0.5311394966397026,fechner
103,10_epo,13.0,0.5286861092807756,fechner
104,10_epo,14.000000000000002,0.5265946242411532,fechner
105,10_epo,15.0,0.5247898364187877,fechner
106,10_epo,16.0,0.5232161680312114,fechner
107,10_epo,17.0,0.5218316210074742,fechner
108,10_epo,18.0,0.5206038466692839,fechner
109,10_epo,19.0,0.5195075119088197,fechner
110,10_epo,20.0,0.5185224869595755,fechner
111,10_epo,21.0,0.5176325694538999,fechner
112,10_epo,22.0,0.5168245676978116,fechner
113,10_epo,23.0,0.5160876300983213,fechner
114,10_epo,24.0,0.5154127467124652,fechner
115,10_epo,25.0,0.5147923733505422,fechner
116,10_epo,26.0,0.5142201443746287,fechner
117,10_epo,27.0,0.5136906506426412,fechner
118,10_epo,28.000000000000004,0.5131992659483462,fechner
119,10_epo,28.999999999999996,0.5127420100093015,fechner
120,10_epo,30.0,0.5123154393108752,fechner
121,10_epo,31.0,0.511916559403477,fechner
122,10_epo,32.0,0.5115427538814826,fechner
123,10_epo,33.0,0.5111917264497757,fechner
124,10_epo,34.0,0.5108614533437104,fechner
125,10_epo,35.0,0.5105501440031274,fechner
126,10_epo,36.0,0.5102562083745248,fechner
127,10_epo,37.0,0.5099782295719633,fechner
128,10_epo,38.0,0.5097149408980778,fechner
129,10_epo,39.0,0.5094652064339863,fechner
130,10_epo,40.0,0.5092280045670106,fechner
131,10_epo,41.0,0.509002413949654,fechner
132,10_epo,42.0,0.5087876014808045,fechner
133,10_epo,43.0,0.5085828119770056,fechner
134,10_epo,44.0,0.5083873592626216,fechner
135,10_epo,45.0,0.5082006184563744,fechner
136,10_epo,46.0,0.50802201927078,fechner
137,10_epo,47.0,0.5078510401724963,fechner
138,10_epo,48.0,0.507687203277143,fechner
139,10_epo,49.0,0.5075300698729455,fechner
140,10_epo,50.0,0.5073792364845938,fechner
141,10_epo,51.0,0.5072343314027025,fechner
142,10_epo,52.0,0.5070950116158136,fechner
143,10_epo,53.0,0.5069609600914704,fechner
144,10_epo,54.0,0.5068318833608574,fechner
145,10_epo,55.00000000000001,0.5067075093681628,fechner
146,10_epo,56.00000000000001,0.5065875855514033,fechner
147,10_epo,56.99999999999999,0.5064718771261423,fechner
148,10_epo,57.99999999999999,0.5063601655474976,fechner
149,10_epo,59.0,0.5062522471291852,fechner
150,10_epo,60.0,0.506147931801199,fechner
151,10_epo,61.0,0.5060470419901456,fechner
152,10_epo,62.0,0.5059494116083291,fechner
153,10_epo,63.0,0.5058548851394529,fechner
154,10_epo,64.0,0.5057633168103304,fechner
155,10_epo,65.0,0.5056745698393059,fechner
156,10_epo,66.0,0.5055885157532194,fechner
157,10_epo,67.0,0.5055050337657296,fechner
158,10_epo,68.0,0.5054240102106567,fechner
159,10_epo,69.0,0.5053453380247424,fechner
160,10_epo,70.0,0.5052689162748721,fechner
161,10_epo,71.0,0.5051946497253604,fechner
162,10_epo,72.0,0.5051224484413924,fechner
163,10_epo,73.0,0.505052227425144,fechner
164,10_epo,74.0,0.5049839062814809,fechner
165,10_epo,75.0,0.5049174089104682,fechner
166,10_epo,76.0,0.504852663224213,fechner
167,10_epo,77.0,0.5047896008858229,fechner
168,10_epo,78.0,0.5047281570684916,fechner
169,10_epo,79.0,0.5046682702329212,fechner
170,10_epo,80.0,0.5046098819214733,fechner
171,10_epo,81.0,0.504552936567603,fechner
172,10_epo,82.0,0.5044973813192625,fechner
173,10_epo,83.0,0.5044431658750976,fechner
174,10_epo,84.0,0.5043902423323682,fechner
175,10_epo,85.0,0.5043385650456225,fechner
176,10_epo,86.0,0.5042880904952511,fechner
177,10_epo,87.0,0.5042387771651224,fechner
178,10_epo,88.0,0.5041905854285752,fechner
179,10_epo,89.0,0.5041434774421115,fechner
180,10_epo,90.0,0.5040974170461887,fechner
181,10_epo,91.0,0.5040523696725622,fechner
182,10_epo,92.0,0.504008302257683,fechner
183,10_epo,93.0,0.5039651831616894,fechner
184,10_epo,94.0,0.503922982092579,fechner
185,10_epo,95.0,0.5038816700351763,fechner
186,11_epo,3.0,0.5000000591271125,fechner
187,11_epo,4.0,0.5000000361568239,fechner
188,11_epo,5.0,0.5000000270894952,fechner
189,11_epo,6.0,0.5000000218790522,fechner
190,11_epo,7.000000000000001,0.5000000184247538,fechner
191,11_epo,8.0,0.5000000159444816,fechner
192,11_epo,9.0,0.5000000140684502,fechner
193,11_epo,10.0,0.500000012595898,fechner
194,11_epo,11.0,0.5000000114073343,fechner
195,11_epo,12.0,0.5000000104267709,fechner
196,11_epo,13.0,0.5000000096033915,fechner
197,11_epo,14.000000000000002,0.5000000089018386,fechner
198,11_epo,15.0,0.5000000082967059,fechner
199,11_epo,16.0,0.5000000077692436,fechner
200,11_epo,17.0,0.5000000073052991,fechner
201,11_epo,18.0,0.5000000068939815,fechner
202,11_epo,19.0,0.5000000065267681,fechner
203,11_epo,20.0,0.5000000061968913,fechner
204,11_epo,21.0,0.5000000058989068,fechner
205,11_epo,22.0,0.5000000056283839,fechner
206,11_epo,23.0,0.5000000053816792,fechner
207,11_epo,24.0,0.500000005155769,fechner
208,11_epo,25.0,0.5000000049481221,fechner
209,11_epo,26.0,0.5000000047566033,fechner
210,11_epo,27.0,0.5000000045793987,fechner
211,11_epo,28.000000000000004,0.5000000044149572,fechner
212,11_epo,28.999999999999996,0.5000000042619445,fechner
213,11_epo,30.0,0.5000000041192064,fechner
214,11_epo,31.0,0.5000000039857396,fechner
215,11_epo,32.0,0.5000000038606676,fechner
216,11_epo,33.0,0.5000000037432206,fechner
217,11_epo,34.0,0.5000000036327212,fechner
218,11_epo,35.0,0.5000000035285693,fechner
219,11_epo,36.0,0.5000000034302325,fechner
220,11_epo,37.0,0.5000000033372363,fechner
221,11_epo,38.0,0.5000000032491565,fechner
222,11_epo,39.0,0.5000000031656127,fechner
223,11_epo,40.0,0.5000000030862629,fechner
224,11_epo,41.0,0.5000000030107986,fechner
225,11_epo,42.0,0.5000000029389411,fechner
226,11_epo,43.0,0.5000000028704372,fechner
227,11_epo,44.0,0.5000000028050576,fechner
228,11_epo,45.0,0.5000000027425929,fechner
229,11_epo,46.0,0.5000000026828524,fechner
230,11_epo,47.0,0.5000000026256612,fechner
231,11_epo,48.0,0.5000000025708597,fechner
232,11_epo,49.0,0.500000002518301,fechner
233,11_epo,50.0,0.50000000246785,fechner
234,11_epo,51.0,0.5000000024193824,fechner
235,11_epo,52.0,0.5000000023727832,fechner
236,11_epo,53.0,0.5000000023279465,fechner
237,11_epo,54.0,0.5000000022847741,fechner
238,11_epo,55.00000000000001,0.500000002243175,fechner
239,11_epo,56.00000000000001,0.5000000022030644,fechner
240,11_epo,56.99999999999999,0.5000000021643641,fechner
241,11_epo,57.99999999999999,0.5000000021270008,fechner
242,11_epo,59.0,0.5000000020909063,fechner
243,11_epo,60.0,0.5000000020560171,fechner
244,11_epo,61.0,0.5000000020222738,fechner
245,11_epo,62.0,0.5000000019896208,fechner
246,11_epo,63.0,0.5000000019580061,fechner
247,11_epo,64.0,0.5000000019273808,fechner
248,11_epo,65.0,0.5000000018976993,fechner
249,11_epo,66.0,0.5000000018689186,fechner
250,11_epo,67.0,0.5000000018409981,fechner
251,11_epo,68.0,0.5000000018139,fechner
252,11_epo,69.0,0.5000000017875884,fechner
253,11_epo,70.0,0.5000000017620295,fechner
254,11_epo,71.0,0.5000000017371915,fechner
255,11_epo,72.0,0.5000000017130443,fechner
256,11_epo,73.0,0.5000000016895595,fechner
257,11_epo,74.0,0.5000000016667101,fechner
258,11_epo,75.0,0.5000000016444707,fechner
259,11_epo,76.0,0.5000000016228172,fechner
260,11_epo,77.0,0.5000000016017266,fechner
261,11_epo,78.0,0.5000000015811775,fechner
262,11_epo,79.0,0.5000000015611492,fechner
263,11_epo,80.0,0.500000001541622,fechner
264,11_epo,81.0,0.5000000015225775,fechner
265,11_epo,82.0,0.5000000015039979,fechner
266,11_epo,83.0,0.5000000014858664,fechner
267,11_epo,84.0,0.500000001468167,fechner
268,11_epo,85.0,0.5000000014508844,fechner
269,11_epo,86.0,0.5000000014340041,fechner
270,11_epo,87.0,0.5000000014175122,fechner
271,11_epo,88.0,0.5000000014013953,fechner
272,11_epo,89.0,0.500000001385641,fechner
273,11_epo,90.0,0.500000001370237,fechner
274,11_epo,91.0,0.5000000013551719,fechner
275,11_epo,92.0,0.5000000013404344,fechner
276,11_epo,93.0,0.5000000013260142,fechner
277,11_epo,94.0,0.5000000013119009,fechner
278,11_epo,95.0,0.5000000012980851,fechner
279,12_epo,3.0,0.9938693154957299,fechner
280,12_epo,4.0,0.9573665096062036,fechner
281,12_epo,5.0,0.9114314447320765,fechner
282,12_epo,6.0,0.8679375251115173,fechner
283,12_epo,7.000000000000001,0.8299930804976564,fechner
284,12_epo,8.0,0.7977246425074839,fechner
285,12_epo,9.0,0.7704206586962893,fechner
286,12_epo,10.0,0.747243520074895,fechner
287,12_epo,11.0,0.7274415303741391,fechner
288,12_epo,12.0,0.7103935463009045,fechner
289,12_epo,13.0,0.6956013726725127,fechner
290,12_epo,14.000000000000002,0.6826690888083525,fechner
291,12_epo,15.0,0.6712820386475419,fechner
292,12_epo,16.0,0.6611890345727764,fechner
293,12_epo,17.0,0.6521882370800237,fechner
294,12_epo,18.0,0.6441162433394558,fechner
295,12_epo,19.0,0.6368397360890806,fechner
296,12_epo,20.0,0.6302491008319787,fechner
297,12_epo,21.0,0.6242535330726698,fechner
298,12_epo,22.0,0.6187772680600542,fechner
299,12_epo,23.0,0.6137566567366501,fechner
300,12_epo,24.0,0.6091378819899357,fechner
301,12_epo,25.0,0.604875162040243,fechner
302,12_epo,26.0,0.6009293267965199,fechner
303,12_epo,27.0,0.5972666817159342,fechner
304,12_epo,28.000000000000004,0.5938580948363845,fechner
305,12_epo,28.999999999999996,0.5906782582559219,fechner
306,12_epo,30.0,0.5877050869091203,fechner
307,12_epo,31.0,0.5849192261256104,fechner
308,12_epo,32.0,0.5823036459368388,fechner
309,12_epo,33.0,0.5798433049921585,fechner
310,12_epo,34.0,0.5775248706666329,fechner
311,12_epo,35.0,0.575336484790201,fechner
312,12_epo,36.0,0.5732675666203123,fechner
313,12_epo,37.0,0.5713086463789223,fechner
314,12_epo,38.0,0.569451223999025,fechner
315,12_epo,39.0,0.5676876487643403,fechner
316,12_epo,40.0,0.5660110163447036,fechner
317,12_epo,41.0,0.5644150803791096,fechner
318,12_epo,42.0,0.5628941762760382,fechner
319,12_epo,43.0,0.561443155315505,fechner
320,12_epo,44.0,0.5600573274712862,fechner
321,12_epo,45.0,0.5587324116419892,fechner
322,12_epo,46.0,0.5574644921992723,fechner
323,12_epo,47.0,0.5562499809407885,fechner
324,12_epo,48.0,0.555085583682401,fechner
325,12_epo,49.0,0.5539682708451865,fechner
326,12_epo,50.0,0.5528952514927065,fechner
327,12_epo,51.0,0.5518639503569378,fechner
328,12_epo,52.0,0.5508719874602863,fechner
329,12_epo,53.0,0.5499171599987678,fechner
330,12_epo,54.0,0.5489974261997798,fechner
331,12_epo,55.00000000000001,0.5481108909085431,fechner
332,12_epo,56.00000000000001,0.5472557926915853,fechner
333,12_epo,56.99999999999999,0.5464304922746595,fechner
334,12_epo,57.99999999999999,0.5456334621571302,fechner
335,12_epo,59.0,0.5448632772658166,fechner
336,12_epo,60.0,0.5441186065291816,fechner
337,12_epo,61.0,0.5433982052680663,fechner
338,12_epo,62.0,0.5427009083123094,fechner
339,12_epo,63.0,0.5420256237638915,fechner
340,12_epo,64.0,0.5413713273369847,fechner
341,12_epo,65.0,0.5407370572137155,fechner
342,12_epo,66.0,0.5401219093617344,fechner
343,12_epo,67.0,0.5395250332660274,fechner
344,12_epo,68.0,0.5389456280329048,fechner
345,12_epo,69.0,0.538382938828912,fechner
346,12_epo,70.0,0.5378362536215994,fechner
347,12_epo,71.0,0.5373049001927606,fechner
348,12_epo,72.0,0.5367882433979706,fechner
349,12_epo,73.0,0.536285682649083,fechner
350,12_epo,74.0,0.5357966495988368,fechner
351,12_epo,75.0,0.5353206060089176,fechner
352,12_epo,76.0,0.5348570417847607,fechner
353,12_epo,77.0,0.5344054731620952,fechner
354,12_epo,78.0,0.5339654410317515,fechner
355,12_epo,79.0,0.533536509390603,fechner
356,12_epo,80.0,0.5331182639077124,fechner
357,12_epo,81.0,0.5327103105958192,fechner
358,12_epo,82.0,0.5323122745792639,fechner
359,12_epo,83.0,0.5319237989502804,fechner
360,12_epo,84.0,0.5315445437063662,fechner
361,12_epo,85.0,0.5311741847621033,fechner
362,12_epo,86.0,0.5308124130294257,fechner
363,12_epo,87.0,0.5304589335608665,fechner
364,12_epo,88.0,0.5301134647508192,fechner
365,12_epo,89.0,0.5297757375902835,fechner
366,12_epo,90.0,0.5294454949709665,fechner
367,12_epo,91.0,0.5291224910349727,fechner
368,12_epo,92.0,0.5288064905666391,fechner
369,12_epo,93.0,0.5284972684233642,fechner
370,12_epo,94.0,0.528194609002549,fechner
371,12_epo,95.0,0.5278983057420059,fechner
372,13_epo,3.0,0.9916178022021715,fechner
373,13_epo,4.0,0.9487717284891057,fechner
374,13_epo,5.0,0.8990657823714802,fechner
375,13_epo,6.0,0.8539916159443484,fechner
376,13_epo,7.000000000000001,0.8156873914220428,fechner
377,13_epo,8.0,0.7836677813049361,fechner
378,13_epo,9.0,0.7568931781163197,fechner
379,13_epo,10.0,0.734357519179607,fechner
380,13_epo,11.0,0.7152242290606076,fechner
381,13_epo,12.0,0.6988304674971133,fechner
382,13_epo,13.0,0.6846586896978922,fechner
383,13_epo,14.000000000000002,0.6723052061079832,fechner
384,13_epo,15.0,0.6614535476836221,fechner
385,13_epo,16.0,0.6518536975016229,fechner
386,13_epo,17.0,0.643306388268243,fechner
387,13_epo,18.0,0.635651348810365,fechner
388,13_epo,19.0,0.6287585102823026,fechner
389,13_epo,20.0,0.6225213982099765,fechner
390,13_epo,21.0,0.6168521334562378,fechner
391,13_epo,22.0,0.6116776203322112,fechner
392,13_epo,23.0,0.6069366154366268,fechner
393,13_epo,24.0,0.6025774545105493,fechner
394,13_epo,25.0,0.598556274770865,fechner
395,13_epo,26.0,0.5948356133793541,fechner
396,13_epo,27.0,0.5913832937911229,fechner
397,13_epo,28.000000000000004,0.5881715342135196,fechner
398,13_epo,28.999999999999996,0.5851762287778179,fechner
399,13_epo,30.0,0.5823763640296546,fechner
400,13_epo,31.0,0.5797535422115982,fechner
401,13_epo,32.0,0.5772915894115949,fechner
402,13_epo,33.0,0.5749762316011799,fechner
403,13_epo,34.0,0.5727948253274864,fechner
404,13_epo,35.0,0.5707361326694778,fechner
405,13_epo,36.0,0.568790132250311,fechner
406,13_epo,37.0,0.566947859780957,fechner
407,13_epo,38.0,0.5652012729174807,fechner
408,13_epo,39.0,0.5635431362360702,fechner
409,13_epo,40.0,0.5619669229332022,fechner
410,13_epo,41.0,0.5604667304936153,fechner
411,13_epo,42.0,0.559037208073935,fechner
412,13_epo,43.0,0.5576734937536784,fechner
413,13_epo,44.0,0.5563711601299112,fechner
414,13_epo,45.0,0.5551261669939023,fechner
415,13_epo,46.0,0.5539348200407542,fechner
416,13_epo,47.0,0.5527937347362825,fechner
417,13_epo,48.0,0.5516998046072701,fechner
418,13_epo,49.0,0.5506501733378265,fechner
419,13_epo,50.0,0.549642210150808,fechner
420,13_epo,51.0,0.548673488032985,fechner
421,13_epo,52.0,0.5477417644289378,fechner
422,13_epo,53.0,0.5468449640839983,fechner
423,13_epo,54.0,0.5459811637628799,fechner
424,13_epo,55.00000000000001,0.5451485786095883,fechner
425,13_epo,56.00000000000001,0.5443455499470079,fechner
426,13_epo,56.99999999999999,0.5435705343423209,fechner
427,13_epo,57.99999999999999,0.5428220937879469,fechner
428,13_epo,59.0,0.5420988868677065,fechner
429,13_epo,60.0,0.5413996607949924,fechner
430,13_epo,61.0,0.5407232442243245,fechner
431,13_epo,62.0,0.5400685407501984,fechner
432,13_epo,63.0,0.5394345230178862,fechner
433,13_epo,64.0,0.5388202273801381,fechner
434,13_epo,65.0,0.5382247490417372,fechner
435,13_epo,66.0,0.5376472376407967,fechner
436,13_epo,67.0,0.5370868932217162,fechner
437,13_epo,68.0,0.5365429625599388,fechner
438,13_epo,69.0,0.5360147358032195,fechner
439,13_epo,70.0,0.5355015433980953,fechner
440,13_epo,71.0,0.5350027532737351,fechner
441,13_epo,72.0,0.5345177682584006,fechner
442,13_epo,73.0,0.5340460237064343,fechner
443,13_epo,74.0,0.533586985316053,fechner
444,13_epo,75.0,0.5331401471203032,fechner
445,13_epo,76.0,0.5327050296353766,fechner
446,13_epo,77.0,0.5322811781521058,fechner
447,13_epo,78.0,0.5318681611579016,fechner
448,13_epo,79.0,0.5314655688776728,fechner
449,13_epo,80.0,0.5310730119233997,fechner
450,13_epo,81.0,0.5306901200430494,fechner
451,13_epo,82.0,0.5303165409604171,fechner
452,13_epo,83.0,0.5299519392982832,fechner
453,13_epo,84.0,0.529595995577994,fechner
454,13_epo,85.0,0.5292484052892198,fechner
455,13_epo,86.0,0.5289088780242168,fechner
456,13_epo,87.0,0.5285771366714379,fechner
457,13_epo,88.0,0.528252916663806,fechner
458,13_epo,89.0,0.5279359652773757,fechner
459,13_epo,90.0,0.5276260409764921,fechner
460,13_epo,91.0,0.5273229128018899,fechner
461,13_epo,92.0,0.5270263597984869,fechner
462,13_epo,93.0,0.5267361704799036,fechner
463,13_epo,94.0,0.5264521423269868,fechner
464,13_epo,95.0,0.5261740813178483,fechner
465,14_epo,3.0,0.5095360737947887,fechner
466,14_epo,4.0,0.505831847731417,fechner
467,14_epo,5.0,0.5043694367243731,fechner
468,14_epo,6.0,0.5035290425213985,fechner
469,14_epo,7.000000000000001,0.5029718862130245,fechner
470,14_epo,8.0,0.5025718294969492,fechner
471,14_epo,9.0,0.5022692318572407,fechner
472,14_epo,10.0,0.502031712915574,fechner
473,14_epo,11.0,0.5018399999355724,fechner
474,14_epo,12.0,0.5016818365673634,fechner
475,14_epo,13.0,0.5015490264847824,fechner
476,14_epo,14.000000000000002,0.5014358666898134,fechner
477,14_epo,15.0,0.5013382592555394,fechner
478,14_epo,16.0,0.50125317992088,fechner
479,14_epo,17.0,0.5011783459083627,fechner
480,14_epo,18.0,0.5011120005320661,fechner
481,14_epo,19.0,0.5010527691274821,fechner
482,14_epo,20.0,0.5009995600770896,fechner
483,14_epo,21.0,0.5009514952164895,fechner
484,14_epo,22.0,0.5009078598890685,fechner
485,14_epo,23.0,0.5008680664464923,fechner
486,14_epo,24.0,0.5008316271401956,fechner
487,14_epo,25.0,0.5007981336926817,fechner
488,14_epo,26.0,0.5007672416988851,fechner
489,14_epo,27.0,0.5007386585723966,fechner
490,14_epo,28.000000000000004,0.5007121341287682,fechner
491,14_epo,28.999999999999996,0.5006874531549864,fechner
492,14_epo,30.0,0.500664429491944,fechner
493,14_epo,31.0,0.5006429012815735,fechner
494,14_epo,32.0,0.5006227271192114,fechner
495,14_epo,33.0,0.5006037829158801,fechner
496,14_epo,34.0,0.5005859593219769,fechner
497,14_epo,35.0,0.5005691595983877,fechner
498,14_epo,36.0,0.5005532978467874,fechner
499,14_epo,37.0,0.5005382975302551,fechner
500,14_epo,38.0,0.5005240902300461,fechner
501,14_epo,39.0,0.5005106145956227,fechner
502,14_epo,40.0,0.5004978154537364,fechner
503,14_epo,41.0,0.5004856430491117,fechner
504,14_epo,42.0,0.5004740523945724,fechner
505,14_epo,43.0,0.5004630027126185,fechner
506,14_epo,44.0,0.5004524569537678,fechner
507,14_epo,45.0,0.5004423813796176,fechner
508,14_epo,46.0,0.5004327452006883,fechner
509,14_epo,47.0,0.5004235202608286,fechner
510,14_epo,48.0,0.5004146807613367,fechner
511,14_epo,49.0,0.5004062030190807,fechner
512,14_epo,50.0,0.5003980652538256,fechner
513,14_epo,51.0,0.5003902474007297,fechner
514,14_epo,52.0,0.5003827309446001,fechner
515,14_epo,53.0,0.5003754987730155,fechner
516,14_epo,54.0,0.5003685350458547,fechner
517,14_epo,55.00000000000001,0.5003618250791311,fechner
518,14_epo,56.00000000000001,0.5003553552413352,fechner
519,14_epo,56.99999999999999,0.5003491128607399,fechner
520,14_epo,57.99999999999999,0.5003430861423385,fechner
521,14_epo,59.0,0.5003372640932675,fechner
522,14_epo,60.0,0.5003316364557187,fechner
523,14_epo,61.0,0.5003261936464771,fechner
524,14_epo,62.0,0.5003209267023344,fechner
525,14_epo,63.0,0.5003158272307195,fechner
526,14_epo,64.0,0.5003108873649769,fechner
527,14_epo,65.0,0.5003060997237853,fechner
528,14_epo,66.0,0.5003014573742818,fechner
529,14_epo,67.0,0.5002969537984969,fechner
530,14_epo,68.0,0.5002925828627623,fechner
531,14_epo,69.0,0.500288338789787,fechner
532,14_epo,70.0,0.5002842161331339,fechner
533,14_epo,71.0,0.5002802097538612,fechner
534,14_epo,72.0,0.5002763147991145,fechner
535,14_epo,73.0,0.5002725266824838,fechner
536,14_epo,74.0,0.5002688410659591,fechner
537,14_epo,75.0,0.5002652538433311,fechner
538,14_epo,76.0,0.5002617611249077,fechner
539,14_epo,77.0,0.5002583592234235,fechner
540,14_epo,78.0,0.5002550446410363,fechner
541,14_epo,79.0,0.5002518140573133,fechner
542,14_epo,80.0,0.5002486643181208,fechner
543,14_epo,81.0,0.5002455924253385,fechner
544,14_epo,82.0,0.5002425955273285,fechner
545,14_epo,83.0,0.5002396709100941,fechner
546,14_epo,84.0,0.5002368159890723,fechner
547,14_epo,85.0,0.5002340283015063,fechner
548,14_epo,86.0,0.5002313054993515,fechner
549,14_epo,87.0,0.5002286453426711,fechner
550,14_epo,88.0,0.5002260456934845,fechner
551,14_epo,89.0,0.5002235045100291,fechner
552,14_epo,90.0,0.5002210198414068,fechner
553,14_epo,91.0,0.5002185898225836,fechner
554,14_epo,92.0,0.5002162126697162,fechner
555,14_epo,93.0,0.5002138866757798,fechner
556,14_epo,94.0,0.5002116102064771,fechner
557,14_epo,95.0,0.500209381696404,fechner
558,15_epo,3.0,0.5000000923376617,fechner
559,15_epo,4.0,0.5000000564654085,fechner
560,15_epo,5.0,0.5000000423051377,fechner
561,15_epo,6.0,0.5000000341680904,fechner
562,15_epo,7.000000000000001,0.5000000287735796,fechner
563,15_epo,8.0,0.5000000249001869,fechner
564,15_epo,9.0,0.5000000219704249,fechner
565,15_epo,10.0,0.5000000196707688,fechner
566,15_epo,11.0,0.5000000178146121,fechner
567,15_epo,12.0,0.5000000162832853,fechner
568,15_epo,13.0,0.5000000149974297,fechner
569,15_epo,14.000000000000002,0.5000000139018281,fechner
570,15_epo,15.0,0.5000000129568042,fechner
571,15_epo,16.0,0.5000000121330767,fechner
572,15_epo,17.0,0.5000000114085436,fechner
573,15_epo,18.0,0.5000000107661968,fechner
574,15_epo,19.0,0.5000000101927269,fechner
575,15_epo,20.0,0.5000000096775647,fechner
576,15_epo,21.0,0.5000000092122081,fechner
577,15_epo,22.0,0.5000000087897375,fechner
578,15_epo,23.0,0.5000000084044638,fechner
579,15_epo,24.0,0.5000000080516642,fechner
580,15_epo,25.0,0.5000000077273862,fechner
581,15_epo,26.0,0.500000007428295,fechner
582,15_epo,27.0,0.5000000071515579,fechner
583,15_epo,28.000000000000004,0.5000000068947528,fechner
584,15_epo,28.999999999999996,0.5000000066557958,fechner
585,15_epo,30.0,0.5000000064328846,fechner
586,15_epo,31.0,0.5000000062244522,fechner
587,15_epo,32.0,0.5000000060291294,fechner
588,15_epo,33.0,0.500000005845715,fechner
589,15_epo,34.0,0.5000000056731501,fechner
590,15_epo,35.0,0.5000000055104981,fechner
591,15_epo,36.0,0.5000000053569275,fechner
592,15_epo,37.0,0.500000005211697,fechner
593,15_epo,38.0,0.5000000050741444,fechner
594,15_epo,39.0,0.5000000049436757,fechner
595,15_epo,40.0,0.5000000048197567,fechner
596,15_epo,41.0,0.5000000047019056,fechner
597,15_epo,42.0,0.5000000045896871,fechner
598,15_epo,43.0,0.500000004482706,fechner
599,15_epo,44.0,0.5000000043806039,fechner
600,15_epo,45.0,0.500000004283054,fechner
601,15_epo,46.0,0.5000000041897583,fechner
602,15_epo,47.0,0.5000000041004441,fechner
603,15_epo,48.0,0.5000000040148617,fechner
604,15_epo,49.0,0.5000000039327818,fechner
605,15_epo,50.0,0.5000000038539933,fechner
606,15_epo,51.0,0.5000000037783023,fechner
607,15_epo,52.0,0.5000000037055294,fechner
608,15_epo,53.0,0.5000000036355089,fechner
609,15_epo,54.0,0.5000000035680873,fechner
610,15_epo,55.00000000000001,0.5000000035031227,fechner
611,15_epo,56.00000000000001,0.5000000034404829,fechner
612,15_epo,56.99999999999999,0.5000000033800452,fechner
613,15_epo,57.99999999999999,0.5000000033216957,fechner
614,15_epo,59.0,0.5000000032653277,fechner
615,15_epo,60.0,0.5000000032108419,fechner
616,15_epo,61.0,0.5000000031581457,fechner
617,15_epo,62.0,0.5000000031071521,fechner
618,15_epo,63.0,0.50000000305778,fechner
619,15_epo,64.0,0.5000000030099531,fechner
620,15_epo,65.0,0.5000000029636,fechner
621,15_epo,66.0,0.5000000029186537,fechner
622,15_epo,67.0,0.5000000028750509,fechner
623,15_epo,68.0,0.5000000028327323,fechner
624,15_epo,69.0,0.500000002791642,fechner
625,15_epo,70.0,0.5000000027517272,fechner
626,15_epo,71.0,0.5000000027129382,fechner
627,15_epo,72.0,0.5000000026752279,fechner
628,15_epo,73.0,0.5000000026385522,fechner
629,15_epo,74.0,0.5000000026028687,fechner
630,15_epo,75.0,0.5000000025681378,fechner
631,15_epo,76.0,0.500000002534322,fechner
632,15_epo,77.0,0.5000000025013854,fechner
633,15_epo,78.0,0.5000000024692942,fechner
634,15_epo,79.0,0.5000000024380163,fechner
635,15_epo,80.0,0.5000000024075212,fechner
636,15_epo,81.0,0.5000000023777796,fechner
637,15_epo,82.0,0.5000000023487643,fechner
638,15_epo,83.0,0.5000000023204486,fechner
639,15_epo,84.0,0.5000000022928078,fechner
640,15_epo,85.0,0.500000002265818,fechner
641,15_epo,86.0,0.5000000022394563,fechner
642,15_epo,87.0,0.5000000022137011,fechner
643,15_epo,88.0,0.5000000021885318,fechner
644,15_epo,89.0,0.5000000021639286,fechner
645,15_epo,90.0,0.5000000021398725,fechner
646,15_epo,91.0,0.5000000021163455,fechner
647,15_epo,92.0,0.5000000020933304,fechner
648,15_epo,93.0,0.5000000020708105,fechner
649,15_epo,94.0,0.5000000020487702,fechner
650,15_epo,95.0,0.5000000020271942,fechner
651,16_epo,3.0,0.7060872552396413,fechner
652,16_epo,4.0,0.6308724805083318,fechner
653,16_epo,5.0,0.5990610447486175,fechner
654,16_epo,6.0,0.580376372952534,fechner
655,16_epo,7.000000000000001,0.5678574000326417,fechner
656,16_epo,8.0,0.5588137259758588,fechner
657,16_epo,9.0,0.5519469096097165,fechner
658,16_epo,10.0,0.5465428973161258,fechner
659,16_epo,11.0,0.542172999137513,fechner
660,16_epo,12.0,0.5385629174932485,fechner
661,16_epo,13.0,0.5355283879047975,fechner
662,16_epo,14.000000000000002,0.5329407585988082,fechner
663,16_epo,15.0,0.5307073387623276,fechner
664,16_epo,16.0,0.5287595775173154,fechner
665,16_epo,17.0,0.5270456424316593,fechner
666,16_epo,18.0,0.5255255903605419,fechner
667,16_epo,19.0,0.5241681280018742,fechner
668,16_epo,20.0,0.5229483810818965,fechner
669,16_epo,21.0,0.521846322584104,fechner
670,16_epo,22.0,0.5208456428006076,fechner
671,16_epo,23.0,0.5199329223632844,fechner
672,16_epo,24.0,0.5190970172668753,fechner
673,16_epo,25.0,0.5183285949173594,fechner
674,16_epo,26.0,0.5176197795329698,fechner
675,16_epo,27.0,0.5169638778969895,fechner
676,16_epo,28.000000000000004,0.5163551649485049,fechner
677,16_epo,28.999999999999996,0.5157887144835426,fechner
678,16_epo,30.0,0.5152602642484512,fechner
679,16_epo,31.0,0.5147661075272177,fechner
680,16_epo,32.0,0.5143030053349014,fechner
681,16_epo,33.0,0.5138681147810147,fechner
682,16_epo,34.0,0.5134589302271632,fechner
683,16_epo,35.0,0.5130732346464195,fechner
684,16_epo,36.0,0.5127090591761719,fechner
685,16_epo,37.0,0.5123646492961976,fechner
686,16_epo,38.0,0.512038436398027,fechner
687,16_epo,39.0,0.5117290137678042,fechner
688,16_epo,40.0,0.5114351162026108,fechner
689,16_epo,41.0,0.5111556026340647,fechner
690,16_epo,42.0,0.5108894412534866,fechner
691,16_epo,43.0,0.5106356967279327,fechner
692,16_epo,44.0,0.5103935191717502,fechner
693,16_epo,45.0,0.5101621345984573,fechner
694,16_epo,46.0,0.5099408366260129,fechner
695,16_epo,47.0,0.5097289792474791,fechner
696,16_epo,48.0,0.5095259705106532,fechner
697,16_epo,49.0,0.5093312669759739,fechner
698,16_epo,50.0,0.5091443688430636,fechner
699,16_epo,51.0,0.5089648156535888,fechner
700,16_epo,52.0,0.5087921824924061,fechner
701,16_epo,53.0,0.5086260766208257,fechner
702,16_epo,54.0,0.5084661344856761,fechner
703,16_epo,55.00000000000001,0.5083120190560968,fechner
704,16_epo,56.00000000000001,0.5081634174468939,fechner
705,16_epo,56.99999999999999,0.5080200387930962,fechner
706,16_epo,57.99999999999999,0.5078816123452595,fechner
707,16_epo,59.0,0.5077478857592088,fechner
708,16_epo,60.0,0.507618623557441,fechner
709,16_epo,61.0,0.5074936057424065,fechner
710,16_epo,62.0,0.5073726265444525,fechner
711,16_epo,63.0,0.5072554932894106,fechner
712,16_epo,64.0,0.5071420253726909,fechner
713,16_epo,65.0,0.5070320533283742,fechner
714,16_epo,66.0,0.5069254179831876,fechner
715,16_epo,67.0,0.5068219696864693,fechner
716,16_epo,68.0,0.5067215676082703,fechner
717,16_epo,69.0,0.5066240790986615,fechner
718,16_epo,70.0,0.5065293791021054,fechner
719,16_epo,71.0,0.5064373496214469,fechner
720,16_epo,72.0,0.506347879226685,fechner
721,16_epo,73.0,0.5062608626042201,fechner
722,16_epo,74.0,0.5061762001427366,fechner
723,16_epo,75.0,0.5060937975522923,fechner
724,16_epo,76.0,0.5060135655135481,fechner
725,16_epo,77.0,0.5059354193543919,fechner
726,16_epo,78.0,0.5058592787514905,fechner
727,16_epo,79.0,0.5057850674545565,fechner
728,16_epo,80.0,0.5057127130313384,fechner
729,16_epo,81.0,0.5056421466315364,fechner
730,16_epo,82.0,0.5055733027680285,fechner
731,16_epo,83.0,0.50550611911394,fechner
732,16_epo,84.0,0.5054405363142356,fechner
733,16_epo,85.0,0.5053764978106354,fechner
734,16_epo,86.0,0.5053139496787675,fechner
735,16_epo,87.0,0.5052528404765699,fechner
736,16_epo,88.0,0.5051931211030479,fechner
737,16_epo,89.0,0.5051347446665676,fechner
738,16_epo,90.0,0.5050776663619451,fechner
739,16_epo,91.0,0.5050218433556518,fechner
740,16_epo,92.0,0.5049672346785182,fechner
741,16_epo,93.0,0.5049138011253708,fechner
742,16_epo,94.0,0.5048615051610834,fechner
743,16_epo,95.0,0.5048103108325727,fechner
744,17_epo,3.0,0.9819467433259096,fechner
745,17_epo,4.0,0.9201012267606112,fechner
746,17_epo,5.0,0.8618679163623734,fechner
747,17_epo,6.0,0.8143813774431612,fechner
748,17_epo,7.000000000000001,0.7764799547294459,fechner
749,17_epo,8.0,0.7460463818711977,fechner
750,17_epo,9.0,0.7212843194667944,fechner
751,17_epo,10.0,0.7008431616330425,fechner
752,17_epo,11.0,0.6837339224885923,fechner
753,17_epo,12.0,0.669231618651107,fechner
754,17_epo,13.0,0.6567991189300283,fechner
755,17_epo,14.000000000000002,0.6460329278848385,fechner
756,17_epo,15.0,0.6366255054772797,fechner
757,17_epo,16.0,0.6283391062141136,fechner
758,17_epo,17.0,0.6209874665191063,fechner
759,17_epo,18.0,0.6144228313441966,fechner
760,17_epo,19.0,0.6085266397803558,fechner
761,17_epo,20.0,0.6032027462604609,fechner
762,17_epo,21.0,0.5983724212679884,fechner
763,17_epo,22.0,0.5939706173783497,fechner
764,17_epo,23.0,0.5899431467459347,fechner
765,17_epo,24.0,0.5862445233877598,fechner
766,17_epo,25.0,0.5828362961832261,fechner
767,17_epo,26.0,0.5796857482127851,fechner
768,17_epo,27.0,0.5767648725170667,fechner
769,17_epo,28.000000000000004,0.5740495585349997,fechner
770,17_epo,28.999999999999996,0.5715189406398906,fechner
771,17_epo,30.0,0.5691548725086599,fechner
772,17_epo,31.0,0.5669414999931898,fechner
773,17_epo,32.0,0.5648649117087026,fechner
774,17_epo,33.0,0.562912851396685,fechner
775,17_epo,34.0,0.5610744797351221,fechner
776,17_epo,35.0,0.55934017599116,fechner
777,17_epo,36.0,0.5577013719781921,fechner
778,17_epo,37.0,0.5561504123608239,fechner
779,17_epo,38.0,0.5546804365701886,fechner
780,17_epo,39.0,0.553285278538344,fechner
781,17_epo,40.0,0.5519593811999214,fechner
782,17_epo,41.0,0.5506977232907156,fechner
783,17_epo,42.0,0.5494957564329819,fechner
784,17_epo,43.0,0.5483493508633277,fechner
785,17_epo,44.0,0.5472547484520329,fechner
786,17_epo,45.0,0.5462085218982649,fechner
787,17_epo,46.0,0.545207539176145,fechner
788,17_epo,47.0,0.5442489324613523,fechner
789,17_epo,48.0,0.5433300708942205,fechner
790,17_epo,49.0,0.5424485366387678,fechner
791,17_epo,50.0,0.5416021037822915,fechner
792,17_epo,51.0,0.5407887196905486,fechner
793,17_epo,52.0,0.5400064884919579,fechner
794,17_epo,53.0,0.5392536564128863,fechner
795,17_epo,54.0,0.5385285987267427,fechner
796,17_epo,55.00000000000001,0.5378298081136839,fechner
797,17_epo,56.00000000000001,0.5371558842564238,fechner
798,17_epo,56.99999999999999,0.5365055245218542,fechner
799,17_epo,57.99999999999999,0.5358775155986837,fechner
800,17_epo,59.0,0.5352707259787183,fechner
801,17_epo,60.0,0.534684099184234,fechner
802,17_epo,61.0,0.5341166476565641,fechner
803,17_epo,62.0,0.5335674472318676,fechner
804,17_epo,63.0,0.5330356321393606,fechner
805,17_epo,64.0,0.532520390465314,fechner
806,17_epo,65.0,0.532020960033032,fechner
807,17_epo,66.0,0.5315366246550187,fechner
808,17_epo,67.0,0.5310667107187185,fechner
809,17_epo,68.0,0.5306105840717297,fechner
810,17_epo,69.0,0.530167647176312,fechner
811,17_epo,70.0,0.5297373365064315,fechner
812,17_epo,71.0,0.5293191201635804,fechner
813,17_epo,72.0,0.5289124956902334,fechner
814,17_epo,73.0,0.5285169880620985,fechner
815,17_epo,74.0,0.5281321478423495,fechner
816,17_epo,75.0,0.527757549482804,fechner
817,17_epo,76.0,0.5273927897585867,fechner
818,17_epo,77.0,0.5270374863242092,fechner
819,17_epo,78.0,0.5266912763802223,fechner
820,17_epo,79.0,0.5263538154406963,fechner
821,17_epo,80.0,0.526024776192748,fechner
822,17_epo,81.0,0.5257038474401975,fechner
823,17_epo,82.0,0.5253907331242074,fechner
824,17_epo,83.0,0.5250851514144409,fechner
825,17_epo,84.0,0.5247868338648874,fechner
826,17_epo,85.0,0.5244955246290555,fechner
827,17_epo,86.0,0.5242109797297176,fechner
828,17_epo,87.0,0.5239329663788395,fechner
829,17_epo,88.0,0.5236612623437141,fechner
830,17_epo,89.0,0.5233956553556854,fechner
831,17_epo,90.0,0.5231359425581567,fechner
832,17_epo,91.0,0.5228819299908765,fechner
833,17_epo,92.0,0.5226334321077512,fechner
834,17_epo,93.0,0.5223902713256696,fechner
835,17_epo,94.0,0.5221522776020374,fechner
836,17_epo,95.0,0.5219192880389156,fechner
837,18_epo,3.0,0.5000000547580222,fechner
838,18_epo,4.0,0.5000000334850812,fechner
839,18_epo,5.0,0.5000000250877662,fechner
840,18_epo,6.0,0.5000000202623395,fechner
841,18_epo,7.000000000000001,0.5000000170632901,fechner
842,18_epo,8.0,0.5000000147662932,fechner
843,18_epo,9.0,0.5000000130288876,fechner
844,18_epo,10.0,0.500000011665147,fechner
845,18_epo,11.0,0.5000000105644101,fechner
846,18_epo,12.0,0.5000000096563036,fechner
847,18_epo,13.0,0.5000000088937664,fechner
848,18_epo,14.000000000000002,0.5000000082440534,fechner
849,18_epo,15.0,0.500000007683636,fechner
850,18_epo,16.0,0.5000000071951495,fechner
851,18_epo,17.0,0.5000000067654874,fechner
852,18_epo,18.0,0.5000000063845633,fechner
853,18_epo,19.0,0.5000000060444845,fechner
854,18_epo,20.0,0.5000000057389834,fechner
855,18_epo,21.0,0.5000000054630178,fechner
856,18_epo,22.0,0.5000000052124847,fechner
857,18_epo,23.0,0.5000000049840098,fechner
858,18_epo,24.0,0.5000000047747929,fechner
859,18_epo,25.0,0.5000000045824897,fechner
860,18_epo,26.0,0.5000000044051228,fechner
861,18_epo,27.0,0.5000000042410124,fechner
862,18_epo,28.000000000000004,0.5000000040887219,fechner
863,18_epo,28.999999999999996,0.5000000039470158,fechner
864,18_epo,30.0,0.5000000038148251,fechner
865,18_epo,31.0,0.5000000036912207,fechner
866,18_epo,32.0,0.5000000035753905,fechner
867,18_epo,33.0,0.5000000034666222,fechner
868,18_epo,34.0,0.5000000033642878,fechner
869,18_epo,35.0,0.5000000032678321,fechner
870,18_epo,36.0,0.5000000031767617,fechner
871,18_epo,37.0,0.5000000030906373,fechner
872,18_epo,38.0,0.500000003009066,fechner
873,18_epo,39.0,0.5000000029316954,fechner
874,18_epo,40.0,0.5000000028582091,fechner
875,18_epo,41.0,0.5000000027883211,fechner
876,18_epo,42.0,0.5000000027217734,fechner
877,18_epo,43.0,0.5000000026583316,fechner
878,18_epo,44.0,0.500000002597783,fechner
879,18_epo,45.0,0.500000002539934,fechner
880,18_epo,46.0,0.5000000024846079,fechner
881,18_epo,47.0,0.5000000024316428,fechner
882,18_epo,48.0,0.5000000023808908,fechner
883,18_epo,49.0,0.5000000023322158,fechner
884,18_epo,50.0,0.5000000022854928,fechner
885,18_epo,51.0,0.5000000022406065,fechner
886,18_epo,52.0,0.5000000021974508,fechner
887,18_epo,53.0,0.5000000021559272,fechner
888,18_epo,54.0,0.5000000021159449,fechner
889,18_epo,55.00000000000001,0.5000000020774196,fechner
890,18_epo,56.00000000000001,0.5000000020402731,fechner
891,18_epo,56.99999999999999,0.5000000020044324,fechner
892,18_epo,57.99999999999999,0.50000000196983,fechner
893,18_epo,59.0,0.5000000019364026,fechner
894,18_epo,60.0,0.5000000019040916,fechner
895,18_epo,61.0,0.5000000018728415,fechner
896,18_epo,62.0,0.5000000018426014,fechner
897,18_epo,63.0,0.5000000018133228,fechner
898,18_epo,64.0,0.5000000017849605,fechner
899,18_epo,65.0,0.5000000017574723,fechner
900,18_epo,66.0,0.5000000017308182,fechner
901,18_epo,67.0,0.500000001704961,fechner
902,18_epo,68.0,0.5000000016798651,fechner
903,18_epo,69.0,0.5000000016554977,fechner
904,18_epo,70.0,0.5000000016318276,fechner
905,18_epo,71.0,0.5000000016088249,fechner
906,18_epo,72.0,0.500000001586462,fechner
907,18_epo,73.0,0.5000000015647126,fechner
908,18_epo,74.0,0.5000000015435515,fechner
909,18_epo,75.0,0.5000000015229555,fechner
910,18_epo,76.0,0.500000001502902,fechner
911,18_epo,77.0,0.50000000148337,fechner
912,18_epo,78.0,0.5000000014643393,fechner
913,18_epo,79.0,0.5000000014457909,fechner
914,18_epo,80.0,0.5000000014277067,fechner
915,18_epo,81.0,0.5000000014100694,fechner
916,18_epo,82.0,0.5000000013928627,fechner
917,18_epo,83.0,0.500000001376071,fechner
918,18_epo,84.0,0.5000000013596795,fechner
919,18_epo,85.0,0.500000001343674,fechner
920,18_epo,86.0,0.500000001328041,fechner
921,18_epo,87.0,0.5000000013127677,fechner
922,18_epo,88.0,0.5000000012978418,fechner
923,18_epo,89.0,0.5000000012832516,fechner
924,18_epo,90.0,0.5000000012689858,fechner
925,18_epo,91.0,0.5000000012550339,fechner
926,18_epo,92.0,0.5000000012413854,fechner
927,18_epo,93.0,0.5000000012280308,fechner
928,18_epo,94.0,0.5000000012149604,fechner
929,18_epo,95.0,0.5000000012021654,fechner
930,19_epo,3.0,0.6729451751565745,fechner
931,19_epo,4.0,0.6085512534554637,fechner
932,19_epo,5.0,0.5818996963721543,fechner
933,19_epo,6.0,0.5663545410489487,fechner
934,19_epo,7.000000000000001,0.5559743254778859,fechner
935,19_epo,8.0,0.548490275030813,fechner
936,19_epo,9.0,0.5428146862033711,fechner
937,19_epo,10.0,0.5383518753489912,fechner
938,19_epo,11.0,0.5347452159254295,fechner
939,19_epo,12.0,0.5317669722431501,fechner
940,19_epo,13.0,0.5292643820469004,fechner
941,19_epo,14.000000000000002,0.5271309064406241,fechner
942,19_epo,15.0,0.5252898527305041,fechner
943,19_epo,16.0,0.5236845405760696,fechner
944,19_epo,17.0,0.5222721367883701,fechner
945,19_epo,18.0,0.5210196482112751,fechner
946,19_epo,19.0,0.5199012362264162,fechner
947,19_epo,20.0,0.5188963688514755,fechner
948,19_epo,21.0,0.5179885196114711,fechner
949,19_epo,22.0,0.5171642326752354,fechner
950,19_epo,23.0,0.5164124389879713,fechner
951,19_epo,24.0,0.515723947920807,fechner
952,19_epo,25.0,0.5150910638972723,fechner
953,19_epo,26.0,0.5145072934717125,fechner
954,19_epo,27.0,0.5139671188456133,fechner
955,19_epo,28.000000000000004,0.513465820843329,fechner
956,19_epo,28.999999999999996,0.512999339162763,fechner
957,19_epo,30.0,0.5125641610368734,fechner
958,19_epo,31.0,0.5121572317760676,fechner
959,19_epo,32.0,0.5117758823251441,fechner
960,19_epo,33.0,0.5114177701692091,fechner
961,19_epo,34.0,0.5110808307999251,fechner
962,19_epo,35.0,0.5107632376008789,fechner
963,19_epo,36.0,0.5104633684937361,fechner
964,19_epo,37.0,0.5101797780504216,fechner
965,19_epo,38.0,0.5099111740527489,fechner
966,19_epo,39.0,0.5096563976924712,fechner
967,19_epo,40.0,0.5094144067680487,fechner
968,19_epo,41.0,0.5091842613614395,fechner
969,19_epo,42.0,0.5089651115776915,fechner
970,19_epo,43.0,0.5087561870085282,fechner
971,19_epo,44.0,0.5085567876433151,fechner
972,19_epo,45.0,0.5083662760004304,fechner
973,19_epo,46.0,0.5081840702918804,fechner
974,19_epo,47.0,0.5080096384661308,fechner
975,19_epo,48.0,0.5078424930001685,fechner
976,19_epo,49.0,0.5076821863330335,fechner
977,19_epo,50.0,0.507528306850427,fechner
978,19_epo,51.0,0.5073804753442849,fechner
979,19_epo,52.0,0.5072383418829923,fechner
980,19_epo,53.0,0.5071015830376929,fechner
981,19_epo,54.0,0.5069698994182716,fechner
982,19_epo,55.00000000000001,0.5068430134793892,fechner
983,19_epo,56.00000000000001,0.5067206675626379,fechner
984,19_epo,56.99999999999999,0.5066026221456741,fechner
985,19_epo,57.99999999999999,0.5064886542732313,fechner
986,19_epo,59.0,0.5063785561483317,fechner
987,19_epo,60.0,0.5062721338649251,fechner
988,19_epo,61.0,0.5061692062656524,fechner
989,19_epo,62.0,0.5060696039105522,fechner
990,19_epo,63.0,0.5059731681443287,fechner
991,19_epo,64.0,0.5058797502513621,fechner
992,19_epo,65.0,0.5057892106889748,fechner
993,19_epo,66.0,0.5057014183906228,fechner
994,19_epo,67.0,0.5056162501316822,fechner
995,19_epo,68.0,0.5055335899513635,fechner
996,19_epo,69.0,0.5054533286250397,fechner
997,19_epo,70.0,0.5053753631819332,fechner
998,19_epo,71.0,0.5052995964636725,fechner
999,19_epo,72.0,0.505225936719735,fechner
1000,19_epo,73.0,0.5051542972362265,fechner
1001,19_epo,74.0,0.5050845959948367,fechner
1002,19_epo,75.0,0.5050167553591447,fechner
1003,19_epo,76.0,0.5049507017857493,fechner
1004,19_epo,77.0,0.5048863655579615,fechner
1005,19_epo,78.0,0.5048236805400278,fechner
1006,19_epo,79.0,0.5047625839500625,fechner
1007,19_epo,80.0,0.5047030161500451,fechner
1008,19_epo,81.0,0.5046449204514086,fechner
1009,19_epo,82.0,0.5045882429348799,fechner
1010,19_epo,83.0,0.5045329322833707,fechner
1011,19_epo,84.0,0.5044789396268282,fechner
1012,19_epo,85.0,0.5044262183980588,fechner
1013,19_epo,86.0,0.5043747241986276,fechner
1014,19_epo,87.0,0.5043244146740253,fechner
1015,19_epo,88.0,0.5042752493973599,fechner
1016,19_epo,89.0,0.5042271897609034,fechner
1017,19_epo,90.0,0.5041801988748814,fechner
1018,19_epo,91.0,0.5041342414729466,fechner
1019,19_epo,92.0,0.504089283823827,fechner
1020,19_epo,93.0,0.5040452936486836,fechner
1021,19_epo,94.0,0.504002240043751,fechner
1022,19_epo,95.0,0.5039600934078716,fechner
1023,1_epo,3.0,0.9976844746720452,fechner
1024,1_epo,4.0,0.9760909328135033,fechner
1025,1_epo,5.0,0.9415352845114976,fechner
1026,1_epo,6.0,0.9041796918507995,fechner
1027,1_epo,7.000000000000001,0.8687760428451201,fechner
1028,1_epo,8.0,0.8369532015789397,fechner
1029,1_epo,9.0,0.8089605813575491,fechner
1030,1_epo,10.0,0.7845197553160723,fechner
1031,1_epo,11.0,0.7631935961105243,fechner
1032,1_epo,12.0,0.7445348403005543,fechner
1033,1_epo,13.0,0.7281395457788387,fechner
1034,1_epo,14.000000000000002,0.7136610939709149,fechner
1035,1_epo,15.0,0.7008087535101019,fechner
1036,1_epo,16.0,0.6893409809303187,fechner
1037,1_epo,17.0,0.6790576380072296,fechner
1038,1_epo,18.0,0.6697927241445498,fechner
1039,1_epo,19.0,0.6614081277866327,fechner
1040,1_epo,20.0,0.6537884546960409,fechner
1041,1_epo,21.0,0.6468368258842783,fechner
1042,1_epo,22.0,0.6404714922368459,fechner
1043,1_epo,23.0,0.634623115094826,fechner
1044,1_epo,24.0,0.6292325811205136,fechner
1045,1_epo,25.0,0.6242492425225402,fechner
1046,1_epo,26.0,0.6196294949799028,fechner
1047,1_epo,27.0,0.6153356237136881,fechner
1048,1_epo,28.000000000000004,0.6113348629027303,fechner
1049,1_epo,28.999999999999996,0.6075986253705319,fechner
1050,1_epo,30.0,0.604101868687272,fechner
1051,1_epo,31.0,0.6008225710273705,fechner
1052,1_epo,32.0,0.5977412957295924,fechner
1053,1_epo,33.0,0.5948408278748015,fechner
1054,1_epo,34.0,0.5921058696054089,fechner
1055,1_epo,35.0,0.5895227835780336,fechner
1056,1_epo,36.0,0.5870793760351598,fechner
1057,1_epo,37.0,0.5847647126320245,fechner
1058,1_epo,38.0,0.5825689614608895,fechner
1059,1_epo,39.0,0.5804832587525255,fechner
1060,1_epo,40.0,0.5784995935627552,fechner
1061,1_epo,41.0,0.5766107084154831,fechner
1062,1_epo,42.0,0.5748100134076789,fechner
1063,1_epo,43.0,0.5730915117133986,fechner
1064,1_epo,44.0,0.5714497347742034,fechner
1065,1_epo,45.0,0.569879685748738,fechner
1066,1_epo,46.0,0.5683767900277213,fechner
1067,1_epo,47.0,0.5669368518123324,fechner
1068,1_epo,48.0,0.5655560159120265,fechner
1069,1_epo,49.0,0.5642307340485672,fechner
1070,1_epo,50.0,0.5629577350616162,fechner
1071,1_epo,51.0,0.561733998501657,fechner
1072,1_epo,52.0,0.5605567311716241,fechner
1073,1_epo,53.0,0.5594233462419955,fechner
1074,1_epo,54.0,0.5583314446174322,fechner
1075,1_epo,55.00000000000001,0.5572787982780403,fechner
1076,1_epo,56.00000000000001,0.5562633353564052,fechner
1077,1_epo,56.99999999999999,0.5552831267438612,fechner
1078,1_epo,57.99999999999999,0.5543363740469593,fechner
1079,1_epo,59.0,0.5534213987385593,fechner
1080,1_epo,60.0,0.5525366323680504,fechner
1081,1_epo,61.0,0.551680607712421,fechner
1082,1_epo,62.0,0.5508519507647072,fechner
1083,1_epo,63.0,0.5500493734691023,fechner
1084,1_epo,64.0,0.5492716671230417,fechner
1085,1_epo,65.0,0.5485176963761131,fechner
1086,1_epo,66.0,0.5477863937639269,fechner
1087,1_epo,67.0,0.5470767547222817,fechner
1088,1_epo,68.0,0.5463878330332331,fechner
1089,1_epo,69.0,0.5457187366601531,fechner
1090,1_epo,70.0,0.5450686239336554,fechner
1091,1_epo,71.0,0.5444367000544684,fechner
1092,1_epo,72.0,0.5438222138830195,fechner
1093,1_epo,73.0,0.5432244549887403,fechner
1094,1_epo,74.0,0.5426427509349606,fechner
1095,1_epo,75.0,0.5420764647777849,fechner
1096,1_epo,76.0,0.5415249927595693,fechner
1097,1_epo,77.0,0.5409877621796008,fechner
1098,1_epo,78.0,0.540464229426325,fechner
1099,1_epo,79.0,0.5399538781570344,fechner
1100,1_epo,80.0,0.5394562176123029,fechner
1101,1_epo,81.0,0.5389707810536969,fechner
1102,1_epo,82.0,0.5384971243143907,fechner
1103,1_epo,83.0,0.5380348244532912,fechner
1104,1_epo,84.0,0.5375834785041713,fechner
1105,1_epo,85.0,0.5371427023120855,fechner
1106,1_epo,86.0,0.5367121294500581,fechner
1107,1_epo,87.0,0.5362914102096664,fechner
1108,1_epo,88.0,0.535880210659714,fechner
1109,1_epo,89.0,0.5354782117677017,fechner
1110,1_epo,90.0,0.5350851085792719,fechner
1111,1_epo,91.0,0.5347006094512157,fechner
1112,1_epo,92.0,0.5343244353340146,fechner
1113,1_epo,93.0,0.53395631910023,fechner
1114,1_epo,94.0,0.5335960049153611,fechner
1115,1_epo,95.0,0.5332432476480761,fechner
1116,20_epo,3.0,0.5001292397263359,fechner
1117,20_epo,4.0,0.5000790313931885,fechner
1118,20_epo,5.0,0.500059212074708,fechner
1119,20_epo,6.0,0.5000478231162153,fechner
1120,20_epo,7.000000000000001,0.5000402727291071,fechner
1121,20_epo,8.0,0.5000348513634061,fechner
1122,20_epo,9.0,0.5000307507436861,fechner
1123,20_epo,10.0,0.5000275320469468,fechner
1124,20_epo,11.0,0.500024934090881,fechner
1125,20_epo,12.0,0.5000227907805143,fechner
1126,20_epo,13.0,0.5000209910422427,fechner
1127,20_epo,14.000000000000002,0.5000194575916329,fechner
1128,20_epo,15.0,0.5000181348957242,fechner
1129,20_epo,16.0,0.5000169819714791,fechner
1130,20_epo,17.0,0.500015967884117,fechner
1131,20_epo,18.0,0.5000150688281864,fechner
1132,20_epo,19.0,0.5000142661751795,fechner
1133,20_epo,20.0,0.5000135451322746,fechner
1134,20_epo,21.0,0.5000128937992325,fechner
1135,20_epo,22.0,0.5000123024915648,fechner
1136,20_epo,23.0,0.5000117632459129,fechner
1137,20_epo,24.0,0.5000112694526897,fechner
1138,20_epo,25.0,0.5000108155792427,fechner
1139,20_epo,26.0,0.5000103969584717,fechner
1140,20_epo,27.0,0.5000100096254837,fechner
1141,20_epo,28.000000000000004,0.5000096501899847,fechner
1142,20_epo,28.999999999999996,0.5000093157355865,fechner
1143,20_epo,30.0,0.5000090037396164,fechner
1144,20_epo,31.0,0.5000087120087102,fechner
1145,20_epo,32.0,0.5000084386266718,fechner
1146,20_epo,33.0,0.5000081819119528,fechner
1147,20_epo,34.0,0.5000079403827415,fechner
1148,20_epo,35.0,0.5000077127281124,fechner
1149,20_epo,36.0,0.5000074977840455,fechner
1150,20_epo,37.0,0.500007294513379,fechner
1151,20_epo,38.0,0.5000071019889617,fechner
1152,20_epo,39.0,0.5000069193794245,fechner
1153,20_epo,40.0,0.500006745937108,fechner
1154,20_epo,41.0,0.5000065809877725,fechner
1155,20_epo,42.0,0.5000064239217913,fechner
1156,20_epo,43.0,0.5000062741865835,fechner
1157,20_epo,44.0,0.5000061312800878,fechner
1158,20_epo,45.0,0.5000059947451108,fechner
1159,20_epo,46.0,0.500005864164421,fechner
1160,20_epo,47.0,0.5000057391564713,fechner
1161,20_epo,48.0,0.5000056193716607,fechner
1162,20_epo,49.0,0.5000055044890566,fechner
1163,20_epo,50.0,0.5000053942135125,fechner
1164,20_epo,51.0,0.5000052882731278,fechner
1165,20_epo,52.0,0.5000051864170013,fechner
1166,20_epo,53.0,0.5000050884132407,fechner
1167,20_epo,54.0,0.5000049940471948,fechner
1168,20_epo,55.00000000000001,0.5000049031198794,fechner
1169,20_epo,56.00000000000001,0.5000048154465729,fechner
1170,20_epo,56.99999999999999,0.5000047308555592,fechner
1171,20_epo,57.99999999999999,0.500004649187003,fechner
1172,20_epo,59.0,0.5000045702919391,fechner
1173,20_epo,60.0,0.5000044940313627,fechner
1174,20_epo,61.0,0.5000044202754109,fechner
1175,20_epo,62.0,0.5000043489026225,fechner
1176,20_epo,63.0,0.5000042797992688,fechner
1177,20_epo,64.0,0.5000042128587481,fechner
1178,20_epo,65.0,0.5000041479810353,fechner
1179,20_epo,66.0,0.5000040850721826,fechner
1180,20_epo,67.0,0.5000040240438647,fechner
1181,20_epo,68.0,0.5000039648129632,fechner
1182,20_epo,69.0,0.5000039073011898,fechner
1183,20_epo,70.0,0.5000038514347392,fechner
1184,20_epo,71.0,0.5000037971439734,fechner
1185,20_epo,72.0,0.5000037443631306,fechner
1186,20_epo,73.0,0.50000369303006,fechner
1187,20_epo,74.0,0.500003643085977,fechner
1188,20_epo,75.0,0.5000035944752378,fechner
1189,20_epo,76.0,0.5000035471451331,fechner
1190,20_epo,77.0,0.5000035010456962,fechner
1191,20_epo,78.0,0.5000034561295276,fechner
1192,20_epo,79.0,0.5000034123516319,fechner
1193,20_epo,80.0,0.5000033696692671,fechner
1194,20_epo,81.0,0.5000033280418055,fechner
1195,20_epo,82.0,0.5000032874306041,fechner
1196,20_epo,83.0,0.5000032477988854,fechner
1197,20_epo,84.0,0.5000032091116259,fechner
1198,20_epo,85.0,0.5000031713354524,fechner
1199,20_epo,86.0,0.5000031344385464,fechner
1200,20_epo,87.0,0.5000030983905543,fechner
1201,20_epo,88.0,0.5000030631625042,fechner
1202,20_epo,89.0,0.500003028726728,fechner
1203,20_epo,90.0,0.5000029950567888,fechner
1204,20_epo,91.0,0.5000029621274135,fechner
1205,20_epo,92.0,0.5000029299144291,fechner
1206,20_epo,93.0,0.5000028983947035,fechner
1207,20_epo,94.0,0.50000286754609,fechner
1208,20_epo,95.0,0.500002837347376,fechner
1209,21_epo,3.0,0.5000000000003537,fechner
1210,21_epo,4.0,0.5000000000002164,fechner
1211,21_epo,5.0,0.5000000000001621,fechner
1212,21_epo,6.0,0.5000000000001309,fechner
1213,21_epo,7.000000000000001,0.5000000000001102,fechner
1214,21_epo,8.0,0.5000000000000954,fechner
1215,21_epo,9.0,0.5000000000000842,fechner
1216,21_epo,10.0,0.5000000000000754,fechner
1217,21_epo,11.0,0.5000000000000683,fechner
1218,21_epo,12.0,0.5000000000000624,fechner
1219,21_epo,13.0,0.5000000000000575,fechner
1220,21_epo,14.000000000000002,0.5000000000000533,fechner
1221,21_epo,15.0,0.5000000000000496,fechner
1222,21_epo,16.0,0.5000000000000465,fechner
1223,21_epo,17.0,0.5000000000000437,fechner
1224,21_epo,18.0,0.5000000000000413,fechner
1225,21_epo,19.0,0.5000000000000391,fechner
1226,21_epo,20.0,0.5000000000000371,fechner
1227,21_epo,21.0,0.5000000000000353,fechner
1228,21_epo,22.0,0.5000000000000336,fechner
1229,21_epo,23.0,0.5000000000000322,fechner
1230,21_epo,24.0,0.5000000000000309,fechner
1231,21_epo,25.0,0.5000000000000296,fechner
1232,21_epo,26.0,0.5000000000000284,fechner
1233,21_epo,27.0,0.5000000000000274,fechner
1234,21_epo,28.000000000000004,0.5000000000000264,fechner
1235,21_epo,28.999999999999996,0.5000000000000255,fechner
1236,21_epo,30.0,0.5000000000000246,fechner
1237,21_epo,31.0,0.5000000000000239,fechner
1238,21_epo,32.0,0.5000000000000231,fechner
1239,21_epo,33.0,0.5000000000000224,fechner
1240,21_epo,34.0,0.5000000000000218,fechner
1241,21_epo,35.0,0.5000000000000211,fechner
1242,21_epo,36.0,0.5000000000000205,fechner
1243,21_epo,37.0,0.50000000000002,fechner
1244,21_epo,38.0,0.5000000000000194,fechner
1245,21_epo,39.0,0.500000000000019,fechner
1246,21_epo,40.0,0.5000000000000184,fechner
1247,21_epo,41.0,0.500000000000018,fechner
1248,21_epo,42.0,0.5000000000000175,fechner
1249,21_epo,43.0,0.5000000000000172,fechner
1250,21_epo,44.0,0.5000000000000168,fechner
1251,21_epo,45.0,0.5000000000000164,fechner
1252,21_epo,46.0,0.5000000000000161,fechner
1253,21_epo,47.0,0.5000000000000158,fechner
1254,21_epo,48.0,0.5000000000000154,fechner
1255,21_epo,49.0,0.5000000000000151,fechner
1256,21_epo,50.0,0.5000000000000148,fechner
1257,21_epo,51.0,0.5000000000000144,fechner
1258,21_epo,52.0,0.5000000000000142,fechner
1259,21_epo,53.0,0.500000000000014,fechner
1260,21_epo,54.0,0.5000000000000137,fechner
1261,21_epo,55.00000000000001,0.5000000000000134,fechner
1262,21_epo,56.00000000000001,0.5000000000000132,fechner
1263,21_epo,56.99999999999999,0.500000000000013,fechner
1264,21_epo,57.99999999999999,0.5000000000000128,fechner
1265,21_epo,59.0,0.5000000000000125,fechner
1266,21_epo,60.0,0.5000000000000123,fechner
1267,21_epo,61.0,0.5000000000000121,fechner
1268,21_epo,62.0,0.5000000000000119,fechner
1269,21_epo,63.0,0.5000000000000118,fechner
1270,21_epo,64.0,0.5000000000000115,fechner
1271,21_epo,65.0,0.5000000000000113,fechner
1272,21_epo,66.0,0.5000000000000112,fechner
1273,21_epo,67.0,0.500000000000011,fechner
1274,21_epo,68.0,0.5000000000000109,fechner
1275,21_epo,69.0,0.5000000000000107,fechner
1276,21_epo,70.0,0.5000000000000105,fechner
1277,21_epo,71.0,0.5000000000000104,fechner
1278,21_epo,72.0,0.5000000000000102,fechner
1279,21_epo,73.0,0.5000000000000101,fechner
1280,21_epo,74.0,0.50000000000001,fechner
1281,21_epo,75.0,0.5000000000000099,fechner
1282,21_epo,76.0,0.5000000000000098,fechner
1283,21_epo,77.0,0.5000000000000095,fechner
1284,21_epo,78.0,0.5000000000000094,fechner
1285,21_epo,79.0,0.5000000000000093,fechner
1286,21_epo,80.0,0.5000000000000092,fechner
1287,21_epo,81.0,0.5000000000000091,fechner
1288,21_epo,82.0,0.500000000000009,fechner
1289,21_epo,83.0,0.5000000000000089,fechner
1290,21_epo,84.0,0.5000000000000088,fechner
1291,21_epo,85.0,0.5000000000000087,fechner
1292,21_epo,86.0,0.5000000000000085,fechner
1293,21_epo,87.0,0.5000000000000085,fechner
1294,21_epo,88.0,0.5000000000000084,fechner
1295,21_epo,89.0,0.5000000000000083,fechner
1296,21_epo,90.0,0.5000000000000082,fechner
1297,21_epo,91.0,0.5000000000000081,fechner
1298,21_epo,92.0,0.500000000000008,fechner
1299,21_epo,93.0,0.500000000000008,fechner
1300,21_epo,94.0,0.5000000000000079,fechner
1301,21_epo,95.0,0.5000000000000078,fechner
1302,22_epo,3.0,0.828065379488892,fechner
1303,22_epo,4.0,0.7233780578162046,fechner
1304,22_epo,5.0,0.6726538095056517,fechner
1305,22_epo,6.0,0.6414551506591735,fechner
1306,22_epo,7.000000000000001,0.620070650255576,fechner
1307,22_epo,8.0,0.6044176789341803,fechner
1308,22_epo,9.0,0.5924323172154817,fechner
1309,22_epo,10.0,0.5829462174314436,fechner
1310,22_epo,11.0,0.575244167824475,fechner
1311,22_epo,12.0,0.5688621925707711,fechner
1312,22_epo,13.0,0.5634854318921826,fechner
1313,22_epo,14.000000000000002,0.5588923566760207,fechner
1314,22_epo,15.0,0.5549224029696973,fechner
1315,22_epo,16.0,0.5514562586763471,fechner
1316,22_epo,17.0,0.5484033638799969,fechner
1317,22_epo,18.0,0.5456937119789892,fechner
1318,22_epo,19.0,0.5432723136326406,fechner
1319,22_epo,20.0,0.541095363605106,fechner
1320,22_epo,21.0,0.5391275276636968,fechner
1321,22_epo,22.0,0.53733998455912,fechner
1322,22_epo,23.0,0.5357089882681023,fechner
1323,22_epo,24.0,0.5342147957463727,fechner
1324,22_epo,25.0,0.5328408559958571,fechner
1325,22_epo,26.0,0.5315731889240736,fechner
1326,22_epo,27.0,0.5303999040383786,fechner
1327,22_epo,28.000000000000004,0.5293108235229841,fechner
1328,22_epo,28.999999999999996,0.5282971841734997,fechner
1329,22_epo,30.0,0.5273513995654202,fechner
1330,22_epo,31.0,0.5264668687014555,fechner
1331,22_epo,32.0,0.5256378208630305,fechner
1332,22_epo,33.0,0.5248591889103356,fechner
1333,22_epo,34.0,0.5241265051195405,fechner
1334,22_epo,35.0,0.5234358150104391,fechner
1335,22_epo,36.0,0.5227836056376656,fechner
1336,22_epo,37.0,0.522166745587935,fechner
1337,22_epo,38.0,0.5215824345111569,fechner
1338,22_epo,39.0,0.5210281604623577,fechner
1339,22_epo,40.0,0.5205016636785474,fechner
1340,22_epo,41.0,0.5200009056850367,fechner
1341,22_epo,42.0,0.5195240428376995,fechner
1342,22_epo,43.0,0.5190694035749811,fechner
1343,22_epo,44.0,0.5186354687862959,fechner
1344,22_epo,45.0,0.5182208548095579,fechner
1345,22_epo,46.0,0.5178242986558036,fechner
1346,22_epo,47.0,0.517444645127659,fechner
1347,22_epo,48.0,0.5170808355542307,fechner
1348,22_epo,49.0,0.5167318979105128,fechner
1349,22_epo,50.0,0.5163969381266815,fechner
1350,22_epo,51.0,0.5160751324233144,fechner
1351,22_epo,52.0,0.5157657205339075,fechner
1352,22_epo,53.0,0.515467999697072,fechner
1353,22_epo,54.0,0.5151813193182893,fechner
1354,22_epo,55.00000000000001,0.5149050762157191,fechner
1355,22_epo,56.00000000000001,0.5146387103768197,fechner
1356,22_epo,56.99999999999999,0.5143817011628489,fechner
1357,22_epo,57.99999999999999,0.514133563907031,fechner
1358,22_epo,59.0,0.5138938468595473,fechner
1359,22_epo,60.0,0.5136621284387717,fechner
1360,22_epo,61.0,0.5134380147535142,fechner
1361,22_epo,62.0,0.5132211373655953,fechner
1362,22_epo,63.0,0.5130111512659771,fechner
1363,22_epo,64.0,0.5128077330410387,fechner
1364,22_epo,65.0,0.5126105792084679,fechner
1365,22_epo,66.0,0.5124194047047399,fechner
1366,22_epo,67.0,0.5122339415083076,fechner
1367,22_epo,68.0,0.5120539373845056,fechner
1368,22_epo,69.0,0.5118791547397918,fechner
1369,22_epo,70.0,0.5117093695743724,fechner
1370,22_epo,71.0,0.5115443705234892,fechner
1371,22_epo,72.0,0.5113839579787344,fechner
1372,22_epo,73.0,0.5112279432817034,fechner
1373,22_epo,74.0,0.5110761479831317,fechner
1374,22_epo,75.0,0.5109284031613909,fechner
1375,22_epo,76.0,0.5107845487948698,fechner
1376,22_epo,77.0,0.5106444331833315,fechner
1377,22_epo,78.0,0.5105079124138456,fechner
1378,22_epo,79.0,0.5103748498673378,fechner
1379,22_epo,80.0,0.5102451157621999,fechner
1380,22_epo,81.0,0.5101185867317486,fechner
1381,22_epo,82.0,0.5099951454326449,fechner
1382,22_epo,83.0,0.509874680181653,fechner
1383,22_epo,84.0,0.5097570846183791,fechner
1384,22_epo,85.0,0.5096422573918434,fechner
1385,22_epo,86.0,0.5095301018689462,fechner
1386,22_epo,87.0,0.5094205258630621,fechner
1387,22_epo,88.0,0.5093134413811593,fechner
1388,22_epo,89.0,0.5092087643879866,fechner
1389,22_epo,90.0,0.5091064145859969,fechner
1390,22_epo,91.0,0.5090063152097974,fechner
1391,22_epo,92.0,0.5089083928340179,fechner
1392,22_epo,93.0,0.5088125771935872,fechner
1393,22_epo,94.0,0.5087188010154935,fechner
1394,22_epo,95.0,0.5086269998611789,fechner
1395,23_epo,3.0,0.6778004307890645,fechner
1396,23_epo,4.0,0.6117724764362644,fechner
1397,23_epo,5.0,0.5843661224379495,fechner
1398,23_epo,6.0,0.5683660233510199,fechner
1399,23_epo,7.000000000000001,0.5576772605949811,fechner
1400,23_epo,8.0,0.5499687788329295,fechner
1401,23_epo,9.0,0.5441220431530019,fechner
1402,23_epo,10.0,0.5395241519538306,fechner
1403,23_epo,11.0,0.5358080362071865,fechner
1404,23_epo,12.0,0.5327392309548705,fechner
1405,23_epo,13.0,0.5301604299296365,fechner
1406,23_epo,14.000000000000002,0.5279619092181052,fechner
1407,23_epo,15.0,0.5260646744351015,fechner
1408,23_epo,16.0,0.5244103389113491,fechner
1409,23_epo,17.0,0.5229547767870651,fechner
1410,23_epo,18.0,0.5216639971773173,fechner
1411,23_epo,19.0,0.5205113787768064,fechner
1412,23_epo,20.0,0.519475766784459,fechner
1413,23_epo,21.0,0.5185401328114104,fechner
1414,23_epo,22.0,0.5176906119521997,fechner
1415,23_epo,23.0,0.5169157983432272,fechner
1416,23_epo,24.0,0.5162062214904702,fechner
1417,23_epo,25.0,0.5155539513225045,fechner
1418,23_epo,26.0,0.5149522964137385,fechner
1419,23_epo,27.0,0.5143955706456258,fechner
1420,23_epo,28.000000000000004,0.5138789108184995,fechner
1421,23_epo,28.999999999999996,0.5133981326637375,fechner
1422,23_epo,30.0,0.5129496161255443,fechner
1423,23_epo,31.0,0.5125302131857423,fechner
1424,23_epo,32.0,0.5121371732184714,fechner
1425,23_epo,33.0,0.511768082098552,fechner
1426,23_epo,34.0,0.5114208121905744,fechner
1427,23_epo,35.0,0.5110934810127271,fechner
1428,23_epo,36.0,0.5107844168668104,fechner
1429,23_epo,37.0,0.5104921301004405,fechner
1430,23_epo,38.0,0.5102152889519734,fechner
1431,23_epo,39.0,0.5099526991466328,fechner
1432,23_epo,40.0,0.5097032865805877,fechner
1433,23_epo,41.0,0.50946608256059,fechner
1434,23_epo,42.0,0.5092402111692661,fechner
1435,23_epo,43.0,0.509024878406949,fechner
1436,23_epo,44.0,0.5088193628250248,fechner
1437,23_epo,45.0,0.5086230074169048,fechner
1438,23_epo,46.0,0.5084352125737659,fechner
1439,23_epo,47.0,0.5082554299453076,fechner
1440,23_epo,48.0,0.5080831570726103,fechner
1441,23_epo,49.0,0.5079179326820484,fechner
1442,23_epo,50.0,0.5077593325471095,fechner
1443,23_epo,51.0,0.5076069658396862,fechner
1444,23_epo,52.0,0.5074604719045563,fechner
1445,23_epo,53.0,0.5073195174008363,fechner
1446,23_epo,54.0,0.5071837937625742,fechner
1447,23_epo,55.00000000000001,0.507053014937649,fechner
1448,23_epo,56.00000000000001,0.5069269153700089,fechner
1449,23_epo,56.99999999999999,0.506805248195216,fechner
1450,23_epo,57.99999999999999,0.5066877836234328,fechner
1451,23_epo,59.0,0.5065743074875068,fechner
1452,23_epo,60.0,0.506464619936808,fechner
1453,23_epo,61.0,0.5063585342600211,fechner
1454,23_epo,62.0,0.5062558758222709,fechner
1455,23_epo,63.0,0.5061564811038294,fechner
1456,23_epo,64.0,0.5060601968292467,fechner
1457,23_epo,65.0,0.5059668791771353,fechner
1458,23_epo,66.0,0.5058763930620184,fechner
1459,23_epo,67.0,0.5057886114806888,fechner
1460,23_epo,68.0,0.5057034149164157,fechner
1461,23_epo,69.0,0.5056206907951075,fechner
1462,23_epo,70.0,0.5055403329882217,fechner
1463,23_epo,71.0,0.505462241357797,fechner
1464,23_epo,72.0,0.5053863213395006,fechner
1465,23_epo,73.0,0.5053124835600326,fechner
1466,23_epo,74.0,0.5052406434856314,fechner
1467,23_epo,75.0,0.5051707210987663,fechner
1468,23_epo,76.0,0.5051026406004152,fechner
1469,23_epo,77.0,0.5050363301355957,fechner
1470,23_epo,78.0,0.5049717215400557,fechner
1471,23_epo,79.0,0.5049087501062463,fechner
1472,23_epo,80.0,0.5048473543668835,fechner
1473,23_epo,81.0,0.5047874758945764,fechner
1474,23_epo,82.0,0.5047290591161454,fechner
1475,23_epo,83.0,0.5046720511403916,fechner
1476,23_epo,84.0,0.5046164015981909,fechner
1477,23_epo,85.0,0.5045620624938973,fechner
1478,23_epo,86.0,0.5045089880671333,fechner
1479,23_epo,87.0,0.5044571346641277,fechner
1480,23_epo,88.0,0.504406460617843,fechner
1481,23_epo,89.0,0.5043569261361964,fechner
1482,23_epo,90.0,0.5043084931977468,fechner
1483,23_epo,91.0,0.5042611254542698,fechner
1484,23_epo,92.0,0.504214788139697,fechner
1485,23_epo,93.0,0.5041694479849399,fechner
1486,23_epo,94.0,0.5041250731381585,fechner
1487,23_epo,95.0,0.5040816330900733,fechner
1488,24_epo,3.0,0.9907905509833894,fechner
1489,24_epo,4.0,0.9458748372928691,fechner
1490,24_epo,5.0,0.8950488378324738,fechner
1491,24_epo,6.0,0.8495557436937965,fechner
1492,24_epo,7.000000000000001,0.8111973225667235,fechner
1493,24_epo,8.0,0.7792952344499495,fechner
1494,24_epo,9.0,0.7527118317960061,fechner
1495,24_epo,10.0,0.7303928058126161,fechner
1496,24_epo,11.0,0.7114782815490087,fechner
1497,24_epo,12.0,0.6952945706130765,fechner
1498,24_epo,13.0,0.6813195213105001,fechner
1499,24_epo,14.000000000000002,0.669147962098095,fechner
1500,24_epo,15.0,0.6584634809930587,fechner
1501,24_epo,16.0,0.6490168409411331,fechner
1502,24_epo,17.0,0.6406098553860707,fechner
1503,24_epo,18.0,0.6330834182377885,fechner
1504,24_epo,19.0,0.6263086019130938,fechner
1505,24_epo,20.0,0.6201799987311182,fechner
1506,24_epo,21.0,0.6146107016843277,fechner
1507,24_epo,22.0,0.6095284882286025,fechner
1508,24_epo,23.0,0.6048728927630855,fechner
1509,24_epo,24.0,0.6005929407938376,fechner
1510,24_epo,25.0,0.5966453799360479,fechner
1511,24_epo,26.0,0.592993287199662,fechner
1512,24_epo,27.0,0.5896049636973434,fechner
1513,24_epo,28.000000000000004,0.5864530507354002,fechner
1514,24_epo,28.999999999999996,0.5835138178008219,fechner
1515,24_epo,30.0,0.5807665850565156,fechner
1516,24_epo,31.0,0.5781932518711175,fechner
1517,24_epo,32.0,0.5757779095301587,fechner
1518,24_epo,33.0,0.5735065212309153,fechner
1519,24_epo,34.0,0.5713666562011835,fechner
1520,24_epo,35.0,0.5693472676227218,fechner
1521,24_epo,36.0,0.5674385062141967,fechner
1522,24_epo,37.0,0.5656315630040573,fechner
1523,24_epo,38.0,0.5639185361237491,fechner
1524,24_epo,39.0,0.5622923174667206,fechner
1525,24_epo,40.0,0.5607464958560805,fechner
1526,24_epo,41.0,0.5592752739939009,fechner
1527,24_epo,42.0,0.557873396965899,fechner
1528,24_epo,43.0,0.5565360904753069,fechner
1529,24_epo,44.0,0.5552590073010509,fechner
1530,24_epo,45.0,0.5540381807346668,fechner
1531,24_epo,46.0,0.5528699839606863,fechner
1532,24_epo,47.0,0.5517510945165288,fechner
1533,24_epo,48.0,0.5506784631081125,fechner
1534,24_epo,49.0,0.5496492861725681,fechner
1535,24_epo,50.0,0.5486609816744598,fechner
1536,24_epo,51.0,0.5477111677006123,fechner
1537,24_epo,52.0,0.5467976434840643,fechner
1538,24_epo,53.0,0.5459183725422508,fechner
1539,24_epo,54.0,0.5450714676602133,fechner
1540,24_epo,55.00000000000001,0.5442551774880264,fechner
1541,24_epo,56.00000000000001,0.543467874553978,fechner
1542,24_epo,56.99999999999999,0.5427080445223866,fechner
1543,24_epo,57.99999999999999,0.5419742765481323,fechner
1544,24_epo,59.0,0.5412652545996941,fechner
1545,24_epo,60.0,0.5405797496393044,fechner
1546,24_epo,61.0,0.5399166125632084,fechner
1547,24_epo,62.0,0.5392747678173466,fechner
1548,24_epo,63.0,0.5386532076143715,fechner
1549,24_epo,64.0,0.5380509866870441,fechner
1550,24_epo,65.0,0.5374672175209345,fechner
1551,24_epo,66.0,0.5369010660161824,fechner
1552,24_epo,67.0,0.5363517475339938,fechner
1553,24_epo,68.0,0.5358185232887008,fechner
1554,24_epo,69.0,0.5353006970506945,fechner
1555,24_epo,70.0,0.5347976121294657,fechner
1556,24_epo,71.0,0.5343086486094106,fechner
1557,24_epo,72.0,0.5338332208140629,fechner
1558,24_epo,73.0,0.5333707749770574,fechner
1559,24_epo,74.0,0.5329207871004435,fechner
1560,24_epo,75.0,0.5324827609830217,fechner
1561,24_epo,76.0,0.5320562264031762,fechner
1562,24_epo,77.0,0.5316407374422756,fechner
1563,24_epo,78.0,0.5312358709361329,fechner
1564,24_epo,79.0,0.5308412250432639,fechner
1565,24_epo,80.0,0.5304564179198076,fechner
1566,24_epo,81.0,0.5300810864919565,fechner
1567,24_epo,82.0,0.5297148853176382,fechner
1568,24_epo,83.0,0.5293574855299716,fechner
1569,24_epo,84.0,0.5290085738557333,fechner
1570,24_epo,85.0,0.5286678517026975,fechner
1571,24_epo,86.0,0.5283350343102827,fechner
1572,24_epo,87.0,0.5280098499584429,fechner
1573,24_epo,88.0,0.5276920392302001,fechner
1574,24_epo,89.0,0.5273813543236271,fechner
1575,24_epo,90.0,0.5270775584094548,fechner
1576,24_epo,91.0,0.5267804250308187,fechner
1577,24_epo,92.0,0.526489737541953,fechner
1578,24_epo,93.0,0.5262052885829227,fechner
1579,24_epo,94.0,0.525926879587718,fechner
1580,24_epo,95.0,0.5256543203232736,fechner
1581,25_epo,3.0,0.9965620482970571,fechner
1582,25_epo,4.0,0.9697316519717877,fechner
1583,25_epo,5.0,0.9306999345825987,fechner
1584,25_epo,6.0,0.8906974317799361,fechner
1585,25_epo,7.000000000000001,0.854042765050151,fechner
1586,25_epo,8.0,0.8218373120566431,fechner
1587,25_epo,9.0,0.7939597190237678,fechner
1588,25_epo,10.0,0.7699031761696238,fechner
1589,25_epo,11.0,0.7490963278133667,fechner
1590,25_epo,12.0,0.7310146596145439,fechner
1591,25_epo,13.0,0.7152104707142424,fechner
1592,25_epo,14.000000000000002,0.7013129112720025,fechner
1593,25_epo,15.0,0.6890183901495381,fechner
1594,25_epo,16.0,0.6780791196529401,fechner
1595,25_epo,17.0,0.6682925465044846,fechner
1596,25_epo,18.0,0.6594924415124404,fechner
1597,25_epo,19.0,0.6515416774582878,fechner
1598,25_epo,20.0,0.6443264791262088,fechner
1599,25_epo,21.0,0.6377518786412333,fechner
1600,25_epo,22.0,0.6317381291103619,fechner
1601,25_epo,23.0,0.6262178697975274,fechner
1602,25_epo,24.0,0.6211338774287182,fechner
1603,25_epo,25.0,0.6164372742113611,fechner
1604,25_epo,26.0,0.6120860923682055,fechner
1605,25_epo,27.0,0.6080441179229046,fechner
1606,25_epo,28.000000000000004,0.604279954180533,fechner
1607,25_epo,28.999999999999996,0.6007662589051701,fechner
1608,25_epo,30.0,0.5974791195494719,fechner
1609,25_epo,31.0,0.5943975387972633,fechner
1610,25_epo,32.0,0.5915030087304349,fechner
1611,25_epo,33.0,0.588779156576754,fechner
1612,25_epo,34.0,0.5862114485763843,fechner
1613,25_epo,35.0,0.5837869412782419,fechner
1614,25_epo,36.0,0.5814940717354014,fechner
1615,25_epo,37.0,0.5793224797564315,fechner
1616,25_epo,38.0,0.5772628566959174,fechner
1617,25_epo,39.0,0.5753068163150958,fechner
1618,25_epo,40.0,0.5734467840751241,fechner
1619,25_epo,41.0,0.571675901888799,fechner
1620,25_epo,42.0,0.5699879458881102,fechner
1621,25_epo,43.0,0.5683772551929785,fechner
1622,25_epo,44.0,0.5668386700126491,fechner
1623,25_epo,45.0,0.5653674776923386,fechner
1624,25_epo,46.0,0.5639593655470669,fechner
1625,25_epo,47.0,0.5626103795124231,fechner
1626,25_epo,48.0,0.561316887796475,fechner
1627,25_epo,49.0,0.5600755488445186,fechner
1628,25_epo,50.0,0.5588832830339965,fechner
1629,25_epo,51.0,0.5577372476047485,fechner
1630,25_epo,52.0,0.5566348144030414,fechner
1631,25_epo,53.0,0.5555735500791826,fechner
1632,25_epo,54.0,0.5545511984300537,fechner
1633,25_epo,55.00000000000001,0.5535656646213196,fechner
1634,25_epo,56.00000000000001,0.5526150010607657,fechner
1635,25_epo,56.99999999999999,0.5516973947253155,fechner
1636,25_epo,57.99999999999999,0.550811155770719,fechner
1637,25_epo,59.0,0.5499547072754418,fechner
1638,25_epo,60.0,0.5491265759895386,fechner
1639,25_epo,61.0,0.5483253839758017,fechner
1640,25_epo,62.0,0.547549841044649,fechner
1641,25_epo,63.0,0.5467987378964265,fechner
1642,25_epo,64.0,0.5460709398953328,fechner
1643,25_epo,65.0,0.5453653814082944,fechner
1644,25_epo,66.0,0.5446810606500164,fechner
1645,25_epo,67.0,0.5440170349823118,fechner
1646,25_epo,68.0,0.543372416621782,fechner
1647,25_epo,69.0,0.5427463687151463,fechner
1648,25_epo,70.0,0.5421381017460752,fechner
1649,25_epo,71.0,0.5415468702413839,fechner
1650,25_epo,72.0,0.5409719697479416,fechner
1651,25_epo,73.0,0.5404127340547423,fechner
1652,25_epo,74.0,0.5398685326372926,fechner
1653,25_epo,75.0,0.5393387683038725,fechner
1654,25_epo,76.0,0.5388228750253387,fechner
1655,25_epo,77.0,0.5383203159320158,fechner
1656,25_epo,78.0,0.537830581462883,fechner
1657,25_epo,79.0,0.5373531876537372,fechner
1658,25_epo,80.0,0.5368876745523297,fechner
1659,25_epo,81.0,0.5364336047496369,fechner
1660,25_epo,82.0,0.5359905620174751,fechner
1661,25_epo,83.0,0.5355581500435929,fechner
1662,25_epo,84.0,0.5351359912562148,fechner
1663,25_epo,85.0,0.5347237257307502,fechner
1664,25_epo,86.0,0.5343210101720558,fechner
1665,25_epo,87.0,0.5339275169662335,fechner
1666,25_epo,88.0,0.5335429332964955,fechner
1667,25_epo,89.0,0.5331669603181053,fechner
1668,25_epo,90.0,0.5327993123878476,fechner
1669,25_epo,91.0,0.5324397163438723,fechner
1670,25_epo,92.0,0.532087910832118,fechner
1671,25_epo,93.0,0.5317436456758408,fechner
1672,25_epo,94.0,0.5314066812850657,fechner
1673,25_epo,95.0,0.5310767881030514,fechner
1674,2_epo,3.0,0.9705778669832876,fechner
1675,2_epo,4.0,0.8945352431920509,fechner
1676,2_epo,5.0,0.832267397894704,fechner
1677,2_epo,6.0,0.7847715965431634,fechner
1678,2_epo,7.000000000000001,0.7482767607182702,fechner
1679,2_epo,8.0,0.7196620610550631,fechner
1680,2_epo,9.0,0.6967475500122875,fechner
1681,2_epo,10.0,0.6780416554703257,fechner
1682,2_epo,11.0,0.6625117557637109,fechner
1683,2_epo,12.0,0.6494283941556456,fechner
1684,2_epo,13.0,0.6382650233925563,fechner
1685,2_epo,14.000000000000002,0.6286336076913531,fechner
1686,2_epo,15.0,0.6202426698735373,fechner
1687,2_epo,16.0,0.612869430813126,fechner
1688,2_epo,17.0,0.6063409279238723,fechner
1689,2_epo,18.0,0.6005209626059856,fechner
1690,2_epo,19.0,0.5953009065779357,fechner
1691,2_epo,20.0,0.5905931124111051,fechner
1692,2_epo,21.0,0.5863261139495729,fechner
1693,2_epo,22.0,0.582441078197144,fechner
1694,2_epo,23.0,0.578889146294564,fechner
1695,2_epo,24.0,0.5756294155684797,fechner
1696,2_epo,25.0,0.5726273902143648,fechner
1697,2_epo,26.0,0.5698537789511006,fechner
1698,2_epo,27.0,0.5672835526257717,fechner
1699,2_epo,28.000000000000004,0.5648951987249322,fechner
1700,2_epo,28.999999999999996,0.5626701265720924,fechner
1701,2_epo,30.0,0.560592188946075,fechner
1702,2_epo,31.0,0.5586472944519155,fechner
1703,2_epo,32.0,0.5568230912277786,fechner
1704,2_epo,33.0,0.5551087071656227,fechner
1705,2_epo,34.0,0.5534945352330083,fechner
1706,2_epo,35.0,0.5519720550375213,fechner
1707,2_epo,36.0,0.5505336837052851,fechner
1708,2_epo,37.0,0.5491726506155207,fechner
1709,2_epo,38.0,0.5478828916622728,fechner
1710,2_epo,39.0,0.5466589595878788,fechner
1711,2_epo,40.0,0.5454959476131751,fechner
1712,2_epo,41.0,0.544389424122986,fechner
1713,2_epo,42.0,0.5433353765864676,fechner
1714,2_epo,43.0,0.542330163226112,fechner
1715,2_epo,44.0,0.5413704712160531,fechner
1716,2_epo,45.0,0.5404532804045107,fechner
1717,2_epo,46.0,0.539575831728039,fechner
1718,2_epo,47.0,0.5387355996253836,fechner
1719,2_epo,48.0,0.5379302678729263,fechner
1720,2_epo,49.0,0.5371577083571315,fechner
1721,2_epo,50.0,0.5364159623762116,fechner
1722,2_epo,51.0,0.5357032241266108,fechner
1723,2_epo,52.0,0.5350178260824325,fechner
1724,2_epo,53.0,0.5343582260196239,fechner
1725,2_epo,54.0,0.533722995473202,fechner
1726,2_epo,55.00000000000001,0.5331108094463688,fechner
1727,2_epo,56.00000000000001,0.5325204372160427,fechner
1728,2_epo,56.99999999999999,0.5319507341010031,fechner
1729,2_epo,57.99999999999999,0.531400634077171,fechner
1730,2_epo,59.0,0.5308691431401046,fechner
1731,2_epo,60.0,0.530355333328023,fechner
1732,2_epo,61.0,0.5298583373299725,fechner
1733,2_epo,62.0,0.5293773436134172,fechner
1734,2_epo,63.0,0.528911592013833,fechner
1735,2_epo,64.0,0.5284603697360217,fechner
1736,2_epo,65.0,0.5280230077230178,fechner
1737,2_epo,66.0,0.5275988773537772,fechner
1738,2_epo,67.0,0.5271873874354565,fechner
1739,2_epo,68.0,0.5267879814600817,fechner
1740,2_epo,69.0,0.5264001350989042,fechner
1741,2_epo,70.0,0.526023353910765,fechner
1742,2_epo,71.0,0.5256571712434575,fechner
1743,2_epo,72.0,0.525301146309392,fechner
1744,2_epo,73.0,0.5249548624189153,fechner
1745,2_epo,74.0,0.524617925356422,fechner
1746,2_epo,75.0,0.5242899618859806,fechner
1747,2_epo,76.0,0.5239706183745835,fechner
1748,2_epo,77.0,0.5236595595223669,fechner
1749,2_epo,78.0,0.5233564671902291,fechner
1750,2_epo,79.0,0.5230610393162456,fechner
1751,2_epo,80.0,0.5227729889131355,fechner
1752,2_epo,81.0,0.5224920431397955,fechner
1753,2_epo,82.0,0.5222179424405969,fechner
1754,2_epo,83.0,0.5219504397467478,fechner
1755,2_epo,84.0,0.5216892997345625,fechner
1756,2_epo,85.0,0.5214342981359638,fechner
1757,2_epo,86.0,0.5211852210969795,fechner
1758,2_epo,87.0,0.5209418645803802,fechner
1759,2_epo,88.0,0.5207040338089555,fechner
1760,2_epo,89.0,0.5204715427462434,fechner
1761,2_epo,90.0,0.5202442136118031,fechner
1762,2_epo,91.0,0.5200218764283825,fechner
1763,2_epo,92.0,0.5198043685985586,fechner
1764,2_epo,93.0,0.5195915345086385,fechner
1765,2_epo,94.0,0.5193832251577931,fechner
1766,2_epo,95.0,0.5191792978105713,fechner
1767,3_epo,3.0,0.9912386390858957,fechner
1768,3_epo,4.0,0.9474290779454351,fechner
1769,3_epo,5.0,0.8971953123528386,fechner
1770,3_epo,6.0,0.8519206481855905,fechner
1771,3_epo,7.000000000000001,0.8135876710635371,fechner
1772,3_epo,8.0,0.7816207677913485,fechner
1773,3_epo,9.0,0.7549341644624447,fechner
1774,3_epo,10.0,0.7324989577329878,fechner
1775,3_epo,11.0,0.7134674806754039,fechner
1776,3_epo,12.0,0.6971716910294685,fechner
1777,3_epo,13.0,0.6830918061261126,fechner
1778,3_epo,14.000000000000002,0.6708233893645535,fechner
1779,3_epo,15.0,0.6600499632655233,fechner
1780,3_epo,16.0,0.650521852599978,fechner
1781,3_epo,17.0,0.6420402802971465,fechner
1782,3_epo,18.0,0.6344455099619035,fechner
1783,3_epo,19.0,0.6276079997587964,fechner
1784,3_epo,20.0,0.6214217696452469,fechner
1785,3_epo,21.0,0.6157993921566179,fechner
1786,3_epo,22.0,0.6106681780092267,fechner
1787,3_epo,23.0,0.6059672463159294,fechner
1788,3_epo,24.0,0.6016452546383763,fechner
1789,3_epo,25.0,0.5976586252240658,fechner
1790,3_epo,26.0,0.5939701474951454,fechner
1791,3_epo,27.0,0.5905478682347027,fechner
1792,3_epo,28.000000000000004,0.5873642035650966,fechner
1793,3_epo,28.999999999999996,0.5843952232721674,fechner
1794,3_epo,30.0,0.581620070079583,fechner
1795,3_epo,31.0,0.5790204853683404,fechner
1796,3_epo,32.0,0.5765804194471643,fechner
1797,3_epo,33.0,0.5742857094328628,fechner
1798,3_epo,34.0,0.5721238115392572,fechner
1799,3_epo,35.0,0.5700835774172508,fechner
1800,3_epo,36.0,0.5681550663668452,fechner
1801,3_epo,37.0,0.5663293869217134,fechner
1802,3_epo,38.0,0.5645985626109152,fechner
1803,3_epo,39.0,0.562955417720993,fechner
1804,3_epo,40.0,0.5613934796822867,fechner
1805,3_epo,41.0,0.5599068953362167,fechner
1806,3_epo,42.0,0.5584903588434156,fechner
1807,3_epo,43.0,0.5571390493947106,fechner
1808,3_epo,44.0,0.5558485772100059,fechner
1809,3_epo,45.0,0.554614936570905,fechner
1810,3_epo,46.0,0.5534344648444658,fechner
1811,3_epo,47.0,0.5523038066278473,fechner
1812,3_epo,48.0,0.5512198822846848,fechner
1813,3_epo,49.0,0.5501798602599615,fechner
1814,3_epo,50.0,0.5491811326558144,fechner
1815,3_epo,51.0,0.5482212936299565,fechner
1816,3_epo,52.0,0.5472981202442861,fechner
1817,3_epo,53.0,0.5464095554462353,fechner
1818,3_epo,54.0,0.5455536929114507,fechner
1819,3_epo,55.00000000000001,0.5447287635150734,fechner
1820,3_epo,56.00000000000001,0.5439331232314882,fechner
1821,3_epo,56.99999999999999,0.543165242289975,fechner
1822,3_epo,57.99999999999999,0.5424236954370648,fechner
1823,3_epo,59.0,0.5417071531762883,fechner
1824,3_epo,60.0,0.5410143738729474,fechner
1825,3_epo,61.0,0.5403441966260514,fechner
1826,3_epo,62.0,0.539695534821976,fechner
1827,3_epo,63.0,0.5390673702951003,fechner
1828,3_epo,64.0,0.5384587480298785,fechner
1829,3_epo,65.0,0.5378687713467545,fechner
1830,3_epo,66.0,0.5372965975212186,fechner
1831,3_epo,67.0,0.5367414337912746,fechner
1832,3_epo,68.0,0.5362025337137816,fechner
1833,3_epo,69.0,0.5356791938346638,fechner
1834,3_epo,70.0,0.535170750641932,fechner
1835,3_epo,71.0,0.5346765777739186,fechner
1836,3_epo,72.0,0.5341960834581619,fechner
1837,3_epo,73.0,0.5337287081590366,fechner
1838,3_epo,74.0,0.5332739224145668,fechner
1839,3_epo,75.0,0.5328312248449308,fechner
1840,3_epo,76.0,0.5324001403169788,fechner
1841,3_epo,77.0,0.531980218250708,fechner
1842,3_epo,78.0,0.531571031055059,fechner
1843,3_epo,79.0,0.5311721726816716,fechner
1844,3_epo,80.0,0.530783257286358,fechner
1845,3_epo,81.0,0.5304039179890585,fechner
1846,3_epo,82.0,0.530033805723938,fechner
1847,3_epo,83.0,0.5296725881720735,fechner
1848,3_epo,84.0,0.5293199487699027,fechner
1849,3_epo,85.0,0.5289755857872378,fechner
1850,3_epo,86.0,0.5286392114692211,fechner
1851,3_epo,87.0,0.5283105512371105,fechner
1852,3_epo,88.0,0.5279893429432497,fechner
1853,3_epo,89.0,0.5276753361759844,fechner
1854,3_epo,90.0,0.5273682916106675,fechner
1855,3_epo,91.0,0.5270679804032272,fechner
1856,3_epo,92.0,0.5267741836230809,fechner
1857,3_epo,93.0,0.5264866917224493,fechner
1858,3_epo,94.0,0.5262053040393756,fechner
1859,3_epo,95.0,0.5259298283319817,fechner
1860,4_epo,3.0,0.8425564374162029,fechner
1861,4_epo,4.0,0.736087388227036,fechner
1862,4_epo,5.0,0.6831963891317898,fechner
1863,4_epo,6.0,0.6503744498259831,fechner
1864,4_epo,7.000000000000001,0.6277767403057574,fechner
1865,4_epo,8.0,0.6111926092894262,fechner
1866,4_epo,9.0,0.5984730970914108,fechner
1867,4_epo,10.0,0.5883945036204076,fechner
1868,4_epo,11.0,0.58020475780801,fechner
1869,4_epo,12.0,0.5734146042768308,fechner
1870,4_epo,13.0,0.5676913445522263,fechner
1871,4_epo,14.000000000000002,0.5628005334967283,fechner
1872,4_epo,15.0,0.5585720398594479,fechner
1873,4_epo,16.0,0.5548793209034928,fechner
1874,4_epo,17.0,0.5516262541665519,fechner
1875,4_epo,18.0,0.5487384858652975,fechner
1876,4_epo,19.0,0.546157581299544,fechner
1877,4_epo,20.0,0.5438369700917993,fechner
1878,4_epo,21.0,0.5417390735580981,fechner
1879,4_epo,22.0,0.5398332299224247,fechner
1880,4_epo,23.0,0.5380941697921541,fechner
1881,4_epo,24.0,0.5365008785421098,fechner
1882,4_epo,25.0,0.5350357355106037,fechner
1883,4_epo,26.0,0.5336838543698579,fechner
1884,4_epo,27.0,0.532432571798868,fechner
1885,4_epo,28.000000000000004,0.5312710469134225,fechner
1886,4_epo,28.999999999999996,0.530189944405108,fechner
1887,4_epo,30.0,0.5291811816443287,fechner
1888,4_epo,31.0,0.5282377251572332,fechner
1889,4_epo,32.0,0.5273534255736411,fechner
1890,4_epo,33.0,0.5265228828130627,fechner
1891,4_epo,34.0,0.5257413352315325,fechner
1892,4_epo,35.0,0.5250045678996215,fechner
1893,4_epo,36.0,0.5243088362642913,fechner
1894,4_epo,37.0,0.5236508022639218,fechner
1895,4_epo,38.0,0.5230274805874529,fechner
1896,4_epo,39.0,0.5224361932455968,fechner
1897,4_epo,40.0,0.5218745309909466,fechner
1898,4_epo,41.0,0.5213403204111267,fechner
1899,4_epo,42.0,0.5208315957444556,fechner
1900,4_epo,43.0,0.5203465746454605,fechner
1901,4_epo,44.0,0.5198836372688286,fechner
1902,4_epo,45.0,0.5194413081532272,fechner
1903,4_epo,46.0,0.5190182404770562,fechner
1904,4_epo,47.0,0.5186132023313855,fechner
1905,4_epo,48.0,0.5182250647147254,fechner
1906,4_epo,49.0,0.517852791002709,fechner
1907,4_epo,50.0,0.5174954276854379,fechner
1908,4_epo,51.0,0.5171520961978845,fechner
1909,4_epo,52.0,0.5168219856957074,fechner
1910,4_epo,53.0,0.5165043466512098,fechner
1911,4_epo,54.0,0.5161984851627893,fechner
1912,4_epo,55.00000000000001,0.5159037578867997,fechner
1913,4_epo,56.00000000000001,0.5156195675137942,fechner
1914,4_epo,56.99999999999999,0.5153453587221127,fechner
1915,4_epo,57.99999999999999,0.5150806145510416,fechner
1916,4_epo,59.0,0.5148248531436418,fechner
1917,4_epo,60.0,0.5145776248160044,fechner
1918,4_epo,61.0,0.5143385094153852,fechner
1919,4_epo,62.0,0.5141071139345263,fechner
1920,4_epo,63.0,0.5138830703536343,fechner
1921,4_epo,64.0,0.5136660336850598,fechner
1922,4_epo,65.0,0.5134556801988029,fechner
1923,4_epo,66.0,0.5132517058096258,fechner
1924,4_epo,67.0,0.5130538246088551,fechner
1925,4_epo,68.0,0.5128617675259496,fechner
1926,4_epo,69.0,0.5126752811066444,fechner
1927,4_epo,70.0,0.5124941263959921,fechner
1928,4_epo,71.0,0.5123180779159412,fechner
1929,4_epo,72.0,0.5121469227282435,fechner
1930,4_epo,73.0,0.5119804595744969,fechner
1931,4_epo,74.0,0.5118184980860118,fechner
1932,4_epo,75.0,0.5116608580569765,fechner
1933,4_epo,76.0,0.5115073687750814,fechner
1934,4_epo,77.0,0.5113578684043705,fechner
1935,4_epo,78.0,0.5112122034156266,fechner
1936,4_epo,79.0,0.5110702280600716,fechner
1937,4_epo,80.0,0.5109318038825884,fechner
1938,4_epo,81.0,0.510796799271041,fechner
1939,4_epo,82.0,0.5106650890386117,fechner
1940,4_epo,83.0,0.5105365540363618,fechner
1941,4_epo,84.0,0.5104110807934995,fechner
1942,4_epo,85.0,0.5102885611830666,fechner
1943,4_epo,86.0,0.5101688921109736,fechner
1944,4_epo,87.0,0.5100519752265028,fechner
1945,4_epo,88.0,0.5099377166525701,fechner
1946,4_epo,89.0,0.5098260267341881,fechner
1947,4_epo,90.0,0.5097168198037147,fechner
1948,4_epo,91.0,0.509610013961595,fechner
1949,4_epo,92.0,0.5095055308714139,fechner
1950,4_epo,93.0,0.5094032955681851,fechner
1951,4_epo,94.0,0.509303236278886,fechner
1952,4_epo,95.0,0.5092052842543369,fechner
1953,5_epo,3.0,0.6712988776449238,fechner
1954,5_epo,4.0,0.6074624763831247,fechner
1955,5_epo,5.0,0.5810667580911584,fechner
1956,5_epo,6.0,0.5656755046555618,fechner
1957,5_epo,7.000000000000001,0.5553995703235715,fechner
1958,5_epo,8.0,0.5479913323116532,fechner
1959,5_epo,9.0,0.5423735374883124,fechner
1960,5_epo,10.0,0.5379563313313928,fechner
1961,5_epo,11.0,0.5343866198238298,fechner
1962,5_epo,12.0,0.5314389424333343,fechner
1963,5_epo,13.0,0.5289620726160856,fechner
1964,5_epo,14.000000000000002,0.5268505475726953,fechner
1965,5_epo,15.0,0.5250284520826852,fechner
1966,5_epo,16.0,0.5234396820692778,fechner
1967,5_epo,17.0,0.5220418408414675,fechner
1968,5_epo,18.0,0.5208022721068389,fechner
1969,5_epo,19.0,0.5196954014795702,fechner
1970,5_epo,20.0,0.5187009072212778,fechner
1971,5_epo,21.0,0.5178024322752209,fechner
1972,5_epo,22.0,0.5169866588826143,fechner
1973,5_epo,23.0,0.5162426316637748,fechner
1974,5_epo,24.0,0.5155612544418253,fechner
1975,5_epo,25.0,0.5149349107771267,fechner
1976,5_epo,26.0,0.5143571740355316,fechner
1977,5_epo,27.0,0.5138225832190823,fechner
1978,5_epo,28.000000000000004,0.5133264677525406,fechner
1979,5_epo,28.999999999999996,0.5128648091648715,fechner
1980,5_epo,30.0,0.5124341308915893,fechner
1981,5_epo,31.0,0.5120314097344484,fechner
1982,5_epo,32.0,0.5116540041616979,fechner
1983,5_epo,33.0,0.5112995958206961,fechner
1984,5_epo,34.0,0.510966141502701,fechner
1985,5_epo,35.0,0.5106518334404977,fechner
1986,5_epo,36.0,0.5103550662974816,fechner
1987,5_epo,37.0,0.5100744095666836,fechner
1988,5_epo,38.0,0.509808584371587,fechner
1989,5_epo,39.0,0.5095564438699786,fechner
1990,5_epo,40.0,0.509316956623722,fechner
1991,5_epo,41.0,0.5090891924230656,fechner
1992,5_epo,42.0,0.5088723101525382,fechner
1993,5_epo,43.0,0.5086655473631042,fechner
1994,5_epo,44.0,0.5084682112768087,fechner
1995,5_epo,45.0,0.5082796709992641,fechner
1996,5_epo,46.0,0.5080993507547444,fechner
1997,5_epo,47.0,0.5079267239904515,fechner
1998,5_epo,48.0,0.5077613082222941,fechner
1999,5_epo,49.0,0.5076026605155292,fechner
2000,5_epo,50.0,0.5074503735107987,fechner
2001,5_epo,51.0,0.5073040719202385,fechner
2002,5_epo,52.0,0.5071634094299943,fechner
2003,5_epo,53.0,0.5070280659551596,fechner
2004,5_epo,54.0,0.5068977452011961,fechner
2005,5_epo,55.00000000000001,0.5067721724926185,fechner
2006,5_epo,56.00000000000001,0.5066510928353658,fechner
2007,5_epo,56.99999999999999,0.506534269184014,fechner
2008,5_epo,57.99999999999999,0.506421480888993,fechner
2009,5_epo,59.0,0.5063125223023479,fechner
2010,5_epo,60.0,0.506207201523469,fechner
2011,5_epo,61.0,0.5061053392686545,fechner
2012,5_epo,62.0,0.5060067678504714,fechner
2013,5_epo,63.0,0.5059113302546594,fechner
2014,5_epo,64.0,0.5058188793038726,fechner
2015,5_epo,65.0,0.5057292768988673,fechner
2016,5_epo,66.0,0.5056423933288953,fechner
2017,5_epo,67.0,0.5055581066440433,fechner
2018,5_epo,68.0,0.5054763020831217,fechner
2019,5_epo,69.0,0.5053968715514469,fechner
2020,5_epo,70.0,0.505319713143513,fechner
2021,5_epo,71.0,0.5052447307061116,fechner
2022,5_epo,72.0,0.5051718334379559,fechner
2023,5_epo,73.0,0.5051009355222984,fechner
2024,5_epo,74.0,0.5050319557894115,fechner
2025,5_epo,75.0,0.5049648174061361,fechner
2026,5_epo,76.0,0.5048994475899988,fechner
2027,5_epo,77.0,0.5048357773456574,fechner
2028,5_epo,78.0,0.5047737412216653,fechner
2029,5_epo,79.0,0.5047132770857518,fechner
2030,5_epo,80.0,0.5046543259169916,fechner
2031,5_epo,81.0,0.5045968316134016,fechner
2032,5_epo,82.0,0.5045407408136464,fechner
2033,5_epo,83.0,0.5044860027316561,fechner
2034,5_epo,84.0,0.5044325690030818,fechner
2035,5_epo,85.0,0.5043803935426097,fechner
2036,5_epo,86.0,0.5043294324112488,fechner
2037,5_epo,87.0,0.5042796436927878,fechner
2038,5_epo,88.0,0.5042309873786897,fechner
2039,5_epo,89.0,0.5041834252607608,fechner
2040,5_epo,90.0,0.5041369208309867,fechner
2041,5_epo,91.0,0.5040914391879838,fechner
2042,5_epo,92.0,0.5040469469495612,fechner
2043,5_epo,93.0,0.5040034121709331,fechner
2044,5_epo,94.0,0.5039608042681597,fechner
2045,5_epo,95.0,0.5039190939464312,fechner
2046,6_epo,3.0,0.7617639648384414,fechner
2047,6_epo,4.0,0.6705787661490031,fechner
2048,6_epo,5.0,0.6300776757455165,fechner
2049,6_epo,6.0,0.6059019425704752,fechner
2050,6_epo,7.000000000000001,0.5895754648753335,fechner
2051,6_epo,8.0,0.5777274341838977,fechner
2052,6_epo,9.0,0.5687052247729717,fechner
2053,6_epo,10.0,0.5615910277862317,fechner
2054,6_epo,11.0,0.5558301691028549,fechner
2055,6_epo,12.0,0.5510660722483801,fechner
2056,6_epo,13.0,0.5470583718014684,fechner
2057,6_epo,14.000000000000002,0.5436388063369474,fechner
2058,6_epo,15.0,0.5406858996939693,fechner
2059,6_epo,16.0,0.5381096668168762,fechner
2060,6_epo,17.0,0.5358419795468081,fechner
2061,6_epo,18.0,0.5338302806462983,fechner
2062,6_epo,19.0,0.5320333577277058,fechner
2063,6_epo,20.0,0.5304184276284502,fechner
2064,6_epo,21.0,0.5289590789520748,fechner
2065,6_epo,22.0,0.5276337910100573,fechner
2066,6_epo,23.0,0.526424848667072,fechner
2067,6_epo,24.0,0.5253175345794695,fechner
2068,6_epo,25.0,0.5242995192885077,fechner
2069,6_epo,26.0,0.5233603947237105,fechner
2070,6_epo,27.0,0.5224913131798842,fechner
2071,6_epo,28.000000000000004,0.5216847049038545,fechner
2072,6_epo,28.999999999999996,0.5209340549856432,fechner
2073,6_epo,30.0,0.5202337254923234,fechner
2074,6_epo,31.0,0.519578812474305,fechner
2075,6_epo,32.0,0.5189650301081621,fechner
2076,6_epo,33.0,0.5183886161437834,fechner
2077,6_epo,34.0,0.517846254215335,fechner
2078,6_epo,35.0,0.5173350096039938,fechner
2079,6_epo,36.0,0.5168522758081402,fechner
2080,6_epo,37.0,0.5163957298551916,fechner
2081,6_epo,38.0,0.5159632947290219,fechner
2082,6_epo,39.0,0.5155531076239837,fechner
2083,6_epo,40.0,0.5151634929969248,fechner
2084,6_epo,41.0,0.5147929395912032,fechner
2085,6_epo,42.0,0.5144400807654551,fechner
2086,6_epo,43.0,0.514103677585077,fechner
2087,6_epo,44.0,0.5137826042337382,fechner
2088,6_epo,45.0,0.5134758353815603,fechner
2089,6_epo,46.0,0.5131824352102554,fechner
2090,6_epo,47.0,0.5129015478469009,fechner
2091,6_epo,48.0,0.5126323889996922,fechner
2092,6_epo,49.0,0.512374238622977,fechner
2093,6_epo,50.0,0.5121264344666789,fechner
2094,6_epo,51.0,0.5118883663880837,fechner
2095,6_epo,52.0,0.5116594713228396,fechner
2096,6_epo,53.0,0.5114392288276844,fechner
2097,6_epo,54.0,0.5112271571204361,fechner
2098,6_epo,55.00000000000001,0.5110228095536753,fechner
2099,6_epo,56.00000000000001,0.510825771467672,fechner
2100,6_epo,56.99999999999999,0.510635657375786,fechner
2101,6_epo,57.99999999999999,0.5104521084420549,fechner
2102,6_epo,59.0,0.5102747902161668,fechner
2103,6_epo,60.0,0.5101033905956753,fechner
2104,6_epo,61.0,0.5099376179892879,fechner
2105,6_epo,62.0,0.509777199658442,fechner
2106,6_epo,63.0,0.5096218802172945,fechner
2107,6_epo,64.0,0.5094714202737398,fechner
2108,6_epo,65.0,0.5093255951962203,fechner
2109,6_epo,66.0,0.5091841939929463,fechner
2110,6_epo,67.0,0.5090470182917458,fechner
2111,6_epo,68.0,0.5089138814101557,fechner
2112,6_epo,69.0,0.508784607506573,fechner
2113,6_epo,70.0,0.5086590308043369,fechner
2114,6_epo,71.0,0.5085369948815348,fechner
2115,6_epo,72.0,0.5084183520201228,fechner
2116,6_epo,73.0,0.5083029626086613,fechner
2117,6_epo,74.0,0.5081906945935792,fechner
2118,6_epo,75.0,0.5080814229744295,fechner
2119,6_epo,76.0,0.5079750293390712,fechner
2120,6_epo,77.0,0.5078714014351441,fechner
2121,6_epo,78.0,0.5077704327745681,fechner
2122,6_epo,79.0,0.507672022268138,fechner
2123,6_epo,80.0,0.5075760738875719,fechner
2124,6_epo,81.0,0.5074824963526386,fechner
2125,6_epo,82.0,0.5073912028412174,fechner
2126,6_epo,83.0,0.507302110720351,fechner
2127,6_epo,84.0,0.5072151412965434,fechner
2128,6_epo,85.0,0.5071302195837094,fechner
2129,6_epo,86.0,0.5070472740873405,fechner
2130,6_epo,87.0,0.5069662366035784,fechner
2131,6_epo,88.0,0.5068870420320081,fechner
2132,6_epo,89.0,0.50680962820109,fechner
2133,6_epo,90.0,0.5067339357052478,fechner
2134,6_epo,91.0,0.5066599077527107,fechner
2135,6_epo,92.0,0.5065874900232945,fechner
2136,6_epo,93.0,0.5065166305353688,fechner
2137,6_epo,94.0,0.506447279521328,fechner
2138,6_epo,95.0,0.5063793893109363,fechner
2139,7_epo,3.0,0.8746319068239689,fechner
2140,7_epo,4.0,0.7663631618632754,fechner
2141,7_epo,5.0,0.7088885693307984,fechner
2142,7_epo,6.0,0.6723448070513172,fechner
2143,7_epo,7.000000000000001,0.6468731214518673,fechner
2144,7_epo,8.0,0.6280444164437848,fechner
2145,7_epo,9.0,0.6135363556293011,fechner
2146,7_epo,10.0,0.6020041644278697,fechner
2147,7_epo,11.0,0.5926120435777953,fechner
2148,7_epo,12.0,0.5848119529011234,fechner
2149,7_epo,13.0,0.578229051412997,fechner
2150,7_epo,14.000000000000002,0.5725980347746736,fechner
2151,7_epo,15.0,0.5677257208193826,fechner
2152,7_epo,16.0,0.5634680332248693,fechner
2153,7_epo,17.0,0.5597152924621454,fechner
2154,7_epo,18.0,0.5563825066602334,fechner
2155,7_epo,19.0,0.5534027819182287,fechner
2156,7_epo,20.0,0.5507227401170698,fechner
2157,7_epo,21.0,0.5482992640553487,fechner
2158,7_epo,22.0,0.5460971413408607,fechner
2159,7_epo,23.0,0.544087329854973,fechner
2160,7_epo,24.0,0.5422456613024916,fechner
2161,7_epo,25.0,0.5405518588283488,fechner
2162,7_epo,26.0,0.5389887832892744,fechner
2163,7_epo,27.0,0.5375418483481182,fechner
2164,7_epo,28.000000000000004,0.5361985618229149,fechner
2165,7_epo,28.999999999999996,0.5349481625732737,fechner
2166,7_epo,30.0,0.5337813304676097,fechner
2167,7_epo,31.0,0.5326899528157586,fechner
2168,7_epo,32.0,0.5316669348359969,fechner
2169,7_epo,33.0,0.5307060447598179,fechner
2170,7_epo,34.0,0.5298017864030643,fechner
2171,7_epo,35.0,0.5289492936811238,fechner
2172,7_epo,36.0,0.5281442427800633,fechner
2173,7_epo,37.0,0.5273827786277274,fechner
2174,7_epo,38.0,0.5266614530189202,fechner
2175,7_epo,39.0,0.5259771722941471,fechner
2176,7_epo,40.0,0.5253271528933997,fechner
2177,7_epo,41.0,0.5247088834353953,fechner
2178,7_epo,42.0,0.5241200922308004,fechner
2179,7_epo,43.0,0.5235587193418184,fechner
2180,7_epo,44.0,0.5230228924625112,fechner
2181,7_epo,45.0,0.5225109060236733,fechner
2182,7_epo,46.0,0.522021203030118,fechner
2183,7_epo,47.0,0.5215523592222683,fechner
2184,7_epo,48.0,0.5211030692221754,fechner
2185,7_epo,49.0,0.520672134379742,fechner
2186,7_epo,50.0,0.5202584520805277,fechner
2187,7_epo,51.0,0.5198610063140527,fechner
2188,7_epo,52.0,0.5194788593325272,fechner
2189,7_epo,53.0,0.5191111442556717,fechner
2190,7_epo,54.0,0.5187570584987277,fechner
2191,7_epo,55.00000000000001,0.5184158579186761,fechner
2192,7_epo,56.00000000000001,0.5180868515887107,fechner
2193,7_epo,56.99999999999999,0.5177693971236677,fechner
2194,7_epo,57.99999999999999,0.5174628964897938,fechner
2195,7_epo,59.0,0.5171667922412909,fechner
2196,7_epo,60.0,0.5168805641337585,fechner
2197,7_epo,61.0,0.5166037260712147,fechner
2198,7_epo,62.0,0.5163358233489735,fechner
2199,7_epo,63.0,0.5160764301594553,fechner
2200,7_epo,64.0,0.515825147332127,fechner
2201,7_epo,65.0,0.515581600282326,fechner
2202,7_epo,66.0,0.515345437146779,fechner
2203,7_epo,67.0,0.5151163270862847,fechner
2204,7_epo,68.0,0.5148939587383317,fechner
2205,7_epo,69.0,0.5146780388044181,fechner
2206,7_epo,70.0,0.5144682907585897,fechner
2207,7_epo,71.0,0.514264453665228,fechner
2208,7_epo,72.0,0.5140662810954563,fechner
2209,7_epo,73.0,0.5138735401326958,fechner
2210,7_epo,74.0,0.5136860104589293,fechner
2211,7_epo,75.0,0.513503483514132,fechner
2212,7_epo,76.0,0.513325761722123,fechner
2213,7_epo,77.0,0.5131526577767935,fechner
2214,7_epo,78.0,0.5129839939832873,fechner
2215,7_epo,79.0,0.5128196016492605,fechner
2216,7_epo,80.0,0.512659320521834,fechner
2217,7_epo,81.0,0.5125029982662853,fechner
2218,7_epo,82.0,0.5123504899829168,fechner
2219,7_epo,83.0,0.5122016577588724,fechner
2220,7_epo,84.0,0.5120563702519941,fechner
2221,7_epo,85.0,0.5119145023040722,fechner
2222,7_epo,86.0,0.5117759345810986,fechner
2223,7_epo,87.0,0.5116405532383459,fechner
2224,7_epo,88.0,0.5115082496082987,fechner
2225,7_epo,89.0,0.5113789199096358,fechner
2226,7_epo,90.0,0.5112524649756274,fechner
2227,7_epo,91.0,0.51112879000045,fechner
2228,7_epo,92.0,0.5110078043020571,fechner
2229,7_epo,93.0,0.510889421100357,fechner
2230,7_epo,94.0,0.5107735573095589,fechner
2231,7_epo,95.0,0.5106601333436401,fechner
2232,8_epo,3.0,0.5000008124470714,fechner
2233,8_epo,4.0,0.5000004968195528,fechner
2234,8_epo,5.0,0.5000003722282398,fechner
2235,8_epo,6.0,0.5000003006331805,fechner
2236,8_epo,7.000000000000001,0.5000002531687515,fechner
2237,8_epo,8.0,0.5000002190881113,fechner
2238,8_epo,9.0,0.5000001933101519,fechner
2239,8_epo,10.0,0.5000001730762752,fechner
2240,8_epo,11.0,0.500000156744596,fechner
2241,8_epo,12.0,0.5000001432709819,fechner
2242,8_epo,13.0,0.5000001319571846,fechner
2243,8_epo,14.000000000000002,0.5000001223173667,fechner
2244,8_epo,15.0,0.500000114002428,fechner
2245,8_epo,16.0,0.5000001067547346,fechner
2246,8_epo,17.0,0.5000001003798196,fechner
2247,8_epo,18.0,0.500000094728033,fechner
2248,8_epo,19.0,0.5000000896822697,fechner
2249,8_epo,20.0,0.5000000851495366,fechner
2250,8_epo,21.0,0.5000000810550246,fechner
2251,8_epo,22.0,0.5000000773378536,fechner
2252,8_epo,23.0,0.5000000739479629,fechner
2253,8_epo,24.0,0.5000000708438024,fechner
2254,8_epo,25.0,0.5000000679905918,fechner
2255,8_epo,26.0,0.5000000653589922,fechner
2256,8_epo,27.0,0.5000000629240788,fechner
2257,8_epo,28.000000000000004,0.500000060664539,fechner
2258,8_epo,28.999999999999996,0.5000000585620392,fechner
2259,8_epo,30.0,0.5000000566007212,fechner
2260,8_epo,31.0,0.5000000547667967,fechner
2261,8_epo,32.0,0.5000000530482196,fechner
2262,8_epo,33.0,0.5000000514344192,fechner
2263,8_epo,34.0,0.5000000499160804,fechner
2264,8_epo,35.0,0.500000048484962,fechner
2265,8_epo,36.0,0.5000000471337469,fechner
2266,8_epo,37.0,0.500000045855915,fechner
2267,8_epo,38.0,0.5000000446456377,fechner
2268,8_epo,39.0,0.500000043497689,fechner
2269,8_epo,40.0,0.5000000424073687,fechner
2270,8_epo,41.0,0.5000000413704383,fechner
2271,8_epo,42.0,0.5000000403830654,fechner
2272,8_epo,43.0,0.5000000394417765,fechner
2273,8_epo,44.0,0.5000000385434152,fechner
2274,8_epo,45.0,0.5000000376851077,fechner
2275,8_epo,46.0,0.5000000368642308,fechner
2276,8_epo,47.0,0.5000000360783862,fechner
2277,8_epo,48.0,0.5000000353253761,fechner
2278,8_epo,49.0,0.5000000346031831,fechner
2279,8_epo,50.0,0.5000000339099517,fechner
2280,8_epo,51.0,0.5000000332439726,fechner
2281,8_epo,52.0,0.5000000326036687,fechner
2282,8_epo,53.0,0.5000000319875819,fechner
2283,8_epo,54.0,0.5000000313943633,fechner
2284,8_epo,55.00000000000001,0.5000000308227618,fechner
2285,8_epo,56.00000000000001,0.5000000302716161,fechner
2286,8_epo,56.99999999999999,0.5000000297398468,fechner
2287,8_epo,57.99999999999999,0.500000029226449,fechner
2288,8_epo,59.0,0.5000000287304865,fechner
2289,8_epo,60.0,0.5000000282510854,fechner
2290,8_epo,61.0,0.5000000277874291,fechner
2291,8_epo,62.0,0.5000000273387543,fechner
2292,8_epo,63.0,0.500000026904346,fechner
2293,8_epo,64.0,0.5000000264835339,fechner
2294,8_epo,65.0,0.5000000260756895,fechner
2295,8_epo,66.0,0.500000025680222,fechner
2296,8_epo,67.0,0.5000000252965762,fechner
2297,8_epo,68.0,0.5000000249242296,fechner
2298,8_epo,69.0,0.50000002456269,fechner
2299,8_epo,70.0,0.5000000242114936,fechner
2300,8_epo,71.0,0.5000000238702025,fechner
2301,8_epo,72.0,0.5000000235384032,fechner
2302,8_epo,73.0,0.5000000232157052,fechner
2303,8_epo,74.0,0.5000000229017388,fechner
2304,8_epo,75.0,0.5000000225961544,fechner
2305,8_epo,76.0,0.5000000222986205,fechner
2306,8_epo,77.0,0.500000022008823,fechner
2307,8_epo,78.0,0.500000021726464,fechner
2308,8_epo,79.0,0.5000000214512604,fechner
2309,8_epo,80.0,0.5000000211829438,fechner
2310,8_epo,81.0,0.5000000209212587,fechner
2311,8_epo,82.0,0.5000000206659623,fechner
2312,8_epo,83.0,0.5000000204168231,fechner
2313,8_epo,84.0,0.5000000201736212,fechner
2314,8_epo,85.0,0.5000000199361467,fechner
2315,8_epo,86.0,0.5000000197041996,fechner
2316,8_epo,87.0,0.500000019477589,fechner
2317,8_epo,88.0,0.5000000192561329,fechner
2318,8_epo,89.0,0.5000000190396574,fechner
2319,8_epo,90.0,0.500000018827996,fechner
2320,8_epo,91.0,0.5000000186209903,fechner
2321,8_epo,92.0,0.500000018418488,fechner
2322,8_epo,93.0,0.5000000182203437,fechner
2323,8_epo,94.0,0.5000000180264184,fechner
2324,8_epo,95.0,0.5000000178365784,fechner
2325,9_epo,3.0,0.9810299094162548,fechner
2326,9_epo,4.0,0.9178026486574169,fechner
2327,9_epo,5.0,0.8590918721203094,fechner
2328,9_epo,6.0,0.8115416087234912,fechner
2329,9_epo,7.000000000000001,0.7737384288859138,fechner
2330,9_epo,8.0,0.7434591161076205,fechner
2331,9_epo,9.0,0.7188637091707031,fechner
2332,9_epo,10.0,0.6985840176901751,fechner
2333,9_epo,11.0,0.6816245246730425,fechner
2334,9_epo,12.0,0.6672584583499651,fechner
2335,9_epo,13.0,0.654948904461273,fechner
2336,9_epo,14.000000000000002,0.6442933749096801,fechner
2337,9_epo,15.0,0.6349855837871113,fechner
2338,9_epo,16.0,0.6267890472028906,fechner
2339,9_epo,17.0,0.6195186717583964,fechner
2340,9_epo,18.0,0.6130277472882848,fechner
2341,9_epo,19.0,0.6071986281807472,fechner
2342,9_epo,20.0,0.6019359629913849,fechner
2343,9_epo,21.0,0.5971617082281785,fechner
2344,9_epo,22.0,0.5928114083790431,fechner
2345,9_epo,23.0,0.5888313866303363,fechner
2346,9_epo,24.0,0.5851765989809592,fechner
2347,9_epo,25.0,0.5818089775120996,fechner
2348,9_epo,26.0,0.5786961384976282,fechner
2349,9_epo,27.0,0.5758103655889625,fechner
2350,9_epo,28.000000000000004,0.5731278025110734,fechner
2351,9_epo,28.999999999999996,0.5706278068627374,fechner
2352,9_epo,30.0,0.568292428913755,fechner
2353,9_epo,31.0,0.5661059882049405,fechner
2354,9_epo,32.0,0.5640547272820252,fechner
2355,9_epo,33.0,0.5621265267183841,fechner
2356,9_epo,34.0,0.5603106691803303,fechner
2357,9_epo,35.0,0.5585976429971594,fechner
2358,9_epo,36.0,0.5569789777533579,fechner
2359,9_epo,37.0,0.5554471059922139,fechner
2360,9_epo,38.0,0.5539952463311509,fechner
2361,9_epo,39.0,0.5526173042288485,fechner
2362,9_epo,40.0,0.5513077873783061,fechner
2363,9_epo,41.0,0.5500617332771404,fechner
2364,9_epo,42.0,0.5488746469828846,fechner
2365,9_epo,43.0,0.5477424474242182,fechner
2366,9_epo,44.0,0.5466614209295632,fechner
2367,9_epo,45.0,0.5456281808681,fechner
2368,9_epo,46.0,0.5446396324870834,fechner
2369,9_epo,47.0,0.5436929421826809,fechner
2370,9_epo,48.0,0.5427855105666751,fechner
2371,9_epo,49.0,0.541914948793901,fechner
2372,9_epo,50.0,0.5410790576996699,fechner
2373,9_epo,51.0,0.540275809366154,fechner
2374,9_epo,52.0,0.5395033307945492,fechner
2375,9_epo,53.0,0.5387598894079857,fechner
2376,9_epo,54.0,0.5380438801504113,fechner
2377,9_epo,55.00000000000001,0.537353813980408,fechner
2378,9_epo,56.00000000000001,0.5366883075873076,fechner
2379,9_epo,56.99999999999999,0.5360460741809252,fechner
2380,9_epo,57.99999999999999,0.5354259152265336,fechner
2381,9_epo,59.0,0.5348267130139216,fechner
2382,9_epo,60.0,0.5342474239640616,fechner
2383,9_epo,61.0,0.533687072589442,fechner
2384,9_epo,62.0,0.5331447460348544,fechner
2385,9_epo,63.0,0.5326195891346365,fechner
2386,9_epo,64.0,0.532110799930309,fechner
2387,9_epo,65.0,0.5316176255993819,fechner
2388,9_epo,66.0,0.5311393587520271,fechner
2389,9_epo,67.0,0.5306753340574473,fechner
2390,9_epo,68.0,0.5302249251662214,fechner
2391,9_epo,69.0,0.5297875418987954,fechner
2392,9_epo,70.0,0.5293626276736663,fechner
2393,9_epo,71.0,0.5289496571517712,fechner
2394,9_epo,72.0,0.5285481340761848,fechner
2395,9_epo,73.0,0.5281575892885022,fechner
2396,9_epo,74.0,0.5277775789052862,fechner
2397,9_epo,75.0,0.5274076826397216,fechner
2398,9_epo,76.0,0.5270475022551695,fechner
2399,9_epo,77.0,0.5266966601386938,fechner
2400,9_epo,78.0,0.5263547979838448,fechner
2401,9_epo,79.0,0.5260215755730676,fechner
2402,9_epo,80.0,0.5256966696510574,fechner
2403,9_epo,81.0,0.5253797728812378,fechner
2404,9_epo,82.0,0.5250705928783004,fechner
2405,9_epo,83.0,0.5247688513104156,fechner
2406,9_epo,84.0,0.5244742830653363,fechner
2407,9_epo,85.0,0.524186635475152,fechner
2408,9_epo,86.0,0.523905667594941,fechner
2409,9_epo,87.0,0.5236311495309988,fechner
2410,9_epo,88.0,0.5233628618147171,fechner
2411,9_epo,89.0,0.5231005948185347,fechner
2412,9_epo,90.0,0.5228441482106989,fechner
2413,9_epo,91.0,0.5225933304458675,fechner
2414,9_epo,92.0,0.522347958288827,fechner
2415,9_epo,93.0,0.5221078563688498,fechner
2416,9_epo,94.0,0.5218728567624118,fechner
2417,9_epo,95.0,0.5216427986021897,fechner
