,participant,contrast,mrt,name
0,0_epo,3.0,264.8145370896542,linear
1,0_epo,4.0,264.6949539748432,linear
2,0_epo,5.0,264.5753708600323,linear
3,0_epo,6.0,264.4557877452213,linear
4,0_epo,7.000000000000001,264.33620463041035,linear
5,0_epo,8.0,264.21662151559946,linear
6,0_epo,9.0,264.09703840078845,linear
7,0_epo,10.0,263.9774552859775,linear
8,0_epo,11.0,263.8578721711665,linear
9,0_epo,12.0,263.7382890563556,linear
10,0_epo,13.0,263.61870594154465,linear
11,0_epo,14.000000000000002,263.49912282673364,linear
12,0_epo,15.0,263.37953971192275,linear
13,0_epo,16.0,263.25995659711174,linear
14,0_epo,17.0,263.1403734823008,linear
15,0_epo,18.0,263.0207903674899,linear
16,0_epo,19.0,262.9012072526789,linear
17,0_epo,20.0,262.78162413786794,linear
18,0_epo,21.0,262.662041023057,linear
19,0_epo,22.0,262.54245790824604,linear
20,0_epo,23.0,262.4228747934351,linear
21,0_epo,24.0,262.30329167862413,linear
22,0_epo,25.0,262.1837085638132,linear
23,0_epo,26.0,262.06412544900223,linear
24,0_epo,27.0,261.9445423341912,linear
25,0_epo,28.000000000000004,261.82495921938033,linear
26,0_epo,28.999999999999996,261.7053761045693,linear
27,0_epo,30.0,261.5857929897584,linear
28,0_epo,31.0,261.4662098749475,linear
29,0_epo,32.0,261.3466267601365,linear
30,0_epo,33.0,261.2270436453255,linear
31,0_epo,34.0,261.1074605305146,linear
32,0_epo,35.0,260.9878774157036,linear
33,0_epo,36.0,260.86829430089267,linear
34,0_epo,37.0,260.7487111860817,linear
35,0_epo,38.0,260.62912807127077,linear
36,0_epo,39.0,260.50954495645976,linear
37,0_epo,40.0,260.38996184164887,linear
38,0_epo,41.0,260.2703787268379,linear
39,0_epo,42.0,260.1507956120269,linear
40,0_epo,43.0,260.03121249721596,linear
41,0_epo,44.0,259.911629382405,linear
42,0_epo,45.0,259.79204626759406,linear
43,0_epo,46.0,259.6724631527831,linear
44,0_epo,47.0,259.55288003797216,linear
45,0_epo,48.0,259.4332969231612,linear
46,0_epo,49.0,259.3137138083502,linear
47,0_epo,50.0,259.1941306935393,linear
48,0_epo,51.0,259.07454757872836,linear
49,0_epo,52.0,258.95496446391735,linear
50,0_epo,53.0,258.83538134910646,linear
51,0_epo,54.0,258.71579823429545,linear
52,0_epo,55.00000000000001,258.5962151194845,linear
53,0_epo,56.00000000000001,258.4766320046736,linear
54,0_epo,56.99999999999999,258.3570488898626,linear
55,0_epo,57.99999999999999,258.23746577505165,linear
56,0_epo,59.0,258.1178826602407,linear
57,0_epo,60.0,257.99829954542975,linear
58,0_epo,61.0,257.8787164306188,linear
59,0_epo,62.0,257.7591333158078,linear
60,0_epo,63.0,257.6395502009969,linear
61,0_epo,64.0,257.5199670861859,linear
62,0_epo,65.0,257.40038397137494,linear
63,0_epo,66.0,257.28080085656404,linear
64,0_epo,67.0,257.16121774175303,linear
65,0_epo,68.0,257.0416346269421,linear
66,0_epo,69.0,256.92205151213113,linear
67,0_epo,70.0,256.8024683973202,linear
68,0_epo,71.0,256.68288528250923,linear
69,0_epo,72.0,256.5633021676983,linear
70,0_epo,73.0,256.44371905288733,linear
71,0_epo,74.0,256.3241359380763,linear
72,0_epo,75.0,256.2045528232654,linear
73,0_epo,76.0,256.0849697084545,linear
74,0_epo,77.0,255.96538659364347,linear
75,0_epo,78.0,255.84580347883252,linear
76,0_epo,79.0,255.7262203640216,linear
77,0_epo,80.0,255.60663724921062,linear
78,0_epo,81.0,255.48705413439964,linear
79,0_epo,82.0,255.36747101958872,linear
80,0_epo,83.0,255.24788790477777,linear
81,0_epo,84.0,255.1283047899668,linear
82,0_epo,85.0,255.00872167515587,linear
83,0_epo,86.0,254.8891385603449,linear
84,0_epo,87.0,254.7695554455339,linear
85,0_epo,88.0,254.64997233072302,linear
86,0_epo,89.0,254.53038921591204,linear
87,0_epo,90.0,254.41080610110106,linear
88,0_epo,91.0,254.29122298629014,linear
89,0_epo,92.0,254.17163987147916,linear
90,0_epo,93.0,254.0520567566682,linear
91,0_epo,94.0,253.93247364185723,linear
92,0_epo,95.0,253.8128905270463,linear
93,10_epo,3.0,236.36130823597392,linear
94,10_epo,4.0,237.165397502133,linear
95,10_epo,5.0,237.96948676829211,linear
96,10_epo,6.0,238.77357603445117,linear
97,10_epo,7.000000000000001,239.57766530061028,linear
98,10_epo,8.0,240.38175456676936,linear
99,10_epo,9.0,241.18584383292847,linear
100,10_epo,10.0,241.98993309908755,linear
101,10_epo,11.0,242.79402236524663,linear
102,10_epo,12.0,243.59811163140574,linear
103,10_epo,13.0,244.40220089756482,linear
104,10_epo,14.000000000000002,245.2062901637239,linear
105,10_epo,15.0,246.010379429883,linear
106,10_epo,16.0,246.8144686960421,linear
107,10_epo,17.0,247.6185579622012,linear
108,10_epo,18.0,248.42264722836026,linear
109,10_epo,19.0,249.22673649451937,linear
110,10_epo,20.0,250.03082576067848,linear
111,10_epo,21.0,250.83491502683754,linear
112,10_epo,22.0,251.63900429299662,linear
113,10_epo,23.0,252.44309355915573,linear
114,10_epo,24.0,253.24718282531484,linear
115,10_epo,25.0,254.05127209147395,linear
116,10_epo,26.0,254.85536135763297,linear
117,10_epo,27.0,255.65945062379208,linear
118,10_epo,28.000000000000004,256.46353988995116,linear
119,10_epo,28.999999999999996,257.2676291561103,linear
120,10_epo,30.0,258.0717184222693,linear
121,10_epo,31.0,258.87580768842844,linear
122,10_epo,32.0,259.67989695458755,linear
123,10_epo,33.0,260.48398622074666,linear
124,10_epo,34.0,261.28807548690577,linear
125,10_epo,35.0,262.0921647530648,linear
126,10_epo,36.0,262.8962540192239,linear
127,10_epo,37.0,263.700343285383,linear
128,10_epo,38.0,264.5044325515421,linear
129,10_epo,39.0,265.30852181770115,linear
130,10_epo,40.0,266.11261108386026,linear
131,10_epo,41.0,266.91670035001937,linear
132,10_epo,42.0,267.7207896161785,linear
133,10_epo,43.0,268.52487888233753,linear
134,10_epo,44.0,269.3289681484966,linear
135,10_epo,45.0,270.1330574146557,linear
136,10_epo,46.0,270.9371466808148,linear
137,10_epo,47.0,271.7412359469739,linear
138,10_epo,48.0,272.54532521313297,linear
139,10_epo,49.0,273.3494144792921,linear
140,10_epo,50.0,274.1535037454512,linear
141,10_epo,51.0,274.95759301161024,linear
142,10_epo,52.0,275.76168227776935,linear
143,10_epo,53.0,276.5657715439284,linear
144,10_epo,54.0,277.3698608100875,linear
145,10_epo,55.00000000000001,278.1739500762466,linear
146,10_epo,56.00000000000001,278.97803934240574,linear
147,10_epo,56.99999999999999,279.7821286085648,linear
148,10_epo,57.99999999999999,280.5862178747239,linear
149,10_epo,59.0,281.39030714088295,linear
150,10_epo,60.0,282.19439640704206,linear
151,10_epo,61.0,282.9984856732012,linear
152,10_epo,62.0,283.8025749393602,linear
153,10_epo,63.0,284.60666420551934,linear
154,10_epo,64.0,285.41075347167845,linear
155,10_epo,65.0,286.21484273783756,linear
156,10_epo,66.0,287.01893200399667,linear
157,10_epo,67.0,287.82302127015566,linear
158,10_epo,68.0,288.6271105363148,linear
159,10_epo,69.0,289.4311998024739,linear
160,10_epo,70.0,290.23528906863294,linear
161,10_epo,71.0,291.03937833479205,linear
162,10_epo,72.0,291.84346760095116,linear
163,10_epo,73.0,292.64755686711027,linear
164,10_epo,74.0,293.4516461332694,linear
165,10_epo,75.0,294.2557353994284,linear
166,10_epo,76.0,295.0598246655875,linear
167,10_epo,77.0,295.8639139317466,linear
168,10_epo,78.0,296.6680031979057,linear
169,10_epo,79.0,297.4720924640648,linear
170,10_epo,80.0,298.27618173022387,linear
171,10_epo,81.0,299.080270996383,linear
172,10_epo,82.0,299.88436026254203,linear
173,10_epo,83.0,300.68844952870114,linear
174,10_epo,84.0,301.49253879486025,linear
175,10_epo,85.0,302.2966280610193,linear
176,10_epo,86.0,303.1007173271784,linear
177,10_epo,87.0,303.9048065933375,linear
178,10_epo,88.0,304.70889585949664,linear
179,10_epo,89.0,305.51298512565575,linear
180,10_epo,90.0,306.31707439181474,linear
181,10_epo,91.0,307.12116365797385,linear
182,10_epo,92.0,307.92525292413296,linear
183,10_epo,93.0,308.729342190292,linear
184,10_epo,94.0,309.5334314564511,linear
185,10_epo,95.0,310.33752072261024,linear
186,11_epo,3.0,343.97304550385576,linear
187,11_epo,4.0,347.4990857078477,linear
188,11_epo,5.0,351.0251259118396,linear
189,11_epo,6.0,354.55116611583156,linear
190,11_epo,7.000000000000001,358.0772063198234,linear
191,11_epo,8.0,361.60324652381536,linear
192,11_epo,9.0,365.12928672780725,linear
193,11_epo,10.0,368.6553269317992,linear
194,11_epo,11.0,372.1813671357911,linear
195,11_epo,12.0,375.707407339783,linear
196,11_epo,13.0,379.2334475437749,linear
197,11_epo,14.000000000000002,382.7594877477668,linear
198,11_epo,15.0,386.28552795175875,linear
199,11_epo,16.0,389.81156815575065,linear
200,11_epo,17.0,393.33760835974255,linear
201,11_epo,18.0,396.86364856373444,linear
202,11_epo,19.0,400.3896887677264,linear
203,11_epo,20.0,403.9157289717183,linear
204,11_epo,21.0,407.4417691757102,linear
205,11_epo,22.0,410.96780937970215,linear
206,11_epo,23.0,414.49384958369404,linear
207,11_epo,24.0,418.01988978768594,linear
208,11_epo,25.0,421.54592999167784,linear
209,11_epo,26.0,425.0719701956698,linear
210,11_epo,27.0,428.59801039966175,linear
211,11_epo,28.000000000000004,432.1240506036536,linear
212,11_epo,28.999999999999996,435.6500908076455,linear
213,11_epo,30.0,439.17613101163744,linear
214,11_epo,31.0,442.70217121562933,linear
215,11_epo,32.0,446.2282114196213,linear
216,11_epo,33.0,449.75425162361313,linear
217,11_epo,34.0,453.2802918276051,linear
218,11_epo,35.0,456.806332031597,linear
219,11_epo,36.0,460.3323722355889,linear
220,11_epo,37.0,463.85841243958083,linear
221,11_epo,38.0,467.38445264357273,linear
222,11_epo,39.0,470.9104928475646,linear
223,11_epo,40.0,474.4365330515565,linear
224,11_epo,41.0,477.9625732555485,linear
225,11_epo,42.0,481.4886134595404,linear
226,11_epo,43.0,485.0146536635323,linear
227,11_epo,44.0,488.54069386752417,linear
228,11_epo,45.0,492.0667340715161,linear
229,11_epo,46.0,495.5927742755081,linear
230,11_epo,47.0,499.1188144794999,linear
231,11_epo,48.0,502.6448546834919,linear
232,11_epo,49.0,506.17089488748377,linear
233,11_epo,50.0,509.6969350914757,linear
234,11_epo,51.0,513.2229752954676,linear
235,11_epo,52.0,516.7490154994595,linear
236,11_epo,53.0,520.2750557034515,linear
237,11_epo,54.0,523.8010959074433,linear
238,11_epo,55.00000000000001,527.3271361114353,linear
239,11_epo,56.00000000000001,530.8531763154272,linear
240,11_epo,56.99999999999999,534.379216519419,linear
241,11_epo,57.99999999999999,537.905256723411,linear
242,11_epo,59.0,541.4312969274029,linear
243,11_epo,60.0,544.9573371313949,linear
244,11_epo,61.0,548.4833773353868,linear
245,11_epo,62.0,552.0094175393785,linear
246,11_epo,63.0,555.5354577433706,linear
247,11_epo,64.0,559.0614979473625,linear
248,11_epo,65.0,562.5875381513544,linear
249,11_epo,66.0,566.1135783553462,linear
250,11_epo,67.0,569.6396185593381,linear
251,11_epo,68.0,573.1656587633302,linear
252,11_epo,69.0,576.6916989673219,linear
253,11_epo,70.0,580.217739171314,linear
254,11_epo,71.0,583.7437793753057,linear
255,11_epo,72.0,587.2698195792977,linear
256,11_epo,73.0,590.7958597832896,linear
257,11_epo,74.0,594.3218999872815,linear
258,11_epo,75.0,597.8479401912736,linear
259,11_epo,76.0,601.3739803952653,linear
260,11_epo,77.0,604.9000205992575,linear
261,11_epo,78.0,608.4260608032492,linear
262,11_epo,79.0,611.9521010072411,linear
263,11_epo,80.0,615.4781412112332,linear
264,11_epo,81.0,619.0041814152249,linear
265,11_epo,82.0,622.5302216192168,linear
266,11_epo,83.0,626.0562618232088,linear
267,11_epo,84.0,629.5823020272006,linear
268,11_epo,85.0,633.1083422311926,linear
269,11_epo,86.0,636.6343824351845,linear
270,11_epo,87.0,640.1604226391764,linear
271,11_epo,88.0,643.6864628431684,linear
272,11_epo,89.0,647.2125030471602,linear
273,11_epo,90.0,650.7385432511522,linear
274,11_epo,91.0,654.2645834551441,linear
275,11_epo,92.0,657.790623659136,linear
276,11_epo,93.0,661.3166638631279,linear
277,11_epo,94.0,664.8427040671198,linear
278,11_epo,95.0,668.3687442711117,linear
279,12_epo,3.0,246.00588168085093,linear
280,12_epo,4.0,246.3067806979025,linear
281,12_epo,5.0,246.607679714954,linear
282,12_epo,6.0,246.90857873200557,linear
283,12_epo,7.000000000000001,247.20947774905707,linear
284,12_epo,8.0,247.51037676610864,linear
285,12_epo,9.0,247.81127578316014,linear
286,12_epo,10.0,248.1121748002117,linear
287,12_epo,11.0,248.4130738172632,linear
288,12_epo,12.0,248.71397283431477,linear
289,12_epo,13.0,249.01487185136628,linear
290,12_epo,14.000000000000002,249.31577086841784,linear
291,12_epo,15.0,249.61666988546935,linear
292,12_epo,16.0,249.91756890252088,linear
293,12_epo,17.0,250.21846791957242,linear
294,12_epo,18.0,250.51936693662395,linear
295,12_epo,19.0,250.82026595367546,linear
296,12_epo,20.0,251.121164970727,linear
297,12_epo,21.0,251.42206398777856,linear
298,12_epo,22.0,251.7229630048301,linear
299,12_epo,23.0,252.0238620218816,linear
300,12_epo,24.0,252.32476103893313,linear
301,12_epo,25.0,252.6256600559847,linear
302,12_epo,26.0,252.92655907303623,linear
303,12_epo,27.0,253.22745809008774,linear
304,12_epo,28.000000000000004,253.52835710713927,linear
305,12_epo,28.999999999999996,253.82925612419083,linear
306,12_epo,30.0,254.13015514124237,linear
307,12_epo,31.0,254.43105415829388,linear
308,12_epo,32.0,254.7319531753454,linear
309,12_epo,33.0,255.03285219239697,linear
310,12_epo,34.0,255.33375120944845,linear
311,12_epo,35.0,255.6346502265,linear
312,12_epo,36.0,255.93554924355155,linear
313,12_epo,37.0,256.2364482606031,linear
314,12_epo,38.0,256.5373472776546,linear
315,12_epo,39.0,256.83824629470615,linear
316,12_epo,40.0,257.1391453117577,linear
317,12_epo,41.0,257.4400443288092,linear
318,12_epo,42.0,257.7409433458607,linear
319,12_epo,43.0,258.0418423629123,linear
320,12_epo,44.0,258.3427413799638,linear
321,12_epo,45.0,258.64364039701536,linear
322,12_epo,46.0,258.94453941406687,linear
323,12_epo,47.0,259.24543843111843,linear
324,12_epo,48.0,259.54633744816994,linear
325,12_epo,49.0,259.84723646522144,linear
326,12_epo,50.0,260.148135482273,linear
327,12_epo,51.0,260.44903449932457,linear
328,12_epo,52.0,260.7499335163761,linear
329,12_epo,53.0,261.0508325334276,linear
330,12_epo,54.0,261.35173155047914,linear
331,12_epo,55.00000000000001,261.6526305675307,linear
332,12_epo,56.00000000000001,261.9535295845822,linear
333,12_epo,56.99999999999999,262.2544286016337,linear
334,12_epo,57.99999999999999,262.5553276186853,linear
335,12_epo,59.0,262.85622663573685,linear
336,12_epo,60.0,263.15712565278835,linear
337,12_epo,61.0,263.45802466983986,linear
338,12_epo,62.0,263.7589236868914,linear
339,12_epo,63.0,264.059822703943,linear
340,12_epo,64.0,264.36072172099443,linear
341,12_epo,65.0,264.661620738046,linear
342,12_epo,66.0,264.96251975509756,linear
343,12_epo,67.0,265.2634187721491,linear
344,12_epo,68.0,265.5643177892006,linear
345,12_epo,69.0,265.86521680625214,linear
346,12_epo,70.0,266.1661158233037,linear
347,12_epo,71.0,266.4670148403552,linear
348,12_epo,72.0,266.7679138574067,linear
349,12_epo,73.0,267.0688128744583,linear
350,12_epo,74.0,267.36971189150984,linear
351,12_epo,75.0,267.67061090856134,linear
352,12_epo,76.0,267.97150992561285,linear
353,12_epo,77.0,268.2724089426644,linear
354,12_epo,78.0,268.573307959716,linear
355,12_epo,79.0,268.8742069767674,linear
356,12_epo,80.0,269.175105993819,linear
357,12_epo,81.0,269.47600501087055,linear
358,12_epo,82.0,269.7769040279221,linear
359,12_epo,83.0,270.07780304497356,linear
360,12_epo,84.0,270.3787020620251,linear
361,12_epo,85.0,270.6796010790767,linear
362,12_epo,86.0,270.98050009612825,linear
363,12_epo,87.0,271.2813991131797,linear
364,12_epo,88.0,271.58229813023127,linear
365,12_epo,89.0,271.88319714728283,linear
366,12_epo,90.0,272.1840961643344,linear
367,12_epo,91.0,272.48499518138584,linear
368,12_epo,92.0,272.7858941984374,linear
369,12_epo,93.0,273.08679321548897,linear
370,12_epo,94.0,273.3876922325405,linear
371,12_epo,95.0,273.688591249592,linear
372,13_epo,3.0,226.12526835847945,linear
373,13_epo,4.0,226.16193817452313,linear
374,13_epo,5.0,226.19860799056679,linear
375,13_epo,6.0,226.23527780661047,linear
376,13_epo,7.000000000000001,226.27194762265412,linear
377,13_epo,8.0,226.30861743869778,linear
378,13_epo,9.0,226.34528725474146,linear
379,13_epo,10.0,226.38195707078512,linear
380,13_epo,11.0,226.41862688682878,linear
381,13_epo,12.0,226.45529670287246,linear
382,13_epo,13.0,226.49196651891612,linear
383,13_epo,14.000000000000002,226.5286363349598,linear
384,13_epo,15.0,226.56530615100345,linear
385,13_epo,16.0,226.6019759670471,linear
386,13_epo,17.0,226.6386457830908,linear
387,13_epo,18.0,226.67531559913445,linear
388,13_epo,19.0,226.7119854151781,linear
389,13_epo,20.0,226.7486552312218,linear
390,13_epo,21.0,226.78532504726545,linear
391,13_epo,22.0,226.82199486330913,linear
392,13_epo,23.0,226.85866467935278,linear
393,13_epo,24.0,226.89533449539644,linear
394,13_epo,25.0,226.93200431144012,linear
395,13_epo,26.0,226.96867412748378,linear
396,13_epo,27.0,227.00534394352744,linear
397,13_epo,28.000000000000004,227.04201375957112,linear
398,13_epo,28.999999999999996,227.07868357561478,linear
399,13_epo,30.0,227.11535339165846,linear
400,13_epo,31.0,227.15202320770211,linear
401,13_epo,32.0,227.18869302374577,linear
402,13_epo,33.0,227.22536283978945,linear
403,13_epo,34.0,227.2620326558331,linear
404,13_epo,35.0,227.29870247187677,linear
405,13_epo,36.0,227.33537228792045,linear
406,13_epo,37.0,227.3720421039641,linear
407,13_epo,38.0,227.4087119200078,linear
408,13_epo,39.0,227.44538173605144,linear
409,13_epo,40.0,227.4820515520951,linear
410,13_epo,41.0,227.51872136813878,linear
411,13_epo,42.0,227.55539118418244,linear
412,13_epo,43.0,227.5920610002261,linear
413,13_epo,44.0,227.62873081626978,linear
414,13_epo,45.0,227.66540063231344,linear
415,13_epo,46.0,227.70207044835712,linear
416,13_epo,47.0,227.73874026440078,linear
417,13_epo,48.0,227.77541008044443,linear
418,13_epo,49.0,227.81207989648811,linear
419,13_epo,50.0,227.84874971253177,linear
420,13_epo,51.0,227.88541952857543,linear
421,13_epo,52.0,227.9220893446191,linear
422,13_epo,53.0,227.95875916066277,linear
423,13_epo,54.0,227.99542897670645,linear
424,13_epo,55.00000000000001,228.0320987927501,linear
425,13_epo,56.00000000000001,228.06876860879376,linear
426,13_epo,56.99999999999999,228.10543842483744,linear
427,13_epo,57.99999999999999,228.1421082408811,linear
428,13_epo,59.0,228.17877805692476,linear
429,13_epo,60.0,228.21544787296844,linear
430,13_epo,61.0,228.2521176890121,linear
431,13_epo,62.0,228.28878750505578,linear
432,13_epo,63.0,228.32545732109944,linear
433,13_epo,64.0,228.3621271371431,linear
434,13_epo,65.0,228.39879695318677,linear
435,13_epo,66.0,228.43546676923043,linear
436,13_epo,67.0,228.4721365852741,linear
437,13_epo,68.0,228.50880640131777,linear
438,13_epo,69.0,228.54547621736143,linear
439,13_epo,70.0,228.5821460334051,linear
440,13_epo,71.0,228.61881584944877,linear
441,13_epo,72.0,228.65548566549242,linear
442,13_epo,73.0,228.6921554815361,linear
443,13_epo,74.0,228.72882529757976,linear
444,13_epo,75.0,228.76549511362342,linear
445,13_epo,76.0,228.8021649296671,linear
446,13_epo,77.0,228.83883474571076,linear
447,13_epo,78.0,228.87550456175444,linear
448,13_epo,79.0,228.9121743777981,linear
449,13_epo,80.0,228.94884419384175,linear
450,13_epo,81.0,228.98551400988543,linear
451,13_epo,82.0,229.0221838259291,linear
452,13_epo,83.0,229.05885364197275,linear
453,13_epo,84.0,229.09552345801643,linear
454,13_epo,85.0,229.13219327406009,linear
455,13_epo,86.0,229.16886309010377,linear
456,13_epo,87.0,229.20553290614743,linear
457,13_epo,88.0,229.24220272219108,linear
458,13_epo,89.0,229.27887253823476,linear
459,13_epo,90.0,229.31554235427842,linear
460,13_epo,91.0,229.35221217032208,linear
461,13_epo,92.0,229.38888198636576,linear
462,13_epo,93.0,229.42555180240942,linear
463,13_epo,94.0,229.4622216184531,linear
464,13_epo,95.0,229.49889143449676,linear
465,14_epo,3.0,275.7087511386896,linear
466,14_epo,4.0,276.41369315359566,linear
467,14_epo,5.0,277.1186351685018,linear
468,14_epo,6.0,277.82357718340785,linear
469,14_epo,7.000000000000001,278.528519198314,linear
470,14_epo,8.0,279.2334612132201,linear
471,14_epo,9.0,279.9384032281261,linear
472,14_epo,10.0,280.64334524303223,linear
473,14_epo,11.0,281.3482872579383,linear
474,14_epo,12.0,282.0532292728444,linear
475,14_epo,13.0,282.75817128775054,linear
476,14_epo,14.000000000000002,283.4631133026566,linear
477,14_epo,15.0,284.16805531756273,linear
478,14_epo,16.0,284.8729973324688,linear
479,14_epo,17.0,285.5779393473749,linear
480,14_epo,18.0,286.282881362281,linear
481,14_epo,19.0,286.9878233771871,linear
482,14_epo,20.0,287.69276539209324,linear
483,14_epo,21.0,288.39770740699925,linear
484,14_epo,22.0,289.10264942190537,linear
485,14_epo,23.0,289.80759143681144,linear
486,14_epo,24.0,290.51253345171756,linear
487,14_epo,25.0,291.2174754666237,linear
488,14_epo,26.0,291.92241748152975,linear
489,14_epo,27.0,292.6273594964359,linear
490,14_epo,28.000000000000004,293.33230151134194,linear
491,14_epo,28.999999999999996,294.03724352624806,linear
492,14_epo,30.0,294.74218554115413,linear
493,14_epo,31.0,295.44712755606025,linear
494,14_epo,32.0,296.1520695709664,linear
495,14_epo,33.0,296.8570115858724,linear
496,14_epo,34.0,297.5619536007785,linear
497,14_epo,35.0,298.2668956156846,linear
498,14_epo,36.0,298.9718376305907,linear
499,14_epo,37.0,299.67677964549677,linear
500,14_epo,38.0,300.3817216604029,linear
501,14_epo,39.0,301.086663675309,linear
502,14_epo,40.0,301.7916056902151,linear
503,14_epo,41.0,302.4965477051212,linear
504,14_epo,42.0,303.20148972002727,linear
505,14_epo,43.0,303.9064317349334,linear
506,14_epo,44.0,304.61137374983946,linear
507,14_epo,45.0,305.3163157647455,linear
508,14_epo,46.0,306.02125777965165,linear
509,14_epo,47.0,306.7261997945577,linear
510,14_epo,48.0,307.43114180946384,linear
511,14_epo,49.0,308.1360838243699,linear
512,14_epo,50.0,308.841025839276,linear
513,14_epo,51.0,309.54596785418215,linear
514,14_epo,52.0,310.2509098690882,linear
515,14_epo,53.0,310.95585188399434,linear
516,14_epo,54.0,311.6607938989004,linear
517,14_epo,55.00000000000001,312.36573591380653,linear
518,14_epo,56.00000000000001,313.0706779287126,linear
519,14_epo,56.99999999999999,313.77561994361866,linear
520,14_epo,57.99999999999999,314.4805619585248,linear
521,14_epo,59.0,315.18550397343085,linear
522,14_epo,60.0,315.890445988337,linear
523,14_epo,61.0,316.59538800324304,linear
524,14_epo,62.0,317.30033001814917,linear
525,14_epo,63.0,318.0052720330553,linear
526,14_epo,64.0,318.71021404796136,linear
527,14_epo,65.0,319.4151560628675,linear
528,14_epo,66.0,320.12009807777355,linear
529,14_epo,67.0,320.82504009267967,linear
530,14_epo,68.0,321.52998210758574,linear
531,14_epo,69.0,322.2349241224918,linear
532,14_epo,70.0,322.93986613739787,linear
533,14_epo,71.0,323.644808152304,linear
534,14_epo,72.0,324.3497501672101,linear
535,14_epo,73.0,325.0546921821162,linear
536,14_epo,74.0,325.7596341970223,linear
537,14_epo,75.0,326.4645762119284,linear
538,14_epo,76.0,327.1695182268345,linear
539,14_epo,77.0,327.8744602417406,linear
540,14_epo,78.0,328.5794022566467,linear
541,14_epo,79.0,329.2843442715528,linear
542,14_epo,80.0,329.9892862864589,linear
543,14_epo,81.0,330.69422830136494,linear
544,14_epo,82.0,331.39917031627107,linear
545,14_epo,83.0,332.10411233117713,linear
546,14_epo,84.0,332.80905434608326,linear
547,14_epo,85.0,333.5139963609893,linear
548,14_epo,86.0,334.21893837589545,linear
549,14_epo,87.0,334.92388039080157,linear
550,14_epo,88.0,335.62882240570764,linear
551,14_epo,89.0,336.33376442061376,linear
552,14_epo,90.0,337.0387064355198,linear
553,14_epo,91.0,337.74364845042595,linear
554,14_epo,92.0,338.448590465332,linear
555,14_epo,93.0,339.1535324802381,linear
556,14_epo,94.0,339.85847449514415,linear
557,14_epo,95.0,340.5634165100503,linear
558,15_epo,3.0,337.8339304291959,linear
559,15_epo,4.0,338.3678269213452,linear
560,15_epo,5.0,338.90172341349455,linear
561,15_epo,6.0,339.4356199056439,linear
562,15_epo,7.000000000000001,339.96951639779314,linear
563,15_epo,8.0,340.5034128899425,linear
564,15_epo,9.0,341.0373093820918,linear
565,15_epo,10.0,341.5712058742411,linear
566,15_epo,11.0,342.10510236639044,linear
567,15_epo,12.0,342.63899885853976,linear
568,15_epo,13.0,343.1728953506891,linear
569,15_epo,14.000000000000002,343.7067918428384,linear
570,15_epo,15.0,344.24068833498774,linear
571,15_epo,16.0,344.774584827137,linear
572,15_epo,17.0,345.3084813192864,linear
573,15_epo,18.0,345.84237781143565,linear
574,15_epo,19.0,346.376274303585,linear
575,15_epo,20.0,346.9101707957343,linear
576,15_epo,21.0,347.4440672878836,linear
577,15_epo,22.0,347.97796378003295,linear
578,15_epo,23.0,348.5118602721823,linear
579,15_epo,24.0,349.0457567643316,linear
580,15_epo,25.0,349.57965325648087,linear
581,15_epo,26.0,350.11354974863025,linear
582,15_epo,27.0,350.6474462407795,linear
583,15_epo,28.000000000000004,351.1813427329289,linear
584,15_epo,28.999999999999996,351.71523922507816,linear
585,15_epo,30.0,352.2491357172275,linear
586,15_epo,31.0,352.78303220937687,linear
587,15_epo,32.0,353.31692870152614,linear
588,15_epo,33.0,353.85082519367546,linear
589,15_epo,34.0,354.3847216858248,linear
590,15_epo,35.0,354.9186181779741,linear
591,15_epo,36.0,355.4525146701234,linear
592,15_epo,37.0,355.98641116227276,linear
593,15_epo,38.0,356.520307654422,linear
594,15_epo,39.0,357.05420414657135,linear
595,15_epo,40.0,357.58810063872073,linear
596,15_epo,41.0,358.12199713087,linear
597,15_epo,42.0,358.6558936230193,linear
598,15_epo,43.0,359.18979011516865,linear
599,15_epo,44.0,359.723686607318,linear
600,15_epo,45.0,360.25758309946724,linear
601,15_epo,46.0,360.7914795916166,linear
602,15_epo,47.0,361.3253760837659,linear
603,15_epo,48.0,361.8592725759152,linear
604,15_epo,49.0,362.3931690680646,linear
605,15_epo,50.0,362.92706556021386,linear
606,15_epo,51.0,363.4609620523632,linear
607,15_epo,52.0,363.9948585445125,linear
608,15_epo,53.0,364.52875503666183,linear
609,15_epo,54.0,365.0626515288111,linear
610,15_epo,55.00000000000001,365.5965480209605,linear
611,15_epo,56.00000000000001,366.13044451310975,linear
612,15_epo,56.99999999999999,366.6643410052591,linear
613,15_epo,57.99999999999999,367.19823749740846,linear
614,15_epo,59.0,367.7321339895577,linear
615,15_epo,60.0,368.26603048170705,linear
616,15_epo,61.0,368.7999269738564,linear
617,15_epo,62.0,369.3338234660057,linear
618,15_epo,63.0,369.86771995815496,linear
619,15_epo,64.0,370.40161645030435,linear
620,15_epo,65.0,370.9355129424536,linear
621,15_epo,66.0,371.46940943460294,linear
622,15_epo,67.0,372.0033059267523,linear
623,15_epo,68.0,372.5372024189016,linear
624,15_epo,69.0,373.0710989110509,linear
625,15_epo,70.0,373.60499540320023,linear
626,15_epo,71.0,374.13889189534956,linear
627,15_epo,72.0,374.6727883874988,linear
628,15_epo,73.0,375.2066848796482,linear
629,15_epo,74.0,375.7405813717975,linear
630,15_epo,75.0,376.27447786394686,linear
631,15_epo,76.0,376.8083743560962,linear
632,15_epo,77.0,377.34227084824545,linear
633,15_epo,78.0,377.8761673403948,linear
634,15_epo,79.0,378.4100638325441,linear
635,15_epo,80.0,378.9439603246934,linear
636,15_epo,81.0,379.47785681684275,linear
637,15_epo,82.0,380.01175330899207,linear
638,15_epo,83.0,380.54564980114134,linear
639,15_epo,84.0,381.07954629329066,linear
640,15_epo,85.0,381.61344278544004,linear
641,15_epo,86.0,382.1473392775893,linear
642,15_epo,87.0,382.6812357697387,linear
643,15_epo,88.0,383.21513226188796,linear
644,15_epo,89.0,383.7490287540373,linear
645,15_epo,90.0,384.2829252461866,linear
646,15_epo,91.0,384.81682173833593,linear
647,15_epo,92.0,385.3507182304852,linear
648,15_epo,93.0,385.8846147226346,linear
649,15_epo,94.0,386.4185112147839,linear
650,15_epo,95.0,386.9524077069332,linear
651,16_epo,3.0,197.92890688732166,linear
652,16_epo,4.0,198.0133856710548,linear
653,16_epo,5.0,198.09786445478795,linear
654,16_epo,6.0,198.18234323852107,linear
655,16_epo,7.000000000000001,198.26682202225425,linear
656,16_epo,8.0,198.35130080598736,linear
657,16_epo,9.0,198.43577958972054,linear
658,16_epo,10.0,198.52025837345366,linear
659,16_epo,11.0,198.6047371571868,linear
660,16_epo,12.0,198.68921594091995,linear
661,16_epo,13.0,198.7736947246531,linear
662,16_epo,14.000000000000002,198.85817350838624,linear
663,16_epo,15.0,198.9426522921194,linear
664,16_epo,16.0,199.0271310758525,linear
665,16_epo,17.0,199.11160985958568,linear
666,16_epo,18.0,199.1960886433188,linear
667,16_epo,19.0,199.28056742705198,linear
668,16_epo,20.0,199.3650462107851,linear
669,16_epo,21.0,199.44952499451824,linear
670,16_epo,22.0,199.5340037782514,linear
671,16_epo,23.0,199.61848256198454,linear
672,16_epo,24.0,199.70296134571768,linear
673,16_epo,25.0,199.78744012945083,linear
674,16_epo,26.0,199.87191891318395,linear
675,16_epo,27.0,199.95639769691712,linear
676,16_epo,28.000000000000004,200.04087648065024,linear
677,16_epo,28.999999999999996,200.12535526438342,linear
678,16_epo,30.0,200.20983404811653,linear
679,16_epo,31.0,200.29431283184968,linear
680,16_epo,32.0,200.37879161558283,linear
681,16_epo,33.0,200.46327039931597,linear
682,16_epo,34.0,200.54774918304912,linear
683,16_epo,35.0,200.63222796678227,linear
684,16_epo,36.0,200.71670675051539,linear
685,16_epo,37.0,200.80118553424856,linear
686,16_epo,38.0,200.88566431798168,linear
687,16_epo,39.0,200.97014310171485,linear
688,16_epo,40.0,201.05462188544797,linear
689,16_epo,41.0,201.13910066918112,linear
690,16_epo,42.0,201.22357945291427,linear
691,16_epo,43.0,201.3080582366474,linear
692,16_epo,44.0,201.39253702038056,linear
693,16_epo,45.0,201.4770158041137,linear
694,16_epo,46.0,201.56149458784682,linear
695,16_epo,47.0,201.64597337158,linear
696,16_epo,48.0,201.73045215531312,linear
697,16_epo,49.0,201.8149309390463,linear
698,16_epo,50.0,201.8994097227794,linear
699,16_epo,51.0,201.98388850651256,linear
700,16_epo,52.0,202.0683672902457,linear
701,16_epo,53.0,202.15284607397885,linear
702,16_epo,54.0,202.237324857712,linear
703,16_epo,55.00000000000001,202.32180364144514,linear
704,16_epo,56.00000000000001,202.40628242517826,linear
705,16_epo,56.99999999999999,202.49076120891144,linear
706,16_epo,57.99999999999999,202.57523999264455,linear
707,16_epo,59.0,202.65971877637773,linear
708,16_epo,60.0,202.74419756011085,linear
709,16_epo,61.0,202.828676343844,linear
710,16_epo,62.0,202.91315512757714,linear
711,16_epo,63.0,202.9976339113103,linear
712,16_epo,64.0,203.08211269504343,linear
713,16_epo,65.0,203.16659147877658,linear
714,16_epo,66.0,203.25107026250973,linear
715,16_epo,67.0,203.33554904624287,linear
716,16_epo,68.0,203.42002782997602,linear
717,16_epo,69.0,203.50450661370917,linear
718,16_epo,70.0,203.58898539744231,linear
719,16_epo,71.0,203.67346418117543,linear
720,16_epo,72.0,203.7579429649086,linear
721,16_epo,73.0,203.84242174864173,linear
722,16_epo,74.0,203.9269005323749,linear
723,16_epo,75.0,204.01137931610802,linear
724,16_epo,76.0,204.09585809984117,linear
725,16_epo,77.0,204.1803368835743,linear
726,16_epo,78.0,204.26481566730746,linear
727,16_epo,79.0,204.3492944510406,linear
728,16_epo,80.0,204.43377323477375,linear
729,16_epo,81.0,204.51825201850687,linear
730,16_epo,82.0,204.60273080224005,linear
731,16_epo,83.0,204.68720958597316,linear
732,16_epo,84.0,204.77168836970634,linear
733,16_epo,85.0,204.85616715343946,linear
734,16_epo,86.0,204.9406459371726,linear
735,16_epo,87.0,205.02512472090575,linear
736,16_epo,88.0,205.1096035046389,linear
737,16_epo,89.0,205.19408228837204,linear
738,16_epo,90.0,205.2785610721052,linear
739,16_epo,91.0,205.3630398558383,linear
740,16_epo,92.0,205.44751863957148,linear
741,16_epo,93.0,205.5319974233046,linear
742,16_epo,94.0,205.61647620703778,linear
743,16_epo,95.0,205.7009549907709,linear
744,17_epo,3.0,460.48766429575795,linear
745,17_epo,4.0,463.2015637114052,linear
746,17_epo,5.0,465.91546312705253,linear
747,17_epo,6.0,468.6293625426998,linear
748,17_epo,7.000000000000001,471.34326195834706,linear
749,17_epo,8.0,474.0571613739944,linear
750,17_epo,9.0,476.77106078964164,linear
751,17_epo,10.0,479.484960205289,linear
752,17_epo,11.0,482.1988596209362,linear
753,17_epo,12.0,484.91275903658357,linear
754,17_epo,13.0,487.62665845223086,linear
755,17_epo,14.000000000000002,490.3405578678781,linear
756,17_epo,15.0,493.05445728352544,linear
757,17_epo,16.0,495.76835669917267,linear
758,17_epo,17.0,498.48225611482,linear
759,17_epo,18.0,501.19615553046725,linear
760,17_epo,19.0,503.91005494611466,linear
761,17_epo,20.0,506.6239543617619,linear
762,17_epo,21.0,509.3378537774091,linear
763,17_epo,22.0,512.0517531930564,linear
764,17_epo,23.0,514.7656526087038,linear
765,17_epo,24.0,517.479552024351,linear
766,17_epo,25.0,520.1934514399983,linear
767,17_epo,26.0,522.9073508556456,linear
768,17_epo,27.0,525.6212502712929,linear
769,17_epo,28.000000000000004,528.3351496869402,linear
770,17_epo,28.999999999999996,531.0490491025874,linear
771,17_epo,30.0,533.7629485182348,linear
772,17_epo,31.0,536.476847933882,linear
773,17_epo,32.0,539.1907473495294,linear
774,17_epo,33.0,541.9046467651767,linear
775,17_epo,34.0,544.618546180824,linear
776,17_epo,35.0,547.3324455964712,linear
777,17_epo,36.0,550.0463450121184,linear
778,17_epo,37.0,552.7602444277659,linear
779,17_epo,38.0,555.4741438434131,linear
780,17_epo,39.0,558.1880432590604,linear
781,17_epo,40.0,560.9019426747077,linear
782,17_epo,41.0,563.6158420903549,linear
783,17_epo,42.0,566.3297415060023,linear
784,17_epo,43.0,569.0436409216495,linear
785,17_epo,44.0,571.7575403372969,linear
786,17_epo,45.0,574.4714397529441,linear
787,17_epo,46.0,577.1853391685913,linear
788,17_epo,47.0,579.8992385842388,linear
789,17_epo,48.0,582.613137999886,linear
790,17_epo,49.0,585.3270374155333,linear
791,17_epo,50.0,588.0409368311805,linear
792,17_epo,51.0,590.754836246828,linear
793,17_epo,52.0,593.4687356624752,linear
794,17_epo,53.0,596.1826350781225,linear
795,17_epo,54.0,598.8965344937698,linear
796,17_epo,55.00000000000001,601.610433909417,linear
797,17_epo,56.00000000000001,604.3243333250643,linear
798,17_epo,56.99999999999999,607.0382327407116,linear
799,17_epo,57.99999999999999,609.7521321563589,linear
800,17_epo,59.0,612.4660315720062,linear
801,17_epo,60.0,615.1799309876534,linear
802,17_epo,61.0,617.8938304033009,linear
803,17_epo,62.0,620.6077298189481,linear
804,17_epo,63.0,623.3216292345953,linear
805,17_epo,64.0,626.0355286502426,linear
806,17_epo,65.0,628.74942806589,linear
807,17_epo,66.0,631.4633274815372,linear
808,17_epo,67.0,634.1772268971846,linear
809,17_epo,68.0,636.8911263128318,linear
810,17_epo,69.0,639.6050257284791,linear
811,17_epo,70.0,642.3189251441264,linear
812,17_epo,71.0,645.0328245597736,linear
813,17_epo,72.0,647.746723975421,linear
814,17_epo,73.0,650.4606233910682,linear
815,17_epo,74.0,653.1745228067156,linear
816,17_epo,75.0,655.8884222223629,linear
817,17_epo,76.0,658.6023216380102,linear
818,17_epo,77.0,661.3162210536574,linear
819,17_epo,78.0,664.0301204693047,linear
820,17_epo,79.0,666.744019884952,linear
821,17_epo,80.0,669.4579193005993,linear
822,17_epo,81.0,672.1718187162467,linear
823,17_epo,82.0,674.8857181318939,linear
824,17_epo,83.0,677.5996175475411,linear
825,17_epo,84.0,680.3135169631885,linear
826,17_epo,85.0,683.0274163788357,linear
827,17_epo,86.0,685.7413157944831,linear
828,17_epo,87.0,688.4552152101303,linear
829,17_epo,88.0,691.1691146257776,linear
830,17_epo,89.0,693.883014041425,linear
831,17_epo,90.0,696.5969134570722,linear
832,17_epo,91.0,699.3108128727195,linear
833,17_epo,92.0,702.0247122883668,linear
834,17_epo,93.0,704.738611704014,linear
835,17_epo,94.0,707.4525111196614,linear
836,17_epo,95.0,710.1664105353087,linear
837,18_epo,3.0,226.25402625496403,linear
838,18_epo,4.0,225.97686781936466,linear
839,18_epo,5.0,225.6997093837653,linear
840,18_epo,6.0,225.42255094816593,linear
841,18_epo,7.000000000000001,225.14539251256656,linear
842,18_epo,8.0,224.8682340769672,linear
843,18_epo,9.0,224.59107564136784,linear
844,18_epo,10.0,224.3139172057685,linear
845,18_epo,11.0,224.03675877016911,linear
846,18_epo,12.0,223.75960033456977,linear
847,18_epo,13.0,223.4824418989704,linear
848,18_epo,14.000000000000002,223.20528346337105,linear
849,18_epo,15.0,222.92812502777167,linear
850,18_epo,16.0,222.65096659217232,linear
851,18_epo,17.0,222.37380815657295,linear
852,18_epo,18.0,222.0966497209736,linear
853,18_epo,19.0,221.81949128537423,linear
854,18_epo,20.0,221.54233284977488,linear
855,18_epo,21.0,221.2651744141755,linear
856,18_epo,22.0,220.98801597857616,linear
857,18_epo,23.0,220.71085754297678,linear
858,18_epo,24.0,220.43369910737744,linear
859,18_epo,25.0,220.1565406717781,linear
860,18_epo,26.0,219.8793822361787,linear
861,18_epo,27.0,219.60222380057937,linear
862,18_epo,28.000000000000004,219.32506536498,linear
863,18_epo,28.999999999999996,219.04790692938064,linear
864,18_epo,30.0,218.77074849378127,linear
865,18_epo,31.0,218.49359005818192,linear
866,18_epo,32.0,218.21643162258255,linear
867,18_epo,33.0,217.9392731869832,linear
868,18_epo,34.0,217.66211475138383,linear
869,18_epo,35.0,217.38495631578448,linear
870,18_epo,36.0,217.1077978801851,linear
871,18_epo,37.0,216.83063944458576,linear
872,18_epo,38.0,216.55348100898638,linear
873,18_epo,39.0,216.27632257338703,linear
874,18_epo,40.0,215.99916413778766,linear
875,18_epo,41.0,215.7220057021883,linear
876,18_epo,42.0,215.44484726658894,linear
877,18_epo,43.0,215.1676888309896,linear
878,18_epo,44.0,214.89053039539021,linear
879,18_epo,45.0,214.61337195979087,linear
880,18_epo,46.0,214.3362135241915,linear
881,18_epo,47.0,214.05905508859212,linear
882,18_epo,48.0,213.78189665299277,linear
883,18_epo,49.0,213.5047382173934,linear
884,18_epo,50.0,213.22757978179405,linear
885,18_epo,51.0,212.95042134619467,linear
886,18_epo,52.0,212.67326291059533,linear
887,18_epo,53.0,212.39610447499595,linear
888,18_epo,54.0,212.1189460393966,linear
889,18_epo,55.00000000000001,211.84178760379723,linear
890,18_epo,56.00000000000001,211.56462916819788,linear
891,18_epo,56.99999999999999,211.2874707325985,linear
892,18_epo,57.99999999999999,211.01031229699916,linear
893,18_epo,59.0,210.73315386139979,linear
894,18_epo,60.0,210.45599542580044,linear
895,18_epo,61.0,210.17883699020106,linear
896,18_epo,62.0,209.90167855460172,linear
897,18_epo,63.0,209.62452011900234,linear
898,18_epo,64.0,209.347361683403,linear
899,18_epo,65.0,209.07020324780362,linear
900,18_epo,66.0,208.79304481220427,linear
901,18_epo,67.0,208.5158863766049,linear
902,18_epo,68.0,208.23872794100555,linear
903,18_epo,69.0,207.96156950540617,linear
904,18_epo,70.0,207.68441106980683,linear
905,18_epo,71.0,207.40725263420745,linear
906,18_epo,72.0,207.1300941986081,linear
907,18_epo,73.0,206.85293576300873,linear
908,18_epo,74.0,206.57577732740938,linear
909,18_epo,75.0,206.29861889181,linear
910,18_epo,76.0,206.02146045621066,linear
911,18_epo,77.0,205.7443020206113,linear
912,18_epo,78.0,205.46714358501194,linear
913,18_epo,79.0,205.18998514941256,linear
914,18_epo,80.0,204.91282671381322,linear
915,18_epo,81.0,204.63566827821387,linear
916,18_epo,82.0,204.3585098426145,linear
917,18_epo,83.0,204.08135140701515,linear
918,18_epo,84.0,203.80419297141577,linear
919,18_epo,85.0,203.52703453581643,linear
920,18_epo,86.0,203.24987610021705,linear
921,18_epo,87.0,202.9727176646177,linear
922,18_epo,88.0,202.69555922901833,linear
923,18_epo,89.0,202.41840079341895,linear
924,18_epo,90.0,202.1412423578196,linear
925,18_epo,91.0,201.86408392222023,linear
926,18_epo,92.0,201.58692548662088,linear
927,18_epo,93.0,201.3097670510215,linear
928,18_epo,94.0,201.03260861542216,linear
929,18_epo,95.0,200.7554501798228,linear
930,19_epo,3.0,241.42698564598834,linear
931,19_epo,4.0,240.98886516070428,linear
932,19_epo,5.0,240.5507446754202,linear
933,19_epo,6.0,240.11262419013616,linear
934,19_epo,7.000000000000001,239.67450370485207,linear
935,19_epo,8.0,239.23638321956804,linear
936,19_epo,9.0,238.79826273428395,linear
937,19_epo,10.0,238.3601422489999,linear
938,19_epo,11.0,237.92202176371583,linear
939,19_epo,12.0,237.48390127843174,linear
940,19_epo,13.0,237.04578079314769,linear
941,19_epo,14.000000000000002,236.60766030786363,linear
942,19_epo,15.0,236.16953982257957,linear
943,19_epo,16.0,235.7314193372955,linear
944,19_epo,17.0,235.29329885201145,linear
945,19_epo,18.0,234.85517836672736,linear
946,19_epo,19.0,234.41705788144333,linear
947,19_epo,20.0,233.97893739615924,linear
948,19_epo,21.0,233.54081691087518,linear
949,19_epo,22.0,233.10269642559112,linear
950,19_epo,23.0,232.66457594030703,linear
951,19_epo,24.0,232.226455455023,linear
952,19_epo,25.0,231.7883349697389,linear
953,19_epo,26.0,231.35021448445485,linear
954,19_epo,27.0,230.9120939991708,linear
955,19_epo,28.000000000000004,230.47397351388673,linear
956,19_epo,28.999999999999996,230.03585302860267,linear
957,19_epo,30.0,229.5977325433186,linear
958,19_epo,31.0,229.15961205803453,linear
959,19_epo,32.0,228.7214915727505,linear
960,19_epo,33.0,228.2833710874664,linear
961,19_epo,34.0,227.84525060218232,linear
962,19_epo,35.0,227.4071301168983,linear
963,19_epo,36.0,226.9690096316142,linear
964,19_epo,37.0,226.53088914633017,linear
965,19_epo,38.0,226.09276866104608,linear
966,19_epo,39.0,225.65464817576202,linear
967,19_epo,40.0,225.21652769047796,linear
968,19_epo,41.0,224.7784072051939,linear
969,19_epo,42.0,224.3402867199098,linear
970,19_epo,43.0,223.90216623462578,linear
971,19_epo,44.0,223.4640457493417,linear
972,19_epo,45.0,223.02592526405763,linear
973,19_epo,46.0,222.58780477877357,linear
974,19_epo,47.0,222.14968429348949,linear
975,19_epo,48.0,221.71156380820545,linear
976,19_epo,49.0,221.27344332292137,linear
977,19_epo,50.0,220.83532283763734,linear
978,19_epo,51.0,220.39720235235325,linear
979,19_epo,52.0,219.9590818670692,linear
980,19_epo,53.0,219.52096138178513,linear
981,19_epo,54.0,219.08284089650104,linear
982,19_epo,55.00000000000001,218.64472041121698,linear
983,19_epo,56.00000000000001,218.20659992593292,linear
984,19_epo,56.99999999999999,217.76847944064886,linear
985,19_epo,57.99999999999999,217.3303589553648,linear
986,19_epo,59.0,216.89223847008074,linear
987,19_epo,60.0,216.45411798479665,linear
988,19_epo,61.0,216.01599749951262,linear
989,19_epo,62.0,215.57787701422853,linear
990,19_epo,63.0,215.13975652894447,linear
991,19_epo,64.0,214.70163604366041,linear
992,19_epo,65.0,214.26351555837635,linear
993,19_epo,66.0,213.8253950730923,linear
994,19_epo,67.0,213.3872745878082,linear
995,19_epo,68.0,212.94915410252415,linear
996,19_epo,69.0,212.51103361724012,linear
997,19_epo,70.0,212.07291313195603,linear
998,19_epo,71.0,211.63479264667194,linear
999,19_epo,72.0,211.1966721613879,linear
1000,19_epo,73.0,210.75855167610382,linear
1001,19_epo,74.0,210.3204311908198,linear
1002,19_epo,75.0,209.8823107055357,linear
1003,19_epo,76.0,209.4441902202516,linear
1004,19_epo,77.0,209.00606973496758,linear
1005,19_epo,78.0,208.56794924968352,linear
1006,19_epo,79.0,208.12982876439946,linear
1007,19_epo,80.0,207.69170827911537,linear
1008,19_epo,81.0,207.25358779383131,linear
1009,19_epo,82.0,206.81546730854728,linear
1010,19_epo,83.0,206.3773468232632,linear
1011,19_epo,84.0,205.9392263379791,linear
1012,19_epo,85.0,205.50110585269508,linear
1013,19_epo,86.0,205.062985367411,linear
1014,19_epo,87.0,204.62486488212696,linear
1015,19_epo,88.0,204.18674439684287,linear
1016,19_epo,89.0,203.74862391155878,linear
1017,19_epo,90.0,203.31050342627475,linear
1018,19_epo,91.0,202.87238294099066,linear
1019,19_epo,92.0,202.4342624557066,linear
1020,19_epo,93.0,201.99614197042254,linear
1021,19_epo,94.0,201.55802148513848,linear
1022,19_epo,95.0,201.11990099985442,linear
1023,1_epo,3.0,207.98026916306424,linear
1024,1_epo,4.0,208.73589099113252,linear
1025,1_epo,5.0,209.49151281920078,linear
1026,1_epo,6.0,210.24713464726906,linear
1027,1_epo,7.000000000000001,211.00275647533735,linear
1028,1_epo,8.0,211.75837830340564,linear
1029,1_epo,9.0,212.51400013147392,linear
1030,1_epo,10.0,213.26962195954218,linear
1031,1_epo,11.0,214.0252437876105,linear
1032,1_epo,12.0,214.78086561567878,linear
1033,1_epo,13.0,215.53648744374703,linear
1034,1_epo,14.000000000000002,216.29210927181532,linear
1035,1_epo,15.0,217.04773109988363,linear
1036,1_epo,16.0,217.8033529279519,linear
1037,1_epo,17.0,218.55897475602018,linear
1038,1_epo,18.0,219.31459658408846,linear
1039,1_epo,19.0,220.07021841215675,linear
1040,1_epo,20.0,220.82584024022503,linear
1041,1_epo,21.0,221.5814620682933,linear
1042,1_epo,22.0,222.33708389636158,linear
1043,1_epo,23.0,223.0927057244299,linear
1044,1_epo,24.0,223.84832755249815,linear
1045,1_epo,25.0,224.60394938056643,linear
1046,1_epo,26.0,225.35957120863472,linear
1047,1_epo,27.0,226.115193036703,linear
1048,1_epo,28.000000000000004,226.8708148647713,linear
1049,1_epo,28.999999999999996,227.62643669283955,linear
1050,1_epo,30.0,228.38205852090783,linear
1051,1_epo,31.0,229.13768034897615,linear
1052,1_epo,32.0,229.8933021770444,linear
1053,1_epo,33.0,230.6489240051127,linear
1054,1_epo,34.0,231.40454583318098,linear
1055,1_epo,35.0,232.16016766124926,linear
1056,1_epo,36.0,232.91578948931755,linear
1057,1_epo,37.0,233.67141131738583,linear
1058,1_epo,38.0,234.4270331454541,linear
1059,1_epo,39.0,235.1826549735224,linear
1060,1_epo,40.0,235.9382768015907,linear
1061,1_epo,41.0,236.69389862965895,linear
1062,1_epo,42.0,237.44952045772723,linear
1063,1_epo,43.0,238.20514228579555,linear
1064,1_epo,44.0,238.9607641138638,linear
1065,1_epo,45.0,239.7163859419321,linear
1066,1_epo,46.0,240.47200777000037,linear
1067,1_epo,47.0,241.22762959806866,linear
1068,1_epo,48.0,241.98325142613695,linear
1069,1_epo,49.0,242.7388732542052,linear
1070,1_epo,50.0,243.4944950822735,linear
1071,1_epo,51.0,244.2501169103418,linear
1072,1_epo,52.0,245.00573873841006,linear
1073,1_epo,53.0,245.76136056647834,linear
1074,1_epo,54.0,246.51698239454663,linear
1075,1_epo,55.00000000000001,247.27260422261492,linear
1076,1_epo,56.00000000000001,248.0282260506832,linear
1077,1_epo,56.99999999999999,248.78384787875146,linear
1078,1_epo,57.99999999999999,249.53946970681974,linear
1079,1_epo,59.0,250.29509153488806,linear
1080,1_epo,60.0,251.05071336295632,linear
1081,1_epo,61.0,251.80633519102457,linear
1082,1_epo,62.0,252.5619570190929,linear
1083,1_epo,63.0,253.31757884716117,linear
1084,1_epo,64.0,254.07320067522943,linear
1085,1_epo,65.0,254.82882250329774,linear
1086,1_epo,66.0,255.584444331366,linear
1087,1_epo,67.0,256.3400661594343,linear
1088,1_epo,68.0,257.0956879875026,linear
1089,1_epo,69.0,257.85130981557086,linear
1090,1_epo,70.0,258.60693164363914,linear
1091,1_epo,71.0,259.36255347170743,linear
1092,1_epo,72.0,260.1181752997757,linear
1093,1_epo,73.0,260.873797127844,linear
1094,1_epo,74.0,261.6294189559123,linear
1095,1_epo,75.0,262.38504078398057,linear
1096,1_epo,76.0,263.1406626120488,linear
1097,1_epo,77.0,263.89628444011714,linear
1098,1_epo,78.0,264.6519062681854,linear
1099,1_epo,79.0,265.40752809625366,linear
1100,1_epo,80.0,266.163149924322,linear
1101,1_epo,81.0,266.9187717523903,linear
1102,1_epo,82.0,267.6743935804585,linear
1103,1_epo,83.0,268.43001540852686,linear
1104,1_epo,84.0,269.1856372365951,linear
1105,1_epo,85.0,269.94125906466337,linear
1106,1_epo,86.0,270.6968808927317,linear
1107,1_epo,87.0,271.45250272079994,linear
1108,1_epo,88.0,272.2081245488682,linear
1109,1_epo,89.0,272.96374637693657,linear
1110,1_epo,90.0,273.7193682050048,linear
1111,1_epo,91.0,274.4749900330731,linear
1112,1_epo,92.0,275.23061186114137,linear
1113,1_epo,93.0,275.98623368920966,linear
1114,1_epo,94.0,276.74185551727794,linear
1115,1_epo,95.0,277.49747734534617,linear
1116,20_epo,3.0,192.8156379756629,linear
1117,20_epo,4.0,193.3608073367193,linear
1118,20_epo,5.0,193.90597669777566,linear
1119,20_epo,6.0,194.45114605883202,linear
1120,20_epo,7.000000000000001,194.99631541988842,linear
1121,20_epo,8.0,195.54148478094476,linear
1122,20_epo,9.0,196.08665414200115,linear
1123,20_epo,10.0,196.63182350305752,linear
1124,20_epo,11.0,197.17699286411388,linear
1125,20_epo,12.0,197.72216222517028,linear
1126,20_epo,13.0,198.26733158622665,linear
1127,20_epo,14.000000000000002,198.81250094728304,linear
1128,20_epo,15.0,199.3576703083394,linear
1129,20_epo,16.0,199.90283966939575,linear
1130,20_epo,17.0,200.44800903045214,linear
1131,20_epo,18.0,200.9931783915085,linear
1132,20_epo,19.0,201.5383477525649,linear
1133,20_epo,20.0,202.08351711362127,linear
1134,20_epo,21.0,202.62868647467764,linear
1135,20_epo,22.0,203.17385583573403,linear
1136,20_epo,23.0,203.7190251967904,linear
1137,20_epo,24.0,204.2641945578468,linear
1138,20_epo,25.0,204.80936391890313,linear
1139,20_epo,26.0,205.3545332799595,linear
1140,20_epo,27.0,205.8997026410159,linear
1141,20_epo,28.000000000000004,206.44487200207226,linear
1142,20_epo,28.999999999999996,206.99004136312865,linear
1143,20_epo,30.0,207.53521072418502,linear
1144,20_epo,31.0,208.0803800852414,linear
1145,20_epo,32.0,208.62554944629778,linear
1146,20_epo,33.0,209.17071880735412,linear
1147,20_epo,34.0,209.71588816841052,linear
1148,20_epo,35.0,210.26105752946688,linear
1149,20_epo,36.0,210.80622689052325,linear
1150,20_epo,37.0,211.35139625157964,linear
1151,20_epo,38.0,211.896565612636,linear
1152,20_epo,39.0,212.4417349736924,linear
1153,20_epo,40.0,212.98690433474877,linear
1154,20_epo,41.0,213.53207369580514,linear
1155,20_epo,42.0,214.0772430568615,linear
1156,20_epo,43.0,214.62241241791787,linear
1157,20_epo,44.0,215.16758177897427,linear
1158,20_epo,45.0,215.71275114003063,linear
1159,20_epo,46.0,216.257920501087,linear
1160,20_epo,47.0,216.8030898621434,linear
1161,20_epo,48.0,217.34825922319976,linear
1162,20_epo,49.0,217.89342858425616,linear
1163,20_epo,50.0,218.4385979453125,linear
1164,20_epo,51.0,218.98376730636886,linear
1165,20_epo,52.0,219.52893666742526,linear
1166,20_epo,53.0,220.07410602848162,linear
1167,20_epo,54.0,220.61927538953802,linear
1168,20_epo,55.00000000000001,221.16444475059438,linear
1169,20_epo,56.00000000000001,221.70961411165075,linear
1170,20_epo,56.99999999999999,222.25478347270715,linear
1171,20_epo,57.99999999999999,222.79995283376348,linear
1172,20_epo,59.0,223.34512219481988,linear
1173,20_epo,60.0,223.89029155587625,linear
1174,20_epo,61.0,224.4354609169326,linear
1175,20_epo,62.0,224.980630277989,linear
1176,20_epo,63.0,225.52579963904537,linear
1177,20_epo,64.0,226.07096900010177,linear
1178,20_epo,65.0,226.61613836115814,linear
1179,20_epo,66.0,227.1613077222145,linear
1180,20_epo,67.0,227.70647708327087,linear
1181,20_epo,68.0,228.25164644432724,linear
1182,20_epo,69.0,228.79681580538363,linear
1183,20_epo,70.0,229.34198516644,linear
1184,20_epo,71.0,229.88715452749636,linear
1185,20_epo,72.0,230.43232388855276,linear
1186,20_epo,73.0,230.97749324960913,linear
1187,20_epo,74.0,231.52266261066552,linear
1188,20_epo,75.0,232.06783197172186,linear
1189,20_epo,76.0,232.61300133277823,linear
1190,20_epo,77.0,233.15817069383462,linear
1191,20_epo,78.0,233.703340054891,linear
1192,20_epo,79.0,234.24850941594738,linear
1193,20_epo,80.0,234.79367877700375,linear
1194,20_epo,81.0,235.33884813806011,linear
1195,20_epo,82.0,235.8840174991165,linear
1196,20_epo,83.0,236.42918686017288,linear
1197,20_epo,84.0,236.97435622122924,linear
1198,20_epo,85.0,237.5195255822856,linear
1199,20_epo,86.0,238.06469494334198,linear
1200,20_epo,87.0,238.60986430439837,linear
1201,20_epo,88.0,239.15503366545474,linear
1202,20_epo,89.0,239.70020302651113,linear
1203,20_epo,90.0,240.2453723875675,linear
1204,20_epo,91.0,240.79054174862387,linear
1205,20_epo,92.0,241.33571110968023,linear
1206,20_epo,93.0,241.8808804707366,linear
1207,20_epo,94.0,242.426049831793,linear
1208,20_epo,95.0,242.97121919284936,linear
1209,21_epo,3.0,182.1468161027928,linear
1210,21_epo,4.0,182.44086407879357,linear
1211,21_epo,5.0,182.73491205479434,linear
1212,21_epo,6.0,183.0289600307951,linear
1213,21_epo,7.000000000000001,183.32300800679587,linear
1214,21_epo,8.0,183.61705598279664,linear
1215,21_epo,9.0,183.9111039587974,linear
1216,21_epo,10.0,184.20515193479818,linear
1217,21_epo,11.0,184.49919991079898,linear
1218,21_epo,12.0,184.79324788679975,linear
1219,21_epo,13.0,185.08729586280054,linear
1220,21_epo,14.000000000000002,185.3813438388013,linear
1221,21_epo,15.0,185.67539181480208,linear
1222,21_epo,16.0,185.96943979080285,linear
1223,21_epo,17.0,186.26348776680362,linear
1224,21_epo,18.0,186.5575357428044,linear
1225,21_epo,19.0,186.85158371880516,linear
1226,21_epo,20.0,187.14563169480593,linear
1227,21_epo,21.0,187.43967967080673,linear
1228,21_epo,22.0,187.7337276468075,linear
1229,21_epo,23.0,188.02777562280826,linear
1230,21_epo,24.0,188.32182359880903,linear
1231,21_epo,25.0,188.6158715748098,linear
1232,21_epo,26.0,188.90991955081057,linear
1233,21_epo,27.0,189.20396752681134,linear
1234,21_epo,28.000000000000004,189.4980155028121,linear
1235,21_epo,28.999999999999996,189.79206347881288,linear
1236,21_epo,30.0,190.08611145481365,linear
1237,21_epo,31.0,190.38015943081444,linear
1238,21_epo,32.0,190.6742074068152,linear
1239,21_epo,33.0,190.96825538281598,linear
1240,21_epo,34.0,191.26230335881675,linear
1241,21_epo,35.0,191.55635133481752,linear
1242,21_epo,36.0,191.8503993108183,linear
1243,21_epo,37.0,192.14444728681906,linear
1244,21_epo,38.0,192.43849526281986,linear
1245,21_epo,39.0,192.73254323882063,linear
1246,21_epo,40.0,193.0265912148214,linear
1247,21_epo,41.0,193.3206391908222,linear
1248,21_epo,42.0,193.61468716682296,linear
1249,21_epo,43.0,193.90873514282373,linear
1250,21_epo,44.0,194.2027831188245,linear
1251,21_epo,45.0,194.49683109482527,linear
1252,21_epo,46.0,194.79087907082604,linear
1253,21_epo,47.0,195.0849270468268,linear
1254,21_epo,48.0,195.37897502282758,linear
1255,21_epo,49.0,195.67302299882834,linear
1256,21_epo,50.0,195.96707097482914,linear
1257,21_epo,51.0,196.2611189508299,linear
1258,21_epo,52.0,196.55516692683068,linear
1259,21_epo,53.0,196.84921490283145,linear
1260,21_epo,54.0,197.14326287883222,linear
1261,21_epo,55.00000000000001,197.437310854833,linear
1262,21_epo,56.00000000000001,197.73135883083376,linear
1263,21_epo,56.99999999999999,198.02540680683452,linear
1264,21_epo,57.99999999999999,198.3194547828353,linear
1265,21_epo,59.0,198.61350275883606,linear
1266,21_epo,60.0,198.90755073483686,linear
1267,21_epo,61.0,199.20159871083763,linear
1268,21_epo,62.0,199.4956466868384,linear
1269,21_epo,63.0,199.7896946628392,linear
1270,21_epo,64.0,200.08374263883996,linear
1271,21_epo,65.0,200.37779061484073,linear
1272,21_epo,66.0,200.6718385908415,linear
1273,21_epo,67.0,200.96588656684227,linear
1274,21_epo,68.0,201.25993454284304,linear
1275,21_epo,69.0,201.5539825188438,linear
1276,21_epo,70.0,201.8480304948446,linear
1277,21_epo,71.0,202.14207847084538,linear
1278,21_epo,72.0,202.43612644684615,linear
1279,21_epo,73.0,202.73017442284691,linear
1280,21_epo,74.0,203.02422239884768,linear
1281,21_epo,75.0,203.31827037484845,linear
1282,21_epo,76.0,203.61231835084922,linear
1283,21_epo,77.0,203.90636632685,linear
1284,21_epo,78.0,204.20041430285076,linear
1285,21_epo,79.0,204.49446227885153,linear
1286,21_epo,80.0,204.78851025485233,linear
1287,21_epo,81.0,205.0825582308531,linear
1288,21_epo,82.0,205.37660620685386,linear
1289,21_epo,83.0,205.67065418285463,linear
1290,21_epo,84.0,205.9647021588554,linear
1291,21_epo,85.0,206.25875013485617,linear
1292,21_epo,86.0,206.55279811085694,linear
1293,21_epo,87.0,206.8468460868577,linear
1294,21_epo,88.0,207.1408940628585,linear
1295,21_epo,89.0,207.43494203885928,linear
1296,21_epo,90.0,207.72899001486007,linear
1297,21_epo,91.0,208.02303799086084,linear
1298,21_epo,92.0,208.3170859668616,linear
1299,21_epo,93.0,208.61113394286238,linear
1300,21_epo,94.0,208.90518191886315,linear
1301,21_epo,95.0,209.19922989486392,linear
1302,22_epo,3.0,251.98888722582373,linear
1303,22_epo,4.0,252.04935801635014,linear
1304,22_epo,5.0,252.10982880687655,linear
1305,22_epo,6.0,252.17029959740296,linear
1306,22_epo,7.000000000000001,252.23077038792928,linear
1307,22_epo,8.0,252.2912411784557,linear
1308,22_epo,9.0,252.3517119689821,linear
1309,22_epo,10.0,252.41218275950848,linear
1310,22_epo,11.0,252.4726535500349,linear
1311,22_epo,12.0,252.53312434056124,linear
1312,22_epo,13.0,252.59359513108765,linear
1313,22_epo,14.000000000000002,252.65406592161403,linear
1314,22_epo,15.0,252.71453671214044,linear
1315,22_epo,16.0,252.7750075026668,linear
1316,22_epo,17.0,252.8354782931932,linear
1317,22_epo,18.0,252.8959490837196,linear
1318,22_epo,19.0,252.956419874246,linear
1319,22_epo,20.0,253.0168906647724,linear
1320,22_epo,21.0,253.07736145529876,linear
1321,22_epo,22.0,253.13783224582514,linear
1322,22_epo,23.0,253.19830303635155,linear
1323,22_epo,24.0,253.25877382687796,linear
1324,22_epo,25.0,253.31924461740428,linear
1325,22_epo,26.0,253.3797154079307,linear
1326,22_epo,27.0,253.4401861984571,linear
1327,22_epo,28.000000000000004,253.5006569889835,linear
1328,22_epo,28.999999999999996,253.5611277795099,linear
1329,22_epo,30.0,253.62159857003624,linear
1330,22_epo,31.0,253.68206936056265,linear
1331,22_epo,32.0,253.74254015108906,linear
1332,22_epo,33.0,253.80301094161544,linear
1333,22_epo,34.0,253.86348173214185,linear
1334,22_epo,35.0,253.9239525226682,linear
1335,22_epo,36.0,253.98442331319458,linear
1336,22_epo,37.0,254.044894103721,linear
1337,22_epo,38.0,254.1053648942474,linear
1338,22_epo,39.0,254.16583568477375,linear
1339,22_epo,40.0,254.22630647530013,linear
1340,22_epo,41.0,254.28677726582654,linear
1341,22_epo,42.0,254.34724805635295,linear
1342,22_epo,43.0,254.40771884687936,linear
1343,22_epo,44.0,254.4681896374057,linear
1344,22_epo,45.0,254.5286604279321,linear
1345,22_epo,46.0,254.5891312184585,linear
1346,22_epo,47.0,254.64960200898489,linear
1347,22_epo,48.0,254.71007279951124,linear
1348,22_epo,49.0,254.77054359003765,linear
1349,22_epo,50.0,254.83101438056406,linear
1350,22_epo,51.0,254.89148517109044,linear
1351,22_epo,52.0,254.95195596161685,linear
1352,22_epo,53.0,255.0124267521432,linear
1353,22_epo,54.0,255.0728975426696,linear
1354,22_epo,55.00000000000001,255.133368333196,linear
1355,22_epo,56.00000000000001,255.1938391237224,linear
1356,22_epo,56.99999999999999,255.25430991424875,linear
1357,22_epo,57.99999999999999,255.31478070477516,linear
1358,22_epo,59.0,255.37525149530154,linear
1359,22_epo,60.0,255.43572228582795,linear
1360,22_epo,61.0,255.49619307635436,linear
1361,22_epo,62.0,255.55666386688068,linear
1362,22_epo,63.0,255.6171346574071,linear
1363,22_epo,64.0,255.6776054479335,linear
1364,22_epo,65.0,255.7380762384599,linear
1365,22_epo,66.0,255.79854702898623,linear
1366,22_epo,67.0,255.85901781951264,linear
1367,22_epo,68.0,255.91948861003905,linear
1368,22_epo,69.0,255.97995940056546,linear
1369,22_epo,70.0,256.04043019109184,linear
1370,22_epo,71.0,256.1009009816182,linear
1371,22_epo,72.0,256.1613717721446,linear
1372,22_epo,73.0,256.221842562671,linear
1373,22_epo,74.0,256.2823133531974,linear
1374,22_epo,75.0,256.3427841437238,linear
1375,22_epo,76.0,256.4032549342501,linear
1376,22_epo,77.0,256.46372572477657,linear
1377,22_epo,78.0,256.52419651530295,linear
1378,22_epo,79.0,256.5846673058293,linear
1379,22_epo,80.0,256.6451380963557,linear
1380,22_epo,81.0,256.7056088868821,linear
1381,22_epo,82.0,256.76607967740847,linear
1382,22_epo,83.0,256.8265504679349,linear
1383,22_epo,84.0,256.8870212584613,linear
1384,22_epo,85.0,256.94749204898767,linear
1385,22_epo,86.0,257.00796283951405,linear
1386,22_epo,87.0,257.06843363004043,linear
1387,22_epo,88.0,257.12890442056687,linear
1388,22_epo,89.0,257.1893752110932,linear
1389,22_epo,90.0,257.2498460016196,linear
1390,22_epo,91.0,257.310316792146,linear
1391,22_epo,92.0,257.3707875826724,linear
1392,22_epo,93.0,257.43125837319883,linear
1393,22_epo,94.0,257.49172916372515,linear
1394,22_epo,95.0,257.55219995425153,linear
1395,23_epo,3.0,222.45145929216594,linear
1396,23_epo,4.0,221.99727048671454,linear
1397,23_epo,5.0,221.54308168126315,linear
1398,23_epo,6.0,221.08889287581175,linear
1399,23_epo,7.000000000000001,220.63470407036036,linear
1400,23_epo,8.0,220.18051526490896,linear
1401,23_epo,9.0,219.72632645945757,linear
1402,23_epo,10.0,219.27213765400617,linear
1403,23_epo,11.0,218.81794884855475,linear
1404,23_epo,12.0,218.36376004310335,linear
1405,23_epo,13.0,217.90957123765196,linear
1406,23_epo,14.000000000000002,217.45538243220057,linear
1407,23_epo,15.0,217.00119362674914,linear
1408,23_epo,16.0,216.54700482129775,linear
1409,23_epo,17.0,216.09281601584635,linear
1410,23_epo,18.0,215.63862721039496,linear
1411,23_epo,19.0,215.18443840494353,linear
1412,23_epo,20.0,214.73024959949214,linear
1413,23_epo,21.0,214.27606079404075,linear
1414,23_epo,22.0,213.82187198858935,linear
1415,23_epo,23.0,213.36768318313793,linear
1416,23_epo,24.0,212.91349437768653,linear
1417,23_epo,25.0,212.45930557223514,linear
1418,23_epo,26.0,212.00511676678374,linear
1419,23_epo,27.0,211.55092796133235,linear
1420,23_epo,28.000000000000004,211.09673915588093,linear
1421,23_epo,28.999999999999996,210.64255035042953,linear
1422,23_epo,30.0,210.18836154497814,linear
1423,23_epo,31.0,209.73417273952674,linear
1424,23_epo,32.0,209.27998393407532,linear
1425,23_epo,33.0,208.82579512862392,linear
1426,23_epo,34.0,208.37160632317253,linear
1427,23_epo,35.0,207.91741751772113,linear
1428,23_epo,36.0,207.4632287122697,linear
1429,23_epo,37.0,207.00903990681832,linear
1430,23_epo,38.0,206.55485110136692,linear
1431,23_epo,39.0,206.10066229591553,linear
1432,23_epo,40.0,205.6464734904641,linear
1433,23_epo,41.0,205.1922846850127,linear
1434,23_epo,42.0,204.7380958795613,linear
1435,23_epo,43.0,204.28390707410992,linear
1436,23_epo,44.0,203.8297182686585,linear
1437,23_epo,45.0,203.3755294632071,linear
1438,23_epo,46.0,202.9213406577557,linear
1439,23_epo,47.0,202.4671518523043,linear
1440,23_epo,48.0,202.0129630468529,linear
1441,23_epo,49.0,201.5587742414015,linear
1442,23_epo,50.0,201.1045854359501,linear
1443,23_epo,51.0,200.6503966304987,linear
1444,23_epo,52.0,200.1962078250473,linear
1445,23_epo,53.0,199.74201901959592,linear
1446,23_epo,54.0,199.28783021414452,linear
1447,23_epo,55.00000000000001,198.83364140869313,linear
1448,23_epo,56.00000000000001,198.3794526032417,linear
1449,23_epo,56.99999999999999,197.9252637977903,linear
1450,23_epo,57.99999999999999,197.4710749923389,linear
1451,23_epo,59.0,197.01688618688752,linear
1452,23_epo,60.0,196.56269738143612,linear
1453,23_epo,61.0,196.1085085759847,linear
1454,23_epo,62.0,195.6543197705333,linear
1455,23_epo,63.0,195.2001309650819,linear
1456,23_epo,64.0,194.74594215963052,linear
1457,23_epo,65.0,194.2917533541791,linear
1458,23_epo,66.0,193.8375645487277,linear
1459,23_epo,67.0,193.3833757432763,linear
1460,23_epo,68.0,192.9291869378249,linear
1461,23_epo,69.0,192.4749981323735,linear
1462,23_epo,70.0,192.0208093269221,linear
1463,23_epo,71.0,191.5666205214707,linear
1464,23_epo,72.0,191.1124317160193,linear
1465,23_epo,73.0,190.65824291056788,linear
1466,23_epo,74.0,190.20405410511648,linear
1467,23_epo,75.0,189.7498652996651,linear
1468,23_epo,76.0,189.2956764942137,linear
1469,23_epo,77.0,188.8414876887623,linear
1470,23_epo,78.0,188.38729888331088,linear
1471,23_epo,79.0,187.93311007785948,linear
1472,23_epo,80.0,187.4789212724081,linear
1473,23_epo,81.0,187.02473246695666,linear
1474,23_epo,82.0,186.57054366150527,linear
1475,23_epo,83.0,186.11635485605387,linear
1476,23_epo,84.0,185.66216605060248,linear
1477,23_epo,85.0,185.20797724515108,linear
1478,23_epo,86.0,184.7537884396997,linear
1479,23_epo,87.0,184.29959963424827,linear
1480,23_epo,88.0,183.84541082879687,linear
1481,23_epo,89.0,183.39122202334545,linear
1482,23_epo,90.0,182.93703321789405,linear
1483,23_epo,91.0,182.48284441244266,linear
1484,23_epo,92.0,182.02865560699126,linear
1485,23_epo,93.0,181.57446680153987,linear
1486,23_epo,94.0,181.12027799608848,linear
1487,23_epo,95.0,180.66608919063705,linear
1488,24_epo,3.0,466.43989620021927,linear
1489,24_epo,4.0,466.75992071626183,linear
1490,24_epo,5.0,467.07994523230434,linear
1491,24_epo,6.0,467.3999697483469,linear
1492,24_epo,7.000000000000001,467.7199942643894,linear
1493,24_epo,8.0,468.0400187804319,linear
1494,24_epo,9.0,468.3600432964745,linear
1495,24_epo,10.0,468.68006781251705,linear
1496,24_epo,11.0,469.0000923285596,linear
1497,24_epo,12.0,469.3201168446021,linear
1498,24_epo,13.0,469.64014136064463,linear
1499,24_epo,14.000000000000002,469.9601658766872,linear
1500,24_epo,15.0,470.2801903927297,linear
1501,24_epo,16.0,470.6002149087723,linear
1502,24_epo,17.0,470.92023942481484,linear
1503,24_epo,18.0,471.2402639408574,linear
1504,24_epo,19.0,471.5602884568999,linear
1505,24_epo,20.0,471.8803129729424,linear
1506,24_epo,21.0,472.200337488985,linear
1507,24_epo,22.0,472.5203620050275,linear
1508,24_epo,23.0,472.84038652107006,linear
1509,24_epo,24.0,473.16041103711257,linear
1510,24_epo,25.0,473.48043555315513,linear
1511,24_epo,26.0,473.8004600691977,linear
1512,24_epo,27.0,474.1204845852402,linear
1513,24_epo,28.000000000000004,474.44050910128277,linear
1514,24_epo,28.999999999999996,474.7605336173253,linear
1515,24_epo,30.0,475.08055813336784,linear
1516,24_epo,31.0,475.40058264941035,linear
1517,24_epo,32.0,475.7206071654529,linear
1518,24_epo,33.0,476.0406316814955,linear
1519,24_epo,34.0,476.360656197538,linear
1520,24_epo,35.0,476.68068071358056,linear
1521,24_epo,36.0,477.00070522962307,linear
1522,24_epo,37.0,477.32072974566563,linear
1523,24_epo,38.0,477.64075426170814,linear
1524,24_epo,39.0,477.96077877775065,linear
1525,24_epo,40.0,478.28080329379327,linear
1526,24_epo,41.0,478.6008278098358,linear
1527,24_epo,42.0,478.92085232587834,linear
1528,24_epo,43.0,479.24087684192085,linear
1529,24_epo,44.0,479.56090135796336,linear
1530,24_epo,45.0,479.8809258740059,linear
1531,24_epo,46.0,480.20095039004843,linear
1532,24_epo,47.0,480.520974906091,linear
1533,24_epo,48.0,480.84099942213356,linear
1534,24_epo,49.0,481.16102393817613,linear
1535,24_epo,50.0,481.48104845421864,linear
1536,24_epo,51.0,481.80107297026115,linear
1537,24_epo,52.0,482.1210974863037,linear
1538,24_epo,53.0,482.4411220023462,linear
1539,24_epo,54.0,482.7611465183888,linear
1540,24_epo,55.00000000000001,483.08117103443135,linear
1541,24_epo,56.00000000000001,483.4011955504739,linear
1542,24_epo,56.99999999999999,483.7212200665164,linear
1543,24_epo,57.99999999999999,484.04124458255893,linear
1544,24_epo,59.0,484.3612690986015,linear
1545,24_epo,60.0,484.681293614644,linear
1546,24_epo,61.0,485.00131813068657,linear
1547,24_epo,62.0,485.3213426467291,linear
1548,24_epo,63.0,485.64136716277164,linear
1549,24_epo,64.0,485.9613916788142,linear
1550,24_epo,65.0,486.2814161948567,linear
1551,24_epo,66.0,486.6014407108993,linear
1552,24_epo,67.0,486.9214652269418,linear
1553,24_epo,68.0,487.24148974298436,linear
1554,24_epo,69.0,487.56151425902686,linear
1555,24_epo,70.0,487.8815387750694,linear
1556,24_epo,71.0,488.201563291112,linear
1557,24_epo,72.0,488.5215878071545,linear
1558,24_epo,73.0,488.84161232319707,linear
1559,24_epo,74.0,489.1616368392396,linear
1560,24_epo,75.0,489.48166135528214,linear
1561,24_epo,76.0,489.80168587132465,linear
1562,24_epo,77.0,490.12171038736716,linear
1563,24_epo,78.0,490.4417349034098,linear
1564,24_epo,79.0,490.7617594194523,linear
1565,24_epo,80.0,491.08178393549485,linear
1566,24_epo,81.0,491.40180845153736,linear
1567,24_epo,82.0,491.72183296757987,linear
1568,24_epo,83.0,492.04185748362244,linear
1569,24_epo,84.0,492.36188199966494,linear
1570,24_epo,85.0,492.6819065157075,linear
1571,24_epo,86.0,493.0019310317501,linear
1572,24_epo,87.0,493.32195554779264,linear
1573,24_epo,88.0,493.64198006383515,linear
1574,24_epo,89.0,493.96200457987766,linear
1575,24_epo,90.0,494.2820290959202,linear
1576,24_epo,91.0,494.60205361196273,linear
1577,24_epo,92.0,494.9220781280053,linear
1578,24_epo,93.0,495.2421026440478,linear
1579,24_epo,94.0,495.56212716009037,linear
1580,24_epo,95.0,495.88215167613293,linear
1581,25_epo,3.0,157.2350881453437,linear
1582,25_epo,4.0,157.47428225724383,linear
1583,25_epo,5.0,157.713476369144,linear
1584,25_epo,6.0,157.95267048104412,linear
1585,25_epo,7.000000000000001,158.19186459294426,linear
1586,25_epo,8.0,158.4310587048444,linear
1587,25_epo,9.0,158.67025281674455,linear
1588,25_epo,10.0,158.90944692864468,linear
1589,25_epo,11.0,159.14864104054482,linear
1590,25_epo,12.0,159.38783515244495,linear
1591,25_epo,13.0,159.6270292643451,linear
1592,25_epo,14.000000000000002,159.86622337624527,linear
1593,25_epo,15.0,160.10541748814538,linear
1594,25_epo,16.0,160.34461160004554,linear
1595,25_epo,17.0,160.58380571194567,linear
1596,25_epo,18.0,160.8229998238458,linear
1597,25_epo,19.0,161.06219393574594,linear
1598,25_epo,20.0,161.3013880476461,linear
1599,25_epo,21.0,161.54058215954623,linear
1600,25_epo,22.0,161.77977627144637,linear
1601,25_epo,23.0,162.0189703833465,linear
1602,25_epo,24.0,162.25816449524666,linear
1603,25_epo,25.0,162.4973586071468,linear
1604,25_epo,26.0,162.73655271904693,linear
1605,25_epo,27.0,162.9757468309471,linear
1606,25_epo,28.000000000000004,163.21494094284722,linear
1607,25_epo,28.999999999999996,163.45413505474738,linear
1608,25_epo,30.0,163.6933291666475,linear
1609,25_epo,31.0,163.93252327854765,linear
1610,25_epo,32.0,164.17171739044778,linear
1611,25_epo,33.0,164.41091150234794,linear
1612,25_epo,34.0,164.65010561424805,linear
1613,25_epo,35.0,164.8892997261482,linear
1614,25_epo,36.0,165.12849383804834,linear
1615,25_epo,37.0,165.3676879499485,linear
1616,25_epo,38.0,165.60688206184864,linear
1617,25_epo,39.0,165.84607617374877,linear
1618,25_epo,40.0,166.08527028564893,linear
1619,25_epo,41.0,166.32446439754906,linear
1620,25_epo,42.0,166.5636585094492,linear
1621,25_epo,43.0,166.80285262134933,linear
1622,25_epo,44.0,167.0420467332495,linear
1623,25_epo,45.0,167.28124084514963,linear
1624,25_epo,46.0,167.52043495704976,linear
1625,25_epo,47.0,167.7596290689499,linear
1626,25_epo,48.0,167.99882318085005,linear
1627,25_epo,49.0,168.2380172927502,linear
1628,25_epo,50.0,168.47721140465032,linear
1629,25_epo,51.0,168.71640551655048,linear
1630,25_epo,52.0,168.9555996284506,linear
1631,25_epo,53.0,169.19479374035078,linear
1632,25_epo,54.0,169.43398785225088,linear
1633,25_epo,55.00000000000001,169.67318196415104,linear
1634,25_epo,56.00000000000001,169.91237607605117,linear
1635,25_epo,56.99999999999999,170.15157018795134,linear
1636,25_epo,57.99999999999999,170.39076429985144,linear
1637,25_epo,59.0,170.6299584117516,linear
1638,25_epo,60.0,170.86915252365174,linear
1639,25_epo,61.0,171.1083466355519,linear
1640,25_epo,62.0,171.347540747452,linear
1641,25_epo,63.0,171.58673485935216,linear
1642,25_epo,64.0,171.82592897125232,linear
1643,25_epo,65.0,172.06512308315246,linear
1644,25_epo,66.0,172.3043171950526,linear
1645,25_epo,67.0,172.54351130695272,linear
1646,25_epo,68.0,172.78270541885288,linear
1647,25_epo,69.0,173.02189953075302,linear
1648,25_epo,70.0,173.26109364265315,linear
1649,25_epo,71.0,173.50028775455328,linear
1650,25_epo,72.0,173.73948186645345,linear
1651,25_epo,73.0,173.97867597835355,linear
1652,25_epo,74.0,174.2178700902537,linear
1653,25_epo,75.0,174.45706420215384,linear
1654,25_epo,76.0,174.696258314054,linear
1655,25_epo,77.0,174.93545242595414,linear
1656,25_epo,78.0,175.17464653785427,linear
1657,25_epo,79.0,175.41384064975443,linear
1658,25_epo,80.0,175.65303476165457,linear
1659,25_epo,81.0,175.8922288735547,linear
1660,25_epo,82.0,176.13142298545483,linear
1661,25_epo,83.0,176.370617097355,linear
1662,25_epo,84.0,176.60981120925513,linear
1663,25_epo,85.0,176.84900532115526,linear
1664,25_epo,86.0,177.0881994330554,linear
1665,25_epo,87.0,177.32739354495556,linear
1666,25_epo,88.0,177.5665876568557,linear
1667,25_epo,89.0,177.80578176875582,linear
1668,25_epo,90.0,178.04497588065598,linear
1669,25_epo,91.0,178.28416999255612,linear
1670,25_epo,92.0,178.52336410445628,linear
1671,25_epo,93.0,178.76255821635638,linear
1672,25_epo,94.0,179.00175232825654,linear
1673,25_epo,95.0,179.24094644015668,linear
1674,2_epo,3.0,202.70785807197575,linear
1675,2_epo,4.0,203.09647178934452,linear
1676,2_epo,5.0,203.48508550671326,linear
1677,2_epo,6.0,203.87369922408206,linear
1678,2_epo,7.000000000000001,204.2623129414508,linear
1679,2_epo,8.0,204.65092665881957,linear
1680,2_epo,9.0,205.0395403761883,linear
1681,2_epo,10.0,205.4281540935571,linear
1682,2_epo,11.0,205.81676781092585,linear
1683,2_epo,12.0,206.20538152829462,linear
1684,2_epo,13.0,206.59399524566342,linear
1685,2_epo,14.000000000000002,206.98260896303216,linear
1686,2_epo,15.0,207.37122268040093,linear
1687,2_epo,16.0,207.75983639776967,linear
1688,2_epo,17.0,208.14845011513847,linear
1689,2_epo,18.0,208.53706383250722,linear
1690,2_epo,19.0,208.92567754987599,linear
1691,2_epo,20.0,209.31429126724476,linear
1692,2_epo,21.0,209.70290498461353,linear
1693,2_epo,22.0,210.0915187019823,linear
1694,2_epo,23.0,210.48013241935104,linear
1695,2_epo,24.0,210.86874613671984,linear
1696,2_epo,25.0,211.25735985408858,linear
1697,2_epo,26.0,211.64597357145735,linear
1698,2_epo,27.0,212.03458728882612,linear
1699,2_epo,28.000000000000004,212.4232010061949,linear
1700,2_epo,28.999999999999996,212.81181472356363,linear
1701,2_epo,30.0,213.2004284409324,linear
1702,2_epo,31.0,213.5890421583012,linear
1703,2_epo,32.0,213.97765587566994,linear
1704,2_epo,33.0,214.3662695930387,linear
1705,2_epo,34.0,214.75488331040748,linear
1706,2_epo,35.0,215.14349702777625,linear
1707,2_epo,36.0,215.532110745145,linear
1708,2_epo,37.0,215.92072446251376,linear
1709,2_epo,38.0,216.30933817988253,linear
1710,2_epo,39.0,216.6979518972513,linear
1711,2_epo,40.0,217.08656561462007,linear
1712,2_epo,41.0,217.4751793319888,linear
1713,2_epo,42.0,217.8637930493576,linear
1714,2_epo,43.0,218.25240676672635,linear
1715,2_epo,44.0,218.64102048409512,linear
1716,2_epo,45.0,219.02963420146386,linear
1717,2_epo,46.0,219.41824791883266,linear
1718,2_epo,47.0,219.8068616362014,linear
1719,2_epo,48.0,220.19547535357017,linear
1720,2_epo,49.0,220.58408907093897,linear
1721,2_epo,50.0,220.9727027883077,linear
1722,2_epo,51.0,221.36131650567648,linear
1723,2_epo,52.0,221.74993022304523,linear
1724,2_epo,53.0,222.13854394041402,linear
1725,2_epo,54.0,222.52715765778277,linear
1726,2_epo,55.00000000000001,222.91577137515154,linear
1727,2_epo,56.00000000000001,223.3043850925203,linear
1728,2_epo,56.99999999999999,223.69299880988908,linear
1729,2_epo,57.99999999999999,224.08161252725785,linear
1730,2_epo,59.0,224.4702262446266,linear
1731,2_epo,60.0,224.8588399619954,linear
1732,2_epo,61.0,225.24745367936413,linear
1733,2_epo,62.0,225.6360673967329,linear
1734,2_epo,63.0,226.02468111410167,linear
1735,2_epo,64.0,226.41329483147044,linear
1736,2_epo,65.0,226.80190854883918,linear
1737,2_epo,66.0,227.19052226620795,linear
1738,2_epo,67.0,227.57913598357675,linear
1739,2_epo,68.0,227.9677497009455,linear
1740,2_epo,69.0,228.35636341831426,linear
1741,2_epo,70.0,228.744977135683,linear
1742,2_epo,71.0,229.1335908530518,linear
1743,2_epo,72.0,229.52220457042054,linear
1744,2_epo,73.0,229.9108182877893,linear
1745,2_epo,74.0,230.29943200515805,linear
1746,2_epo,75.0,230.68804572252685,linear
1747,2_epo,76.0,231.07665943989562,linear
1748,2_epo,77.0,231.46527315726436,linear
1749,2_epo,78.0,231.85388687463316,linear
1750,2_epo,79.0,232.2425005920019,linear
1751,2_epo,80.0,232.63111430937067,linear
1752,2_epo,81.0,233.01972802673941,linear
1753,2_epo,82.0,233.4083417441082,linear
1754,2_epo,83.0,233.79695546147695,linear
1755,2_epo,84.0,234.18556917884572,linear
1756,2_epo,85.0,234.57418289621452,linear
1757,2_epo,86.0,234.96279661358327,linear
1758,2_epo,87.0,235.35141033095204,linear
1759,2_epo,88.0,235.74002404832078,linear
1760,2_epo,89.0,236.12863776568958,linear
1761,2_epo,90.0,236.51725148305832,linear
1762,2_epo,91.0,236.9058652004271,linear
1763,2_epo,92.0,237.29447891779586,linear
1764,2_epo,93.0,237.68309263516463,linear
1765,2_epo,94.0,238.0717063525334,linear
1766,2_epo,95.0,238.46032006990214,linear
1767,3_epo,3.0,313.37898272295763,linear
1768,3_epo,4.0,313.2827751511629,linear
1769,3_epo,5.0,313.1865675793683,linear
1770,3_epo,6.0,313.0903600075736,linear
1771,3_epo,7.000000000000001,312.9941524357789,linear
1772,3_epo,8.0,312.89794486398426,linear
1773,3_epo,9.0,312.8017372921896,linear
1774,3_epo,10.0,312.70552972039496,linear
1775,3_epo,11.0,312.60932214860026,linear
1776,3_epo,12.0,312.5131145768056,linear
1777,3_epo,13.0,312.41690700501096,linear
1778,3_epo,14.000000000000002,312.32069943321625,linear
1779,3_epo,15.0,312.2244918614216,linear
1780,3_epo,16.0,312.1282842896269,linear
1781,3_epo,17.0,312.0320767178323,linear
1782,3_epo,18.0,311.9358691460376,linear
1783,3_epo,19.0,311.83966157424294,linear
1784,3_epo,20.0,311.7434540024483,linear
1785,3_epo,21.0,311.64724643065364,linear
1786,3_epo,22.0,311.55103885885893,linear
1787,3_epo,23.0,311.4548312870642,linear
1788,3_epo,24.0,311.35862371526963,linear
1789,3_epo,25.0,311.2624161434749,linear
1790,3_epo,26.0,311.1662085716803,linear
1791,3_epo,27.0,311.0700009998856,linear
1792,3_epo,28.000000000000004,310.97379342809097,linear
1793,3_epo,28.999999999999996,310.87758585629626,linear
1794,3_epo,30.0,310.7813782845016,linear
1795,3_epo,31.0,310.68517071270696,linear
1796,3_epo,32.0,310.58896314091226,linear
1797,3_epo,33.0,310.4927555691176,linear
1798,3_epo,34.0,310.39654799732295,linear
1799,3_epo,35.0,310.3003404255283,linear
1800,3_epo,36.0,310.2041328537336,linear
1801,3_epo,37.0,310.10792528193895,linear
1802,3_epo,38.0,310.0117177101443,linear
1803,3_epo,39.0,309.9155101383496,linear
1804,3_epo,40.0,309.81930256655494,linear
1805,3_epo,41.0,309.72309499476023,linear
1806,3_epo,42.0,309.62688742296564,linear
1807,3_epo,43.0,309.53067985117093,linear
1808,3_epo,44.0,309.4344722793763,linear
1809,3_epo,45.0,309.33826470758163,linear
1810,3_epo,46.0,309.242057135787,linear
1811,3_epo,47.0,309.1458495639923,linear
1812,3_epo,48.0,309.04964199219756,linear
1813,3_epo,49.0,308.95343442040297,linear
1814,3_epo,50.0,308.85722684860826,linear
1815,3_epo,51.0,308.7610192768136,linear
1816,3_epo,52.0,308.66481170501896,linear
1817,3_epo,53.0,308.5686041332243,linear
1818,3_epo,54.0,308.4723965614296,linear
1819,3_epo,55.00000000000001,308.3761889896349,linear
1820,3_epo,56.00000000000001,308.2799814178403,linear
1821,3_epo,56.99999999999999,308.1837738460456,linear
1822,3_epo,57.99999999999999,308.08756627425095,linear
1823,3_epo,59.0,307.9913587024563,linear
1824,3_epo,60.0,307.89515113066165,linear
1825,3_epo,61.0,307.79894355886694,linear
1826,3_epo,62.0,307.7027359870723,linear
1827,3_epo,63.0,307.60652841527764,linear
1828,3_epo,64.0,307.51032084348293,linear
1829,3_epo,65.0,307.4141132716883,linear
1830,3_epo,66.0,307.3179056998936,linear
1831,3_epo,67.0,307.221698128099,linear
1832,3_epo,68.0,307.12549055630427,linear
1833,3_epo,69.0,307.0292829845096,linear
1834,3_epo,70.0,306.93307541271497,linear
1835,3_epo,71.0,306.83686784092026,linear
1836,3_epo,72.0,306.7406602691256,linear
1837,3_epo,73.0,306.6444526973309,linear
1838,3_epo,74.0,306.5482451255363,linear
1839,3_epo,75.0,306.4520375537416,linear
1840,3_epo,76.0,306.35582998194695,linear
1841,3_epo,77.0,306.2596224101523,linear
1842,3_epo,78.0,306.16341483835765,linear
1843,3_epo,79.0,306.06720726656295,linear
1844,3_epo,80.0,305.97099969476824,linear
1845,3_epo,81.0,305.87479212297364,linear
1846,3_epo,82.0,305.77858455117894,linear
1847,3_epo,83.0,305.6823769793843,linear
1848,3_epo,84.0,305.58616940758964,linear
1849,3_epo,85.0,305.489961835795,linear
1850,3_epo,86.0,305.3937542640003,linear
1851,3_epo,87.0,305.29754669220563,linear
1852,3_epo,88.0,305.201339120411,linear
1853,3_epo,89.0,305.10513154861627,linear
1854,3_epo,90.0,305.0089239768216,linear
1855,3_epo,91.0,304.9127164050269,linear
1856,3_epo,92.0,304.8165088332323,linear
1857,3_epo,93.0,304.7203012614376,linear
1858,3_epo,94.0,304.62409368964296,linear
1859,3_epo,95.0,304.5278861178483,linear
1860,4_epo,3.0,216.02152600365181,linear
1861,4_epo,4.0,216.35665578754524,linear
1862,4_epo,5.0,216.69178557143866,linear
1863,4_epo,6.0,217.02691535533202,linear
1864,4_epo,7.000000000000001,217.36204513922544,linear
1865,4_epo,8.0,217.69717492311887,linear
1866,4_epo,9.0,218.03230470701223,linear
1867,4_epo,10.0,218.36743449090565,linear
1868,4_epo,11.0,218.70256427479907,linear
1869,4_epo,12.0,219.03769405869247,linear
1870,4_epo,13.0,219.37282384258586,linear
1871,4_epo,14.000000000000002,219.70795362647928,linear
1872,4_epo,15.0,220.04308341037267,linear
1873,4_epo,16.0,220.3782131942661,linear
1874,4_epo,17.0,220.7133429781595,linear
1875,4_epo,18.0,221.04847276205288,linear
1876,4_epo,19.0,221.3836025459463,linear
1877,4_epo,20.0,221.7187323298397,linear
1878,4_epo,21.0,222.0538621137331,linear
1879,4_epo,22.0,222.3889918976265,linear
1880,4_epo,23.0,222.72412168151993,linear
1881,4_epo,24.0,223.0592514654133,linear
1882,4_epo,25.0,223.39438124930672,linear
1883,4_epo,26.0,223.72951103320014,linear
1884,4_epo,27.0,224.0646408170935,linear
1885,4_epo,28.000000000000004,224.39977060098693,linear
1886,4_epo,28.999999999999996,224.73490038488035,linear
1887,4_epo,30.0,225.07003016877374,linear
1888,4_epo,31.0,225.40515995266713,linear
1889,4_epo,32.0,225.74028973656056,linear
1890,4_epo,33.0,226.07541952045395,linear
1891,4_epo,34.0,226.41054930434734,linear
1892,4_epo,35.0,226.74567908824076,linear
1893,4_epo,36.0,227.08080887213416,linear
1894,4_epo,37.0,227.41593865602758,linear
1895,4_epo,38.0,227.75106843992097,linear
1896,4_epo,39.0,228.08619822381436,linear
1897,4_epo,40.0,228.42132800770779,linear
1898,4_epo,41.0,228.7564577916012,linear
1899,4_epo,42.0,229.09158757549457,linear
1900,4_epo,43.0,229.426717359388,linear
1901,4_epo,44.0,229.76184714328141,linear
1902,4_epo,45.0,230.09697692717478,linear
1903,4_epo,46.0,230.4321067110682,linear
1904,4_epo,47.0,230.76723649496162,linear
1905,4_epo,48.0,231.102366278855,linear
1906,4_epo,49.0,231.4374960627484,linear
1907,4_epo,50.0,231.77262584664183,linear
1908,4_epo,51.0,232.10775563053522,linear
1909,4_epo,52.0,232.44288541442864,linear
1910,4_epo,53.0,232.77801519832204,linear
1911,4_epo,54.0,233.11314498221543,linear
1912,4_epo,55.00000000000001,233.44827476610885,linear
1913,4_epo,56.00000000000001,233.78340455000225,linear
1914,4_epo,56.99999999999999,234.11853433389564,linear
1915,4_epo,57.99999999999999,234.45366411778906,linear
1916,4_epo,59.0,234.78879390168245,linear
1917,4_epo,60.0,235.12392368557585,linear
1918,4_epo,61.0,235.45905346946927,linear
1919,4_epo,62.0,235.7941832533627,linear
1920,4_epo,63.0,236.12931303725605,linear
1921,4_epo,64.0,236.46444282114948,linear
1922,4_epo,65.0,236.7995726050429,linear
1923,4_epo,66.0,237.1347023889363,linear
1924,4_epo,67.0,237.46983217282968,linear
1925,4_epo,68.0,237.8049619567231,linear
1926,4_epo,69.0,238.1400917406165,linear
1927,4_epo,70.0,238.4752215245099,linear
1928,4_epo,71.0,238.8103513084033,linear
1929,4_epo,72.0,239.1454810922967,linear
1930,4_epo,73.0,239.4806108761901,linear
1931,4_epo,74.0,239.81574066008352,linear
1932,4_epo,75.0,240.1508704439769,linear
1933,4_epo,76.0,240.48600022787033,linear
1934,4_epo,77.0,240.82113001176376,linear
1935,4_epo,78.0,241.15625979565715,linear
1936,4_epo,79.0,241.49138957955054,linear
1937,4_epo,80.0,241.82651936344396,linear
1938,4_epo,81.0,242.16164914733736,linear
1939,4_epo,82.0,242.49677893123075,linear
1940,4_epo,83.0,242.83190871512417,linear
1941,4_epo,84.0,243.16703849901756,linear
1942,4_epo,85.0,243.50216828291096,linear
1943,4_epo,86.0,243.83729806680438,linear
1944,4_epo,87.0,244.1724278506978,linear
1945,4_epo,88.0,244.50755763459117,linear
1946,4_epo,89.0,244.8426874184846,linear
1947,4_epo,90.0,245.177817202378,linear
1948,4_epo,91.0,245.5129469862714,linear
1949,4_epo,92.0,245.8480767701648,linear
1950,4_epo,93.0,246.18320655405822,linear
1951,4_epo,94.0,246.5183363379516,linear
1952,4_epo,95.0,246.853466121845,linear
1953,5_epo,3.0,216.79513448248736,linear
1954,5_epo,4.0,216.95763314875882,linear
1955,5_epo,5.0,217.12013181503028,linear
1956,5_epo,6.0,217.28263048130177,linear
1957,5_epo,7.000000000000001,217.4451291475732,linear
1958,5_epo,8.0,217.60762781384466,linear
1959,5_epo,9.0,217.77012648011612,linear
1960,5_epo,10.0,217.93262514638758,linear
1961,5_epo,11.0,218.09512381265904,linear
1962,5_epo,12.0,218.25762247893053,linear
1963,5_epo,13.0,218.420121145202,linear
1964,5_epo,14.000000000000002,218.58261981147345,linear
1965,5_epo,15.0,218.7451184777449,linear
1966,5_epo,16.0,218.90761714401637,linear
1967,5_epo,17.0,219.07011581028786,linear
1968,5_epo,18.0,219.23261447655932,linear
1969,5_epo,19.0,219.39511314283075,linear
1970,5_epo,20.0,219.5576118091022,linear
1971,5_epo,21.0,219.72011047537367,linear
1972,5_epo,22.0,219.88260914164513,linear
1973,5_epo,23.0,220.04510780791662,linear
1974,5_epo,24.0,220.20760647418808,linear
1975,5_epo,25.0,220.37010514045954,linear
1976,5_epo,26.0,220.532603806731,linear
1977,5_epo,27.0,220.69510247300246,linear
1978,5_epo,28.000000000000004,220.85760113927395,linear
1979,5_epo,28.999999999999996,221.0200998055454,linear
1980,5_epo,30.0,221.18259847181687,linear
1981,5_epo,31.0,221.34509713808833,linear
1982,5_epo,32.0,221.50759580435977,linear
1983,5_epo,33.0,221.67009447063123,linear
1984,5_epo,34.0,221.83259313690272,linear
1985,5_epo,35.0,221.99509180317418,linear
1986,5_epo,36.0,222.15759046944564,linear
1987,5_epo,37.0,222.3200891357171,linear
1988,5_epo,38.0,222.48258780198856,linear
1989,5_epo,39.0,222.64508646826005,linear
1990,5_epo,40.0,222.8075851345315,linear
1991,5_epo,41.0,222.97008380080297,linear
1992,5_epo,42.0,223.13258246707443,linear
1993,5_epo,43.0,223.2950811333459,linear
1994,5_epo,44.0,223.45757979961732,linear
1995,5_epo,45.0,223.6200784658888,linear
1996,5_epo,46.0,223.78257713216027,linear
1997,5_epo,47.0,223.94507579843173,linear
1998,5_epo,48.0,224.1075744647032,linear
1999,5_epo,49.0,224.27007313097465,linear
2000,5_epo,50.0,224.43257179724614,linear
2001,5_epo,51.0,224.5950704635176,linear
2002,5_epo,52.0,224.75756912978906,linear
2003,5_epo,53.0,224.92006779606052,linear
2004,5_epo,54.0,225.08256646233198,linear
2005,5_epo,55.00000000000001,225.24506512860344,linear
2006,5_epo,56.00000000000001,225.40756379487493,linear
2007,5_epo,56.99999999999999,225.57006246114636,linear
2008,5_epo,57.99999999999999,225.73256112741782,linear
2009,5_epo,59.0,225.89505979368928,linear
2010,5_epo,60.0,226.05755845996075,linear
2011,5_epo,61.0,226.22005712623223,linear
2012,5_epo,62.0,226.3825557925037,linear
2013,5_epo,63.0,226.54505445877516,linear
2014,5_epo,64.0,226.70755312504662,linear
2015,5_epo,65.0,226.87005179131808,linear
2016,5_epo,66.0,227.03255045758954,linear
2017,5_epo,67.0,227.19504912386103,linear
2018,5_epo,68.0,227.3575477901325,linear
2019,5_epo,69.0,227.52004645640392,linear
2020,5_epo,70.0,227.68254512267538,linear
2021,5_epo,71.0,227.84504378894684,linear
2022,5_epo,72.0,228.00754245521833,linear
2023,5_epo,73.0,228.1700411214898,linear
2024,5_epo,74.0,228.33253978776125,linear
2025,5_epo,75.0,228.4950384540327,linear
2026,5_epo,76.0,228.65753712030417,linear
2027,5_epo,77.0,228.82003578657563,linear
2028,5_epo,78.0,228.98253445284712,linear
2029,5_epo,79.0,229.14503311911858,linear
2030,5_epo,80.0,229.30753178539004,linear
2031,5_epo,81.0,229.4700304516615,linear
2032,5_epo,82.0,229.63252911793293,linear
2033,5_epo,83.0,229.79502778420442,linear
2034,5_epo,84.0,229.95752645047588,linear
2035,5_epo,85.0,230.12002511674734,linear
2036,5_epo,86.0,230.2825237830188,linear
2037,5_epo,87.0,230.44502244929026,linear
2038,5_epo,88.0,230.60752111556172,linear
2039,5_epo,89.0,230.7700197818332,linear
2040,5_epo,90.0,230.93251844810467,linear
2041,5_epo,91.0,231.09501711437613,linear
2042,5_epo,92.0,231.2575157806476,linear
2043,5_epo,93.0,231.42001444691905,linear
2044,5_epo,94.0,231.58251311319052,linear
2045,5_epo,95.0,231.74501177946198,linear
2046,6_epo,3.0,285.34705976123433,linear
2047,6_epo,4.0,285.6732263417807,linear
2048,6_epo,5.0,285.9993929223271,linear
2049,6_epo,6.0,286.3255595028736,linear
2050,6_epo,7.000000000000001,286.65172608342,linear
2051,6_epo,8.0,286.9778926639664,linear
2052,6_epo,9.0,287.3040592445128,linear
2053,6_epo,10.0,287.63022582505926,linear
2054,6_epo,11.0,287.95639240560564,linear
2055,6_epo,12.0,288.2825589861521,linear
2056,6_epo,13.0,288.6087255666985,linear
2057,6_epo,14.000000000000002,288.9348921472449,linear
2058,6_epo,15.0,289.26105872779135,linear
2059,6_epo,16.0,289.58722530833774,linear
2060,6_epo,17.0,289.91339188888423,linear
2061,6_epo,18.0,290.2395584694306,linear
2062,6_epo,19.0,290.565725049977,linear
2063,6_epo,20.0,290.89189163052345,linear
2064,6_epo,21.0,291.2180582110699,linear
2065,6_epo,22.0,291.5442247916163,linear
2066,6_epo,23.0,291.8703913721627,linear
2067,6_epo,24.0,292.1965579527091,linear
2068,6_epo,25.0,292.52272453325554,linear
2069,6_epo,26.0,292.848891113802,linear
2070,6_epo,27.0,293.17505769434837,linear
2071,6_epo,28.000000000000004,293.5012242748948,linear
2072,6_epo,28.999999999999996,293.82739085544125,linear
2073,6_epo,30.0,294.15355743598764,linear
2074,6_epo,31.0,294.4797240165341,linear
2075,6_epo,32.0,294.8058905970805,linear
2076,6_epo,33.0,295.1320571776269,linear
2077,6_epo,34.0,295.45822375817335,linear
2078,6_epo,35.0,295.78439033871973,linear
2079,6_epo,36.0,296.1105569192662,linear
2080,6_epo,37.0,296.4367234998126,linear
2081,6_epo,38.0,296.762890080359,linear
2082,6_epo,39.0,297.08905666090544,linear
2083,6_epo,40.0,297.4152232414519,linear
2084,6_epo,41.0,297.74138982199827,linear
2085,6_epo,42.0,298.06755640254465,linear
2086,6_epo,43.0,298.39372298309115,linear
2087,6_epo,44.0,298.71988956363754,linear
2088,6_epo,45.0,299.0460561441839,linear
2089,6_epo,46.0,299.37222272473036,linear
2090,6_epo,47.0,299.6983893052768,linear
2091,6_epo,48.0,300.02455588582325,linear
2092,6_epo,49.0,300.35072246636963,linear
2093,6_epo,50.0,300.676889046916,linear
2094,6_epo,51.0,301.0030556274625,linear
2095,6_epo,52.0,301.3292222080089,linear
2096,6_epo,53.0,301.6553887885553,linear
2097,6_epo,54.0,301.9815553691018,linear
2098,6_epo,55.00000000000001,302.30772194964817,linear
2099,6_epo,56.00000000000001,302.63388853019455,linear
2100,6_epo,56.99999999999999,302.960055110741,linear
2101,6_epo,57.99999999999999,303.28622169128744,linear
2102,6_epo,59.0,303.6123882718338,linear
2103,6_epo,60.0,303.93855485238026,linear
2104,6_epo,61.0,304.26472143292665,linear
2105,6_epo,62.0,304.5908880134731,linear
2106,6_epo,63.0,304.91705459401953,linear
2107,6_epo,64.0,305.2432211745659,linear
2108,6_epo,65.0,305.56938775511236,linear
2109,6_epo,66.0,305.8955543356588,linear
2110,6_epo,67.0,306.2217209162052,linear
2111,6_epo,68.0,306.5478874967516,linear
2112,6_epo,69.0,306.87405407729807,linear
2113,6_epo,70.0,307.20022065784445,linear
2114,6_epo,71.0,307.5263872383909,linear
2115,6_epo,72.0,307.8525538189373,linear
2116,6_epo,73.0,308.1787203994837,linear
2117,6_epo,74.0,308.50488698003016,linear
2118,6_epo,75.0,308.83105356057655,linear
2119,6_epo,76.0,309.157220141123,linear
2120,6_epo,77.0,309.48338672166943,linear
2121,6_epo,78.0,309.8095533022158,linear
2122,6_epo,79.0,310.1357198827622,linear
2123,6_epo,80.0,310.4618864633087,linear
2124,6_epo,81.0,310.7880530438551,linear
2125,6_epo,82.0,311.1142196244015,linear
2126,6_epo,83.0,311.4403862049479,linear
2127,6_epo,84.0,311.76655278549435,linear
2128,6_epo,85.0,312.0927193660408,linear
2129,6_epo,86.0,312.4188859465872,linear
2130,6_epo,87.0,312.74505252713357,linear
2131,6_epo,88.0,313.07121910768007,linear
2132,6_epo,89.0,313.39738568822645,linear
2133,6_epo,90.0,313.72355226877283,linear
2134,6_epo,91.0,314.04971884931933,linear
2135,6_epo,92.0,314.3758854298657,linear
2136,6_epo,93.0,314.7020520104121,linear
2137,6_epo,94.0,315.02821859095855,linear
2138,6_epo,95.0,315.354385171505,linear
2139,7_epo,3.0,259.18773664715184,linear
2140,7_epo,4.0,260.5756709659838,linear
2141,7_epo,5.0,261.9636052848158,linear
2142,7_epo,6.0,263.3515396036478,linear
2143,7_epo,7.000000000000001,264.73947392247976,linear
2144,7_epo,8.0,266.12740824131174,linear
2145,7_epo,9.0,267.5153425601437,linear
2146,7_epo,10.0,268.9032768789757,linear
2147,7_epo,11.0,270.2912111978077,linear
2148,7_epo,12.0,271.6791455166396,linear
2149,7_epo,13.0,273.06707983547165,linear
2150,7_epo,14.000000000000002,274.4550141543036,linear
2151,7_epo,15.0,275.8429484731356,linear
2152,7_epo,16.0,277.23088279196753,linear
2153,7_epo,17.0,278.61881711079957,linear
2154,7_epo,18.0,280.00675142963155,linear
2155,7_epo,19.0,281.3946857484635,linear
2156,7_epo,20.0,282.7826200672955,linear
2157,7_epo,21.0,284.1705543861275,linear
2158,7_epo,22.0,285.5584887049594,linear
2159,7_epo,23.0,286.9464230237914,linear
2160,7_epo,24.0,288.33435734262343,linear
2161,7_epo,25.0,289.72229166145536,linear
2162,7_epo,26.0,291.11022598028734,linear
2163,7_epo,27.0,292.4981602991193,linear
2164,7_epo,28.000000000000004,293.88609461795136,linear
2165,7_epo,28.999999999999996,295.2740289367833,linear
2166,7_epo,30.0,296.66196325561526,linear
2167,7_epo,31.0,298.0498975744473,linear
2168,7_epo,32.0,299.4378318932792,linear
2169,7_epo,33.0,300.8257662121112,linear
2170,7_epo,34.0,302.2137005309432,linear
2171,7_epo,35.0,303.6016348497752,linear
2172,7_epo,36.0,304.98956916860715,linear
2173,7_epo,37.0,306.3775034874391,linear
2174,7_epo,38.0,307.7654378062711,linear
2175,7_epo,39.0,309.1533721251031,linear
2176,7_epo,40.0,310.54130644393507,linear
2177,7_epo,41.0,311.92924076276705,linear
2178,7_epo,42.0,313.31717508159903,linear
2179,7_epo,43.0,314.705109400431,linear
2180,7_epo,44.0,316.093043719263,linear
2181,7_epo,45.0,317.4809780380949,linear
2182,7_epo,46.0,318.86891235692696,linear
2183,7_epo,47.0,320.25684667575894,linear
2184,7_epo,48.0,321.6447809945909,linear
2185,7_epo,49.0,323.03271531342284,linear
2186,7_epo,50.0,324.4206496322549,linear
2187,7_epo,51.0,325.80858395108686,linear
2188,7_epo,52.0,327.1965182699188,linear
2189,7_epo,53.0,328.5844525887508,linear
2190,7_epo,54.0,329.9723869075828,linear
2191,7_epo,55.00000000000001,331.3603212264148,linear
2192,7_epo,56.00000000000001,332.7482555452467,linear
2193,7_epo,56.99999999999999,334.13618986407874,linear
2194,7_epo,57.99999999999999,335.52412418291067,linear
2195,7_epo,59.0,336.91205850174265,linear
2196,7_epo,60.0,338.29999282057463,linear
2197,7_epo,61.0,339.68792713940667,linear
2198,7_epo,62.0,341.07586145823865,linear
2199,7_epo,63.0,342.4637957770706,linear
2200,7_epo,64.0,343.8517300959026,linear
2201,7_epo,65.0,345.23966441473453,linear
2202,7_epo,66.0,346.6275987335665,linear
2203,7_epo,67.0,348.0155330523985,linear
2204,7_epo,68.0,349.40346737123053,linear
2205,7_epo,69.0,350.79140169006246,linear
2206,7_epo,70.0,352.17933600889444,linear
2207,7_epo,71.0,353.5672703277264,linear
2208,7_epo,72.0,354.9552046465584,linear
2209,7_epo,73.0,356.3431389653904,linear
2210,7_epo,74.0,357.73107328422236,linear
2211,7_epo,75.0,359.1190076030544,linear
2212,7_epo,76.0,360.5069419218863,linear
2213,7_epo,77.0,361.8948762407183,linear
2214,7_epo,78.0,363.2828105595503,linear
2215,7_epo,79.0,364.67074487838227,linear
2216,7_epo,80.0,366.05867919721425,linear
2217,7_epo,81.0,367.4466135160462,linear
2218,7_epo,82.0,368.83454783487815,linear
2219,7_epo,83.0,370.2224821537102,linear
2220,7_epo,84.0,371.61041647254217,linear
2221,7_epo,85.0,372.9983507913741,linear
2222,7_epo,86.0,374.38628511020613,linear
2223,7_epo,87.0,375.7742194290381,linear
2224,7_epo,88.0,377.1621537478701,linear
2225,7_epo,89.0,378.550088066702,linear
2226,7_epo,90.0,379.93802238553405,linear
2227,7_epo,91.0,381.32595670436604,linear
2228,7_epo,92.0,382.71389102319796,linear
2229,7_epo,93.0,384.10182534202994,linear
2230,7_epo,94.0,385.489759660862,linear
2231,7_epo,95.0,386.87769397969396,linear
2232,8_epo,3.0,264.415485415282,linear
2233,8_epo,4.0,264.33807594531163,linear
2234,8_epo,5.0,264.2606664753412,linear
2235,8_epo,6.0,264.18325700537093,linear
2236,8_epo,7.000000000000001,264.1058475354006,linear
2237,8_epo,8.0,264.0284380654302,linear
2238,8_epo,9.0,263.95102859545983,linear
2239,8_epo,10.0,263.8736191254895,linear
2240,8_epo,11.0,263.7962096555191,linear
2241,8_epo,12.0,263.71880018554873,linear
2242,8_epo,13.0,263.6413907155783,linear
2243,8_epo,14.000000000000002,263.563981245608,linear
2244,8_epo,15.0,263.48657177563763,linear
2245,8_epo,16.0,263.4091623056672,linear
2246,8_epo,17.0,263.33175283569693,linear
2247,8_epo,18.0,263.2543433657266,linear
2248,8_epo,19.0,263.1769338957562,linear
2249,8_epo,20.0,263.09952442578583,linear
2250,8_epo,21.0,263.0221149558155,linear
2251,8_epo,22.0,262.9447054858451,linear
2252,8_epo,23.0,262.86729601587473,linear
2253,8_epo,24.0,262.7898865459043,linear
2254,8_epo,25.0,262.712477075934,linear
2255,8_epo,26.0,262.6350676059636,linear
2256,8_epo,27.0,262.5576581359932,linear
2257,8_epo,28.000000000000004,262.48024866602293,linear
2258,8_epo,28.999999999999996,262.4028391960526,linear
2259,8_epo,30.0,262.3254297260822,linear
2260,8_epo,31.0,262.24802025611183,linear
2261,8_epo,32.0,262.1706107861415,linear
2262,8_epo,33.0,262.0932013161711,linear
2263,8_epo,34.0,262.0157918462007,linear
2264,8_epo,35.0,261.9383823762303,linear
2265,8_epo,36.0,261.86097290626,linear
2266,8_epo,37.0,261.7835634362896,linear
2267,8_epo,38.0,261.7061539663192,linear
2268,8_epo,39.0,261.62874449634893,linear
2269,8_epo,40.0,261.5513350263786,linear
2270,8_epo,41.0,261.4739255564082,linear
2271,8_epo,42.0,261.3965160864378,linear
2272,8_epo,43.0,261.3191066164675,linear
2273,8_epo,44.0,261.2416971464971,linear
2274,8_epo,45.0,261.1642876765267,linear
2275,8_epo,46.0,261.0868782065564,linear
2276,8_epo,47.0,261.009468736586,linear
2277,8_epo,48.0,260.9320592666156,linear
2278,8_epo,49.0,260.8546497966452,linear
2279,8_epo,50.0,260.7772403266749,linear
2280,8_epo,51.0,260.6998308567046,linear
2281,8_epo,52.0,260.6224213867342,linear
2282,8_epo,53.0,260.5450119167638,linear
2283,8_epo,54.0,260.4676024467935,linear
2284,8_epo,55.00000000000001,260.3901929768231,linear
2285,8_epo,56.00000000000001,260.3127835068527,linear
2286,8_epo,56.99999999999999,260.2353740368824,linear
2287,8_epo,57.99999999999999,260.15796456691197,linear
2288,8_epo,59.0,260.0805550969416,linear
2289,8_epo,60.0,260.0031456269712,linear
2290,8_epo,61.0,259.92573615700087,linear
2291,8_epo,62.0,259.8483266870306,linear
2292,8_epo,63.0,259.7709172170602,linear
2293,8_epo,64.0,259.6935077470898,linear
2294,8_epo,65.0,259.6160982771195,linear
2295,8_epo,66.0,259.5386888071491,linear
2296,8_epo,67.0,259.4612793371787,linear
2297,8_epo,68.0,259.3838698672084,linear
2298,8_epo,69.0,259.30646039723797,linear
2299,8_epo,70.0,259.2290509272676,linear
2300,8_epo,71.0,259.1516414572972,linear
2301,8_epo,72.0,259.0742319873269,linear
2302,8_epo,73.0,258.9968225173566,linear
2303,8_epo,74.0,258.9194130473862,linear
2304,8_epo,75.0,258.8420035774158,linear
2305,8_epo,76.0,258.7645941074455,linear
2306,8_epo,77.0,258.68718463747507,linear
2307,8_epo,78.0,258.6097751675047,linear
2308,8_epo,79.0,258.5323656975344,linear
2309,8_epo,80.0,258.45495622756397,linear
2310,8_epo,81.0,258.3775467575936,linear
2311,8_epo,82.0,258.3001372876232,linear
2312,8_epo,83.0,258.22272781765287,linear
2313,8_epo,84.0,258.1453183476826,linear
2314,8_epo,85.0,258.06790887771217,linear
2315,8_epo,86.0,257.9904994077418,linear
2316,8_epo,87.0,257.9130899377715,linear
2317,8_epo,88.0,257.83568046780107,linear
2318,8_epo,89.0,257.7582709978307,linear
2319,8_epo,90.0,257.6808615278604,linear
2320,8_epo,91.0,257.60345205788997,linear
2321,8_epo,92.0,257.5260425879196,linear
2322,8_epo,93.0,257.44863311794927,linear
2323,8_epo,94.0,257.37122364797887,linear
2324,8_epo,95.0,257.2938141780086,linear
2325,9_epo,3.0,293.85074034669555,linear
2326,9_epo,4.0,293.8618142046412,linear
2327,9_epo,5.0,293.8728880625868,linear
2328,9_epo,6.0,293.8839619205325,linear
2329,9_epo,7.000000000000001,293.8950357784782,linear
2330,9_epo,8.0,293.9061096364238,linear
2331,9_epo,9.0,293.91718349436945,linear
2332,9_epo,10.0,293.92825735231514,linear
2333,9_epo,11.0,293.93933121026083,linear
2334,9_epo,12.0,293.95040506820646,linear
2335,9_epo,13.0,293.9614789261521,linear
2336,9_epo,14.000000000000002,293.9725527840978,linear
2337,9_epo,15.0,293.9836266420435,linear
2338,9_epo,16.0,293.9947004999891,linear
2339,9_epo,17.0,294.00577435793474,linear
2340,9_epo,18.0,294.01684821588043,linear
2341,9_epo,19.0,294.0279220738261,linear
2342,9_epo,20.0,294.03899593177175,linear
2343,9_epo,21.0,294.0500697897174,linear
2344,9_epo,22.0,294.0611436476631,linear
2345,9_epo,23.0,294.07221750560876,linear
2346,9_epo,24.0,294.0832913635544,linear
2347,9_epo,25.0,294.0943652215,linear
2348,9_epo,26.0,294.1054390794457,linear
2349,9_epo,27.0,294.1165129373914,linear
2350,9_epo,28.000000000000004,294.12758679533704,linear
2351,9_epo,28.999999999999996,294.13866065328267,linear
2352,9_epo,30.0,294.14973451122836,linear
2353,9_epo,31.0,294.160808369174,linear
2354,9_epo,32.0,294.1718822271196,linear
2355,9_epo,33.0,294.18295608506526,linear
2356,9_epo,34.0,294.19402994301095,linear
2357,9_epo,35.0,294.20510380095664,linear
2358,9_epo,36.0,294.21617765890227,linear
2359,9_epo,37.0,294.2272515168479,linear
2360,9_epo,38.0,294.2383253747936,linear
2361,9_epo,39.0,294.2493992327393,linear
2362,9_epo,40.0,294.2604730906849,linear
2363,9_epo,41.0,294.27154694863054,linear
2364,9_epo,42.0,294.28262080657623,linear
2365,9_epo,43.0,294.2936946645219,linear
2366,9_epo,44.0,294.30476852246755,linear
2367,9_epo,45.0,294.3158423804132,linear
2368,9_epo,46.0,294.3269162383589,linear
2369,9_epo,47.0,294.33799009630457,linear
2370,9_epo,48.0,294.3490639542502,linear
2371,9_epo,49.0,294.36013781219583,linear
2372,9_epo,50.0,294.3712116701415,linear
2373,9_epo,51.0,294.3822855280872,linear
2374,9_epo,52.0,294.39335938603284,linear
2375,9_epo,53.0,294.4044332439785,linear
2376,9_epo,54.0,294.41550710192416,linear
2377,9_epo,55.00000000000001,294.42658095986985,linear
2378,9_epo,56.00000000000001,294.4376548178155,linear
2379,9_epo,56.99999999999999,294.4487286757611,linear
2380,9_epo,57.99999999999999,294.4598025337068,linear
2381,9_epo,59.0,294.4708763916525,linear
2382,9_epo,60.0,294.4819502495981,linear
2383,9_epo,61.0,294.49302410754376,linear
2384,9_epo,62.0,294.50409796548945,linear
2385,9_epo,63.0,294.51517182343514,linear
2386,9_epo,64.0,294.5262456813808,linear
2387,9_epo,65.0,294.5373195393264,linear
2388,9_epo,66.0,294.5483933972721,linear
2389,9_epo,67.0,294.5594672552178,linear
2390,9_epo,68.0,294.57054111316336,linear
2391,9_epo,69.0,294.581614971109,linear
2392,9_epo,70.0,294.5926888290547,linear
2393,9_epo,71.0,294.60376268700037,linear
2394,9_epo,72.0,294.614836544946,linear
2395,9_epo,73.0,294.62591040289163,linear
2396,9_epo,74.0,294.6369842608373,linear
2397,9_epo,75.0,294.648058118783,linear
2398,9_epo,76.0,294.65913197672864,linear
2399,9_epo,77.0,294.6702058346743,linear
2400,9_epo,78.0,294.68127969261997,linear
2401,9_epo,79.0,294.69235355056566,linear
2402,9_epo,80.0,294.7034274085113,linear
2403,9_epo,81.0,294.714501266457,linear
2404,9_epo,82.0,294.7255751244026,linear
2405,9_epo,83.0,294.7366489823483,linear
2406,9_epo,84.0,294.74772284029393,linear
2407,9_epo,85.0,294.75879669823956,linear
2408,9_epo,86.0,294.76987055618525,linear
2409,9_epo,87.0,294.78094441413094,linear
2410,9_epo,88.0,294.7920182720766,linear
2411,9_epo,89.0,294.8030921300222,linear
2412,9_epo,90.0,294.8141659879679,linear
2413,9_epo,91.0,294.8252398459136,linear
2414,9_epo,92.0,294.8363137038592,linear
2415,9_epo,93.0,294.84738756180485,linear
2416,9_epo,94.0,294.85846141975054,linear
2417,9_epo,95.0,294.86953527769623,linear
