,participant,contrast,mrt,name
0,0_epo,3.0,10.202812867437551,linear
1,0_epo,4.0,10.185816353871658,linear
2,0_epo,5.0,10.168819840305764,linear
3,0_epo,6.0,10.15182332673987,linear
4,0_epo,7.000000000000001,10.134826813173976,linear
5,0_epo,8.0,10.11783029960808,linear
6,0_epo,9.0,10.100833786042186,linear
7,0_epo,10.0,10.083837272476293,linear
8,0_epo,11.0,10.066840758910399,linear
9,0_epo,12.0,10.049844245344506,linear
10,0_epo,13.0,10.032847731778611,linear
11,0_epo,14.000000000000002,10.015851218212717,linear
12,0_epo,15.0,9.998854704646824,linear
13,0_epo,16.0,9.981858191080928,linear
14,0_epo,17.0,9.964861677515033,linear
15,0_epo,18.0,9.94786516394914,linear
16,0_epo,19.0,9.930868650383246,linear
17,0_epo,20.0,9.913872136817353,linear
18,0_epo,21.0,9.896875623251459,linear
19,0_epo,22.0,9.879879109685564,linear
20,0_epo,23.0,9.862882596119672,linear
21,0_epo,24.0,9.845886082553776,linear
22,0_epo,25.0,9.828889568987881,linear
23,0_epo,26.0,9.811893055421988,linear
24,0_epo,27.0,9.794896541856094,linear
25,0_epo,28.000000000000004,9.777900028290201,linear
26,0_epo,28.999999999999996,9.760903514724307,linear
27,0_epo,30.0,9.743907001158412,linear
28,0_epo,31.0,9.726910487592518,linear
29,0_epo,32.0,9.709913974026623,linear
30,0_epo,33.0,9.69291746046073,linear
31,0_epo,34.0,9.675920946894836,linear
32,0_epo,35.0,9.658924433328941,linear
33,0_epo,36.0,9.641927919763049,linear
34,0_epo,37.0,9.624931406197154,linear
35,0_epo,38.0,9.60793489263126,linear
36,0_epo,39.0,9.590938379065365,linear
37,0_epo,40.0,9.57394186549947,linear
38,0_epo,41.0,9.556945351933578,linear
39,0_epo,42.0,9.539948838367684,linear
40,0_epo,43.0,9.522952324801789,linear
41,0_epo,44.0,9.505955811235896,linear
42,0_epo,45.0,9.488959297670002,linear
43,0_epo,46.0,9.471962784104107,linear
44,0_epo,47.0,9.454966270538213,linear
45,0_epo,48.0,9.437969756972318,linear
46,0_epo,49.0,9.420973243406426,linear
47,0_epo,50.0,9.403976729840531,linear
48,0_epo,51.0,9.386980216274637,linear
49,0_epo,52.0,9.369983702708744,linear
50,0_epo,53.0,9.35298718914285,linear
51,0_epo,54.0,9.335990675576955,linear
52,0_epo,55.00000000000001,9.31899416201106,linear
53,0_epo,56.00000000000001,9.301997648445166,linear
54,0_epo,56.99999999999999,9.285001134879273,linear
55,0_epo,57.99999999999999,9.268004621313379,linear
56,0_epo,59.0,9.251008107747486,linear
57,0_epo,60.0,9.234011594181592,linear
58,0_epo,61.0,9.217015080615697,linear
59,0_epo,62.0,9.200018567049804,linear
60,0_epo,63.0,9.183022053483908,linear
61,0_epo,64.0,9.166025539918014,linear
62,0_epo,65.0,9.149029026352121,linear
63,0_epo,66.0,9.132032512786227,linear
64,0_epo,67.0,9.115035999220332,linear
65,0_epo,68.0,9.09803948565444,linear
66,0_epo,69.0,9.081042972088545,linear
67,0_epo,70.0,9.064046458522652,linear
68,0_epo,71.0,9.047049944956756,linear
69,0_epo,72.0,9.030053431390861,linear
70,0_epo,73.0,9.013056917824969,linear
71,0_epo,74.0,8.996060404259074,linear
72,0_epo,75.0,8.979063890693181,linear
73,0_epo,76.0,8.962067377127287,linear
74,0_epo,77.0,8.945070863561392,linear
75,0_epo,78.0,8.9280743499955,linear
76,0_epo,79.0,8.911077836429603,linear
77,0_epo,80.0,8.894081322863709,linear
78,0_epo,81.0,8.877084809297816,linear
79,0_epo,82.0,8.860088295731922,linear
80,0_epo,83.0,8.843091782166029,linear
81,0_epo,84.0,8.826095268600135,linear
82,0_epo,85.0,8.80909875503424,linear
83,0_epo,86.0,8.792102241468347,linear
84,0_epo,87.0,8.775105727902451,linear
85,0_epo,88.0,8.758109214336557,linear
86,0_epo,89.0,8.741112700770664,linear
87,0_epo,90.0,8.72411618720477,linear
88,0_epo,91.0,8.707119673638877,linear
89,0_epo,92.0,8.690123160072982,linear
90,0_epo,93.0,8.673126646507088,linear
91,0_epo,94.0,8.656130132941195,linear
92,0_epo,95.0,8.639133619375299,linear
93,10_epo,3.0,8.357570494095583,linear
94,10_epo,4.0,8.358376343590015,linear
95,10_epo,5.0,8.359182193084447,linear
96,10_epo,6.0,8.359988042578879,linear
97,10_epo,7.000000000000001,8.36079389207331,linear
98,10_epo,8.0,8.361599741567742,linear
99,10_epo,9.0,8.362405591062174,linear
100,10_epo,10.0,8.363211440556606,linear
101,10_epo,11.0,8.364017290051038,linear
102,10_epo,12.0,8.36482313954547,linear
103,10_epo,13.0,8.365628989039902,linear
104,10_epo,14.000000000000002,8.366434838534333,linear
105,10_epo,15.0,8.367240688028765,linear
106,10_epo,16.0,8.368046537523197,linear
107,10_epo,17.0,8.368852387017629,linear
108,10_epo,18.0,8.36965823651206,linear
109,10_epo,19.0,8.370464086006493,linear
110,10_epo,20.0,8.371269935500925,linear
111,10_epo,21.0,8.372075784995356,linear
112,10_epo,22.0,8.372881634489788,linear
113,10_epo,23.0,8.37368748398422,linear
114,10_epo,24.0,8.374493333478652,linear
115,10_epo,25.0,8.375299182973084,linear
116,10_epo,26.0,8.376105032467516,linear
117,10_epo,27.0,8.376910881961948,linear
118,10_epo,28.000000000000004,8.37771673145638,linear
119,10_epo,28.999999999999996,8.378522580950811,linear
120,10_epo,30.0,8.379328430445243,linear
121,10_epo,31.0,8.380134279939675,linear
122,10_epo,32.0,8.380940129434107,linear
123,10_epo,33.0,8.381745978928539,linear
124,10_epo,34.0,8.38255182842297,linear
125,10_epo,35.0,8.383357677917402,linear
126,10_epo,36.0,8.384163527411834,linear
127,10_epo,37.0,8.384969376906266,linear
128,10_epo,38.0,8.385775226400698,linear
129,10_epo,39.0,8.38658107589513,linear
130,10_epo,40.0,8.387386925389562,linear
131,10_epo,41.0,8.388192774883994,linear
132,10_epo,42.0,8.388998624378425,linear
133,10_epo,43.0,8.389804473872857,linear
134,10_epo,44.0,8.390610323367289,linear
135,10_epo,45.0,8.391416172861721,linear
136,10_epo,46.0,8.392222022356153,linear
137,10_epo,47.0,8.393027871850585,linear
138,10_epo,48.0,8.393833721345016,linear
139,10_epo,49.0,8.394639570839448,linear
140,10_epo,50.0,8.39544542033388,linear
141,10_epo,51.0,8.396251269828312,linear
142,10_epo,52.0,8.397057119322744,linear
143,10_epo,53.0,8.397862968817176,linear
144,10_epo,54.0,8.398668818311608,linear
145,10_epo,55.00000000000001,8.39947466780604,linear
146,10_epo,56.00000000000001,8.400280517300471,linear
147,10_epo,56.99999999999999,8.401086366794903,linear
148,10_epo,57.99999999999999,8.401892216289335,linear
149,10_epo,59.0,8.402698065783767,linear
150,10_epo,60.0,8.403503915278199,linear
151,10_epo,61.0,8.40430976477263,linear
152,10_epo,62.0,8.405115614267062,linear
153,10_epo,63.0,8.405921463761494,linear
154,10_epo,64.0,8.406727313255926,linear
155,10_epo,65.0,8.407533162750358,linear
156,10_epo,66.0,8.40833901224479,linear
157,10_epo,67.0,8.409144861739222,linear
158,10_epo,68.0,8.409950711233654,linear
159,10_epo,69.0,8.410756560728085,linear
160,10_epo,70.0,8.411562410222517,linear
161,10_epo,71.0,8.41236825971695,linear
162,10_epo,72.0,8.413174109211381,linear
163,10_epo,73.0,8.413979958705813,linear
164,10_epo,74.0,8.414785808200245,linear
165,10_epo,75.0,8.415591657694677,linear
166,10_epo,76.0,8.416397507189108,linear
167,10_epo,77.0,8.41720335668354,linear
168,10_epo,78.0,8.418009206177972,linear
169,10_epo,79.0,8.418815055672404,linear
170,10_epo,80.0,8.419620905166836,linear
171,10_epo,81.0,8.420426754661268,linear
172,10_epo,82.0,8.4212326041557,linear
173,10_epo,83.0,8.422038453650131,linear
174,10_epo,84.0,8.422844303144563,linear
175,10_epo,85.0,8.423650152638995,linear
176,10_epo,86.0,8.424456002133427,linear
177,10_epo,87.0,8.425261851627859,linear
178,10_epo,88.0,8.42606770112229,linear
179,10_epo,89.0,8.426873550616722,linear
180,10_epo,90.0,8.427679400111154,linear
181,10_epo,91.0,8.428485249605586,linear
182,10_epo,92.0,8.429291099100018,linear
183,10_epo,93.0,8.43009694859445,linear
184,10_epo,94.0,8.430902798088882,linear
185,10_epo,95.0,8.431708647583314,linear
186,11_epo,3.0,8.699025142335758,linear
187,11_epo,4.0,8.698014894933573,linear
188,11_epo,5.0,8.697004647531388,linear
189,11_epo,6.0,8.695994400129203,linear
190,11_epo,7.000000000000001,8.694984152727017,linear
191,11_epo,8.0,8.69397390532483,linear
192,11_epo,9.0,8.692963657922645,linear
193,11_epo,10.0,8.691953410520458,linear
194,11_epo,11.0,8.690943163118273,linear
195,11_epo,12.0,8.689932915716087,linear
196,11_epo,13.0,8.688922668313902,linear
197,11_epo,14.000000000000002,8.687912420911715,linear
198,11_epo,15.0,8.68690217350953,linear
199,11_epo,16.0,8.685891926107345,linear
200,11_epo,17.0,8.684881678705159,linear
201,11_epo,18.0,8.683871431302974,linear
202,11_epo,19.0,8.682861183900787,linear
203,11_epo,20.0,8.681850936498602,linear
204,11_epo,21.0,8.680840689096415,linear
205,11_epo,22.0,8.679830441694229,linear
206,11_epo,23.0,8.678820194292044,linear
207,11_epo,24.0,8.677809946889859,linear
208,11_epo,25.0,8.676799699487674,linear
209,11_epo,26.0,8.675789452085487,linear
210,11_epo,27.0,8.674779204683302,linear
211,11_epo,28.000000000000004,8.673768957281116,linear
212,11_epo,28.999999999999996,8.672758709878929,linear
213,11_epo,30.0,8.671748462476744,linear
214,11_epo,31.0,8.670738215074557,linear
215,11_epo,32.0,8.669727967672372,linear
216,11_epo,33.0,8.668717720270187,linear
217,11_epo,34.0,8.667707472868003,linear
218,11_epo,35.0,8.666697225465816,linear
219,11_epo,36.0,8.665686978063631,linear
220,11_epo,37.0,8.664676730661444,linear
221,11_epo,38.0,8.663666483259258,linear
222,11_epo,39.0,8.662656235857073,linear
223,11_epo,40.0,8.661645988454886,linear
224,11_epo,41.0,8.660635741052701,linear
225,11_epo,42.0,8.659625493650514,linear
226,11_epo,43.0,8.658615246248331,linear
227,11_epo,44.0,8.657604998846145,linear
228,11_epo,45.0,8.656594751443958,linear
229,11_epo,46.0,8.655584504041773,linear
230,11_epo,47.0,8.654574256639586,linear
231,11_epo,48.0,8.653564009237401,linear
232,11_epo,49.0,8.652553761835215,linear
233,11_epo,50.0,8.65154351443303,linear
234,11_epo,51.0,8.650533267030843,linear
235,11_epo,52.0,8.649523019628658,linear
236,11_epo,53.0,8.648512772226473,linear
237,11_epo,54.0,8.647502524824286,linear
238,11_epo,55.00000000000001,8.646492277422102,linear
239,11_epo,56.00000000000001,8.645482030019915,linear
240,11_epo,56.99999999999999,8.64447178261773,linear
241,11_epo,57.99999999999999,8.643461535215543,linear
242,11_epo,59.0,8.642451287813357,linear
243,11_epo,60.0,8.641441040411172,linear
244,11_epo,61.0,8.640430793008987,linear
245,11_epo,62.0,8.639420545606802,linear
246,11_epo,63.0,8.638410298204615,linear
247,11_epo,64.0,8.63740005080243,linear
248,11_epo,65.0,8.636389803400244,linear
249,11_epo,66.0,8.635379555998057,linear
250,11_epo,67.0,8.634369308595872,linear
251,11_epo,68.0,8.633359061193685,linear
252,11_epo,69.0,8.6323488137915,linear
253,11_epo,70.0,8.631338566389314,linear
254,11_epo,71.0,8.63032831898713,linear
255,11_epo,72.0,8.629318071584944,linear
256,11_epo,73.0,8.628307824182757,linear
257,11_epo,74.0,8.627297576780572,linear
258,11_epo,75.0,8.626287329378385,linear
259,11_epo,76.0,8.6252770819762,linear
260,11_epo,77.0,8.624266834574014,linear
261,11_epo,78.0,8.623256587171829,linear
262,11_epo,79.0,8.622246339769642,linear
263,11_epo,80.0,8.621236092367457,linear
264,11_epo,81.0,8.620225844965272,linear
265,11_epo,82.0,8.619215597563086,linear
266,11_epo,83.0,8.6182053501609,linear
267,11_epo,84.0,8.617195102758714,linear
268,11_epo,85.0,8.61618485535653,linear
269,11_epo,86.0,8.615174607954343,linear
270,11_epo,87.0,8.614164360552156,linear
271,11_epo,88.0,8.613154113149971,linear
272,11_epo,89.0,8.612143865747786,linear
273,11_epo,90.0,8.611133618345601,linear
274,11_epo,91.0,8.610123370943414,linear
275,11_epo,92.0,8.60911312354123,linear
276,11_epo,93.0,8.608102876139043,linear
277,11_epo,94.0,8.607092628736858,linear
278,11_epo,95.0,8.606082381334671,linear
279,12_epo,3.0,8.57435059887201,linear
280,12_epo,4.0,8.574741899976122,linear
281,12_epo,5.0,8.57513320108023,linear
282,12_epo,6.0,8.575524502184342,linear
283,12_epo,7.000000000000001,8.575915803288451,linear
284,12_epo,8.0,8.576307104392562,linear
285,12_epo,9.0,8.576698405496671,linear
286,12_epo,10.0,8.577089706600782,linear
287,12_epo,11.0,8.577481007704892,linear
288,12_epo,12.0,8.577872308809003,linear
289,12_epo,13.0,8.578263609913112,linear
290,12_epo,14.000000000000002,8.578654911017223,linear
291,12_epo,15.0,8.579046212121332,linear
292,12_epo,16.0,8.579437513225443,linear
293,12_epo,17.0,8.579828814329552,linear
294,12_epo,18.0,8.580220115433663,linear
295,12_epo,19.0,8.580611416537772,linear
296,12_epo,20.0,8.581002717641883,linear
297,12_epo,21.0,8.581394018745993,linear
298,12_epo,22.0,8.581785319850104,linear
299,12_epo,23.0,8.582176620954213,linear
300,12_epo,24.0,8.582567922058324,linear
301,12_epo,25.0,8.582959223162433,linear
302,12_epo,26.0,8.583350524266544,linear
303,12_epo,27.0,8.583741825370655,linear
304,12_epo,28.000000000000004,8.584133126474764,linear
305,12_epo,28.999999999999996,8.584524427578875,linear
306,12_epo,30.0,8.584915728682985,linear
307,12_epo,31.0,8.585307029787096,linear
308,12_epo,32.0,8.585698330891205,linear
309,12_epo,33.0,8.586089631995316,linear
310,12_epo,34.0,8.586480933099425,linear
311,12_epo,35.0,8.586872234203536,linear
312,12_epo,36.0,8.587263535307645,linear
313,12_epo,37.0,8.587654836411756,linear
314,12_epo,38.0,8.588046137515866,linear
315,12_epo,39.0,8.588437438619977,linear
316,12_epo,40.0,8.588828739724086,linear
317,12_epo,41.0,8.589220040828197,linear
318,12_epo,42.0,8.589611341932306,linear
319,12_epo,43.0,8.590002643036417,linear
320,12_epo,44.0,8.590393944140526,linear
321,12_epo,45.0,8.590785245244637,linear
322,12_epo,46.0,8.591176546348747,linear
323,12_epo,47.0,8.591567847452858,linear
324,12_epo,48.0,8.591959148556967,linear
325,12_epo,49.0,8.592350449661078,linear
326,12_epo,50.0,8.592741750765187,linear
327,12_epo,51.0,8.593133051869296,linear
328,12_epo,52.0,8.593524352973407,linear
329,12_epo,53.0,8.593915654077517,linear
330,12_epo,54.0,8.594306955181628,linear
331,12_epo,55.00000000000001,8.594698256285737,linear
332,12_epo,56.00000000000001,8.595089557389848,linear
333,12_epo,56.99999999999999,8.595480858493957,linear
334,12_epo,57.99999999999999,8.595872159598068,linear
335,12_epo,59.0,8.596263460702177,linear
336,12_epo,60.0,8.596654761806288,linear
337,12_epo,61.0,8.597046062910398,linear
338,12_epo,62.0,8.597437364014509,linear
339,12_epo,63.0,8.597828665118618,linear
340,12_epo,64.0,8.598219966222729,linear
341,12_epo,65.0,8.598611267326838,linear
342,12_epo,66.0,8.599002568430949,linear
343,12_epo,67.0,8.599393869535058,linear
344,12_epo,68.0,8.59978517063917,linear
345,12_epo,69.0,8.600176471743278,linear
346,12_epo,70.0,8.60056777284739,linear
347,12_epo,71.0,8.600959073951499,linear
348,12_epo,72.0,8.60135037505561,linear
349,12_epo,73.0,8.601741676159719,linear
350,12_epo,74.0,8.60213297726383,linear
351,12_epo,75.0,8.602524278367941,linear
352,12_epo,76.0,8.60291557947205,linear
353,12_epo,77.0,8.603306880576161,linear
354,12_epo,78.0,8.60369818168027,linear
355,12_epo,79.0,8.604089482784381,linear
356,12_epo,80.0,8.60448078388849,linear
357,12_epo,81.0,8.604872084992602,linear
358,12_epo,82.0,8.605263386096711,linear
359,12_epo,83.0,8.605654687200822,linear
360,12_epo,84.0,8.606045988304931,linear
361,12_epo,85.0,8.606437289409042,linear
362,12_epo,86.0,8.606828590513151,linear
363,12_epo,87.0,8.607219891617262,linear
364,12_epo,88.0,8.607611192721372,linear
365,12_epo,89.0,8.608002493825483,linear
366,12_epo,90.0,8.608393794929592,linear
367,12_epo,91.0,8.608785096033703,linear
368,12_epo,92.0,8.609176397137812,linear
369,12_epo,93.0,8.609567698241923,linear
370,12_epo,94.0,8.609958999346032,linear
371,12_epo,95.0,8.610350300450143,linear
372,13_epo,3.0,6.838841939065791,linear
373,13_epo,4.0,6.851790501391736,linear
374,13_epo,5.0,6.864739063717683,linear
375,13_epo,6.0,6.877687626043629,linear
376,13_epo,7.000000000000001,6.890636188369576,linear
377,13_epo,8.0,6.903584750695522,linear
378,13_epo,9.0,6.916533313021469,linear
379,13_epo,10.0,6.929481875347415,linear
380,13_epo,11.0,6.942430437673361,linear
381,13_epo,12.0,6.955378999999307,linear
382,13_epo,13.0,6.968327562325254,linear
383,13_epo,14.000000000000002,6.981276124651201,linear
384,13_epo,15.0,6.994224686977146,linear
385,13_epo,16.0,7.007173249303093,linear
386,13_epo,17.0,7.020121811629039,linear
387,13_epo,18.0,7.033070373954986,linear
388,13_epo,19.0,7.046018936280932,linear
389,13_epo,20.0,7.058967498606878,linear
390,13_epo,21.0,7.071916060932825,linear
391,13_epo,22.0,7.08486462325877,linear
392,13_epo,23.0,7.097813185584718,linear
393,13_epo,24.0,7.110761747910664,linear
394,13_epo,25.0,7.12371031023661,linear
395,13_epo,26.0,7.136658872562557,linear
396,13_epo,27.0,7.1496074348885035,linear
397,13_epo,28.000000000000004,7.162555997214449,linear
398,13_epo,28.999999999999996,7.1755045595403955,linear
399,13_epo,30.0,7.188453121866342,linear
400,13_epo,31.0,7.201401684192288,linear
401,13_epo,32.0,7.214350246518235,linear
402,13_epo,33.0,7.227298808844181,linear
403,13_epo,34.0,7.240247371170128,linear
404,13_epo,35.0,7.253195933496073,linear
405,13_epo,36.0,7.2661444958220205,linear
406,13_epo,37.0,7.279093058147967,linear
407,13_epo,38.0,7.2920416204739125,linear
408,13_epo,39.0,7.30499018279986,linear
409,13_epo,40.0,7.317938745125806,linear
410,13_epo,41.0,7.330887307451752,linear
411,13_epo,42.0,7.343835869777698,linear
412,13_epo,43.0,7.356784432103645,linear
413,13_epo,44.0,7.369732994429591,linear
414,13_epo,45.0,7.3826815567555375,linear
415,13_epo,46.0,7.395630119081484,linear
416,13_epo,47.0,7.40857868140743,linear
417,13_epo,48.0,7.421527243733376,linear
418,13_epo,49.0,7.434475806059323,linear
419,13_epo,50.0,7.44742436838527,linear
420,13_epo,51.0,7.460372930711215,linear
421,13_epo,52.0,7.4733214930371625,linear
422,13_epo,53.0,7.486270055363108,linear
423,13_epo,54.0,7.4992186176890545,linear
424,13_epo,55.00000000000001,7.512167180015001,linear
425,13_epo,56.00000000000001,7.525115742340947,linear
426,13_epo,56.99999999999999,7.538064304666894,linear
427,13_epo,57.99999999999999,7.551012866992839,linear
428,13_epo,59.0,7.563961429318787,linear
429,13_epo,60.0,7.576909991644733,linear
430,13_epo,61.0,7.589858553970679,linear
431,13_epo,62.0,7.602807116296626,linear
432,13_epo,63.0,7.615755678622572,linear
433,13_epo,64.0,7.628704240948518,linear
434,13_epo,65.0,7.641652803274464,linear
435,13_epo,66.0,7.654601365600412,linear
436,13_epo,67.0,7.667549927926357,linear
437,13_epo,68.0,7.680498490252304,linear
438,13_epo,69.0,7.69344705257825,linear
439,13_epo,70.0,7.706395614904197,linear
440,13_epo,71.0,7.719344177230142,linear
441,13_epo,72.0,7.732292739556089,linear
442,13_epo,73.0,7.745241301882036,linear
443,13_epo,74.0,7.758189864207981,linear
444,13_epo,75.0,7.771138426533929,linear
445,13_epo,76.0,7.784086988859875,linear
446,13_epo,77.0,7.797035551185821,linear
447,13_epo,78.0,7.809984113511767,linear
448,13_epo,79.0,7.822932675837714,linear
449,13_epo,80.0,7.83588123816366,linear
450,13_epo,81.0,7.848829800489606,linear
451,13_epo,82.0,7.861778362815554,linear
452,13_epo,83.0,7.874726925141498,linear
453,13_epo,84.0,7.887675487467445,linear
454,13_epo,85.0,7.900624049793392,linear
455,13_epo,86.0,7.913572612119339,linear
456,13_epo,87.0,7.926521174445285,linear
457,13_epo,88.0,7.9394697367712315,linear
458,13_epo,89.0,7.952418299097177,linear
459,13_epo,90.0,7.9653668614231234,linear
460,13_epo,91.0,7.97831542374907,linear
461,13_epo,92.0,7.991263986075017,linear
462,13_epo,93.0,8.004212548400965,linear
463,13_epo,94.0,8.017161110726908,linear
464,13_epo,95.0,8.030109673052856,linear
465,14_epo,3.0,7.720523017731056,linear
466,14_epo,4.0,7.727590018667397,linear
467,14_epo,5.0,7.7346570196037385,linear
468,14_epo,6.0,7.7417240205400795,linear
469,14_epo,7.000000000000001,7.748791021476421,linear
470,14_epo,8.0,7.755858022412761,linear
471,14_epo,9.0,7.762925023349102,linear
472,14_epo,10.0,7.769992024285444,linear
473,14_epo,11.0,7.777059025221785,linear
474,14_epo,12.0,7.784126026158126,linear
475,14_epo,13.0,7.791193027094467,linear
476,14_epo,14.000000000000002,7.798260028030808,linear
477,14_epo,15.0,7.805327028967149,linear
478,14_epo,16.0,7.812394029903491,linear
479,14_epo,17.0,7.8194610308398325,linear
480,14_epo,18.0,7.826528031776173,linear
481,14_epo,19.0,7.8335950327125135,linear
482,14_epo,20.0,7.840662033648854,linear
483,14_epo,21.0,7.847729034585195,linear
484,14_epo,22.0,7.854796035521538,linear
485,14_epo,23.0,7.861863036457879,linear
486,14_epo,24.0,7.868930037394219,linear
487,14_epo,25.0,7.87599703833056,linear
488,14_epo,26.0,7.883064039266901,linear
489,14_epo,27.0,7.890131040203242,linear
490,14_epo,28.000000000000004,7.897198041139585,linear
491,14_epo,28.999999999999996,7.904265042075925,linear
492,14_epo,30.0,7.911332043012266,linear
493,14_epo,31.0,7.9183990439486065,linear
494,14_epo,32.0,7.925466044884947,linear
495,14_epo,33.0,7.93253304582129,linear
496,14_epo,34.0,7.93960004675763,linear
497,14_epo,35.0,7.946667047693971,linear
498,14_epo,36.0,7.953734048630312,linear
499,14_epo,37.0,7.960801049566653,linear
500,14_epo,38.0,7.967868050502994,linear
501,14_epo,39.0,7.974935051439336,linear
502,14_epo,40.0,7.982002052375677,linear
503,14_epo,41.0,7.989069053312018,linear
504,14_epo,42.0,7.996136054248359,linear
505,14_epo,43.0,8.003203055184699,linear
506,14_epo,44.0,8.010270056121042,linear
507,14_epo,45.0,8.017337057057382,linear
508,14_epo,46.0,8.024404057993724,linear
509,14_epo,47.0,8.031471058930064,linear
510,14_epo,48.0,8.038538059866404,linear
511,14_epo,49.0,8.045605060802746,linear
512,14_epo,50.0,8.052672061739088,linear
513,14_epo,51.0,8.05973906267543,linear
514,14_epo,52.0,8.06680606361177,linear
515,14_epo,53.0,8.07387306454811,linear
516,14_epo,54.0,8.080940065484452,linear
517,14_epo,55.00000000000001,8.088007066420793,linear
518,14_epo,56.00000000000001,8.095074067357135,linear
519,14_epo,56.99999999999999,8.102141068293475,linear
520,14_epo,57.99999999999999,8.109208069229815,linear
521,14_epo,59.0,8.116275070166157,linear
522,14_epo,60.0,8.123342071102497,linear
523,14_epo,61.0,8.130409072038841,linear
524,14_epo,62.0,8.137476072975181,linear
525,14_epo,63.0,8.144543073911521,linear
526,14_epo,64.0,8.151610074847863,linear
527,14_epo,65.0,8.158677075784203,linear
528,14_epo,66.0,8.165744076720546,linear
529,14_epo,67.0,8.172811077656887,linear
530,14_epo,68.0,8.179878078593227,linear
531,14_epo,69.0,8.186945079529568,linear
532,14_epo,70.0,8.194012080465908,linear
533,14_epo,71.0,8.20107908140225,linear
534,14_epo,72.0,8.208146082338592,linear
535,14_epo,73.0,8.215213083274932,linear
536,14_epo,74.0,8.222280084211274,linear
537,14_epo,75.0,8.229347085147614,linear
538,14_epo,76.0,8.236414086083956,linear
539,14_epo,77.0,8.243481087020298,linear
540,14_epo,78.0,8.250548087956638,linear
541,14_epo,79.0,8.25761508889298,linear
542,14_epo,80.0,8.26468208982932,linear
543,14_epo,81.0,8.271749090765661,linear
544,14_epo,82.0,8.278816091702002,linear
545,14_epo,83.0,8.285883092638343,linear
546,14_epo,84.0,8.292950093574685,linear
547,14_epo,85.0,8.300017094511025,linear
548,14_epo,86.0,8.307084095447367,linear
549,14_epo,87.0,8.314151096383707,linear
550,14_epo,88.0,8.321218097320049,linear
551,14_epo,89.0,8.32828509825639,linear
552,14_epo,90.0,8.33535209919273,linear
553,14_epo,91.0,8.342419100129073,linear
554,14_epo,92.0,8.349486101065413,linear
555,14_epo,93.0,8.356553102001753,linear
556,14_epo,94.0,8.363620102938096,linear
557,14_epo,95.0,8.370687103874436,linear
558,15_epo,3.0,8.151794547612187,linear
559,15_epo,4.0,8.151812742813243,linear
560,15_epo,5.0,8.1518309380143,linear
561,15_epo,6.0,8.151849133215354,linear
562,15_epo,7.000000000000001,8.15186732841641,linear
563,15_epo,8.0,8.151885523617466,linear
564,15_epo,9.0,8.151903718818522,linear
565,15_epo,10.0,8.151921914019578,linear
566,15_epo,11.0,8.151940109220634,linear
567,15_epo,12.0,8.15195830442169,linear
568,15_epo,13.0,8.151976499622744,linear
569,15_epo,14.000000000000002,8.1519946948238,linear
570,15_epo,15.0,8.152012890024857,linear
571,15_epo,16.0,8.152031085225913,linear
572,15_epo,17.0,8.152049280426969,linear
573,15_epo,18.0,8.152067475628023,linear
574,15_epo,19.0,8.152085670829079,linear
575,15_epo,20.0,8.152103866030135,linear
576,15_epo,21.0,8.152122061231191,linear
577,15_epo,22.0,8.152140256432247,linear
578,15_epo,23.0,8.152158451633303,linear
579,15_epo,24.0,8.15217664683436,linear
580,15_epo,25.0,8.152194842035415,linear
581,15_epo,26.0,8.152213037236471,linear
582,15_epo,27.0,8.152231232437527,linear
583,15_epo,28.000000000000004,8.152249427638584,linear
584,15_epo,28.999999999999996,8.15226762283964,linear
585,15_epo,30.0,8.152285818040694,linear
586,15_epo,31.0,8.15230401324175,linear
587,15_epo,32.0,8.152322208442806,linear
588,15_epo,33.0,8.152340403643862,linear
589,15_epo,34.0,8.152358598844918,linear
590,15_epo,35.0,8.152376794045974,linear
591,15_epo,36.0,8.15239498924703,linear
592,15_epo,37.0,8.152413184448086,linear
593,15_epo,38.0,8.15243137964914,linear
594,15_epo,39.0,8.152449574850197,linear
595,15_epo,40.0,8.152467770051253,linear
596,15_epo,41.0,8.152485965252309,linear
597,15_epo,42.0,8.152504160453363,linear
598,15_epo,43.0,8.152522355654419,linear
599,15_epo,44.0,8.152540550855475,linear
600,15_epo,45.0,8.152558746056531,linear
601,15_epo,46.0,8.152576941257587,linear
602,15_epo,47.0,8.152595136458643,linear
603,15_epo,48.0,8.1526133316597,linear
604,15_epo,49.0,8.152631526860755,linear
605,15_epo,50.0,8.152649722061811,linear
606,15_epo,51.0,8.152667917262868,linear
607,15_epo,52.0,8.152686112463924,linear
608,15_epo,53.0,8.152704307664978,linear
609,15_epo,54.0,8.152722502866034,linear
610,15_epo,55.00000000000001,8.15274069806709,linear
611,15_epo,56.00000000000001,8.152758893268146,linear
612,15_epo,56.99999999999999,8.152777088469202,linear
613,15_epo,57.99999999999999,8.152795283670258,linear
614,15_epo,59.0,8.152813478871314,linear
615,15_epo,60.0,8.15283167407237,linear
616,15_epo,61.0,8.152849869273426,linear
617,15_epo,62.0,8.152868064474482,linear
618,15_epo,63.0,8.152886259675537,linear
619,15_epo,64.0,8.152904454876593,linear
620,15_epo,65.0,8.152922650077647,linear
621,15_epo,66.0,8.152940845278703,linear
622,15_epo,67.0,8.15295904047976,linear
623,15_epo,68.0,8.152977235680815,linear
624,15_epo,69.0,8.152995430881871,linear
625,15_epo,70.0,8.153013626082927,linear
626,15_epo,71.0,8.153031821283983,linear
627,15_epo,72.0,8.15305001648504,linear
628,15_epo,73.0,8.153068211686096,linear
629,15_epo,74.0,8.153086406887152,linear
630,15_epo,75.0,8.153104602088208,linear
631,15_epo,76.0,8.153122797289264,linear
632,15_epo,77.0,8.153140992490318,linear
633,15_epo,78.0,8.153159187691374,linear
634,15_epo,79.0,8.15317738289243,linear
635,15_epo,80.0,8.153195578093486,linear
636,15_epo,81.0,8.153213773294542,linear
637,15_epo,82.0,8.153231968495598,linear
638,15_epo,83.0,8.153250163696654,linear
639,15_epo,84.0,8.15326835889771,linear
640,15_epo,85.0,8.153286554098766,linear
641,15_epo,86.0,8.153304749299823,linear
642,15_epo,87.0,8.153322944500879,linear
643,15_epo,88.0,8.153341139701933,linear
644,15_epo,89.0,8.153359334902987,linear
645,15_epo,90.0,8.153377530104043,linear
646,15_epo,91.0,8.1533957253051,linear
647,15_epo,92.0,8.153413920506155,linear
648,15_epo,93.0,8.153432115707211,linear
649,15_epo,94.0,8.153450310908267,linear
650,15_epo,95.0,8.153468506109323,linear
651,16_epo,3.0,9.499183982312571,linear
652,16_epo,4.0,9.481491605291186,linear
653,16_epo,5.0,9.463799228269803,linear
654,16_epo,6.0,9.446106851248418,linear
655,16_epo,7.000000000000001,9.428414474227035,linear
656,16_epo,8.0,9.410722097205648,linear
657,16_epo,9.0,9.393029720184263,linear
658,16_epo,10.0,9.37533734316288,linear
659,16_epo,11.0,9.357644966141494,linear
660,16_epo,12.0,9.339952589120111,linear
661,16_epo,13.0,9.322260212098724,linear
662,16_epo,14.000000000000002,9.304567835077341,linear
663,16_epo,15.0,9.286875458055956,linear
664,16_epo,16.0,9.269183081034571,linear
665,16_epo,17.0,9.251490704013188,linear
666,16_epo,18.0,9.233798326991801,linear
667,16_epo,19.0,9.216105949970418,linear
668,16_epo,20.0,9.198413572949033,linear
669,16_epo,21.0,9.180721195927648,linear
670,16_epo,22.0,9.163028818906264,linear
671,16_epo,23.0,9.145336441884877,linear
672,16_epo,24.0,9.127644064863494,linear
673,16_epo,25.0,9.10995168784211,linear
674,16_epo,26.0,9.092259310820726,linear
675,16_epo,27.0,9.07456693379934,linear
676,16_epo,28.000000000000004,9.056874556777954,linear
677,16_epo,28.999999999999996,9.03918217975657,linear
678,16_epo,30.0,9.021489802735186,linear
679,16_epo,31.0,9.003797425713802,linear
680,16_epo,32.0,8.986105048692417,linear
681,16_epo,33.0,8.968412671671032,linear
682,16_epo,34.0,8.950720294649647,linear
683,16_epo,35.0,8.933027917628262,linear
684,16_epo,36.0,8.915335540606879,linear
685,16_epo,37.0,8.897643163585494,linear
686,16_epo,38.0,8.879950786564109,linear
687,16_epo,39.0,8.862258409542724,linear
688,16_epo,40.0,8.844566032521339,linear
689,16_epo,41.0,8.826873655499956,linear
690,16_epo,42.0,8.80918127847857,linear
691,16_epo,43.0,8.791488901457186,linear
692,16_epo,44.0,8.7737965244358,linear
693,16_epo,45.0,8.756104147414417,linear
694,16_epo,46.0,8.738411770393032,linear
695,16_epo,47.0,8.720719393371647,linear
696,16_epo,48.0,8.703027016350262,linear
697,16_epo,49.0,8.685334639328877,linear
698,16_epo,50.0,8.667642262307494,linear
699,16_epo,51.0,8.649949885286109,linear
700,16_epo,52.0,8.632257508264722,linear
701,16_epo,53.0,8.614565131243339,linear
702,16_epo,54.0,8.596872754221954,linear
703,16_epo,55.00000000000001,8.57918037720057,linear
704,16_epo,56.00000000000001,8.561488000179185,linear
705,16_epo,56.99999999999999,8.543795623157802,linear
706,16_epo,57.99999999999999,8.526103246136415,linear
707,16_epo,59.0,8.50841086911503,linear
708,16_epo,60.0,8.490718492093647,linear
709,16_epo,61.0,8.473026115072262,linear
710,16_epo,62.0,8.455333738050877,linear
711,16_epo,63.0,8.437641361029492,linear
712,16_epo,64.0,8.419948984008109,linear
713,16_epo,65.0,8.402256606986723,linear
714,16_epo,66.0,8.384564229965338,linear
715,16_epo,67.0,8.366871852943953,linear
716,16_epo,68.0,8.349179475922568,linear
717,16_epo,69.0,8.331487098901185,linear
718,16_epo,70.0,8.3137947218798,linear
719,16_epo,71.0,8.296102344858415,linear
720,16_epo,72.0,8.27840996783703,linear
721,16_epo,73.0,8.260717590815645,linear
722,16_epo,74.0,8.243025213794262,linear
723,16_epo,75.0,8.225332836772877,linear
724,16_epo,76.0,8.207640459751493,linear
725,16_epo,77.0,8.189948082730107,linear
726,16_epo,78.0,8.172255705708722,linear
727,16_epo,79.0,8.154563328687338,linear
728,16_epo,80.0,8.136870951665953,linear
729,16_epo,81.0,8.11917857464457,linear
730,16_epo,82.0,8.101486197623183,linear
731,16_epo,83.0,8.083793820601798,linear
732,16_epo,84.0,8.066101443580415,linear
733,16_epo,85.0,8.04840906655903,linear
734,16_epo,86.0,8.030716689537647,linear
735,16_epo,87.0,8.01302431251626,linear
736,16_epo,88.0,7.9953319354948755,linear
737,16_epo,89.0,7.977639558473491,linear
738,16_epo,90.0,7.959947181452107,linear
739,16_epo,91.0,7.942254804430723,linear
740,16_epo,92.0,7.924562427409336,linear
741,16_epo,93.0,7.906870050387952,linear
742,16_epo,94.0,7.889177673366568,linear
743,16_epo,95.0,7.871485296345184,linear
744,17_epo,3.0,8.478941805358772,linear
745,17_epo,4.0,8.4808953873024,linear
746,17_epo,5.0,8.482848969246026,linear
747,17_epo,6.0,8.484802551189652,linear
748,17_epo,7.000000000000001,8.486756133133278,linear
749,17_epo,8.0,8.488709715076904,linear
750,17_epo,9.0,8.49066329702053,linear
751,17_epo,10.0,8.492616878964157,linear
752,17_epo,11.0,8.494570460907783,linear
753,17_epo,12.0,8.49652404285141,linear
754,17_epo,13.0,8.498477624795036,linear
755,17_epo,14.000000000000002,8.500431206738662,linear
756,17_epo,15.0,8.502384788682289,linear
757,17_epo,16.0,8.504338370625915,linear
758,17_epo,17.0,8.50629195256954,linear
759,17_epo,18.0,8.508245534513165,linear
760,17_epo,19.0,8.510199116456791,linear
761,17_epo,20.0,8.512152698400419,linear
762,17_epo,21.0,8.514106280344045,linear
763,17_epo,22.0,8.51605986228767,linear
764,17_epo,23.0,8.518013444231297,linear
765,17_epo,24.0,8.519967026174923,linear
766,17_epo,25.0,8.521920608118549,linear
767,17_epo,26.0,8.523874190062175,linear
768,17_epo,27.0,8.525827772005801,linear
769,17_epo,28.000000000000004,8.527781353949429,linear
770,17_epo,28.999999999999996,8.529734935893055,linear
771,17_epo,30.0,8.531688517836681,linear
772,17_epo,31.0,8.533642099780307,linear
773,17_epo,32.0,8.535595681723933,linear
774,17_epo,33.0,8.53754926366756,linear
775,17_epo,34.0,8.539502845611185,linear
776,17_epo,35.0,8.54145642755481,linear
777,17_epo,36.0,8.543410009498437,linear
778,17_epo,37.0,8.545363591442063,linear
779,17_epo,38.0,8.54731717338569,linear
780,17_epo,39.0,8.549270755329315,linear
781,17_epo,40.0,8.551224337272942,linear
782,17_epo,41.0,8.553177919216568,linear
783,17_epo,42.0,8.555131501160194,linear
784,17_epo,43.0,8.55708508310382,linear
785,17_epo,44.0,8.559038665047447,linear
786,17_epo,45.0,8.560992246991074,linear
787,17_epo,46.0,8.5629458289347,linear
788,17_epo,47.0,8.564899410878326,linear
789,17_epo,48.0,8.566852992821952,linear
790,17_epo,49.0,8.568806574765578,linear
791,17_epo,50.0,8.570760156709204,linear
792,17_epo,51.0,8.57271373865283,linear
793,17_epo,52.0,8.574667320596456,linear
794,17_epo,53.0,8.576620902540082,linear
795,17_epo,54.0,8.578574484483708,linear
796,17_epo,55.00000000000001,8.580528066427334,linear
797,17_epo,56.00000000000001,8.58248164837096,linear
798,17_epo,56.99999999999999,8.584435230314586,linear
799,17_epo,57.99999999999999,8.586388812258212,linear
800,17_epo,59.0,8.588342394201838,linear
801,17_epo,60.0,8.590295976145466,linear
802,17_epo,61.0,8.592249558089092,linear
803,17_epo,62.0,8.594203140032718,linear
804,17_epo,63.0,8.596156721976344,linear
805,17_epo,64.0,8.59811030391997,linear
806,17_epo,65.0,8.600063885863596,linear
807,17_epo,66.0,8.602017467807222,linear
808,17_epo,67.0,8.603971049750848,linear
809,17_epo,68.0,8.605924631694476,linear
810,17_epo,69.0,8.607878213638102,linear
811,17_epo,70.0,8.609831795581727,linear
812,17_epo,71.0,8.611785377525353,linear
813,17_epo,72.0,8.613738959468979,linear
814,17_epo,73.0,8.615692541412605,linear
815,17_epo,74.0,8.61764612335623,linear
816,17_epo,75.0,8.619599705299857,linear
817,17_epo,76.0,8.621553287243485,linear
818,17_epo,77.0,8.62350686918711,linear
819,17_epo,78.0,8.625460451130737,linear
820,17_epo,79.0,8.627414033074363,linear
821,17_epo,80.0,8.629367615017989,linear
822,17_epo,81.0,8.631321196961615,linear
823,17_epo,82.0,8.63327477890524,linear
824,17_epo,83.0,8.635228360848867,linear
825,17_epo,84.0,8.637181942792495,linear
826,17_epo,85.0,8.63913552473612,linear
827,17_epo,86.0,8.641089106679747,linear
828,17_epo,87.0,8.643042688623371,linear
829,17_epo,88.0,8.644996270566997,linear
830,17_epo,89.0,8.646949852510623,linear
831,17_epo,90.0,8.64890343445425,linear
832,17_epo,91.0,8.650857016397875,linear
833,17_epo,92.0,8.652810598341503,linear
834,17_epo,93.0,8.65476418028513,linear
835,17_epo,94.0,8.656717762228755,linear
836,17_epo,95.0,8.658671344172381,linear
837,18_epo,3.0,9.301748811274072,linear
838,18_epo,4.0,9.286393145352656,linear
839,18_epo,5.0,9.27103747943124,linear
840,18_epo,6.0,9.255681813509822,linear
841,18_epo,7.000000000000001,9.240326147588405,linear
842,18_epo,8.0,9.224970481666988,linear
843,18_epo,9.0,9.20961481574557,linear
844,18_epo,10.0,9.194259149824154,linear
845,18_epo,11.0,9.178903483902738,linear
846,18_epo,12.0,9.163547817981321,linear
847,18_epo,13.0,9.148192152059904,linear
848,18_epo,14.000000000000002,9.132836486138489,linear
849,18_epo,15.0,9.117480820217072,linear
850,18_epo,16.0,9.102125154295654,linear
851,18_epo,17.0,9.08676948837424,linear
852,18_epo,18.0,9.071413822452822,linear
853,18_epo,19.0,9.056058156531405,linear
854,18_epo,20.0,9.040702490609988,linear
855,18_epo,21.0,9.02534682468857,linear
856,18_epo,22.0,9.009991158767154,linear
857,18_epo,23.0,8.994635492845738,linear
858,18_epo,24.0,8.979279826924321,linear
859,18_epo,25.0,8.963924161002904,linear
860,18_epo,26.0,8.948568495081487,linear
861,18_epo,27.0,8.93321282916007,linear
862,18_epo,28.000000000000004,8.917857163238653,linear
863,18_epo,28.999999999999996,8.902501497317235,linear
864,18_epo,30.0,8.88714583139582,linear
865,18_epo,31.0,8.871790165474403,linear
866,18_epo,32.0,8.856434499552986,linear
867,18_epo,33.0,8.841078833631569,linear
868,18_epo,34.0,8.825723167710152,linear
869,18_epo,35.0,8.810367501788734,linear
870,18_epo,36.0,8.795011835867319,linear
871,18_epo,37.0,8.779656169945902,linear
872,18_epo,38.0,8.764300504024485,linear
873,18_epo,39.0,8.748944838103068,linear
874,18_epo,40.0,8.73358917218165,linear
875,18_epo,41.0,8.718233506260233,linear
876,18_epo,42.0,8.702877840338818,linear
877,18_epo,43.0,8.687522174417403,linear
878,18_epo,44.0,8.672166508495986,linear
879,18_epo,45.0,8.656810842574568,linear
880,18_epo,46.0,8.641455176653151,linear
881,18_epo,47.0,8.626099510731734,linear
882,18_epo,48.0,8.610743844810317,linear
883,18_epo,49.0,8.595388178888902,linear
884,18_epo,50.0,8.580032512967485,linear
885,18_epo,51.0,8.564676847046067,linear
886,18_epo,52.0,8.54932118112465,linear
887,18_epo,53.0,8.533965515203233,linear
888,18_epo,54.0,8.518609849281816,linear
889,18_epo,55.00000000000001,8.503254183360399,linear
890,18_epo,56.00000000000001,8.487898517438984,linear
891,18_epo,56.99999999999999,8.472542851517566,linear
892,18_epo,57.99999999999999,8.45718718559615,linear
893,18_epo,59.0,8.441831519674732,linear
894,18_epo,60.0,8.426475853753315,linear
895,18_epo,61.0,8.411120187831898,linear
896,18_epo,62.0,8.395764521910483,linear
897,18_epo,63.0,8.380408855989065,linear
898,18_epo,64.0,8.365053190067648,linear
899,18_epo,65.0,8.349697524146231,linear
900,18_epo,66.0,8.334341858224814,linear
901,18_epo,67.0,8.318986192303397,linear
902,18_epo,68.0,8.303630526381982,linear
903,18_epo,69.0,8.288274860460566,linear
904,18_epo,70.0,8.27291919453915,linear
905,18_epo,71.0,8.257563528617732,linear
906,18_epo,72.0,8.242207862696315,linear
907,18_epo,73.0,8.226852196774898,linear
908,18_epo,74.0,8.21149653085348,linear
909,18_epo,75.0,8.196140864932065,linear
910,18_epo,76.0,8.180785199010648,linear
911,18_epo,77.0,8.165429533089231,linear
912,18_epo,78.0,8.150073867167814,linear
913,18_epo,79.0,8.134718201246397,linear
914,18_epo,80.0,8.11936253532498,linear
915,18_epo,81.0,8.104006869403564,linear
916,18_epo,82.0,8.088651203482147,linear
917,18_epo,83.0,8.07329553756073,linear
918,18_epo,84.0,8.057939871639313,linear
919,18_epo,85.0,8.042584205717896,linear
920,18_epo,86.0,8.027228539796479,linear
921,18_epo,87.0,8.011872873875062,linear
922,18_epo,88.0,7.996517207953645,linear
923,18_epo,89.0,7.981161542032229,linear
924,18_epo,90.0,7.965805876110812,linear
925,18_epo,91.0,7.950450210189395,linear
926,18_epo,92.0,7.935094544267978,linear
927,18_epo,93.0,7.919738878346561,linear
928,18_epo,94.0,7.904383212425144,linear
929,18_epo,95.0,7.889027546503727,linear
930,19_epo,3.0,8.158027414297258,linear
931,19_epo,4.0,8.159888921464333,linear
932,19_epo,5.0,8.161750428631407,linear
933,19_epo,6.0,8.163611935798482,linear
934,19_epo,7.000000000000001,8.165473442965556,linear
935,19_epo,8.0,8.16733495013263,linear
936,19_epo,9.0,8.169196457299705,linear
937,19_epo,10.0,8.17105796446678,linear
938,19_epo,11.0,8.172919471633852,linear
939,19_epo,12.0,8.174780978800927,linear
940,19_epo,13.0,8.176642485968001,linear
941,19_epo,14.000000000000002,8.178503993135076,linear
942,19_epo,15.0,8.18036550030215,linear
943,19_epo,16.0,8.182227007469224,linear
944,19_epo,17.0,8.184088514636299,linear
945,19_epo,18.0,8.185950021803373,linear
946,19_epo,19.0,8.18781152897045,linear
947,19_epo,20.0,8.189673036137524,linear
948,19_epo,21.0,8.191534543304599,linear
949,19_epo,22.0,8.193396050471673,linear
950,19_epo,23.0,8.195257557638747,linear
951,19_epo,24.0,8.197119064805822,linear
952,19_epo,25.0,8.198980571972896,linear
953,19_epo,26.0,8.20084207913997,linear
954,19_epo,27.0,8.202703586307045,linear
955,19_epo,28.000000000000004,8.20456509347412,linear
956,19_epo,28.999999999999996,8.206426600641194,linear
957,19_epo,30.0,8.208288107808269,linear
958,19_epo,31.0,8.210149614975343,linear
959,19_epo,32.0,8.212011122142416,linear
960,19_epo,33.0,8.21387262930949,linear
961,19_epo,34.0,8.215734136476565,linear
962,19_epo,35.0,8.217595643643639,linear
963,19_epo,36.0,8.219457150810713,linear
964,19_epo,37.0,8.221318657977788,linear
965,19_epo,38.0,8.223180165144862,linear
966,19_epo,39.0,8.225041672311937,linear
967,19_epo,40.0,8.226903179479013,linear
968,19_epo,41.0,8.228764686646088,linear
969,19_epo,42.0,8.230626193813162,linear
970,19_epo,43.0,8.232487700980236,linear
971,19_epo,44.0,8.23434920814731,linear
972,19_epo,45.0,8.236210715314385,linear
973,19_epo,46.0,8.23807222248146,linear
974,19_epo,47.0,8.239933729648534,linear
975,19_epo,48.0,8.241795236815609,linear
976,19_epo,49.0,8.243656743982683,linear
977,19_epo,50.0,8.245518251149758,linear
978,19_epo,51.0,8.247379758316832,linear
979,19_epo,52.0,8.249241265483906,linear
980,19_epo,53.0,8.25110277265098,linear
981,19_epo,54.0,8.252964279818054,linear
982,19_epo,55.00000000000001,8.254825786985128,linear
983,19_epo,56.00000000000001,8.256687294152202,linear
984,19_epo,56.99999999999999,8.258548801319277,linear
985,19_epo,57.99999999999999,8.260410308486351,linear
986,19_epo,59.0,8.262271815653426,linear
987,19_epo,60.0,8.2641333228205,linear
988,19_epo,61.0,8.265994829987577,linear
989,19_epo,62.0,8.267856337154651,linear
990,19_epo,63.0,8.269717844321725,linear
991,19_epo,64.0,8.2715793514888,linear
992,19_epo,65.0,8.273440858655874,linear
993,19_epo,66.0,8.275302365822949,linear
994,19_epo,67.0,8.277163872990023,linear
995,19_epo,68.0,8.279025380157098,linear
996,19_epo,69.0,8.280886887324172,linear
997,19_epo,70.0,8.282748394491247,linear
998,19_epo,71.0,8.284609901658321,linear
999,19_epo,72.0,8.286471408825395,linear
1000,19_epo,73.0,8.288332915992468,linear
1001,19_epo,74.0,8.290194423159543,linear
1002,19_epo,75.0,8.292055930326617,linear
1003,19_epo,76.0,8.293917437493691,linear
1004,19_epo,77.0,8.295778944660766,linear
1005,19_epo,78.0,8.29764045182784,linear
1006,19_epo,79.0,8.299501958994915,linear
1007,19_epo,80.0,8.30136346616199,linear
1008,19_epo,81.0,8.303224973329064,linear
1009,19_epo,82.0,8.30508648049614,linear
1010,19_epo,83.0,8.306947987663214,linear
1011,19_epo,84.0,8.308809494830289,linear
1012,19_epo,85.0,8.310671001997363,linear
1013,19_epo,86.0,8.312532509164438,linear
1014,19_epo,87.0,8.314394016331512,linear
1015,19_epo,88.0,8.316255523498587,linear
1016,19_epo,89.0,8.318117030665661,linear
1017,19_epo,90.0,8.319978537832736,linear
1018,19_epo,91.0,8.32184004499981,linear
1019,19_epo,92.0,8.323701552166884,linear
1020,19_epo,93.0,8.325563059333959,linear
1021,19_epo,94.0,8.327424566501032,linear
1022,19_epo,95.0,8.329286073668106,linear
1023,1_epo,3.0,7.12560515019751,linear
1024,1_epo,4.0,7.13791099140639,linear
1025,1_epo,5.0,7.1502168326152695,linear
1026,1_epo,6.0,7.162522673824149,linear
1027,1_epo,7.000000000000001,7.174828515033028,linear
1028,1_epo,8.0,7.187134356241909,linear
1029,1_epo,9.0,7.199440197450788,linear
1030,1_epo,10.0,7.211746038659668,linear
1031,1_epo,11.0,7.224051879868548,linear
1032,1_epo,12.0,7.236357721077428,linear
1033,1_epo,13.0,7.248663562286308,linear
1034,1_epo,14.000000000000002,7.260969403495188,linear
1035,1_epo,15.0,7.273275244704067,linear
1036,1_epo,16.0,7.2855810859129475,linear
1037,1_epo,17.0,7.2978869271218265,linear
1038,1_epo,18.0,7.310192768330706,linear
1039,1_epo,19.0,7.322498609539585,linear
1040,1_epo,20.0,7.334804450748466,linear
1041,1_epo,21.0,7.347110291957346,linear
1042,1_epo,22.0,7.359416133166225,linear
1043,1_epo,23.0,7.371721974375105,linear
1044,1_epo,24.0,7.384027815583986,linear
1045,1_epo,25.0,7.396333656792865,linear
1046,1_epo,26.0,7.408639498001745,linear
1047,1_epo,27.0,7.420945339210624,linear
1048,1_epo,28.000000000000004,7.4332511804195045,linear
1049,1_epo,28.999999999999996,7.4455570216283835,linear
1050,1_epo,30.0,7.457862862837263,linear
1051,1_epo,31.0,7.470168704046143,linear
1052,1_epo,32.0,7.482474545255023,linear
1053,1_epo,33.0,7.494780386463903,linear
1054,1_epo,34.0,7.507086227672783,linear
1055,1_epo,35.0,7.519392068881662,linear
1056,1_epo,36.0,7.531697910090543,linear
1057,1_epo,37.0,7.544003751299422,linear
1058,1_epo,38.0,7.556309592508302,linear
1059,1_epo,39.0,7.568615433717182,linear
1060,1_epo,40.0,7.5809212749260615,linear
1061,1_epo,41.0,7.593227116134941,linear
1062,1_epo,42.0,7.60553295734382,linear
1063,1_epo,43.0,7.6178387985527,linear
1064,1_epo,44.0,7.630144639761581,linear
1065,1_epo,45.0,7.64245048097046,linear
1066,1_epo,46.0,7.65475632217934,linear
1067,1_epo,47.0,7.667062163388219,linear
1068,1_epo,48.0,7.6793680045971,linear
1069,1_epo,49.0,7.69167384580598,linear
1070,1_epo,50.0,7.703979687014859,linear
1071,1_epo,51.0,7.716285528223739,linear
1072,1_epo,52.0,7.7285913694326185,linear
1073,1_epo,53.0,7.740897210641498,linear
1074,1_epo,54.0,7.753203051850378,linear
1075,1_epo,55.00000000000001,7.765508893059257,linear
1076,1_epo,56.00000000000001,7.777814734268138,linear
1077,1_epo,56.99999999999999,7.790120575477017,linear
1078,1_epo,57.99999999999999,7.802426416685897,linear
1079,1_epo,59.0,7.814732257894776,linear
1080,1_epo,60.0,7.827038099103658,linear
1081,1_epo,61.0,7.839343940312537,linear
1082,1_epo,62.0,7.851649781521416,linear
1083,1_epo,63.0,7.8639556227302965,linear
1084,1_epo,64.0,7.876261463939176,linear
1085,1_epo,65.0,7.888567305148055,linear
1086,1_epo,66.0,7.900873146356936,linear
1087,1_epo,67.0,7.913178987565815,linear
1088,1_epo,68.0,7.925484828774695,linear
1089,1_epo,69.0,7.937790669983574,linear
1090,1_epo,70.0,7.950096511192455,linear
1091,1_epo,71.0,7.962402352401334,linear
1092,1_epo,72.0,7.974708193610214,linear
1093,1_epo,73.0,7.9870140348190946,linear
1094,1_epo,74.0,7.999319876027974,linear
1095,1_epo,75.0,8.011625717236853,linear
1096,1_epo,76.0,8.023931558445732,linear
1097,1_epo,77.0,8.036237399654613,linear
1098,1_epo,78.0,8.048543240863493,linear
1099,1_epo,79.0,8.060849082072371,linear
1100,1_epo,80.0,8.073154923281253,linear
1101,1_epo,81.0,8.085460764490131,linear
1102,1_epo,82.0,8.097766605699011,linear
1103,1_epo,83.0,8.110072446907893,linear
1104,1_epo,84.0,8.12237828811677,linear
1105,1_epo,85.0,8.13468412932565,linear
1106,1_epo,86.0,8.146989970534532,linear
1107,1_epo,87.0,8.15929581174341,linear
1108,1_epo,88.0,8.17160165295229,linear
1109,1_epo,89.0,8.183907494161168,linear
1110,1_epo,90.0,8.19621333537005,linear
1111,1_epo,91.0,8.20851917657893,linear
1112,1_epo,92.0,8.220825017787808,linear
1113,1_epo,93.0,8.23313085899669,linear
1114,1_epo,94.0,8.24543670020557,linear
1115,1_epo,95.0,8.257742541414448,linear
1116,20_epo,3.0,8.621977259393892,linear
1117,20_epo,4.0,8.615537973190806,linear
1118,20_epo,5.0,8.609098686987718,linear
1119,20_epo,6.0,8.60265940078463,linear
1120,20_epo,7.000000000000001,8.596220114581541,linear
1121,20_epo,8.0,8.589780828378453,linear
1122,20_epo,9.0,8.583341542175365,linear
1123,20_epo,10.0,8.576902255972277,linear
1124,20_epo,11.0,8.57046296976919,linear
1125,20_epo,12.0,8.564023683566102,linear
1126,20_epo,13.0,8.557584397363012,linear
1127,20_epo,14.000000000000002,8.551145111159924,linear
1128,20_epo,15.0,8.544705824956838,linear
1129,20_epo,16.0,8.53826653875375,linear
1130,20_epo,17.0,8.531827252550661,linear
1131,20_epo,18.0,8.525387966347571,linear
1132,20_epo,19.0,8.518948680144485,linear
1133,20_epo,20.0,8.512509393941396,linear
1134,20_epo,21.0,8.506070107738308,linear
1135,20_epo,22.0,8.499630821535222,linear
1136,20_epo,23.0,8.493191535332132,linear
1137,20_epo,24.0,8.486752249129044,linear
1138,20_epo,25.0,8.480312962925955,linear
1139,20_epo,26.0,8.473873676722869,linear
1140,20_epo,27.0,8.46743439051978,linear
1141,20_epo,28.000000000000004,8.46099510431669,linear
1142,20_epo,28.999999999999996,8.454555818113604,linear
1143,20_epo,30.0,8.448116531910516,linear
1144,20_epo,31.0,8.441677245707428,linear
1145,20_epo,32.0,8.43523795950434,linear
1146,20_epo,33.0,8.428798673301252,linear
1147,20_epo,34.0,8.422359387098163,linear
1148,20_epo,35.0,8.415920100895075,linear
1149,20_epo,36.0,8.409480814691987,linear
1150,20_epo,37.0,8.4030415284889,linear
1151,20_epo,38.0,8.396602242285812,linear
1152,20_epo,39.0,8.390162956082722,linear
1153,20_epo,40.0,8.383723669879636,linear
1154,20_epo,41.0,8.377284383676548,linear
1155,20_epo,42.0,8.37084509747346,linear
1156,20_epo,43.0,8.364405811270371,linear
1157,20_epo,44.0,8.357966525067283,linear
1158,20_epo,45.0,8.351527238864195,linear
1159,20_epo,46.0,8.345087952661107,linear
1160,20_epo,47.0,8.33864866645802,linear
1161,20_epo,48.0,8.332209380254932,linear
1162,20_epo,49.0,8.325770094051842,linear
1163,20_epo,50.0,8.319330807848754,linear
1164,20_epo,51.0,8.312891521645668,linear
1165,20_epo,52.0,8.30645223544258,linear
1166,20_epo,53.0,8.300012949239491,linear
1167,20_epo,54.0,8.293573663036401,linear
1168,20_epo,55.00000000000001,8.287134376833315,linear
1169,20_epo,56.00000000000001,8.280695090630227,linear
1170,20_epo,56.99999999999999,8.274255804427138,linear
1171,20_epo,57.99999999999999,8.267816518224052,linear
1172,20_epo,59.0,8.261377232020962,linear
1173,20_epo,60.0,8.254937945817874,linear
1174,20_epo,61.0,8.248498659614786,linear
1175,20_epo,62.0,8.2420593734117,linear
1176,20_epo,63.0,8.235620087208611,linear
1177,20_epo,64.0,8.229180801005521,linear
1178,20_epo,65.0,8.222741514802435,linear
1179,20_epo,66.0,8.216302228599346,linear
1180,20_epo,67.0,8.209862942396258,linear
1181,20_epo,68.0,8.20342365619317,linear
1182,20_epo,69.0,8.196984369990082,linear
1183,20_epo,70.0,8.190545083786994,linear
1184,20_epo,71.0,8.184105797583905,linear
1185,20_epo,72.0,8.177666511380817,linear
1186,20_epo,73.0,8.17122722517773,linear
1187,20_epo,74.0,8.16478793897464,linear
1188,20_epo,75.0,8.158348652771553,linear
1189,20_epo,76.0,8.151909366568466,linear
1190,20_epo,77.0,8.145470080365378,linear
1191,20_epo,78.0,8.13903079416229,linear
1192,20_epo,79.0,8.1325915079592,linear
1193,20_epo,80.0,8.126152221756113,linear
1194,20_epo,81.0,8.119712935553025,linear
1195,20_epo,82.0,8.113273649349937,linear
1196,20_epo,83.0,8.10683436314685,linear
1197,20_epo,84.0,8.10039507694376,linear
1198,20_epo,85.0,8.093955790740672,linear
1199,20_epo,86.0,8.087516504537584,linear
1200,20_epo,87.0,8.081077218334498,linear
1201,20_epo,88.0,8.07463793213141,linear
1202,20_epo,89.0,8.06819864592832,linear
1203,20_epo,90.0,8.061759359725233,linear
1204,20_epo,91.0,8.055320073522145,linear
1205,20_epo,92.0,8.048880787319057,linear
1206,20_epo,93.0,8.042441501115968,linear
1207,20_epo,94.0,8.03600221491288,linear
1208,20_epo,95.0,8.029562928709792,linear
1209,21_epo,3.0,9.116892158304134,linear
1210,21_epo,4.0,9.1135700179218,linear
1211,21_epo,5.0,9.11024787753947,linear
1212,21_epo,6.0,9.106925737157137,linear
1213,21_epo,7.000000000000001,9.103603596774805,linear
1214,21_epo,8.0,9.100281456392473,linear
1215,21_epo,9.0,9.09695931601014,linear
1216,21_epo,10.0,9.093637175627807,linear
1217,21_epo,11.0,9.090315035245474,linear
1218,21_epo,12.0,9.086992894863142,linear
1219,21_epo,13.0,9.08367075448081,linear
1220,21_epo,14.000000000000002,9.080348614098478,linear
1221,21_epo,15.0,9.077026473716147,linear
1222,21_epo,16.0,9.073704333333813,linear
1223,21_epo,17.0,9.070382192951481,linear
1224,21_epo,18.0,9.067060052569149,linear
1225,21_epo,19.0,9.063737912186816,linear
1226,21_epo,20.0,9.060415771804484,linear
1227,21_epo,21.0,9.057093631422152,linear
1228,21_epo,22.0,9.053771491039818,linear
1229,21_epo,23.0,9.050449350657486,linear
1230,21_epo,24.0,9.047127210275153,linear
1231,21_epo,25.0,9.043805069892823,linear
1232,21_epo,26.0,9.04048292951049,linear
1233,21_epo,27.0,9.037160789128158,linear
1234,21_epo,28.000000000000004,9.033838648745824,linear
1235,21_epo,28.999999999999996,9.030516508363492,linear
1236,21_epo,30.0,9.02719436798116,linear
1237,21_epo,31.0,9.023872227598828,linear
1238,21_epo,32.0,9.020550087216495,linear
1239,21_epo,33.0,9.017227946834163,linear
1240,21_epo,34.0,9.01390580645183,linear
1241,21_epo,35.0,9.010583666069499,linear
1242,21_epo,36.0,9.007261525687166,linear
1243,21_epo,37.0,9.003939385304834,linear
1244,21_epo,38.0,9.000617244922502,linear
1245,21_epo,39.0,8.99729510454017,linear
1246,21_epo,40.0,8.993972964157836,linear
1247,21_epo,41.0,8.990650823775503,linear
1248,21_epo,42.0,8.987328683393171,linear
1249,21_epo,43.0,8.984006543010839,linear
1250,21_epo,44.0,8.980684402628507,linear
1251,21_epo,45.0,8.977362262246176,linear
1252,21_epo,46.0,8.974040121863842,linear
1253,21_epo,47.0,8.97071798148151,linear
1254,21_epo,48.0,8.967395841099178,linear
1255,21_epo,49.0,8.964073700716845,linear
1256,21_epo,50.0,8.960751560334513,linear
1257,21_epo,51.0,8.957429419952181,linear
1258,21_epo,52.0,8.954107279569847,linear
1259,21_epo,53.0,8.950785139187515,linear
1260,21_epo,54.0,8.947462998805182,linear
1261,21_epo,55.00000000000001,8.944140858422852,linear
1262,21_epo,56.00000000000001,8.94081871804052,linear
1263,21_epo,56.99999999999999,8.937496577658187,linear
1264,21_epo,57.99999999999999,8.934174437275853,linear
1265,21_epo,59.0,8.930852296893521,linear
1266,21_epo,60.0,8.927530156511189,linear
1267,21_epo,61.0,8.924208016128857,linear
1268,21_epo,62.0,8.920885875746524,linear
1269,21_epo,63.0,8.917563735364192,linear
1270,21_epo,64.0,8.914241594981858,linear
1271,21_epo,65.0,8.910919454599528,linear
1272,21_epo,66.0,8.907597314217195,linear
1273,21_epo,67.0,8.904275173834863,linear
1274,21_epo,68.0,8.90095303345253,linear
1275,21_epo,69.0,8.897630893070199,linear
1276,21_epo,70.0,8.894308752687865,linear
1277,21_epo,71.0,8.890986612305532,linear
1278,21_epo,72.0,8.8876644719232,linear
1279,21_epo,73.0,8.884342331540868,linear
1280,21_epo,74.0,8.881020191158537,linear
1281,21_epo,75.0,8.877698050776205,linear
1282,21_epo,76.0,8.874375910393871,linear
1283,21_epo,77.0,8.871053770011539,linear
1284,21_epo,78.0,8.867731629629207,linear
1285,21_epo,79.0,8.864409489246874,linear
1286,21_epo,80.0,8.861087348864542,linear
1287,21_epo,81.0,8.85776520848221,linear
1288,21_epo,82.0,8.854443068099876,linear
1289,21_epo,83.0,8.851120927717544,linear
1290,21_epo,84.0,8.847798787335213,linear
1291,21_epo,85.0,8.84447664695288,linear
1292,21_epo,86.0,8.841154506570549,linear
1293,21_epo,87.0,8.837832366188216,linear
1294,21_epo,88.0,8.834510225805882,linear
1295,21_epo,89.0,8.83118808542355,linear
1296,21_epo,90.0,8.827865945041218,linear
1297,21_epo,91.0,8.824543804658886,linear
1298,21_epo,92.0,8.821221664276553,linear
1299,21_epo,93.0,8.817899523894221,linear
1300,21_epo,94.0,8.814577383511889,linear
1301,21_epo,95.0,8.811255243129557,linear
1302,22_epo,3.0,9.673285564904232,linear
1303,22_epo,4.0,9.668883574318238,linear
1304,22_epo,5.0,9.664481583732247,linear
1305,22_epo,6.0,9.660079593146257,linear
1306,22_epo,7.000000000000001,9.655677602560264,linear
1307,22_epo,8.0,9.651275611974272,linear
1308,22_epo,9.0,9.64687362138828,linear
1309,22_epo,10.0,9.642471630802289,linear
1310,22_epo,11.0,9.638069640216298,linear
1311,22_epo,12.0,9.633667649630304,linear
1312,22_epo,13.0,9.629265659044314,linear
1313,22_epo,14.000000000000002,9.624863668458323,linear
1314,22_epo,15.0,9.62046167787233,linear
1315,22_epo,16.0,9.616059687286338,linear
1316,22_epo,17.0,9.611657696700346,linear
1317,22_epo,18.0,9.607255706114355,linear
1318,22_epo,19.0,9.602853715528363,linear
1319,22_epo,20.0,9.598451724942372,linear
1320,22_epo,21.0,9.59404973435638,linear
1321,22_epo,22.0,9.589647743770387,linear
1322,22_epo,23.0,9.585245753184395,linear
1323,22_epo,24.0,9.580843762598406,linear
1324,22_epo,25.0,9.576441772012412,linear
1325,22_epo,26.0,9.57203978142642,linear
1326,22_epo,27.0,9.567637790840429,linear
1327,22_epo,28.000000000000004,9.563235800254438,linear
1328,22_epo,28.999999999999996,9.558833809668446,linear
1329,22_epo,30.0,9.554431819082453,linear
1330,22_epo,31.0,9.550029828496463,linear
1331,22_epo,32.0,9.545627837910471,linear
1332,22_epo,33.0,9.541225847324478,linear
1333,22_epo,34.0,9.536823856738486,linear
1334,22_epo,35.0,9.532421866152495,linear
1335,22_epo,36.0,9.528019875566503,linear
1336,22_epo,37.0,9.523617884980512,linear
1337,22_epo,38.0,9.51921589439452,linear
1338,22_epo,39.0,9.514813903808529,linear
1339,22_epo,40.0,9.510411913222535,linear
1340,22_epo,41.0,9.506009922636544,linear
1341,22_epo,42.0,9.501607932050554,linear
1342,22_epo,43.0,9.49720594146456,linear
1343,22_epo,44.0,9.492803950878569,linear
1344,22_epo,45.0,9.48840196029258,linear
1345,22_epo,46.0,9.483999969706586,linear
1346,22_epo,47.0,9.479597979120594,linear
1347,22_epo,48.0,9.475195988534601,linear
1348,22_epo,49.0,9.470793997948611,linear
1349,22_epo,50.0,9.46639200736262,linear
1350,22_epo,51.0,9.461990016776626,linear
1351,22_epo,52.0,9.457588026190637,linear
1352,22_epo,53.0,9.453186035604643,linear
1353,22_epo,54.0,9.448784045018652,linear
1354,22_epo,55.00000000000001,9.44438205443266,linear
1355,22_epo,56.00000000000001,9.439980063846669,linear
1356,22_epo,56.99999999999999,9.435578073260677,linear
1357,22_epo,57.99999999999999,9.431176082674686,linear
1358,22_epo,59.0,9.426774092088694,linear
1359,22_epo,60.0,9.422372101502702,linear
1360,22_epo,61.0,9.417970110916709,linear
1361,22_epo,62.0,9.413568120330718,linear
1362,22_epo,63.0,9.409166129744728,linear
1363,22_epo,64.0,9.404764139158734,linear
1364,22_epo,65.0,9.400362148572743,linear
1365,22_epo,66.0,9.395960157986751,linear
1366,22_epo,67.0,9.39155816740076,linear
1367,22_epo,68.0,9.387156176814768,linear
1368,22_epo,69.0,9.382754186228775,linear
1369,22_epo,70.0,9.378352195642785,linear
1370,22_epo,71.0,9.373950205056794,linear
1371,22_epo,72.0,9.3695482144708,linear
1372,22_epo,73.0,9.365146223884809,linear
1373,22_epo,74.0,9.360744233298817,linear
1374,22_epo,75.0,9.356342242712826,linear
1375,22_epo,76.0,9.351940252126834,linear
1376,22_epo,77.0,9.347538261540842,linear
1377,22_epo,78.0,9.34313627095485,linear
1378,22_epo,79.0,9.338734280368858,linear
1379,22_epo,80.0,9.334332289782866,linear
1380,22_epo,81.0,9.329930299196876,linear
1381,22_epo,82.0,9.325528308610883,linear
1382,22_epo,83.0,9.321126318024891,linear
1383,22_epo,84.0,9.3167243274389,linear
1384,22_epo,85.0,9.312322336852908,linear
1385,22_epo,86.0,9.307920346266917,linear
1386,22_epo,87.0,9.303518355680923,linear
1387,22_epo,88.0,9.299116365094934,linear
1388,22_epo,89.0,9.29471437450894,linear
1389,22_epo,90.0,9.290312383922949,linear
1390,22_epo,91.0,9.285910393336959,linear
1391,22_epo,92.0,9.281508402750966,linear
1392,22_epo,93.0,9.277106412164974,linear
1393,22_epo,94.0,9.272704421578982,linear
1394,22_epo,95.0,9.268302430992991,linear
1395,23_epo,3.0,7.312796337262271,linear
1396,23_epo,4.0,7.312756778656597,linear
1397,23_epo,5.0,7.312717220050923,linear
1398,23_epo,6.0,7.31267766144525,linear
1399,23_epo,7.000000000000001,7.312638102839577,linear
1400,23_epo,8.0,7.312598544233904,linear
1401,23_epo,9.0,7.312558985628231,linear
1402,23_epo,10.0,7.312519427022557,linear
1403,23_epo,11.0,7.312479868416884,linear
1404,23_epo,12.0,7.31244030981121,linear
1405,23_epo,13.0,7.312400751205536,linear
1406,23_epo,14.000000000000002,7.312361192599863,linear
1407,23_epo,15.0,7.312321633994189,linear
1408,23_epo,16.0,7.3122820753885165,linear
1409,23_epo,17.0,7.3122425167828435,linear
1410,23_epo,18.0,7.31220295817717,linear
1411,23_epo,19.0,7.312163399571497,linear
1412,23_epo,20.0,7.312123840965823,linear
1413,23_epo,21.0,7.312084282360149,linear
1414,23_epo,22.0,7.312044723754476,linear
1415,23_epo,23.0,7.312005165148802,linear
1416,23_epo,24.0,7.311965606543129,linear
1417,23_epo,25.0,7.311926047937456,linear
1418,23_epo,26.0,7.3118864893317825,linear
1419,23_epo,27.0,7.31184693072611,linear
1420,23_epo,28.000000000000004,7.311807372120436,linear
1421,23_epo,28.999999999999996,7.311767813514763,linear
1422,23_epo,30.0,7.311728254909089,linear
1423,23_epo,31.0,7.311688696303415,linear
1424,23_epo,32.0,7.311649137697742,linear
1425,23_epo,33.0,7.311609579092068,linear
1426,23_epo,34.0,7.311570020486395,linear
1427,23_epo,35.0,7.311530461880722,linear
1428,23_epo,36.0,7.311490903275049,linear
1429,23_epo,37.0,7.311451344669376,linear
1430,23_epo,38.0,7.311411786063702,linear
1431,23_epo,39.0,7.311372227458028,linear
1432,23_epo,40.0,7.311332668852355,linear
1433,23_epo,41.0,7.311293110246681,linear
1434,23_epo,42.0,7.311253551641008,linear
1435,23_epo,43.0,7.311213993035335,linear
1436,23_epo,44.0,7.311174434429661,linear
1437,23_epo,45.0,7.3111348758239885,linear
1438,23_epo,46.0,7.311095317218315,linear
1439,23_epo,47.0,7.311055758612641,linear
1440,23_epo,48.0,7.311016200006968,linear
1441,23_epo,49.0,7.310976641401294,linear
1442,23_epo,50.0,7.310937082795621,linear
1443,23_epo,51.0,7.310897524189948,linear
1444,23_epo,52.0,7.310857965584274,linear
1445,23_epo,53.0,7.310818406978601,linear
1446,23_epo,54.0,7.3107788483729275,linear
1447,23_epo,55.00000000000001,7.310739289767254,linear
1448,23_epo,56.00000000000001,7.310699731161581,linear
1449,23_epo,56.99999999999999,7.310660172555907,linear
1450,23_epo,57.99999999999999,7.310620613950234,linear
1451,23_epo,59.0,7.310581055344561,linear
1452,23_epo,60.0,7.310541496738887,linear
1453,23_epo,61.0,7.310501938133214,linear
1454,23_epo,62.0,7.31046237952754,linear
1455,23_epo,63.0,7.3104228209218665,linear
1456,23_epo,64.0,7.3103832623161935,linear
1457,23_epo,65.0,7.31034370371052,linear
1458,23_epo,66.0,7.310304145104847,linear
1459,23_epo,67.0,7.310264586499174,linear
1460,23_epo,68.0,7.3102250278935,linear
1461,23_epo,69.0,7.310185469287827,linear
1462,23_epo,70.0,7.310145910682153,linear
1463,23_epo,71.0,7.310106352076479,linear
1464,23_epo,72.0,7.310066793470806,linear
1465,23_epo,73.0,7.3100272348651325,linear
1466,23_epo,74.0,7.3099876762594596,linear
1467,23_epo,75.0,7.309948117653786,linear
1468,23_epo,76.0,7.309908559048113,linear
1469,23_epo,77.0,7.30986900044244,linear
1470,23_epo,78.0,7.309829441836766,linear
1471,23_epo,79.0,7.309789883231093,linear
1472,23_epo,80.0,7.309750324625419,linear
1473,23_epo,81.0,7.309710766019745,linear
1474,23_epo,82.0,7.309671207414072,linear
1475,23_epo,83.0,7.3096316488083986,linear
1476,23_epo,84.0,7.309592090202726,linear
1477,23_epo,85.0,7.309552531597053,linear
1478,23_epo,86.0,7.309512972991379,linear
1479,23_epo,87.0,7.309473414385706,linear
1480,23_epo,88.0,7.309433855780032,linear
1481,23_epo,89.0,7.309394297174358,linear
1482,23_epo,90.0,7.309354738568685,linear
1483,23_epo,91.0,7.309315179963011,linear
1484,23_epo,92.0,7.309275621357338,linear
1485,23_epo,93.0,7.3092360627516655,linear
1486,23_epo,94.0,7.309196504145992,linear
1487,23_epo,95.0,7.309156945540319,linear
1488,24_epo,3.0,8.20902369832098,linear
1489,24_epo,4.0,8.212225002377393,linear
1490,24_epo,5.0,8.215426306433804,linear
1491,24_epo,6.0,8.218627610490216,linear
1492,24_epo,7.000000000000001,8.221828914546629,linear
1493,24_epo,8.0,8.22503021860304,linear
1494,24_epo,9.0,8.228231522659451,linear
1495,24_epo,10.0,8.231432826715864,linear
1496,24_epo,11.0,8.234634130772276,linear
1497,24_epo,12.0,8.237835434828687,linear
1498,24_epo,13.0,8.2410367388851,linear
1499,24_epo,14.000000000000002,8.244238042941513,linear
1500,24_epo,15.0,8.247439346997924,linear
1501,24_epo,16.0,8.250640651054335,linear
1502,24_epo,17.0,8.25384195511075,linear
1503,24_epo,18.0,8.25704325916716,linear
1504,24_epo,19.0,8.260244563223571,linear
1505,24_epo,20.0,8.263445867279984,linear
1506,24_epo,21.0,8.266647171336396,linear
1507,24_epo,22.0,8.269848475392807,linear
1508,24_epo,23.0,8.27304977944922,linear
1509,24_epo,24.0,8.276251083505631,linear
1510,24_epo,25.0,8.279452387562044,linear
1511,24_epo,26.0,8.282653691618457,linear
1512,24_epo,27.0,8.285854995674867,linear
1513,24_epo,28.000000000000004,8.289056299731278,linear
1514,24_epo,28.999999999999996,8.292257603787693,linear
1515,24_epo,30.0,8.295458907844104,linear
1516,24_epo,31.0,8.298660211900515,linear
1517,24_epo,32.0,8.301861515956928,linear
1518,24_epo,33.0,8.30506282001334,linear
1519,24_epo,34.0,8.308264124069751,linear
1520,24_epo,35.0,8.311465428126164,linear
1521,24_epo,36.0,8.314666732182577,linear
1522,24_epo,37.0,8.317868036238988,linear
1523,24_epo,38.0,8.3210693402954,linear
1524,24_epo,39.0,8.324270644351811,linear
1525,24_epo,40.0,8.327471948408224,linear
1526,24_epo,41.0,8.330673252464637,linear
1527,24_epo,42.0,8.333874556521048,linear
1528,24_epo,43.0,8.337075860577459,linear
1529,24_epo,44.0,8.340277164633873,linear
1530,24_epo,45.0,8.343478468690284,linear
1531,24_epo,46.0,8.346679772746695,linear
1532,24_epo,47.0,8.349881076803108,linear
1533,24_epo,48.0,8.35308238085952,linear
1534,24_epo,49.0,8.356283684915931,linear
1535,24_epo,50.0,8.359484988972344,linear
1536,24_epo,51.0,8.362686293028755,linear
1537,24_epo,52.0,8.365887597085168,linear
1538,24_epo,53.0,8.36908890114158,linear
1539,24_epo,54.0,8.372290205197991,linear
1540,24_epo,55.00000000000001,8.375491509254404,linear
1541,24_epo,56.00000000000001,8.378692813310817,linear
1542,24_epo,56.99999999999999,8.381894117367228,linear
1543,24_epo,57.99999999999999,8.385095421423639,linear
1544,24_epo,59.0,8.388296725480053,linear
1545,24_epo,60.0,8.391498029536464,linear
1546,24_epo,61.0,8.394699333592875,linear
1547,24_epo,62.0,8.397900637649288,linear
1548,24_epo,63.0,8.4011019417057,linear
1549,24_epo,64.0,8.404303245762112,linear
1550,24_epo,65.0,8.407504549818524,linear
1551,24_epo,66.0,8.410705853874935,linear
1552,24_epo,67.0,8.413907157931348,linear
1553,24_epo,68.0,8.41710846198776,linear
1554,24_epo,69.0,8.420309766044172,linear
1555,24_epo,70.0,8.423511070100584,linear
1556,24_epo,71.0,8.426712374156997,linear
1557,24_epo,72.0,8.429913678213408,linear
1558,24_epo,73.0,8.433114982269819,linear
1559,24_epo,74.0,8.436316286326234,linear
1560,24_epo,75.0,8.439517590382644,linear
1561,24_epo,76.0,8.442718894439055,linear
1562,24_epo,77.0,8.445920198495468,linear
1563,24_epo,78.0,8.44912150255188,linear
1564,24_epo,79.0,8.452322806608292,linear
1565,24_epo,80.0,8.455524110664705,linear
1566,24_epo,81.0,8.458725414721115,linear
1567,24_epo,82.0,8.461926718777528,linear
1568,24_epo,83.0,8.465128022833941,linear
1569,24_epo,84.0,8.468329326890352,linear
1570,24_epo,85.0,8.471530630946765,linear
1571,24_epo,86.0,8.474731935003177,linear
1572,24_epo,87.0,8.477933239059588,linear
1573,24_epo,88.0,8.481134543116,linear
1574,24_epo,89.0,8.484335847172414,linear
1575,24_epo,90.0,8.487537151228825,linear
1576,24_epo,91.0,8.490738455285236,linear
1577,24_epo,92.0,8.493939759341648,linear
1578,24_epo,93.0,8.497141063398061,linear
1579,24_epo,94.0,8.500342367454472,linear
1580,24_epo,95.0,8.503543671510885,linear
1581,25_epo,3.0,7.877423508057471,linear
1582,25_epo,4.0,7.89224320313651,linear
1583,25_epo,5.0,7.907062898215548,linear
1584,25_epo,6.0,7.921882593294587,linear
1585,25_epo,7.000000000000001,7.936702288373626,linear
1586,25_epo,8.0,7.951521983452665,linear
1587,25_epo,9.0,7.966341678531703,linear
1588,25_epo,10.0,7.981161373610742,linear
1589,25_epo,11.0,7.9959810686897805,linear
1590,25_epo,12.0,8.010800763768819,linear
1591,25_epo,13.0,8.025620458847857,linear
1592,25_epo,14.000000000000002,8.040440153926896,linear
1593,25_epo,15.0,8.055259849005935,linear
1594,25_epo,16.0,8.070079544084974,linear
1595,25_epo,17.0,8.084899239164013,linear
1596,25_epo,18.0,8.099718934243052,linear
1597,25_epo,19.0,8.114538629322091,linear
1598,25_epo,20.0,8.12935832440113,linear
1599,25_epo,21.0,8.144178019480167,linear
1600,25_epo,22.0,8.158997714559206,linear
1601,25_epo,23.0,8.173817409638245,linear
1602,25_epo,24.0,8.188637104717284,linear
1603,25_epo,25.0,8.203456799796323,linear
1604,25_epo,26.0,8.218276494875361,linear
1605,25_epo,27.0,8.2330961899544,linear
1606,25_epo,28.000000000000004,8.24791588503344,linear
1607,25_epo,28.999999999999996,8.262735580112478,linear
1608,25_epo,30.0,8.277555275191515,linear
1609,25_epo,31.0,8.292374970270554,linear
1610,25_epo,32.0,8.307194665349593,linear
1611,25_epo,33.0,8.322014360428632,linear
1612,25_epo,34.0,8.336834055507671,linear
1613,25_epo,35.0,8.35165375058671,linear
1614,25_epo,36.0,8.366473445665749,linear
1615,25_epo,37.0,8.381293140744788,linear
1616,25_epo,38.0,8.396112835823827,linear
1617,25_epo,39.0,8.410932530902864,linear
1618,25_epo,40.0,8.425752225981903,linear
1619,25_epo,41.0,8.440571921060942,linear
1620,25_epo,42.0,8.45539161613998,linear
1621,25_epo,43.0,8.47021131121902,linear
1622,25_epo,44.0,8.485031006298058,linear
1623,25_epo,45.0,8.499850701377097,linear
1624,25_epo,46.0,8.514670396456136,linear
1625,25_epo,47.0,8.529490091535175,linear
1626,25_epo,48.0,8.544309786614212,linear
1627,25_epo,49.0,8.559129481693251,linear
1628,25_epo,50.0,8.57394917677229,linear
1629,25_epo,51.0,8.588768871851329,linear
1630,25_epo,52.0,8.603588566930368,linear
1631,25_epo,53.0,8.618408262009407,linear
1632,25_epo,54.0,8.633227957088446,linear
1633,25_epo,55.00000000000001,8.648047652167485,linear
1634,25_epo,56.00000000000001,8.662867347246523,linear
1635,25_epo,56.99999999999999,8.67768704232556,linear
1636,25_epo,57.99999999999999,8.6925067374046,linear
1637,25_epo,59.0,8.707326432483638,linear
1638,25_epo,60.0,8.722146127562677,linear
1639,25_epo,61.0,8.736965822641716,linear
1640,25_epo,62.0,8.751785517720755,linear
1641,25_epo,63.0,8.766605212799794,linear
1642,25_epo,64.0,8.781424907878833,linear
1643,25_epo,65.0,8.796244602957872,linear
1644,25_epo,66.0,8.811064298036909,linear
1645,25_epo,67.0,8.825883993115948,linear
1646,25_epo,68.0,8.840703688194987,linear
1647,25_epo,69.0,8.855523383274026,linear
1648,25_epo,70.0,8.870343078353065,linear
1649,25_epo,71.0,8.885162773432103,linear
1650,25_epo,72.0,8.899982468511142,linear
1651,25_epo,73.0,8.914802163590181,linear
1652,25_epo,74.0,8.92962185866922,linear
1653,25_epo,75.0,8.944441553748257,linear
1654,25_epo,76.0,8.959261248827296,linear
1655,25_epo,77.0,8.974080943906335,linear
1656,25_epo,78.0,8.988900638985374,linear
1657,25_epo,79.0,9.003720334064413,linear
1658,25_epo,80.0,9.018540029143452,linear
1659,25_epo,81.0,9.03335972422249,linear
1660,25_epo,82.0,9.04817941930153,linear
1661,25_epo,83.0,9.062999114380569,linear
1662,25_epo,84.0,9.077818809459608,linear
1663,25_epo,85.0,9.092638504538645,linear
1664,25_epo,86.0,9.107458199617684,linear
1665,25_epo,87.0,9.122277894696722,linear
1666,25_epo,88.0,9.137097589775761,linear
1667,25_epo,89.0,9.1519172848548,linear
1668,25_epo,90.0,9.16673697993384,linear
1669,25_epo,91.0,9.181556675012878,linear
1670,25_epo,92.0,9.196376370091917,linear
1671,25_epo,93.0,9.211196065170956,linear
1672,25_epo,94.0,9.226015760249993,linear
1673,25_epo,95.0,9.240835455329032,linear
1674,2_epo,3.0,7.512145771550126,linear
1675,2_epo,4.0,7.516506927311881,linear
1676,2_epo,5.0,7.520868083073636,linear
1677,2_epo,6.0,7.525229238835389,linear
1678,2_epo,7.000000000000001,7.529590394597144,linear
1679,2_epo,8.0,7.533951550358899,linear
1680,2_epo,9.0,7.538312706120653,linear
1681,2_epo,10.0,7.542673861882407,linear
1682,2_epo,11.0,7.547035017644162,linear
1683,2_epo,12.0,7.551396173405917,linear
1684,2_epo,13.0,7.555757329167671,linear
1685,2_epo,14.000000000000002,7.560118484929425,linear
1686,2_epo,15.0,7.56447964069118,linear
1687,2_epo,16.0,7.5688407964529345,linear
1688,2_epo,17.0,7.5732019522146885,linear
1689,2_epo,18.0,7.5775631079764425,linear
1690,2_epo,19.0,7.581924263738197,linear
1691,2_epo,20.0,7.586285419499951,linear
1692,2_epo,21.0,7.590646575261706,linear
1693,2_epo,22.0,7.59500773102346,linear
1694,2_epo,23.0,7.599368886785215,linear
1695,2_epo,24.0,7.603730042546969,linear
1696,2_epo,25.0,7.608091198308723,linear
1697,2_epo,26.0,7.612452354070478,linear
1698,2_epo,27.0,7.616813509832233,linear
1699,2_epo,28.000000000000004,7.621174665593987,linear
1700,2_epo,28.999999999999996,7.625535821355741,linear
1701,2_epo,30.0,7.629896977117496,linear
1702,2_epo,31.0,7.63425813287925,linear
1703,2_epo,32.0,7.638619288641005,linear
1704,2_epo,33.0,7.642980444402759,linear
1705,2_epo,34.0,7.647341600164514,linear
1706,2_epo,35.0,7.651702755926268,linear
1707,2_epo,36.0,7.6560639116880225,linear
1708,2_epo,37.0,7.6604250674497765,linear
1709,2_epo,38.0,7.6647862232115305,linear
1710,2_epo,39.0,7.669147378973285,linear
1711,2_epo,40.0,7.67350853473504,linear
1712,2_epo,41.0,7.677869690496794,linear
1713,2_epo,42.0,7.682230846258548,linear
1714,2_epo,43.0,7.686592002020303,linear
1715,2_epo,44.0,7.690953157782058,linear
1716,2_epo,45.0,7.695314313543812,linear
1717,2_epo,46.0,7.699675469305566,linear
1718,2_epo,47.0,7.704036625067321,linear
1719,2_epo,48.0,7.708397780829076,linear
1720,2_epo,49.0,7.712758936590829,linear
1721,2_epo,50.0,7.717120092352584,linear
1722,2_epo,51.0,7.721481248114339,linear
1723,2_epo,52.0,7.725842403876094,linear
1724,2_epo,53.0,7.730203559637847,linear
1725,2_epo,54.0,7.7345647153996016,linear
1726,2_epo,55.00000000000001,7.738925871161356,linear
1727,2_epo,56.00000000000001,7.743287026923111,linear
1728,2_epo,56.99999999999999,7.747648182684864,linear
1729,2_epo,57.99999999999999,7.752009338446619,linear
1730,2_epo,59.0,7.756370494208374,linear
1731,2_epo,60.0,7.760731649970128,linear
1732,2_epo,61.0,7.765092805731882,linear
1733,2_epo,62.0,7.769453961493637,linear
1734,2_epo,63.0,7.773815117255392,linear
1735,2_epo,64.0,7.778176273017146,linear
1736,2_epo,65.0,7.7825374287789,linear
1737,2_epo,66.0,7.786898584540655,linear
1738,2_epo,67.0,7.79125974030241,linear
1739,2_epo,68.0,7.795620896064164,linear
1740,2_epo,69.0,7.799982051825918,linear
1741,2_epo,70.0,7.804343207587673,linear
1742,2_epo,71.0,7.808704363349427,linear
1743,2_epo,72.0,7.813065519111182,linear
1744,2_epo,73.0,7.8174266748729355,linear
1745,2_epo,74.0,7.8217878306346895,linear
1746,2_epo,75.0,7.826148986396445,linear
1747,2_epo,76.0,7.830510142158199,linear
1748,2_epo,77.0,7.834871297919952,linear
1749,2_epo,78.0,7.839232453681708,linear
1750,2_epo,79.0,7.843593609443462,linear
1751,2_epo,80.0,7.847954765205216,linear
1752,2_epo,81.0,7.852315920966971,linear
1753,2_epo,82.0,7.856677076728725,linear
1754,2_epo,83.0,7.861038232490481,linear
1755,2_epo,84.0,7.865399388252235,linear
1756,2_epo,85.0,7.869760544013988,linear
1757,2_epo,86.0,7.874121699775744,linear
1758,2_epo,87.0,7.878482855537498,linear
1759,2_epo,88.0,7.882844011299252,linear
1760,2_epo,89.0,7.887205167061007,linear
1761,2_epo,90.0,7.891566322822761,linear
1762,2_epo,91.0,7.895927478584515,linear
1763,2_epo,92.0,7.90028863434627,linear
1764,2_epo,93.0,7.9046497901080235,linear
1765,2_epo,94.0,7.909010945869779,linear
1766,2_epo,95.0,7.913372101631533,linear
1767,3_epo,3.0,8.066435686898188,linear
1768,3_epo,4.0,8.084328219373795,linear
1769,3_epo,5.0,8.102220751849401,linear
1770,3_epo,6.0,8.120113284325006,linear
1771,3_epo,7.000000000000001,8.138005816800613,linear
1772,3_epo,8.0,8.15589834927622,linear
1773,3_epo,9.0,8.173790881751826,linear
1774,3_epo,10.0,8.191683414227432,linear
1775,3_epo,11.0,8.209575946703039,linear
1776,3_epo,12.0,8.227468479178645,linear
1777,3_epo,13.0,8.24536101165425,linear
1778,3_epo,14.000000000000002,8.263253544129858,linear
1779,3_epo,15.0,8.281146076605463,linear
1780,3_epo,16.0,8.29903860908107,linear
1781,3_epo,17.0,8.316931141556676,linear
1782,3_epo,18.0,8.33482367403228,linear
1783,3_epo,19.0,8.352716206507889,linear
1784,3_epo,20.0,8.370608738983494,linear
1785,3_epo,21.0,8.388501271459102,linear
1786,3_epo,22.0,8.406393803934707,linear
1787,3_epo,23.0,8.424286336410313,linear
1788,3_epo,24.0,8.44217886888592,linear
1789,3_epo,25.0,8.460071401361525,linear
1790,3_epo,26.0,8.477963933837133,linear
1791,3_epo,27.0,8.495856466312738,linear
1792,3_epo,28.000000000000004,8.513748998788346,linear
1793,3_epo,28.999999999999996,8.53164153126395,linear
1794,3_epo,30.0,8.549534063739557,linear
1795,3_epo,31.0,8.567426596215164,linear
1796,3_epo,32.0,8.585319128690768,linear
1797,3_epo,33.0,8.603211661166377,linear
1798,3_epo,34.0,8.621104193641981,linear
1799,3_epo,35.0,8.63899672611759,linear
1800,3_epo,36.0,8.656889258593194,linear
1801,3_epo,37.0,8.674781791068801,linear
1802,3_epo,38.0,8.692674323544407,linear
1803,3_epo,39.0,8.710566856020012,linear
1804,3_epo,40.0,8.72845938849562,linear
1805,3_epo,41.0,8.746351920971225,linear
1806,3_epo,42.0,8.764244453446832,linear
1807,3_epo,43.0,8.782136985922438,linear
1808,3_epo,44.0,8.800029518398045,linear
1809,3_epo,45.0,8.817922050873651,linear
1810,3_epo,46.0,8.835814583349256,linear
1811,3_epo,47.0,8.853707115824863,linear
1812,3_epo,48.0,8.871599648300469,linear
1813,3_epo,49.0,8.889492180776076,linear
1814,3_epo,50.0,8.907384713251682,linear
1815,3_epo,51.0,8.925277245727289,linear
1816,3_epo,52.0,8.943169778202895,linear
1817,3_epo,53.0,8.961062310678502,linear
1818,3_epo,54.0,8.978954843154106,linear
1819,3_epo,55.00000000000001,8.996847375629713,linear
1820,3_epo,56.00000000000001,9.01473990810532,linear
1821,3_epo,56.99999999999999,9.032632440580926,linear
1822,3_epo,57.99999999999999,9.050524973056532,linear
1823,3_epo,59.0,9.068417505532139,linear
1824,3_epo,60.0,9.086310038007746,linear
1825,3_epo,61.0,9.10420257048335,linear
1826,3_epo,62.0,9.122095102958957,linear
1827,3_epo,63.0,9.139987635434563,linear
1828,3_epo,64.0,9.15788016791017,linear
1829,3_epo,65.0,9.175772700385776,linear
1830,3_epo,66.0,9.193665232861381,linear
1831,3_epo,67.0,9.21155776533699,linear
1832,3_epo,68.0,9.229450297812594,linear
1833,3_epo,69.0,9.2473428302882,linear
1834,3_epo,70.0,9.265235362763807,linear
1835,3_epo,71.0,9.283127895239412,linear
1836,3_epo,72.0,9.30102042771502,linear
1837,3_epo,73.0,9.318912960190625,linear
1838,3_epo,74.0,9.336805492666233,linear
1839,3_epo,75.0,9.354698025141838,linear
1840,3_epo,76.0,9.372590557617446,linear
1841,3_epo,77.0,9.390483090093051,linear
1842,3_epo,78.0,9.408375622568656,linear
1843,3_epo,79.0,9.426268155044264,linear
1844,3_epo,80.0,9.444160687519869,linear
1845,3_epo,81.0,9.462053219995477,linear
1846,3_epo,82.0,9.479945752471082,linear
1847,3_epo,83.0,9.497838284946688,linear
1848,3_epo,84.0,9.515730817422295,linear
1849,3_epo,85.0,9.5336233498979,linear
1850,3_epo,86.0,9.551515882373508,linear
1851,3_epo,87.0,9.569408414849113,linear
1852,3_epo,88.0,9.587300947324719,linear
1853,3_epo,89.0,9.605193479800326,linear
1854,3_epo,90.0,9.623086012275932,linear
1855,3_epo,91.0,9.640978544751539,linear
1856,3_epo,92.0,9.658871077227145,linear
1857,3_epo,93.0,9.676763609702752,linear
1858,3_epo,94.0,9.694656142178356,linear
1859,3_epo,95.0,9.712548674653963,linear
1860,4_epo,3.0,7.2791792090647265,linear
1861,4_epo,4.0,7.281382072980771,linear
1862,4_epo,5.0,7.283584936896814,linear
1863,4_epo,6.0,7.285787800812856,linear
1864,4_epo,7.000000000000001,7.2879906647289,linear
1865,4_epo,8.0,7.290193528644943,linear
1866,4_epo,9.0,7.2923963925609865,linear
1867,4_epo,10.0,7.294599256477031,linear
1868,4_epo,11.0,7.296802120393074,linear
1869,4_epo,12.0,7.299004984309117,linear
1870,4_epo,13.0,7.301207848225161,linear
1871,4_epo,14.000000000000002,7.303410712141204,linear
1872,4_epo,15.0,7.305613576057247,linear
1873,4_epo,16.0,7.307816439973291,linear
1874,4_epo,17.0,7.310019303889334,linear
1875,4_epo,18.0,7.312222167805378,linear
1876,4_epo,19.0,7.314425031721421,linear
1877,4_epo,20.0,7.316627895637464,linear
1878,4_epo,21.0,7.318830759553508,linear
1879,4_epo,22.0,7.321033623469551,linear
1880,4_epo,23.0,7.323236487385595,linear
1881,4_epo,24.0,7.325439351301639,linear
1882,4_epo,25.0,7.327642215217682,linear
1883,4_epo,26.0,7.329845079133724,linear
1884,4_epo,27.0,7.332047943049768,linear
1885,4_epo,28.000000000000004,7.334250806965811,linear
1886,4_epo,28.999999999999996,7.336453670881855,linear
1887,4_epo,30.0,7.338656534797899,linear
1888,4_epo,31.0,7.340859398713942,linear
1889,4_epo,32.0,7.343062262629985,linear
1890,4_epo,33.0,7.345265126546029,linear
1891,4_epo,34.0,7.347467990462072,linear
1892,4_epo,35.0,7.349670854378116,linear
1893,4_epo,36.0,7.35187371829416,linear
1894,4_epo,37.0,7.354076582210202,linear
1895,4_epo,38.0,7.356279446126246,linear
1896,4_epo,39.0,7.358482310042289,linear
1897,4_epo,40.0,7.360685173958332,linear
1898,4_epo,41.0,7.362888037874376,linear
1899,4_epo,42.0,7.36509090179042,linear
1900,4_epo,43.0,7.367293765706463,linear
1901,4_epo,44.0,7.369496629622507,linear
1902,4_epo,45.0,7.37169949353855,linear
1903,4_epo,46.0,7.373902357454593,linear
1904,4_epo,47.0,7.376105221370636,linear
1905,4_epo,48.0,7.37830808528668,linear
1906,4_epo,49.0,7.380510949202723,linear
1907,4_epo,50.0,7.382713813118767,linear
1908,4_epo,51.0,7.38491667703481,linear
1909,4_epo,52.0,7.387119540950854,linear
1910,4_epo,53.0,7.389322404866897,linear
1911,4_epo,54.0,7.3915252687829405,linear
1912,4_epo,55.00000000000001,7.3937281326989845,linear
1913,4_epo,56.00000000000001,7.395930996615028,linear
1914,4_epo,56.99999999999999,7.39813386053107,linear
1915,4_epo,57.99999999999999,7.400336724447114,linear
1916,4_epo,59.0,7.402539588363157,linear
1917,4_epo,60.0,7.4047424522792005,linear
1918,4_epo,61.0,7.4069453161952445,linear
1919,4_epo,62.0,7.409148180111288,linear
1920,4_epo,63.0,7.411351044027331,linear
1921,4_epo,64.0,7.413553907943375,linear
1922,4_epo,65.0,7.415756771859418,linear
1923,4_epo,66.0,7.417959635775462,linear
1924,4_epo,67.0,7.420162499691505,linear
1925,4_epo,68.0,7.422365363607548,linear
1926,4_epo,69.0,7.424568227523592,linear
1927,4_epo,70.0,7.426771091439635,linear
1928,4_epo,71.0,7.428973955355678,linear
1929,4_epo,72.0,7.431176819271722,linear
1930,4_epo,73.0,7.433379683187765,linear
1931,4_epo,74.0,7.435582547103809,linear
1932,4_epo,75.0,7.437785411019853,linear
1933,4_epo,76.0,7.439988274935896,linear
1934,4_epo,77.0,7.442191138851939,linear
1935,4_epo,78.0,7.444394002767982,linear
1936,4_epo,79.0,7.446596866684025,linear
1937,4_epo,80.0,7.448799730600069,linear
1938,4_epo,81.0,7.451002594516113,linear
1939,4_epo,82.0,7.453205458432156,linear
1940,4_epo,83.0,7.4554083223482,linear
1941,4_epo,84.0,7.457611186264243,linear
1942,4_epo,85.0,7.459814050180286,linear
1943,4_epo,86.0,7.46201691409633,linear
1944,4_epo,87.0,7.464219778012374,linear
1945,4_epo,88.0,7.466422641928416,linear
1946,4_epo,89.0,7.46862550584446,linear
1947,4_epo,90.0,7.470828369760503,linear
1948,4_epo,91.0,7.473031233676546,linear
1949,4_epo,92.0,7.47523409759259,linear
1950,4_epo,93.0,7.477436961508634,linear
1951,4_epo,94.0,7.479639825424677,linear
1952,4_epo,95.0,7.481842689340721,linear
1953,5_epo,3.0,8.92161868988893,linear
1954,5_epo,4.0,8.908873321542353,linear
1955,5_epo,5.0,8.896127953195775,linear
1956,5_epo,6.0,8.883382584849198,linear
1957,5_epo,7.000000000000001,8.870637216502619,linear
1958,5_epo,8.0,8.857891848156042,linear
1959,5_epo,9.0,8.845146479809463,linear
1960,5_epo,10.0,8.832401111462886,linear
1961,5_epo,11.0,8.819655743116307,linear
1962,5_epo,12.0,8.80691037476973,linear
1963,5_epo,13.0,8.794165006423151,linear
1964,5_epo,14.000000000000002,8.781419638076574,linear
1965,5_epo,15.0,8.768674269729996,linear
1966,5_epo,16.0,8.755928901383419,linear
1967,5_epo,17.0,8.74318353303684,linear
1968,5_epo,18.0,8.730438164690263,linear
1969,5_epo,19.0,8.717692796343684,linear
1970,5_epo,20.0,8.704947427997107,linear
1971,5_epo,21.0,8.692202059650528,linear
1972,5_epo,22.0,8.679456691303951,linear
1973,5_epo,23.0,8.666711322957374,linear
1974,5_epo,24.0,8.653965954610797,linear
1975,5_epo,25.0,8.641220586264218,linear
1976,5_epo,26.0,8.62847521791764,linear
1977,5_epo,27.0,8.615729849571062,linear
1978,5_epo,28.000000000000004,8.602984481224484,linear
1979,5_epo,28.999999999999996,8.590239112877907,linear
1980,5_epo,30.0,8.577493744531328,linear
1981,5_epo,31.0,8.56474837618475,linear
1982,5_epo,32.0,8.552003007838172,linear
1983,5_epo,33.0,8.539257639491595,linear
1984,5_epo,34.0,8.526512271145016,linear
1985,5_epo,35.0,8.513766902798439,linear
1986,5_epo,36.0,8.50102153445186,linear
1987,5_epo,37.0,8.488276166105283,linear
1988,5_epo,38.0,8.475530797758704,linear
1989,5_epo,39.0,8.462785429412127,linear
1990,5_epo,40.0,8.450040061065549,linear
1991,5_epo,41.0,8.437294692718972,linear
1992,5_epo,42.0,8.424549324372393,linear
1993,5_epo,43.0,8.411803956025816,linear
1994,5_epo,44.0,8.399058587679237,linear
1995,5_epo,45.0,8.38631321933266,linear
1996,5_epo,46.0,8.373567850986083,linear
1997,5_epo,47.0,8.360822482639506,linear
1998,5_epo,48.0,8.348077114292927,linear
1999,5_epo,49.0,8.33533174594635,linear
2000,5_epo,50.0,8.322586377599771,linear
2001,5_epo,51.0,8.309841009253194,linear
2002,5_epo,52.0,8.297095640906615,linear
2003,5_epo,53.0,8.284350272560037,linear
2004,5_epo,54.0,8.27160490421346,linear
2005,5_epo,55.00000000000001,8.25885953586688,linear
2006,5_epo,56.00000000000001,8.246114167520304,linear
2007,5_epo,56.99999999999999,8.233368799173725,linear
2008,5_epo,57.99999999999999,8.220623430827148,linear
2009,5_epo,59.0,8.20787806248057,linear
2010,5_epo,60.0,8.195132694133992,linear
2011,5_epo,61.0,8.182387325787413,linear
2012,5_epo,62.0,8.169641957440836,linear
2013,5_epo,63.0,8.156896589094258,linear
2014,5_epo,64.0,8.14415122074768,linear
2015,5_epo,65.0,8.131405852401102,linear
2016,5_epo,66.0,8.118660484054525,linear
2017,5_epo,67.0,8.105915115707946,linear
2018,5_epo,68.0,8.093169747361369,linear
2019,5_epo,69.0,8.080424379014792,linear
2020,5_epo,70.0,8.067679010668215,linear
2021,5_epo,71.0,8.054933642321636,linear
2022,5_epo,72.0,8.042188273975059,linear
2023,5_epo,73.0,8.02944290562848,linear
2024,5_epo,74.0,8.016697537281903,linear
2025,5_epo,75.0,8.003952168935324,linear
2026,5_epo,76.0,7.991206800588747,linear
2027,5_epo,77.0,7.9784614322421685,linear
2028,5_epo,78.0,7.9657160638955915,linear
2029,5_epo,79.0,7.952970695549013,linear
2030,5_epo,80.0,7.940225327202434,linear
2031,5_epo,81.0,7.927479958855857,linear
2032,5_epo,82.0,7.91473459050928,linear
2033,5_epo,83.0,7.901989222162701,linear
2034,5_epo,84.0,7.889243853816122,linear
2035,5_epo,85.0,7.876498485469545,linear
2036,5_epo,86.0,7.863753117122967,linear
2037,5_epo,87.0,7.85100774877639,linear
2038,5_epo,88.0,7.8382623804298115,linear
2039,5_epo,89.0,7.8255170120832345,linear
2040,5_epo,90.0,7.812771643736656,linear
2041,5_epo,91.0,7.800026275390079,linear
2042,5_epo,92.0,7.7872809070435,linear
2043,5_epo,93.0,7.774535538696923,linear
2044,5_epo,94.0,7.761790170350344,linear
2045,5_epo,95.0,7.749044802003767,linear
2046,6_epo,3.0,9.551887900321455,linear
2047,6_epo,4.0,9.544816217744732,linear
2048,6_epo,5.0,9.537744535168006,linear
2049,6_epo,6.0,9.53067285259128,linear
2050,6_epo,7.000000000000001,9.523601170014556,linear
2051,6_epo,8.0,9.51652948743783,linear
2052,6_epo,9.0,9.509457804861105,linear
2053,6_epo,10.0,9.502386122284381,linear
2054,6_epo,11.0,9.495314439707657,linear
2055,6_epo,12.0,9.488242757130932,linear
2056,6_epo,13.0,9.481171074554206,linear
2057,6_epo,14.000000000000002,9.474099391977482,linear
2058,6_epo,15.0,9.467027709400757,linear
2059,6_epo,16.0,9.459956026824031,linear
2060,6_epo,17.0,9.452884344247307,linear
2061,6_epo,18.0,9.445812661670583,linear
2062,6_epo,19.0,9.438740979093858,linear
2063,6_epo,20.0,9.431669296517132,linear
2064,6_epo,21.0,9.424597613940406,linear
2065,6_epo,22.0,9.417525931363683,linear
2066,6_epo,23.0,9.410454248786957,linear
2067,6_epo,24.0,9.403382566210233,linear
2068,6_epo,25.0,9.396310883633507,linear
2069,6_epo,26.0,9.389239201056784,linear
2070,6_epo,27.0,9.382167518480058,linear
2071,6_epo,28.000000000000004,9.375095835903332,linear
2072,6_epo,28.999999999999996,9.368024153326607,linear
2073,6_epo,30.0,9.360952470749885,linear
2074,6_epo,31.0,9.353880788173159,linear
2075,6_epo,32.0,9.346809105596433,linear
2076,6_epo,33.0,9.339737423019708,linear
2077,6_epo,34.0,9.332665740442984,linear
2078,6_epo,35.0,9.325594057866258,linear
2079,6_epo,36.0,9.318522375289533,linear
2080,6_epo,37.0,9.31145069271281,linear
2081,6_epo,38.0,9.304379010136085,linear
2082,6_epo,39.0,9.29730732755936,linear
2083,6_epo,40.0,9.290235644982634,linear
2084,6_epo,41.0,9.28316396240591,linear
2085,6_epo,42.0,9.276092279829184,linear
2086,6_epo,43.0,9.269020597252458,linear
2087,6_epo,44.0,9.261948914675735,linear
2088,6_epo,45.0,9.25487723209901,linear
2089,6_epo,46.0,9.247805549522285,linear
2090,6_epo,47.0,9.24073386694556,linear
2091,6_epo,48.0,9.233662184368834,linear
2092,6_epo,49.0,9.22659050179211,linear
2093,6_epo,50.0,9.219518819215386,linear
2094,6_epo,51.0,9.21244713663866,linear
2095,6_epo,52.0,9.205375454061935,linear
2096,6_epo,53.0,9.198303771485211,linear
2097,6_epo,54.0,9.191232088908485,linear
2098,6_epo,55.00000000000001,9.18416040633176,linear
2099,6_epo,56.00000000000001,9.177088723755036,linear
2100,6_epo,56.99999999999999,9.170017041178312,linear
2101,6_epo,57.99999999999999,9.162945358601586,linear
2102,6_epo,59.0,9.15587367602486,linear
2103,6_epo,60.0,9.148801993448137,linear
2104,6_epo,61.0,9.141730310871411,linear
2105,6_epo,62.0,9.134658628294686,linear
2106,6_epo,63.0,9.127586945717962,linear
2107,6_epo,64.0,9.120515263141238,linear
2108,6_epo,65.0,9.113443580564512,linear
2109,6_epo,66.0,9.106371897987787,linear
2110,6_epo,67.0,9.099300215411061,linear
2111,6_epo,68.0,9.092228532834337,linear
2112,6_epo,69.0,9.085156850257611,linear
2113,6_epo,70.0,9.078085167680888,linear
2114,6_epo,71.0,9.071013485104162,linear
2115,6_epo,72.0,9.063941802527438,linear
2116,6_epo,73.0,9.056870119950712,linear
2117,6_epo,74.0,9.049798437373987,linear
2118,6_epo,75.0,9.042726754797263,linear
2119,6_epo,76.0,9.035655072220537,linear
2120,6_epo,77.0,9.028583389643813,linear
2121,6_epo,78.0,9.021511707067088,linear
2122,6_epo,79.0,9.014440024490364,linear
2123,6_epo,80.0,9.007368341913638,linear
2124,6_epo,81.0,9.000296659336913,linear
2125,6_epo,82.0,8.993224976760187,linear
2126,6_epo,83.0,8.986153294183463,linear
2127,6_epo,84.0,8.97908161160674,linear
2128,6_epo,85.0,8.972009929030014,linear
2129,6_epo,86.0,8.964938246453288,linear
2130,6_epo,87.0,8.957866563876564,linear
2131,6_epo,88.0,8.950794881299839,linear
2132,6_epo,89.0,8.943723198723113,linear
2133,6_epo,90.0,8.936651516146389,linear
2134,6_epo,91.0,8.929579833569665,linear
2135,6_epo,92.0,8.92250815099294,linear
2136,6_epo,93.0,8.915436468416214,linear
2137,6_epo,94.0,8.908364785839488,linear
2138,6_epo,95.0,8.901293103262764,linear
2139,7_epo,3.0,9.371263792942688,linear
2140,7_epo,4.0,9.36093744980822,linear
2141,7_epo,5.0,9.350611106673753,linear
2142,7_epo,6.0,9.340284763539284,linear
2143,7_epo,7.000000000000001,9.329958420404816,linear
2144,7_epo,8.0,9.319632077270349,linear
2145,7_epo,9.0,9.309305734135881,linear
2146,7_epo,10.0,9.298979391001412,linear
2147,7_epo,11.0,9.288653047866946,linear
2148,7_epo,12.0,9.278326704732477,linear
2149,7_epo,13.0,9.268000361598009,linear
2150,7_epo,14.000000000000002,9.257674018463542,linear
2151,7_epo,15.0,9.247347675329074,linear
2152,7_epo,16.0,9.237021332194605,linear
2153,7_epo,17.0,9.226694989060139,linear
2154,7_epo,18.0,9.21636864592567,linear
2155,7_epo,19.0,9.206042302791202,linear
2156,7_epo,20.0,9.195715959656734,linear
2157,7_epo,21.0,9.185389616522265,linear
2158,7_epo,22.0,9.175063273387797,linear
2159,7_epo,23.0,9.16473693025333,linear
2160,7_epo,24.0,9.154410587118862,linear
2161,7_epo,25.0,9.144084243984393,linear
2162,7_epo,26.0,9.133757900849927,linear
2163,7_epo,27.0,9.123431557715458,linear
2164,7_epo,28.000000000000004,9.11310521458099,linear
2165,7_epo,28.999999999999996,9.102778871446523,linear
2166,7_epo,30.0,9.092452528312055,linear
2167,7_epo,31.0,9.082126185177586,linear
2168,7_epo,32.0,9.07179984204312,linear
2169,7_epo,33.0,9.06147349890865,linear
2170,7_epo,34.0,9.051147155774183,linear
2171,7_epo,35.0,9.040820812639716,linear
2172,7_epo,36.0,9.030494469505248,linear
2173,7_epo,37.0,9.020168126370779,linear
2174,7_epo,38.0,9.009841783236311,linear
2175,7_epo,39.0,8.999515440101844,linear
2176,7_epo,40.0,8.989189096967374,linear
2177,7_epo,41.0,8.978862753832908,linear
2178,7_epo,42.0,8.968536410698439,linear
2179,7_epo,43.0,8.958210067563972,linear
2180,7_epo,44.0,8.947883724429504,linear
2181,7_epo,45.0,8.937557381295036,linear
2182,7_epo,46.0,8.927231038160567,linear
2183,7_epo,47.0,8.916904695026101,linear
2184,7_epo,48.0,8.906578351891632,linear
2185,7_epo,49.0,8.896252008757164,linear
2186,7_epo,50.0,8.885925665622697,linear
2187,7_epo,51.0,8.87559932248823,linear
2188,7_epo,52.0,8.86527297935376,linear
2189,7_epo,53.0,8.854946636219292,linear
2190,7_epo,54.0,8.844620293084825,linear
2191,7_epo,55.00000000000001,8.834293949950355,linear
2192,7_epo,56.00000000000001,8.82396760681589,linear
2193,7_epo,56.99999999999999,8.81364126368142,linear
2194,7_epo,57.99999999999999,8.803314920546953,linear
2195,7_epo,59.0,8.792988577412485,linear
2196,7_epo,60.0,8.782662234278018,linear
2197,7_epo,61.0,8.772335891143548,linear
2198,7_epo,62.0,8.762009548009082,linear
2199,7_epo,63.0,8.751683204874613,linear
2200,7_epo,64.0,8.741356861740146,linear
2201,7_epo,65.0,8.731030518605678,linear
2202,7_epo,66.0,8.72070417547121,linear
2203,7_epo,67.0,8.710377832336741,linear
2204,7_epo,68.0,8.700051489202275,linear
2205,7_epo,69.0,8.689725146067806,linear
2206,7_epo,70.0,8.679398802933338,linear
2207,7_epo,71.0,8.66907245979887,linear
2208,7_epo,72.0,8.658746116664402,linear
2209,7_epo,73.0,8.648419773529934,linear
2210,7_epo,74.0,8.638093430395466,linear
2211,7_epo,75.0,8.627767087260999,linear
2212,7_epo,76.0,8.61744074412653,linear
2213,7_epo,77.0,8.607114400992064,linear
2214,7_epo,78.0,8.596788057857594,linear
2215,7_epo,79.0,8.586461714723127,linear
2216,7_epo,80.0,8.57613537158866,linear
2217,7_epo,81.0,8.565809028454192,linear
2218,7_epo,82.0,8.555482685319724,linear
2219,7_epo,83.0,8.545156342185257,linear
2220,7_epo,84.0,8.534829999050787,linear
2221,7_epo,85.0,8.52450365591632,linear
2222,7_epo,86.0,8.514177312781852,linear
2223,7_epo,87.0,8.503850969647383,linear
2224,7_epo,88.0,8.493524626512917,linear
2225,7_epo,89.0,8.483198283378448,linear
2226,7_epo,90.0,8.47287194024398,linear
2227,7_epo,91.0,8.46254559710951,linear
2228,7_epo,92.0,8.452219253975045,linear
2229,7_epo,93.0,8.441892910840576,linear
2230,7_epo,94.0,8.43156656770611,linear
2231,7_epo,95.0,8.42124022457164,linear
2232,8_epo,3.0,9.943102487969199,linear
2233,8_epo,4.0,9.92621494818798,linear
2234,8_epo,5.0,9.909327408406762,linear
2235,8_epo,6.0,9.892439868625544,linear
2236,8_epo,7.000000000000001,9.875552328844329,linear
2237,8_epo,8.0,9.85866478906311,linear
2238,8_epo,9.0,9.841777249281892,linear
2239,8_epo,10.0,9.824889709500674,linear
2240,8_epo,11.0,9.808002169719455,linear
2241,8_epo,12.0,9.791114629938237,linear
2242,8_epo,13.0,9.77422709015702,linear
2243,8_epo,14.000000000000002,9.7573395503758,linear
2244,8_epo,15.0,9.740452010594582,linear
2245,8_epo,16.0,9.723564470813365,linear
2246,8_epo,17.0,9.706676931032147,linear
2247,8_epo,18.0,9.689789391250928,linear
2248,8_epo,19.0,9.67290185146971,linear
2249,8_epo,20.0,9.656014311688493,linear
2250,8_epo,21.0,9.639126771907275,linear
2251,8_epo,22.0,9.622239232126057,linear
2252,8_epo,23.0,9.60535169234484,linear
2253,8_epo,24.0,9.58846415256362,linear
2254,8_epo,25.0,9.571576612782403,linear
2255,8_epo,26.0,9.554689073001185,linear
2256,8_epo,27.0,9.537801533219966,linear
2257,8_epo,28.000000000000004,9.520913993438748,linear
2258,8_epo,28.999999999999996,9.50402645365753,linear
2259,8_epo,30.0,9.487138913876313,linear
2260,8_epo,31.0,9.470251374095094,linear
2261,8_epo,32.0,9.453363834313876,linear
2262,8_epo,33.0,9.436476294532659,linear
2263,8_epo,34.0,9.419588754751441,linear
2264,8_epo,35.0,9.402701214970223,linear
2265,8_epo,36.0,9.385813675189006,linear
2266,8_epo,37.0,9.368926135407786,linear
2267,8_epo,38.0,9.352038595626569,linear
2268,8_epo,39.0,9.335151055845351,linear
2269,8_epo,40.0,9.318263516064132,linear
2270,8_epo,41.0,9.301375976282914,linear
2271,8_epo,42.0,9.284488436501697,linear
2272,8_epo,43.0,9.267600896720479,linear
2273,8_epo,44.0,9.25071335693926,linear
2274,8_epo,45.0,9.233825817158042,linear
2275,8_epo,46.0,9.216938277376824,linear
2276,8_epo,47.0,9.200050737595607,linear
2277,8_epo,48.0,9.18316319781439,linear
2278,8_epo,49.0,9.166275658033172,linear
2279,8_epo,50.0,9.149388118251952,linear
2280,8_epo,51.0,9.132500578470735,linear
2281,8_epo,52.0,9.115613038689517,linear
2282,8_epo,53.0,9.098725498908298,linear
2283,8_epo,54.0,9.08183795912708,linear
2284,8_epo,55.00000000000001,9.064950419345863,linear
2285,8_epo,56.00000000000001,9.048062879564645,linear
2286,8_epo,56.99999999999999,9.031175339783426,linear
2287,8_epo,57.99999999999999,9.01428780000221,linear
2288,8_epo,59.0,8.99740026022099,linear
2289,8_epo,60.0,8.980512720439773,linear
2290,8_epo,61.0,8.963625180658555,linear
2291,8_epo,62.0,8.946737640877338,linear
2292,8_epo,63.0,8.929850101096118,linear
2293,8_epo,64.0,8.9129625613149,linear
2294,8_epo,65.0,8.896075021533683,linear
2295,8_epo,66.0,8.879187481752464,linear
2296,8_epo,67.0,8.862299941971246,linear
2297,8_epo,68.0,8.845412402190028,linear
2298,8_epo,69.0,8.82852486240881,linear
2299,8_epo,70.0,8.811637322627591,linear
2300,8_epo,71.0,8.794749782846376,linear
2301,8_epo,72.0,8.777862243065156,linear
2302,8_epo,73.0,8.760974703283939,linear
2303,8_epo,74.0,8.744087163502721,linear
2304,8_epo,75.0,8.727199623721503,linear
2305,8_epo,76.0,8.710312083940284,linear
2306,8_epo,77.0,8.693424544159067,linear
2307,8_epo,78.0,8.676537004377849,linear
2308,8_epo,79.0,8.65964946459663,linear
2309,8_epo,80.0,8.642761924815412,linear
2310,8_epo,81.0,8.625874385034194,linear
2311,8_epo,82.0,8.608986845252977,linear
2312,8_epo,83.0,8.592099305471757,linear
2313,8_epo,84.0,8.57521176569054,linear
2314,8_epo,85.0,8.558324225909322,linear
2315,8_epo,86.0,8.541436686128105,linear
2316,8_epo,87.0,8.524549146346887,linear
2317,8_epo,88.0,8.50766160656567,linear
2318,8_epo,89.0,8.49077406678445,linear
2319,8_epo,90.0,8.473886527003232,linear
2320,8_epo,91.0,8.456998987222015,linear
2321,8_epo,92.0,8.440111447440797,linear
2322,8_epo,93.0,8.423223907659578,linear
2323,8_epo,94.0,8.40633636787836,linear
2324,8_epo,95.0,8.389448828097143,linear
2325,9_epo,3.0,7.626141514654837,linear
2326,9_epo,4.0,7.629806637304105,linear
2327,9_epo,5.0,7.633471759953372,linear
2328,9_epo,6.0,7.637136882602641,linear
2329,9_epo,7.000000000000001,7.640802005251909,linear
2330,9_epo,8.0,7.644467127901177,linear
2331,9_epo,9.0,7.648132250550445,linear
2332,9_epo,10.0,7.651797373199713,linear
2333,9_epo,11.0,7.655462495848981,linear
2334,9_epo,12.0,7.65912761849825,linear
2335,9_epo,13.0,7.662792741147517,linear
2336,9_epo,14.000000000000002,7.6664578637967855,linear
2337,9_epo,15.0,7.670122986446054,linear
2338,9_epo,16.0,7.673788109095322,linear
2339,9_epo,17.0,7.6774532317445905,linear
2340,9_epo,18.0,7.681118354393859,linear
2341,9_epo,19.0,7.684783477043127,linear
2342,9_epo,20.0,7.6884485996923955,linear
2343,9_epo,21.0,7.692113722341663,linear
2344,9_epo,22.0,7.695778844990931,linear
2345,9_epo,23.0,7.6994439676402,linear
2346,9_epo,24.0,7.703109090289467,linear
2347,9_epo,25.0,7.706774212938735,linear
2348,9_epo,26.0,7.710439335588004,linear
2349,9_epo,27.0,7.714104458237272,linear
2350,9_epo,28.000000000000004,7.71776958088654,linear
2351,9_epo,28.999999999999996,7.721434703535808,linear
2352,9_epo,30.0,7.725099826185076,linear
2353,9_epo,31.0,7.728764948834344,linear
2354,9_epo,32.0,7.732430071483613,linear
2355,9_epo,33.0,7.736095194132881,linear
2356,9_epo,34.0,7.739760316782149,linear
2357,9_epo,35.0,7.743425439431418,linear
2358,9_epo,36.0,7.747090562080686,linear
2359,9_epo,37.0,7.7507556847299535,linear
2360,9_epo,38.0,7.754420807379222,linear
2361,9_epo,39.0,7.758085930028489,linear
2362,9_epo,40.0,7.761751052677758,linear
2363,9_epo,41.0,7.765416175327026,linear
2364,9_epo,42.0,7.769081297976294,linear
2365,9_epo,43.0,7.7727464206255625,linear
2366,9_epo,44.0,7.776411543274831,linear
2367,9_epo,45.0,7.780076665924099,linear
2368,9_epo,46.0,7.783741788573367,linear
2369,9_epo,47.0,7.787406911222635,linear
2370,9_epo,48.0,7.791072033871903,linear
2371,9_epo,49.0,7.794737156521172,linear
2372,9_epo,50.0,7.79840227917044,linear
2373,9_epo,51.0,7.802067401819708,linear
2374,9_epo,52.0,7.805732524468977,linear
2375,9_epo,53.0,7.809397647118244,linear
2376,9_epo,54.0,7.813062769767512,linear
2377,9_epo,55.00000000000001,7.81672789241678,linear
2378,9_epo,56.00000000000001,7.820393015066049,linear
2379,9_epo,56.99999999999999,7.824058137715316,linear
2380,9_epo,57.99999999999999,7.827723260364584,linear
2381,9_epo,59.0,7.831388383013853,linear
2382,9_epo,60.0,7.8350535056631205,linear
2383,9_epo,61.0,7.83871862831239,linear
2384,9_epo,62.0,7.842383750961657,linear
2385,9_epo,63.0,7.846048873610926,linear
2386,9_epo,64.0,7.849713996260194,linear
2387,9_epo,65.0,7.853379118909463,linear
2388,9_epo,66.0,7.8570442415587305,linear
2389,9_epo,67.0,7.860709364207998,linear
2390,9_epo,68.0,7.864374486857266,linear
2391,9_epo,69.0,7.868039609506534,linear
2392,9_epo,70.0,7.871704732155803,linear
2393,9_epo,71.0,7.87536985480507,linear
2394,9_epo,72.0,7.87903497745434,linear
2395,9_epo,73.0,7.882700100103607,linear
2396,9_epo,74.0,7.886365222752874,linear
2397,9_epo,75.0,7.890030345402144,linear
2398,9_epo,76.0,7.893695468051411,linear
2399,9_epo,77.0,7.89736059070068,linear
2400,9_epo,78.0,7.901025713349948,linear
2401,9_epo,79.0,7.904690835999217,linear
2402,9_epo,80.0,7.908355958648484,linear
2403,9_epo,81.0,7.912021081297754,linear
2404,9_epo,82.0,7.915686203947021,linear
2405,9_epo,83.0,7.919351326596288,linear
2406,9_epo,84.0,7.923016449245557,linear
2407,9_epo,85.0,7.926681571894824,linear
2408,9_epo,86.0,7.9303466945440935,linear
2409,9_epo,87.0,7.934011817193361,linear
2410,9_epo,88.0,7.93767693984263,linear
2411,9_epo,89.0,7.941342062491898,linear
2412,9_epo,90.0,7.945007185141167,linear
2413,9_epo,91.0,7.948672307790434,linear
2414,9_epo,92.0,7.952337430439702,linear
2415,9_epo,93.0,7.956002553088971,linear
2416,9_epo,94.0,7.959667675738238,linear
2417,9_epo,95.0,7.9633327983875075,linear
