,participant,contrast,mrt,name
0,0_epo,3.0,259.3143614716956,fechner
1,0_epo,4.0,259.3143614716956,fechner
2,0_epo,5.0,259.3143614716956,fechner
3,0_epo,6.0,259.3143614716956,fechner
4,0_epo,7.000000000000001,259.3143614716956,fechner
5,0_epo,8.0,259.3143614716956,fechner
6,0_epo,9.0,259.3143614716956,fechner
7,0_epo,10.0,259.3143614716956,fechner
8,0_epo,11.0,259.3143614716956,fechner
9,0_epo,12.0,259.3143614716956,fechner
10,0_epo,13.0,259.3143614716956,fechner
11,0_epo,14.000000000000002,259.3143614716956,fechner
12,0_epo,15.0,259.3143614716956,fechner
13,0_epo,16.0,259.3143614716956,fechner
14,0_epo,17.0,259.3143614716956,fechner
15,0_epo,18.0,259.3143614716956,fechner
16,0_epo,19.0,259.3143614716956,fechner
17,0_epo,20.0,259.3143614716956,fechner
18,0_epo,21.0,259.3143614716956,fechner
19,0_epo,22.0,259.3143614716956,fechner
20,0_epo,23.0,259.3143614716956,fechner
21,0_epo,24.0,259.3143614716956,fechner
22,0_epo,25.0,259.3143614716956,fechner
23,0_epo,26.0,259.3143614716956,fechner
24,0_epo,27.0,259.3143614716956,fechner
25,0_epo,28.000000000000004,259.3143614716956,fechner
26,0_epo,28.999999999999996,259.3143614716956,fechner
27,0_epo,30.0,259.3143614716956,fechner
28,0_epo,31.0,259.3143614716956,fechner
29,0_epo,32.0,259.3143614716956,fechner
30,0_epo,33.0,259.3143614716956,fechner
31,0_epo,34.0,259.3143614716956,fechner
32,0_epo,35.0,259.3143614716956,fechner
33,0_epo,36.0,259.3143614716956,fechner
34,0_epo,37.0,259.3143614716956,fechner
35,0_epo,38.0,259.3143614716956,fechner
36,0_epo,39.0,259.3143614716956,fechner
37,0_epo,40.0,259.3143614716956,fechner
38,0_epo,41.0,259.3143614716956,fechner
39,0_epo,42.0,259.3143614716956,fechner
40,0_epo,43.0,259.3143614716956,fechner
41,0_epo,44.0,259.3143614716956,fechner
42,0_epo,45.0,259.3143614716956,fechner
43,0_epo,46.0,259.3143614716956,fechner
44,0_epo,47.0,259.3143614716956,fechner
45,0_epo,48.0,259.3143614716956,fechner
46,0_epo,49.0,259.3143614716956,fechner
47,0_epo,50.0,259.3143614716956,fechner
48,0_epo,51.0,259.3143614716956,fechner
49,0_epo,52.0,259.3143614716956,fechner
50,0_epo,53.0,259.3143614716956,fechner
51,0_epo,54.0,259.3143614716956,fechner
52,0_epo,55.00000000000001,259.3143614716956,fechner
53,0_epo,56.00000000000001,259.3143614716956,fechner
54,0_epo,56.99999999999999,259.3143614716956,fechner
55,0_epo,57.99999999999999,259.3143614716956,fechner
56,0_epo,59.0,259.3143614716956,fechner
57,0_epo,60.0,259.3143614716956,fechner
58,0_epo,61.0,259.3143614716956,fechner
59,0_epo,62.0,259.3143614716956,fechner
60,0_epo,63.0,259.3143614716956,fechner
61,0_epo,64.0,259.3143614716956,fechner
62,0_epo,65.0,259.3143614716956,fechner
63,0_epo,66.0,259.3143614716956,fechner
64,0_epo,67.0,259.3143614716956,fechner
65,0_epo,68.0,259.3143614716956,fechner
66,0_epo,69.0,259.3143614716956,fechner
67,0_epo,70.0,259.3143614716956,fechner
68,0_epo,71.0,259.3143614716956,fechner
69,0_epo,72.0,259.3143614716956,fechner
70,0_epo,73.0,259.3143614716956,fechner
71,0_epo,74.0,259.3143614716956,fechner
72,0_epo,75.0,259.3143614716956,fechner
73,0_epo,76.0,259.3143614716956,fechner
74,0_epo,77.0,259.3143614716956,fechner
75,0_epo,78.0,259.3143614716956,fechner
76,0_epo,79.0,259.3143614716956,fechner
77,0_epo,80.0,259.3143614716956,fechner
78,0_epo,81.0,259.3143614716956,fechner
79,0_epo,82.0,259.3143614716956,fechner
80,0_epo,83.0,259.3143614716956,fechner
81,0_epo,84.0,259.3143614716956,fechner
82,0_epo,85.0,259.3143614716956,fechner
83,0_epo,86.0,259.3143614716956,fechner
84,0_epo,87.0,259.3143614716956,fechner
85,0_epo,88.0,259.3143614716956,fechner
86,0_epo,89.0,259.3143614716956,fechner
87,0_epo,90.0,259.3143614716956,fechner
88,0_epo,91.0,259.3143614716956,fechner
89,0_epo,92.0,259.3143614716956,fechner
90,0_epo,93.0,259.3143614716956,fechner
91,0_epo,94.0,259.3143614716956,fechner
92,0_epo,95.0,259.3143614716956,fechner
93,10_epo,3.0,206.58907364370532,fechner
94,10_epo,4.0,210.94341640101933,fechner
95,10_epo,5.0,214.69493356673746,fechner
96,10_epo,6.0,218.25606011495591,fechner
97,10_epo,7.000000000000001,221.72067838917707,fechner
98,10_epo,8.0,225.11702360619404,fechner
99,10_epo,9.0,228.44814045165407,fechner
100,10_epo,10.0,231.7054136285223,fechner
101,10_epo,11.0,234.87534806249226,fechner
102,10_epo,12.0,237.94353849638463,fechner
103,10_epo,13.0,240.89697548162204,fechner
104,10_epo,14.000000000000002,243.72523862042817,fechner
105,10_epo,15.0,246.42094876461326,fechner
106,10_epo,16.0,248.97975369746518,fechner
107,10_epo,17.0,251.40004643367874,fechner
108,10_epo,18.0,253.68255379281922,fechner
109,10_epo,19.0,255.82988489986457,fechner
110,10_epo,20.0,257.84609382254837,fechner
111,10_epo,21.0,259.73628576565324,fechner
112,10_epo,22.0,261.5062798210728,fechner
113,10_epo,23.0,263.1623310342744,fechner
114,10_epo,24.0,264.7109086472082,fechner
115,10_epo,25.0,266.15852437566105,fechner
116,10_epo,26.0,267.511603417504,fechner
117,10_epo,27.0,268.77639082579515,fechner
118,10_epo,28.000000000000004,269.9588864199133,fechner
119,10_epo,28.999999999999996,271.06480222949585,fechner
120,10_epo,30.0,272.0995373749957,fechner
121,10_epo,31.0,273.0681661736728,fechner
122,10_epo,32.0,273.975436063262,fechner
123,10_epo,33.0,274.8257726332971,fechner
124,10_epo,34.0,275.6232896416221,fechner
125,10_epo,35.0,276.37180237725147,fechner
126,10_epo,36.0,277.07484312180407,fechner
127,10_epo,37.0,277.73567777342237,fechner
128,10_epo,38.0,278.357322942461,fechner
129,10_epo,39.0,278.94256301928664,fechner
130,10_epo,40.0,279.4939668617711,fechner
131,10_epo,41.0,280.01390386238035,fechner
132,10_epo,42.0,280.5045592395423,fechner
133,10_epo,43.0,280.96794846122066,fechner
134,10_epo,44.0,281.40593075516654,fechner
135,10_epo,45.0,281.82022169401347,fechner
136,10_epo,46.0,282.21240486725503,fechner
137,10_epo,47.0,282.58394266857664,fechner
138,10_epo,48.0,282.9361862378584,fechner
139,10_epo,49.0,283.27038460384506,fechner
140,10_epo,50.0,283.5876930771025,fechner
141,10_epo,51.0,283.88918094428476,fechner
142,10_epo,52.0,284.1758385145606,fechner
143,10_epo,53.0,284.4485835677764,fechner
144,10_epo,54.0,284.7082672519319,fechner
145,10_epo,55.00000000000001,284.9556794750776,fechner
146,10_epo,56.00000000000001,285.1915538340084,fechner
147,10_epo,56.99999999999999,285.4165721192772,fechner
148,10_epo,57.99999999999999,285.6313684331787,fechner
149,10_epo,59.0,285.83653295453615,fechner
150,10_epo,60.0,286.0326153814053,fechner
151,10_epo,61.0,286.2201280802304,fechner
152,10_epo,62.0,286.39954896755205,fechner
153,10_epo,63.0,286.5713241481017,fechner
154,10_epo,64.0,286.7358703310078,fechner
155,10_epo,65.0,286.89357704389937,fechner
156,10_epo,66.0,287.04480866290436,fechner
157,10_epo,67.0,287.18990627490297,fechner
158,10_epo,68.0,287.32918938690347,fechner
159,10_epo,69.0,287.4629574960415,fechner
160,10_epo,70.0,287.59149153246494,fechner
161,10_epo,71.0,287.71505518623655,fechner
162,10_epo,72.0,287.8338961283652,fechner
163,10_epo,73.0,287.9482471351432,fechner
164,10_epo,74.0,288.05832712413087,fechner
165,10_epo,75.0,288.1643421093595,fechner
166,10_epo,76.0,288.26648608263974,fechner
167,10_epo,77.0,288.3649418272304,fechner
168,10_epo,78.0,288.4598816695596,fechner
169,10_epo,79.0,288.55146817417636,fechner
170,10_epo,80.0,288.63985478664415,fechner
171,10_epo,81.0,288.7251864286689,fechner
172,10_epo,82.0,288.8076000493717,fechner
173,10_epo,83.0,288.88722513627124,fechner
174,10_epo,84.0,288.964184189227,fechner
175,10_epo,85.0,289.03859316031094,fechner
176,10_epo,86.0,289.11056186231684,fechner
177,10_epo,87.0,289.18019434838425,fechner
178,10_epo,88.0,289.2475892649997,fechner
179,10_epo,89.0,289.3128401804449,fechner
180,10_epo,90.0,289.3760358905891,fechner
181,10_epo,91.0,289.43726070375953,fechner
182,10_epo,92.0,289.4965947062825,fechner
183,10_epo,93.0,289.55411401015175,fechner
184,10_epo,94.0,289.609890984164,fechner
185,10_epo,95.0,289.66399446975043,fechner
186,11_epo,3.0,269.31716860050204,fechner
187,11_epo,4.0,278.80716898760517,fechner
188,11_epo,5.0,286.98362097871785,fechner
189,11_epo,6.0,294.74827199649764,fechner
190,11_epo,7.000000000000001,302.3167078247504,fechner
191,11_epo,8.0,309.7736598500499,fechner
192,11_epo,9.0,317.1602628019795,fechner
193,11_epo,10.0,324.4988241557503,fechner
194,11_epo,11.0,331.8018563833662,fechner
195,11_epo,12.0,339.07585429369567,fechner
196,11_epo,13.0,346.3230562717644,fechner
197,11_epo,14.000000000000002,353.5424000992489,fechner
198,11_epo,15.0,360.73016744363565,fechner
199,11_epo,16.0,367.88051617631686,fechner
200,11_epo,17.0,374.98597036597386,fechner
201,11_epo,18.0,382.03788264643833,fechner
202,11_epo,19.0,389.0268633366246,fechner
203,11_epo,20.0,395.94316625402814,fechner
204,11_epo,21.0,402.7770231923721,fechner
205,11_epo,22.0,409.51892297550063,fechner
206,11_epo,23.0,416.1598348331643,fechner
207,11_epo,24.0,422.69137882804284,fechner
208,11_epo,25.0,429.10594805929,fechner
209,11_epo,26.0,435.3967884907339,fechner
210,11_epo,27.0,441.5580426957,fechner
211,11_epo,28.000000000000004,447.5847637703516,fechner
212,11_epo,28.999999999999996,453.4729053093957,fechner
213,11_epo,30.0,459.2192927911602,fechner
214,11_epo,31.0,464.8215810783369,fechner
215,11_epo,32.0,470.2782020723738,fechner
216,11_epo,33.0,475.5883059076472,fechner
217,11_epo,34.0,480.75169846345113,fechner
218,11_epo,35.0,485.7687774228458,fechner
219,11_epo,36.0,490.6404686243086,fechner
220,11_epo,37.0,495.3681640360792,fechner
221,11_epo,38.0,499.95366233151185,fechner
222,11_epo,39.0,504.39911275182516,fechner
223,11_epo,40.0,508.70696270439805,fechner
224,11_epo,41.0,512.8799093536988,fechner
225,11_epo,42.0,516.9208553116167,fechner
226,11_epo,43.0,520.832868418216,fechner
227,11_epo,44.0,524.6191455170718,fechner
228,11_epo,45.0,528.2829800663488,fechner
229,11_epo,46.0,531.8277333831059,fechner
230,11_epo,47.0,535.2568092901821,fechner
231,11_epo,48.0,538.5736319190897,fechner
232,11_epo,49.0,541.7816264159009,fechner
233,11_epo,50.0,544.8842022978704,fechner
234,11_epo,51.0,547.8847392145963,fechner
235,11_epo,52.0,550.7865748774095,fechner
236,11_epo,53.0,553.5929949331495,fechner
237,11_epo,54.0,556.3072245725984,fechner
238,11_epo,55.00000000000001,558.9324216788564,fechner
239,11_epo,56.00000000000001,561.4716713362793,fechner
240,11_epo,56.99999999999999,563.9279815358456,fechner
241,11_epo,57.99999999999999,566.3042799276514,fechner
242,11_epo,59.0,568.6034114854446,fechner
243,11_epo,60.0,570.8281369615487,fechner
244,11_epo,61.0,572.9811320231045,fechner
245,11_epo,62.0,575.0649869722259,fechner
246,11_epo,63.0,577.08220696342,fechner
247,11_epo,64.0,579.0352126414489,fechner
248,11_epo,65.0,580.9263411317802,fechner
249,11_epo,66.0,582.7578473238783,fechner
250,11_epo,67.0,584.5319053949012,fechner
251,11_epo,68.0,586.250610527955,fechner
252,11_epo,69.0,587.9159807849398,fechner
253,11_epo,70.0,589.5299590992729,fechner
254,11_epo,71.0,591.0944153584592,fechner
255,11_epo,72.0,592.6111485506232,fechner
256,11_epo,73.0,594.0818889527903,fechner
257,11_epo,74.0,595.5083003419544,fechner
258,11_epo,75.0,596.891982212811,fechner
259,11_epo,76.0,598.2344719885589,fechner
260,11_epo,77.0,599.5372472133591,fechner
261,11_epo,78.0,600.8017277169713,fechner
262,11_epo,79.0,602.0292777437537,fechner
263,11_epo,80.0,603.2212080396802,fechner
264,11_epo,81.0,604.3787778922875,fechner
265,11_epo,82.0,605.5031971195523,fechner
266,11_epo,83.0,606.5956280046589,fechner
267,11_epo,84.0,607.6571871744077,fechner
268,11_epo,85.0,608.6889474197178,fechner
269,11_epo,86.0,609.6919394572724,fechner
270,11_epo,87.0,610.6671536318478,fechner
271,11_epo,88.0,611.6155415592937,fechner
272,11_epo,89.0,612.53801771049,fechner
273,11_epo,90.0,613.4354609368969,fechner
274,11_epo,91.0,614.3087159385585,fechner
275,11_epo,92.0,615.1585946756239,fechner
276,11_epo,93.0,615.9858777245995,fechner
277,11_epo,94.0,616.7913155806867,fechner
278,11_epo,95.0,617.5756299076427,fechner
279,12_epo,3.0,203.4512090598555,fechner
280,12_epo,4.0,209.97088691929298,fechner
281,12_epo,5.0,215.5400038719805,fechner
282,12_epo,6.0,220.68253653903048,fechner
283,12_epo,7.000000000000001,225.44092538925418,fechner
284,12_epo,8.0,229.7938650561922,fechner
285,12_epo,9.0,233.72667629910993,fechner
286,12_epo,10.0,237.24392300584887,fechner
287,12_epo,11.0,240.36652535617853,fechner
288,12_epo,12.0,243.12562283954122,fechner
289,12_epo,13.0,245.55709639348888,fechner
290,12_epo,14.000000000000002,247.697683270786,fechner
291,12_epo,15.0,249.5825817669198,fechner
292,12_epo,16.0,251.24416845889164,fechner
293,12_epo,17.0,252.71145529117084,fechner
294,12_epo,18.0,254.00999844162268,fechner
295,12_epo,19.0,255.1620601451826,fechner
296,12_epo,20.0,256.1868957204621,fechner
297,12_epo,21.0,257.101088293962,fechner
298,12_epo,22.0,257.91888689959836,fechner
299,12_epo,23.0,258.6525245183979,fechner
300,12_epo,24.0,259.3125052459865,fechner
301,12_epo,25.0,259.90785708660644,fechner
302,12_epo,26.0,260.4463508824876,fechner
303,12_epo,27.0,260.934687906207,fechner
304,12_epo,28.000000000000004,261.3786594986247,fechner
305,12_epo,28.999999999999996,261.78328233623813,fechner
306,12_epo,30.0,262.15291276702067,fechner
307,12_epo,31.0,262.49134334408586,fechner
308,12_epo,32.0,262.8018843153243,fechner
309,12_epo,33.0,263.087432451084,fechner
310,12_epo,34.0,263.35052923985234,fechner
311,12_epo,35.0,263.5934101665448,fechner
312,12_epo,36.0,263.81804651319,fechner
313,12_epo,37.0,264.0261808865437,fechner
314,12_epo,38.0,264.2193574781297,fechner
315,12_epo,39.0,264.39894789515984,fechner
316,12_epo,40.0,264.56617326131885,fechner
317,12_epo,41.0,264.7221231703583,fechner
318,12_epo,42.0,264.8677719790811,fechner
319,12_epo,43.0,265.0039928463632,fechner
320,12_epo,44.0,265.1315698585623,fechner
321,12_epo,45.0,265.2512085266595,fechner
322,12_epo,46.0,265.36354489480954,fechner
323,12_epo,47.0,265.46915346201104,fechner
324,12_epo,48.0,265.56855408700943,fechner
325,12_epo,49.0,265.66221802019095,fechner
326,12_epo,50.0,265.75057318422813,fechner
327,12_epo,51.0,265.8340088068161,fechner
328,12_epo,52.0,265.912879493406,fechner
329,12_epo,53.0,265.9875088148711,fechner
330,12_epo,54.0,266.0581924741206,fechner
331,12_epo,55.00000000000001,266.1252011064736,fechner
332,12_epo,56.00000000000001,266.18878276081364,fechner
333,12_epo,56.99999999999999,266.24916510195413,fechner
334,12_epo,57.99999999999999,266.30655736904606,fechner
335,12_epo,59.0,266.3611521200975,fechner
336,12_epo,60.0,266.4131267886164,fechner
337,12_epo,61.0,266.4626450749218,fechner
338,12_epo,62.0,266.50985819170137,fechner
339,12_epo,63.0,266.55490598084924,fechner
340,12_epo,64.0,266.59791791643266,fechner
341,12_epo,65.0,266.6390140067537,fechner
342,12_epo,66.0,266.6783056068495,fechner
343,12_epo,67.0,266.7158961513717,fechner
344,12_epo,68.0,266.75188181657177,fechner
345,12_epo,69.0,266.7863521190658,fechner
346,12_epo,70.0,266.81939045813743,fechner
347,12_epo,71.0,266.85107460754205,fechner
348,12_epo,72.0,266.8814771620789,fechner
349,12_epo,73.0,266.91066594359535,fechner
350,12_epo,74.0,266.93870437055443,fechner
351,12_epo,75.0,266.9656517948323,fechner
352,12_epo,76.0,266.991563809007,fechner
353,12_epo,77.0,267.0164925270397,fechner
354,12_epo,78.0,267.0404868409341,fechner
355,12_epo,79.0,267.0635926556838,fechner
356,12_epo,80.0,267.08585310457096,fechner
357,12_epo,81.0,267.10730874666075,fechner
358,12_epo,82.0,267.1279977481492,fechner
359,12_epo,83.0,267.14795604904646,fechner
360,12_epo,84.0,267.1672175165296,fechner
361,12_epo,85.0,267.18581408616456,fechner
362,12_epo,86.0,267.20377589207607,fechner
363,12_epo,87.0,267.22113138703975,fechner
364,12_epo,88.0,267.237907453374,fechner
365,12_epo,89.0,267.2541295054252,fechner
366,12_epo,90.0,267.26982158436454,fechner
367,12_epo,91.0,267.28500644594493,fechner
368,12_epo,92.0,267.29970564180894,fechner
369,12_epo,93.0,267.31393959487883,fechner
370,12_epo,94.0,267.32772766931726,fechner
371,12_epo,95.0,267.3410882354971,fechner
372,13_epo,3.0,227.81182960945048,fechner
373,13_epo,4.0,227.81182960966296,fechner
374,13_epo,5.0,227.81182960971861,fechner
375,13_epo,6.0,227.8118296097434,fechner
376,13_epo,7.000000000000001,227.8118296097569,fechner
377,13_epo,8.0,227.81182960976517,fechner
378,13_epo,9.0,227.81182960977065,fechner
379,13_epo,10.0,227.81182960977443,fechner
380,13_epo,11.0,227.81182960977722,fechner
381,13_epo,12.0,227.8118296097793,fechner
382,13_epo,13.0,227.8118296097809,fechner
383,13_epo,14.000000000000002,227.81182960978217,fechner
384,13_epo,15.0,227.81182960978316,fechner
385,13_epo,16.0,227.81182960978398,fechner
386,13_epo,17.0,227.81182960978467,fechner
387,13_epo,18.0,227.81182960978524,fechner
388,13_epo,19.0,227.81182960978572,fechner
389,13_epo,20.0,227.81182960978614,fechner
390,13_epo,21.0,227.81182960978646,fechner
391,13_epo,22.0,227.81182960978677,fechner
392,13_epo,23.0,227.81182960978705,fechner
393,13_epo,24.0,227.81182960978728,fechner
394,13_epo,25.0,227.81182960978745,fechner
395,13_epo,26.0,227.81182960978765,fechner
396,13_epo,27.0,227.8118296097878,fechner
397,13_epo,28.000000000000004,227.81182960978796,fechner
398,13_epo,28.999999999999996,227.81182960978808,fechner
399,13_epo,30.0,227.8118296097882,fechner
400,13_epo,31.0,227.8118296097883,fechner
401,13_epo,32.0,227.81182960978842,fechner
402,13_epo,33.0,227.8118296097885,fechner
403,13_epo,34.0,227.81182960978856,fechner
404,13_epo,35.0,227.81182960978862,fechner
405,13_epo,36.0,227.8118296097887,fechner
406,13_epo,37.0,227.81182960978876,fechner
407,13_epo,38.0,227.81182960978882,fechner
408,13_epo,39.0,227.81182960978887,fechner
409,13_epo,40.0,227.81182960978893,fechner
410,13_epo,41.0,227.81182960978896,fechner
411,13_epo,42.0,227.81182960978902,fechner
412,13_epo,43.0,227.81182960978904,fechner
413,13_epo,44.0,227.81182960978907,fechner
414,13_epo,45.0,227.81182960978913,fechner
415,13_epo,46.0,227.81182960978916,fechner
416,13_epo,47.0,227.81182960978919,fechner
417,13_epo,48.0,227.8118296097892,fechner
418,13_epo,49.0,227.81182960978924,fechner
419,13_epo,50.0,227.81182960978927,fechner
420,13_epo,51.0,227.81182960978927,fechner
421,13_epo,52.0,227.8118296097893,fechner
422,13_epo,53.0,227.81182960978933,fechner
423,13_epo,54.0,227.81182960978936,fechner
424,13_epo,55.00000000000001,227.81182960978936,fechner
425,13_epo,56.00000000000001,227.81182960978938,fechner
426,13_epo,56.99999999999999,227.81182960978938,fechner
427,13_epo,57.99999999999999,227.8118296097894,fechner
428,13_epo,59.0,227.81182960978944,fechner
429,13_epo,60.0,227.81182960978944,fechner
430,13_epo,61.0,227.81182960978947,fechner
431,13_epo,62.0,227.81182960978947,fechner
432,13_epo,63.0,227.81182960978947,fechner
433,13_epo,64.0,227.8118296097895,fechner
434,13_epo,65.0,227.8118296097895,fechner
435,13_epo,66.0,227.81182960978953,fechner
436,13_epo,67.0,227.81182960978953,fechner
437,13_epo,68.0,227.81182960978953,fechner
438,13_epo,69.0,227.81182960978956,fechner
439,13_epo,70.0,227.81182960978956,fechner
440,13_epo,71.0,227.81182960978956,fechner
441,13_epo,72.0,227.81182960978958,fechner
442,13_epo,73.0,227.81182960978958,fechner
443,13_epo,74.0,227.81182960978958,fechner
444,13_epo,75.0,227.81182960978958,fechner
445,13_epo,76.0,227.8118296097896,fechner
446,13_epo,77.0,227.8118296097896,fechner
447,13_epo,78.0,227.8118296097896,fechner
448,13_epo,79.0,227.8118296097896,fechner
449,13_epo,80.0,227.81182960978964,fechner
450,13_epo,81.0,227.81182960978964,fechner
451,13_epo,82.0,227.81182960978964,fechner
452,13_epo,83.0,227.81182960978964,fechner
453,13_epo,84.0,227.81182960978964,fechner
454,13_epo,85.0,227.81182960978964,fechner
455,13_epo,86.0,227.81182960978967,fechner
456,13_epo,87.0,227.81182960978967,fechner
457,13_epo,88.0,227.81182960978967,fechner
458,13_epo,89.0,227.81182960978967,fechner
459,13_epo,90.0,227.81182960978967,fechner
460,13_epo,91.0,227.81182960978967,fechner
461,13_epo,92.0,227.8118296097897,fechner
462,13_epo,93.0,227.8118296097897,fechner
463,13_epo,94.0,227.8118296097897,fechner
464,13_epo,95.0,227.8118296097897,fechner
465,14_epo,3.0,263.167007353362,fechner
466,14_epo,4.0,266.67721246110096,fechner
467,14_epo,5.0,269.7004882226516,fechner
468,14_epo,6.0,272.56418909730365,fechner
469,14_epo,7.000000000000001,275.3330404413922,fechner
470,14_epo,8.0,278.01610825979435,fechner
471,14_epo,9.0,280.6037515147503,fechner
472,14_epo,10.0,283.0812192239067,fechner
473,14_epo,11.0,285.43481836175005,fechner
474,14_epo,12.0,287.65452654907307,fechner
475,14_epo,13.0,289.73470153327816,fechner
476,14_epo,14.000000000000002,291.6738118485084,fechner
477,14_epo,15.0,293.47373518740704,fechner
478,14_epo,16.0,295.1389360605121,fechner
479,14_epo,17.0,296.6756856776831,fechner
480,14_epo,18.0,298.09139659110303,fechner
481,14_epo,19.0,299.3940930897128,fechner
482,14_epo,20.0,300.59201153219396,fechner
483,14_epo,21.0,301.6933128989079,fechner
484,14_epo,22.0,302.7058863170673,fechner
485,14_epo,23.0,303.63722309232156,fechner
486,14_epo,24.0,304.49434345671574,fechner
487,14_epo,25.0,305.2837614860896,fechner
488,14_epo,26.0,306.01147677504315,fechner
489,14_epo,27.0,306.6829841906525,fechner
490,14_epo,28.000000000000004,307.3032952700137,fechner
491,14_epo,28.999999999999996,307.8769665975215,fechner
492,14_epo,30.0,308.40813185601695,fechner
493,14_epo,31.0,308.90053526492443,fechner
494,14_epo,32.0,309.35756486904864,fechner
495,14_epo,33.0,309.7822846854553,fechner
496,14_epo,34.0,310.1774651034959,fechner
497,14_epo,35.0,310.5456112046912,fechner
498,14_epo,36.0,310.88898885583546,fechner
499,14_epo,37.0,311.20964855378577,fechner
500,14_epo,38.0,311.509447081477,fechner
501,14_epo,39.0,311.7900670846743,fechner
502,14_epo,40.0,312.0530347072715,fechner
503,14_epo,41.0,312.29973543640426,fechner
504,14_epo,42.0,312.5314283121616,fechner
505,14_epo,43.0,312.74925865372404,fechner
506,14_epo,44.0,312.95426944679,fechner
507,14_epo,45.0,313.14741152785905,fechner
508,14_epo,46.0,313.3295526904953,fechner
509,14_epo,47.0,313.5014858278673,fechner
510,14_epo,48.0,313.66393621516994,fechner
511,14_epo,49.0,313.81756802528696,fechner
512,14_epo,50.0,313.9629901614458,fechner
513,14_epo,51.0,314.1007614817384,fechner
514,14_epo,52.0,314.2313954822726,fechner
515,14_epo,53.0,314.3553644983712,fechner
516,14_epo,54.0,314.4731034766214,fechner
517,14_epo,55.00000000000001,314.58501336465446,fechner
518,14_epo,56.00000000000001,314.6914641602473,fechner
519,14_epo,56.99999999999999,314.7927976566358,fechner
520,14_epo,57.99999999999999,314.8893299167505,fechner
521,14_epo,59.0,314.9813535053855,fechner
522,14_epo,60.0,315.0691395050346,fechner
523,14_epo,61.0,315.1529393382271,fechner
524,14_epo,62.0,315.2329864166362,fechner
525,14_epo,63.0,315.3094976349652,fechner
526,14_epo,64.0,315.3826747256165,fechner
527,14_epo,65.0,315.45270548837686,fechner
528,14_epo,66.0,315.5197649077923,fechner
529,14_epo,67.0,315.58401616951807,fechner
530,14_epo,68.0,315.6456115857077,fechner
531,14_epo,69.0,315.7046934384227,fechner
532,14_epo,70.0,315.7613947490825,fechner
533,14_epo,71.0,315.81583998112563,fechner
534,14_epo,72.0,315.86814568229636,fechner
535,14_epo,73.0,315.918421072305,fechner
536,14_epo,74.0,315.96676858101097,fechner
537,14_epo,75.0,316.0132843417515,fechner
538,14_epo,76.0,316.05805864396723,fechner
539,14_epo,77.0,316.10117634885637,fechner
540,14_epo,78.0,316.1427172714163,fechner
541,14_epo,79.0,316.18275653189664,fechner
542,14_epo,80.0,316.22136487939144,fechner
543,14_epo,81.0,316.25860899003123,fechner
544,14_epo,82.0,316.29455174199745,fechner
545,14_epo,83.0,316.32925246936895,fechner
546,14_epo,84.0,316.36276719661885,fechner
547,14_epo,85.0,316.3951488554086,fechner
548,14_epo,86.0,316.42644748517273,fechner
549,14_epo,87.0,316.4567104188477,fechner
550,14_epo,88.0,316.48598245497675,fechner
551,14_epo,89.0,316.5143060173068,fechner
552,14_epo,90.0,316.5417213028966,fechner
553,14_epo,91.0,316.5682664196604,fechner
554,14_epo,92.0,316.5939775141923,fechner
555,14_epo,93.0,316.61888889064,fechner
556,14_epo,94.0,316.64303312133023,fechner
557,14_epo,95.0,316.66644114978925,fechner
558,15_epo,3.0,273.90751338210924,fechner
559,15_epo,4.0,281.79271735083483,fechner
560,15_epo,5.0,288.57818434305807,fechner
561,15_epo,6.0,294.97973437847133,fechner
562,15_epo,7.000000000000001,301.1145064094093,fechner
563,15_epo,8.0,306.9787713011832,fechner
564,15_epo,9.0,312.53821892406785,fechner
565,15_epo,10.0,317.7590954950359,fechner
566,15_epo,11.0,322.61920334737584,fechner
567,15_epo,12.0,327.1100785523462,fechner
568,15_epo,13.0,331.2353711862527,fechner
569,15_epo,14.000000000000002,335.0079367430614,fechner
570,15_epo,15.0,338.44685037496225,fechner
571,15_epo,16.0,341.5748547209069,fechner
572,15_epo,17.0,344.41638828929547,fechner
573,15_epo,18.0,346.99616970498613,fechner
574,15_epo,19.0,349.33824609146006,fechner
575,15_epo,20.0,351.46539961911964,fechner
576,15_epo,21.0,353.39881563146776,fechner
577,15_epo,22.0,355.1579333780239,fechner
578,15_epo,23.0,356.7604188123911,fechner
579,15_epo,24.0,358.22221505689254,fechner
580,15_epo,25.0,359.55763908095815,fechner
581,15_epo,26.0,360.7795029807677,fechner
582,15_epo,27.0,361.89924545744987,fechner
583,15_epo,28.000000000000004,362.9270642283063,fechner
584,15_epo,28.999999999999996,363.8720436814025,fechner
585,15_epo,30.0,364.74227451943904,fechner
586,15_epo,31.0,365.5449637605118,fechner
587,15_epo,32.0,366.28653451495654,fechner
588,15_epo,33.0,366.97271561623444,fechner
589,15_epo,34.0,367.60862157623586,fechner
590,15_epo,35.0,368.1988235503323,fechner
591,15_epo,36.0,368.74741209661045,fechner
592,15_epo,37.0,369.2580525392001,fechner
593,15_epo,38.0,369.73403372602684,fechner
594,15_epo,39.0,370.17831092575716,fechner
595,15_epo,40.0,370.5935435496747,fechner
596,15_epo,41.0,370.98212831978674,fechner
597,15_epo,42.0,371.34622843963376,fechner
598,15_epo,43.0,371.687799262055,fechner
599,15_epo,44.0,372.00861089021754,fechner
600,15_epo,45.0,372.310268095339,fechner
601,15_epo,46.0,372.5942278869621,fechner
602,15_epo,47.0,372.86181502929196,fechner
603,15_epo,48.0,373.11423575968695,fechner
604,15_epo,49.0,373.35258993252125,fechner
605,15_epo,50.0,373.57788178287035,fechner
606,15_epo,51.0,373.7910294793844,fechner
607,15_epo,52.0,373.9928736138718,fechner
608,15_epo,53.0,374.18418475613856,fechner
609,15_epo,54.0,374.36567018615057,fechner
610,15_epo,55.00000000000001,374.5379799012849,fechner
611,15_epo,56.00000000000001,374.7017119840335,fechner
612,15_epo,56.99999999999999,374.8574174047584,fechner
613,15_epo,57.99999999999999,375.0056043247556,fechner
614,15_epo,59.0,375.1467419567772,fechner
615,15_epo,60.0,375.2812640331112,fechner
616,15_epo,61.0,375.40957192519517,fechner
617,15_epo,62.0,375.53203745340505,fechner
618,15_epo,63.0,375.64900542102,fechner
619,15_epo,64.0,375.7607959023105,fechner
620,15_epo,65.0,375.86770631117014,fechner
621,15_epo,66.0,375.9700132736145,fechner
622,15_epo,67.0,376.06797432477856,fechner
623,15_epo,68.0,376.16182944867285,fechner
624,15_epo,69.0,376.25180247688536,fechner
625,15_epo,70.0,376.33810236059844,fechner
626,15_epo,71.0,376.42092432868753,fechner
627,15_epo,72.0,376.5004509432597,fechner
628,15_epo,73.0,376.57685306275283,fechner
629,15_epo,74.0,376.6502907216196,fechner
630,15_epo,75.0,376.72091393465445,fechner
631,15_epo,76.0,376.78886343316856,fechner
632,15_epo,77.0,376.8542713394613,fechner
633,15_epo,78.0,376.9172617853652,fechner
634,15_epo,79.0,376.9779514800481,fechner
635,15_epo,80.0,377.03645023172726,fechner
636,15_epo,81.0,377.09286142748107,fechner
637,15_epo,82.0,377.14728247492366,fechner
638,15_epo,83.0,377.19980520913833,fechner
639,15_epo,84.0,377.2505162679282,fechner
640,15_epo,85.0,377.29949743815035,fechner
641,15_epo,86.0,377.3468259756293,fechner
642,15_epo,87.0,377.39257490091165,fechner
643,15_epo,88.0,377.43681327290625,fechner
644,15_epo,89.0,377.4796064422666,fechner
645,15_epo,90.0,377.5210162861988,fechner
646,15_epo,91.0,377.56110142622276,fechner
647,15_epo,92.0,377.5999174302776,fechner
648,15_epo,93.0,377.63751700043446,fechner
649,15_epo,94.0,377.67395014736974,fechner
650,15_epo,95.0,377.7092643526475,fechner
651,16_epo,3.0,201.81356598100965,fechner
652,16_epo,4.0,201.81356598104853,fechner
653,16_epo,5.0,201.8135659810587,fechner
654,16_epo,6.0,201.81356598106322,fechner
655,16_epo,7.000000000000001,201.8135659810657,fechner
656,16_epo,8.0,201.81356598106723,fechner
657,16_epo,9.0,201.81356598106822,fechner
658,16_epo,10.0,201.81356598106893,fechner
659,16_epo,11.0,201.81356598106942,fechner
660,16_epo,12.0,201.81356598106981,fechner
661,16_epo,13.0,201.8135659810701,fechner
662,16_epo,14.000000000000002,201.81356598107033,fechner
663,16_epo,15.0,201.8135659810705,fechner
664,16_epo,16.0,201.81356598107067,fechner
665,16_epo,17.0,201.81356598107078,fechner
666,16_epo,18.0,201.8135659810709,fechner
667,16_epo,19.0,201.81356598107098,fechner
668,16_epo,20.0,201.81356598107106,fechner
669,16_epo,21.0,201.81356598107112,fechner
670,16_epo,22.0,201.81356598107118,fechner
671,16_epo,23.0,201.81356598107124,fechner
672,16_epo,24.0,201.81356598107126,fechner
673,16_epo,25.0,201.81356598107132,fechner
674,16_epo,26.0,201.81356598107135,fechner
675,16_epo,27.0,201.81356598107135,fechner
676,16_epo,28.000000000000004,201.81356598107138,fechner
677,16_epo,28.999999999999996,201.8135659810714,fechner
678,16_epo,30.0,201.81356598107143,fechner
679,16_epo,31.0,201.81356598107143,fechner
680,16_epo,32.0,201.81356598107146,fechner
681,16_epo,33.0,201.8135659810715,fechner
682,16_epo,34.0,201.8135659810715,fechner
683,16_epo,35.0,201.81356598107152,fechner
684,16_epo,36.0,201.81356598107152,fechner
685,16_epo,37.0,201.81356598107152,fechner
686,16_epo,38.0,201.81356598107155,fechner
687,16_epo,39.0,201.81356598107155,fechner
688,16_epo,40.0,201.81356598107155,fechner
689,16_epo,41.0,201.81356598107158,fechner
690,16_epo,42.0,201.81356598107158,fechner
691,16_epo,43.0,201.81356598107158,fechner
692,16_epo,44.0,201.81356598107158,fechner
693,16_epo,45.0,201.8135659810716,fechner
694,16_epo,46.0,201.8135659810716,fechner
695,16_epo,47.0,201.8135659810716,fechner
696,16_epo,48.0,201.8135659810716,fechner
697,16_epo,49.0,201.8135659810716,fechner
698,16_epo,50.0,201.81356598107163,fechner
699,16_epo,51.0,201.81356598107163,fechner
700,16_epo,52.0,201.81356598107163,fechner
701,16_epo,53.0,201.81356598107163,fechner
702,16_epo,54.0,201.81356598107163,fechner
703,16_epo,55.00000000000001,201.81356598107163,fechner
704,16_epo,56.00000000000001,201.81356598107163,fechner
705,16_epo,56.99999999999999,201.81356598107166,fechner
706,16_epo,57.99999999999999,201.81356598107166,fechner
707,16_epo,59.0,201.81356598107166,fechner
708,16_epo,60.0,201.81356598107166,fechner
709,16_epo,61.0,201.81356598107166,fechner
710,16_epo,62.0,201.81356598107166,fechner
711,16_epo,63.0,201.81356598107166,fechner
712,16_epo,64.0,201.81356598107166,fechner
713,16_epo,65.0,201.81356598107166,fechner
714,16_epo,66.0,201.81356598107166,fechner
715,16_epo,67.0,201.81356598107166,fechner
716,16_epo,68.0,201.81356598107166,fechner
717,16_epo,69.0,201.81356598107166,fechner
718,16_epo,70.0,201.8135659810717,fechner
719,16_epo,71.0,201.8135659810717,fechner
720,16_epo,72.0,201.8135659810717,fechner
721,16_epo,73.0,201.8135659810717,fechner
722,16_epo,74.0,201.8135659810717,fechner
723,16_epo,75.0,201.8135659810717,fechner
724,16_epo,76.0,201.8135659810717,fechner
725,16_epo,77.0,201.8135659810717,fechner
726,16_epo,78.0,201.8135659810717,fechner
727,16_epo,79.0,201.8135659810717,fechner
728,16_epo,80.0,201.8135659810717,fechner
729,16_epo,81.0,201.8135659810717,fechner
730,16_epo,82.0,201.8135659810717,fechner
731,16_epo,83.0,201.8135659810717,fechner
732,16_epo,84.0,201.8135659810717,fechner
733,16_epo,85.0,201.8135659810717,fechner
734,16_epo,86.0,201.8135659810717,fechner
735,16_epo,87.0,201.8135659810717,fechner
736,16_epo,88.0,201.8135659810717,fechner
737,16_epo,89.0,201.8135659810717,fechner
738,16_epo,90.0,201.8135659810717,fechner
739,16_epo,91.0,201.8135659810717,fechner
740,16_epo,92.0,201.8135659810717,fechner
741,16_epo,93.0,201.8135659810717,fechner
742,16_epo,94.0,201.8135659810717,fechner
743,16_epo,95.0,201.8135659810717,fechner
744,17_epo,3.0,394.6489446329763,fechner
745,17_epo,4.0,402.666924933697,fechner
746,17_epo,5.0,409.5751049402455,fechner
747,17_epo,6.0,416.13535900336467,fechner
748,17_epo,7.000000000000001,422.52982307898867,fechner
749,17_epo,8.0,428.83001924254273,fechner
750,17_epo,9.0,435.07045693965364,fechner
751,17_epo,10.0,441.2693855138145,fechner
752,17_epo,11.0,447.4362754739886,fechner
753,17_epo,12.0,453.5749541761144,fechner
754,17_epo,13.0,459.6851506185653,fechner
755,17_epo,14.000000000000002,465.76344632796156,fechner
756,17_epo,15.0,471.8040063842144,fechner
757,17_epo,16.0,477.7992190027299,fechner
758,17_epo,17.0,483.740275471891,fechner
759,17_epo,18.0,489.6176889096703,fechner
760,17_epo,19.0,495.42174330394477,fechner
761,17_epo,20.0,501.1428669702481,fechner
762,17_epo,21.0,506.7719295979781,fechner
763,17_epo,22.0,512.3004665823998,fechner
764,17_epo,23.0,517.7208374925644,fechner
765,17_epo,24.0,523.0263272860107,fechner
766,17_epo,25.0,528.2111995248413,fechner
767,17_epo,26.0,533.270710702206,fechner
768,17_epo,27.0,538.2010941414064,fechner
769,17_epo,28.000000000000004,542.9995210045198,fechner
770,17_epo,28.999999999999996,547.6640449029564,fechner
771,17_epo,30.0,552.1935355456396,fechner
772,17_epo,31.0,556.5876058585732,fechner
773,17_epo,32.0,560.8465361005868,fechner
774,17_epo,33.0,564.9711977021907,fechner
775,17_epo,34.0,568.9629788725008,fechner
776,17_epo,35.0,572.8237134495076,fechner
777,17_epo,36.0,576.555614002878,fechner
778,17_epo,37.0,580.161209824829,fechner
779,17_epo,38.0,583.6432901512137,fechner
780,17_epo,39.0,587.0048527297382,fechner
781,17_epo,40.0,590.2490576838122,fechner
782,17_epo,41.0,593.3791864986507,fechner
783,17_epo,42.0,596.3986058718194,fechner
784,17_epo,43.0,599.3107361156631,fechner
785,17_epo,44.0,602.119023767362,fechner
786,17_epo,45.0,604.8269180483019,fechner
787,17_epo,46.0,607.4378508134592,fechner
788,17_epo,47.0,609.9552196400679,fechner
789,17_epo,48.0,612.3823737199859,fechner
790,17_epo,49.0,614.7226022397325,fechner
791,17_epo,50.0,616.9791249543248,fechner
792,17_epo,51.0,619.1550846845264,fechner
793,17_epo,52.0,621.2535414909197,fechner
794,17_epo,53.0,623.2774683016378,fechner
795,17_epo,54.0,625.2297477931305,fechner
796,17_epo,55.00000000000001,627.1131703446697,fechner
797,17_epo,56.00000000000001,628.9304329072158,fechner
798,17_epo,56.99999999999999,630.6841386456637,fechner
799,17_epo,57.99999999999999,632.3767972303185,fechner
800,17_epo,59.0,634.0108256687449,fechner
801,17_epo,60.0,635.5885495829363,fechner
802,17_epo,61.0,637.1122048491302,fechner
803,17_epo,62.0,638.5839395286512,fechner
804,17_epo,63.0,640.0058160279863,fechner
805,17_epo,64.0,641.3798134349992,fechner
806,17_epo,65.0,642.7078299858556,fechner
807,17_epo,66.0,643.9916856239779,fechner
808,17_epo,67.0,645.2331246182474,fechner
809,17_epo,68.0,646.4338182128395,fechner
810,17_epo,69.0,647.5953672855612,fechner
811,17_epo,70.0,648.7193049954649,fechner
812,17_epo,71.0,649.80709940389,fechner
813,17_epo,72.0,650.8601560559958,fechner
814,17_epo,73.0,651.8798205123585,fechner
815,17_epo,74.0,652.8673808223641,fechner
816,17_epo,75.0,653.8240699329567,fechner
817,17_epo,76.0,654.7510680278853,fechner
818,17_epo,77.0,655.649504793908,fechner
819,17_epo,78.0,656.5204616115528,fechner
820,17_epo,79.0,657.3649736689656,fechner
821,17_epo,80.0,658.1840319981771,fechner
822,17_epo,81.0,658.9785854337767,fechner
823,17_epo,82.0,659.7495424945153,fechner
824,17_epo,83.0,660.4977731888157,fechner
825,17_epo,84.0,661.2241107455175,fechner
826,17_epo,85.0,661.9293532714677,fechner
827,17_epo,86.0,662.6142653378047,fechner
828,17_epo,87.0,663.2795794969397,fechner
829,17_epo,88.0,663.9259977323715,fechner
830,17_epo,89.0,664.5541928435648,fechner
831,17_epo,90.0,665.1648097681692,fechner
832,17_epo,91.0,665.7584668438939,fechner
833,17_epo,92.0,666.33575701236,fechner
834,17_epo,93.0,666.8972489672404,fechner
835,17_epo,94.0,667.4434882489761,fechner
836,17_epo,95.0,667.9749982883185,fechner
837,18_epo,3.0,212.8643501458763,fechner
838,18_epo,4.0,213.23555585886794,fechner
839,18_epo,5.0,213.35320553717716,fechner
840,18_epo,6.0,213.40891666891133,fechner
841,18_epo,7.000000000000001,213.4402571545367,fechner
842,18_epo,8.0,213.4597876956294,fechner
843,18_epo,9.0,213.47283297196338,fechner
844,18_epo,10.0,213.48199948717948,fechner
845,18_epo,11.0,213.4886959019814,fechner
846,18_epo,12.0,213.4937412940753,fechner
847,18_epo,13.0,213.49763969512165,fechner
848,18_epo,14.000000000000002,213.50071567557143,fechner
849,18_epo,15.0,213.5031861852546,fechner
850,18_epo,16.0,213.50520084164748,fechner
851,18_epo,17.0,213.5068656090045,fechner
852,18_epo,18.0,213.50825727682815,fechner
853,18_epo,19.0,213.50943261719476,fechner
854,18_epo,20.0,213.5104343488022,fechner
855,18_epo,21.0,213.51129512223287,fechner
856,18_epo,22.0,213.51204024403063,fechner
857,18_epo,23.0,213.51268957668518,fechner
858,18_epo,24.0,213.51325888804018,fechner
859,18_epo,25.0,213.5137608254508,fechner
860,18_epo,26.0,213.51420562953606,fechner
861,18_epo,27.0,213.51460166424394,fechner
862,18_epo,28.000000000000004,213.51495581539479,fechner
863,18_epo,28.999999999999996,213.51527379375938,fechner
864,18_epo,30.0,213.5155603679646,fechner
865,18_epo,31.0,213.5158195452166,fechner
866,18_epo,32.0,213.51605471279942,fechner
867,18_epo,33.0,213.51626874979402,fechner
868,18_epo,34.0,213.51646411597574,fechner
869,18_epo,35.0,213.51664292307152,fechner
870,18_epo,36.0,213.51680699226887,fechner
871,18_epo,37.0,213.51695790092944,fechner
872,18_epo,38.0,213.5170970207632,fechner
873,18_epo,39.0,213.51722554920372,fechner
874,18_epo,40.0,213.51734453533388,fechner
875,18_epo,41.0,213.5174549014192,fechner
876,18_epo,42.0,213.51755746087844,fechner
877,18_epo,43.0,213.51765293335086,fechner
878,18_epo,44.0,213.51774195738375,fechner
879,18_epo,45.0,213.5178251011607,fechner
880,18_epo,46.0,213.5179028716091,fechner
881,18_epo,47.0,213.5179757221609,fechner
882,18_epo,48.0,213.51804405938938,fechner
883,18_epo,49.0,213.51810824870458,fechner
884,18_epo,50.0,213.51816861925676,fechner
885,18_epo,51.0,213.51822546817164,fechner
886,18_epo,52.0,213.51827906421906,fechner
887,18_epo,53.0,213.5183296510005,fechner
888,18_epo,54.0,213.51837744972627,fechner
889,18_epo,55.00000000000001,213.51842266164118,fechner
890,18_epo,56.00000000000001,213.51846547014932,fechner
891,18_epo,56.99999999999999,213.51850604267955,fechner
892,18_epo,57.99999999999999,213.5185445323268,fechner
893,18_epo,59.0,213.5185810793007,fechner
894,18_epo,60.0,213.51861581220524,fechner
895,18_epo,61.0,213.5186488491735,fechner
896,18_epo,62.0,213.5186802988742,fechner
897,18_epo,63.0,213.51871026140762,fechner
898,18_epo,64.0,213.51873882910385,fechner
899,18_epo,65.0,213.51876608723575,fechner
900,18_epo,66.0,213.51879211465643,fechner
901,18_epo,67.0,213.51881698437103,fechner
902,18_epo,68.0,213.51884076404937,fechner
903,18_epo,69.0,213.51886351648736,fechner
904,18_epo,70.0,213.51888530002228,fechner
905,18_epo,71.0,213.51890616890748,fechner
906,18_epo,72.0,213.5189261736506,fechner
907,18_epo,73.0,213.51894536132002,fechner
908,18_epo,74.0,213.51896377582185,fechner
909,18_epo,75.0,213.51898145815176,fechner
910,18_epo,76.0,213.51899844662333,fechner
911,18_epo,77.0,213.5190147770761,fechner
912,18_epo,78.0,213.5190304830647,fechner
913,18_epo,79.0,213.51904559603162,fechner
914,18_epo,80.0,213.5190601454647,fechner
915,18_epo,81.0,213.51907415904108,fechner
916,18_epo,82.0,213.51908766275938,fechner
917,18_epo,83.0,213.51910068105994,fechner
918,18_epo,84.0,213.51911323693597,fechner
919,18_epo,85.0,213.51912535203488,fechner
920,18_epo,86.0,213.51913704675195,fechner
921,18_epo,87.0,213.51914834031618,fechner
922,18_epo,88.0,213.5191592508694,fechner
923,18_epo,89.0,213.5191697955392,fechner
924,18_epo,90.0,213.51917999050627,fechner
925,18_epo,91.0,213.51918985106656,fechner
926,18_epo,92.0,213.51919939168863,fechner
927,18_epo,93.0,213.5192086260668,fechner
928,18_epo,94.0,213.51921756717056,fechner
929,18_epo,95.0,213.51922622728966,fechner
930,19_epo,3.0,221.23929075867625,fechner
931,19_epo,4.0,221.2403996118122,fechner
932,19_epo,5.0,221.24069026423342,fechner
933,19_epo,6.0,221.24081959523625,fechner
934,19_epo,7.000000000000001,221.24089016865804,fechner
935,19_epo,8.0,221.240933382055,fechner
936,19_epo,9.0,221.24096192550974,fechner
937,19_epo,10.0,221.24098183066565,fechner
938,19_epo,11.0,221.24099629372913,fechner
939,19_epo,12.0,221.2410071475419,fechner
940,19_epo,13.0,221.24101550853834,fechner
941,19_epo,14.000000000000002,221.24102209012082,fechner
942,19_epo,15.0,221.24102736629595,fechner
943,19_epo,16.0,221.24103166241036,fechner
944,19_epo,17.0,221.24103520800554,fechner
945,19_epo,18.0,221.24103816890374,fechner
946,19_epo,19.0,221.24104066738278,fechner
947,19_epo,20.0,221.2410427952514,fechner
948,19_epo,21.0,221.24104462255113,fechner
949,19_epo,22.0,221.2410462034836,fechner
950,19_epo,23.0,221.24104758053255,fechner
951,19_epo,24.0,221.24104878738402,fechner
952,19_epo,25.0,221.24104985102966,fechner
953,19_epo,26.0,221.24105079330494,fechner
954,19_epo,27.0,221.24105163202958,fechner
955,19_epo,28.000000000000004,221.24105238186377,fechner
956,19_epo,28.999999999999996,221.2410530549581,fechner
957,19_epo,30.0,221.241053661453,fechner
958,19_epo,31.0,221.24105420986535,fechner
959,19_epo,32.0,221.24105470739113,fechner
960,19_epo,33.0,221.24105516014419,fechner
961,19_epo,34.0,221.24105557334593,fechner
962,19_epo,35.0,221.24105595147748,fechner
963,19_epo,36.0,221.24105629840207,fechner
964,19_epo,37.0,221.24105661746492,fechner
965,19_epo,38.0,221.24105691157425,fechner
966,19_epo,39.0,221.24105718326817,fechner
967,19_epo,40.0,221.24105743476983,fechner
968,19_epo,41.0,221.24105766803325,fechner
969,19_epo,42.0,221.24105788478158,fechner
970,19_epo,43.0,221.24105808653886,fechner
971,19_epo,44.0,221.24105827465732,fechner
972,19_epo,45.0,221.24105845033992,fechner
973,19_epo,46.0,221.24105861465978,fechner
974,19_epo,47.0,221.24105876857672,fechner
975,19_epo,48.0,221.24105891295116,fechner
976,19_epo,49.0,221.24105904855634,fechner
977,19_epo,50.0,221.24105917608878,fechner
978,19_epo,51.0,221.241059296177,fechner
979,19_epo,52.0,221.24105940938966,fechner
980,19_epo,53.0,221.241059516242,fechner
981,19_epo,54.0,221.2410596172019,fechner
982,19_epo,55.00000000000001,221.241059712695,fechner
983,19_epo,56.00000000000001,221.24105980310912,fechner
984,19_epo,56.99999999999999,221.24105988879833,fechner
985,19_epo,57.99999999999999,221.24105997008633,fechner
986,19_epo,59.0,221.24106004726957,fechner
987,19_epo,60.0,221.24106012061992,fechner
988,19_epo,61.0,221.24106019038715,fechner
989,19_epo,62.0,221.24106025680095,fechner
990,19_epo,63.0,221.24106032007293,fechner
991,19_epo,64.0,221.24106038039827,fechner
992,19_epo,65.0,221.24106043795715,fechner
993,19_epo,66.0,221.24106049291623,fechner
994,19_epo,67.0,221.24106054542983,fechner
995,19_epo,68.0,221.24106059564093,fechner
996,19_epo,69.0,221.2410606436823,fechner
997,19_epo,70.0,221.2410606896771,fechner
998,19_epo,71.0,221.24106073374006,fechner
999,19_epo,72.0,221.24106077597787,fechner
1000,19_epo,73.0,221.24106081649,fechner
1001,19_epo,74.0,221.24106085536917,fechner
1002,19_epo,75.0,221.24106089270208,fechner
1003,19_epo,76.0,221.24106092856957,fechner
1004,19_epo,77.0,221.24106096304743,fechner
1005,19_epo,78.0,221.24106099620653,fechner
1006,19_epo,79.0,221.24106102811328,fechner
1007,19_epo,80.0,221.24106105882998,fechner
1008,19_epo,81.0,221.2410610884151,fechner
1009,19_epo,82.0,221.24106111692356,fechner
1010,19_epo,83.0,221.24106114440698,fechner
1011,19_epo,84.0,221.24106117091395,fechner
1012,19_epo,85.0,221.24106119649014,fechner
1013,19_epo,86.0,221.24106122117868,fechner
1014,19_epo,87.0,221.24106124502015,fechner
1015,19_epo,88.0,221.24106126805293,fechner
1016,19_epo,89.0,221.24106129031313,fechner
1017,19_epo,90.0,221.24106131183493,fechner
1018,19_epo,91.0,221.24106133265064,fechner
1019,19_epo,92.0,221.24106135279087,fechner
1020,19_epo,93.0,221.24106137228446,fechner
1021,19_epo,94.0,221.24106139115884,fechner
1022,19_epo,95.0,221.24106140944,fechner
1023,1_epo,3.0,174.64232464312855,fechner
1024,1_epo,4.0,179.04451083493743,fechner
1025,1_epo,5.0,182.83726367867166,fechner
1026,1_epo,6.0,186.43767975150644,fechner
1027,1_epo,7.000000000000001,189.94105686838813,fechner
1028,1_epo,8.0,193.37656331725324,fechner
1029,1_epo,9.0,196.74797769489604,fechner
1030,1_epo,10.0,200.04719740048012,fechner
1031,1_epo,11.0,203.260989480658,fechner
1032,1_epo,12.0,206.3749722062932,fechner
1033,1_epo,13.0,209.37596442517287,fechner
1034,1_epo,14.000000000000002,212.25323522002805,fechner
1035,1_epo,15.0,214.99901191603473,fechner
1036,1_epo,16.0,217.6085134331659,fechner
1037,1_epo,17.0,220.0797052175656,fechner
1038,1_epo,18.0,222.4129133564085,fechner
1039,1_epo,19.0,224.61038895085312,fechner
1040,1_epo,20.0,226.67587894237525,fechner
1041,1_epo,21.0,228.61423483144583,fechner
1042,1_epo,22.0,230.43107406994451,fechner
1043,1_epo,23.0,232.13249833024634,fechner
1044,1_epo,24.0,233.72486660388958,fechner
1045,1_epo,25.0,235.21461776967678,fechner
1046,1_epo,26.0,236.60813585527814,fechner
1047,1_epo,27.0,237.91165095838096,fechner
1048,1_epo,28.000000000000004,239.1311691895281,fechner
1049,1_epo,28.999999999999996,240.27242572037434,fechner
1050,1_epo,30.0,241.34085586352384,fechner
1051,1_epo,31.0,242.34157995328638,fechner
1052,1_epo,32.0,243.279398575947,fechner
1053,1_epo,33.0,244.1587953838249,fechner
1054,1_epo,34.0,244.98394531088067,fechner
1055,1_epo,35.0,245.7587264921793,fechner
1056,1_epo,36.0,246.4867345844175,fechner
1057,1_epo,37.0,247.1712985017449,fechner
1058,1_epo,38.0,247.81549683239834,fechner
1059,1_epo,39.0,248.4221743986474,fechner
1060,1_epo,40.0,248.99395857538548,fechner
1061,1_epo,41.0,249.53327510010342,fechner
1062,1_epo,42.0,250.04236319626904,fechner
1063,1_epo,43.0,250.52328989929228,fechner
1064,1_epo,44.0,250.9779635241492,fechner
1065,1_epo,45.0,251.40814625026758,fechner
1066,1_epo,46.0,251.81546582552429,fechner
1067,1_epo,47.0,252.20142640961612,fechner
1068,1_epo,48.0,252.56741858954217,fechner
1069,1_epo,49.0,252.9147286079595,fechner
1070,1_epo,50.0,253.24454684989445,fechner
1071,1_epo,51.0,253.55797563559022,fechner
1072,1_epo,52.0,253.8560363678195,fechner
1073,1_epo,53.0,254.1396760813051,fechner
1074,1_epo,54.0,254.40977344036085,fechner
1075,1_epo,55.00000000000001,254.6671442287689,fechner
1076,1_epo,56.00000000000001,254.91254637348032,fechner
1077,1_epo,56.99999999999999,255.1466845411078,fechner
1078,1_epo,57.99999999999999,255.37021434349327,fechner
1079,1_epo,59.0,255.58374618596036,fechner
1080,1_epo,60.0,255.7878487892579,fechner
1081,1_epo,61.0,255.98305241370468,fechner
1082,1_epo,62.0,256.16985181167905,fechner
1083,1_epo,63.0,256.34870893237724,fechner
1084,1_epo,64.0,256.5200554006919,fechner
1085,1_epo,65.0,256.6842947901468,fechner
1086,1_epo,66.0,256.8418047080507,fechner
1087,1_epo,67.0,256.99293870940863,fechner
1088,1_epo,68.0,257.1380280546378,fechner
1089,1_epo,69.0,257.2773833247717,fechner
1090,1_epo,70.0,257.4112959065954,fechner
1091,1_epo,71.0,257.5400393590212,fechner
1092,1_epo,72.0,257.6638706709846,fechner
1093,1_epo,73.0,257.783031420205,fechner
1094,1_epo,74.0,257.8977488413073,fechner
1095,1_epo,75.0,258.0082368110268,fechner
1096,1_epo,76.0,258.11469675752437,fechner
1097,1_epo,77.0,258.21731850020177,fechner
1098,1_epo,78.0,258.316281025835,fechner
1099,1_epo,79.0,258.4117532063193,fechner
1100,1_epo,80.0,258.5038944628516,fechner
1101,1_epo,81.0,258.59285538094366,fechner
1102,1_epo,82.0,258.67877828027423,fechner
1103,1_epo,83.0,258.76179774303387,fechner
1104,1_epo,84.0,258.8420411040994,fechner
1105,1_epo,85.0,258.91962890608266,fechner
1106,1_epo,86.0,258.99467532203596,fechner
1107,1_epo,87.0,259.0672885483586,fechner
1108,1_epo,88.0,259.1375711702298,fechner
1109,1_epo,89.0,259.20562050169804,fechner
1110,1_epo,90.0,259.27152890237545,fechner
1111,1_epo,91.0,259.3353840725241,fechner
1112,1_epo,92.0,259.397269328172,fechner
1113,1_epo,93.0,259.4572638577598,fechner
1114,1_epo,94.0,259.5154429616989,fechner
1115,1_epo,95.0,259.57187827610574,fechner
1116,20_epo,3.0,177.91547343856203,fechner
1117,20_epo,4.0,181.22442563737462,fechner
1118,20_epo,5.0,184.07360894836296,fechner
1119,20_epo,6.0,186.76872864993015,fechner
1120,20_epo,7.000000000000001,189.36615949627424,fechner
1121,20_epo,8.0,191.87005131232416,fechner
1122,20_epo,9.0,194.26858310388903,fechner
1123,20_epo,10.0,196.54712347773727,fechner
1124,20_epo,11.0,198.69371931073692,fechner
1125,20_epo,12.0,200.70099675104183,fechner
1126,20_epo,13.0,202.56628393357101,fechner
1127,20_epo,14.000000000000002,204.29093157907846,fechner
1128,20_epo,15.0,205.87936676509517,fechner
1129,20_epo,16.0,207.33815476055625,fechner
1130,20_epo,17.0,208.6751913724995,fechner
1131,20_epo,18.0,209.89906383117213,fechner
1132,20_epo,19.0,211.0185755521312,fechner
1133,20_epo,20.0,212.0424117118295,fechner
1134,20_epo,21.0,212.97891735000437,fechner
1135,20_epo,22.0,213.83596097072007,fechner
1136,20_epo,23.0,214.62086055227232,fechner
1137,20_epo,24.0,215.3403534867941,fechner
1138,20_epo,25.0,216.00059629687334,fechner
1139,20_epo,26.0,216.6071836425109,fechner
1140,20_epo,27.0,217.16517905875168,fechner
1141,20_epo,28.000000000000004,217.67915211084994,fechner
1142,20_epo,28.999999999999996,218.15321832924818,fechner
1143,20_epo,30.0,218.5910795081018,fechner
1144,20_epo,31.0,218.99606282438515,fechner
1145,20_epo,32.0,219.3711578476555,fechner
1146,20_epo,33.0,219.71905093282035,fechner
1147,20_epo,34.0,220.04215677289665,fechner
1148,20_epo,35.0,220.34264707551907,fechner
1149,20_epo,36.0,220.6224764450467,fechner
1150,20_epo,37.0,220.8834056226974,fechner
1151,20_epo,38.0,221.12702227537378,fechner
1152,20_epo,39.0,221.35475954047894,fechner
1153,20_epo,40.0,221.567912536602,fechner
1154,20_epo,41.0,221.76765304371636,fechner
1155,20_epo,42.0,221.95504254507574,fechner
1156,20_epo,43.0,222.13104380873577,fechner
1157,20_epo,44.0,222.2965311711901,fechner
1158,20_epo,45.0,222.452299670027,fechner
1159,20_epo,46.0,222.5990731574344,fechner
1160,20_epo,47.0,222.73751151219145,fechner
1161,20_epo,48.0,222.86821705467997,fechner
1162,20_epo,49.0,222.99174025751324,fechner
1163,20_epo,50.0,223.10858483361724,fechner
1164,20_epo,51.0,223.21921227396635,fechner
1165,20_epo,52.0,223.32404589860406,fechner
1166,20_epo,53.0,223.42347447698396,fechner
1167,20_epo,54.0,223.5178554669585,fechner
1168,20_epo,55.00000000000001,223.60751791583138,fechner
1169,20_epo,56.00000000000001,223.69276506169328,fechner
1170,20_epo,56.99999999999999,223.77387666869262,fechner
1171,20_epo,57.99999999999999,223.85111112588712,fechner
1172,20_epo,59.0,223.92470733580544,fechner
1173,20_epo,60.0,223.99488641576565,fechner
1174,20_epo,61.0,224.06185323229377,fechner
1175,20_epo,62.0,224.12579778661294,fechner
1176,20_epo,63.0,224.18689646709313,fechner
1177,20_epo,64.0,224.24531318272435,fechner
1178,20_epo,65.0,224.30120039007068,fechner
1179,20_epo,66.0,224.3547000247526,fechner
1180,20_epo,67.0,224.40594434726324,fechner
1181,20_epo,68.0,224.4550567118324,fechner
1182,20_epo,69.0,224.50215226608864,fechner
1183,20_epo,70.0,224.54733858842195,fechner
1184,20_epo,71.0,224.59071626919916,fechner
1185,20_epo,72.0,224.63237944132217,fechner
1186,20_epo,73.0,224.67241626503386,fechner
1187,20_epo,74.0,224.71090937135767,fechner
1188,20_epo,75.0,224.74793626809753,fechner
1189,20_epo,76.0,224.78356971191633,fechner
1190,20_epo,77.0,224.81787804965128,fechner
1191,20_epo,78.0,224.85092553169937,fechner
1192,20_epo,79.0,224.88277260002315,fechner
1193,20_epo,80.0,224.91347615306915,fechner
1194,20_epo,81.0,224.9430897896662,fechner
1195,20_epo,82.0,224.97166403376568,fechner
1196,20_epo,83.0,224.9992465417056,fechner
1197,20_epo,84.0,225.0258822935183,fechner
1198,20_epo,85.0,225.0516137696551,fechner
1199,20_epo,86.0,225.07648111437223,fechner
1200,20_epo,87.0,225.10052228690475,fechner
1201,20_epo,88.0,225.12377320145094,fechner
1202,20_epo,89.0,225.14626785689472,fechner
1203,20_epo,90.0,225.1680384571092,fechner
1204,20_epo,91.0,225.18911552260835,fechner
1205,20_epo,92.0,225.2095279942441,fechner
1206,20_epo,93.0,225.22930332958504,fechner
1207,20_epo,94.0,225.24846759255607,fechner
1208,20_epo,95.0,225.26704553686793,fechner
1209,21_epo,3.0,164.25722965001097,fechner
1210,21_epo,4.0,167.18162519027078,fechner
1211,21_epo,5.0,169.69672827669794,fechner
1212,21_epo,6.0,172.06434667484993,fechner
1213,21_epo,7.000000000000001,174.32367003263212,fechner
1214,21_epo,8.0,176.47054476030146,fechner
1215,21_epo,9.0,178.49156574703574,fechner
1216,21_epo,10.0,180.37524865375664,fechner
1217,21_epo,11.0,182.1154328891254,fechner
1218,21_epo,12.0,183.7114745064112,fechner
1219,21_epo,13.0,185.16721230659078,fechner
1220,21_epo,14.000000000000002,186.48963741472363,fechner
1221,21_epo,15.0,187.6876727459,fechner
1222,21_epo,16.0,188.77120345725203,fechner
1223,21_epo,17.0,189.75037360884548,fechner
1224,21_epo,18.0,190.63511263559425,fechner
1225,21_epo,19.0,191.43484077769375,fechner
1226,21_epo,20.0,192.15830489079525,fechner
1227,21_epo,21.0,192.8135044517003,fechner
1228,21_epo,22.0,193.40767703254397,fechner
1229,21_epo,23.0,193.94732093181594,fechner
1230,21_epo,24.0,194.4382393830074,fechner
1231,21_epo,25.0,194.88559582584685,fechner
1232,21_epo,26.0,195.29397338076205,fechner
1233,21_epo,27.0,195.6674342261927,fechner
1234,21_epo,28.000000000000004,196.0095763243054,fechner
1235,21_epo,28.999999999999996,196.32358610350272,fechner
1236,21_epo,30.0,196.61228646098485,fechner
1237,21_epo,31.0,196.8781799237095,fechner
1238,21_epo,32.0,197.12348709274795,fechner
1239,21_epo,33.0,197.3501806580485,fechner
1240,21_epo,34.0,197.56001535183918,fechner
1241,21_epo,35.0,197.75455423905257,fechner
1242,21_epo,36.0,197.93519174211042,fechner
1243,21_epo,37.0,198.10317377827266,fechner
1244,21_epo,38.0,198.259615359032,fechner
1245,21_epo,39.0,198.40551596812352,fechner
1246,21_epo,40.0,198.54177300094685,fechner
1247,21_epo,41.0,198.66919351553773,fechner
1248,21_epo,42.0,198.78850451476313,fechner
1249,21_epo,43.0,198.9003619516671,fechner
1250,21_epo,44.0,199.00535862503344,fechner
1251,21_epo,45.0,199.1040311102156,fechner
1252,21_epo,46.0,199.19686585094897,fechner
1253,21_epo,47.0,199.28430452098476,fechner
1254,21_epo,48.0,199.36674874972087,fechner
1255,21_epo,49.0,199.44456429330396,fechner
1256,21_epo,50.0,199.51808472169935,fechner
1257,21_epo,51.0,199.5876146827551,fechner
1258,21_epo,52.0,199.65343279611918,fechner
1259,21_epo,53.0,199.71579422283506,fechner
1260,21_epo,54.0,199.77493295037644,fechner
1261,21_epo,55.00000000000001,199.83106382765973,fechner
1262,21_epo,56.00000000000001,199.88438438006895,fechner
1263,21_epo,56.99999999999999,199.93507643064245,fechner
1264,21_epo,57.99999999999999,199.98330755021757,fechner
1265,21_epo,59.0,200.0292323564316,fechner
1266,21_epo,60.0,200.0729936789709,fechner
1267,21_epo,61.0,200.11472360628997,fechner
1268,21_epo,62.0,200.15454442714133,fechner
1269,21_epo,63.0,200.1925694786241,fechner
1270,21_epo,64.0,200.2289039110412,fechner
1271,21_epo,65.0,200.26364537861994,fechner
1272,21_epo,66.0,200.2968846640768,fechner
1273,21_epo,67.0,200.32870624406746,fechner
1274,21_epo,68.0,200.3591888017459,fechner
1275,21_epo,69.0,200.38840569193806,fechner
1276,21_epo,70.0,200.41642536380965,fechner
1277,21_epo,71.0,200.44331174535571,fechner
1278,21_epo,72.0,200.46912459355775,fechner
1279,21_epo,73.0,200.49391981362885,fechner
1280,21_epo,74.0,200.51774975039288,fechner
1281,21_epo,75.0,200.5406634545142,fechner
1282,21_epo,76.0,200.5627069260044,fechner
1283,21_epo,77.0,200.58392333717308,fechner
1284,21_epo,78.0,200.60435323696433,fechner
1285,21_epo,79.0,200.62403473841775,fechner
1286,21_epo,80.0,200.64300369081377,fechner
1287,21_epo,81.0,200.66129383790522,fechner
1288,21_epo,82.0,200.67893696349415,fechner
1289,21_epo,83.0,200.69596302548916,fechner
1290,21_epo,84.0,200.71240027946428,fechner
1291,21_epo,85.0,200.72827539264188,fechner
1292,21_epo,86.0,200.74361354913236,fechner
1293,21_epo,87.0,200.75843854718283,fechner
1294,21_epo,88.0,200.77277288911617,fechner
1295,21_epo,89.0,200.78663786457756,fechner
1296,21_epo,90.0,200.80005362764737,fechner
1297,21_epo,91.0,200.81303926832882,fechner
1298,21_epo,92.0,200.825612878871,fechner
1299,21_epo,93.0,200.8377916153469,fechner
1300,21_epo,94.0,200.84959175486856,fechner
1301,21_epo,95.0,200.86102874878608,fechner
1302,22_epo,3.0,248.77423341478277,fechner
1303,22_epo,4.0,251.79307371525837,fechner
1304,22_epo,5.0,252.99702658694966,fechner
1305,22_epo,6.0,253.62167278642528,fechner
1306,22_epo,7.000000000000001,253.9903140420083,fechner
1307,22_epo,8.0,254.22671541852543,fechner
1308,22_epo,9.0,254.38758082562967,fechner
1309,22_epo,10.0,254.50207089830357,fechner
1310,22_epo,11.0,254.5864815087401,fechner
1311,22_epo,12.0,254.65051645574783,fechner
1312,22_epo,13.0,254.70025310290427,fechner
1313,22_epo,14.000000000000002,254.73965767130346,fechner
1314,22_epo,15.0,254.7714090379472,fechner
1315,22_epo,16.0,254.79737002484038,fechner
1316,22_epo,17.0,254.81886880236138,fechner
1317,22_epo,18.0,254.83687315406644,fechner
1318,22_epo,19.0,254.85210184814616,fechner
1319,22_epo,20.0,254.865097800282,fechner
1320,22_epo,21.0,254.8762773167219,fechner
1321,22_epo,22.0,254.88596396035314,fechner
1322,22_epo,23.0,254.8944122953565,fechner
1323,22_epo,24.0,254.90182482723412,fechner
1324,22_epo,25.0,254.90836427991064,fechner
1325,22_epo,26.0,254.91416262172973,fechner
1326,22_epo,27.0,254.91932778866672,fechner
1327,22_epo,28.000000000000004,254.9239487527497,fechner
1328,22_epo,28.999999999999996,254.92809938546512,fechner
1329,22_epo,30.0,254.9318414328834,fechner
1330,22_epo,31.0,254.93522682853865,fechner
1331,22_epo,32.0,254.93829950737256,fechner
1332,22_epo,33.0,254.94109684009302,fechner
1333,22_epo,34.0,254.94365077610598,fechner
1334,22_epo,35.0,254.94598876079237,fechner
1335,22_epo,36.0,254.9481344766565,fechner
1336,22_epo,37.0,254.95010844596976,fechner
1337,22_epo,38.0,254.951928523726,fechner
1338,22_epo,39.0,254.95361030314857,fechner
1339,22_epo,40.0,254.95516745104263,fechner
1340,22_epo,41.0,254.95661198653073,fechner
1341,22_epo,42.0,254.9579545138393,fechner
1342,22_epo,43.0,254.9592044175944,fechner
1343,22_epo,44.0,254.9603700273727,fechner
1344,22_epo,45.0,254.96145875691795,fechner
1345,22_epo,46.0,254.96247722238573,fechner
1346,22_epo,47.0,254.96343134315003,fechner
1347,22_epo,48.0,254.96432642805155,fechner
1348,22_epo,49.0,254.96516724944135,fechner
1349,22_epo,50.0,254.9659581069551,fechner
1350,22_epo,51.0,254.9667028826139,fechner
1351,22_epo,52.0,254.96740508857428,fechner
1352,22_epo,53.0,254.96806790862715,fechner
1353,22_epo,54.0,254.9686942343642,fechner
1354,22_epo,55.00000000000001,254.96928669678022,fechner
1355,22_epo,56.00000000000001,254.96984769395843,fechner
1356,22_epo,56.99999999999999,254.9703794153838,fechner
1357,22_epo,57.99999999999999,254.97088386334582,fechner
1358,22_epo,59.0,254.97136287182232,fechner
1359,22_epo,60.0,254.97181812317737,fechner
1360,22_epo,61.0,254.97225116295792,fechner
1361,22_epo,62.0,254.97266341303254,fechner
1362,22_epo,63.0,254.97305618328141,fechner
1363,22_epo,64.0,254.97343068201695,fechner
1364,22_epo,65.0,254.9737880252906,fechner
1365,22_epo,66.0,254.97412924521944,fechner
1366,22_epo,67.0,254.97445529744928,fechner
1367,22_epo,68.0,254.9747670678545,fechner
1368,22_epo,69.0,254.9750653785632,fechner
1369,22_epo,70.0,254.97535099338387,fechner
1370,22_epo,71.0,254.97562462270045,fechner
1371,22_epo,72.0,254.9758869278947,fechner
1372,22_epo,73.0,254.9761385253475,fechner
1373,22_epo,74.0,254.97637999006378,fechner
1374,22_epo,75.0,254.97661185896143,fechner
1375,22_epo,76.0,254.97683463385928,fechner
1376,22_epo,77.0,254.97704878419475,fechner
1377,22_epo,78.0,254.9772547494998,fechner
1378,22_epo,79.0,254.97745294165784,fechner
1379,22_epo,80.0,254.97764374696547,fechner
1380,22_epo,81.0,254.97782752801612,fechner
1381,22_epo,82.0,254.9780046254244,fechner
1382,22_epo,83.0,254.9781753594058,fechner
1383,22_epo,84.0,254.97834003122517,fechner
1384,22_epo,85.0,254.97849892452683,fechner
1385,22_epo,86.0,254.97865230655748,fechner
1386,22_epo,87.0,254.97880042929,fechner
1387,22_epo,88.0,254.9789435304599,fechner
1388,22_epo,89.0,254.97908183451946,fechner
1389,22_epo,90.0,254.9792155535186,fechner
1390,22_epo,91.0,254.97934488791844,fechner
1391,22_epo,92.0,254.979470027343,fechner
1392,22_epo,93.0,254.9795911512746,fechner
1393,22_epo,94.0,254.97970842969815,fechner
1394,22_epo,95.0,254.97982202369764,fechner
1395,23_epo,3.0,201.49974617001385,fechner
1396,23_epo,4.0,201.49974617001385,fechner
1397,23_epo,5.0,201.49974617001388,fechner
1398,23_epo,6.0,201.49974617001388,fechner
1399,23_epo,7.000000000000001,201.49974617001388,fechner
1400,23_epo,8.0,201.49974617001388,fechner
1401,23_epo,9.0,201.49974617001385,fechner
1402,23_epo,10.0,201.49974617001388,fechner
1403,23_epo,11.0,201.49974617001388,fechner
1404,23_epo,12.0,201.49974617001385,fechner
1405,23_epo,13.0,201.49974617001388,fechner
1406,23_epo,14.000000000000002,201.49974617001385,fechner
1407,23_epo,15.0,201.49974617001385,fechner
1408,23_epo,16.0,201.49974617001388,fechner
1409,23_epo,17.0,201.49974617001388,fechner
1410,23_epo,18.0,201.49974617001385,fechner
1411,23_epo,19.0,201.49974617001385,fechner
1412,23_epo,20.0,201.49974617001388,fechner
1413,23_epo,21.0,201.49974617001388,fechner
1414,23_epo,22.0,201.49974617001388,fechner
1415,23_epo,23.0,201.49974617001388,fechner
1416,23_epo,24.0,201.49974617001385,fechner
1417,23_epo,25.0,201.49974617001388,fechner
1418,23_epo,26.0,201.49974617001385,fechner
1419,23_epo,27.0,201.49974617001385,fechner
1420,23_epo,28.000000000000004,201.49974617001388,fechner
1421,23_epo,28.999999999999996,201.49974617001388,fechner
1422,23_epo,30.0,201.49974617001388,fechner
1423,23_epo,31.0,201.49974617001385,fechner
1424,23_epo,32.0,201.49974617001388,fechner
1425,23_epo,33.0,201.49974617001388,fechner
1426,23_epo,34.0,201.49974617001388,fechner
1427,23_epo,35.0,201.49974617001385,fechner
1428,23_epo,36.0,201.49974617001388,fechner
1429,23_epo,37.0,201.49974617001385,fechner
1430,23_epo,38.0,201.49974617001388,fechner
1431,23_epo,39.0,201.49974617001388,fechner
1432,23_epo,40.0,201.49974617001388,fechner
1433,23_epo,41.0,201.49974617001388,fechner
1434,23_epo,42.0,201.49974617001388,fechner
1435,23_epo,43.0,201.49974617001385,fechner
1436,23_epo,44.0,201.49974617001388,fechner
1437,23_epo,45.0,201.49974617001388,fechner
1438,23_epo,46.0,201.49974617001388,fechner
1439,23_epo,47.0,201.49974617001388,fechner
1440,23_epo,48.0,201.49974617001388,fechner
1441,23_epo,49.0,201.49974617001388,fechner
1442,23_epo,50.0,201.49974617001388,fechner
1443,23_epo,51.0,201.49974617001388,fechner
1444,23_epo,52.0,201.49974617001388,fechner
1445,23_epo,53.0,201.49974617001385,fechner
1446,23_epo,54.0,201.49974617001388,fechner
1447,23_epo,55.00000000000001,201.49974617001388,fechner
1448,23_epo,56.00000000000001,201.49974617001388,fechner
1449,23_epo,56.99999999999999,201.49974617001388,fechner
1450,23_epo,57.99999999999999,201.49974617001385,fechner
1451,23_epo,59.0,201.49974617001385,fechner
1452,23_epo,60.0,201.49974617001388,fechner
1453,23_epo,61.0,201.49974617001385,fechner
1454,23_epo,62.0,201.49974617001388,fechner
1455,23_epo,63.0,201.49974617001385,fechner
1456,23_epo,64.0,201.49974617001385,fechner
1457,23_epo,65.0,201.49974617001388,fechner
1458,23_epo,66.0,201.49974617001388,fechner
1459,23_epo,67.0,201.49974617001385,fechner
1460,23_epo,68.0,201.49974617001388,fechner
1461,23_epo,69.0,201.49974617001388,fechner
1462,23_epo,70.0,201.49974617001388,fechner
1463,23_epo,71.0,201.49974617001388,fechner
1464,23_epo,72.0,201.49974617001388,fechner
1465,23_epo,73.0,201.49974617001388,fechner
1466,23_epo,74.0,201.49974617001388,fechner
1467,23_epo,75.0,201.49974617001385,fechner
1468,23_epo,76.0,201.49974617001388,fechner
1469,23_epo,77.0,201.49974617001388,fechner
1470,23_epo,78.0,201.49974617001388,fechner
1471,23_epo,79.0,201.49974617001388,fechner
1472,23_epo,80.0,201.49974617001388,fechner
1473,23_epo,81.0,201.49974617001385,fechner
1474,23_epo,82.0,201.49974617001385,fechner
1475,23_epo,83.0,201.49974617001388,fechner
1476,23_epo,84.0,201.49974617001388,fechner
1477,23_epo,85.0,201.49974617001388,fechner
1478,23_epo,86.0,201.49974617001385,fechner
1479,23_epo,87.0,201.49974617001388,fechner
1480,23_epo,88.0,201.49974617001388,fechner
1481,23_epo,89.0,201.49974617001385,fechner
1482,23_epo,90.0,201.49974617001388,fechner
1483,23_epo,91.0,201.49974617001388,fechner
1484,23_epo,92.0,201.49974617001385,fechner
1485,23_epo,93.0,201.49974617001385,fechner
1486,23_epo,94.0,201.49974617001385,fechner
1487,23_epo,95.0,201.49974617001388,fechner
1488,24_epo,3.0,360.15126130509884,fechner
1489,24_epo,4.0,371.65540675214595,fechner
1490,24_epo,5.0,381.54608462917497,fechner
1491,24_epo,6.0,390.84542731032553,fechner
1492,24_epo,7.000000000000001,399.69937603890173,fechner
1493,24_epo,8.0,408.0869044306386,fechner
1494,24_epo,9.0,415.95486785313915,fechner
1495,24_epo,10.0,423.26088087225645,fechner
1496,24_epo,11.0,429.9852385967795,fechner
1497,24_epo,12.0,436.13046849936086,fechner
1498,24_epo,13.0,441.71647839370837,fechner
1499,24_epo,14.000000000000002,446.77491093187126,fechner
1500,24_epo,15.0,451.34419332327855,fechner
1501,24_epo,16.0,455.4657329532231,fechner
1502,24_epo,17.0,459.18124118750177,fechner
1503,24_epo,18.0,462.5309921129204,fechner
1504,24_epo,19.0,465.5527874776473,fechner
1505,24_epo,20.0,468.28142243168713,fechner
1506,24_epo,21.0,470.7484884373084,fechner
1507,24_epo,22.0,472.98239174795435,fechner
1508,24_epo,23.0,475.0085013130937,fechner
1509,24_epo,24.0,476.84936736636774,fechner
1510,24_epo,25.0,478.5249720207092,fechner
1511,24_epo,26.0,480.05298735048086,fechner
1512,24_epo,27.0,481.4490261402414,fechner
1513,24_epo,28.000000000000004,482.7268769568686,fechner
1514,24_epo,28.999999999999996,483.89871941700767,fechner
1515,24_epo,30.0,484.97531818537254,fechner
1516,24_epo,31.0,485.96619585917534,fechner
1517,24_epo,32.0,486.8797858245818,fechner
1518,24_epo,33.0,487.7235666557797,fechner
1519,24_epo,34.0,488.50417983023465,fechner
1520,24_epo,35.0,489.22753256438136,fechner
1521,24_epo,36.0,489.8988875040884,fechner
1522,24_epo,37.0,490.5229408801247,fechner
1523,24_epo,38.0,491.10389058982247,fechner
1524,24_epo,39.0,491.6454955102469,fechner
1525,24_epo,40.0,492.1511271960827,fechner
1526,24_epo,41.0,492.62381497304955,fechner
1527,24_epo,42.0,493.06628530783183,fechner
1528,24_epo,43.0,493.48099621925815,fechner
1529,24_epo,44.0,493.8701673926904,fechner
1530,24_epo,45.0,494.2358065695363,fechner
1531,24_epo,46.0,494.5797327054221,fechner
1532,24_epo,47.0,494.9035963226668,fechner
1533,24_epo,48.0,495.20889742407724,fechner
1534,24_epo,49.0,495.49700128459585,fechner
1535,24_epo,50.0,495.7691523939085,fechner
1536,24_epo,51.0,496.0264867858203,fechner
1537,24_epo,52.0,496.2700429581669,fechner
1538,24_epo,53.0,496.50077155952556,fechner
1539,24_epo,54.0,496.7195439953642,fechner
1540,24_epo,55.00000000000001,496.92716008596585,fechner
1541,24_epo,56.00000000000001,497.1243548910147,fechner
1542,24_epo,56.99999999999999,497.3118048007069,fechner
1543,24_epo,57.99999999999999,497.49013298031366,fechner
1544,24_epo,59.0,497.659914243967,fechner
1545,24_epo,60.0,497.82167942380994,fechner
1546,24_epo,61.0,497.97591929232664,fechner
1547,24_epo,62.0,498.12308808846694,fechner
1548,24_epo,63.0,498.2636066919363,fechner
1549,24_epo,64.0,498.39786548460705,fechner
1550,24_epo,65.0,498.52622693329937,fechner
1551,24_epo,66.0,498.6490279240887,fechner
1552,24_epo,67.0,498.76658187472617,fechner
1553,24_epo,68.0,498.87918064864795,fechner
1554,24_epo,69.0,498.9870962913295,fechner
1555,24_epo,70.0,499.09058260736293,fechner
1556,24_epo,71.0,499.18987659454814,fechner
1557,24_epo,72.0,499.2851997494654,fechner
1558,24_epo,73.0,499.37675925738387,fechner
1559,24_epo,74.0,499.46474907795425,fechner
1560,24_epo,75.0,499.54935093688357,fechner
1561,24_epo,76.0,499.63073523269594,fechner
1562,24_epo,77.0,499.70906186671147,fechner
1563,24_epo,78.0,499.78448100351835,fechner
1564,24_epo,79.0,499.857133768456,fechner
1565,24_epo,80.0,499.9271528879505,fechner
1566,24_epo,81.0,499.9946632779496,fechner
1567,24_epo,82.0,500.0597825851706,fechner
1568,24_epo,83.0,500.12262168540514,fechner
1569,24_epo,84.0,500.1832851427006,fechner
1570,24_epo,85.0,500.2418716328665,fechner
1571,24_epo,86.0,500.298474334413,fechner
1572,24_epo,87.0,500.35318128973705,fechner
1573,24_epo,88.0,500.4060757390965,fechner
1574,24_epo,89.0,500.4572364296752,fechner
1575,24_epo,90.0,500.50673790182776,fechner
1576,24_epo,91.0,500.55465075439656,fechner
1577,24_epo,92.0,500.6010418908209,fechner
1578,24_epo,93.0,500.6459747476041,fechner
1579,24_epo,94.0,500.68950950655733,fechner
1580,24_epo,95.0,500.73170329212036,fechner
1581,25_epo,3.0,145.24019110989062,fechner
1582,25_epo,4.0,147.73613984643407,fechner
1583,25_epo,5.0,149.87424282918744,fechner
1584,25_epo,6.0,151.8627020415693,fechner
1585,25_epo,7.000000000000001,153.72204097742886,fechner
1586,25_epo,8.0,155.44384666087498,fechner
1587,25_epo,9.0,157.01927064631002,fechner
1588,25_epo,10.0,158.44566786086546,fechner
1589,25_epo,11.0,159.72671805851712,fechner
1590,25_epo,12.0,160.87068890398984,fechner
1591,25_epo,13.0,161.88852985270833,fechner
1592,25_epo,14.000000000000002,162.7923462478422,fechner
1593,25_epo,15.0,163.59434642448915,fechner
1594,25_epo,16.0,164.30619229084266,fechner
1595,25_epo,17.0,164.93864637596434,fechner
1596,25_epo,18.0,165.501418003757,fechner
1597,25_epo,19.0,166.00313397366818,fechner
1598,25_epo,20.0,166.451381471175,fechner
1599,25_epo,21.0,166.85278872655368,fechner
1600,25_epo,22.0,167.2131217758492,fechner
1601,25_epo,23.0,167.53738439969456,fechner
1602,25_epo,24.0,167.82991399560763,fechner
1603,25_epo,25.0,168.09446970909798,fechner
1604,25_epo,26.0,168.3343113140323,fechner
1605,25_epo,27.0,168.55226859127194,fechner
1606,25_epo,28.000000000000004,168.7508016432089,fechner
1607,25_epo,28.999999999999996,168.93205292132475,fechner
1608,25_epo,30.0,169.09789187592605,fechner
1609,25_epo,31.0,169.24995315084425,fechner
1610,25_epo,32.0,169.38966919607515,fechner
1611,25_epo,33.0,169.51829809119712,fechner
1612,25_epo,34.0,169.6369472813812,fechner
1613,25_epo,35.0,169.74659383679372,fechner
1614,25_epo,36.0,169.84810176093117,fechner
1615,25_epo,37.0,169.94223679655047,fechner
1616,25_epo,38.0,170.02967911020974,fechner
1617,25_epo,39.0,170.11103417786498,fechner
1618,25_epo,40.0,170.18684214381372,fechner
1619,25_epo,41.0,170.2575858826592,fechner
1620,25_epo,42.0,170.32369795793645,fechner
1621,25_epo,43.0,170.38556664069068,fechner
1622,25_epo,44.0,170.44354112578284,fechner
1623,25_epo,45.0,170.49793606227811,fechner
1624,25_epo,46.0,170.54903549629964,fechner
1625,25_epo,47.0,170.59709630964895,fechner
1626,25_epo,48.0,170.6423512248342,fechner
1627,25_epo,49.0,170.6850114365098,fechner
1628,25_epo,50.0,170.72526892038672,fechner
1629,25_epo,51.0,170.76329846313718,fechner
1630,25_epo,52.0,170.7992594504669,fechner
1631,25_epo,53.0,170.8332974451607,fechner
1632,25_epo,54.0,170.86554558236918,fechner
1633,25_epo,55.00000000000001,170.89612580555647,fechner
1634,25_epo,56.00000000000001,170.92514996326494,fechner
1635,25_epo,56.99999999999999,170.95272078407407,fechner
1636,25_epo,57.99999999999999,170.97893274476633,fechner
1637,25_epo,59.0,171.00387284469105,fechner
1638,25_epo,60.0,171.02762129759296,fechner
1639,25_epo,61.0,171.05025215069026,fechner
1640,25_epo,62.0,171.07183383951826,fechner
1641,25_epo,63.0,171.09242968596294,fechner
1642,25_epo,64.0,171.11209834596727,fechner
1643,25_epo,65.0,171.13089421258306,fechner
1644,25_epo,66.0,171.14886777933773,fechner
1645,25_epo,67.0,171.16606596827944,fechner
1646,25_epo,68.0,171.18253242653546,fechner
1647,25_epo,69.0,171.1983077947626,fechner
1648,25_epo,70.0,171.21342995046757,fechner
1649,25_epo,71.0,171.22793422882967,fechner
1650,25_epo,72.0,171.24185362335393,fechner
1651,25_epo,73.0,171.2552189684166,fechner
1652,25_epo,74.0,171.2680591055348,fechner
1653,25_epo,75.0,171.28040103498455,fechner
1654,25_epo,76.0,171.2922700542162,fechner
1655,25_epo,77.0,171.30368988435518,fechner
1656,25_epo,78.0,171.31468278593914,fechner
1657,25_epo,79.0,171.32526966491903,fechner
1658,25_epo,80.0,171.33547016984315,fechner
1659,25_epo,81.0,171.34530278104816,fechner
1660,25_epo,82.0,171.35478489259495,fechner
1661,25_epo,83.0,171.3639328876124,fechner
1662,25_epo,84.0,171.37276220764556,fechner
1663,25_epo,85.0,171.38128741654367,fechner
1664,25_epo,86.0,171.38952225937237,fechner
1665,25_epo,87.0,171.39747971678503,fechner
1666,25_epo,88.0,171.40517205524782,fechner
1667,25_epo,89.0,171.41261087347328,fechner
1668,25_epo,90.0,171.41980714538556,fechner
1669,25_epo,91.0,171.42677125990812,fechner
1670,25_epo,92.0,171.43351305783912,fechner
1671,25_epo,93.0,171.44004186605395,fechner
1672,25_epo,94.0,171.4463665292536,fechner
1673,25_epo,95.0,171.45249543945744,fechner
1674,2_epo,3.0,176.13812514254352,fechner
1675,2_epo,4.0,179.63950250033093,fechner
1676,2_epo,5.0,182.65514850481495,fechner
1677,2_epo,6.0,185.5114835200802,fechner
1678,2_epo,7.000000000000001,188.27287831926225,fechner
1679,2_epo,8.0,190.94818140676813,fechner
1680,2_epo,9.0,193.52764279768064,fechner
1681,2_epo,10.0,195.99649847016437,fechner
1682,2_epo,11.0,198.3411140747932,fechner
1683,2_epo,12.0,200.55156964394925,fechner
1684,2_epo,13.0,202.62234448563947,fechner
1685,2_epo,14.000000000000002,204.5520296485327,fechner
1686,2_epo,15.0,206.34261466793768,fechner
1687,2_epo,16.0,207.99865903253198,fechner
1688,2_epo,17.0,209.52650980631833,fechner
1689,2_epo,18.0,210.93363655937944,fechner
1690,2_epo,19.0,212.22810350622626,fechner
1691,2_epo,20.0,213.4181722658228,fechner
1692,2_epo,21.0,214.51201702248142,fechner
1693,2_epo,22.0,215.5175305461905,fechner
1694,2_epo,23.0,216.4422004525117,fechner
1695,2_epo,24.0,217.29303785107908,fechner
1696,2_epo,25.0,218.07654383001866,fechner
1697,2_epo,26.0,218.79870238868887,fechner
1698,2_epo,27.0,219.46499117805863,fechner
1699,2_epo,28.000000000000004,220.08040365605706,fechner
1700,2_epo,28.999999999999996,220.64947803471935,fechner
1701,2_epo,30.0,221.1763297501167,fechner
1702,2_epo,31.0,221.6646851999277,fechner
1703,2_epo,32.0,222.11791523880845,fechner
1704,2_epo,33.0,222.53906746060434,fechner
1705,2_epo,34.0,222.9308966798064,fechner
1706,2_epo,35.0,223.2958932926853,fechner
1707,2_epo,36.0,223.63630938219285,fechner
1708,2_epo,37.0,223.9541825533974,fechner
1709,2_epo,38.0,224.25135756535786,fechner
1710,2_epo,39.0,224.52950587377674,fechner
1711,2_epo,40.0,224.79014322587489,fechner
1712,2_epo,41.0,225.0346454614524,fechner
1713,2_epo,42.0,225.26426267689942,fechner
1714,2_epo,43.0,225.4801319054135,fechner
1715,2_epo,44.0,225.68328845929304,fechner
1716,2_epo,45.0,225.87467607056743,fechner
1717,2_epo,46.0,226.05515595554058,fechner
1718,2_epo,47.0,226.22551491782212,fechner
1719,2_epo,48.0,226.38647259359817,fechner
1720,2_epo,49.0,226.53868793255467,fechner
1721,2_epo,50.0,226.68276499818998,fechner
1722,2_epo,51.0,226.8192581623313,fechner
1723,2_epo,52.0,226.94867676052647,fechner
1724,2_epo,53.0,227.0714892676173,fechner
1725,2_epo,54.0,227.18812704617437,fechner
1726,2_epo,55.00000000000001,227.29898771454376,fechner
1727,2_epo,56.00000000000001,227.4044381759694,fechner
1728,2_epo,56.99999999999999,227.50481734555166,fechner
1729,2_epo,57.99999999999999,227.60043860763207,fechner
1730,2_epo,59.0,227.69159203249595,fechner
1731,2_epo,60.0,227.77854637801659,fechner
1732,2_epo,61.0,227.86155089896997,fechner
1733,2_epo,62.0,227.94083698419502,fechner
1734,2_epo,63.0,228.0166196395156,fechner
1735,2_epo,64.0,228.08909883234517,fechner
1736,2_epo,65.0,228.15846071213306,fechner
1737,2_epo,66.0,228.22487871925196,fechner
1738,2_epo,67.0,228.28851459355099,fechner
1739,2_epo,68.0,228.3495192925779,fechner
1740,2_epo,69.0,228.40803382839752,fechner
1741,2_epo,70.0,228.4641900309772,fechner
1742,2_epo,71.0,228.51811124526532,fechner
1743,2_epo,72.0,228.56991296833644,fechner
1744,2_epo,73.0,228.61970343231258,fechner
1745,2_epo,74.0,228.66758413817666,fechner
1746,2_epo,75.0,228.71365034506962,fechner
1747,2_epo,76.0,228.75799151919387,fechner
1748,2_epo,77.0,228.8006917460291,fechner
1749,2_epo,78.0,228.8418301091956,fechner
1750,2_epo,79.0,228.88148103896776,fechner
1751,2_epo,80.0,228.9197146331459,fechner
1752,2_epo,81.0,228.9565969527288,fechner
1753,2_epo,82.0,228.99219029459366,fechner
1754,2_epo,83.0,229.0265534431781,fechner
1755,2_epo,84.0,229.05974190296874,fechner
1756,2_epo,85.0,229.09180811343106,fechner
1757,2_epo,86.0,229.12280164786193,fechner
1758,2_epo,87.0,229.15276939750933,fechner
1759,2_epo,88.0,229.1817557421794,fechner
1760,2_epo,89.0,229.20980270844095,fechner
1761,2_epo,90.0,229.23695011643548,fechner
1762,2_epo,91.0,229.26323571621268,fechner
1763,2_epo,92.0,229.28869531442766,fechner
1764,2_epo,93.0,229.3133628921635,fechner
1765,2_epo,94.0,229.33727071457622,fechner
1766,2_epo,95.0,229.36044943299802,fechner
1767,3_epo,3.0,308.94966518149073,fechner
1768,3_epo,4.0,308.94968760782007,fechner
1769,3_epo,5.0,308.94969348506316,fechner
1770,3_epo,6.0,308.94969610009525,fechner
1771,3_epo,7.000000000000001,308.949697527028,fechner
1772,3_epo,8.0,308.9496984007512,fechner
1773,3_epo,9.0,308.9496989778599,fechner
1774,3_epo,10.0,308.94969938031164,fechner
1775,3_epo,11.0,308.9496996727312,fechner
1776,3_epo,12.0,308.9496998921768,fechner
1777,3_epo,13.0,308.94970006122145,fechner
1778,3_epo,14.000000000000002,308.9497001942892,fechner
1779,3_epo,15.0,308.9497003009638,fechner
1780,3_epo,16.0,308.94970038782327,fechner
1781,3_epo,17.0,308.94970045950856,fechner
1782,3_epo,18.0,308.94970051937224,fechner
1783,3_epo,19.0,308.9497005698867,fechner
1784,3_epo,20.0,308.94970061290815,fechner
1785,3_epo,21.0,308.9497006498526,fechner
1786,3_epo,22.0,308.949700681816,fechner
1787,3_epo,23.0,308.94970070965724,fechner
1788,3_epo,24.0,308.94970073405744,fechner
1789,3_epo,25.0,308.9497007555622,fechner
1790,3_epo,26.0,308.9497007746131,fechner
1791,3_epo,27.0,308.94970079157054,fechner
1792,3_epo,28.000000000000004,308.9497008067307,fechner
1793,3_epo,28.999999999999996,308.9497008203393,fechner
1794,3_epo,30.0,308.9497008326014,fechner
1795,3_epo,31.0,308.94970084368924,fechner
1796,3_epo,32.0,308.9497008537482,fechner
1797,3_epo,33.0,308.949700862902,fechner
1798,3_epo,34.0,308.9497008712561,fechner
1799,3_epo,35.0,308.9497008789011,fechner
1800,3_epo,36.0,308.94970088591526,fechner
1801,3_epo,37.0,308.9497008923661,fechner
1802,3_epo,38.0,308.94970089831236,fechner
1803,3_epo,39.0,308.9497009038055,fechner
1804,3_epo,40.0,308.94970090889035,fechner
1805,3_epo,41.0,308.9497009136065,fechner
1806,3_epo,42.0,308.9497009179887,fechner
1807,3_epo,43.0,308.9497009220678,fechner
1808,3_epo,44.0,308.9497009258711,fechner
1809,3_epo,45.0,308.9497009294231,fechner
1810,3_epo,46.0,308.9497009327453,fechner
1811,3_epo,47.0,308.9497009358572,fechner
1812,3_epo,48.0,308.9497009387762,fechner
1813,3_epo,49.0,308.9497009415178,fechner
1814,3_epo,50.0,308.9497009440963,fechner
1815,3_epo,51.0,308.9497009465242,fechner
1816,3_epo,52.0,308.94970094881313,fechner
1817,3_epo,53.0,308.94970095097347,fechner
1818,3_epo,54.0,308.9497009530147,fechner
1819,3_epo,55.00000000000001,308.94970095494534,fechner
1820,3_epo,56.00000000000001,308.94970095677337,fechner
1821,3_epo,56.99999999999999,308.94970095850584,fechner
1822,3_epo,57.99999999999999,308.9497009601493,fechner
1823,3_epo,59.0,308.94970096170977,fechner
1824,3_epo,60.0,308.9497009631928,fechner
1825,3_epo,61.0,308.9497009646033,fechner
1826,3_epo,62.0,308.9497009659461,fechner
1827,3_epo,63.0,308.9497009672253,fechner
1828,3_epo,64.0,308.949700968445,fechner
1829,3_epo,65.0,308.9497009696087,fechner
1830,3_epo,66.0,308.94970097071985,fechner
1831,3_epo,67.0,308.94970097178157,fechner
1832,3_epo,68.0,308.94970097279673,fechner
1833,3_epo,69.0,308.9497009737681,fechner
1834,3_epo,70.0,308.949700974698,fechner
1835,3_epo,71.0,308.9497009755888,fechner
1836,3_epo,72.0,308.9497009764428,fechner
1837,3_epo,73.0,308.9497009772619,fechner
1838,3_epo,74.0,308.94970097804793,fechner
1839,3_epo,75.0,308.9497009788027,fechner
1840,3_epo,76.0,308.9497009795279,fechner
1841,3_epo,77.0,308.949700980225,fechner
1842,3_epo,78.0,308.9497009808954,fechner
1843,3_epo,79.0,308.94970098154045,fechner
1844,3_epo,80.0,308.94970098216146,fechner
1845,3_epo,81.0,308.9497009827596,fechner
1846,3_epo,82.0,308.949700983336,fechner
1847,3_epo,83.0,308.94970098389166,fechner
1848,3_epo,84.0,308.9497009844276,fechner
1849,3_epo,85.0,308.9497009849447,fechner
1850,3_epo,86.0,308.9497009854438,fechner
1851,3_epo,87.0,308.9497009859259,fechner
1852,3_epo,88.0,308.9497009863915,fechner
1853,3_epo,89.0,308.9497009868416,fechner
1854,3_epo,90.0,308.9497009872767,fechner
1855,3_epo,91.0,308.9497009876976,fechner
1856,3_epo,92.0,308.9497009881048,fechner
1857,3_epo,93.0,308.9497009884989,fechner
1858,3_epo,94.0,308.94970098888047,fechner
1859,3_epo,95.0,308.9497009892501,fechner
1860,4_epo,3.0,231.4242361626423,fechner
1861,4_epo,4.0,231.4242361626423,fechner
1862,4_epo,5.0,231.4242361626423,fechner
1863,4_epo,6.0,231.4242361626423,fechner
1864,4_epo,7.000000000000001,231.4242361626423,fechner
1865,4_epo,8.0,231.4242361626423,fechner
1866,4_epo,9.0,231.4242361626423,fechner
1867,4_epo,10.0,231.4242361626423,fechner
1868,4_epo,11.0,231.4242361626423,fechner
1869,4_epo,12.0,231.4242361626423,fechner
1870,4_epo,13.0,231.4242361626423,fechner
1871,4_epo,14.000000000000002,231.4242361626423,fechner
1872,4_epo,15.0,231.4242361626423,fechner
1873,4_epo,16.0,231.4242361626423,fechner
1874,4_epo,17.0,231.4242361626423,fechner
1875,4_epo,18.0,231.4242361626423,fechner
1876,4_epo,19.0,231.4242361626423,fechner
1877,4_epo,20.0,231.4242361626423,fechner
1878,4_epo,21.0,231.4242361626423,fechner
1879,4_epo,22.0,231.4242361626423,fechner
1880,4_epo,23.0,231.4242361626423,fechner
1881,4_epo,24.0,231.4242361626423,fechner
1882,4_epo,25.0,231.4242361626423,fechner
1883,4_epo,26.0,231.4242361626423,fechner
1884,4_epo,27.0,231.4242361626423,fechner
1885,4_epo,28.000000000000004,231.4242361626423,fechner
1886,4_epo,28.999999999999996,231.4242361626423,fechner
1887,4_epo,30.0,231.4242361626423,fechner
1888,4_epo,31.0,231.4242361626423,fechner
1889,4_epo,32.0,231.4242361626423,fechner
1890,4_epo,33.0,231.4242361626423,fechner
1891,4_epo,34.0,231.4242361626423,fechner
1892,4_epo,35.0,231.4242361626423,fechner
1893,4_epo,36.0,231.4242361626423,fechner
1894,4_epo,37.0,231.4242361626423,fechner
1895,4_epo,38.0,231.4242361626423,fechner
1896,4_epo,39.0,231.4242361626423,fechner
1897,4_epo,40.0,231.4242361626423,fechner
1898,4_epo,41.0,231.4242361626423,fechner
1899,4_epo,42.0,231.4242361626423,fechner
1900,4_epo,43.0,231.4242361626423,fechner
1901,4_epo,44.0,231.4242361626423,fechner
1902,4_epo,45.0,231.4242361626423,fechner
1903,4_epo,46.0,231.4242361626423,fechner
1904,4_epo,47.0,231.4242361626423,fechner
1905,4_epo,48.0,231.4242361626423,fechner
1906,4_epo,49.0,231.4242361626423,fechner
1907,4_epo,50.0,231.4242361626423,fechner
1908,4_epo,51.0,231.4242361626423,fechner
1909,4_epo,52.0,231.4242361626423,fechner
1910,4_epo,53.0,231.4242361626423,fechner
1911,4_epo,54.0,231.4242361626423,fechner
1912,4_epo,55.00000000000001,231.4242361626423,fechner
1913,4_epo,56.00000000000001,231.4242361626423,fechner
1914,4_epo,56.99999999999999,231.4242361626423,fechner
1915,4_epo,57.99999999999999,231.4242361626423,fechner
1916,4_epo,59.0,231.4242361626423,fechner
1917,4_epo,60.0,231.4242361626423,fechner
1918,4_epo,61.0,231.4242361626423,fechner
1919,4_epo,62.0,231.4242361626423,fechner
1920,4_epo,63.0,231.4242361626423,fechner
1921,4_epo,64.0,231.4242361626423,fechner
1922,4_epo,65.0,231.4242361626423,fechner
1923,4_epo,66.0,231.4242361626423,fechner
1924,4_epo,67.0,231.4242361626423,fechner
1925,4_epo,68.0,231.4242361626423,fechner
1926,4_epo,69.0,231.4242361626423,fechner
1927,4_epo,70.0,231.4242361626423,fechner
1928,4_epo,71.0,231.4242361626423,fechner
1929,4_epo,72.0,231.4242361626423,fechner
1930,4_epo,73.0,231.4242361626423,fechner
1931,4_epo,74.0,231.4242361626423,fechner
1932,4_epo,75.0,231.4242361626423,fechner
1933,4_epo,76.0,231.4242361626423,fechner
1934,4_epo,77.0,231.4242361626423,fechner
1935,4_epo,78.0,231.4242361626423,fechner
1936,4_epo,79.0,231.4242361626423,fechner
1937,4_epo,80.0,231.4242361626423,fechner
1938,4_epo,81.0,231.4242361626423,fechner
1939,4_epo,82.0,231.4242361626423,fechner
1940,4_epo,83.0,231.4242361626423,fechner
1941,4_epo,84.0,231.4242361626423,fechner
1942,4_epo,85.0,231.4242361626423,fechner
1943,4_epo,86.0,231.4242361626423,fechner
1944,4_epo,87.0,231.4242361626423,fechner
1945,4_epo,88.0,231.4242361626423,fechner
1946,4_epo,89.0,231.4242361626423,fechner
1947,4_epo,90.0,231.4242361626423,fechner
1948,4_epo,91.0,231.4242361626423,fechner
1949,4_epo,92.0,231.4242361626423,fechner
1950,4_epo,93.0,231.4242361626423,fechner
1951,4_epo,94.0,231.4242361626423,fechner
1952,4_epo,95.0,231.4242361626423,fechner
1953,5_epo,3.0,135.01081925865293,fechner
1954,5_epo,4.0,160.88893180863806,fechner
1955,5_epo,5.0,178.0358120204755,fechner
1956,5_epo,6.0,189.9865326675872,fechner
1957,5_epo,7.000000000000001,198.485723727222,fechner
1958,5_epo,8.0,204.65929307214898,fechner
1959,5_epo,9.0,209.24179144057442,fechner
1960,5_epo,10.0,212.71476413595914,fechner
1961,5_epo,11.0,215.39797838693198,fechner
1962,5_epo,12.0,217.50754132295143,fechner
1963,5_epo,13.0,219.1923587202439,fechner
1964,5_epo,14.000000000000002,220.5570476611545,fechner
1965,5_epo,15.0,221.67649739095967,fechner
1966,5_epo,16.0,222.6052681698057,fechner
1967,5_epo,17.0,223.3837646551342,fechner
1968,5_epo,18.0,224.0423635368355,fechner
1969,5_epo,19.0,224.60422192244155,fechner
1970,5_epo,20.0,225.0872203462821,fechner
1971,5_epo,21.0,225.50532850739015,fechner
1972,5_epo,22.0,225.86957963146958,fechner
1973,5_epo,23.0,226.18877536029996,fechner
1974,5_epo,24.0,226.47000237254582,fechner
1975,5_epo,25.0,226.71901564769186,fechner
1976,5_epo,26.0,226.94052603986557,fechner
1977,5_epo,27.0,227.1384183509968,fechner
1978,5_epo,28.000000000000004,227.31591834677818,fechner
1979,5_epo,28.999999999999996,227.4757218613635,fechner
1980,5_epo,30.0,227.6200954678525,fechner
1981,5_epo,31.0,227.75095562022324,fechner
1982,5_epo,32.0,227.86993134974048,fechner
1983,5_epo,33.0,227.9784142931165,fechner
1984,5_epo,34.0,228.07759888474817,fechner
1985,5_epo,35.0,228.1685148549465,fechner
1986,5_epo,36.0,228.2520536670491,fechner
1987,5_epo,37.0,228.32899014778175,fechner
1988,5_epo,38.0,228.40000028144314,fechner
1989,5_epo,39.0,228.46567592407868,fechner
1990,5_epo,40.0,228.52653703061316,fechner
1991,5_epo,41.0,228.58304186283186,fechner
1992,5_epo,42.0,228.63559554959022,fechner
1993,5_epo,43.0,228.6845572956927,fechner
1994,5_epo,44.0,228.73024647733408,fechner
1995,5_epo,45.0,228.77294781599926,fechner
1996,5_epo,46.0,228.81291578636709,fechner
1997,5_epo,47.0,228.8503783848972,fechner
1998,5_epo,48.0,228.88554036272973,fechner
1999,5_epo,49.0,228.91858600803917,fechner
2000,5_epo,50.0,228.94968154808183,fechner
2001,5_epo,51.0,228.9789772291126,fechner
2002,5_epo,52.0,229.00660912253917,fechner
2003,5_epo,53.0,229.03270069767396,fechner
2004,5_epo,54.0,229.05736419488022,fechner
2005,5_epo,55.00000000000001,229.0807018275095,fechner
2006,5_epo,56.00000000000001,229.10280683656808,fechner
2007,5_epo,56.99999999999999,229.12376441835414,fechner
2008,5_epo,57.99999999999999,229.14365254223372,fechner
2009,5_epo,59.0,229.16254267316134,fechner
2010,5_epo,60.0,229.1805004114023,fechner
2011,5_epo,61.0,229.19758606011553,fechner
2012,5_epo,62.0,229.21385512993524,fechner
2013,5_epo,63.0,229.22935878841162,fechner
2014,5_epo,64.0,229.2441442610837,fechner
2015,5_epo,65.0,229.25825519003783,fechner
2016,5_epo,66.0,229.27173195502039,fechner
2017,5_epo,67.0,229.28461196150417,fechner
2018,5_epo,68.0,229.29692989953543,fechner
2019,5_epo,69.0,229.30871797669738,fechner
2020,5_epo,70.0,229.32000612810427,fechner
2021,5_epo,71.0,229.33082220597612,fechner
2022,5_epo,72.0,229.34119215102993,fechner
2023,5_epo,73.0,229.35114014765335,fechner
2024,5_epo,74.0,229.36068876458816,fechner
2025,5_epo,75.0,229.36985908265046,fechner
2026,5_epo,76.0,229.37867081083206,fechner
2027,5_epo,77.0,229.38714239197665,fechner
2028,5_epo,78.0,229.3952910990843,fechner
2029,5_epo,79.0,229.40313312318327,fechner
2030,5_epo,80.0,229.4106836536016,fechner
2031,5_epo,81.0,229.4179569513794,fechner
2032,5_epo,82.0,229.4249664164839,fechner
2033,5_epo,83.0,229.43172464941802,fechner
2034,5_epo,84.0,229.43824350774915,fechner
2035,5_epo,85.0,229.44453415803218,fechner
2036,5_epo,86.0,229.45060712354942,fechner
2037,5_epo,87.0,229.456472328249,fechner
2038,5_epo,88.0,229.46213913722303,fechner
2039,5_epo,89.0,229.46761639403275,fechner
2040,5_epo,90.0,229.47291245515999,fechner
2041,5_epo,91.0,229.4780352218327,fechner
2042,5_epo,92.0,229.4829921694521,fechner
2043,5_epo,93.0,229.4877903748257,fechner
2044,5_epo,94.0,229.49243654139008,fechner
2045,5_epo,95.0,229.4969370225924,fechner
2046,6_epo,3.0,178.19406786410542,fechner
2047,6_epo,4.0,236.4727835466304,fechner
2048,6_epo,5.0,261.3949297488019,fechner
2049,6_epo,6.0,274.7440049597093,fechner
2050,6_epo,7.000000000000001,282.76257162619584,fechner
2051,6_epo,8.0,287.96097359335124,fechner
2052,6_epo,9.0,291.52390052569956,fechner
2053,6_epo,10.0,294.0724151473643,fechner
2054,6_epo,11.0,295.95820035527277,fechner
2055,6_epo,12.0,297.39266864088574,fechner
2056,6_epo,13.0,298.50915976798746,fechner
2057,6_epo,14.000000000000002,299.39516282634133,fechner
2058,6_epo,15.0,300.11001835834725,fechner
2059,6_epo,16.0,300.6951282942702,fechner
2060,6_epo,17.0,301.18009163318635,fechner
2061,6_epo,18.0,301.5865238739126,fechner
2062,6_epo,19.0,301.93050838207387,fechner
2063,6_epo,20.0,302.2242124397094,fechner
2064,6_epo,21.0,302.4769781615402,fechner
2065,6_epo,22.0,302.69607463160827,fechner
2066,6_epo,23.0,302.88722637924576,fechner
2067,6_epo,24.0,303.0549911010194,fechner
2068,6_epo,25.0,303.2030338476525,fechner
2069,6_epo,26.0,303.3343288843423,fechner
2070,6_epo,27.0,303.45131023492667,fechner
2071,6_epo,28.000000000000004,303.5559852951096,fechner
2072,6_epo,28.999999999999996,303.650021517278,fechner
2073,6_epo,30.0,303.73481322170045,fechner
2074,6_epo,31.0,303.8115335757198,fechner
2075,6_epo,32.0,303.88117538803283,fechner
2076,6_epo,33.0,303.9445833864108,fechner
2077,6_epo,34.0,304.0024799518481,fechner
2078,6_epo,35.0,304.0554857824256,fechner
2079,6_epo,36.0,304.1041365972412,fechner
2080,6_epo,37.0,304.14889672451125,fechner
2081,6_epo,38.0,304.19017022079265,fechner
2082,6_epo,39.0,304.2283100209871,fechner
2083,6_epo,40.0,304.26362550783836,fechner
2084,6_epo,41.0,304.2963888053989,fechner
2085,6_epo,42.0,304.3268400365048,fechner
2086,6_epo,43.0,304.35519173467463,fechner
2087,6_epo,44.0,304.38163256235714,fechner
2088,6_epo,45.0,304.4063304574194,fechner
2089,6_epo,46.0,304.42943530619385,fechner
2090,6_epo,47.0,304.4510812227784,fechner
2091,6_epo,48.0,304.47138849950755,fechner
2092,6_epo,49.0,304.49046528171397,fechner
2093,6_epo,50.0,304.508409010436,fechner
2094,6_epo,51.0,304.5253076691049,fechner
2095,6_epo,52.0,304.5412408640683,fechner
2096,6_epo,53.0,304.55628076378525,fechner
2097,6_epo,54.0,304.5704929174344,fechner
2098,6_epo,55.00000000000001,304.5839369703058,fechner
2099,6_epo,56.00000000000001,304.5966672905898,fechner
2100,6_epo,56.99999999999999,304.60873351988386,fechner
2101,6_epo,57.99999999999999,304.6201810578465,fechner
2102,6_epo,59.0,304.6310514898489,fechner
2103,6_epo,60.0,304.6413829651612,fechner
2104,6_epo,61.0,304.6512105321025,fechner
2105,6_epo,62.0,304.66056643566617,fechner
2106,6_epo,63.0,304.6694803823427,fechner
2107,6_epo,64.0,304.6779797762094,fechner
2108,6_epo,65.0,304.6860899297952,fechner
2109,6_epo,66.0,304.6938342527548,fechner
2110,6_epo,67.0,304.70123442097974,fechner
2111,6_epo,68.0,304.7083105284327,fechner
2112,6_epo,69.0,304.71508122369215,fechner
2113,6_epo,70.0,304.7215638329416,fechner
2114,6_epo,71.0,304.7277744709213,fechner
2115,6_epo,72.0,304.73372814116834,fechner
2116,6_epo,73.0,304.7394388267126,fechner
2117,6_epo,74.0,304.7449195722525,fechner
2118,6_epo,75.0,304.75018255871237,fechner
2119,6_epo,76.0,304.7552391709796,fechner
2120,6_epo,77.0,304.76010005952446,fechner
2121,6_epo,78.0,304.76477519652553,fechner
2122,6_epo,79.0,304.76927392705466,fechner
2123,6_epo,80.0,304.7736050158113,fechner
2124,6_epo,81.0,304.77777668984413,fechner
2125,6_epo,82.0,304.7817966776474,fechner
2126,6_epo,83.0,304.7856722449809,fechner
2127,6_epo,84.0,304.78941022772284,fechner
2128,6_epo,85.0,304.7930170620333,fechner
2129,6_epo,86.0,304.7964988120774,fechner
2130,6_epo,87.0,304.7998611955299,fechner
2131,6_epo,88.0,304.80310960706413,fechner
2132,6_epo,89.0,304.8062491400034,fechner
2133,6_epo,90.0,304.8092846062967,fechner
2134,6_epo,91.0,304.81222055496966,fechner
2135,6_epo,92.0,304.8150612891751,fechner
2136,6_epo,93.0,304.8178108819709,fechner
2137,6_epo,94.0,304.8204731909269,fechner
2138,6_epo,95.0,304.82305187166264,fechner
2139,7_epo,3.0,215.06114677695302,fechner
2140,7_epo,4.0,220.76671039957566,fechner
2141,7_epo,5.0,225.6825409040047,fechner
2142,7_epo,6.0,230.35069637954052,fechner
2143,7_epo,7.000000000000001,234.900144859321,fechner
2144,7_epo,8.0,239.37958733900467,fechner
2145,7_epo,9.0,243.80884245001033,fechner
2146,7_epo,10.0,248.19332430659415,fechner
2147,7_epo,11.0,252.52991803958875,fechner
2148,7_epo,12.0,256.81029147339177,fechner
2149,7_epo,13.0,261.0231970513566,fechner
2150,7_epo,14.000000000000002,265.1561848699119,fechner
2151,7_epo,15.0,269.19685923157664,fechner
2152,7_epo,16.0,273.13375067341184,fechner
2153,7_epo,17.0,276.9568691840929,fechner
2154,7_epo,18.0,280.65800453219117,fechner
2155,7_epo,19.0,284.23083600246196,fechner
2156,7_epo,20.0,287.6709063423377,fechner
2157,7_epo,21.0,290.97550530062927,fechner
2158,7_epo,22.0,294.14349847882517,fechner
2159,7_epo,23.0,297.17512835085824,fechner
2160,7_epo,24.0,300.07180673786223,fechner
2161,7_epo,25.0,302.83591189060235,fechner
2162,7_epo,26.0,305.47059856795494,fechner
2163,7_epo,27.0,307.9796259370576,fechner
2164,7_epo,28.000000000000004,310.3672055547333,fechner
2165,7_epo,28.999999999999996,312.6378699164063,fechner
2166,7_epo,30.0,314.79636089386685,fechner
2167,7_epo,31.0,316.8475366708867,fechner
2168,7_epo,32.0,318.79629539934297,fechner
2169,7_epo,33.0,320.6475136391572,fechner
2170,7_epo,34.0,322.4059976377489,fechner
2171,7_epo,35.0,324.0764455932169,fechner
2172,7_epo,36.0,325.6634191900609,fechner
2173,7_epo,37.0,327.17132286896936,fechner
2174,7_epo,38.0,328.60438947410563,fechner
2175,7_epo,39.0,329.96667110018933,fechner
2176,7_epo,40.0,331.2620341300287,fechner
2177,7_epo,41.0,332.49415760690147,fechner
2178,7_epo,42.0,333.6665342234949,fechner
2179,7_epo,43.0,334.7824733296605,fechner
2180,7_epo,44.0,335.84510546563126,fechner
2181,7_epo,45.0,336.85738801675507,fechner
2182,7_epo,46.0,337.8221116616424,fechner
2183,7_epo,47.0,338.7419073494531,fechner
2184,7_epo,48.0,339.6192535953707,fechner
2185,7_epo,49.0,340.4564839275786,fechner
2186,7_epo,50.0,341.25579435556557,fechner
2187,7_epo,51.0,342.01925075954676,fechner
2188,7_epo,52.0,342.74879612520124,fechner
2189,7_epo,53.0,343.44625756773684,fechner
2190,7_epo,54.0,344.11335310523384,fechner
2191,7_epo,55.00000000000001,344.75169815398795,fechner
2192,7_epo,56.00000000000001,345.3628117287026,fechner
2193,7_epo,56.99999999999999,345.9481223383615,fechner
2194,7_epo,57.99999999999999,346.5089735748238,fechner
2195,7_epo,59.0,347.046629395965,fechner
2196,7_epo,60.0,347.5622791088044,fechner
2197,7_epo,61.0,348.0570420607411,fechner
2198,7_epo,62.0,348.53197204894803,fechner
2199,7_epo,63.0,348.98806145930814,fechner
2200,7_epo,64.0,349.42624514712696,fechner
2201,7_epo,65.0,349.84740407234597,fechner
2202,7_epo,66.0,350.25236870217094,fechner
2203,7_epo,67.0,350.64192219399985,fechner
2204,7_epo,68.0,351.0168033713412,fechner
2205,7_epo,69.0,351.37770950508474,fechner
2206,7_epo,70.0,351.72529891207665,fechner
2207,7_epo,71.0,352.0601933824741,fechner
2208,7_epo,72.0,352.38298044683205,fechner
2209,7_epo,73.0,352.69421549333936,fechner
2210,7_epo,74.0,352.9944237450645,fechner
2211,7_epo,75.0,353.28410210651896,fechner
2212,7_epo,76.0,353.563720888303,fechner
2213,7_epo,77.0,353.83372541806506,fechner
2214,7_epo,78.0,354.09453754549133,fechner
2215,7_epo,79.0,354.34655704854856,fechner
2216,7_epo,80.0,354.59016294773073,fechner
2217,7_epo,81.0,354.8257147346133,fechner
2218,7_epo,82.0,355.0535535205909,fechner
2219,7_epo,83.0,355.27400311127855,fechner
2220,7_epo,84.0,355.4873710116757,fechner
2221,7_epo,85.0,355.6939493668416,fechner
2222,7_epo,86.0,355.89401584249794,fechner
2223,7_epo,87.0,356.0878344496666,fechner
2224,7_epo,88.0,356.2756563171602,fechner
2225,7_epo,89.0,356.45772041547394,fechner
2226,7_epo,90.0,356.6342542353773,fechner
2227,7_epo,91.0,356.8054744242706,fechner
2228,7_epo,92.0,356.97158738315227,fechner
2229,7_epo,93.0,357.1327898268448,fechner
2230,7_epo,94.0,357.2892693099365,fechner
2231,7_epo,95.0,357.44120472072404,fechner
2232,8_epo,3.0,260.8460080326815,fechner
2233,8_epo,4.0,260.8460080326815,fechner
2234,8_epo,5.0,260.8460080326815,fechner
2235,8_epo,6.0,260.8460080326815,fechner
2236,8_epo,7.000000000000001,260.8460080326815,fechner
2237,8_epo,8.0,260.8460080326815,fechner
2238,8_epo,9.0,260.8460080326815,fechner
2239,8_epo,10.0,260.8460080326815,fechner
2240,8_epo,11.0,260.8460080326815,fechner
2241,8_epo,12.0,260.8460080326815,fechner
2242,8_epo,13.0,260.8460080326815,fechner
2243,8_epo,14.000000000000002,260.8460080326815,fechner
2244,8_epo,15.0,260.8460080326815,fechner
2245,8_epo,16.0,260.8460080326815,fechner
2246,8_epo,17.0,260.8460080326815,fechner
2247,8_epo,18.0,260.8460080326815,fechner
2248,8_epo,19.0,260.8460080326815,fechner
2249,8_epo,20.0,260.8460080326815,fechner
2250,8_epo,21.0,260.8460080326815,fechner
2251,8_epo,22.0,260.8460080326815,fechner
2252,8_epo,23.0,260.8460080326815,fechner
2253,8_epo,24.0,260.8460080326815,fechner
2254,8_epo,25.0,260.8460080326815,fechner
2255,8_epo,26.0,260.8460080326815,fechner
2256,8_epo,27.0,260.8460080326815,fechner
2257,8_epo,28.000000000000004,260.8460080326815,fechner
2258,8_epo,28.999999999999996,260.8460080326815,fechner
2259,8_epo,30.0,260.8460080326815,fechner
2260,8_epo,31.0,260.8460080326815,fechner
2261,8_epo,32.0,260.8460080326815,fechner
2262,8_epo,33.0,260.8460080326815,fechner
2263,8_epo,34.0,260.8460080326815,fechner
2264,8_epo,35.0,260.8460080326815,fechner
2265,8_epo,36.0,260.8460080326815,fechner
2266,8_epo,37.0,260.8460080326815,fechner
2267,8_epo,38.0,260.8460080326815,fechner
2268,8_epo,39.0,260.8460080326815,fechner
2269,8_epo,40.0,260.8460080326815,fechner
2270,8_epo,41.0,260.8460080326815,fechner
2271,8_epo,42.0,260.8460080326815,fechner
2272,8_epo,43.0,260.8460080326815,fechner
2273,8_epo,44.0,260.8460080326815,fechner
2274,8_epo,45.0,260.8460080326815,fechner
2275,8_epo,46.0,260.8460080326815,fechner
2276,8_epo,47.0,260.8460080326815,fechner
2277,8_epo,48.0,260.8460080326815,fechner
2278,8_epo,49.0,260.8460080326815,fechner
2279,8_epo,50.0,260.8460080326815,fechner
2280,8_epo,51.0,260.8460080326815,fechner
2281,8_epo,52.0,260.8460080326815,fechner
2282,8_epo,53.0,260.8460080326815,fechner
2283,8_epo,54.0,260.8460080326815,fechner
2284,8_epo,55.00000000000001,260.8460080326815,fechner
2285,8_epo,56.00000000000001,260.8460080326815,fechner
2286,8_epo,56.99999999999999,260.8460080326815,fechner
2287,8_epo,57.99999999999999,260.8460080326815,fechner
2288,8_epo,59.0,260.8460080326815,fechner
2289,8_epo,60.0,260.8460080326815,fechner
2290,8_epo,61.0,260.8460080326815,fechner
2291,8_epo,62.0,260.8460080326815,fechner
2292,8_epo,63.0,260.8460080326815,fechner
2293,8_epo,64.0,260.8460080326815,fechner
2294,8_epo,65.0,260.8460080326815,fechner
2295,8_epo,66.0,260.8460080326815,fechner
2296,8_epo,67.0,260.8460080326815,fechner
2297,8_epo,68.0,260.8460080326815,fechner
2298,8_epo,69.0,260.8460080326815,fechner
2299,8_epo,70.0,260.8460080326815,fechner
2300,8_epo,71.0,260.8460080326815,fechner
2301,8_epo,72.0,260.8460080326815,fechner
2302,8_epo,73.0,260.8460080326815,fechner
2303,8_epo,74.0,260.8460080326815,fechner
2304,8_epo,75.0,260.8460080326815,fechner
2305,8_epo,76.0,260.8460080326815,fechner
2306,8_epo,77.0,260.8460080326815,fechner
2307,8_epo,78.0,260.8460080326815,fechner
2308,8_epo,79.0,260.8460080326815,fechner
2309,8_epo,80.0,260.8460080326815,fechner
2310,8_epo,81.0,260.8460080326815,fechner
2311,8_epo,82.0,260.8460080326815,fechner
2312,8_epo,83.0,260.8460080326815,fechner
2313,8_epo,84.0,260.8460080326815,fechner
2314,8_epo,85.0,260.8460080326815,fechner
2315,8_epo,86.0,260.8460080326815,fechner
2316,8_epo,87.0,260.8460080326815,fechner
2317,8_epo,88.0,260.8460080326815,fechner
2318,8_epo,89.0,260.8460080326815,fechner
2319,8_epo,90.0,260.8460080326815,fechner
2320,8_epo,91.0,260.8460080326815,fechner
2321,8_epo,92.0,260.8460080326815,fechner
2322,8_epo,93.0,260.8460080326815,fechner
2323,8_epo,94.0,260.8460080326815,fechner
2324,8_epo,95.0,260.8460080326815,fechner
2325,9_epo,3.0,266.63610916846494,fechner
2326,9_epo,4.0,270.2092411120809,fechner
2327,9_epo,5.0,273.238559323167,fechner
2328,9_epo,6.0,275.99088450523243,fechner
2329,9_epo,7.000000000000001,278.4829895681505,fechner
2330,9_epo,8.0,280.7093478650061,fechner
2331,9_epo,9.0,282.67410575843235,fechner
2332,9_epo,10.0,284.3928164733208,fechner
2333,9_epo,11.0,285.8881546965492,fechner
2334,9_epo,12.0,287.18565452072806,fechner
2335,9_epo,13.0,288.3107810456552,fechner
2336,9_epo,14.000000000000002,289.2872701534483,fechner
2337,9_epo,15.0,290.1363655854884,fechner
2338,9_epo,16.0,290.87660719482335,fechner
2339,9_epo,17.0,291.52392233981993,fechner
2340,9_epo,18.0,292.09186297146,fechner
2341,9_epo,19.0,292.59189625973386,fechner
2342,9_epo,20.0,293.03369872767365,fechner
2343,9_epo,21.0,293.42542924843593,fechner
2344,9_epo,22.0,293.7739707589287,fechner
2345,9_epo,23.0,294.08513837583394,fechner
2346,9_epo,24.0,294.36385552580504,fechner
2347,9_epo,25.0,294.6143014251211,fechner
2348,9_epo,26.0,294.8400337784115,fechner
2349,9_epo,27.0,295.04409049585973,fechner
2350,9_epo,28.000000000000004,295.2290738810758,fechner
2351,9_epo,28.999999999999996,295.39722029480004,fechner
2352,9_epo,30.0,295.55045784394576,fechner
2353,9_epo,31.0,295.6904542243425,fechner
2354,9_epo,32.0,295.81865647591786,fechner
2355,9_epo,33.0,295.93632409443137,fechner
2356,9_epo,34.0,296.0445566811007,fechner
2357,9_epo,35.0,296.1443170946608,fechner
2358,9_epo,36.0,296.23645089290443,fechner
2359,9_epo,37.0,296.32170270613824,fechner
2360,9_epo,38.0,296.4007300674856,fechner
2361,9_epo,39.0,296.47411512961713,fechner
2362,9_epo,40.0,296.54237462012884,fechner
2363,9_epo,41.0,296.6059683249914,fechner
2364,9_epo,42.0,296.66530633846,fechner
2365,9_epo,43.0,296.7207552762914,fechner
2366,9_epo,44.0,296.7726436152406,fechner
2367,9_epo,45.0,296.82126629412244,fechner
2368,9_epo,46.0,296.8668886890453,fechner
2369,9_epo,47.0,296.90975005680383,fechner
2370,9_epo,48.0,296.95006652508584,fechner
2371,9_epo,49.0,296.98803369550274,fechner
2372,9_epo,50.0,297.02382891497916,fechner
2373,9_epo,51.0,297.0576132623566,fechner
2374,9_epo,52.0,297.0895332898424,fechner
2375,9_epo,53.0,297.1197225529097,fechner
2376,9_epo,54.0,297.1483029572185,fechner
2377,9_epo,55.00000000000001,297.17538594690564,fechner
2378,9_epo,56.00000000000001,297.2010735550442,fechner
2379,9_epo,56.99999999999999,297.2254593340832,fechner
2380,9_epo,57.99999999999999,297.24862918155395,fechner
2381,9_epo,59.0,297.2706620741944,fechner
2382,9_epo,60.0,297.29163072182814,fechner
2383,9_epo,61.0,297.3116021507927,fechner
2384,9_epo,62.0,297.3306382253986,fechner
2385,9_epo,63.0,297.34879611477703,fechner
2386,9_epo,64.0,297.3661287115116,fechner
2387,9_epo,65.0,297.38268500762666,fechner
2388,9_epo,66.0,297.3985104327946,fechner
2389,9_epo,67.0,297.4136471590124,fechner
2390,9_epo,68.0,297.4281343754729,fechner
2391,9_epo,69.0,297.44200853689745,fechner
2392,9_epo,70.0,297.45530358820315,fechner
2393,9_epo,71.0,297.4680511680335,fechner
2394,9_epo,72.0,297.4802807933837,fechner
2395,9_epo,73.0,297.49202002729135,fechner
2396,9_epo,74.0,297.50329463133573,fechner
2397,9_epo,75.0,297.5141287044925,fechner
2398,9_epo,76.0,297.5245448097134,fechner
2399,9_epo,77.0,297.53456408945135,fechner
2400,9_epo,78.0,297.54420637121586,fechner
2401,9_epo,79.0,297.5534902641258,fechner
2402,9_epo,80.0,297.56243324732293,fechner
2403,9_epo,81.0,297.5710517510182,fechner
2404,9_epo,82.0,297.57936123086125,fechner
2405,9_epo,83.0,297.5873762362523,fechner
2406,9_epo,84.0,297.59511047315124,fechner
2407,9_epo,85.0,297.60257686188453,fechner
2408,9_epo,86.0,297.6097875903959,fechner
2409,9_epo,87.0,297.6167541633482,fechner
2410,9_epo,88.0,297.6234874474383,fechner
2411,9_epo,89.0,297.62999771325565,fechner
2412,9_epo,90.0,297.6362946739804,fechner
2413,9_epo,91.0,297.6423875211913,fechner
2414,9_epo,92.0,297.64828495802544,fechner
2415,9_epo,93.0,297.65399522991174,fechner
2416,9_epo,94.0,297.65952615307793,fechner
2417,9_epo,95.0,297.6648851410127,fechner
