,participant,contrast,mrt,name
0,0_epo,3.0,332.23305713938055,fechner
1,0_epo,4.0,337.81868965867255,fechner
2,0_epo,5.0,342.2995453851054,fechner
3,0_epo,6.0,346.0462504498436,fechner
4,0_epo,7.000000000000001,349.14646140194,fechner
5,0_epo,8.0,351.687785896878,fechner
6,0_epo,9.0,353.76329925399943,fechner
7,0_epo,10.0,355.4598948234299,fechner
8,0_epo,11.0,356.852163689224,fechner
9,0_epo,12.0,358.001194814639,fechner
10,0_epo,13.0,358.9557789444227,fechner
11,0_epo,14.000000000000002,359.75441161876876,fechner
12,0_epo,15.0,360.4273292546052,fechner
13,0_epo,16.0,360.99828524906604,fechner
14,0_epo,17.0,361.4859962577003,fechner
15,0_epo,18.0,361.90527982829144,fechner
16,0_epo,19.0,362.2679336638622,fechner
17,0_epo,20.0,362.58340969206057,fechner
18,0_epo,21.0,362.85932951075864,fechner
19,0_epo,22.0,363.10187887825265,fechner
20,0_epo,23.0,363.31611053542616,fechner
21,0_epo,24.0,363.50617766537556,fechner
22,0_epo,25.0,363.6755148021776,fechner
23,0_epo,26.0,363.8269788037143,fechner
24,0_epo,27.0,363.9629593474233,fechner
25,0_epo,28.000000000000004,364.08546605289365,fechner
26,0_epo,28.999999999999996,364.1961975833678,fechner
27,0_epo,30.0,364.29659677501013,fechner
28,0_epo,31.0,364.38789487149756,fechner
29,0_epo,32.0,364.47114721521143,fechner
30,0_epo,33.0,364.5472622010517,fechner
31,0_epo,34.0,364.6170248876471,fechner
32,0_epo,35.0,364.6811163490259,fechner
33,0_epo,36.0,364.74012961233854,fechner
34,0_epo,37.0,364.79458284535093,fechner
35,0_epo,38.0,364.8449303174099,fechner
36,0_epo,39.0,364.8915715492185,fechner
37,0_epo,40.0,364.9348589824651,fechner
38,0_epo,41.0,364.975104434439,fechner
39,0_epo,42.0,365.01258455097695,fechner
40,0_epo,43.0,365.04754543019635,fechner
41,0_epo,44.0,365.0802065570283,fechner
42,0_epo,45.0,365.11076416271436,fechner
43,0_epo,46.0,365.13939410273247,fechner
44,0_epo,47.0,365.1662543299809,fechner
45,0_epo,48.0,365.1914870266132,fechner
46,0_epo,49.0,365.2152204470292,fechner
47,0_epo,50.0,365.23757051566196,fechner
48,0_epo,51.0,365.25864221596197,fechner
49,0_epo,52.0,365.27853080104035,fechner
50,0_epo,53.0,365.2973228515493,fechner
51,0_epo,54.0,365.31509720234106,fechner
52,0_epo,55.00000000000001,365.33192575610474,fechner
53,0_epo,56.00000000000001,365.3478741994012,fechner
54,0_epo,56.99999999999999,365.36300263419855,fechner
55,0_epo,57.99999999999999,365.37736613607274,fechner
56,0_epo,59.0,365.39101524861076,fechner
57,0_epo,60.0,365.4039964221867,fechner
58,0_epo,61.0,365.41635240412717,fechner
59,0_epo,62.0,365.42812258630283,fechner
60,0_epo,63.0,365.4393433153587,fechner
61,0_epo,64.0,365.4500481700891,fechner
62,0_epo,65.0,365.46026820986174,fechner
63,0_epo,66.0,365.4700321974852,fechner
64,0_epo,67.0,365.47936679947213,fechner
65,0_epo,68.0,365.4882967662734,fechner
66,0_epo,69.0,365.4968450947349,fechner
67,0_epo,70.0,365.5050331747485,fechner
68,0_epo,71.0,365.5128809218252,fechner
69,0_epo,72.0,365.5204068971105,fechner
70,0_epo,73.0,365.5276284161819,fechner
71,0_epo,74.0,365.5345616478054,fechner
72,0_epo,75.0,365.5412217036968,fechner
73,0_epo,76.0,365.5476227202085,fechner
74,0_epo,77.0,365.5537779327602,fechner
75,0_epo,78.0,365.5596997437395,fechner
76,0_epo,79.0,365.56539978451707,fechner
77,0_epo,80.0,365.570888972153,fechner
78,0_epo,81.0,365.5761775613037,fechner
79,0_epo,82.0,365.58127519178976,fechner
80,0_epo,83.0,365.58619093223217,fechner
81,0_epo,84.0,365.59093332012395,fechner
82,0_epo,85.0,365.5955103986653,fechner
83,0_epo,86.0,365.5999297506574,fechner
84,0_epo,87.0,365.6041985297195,fechner
85,0_epo,88.0,365.6083234890678,fechner
86,0_epo,89.0,365.6123110080718,fechner
87,0_epo,90.0,365.6161671167805,fechner
88,0_epo,91.0,365.61989751859494,fechner
89,0_epo,92.0,365.62350761124446,fechner
90,0_epo,93.0,365.6270025062103,fechner
91,0_epo,94.0,365.6303870467264,fechner
92,0_epo,95.0,365.6336658244744,fechner
93,10_epo,3.0,268.71578594008,fechner
94,10_epo,4.0,273.39691243379815,fechner
95,10_epo,5.0,277.4300528205117,fechner
96,10_epo,6.0,281.25931138579125,fechner
97,10_epo,7.000000000000001,284.9878824890283,fechner
98,10_epo,8.0,288.6500152616666,fechner
99,10_epo,9.0,292.25360069629636,fechner
100,10_epo,10.0,295.79361345778733,fechner
101,10_epo,11.0,299.2586442139736,fechner
102,10_epo,12.0,302.6348615327379,fechner
103,10_epo,13.0,305.9085273100648,fechner
104,10_epo,14.000000000000002,309.06751051817326,fechner
105,10_epo,15.0,312.10208119257794,fechner
106,10_epo,16.0,315.00520415709997,fechner
107,10_epo,17.0,317.77250591900025,fechner
108,10_epo,18.0,320.4020462091198,fechner
109,10_epo,19.0,322.89398873914416,fechner
110,10_epo,20.0,325.25023546693586,fechner
111,10_epo,21.0,327.4740653123699,fechner
112,10_epo,22.0,329.56980120638025,fechner
113,10_epo,23.0,331.5425175002365,fechner
114,10_epo,24.0,333.3977919410941,fechner
115,10_epo,25.0,335.141501570266,fechner
116,10_epo,26.0,336.77965914298295,fechner
117,10_epo,27.0,338.31828532019284,fechner
118,10_epo,28.000000000000004,339.76331143975113,fechner
119,10_epo,28.999999999999996,341.1205077783841,fechner
120,10_epo,30.0,342.3954326228002,fechner
121,10_epo,31.0,343.59339801806465,fechner
122,10_epo,32.0,344.719448653412,fechner
123,10_epo,33.0,345.7783509208046,fechner
124,10_epo,34.0,346.7745897078706,fechner
125,10_epo,35.0,347.71237095005245,fechner
126,10_epo,36.0,348.59562836329184,fechner
127,10_epo,37.0,349.42803311098316,fechner
128,10_epo,38.0,350.2130054331074,fechner
129,10_epo,39.0,350.9537274886065,fechner
130,10_epo,40.0,351.65315684164443,fechner
131,10_epo,41.0,352.3140401654934,fechner
132,10_epo,42.0,352.938926850764,fechner
133,10_epo,43.0,353.53018229312335,fechner
134,10_epo,44.0,354.09000070424423,fechner
135,10_epo,45.0,354.62041734245935,fechner
136,10_epo,46.0,355.1233200997087,fechner
137,10_epo,47.0,355.6004604115365,fechner
138,10_epo,48.0,356.0534634792523,fechner
139,10_epo,49.0,356.4838378096562,fechner
140,10_epo,50.0,356.8929840893078,fechner
141,10_epo,51.0,357.282203418284,fechner
142,10_epo,52.0,357.6527049335896,fechner
143,10_epo,53.0,358.0056128555154,fechner
144,10_epo,54.0,358.34197299182983,fechner
145,10_epo,55.00000000000001,358.66275873513,fechner
146,10_epo,56.00000000000001,358.9688765882991,fechner
147,10_epo,56.99999999999999,359.2611712520566,fechner
148,10_epo,57.99999999999999,359.54043030722704,fechner
149,10_epo,59.0,359.80738852274374,fechner
150,10_epo,60.0,360.0627318186391,fechner
151,10_epo,61.0,360.30710091144334,fechner
152,10_epo,62.0,360.5410946675651,fechner
153,10_epo,63.0,360.76527318841073,fechner
154,10_epo,64.0,360.98016064923553,fechner
155,10_epo,65.0,361.18624791203405,fechner
156,10_epo,66.0,361.38399493117987,fechner
157,10_epo,67.0,361.57383296901725,fechner
158,10_epo,68.0,361.7561666372057,fechner
159,10_epo,69.0,361.93137577830663,fechner
160,10_epo,70.0,362.0998172008887,fechner
161,10_epo,71.0,362.2618262803111,fechner
162,10_epo,72.0,362.41771843630823,fechner
163,10_epo,73.0,362.5677904975529,fechner
164,10_epo,74.0,362.7123219625043,fechner
165,10_epo,75.0,362.85157616504824,fechner
166,10_epo,76.0,362.9858013527092,fechner
167,10_epo,77.0,363.1152316845441,fechner
168,10_epo,78.0,363.2400881552207,fechner
169,10_epo,79.0,363.36057945122525,fechner
170,10_epo,80.0,363.4769027446357,fechner
171,10_epo,81.0,363.5892444294364,fechner
172,10_epo,82.0,363.6977808049236,fechner
173,10_epo,83.0,363.8026787103702,fechner
174,10_epo,84.0,363.9040961147626,fechner
175,10_epo,85.0,364.0021826651052,fechner
176,10_epo,86.0,364.09708019649463,fechner
177,10_epo,87.0,364.1889232068992,fechner
178,10_epo,88.0,364.2778392993366,fechner
179,10_epo,89.0,364.3639495939202,fechner
180,10_epo,90.0,364.44736911204194,fechner
181,10_epo,91.0,364.528207134776,fechner
182,10_epo,92.0,364.6065675374165,fechner
183,10_epo,93.0,364.6825491019107,fechner
184,10_epo,94.0,364.75624580880464,fechner
185,10_epo,95.0,364.8277471101938,fechner
186,11_epo,3.0,344.24770991172,fechner
187,11_epo,4.0,354.7732070274974,fechner
188,11_epo,5.0,363.8418285596272,fechner
189,11_epo,6.0,372.45371566570066,fechner
190,11_epo,7.000000000000001,380.8479778388638,fechner
191,11_epo,8.0,389.11859324567564,fechner
192,11_epo,9.0,397.3111905977699,fechner
193,11_epo,10.0,405.45052635262135,fechner
194,11_epo,11.0,413.5505078026623,fechner
195,11_epo,12.0,421.6183857432551,fechner
196,11_epo,13.0,429.65670774285974,fechner
197,11_epo,14.000000000000002,437.6643750382465,fechner
198,11_epo,15.0,445.6373521348262,fechner
199,11_epo,16.0,453.5692512488382,fechner
200,11_epo,17.0,461.451870062526,fechner
201,11_epo,18.0,469.2756997276987,fechner
202,11_epo,19.0,477.03039717550587,fechner
203,11_epo,20.0,484.7052106242505,fechner
204,11_epo,21.0,492.28934927679904,fechner
205,11_epo,22.0,499.77229249473896,fechner
206,11_epo,23.0,507.1440379629556,fechner
207,11_epo,24.0,514.3952916728196,fechner
208,11_epo,25.0,521.5176047873866,fechner
209,11_epo,26.0,528.5034637257342,fechner
210,11_epo,27.0,535.3463403254776,fechner
211,11_epo,28.000000000000004,542.0407089259229,fechner
212,11_epo,28.999999999999996,548.5820368417594,fechner
213,11_epo,30.0,554.9667541114144,fechner
214,11_epo,31.0,561.1922077104476,fechner
215,11_epo,32.0,567.2566046924625,fechner
216,11_epo,33.0,573.1589480072137,fechner
217,11_epo,34.0,578.8989680786782,fechner
218,11_epo,35.0,584.4770526222646,fechner
219,11_epo,36.0,589.8941766480676,fechner
220,11_epo,37.0,595.1518341377517,fechner
221,11_epo,38.0,600.2519724937745,fechner
222,11_epo,39.0,605.1969305361337,fechner
223,11_epo,40.0,609.9893805572767,fechner
224,11_epo,41.0,614.6322747331827,fechner
225,11_epo,42.0,619.1287960209505,fechner
226,11_epo,43.0,623.482313543734,fechner
227,11_epo,44.0,627.6963423663673,fechner
228,11_epo,45.0,631.7745074939774,fechner
229,11_epo,46.0,635.7205118763138,fechner
230,11_epo,47.0,639.5381081682732,fechner
231,11_epo,48.0,643.2310739784471,fechner
232,11_epo,49.0,646.8031903295135,fechner
233,11_epo,50.0,650.2582230543392,fechner
234,11_epo,51.0,653.5999068576963,fechner
235,11_epo,52.0,656.8319317838733,fechner
236,11_epo,53.0,659.9579318437632,fechner
237,11_epo,54.0,662.9814755702448,fechner
238,11_epo,55.00000000000001,665.9060582869422,fechner
239,11_epo,56.00000000000001,668.7350958921634,fechner
240,11_epo,56.99999999999999,671.4719199764689,fechner
241,11_epo,57.99999999999999,674.1197741085721,fechner
242,11_epo,59.0,676.6818111398658,fechner
243,11_epo,60.0,679.161091392648,fechner
244,11_epo,61.0,681.5605816109655,fechner
245,11_epo,62.0,683.8831545658566,fechner
246,11_epo,63.0,686.1315892186434,fechner
247,11_epo,64.0,688.308571356788,fechner
248,11_epo,65.0,690.4166946267351,fechner
249,11_epo,66.0,692.4584618971481,fechner
250,11_epo,67.0,694.4362868940417,fechner
251,11_epo,68.0,696.3524960566223,fechner
252,11_epo,69.0,698.2093305691673,fechner
253,11_epo,70.0,700.0089485301211,fechner
254,11_epo,71.0,701.7534272247801,fechner
255,11_epo,72.0,703.4447654725514,fechner
256,11_epo,73.0,705.0848860238656,fechner
257,11_epo,74.0,706.6756379854343,fechner
258,11_epo,75.0,708.2187992557187,fechner
259,11_epo,76.0,709.7160789552861,fechner
260,11_epo,77.0,711.1691198391745,fechner
261,11_epo,78.0,712.5795006805438,fechner
262,11_epo,79.0,713.9487386167511,fechner
263,11_epo,80.0,715.2782914506344,fechner
264,11_epo,81.0,716.5695599011974,fechner
265,11_epo,82.0,717.8238897991076,fechner
266,11_epo,83.0,719.0425742234947,fechner
267,11_epo,84.0,720.2268555774293,fechner
268,11_epo,85.0,721.3779276002506,fechner
269,11_epo,86.0,722.496937315575,fechner
270,11_epo,87.0,723.5849869143873,fechner
271,11_epo,88.0,724.6431355730826,fechner
272,11_epo,89.0,725.6724012067428,fechner
273,11_epo,90.0,726.6737621582564,fechner
274,11_epo,91.0,727.6481588241716,fechner
275,11_epo,92.0,728.5964952183972,fechner
276,11_epo,93.0,729.5196404750496,fechner
277,11_epo,94.0,730.4184302918902,fechner
278,11_epo,95.0,731.2936683159099,fechner
279,12_epo,3.0,270.57679141428525,fechner
280,12_epo,4.0,286.46726748763945,fechner
281,12_epo,5.0,299.46643398757965,fechner
282,12_epo,6.0,310.6170791170486,fechner
283,12_epo,7.000000000000001,320.0805162518183,fechner
284,12_epo,8.0,328.01632242992264,fechner
285,12_epo,9.0,334.62536046297333,fechner
286,12_epo,10.0,340.1174737384679,fechner
287,12_epo,11.0,344.68693270252186,fechner
288,12_epo,12.0,348.5017282164097,fechner
289,12_epo,13.0,351.70165405882335,fechner
290,12_epo,14.000000000000002,354.4005987776328,fechner
291,12_epo,15.0,356.69033833451965,fechner
292,12_epo,16.0,358.64449082732733,fechner
293,12_epo,17.0,360.322072364147,fechner
294,12_epo,18.0,361.7704825292274,fechner
295,12_epo,19.0,363.0279227386198,fechner
296,12_epo,20.0,364.1253176945014,fechner
297,12_epo,21.0,365.0878267666986,fechner
298,12_epo,22.0,365.9360275235689,fechner
299,12_epo,23.0,366.68684164162437,fechner
300,12_epo,24.0,367.3542602067781,fechner
301,12_epo,25.0,367.94991343633717,fechner
302,12_epo,26.0,368.48351985058724,fechner
303,12_epo,27.0,368.9632419258952,fechner
304,12_epo,28.000000000000004,369.395969015172,fechner
305,12_epo,28.999999999999996,369.78754350678287,fechner
306,12_epo,30.0,370.14294250740954,fechner
307,12_epo,31.0,370.4664245219031,fechner
308,12_epo,32.0,370.76164845819636,fechner
309,12_epo,33.0,371.0317706475974,fechner
310,12_epo,34.0,371.27952431747,fechner
311,12_epo,35.0,371.5072849912284,fechner
312,12_epo,36.0,371.71712454940473,fechner
313,12_epo,37.0,371.9108561122897,fechner
314,12_epo,38.0,372.09007145942013,fechner
315,12_epo,39.0,372.2561723538863,fechner
316,12_epo,40.0,372.41039686734354,fechner
317,12_epo,41.0,372.55384158750087,fechner
318,12_epo,42.0,372.68748042063925,fechner
319,12_epo,43.0,372.81218056738294,fechner
320,12_epo,44.0,372.9287161428658,fechner
321,12_epo,45.0,373.0377798267129,fechner
322,12_epo,46.0,373.1399928593532,fechner
323,12_epo,47.0,373.2359136455695,fechner
324,12_epo,48.0,373.3260451811387,fechner
325,12_epo,49.0,373.410841481771,fechner
326,12_epo,50.0,373.4907131636489,fechner
327,12_epo,51.0,373.5660323003562,fechner
328,12_epo,52.0,373.63713666084476,fechner
329,12_epo,53.0,373.70433341646384,fechner
330,12_epo,54.0,373.7679023913215,fechner
331,12_epo,55.00000000000001,373.82809891882516,fechner
332,12_epo,56.00000000000001,373.8851563577339,fechner
333,12_epo,56.99999999999999,373.939288313106,fechner
334,12_epo,57.99999999999999,373.99069060086487,fechner
335,12_epo,59.0,374.03954298910855,fechner
336,12_epo,60.0,374.08601074457084,fechner
337,12_epo,61.0,374.13024600865816,fechner
338,12_epo,62.0,374.1723890241079,fechner
339,12_epo,63.0,374.21256923044655,fechner
340,12_epo,64.0,374.25090624398536,fechner
341,12_epo,65.0,374.2875107360047,fechner
342,12_epo,66.0,374.32248522099803,fechner
343,12_epo,67.0,374.35592476531355,fechner
344,12_epo,68.0,374.3879176252233,fechner
345,12_epo,69.0,374.4185458223109,fechner
346,12_epo,70.0,374.44788566309853,fechner
347,12_epo,71.0,374.47600820898566,fechner
348,12_epo,72.0,374.5029797018401,fechner
349,12_epo,73.0,374.5288619499488,fechner
350,12_epo,74.0,374.5537126784799,fechner
351,12_epo,75.0,374.57758584812797,fechner
352,12_epo,76.0,374.60053194519315,fechner
353,12_epo,77.0,374.62259824597555,fechner
354,12_epo,78.0,374.6438290580467,fechner
355,12_epo,79.0,374.66426594067383,fechner
356,12_epo,80.0,374.68394790642725,fechner
357,12_epo,81.0,374.70291160577915,fechner
358,12_epo,82.0,374.72119149631175,fechner
359,12_epo,83.0,374.7388199979791,fechner
360,12_epo,84.0,374.75582763572123,fechner
361,12_epo,85.0,374.77224317058915,fechner
362,12_epo,86.0,374.7880937204261,fechner
363,12_epo,87.0,374.8034048710423,fechner
364,12_epo,88.0,374.8182007787296,fechner
365,12_epo,89.0,374.83250426487393,fechner
366,12_epo,90.0,374.84633690335676,fechner
367,12_epo,91.0,374.8597191013623,fechner
368,12_epo,92.0,374.8726701741545,fechner
369,12_epo,93.0,374.8852084143303,fechner
370,12_epo,94.0,374.897351156011,fechner
371,12_epo,95.0,374.9091148343883,fechner
372,13_epo,3.0,267.5906418773224,fechner
373,13_epo,4.0,270.57492841759205,fechner
374,13_epo,5.0,273.1422404341904,fechner
375,13_epo,6.0,275.5614750067721,fechner
376,13_epo,7.000000000000001,277.8745603724458,fechner
377,13_epo,8.0,280.078460375523,fechner
378,13_epo,9.0,282.1597253610084,fechner
379,13_epo,10.0,284.1060947959566,fechner
380,13_epo,11.0,285.9102921488671,fechner
381,13_epo,12.0,287.570503529912,fechner
382,13_epo,13.0,289.08951532633057,fechner
383,13_epo,14.000000000000002,290.47346451044666,fechner
384,13_epo,15.0,291.7306383600465,fechner
385,13_epo,16.0,292.87049060653334,fechner
386,13_epo,17.0,293.90290761874576,fechner
387,13_epo,18.0,294.8376996740131,fechner
388,13_epo,19.0,295.6842727519647,fechner
389,13_epo,20.0,296.4514351769437,fechner
390,13_epo,21.0,297.147299826282,fechner
391,13_epo,22.0,297.7792510139076,fechner
392,13_epo,23.0,298.3539530898987,fechner
393,13_epo,24.0,298.8773843755296,fechner
394,13_epo,25.0,299.3548851351981,fechner
395,13_epo,26.0,299.7912120365353,fechner
396,13_epo,27.0,300.1905942274849,fechner
397,13_epo,28.000000000000004,300.5567880213699,fechner
398,13_epo,28.999999999999996,300.89312844626465,fechner
399,13_epo,30.0,301.2025767548374,fechner
400,13_epo,31.0,301.48776353375575,fechner
401,13_epo,32.0,301.75102739114305,fechner
402,13_epo,33.0,301.9944494028298,fechner
403,13_epo,34.0,302.2198836096078,fechner
404,13_epo,35.0,302.4289839103125,fechner
405,13_epo,36.0,302.6232277110262,fechner
406,13_epo,37.0,302.80393668358596,fechner
407,13_epo,38.0,302.97229496652886,fechner
408,13_epo,39.0,303.1293651148791,fechner
409,13_epo,40.0,303.2761020757779,fechner
410,13_epo,41.0,303.4133654373272,fechner
411,13_epo,42.0,303.54193016962324,fechner
412,13_epo,43.0,303.66249605058334,fechner
413,13_epo,44.0,303.77569594518525,fechner
414,13_epo,45.0,303.8821030852514,fechner
415,13_epo,46.0,303.98223747785465,fechner
416,13_epo,47.0,304.07657155366553,fechner
417,13_epo,48.0,304.1655351518922,fechner
418,13_epo,49.0,304.2495199256954,fechner
419,13_epo,50.0,304.32888324086076,fechner
420,13_epo,51.0,304.40395163089806,fechner
421,13_epo,52.0,304.47502386340943,fechner
422,13_epo,53.0,304.5423736653738,fechner
423,13_epo,54.0,304.6062521487735,fechner
424,13_epo,55.00000000000001,304.6668899726099,fechner
425,13_epo,56.00000000000001,304.7244992727125,fechner
426,13_epo,56.99999999999999,304.77927538672117,fechner
427,13_epo,57.99999999999999,304.8313983981512,fechner
428,13_epo,59.0,304.8810345204346,fechner
429,13_epo,60.0,304.92833733922663,fechner
430,13_epo,61.0,304.9734489290016,fechner
431,13_epo,62.0,305.0165008579984,fechner
432,13_epo,63.0,305.0576150938686,fechner
433,13_epo,64.0,305.0969048208951,fechner
434,13_epo,65.0,305.1344751783511,fechner
435,13_epo,66.0,305.17042392844627,fechner
436,13_epo,67.0,305.2048420613138,fechner
437,13_epo,68.0,305.23781434363593,fechner
438,13_epo,69.0,305.2694198167466,fechner
439,13_epo,70.0,305.2997322493892,fechner
440,13_epo,71.0,305.3288205497272,fechner
441,13_epo,72.0,305.35674914069455,fechner
442,13_epo,73.0,305.3835783023217,fechner
443,13_epo,74.0,305.40936448428045,fechner
444,13_epo,75.0,305.434160591539,fechner
445,13_epo,76.0,305.4580162457111,fechner
446,13_epo,77.0,305.48097802441026,fechner
447,13_epo,78.0,305.5030896806783,fechner
448,13_epo,79.0,305.5243923443438,fechner
449,13_epo,80.0,305.54492470697517,fechner
450,13_epo,81.0,305.56472319192426,fechner
451,13_epo,82.0,305.5838221108075,fechner
452,13_epo,83.0,305.6022538076352,fechner
453,13_epo,84.0,305.6200487916817,fechner
454,13_epo,85.0,305.637235860084,fechner
455,13_epo,86.0,305.6538422110568,fechner
456,13_epo,87.0,305.6698935485323,fechner
457,13_epo,88.0,305.68541417895125,fechner
458,13_epo,89.0,305.70042710086807,fechner
459,13_epo,90.0,305.7149540879681,fechner
460,13_epo,91.0,305.72901576604073,fechner
461,13_epo,92.0,305.74263168440353,fechner
462,13_epo,93.0,305.7558203822267,fechner
463,13_epo,94.0,305.768599450167,fechner
464,13_epo,95.0,305.78098558768414,fechner
465,14_epo,3.0,344.04144978322205,fechner
466,14_epo,4.0,347.944796400035,fechner
467,14_epo,5.0,351.3074704385382,fechner
468,14_epo,6.0,354.4973021684458,fechner
469,14_epo,7.000000000000001,357.59370013451974,fechner
470,14_epo,8.0,360.61521091584666,fechner
471,14_epo,9.0,363.5578073124515,fechner
472,14_epo,10.0,366.408645382935,fechner
473,14_epo,11.0,369.1528670234229,fechner
474,14_epo,12.0,371.77715087238767,fechner
475,14_epo,13.0,374.2713633434731,fechner
476,14_epo,14.000000000000002,376.62906397601046,fechner
477,14_epo,15.0,378.84735766668655,fechner
478,14_epo,16.0,380.92641803168806,fechner
479,14_epo,17.0,382.8688859737355,fechner
480,14_epo,18.0,384.67926305635825,fechner
481,14_epo,19.0,386.36336263448203,fechner
482,14_epo,20.0,387.92784579138333,fechner
483,14_epo,21.0,389.3798478704412,fechner
484,14_epo,22.0,390.72668989938586,fechner
485,14_epo,23.0,391.9756638867956,fechner
486,14_epo,24.0,393.1338793209834,fechner
487,14_epo,25.0,394.208158566616,fechner
488,14_epo,26.0,395.2049701966434,fechner
489,14_epo,27.0,396.1303909998134,fechner
490,14_epo,28.000000000000004,396.99008912518474,fechner
491,14_epo,28.999999999999996,397.7893223935665,fechner
492,14_epo,30.0,398.53294715200377,fechner
493,14_epo,31.0,399.22543415816176,fechner
494,14_epo,32.0,399.87088887251286,fechner
495,14_epo,33.0,400.4730742359288,fechner
496,14_epo,34.0,401.035434550341,fechner
497,14_epo,35.0,401.5611194909204,fechner
498,14_epo,36.0,402.0530075865498,fechner
499,14_epo,37.0,402.5137287338521,fechner
500,14_epo,38.0,402.9456854771215,fechner
501,14_epo,39.0,403.35107290692355,fechner
502,14_epo,40.0,403.7318971154166,fechner
503,14_epo,41.0,404.08999220556626,fechner
504,14_epo,42.0,404.4270358912074,fechner
505,14_epo,43.0,404.7445637505707,fechner
506,14_epo,44.0,405.0439822113468,fechner
507,14_epo,45.0,405.3265803535455,fechner
508,14_epo,46.0,405.5935406194906,fechner
509,14_epo,47.0,405.8459485198823,fechner
510,14_epo,48.0,406.08480142213205,fechner
511,14_epo,49.0,406.31101650297046,fechner
512,14_epo,50.0,406.5254379422724,fechner
513,14_epo,51.0,406.7288434295455,fechner
514,14_epo,52.0,406.92195004890783,fechner
515,14_epo,53.0,407.1054196028243,fechner
516,14_epo,54.0,407.27986342952244,fechner
517,14_epo,55.00000000000001,407.4458467639446,fechner
518,14_epo,56.00000000000001,407.60389268736344,fechner
519,14_epo,56.99999999999999,407.7544857064107,fechner
520,14_epo,57.99999999999999,407.89807499825116,fechner
521,14_epo,59.0,408.0350773549676,fechner
522,14_epo,60.0,408.165879856891,fechner
523,14_epo,61.0,408.2908423015935,fechner
524,14_epo,62.0,408.41029941254146,fechner
525,14_epo,63.0,408.5245628489559,fechner
526,14_epo,64.0,408.63392303622305,fechner
527,14_epo,65.0,408.7386508342237,fechner
528,14_epo,66.0,408.8389990591731,fechner
529,14_epo,67.0,408.93520387298,fechner
530,14_epo,68.0,409.0274860527059,fechner
531,14_epo,69.0,409.1160521514359,fechner
532,14_epo,70.0,409.2010955607313,fechner
533,14_epo,71.0,409.28279748381476,fechner
534,14_epo,72.0,409.3613278277242,fechner
535,14_epo,73.0,409.4368460218572,fechner
536,14_epo,74.0,409.5095017695917,fechner
537,14_epo,75.0,409.57943573901736,fechner
538,14_epo,76.0,409.64678019822,fechner
539,14_epo,77.0,409.71165960003805,fechner
540,14_epo,78.0,409.77419112073454,fechner
541,14_epo,79.0,409.83448515660615,fechner
542,14_epo,80.0,409.89264578216705,fechner
543,14_epo,81.0,409.9487711732058,fechner
544,14_epo,82.0,410.00295399770283,fechner
545,14_epo,83.0,410.0552817773205,fechner
546,14_epo,84.0,410.1058372219277,fechner
547,14_epo,85.0,410.15469853939567,fechner
548,14_epo,86.0,410.20193972269976,fechner
549,14_epo,87.0,410.2476308161777,fechner
550,14_epo,88.0,410.291838162631,fechner
551,14_epo,89.0,410.33462463280506,fechner
552,14_epo,90.0,410.3760498386509,fechner
553,14_epo,91.0,410.41617033164636,fechner
554,14_epo,92.0,410.45503978734604,fechner
555,14_epo,93.0,410.4927091772281,fechner
556,14_epo,94.0,410.5292269288151,fechner
557,14_epo,95.0,410.56463907496277,fechner
558,15_epo,3.0,362.676542705302,fechner
559,15_epo,4.0,373.10598725825,fechner
560,15_epo,5.0,382.07680363578436,fechner
561,15_epo,6.0,390.52525021213313,fechner
562,15_epo,7.000000000000001,398.5939122520383,fechner
563,15_epo,8.0,406.26968876913287,fechner
564,15_epo,9.0,413.5050534784504,fechner
565,15_epo,10.0,420.25821350922286,fechner
566,15_epo,11.0,426.50572454574944,fechner
567,15_epo,12.0,432.24359048345815,fechner
568,15_epo,13.0,437.4838538301195,fechner
569,15_epo,14.000000000000002,442.2500037984841,fechner
570,15_epo,15.0,446.5726851903454,fechner
571,15_epo,16.0,450.48624548548986,fechner
572,15_epo,17.0,454.0262008609043,fechner
573,15_epo,18.0,457.22750894696287,fechner
574,15_epo,19.0,460.123477411717,fechner
575,15_epo,20.0,462.74514058794824,fechner
576,15_epo,21.0,465.12096317147757,fechner
577,15_epo,22.0,467.27676196244425,fechner
578,15_epo,23.0,469.23576571887037,fechner
579,15_epo,24.0,471.0187568090757,fechner
580,15_epo,25.0,472.64425630665676,fechner
581,15_epo,26.0,474.128727251605,fechner
582,15_epo,27.0,475.48678003242327,fechner
583,15_epo,28.000000000000004,476.7313701930595,fechner
584,15_epo,28.999999999999996,477.8739832327884,fechner
585,15_epo,30.0,478.92480376173523,fechner
586,15_epo,31.0,479.89286815403364,fechner
587,15_epo,32.0,480.7862009310483,fechner
588,15_epo,33.0,481.6119357382975,fechner
589,15_epo,34.0,482.3764221105509,fechner
590,15_epo,35.0,483.0853193584606,fechner
591,15_epo,36.0,483.74367893001914,fechner
592,15_epo,37.0,484.3560165495967,fechner
593,15_epo,38.0,484.92637534804504,fechner
594,15_epo,39.0,485.4583810896959,fechner
595,15_epo,40.0,485.95529048878774,fechner
596,15_epo,41.0,486.4200334965851,fechner
597,15_epo,42.0,486.8552503355886,fechner
598,15_epo,43.0,487.2633239609914,fechner
599,15_epo,44.0,487.64640854280594,fechner
600,15_epo,45.0,488.0064544849174,fechner
601,15_epo,46.0,488.3452304292942,fechner
602,15_epo,47.0,488.664342634031,fechner
603,15_epo,48.0,488.96525206200135,fechner
604,15_epo,49.0,489.24928947184577,fechner
605,15_epo,50.0,489.51766876400944,fechner
606,15_epo,51.0,489.77149880081487,fechner
607,15_epo,52.0,490.0117938904376,fechner
608,15_epo,53.0,490.2394830995222,fechner
609,15_epo,54.0,490.4554185374992,fechner
610,15_epo,55.00000000000001,490.66038273696114,fechner
611,15_epo,56.00000000000001,490.8550952383147,fechner
612,15_epo,56.99999999999999,491.040218472988,fechner
613,15_epo,57.99999999999999,491.2163630274342,fechner
614,15_epo,59.0,491.3840923597518,fechner
615,15_epo,60.0,491.54392703173465,fechner
616,15_epo,61.0,491.69634851135146,fechner
617,15_epo,62.0,491.8418025938783,fechner
618,15_epo,63.0,491.98070248402803,fechner
619,15_epo,64.0,492.1134315763028,fechner
620,15_epo,65.0,492.24034596634294,fechner
621,15_epo,66.0,492.3617767221665,fechner
622,15_epo,67.0,492.4780319408039,fechner
623,15_epo,68.0,492.58939861287297,fechner
624,15_epo,69.0,492.69614431505295,fechner
625,15_epo,70.0,492.7985187481395,fechner
626,15_epo,71.0,492.8967551363823,fechner
627,15_epo,72.0,492.99107150204793,fechner
628,15_epo,73.0,493.0816718276212,fechner
629,15_epo,74.0,493.16874711669874,fechner
630,15_epo,75.0,493.25247636343494,fechner
631,15_epo,76.0,493.3330274393486,fechner
632,15_epo,77.0,493.4105579053624,fechner
633,15_epo,78.0,493.4852157561257,fechner
634,15_epo,79.0,493.55714010293684,fechner
635,15_epo,80.0,493.6264618009348,fechner
636,15_epo,81.0,493.69330402565197,fechner
637,15_epo,82.0,493.7577828035081,fechner
638,15_epo,83.0,493.8200075003675,fechner
639,15_epo,84.0,493.88008127187663,fechner
640,15_epo,85.0,493.93810147893424,fechner
641,15_epo,86.0,493.9941600713217,fechner
642,15_epo,87.0,494.0483439422331,fechner
643,15_epo,88.0,494.1007352561802,fechner
644,15_epo,89.0,494.1514117525203,fechner
645,15_epo,90.0,494.2004470266389,fechner
646,15_epo,91.0,494.24791079063857,fechner
647,15_epo,92.0,494.29386911520965,fechner
648,15_epo,93.0,494.3383846542116,fechner
649,15_epo,94.0,494.3815168533533,fechner
650,15_epo,95.0,494.42332214423925,fechner
651,16_epo,3.0,259.5397105394255,fechner
652,16_epo,4.0,261.95530304771347,fechner
653,16_epo,5.0,264.02169098542385,fechner
654,16_epo,6.0,265.9365490223693,fechner
655,16_epo,7.000000000000001,267.7174360460066,fechner
656,16_epo,8.0,269.35616215046457,fechner
657,16_epo,9.0,270.8456689427031,fechner
658,16_epo,10.0,272.18556122686795,fechner
659,16_epo,11.0,273.3815914261198,fechner
660,16_epo,12.0,274.44364651600614,fechner
661,16_epo,13.0,275.3837869272007,fechner
662,16_epo,14.000000000000002,276.2147757234508,fechner
663,16_epo,15.0,276.94912067644816,fechner
664,16_epo,16.0,277.59852242796813,fechner
665,16_epo,17.0,278.1736055072606,fechner
666,16_epo,18.0,278.68383022568736,fechner
667,16_epo,19.0,279.1375116839492,fechner
668,16_epo,20.0,279.54189654684734,fechner
669,16_epo,21.0,279.90326641508966,fechner
670,16_epo,22.0,280.2270491126776,fechner
671,16_epo,23.0,280.51792735563873,fechner
672,16_epo,24.0,280.7799393724194,fechner
673,16_epo,25.0,281.01656912615556,fechner
674,16_epo,26.0,281.23082556960185,fechner
675,16_epo,27.0,281.42531133425103,fechner
676,16_epo,28.000000000000004,281.6022817350551,fechner
677,16_epo,28.999999999999996,281.7636951636419,fechner
678,16_epo,30.0,281.91125597180553,fechner
679,16_epo,31.0,282.0464508898542,fechner
680,16_epo,32.0,282.1705799266288,fechner
681,16_epo,33.0,282.284782585869,fechner
682,16_epo,34.0,282.390060121585,fechner
683,16_epo,35.0,282.48729445061684,fechner
684,16_epo,36.0,282.5772642469191,fechner
685,16_epo,37.0,282.6606586602608,fechner
686,16_epo,38.0,282.7380890316468,fechner
687,16_epo,39.0,282.81009891793366,fechner
688,16_epo,40.0,282.8771726876091,fechner
689,16_epo,41.0,282.9397429073069,fechner
690,16_epo,42.0,282.99819670315253,fechner
691,16_epo,43.0,283.0528812514003,fechner
692,16_epo,44.0,283.10410852810907,fechner
693,16_epo,45.0,283.15215942698575,fechner
694,16_epo,46.0,283.19728733733353,fechner
695,16_epo,47.0,283.23972125968686,fechner
696,16_epo,48.0,283.27966852472275,fechner
697,16_epo,49.0,283.317317171006,fechner
698,16_epo,50.0,283.3528380287211,fechner
699,16_epo,51.0,283.38638654948886,fechner
700,16_epo,52.0,283.41810441643776,fechner
701,16_epo,53.0,283.44812096370987,fechner
702,16_epo,54.0,283.4765544303639,fechner
703,16_epo,55.00000000000001,283.5035130700842,fechner
704,16_epo,56.00000000000001,283.52909613508365,fechner
705,16_epo,56.99999999999999,283.5533947500329,fechner
706,16_epo,57.99999999999999,283.57649268967185,fechner
707,16_epo,59.0,283.5984670719052,fechner
708,16_epo,60.0,283.61938897660343,fechner
709,16_epo,61.0,283.6393239989751,fechner
710,16_epo,62.0,283.65833274521935,fechner
711,16_epo,63.0,283.6764712771692,fechner
712,16_epo,64.0,283.693791511783,fechner
713,16_epo,65.0,283.71034158060064,fechner
714,16_epo,66.0,283.7261661536448,fechner
715,16_epo,67.0,283.7413067316972,fechner
716,16_epo,68.0,283.75580191040183,fechner
717,16_epo,69.0,283.7696876192312,fechner
718,16_epo,70.0,283.78299733799327,fechner
719,16_epo,71.0,283.7957622932423,fechner
720,16_epo,72.0,283.80801163668133,fechner
721,16_epo,73.0,283.81977260740655,fechner
722,16_epo,74.0,283.83107067963397,fechner
723,16_epo,75.0,283.8419296973644,fechner
724,16_epo,76.0,283.8523719972816,fechner
725,16_epo,77.0,283.86241852103774,fechner
726,16_epo,78.0,283.87208891795433,fechner
727,16_epo,79.0,283.881401639057,fechner
728,16_epo,80.0,283.89037402326505,fechner
729,16_epo,81.0,283.8990223764719,fechner
730,16_epo,82.0,283.907362044174,fechner
731,16_epo,83.0,283.9154074782406,fechner
732,16_epo,84.0,283.92317229835567,fechner
733,16_epo,85.0,283.93066934860985,fechner
734,16_epo,86.0,283.93791074967265,fechner
735,16_epo,87.0,283.94490794693434,fechner
736,16_epo,88.0,283.95167175496636,fechner
737,16_epo,89.0,283.95821239861857,fechner
738,16_epo,90.0,283.96453955103925,fechner
739,16_epo,91.0,283.9706623688763,fechner
740,16_epo,92.0,283.9765895248967,fechner
741,16_epo,93.0,283.9823292382367,fechner
742,16_epo,94.0,283.98788930247605,fechner
743,16_epo,95.0,283.99327711171406,fechner
744,17_epo,3.0,500.50150411772864,fechner
745,17_epo,4.0,508.4966944439476,fechner
746,17_epo,5.0,515.3852389258313,fechner
747,17_epo,6.0,521.9268463582268,fechner
748,17_epo,7.000000000000001,528.3031344339324,fechner
749,17_epo,8.0,534.5854184173952,fechner
750,17_epo,9.0,540.80809769394,fechner
751,17_epo,10.0,546.9893424103158,fechner
752,17_epo,11.0,553.138548683739,fechner
753,17_epo,12.0,559.2594649725504,fechner
754,17_epo,13.0,565.3517364080338,fechner
755,17_epo,14.000000000000002,571.411859652909,fechner
756,17_epo,15.0,577.4339194054575,fechner
757,17_epo,16.0,583.4102331605947,fechner
758,17_epo,17.0,589.3319351083774,fechner
759,17_epo,18.0,595.1894973323278,fechner
760,17_epo,19.0,600.9731798366115,fechner
761,17_epo,20.0,606.6734037797061,fechner
762,17_epo,21.0,612.2810473893796,fechner
763,17_epo,22.0,617.7876685527573,fechner
764,17_epo,23.0,623.185661188393,fechner
765,17_epo,24.0,628.4683542169882,fechner
766,17_epo,25.0,633.6300625400999,fechner
767,17_epo,26.0,638.6660992450466,fechner
768,17_epo,27.0,643.5727575693777,fechner
769,17_epo,28.000000000000004,648.3472702027356,fechner
770,17_epo,28.999999999999996,652.9877524364487,fechner
771,17_epo,30.0,657.4931345976768,fechner
772,17_epo,31.0,661.8630881913551,fechner
773,17_epo,32.0,666.097949256644,fechner
774,17_epo,33.0,670.1986416423529,fechner
775,17_epo,34.0,674.1666022218121,fechner
776,17_epo,35.0,678.0037094976832,fechner
777,17_epo,36.0,681.712216581988,fechner
778,17_epo,37.0,685.2946891646445,fechner
779,17_epo,38.0,688.7539487924905,fechner
780,17_epo,39.0,692.0930215578742,fechner
781,17_epo,40.0,695.3150921298329,fechner
782,17_epo,41.0,698.4234629412811,fechner
783,17_epo,42.0,701.421518263352,fechner
784,17_epo,43.0,704.3126928452263,fechner
785,17_epo,44.0,707.100444767833,fechner
786,17_epo,45.0,709.7882321472634,fechner
787,17_epo,46.0,712.3794933240672,fechner
788,17_epo,47.0,714.8776301842693,fechner
789,17_epo,48.0,717.2859942740338,fechner
790,17_epo,49.0,719.6078753902098,fechner
791,17_epo,50.0,721.8464923517815,fechner
792,17_epo,51.0,724.0049856812244,fechner
793,17_epo,52.0,726.0864119489614,fechner
794,17_epo,53.0,728.0937395578418,fechner
795,17_epo,54.0,730.0298457673359,fechner
796,17_epo,55.00000000000001,731.8975147786343,fechner
797,17_epo,56.00000000000001,733.6994367218799,fechner
798,17_epo,56.99999999999999,735.4382074052306,fechner
799,17_epo,57.99999999999999,737.1163287023371,fechner
800,17_epo,59.0,738.736209470127,fechner
801,17_epo,60.0,740.3001669025971,fechner
802,17_epo,61.0,741.8104282386805,fechner
803,17_epo,62.0,743.2691327532876,fechner
804,17_epo,63.0,744.6783339704155,fechner
805,17_epo,64.0,746.0400020458806,fechner
806,17_epo,65.0,747.3560262748615,fechner
807,17_epo,66.0,748.628217686143,fechner
808,17_epo,67.0,749.8583116908078,fechner
809,17_epo,68.0,751.0479707582535,fechner
810,17_epo,69.0,752.198787096856,fechner
811,17_epo,70.0,753.3122853204626,fechner
812,17_epo,71.0,754.3899250852467,fechner
813,17_epo,72.0,755.4331036843264,fechner
814,17_epo,73.0,756.4431585900355,fechner
815,17_epo,74.0,757.421369935854,fechner
816,17_epo,75.0,758.3689629318153,fechner
817,17_epo,76.0,759.2871102087588,fechner
818,17_epo,77.0,760.1769340880966,fechner
819,17_epo,78.0,761.0395087748701,fechner
820,17_epo,79.0,761.8758624727989,fechner
821,17_epo,80.0,762.6869794207964,fechner
822,17_epo,81.0,763.4738018510736,fechner
823,17_epo,82.0,764.237231869467,fechner
824,17_epo,83.0,764.9781332590784,fechner
825,17_epo,84.0,765.6973332086365,fechner
826,17_epo,85.0,766.3956239672854,fechner
827,17_epo,86.0,767.0737644277057,fechner
828,17_epo,87.0,767.7324816396468,fechner
829,17_epo,88.0,768.3724722560574,fechner
830,17_epo,89.0,768.9944039140919,fechner
831,17_epo,90.0,769.5989165533173,fechner
832,17_epo,91.0,770.1866236734678,fechner
833,17_epo,92.0,770.7581135341086,fechner
834,17_epo,93.0,771.3139502985373,fechner
835,17_epo,94.0,771.8546751242463,fechner
836,17_epo,95.0,772.380807202212,fechner
837,18_epo,3.0,291.0913728212805,fechner
838,18_epo,4.0,295.0560215094482,fechner
839,18_epo,5.0,296.1173266486213,fechner
840,18_epo,6.0,296.5925929030756,fechner
841,18_epo,7.000000000000001,296.8527266952765,fechner
842,18_epo,8.0,297.01228782347823,fechner
843,18_epo,9.0,297.11779706964205,fechner
844,18_epo,10.0,297.19142975395397,fechner
845,18_epo,11.0,297.24495925263574,fechner
846,18_epo,12.0,297.2851460207715,fechner
847,18_epo,13.0,297.3161121004051,fechner
848,18_epo,14.000000000000002,297.3404934437062,fechner
849,18_epo,15.0,297.3600424714772,fechner
850,18_epo,16.0,297.37596255366327,fechner
851,18_epo,17.0,297.38910301587174,fechner
852,18_epo,18.0,297.40007760181885,fechner
853,18_epo,19.0,297.4093390008462,fechner
854,18_epo,20.0,297.4172271732911,fechner
855,18_epo,21.0,297.4240015231651,fechner
856,18_epo,22.0,297.4298628207278,fechner
857,18_epo,23.0,297.43496845222614,fechner
858,18_epo,24.0,297.4394432256855,fechner
859,18_epo,25.0,297.44338715622143,fechner
860,18_epo,26.0,297.4468811603086,fechner
861,18_epo,27.0,297.44999127813486,fechner
862,18_epo,28.000000000000004,297.4527718440059,fechner
863,18_epo,28.999999999999996,297.455267894433,fechner
864,18_epo,30.0,297.4575170166918,fechner
865,18_epo,31.0,297.45955078183886,fechner
866,18_epo,32.0,297.46139586573815,fechner
867,18_epo,33.0,297.4630749334677,fechner
868,18_epo,34.0,297.46460734257096,fechner
869,18_epo,35.0,297.4660097063967,fechner
870,18_epo,36.0,297.4672963484861,fechner
871,18_epo,37.0,297.46847967146607,fechner
872,18_epo,38.0,297.46957045836166,fechner
873,18_epo,39.0,297.47057812013156,fechner
874,18_epo,40.0,297.4715109001288,fechner
875,18_epo,41.0,297.47237604385066,fechner
876,18_epo,42.0,297.47317994055953,fechner
877,18_epo,43.0,297.4739282419806,fechner
878,18_epo,44.0,297.4746259622236,fechner
879,18_epo,45.0,297.4752775622511,fechner
880,18_epo,46.0,297.4758870215657,fechner
881,18_epo,47.0,297.4764578992818,fechner
882,18_epo,48.0,297.47699338634203,fechner
883,18_epo,49.0,297.4774963503164,fechner
884,18_epo,50.0,297.47796937396475,fechner
885,18_epo,51.0,297.4784147885372,fechner
886,18_epo,52.0,297.4788347026159,fechner
887,18_epo,53.0,297.4792310271694,fechner
888,18_epo,54.0,297.4796054973772,fechner
889,18_epo,55.00000000000001,297.47995969169136,fechner
890,18_epo,56.00000000000001,297.48029504853014,fechner
891,18_epo,56.99999999999999,297.4806128809302,fechner
892,18_epo,57.99999999999999,297.4809143894429,fechner
893,18_epo,59.0,297.4812006735059,fechner
894,18_epo,60.0,297.4814727414976,fechner
895,18_epo,61.0,297.4817315196425,fechner
896,18_epo,62.0,297.4819778599166,fechner
897,18_epo,63.0,297.48221254707965,fechner
898,18_epo,64.0,297.48243630494153,fechner
899,18_epo,65.0,297.4826498019576,fechner
900,18_epo,66.0,297.4828536562334,fechner
901,18_epo,67.0,297.4830484400096,fechner
902,18_epo,68.0,297.48323468368756,fechner
903,18_epo,69.0,297.48341287944766,fechner
904,18_epo,70.0,297.4835834845083,fechner
905,18_epo,71.0,297.48374692406566,fechner
906,18_epo,72.0,297.48390359394784,fechner
907,18_epo,73.0,297.4840538630167,fechner
908,18_epo,74.0,297.48419807534333,fechner
909,18_epo,75.0,297.484336552181,fechner
910,18_epo,76.0,297.484469593758,fechner
911,18_epo,77.0,297.4845974809075,fechner
912,18_epo,78.0,297.4847204765527,fechner
913,18_epo,79.0,297.48483882706,fechner
914,18_epo,80.0,297.4849527634752,fechner
915,18_epo,81.0,297.4850625026524,fechner
916,18_epo,82.0,297.4851682482884,fechner
917,18_epo,83.0,297.48527019186855,fechner
918,18_epo,84.0,297.4853685135354,fechner
919,18_epo,85.0,297.48546338288526,fechner
920,18_epo,86.0,297.4855549597015,fechner
921,18_epo,87.0,297.48564339462735,fechner
922,18_epo,88.0,297.4857288297864,fechner
923,18_epo,89.0,297.48581139935504,fechner
924,18_epo,90.0,297.4858912300893,fechner
925,18_epo,91.0,297.4859684418122,fechner
926,18_epo,92.0,297.4860431478641,fechner
927,18_epo,93.0,297.48611545551876,fechner
928,18_epo,94.0,297.4861854663691,fechner
929,18_epo,95.0,297.48625327668464,fechner
930,19_epo,3.0,299.3435816945296,fechner
931,19_epo,4.0,299.3435816945296,fechner
932,19_epo,5.0,299.3435816945296,fechner
933,19_epo,6.0,299.3435816945296,fechner
934,19_epo,7.000000000000001,299.3435816945296,fechner
935,19_epo,8.0,299.3435816945296,fechner
936,19_epo,9.0,299.3435816945296,fechner
937,19_epo,10.0,299.3435816945296,fechner
938,19_epo,11.0,299.3435816945296,fechner
939,19_epo,12.0,299.3435816945296,fechner
940,19_epo,13.0,299.3435816945296,fechner
941,19_epo,14.000000000000002,299.3435816945296,fechner
942,19_epo,15.0,299.3435816945296,fechner
943,19_epo,16.0,299.3435816945296,fechner
944,19_epo,17.0,299.3435816945296,fechner
945,19_epo,18.0,299.3435816945296,fechner
946,19_epo,19.0,299.3435816945296,fechner
947,19_epo,20.0,299.3435816945296,fechner
948,19_epo,21.0,299.3435816945296,fechner
949,19_epo,22.0,299.3435816945296,fechner
950,19_epo,23.0,299.3435816945296,fechner
951,19_epo,24.0,299.3435816945296,fechner
952,19_epo,25.0,299.3435816945296,fechner
953,19_epo,26.0,299.3435816945296,fechner
954,19_epo,27.0,299.3435816945296,fechner
955,19_epo,28.000000000000004,299.3435816945296,fechner
956,19_epo,28.999999999999996,299.3435816945296,fechner
957,19_epo,30.0,299.3435816945296,fechner
958,19_epo,31.0,299.3435816945296,fechner
959,19_epo,32.0,299.3435816945296,fechner
960,19_epo,33.0,299.3435816945296,fechner
961,19_epo,34.0,299.3435816945296,fechner
962,19_epo,35.0,299.3435816945296,fechner
963,19_epo,36.0,299.3435816945296,fechner
964,19_epo,37.0,299.3435816945296,fechner
965,19_epo,38.0,299.3435816945296,fechner
966,19_epo,39.0,299.3435816945296,fechner
967,19_epo,40.0,299.3435816945296,fechner
968,19_epo,41.0,299.3435816945296,fechner
969,19_epo,42.0,299.3435816945296,fechner
970,19_epo,43.0,299.3435816945296,fechner
971,19_epo,44.0,299.3435816945296,fechner
972,19_epo,45.0,299.3435816945296,fechner
973,19_epo,46.0,299.3435816945296,fechner
974,19_epo,47.0,299.3435816945296,fechner
975,19_epo,48.0,299.3435816945296,fechner
976,19_epo,49.0,299.3435816945296,fechner
977,19_epo,50.0,299.3435816945296,fechner
978,19_epo,51.0,299.3435816945296,fechner
979,19_epo,52.0,299.3435816945296,fechner
980,19_epo,53.0,299.3435816945296,fechner
981,19_epo,54.0,299.3435816945296,fechner
982,19_epo,55.00000000000001,299.3435816945296,fechner
983,19_epo,56.00000000000001,299.3435816945296,fechner
984,19_epo,56.99999999999999,299.3435816945296,fechner
985,19_epo,57.99999999999999,299.3435816945296,fechner
986,19_epo,59.0,299.3435816945296,fechner
987,19_epo,60.0,299.3435816945296,fechner
988,19_epo,61.0,299.3435816945296,fechner
989,19_epo,62.0,299.3435816945296,fechner
990,19_epo,63.0,299.3435816945296,fechner
991,19_epo,64.0,299.3435816945296,fechner
992,19_epo,65.0,299.3435816945296,fechner
993,19_epo,66.0,299.3435816945296,fechner
994,19_epo,67.0,299.3435816945296,fechner
995,19_epo,68.0,299.3435816945296,fechner
996,19_epo,69.0,299.3435816945296,fechner
997,19_epo,70.0,299.3435816945296,fechner
998,19_epo,71.0,299.3435816945296,fechner
999,19_epo,72.0,299.3435816945296,fechner
1000,19_epo,73.0,299.3435816945296,fechner
1001,19_epo,74.0,299.3435816945296,fechner
1002,19_epo,75.0,299.3435816945296,fechner
1003,19_epo,76.0,299.3435816945296,fechner
1004,19_epo,77.0,299.3435816945296,fechner
1005,19_epo,78.0,299.3435816945296,fechner
1006,19_epo,79.0,299.3435816945296,fechner
1007,19_epo,80.0,299.3435816945296,fechner
1008,19_epo,81.0,299.3435816945296,fechner
1009,19_epo,82.0,299.3435816945296,fechner
1010,19_epo,83.0,299.3435816945296,fechner
1011,19_epo,84.0,299.3435816945296,fechner
1012,19_epo,85.0,299.3435816945296,fechner
1013,19_epo,86.0,299.3435816945296,fechner
1014,19_epo,87.0,299.3435816945296,fechner
1015,19_epo,88.0,299.3435816945296,fechner
1016,19_epo,89.0,299.3435816945296,fechner
1017,19_epo,90.0,299.3435816945296,fechner
1018,19_epo,91.0,299.3435816945296,fechner
1019,19_epo,92.0,299.3435816945296,fechner
1020,19_epo,93.0,299.3435816945296,fechner
1021,19_epo,94.0,299.3435816945296,fechner
1022,19_epo,95.0,299.3435816945296,fechner
1023,1_epo,3.0,231.61146536468434,fechner
1024,1_epo,4.0,236.9131734624499,fechner
1025,1_epo,5.0,241.48104087246466,fechner
1026,1_epo,6.0,245.81863691118448,fechner
1027,1_epo,7.000000000000001,250.04517452481977,fechner
1028,1_epo,8.0,254.20429544055594,fechner
1029,1_epo,9.0,258.3117239294671,fechner
1030,1_epo,10.0,262.36909329811226,fechner
1031,1_epo,11.0,266.3699833040634,fechner
1032,1_epo,12.0,270.3035204082367,fechner
1033,1_epo,13.0,274.15686337547885,fechner
1034,1_epo,14.000000000000002,277.91695304710856,fechner
1035,1_epo,15.0,281.5716883576924,fechner
1036,1_epo,16.0,285.1106467313545,fechner
1037,1_epo,17.0,288.5254553211737,fechner
1038,1_epo,18.0,291.8099082366315,fechner
1039,1_epo,19.0,294.95991010015075,fechner
1040,1_epo,20.0,297.97331000036075,fechner
1041,1_epo,21.0,300.84967434682017,fechner
1042,1_epo,22.0,303.5900335647741,fechner
1043,1_epo,23.0,306.19662649360066,fechner
1044,1_epo,24.0,308.67265776084673,fechner
1045,1_epo,25.0,311.0220770244624,fechner
1046,1_epo,26.0,313.2493844339399,fechner
1047,1_epo,27.0,315.3594635694,fechner
1048,1_epo,28.000000000000004,317.3574411246094,fechner
1049,1_epo,28.999999999999996,319.2485714091875,fechner
1050,1_epo,30.0,321.03814311986247,fechner
1051,1_epo,31.0,322.731405588427,fechner
1052,1_epo,32.0,324.33351171969815,fechner
1053,1_epo,33.0,325.84947498886817,fechner
1054,1_epo,34.0,327.2841381061197,fechner
1055,1_epo,35.0,328.6421512313852,fechner
1056,1_epo,36.0,329.92795790393546,fechner
1057,1_epo,37.0,331.1457871218757,fechner
1058,1_epo,38.0,332.2996502553529,fechner
1059,1_epo,39.0,333.39334169944243,fechner
1060,1_epo,40.0,334.4304423668327,fechner
1061,1_epo,41.0,335.4143252872637,fechner
1062,1_epo,42.0,336.34816272212583,fechner
1063,1_epo,43.0,337.2349343212105,fechner
1064,1_epo,44.0,338.0774359470855,fechner
1065,1_epo,45.0,338.87828887367937,fechner
1066,1_epo,46.0,339.63994913195825,fechner
1067,1_epo,47.0,340.36471682939595,fechner
1068,1_epo,48.0,341.0547453133226,fechner
1069,1_epo,49.0,341.7120500829855,fechner
1070,1_epo,50.0,342.338517382782,fechner
1071,1_epo,51.0,342.93591243092504,fechner
1072,1_epo,52.0,343.505887254869,fechner
1073,1_epo,53.0,344.0499881180459,fechner
1074,1_epo,54.0,344.56966253259236,fechner
1075,1_epo,55.00000000000001,345.06626586040176,fechner
1076,1_epo,56.00000000000001,345.5410675105105,fechner
1077,1_epo,56.99999999999999,345.9952567449343,fechner
1078,1_epo,57.99999999999999,346.4299481079414,fechner
1079,1_epo,59.0,346.846186495653,fechner
1080,1_epo,60.0,347.24495188401403,fechner
1081,1_epo,61.0,347.6271637337527,fechner
1082,1_epo,62.0,347.9936850910805,fechner
1083,1_epo,63.0,348.3453264026965,fechner
1084,1_epo,64.0,348.68284906321844,fechner
1085,1_epo,65.0,349.006968712566,fechner
1086,1_epo,66.0,349.3183583000887,fechner
1087,1_epo,67.0,349.617650931437,fechner
1088,1_epo,68.0,349.9054425133286,fechner
1089,1_epo,69.0,350.1822942104965,fechner
1090,1_epo,70.0,350.44873472824924,fechner
1091,1_epo,71.0,350.7052624332162,fechner
1092,1_epo,72.0,350.9523473240298,fechner
1093,1_epo,73.0,351.1904328629016,fechner
1094,1_epo,74.0,351.4199376782879,fechner
1095,1_epo,75.0,351.6412571481186,fechner
1096,1_epo,76.0,351.8547648723874,fechner
1097,1_epo,77.0,352.0608140432527,fechner
1098,1_epo,78.0,352.25973872020603,fechner
1099,1_epo,79.0,352.45185501729793,fechner
1100,1_epo,80.0,352.63746220889215,fechner
1101,1_epo,81.0,352.81684375992955,fechner
1102,1_epo,82.0,352.9902682862331,fechner
1103,1_epo,83.0,353.1579904499661,fechner
1104,1_epo,84.0,353.3202517949655,fechner
1105,1_epo,85.0,353.4772815263174,fechner
1106,1_epo,86.0,353.62929723820514,fechner
1107,1_epo,87.0,353.77650559375775,fechner
1108,1_epo,88.0,353.9191029603397,fechner
1109,1_epo,89.0,354.05727600346586,fechner
1110,1_epo,90.0,354.19120224228016,fechner
1111,1_epo,91.0,354.32105056931806,fechner
1112,1_epo,92.0,354.44698173706536,fechner
1113,1_epo,93.0,354.569148813638,fechner
1114,1_epo,94.0,354.68769760973345,fechner
1115,1_epo,95.0,354.8027670788433,fechner
1116,20_epo,3.0,245.25353817720367,fechner
1117,20_epo,4.0,249.33319919008338,fechner
1118,20_epo,5.0,252.8479267246558,fechner
1119,20_epo,6.0,256.1831581474255,fechner
1120,20_epo,7.000000000000001,259.42422695552045,fechner
1121,20_epo,8.0,262.59365417625935,fechner
1122,20_epo,9.0,265.69017919114214,fechner
1123,20_epo,10.0,268.7024402554756,fechner
1124,20_epo,11.0,271.61583694494215,fechner
1125,20_epo,12.0,274.4163179701619,fechner
1126,20_epo,13.0,277.0923432001178,fechner
1127,20_epo,14.000000000000002,279.6356900847983,fechner
1128,20_epo,15.0,282.04155330061707,fechner
1129,20_epo,16.0,284.30824824638654,fechner
1130,20_epo,17.0,286.4367260727188,fechner
1131,20_epo,18.0,288.4300312160697,fechner
1132,20_epo,19.0,290.2927777530363,fechner
1133,20_epo,20.0,292.030683977123,fechner
1134,20_epo,21.0,293.6501810709646,fechner
1135,20_epo,22.0,295.1580977375839,fechner
1136,20_epo,23.0,296.56141506270865,fechner
1137,20_epo,24.0,297.86708239202517,fechner
1138,20_epo,25.0,299.08188399245364,fechner
1139,20_epo,26.0,300.212346632857,fechner
1140,20_epo,27.0,301.2646792692484,fechner
1141,20_epo,28.000000000000004,302.2447373291052,fechner
1142,20_epo,28.999999999999996,303.15800541776866,fechner
1143,20_epo,30.0,304.0095934922167,fechner
1144,20_epo,31.0,304.8042426095896,fechner
1145,20_epo,32.0,305.54633724636614,fechner
1146,20_epo,33.0,306.23992190746196,fechner
1147,20_epo,34.0,306.8887203213883,fechner
1148,20_epo,35.0,307.496155970084,fechner
1149,20_epo,36.0,308.0653730520033,fechner
1150,20_epo,37.0,308.5992572443816,fechner
1151,20_epo,38.0,309.10045583243493,fechner
1152,20_epo,39.0,309.5713969238462,fechner
1153,20_epo,40.0,310.0143075778562,fechner
1154,20_epo,41.0,310.43123075888843,fechner
1155,20_epo,42.0,310.8240410821974,fechner
1156,20_epo,43.0,311.19445935925626,fechner
1157,20_epo,44.0,311.5440659778783,fechner
1158,20_epo,45.0,311.87431316979337,fechner
1159,20_epo,46.0,312.1865362291302,fechner
1160,20_epo,47.0,312.48196375095006,fechner
1161,20_epo,48.0,312.7617269610833,fechner
1162,20_epo,49.0,313.02686820813864,fechner
1163,20_epo,50.0,313.2783486864911,fechner
1164,20_epo,51.0,313.5170554559009,fechner
1165,20_epo,52.0,313.743807819606,fechner
1166,20_epo,53.0,313.959363118575,fechner
1167,20_epo,54.0,314.16442199532764,fechner
1168,20_epo,55.00000000000001,314.3596331764704,fechner
1169,20_epo,56.00000000000001,314.54559781897103,fechner
1170,20_epo,56.99999999999999,314.7228734612589,fechner
1171,20_epo,57.99999999999999,314.89197761654117,fechner
1172,20_epo,59.0,315.0533910422747,fechner
1173,20_epo,60.0,315.2075607165533,fechner
1174,20_epo,61.0,315.3549025492416,fechner
1175,20_epo,62.0,315.4958038530106,fechner
1176,20_epo,63.0,315.63062559699824,fechner
1177,20_epo,64.0,315.75970446360003,fechner
1178,20_epo,65.0,315.8833547268972,fechner
1179,20_epo,66.0,316.0018699694127,fechner
1180,20_epo,67.0,316.11552465225344,fechner
1181,20_epo,68.0,316.22457555222144,fechner
1182,20_epo,69.0,316.3292630781478,fechner
1183,20_epo,70.0,316.42981247750834,fechner
1184,20_epo,71.0,316.5264349433038,fechner
1185,20_epo,72.0,316.61932863021775,fechner
1186,20_epo,73.0,316.7086795881986,fechner
1187,20_epo,74.0,316.7946626208244,fechner
1188,20_epo,75.0,316.87744207510826,fechner
1189,20_epo,76.0,316.9571725687681,fechner
1190,20_epo,77.0,317.03399966041246,fechner
1191,20_epo,78.0,317.10806046758364,fechner
1192,20_epo,79.0,317.17948423713545,fechner
1193,20_epo,80.0,317.24839287200655,fechner
1194,20_epo,81.0,317.3149014180782,fechner
1195,20_epo,82.0,317.3791185144615,fechner
1196,20_epo,83.0,317.4411468102602,fechner
1197,20_epo,84.0,317.501083350575,fechner
1198,20_epo,85.0,317.55901993426903,fechner
1199,20_epo,86.0,317.6150434457888,fechner
1200,20_epo,87.0,317.66923616313045,fechner
1201,20_epo,88.0,317.72167604386004,fechner
1202,20_epo,89.0,317.7724369909257,fechner
1203,20_epo,90.0,317.8215890998541,fechner
1204,20_epo,91.0,317.8691988887806,fechner
1205,20_epo,92.0,317.9153295126446,fechner
1206,20_epo,93.0,317.9600409627636,fechner
1207,20_epo,94.0,318.00339025290174,fechner
1208,20_epo,95.0,318.04543159285026,fechner
1209,21_epo,3.0,244.54190912501454,fechner
1210,21_epo,4.0,247.3303169313348,fechner
1211,21_epo,5.0,249.72651956930554,fechner
1212,21_epo,6.0,251.97585112641002,fechner
1213,21_epo,7.000000000000001,254.1113028997059,fechner
1214,21_epo,8.0,256.1265650137484,fechner
1215,21_epo,9.0,258.0088275491769,fechner
1216,21_epo,10.0,259.7487901353836,fechner
1217,21_epo,11.0,261.34309620919726,fechner
1218,21_epo,12.0,262.7938728340172,fechner
1219,21_epo,13.0,264.10733931463835,fechner
1220,21_epo,14.000000000000002,265.29233524538137,fechner
1221,21_epo,15.0,266.35909163871906,fechner
1222,21_epo,16.0,267.31832220641604,fechner
1223,21_epo,17.0,268.1806079229418,fechner
1224,21_epo,18.0,268.95601419507994,fechner
1225,21_epo,19.0,269.6538777254195,fechner
1226,21_epo,20.0,270.2827098873996,fechner
1227,21_epo,21.0,270.8501759085037,fechner
1228,21_epo,22.0,271.36312056721835,fechner
1229,21_epo,23.0,271.82762024476716,fechner
1230,21_epo,24.0,272.2490479773836,fechner
1231,21_epo,25.0,272.63214299244316,fechner
1232,21_epo,26.0,272.98107953513306,fechner
1233,21_epo,27.0,273.2995320115816,fechner
1234,21_epo,28.000000000000004,273.590734917019,fechner
1235,21_epo,28.999999999999996,273.8575369283063,fechner
1236,21_epo,30.0,274.102449094476,fechner
1237,21_epo,31.0,274.3276873790573,fechner
1238,21_epo,32.0,274.53520997736933,fechner
1239,21_epo,33.0,274.7267499066866,fechner
1240,21_epo,34.0,274.90384338422336,fechner
1241,21_epo,35.0,275.0678544913848,fechner
1242,21_epo,36.0,275.21999658811137,fechner
1243,21_epo,37.0,275.3613508980977,fechner
1244,21_epo,38.0,275.4928826401087,fechner
1245,21_epo,39.0,275.61545503599336,fechner
1246,21_epo,40.0,275.72984148422887,fechner
1247,21_epo,41.0,275.83673614980955,fechner
1248,21_epo,42.0,275.93676318736533,fechner
1249,21_epo,43.0,276.0304847844961,fechner
1250,21_epo,44.0,276.1184081862239,fechner
1251,21_epo,45.0,276.20099183885293,fechner
1252,21_epo,46.0,276.2786507720229,fechner
1253,21_epo,47.0,276.35176132097666,fechner
1254,21_epo,48.0,276.42066527668226,fechner
1255,21_epo,49.0,276.48567353913967,fechner
1256,21_epo,50.0,276.54706933866635,fechner
1257,21_epo,51.0,276.60511108095045,fechner
1258,21_epo,52.0,276.66003486395414,fechner
1259,21_epo,53.0,276.712056708162,fechner
1260,21_epo,54.0,276.76137453602735,fechner
1261,21_epo,55.00000000000001,276.8081699316383,fechner
1262,21_epo,56.00000000000001,276.85260970748305,fechner
1263,21_epo,56.99999999999999,276.89484730163764,fechner
1264,21_epo,57.99999999999999,276.9350240256463,fechner
1265,21_epo,59.0,276.97327018073264,fechner
1266,21_epo,60.0,277.00970605771965,fechner
1267,21_epo,61.0,277.0444428340801,fechner
1268,21_epo,62.0,277.0775833798529,fechner
1269,21_epo,63.0,277.10922298270157,fechner
1270,21_epo,64.0,277.13945000112574,fechner
1271,21_epo,65.0,277.16834645373933,fechner
1272,21_epo,66.0,277.1959885515784,fechner
1273,21_epo,67.0,277.2224471795673,fechner
1274,21_epo,68.0,277.2477883325554,fechner
1275,21_epo,69.0,277.2720735106994,fechner
1276,21_epo,70.0,277.295360078422,fechner
1277,21_epo,71.0,277.31770159068816,fechner
1278,21_epo,72.0,277.33914808992347,fechner
1279,21_epo,73.0,277.35974637652527,fechner
1280,21_epo,74.0,277.37954025559,fechner
1281,21_epo,75.0,277.39857076219715,fechner
1282,21_epo,76.0,277.4168763673332,fechner
1283,21_epo,77.0,277.43449316631745,fechner
1284,21_epo,78.0,277.45145505139544,fechner
1285,21_epo,79.0,277.4677938699893,fechner
1286,21_epo,80.0,277.4835395699404,fechner
1287,21_epo,81.0,277.49872033294344,fechner
1288,21_epo,82.0,277.5133626972482,fechner
1289,21_epo,83.0,277.52749167059676,fechner
1290,21_epo,84.0,277.54113083426853,fechner
1291,21_epo,85.0,277.5543024390191,fechner
1292,21_epo,86.0,277.5670274936216,fechner
1293,21_epo,87.0,277.5793258466508,fechner
1294,21_epo,88.0,277.59121626209065,fechner
1295,21_epo,89.0,277.6027164892875,fechner
1296,21_epo,90.0,277.61384332772633,fechner
1297,21_epo,91.0,277.62461268705863,fechner
1298,21_epo,92.0,277.63503964277555,fechner
1299,21_epo,93.0,277.64513848787976,fechner
1300,21_epo,94.0,277.654922780881,fechner
1301,21_epo,95.0,277.6644053904084,fechner
1302,22_epo,3.0,323.26921122338734,fechner
1303,22_epo,4.0,326.17902966437913,fechner
1304,22_epo,5.0,328.63282376893784,fechner
1305,22_epo,6.0,330.8397674410037,fechner
1306,22_epo,7.000000000000001,332.8131934078149,fechner
1307,22_epo,8.0,334.55344495855,fechner
1308,22_epo,9.0,336.07030225234627,fechner
1309,22_epo,10.0,337.38225775793734,fechner
1310,22_epo,11.0,338.512221230071,fechner
1311,22_epo,12.0,339.48399122184344,fechner
1312,22_epo,13.0,340.32011874536164,fechner
1313,22_epo,14.000000000000002,341.04087057602504,fechner
1314,22_epo,15.0,341.66388849575736,fechner
1315,22_epo,16.0,342.20423322694137,fechner
1316,22_epo,17.0,342.67461298261355,fechner
1317,22_epo,18.0,343.085680613438,fechner
1318,22_epo,19.0,343.44633762263317,fechner
1319,22_epo,20.0,343.76401550131953,fechner
1320,22_epo,21.0,344.0449227427201,fechner
1321,22_epo,22.0,344.2942552468034,fechner
1322,22_epo,23.0,344.5163723107635,fechner
1323,22_epo,24.0,344.71494223288965,fechner
1324,22_epo,25.0,344.89306201656086,fechner
1325,22_epo,26.0,345.05335545963885,fechner
1326,22_epo,27.0,345.1980534359713,fechner
1327,22_epo,28.000000000000004,345.3290596179234,fechner
1328,22_epo,28.999999999999996,345.44800434751966,fechner
1329,22_epo,30.0,345.55628887985756,fechner
1330,22_epo,31.0,345.6551218087038,fechner
1331,22_epo,32.0,345.74554913962896,fechner
1332,22_epo,33.0,345.8284791937514,fechner
1333,22_epo,34.0,345.90470329621496,fechner
1334,22_epo,35.0,345.97491301899964,fechner
1335,22_epo,36.0,346.0397145994528,fechner
1336,22_epo,37.0,346.09964103709785,fechner
1337,22_epo,38.0,346.1551622760194,fechner
1338,22_epo,39.0,346.206693803739,fechner
1339,22_epo,40.0,346.2546039361439,fechner
1340,22_epo,41.0,346.29922000868555,fechner
1341,22_epo,42.0,346.340833654275,fechner
1342,22_epo,43.0,346.37970531614974,fechner
1343,22_epo,44.0,346.4160681179343,fechner
1344,22_epo,45.0,346.4501311919443,fechner
1345,22_epo,46.0,346.48208254954073,fechner
1346,22_epo,47.0,346.51209156324177,fechner
1347,22_epo,48.0,346.5403111187502,fechner
1348,22_epo,49.0,346.56687948555907,fechner
1349,22_epo,50.0,346.59192194697073,fechner
1350,22_epo,51.0,346.6155522238932,fechner
1351,22_epo,52.0,346.6378737214123,fechner
1352,22_epo,53.0,346.65898062267695,fechner
1353,22_epo,54.0,346.6789588509151,fechner
1354,22_epo,55.00000000000001,346.69788691728684,fechner
1355,22_epo,56.00000000000001,346.7158366696757,fechner
1356,22_epo,56.99999999999999,346.73287395532645,fechner
1357,22_epo,57.99999999999999,346.74905920839,fechner
1358,22_epo,59.0,346.7644479718787,fechner
1359,22_epo,60.0,346.7790913622096,fechner
1360,22_epo,61.0,346.79303648339544,fechner
1361,22_epo,62.0,346.8063267969853,fechner
1362,22_epo,63.0,346.8190024530442,fechner
1363,22_epo,64.0,346.8311005867646,fechner
1364,22_epo,65.0,346.8426555847036,fechner
1365,22_epo,66.0,346.8536993241333,fechner
1366,22_epo,67.0,346.8642613885435,fechner
1367,22_epo,68.0,346.8743692619633,fechner
1368,22_epo,69.0,346.8840485044337,fechner
1369,22_epo,70.0,346.8933229106842,fechner
1370,22_epo,71.0,346.9022146538162,fechner
1371,22_epo,72.0,346.91074441558385,fechner
1372,22_epo,73.0,346.91893150467615,fechner
1373,22_epo,74.0,346.92679396424205,fechner
1374,22_epo,75.0,346.934348669756,fechner
1375,22_epo,76.0,346.9416114182019,fechner
1376,22_epo,77.0,346.9485970094382,fechner
1377,22_epo,78.0,346.95531932051733,fechner
1378,22_epo,79.0,346.9617913736443,fechner
1379,22_epo,80.0,346.9680253983875,fechner
1380,22_epo,81.0,346.97403288868855,fechner
1381,22_epo,82.0,346.9798246551606,fechner
1382,22_epo,83.0,346.98541087311344,fechner
1383,22_epo,84.0,346.990801126699,fechner
1384,22_epo,85.0,346.99600444952904,fechner
1385,22_epo,86.0,347.0010293620843,fechner
1386,22_epo,87.0,347.0058839061992,fechner
1387,22_epo,88.0,347.01057567688036,fechner
1388,22_epo,89.0,347.01511185169164,fechner
1389,22_epo,90.0,347.0194992179147,fechner
1390,22_epo,91.0,347.0237441976755,fechner
1391,22_epo,92.0,347.0278528712085,fechner
1392,22_epo,93.0,347.0318309984142,fechner
1393,22_epo,94.0,347.0356840388508,fechner
1394,22_epo,95.0,347.03941717028954,fechner
1395,23_epo,3.0,275.49286883907695,fechner
1396,23_epo,4.0,275.49286883907695,fechner
1397,23_epo,5.0,275.49286883907695,fechner
1398,23_epo,6.0,275.49286883907695,fechner
1399,23_epo,7.000000000000001,275.49286883907695,fechner
1400,23_epo,8.0,275.49286883907695,fechner
1401,23_epo,9.0,275.49286883907695,fechner
1402,23_epo,10.0,275.49286883907695,fechner
1403,23_epo,11.0,275.49286883907695,fechner
1404,23_epo,12.0,275.49286883907695,fechner
1405,23_epo,13.0,275.49286883907695,fechner
1406,23_epo,14.000000000000002,275.49286883907695,fechner
1407,23_epo,15.0,275.49286883907695,fechner
1408,23_epo,16.0,275.49286883907695,fechner
1409,23_epo,17.0,275.49286883907695,fechner
1410,23_epo,18.0,275.49286883907695,fechner
1411,23_epo,19.0,275.49286883907695,fechner
1412,23_epo,20.0,275.49286883907695,fechner
1413,23_epo,21.0,275.49286883907695,fechner
1414,23_epo,22.0,275.49286883907695,fechner
1415,23_epo,23.0,275.49286883907695,fechner
1416,23_epo,24.0,275.49286883907695,fechner
1417,23_epo,25.0,275.49286883907695,fechner
1418,23_epo,26.0,275.49286883907695,fechner
1419,23_epo,27.0,275.49286883907695,fechner
1420,23_epo,28.000000000000004,275.49286883907695,fechner
1421,23_epo,28.999999999999996,275.49286883907695,fechner
1422,23_epo,30.0,275.49286883907695,fechner
1423,23_epo,31.0,275.49286883907695,fechner
1424,23_epo,32.0,275.49286883907695,fechner
1425,23_epo,33.0,275.49286883907695,fechner
1426,23_epo,34.0,275.49286883907695,fechner
1427,23_epo,35.0,275.49286883907695,fechner
1428,23_epo,36.0,275.49286883907695,fechner
1429,23_epo,37.0,275.49286883907695,fechner
1430,23_epo,38.0,275.49286883907695,fechner
1431,23_epo,39.0,275.49286883907695,fechner
1432,23_epo,40.0,275.49286883907695,fechner
1433,23_epo,41.0,275.49286883907695,fechner
1434,23_epo,42.0,275.49286883907695,fechner
1435,23_epo,43.0,275.49286883907695,fechner
1436,23_epo,44.0,275.49286883907695,fechner
1437,23_epo,45.0,275.49286883907695,fechner
1438,23_epo,46.0,275.49286883907695,fechner
1439,23_epo,47.0,275.49286883907695,fechner
1440,23_epo,48.0,275.49286883907695,fechner
1441,23_epo,49.0,275.49286883907695,fechner
1442,23_epo,50.0,275.49286883907695,fechner
1443,23_epo,51.0,275.49286883907695,fechner
1444,23_epo,52.0,275.49286883907695,fechner
1445,23_epo,53.0,275.49286883907695,fechner
1446,23_epo,54.0,275.49286883907695,fechner
1447,23_epo,55.00000000000001,275.49286883907695,fechner
1448,23_epo,56.00000000000001,275.49286883907695,fechner
1449,23_epo,56.99999999999999,275.49286883907695,fechner
1450,23_epo,57.99999999999999,275.49286883907695,fechner
1451,23_epo,59.0,275.49286883907695,fechner
1452,23_epo,60.0,275.49286883907695,fechner
1453,23_epo,61.0,275.49286883907695,fechner
1454,23_epo,62.0,275.49286883907695,fechner
1455,23_epo,63.0,275.49286883907695,fechner
1456,23_epo,64.0,275.49286883907695,fechner
1457,23_epo,65.0,275.49286883907695,fechner
1458,23_epo,66.0,275.49286883907695,fechner
1459,23_epo,67.0,275.49286883907695,fechner
1460,23_epo,68.0,275.49286883907695,fechner
1461,23_epo,69.0,275.49286883907695,fechner
1462,23_epo,70.0,275.49286883907695,fechner
1463,23_epo,71.0,275.49286883907695,fechner
1464,23_epo,72.0,275.49286883907695,fechner
1465,23_epo,73.0,275.49286883907695,fechner
1466,23_epo,74.0,275.49286883907695,fechner
1467,23_epo,75.0,275.49286883907695,fechner
1468,23_epo,76.0,275.49286883907695,fechner
1469,23_epo,77.0,275.49286883907695,fechner
1470,23_epo,78.0,275.49286883907695,fechner
1471,23_epo,79.0,275.49286883907695,fechner
1472,23_epo,80.0,275.49286883907695,fechner
1473,23_epo,81.0,275.49286883907695,fechner
1474,23_epo,82.0,275.49286883907695,fechner
1475,23_epo,83.0,275.49286883907695,fechner
1476,23_epo,84.0,275.49286883907695,fechner
1477,23_epo,85.0,275.49286883907695,fechner
1478,23_epo,86.0,275.49286883907695,fechner
1479,23_epo,87.0,275.49286883907695,fechner
1480,23_epo,88.0,275.49286883907695,fechner
1481,23_epo,89.0,275.49286883907695,fechner
1482,23_epo,90.0,275.49286883907695,fechner
1483,23_epo,91.0,275.49286883907695,fechner
1484,23_epo,92.0,275.49286883907695,fechner
1485,23_epo,93.0,275.49286883907695,fechner
1486,23_epo,94.0,275.49286883907695,fechner
1487,23_epo,95.0,275.49286883907695,fechner
1488,24_epo,3.0,462.61532743081324,fechner
1489,24_epo,4.0,476.35176961684897,fechner
1490,24_epo,5.0,488.1712057804129,fechner
1491,24_epo,6.0,499.3173491541214,fechner
1492,24_epo,7.000000000000001,509.9902593816387,fechner
1493,24_epo,8.0,520.1806585202562,fechner
1494,24_epo,9.0,529.827896979019,fechner
1495,24_epo,10.0,538.8739346802704,fechner
1496,24_epo,11.0,547.2819101680544,fechner
1497,24_epo,12.0,555.0393622912281,fechner
1498,24_epo,13.0,562.1549878754951,fechner
1499,24_epo,14.000000000000002,568.653318260117,fechner
1500,24_epo,15.0,574.5693925095725,fechner
1501,24_epo,16.0,579.9442747807893,fechner
1502,24_epo,17.0,584.8216355531337,fechner
1503,24_epo,18.0,589.2453275028636,fechner
1504,24_epo,19.0,593.2577794043161,fechner
1505,24_epo,20.0,596.899013754023,fechner
1506,24_epo,21.0,600.2061149608021,fechner
1507,24_epo,22.0,603.2130085995593,fechner
1508,24_epo,23.0,605.9504460075948,fechner
1509,24_epo,24.0,608.4461174709296,fechner
1510,24_epo,25.0,610.7248401505583,fechner
1511,24_epo,26.0,612.8087841148713,fechner
1512,24_epo,27.0,614.7177123388368,fechner
1513,24_epo,28.000000000000004,616.4692193549143,fechner
1514,24_epo,28.999999999999996,618.078959329863,fechner
1515,24_epo,30.0,619.5608584511698,fechner
1516,24_epo,31.0,620.927309215062,fechner
1517,24_epo,32.0,622.1893459423869,fechner
1518,24_epo,33.0,623.3568019172479,fechner
1519,24_epo,34.0,624.4384491643293,fechner
1520,24_epo,35.0,625.4421222065139,fechner
1521,24_epo,36.0,626.3748272794484,fechner
1522,24_epo,37.0,627.2428384953863,fechner
1523,24_epo,38.0,628.0517823927826,fechner
1524,24_epo,39.0,628.8067122123597,fechner
1525,24_epo,40.0,629.5121731252784,fechner
1526,24_epo,41.0,630.1722595176617,fechner
1527,24_epo,42.0,630.790665316037,fechner
1528,24_epo,43.0,631.3707282249079,fechner
1529,24_epo,44.0,631.9154686430924,fechner
1530,24_epo,45.0,632.4276239307289,fechner
1531,24_epo,46.0,632.9096786141002,fechner
1532,24_epo,47.0,633.3638910403249,fechner
1533,24_epo,48.0,633.7923169278695,fechner
1534,24_epo,49.0,634.1968302009416,fechner
1535,24_epo,50.0,634.5791414453206,fechner
1536,24_epo,51.0,634.9408142792341,fechner
1537,24_epo,52.0,635.2832798947132,fechner
1538,24_epo,53.0,635.6078499917521,fechner
1539,24_epo,54.0,635.9157282988978,fechner
1540,24_epo,55.00000000000001,636.2080208490299,fechner
1541,24_epo,56.00000000000001,636.4857451575501,fechner
1542,24_epo,56.99999999999999,636.749838431532,fechner
1543,24_epo,57.99999999999999,637.0011649222058,fechner
1544,24_epo,59.0,637.2405225191102,fechner
1545,24_epo,60.0,637.4686486720694,fechner
1546,24_epo,61.0,637.6862257165662,fechner
1547,24_epo,62.0,637.893885668884,fechner
1548,24_epo,63.0,638.0922145493814,fechner
1549,24_epo,64.0,638.2817562852879,fechner
1550,24_epo,65.0,638.4630162383204,fechner
1551,24_epo,66.0,638.6364643971144,fechner
1552,24_epo,67.0,638.8025382698082,fechner
1553,24_epo,68.0,638.9616455080627,fechner
1554,24_epo,69.0,639.1141662902284,fechner
1555,24_epo,70.0,639.2604554882528,fechner
1556,24_epo,71.0,639.4008446401683,fechner
1557,24_epo,72.0,639.5356437475914,fechner
1558,24_epo,73.0,639.6651429155316,fechner
1559,24_epo,74.0,639.7896138499399,fechner
1560,24_epo,75.0,639.909311226764,fechner
1561,24_epo,76.0,640.0244739448196,fechner
1562,24_epo,77.0,640.1353262734908,fechner
1563,24_epo,78.0,640.2420789051238,fechner
1564,24_epo,79.0,640.3449299209628,fechner
1565,24_epo,80.0,640.4440656785736,fechner
1566,24_epo,81.0,640.5396616278931,fechner
1567,24_epo,82.0,640.6318830623335,fechner
1568,24_epo,83.0,640.720885810728,fechner
1569,24_epo,84.0,640.8068168753379,fechner
1570,24_epo,85.0,640.8898150206344,fechner
1571,24_epo,86.0,640.970011317112,fechner
1572,24_epo,87.0,641.0475296439863,fechner
1573,24_epo,88.0,641.1224871542607,fechner
1574,24_epo,89.0,641.194994705329,fechner
1575,24_epo,90.0,641.2651572579745,fechner
1576,24_epo,91.0,641.3330742463739,fechner
1577,24_epo,92.0,641.3988399214735,fechner
1578,24_epo,93.0,641.462543669886,fechner
1579,24_epo,94.0,641.5242703102757,fechner
1580,24_epo,95.0,641.5841003690119,fechner
1581,25_epo,3.0,210.76837881929757,fechner
1582,25_epo,4.0,213.82091439149474,fechner
1583,25_epo,5.0,216.4476252367097,fechner
1584,25_epo,6.0,218.92536703681412,fechner
1585,25_epo,7.000000000000001,221.29917469729892,fechner
1586,25_epo,8.0,223.5673854282482,fechner
1587,25_epo,9.0,225.71664534306166,fechner
1588,25_epo,10.0,227.73394417945246,fechner
1589,25_epo,11.0,229.610827879139,fechner
1590,25_epo,12.0,231.34419709774946,fechner
1591,25_epo,13.0,232.93564720468328,fechner
1592,25_epo,14.000000000000002,234.3903220448683,fechner
1593,25_epo,15.0,235.71574805556628,fechner
1594,25_epo,16.0,236.92084321044172,fechner
1595,25_epo,17.0,238.01515486302705,fechner
1596,25_epo,18.0,239.00831488155285,fechner
1597,25_epo,19.0,239.90967524075907,fechner
1598,25_epo,20.0,240.7280822787387,fechner
1599,25_epo,21.0,241.47175183519715,fechner
1600,25_epo,22.0,242.14821454138067,fechner
1601,25_epo,23.0,242.76430779955902,fechner
1602,25_epo,24.0,243.32619730722075,fechner
1603,25_epo,25.0,243.83941602142613,fechner
1604,25_epo,26.0,244.30891227486953,fechner
1605,25_epo,27.0,244.73910154175954,fechner
1606,25_epo,28.000000000000004,245.13391833095278,fechner
1607,25_epo,28.999999999999996,245.49686605734385,fechner
1608,25_epo,30.0,245.83106367507168,fechner
1609,25_epo,31.0,246.1392884748214,fechner
1610,25_epo,32.0,246.4240148469806,fechner
1611,25_epo,33.0,246.68744906125283,fechner
1612,25_epo,34.0,246.93156026033765,fechner
1613,25_epo,35.0,247.1581079446704,fechner
1614,25_epo,36.0,247.36866626061806,fechner
1615,25_epo,37.0,247.5646454121287,fechner
1616,25_epo,38.0,247.74731050653585,fechner
1617,25_epo,39.0,247.9177981262836,fechner
1618,25_epo,40.0,248.07713089451693,fechner
1619,25_epo,41.0,248.22623027681266,fechner
1620,25_epo,42.0,248.36592783569222,fechner
1621,25_epo,43.0,248.4969751300781,fechner
1622,25_epo,44.0,248.6200524291328,fechner
1623,25_epo,45.0,248.73577638923987,fechner
1624,25_epo,46.0,248.84470682432087,fechner
1625,25_epo,47.0,248.94735268318092,fechner
1626,25_epo,48.0,249.04417733301585,fechner
1627,25_epo,49.0,249.13560323543814,fechner
1628,25_epo,50.0,249.22201609021033,fechner
1629,25_epo,51.0,249.30376851214152,fechner
1630,25_epo,52.0,249.38118329813844,fechner
1631,25_epo,53.0,249.45455633404987,fechner
1632,25_epo,54.0,249.52415918456427,fechner
1633,25_epo,55.00000000000001,249.59024140388857,fechner
1634,25_epo,56.00000000000001,249.6530326001381,fechner
1635,25_epo,56.99999999999999,249.7127442822075,fechner
1636,25_epo,57.99999999999999,249.76957151428397,fechner
1637,25_epo,59.0,249.82369440003032,fechner
1638,25_epo,60.0,249.87527941574575,fechner
1639,25_epo,61.0,249.9244806094473,fechner
1640,25_epo,62.0,249.97144068075713,fechner
1641,25_epo,63.0,250.01629195469022,fechner
1642,25_epo,64.0,250.05915726087503,fechner
1643,25_epo,65.0,250.1001507283769,fechner
1644,25_epo,66.0,250.1393785051052,fechner
1645,25_epo,67.0,250.1769394097423,fechner
1646,25_epo,68.0,250.212925523222,fechner
1647,25_epo,69.0,250.24742272598698,fechner
1648,25_epo,70.0,250.2805111865517,fechner
1649,25_epo,71.0,250.3122658062822,fechner
1650,25_epo,72.0,250.342756624763,fechner
1651,25_epo,73.0,250.37204918964107,fechner
1652,25_epo,74.0,250.4002048944182,fechner
1653,25_epo,75.0,250.42728128729135,fechner
1654,25_epo,76.0,250.45333235380863,fechner
1655,25_epo,77.0,250.47840877582183,fechner
1656,25_epo,78.0,250.502558168956,fechner
1657,25_epo,79.0,250.52582530058703,fechner
1658,25_epo,80.0,250.5482522901189,fechner
1659,25_epo,81.0,250.569878793166,fechner
1660,25_epo,82.0,250.5907421710905,fechner
1661,25_epo,83.0,250.6108776471973,fechner
1662,25_epo,84.0,250.630318450763,fechner
1663,25_epo,85.0,250.64909594996132,fechner
1664,25_epo,86.0,250.66723977464372,fechner
1665,25_epo,87.0,250.6847779298444,fechner
1666,25_epo,88.0,250.7017369007944,fechner
1667,25_epo,89.0,250.718141750159,fechner
1668,25_epo,90.0,250.73401620814371,fechner
1669,25_epo,91.0,250.74938275605675,fechner
1670,25_epo,92.0,250.7642627038611,fechner
1671,25_epo,93.0,250.77867626220262,fechner
1672,25_epo,94.0,250.79264260935545,fechner
1673,25_epo,95.0,250.80617995348874,fechner
1674,2_epo,3.0,237.1715050656012,fechner
1675,2_epo,4.0,245.61765502338093,fechner
1676,2_epo,5.0,252.7452758581552,fechner
1677,2_epo,6.0,259.16432247812924,fechner
1678,2_epo,7.000000000000001,264.913319415263,fechner
1679,2_epo,8.0,269.99129110909246,fechner
1680,2_epo,9.0,274.42421953497603,fechner
1681,2_epo,10.0,278.26368318255766,fechner
1682,2_epo,11.0,281.5746345188501,fechner
1683,2_epo,12.0,284.4251432670757,fechner
1684,2_epo,13.0,286.88008524277217,fechner
1685,2_epo,14.000000000000002,288.99801035925054,fechner
1686,2_epo,15.0,290.83005000718833,fechner
1687,2_epo,16.0,292.41996750904354,fechner
1688,2_epo,17.0,293.8047681537848,fechner
1689,2_epo,18.0,295.0155265925999,fechner
1690,2_epo,19.0,296.07824715649446,fechner
1691,2_epo,20.0,297.0146671466366,fechner
1692,2_epo,21.0,297.8429662672605,fechner
1693,2_epo,22.0,298.5783734614565,fechner
1694,2_epo,23.0,299.2336761219097,fechner
1695,2_epo,24.0,299.81964245409404,fechner
1696,2_epo,25.0,300.34536943161095,fechner
1697,2_epo,26.0,300.8185684162009,fechner
1698,2_epo,27.0,301.2457992672689,fechner
1699,2_epo,28.000000000000004,301.6326622373657,fechner
1700,2_epo,28.999999999999996,301.9839554361454,fechner
1701,2_epo,30.0,302.30380427648066,fechner
1702,2_epo,31.0,302.5957681373851,fechner
1703,2_epo,32.0,302.86292849139096,fechner
1704,2_epo,33.0,303.1079619321915,fechner
1705,2_epo,34.0,303.33320087788405,fechner
1706,2_epo,35.0,303.5406841914722,fechner
1707,2_epo,36.0,303.73219953074835,fechner
1708,2_epo,37.0,303.9093188946644,fechner
1709,2_epo,38.0,304.07342855633453,fechner
1710,2_epo,39.0,304.2257543503983,fechner
1711,2_epo,40.0,304.36738310365683,fechner
1712,2_epo,41.0,304.4992808538984,fechner
1713,2_epo,42.0,304.6223083856327,fechner
1714,2_epo,43.0,304.7372345174707,fechner
1715,2_epo,44.0,304.8447474996807,fechner
1716,2_epo,45.0,304.9454648184895,fechner
1717,2_epo,46.0,305.03994165318414,fechner
1718,2_epo,47.0,305.12867819076297,fechner
1719,2_epo,48.0,305.21212596902086,fechner
1720,2_epo,49.0,305.29069339109947,fechner
1721,2_epo,50.0,305.3647505315661,fechner
1722,2_epo,51.0,305.43463333508674,fechner
1723,2_epo,52.0,305.5006472930023,fechner
1724,2_epo,53.0,305.5630706700099,fechner
1725,2_epo,54.0,305.6221573422209,fechner
1726,2_epo,55.00000000000001,305.6781392987243,fechner
1727,2_epo,56.00000000000001,305.73122885111883,fechner
1728,2_epo,56.99999999999999,305.7816205890287,fechner
1729,2_epo,57.99999999999999,305.82949311418963,fechner
1730,2_epo,59.0,305.87501058109495,fechner
1731,2_epo,60.0,305.9183240683067,fechner
1732,2_epo,61.0,305.9595728012305,fechner
1733,2_epo,62.0,305.99888524434505,fechner
1734,2_epo,63.0,306.0363800784754,fechner
1735,2_epo,64.0,306.07216707665094,fechner
1736,2_epo,65.0,306.1063478903313,fechner
1737,2_epo,66.0,306.1390167562736,fechner
1738,2_epo,67.0,306.170261133017,fechner
1739,2_epo,68.0,306.2001622748383,fechner
1740,2_epo,69.0,306.2287957500696,fechner
1741,2_epo,70.0,306.2562319098246,fechner
1742,2_epo,71.0,306.2825363124601,fechner
1743,2_epo,72.0,306.3077701084639,fechner
1744,2_epo,73.0,306.33199038991097,fechner
1745,2_epo,74.0,306.355250508153,fechner
1746,2_epo,75.0,306.3776003629834,fechner
1747,2_epo,76.0,306.3990866661581,fechner
1748,2_epo,77.0,306.4197531818268,fechner
1749,2_epo,78.0,306.43964094615046,fechner
1750,2_epo,79.0,306.45878846813093,fechner
1751,2_epo,80.0,306.47723191346114,fechner
1752,2_epo,81.0,306.49500527301126,fechner
1753,2_epo,82.0,306.51214051739504,fechner
1754,2_epo,83.0,306.528667738912,fechner
1755,2_epo,84.0,306.5446152820263,fechner
1756,2_epo,85.0,306.56000986342355,fechner
1757,2_epo,86.0,306.57487668258557,fechner
1758,2_epo,87.0,306.58923952372464,fechner
1759,2_epo,88.0,306.6031208498402,fechner
1760,2_epo,89.0,306.61654188958175,fechner
1761,2_epo,90.0,306.6295227175406,fechner
1762,2_epo,91.0,306.64208232852957,fechner
1763,2_epo,92.0,306.6542387063582,fechner
1764,2_epo,93.0,306.666008887565,fechner
1765,2_epo,94.0,306.67740902052185,fechner
1766,2_epo,95.0,306.68845442029124,fechner
1767,3_epo,3.0,396.7158045357227,fechner
1768,3_epo,4.0,396.71580453771924,fechner
1769,3_epo,5.0,396.7158045382424,fechner
1770,3_epo,6.0,396.71580453847514,fechner
1771,3_epo,7.000000000000001,396.71580453860213,fechner
1772,3_epo,8.0,396.7158045386799,fechner
1773,3_epo,9.0,396.7158045387312,fechner
1774,3_epo,10.0,396.7158045387671,fechner
1775,3_epo,11.0,396.71580453879307,fechner
1776,3_epo,12.0,396.7158045388126,fechner
1777,3_epo,13.0,396.7158045388276,fechner
1778,3_epo,14.000000000000002,396.7158045388395,fechner
1779,3_epo,15.0,396.715804538849,fechner
1780,3_epo,16.0,396.71580453885673,fechner
1781,3_epo,17.0,396.71580453886315,fechner
1782,3_epo,18.0,396.71580453886844,fechner
1783,3_epo,19.0,396.71580453887293,fechner
1784,3_epo,20.0,396.7158045388768,fechner
1785,3_epo,21.0,396.71580453888004,fechner
1786,3_epo,22.0,396.7158045388829,fechner
1787,3_epo,23.0,396.7158045388854,fechner
1788,3_epo,24.0,396.71580453888754,fechner
1789,3_epo,25.0,396.7158045388894,fechner
1790,3_epo,26.0,396.7158045388912,fechner
1791,3_epo,27.0,396.71580453889266,fechner
1792,3_epo,28.000000000000004,396.71580453889396,fechner
1793,3_epo,28.999999999999996,396.7158045388952,fechner
1794,3_epo,30.0,396.71580453889635,fechner
1795,3_epo,31.0,396.7158045388973,fechner
1796,3_epo,32.0,396.7158045388982,fechner
1797,3_epo,33.0,396.71580453889896,fechner
1798,3_epo,34.0,396.71580453889976,fechner
1799,3_epo,35.0,396.71580453890044,fechner
1800,3_epo,36.0,396.71580453890107,fechner
1801,3_epo,37.0,396.71580453890164,fechner
1802,3_epo,38.0,396.71580453890215,fechner
1803,3_epo,39.0,396.71580453890266,fechner
1804,3_epo,40.0,396.7158045389031,fechner
1805,3_epo,41.0,396.7158045389035,fechner
1806,3_epo,42.0,396.7158045389039,fechner
1807,3_epo,43.0,396.71580453890425,fechner
1808,3_epo,44.0,396.7158045389046,fechner
1809,3_epo,45.0,396.71580453890493,fechner
1810,3_epo,46.0,396.7158045389052,fechner
1811,3_epo,47.0,396.7158045389055,fechner
1812,3_epo,48.0,396.7158045389058,fechner
1813,3_epo,49.0,396.71580453890596,fechner
1814,3_epo,50.0,396.71580453890624,fechner
1815,3_epo,51.0,396.71580453890647,fechner
1816,3_epo,52.0,396.71580453890664,fechner
1817,3_epo,53.0,396.71580453890687,fechner
1818,3_epo,54.0,396.71580453890704,fechner
1819,3_epo,55.00000000000001,396.7158045389072,fechner
1820,3_epo,56.00000000000001,396.7158045389074,fechner
1821,3_epo,56.99999999999999,396.71580453890755,fechner
1822,3_epo,57.99999999999999,396.71580453890766,fechner
1823,3_epo,59.0,396.71580453890783,fechner
1824,3_epo,60.0,396.71580453890795,fechner
1825,3_epo,61.0,396.71580453890806,fechner
1826,3_epo,62.0,396.7158045389082,fechner
1827,3_epo,63.0,396.7158045389083,fechner
1828,3_epo,64.0,396.7158045389084,fechner
1829,3_epo,65.0,396.7158045389085,fechner
1830,3_epo,66.0,396.71580453890857,fechner
1831,3_epo,67.0,396.7158045389087,fechner
1832,3_epo,68.0,396.7158045389088,fechner
1833,3_epo,69.0,396.71580453890886,fechner
1834,3_epo,70.0,396.71580453890897,fechner
1835,3_epo,71.0,396.715804538909,fechner
1836,3_epo,72.0,396.7158045389091,fechner
1837,3_epo,73.0,396.7158045389092,fechner
1838,3_epo,74.0,396.71580453890925,fechner
1839,3_epo,75.0,396.7158045389093,fechner
1840,3_epo,76.0,396.71580453890937,fechner
1841,3_epo,77.0,396.7158045389095,fechner
1842,3_epo,78.0,396.71580453890954,fechner
1843,3_epo,79.0,396.7158045389096,fechner
1844,3_epo,80.0,396.71580453890965,fechner
1845,3_epo,81.0,396.7158045389097,fechner
1846,3_epo,82.0,396.71580453890977,fechner
1847,3_epo,83.0,396.71580453890977,fechner
1848,3_epo,84.0,396.7158045389098,fechner
1849,3_epo,85.0,396.7158045389099,fechner
1850,3_epo,86.0,396.71580453890994,fechner
1851,3_epo,87.0,396.71580453891,fechner
1852,3_epo,88.0,396.71580453891,fechner
1853,3_epo,89.0,396.71580453891005,fechner
1854,3_epo,90.0,396.7158045389101,fechner
1855,3_epo,91.0,396.71580453891016,fechner
1856,3_epo,92.0,396.71580453891016,fechner
1857,3_epo,93.0,396.7158045389102,fechner
1858,3_epo,94.0,396.7158045389102,fechner
1859,3_epo,95.0,396.7158045389103,fechner
1860,4_epo,3.0,278.230196106709,fechner
1861,4_epo,4.0,281.1423266108579,fechner
1862,4_epo,5.0,283.6467271019535,fechner
1863,4_epo,6.0,286.00374113210506,fechner
1864,4_epo,7.000000000000001,288.25199710651395,fechner
1865,4_epo,8.0,290.38712402222075,fechner
1866,4_epo,9.0,292.39574157482826,fechner
1867,4_epo,10.0,294.2665382590306,fechner
1868,4_epo,11.0,295.9935912996009,fechner
1869,4_epo,12.0,297.57650066794446,fechner
1870,4_epo,13.0,299.01932094359546,fechner
1871,4_epo,14.000000000000002,300.3292156393851,fechner
1872,4_epo,15.0,301.51523372449867,fechner
1873,4_epo,16.0,302.58734394172217,fechner
1874,4_epo,17.0,303.55573834627006,fechner
1875,4_epo,18.0,304.43036636754283,fechner
1876,4_epo,19.0,305.220647319607,fechner
1877,4_epo,20.0,305.9353122493242,fechner
1878,4_epo,21.0,306.5823348028859,fechner
1879,4_epo,22.0,307.16892045259914,fechner
1880,4_epo,23.0,307.70153192825836,fechner
1881,4_epo,24.0,308.185935452275,fechner
1882,4_epo,25.0,308.6272574320349,fechner
1883,4_epo,26.0,309.03004489526853,fechner
1884,4_epo,27.0,309.3983254864377,fechner
1885,4_epo,28.000000000000004,309.73566456282526,fechner
1886,4_epo,28.999999999999996,310.0452180701194,fechner
1887,4_epo,30.0,310.32978061441725,fechner
1888,4_epo,31.0,310.59182860867656,fechner
1889,4_epo,32.0,310.83355864754225,fechner
1890,4_epo,33.0,311.05692141834993,fechner
1891,4_epo,34.0,311.26365153127074,fechner
1892,4_epo,35.0,311.4552936772417,fechner
1893,4_epo,36.0,311.63322551802435,fechner
1894,4_epo,37.0,311.79867769124434,fechner
1895,4_epo,38.0,311.9527512828603,fechner
1896,4_epo,39.0,312.09643308540626,fechner
1897,4_epo,40.0,312.23060892575114,fechner
1898,4_epo,41.0,312.3560753128857,fechner
1899,4_epo,42.0,312.47354962540385,fechner
1900,4_epo,43.0,312.58367903034946,fechner
1901,4_epo,44.0,312.68704830008494,fechner
1902,4_epo,45.0,312.7841866717341,fechner
1903,4_epo,46.0,312.87557387437556,fechner
1904,4_epo,47.0,312.96164543227565,fechner
1905,4_epo,48.0,313.04279733779777,fechner
1906,4_epo,49.0,313.11939017494274,fechner
1907,4_epo,50.0,313.1917527635316,fechner
1908,4_epo,51.0,313.2601853846044,fechner
1909,4_epo,52.0,313.32496263947644,fechner
1910,4_epo,53.0,313.38633598789806,fechner
1911,4_epo,54.0,313.444536004732,fechner
1912,4_epo,55.00000000000001,313.4997743893742,fechner
1913,4_epo,56.00000000000001,313.5522457576708,fechner
1914,4_epo,56.99999999999999,313.60212924222606,fechner
1915,4_epo,57.99999999999999,313.6495899236705,fechner
1916,4_epo,59.0,313.69478011258167,fechner
1917,4_epo,60.0,313.73784049926826,fechner
1918,4_epo,61.0,313.7789011864736,fechner
1919,4_epo,62.0,313.81808261819356,fechner
1920,4_epo,63.0,313.85549641618627,fechner
1921,4_epo,64.0,313.8912461343452,fechner
1922,4_epo,65.0,313.925427939886,fechner
1923,4_epo,66.0,313.95813122923374,fechner
1924,4_epo,67.0,313.989439185568,fechner
1925,4_epo,68.0,314.0194292841746,fechner
1926,4_epo,69.0,314.0481737510403,fechner
1927,4_epo,70.0,314.07573997951243,fechner
1928,4_epo,71.0,314.10219090929485,fechner
1929,4_epo,72.0,314.1275853715778,fechner
1930,4_epo,73.0,314.1519784036788,fechner
1931,4_epo,74.0,314.1754215362011,fechner
1932,4_epo,75.0,314.197963055391,fechner
1933,4_epo,76.0,314.2196482430887,fechner
1934,4_epo,77.0,314.2405195964108,fechner
1935,4_epo,78.0,314.2606170290806,fechner
1936,4_epo,79.0,314.2799780561217,fechner
1937,4_epo,80.0,314.29863796345376,fechner
1938,4_epo,81.0,314.31662996377236,fechner
1939,4_epo,82.0,314.33398533995666,fechner
1940,4_epo,83.0,314.3507335771224,fechner
1941,4_epo,84.0,314.36690248432876,fechner
1942,4_epo,85.0,314.3825183068481,fechner
1943,4_epo,86.0,314.3976058298196,fechner
1944,4_epo,87.0,314.4121884740289,fechner
1945,4_epo,88.0,314.42628838448496,fechner
1946,4_epo,89.0,314.4399265124031,fechner
1947,4_epo,90.0,314.453122691145,fechner
1948,4_epo,91.0,314.46589570661615,fechner
1949,4_epo,92.0,314.47826336257583,fechner
1950,4_epo,93.0,314.49024254127283,fechner
1951,4_epo,94.0,314.5018492597825,fechner
1952,4_epo,95.0,314.51309872238886,fechner
1953,5_epo,3.0,187.11613638680484,fechner
1954,5_epo,4.0,209.80941137930267,fechner
1955,5_epo,5.0,227.4676251285724,fechner
1956,5_epo,6.0,241.71613515604668,fechner
1957,5_epo,7.000000000000001,253.12217475309956,fechner
1958,5_epo,8.0,262.2100191402597,fechner
1959,5_epo,9.0,269.458698872983,fechner
1960,5_epo,10.0,275.2699546533064,fechner
1961,5_epo,11.0,279.9633683349878,fechner
1962,5_epo,12.0,283.7863265243818,fechner
1963,5_epo,13.0,286.9280616421689,fechner
1964,5_epo,14.000000000000002,289.53289425908736,fechner
1965,5_epo,15.0,291.71113865828937,fechner
1966,5_epo,16.0,293.5475569731723,fechner
1967,5_epo,17.0,295.1077272198491,fechner
1968,5_epo,18.0,296.44277878804223,fechner
1969,5_epo,19.0,297.59289947823646,fechner
1970,5_epo,20.0,298.5899351635605,fechner
1971,5_epo,21.0,299.4593243511885,fechner
1972,5_epo,22.0,300.2215459398794,fechner
1973,5_epo,23.0,300.8932098841154,fechner
1974,5_epo,24.0,301.4878847524334,fechner
1975,5_epo,25.0,302.01673031268615,fechner
1976,5_epo,26.0,302.4889846894401,fechner
1977,5_epo,27.0,302.9123422950155,fechner
1978,5_epo,28.000000000000004,303.293249139448,fechner
1979,5_epo,28.999999999999996,303.63713519734625,fechner
1980,5_epo,30.0,303.9485984837831,fechner
1981,5_epo,31.0,304.23155182387416,fechner
1982,5_epo,32.0,304.48934060769017,fechner
1983,5_epo,33.0,304.7248378318291,fechner
1984,5_epo,34.0,304.94052124829733,fechner
1985,5_epo,35.0,305.1385363325402,fechner
1986,5_epo,36.0,305.3207479467266,fechner
1987,5_epo,37.0,305.4887829404356,fechner
1988,5_epo,38.0,305.6440654469921,fechner
1989,5_epo,39.0,305.78784626208846,fechner
1990,5_epo,40.0,305.9212274042623,fechner
1991,5_epo,41.0,306.0451827337745,fechner
1992,5_epo,42.0,306.16057533219987,fechner
1993,5_epo,43.0,306.2681722082016,fechner
1994,5_epo,44.0,306.3686567869285,fechner
1995,5_epo,45.0,306.4626395547637,fechner
1996,5_epo,46.0,306.5506671628203,fechner
1997,5_epo,47.0,306.63323023785165,fechner
1998,5_epo,48.0,306.71077010521583,fechner
1999,5_epo,49.0,306.7836845929539,fechner
2000,5_epo,50.0,306.8523330571798,fechner
2001,5_epo,51.0,306.91704074546413,fechner
2002,5_epo,52.0,306.9781025956605,fechner
2003,5_epo,53.0,307.03578655184026,fechner
2004,5_epo,54.0,307.0903364659947,fechner
2005,5_epo,55.00000000000001,307.14197464340873,fechner
2006,5_epo,56.00000000000001,307.19090408069394,fechner
2007,5_epo,56.99999999999999,307.23731043804213,fechner
2008,5_epo,57.99999999999999,307.2813637810615,fechner
2009,5_epo,59.0,307.32322012237023,fechner
2010,5_epo,60.0,307.36302278875604,fechner
2011,5_epo,61.0,307.40090363604185,fechner
2012,5_epo,62.0,307.43698413069154,fechner
2013,5_epo,63.0,307.47137631456224,fechner
2014,5_epo,64.0,307.50418366697755,fechner
2015,5_epo,65.0,307.53550187639513,fechner
2016,5_epo,66.0,307.56541953231846,fechner
2017,5_epo,67.0,307.5940187467181,fechner
2018,5_epo,68.0,307.62137571303236,fechner
2019,5_epo,69.0,307.6475612097986,fechner
2020,5_epo,70.0,307.67264105508275,fechner
2021,5_epo,71.0,307.6966765171144,fechner
2022,5_epo,72.0,307.7197246858756,fechner
2023,5_epo,73.0,307.74183880982287,fechner
2024,5_epo,74.0,307.7630686014256,fechner
2025,5_epo,75.0,307.7834605147712,fechner
2026,5_epo,76.0,307.80305799811435,fechner
2027,5_epo,77.0,307.8219017239171,fechner
2028,5_epo,78.0,307.8400297986402,fechner
2029,5_epo,79.0,307.85747795429484,fechner
2030,5_epo,80.0,307.87427972354084,fechner
2031,5_epo,81.0,307.890466599926,fechner
2032,5_epo,82.0,307.90606818468757,fechner
2033,5_epo,83.0,307.92111232138643,fechner
2034,5_epo,84.0,307.93562521951225,fechner
2035,5_epo,85.0,307.9496315680781,fechner
2036,5_epo,86.0,307.9631546401199,fechner
2037,5_epo,87.0,307.97621638892224,fechner
2038,5_epo,88.0,307.9888375367093,fechner
2039,5_epo,89.0,308.0010376564684,fechner
2040,5_epo,90.0,308.0128352475043,fechner
2041,5_epo,91.0,308.02424780526974,fechner
2042,5_epo,92.0,308.03529188595803,fechner
2043,5_epo,93.0,308.04598316630506,fechner
2044,5_epo,94.0,308.05633649900017,fechner
2045,5_epo,95.0,308.06636596406986,fechner
2046,6_epo,3.0,246.59609880857045,fechner
2047,6_epo,4.0,314.11706341274487,fechner
2048,6_epo,5.0,345.67104940209805,fechner
2049,6_epo,6.0,363.32852517825154,fechner
2050,6_epo,7.000000000000001,374.2050944574098,fechner
2051,6_epo,8.0,381.3685495153355,fechner
2052,6_epo,9.0,386.33045238462074,fechner
2053,6_epo,10.0,389.9060551599938,fechner
2054,6_epo,11.0,392.56617665725025,fechner
2055,6_epo,12.0,394.59789364539597,fechner
2056,6_epo,13.0,396.1841935298847,fechner
2057,6_epo,14.000000000000002,397.4461170340995,fechner
2058,6_epo,15.0,398.4662832890851,fechner
2059,6_epo,16.0,399.3026276555164,fechner
2060,6_epo,17.0,399.9967390899314,fechner
2061,6_epo,18.0,400.5790914303127,fechner
2062,6_epo,19.0,401.07242276695445,fechner
2063,6_epo,20.0,401.4939752857161,fechner
2064,6_epo,21.0,401.8570141080348,fechner
2065,6_epo,22.0,402.1718784655511,fechner
2066,6_epo,23.0,402.44672270199777,fechner
2067,6_epo,24.0,402.688047384553,fechner
2068,6_epo,25.0,402.90108577552365,fechner
2069,6_epo,26.0,403.090088963852,fechner
2070,6_epo,27.0,403.25853890902255,fechner
2071,6_epo,28.000000000000004,403.4093094871547,fechner
2072,6_epo,28.999999999999996,403.5447895461852,fechner
2073,6_epo,30.0,403.666977872889,fechner
2074,6_epo,31.0,403.77755716371587,fechner
2075,6_epo,32.0,403.87795213955155,fechner
2076,6_epo,33.0,403.96937557155144,fechner
2077,6_epo,34.0,404.0528650077908,fechner
2078,6_epo,35.0,404.1293122868226,fechner
2079,6_epo,36.0,404.1994874123359,fechner
2080,6_epo,37.0,404.26405798701484,fechner
2081,6_epo,38.0,404.32360512483444,fechner
2082,6_epo,39.0,404.3786365524348,fechner
2083,6_epo,40.0,404.42959745290364,fechner
2084,6_epo,41.0,404.47687948574475,fechner
2085,6_epo,42.0,404.5208283252686,fechner
2086,6_epo,43.0,404.5617499890709,fechner
2087,6_epo,44.0,404.5999161734958,fechner
2088,6_epo,45.0,404.6355687702089,fechner
2089,6_epo,46.0,404.66892370440036,fechner
2090,6_epo,47.0,404.7001742085864,fechner
2091,6_epo,48.0,404.72949362488873,fechner
2092,6_epo,49.0,404.75703781182193,fechner
2093,6_epo,50.0,404.78294721810573,fechner
2094,6_epo,51.0,404.8073486751188,fechner
2095,6_epo,52.0,404.83035695078115,fechner
2096,6_epo,53.0,404.8520761004714,fechner
2097,6_epo,54.0,404.87260064471343,fechner
2098,6_epo,55.00000000000001,404.8920165985633,fechner
2099,6_epo,56.00000000000001,404.91040237365274,fechner
2100,6_epo,56.99999999999999,404.9278295705816,fechner
2101,6_epo,57.99999999999999,404.9443636766268,fechner
2102,6_epo,59.0,404.96006468148136,fechner
2103,6_epo,60.0,404.9749876218437,fechner
2104,6_epo,61.0,404.9891830641017,fechner
2105,6_epo,62.0,405.00269753302143,fechner
2106,6_epo,63.0,405.01557389323716,fechner
2107,6_epo,64.0,405.02785168938516,fechner
2108,6_epo,65.0,405.0395674499304,fechner
2109,6_epo,66.0,405.0507549590444,fechner
2110,6_epo,67.0,405.0614455003192,fechner
2111,6_epo,68.0,405.071668075601,fechner
2112,6_epo,69.0,405.0814496018061,fechner
2113,6_epo,70.0,405.0908150882123,fechner
2114,6_epo,71.0,405.09978779641,fechner
2115,6_epo,72.0,405.10838938482374,fechner
2116,6_epo,73.0,405.1166400394828,fechner
2117,6_epo,74.0,405.1245585925135,fechner
2118,6_epo,75.0,405.13216262965636,fechner
2119,6_epo,76.0,405.139468587952,fechner
2120,6_epo,77.0,405.1464918446117,fechner
2121,6_epo,78.0,405.1532467979684,fechner
2122,6_epo,79.0,405.15974694130597,fechner
2123,6_epo,80.0,405.1660049302731,fechner
2124,6_epo,81.0,405.1720326445117,fechner
2125,6_epo,82.0,405.1778412440584,fechner
2126,6_epo,83.0,405.1834412210226,fechner
2127,6_epo,84.0,405.1888424469859,fechner
2128,6_epo,85.0,405.1940542165229,fechner
2129,6_epo,86.0,405.1990852872027,fechner
2130,6_epo,87.0,405.2039439163926,fechner
2131,6_epo,88.0,405.20863789515136,fechner
2132,6_epo,89.0,405.21317457947526,fechner
2133,6_epo,90.0,405.2175609191261,fechner
2134,6_epo,91.0,405.2218034842573,fechner
2135,6_epo,92.0,405.22590849002506,fechner
2136,6_epo,93.0,405.22988181935784,fechner
2137,6_epo,94.0,405.23372904404084,fechner
2138,6_epo,95.0,405.2374554442554,fechner
2139,7_epo,3.0,289.74781383607007,fechner
2140,7_epo,4.0,296.038338268498,fechner
2141,7_epo,5.0,301.4581656520422,fechner
2142,7_epo,6.0,306.605000215601,fechner
2143,7_epo,7.000000000000001,311.62149770335975,fechner
2144,7_epo,8.0,316.5627817582137,fechner
2145,7_epo,9.0,321.45346558519634,fechner
2146,7_epo,10.0,326.30347432626746,fechner
2147,7_epo,11.0,331.113987699702,fechner
2148,7_epo,12.0,335.88044038759307,fechner
2149,7_epo,13.0,340.5945059826506,fechner
2150,7_epo,14.000000000000002,345.2456192048056,fechner
2151,7_epo,15.0,349.82218643867054,fechner
2152,7_epo,16.0,354.31252681495926,fechner
2153,7_epo,17.0,358.70556825811235,fechner
2154,7_epo,18.0,362.9913272198932,fechner
2155,7_epo,19.0,367.16120631785867,fechner
2156,7_epo,20.0,371.20814595681776,fechner
2157,7_epo,21.0,375.1266643784743,fechner
2158,7_epo,22.0,378.9128167379719,fechner
2159,7_epo,23.0,382.56409894522926,fechner
2160,7_epo,24.0,386.07931697685007,fechner
2161,7_epo,25.0,389.45843766650387,fechner
2162,7_epo,26.0,392.7024328737676,fechner
2163,7_epo,27.0,395.8131255050508,fechner
2164,7_epo,28.000000000000004,398.793043108051,fechner
2165,7_epo,28.999999999999996,401.64528262230505,fechner
2166,7_epo,30.0,404.3733882577218,fechner
2167,7_epo,31.0,406.9812432993455,fechner
2168,7_epo,32.0,409.4729758130373,fechner
2169,7_epo,33.0,411.85287767584435,fechner
2170,7_epo,34.0,414.1253360106807,fechner
2171,7_epo,35.0,416.29477591349007,fechner
2172,7_epo,36.0,418.36561327911767,fechner
2173,7_epo,37.0,420.34221652605953,fechner
2174,7_epo,38.0,422.228876064492,fechner
2175,7_epo,39.0,424.02978042745644,fechner
2176,7_epo,40.0,425.7489980779432,fechner
2177,7_epo,41.0,427.3904640050866,fechner
2178,7_epo,42.0,428.95797032403783,fechner
2179,7_epo,43.0,430.45516019192297,fechner
2180,7_epo,44.0,431.8855244438913,fechner
2181,7_epo,45.0,433.2524004371372,fechner
2182,7_epo,46.0,434.55897266624834,fechner
2183,7_epo,47.0,435.8082747802494,fechner
2184,7_epo,48.0,437.00319269053364,fechner
2185,7_epo,49.0,438.14646851005057,fechner
2186,7_epo,50.0,439.24070510828074,fechner
2187,7_epo,51.0,440.28837110437286,fechner
2188,7_epo,52.0,441.29180615306564,fechner
2189,7_epo,53.0,442.25322640532016,fechner
2190,7_epo,54.0,443.1747300486111,fechner
2191,7_epo,55.00000000000001,444.0583028511217,fechner
2192,7_epo,56.00000000000001,444.90582365020083,fechner
2193,7_epo,56.99999999999999,445.7190697388192,fechner
2194,7_epo,57.99999999999999,446.4997221148281,fechner
2195,7_epo,59.0,447.2493705669162,fechner
2196,7_epo,60.0,447.96951857860677,fechner
2197,7_epo,61.0,448.6615880376852,fechner
2198,7_epo,62.0,449.3269237433299,fechner
2199,7_epo,63.0,449.9667977071375,fechner
2200,7_epo,64.0,450.5824132473327,fechner
2201,7_epo,65.0,451.1749088778957,fechner
2202,7_epo,66.0,451.74536199622185,fechner
2203,7_epo,67.0,452.2947923743572,fechner
2204,7_epo,68.0,452.82416545992,fechner
2205,7_epo,69.0,453.33439549356905,fechner
2206,7_epo,70.0,453.82634845039826,fechner
2207,7_epo,71.0,454.3008448129512,fechner
2208,7_epo,72.0,454.75866218370766,fechner
2209,7_epo,73.0,455.2005377449321,fechner
2210,7_epo,74.0,455.62717057370935,fechner
2211,7_epo,75.0,456.03922381985575,fechner
2212,7_epo,76.0,456.4373267542003,fechner
2213,7_epo,77.0,456.8220766944944,fechner
2214,7_epo,78.0,457.19404081594126,fechner
2215,7_epo,79.0,457.55375785305165,fechner
2216,7_epo,80.0,457.9017396992301,fechner
2217,7_epo,81.0,458.23847291019763,fechner
2218,7_epo,82.0,458.5644201170406,fechner
2219,7_epo,83.0,458.88002135438296,fechner
2220,7_epo,84.0,459.185695308872,fechner
2221,7_epo,85.0,459.4818404928812,fechner
2222,7_epo,86.0,459.7688363480524,fechner
2223,7_epo,87.0,460.0470442830303,fechner
2224,7_epo,88.0,460.316808649479,fechner
2225,7_epo,89.0,460.57845766022723,fechner
2226,7_epo,90.0,460.8323042531517,fechner
2227,7_epo,91.0,461.07864690418467,fechner
2228,7_epo,92.0,461.31777039262096,fechner
2229,7_epo,93.0,461.5499465216998,fechner
2230,7_epo,94.0,461.7754347972486,fechner
2231,7_epo,95.0,461.99448306699884,fechner
2232,8_epo,3.0,343.3001689305238,fechner
2233,8_epo,4.0,343.3001922124461,fechner
2234,8_epo,5.0,343.30019831510924,fechner
2235,8_epo,6.0,343.30020103059974,fechner
2236,8_epo,7.000000000000001,343.30020251239057,fechner
2237,8_epo,8.0,343.30020341971834,fechner
2238,8_epo,9.0,343.3002040190295,fechner
2239,8_epo,10.0,343.3002044369671,fechner
2240,8_epo,11.0,343.30020474064,fechner
2241,8_epo,12.0,343.3002049685316,fechner
2242,8_epo,13.0,343.30020514408284,fechner
2243,8_epo,14.000000000000002,343.30020528227266,fechner
2244,8_epo,15.0,343.3002053930536,fechner
2245,8_epo,16.0,343.3002054832568,fechner
2246,8_epo,17.0,343.3002055577017,fechner
2247,8_epo,18.0,343.30020561987004,fechner
2248,8_epo,19.0,343.3002056723293,fechner
2249,8_epo,20.0,343.300205717007,fechner
2250,8_epo,21.0,343.3002057553738,fechner
2251,8_epo,22.0,343.3002057885677,fechner
2252,8_epo,23.0,343.3002058174809,fechner
2253,8_epo,24.0,343.3002058428205,fechner
2254,8_epo,25.0,343.30020586515326,fechner
2255,8_epo,26.0,343.3002058849377,fechner
2256,8_epo,27.0,343.30020590254793,fechner
2257,8_epo,28.000000000000004,343.3002059182918,fechner
2258,8_epo,28.999999999999996,343.3002059324244,fechner
2259,8_epo,30.0,343.30020594515867,fechner
2260,8_epo,31.0,343.3002059566733,fechner
2261,8_epo,32.0,343.3002059671196,fechner
2262,8_epo,33.0,343.3002059766258,fechner
2263,8_epo,34.0,343.3002059853016,fechner
2264,8_epo,35.0,343.30020599324104,fechner
2265,8_epo,36.0,343.3002060005252,fechner
2266,8_epo,37.0,343.3002060072244,fechner
2267,8_epo,38.0,343.30020601339965,fechner
2268,8_epo,39.0,343.3002060191043,fechner
2269,8_epo,40.0,343.30020602438486,fechner
2270,8_epo,41.0,343.3002060292826,fechner
2271,8_epo,42.0,343.30020603383355,fechner
2272,8_epo,43.0,343.30020603806975,fechner
2273,8_epo,44.0,343.30020604201957,fechner
2274,8_epo,45.0,343.30020604570825,fechner
2275,8_epo,46.0,343.3002060491584,fechner
2276,8_epo,47.0,343.3002060523901,fechner
2277,8_epo,48.0,343.3002060554214,fechner
2278,8_epo,49.0,343.3002060582687,fechner
2279,8_epo,50.0,343.30020606094644,fechner
2280,8_epo,51.0,343.30020606346784,fechner
2281,8_epo,52.0,343.3002060658449,fechner
2282,8_epo,53.0,343.3002060680884,fechner
2283,8_epo,54.0,343.3002060702082,fechner
2284,8_epo,55.00000000000001,343.30020607221326,fechner
2285,8_epo,56.00000000000001,343.3002060741116,fechner
2286,8_epo,56.99999999999999,343.30020607591075,fechner
2287,8_epo,57.99999999999999,343.3002060776176,fechner
2288,8_epo,59.0,343.30020607923814,fechner
2289,8_epo,60.0,343.3002060807782,fechner
2290,8_epo,61.0,343.3002060822431,fechner
2291,8_epo,62.0,343.30020608363753,fechner
2292,8_epo,63.0,343.300206084966,fechner
2293,8_epo,64.0,343.3002060862326,fechner
2294,8_epo,65.0,343.30020608744115,fechner
2295,8_epo,66.0,343.30020608859513,fechner
2296,8_epo,67.0,343.3002060896977,fechner
2297,8_epo,68.0,343.30020609075194,fechner
2298,8_epo,69.0,343.3002060917607,fechner
2299,8_epo,70.0,343.30020609272646,fechner
2300,8_epo,71.0,343.3002060936516,fechner
2301,8_epo,72.0,343.30020609453845,fechner
2302,8_epo,73.0,343.300206095389,fechner
2303,8_epo,74.0,343.3002060962054,fechner
2304,8_epo,75.0,343.3002060969892,fechner
2305,8_epo,76.0,343.3002060977423,fechner
2306,8_epo,77.0,343.3002060984662,fechner
2307,8_epo,78.0,343.30020609916244,fechner
2308,8_epo,79.0,343.30020609983234,fechner
2309,8_epo,80.0,343.3002061004773,fechner
2310,8_epo,81.0,343.3002061010985,fechner
2311,8_epo,82.0,343.3002061016971,fechner
2312,8_epo,83.0,343.3002061022741,fechner
2313,8_epo,84.0,343.30020610283066,fechner
2314,8_epo,85.0,343.3002061033677,fechner
2315,8_epo,86.0,343.30020610388607,fechner
2316,8_epo,87.0,343.3002061043867,fechner
2317,8_epo,88.0,343.3002061048702,fechner
2318,8_epo,89.0,343.3002061053376,fechner
2319,8_epo,90.0,343.3002061057895,fechner
2320,8_epo,91.0,343.3002061062266,fechner
2321,8_epo,92.0,343.30020610664945,fechner
2322,8_epo,93.0,343.3002061070587,fechner
2323,8_epo,94.0,343.30020610745504,fechner
2324,8_epo,95.0,343.3002061078389,fechner
2325,9_epo,3.0,328.1466032562695,fechner
2326,9_epo,4.0,334.31019653447254,fechner
2327,9_epo,5.0,339.44777306956956,fechner
2328,9_epo,6.0,343.97842824805286,fechner
2329,9_epo,7.000000000000001,347.9385693643632,fechner
2330,9_epo,8.0,351.3528131113831,fechner
2331,9_epo,9.0,354.26724880309837,fechner
2332,9_epo,10.0,356.7414330773622,fechner
2333,9_epo,11.0,358.8378955834991,fechner
2334,9_epo,12.0,360.61550790773674,fechner
2335,9_epo,13.0,362.12640768876247,fechner
2336,9_epo,14.000000000000002,363.4151527900601,fechner
2337,9_epo,15.0,364.5190386290028,fechner
2338,9_epo,16.0,365.4689168893089,fechner
2339,9_epo,17.0,366.29015579953233,fechner
2340,9_epo,18.0,367.00356714458223,fechner
2341,9_epo,19.0,367.6262275402024,fechner
2342,9_epo,20.0,368.1721738773656,fechner
2343,9_epo,21.0,368.6529773564996,fechner
2344,9_epo,22.0,369.0782104034553,fechner
2345,9_epo,23.0,369.455823378131,fechner
2346,9_epo,24.0,369.792447292255,fechner
2347,9_epo,25.0,370.09363675863216,fechner
2348,9_epo,26.0,370.36406507815235,fechner
2349,9_epo,27.0,370.6076811716524,fechner
2350,9_epo,28.000000000000004,370.8278361487113,fechner
2351,9_epo,28.999999999999996,371.0273857121255,fechner
2352,9_epo,30.0,371.2087733053049,fechner
2353,9_epo,31.0,371.3740978790999,fechner
2354,9_epo,32.0,371.52516933946015,fechner
2355,9_epo,33.0,371.66355409601994,fechner
2356,9_epo,34.0,371.7906126283634,fechner
2357,9_epo,35.0,371.907530591893,fechner
2358,9_epo,36.0,372.01534467530115,fechner
2359,9_epo,37.0,372.1149641779753,fechner
2360,9_epo,38.0,372.2071890836576,fechner
2361,9_epo,39.0,372.29272525497316,fechner
2362,9_epo,40.0,372.3721972532067,fechner
2363,9_epo,41.0,372.4461591921202,fechner
2364,9_epo,42.0,372.51510395834123,fechner
2365,9_epo,43.0,372.5794710698045,fechner
2366,9_epo,44.0,372.63965339468626,fechner
2367,9_epo,45.0,372.6960029137321,fechner
2368,9_epo,46.0,372.7488356768935,fechner
2369,9_epo,47.0,372.7984360792157,fechner
2370,9_epo,48.0,372.84506055976686,fechner
2371,9_epo,49.0,372.88894081010403,fechner
2372,9_epo,50.0,372.9302865645857,fechner
2373,9_epo,51.0,372.96928803317314,fechner
2374,9_epo,52.0,373.00611802772545,fechner
2375,9_epo,53.0,373.04093382481705,fechner
2376,9_epo,54.0,373.07387880147877,fechner
2377,9_epo,55.00000000000001,373.10508387474357,fechner
2378,9_epo,56.00000000000001,373.1346687712633,fechner
2379,9_epo,56.99999999999999,373.16274314940136,fechner
2380,9_epo,57.99999999999999,373.18940759295305,fechner
2381,9_epo,59.0,373.21475449291484,fechner
2382,9_epo,60.0,373.2388688314078,fechner
2383,9_epo,61.0,373.2618288799046,fechner
2384,9_epo,62.0,373.2837068222486,fechner
2385,9_epo,63.0,373.304569311536,fechner
2386,9_epo,64.0,373.32447796872833,fechner
2387,9_epo,65.0,373.34348982982755,fechner
2388,9_epo,66.0,373.3616577475648,fechner
2389,9_epo,67.0,373.37903075279087,fechner
2390,9_epo,68.0,373.39565438010567,fechner
2391,9_epo,69.0,373.41157096169735,fechner
2392,9_epo,70.0,373.4268198928761,fechner
2393,9_epo,71.0,373.44143787236465,fechner
2394,9_epo,72.0,373.4554591200416,fechner
2395,9_epo,73.0,373.4689155745143,fechner
2396,9_epo,74.0,373.4818370726222,fechner
2397,9_epo,75.0,373.4942515127281,fechner
2398,9_epo,76.0,373.50618500344484,fechner
2399,9_epo,77.0,373.51766199925737,fechner
2400,9_epo,78.0,373.52870542434096,fechner
2401,9_epo,79.0,373.5393367857305,fechner
2402,9_epo,80.0,373.54957627687224,fechner
2403,9_epo,81.0,373.5594428724789,fechner
2404,9_epo,82.0,373.5689544155094,fechner
2405,9_epo,83.0,373.5781276970106,fechner
2406,9_epo,84.0,373.58697852948154,fechner
2407,9_epo,85.0,373.59552181435026,fechner
2408,9_epo,86.0,373.6037716040982,fechner
2409,9_epo,87.0,373.6117411595093,fechner
2410,9_epo,88.0,373.6194430024754,fechner
2411,9_epo,89.0,373.62688896474725,fechner
2412,9_epo,90.0,373.6340902329818,fechner
2413,9_epo,91.0,373.6410573904036,fechner
2414,9_epo,92.0,373.64780045536713,fechner
2415,9_epo,93.0,373.6543289170803,fechner
2416,9_epo,94.0,373.6606517687253,fechner
2417,9_epo,95.0,373.66677753819016,fechner
