,participant,contrast,mpc,name
0,0_epo,3.0,0.5000000017258219,fechner
1,0_epo,4.0,0.5000000010553575,fechner
2,0_epo,5.0,0.5000000007906973,fechner
3,0_epo,6.0,0.500000000638613,fechner
4,0_epo,7.000000000000001,0.5000000005377879,fechner
5,0_epo,8.0,0.5000000004653928,fechner
6,0_epo,9.0,0.5000000004106346,fechner
7,0_epo,10.0,0.5000000003676532,fechner
8,0_epo,11.0,0.5000000003329611,fechner
9,0_epo,12.0,0.5000000003043401,fechner
10,0_epo,13.0,0.500000000280307,fechner
11,0_epo,14.000000000000002,0.5000000002598298,fechner
12,0_epo,15.0,0.5000000002421671,fechner
13,0_epo,16.0,0.5000000002267713,fechner
14,0_epo,17.0,0.5000000002132295,fechner
15,0_epo,18.0,0.5000000002012238,fechner
16,0_epo,19.0,0.5000000001905055,fechner
17,0_epo,20.0,0.500000000180877,fechner
18,0_epo,21.0,0.5000000001721793,fechner
19,0_epo,22.0,0.5000000001642831,fechner
20,0_epo,23.0,0.5000000001570822,fechner
21,0_epo,24.0,0.5000000001504883,fechner
22,0_epo,25.0,0.5000000001444275,fechner
23,0_epo,26.0,0.5000000001388374,fechner
24,0_epo,27.0,0.5000000001336651,fechner
25,0_epo,28.000000000000004,0.5000000001288653,fechner
26,0_epo,28.999999999999996,0.500000000124399,fechner
27,0_epo,30.0,0.5000000001202328,fechner
28,0_epo,31.0,0.5000000001163372,fechner
29,0_epo,32.0,0.5000000001126864,fechner
30,0_epo,33.0,0.5000000001092584,fechner
31,0_epo,34.0,0.5000000001060331,fechner
32,0_epo,35.0,0.5000000001029931,fechner
33,0_epo,36.0,0.5000000001001228,fechner
34,0_epo,37.0,0.5000000000974084,fechner
35,0_epo,38.0,0.5000000000948375,fechner
36,0_epo,39.0,0.500000000092399,fechner
37,0_epo,40.0,0.5000000000900829,fechner
38,0_epo,41.0,0.5000000000878803,fechner
39,0_epo,42.0,0.5000000000857828,fechner
40,0_epo,43.0,0.5000000000837833,fechner
41,0_epo,44.0,0.500000000081875,fechner
42,0_epo,45.0,0.5000000000800517,fechner
43,0_epo,46.0,0.500000000078308,fechner
44,0_epo,47.0,0.5000000000766387,fechner
45,0_epo,48.0,0.5000000000750391,fechner
46,0_epo,49.0,0.500000000073505,fechner
47,0_epo,50.0,0.5000000000720325,fechner
48,0_epo,51.0,0.5000000000706177,fechner
49,0_epo,52.0,0.5000000000692576,fechner
50,0_epo,53.0,0.5000000000679489,fechner
51,0_epo,54.0,0.5000000000666888,fechner
52,0_epo,55.00000000000001,0.5000000000654745,fechner
53,0_epo,56.00000000000001,0.5000000000643038,fechner
54,0_epo,56.99999999999999,0.5000000000631742,fechner
55,0_epo,57.99999999999999,0.5000000000620837,fechner
56,0_epo,59.0,0.5000000000610301,fechner
57,0_epo,60.0,0.5000000000600118,fechner
58,0_epo,61.0,0.5000000000590268,fechner
59,0_epo,62.0,0.5000000000580738,fechner
60,0_epo,63.0,0.500000000057151,fechner
61,0_epo,64.0,0.500000000056257,fechner
62,0_epo,65.0,0.5000000000553907,fechner
63,0_epo,66.0,0.5000000000545506,fechner
64,0_epo,67.0,0.5000000000537357,fechner
65,0_epo,68.0,0.5000000000529448,fechner
66,0_epo,69.0,0.5000000000521767,fechner
67,0_epo,70.0,0.5000000000514307,fechner
68,0_epo,71.0,0.5000000000507058,fechner
69,0_epo,72.0,0.5000000000500009,fechner
70,0_epo,73.0,0.5000000000493154,fechner
71,0_epo,74.0,0.5000000000486485,fechner
72,0_epo,75.0,0.5000000000479994,fechner
73,0_epo,76.0,0.5000000000473673,fechner
74,0_epo,77.0,0.5000000000467517,fechner
75,0_epo,78.0,0.500000000046152,fechner
76,0_epo,79.0,0.5000000000455673,fechner
77,0_epo,80.0,0.5000000000449973,fechner
78,0_epo,81.0,0.5000000000444416,fechner
79,0_epo,82.0,0.5000000000438992,fechner
80,0_epo,83.0,0.50000000004337,fechner
81,0_epo,84.0,0.5000000000428534,fechner
82,0_epo,85.0,0.5000000000423489,fechner
83,0_epo,86.0,0.5000000000418562,fechner
84,0_epo,87.0,0.5000000000413748,fechner
85,0_epo,88.0,0.5000000000409044,fechner
86,0_epo,89.0,0.5000000000404445,fechner
87,0_epo,90.0,0.5000000000399949,fechner
88,0_epo,91.0,0.5000000000395552,fechner
89,0_epo,92.0,0.500000000039125,fechner
90,0_epo,93.0,0.5000000000387042,fechner
91,0_epo,94.0,0.5000000000382923,fechner
92,0_epo,95.0,0.5000000000378889,fechner
93,10_epo,3.0,0.9999999999981306,fechner
94,10_epo,4.0,0.9999999326958643,fechner
95,10_epo,5.0,0.9999957673941566,fechner
96,10_epo,6.0,0.9999542788108605,fechner
97,10_epo,7.000000000000001,0.999778575645882,fechner
98,10_epo,8.0,0.9993129278424874,fechner
99,10_epo,9.0,0.9983829556205038,fechner
100,10_epo,10.0,0.9968367042448909,fechner
101,10_epo,11.0,0.9945686171669784,fechner
102,10_epo,12.0,0.9915261371737087,fechner
103,10_epo,13.0,0.9877050272801258,fechner
104,10_epo,14.000000000000002,0.9831393888311113,fechner
105,10_epo,15.0,0.9778904093680953,fechner
106,10_epo,16.0,0.9720360380163487,fechner
107,10_epo,17.0,0.9656625265319937,fechner
108,10_epo,18.0,0.9588580382521323,fechner
109,10_epo,19.0,0.9517081543540586,fechner
110,10_epo,20.0,0.9442929549287588,fechner
111,10_epo,21.0,0.936685322205,fechner
112,10_epo,22.0,0.9289501427619384,fechner
113,10_epo,23.0,0.921144138770573,fechner
114,10_epo,24.0,0.9133161159059028,fechner
115,10_epo,25.0,0.9055074682729124,fechner
116,10_epo,26.0,0.8977528248597361,fechner
117,10_epo,27.0,0.8900807570383108,fechner
118,10_epo,28.000000000000004,0.8825144932722667,fechner
119,10_epo,28.999999999999996,0.8750726068083566,fechner
120,10_epo,30.0,0.8677696561551341,fechner
121,10_epo,31.0,0.8606167678965939,fechner
122,10_epo,32.0,0.8536221579451242,fechner
123,10_epo,33.0,0.8467915915813838,fechner
124,10_epo,34.0,0.8401287852312727,fechner
125,10_epo,35.0,0.8336357543956623,fechner
126,10_epo,36.0,0.8273131128459822,fechner
127,10_epo,37.0,0.821160328393079,fechner
128,10_epo,38.0,0.8151759404148212,fechner
129,10_epo,39.0,0.8093577440190124,fechner
130,10_epo,40.0,0.8037029453098486,fechner
131,10_epo,41.0,0.7982082917763562,fechner
132,10_epo,42.0,0.7928701813669047,fechner
133,10_epo,43.0,0.7876847533776737,fechner
134,10_epo,44.0,0.7826479638776325,fechner
135,10_epo,45.0,0.7777556480243998,fechner
136,10_epo,46.0,0.7730035712964498,fechner
137,10_epo,47.0,0.7683874713768041,fechner
138,10_epo,48.0,0.7639030921695874,fechner
139,10_epo,49.0,0.759546211210563,fechner
140,10_epo,50.0,0.7553126615427284,fechner
141,10_epo,51.0,0.7511983489648245,fechner
142,10_epo,52.0,0.7471992654209356,fechner
143,10_epo,53.0,0.7433114991801841,fechner
144,10_epo,54.0,0.7395312423540926,fechner
145,10_epo,55.00000000000001,0.7358547962130234,fechner
146,10_epo,56.00000000000001,0.7322785746900279,fechner
147,10_epo,56.99999999999999,0.7287991063985393,fechner
148,10_epo,57.99999999999999,0.7254130354379777,fechner
149,10_epo,59.0,0.7221171212170753,fechner
150,10_epo,60.0,0.718908237487332,fechner
151,10_epo,61.0,0.7157833707474647,fechner
152,10_epo,62.0,0.7127396181530978,fechner
153,10_epo,63.0,0.7097741850435002,fechner
154,10_epo,64.0,0.7068843821782755,fechner
155,10_epo,65.0,0.7040676227610023,fechner
156,10_epo,66.0,0.7013214193134154,fechner
157,10_epo,67.0,0.6986433804524829,fechner
158,10_epo,68.0,0.6960312076132524,fechner
159,10_epo,69.0,0.6934826917524178,fechner
160,10_epo,70.0,0.6909957100608877,fechner
161,10_epo,71.0,0.6885682227080739,fechner
162,10_epo,72.0,0.686198269635948,fechner
163,10_epo,73.0,0.6838839674170281,fechner
164,10_epo,74.0,0.6816235061872085,fechner
165,10_epo,75.0,0.6794151466616631,fechner
166,10_epo,76.0,0.6772572172398029,fechner
167,10_epo,77.0,0.6751481112034389,fechner
168,10_epo,78.0,0.6730862840107678,fechner
169,10_epo,79.0,0.6710702506875704,fechner
170,10_epo,80.0,0.6690985833159866,fechner
171,10_epo,81.0,0.6671699086204123,fechner
172,10_epo,82.0,0.6652829056494284,fechner
173,10_epo,83.0,0.6634363035521121,fechner
174,10_epo,84.0,0.6616288794467172,fechner
175,10_epo,85.0,0.6598594563793673,fechner
176,10_epo,86.0,0.6581269013701869,fechner
177,10_epo,87.0,0.6564301235441213,fechner
178,10_epo,88.0,0.6547680723435894,fechner
179,10_epo,89.0,0.6531397358200366,fechner
180,10_epo,90.0,0.6515441390014262,fechner
181,10_epo,91.0,0.6499803423327026,fechner
182,10_epo,92.0,0.6484474401862803,fechner
183,10_epo,93.0,0.6469445594396547,fechner
184,10_epo,94.0,0.6454708581172783,fechner
185,10_epo,95.0,0.6440255240939229,fechner
186,11_epo,3.0,1.0,fechner
187,11_epo,4.0,0.999999999999996,fechner
188,11_epo,5.0,0.9999999999838916,fechner
189,11_epo,6.0,0.9999999980813781,fechner
190,11_epo,7.000000000000001,0.9999999543706338,fechner
191,11_epo,8.0,0.9999995559523236,fechner
192,11_epo,9.0,0.9999975175892566,fechner
193,11_epo,10.0,0.9999904156644303,fechner
194,11_epo,11.0,0.9999714833136271,fechner
195,11_epo,12.0,0.9999298939937842,fechner
196,11_epo,13.0,0.99985079955249,fechner
197,11_epo,14.000000000000002,0.9997160623544582,fechner
198,11_epo,15.0,0.9995054305324237,fechner
199,11_epo,16.0,0.9991978710973181,fechner
200,11_epo,17.0,0.9987728341405007,fechner
201,11_epo,18.0,0.998211308566371,fechner
202,11_epo,19.0,0.9974966082330663,fechner
203,11_epo,20.0,0.9966148833345664,fechner
204,11_epo,21.0,0.9955553851047189,fechner
205,11_epo,22.0,0.9943105275613123,fechner
206,11_epo,23.0,0.9928757939600511,fechner
207,11_epo,24.0,0.9912495327996607,fechner
208,11_epo,25.0,0.9894326820746169,fechner
209,11_epo,26.0,0.9874284532041084,fechner
210,11_epo,27.0,0.9852419989294907,fechner
211,11_epo,28.000000000000004,0.9828800830986868,fechner
212,11_epo,28.999999999999996,0.9803507648928552,fechner
213,11_epo,30.0,0.9776631057287468,fechner
214,11_epo,31.0,0.9748269037081467,fechner
215,11_epo,32.0,0.9718524579538903,fechner
216,11_epo,33.0,0.9687503633279793,fechner
217,11_epo,34.0,0.9655313347357619,fechner
218,11_epo,35.0,0.9622060593606265,fechner
219,11_epo,36.0,0.9587850746442077,fechner
220,11_epo,37.0,0.9552786695438711,fechner
221,11_epo,38.0,0.9516968064949427,fechner
222,11_epo,39.0,0.9480490615269141,fechner
223,11_epo,40.0,0.9443445800898185,fechner
224,11_epo,41.0,0.9405920463081636,fechner
225,11_epo,42.0,0.9367996635721436,fechner
226,11_epo,43.0,0.9329751445825463,fechner
227,11_epo,44.0,0.9291257091749099,fechner
228,11_epo,45.0,0.9252580884518449,fechner
229,11_epo,46.0,0.9213785339447444,fechner
230,11_epo,47.0,0.9174928307040737,fechner
231,11_epo,48.0,0.9136063133794289,fechner
232,11_epo,49.0,0.9097238844959543,fechner
233,11_epo,50.0,0.9058500342627507,fechner
234,11_epo,51.0,0.9019888613622495,fechner
235,11_epo,52.0,0.898144094268221,fechner
236,11_epo,53.0,0.8943191127253073,fechner
237,11_epo,54.0,0.8905169690960225,fechner
238,11_epo,55.00000000000001,0.8867404093433205,fechner
239,11_epo,56.00000000000001,0.8829918934693448,fechner
240,11_epo,56.99999999999999,0.8792736152750347,fechner
241,11_epo,57.99999999999999,0.8755875213419625,fechner
242,11_epo,59.0,0.8719353291680996,fechner
243,11_epo,60.0,0.8683185444140639,fechner
244,11_epo,61.0,0.8647384772365878,fechner
245,11_epo,62.0,0.8611962577021642,fechner
246,11_epo,63.0,0.8576928502866857,fechner
247,11_epo,64.0,0.8542290674769586,fechner
248,11_epo,65.0,0.850805582497668,fechner
249,11_epo,66.0,0.8474229411931284,fechner
250,11_epo,67.0,0.8440815730973152,fechner
251,11_epo,68.0,0.8407818017284895,fechner
252,11_epo,69.0,0.8375238541465084,fechner
253,11_epo,70.0,0.8343078698118109,fechner
254,11_epo,71.0,0.8311339087852876,fechner
255,11_epo,72.0,0.8280019593079255,fechner
256,11_epo,73.0,0.8249119447983775,fechner
257,11_epo,74.0,0.8218637303055423,fechner
258,11_epo,75.0,0.8188571284519683,fechner
259,11_epo,76.0,0.8158919049024115,fechner
260,11_epo,77.0,0.8129677833903295,fechner
261,11_epo,78.0,0.810084450333442,fechner
262,11_epo,79.0,0.8072415590678322,fechner
263,11_epo,80.0,0.8044387337283814,fechner
264,11_epo,81.0,0.8016755728016788,fechner
265,11_epo,82.0,0.7989516523759472,fechner
266,11_epo,83.0,0.796266529110923,fechner
267,11_epo,84.0,0.7936197429491522,fechner
268,11_epo,85.0,0.7910108195887036,fechner
269,11_epo,86.0,0.7884392727359095,fechner
270,11_epo,87.0,0.7859046061554527,fechner
271,11_epo,88.0,0.783406315533881,fechner
272,11_epo,89.0,0.780943890171451,fechner
273,11_epo,90.0,0.7785168145161216,fechner
274,11_epo,91.0,0.7761245695524852,fechner
275,11_epo,92.0,0.7737666340574604,fechner
276,11_epo,93.0,0.7714424857336902,fechner
277,11_epo,94.0,0.7691516022307248,fechner
278,11_epo,95.0,0.7668934620633218,fechner
279,12_epo,3.0,0.9999995275903582,fechner
280,12_epo,4.0,0.9998645672740025,fechner
281,12_epo,5.0,0.9987373098449692,fechner
282,12_epo,6.0,0.9954573997113135,fechner
283,12_epo,7.000000000000001,0.989426432651968,fechner
284,12_epo,8.0,0.9806927020247226,fechner
285,12_epo,9.0,0.9696939440595121,fechner
286,12_epo,10.0,0.95701152150544,fechner
287,12_epo,11.0,0.9432187255078395,fechner
288,12_epo,12.0,0.928809140883208,fechner
289,12_epo,13.0,0.9141746272895119,fechner
290,12_epo,14.000000000000002,0.8996088356133891,fechner
291,12_epo,15.0,0.8853213660764943,fechner
292,12_epo,16.0,0.8714545875095229,fechner
293,12_epo,17.0,0.8580993922306467,fechner
294,12_epo,18.0,0.845308489544692,fechner
295,12_epo,19.0,0.8331069913943058,fechner
296,12_epo,20.0,0.8215005421972735,fechner
297,12_epo,21.0,0.8104814106832551,fechner
298,12_epo,22.0,0.8000329723194125,fechner
299,12_epo,23.0,0.790132959180947,fechner
300,12_epo,24.0,0.7807557848245956,fechner
301,12_epo,25.0,0.7718741847509508,fechner
302,12_epo,26.0,0.7634603557816255,fechner
303,12_epo,27.0,0.755486731678582,fechner
304,12_epo,28.000000000000004,0.7479264966927838,fechner
305,12_epo,28.999999999999996,0.7407539117292511,fechner
306,12_epo,30.0,0.7339445076567692,fechner
307,12_epo,31.0,0.7274751853840388,fechner
308,12_epo,32.0,0.7213242513729695,fechner
309,12_epo,33.0,0.7154714092503454,fechner
310,12_epo,34.0,0.7098977223396282,fechner
311,12_epo,35.0,0.7045855576874253,fechner
312,12_epo,36.0,0.6995185190762967,fechner
313,12_epo,37.0,0.6946813742823302,fechner
314,12_epo,38.0,0.6900599802217753,fechner
315,12_epo,39.0,0.6856412084676685,fechner
316,12_epo,40.0,0.6814128727819716,fechner
317,12_epo,41.0,0.6773636597118405,fechner
318,12_epo,42.0,0.6734830628749806,fechner
319,12_epo,43.0,0.669761321261121,fechner
320,12_epo,44.0,0.6661893616698179,fechner
321,12_epo,45.0,0.6627587452637481,fechner
322,12_epo,46.0,0.6594616181230275,fechner
323,12_epo,47.0,0.6562906656263796,fechner
324,12_epo,48.0,0.6532390704494379,fechner
325,12_epo,49.0,0.6503004739519281,fechner
326,12_epo,50.0,0.647468940718794,fechner
327,12_epo,51.0,0.644738926021719,fechner
328,12_epo,52.0,0.6421052459742514,fechner
329,12_epo,53.0,0.6395630501639338,fechner
330,12_epo,54.0,0.6371077965570382,fechner
331,12_epo,55.00000000000001,0.6347352284847833,fechner
332,12_epo,56.00000000000001,0.632441353533533,fechner
333,12_epo,56.99999999999999,0.6302224241750083,fechner
334,12_epo,57.99999999999999,0.6280749199856619,fechner
335,12_epo,59.0,0.625995531316882,fechner
336,12_epo,60.0,0.6239811442894699,fechner
337,12_epo,61.0,0.6220288269968428,fechner
338,12_epo,62.0,0.6201358168116125,fechner
339,12_epo,63.0,0.6182995086995867,fechner
340,12_epo,64.0,0.6165174444538754,fechner
341,12_epo,65.0,0.6147873027696762,fechner
342,12_epo,66.0,0.613106890087515,fechner
343,12_epo,67.0,0.6114741321392883,fechner
344,12_epo,68.0,0.6098870661374077,fechner
345,12_epo,69.0,0.6083438335527726,fechner
346,12_epo,70.0,0.6068426734322049,fechner
347,12_epo,71.0,0.6053819162104455,fechner
348,12_epo,72.0,0.6039599779758419,fechner
349,12_epo,73.0,0.6025753551525237,fechner
350,12_epo,74.0,0.601226619565171,fechner
351,12_epo,75.0,0.5999124138554975,fechner
352,12_epo,76.0,0.598631447222275,fechner
353,12_epo,77.0,0.5973824914592126,fechner
354,12_epo,78.0,0.5961643772672239,fechner
355,12_epo,79.0,0.5949759908196569,fechner
356,12_epo,80.0,0.5938162705608945,fechner
357,12_epo,81.0,0.5926842042204045,fechner
358,12_epo,82.0,0.5915788260258461,fechner
359,12_epo,83.0,0.5904992141001967,fechner
360,12_epo,84.0,0.5894444880291408,fechner
361,12_epo,85.0,0.5884138065860882,fechner
362,12_epo,86.0,0.5874063656032269,fechner
363,12_epo,87.0,0.5864213959779678,fechner
364,12_epo,88.0,0.5854581618049964,fechner
365,12_epo,89.0,0.5845159586249306,fechner
366,12_epo,90.0,0.5835941117813013,fechner
367,12_epo,91.0,0.5826919748782317,fechner
368,12_epo,92.0,0.5818089283317792,fechner
369,12_epo,93.0,0.5809443780084641,fechner
370,12_epo,94.0,0.5800977539449936,fechner
371,12_epo,95.0,0.5792685091436645,fechner
372,13_epo,3.0,0.500040343406626,fechner
373,13_epo,4.0,0.5000246703988154,fechner
374,13_epo,5.0,0.5000184836105499,fechner
375,13_epo,6.0,0.5000149284391481,fechner
376,13_epo,7.000000000000001,0.5000125715142153,fechner
377,13_epo,8.0,0.5000108791835066,fechner
378,13_epo,9.0,0.5000095991361807,fechner
379,13_epo,10.0,0.5000085943894761,fechner
380,13_epo,11.0,0.5000077834128586,fechner
381,13_epo,12.0,0.5000071143582068,fechner
382,13_epo,13.0,0.5000065525528422,fechner
383,13_epo,14.000000000000002,0.5000060738716959,fechner
384,13_epo,15.0,0.500005660979628,fechner
385,13_epo,16.0,0.5000053010833942,fechner
386,13_epo,17.0,0.50000498452641,fechner
387,13_epo,18.0,0.5000047038775776,fechner
388,13_epo,19.0,0.5000044533218319,fechner
389,13_epo,20.0,0.5000042282414532,fechner
390,13_epo,21.0,0.5000040249216691,fechner
391,13_epo,22.0,0.5000038403393747,fechner
392,13_epo,23.0,0.5000036720087322,fechner
393,13_epo,24.0,0.5000035178664961,fechner
394,13_epo,25.0,0.5000033761855966,fechner
395,13_epo,26.0,0.5000032455091542,fechner
396,13_epo,27.0,0.50000312459949,fechner
397,13_epo,28.000000000000004,0.5000030123982913,fechner
398,13_epo,28.999999999999996,0.5000029079951802,fechner
399,13_epo,30.0,0.5000028106026803,fechner
400,13_epo,31.0,0.5000027195361122,fechner
401,13_epo,32.0,0.500002634197317,fechner
402,13_epo,33.0,0.5000025540613837,fechner
403,13_epo,34.0,0.5000024786657506,fechner
404,13_epo,35.0,0.5000024076011998,fechner
405,13_epo,36.0,0.5000023405043716,fechner
406,13_epo,37.0,0.500002277051506,fechner
407,13_epo,38.0,0.5000022169531839,fechner
408,13_epo,39.0,0.5000021599498857,fechner
409,13_epo,40.0,0.5000021058082224,fechner
410,13_epo,41.0,0.5000020543177234,fechner
411,13_epo,42.0,0.5000020052880884,fechner
412,13_epo,43.0,0.5000019585468237,fechner
413,13_epo,44.0,0.5000019139372062,fechner
414,13_epo,45.0,0.5000018713165187,fechner
415,13_epo,46.0,0.5000018305545185,fechner
416,13_epo,47.0,0.5000017915321019,fechner
417,13_epo,48.0,0.5000017541401376,fechner
418,13_epo,49.0,0.5000017182784436,fechner
419,13_epo,50.0,0.5000016838548871,fechner
420,13_epo,51.0,0.5000016507845917,fechner
421,13_epo,52.0,0.5000016189892361,fechner
422,13_epo,53.0,0.500001588396433,fechner
423,13_epo,54.0,0.5000015589391773,fechner
424,13_epo,55.00000000000001,0.5000015305553538,fechner
425,13_epo,56.00000000000001,0.5000015031873,fechner
426,13_epo,56.99999999999999,0.500001476781413,fechner
427,13_epo,57.99999999999999,0.5000014512877989,fechner
428,13_epo,59.0,0.5000014266599568,fechner
429,13_epo,60.0,0.5000014028544949,fechner
430,13_epo,61.0,0.5000013798308753,fechner
431,13_epo,62.0,0.5000013575511828,fechner
432,13_epo,63.0,0.5000013359799158,fechner
433,13_epo,64.0,0.5000013150837976,fechner
434,13_epo,65.0,0.5000012948316046,fechner
435,13_epo,66.0,0.5000012751940098,fechner
436,13_epo,67.0,0.5000012561434418,fechner
437,13_epo,68.0,0.5000012376539543,fechner
438,13_epo,69.0,0.500001219701109,fechner
439,13_epo,70.0,0.500001202261867,fechner
440,13_epo,71.0,0.5000011853144896,fechner
441,13_epo,72.0,0.5000011688384491,fechner
442,13_epo,73.0,0.5000011528143445,fechner
443,13_epo,74.0,0.5000011372238256,fechner
444,13_epo,75.0,0.5000011220495224,fechner
445,13_epo,76.0,0.5000011072749816,fechner
446,13_epo,77.0,0.5000010928846053,fechner
447,13_epo,78.0,0.5000010788635975,fechner
448,13_epo,79.0,0.5000010651979122,fechner
449,13_epo,80.0,0.5000010518742074,fechner
450,13_epo,81.0,0.5000010388798006,fechner
451,13_epo,82.0,0.5000010262026291,fechner
452,13_epo,83.0,0.5000010138312124,fechner
453,13_epo,84.0,0.5000010017546176,fechner
454,13_epo,85.0,0.5000009899624269,fechner
455,13_epo,86.0,0.5000009784447079,fechner
456,13_epo,87.0,0.5000009671919854,fechner
457,13_epo,88.0,0.5000009561952156,fechner
458,13_epo,89.0,0.5000009454457616,fechner
459,13_epo,90.0,0.5000009349353708,fechner
460,13_epo,91.0,0.5000009246561542,fechner
461,13_epo,92.0,0.5000009146005657,fechner
462,13_epo,93.0,0.5000009047613845,fechner
463,13_epo,94.0,0.5000008951316974,fechner
464,13_epo,95.0,0.5000008857048825,fechner
465,14_epo,3.0,0.9999999996490025,fechner
466,14_epo,4.0,0.9999983466776855,fechner
467,14_epo,5.0,0.9999534150753876,fechner
468,14_epo,6.0,0.9996828230944803,fechner
469,14_epo,7.000000000000001,0.9988694072927512,fechner
470,14_epo,8.0,0.9971869275104018,fechner
471,14_epo,9.0,0.9944030320560866,fechner
472,14_epo,10.0,0.9904131787621261,fechner
473,14_epo,11.0,0.985227583315604,fechner
474,14_epo,12.0,0.9789395594393616,fechner
475,14_epo,13.0,0.9716924340353934,fechner
476,14_epo,14.000000000000002,0.9636524083318668,fechner
477,14_epo,15.0,0.9549891551762878,fechner
478,14_epo,16.0,0.9458634232541665,fechner
479,14_epo,17.0,0.9364200874786136,fechner
480,14_epo,18.0,0.9267850453168308,fechner
481,14_epo,19.0,0.917064623802997,fechner
482,14_epo,20.0,0.9073464952596133,fechner
483,14_epo,21.0,0.8977014017086933,fechner
484,14_epo,22.0,0.8881852269358255,fechner
485,14_epo,23.0,0.878841130013499,fechner
486,14_epo,24.0,0.8697015750885532,fechner
487,14_epo,25.0,0.8607901721915164,fechner
488,14_epo,26.0,0.8521232943320945,fechner
489,14_epo,27.0,0.8437114664449129,fechner
490,14_epo,28.000000000000004,0.8355605386890921,fechner
491,14_epo,28.999999999999996,0.827672665018936,fechner
492,14_epo,30.0,0.8200471111238049,fechner
493,14_epo,31.0,0.8126809159588099,fechner
494,14_epo,32.0,0.8055694295513665,fechner
495,14_epo,33.0,0.7987067474419027,fechner
496,14_epo,34.0,0.792086059522591,fechner
497,14_epo,35.0,0.785699928474053,fechner
498,14_epo,36.0,0.7795405106238906,fechner
499,14_epo,37.0,0.7735997299336524,fechner
500,14_epo,38.0,0.7678694139827167,fechner
501,14_epo,39.0,0.7623413992504646,fechner
502,14_epo,40.0,0.7570076116793959,fechner
503,14_epo,41.0,0.7518601274028234,fechner
504,14_epo,42.0,0.7468912176114518,fechner
505,14_epo,43.0,0.742093380784893,fechner
506,14_epo,44.0,0.7374593649010592,fechner
507,14_epo,45.0,0.732982181735599,fechner
508,14_epo,46.0,0.7286551149555824,fechner
509,14_epo,47.0,0.7244717233799255,fechner
510,14_epo,48.0,0.7204258405097641,fechner
511,14_epo,49.0,0.716511571213671,fechner
512,14_epo,50.0,0.7127232862757923,fechner
513,14_epo,51.0,0.7090556153719341,fechner
514,14_epo,52.0,0.7055034389229866,fechner
515,14_epo,53.0,0.7020618791816834,fechner
516,14_epo,54.0,0.6987262908333491,fechner
517,14_epo,55.00000000000001,0.6954922513305669,fechner
518,14_epo,56.00000000000001,0.6923555511328144,fechner
519,14_epo,56.99999999999999,0.6893121839828441,fechner
520,14_epo,57.99999999999999,0.6863583373200738,fechner
521,14_epo,59.0,0.6834903829060346,fechner
522,14_epo,60.0,0.6807048677167927,fechner
523,14_epo,61.0,0.6779985051412453,fechner
524,14_epo,62.0,0.6753681665115109,fechner
525,14_epo,63.0,0.6728108729816253,fechner
526,14_epo,64.0,0.670323787762929,fechner
527,14_epo,65.0,0.6679042087184431,fechner
528,14_epo,66.0,0.6655495613138499,fechner
529,14_epo,67.0,0.6632573919191523,fechner
530,14_epo,68.0,0.6610253614524294,fechner
531,14_epo,69.0,0.6588512393551914,fechner
532,14_epo,70.0,0.6567328978874855,fechner
533,14_epo,71.0,0.6546683067300134,fechner
534,14_epo,72.0,0.6526555278799904,fechner
535,14_epo,73.0,0.650692710827222,fechner
536,14_epo,74.0,0.6487780879968421,fechner
537,14_epo,75.0,0.6469099704452947,fechner
538,14_epo,76.0,0.6450867437963937,fechner
539,14_epo,77.0,0.6433068644046617,fechner
540,14_epo,78.0,0.6415688557335562,fechner
541,14_epo,79.0,0.6398713049366764,fechner
542,14_epo,80.0,0.6382128596305318,fechner
543,14_epo,81.0,0.6365922248479668,fechner
544,14_epo,82.0,0.635008160161881,fechner
545,14_epo,83.0,0.6334594769693701,fechner
546,14_epo,84.0,0.6319450359269636,fechner
547,14_epo,85.0,0.63046374452812,fechner
548,14_epo,86.0,0.6290145548146279,fechner
549,14_epo,87.0,0.6275964612140408,fechner
550,14_epo,88.0,0.626208498495726,fechner
551,14_epo,89.0,0.6248497398385328,fechner
552,14_epo,90.0,0.6235192950035046,fechner
553,14_epo,91.0,0.6222163086054516,fechner
554,14_epo,92.0,0.620939958477565,fechner
555,14_epo,93.0,0.6196894541236184,fechner
556,14_epo,94.0,0.6184640352526155,fechner
557,14_epo,95.0,0.6172629703910772,fechner
558,15_epo,3.0,0.9999999943751174,fechner
559,15_epo,4.0,0.9999909820563591,fechner
560,15_epo,5.0,0.9998339704603856,fechner
561,15_epo,6.0,0.9991151379010405,fechner
562,15_epo,7.000000000000001,0.9973204242092224,fechner
563,15_epo,8.0,0.9940746000212918,fechner
564,15_epo,9.0,0.9892265857237847,fechner
565,15_epo,10.0,0.9828211415598265,fechner
566,15_epo,11.0,0.9750324032881291,fechner
567,15_epo,12.0,0.9661002932462095,fechner
568,15_epo,13.0,0.9562835514137935,fechner
569,15_epo,14.000000000000002,0.9458301538372931,fechner
570,15_epo,15.0,0.9349614153105194,fechner
571,15_epo,16.0,0.9238654370592355,fechner
572,15_epo,17.0,0.9126962975126364,fechner
573,15_epo,18.0,0.9015764035801631,fechner
574,15_epo,19.0,0.890600314100329,fechner
575,15_epo,20.0,0.8798390132163177,fechner
576,15_epo,21.0,0.8693440639658286,fechner
577,15_epo,22.0,0.8591513601132001,fechner
578,15_epo,23.0,0.8492843667367163,fechner
579,15_epo,24.0,0.8397568369640059,fechner
580,15_epo,25.0,0.8305750419609458,fechner
581,15_epo,26.0,0.8217395729129483,fechner
582,15_epo,27.0,0.8132467795126384,fechner
583,15_epo,28.000000000000004,0.8050899069067884,fechner
584,15_epo,28.999999999999996,0.7972599866147677,fechner
585,15_epo,30.0,0.789746529138934,fechner
586,15_epo,31.0,0.7825380581968682,fechner
587,15_epo,32.0,0.775622519374249,fechner
588,15_epo,33.0,0.7689875897880442,fechner
589,15_epo,34.0,0.7626209101107633,fechner
590,15_epo,35.0,0.7565102559780743,fechner
591,15_epo,36.0,0.7506436622778835,fechner
592,15_epo,37.0,0.7450095109793093,fechner
593,15_epo,38.0,0.7395965908891677,fechner
594,15_epo,39.0,0.7343941359177444,fechner
595,15_epo,40.0,0.7293918470054654,fechner
596,15_epo,41.0,0.7245799017329404,fechner
597,15_epo,42.0,0.7199489547474635,fechner
598,15_epo,43.0,0.7154901314398031,fechner
599,15_epo,44.0,0.7111950167561675,fechner
600,15_epo,45.0,0.7070556405998039,fechner
601,15_epo,46.0,0.703064460939648,fechner
602,15_epo,47.0,0.699214345479779,fechner
603,15_epo,48.0,0.6954985525375055,fechner
604,15_epo,49.0,0.691910711617285,fechner
605,15_epo,50.0,0.6884448040426376,fechner
606,15_epo,51.0,0.6850951439111032,fechner
607,15_epo,52.0,0.6818563595620771,fechner
608,15_epo,53.0,0.6787233756893245,fechner
609,15_epo,54.0,0.6756913961853922,fechner
610,15_epo,55.00000000000001,0.6727558877711013,fechner
611,15_epo,56.00000000000001,0.6699125644374951,fechner
612,15_epo,56.99999999999999,0.6671573727082554,fechner
613,15_epo,57.99999999999999,0.6644864777162462,fechner
614,15_epo,59.0,0.6618962500774043,fechner
615,15_epo,60.0,0.6593832535377546,fechner
616,15_epo,61.0,0.6569442333642502,fechner
617,15_epo,62.0,0.654576105446831,fechner
618,15_epo,63.0,0.6522759460771673,fechner
619,15_epo,64.0,0.6500409823686597,fechner
620,15_epo,65.0,0.647868583282151,fechner
621,15_epo,66.0,0.6457562512222519,fechner
622,15_epo,67.0,0.6437016141700631,fechner
623,15_epo,68.0,0.6417024183192228,fechner
624,15_epo,69.0,0.6397565211835742,fechner
625,15_epo,70.0,0.6378618851462198,fechner
626,15_epo,71.0,0.6360165714212856,fechner
627,15_epo,72.0,0.6342187344012853,fechner
628,15_epo,73.0,0.632466616364548,fechner
629,15_epo,74.0,0.6307585425187126,fechner
630,15_epo,75.0,0.629092916357792,fechner
631,15_epo,76.0,0.6274682153117458,fechner
632,15_epo,77.0,0.625882986668886,fechner
633,15_epo,78.0,0.6243358437527387,fechner
634,15_epo,79.0,0.6228254623362355,fechner
635,15_epo,80.0,0.6213505772772722,fechner
636,15_epo,81.0,0.6199099793607608,fechner
637,15_epo,82.0,0.618502512333353,fechner
638,15_epo,83.0,0.6171270701179482,fechner
639,15_epo,84.0,0.6157825941960202,fechner
640,15_epo,85.0,0.6144680711466262,fechner
641,15_epo,86.0,0.6131825303317399,fechner
642,15_epo,87.0,0.6119250417182805,fechner
643,15_epo,88.0,0.6106947138278896,fechner
644,15_epo,89.0,0.6094906918061213,fechner
645,15_epo,90.0,0.6083121556033096,fechner
646,15_epo,91.0,0.6071583182599063,fechner
647,15_epo,92.0,0.6060284242895854,fechner
648,15_epo,93.0,0.6049217481538866,fechner
649,15_epo,94.0,0.603837592822582,fechner
650,15_epo,95.0,0.6027752884143712,fechner
651,16_epo,3.0,0.5000185857481713,fechner
652,16_epo,4.0,0.5000113653718792,fechner
653,16_epo,5.0,0.5000085151889552,fechner
654,16_epo,6.0,0.500006877361963,fechner
655,16_epo,7.000000000000001,0.5000057915534785,fechner
656,16_epo,8.0,0.5000050119159871,fechner
657,16_epo,9.0,0.5000044222127566,fechner
658,16_epo,10.0,0.5000039593373884,fechner
659,16_epo,11.0,0.5000035857296932,fechner
660,16_epo,12.0,0.500003277503832,fechner
661,16_epo,13.0,0.5000030186864964,fechner
662,16_epo,14.000000000000002,0.5000027981635419,fechner
663,16_epo,15.0,0.5000026079488668,fechner
664,16_epo,16.0,0.5000024421487691,fechner
665,16_epo,17.0,0.5000022963145704,fechner
666,16_epo,18.0,0.5000021670228484,fechner
667,16_epo,19.0,0.5000020515946688,fechner
668,16_epo,20.0,0.5000019479027007,fechner
669,16_epo,21.0,0.500001854235591,fechner
670,16_epo,22.0,0.5000017692006292,fechner
671,16_epo,23.0,0.5000016916526185,fechner
672,16_epo,24.0,0.5000016206410453,fechner
673,16_epo,25.0,0.5000015553702679,fechner
674,16_epo,26.0,0.5000014951691186,fechner
675,16_epo,27.0,0.5000014394674127,fechner
676,16_epo,28.000000000000004,0.500001387777598,fechner
677,16_epo,28.999999999999996,0.5000013396802732,fechner
678,16_epo,30.0,0.5000012948126572,fechner
679,16_epo,31.0,0.5000012528593261,fechner
680,16_epo,32.0,0.5000012135447147,fechner
681,16_epo,33.0,0.5000011766270026,fechner
682,16_epo,34.0,0.5000011418930927,fechner
683,16_epo,35.0,0.5000011091544633,fechner
684,16_epo,36.0,0.5000010782437184,fechner
685,16_epo,37.0,0.5000010490117055,fechner
686,16_epo,38.0,0.5000010213250927,fechner
687,16_epo,39.0,0.5000009950643222,fechner
688,16_epo,40.0,0.5000009701218743,fechner
689,16_epo,41.0,0.5000009464007876,fechner
690,16_epo,42.0,0.5000009238133929,fechner
691,16_epo,43.0,0.5000009022802244,fechner
692,16_epo,44.0,0.5000008817290815,fechner
693,16_epo,45.0,0.500000862094216,fechner
694,16_epo,46.0,0.5000008433156266,fechner
695,16_epo,47.0,0.5000008253384435,fechner
696,16_epo,48.0,0.5000008081123912,fechner
697,16_epo,49.0,0.500000791591317,fechner
698,16_epo,50.0,0.5000007757327765,fechner
699,16_epo,51.0,0.500000760497668,fechner
700,16_epo,52.0,0.5000007458499095,fechner
701,16_epo,53.0,0.5000007317561534,fechner
702,16_epo,54.0,0.5000007181855312,fechner
703,16_epo,55.00000000000001,0.5000007051094267,fechner
704,16_epo,56.00000000000001,0.5000006925012759,fechner
705,16_epo,56.99999999999999,0.5000006803363845,fechner
706,16_epo,57.99999999999999,0.5000006685917667,fechner
707,16_epo,59.0,0.5000006572460002,fechner
708,16_epo,60.0,0.5000006462790949,fechner
709,16_epo,61.0,0.5000006356723755,fechner
710,16_epo,62.0,0.5000006254083748,fechner
711,16_epo,63.0,0.5000006154707376,fechner
712,16_epo,64.0,0.5000006058441339,fechner
713,16_epo,65.0,0.500000596514179,fechner
714,16_epo,66.0,0.5000005874673628,fechner
715,16_epo,67.0,0.500000578690983,fechner
716,16_epo,68.0,0.5000005701730865,fechner
717,16_epo,69.0,0.5000005619024152,fechner
718,16_epo,70.0,0.5000005538683548,fechner
719,16_epo,71.0,0.5000005460608911,fechner
720,16_epo,72.0,0.5000005384705668,fechner
721,16_epo,73.0,0.5000005310884442,fechner
722,16_epo,74.0,0.5000005239060696,fechner
723,16_epo,75.0,0.5000005169154409,fechner
724,16_epo,76.0,0.5000005101089782,fechner
725,16_epo,77.0,0.5000005034794955,fechner
726,16_epo,78.0,0.5000004970201769,fechner
727,16_epo,79.0,0.5000004907245513,fechner
728,16_epo,80.0,0.5000004845864722,fechner
729,16_epo,81.0,0.5000004786000969,fechner
730,16_epo,82.0,0.5000004727598684,fechner
731,16_epo,83.0,0.5000004670604975,fechner
732,16_epo,84.0,0.5000004614969478,fechner
733,16_epo,85.0,0.5000004560644198,fechner
734,16_epo,86.0,0.5000004507583378,fechner
735,16_epo,87.0,0.5000004455743366,fechner
736,16_epo,88.0,0.50000044050825,fechner
737,16_epo,89.0,0.5000004355560989,fechner
738,16_epo,90.0,0.5000004307140815,fechner
739,16_epo,91.0,0.5000004259785634,fechner
740,16_epo,92.0,0.5000004213460683,fechner
741,16_epo,93.0,0.5000004168132696,fechner
742,16_epo,94.0,0.5000004123769822,fechner
743,16_epo,95.0,0.500000408034156,fechner
744,17_epo,3.0,1.0,fechner
745,17_epo,4.0,0.9999999999999378,fechner
746,17_epo,5.0,0.9999999998724813,fechner
747,17_epo,6.0,0.9999999897979882,fechner
748,17_epo,7.000000000000001,0.9999998136339846,fechner
749,17_epo,8.0,0.9999984993325584,fechner
750,17_epo,9.0,0.999992730548596,fechner
751,17_epo,10.0,0.9999749191104041,fechner
752,17_epo,11.0,0.9999318530266095,fechner
753,17_epo,12.0,0.9998445613477237,fechner
754,17_epo,13.0,0.9996893791774596,fechner
755,17_epo,14.000000000000002,0.9994397730418022,fechner
756,17_epo,15.0,0.9990684051863343,fechner
757,17_epo,16.0,0.9985490361326989,fechner
758,17_epo,17.0,0.9978580394177495,fechner
759,17_epo,18.0,0.9969754500103689,fechner
760,17_epo,19.0,0.995885564520071,fechner
761,17_epo,20.0,0.9945771617838011,fechner
762,17_epo,21.0,0.9930434304342943,fechner
763,17_epo,22.0,0.9912816887789053,fechner
764,17_epo,23.0,0.9892929714238249,fechner
765,17_epo,24.0,0.9870815426860279,fechner
766,17_epo,25.0,0.9846543823759986,fechner
767,17_epo,26.0,0.9820206766760012,fechner
768,17_epo,27.0,0.9791913362012754,fechner
769,17_epo,28.000000000000004,0.9761785549676802,fechner
770,17_epo,28.999999999999996,0.9729954176791367,fechner
771,17_epo,30.0,0.9696555581677722,fechner
772,17_epo,31.0,0.9661728686302761,fechner
773,17_epo,32.0,0.9625612571950539,fechner
774,17_epo,33.0,0.9588344500607362,fechner
775,17_epo,34.0,0.9550058337502585,fechner
776,17_epo,35.0,0.9510883327538452,fechner
777,17_epo,36.0,0.9470943178557124,fechner
778,17_epo,37.0,0.9430355406524668,fechner
779,17_epo,38.0,0.9389230901014717,fechner
780,17_epo,39.0,0.9347673673309195,fechner
781,17_epo,40.0,0.9305780753619045,fechner
782,17_epo,41.0,0.9263642208104776,fechner
783,17_epo,42.0,0.9221341250374446,fechner
784,17_epo,43.0,0.9178954425852313,fechner
785,17_epo,44.0,0.9136551850788645,fechner
786,17_epo,45.0,0.9094197490696742,fechner
787,17_epo,46.0,0.905194946565813,fechner
788,17_epo,47.0,0.9009860372244682,fechner
789,17_epo,48.0,0.8967977613791925,fechner
790,17_epo,49.0,0.892634373244894,fechner
791,17_epo,50.0,0.8884996737858101,fechner
792,17_epo,51.0,0.8843970428513124,fechner
793,17_epo,52.0,0.8803294702835949,fechner
794,17_epo,53.0,0.8762995857829509,fechner
795,17_epo,54.0,0.8723096873829446,fechner
796,17_epo,55.00000000000001,0.8683617684416155,fechner
797,17_epo,56.00000000000001,0.8644575430978699,fechner
798,17_epo,56.99999999999999,0.8605984701762075,fechner
799,17_epo,57.99999999999999,0.8567857755493871,fechner
800,17_epo,59.0,0.8530204729888746,fechner
801,17_epo,60.0,0.8493033835480324,fechner
802,17_epo,61.0,0.8456351535339636,fechner
803,17_epo,62.0,0.8420162711315194,fechner
804,17_epo,63.0,0.8384470817478329,fechner
805,17_epo,64.0,0.834927802148484,fechner
806,17_epo,65.0,0.8314585334574347,fechner
807,17_epo,66.0,0.8280392730925825,fechner
808,17_epo,67.0,0.8246699257075382,fechner
809,17_epo,68.0,0.8213503132081887,fechner
810,17_epo,69.0,0.8180801839100748,fechner
811,17_epo,70.0,0.814859220899669,fechner
812,17_epo,71.0,0.8116870496594899,fechner
813,17_epo,72.0,0.8085632450136702,fechner
814,17_epo,73.0,0.8054873374472574,fechner
815,17_epo,74.0,0.8024588188491565,fechner
816,17_epo,75.0,0.7994771477253594,fechner
817,17_epo,76.0,0.7965417539258868,fechner
818,17_epo,77.0,0.7936520429258037,fechner
819,17_epo,78.0,0.7908073996977165,fechner
820,17_epo,79.0,0.7880071922103777,fechner
821,17_epo,80.0,0.7852507745853697,fechner
822,17_epo,81.0,0.7825374899413587,fechner
823,17_epo,82.0,0.7798666729531001,fechner
824,17_epo,83.0,0.7772376521501614,fechner
825,17_epo,84.0,0.7746497519783513,fechner
826,17_epo,85.0,0.7721022946449295,fechner
827,17_epo,86.0,0.7695946017669376,fechner
828,17_epo,87.0,0.7671259958403744,fechner
829,17_epo,88.0,0.76469580154646,fechner
830,17_epo,89.0,0.7623033469098376,fechner
831,17_epo,90.0,0.7599479643223112,fechner
832,17_epo,91.0,0.7576289914445444,fechner
833,17_epo,92.0,0.7553457719970699,fechner
834,17_epo,93.0,0.7530976564509948,fechner
835,17_epo,94.0,0.7508840026278472,fechner
836,17_epo,95.0,0.7487041762172254,fechner
837,18_epo,3.0,0.843038228348831,fechner
838,18_epo,4.0,0.7365191466826406,fechner
839,18_epo,5.0,0.683556879064306,fechner
840,18_epo,6.0,0.6506803617336665,fechner
841,18_epo,7.000000000000001,0.6280414907363425,fechner
842,18_epo,8.0,0.6114256140536238,fechner
843,18_epo,9.0,0.5986809986214205,fechner
844,18_epo,10.0,0.5885821059916035,fechner
845,18_epo,11.0,0.5803756285440833,fechner
846,18_epo,12.0,0.5735714574396228,fechner
847,18_epo,13.0,0.5678362893522624,fechner
848,18_epo,14.000000000000002,0.5629352398485122,fechner
849,18_epo,15.0,0.5586978515253832,fechner
850,18_epo,16.0,0.5549973347131595,fechner
851,18_epo,17.0,0.5517373767175914,fechner
852,18_epo,18.0,0.5488434749200508,fechner
853,18_epo,19.0,0.5462570765525023,fechner
854,18_epo,20.0,0.5439315164076229,fechner
855,18_epo,21.0,0.5418291387794344,fechner
856,18_epo,22.0,0.5399192186970875,fechner
857,18_epo,23.0,0.5381764344385974,fechner
858,18_epo,24.0,0.5365797276812159,fechner
859,18_epo,25.0,0.5351114409917944,fechner
860,18_epo,26.0,0.5337566568797822,fechner
861,18_epo,27.0,0.5325026854417982,fechner
862,18_epo,28.000000000000004,0.5313386629812094,fechner
863,18_epo,28.999999999999996,0.5302552345026285,fechner
864,18_epo,30.0,0.5292443002980914,fechner
865,18_epo,31.0,0.5282988120062893,fechner
866,18_epo,32.0,0.5274126072204712,fechner
867,18_epo,33.0,0.5265802743957924,fechner
868,18_epo,34.0,0.5257970417662982,fechner
869,18_epo,35.0,0.5250586854322294,fechner
870,18_epo,36.0,0.5243614528627523,fechner
871,18_epo,37.0,0.5237019988775145,fechner
872,18_epo,38.0,0.5230773317932725,fechner
873,18_epo,39.0,0.5224847678998098,fechner
874,18_epo,40.0,0.5219218927989726,fechner
875,18_epo,41.0,0.5213865284285578,fechner
876,18_epo,42.0,0.5208767048185643,fechner
877,18_epo,43.0,0.5203906358055487,fechner
878,18_epo,44.0,0.5199266980723688,fechner
879,18_epo,45.0,0.5194834129936662,fechner
880,18_epo,46.0,0.519059430858263,fechner
881,18_epo,47.0,0.5186535171129887,fechner
882,18_epo,48.0,0.5182645403319657,fechner
883,18_epo,49.0,0.5178914616639169,fechner
884,18_epo,50.0,0.5175333255498147,fechner
885,18_epo,51.0,0.5171892515358958,fechner
886,18_epo,52.0,0.5168584270340917,fechner
887,18_epo,53.0,0.5165401009043362,fechner
888,18_epo,54.0,0.5162335777518804,fechner
889,18_epo,55.00000000000001,0.5159382128483374,fechner
890,18_epo,56.00000000000001,0.5156534075982673,fechner
891,18_epo,56.99999999999999,0.515378605484118,fechner
892,18_epo,57.99999999999999,0.5151132884316326,fechner
893,18_epo,59.0,0.5148569735457117,fechner
894,18_epo,60.0,0.5146092101733973,fechner
895,18_epo,61.0,0.5143695772563528,fechner
896,18_epo,62.0,0.514137680940075,fechner
897,18_epo,63.0,0.5139131524112488,fechner
898,18_epo,64.0,0.5136956459382364,fechner
899,18_epo,65.0,0.5134848370927775,fechner
900,18_epo,66.0,0.513280421133643,fechner
901,18_epo,67.0,0.5130821115352878,fechner
902,18_epo,68.0,0.5128896386465446,fechner
903,18_epo,69.0,0.5127027484661462,fechner
904,18_epo,70.0,0.5125212015233677,fechner
905,18_epo,71.0,0.512344771853408,fechner
906,18_epo,72.0,0.5121732460582854,fechner
907,18_epo,73.0,0.5120064224450301,fechner
908,18_epo,74.0,0.5118441102338537,fechner
909,18_epo,75.0,0.5116861288297506,fechner
910,18_epo,76.0,0.5115323071516837,fechner
911,18_epo,77.0,0.5113824830141076,fechner
912,18_epo,78.0,0.5112365025561281,fechner
913,18_epo,79.0,0.5110942197140705,fechner
914,18_epo,80.0,0.5109554957336536,fechner
915,18_epo,81.0,0.5108201987183391,fechner
916,18_epo,82.0,0.5106882032107696,fechner
917,18_epo,83.0,0.5105593898044958,fechner
918,18_epo,84.0,0.5104336447834686,fechner
919,18_epo,85.0,0.510310859787006,fechner
920,18_epo,86.0,0.5101909314981578,fechner
921,18_epo,87.0,0.5100737613535858,fechner
922,18_epo,88.0,0.5099592552732432,fechner
923,18_epo,89.0,0.509847323408296,fechner
924,18_epo,90.0,0.509737879905866,fechner
925,18_epo,91.0,0.509630842689299,fechner
926,18_epo,92.0,0.5095261332527764,fechner
927,18_epo,93.0,0.5094236764691897,fechner
928,18_epo,94.0,0.5093234004102895,fechner
929,18_epo,95.0,0.5092252361782015,fechner
930,19_epo,3.0,0.5176670855390556,fechner
931,19_epo,4.0,0.5108064168388646,fechner
932,19_epo,5.0,0.5080969605293558,fechner
933,19_epo,6.0,0.5065397751307779,fechner
934,19_epo,7.000000000000001,0.5055073567169045,fechner
935,19_epo,8.0,0.5047660251430509,fechner
936,19_epo,9.0,0.5042052816966117,fechner
937,19_epo,10.0,0.503765130230703,fechner
938,19_epo,11.0,0.5034098597392689,fechner
939,19_epo,12.0,0.5031167594393549,fechner
940,19_epo,13.0,0.5028706413786208,fechner
941,19_epo,14.000000000000002,0.502660937623336,fechner
942,19_epo,15.0,0.5024800544213721,fechner
943,19_epo,16.0,0.5023223875454869,fechner
944,19_epo,17.0,0.5021837067706816,fechner
945,19_epo,18.0,0.5020607567534322,fechner
946,19_epo,19.0,0.5019509900666581,fechner
947,19_epo,20.0,0.5018523837959803,fechner
948,19_epo,21.0,0.5017633105781861,fechner
949,19_epo,22.0,0.5016824460488452,fechner
950,19_epo,23.0,0.5016087012055818,fechner
951,19_epo,24.0,0.5015411721733761,fechner
952,19_epo,25.0,0.5014791023480124,fechner
953,19_epo,26.0,0.5014218534900132,fechner
954,19_epo,27.0,0.5013688833875295,fechner
955,19_epo,28.000000000000004,0.501319728405995,fechner
956,19_epo,28.999999999999996,0.5012739897183662,fechner
957,19_epo,30.0,0.5012313223391195,fechner
958,19_epo,31.0,0.5011914263165078,fechner
959,19_epo,32.0,0.5011540396023225,fechner
960,19_epo,33.0,0.5011189322372277,fechner
961,19_epo,34.0,0.5010859015764565,fechner
962,19_epo,35.0,0.5010547683446503,fechner
963,19_epo,36.0,0.5010253733563197,fechner
964,19_epo,37.0,0.5009975747743035,fechner
965,19_epo,38.0,0.5009712458058628,fechner
966,19_epo,39.0,0.5009462727569105,fechner
967,19_epo,40.0,0.5009225533809902,fechner
968,19_epo,41.0,0.500899995472134,fechner
969,19_epo,42.0,0.5008785156605327,fechner
970,19_epo,43.0,0.5008580383776806,fechner
971,19_epo,44.0,0.5008384949637793,fechner
972,19_epo,45.0,0.5008198228950739,fechner
973,19_epo,46.0,0.5008019651127155,fechner
974,19_epo,47.0,0.5007848694379063,fechner
975,19_epo,48.0,0.5007684880606454,fechner
976,19_epo,49.0,0.5007527770914829,fechner
977,19_epo,50.0,0.5007376961673972,fechner
978,19_epo,51.0,0.5007232081043171,fechner
979,19_epo,52.0,0.5007092785899665,fechner
980,19_epo,53.0,0.5006958759116731,fechner
981,19_epo,54.0,0.5006829707145803,fechner
982,19_epo,55.00000000000001,0.5006705357863728,fechner
983,19_epo,56.00000000000001,0.5006585458651769,fechner
984,19_epo,56.99999999999999,0.5006469774677816,fechner
985,19_epo,57.99999999999999,0.5006358087357088,fechner
986,19_epo,59.0,0.5006250192970071,fechner
987,19_epo,60.0,0.5006145901419259,fechner
988,19_epo,61.0,0.5006045035108674,fechner
989,19_epo,62.0,0.5005947427932262,fechner
990,19_epo,63.0,0.5005852924359006,fechner
991,19_epo,64.0,0.5005761378604113,fechner
992,19_epo,65.0,0.5005672653877012,fechner
993,19_epo,66.0,0.500558662169793,fechner
994,19_epo,67.0,0.5005503161275884,fechner
995,19_epo,68.0,0.5005422158941755,fechner
996,19_epo,69.0,0.5005343507630791,fechner
997,19_epo,70.0,0.5005267106409628,fechner
998,19_epo,71.0,0.5005192860043381,fechner
999,19_epo,72.0,0.500512067859894,fechner
1000,19_epo,73.0,0.5005050477080942,fechner
1001,19_epo,74.0,0.5004982175097356,fechner
1002,19_epo,75.0,0.5004915696551886,fechner
1003,19_epo,76.0,0.5004850969360727,fechner
1004,19_epo,77.0,0.5004787925191445,fechner
1005,19_epo,78.0,0.5004726499221992,fechner
1006,19_epo,79.0,0.5004666629918071,fechner
1007,19_epo,80.0,0.5004608258827238,fechner
1008,19_epo,81.0,0.5004551330388289,fechner
1009,19_epo,82.0,0.5004495791754631,fechner
1010,19_epo,83.0,0.5004441592630435,fechner
1011,19_epo,84.0,0.5004388685118542,fechner
1012,19_epo,85.0,0.5004337023579097,fechner
1013,19_epo,86.0,0.5004286564498098,fechner
1014,19_epo,87.0,0.5004237266365004,fechner
1015,19_epo,88.0,0.5004189089558707,fechner
1016,19_epo,89.0,0.5004141996241227,fechner
1017,19_epo,90.0,0.5004095950258483,fechner
1018,19_epo,91.0,0.5004050917047622,fechner
1019,19_epo,92.0,0.5004006863550421,fechner
1020,19_epo,93.0,0.5003963758132265,fechner
1021,19_epo,94.0,0.5003921570506311,fechner
1022,19_epo,95.0,0.5003880271662458,fechner
1023,1_epo,3.0,0.9999999999986104,fechner
1024,1_epo,4.0,0.9999999438641505,fechner
1025,1_epo,5.0,0.9999963053929082,fechner
1026,1_epo,6.0,0.9999590328639769,fechner
1027,1_epo,7.000000000000001,0.9997981269609437,fechner
1028,1_epo,8.0,0.9993657283061126,fechner
1029,1_epo,9.0,0.9984930163643565,fechner
1030,1_epo,10.0,0.997029893560108,fechner
1031,1_epo,11.0,0.9948692585677572,fechner
1032,1_epo,12.0,0.9919546561422968,fechner
1033,1_epo,13.0,0.9882767263399782,fechner
1034,1_epo,14.000000000000002,0.9838641308500273,fechner
1035,1_epo,15.0,0.9787729166659438,fechner
1036,1_epo,16.0,0.973076545805961,fechner
1037,1_epo,17.0,0.9668575931724604,fechner
1038,1_epo,18.0,0.9602013792316502,fechner
1039,1_epo,19.0,0.9531914197145545,fechner
1040,1_epo,20.0,0.9459064085058083,fechner
1041,1_epo,21.0,0.9384184070822399,fechner
1042,1_epo,22.0,0.9307919334763665,fechner
1043,1_epo,23.0,0.9230836898252,fechner
1044,1_epo,24.0,0.9153427203752741,fechner
1045,1_epo,25.0,0.907610841495303,fechner
1046,1_epo,26.0,0.8999232276564683,fechner
1047,1_epo,27.0,0.8923090714326161,fechner
1048,1_epo,28.000000000000004,0.8847922618367965,fechner
1049,1_epo,28.999999999999996,0.8773920448747596,fechner
1050,1_epo,30.0,0.8701236443485246,fechner
1051,1_epo,31.0,0.8629988308965764,fechner
1052,1_epo,32.0,0.8560264340509629,fechner
1053,1_epo,33.0,0.849212796567282,fechner
1054,1_epo,34.0,0.8425621730972854,fechner
1055,1_epo,35.0,0.8360770769223285,fechner
1056,1_epo,36.0,0.829758579316777,fechner
1057,1_epo,37.0,0.8236065664304588,fechner
1058,1_epo,38.0,0.8176199585582766,fechner
1059,1_epo,39.0,0.8117968964361254,fechner
1060,1_epo,40.0,0.8061348988564183,fechner
1061,1_epo,41.0,0.8006309954949973,fechner
1062,1_epo,42.0,0.7952818384237959,fechner
1063,1_epo,43.0,0.7900837953753391,fechner
1064,1_epo,44.0,0.7850330274407745,fechner
1065,1_epo,45.0,0.7801255535304217,fechner
1066,1_epo,46.0,0.7753573036082331,fechner
1067,1_epo,47.0,0.7707241624293618,fechner
1068,1_epo,48.0,0.7662220052619942,fechner
1069,1_epo,49.0,0.7618467268582563,fechner
1070,1_epo,50.0,0.7575942647515531,fechner
1071,1_epo,51.0,0.7534606177960677,fechner
1072,1_epo,52.0,0.7494418607253439,fechner
1073,1_epo,53.0,0.7455341553880871,fechner
1074,1_epo,54.0,0.7417337592178784,fechner
1075,1_epo,55.00000000000001,0.7380370314071242,fechner
1076,1_epo,56.00000000000001,0.7344404371820725,fechner
1077,1_epo,56.99999999999999,0.730940550513353,fechner
1078,1_epo,57.99999999999999,0.7275340555435815,fechner
1079,1_epo,59.0,0.7242177469687419,fechner
1080,1_epo,60.0,0.7209885295721018,fechner
1081,1_epo,61.0,0.7178434170773113,fechner
1082,1_epo,62.0,0.714779530460198,fechner
1083,1_epo,63.0,0.711794095835836,fechner
1084,1_epo,64.0,0.7088844420181024,fechner
1085,1_epo,65.0,0.7060479978326035,fechner
1086,1_epo,66.0,0.703282289250057,fechner
1087,1_epo,67.0,0.7005849363956232,fechner
1088,1_epo,68.0,0.6979536504798756,fechner
1089,1_epo,69.0,0.6953862306888854,fechner
1090,1_epo,70.0,0.6928805610639657,fechner
1091,1_epo,71.0,0.6904346073958118,fechner
1092,1_epo,72.0,0.688046414152901,fechner
1093,1_epo,73.0,0.6857141014599322,fechner
1094,1_epo,74.0,0.6834358621386644,fechner
1095,1_epo,75.0,0.6812099588206832,fechner
1096,1_epo,76.0,0.6790347211392305,fechner
1097,1_epo,77.0,0.6769085430052852,fechner
1098,1_epo,78.0,0.6748298799714411,fechner
1099,1_epo,79.0,0.6727972466857934,fechner
1100,1_epo,80.0,0.6708092144369453,fechner
1101,1_epo,81.0,0.6688644087903405,fechner
1102,1_epo,82.0,0.6669615073154233,fechner
1103,1_epo,83.0,0.6650992374025116,fechner
1104,1_epo,84.0,0.6632763741678417,fechner
1105,1_epo,85.0,0.661491738444858,fechner
1106,1_epo,86.0,0.6597441948595534,fechner
1107,1_epo,87.0,0.6580326499874534,fechner
1108,1_epo,88.0,0.6563560505896965,fechner
1109,1_epo,89.0,0.654713381925554,fechner
1110,1_epo,90.0,0.653103666138672,fechner
1111,1_epo,91.0,0.6515259607142969,fechner
1112,1_epo,92.0,0.6499793570047295,fechner
1113,1_epo,93.0,0.6484629788202949,fechner
1114,1_epo,94.0,0.6469759810831194,fechner
1115,1_epo,95.0,0.6455175485410911,fechner
1116,20_epo,3.0,0.999999998777386,fechner
1117,20_epo,4.0,0.9999964536116485,fechner
1118,20_epo,5.0,0.9999174828545642,fechner
1119,20_epo,6.0,0.999496761478383,fechner
1120,20_epo,7.000000000000001,0.9983328972508377,fechner
1121,20_epo,8.0,0.9960658886270317,fechner
1122,20_epo,9.0,0.9924825430452576,fechner
1123,20_epo,10.0,0.9875299521872928,fechner
1124,20_epo,11.0,0.9812814038723594,fechner
1125,20_epo,12.0,0.9738905243875849,fechner
1126,20_epo,13.0,0.9655509020763942,fechner
1127,20_epo,14.000000000000002,0.9564665350633702,fechner
1128,20_epo,15.0,0.9468328534095202,fechner
1129,20_epo,16.0,0.9368260990907924,fechner
1130,20_epo,17.0,0.9265985790508858,fechner
1131,20_epo,18.0,0.91627768967018,fechner
1132,20_epo,19.0,0.9059671500292729,fechner
1133,20_epo,20.0,0.8957493740399973,fechner
1134,20_epo,21.0,0.8856882960809679,fechner
1135,20_epo,22.0,0.8758322396525463,fechner
1136,20_epo,23.0,0.866216603338151,fechner
1137,20_epo,24.0,0.856866256336645,fechner
1138,20_epo,25.0,0.8477976073762786,fechner
1139,20_epo,26.0,0.8390203515866188,fechner
1140,20_epo,27.0,0.8305389210818077,fechner
1141,20_epo,28.000000000000004,0.8223536742160285,fechner
1142,20_epo,28.999999999999996,0.8144618607067787,fechner
1143,20_epo,30.0,0.8068583982541465,fechner
1144,20_epo,31.0,0.7995364928615971,fechner
1145,20_epo,32.0,0.7924881309371745,fechner
1146,20_epo,33.0,0.7857044670710776,fechner
1147,20_epo,34.0,0.7791761274836703,fechner
1148,20_epo,35.0,0.7728934456689024,fechner
1149,20_epo,36.0,0.7668466437670671,fechner
1150,20_epo,37.0,0.7610259706750773,fechner
1151,20_epo,38.0,0.7554218058007197,fechner
1152,20_epo,39.0,0.7500247356370167,fechner
1153,20_epo,40.0,0.7448256089193739,fechner
1154,20_epo,41.0,0.7398155749803956,fechner
1155,20_epo,42.0,0.7349861089892489,fechner
1156,20_epo,43.0,0.7303290270147206,fechner
1157,20_epo,44.0,0.7258364932501858,fechner
1158,20_epo,45.0,0.7215010212566823,fechner
1159,20_epo,46.0,0.7173154706943343,fechner
1160,20_epo,47.0,0.7132730407036674,fechner
1161,20_epo,48.0,0.7093672608517813,fechner
1162,20_epo,49.0,0.7055919803615608,fechner
1163,20_epo,50.0,0.7019413561852332,fechner
1164,20_epo,51.0,0.6984098403586642,fechner
1165,20_epo,52.0,0.6949921669734166,fechner
1166,20_epo,53.0,0.6916833390246956,fechner
1167,20_epo,54.0,0.688478615330727,fechner
1168,20_epo,55.00000000000001,0.6853734976696206,fechner
1169,20_epo,56.00000000000001,0.6823637182407016,fechner
1170,20_epo,56.99999999999999,0.679445227526556,fechner
1171,20_epo,57.99999999999999,0.6766141826079681,fechner
1172,20_epo,59.0,0.6738669359651446,fechner
1173,20_epo,60.0,0.671200024784074,fechner
1174,20_epo,61.0,0.668610160775692,fechner
1175,20_epo,62.0,0.6660942205070112,fechner
1176,20_epo,63.0,0.6636492362369835,fechner
1177,20_epo,64.0,0.6612723872451592,fechner
1178,20_epo,65.0,0.6589609916378136,fechner
1179,20_epo,66.0,0.656712498613862,fechner
1180,20_epo,67.0,0.6545244811713629,fechner
1181,20_epo,68.0,0.6523946292344882,fechner
1182,20_epo,69.0,0.6503207431804424,fechner
1183,20_epo,70.0,0.6483007277457579,fechner
1184,20_epo,71.0,0.6463325862916385,fechner
1185,20_epo,72.0,0.644414415408474,fechner
1186,20_epo,73.0,0.6425443998402404,fechner
1187,20_epo,74.0,0.6407208077102051,fechner
1188,20_epo,75.0,0.6389419860301436,fechner
1189,20_epo,76.0,0.6372063564760703,fechner
1190,20_epo,77.0,0.635512411414346,fechner
1191,20_epo,78.0,0.6338587101628509,fechner
1192,20_epo,79.0,0.632243875472759,fechner
1193,20_epo,80.0,0.6306665902172627,fechner
1194,20_epo,81.0,0.6291255942743887,fechner
1195,20_epo,82.0,0.6276196815918245,fechner
1196,20_epo,83.0,0.6261476974223882,fechner
1197,20_epo,84.0,0.624708535719499,fechner
1198,20_epo,85.0,0.6233011366826547,fechner
1199,20_epo,86.0,0.6219244844435576,fechner
1200,20_epo,87.0,0.6205776048841279,fechner
1201,20_epo,88.0,0.6192595635782064,fechner
1202,20_epo,89.0,0.617969463849272,fechner
1203,20_epo,90.0,0.6167064449369983,fechner
1204,20_epo,91.0,0.6154696802659397,fechner
1205,20_epo,92.0,0.6142583758100701,fechner
1206,20_epo,93.0,0.6130717685473135,fechner
1207,20_epo,94.0,0.6119091249985722,fechner
1208,20_epo,95.0,0.6107697398461341,fechner
1209,21_epo,3.0,0.9999999867375282,fechner
1210,21_epo,4.0,0.9999847630146245,fechner
1211,21_epo,5.0,0.999754065671973,fechner
1212,21_epo,6.0,0.9987850067185049,fechner
1213,21_epo,7.000000000000001,0.9965022501456383,fechner
1214,21_epo,8.0,0.9925440757990085,fechner
1215,21_epo,9.0,0.9868195873415874,fechner
1216,21_epo,10.0,0.9794478407408803,fechner
1217,21_epo,11.0,0.9706709562398104,fechner
1218,21_epo,12.0,0.9607816875905936,fechner
1219,21_epo,13.0,0.9500748875139398,fechner
1220,21_epo,14.000000000000002,0.9388199434388347,fechner
1221,21_epo,15.0,0.9272481488195352,fechner
1222,21_epo,16.0,0.9155494429977,fechner
1223,21_epo,17.0,0.9038743915233742,fechner
1224,21_epo,18.0,0.89233868309572,fechner
1225,21_epo,19.0,0.8810284956999295,fechner
1226,21_epo,20.0,0.8700058184881662,fechner
1227,21_epo,21.0,0.8593132790772618,fechner
1228,21_epo,22.0,0.8489782997063636,fechner
1229,21_epo,23.0,0.839016556669201,fechner
1230,21_epo,24.0,0.8294347931395433,fechner
1231,21_epo,25.0,0.8202330673925734,fechner
1232,21_epo,26.0,0.8114065262229728,fechner
1233,21_epo,27.0,0.8029467889305387,fechner
1234,21_epo,28.000000000000004,0.7948430174186195,fechner
1235,21_epo,28.999999999999996,0.7870827364790052,fechner
1236,21_epo,30.0,0.7796524571415339,fechner
1237,21_epo,31.0,0.7725381459243887,fechner
1238,21_epo,32.0,0.7657255742352855,fechner
1239,21_epo,33.0,0.7592005750513036,fechner
1240,21_epo,34.0,0.7529492282141894,fechner
1241,21_epo,35.0,0.7469579910345658,fechner
1242,21_epo,36.0,0.7412137872116931,fechner
1243,21_epo,37.0,0.735704064168798,fechner
1244,21_epo,38.0,0.7304168266241896,fechner
1245,21_epo,39.0,0.7253406524370073,fechner
1246,21_epo,40.0,0.720464695378433,fechner
1247,21_epo,41.0,0.7157786784000292,fechner
1248,21_epo,42.0,0.7112728801332131,fechner
1249,21_epo,43.0,0.7069381167046487,fechner
1250,21_epo,44.0,0.7027657204498023,fechner
1251,21_epo,45.0,0.6987475167184034,fechner
1252,21_epo,46.0,0.6948757996656897,fechner
1253,21_epo,47.0,0.691143307692201,fechner
1254,21_epo,48.0,0.687543199017179,fechner
1255,21_epo,49.0,0.6840690277343021,fechner
1256,21_epo,50.0,0.6807147205942647,fechner
1257,21_epo,51.0,0.6774745546793561,fechner
1258,21_epo,52.0,0.6743431360750952,fechner
1259,21_epo,53.0,0.6713153795987824,fechner
1260,21_epo,54.0,0.6683864896111296,fechner
1261,21_epo,55.00000000000001,0.6655519419123171,fechner
1262,21_epo,56.00000000000001,0.6628074667058329,fechner
1263,21_epo,56.99999999999999,0.6601490326006908,fechner
1264,21_epo,57.99999999999999,0.6575728316138835,fechner
1265,21_epo,59.0,0.6550752651292104,fechner
1266,21_epo,60.0,0.6526529307652171,fechner
1267,21_epo,61.0,0.6503026101032879,fechner
1268,21_epo,62.0,0.6480212572265381,fechner
1269,21_epo,63.0,0.6458059880206602,fechner
1270,21_epo,64.0,0.6436540701890762,fechner
1271,21_epo,65.0,0.6415629139363995,fechner
1272,21_epo,66.0,0.6395300632761648,fechner
1273,21_epo,67.0,0.6375531879209508,fechner
1274,21_epo,68.0,0.6356300757152571,fechner
1275,21_epo,69.0,0.6337586255738005,fechner
1276,21_epo,70.0,0.6319368408901663,fechner
1277,21_epo,71.0,0.6301628233829843,fechner
1278,21_epo,72.0,0.6284347673489524,fechner
1279,21_epo,73.0,0.6267509542941092,fechner
1280,21_epo,74.0,0.6251097479167127,fechner
1281,21_epo,75.0,0.6235095894169653,fechner
1282,21_epo,76.0,0.6219489931105632,fechner
1283,21_epo,77.0,0.6204265423247126,fechner
1284,21_epo,78.0,0.6189408855567888,fechner
1285,21_epo,79.0,0.6174907328772589,fechner
1286,21_epo,80.0,0.616074852559829,fechner
1287,21_epo,81.0,0.6146920679230202,fechner
1288,21_epo,82.0,0.6133412543685484,fechner
1289,21_epo,83.0,0.6120213366029329,fechner
1290,21_epo,84.0,0.6107312860297824,fechner
1291,21_epo,85.0,0.6094701183011072,fechner
1292,21_epo,86.0,0.608236891016864,fechner
1293,21_epo,87.0,0.6070307015627331,fechner
1294,21_epo,88.0,0.6058506850768512,fechner
1295,21_epo,89.0,0.6046960125368994,fechner
1296,21_epo,90.0,0.6035658889595638,fechner
1297,21_epo,91.0,0.6024595517049692,fechner
1298,21_epo,92.0,0.6013762688792093,fechner
1299,21_epo,93.0,0.6003153378285973,fechner
1300,21_epo,94.0,0.599276083719703,fechner
1301,21_epo,95.0,0.5982578581996753,fechner
1302,22_epo,3.0,0.9424083088989824,fechner
1303,22_epo,4.0,0.8467334639068833,fechner
1304,22_epo,5.0,0.7825478426683332,fechner
1305,22_epo,6.0,0.7377424679238538,fechner
1306,22_epo,7.000000000000001,0.7049487509436971,fechner
1307,22_epo,8.0,0.6799905706136361,fechner
1308,22_epo,9.0,0.6603926752594563,fechner
1309,22_epo,10.0,0.6446109896868444,fechner
1310,22_epo,11.0,0.6316375068959058,fechner
1311,22_epo,12.0,0.6207881647691218,fechner
1312,22_epo,13.0,0.6115832167129086,fechner
1313,22_epo,14.000000000000002,0.6036766373253741,fechner
1314,22_epo,15.0,0.596812761391449,fechner
1315,22_epo,16.0,0.5907986997347102,fechner
1316,22_epo,17.0,0.5854862441711954,fechner
1317,22_epo,18.0,0.5807596722439613,fechner
1318,22_epo,19.0,0.5765273294933002,fechner
1319,22_epo,20.0,0.5727156944530081,fechner
1320,22_epo,21.0,0.5692651139109105,fechner
1321,22_epo,22.0,0.5661266856336455,fechner
1322,22_epo,23.0,0.5632599444273796,fechner
1323,22_epo,24.0,0.5606311203182524,fechner
1324,22_epo,25.0,0.5582118105775336,fechner
1325,22_epo,26.0,0.55597795538944,fechner
1326,22_epo,27.0,0.5539090392279755,fechner
1327,22_epo,28.000000000000004,0.5519874620356306,fechner
1328,22_epo,28.999999999999996,0.5501980395661441,fechner
1329,22_epo,30.0,0.5485276029907126,fechner
1330,22_epo,31.0,0.5469646755175702,fechner
1331,22_epo,32.0,0.545499209293297,fechner
1332,22_epo,33.0,0.544122369880388,fechner
1333,22_epo,34.0,0.5428263585744786,fechner
1334,22_epo,35.0,0.5416042650357145,fechner
1335,22_epo,36.0,0.5404499443709175,fechner
1336,22_epo,37.0,0.5393579140636953,fechner
1337,22_epo,38.0,0.53832326711343,fechner
1338,22_epo,39.0,0.5373415984867537,fechner
1339,22_epo,40.0,0.5364089425615983,fechner
1340,22_epo,41.0,0.5355217196945121,fechner
1341,22_epo,42.0,0.5346766903964392,fechner
1342,22_epo,43.0,0.5338709158828303,fechner
1343,22_epo,44.0,0.5331017239874563,fechner
1344,22_epo,45.0,0.532366679608289,fechner
1345,22_epo,46.0,0.5316635589979392,fechner
1346,22_epo,47.0,0.5309903273277562,fechner
1347,22_epo,48.0,0.5303451190495426,fechner
1348,22_epo,49.0,0.5297262206563097,fechner
1349,22_epo,50.0,0.5291320555070874,fechner
1350,22_epo,51.0,0.5285611704331942,fechner
1351,22_epo,52.0,0.528012223886733,fechner
1352,22_epo,53.0,0.5274839754280916,fechner
1353,22_epo,54.0,0.5269752763792594,fechner
1354,22_epo,55.00000000000001,0.5264850614949013,fechner
1355,22_epo,56.00000000000001,0.5260123415242279,fechner
1356,22_epo,56.99999999999999,0.5255561965544877,fechner
1357,22_epo,57.99999999999999,0.5251157700419228,fechner
1358,22_epo,59.0,0.5246902634487793,fechner
1359,22_epo,60.0,0.5242789314157889,fechner
1360,22_epo,61.0,0.5238810774087823,fechner
1361,22_epo,62.0,0.5234960497859904,fechner
1362,22_epo,63.0,0.5231232382393673,fechner
1363,22_epo,64.0,0.5227620705690892,fechner
1364,22_epo,65.0,0.5224120097554016,fechner
1365,22_epo,66.0,0.5220725512963275,fechner
1366,22_epo,67.0,0.5217432207834953,fechner
1367,22_epo,68.0,0.521423571691611,fechner
1368,22_epo,69.0,0.5211131833599272,fechner
1369,22_epo,70.0,0.5208116591465352,fechner
1370,22_epo,71.0,0.5205186247384631,fechner
1371,22_epo,72.0,0.52023372660245,fechner
1372,22_epo,73.0,0.5199566305629215,fechner
1373,22_epo,74.0,0.5196870204951509,fechner
1374,22_epo,75.0,0.5194245971228648,fechner
1375,22_epo,76.0,0.5191690769106847,fechner
1376,22_epo,77.0,0.5189201910427927,fechner
1377,22_epo,78.0,0.5186776844800902,fechner
1378,22_epo,79.0,0.5184413150889026,fechner
1379,22_epo,80.0,0.5182108528349755,fechner
1380,22_epo,81.0,0.517986079037125,fechner
1381,22_epo,82.0,0.5177667856754545,fechner
1382,22_epo,83.0,0.5175527747495412,fechner
1383,22_epo,84.0,0.5173438576824296,fechner
1384,22_epo,85.0,0.5171398547666664,fechner
1385,22_epo,86.0,0.5169405946489531,fechner
1386,22_epo,87.0,0.5167459138503175,fechner
1387,22_epo,88.0,0.5165556563189745,fechner
1388,22_epo,89.0,0.5163696730133124,fechner
1389,22_epo,90.0,0.5161878215126616,fechner
1390,22_epo,91.0,0.5160099656537094,fechner
1391,22_epo,92.0,0.515835975190611,fechner
1392,22_epo,93.0,0.5156657254770172,fechner
1393,22_epo,94.0,0.5154990971683833,fechner
1394,22_epo,95.0,0.5153359759430705,fechner
1395,23_epo,3.0,0.5000000156630979,fechner
1396,23_epo,4.0,0.500000009578142,fechner
1397,23_epo,5.0,0.5000000071761566,fechner
1398,23_epo,6.0,0.5000000057958816,fechner
1399,23_epo,7.000000000000001,0.5000000048808187,fechner
1400,23_epo,8.0,0.500000004223781,fechner
1401,23_epo,9.0,0.50000000372681,fechner
1402,23_epo,10.0,0.5000000033367228,fechner
1403,23_epo,11.0,0.5000000030218658,fechner
1404,23_epo,12.0,0.5000000027621091,fechner
1405,23_epo,13.0,0.5000000025439914,fechner
1406,23_epo,14.000000000000002,0.5000000023581461,fechner
1407,23_epo,15.0,0.5000000021978431,fechner
1408,23_epo,16.0,0.5000000020581155,fechner
1409,23_epo,17.0,0.500000001935214,fechner
1410,23_epo,18.0,0.5000000018262537,fechner
1411,23_epo,19.0,0.5000000017289769,fechner
1412,23_epo,20.0,0.5000000016415906,fechner
1413,23_epo,21.0,0.5000000015626529,fechner
1414,23_epo,22.0,0.5000000014909899,fechner
1415,23_epo,23.0,0.5000000014256365,fechner
1416,23_epo,24.0,0.5000000013657917,fechner
1417,23_epo,25.0,0.5000000013107848,fechner
1418,23_epo,26.0,0.5000000012600505,fechner
1419,23_epo,27.0,0.500000001213108,fechner
1420,23_epo,28.000000000000004,0.5000000011695465,fechner
1421,23_epo,28.999999999999996,0.5000000011290126,fechner
1422,23_epo,30.0,0.5000000010912005,fechner
1423,23_epo,31.0,0.5000000010558444,fechner
1424,23_epo,32.0,0.5000000010227121,fechner
1425,23_epo,33.0,0.5000000009915998,fechner
1426,23_epo,34.0,0.5000000009623279,fechner
1427,23_epo,35.0,0.5000000009347375,fechner
1428,23_epo,36.0,0.5000000009086875,fechner
1429,23_epo,37.0,0.5000000008840523,fechner
1430,23_epo,38.0,0.5000000008607195,fechner
1431,23_epo,39.0,0.5000000008385883,fechner
1432,23_epo,40.0,0.500000000817568,fechner
1433,23_epo,41.0,0.5000000007975772,fechner
1434,23_epo,42.0,0.5000000007785417,fechner
1435,23_epo,43.0,0.5000000007603946,fechner
1436,23_epo,44.0,0.5000000007430753,fechner
1437,23_epo,45.0,0.500000000726528,fechner
1438,23_epo,46.0,0.5000000007107024,fechner
1439,23_epo,47.0,0.5000000006955522,fechner
1440,23_epo,48.0,0.5000000006810349,fechner
1441,23_epo,49.0,0.5000000006671118,fechner
1442,23_epo,50.0,0.5000000006537471,fechner
1443,23_epo,51.0,0.5000000006409078,fechner
1444,23_epo,52.0,0.5000000006285633,fechner
1445,23_epo,53.0,0.5000000006166859,fechner
1446,23_epo,54.0,0.5000000006052493,fechner
1447,23_epo,55.00000000000001,0.5000000005942294,fechner
1448,23_epo,56.00000000000001,0.5000000005836039,fechner
1449,23_epo,56.99999999999999,0.500000000573352,fechner
1450,23_epo,57.99999999999999,0.5000000005634543,fechner
1451,23_epo,59.0,0.5000000005538926,fechner
1452,23_epo,60.0,0.5000000005446503,fechner
1453,23_epo,61.0,0.5000000005357115,fechner
1454,23_epo,62.0,0.5000000005270615,fechner
1455,23_epo,63.0,0.5000000005186866,fechner
1456,23_epo,64.0,0.5000000005105738,fechner
1457,23_epo,65.0,0.500000000502711,fechner
1458,23_epo,66.0,0.5000000004950869,fechner
1459,23_epo,67.0,0.5000000004876906,fechner
1460,23_epo,68.0,0.5000000004805121,fechner
1461,23_epo,69.0,0.500000000473542,fechner
1462,23_epo,70.0,0.5000000004667713,fechner
1463,23_epo,71.0,0.5000000004601917,fechner
1464,23_epo,72.0,0.5000000004537949,fechner
1465,23_epo,73.0,0.5000000004475736,fechner
1466,23_epo,74.0,0.5000000004415207,fechner
1467,23_epo,75.0,0.5000000004356293,fechner
1468,23_epo,76.0,0.5000000004298932,fechner
1469,23_epo,77.0,0.5000000004243063,fechner
1470,23_epo,78.0,0.5000000004188626,fechner
1471,23_epo,79.0,0.5000000004135571,fechner
1472,23_epo,80.0,0.5000000004083842,fechner
1473,23_epo,81.0,0.5000000004033391,fechner
1474,23_epo,82.0,0.5000000003984173,fechner
1475,23_epo,83.0,0.5000000003936143,fechner
1476,23_epo,84.0,0.5000000003889256,fechner
1477,23_epo,85.0,0.5000000003843473,fechner
1478,23_epo,86.0,0.5000000003798756,fechner
1479,23_epo,87.0,0.5000000003755068,fechner
1480,23_epo,88.0,0.5000000003712374,fechner
1481,23_epo,89.0,0.5000000003670639,fechner
1482,23_epo,90.0,0.5000000003629833,fechner
1483,23_epo,91.0,0.5000000003589925,fechner
1484,23_epo,92.0,0.5000000003550885,fechner
1485,23_epo,93.0,0.5000000003512685,fechner
1486,23_epo,94.0,0.5000000003475298,fechner
1487,23_epo,95.0,0.5000000003438699,fechner
1488,24_epo,3.0,0.9999999803695533,fechner
1489,24_epo,4.0,0.9999806339562285,fechner
1490,24_epo,5.0,0.9997056765483524,fechner
1491,24_epo,6.0,0.9985955366392899,fechner
1492,24_epo,7.000000000000001,0.9960494209508701,fechner
1493,24_epo,8.0,0.9917193227776328,fechner
1494,24_epo,9.0,0.9855492173522931,fechner
1495,24_epo,10.0,0.977697125126999,fechner
1496,24_epo,11.0,0.9684386979168254,fechner
1497,24_epo,12.0,0.9580913506168758,fechner
1498,24_epo,13.0,0.9469657490971894,fechner
1499,24_epo,14.000000000000002,0.9353397738582879,fechner
1500,24_epo,15.0,0.9234477976278082,fechner
1501,24_epo,16.0,0.9114791725416794,fechner
1502,24_epo,17.0,0.8995816058109422,fechner
1503,24_epo,18.0,0.8878666801399198,fechner
1504,24_epo,19.0,0.876415923794187,fechner
1505,24_epo,20.0,0.8652865889311695,fechner
1506,24_epo,21.0,0.854516755935157,fechner
1507,24_epo,22.0,0.8441296428146468,fechner
1508,24_epo,23.0,0.8341371360433142,fechner
1509,24_epo,24.0,0.8245426230257442,fechner
1510,24_epo,25.0,0.8153432289063891,fechner
1511,24_epo,26.0,0.8065315613369964,fechner
1512,24_epo,27.0,0.7980970574982357,fechner
1513,24_epo,28.000000000000004,0.7900270144867662,fechner
1514,24_epo,28.999999999999996,0.782307370458337,fechner
1515,24_epo,30.0,0.7749232912519041,fechner
1516,24_epo,31.0,0.7678596062403197,fechner
1517,24_epo,32.0,0.7611011279877437,fechner
1518,24_epo,33.0,0.7546328828272119,fechner
1519,24_epo,34.0,0.7484402734886771,fechner
1520,24_epo,35.0,0.7425091901683907,fechner
1521,24_epo,36.0,0.7368260827068592,fechner
1522,24_epo,37.0,0.7313780036342385,fechner
1523,24_epo,38.0,0.7261526295801422,fechner
1524,24_epo,39.0,0.7211382667913012,fechner
1525,24_epo,40.0,0.7163238451442964,fechner
1526,24_epo,41.0,0.7116989039936035,fechner
1527,24_epo,42.0,0.7072535723881722,fechner
1528,24_epo,43.0,0.702978545568561,fechner
1529,24_epo,44.0,0.6988650591791443,fechner
1530,24_epo,45.0,0.6949048622633834,fechner
1531,24_epo,46.0,0.6910901898293287,fechner
1532,24_epo,47.0,0.6874137355577858,fechner
1533,24_epo,48.0,0.6838686250618552,fechner
1534,24_epo,49.0,0.6804483899820998,fechner
1535,24_epo,50.0,0.6771469431074543,fechner
1536,24_epo,51.0,0.6739585546411243,fechner
1537,24_epo,52.0,0.6708778296778141,fechner
1538,24_epo,53.0,0.6678996869194535,fechner
1539,24_epo,54.0,0.6650193386279942,fechner
1540,24_epo,55.00000000000001,0.6622322717933127,fechner
1541,24_epo,56.00000000000001,0.6595342304798643,fechner
1542,24_epo,56.99999999999999,0.6569211993060157,fechner
1543,24_epo,57.99999999999999,0.6543893880037932,fechner
1544,24_epo,59.0,0.6519352170032252,fechner
1545,24_epo,60.0,0.6495553039838671,fechner
1546,24_epo,61.0,0.6472464513359408,fechner
1547,24_epo,62.0,0.6450056344744138,fechner
1548,24_epo,63.0,0.6428299909509486,fechner
1549,24_epo,64.0,0.6407168103107803,fechner
1550,24_epo,65.0,0.6386635246440096,fechner
1551,24_epo,66.0,0.6366676997834253,fechner
1552,24_epo,67.0,0.6347270271036977,fechner
1553,24_epo,68.0,0.6328393158794999,fechner
1554,24_epo,69.0,0.6310024861628323,fechner
1555,24_epo,70.0,0.6292145621424325,fechner
1556,24_epo,71.0,0.6274736659506933,fechner
1557,24_epo,72.0,0.625778011885912,fechner
1558,24_epo,73.0,0.6241259010199879,fechner
1559,24_epo,74.0,0.622515716163826,fechner
1560,24_epo,75.0,0.6209459171647465,fechner
1561,24_epo,76.0,0.6194150365120695,fechner
1562,24_epo,77.0,0.6179216752288277,fechner
1563,24_epo,78.0,0.6164644990291873,fechner
1564,24_epo,79.0,0.6150422347226935,fechner
1565,24_epo,80.0,0.6136536668478648,fechner
1566,24_epo,81.0,0.6122976345189675,fechner
1567,24_epo,82.0,0.6109730284710264,fechner
1568,24_epo,83.0,0.6096787882892293,fechner
1569,24_epo,84.0,0.6084138998099308,fechner
1570,24_epo,85.0,0.607177392681417,fechner
1571,24_epo,86.0,0.6059683380734617,fechner
1572,24_epo,87.0,0.6047858465255306,fechner
1573,24_epo,88.0,0.6036290659242378,fechner
1574,24_epo,89.0,0.602497179601347,fechner
1575,24_epo,90.0,0.6013894045442514,fechner
1576,24_epo,91.0,0.6003049897114576,fechner
1577,24_epo,92.0,0.5992432144461352,fechner
1578,24_epo,93.0,0.5982033869813064,fechner
1579,24_epo,94.0,0.5971848430307002,fechner
1580,24_epo,95.0,0.596186944459732,fechner
1581,25_epo,3.0,0.9999998118164909,fechner
1582,25_epo,4.0,0.9999228553966494,fechner
1583,25_epo,5.0,0.9991714034825507,fechner
1584,25_epo,6.0,0.9967643772002169,fechner
1585,25_epo,7.000000000000001,0.9920419824650047,fechner
1586,25_epo,8.0,0.9848722786186529,fechner
1587,25_epo,9.0,0.9755085749162636,fechner
1588,25_epo,10.0,0.9643932213550842,fechner
1589,25_epo,11.0,0.952013937955013,fechner
1590,25_epo,12.0,0.9388227858260638,fechner
1591,25_epo,13.0,0.9252007239153156,fechner
1592,25_epo,14.000000000000002,0.9114492737569008,fechner
1593,25_epo,15.0,0.8977959430094615,fechner
1594,25_epo,16.0,0.8844052642592385,fechner
1595,25_epo,17.0,0.8713910390422833,fechner
1596,25_epo,18.0,0.8588276851778913,fechner
1597,25_epo,19.0,0.8467598790408308,fechner
1598,25_epo,20.0,0.8352103463962762,fechner
1599,25_epo,21.0,0.8241859564057663,fechner
1600,25_epo,22.0,0.8136823822581915,fechner
1601,25_epo,23.0,0.8036876062742406,fechner
1602,25_epo,24.0,0.7941845205130561,fechner
1603,25_epo,25.0,0.7851528332172107,fechner
1604,25_epo,26.0,0.7765704498811207,fechner
1605,25_epo,27.0,0.7684144607736297,fechner
1606,25_epo,28.000000000000004,0.7606618360640542,fechner
1607,25_epo,28.999999999999996,0.7532899052205102,fechner
1608,25_epo,30.0,0.7462766782961748,fechner
1609,25_epo,31.0,0.7396010521292956,fechner
1610,25_epo,32.0,0.7332429334322759,fechner
1611,25_epo,33.0,0.7271833024378274,fechner
1612,25_epo,34.0,0.7214042345574556,fechner
1613,25_epo,35.0,0.715888892878295,fechner
1614,25_epo,36.0,0.7106215008842344,fechner
1615,25_epo,37.0,0.7055873022362136,fechner
1616,25_epo,38.0,0.7007725125581963,fechner
1617,25_epo,39.0,0.6961642667799588,fechner
1618,25_epo,40.0,0.691750564558802,fechner
1619,25_epo,41.0,0.6875202155452467,fechner
1620,25_epo,42.0,0.6834627857025072,fechner
1621,25_epo,43.0,0.6795685454839423,fechner
1622,25_epo,44.0,0.6758284203779829,fechner
1623,25_epo,45.0,0.6722339441174254,fechner
1624,25_epo,46.0,0.6687772146981255,fechner
1625,25_epo,47.0,0.665450853245018,fechner
1626,25_epo,48.0,0.6622479656893254,fechner
1627,25_epo,49.0,0.6591621071708876,fechner
1628,25_epo,50.0,0.6561872490473031,fechner
1629,25_epo,51.0,0.6533177483721185,fechner
1630,25_epo,52.0,0.6505483196940389,fechner
1631,25_epo,53.0,0.6478740090254083,fechner
1632,25_epo,54.0,0.6452901698290301,fechner
1633,25_epo,55.00000000000001,0.6427924408763339,fechner
1634,25_epo,56.00000000000001,0.6403767258358568,fechner
1635,25_epo,56.99999999999999,0.6380391744582417,fechner
1636,25_epo,57.99999999999999,0.6357761652318883,fechner
1637,25_epo,59.0,0.6335842893916355,fechner
1638,25_epo,60.0,0.6314603361710999,fechner
1639,25_epo,61.0,0.6294012791973899,fechner
1640,25_epo,62.0,0.6274042639346928,fechner
1641,25_epo,63.0,0.6254665960906373,fechner
1642,25_epo,64.0,0.6235857309062924,fechner
1643,25_epo,65.0,0.6217592632571954,fechner
1644,25_epo,66.0,0.619984918498839,fechner
1645,25_epo,67.0,0.6182605439956728,fechner
1646,25_epo,68.0,0.6165841012778303,fechner
1647,25_epo,69.0,0.6149536587745489,fechner
1648,25_epo,70.0,0.613367385077618,fechner
1649,25_epo,71.0,0.6118235426921735,fechner
1650,25_epo,72.0,0.6103204822358207,fechner
1651,25_epo,73.0,0.6088566370503977,fechner
1652,25_epo,74.0,0.6074305181937378,fechner
1653,25_epo,75.0,0.6060407097815749,fechner
1654,25_epo,76.0,0.6046858646522587,fechner
1655,25_epo,77.0,0.6033647003292681,fechner
1656,25_epo,78.0,0.6020759952586057,fechner
1657,25_epo,79.0,0.6008185853000848,fechner
1658,25_epo,80.0,0.5995913604532631,fechner
1659,25_epo,81.0,0.5983932618003711,fechner
1660,25_epo,82.0,0.5972232786500473,fechner
1661,25_epo,83.0,0.5960804458670003,fechner
1662,25_epo,84.0,0.5949638413739473,fechner
1663,25_epo,85.0,0.5938725838132707,fechner
1664,25_epo,86.0,0.5928058303568444,fechner
1665,25_epo,87.0,0.5917627746534042,fechner
1666,25_epo,88.0,0.5907426449036816,fechner
1667,25_epo,89.0,0.5897447020542833,fechner
1668,25_epo,90.0,0.5887682381020066,fechner
1669,25_epo,91.0,0.5878125745009257,fechner
1670,25_epo,92.0,0.586877060665171,fechner
1671,25_epo,93.0,0.5859610725608719,fechner
1672,25_epo,94.0,0.5850640113812159,fechner
1673,25_epo,95.0,0.584185302299047,fechner
1674,2_epo,3.0,0.9999999996292521,fechner
1675,2_epo,4.0,0.9999982903942253,fechner
1676,2_epo,5.0,0.999952231959094,fechner
1677,2_epo,6.0,0.9996763346612176,fechner
1678,2_epo,7.000000000000001,0.998849977781842,fechner
1679,2_epo,8.0,0.9971452114302874,fechner
1680,2_epo,9.0,0.9943300686063529,fechner
1681,2_epo,10.0,0.990301813335073,fechner
1682,2_epo,11.0,0.9850730778600929,fechner
1683,2_epo,12.0,0.9787396070382985,fechner
1684,2_epo,13.0,0.971446837302778,fechner
1685,2_epo,14.000000000000002,0.9633626204072288,fechner
1686,2_epo,15.0,0.9546578075203547,fechner
1687,2_epo,16.0,0.9454939054219152,fechner
1688,2_epo,17.0,0.936016204962872,fechner
1689,2_epo,18.0,0.9263507588035607,fechner
1690,2_epo,19.0,0.9166038616993828,fechner
1691,2_epo,20.0,0.9068630268407717,fechner
1692,2_epo,21.0,0.8971987575992318,fechner
1693,2_epo,22.0,0.8876666549167578,fechner
1694,2_epo,23.0,0.8783095761518158,fechner
1695,2_epo,24.0,0.8691596822932426,fechner
1696,2_epo,25.0,0.86024029020408,fechner
1697,2_epo,26.0,0.8515674967486809,fechner
1698,2_epo,27.0,0.8431515716274682,fechner
1699,2_epo,28.000000000000004,0.8349981323870616,fechner
1700,2_epo,28.999999999999996,0.827109123240289,fechner
1701,2_epo,30.0,0.8194836223153653,fechner
1702,2_epo,31.0,0.8121185019265507,fechner
1703,2_epo,32.0,0.805008964809298,fechner
1704,2_epo,33.0,0.7981489768534528,fechner
1705,2_epo,34.0,0.7915316142140217,fechner
1706,2_epo,35.0,0.7851493400727948,fechner
1707,2_epo,36.0,0.7789942239184968,fechner
1708,2_epo,37.0,0.7730581140756695,fechner
1709,2_epo,38.0,0.7673327723607979,fechner
1710,2_epo,39.0,0.76180997816823,fechner
1711,2_epo,40.0,0.7564816079641846,fechner
1712,2_epo,41.0,0.7513396950648529,fechner
1713,2_epo,42.0,0.746376473663541,fechner
1714,2_epo,43.0,0.7415844103228542,fechner
1715,2_epo,44.0,0.7369562255347752,fechner
1716,2_epo,45.0,0.7324849074510815,fechner
1717,2_epo,46.0,0.7281637194792148,fechner
1718,2_epo,47.0,0.723986203107719,fechner
1719,2_epo,48.0,0.7199461770568822,fechner
1720,2_epo,49.0,0.7160377336326679,fechner
1721,2_epo,50.0,0.712255232985962,fechner
1722,2_epo,51.0,0.7085932958368052,fechner
1723,2_epo,52.0,0.7050467951082775,fechner
1724,2_epo,53.0,0.7016108468218969,fechner
1725,2_epo,54.0,0.6982808005315542,fechner
1726,2_epo,55.00000000000001,0.6950522295127518,fechner
1727,2_epo,56.00000000000001,0.6919209208754357,fechner
1728,2_epo,56.99999999999999,0.6888828657297894,fechner
1729,2_epo,57.99999999999999,0.6859342495031626,fechner
1730,2_epo,59.0,0.6830714424813654,fechner
1731,2_epo,60.0,0.6802909906276553,fechner
1732,2_epo,61.0,0.6775896067169481,fechner
1733,2_epo,62.0,0.6749641618102702,fechner
1734,2_epo,63.0,0.6724116770846283,fechner
1735,2_epo,64.0,0.6699293160257742,fechner
1736,2_epo,65.0,0.6675143769853762,fechner
1737,2_epo,66.0,0.6651642860995269,fechner
1738,2_epo,67.0,0.6628765905620676,fechner
1739,2_epo,68.0,0.6606489522436219,fechner
1740,2_epo,69.0,0.658479141645394,fechner
1741,2_epo,70.0,0.656365032175485,fechner
1742,2_epo,71.0,0.654304594734644,fechner
1743,2_epo,72.0,0.6522958925978811,fechner
1744,2_epo,73.0,0.6503370765781599,fechner
1745,2_epo,74.0,0.6484263804583762,fechner
1746,2_epo,75.0,0.6465621166780117,fechner
1747,2_epo,76.0,0.6447426722611147,fechner
1748,2_epo,77.0,0.6429665049726575,fechner
1749,2_epo,78.0,0.6412321396907449,fechner
1750,2_epo,79.0,0.6395381649826449,fechner
1751,2_epo,80.0,0.6378832298731214,fechner
1752,2_epo,81.0,0.6362660407940732,fechner
1753,2_epo,82.0,0.6346853587050341,fechner
1754,2_epo,83.0,0.6331399963745941,fechner
1755,2_epo,84.0,0.6316288158133534,fechner
1756,2_epo,85.0,0.630150725849514,fechner
1757,2_epo,86.0,0.6287046798387129,fechner
1758,2_epo,87.0,0.6272896735001814,fechner
1759,2_epo,88.0,0.625904742871771,fechner
1760,2_epo,89.0,0.624548962376824,fechner
1761,2_epo,90.0,0.6232214429962801,fechner
1762,2_epo,91.0,0.6219213305398125,fechner
1763,2_epo,92.0,0.6206478040101507,fechner
1764,2_epo,93.0,0.6194000740551195,fechner
1765,2_epo,94.0,0.618177381502232,fechner
1766,2_epo,95.0,0.6169789959710161,fechner
1767,3_epo,3.0,0.5125867648295637,fechner
1768,3_epo,4.0,0.507697951418851,fechner
1769,3_epo,5.0,0.5057676760347787,fechner
1770,3_epo,6.0,0.5046583825365011,fechner
1771,3_epo,7.000000000000001,0.5039229429491537,fechner
1772,3_epo,8.0,0.5033948683831186,fechner
1773,3_epo,9.0,0.5029954375541812,fechner
1774,3_epo,10.0,0.5026819098726802,fechner
1775,3_epo,11.0,0.5024288459167688,fechner
1776,3_epo,12.0,0.5022200675407245,fechner
1777,3_epo,13.0,0.502044755683247,fechner
1778,3_epo,14.000000000000002,0.5018953824127411,fechner
1779,3_epo,15.0,0.5017665384638903,fechner
1780,3_epo,16.0,0.5016542317988407,fechner
1781,3_epo,17.0,0.5015554491340795,fechner
1782,3_epo,18.0,0.5014678716263327,fechner
1783,3_epo,19.0,0.5013896847014967,fechner
1784,3_epo,20.0,0.5013194474089959,fechner
1785,3_epo,21.0,0.5012560005580416,fechner
1786,3_epo,22.0,0.5011984007897455,fechner
1787,3_epo,23.0,0.5011458723976403,fechner
1788,3_epo,24.0,0.5010977715442845,fechner
1789,3_epo,25.0,0.5010535592952171,fechner
1790,3_epo,26.0,0.5010127810286015,fechner
1791,3_epo,27.0,0.5009750505241072,fechner
1792,3_epo,28.000000000000004,0.5009400375327527,fechner
1793,3_epo,28.999999999999996,0.5009074579685057,fechner
1794,3_epo,30.0,0.5008770660970566,fechner
1795,3_epo,31.0,0.5008486482619596,fechner
1796,3_epo,32.0,0.5008220178056866,fechner
1797,3_epo,33.0,0.5007970109277846,fechner
1798,3_epo,34.0,0.5007734832840972,fechner
1799,3_epo,35.0,0.5007513071765947,fechner
1800,3_epo,36.0,0.5007303692173342,fechner
1801,3_epo,37.0,0.5007105683756428,fechner
1802,3_epo,38.0,0.5006918143370307,fechner
1803,3_epo,39.0,0.5006740261172087,fechner
1804,3_epo,40.0,0.5006571308860582,fechner
1805,3_epo,41.0,0.5006410629653169,fechner
1806,3_epo,42.0,0.5006257629707302,fechner
1807,3_epo,43.0,0.5006111770749211,fechner
1808,3_epo,44.0,0.5005972563715892,fechner
1809,3_epo,45.0,0.5005839563251423,fechner
1810,3_epo,46.0,0.5005712362926418,fechner
1811,3_epo,47.0,0.50055905910721,fechner
1812,3_epo,48.0,0.5005473907138633,fechner
1813,3_epo,49.0,0.500536199850225,fechner
1814,3_epo,50.0,0.5005254577657917,fechner
1815,3_epo,51.0,0.5005151379744246,fechner
1816,3_epo,52.0,0.5005052160355618,fechner
1817,3_epo,53.0,0.5004956693603368,fechner
1818,3_epo,54.0,0.5004864770393536,fechner
1819,3_epo,55.00000000000001,0.5004776196893441,fechner
1820,3_epo,56.00000000000001,0.5004690793163385,fechner
1821,3_epo,56.99999999999999,0.5004608391933055,fechner
1822,3_epo,57.99999999999999,0.5004528837505082,fechner
1823,3_epo,59.0,0.5004451984770606,fechner
1824,3_epo,60.0,0.5004377698323693,fechner
1825,3_epo,61.0,0.500430585166323,fechner
1826,3_epo,62.0,0.5004236326472352,fechner
1827,3_epo,63.0,0.500416901196677,fechner
1828,3_epo,64.0,0.5004103804304414,fechner
1829,3_epo,65.0,0.5004040606049773,fechner
1830,3_epo,66.0,0.5003979325687099,fechner
1831,3_epo,67.0,0.5003919877177356,fechner
1832,3_epo,68.0,0.500386217955439,fechner
1833,3_epo,69.0,0.5003806156556324,fechner
1834,3_epo,70.0,0.5003751736288649,fechner
1835,3_epo,71.0,0.5003698850915872,fechner
1836,3_epo,72.0,0.5003647436378937,fechner
1837,3_epo,73.0,0.5003597432135934,fechner
1838,3_epo,74.0,0.5003548780923893,fechner
1839,3_epo,75.0,0.5003501428539684,fechner
1840,3_epo,76.0,0.5003455323638262,fechner
1841,3_epo,77.0,0.5003410417546673,fechner
1842,3_epo,78.0,0.50033666640924,fechner
1843,3_epo,79.0,0.5003324019444784,fechner
1844,3_epo,80.0,0.5003282441968355,fechner
1845,3_epo,81.0,0.5003241892087072,fechner
1846,3_epo,82.0,0.5003202332158496,fechner
1847,3_epo,83.0,0.5003163726357094,fechner
1848,3_epo,84.0,0.5003126040565892,fechner
1849,3_epo,85.0,0.5003089242275793,fechner
1850,3_epo,86.0,0.5003053300491935,fechner
1851,3_epo,87.0,0.5003018185646514,fechner
1852,3_epo,88.0,0.5002983869517564,fechner
1853,3_epo,89.0,0.5002950325153237,fechner
1854,3_epo,90.0,0.5002917526801115,fechner
1855,3_epo,91.0,0.5002885449842213,fechner
1856,3_epo,92.0,0.5002854070729283,fechner
1857,3_epo,93.0,0.5002823366929112,fechner
1858,3_epo,94.0,0.5002793316868499,fechner
1859,3_epo,95.0,0.5002763899883661,fechner
1860,4_epo,3.0,0.5000000583624157,fechner
1861,4_epo,4.0,0.500000035689204,fechner
1862,4_epo,5.0,0.500000026739144,fechner
1863,4_epo,6.0,0.5000000215960883,fechner
1864,4_epo,7.000000000000001,0.5000000181864647,fechner
1865,4_epo,8.0,0.50000001573827,fechner
1866,4_epo,9.0,0.5000000138865014,fechner
1867,4_epo,10.0,0.500000012432994,fechner
1868,4_epo,11.0,0.5000000112598021,fechner
1869,4_epo,12.0,0.5000000102919204,fechner
1870,4_epo,13.0,0.5000000094791899,fechner
1871,4_epo,14.000000000000002,0.5000000087867102,fechner
1872,4_epo,15.0,0.5000000081894037,fechner
1873,4_epo,16.0,0.5000000076687632,fechner
1874,4_epo,17.0,0.5000000072108189,fechner
1875,4_epo,18.0,0.5000000068048209,fechner
1876,4_epo,19.0,0.5000000064423568,fechner
1877,4_epo,20.0,0.5000000061167463,fechner
1878,4_epo,21.0,0.5000000058226157,fechner
1879,4_epo,22.0,0.5000000055555914,fechner
1880,4_epo,23.0,0.5000000053120774,fechner
1881,4_epo,24.0,0.5000000050890889,fechner
1882,4_epo,25.0,0.5000000048841275,fechner
1883,4_epo,26.0,0.5000000046950858,fechner
1884,4_epo,27.0,0.5000000045201729,fechner
1885,4_epo,28.000000000000004,0.5000000043578581,fechner
1886,4_epo,28.999999999999996,0.5000000042068242,fechner
1887,4_epo,30.0,0.5000000040659324,fechner
1888,4_epo,31.0,0.5000000039341918,fechner
1889,4_epo,32.0,0.5000000038107372,fechner
1890,4_epo,33.0,0.5000000036948092,fechner
1891,4_epo,34.0,0.5000000035857388,fechner
1892,4_epo,35.0,0.5000000034829339,fechner
1893,4_epo,36.0,0.5000000033858689,fechner
1894,4_epo,37.0,0.5000000032940755,fechner
1895,4_epo,38.0,0.5000000032071348,fechner
1896,4_epo,39.0,0.5000000031246715,fechner
1897,4_epo,40.0,0.500000003046348,fechner
1898,4_epo,41.0,0.5000000029718598,fechner
1899,4_epo,42.0,0.5000000029009315,fechner
1900,4_epo,43.0,0.5000000028333136,fechner
1901,4_epo,44.0,0.5000000027687795,fechner
1902,4_epo,45.0,0.5000000027071227,fechner
1903,4_epo,46.0,0.5000000026481547,fechner
1904,4_epo,47.0,0.5000000025917033,fechner
1905,4_epo,48.0,0.5000000025376106,fechner
1906,4_epo,49.0,0.5000000024857316,fechner
1907,4_epo,50.0,0.5000000024359331,fechner
1908,4_epo,51.0,0.5000000023880923,fechner
1909,4_epo,52.0,0.5000000023420957,fechner
1910,4_epo,53.0,0.500000002297839,fechner
1911,4_epo,54.0,0.5000000022552249,fechner
1912,4_epo,55.00000000000001,0.5000000022141637,fechner
1913,4_epo,56.00000000000001,0.500000002174572,fechner
1914,4_epo,56.99999999999999,0.5000000021363722,fechner
1915,4_epo,57.99999999999999,0.500000002099492,fechner
1916,4_epo,59.0,0.5000000020638644,fechner
1917,4_epo,60.0,0.5000000020294265,fechner
1918,4_epo,61.0,0.5000000019961196,fechner
1919,4_epo,62.0,0.5000000019638888,fechner
1920,4_epo,63.0,0.500000001932683,fechner
1921,4_epo,64.0,0.5000000019024538,fechner
1922,4_epo,65.0,0.5000000018731562,fechner
1923,4_epo,66.0,0.5000000018447476,fechner
1924,4_epo,67.0,0.5000000018171883,fechner
1925,4_epo,68.0,0.5000000017904407,fechner
1926,4_epo,69.0,0.5000000017644693,fechner
1927,4_epo,70.0,0.500000001739241,fechner
1928,4_epo,71.0,0.5000000017147243,fechner
1929,4_epo,72.0,0.5000000016908893,fechner
1930,4_epo,73.0,0.5000000016677082,fechner
1931,4_epo,74.0,0.5000000016451543,fechner
1932,4_epo,75.0,0.5000000016232026,fechner
1933,4_epo,76.0,0.5000000016018291,fechner
1934,4_epo,77.0,0.5000000015810114,fechner
1935,4_epo,78.0,0.500000001560728,fechner
1936,4_epo,79.0,0.5000000015409587,fechner
1937,4_epo,80.0,0.5000000015216841,fechner
1938,4_epo,81.0,0.5000000015028858,fechner
1939,4_epo,82.0,0.5000000014845465,fechner
1940,4_epo,83.0,0.5000000014666496,fechner
1941,4_epo,84.0,0.500000001449179,fechner
1942,4_epo,85.0,0.50000000143212,fechner
1943,4_epo,86.0,0.500000001415458,fechner
1944,4_epo,87.0,0.5000000013991793,fechner
1945,4_epo,88.0,0.5000000013832709,fechner
1946,4_epo,89.0,0.5000000013677204,fechner
1947,4_epo,90.0,0.5000000013525157,fechner
1948,4_epo,91.0,0.5000000013376453,fechner
1949,4_epo,92.0,0.5000000013230984,fechner
1950,4_epo,93.0,0.5000000013088647,fechner
1951,4_epo,94.0,0.5000000012949339,fechner
1952,4_epo,95.0,0.5000000012812967,fechner
1953,5_epo,3.0,0.9978025398028826,fechner
1954,5_epo,4.0,0.9768281672881649,fechner
1955,5_epo,5.0,0.9428441883931984,fechner
1956,5_epo,6.0,0.9058481473337499,fechner
1957,5_epo,7.000000000000001,0.8706282269735681,fechner
1958,5_epo,8.0,0.8388742251595975,fechner
1959,5_epo,9.0,0.8108819053460126,fechner
1960,5_epo,10.0,0.7864027038510923,fechner
1961,5_epo,11.0,0.7650176365871424,fechner
1962,5_epo,12.0,0.7462901883425165,fechner
1963,5_epo,13.0,0.7298226864173574,fechner
1964,5_epo,14.000000000000002,0.7152721056880653,fechner
1965,5_epo,15.0,0.7023497148477478,fechner
1966,5_epo,16.0,0.6908150224621897,fechner
1967,5_epo,17.0,0.680468379731627,fechner
1968,5_epo,18.0,0.6711439442291022,fechner
1969,5_epo,19.0,0.6627035709301332,fechner
1970,5_epo,20.0,0.6550317250621371,fechner
1971,5_epo,21.0,0.6480313312926369,fechner
1972,5_epo,22.0,0.6416204192861719,fechner
1973,5_epo,23.0,0.635729422734375,fechner
1974,5_epo,24.0,0.6302990049691787,fechner
1975,5_epo,25.0,0.625278305178073,fechner
1976,5_epo,26.0,0.6206235193869286,fechner
1977,5_epo,27.0,0.6162967477992342,fechner
1978,5_epo,28.000000000000004,0.6122650544027781,fechner
1979,5_epo,28.999999999999996,0.6084996962199953,fechner
1980,5_epo,30.0,0.604975488627267,fechner
1981,5_epo,31.0,0.6016702802590459,fechner
1982,5_epo,32.0,0.5985645165517849,fechner
1983,5_epo,33.0,0.5956408753078188,fechner
1984,5_epo,34.0,0.592883961040971,fechner
1985,5_epo,35.0,0.5902800475158176,fechner
1986,5_epo,36.0,0.5878168599759495,fechner
1987,5_epo,37.0,0.5854833902003078,fechner
1988,5_epo,38.0,0.5832697388285704,fechner
1989,5_epo,39.0,0.5811669804319122,fechner
1990,5_epo,40.0,0.5791670476322783,fechner
1991,5_epo,41.0,0.5772626312363548,fechner
1992,5_epo,42.0,0.5754470938843623,fechner
1993,5_epo,43.0,0.5737143951455747,fechner
1994,5_epo,44.0,0.5720590263430263,fechner
1995,5_epo,45.0,0.570475953675657,fechner
1996,5_epo,46.0,0.5689605684400199,fechner
1997,5_epo,47.0,0.5675086433458154,fechner
1998,5_epo,48.0,0.566116294077943,fechner
1999,5_epo,49.0,0.5647799453888703,fechner
2000,5_epo,50.0,0.563496301114009,fechner
2001,5_epo,51.0,0.5622623175935108,fechner
2002,5_epo,52.0,0.561075180059768,fechner
2003,5_epo,53.0,0.5599322816135193,fechner
2004,5_epo,54.0,0.5588312044650106,fechner
2005,5_epo,55.00000000000001,0.5577697031618304,fechner
2006,5_epo,56.00000000000001,0.5567456895632882,fechner
2007,5_epo,56.99999999999999,0.5557572193536588,fechner
2008,5_epo,57.99999999999999,0.5548024799142484,fechner
2009,5_epo,59.0,0.5538797793978153,fechner
2010,5_epo,60.0,0.5529875368690568,fechner
2011,5_epo,61.0,0.5521242733921763,fechner
2012,5_epo,62.0,0.5512886039614351,fechner
2013,5_epo,63.0,0.5504792301834163,fechner
2014,5_epo,64.0,0.5496949336308139,fechner
2015,5_epo,65.0,0.5489345697971592,fechner
2016,5_epo,66.0,0.5481970625902195,fechner
2017,5_epo,67.0,0.5474813993090561,fechner
2018,5_epo,68.0,0.546786626056028,fechner
2019,5_epo,69.0,0.5461118435405474,fechner
2020,5_epo,70.0,0.5454562032362122,fechner
2021,5_epo,71.0,0.5448189038571618,fechner
2022,5_epo,72.0,0.5441991881232202,fechner
2023,5_epo,73.0,0.5435963397866503,fechner
2024,5_epo,74.0,0.5430096808962198,fechner
2025,5_epo,75.0,0.5424385692768223,fechner
2026,5_epo,76.0,0.5418823962051386,fechner
2027,5_epo,77.0,0.541340584263814,fechner
2028,5_epo,78.0,0.5408125853583908,fechner
2029,5_epo,79.0,0.5402978788828031,fechner
2030,5_epo,80.0,0.5397959700206338,fechner
2031,5_epo,81.0,0.5393063881705771,fechner
2032,5_epo,82.0,0.5388286854856599,fechner
2033,5_epo,83.0,0.5383624355167634,fechner
2034,5_epo,84.0,0.5379072319518734,fechner
2035,5_epo,85.0,0.5374626874432851,fechner
2036,5_epo,86.0,0.5370284325156944,fechner
2037,5_epo,87.0,0.5366041145487549,fechner
2038,5_epo,88.0,0.53618939682825,fechner
2039,5_epo,89.0,0.5357839576605499,fechner
2040,5_epo,90.0,0.5353874895454921,fechner
2041,5_epo,91.0,0.5349996984032417,fechner
2042,5_epo,92.0,0.5346203028510732,fechner
2043,5_epo,93.0,0.5342490335263591,fechner
2044,5_epo,94.0,0.5338856324523591,fechner
2045,5_epo,95.0,0.5335298524436947,fechner
2046,6_epo,3.0,0.9584370284021457,fechner
2047,6_epo,4.0,0.8720242179749397,fechner
2048,6_epo,5.0,0.8081043622701982,fechner
2049,6_epo,6.0,0.7615510726183954,fechner
2050,6_epo,7.000000000000001,0.7266853177389513,fechner
2051,6_epo,8.0,0.6997762303888772,fechner
2052,6_epo,9.0,0.6784514978234497,fechner
2053,6_epo,10.0,0.6611696258563956,fechner
2054,6_epo,11.0,0.6468974726257488,fechner
2055,6_epo,12.0,0.6349210972887183,fechner
2056,6_epo,13.0,0.6247332023626022,fechner
2057,6_epo,14.000000000000002,0.6159642895185427,fechner
2058,6_epo,15.0,0.608339284700772,fechner
2059,6_epo,16.0,0.6016494204376142,fechner
2060,6_epo,17.0,0.5957335229297053,fechner
2061,6_epo,18.0,0.5904652568042211,fechner
2062,6_epo,19.0,0.5857442406323888,fechner
2063,6_epo,20.0,0.5814897363447368,fechner
2064,6_epo,21.0,0.577636086792818,fechner
2065,6_epo,22.0,0.5741293637538785,fechner
2066,6_epo,23.0,0.5709248689537174,fechner
2067,6_epo,24.0,0.5679852459819899,fechner
2068,6_epo,25.0,0.5652790362046403,fechner
2069,6_epo,26.0,0.5627795617796878,fechner
2070,6_epo,27.0,0.5604640526878689,fechner
2071,6_epo,28.000000000000004,0.5583129579085783,fechner
2072,6_epo,28.999999999999996,0.5563093970543581,fechner
2073,6_epo,30.0,0.5544387202102903,fechner
2074,6_epo,31.0,0.5526881519048163,fechner
2075,6_epo,32.0,0.5510465010606003,fechner
2076,6_epo,33.0,0.5495039231088147,fechner
2077,6_epo,34.0,0.5480517236559516,fechner
2078,6_epo,35.0,0.5466821954860028,fechner
2079,6_epo,36.0,0.5453884824845607,fechner
2080,6_epo,37.0,0.5441644654421337,fechner
2081,6_epo,38.0,0.5430046657440961,fechner
2082,6_epo,39.0,0.5419041637653008,fechner
2083,6_epo,40.0,0.5408585294176274,fechner
2084,6_epo,41.0,0.5398637627920777,fechner
2085,6_epo,42.0,0.5389162432256941,fechner
2086,6_epo,43.0,0.5380126854316631,fechner
2087,6_epo,44.0,0.537150101576595,fechner
2088,6_epo,45.0,0.5363257683858837,fechner
2089,6_epo,46.0,0.5355371985167622,fechner
2090,6_epo,47.0,0.5347821155672084,fechner
2091,6_epo,48.0,0.5340584321934857,fechner
2092,6_epo,49.0,0.5333642308946365,fechner
2093,6_epo,50.0,0.5326977470925012,fechner
2094,6_epo,51.0,0.5320573541937628,fechner
2095,6_epo,52.0,0.5314415503684831,fechner
2096,6_epo,53.0,0.5308489468194683,fechner
2097,6_epo,54.0,0.5302782573500631,fechner
2098,6_epo,55.00000000000001,0.529728289065823,fechner
2099,6_epo,56.00000000000001,0.5291979340689098,fechner
2100,6_epo,56.99999999999999,0.5286861620237794,fechner
2101,6_epo,57.99999999999999,0.5281920134894058,fechner
2102,6_epo,59.0,0.5277145939274323,fechner
2103,6_epo,60.0,0.527253068307667,fechner
2104,6_epo,61.0,0.5268066562426172,fechner
2105,6_epo,62.0,0.5263746275915219,fechner
2106,6_epo,63.0,0.52595629848189,fechner
2107,6_epo,64.0,0.5255510277030173,fechner
2108,6_epo,65.0,0.5251582134315458,fechner
2109,6_epo,66.0,0.5247772902539475,fechner
2110,6_epo,67.0,0.5244077264550028,fechner
2111,6_epo,68.0,0.5240490215449631,fechner
2112,6_epo,69.0,0.5237007040012491,fechner
2113,6_epo,70.0,0.5233623292032858,fechner
2114,6_epo,71.0,0.5230334775414803,fechner
2115,6_epo,72.0,0.522713752683454,fechner
2116,6_epo,73.0,0.5224027799824834,fechner
2117,6_epo,74.0,0.52210020501473,fechner
2118,6_epo,75.0,0.5218056922332659,fechner
2119,6_epo,76.0,0.5215189237281597,fechner
2120,6_epo,77.0,0.5212395980830017,fechner
2121,6_epo,78.0,0.5209674293192326,fechner
2122,6_epo,79.0,0.520702145920509,fechner
2123,6_epo,80.0,0.5204434899301189,fechner
2124,6_epo,81.0,0.5201912161151429,fechner
2125,6_epo,82.0,0.5199450911916781,fechner
2126,6_epo,83.0,0.5197048931059797,fechner
2127,6_epo,84.0,0.5194704103668717,fechner
2128,6_epo,85.0,0.5192414414252119,fechner
2129,6_epo,86.0,0.5190177940965849,fechner
2130,6_epo,87.0,0.5187992850237538,fechner
2131,6_epo,88.0,0.5185857391757116,fechner
2132,6_epo,89.0,0.518376989380458,fechner
2133,6_epo,90.0,0.5181728758888833,fechner
2134,6_epo,91.0,0.5179732459673696,fechner
2135,6_epo,92.0,0.5177779535169275,fechner
2136,6_epo,93.0,0.517586858716874,fechner
2137,6_epo,94.0,0.5173998276912276,fechner
2138,6_epo,95.0,0.5172167321961458,fechner
2139,7_epo,3.0,0.9999999999999996,fechner
2140,7_epo,4.0,0.9999999995996187,fechner
2141,7_epo,5.0,0.9999999089741515,fechner
2142,7_epo,6.0,0.9999979421629323,fechner
2143,7_epo,7.000000000000001,0.9999837365718524,fechner
2144,7_epo,8.0,0.9999282476802135,fechner
2145,7_epo,9.0,0.9997795190814787,fechner
2146,7_epo,10.0,0.9994679322677116,fechner
2147,7_epo,11.0,0.9989169532293692,fechner
2148,7_epo,12.0,0.9980540561715175,fechner
2149,7_epo,13.0,0.9968187550693401,fechner
2150,7_epo,14.000000000000002,0.9951669910296658,fechner
2151,7_epo,15.0,0.9930724016490484,fechner
2152,7_epo,16.0,0.9905254145098847,fechner
2153,7_epo,17.0,0.9875310682364135,fechner
2154,7_epo,18.0,0.98410625967408,fechner
2155,7_epo,19.0,0.9802768912854892,fechner
2156,7_epo,20.0,0.9760752057081193,fechner
2157,7_epo,21.0,0.9715374573681427,fechner
2158,7_epo,22.0,0.966701979056567,fechner
2159,7_epo,23.0,0.9616076442887447,fechner
2160,7_epo,24.0,0.9562926940430785,fechner
2161,7_epo,25.0,0.9507938809097779,fechner
2162,7_epo,26.0,0.945145878668832,fechner
2163,7_epo,27.0,0.9393809065637156,fechner
2164,7_epo,28.000000000000004,0.9335285221560126,fechner
2165,7_epo,28.999999999999996,0.9276155427748178,fechner
2166,7_epo,30.0,0.9216660620707604,fechner
2167,7_epo,31.0,0.9157015343909947,fechner
2168,7_epo,32.0,0.9097409052697264,fechner
2169,7_epo,33.0,0.9038007711400585,fechner
2170,7_epo,34.0,0.8978955553986846,fechner
2171,7_epo,35.0,0.8920376912436216,fechner
2172,7_epo,36.0,0.8862378043382714,fechner
2173,7_epo,37.0,0.8805048904259396,fechner
2174,7_epo,38.0,0.8748464846204524,fechner
2175,7_epo,39.0,0.8692688203164496,fechner
2176,7_epo,40.0,0.8637769765728723,fechner
2177,7_epo,41.0,0.8583750134895136,fechner
2178,7_epo,42.0,0.853066095572847,fechner
2179,7_epo,43.0,0.8478526034174539,fechner
2180,7_epo,44.0,0.8427362342484588,fechner
2181,7_epo,45.0,0.8377180920062414,fechner
2182,7_epo,46.0,0.8327987677293446,fechner
2183,7_epo,47.0,0.8279784110217292,fechner
2184,7_epo,48.0,0.8232567933894948,fechner
2185,7_epo,49.0,0.8186333642096137,fechner
2186,7_epo,50.0,0.8141073000566325,fechner
2187,7_epo,51.0,0.809677548068069,fechner
2188,7_epo,52.0,0.8053428639794261,fechner
2189,7_epo,53.0,0.801101845408186,fechner
2190,7_epo,54.0,0.7969529609148642,fechner
2191,7_epo,55.00000000000001,0.7928945753195454,fechner
2192,7_epo,56.00000000000001,0.78892497170515,fechner
2193,7_epo,56.99999999999999,0.785042370494555,fechner
2194,7_epo,57.99999999999999,0.7812449459478574,fechner
2195,7_epo,59.0,0.7775308403886214,fechner
2196,7_epo,60.0,0.7738981764338642,fechner
2197,7_epo,61.0,0.7703450674716736,fechner
2198,7_epo,62.0,0.76686962660257,fechner
2199,7_epo,63.0,0.7634699742357799,fechner
2200,7_epo,64.0,0.760144244509305,fechner
2201,7_epo,65.0,0.7568905906827893,fechner
2202,7_epo,66.0,0.7537071896344939,fechner
2203,7_epo,67.0,0.7505922455780167,fechner
2204,7_epo,68.0,0.7475439931004568,fechner
2205,7_epo,69.0,0.7445606996114263,fechner
2206,7_epo,70.0,0.741640667281431,fechner
2207,7_epo,71.0,0.7387822345385289,fechner
2208,7_epo,72.0,0.7359837771837063,fechner
2209,7_epo,73.0,0.7332437091779408,fechner
2210,7_epo,74.0,0.7305604831473341,fechner
2211,7_epo,75.0,0.7279325906469248,fechner
2212,7_epo,76.0,0.7253585622186699,fechner
2213,7_epo,77.0,0.7228369672746288,fechner
2214,7_epo,78.0,0.7203664138324237,fechner
2215,7_epo,79.0,0.7179455481266058,fechner
2216,7_epo,80.0,0.7155730541165046,fechner
2217,7_epo,81.0,0.713247652908472,fechner
2218,7_epo,82.0,0.7109681021081029,fechner
2219,7_epo,83.0,0.7087331951159264,fechner
2220,7_epo,84.0,0.7065417603782984,fechner
2221,7_epo,85.0,0.7043926606036159,fechner
2222,7_epo,86.0,0.7022847919526003,fechner
2223,7_epo,87.0,0.700217083210175,fechner
2224,7_epo,88.0,0.6981884949454187,fechner
2225,7_epo,89.0,0.6961980186651181,fechner
2226,7_epo,90.0,0.6942446759656534,fechner
2227,7_epo,91.0,0.6923275176872277,fechner
2228,7_epo,92.0,0.6904456230738291,fechner
2229,7_epo,93.0,0.6885980989417878,fechner
2230,7_epo,94.0,0.6867840788592905,fechner
2231,7_epo,95.0,0.6850027223388344,fechner
2232,8_epo,3.0,0.5000000000280265,fechner
2233,8_epo,4.0,0.5000000000171385,fechner
2234,8_epo,5.0,0.5000000000128405,fechner
2235,8_epo,6.0,0.5000000000103707,fechner
2236,8_epo,7.000000000000001,0.5000000000087335,fechner
2237,8_epo,8.0,0.5000000000075577,fechner
2238,8_epo,9.0,0.5000000000066686,fechner
2239,8_epo,10.0,0.5000000000059706,fechner
2240,8_epo,11.0,0.5000000000054071,fechner
2241,8_epo,12.0,0.5000000000049424,fechner
2242,8_epo,13.0,0.500000000004552,fechner
2243,8_epo,14.000000000000002,0.5000000000042195,fechner
2244,8_epo,15.0,0.5000000000039326,fechner
2245,8_epo,16.0,0.5000000000036826,fechner
2246,8_epo,17.0,0.5000000000034628,fechner
2247,8_epo,18.0,0.5000000000032678,fechner
2248,8_epo,19.0,0.5000000000030937,fechner
2249,8_epo,20.0,0.5000000000029373,fechner
2250,8_epo,21.0,0.5000000000027961,fechner
2251,8_epo,22.0,0.5000000000026679,fechner
2252,8_epo,23.0,0.500000000002551,fechner
2253,8_epo,24.0,0.5000000000024438,fechner
2254,8_epo,25.0,0.5000000000023455,fechner
2255,8_epo,26.0,0.5000000000022546,fechner
2256,8_epo,27.0,0.5000000000021707,fechner
2257,8_epo,28.000000000000004,0.5000000000020928,fechner
2258,8_epo,28.999999999999996,0.5000000000020202,fechner
2259,8_epo,30.0,0.5000000000019525,fechner
2260,8_epo,31.0,0.5000000000018893,fechner
2261,8_epo,32.0,0.50000000000183,fechner
2262,8_epo,33.0,0.5000000000017744,fechner
2263,8_epo,34.0,0.500000000001722,fechner
2264,8_epo,35.0,0.5000000000016726,fechner
2265,8_epo,36.0,0.5000000000016259,fechner
2266,8_epo,37.0,0.5000000000015818,fechner
2267,8_epo,38.0,0.5000000000015401,fechner
2268,8_epo,39.0,0.5000000000015006,fechner
2269,8_epo,40.0,0.5000000000014629,fechner
2270,8_epo,41.0,0.5000000000014272,fechner
2271,8_epo,42.0,0.5000000000013931,fechner
2272,8_epo,43.0,0.5000000000013606,fechner
2273,8_epo,44.0,0.5000000000013296,fechner
2274,8_epo,45.0,0.5000000000013,fechner
2275,8_epo,46.0,0.5000000000012716,fechner
2276,8_epo,47.0,0.5000000000012446,fechner
2277,8_epo,48.0,0.5000000000012186,fechner
2278,8_epo,49.0,0.5000000000011937,fechner
2279,8_epo,50.0,0.5000000000011697,fechner
2280,8_epo,51.0,0.5000000000011469,fechner
2281,8_epo,52.0,0.5000000000011248,fechner
2282,8_epo,53.0,0.5000000000011035,fechner
2283,8_epo,54.0,0.500000000001083,fechner
2284,8_epo,55.00000000000001,0.5000000000010633,fechner
2285,8_epo,56.00000000000001,0.5000000000010443,fechner
2286,8_epo,56.99999999999999,0.500000000001026,fechner
2287,8_epo,57.99999999999999,0.5000000000010082,fechner
2288,8_epo,59.0,0.5000000000009911,fechner
2289,8_epo,60.0,0.5000000000009746,fechner
2290,8_epo,61.0,0.5000000000009586,fechner
2291,8_epo,62.0,0.5000000000009431,fechner
2292,8_epo,63.0,0.5000000000009281,fechner
2293,8_epo,64.0,0.5000000000009136,fechner
2294,8_epo,65.0,0.5000000000008995,fechner
2295,8_epo,66.0,0.5000000000008858,fechner
2296,8_epo,67.0,0.5000000000008726,fechner
2297,8_epo,68.0,0.5000000000008598,fechner
2298,8_epo,69.0,0.5000000000008473,fechner
2299,8_epo,70.0,0.5000000000008352,fechner
2300,8_epo,71.0,0.5000000000008235,fechner
2301,8_epo,72.0,0.500000000000812,fechner
2302,8_epo,73.0,0.5000000000008009,fechner
2303,8_epo,74.0,0.50000000000079,fechner
2304,8_epo,75.0,0.5000000000007795,fechner
2305,8_epo,76.0,0.5000000000007693,fechner
2306,8_epo,77.0,0.5000000000007593,fechner
2307,8_epo,78.0,0.5000000000007495,fechner
2308,8_epo,79.0,0.50000000000074,fechner
2309,8_epo,80.0,0.5000000000007307,fechner
2310,8_epo,81.0,0.5000000000007218,fechner
2311,8_epo,82.0,0.5000000000007129,fechner
2312,8_epo,83.0,0.5000000000007043,fechner
2313,8_epo,84.0,0.5000000000006959,fechner
2314,8_epo,85.0,0.5000000000006878,fechner
2315,8_epo,86.0,0.5000000000006798,fechner
2316,8_epo,87.0,0.5000000000006719,fechner
2317,8_epo,88.0,0.5000000000006642,fechner
2318,8_epo,89.0,0.5000000000006568,fechner
2319,8_epo,90.0,0.5000000000006495,fechner
2320,8_epo,91.0,0.5000000000006424,fechner
2321,8_epo,92.0,0.5000000000006354,fechner
2322,8_epo,93.0,0.5000000000006285,fechner
2323,8_epo,94.0,0.5000000000006218,fechner
2324,8_epo,95.0,0.5000000000006153,fechner
2325,9_epo,3.0,0.999997964232504,fechner
2326,9_epo,4.0,0.9996691836982726,fechner
2327,9_epo,5.0,0.997537172577665,fechner
2328,9_epo,6.0,0.9922259763914536,fechner
2329,9_epo,7.000000000000001,0.9834319075465415,fechner
2330,9_epo,8.0,0.9716358386696401,fechner
2331,9_epo,9.0,0.9576316051034744,fechner
2332,9_epo,10.0,0.9422251894601003,fechner
2333,9_epo,11.0,0.9260996421899856,fechner
2334,9_epo,12.0,0.90977879655891,fechner
2335,9_epo,13.0,0.8936375206314514,fechner
2336,9_epo,14.000000000000002,0.8779285522266328,fechner
2337,9_epo,15.0,0.8628114740968224,fechner
2338,9_epo,16.0,0.8483780434783419,fechner
2339,9_epo,17.0,0.8346723141809134,fechner
2340,9_epo,18.0,0.8217057896167392,fechner
2341,9_epo,19.0,0.8094684558080926,fechner
2342,9_epo,20.0,0.7979366279848372,fechner
2343,9_epo,21.0,0.7870784293569756,fechner
2344,9_epo,22.0,0.7768575538581082,fechner
2345,9_epo,23.0,0.7672358060015309,fechner
2346,9_epo,24.0,0.7581747799041691,fechner
2347,9_epo,25.0,0.7496369383403666,fechner
2348,9_epo,26.0,0.7415862774771795,fechner
2349,9_epo,27.0,0.7339887083008726,fechner
2350,9_epo,28.000000000000004,0.72681224660493,fechner
2351,9_epo,28.999999999999996,0.72002707562744,fechner
2352,9_epo,30.0,0.7136055258206487,fechner
2353,9_epo,31.0,0.7075220024557961,fechner
2354,9_epo,32.0,0.7017528821091432,fechner
2355,9_epo,33.0,0.6962763923235524,fechner
2356,9_epo,34.0,0.6910724840315758,fechner
2357,9_epo,35.0,0.686122703052203,fechner
2358,9_epo,36.0,0.6814100647061039,fechner
2359,9_epo,37.0,0.6769189340324536,fechner
2360,9_epo,38.0,0.6726349130228888,fechner
2361,9_epo,39.0,0.6685447355663058,fechner
2362,9_epo,40.0,0.6646361703176932,fechner
2363,9_epo,41.0,0.6608979313916045,fechner
2364,9_epo,42.0,0.6573195965846078,fechner
2365,9_epo,43.0,0.6538915327148149,fechner
2366,9_epo,44.0,0.6506048276049229,fechner
2367,9_epo,45.0,0.647451228210172,fechner
2368,9_epo,46.0,0.6444230843917944,fechner
2369,9_epo,47.0,0.6415132978511262,fechner
2370,9_epo,48.0,0.6387152757635992,fechner
2371,9_epo,49.0,0.6360228886811373,fechner
2372,9_epo,50.0,0.6334304323032793,fechner
2373,9_epo,51.0,0.6309325927497393,fechner
2374,9_epo,52.0,0.6285244149988928,fechner
2375,9_epo,53.0,0.6262012741870864,fechner
2376,9_epo,54.0,0.623958849492251,fechner
2377,9_epo,55.00000000000001,0.6217931003518541,fechner
2378,9_epo,56.00000000000001,0.6197002447896381,fechner
2379,9_epo,56.99999999999999,0.61767673964791,fechner
2380,9_epo,57.99999999999999,0.6157192625424193,fechner
2381,9_epo,59.0,0.6138246953752169,fechner
2382,9_epo,60.0,0.6119901092574458,fechner
2383,9_epo,61.0,0.61021275070892,fechner
2384,9_epo,62.0,0.6084900290147541,fechner
2385,9_epo,63.0,0.606819504631323,fechner
2386,9_epo,64.0,0.6051988785446243,fechner
2387,9_epo,65.0,0.6036259824937783,fechner
2388,9_epo,66.0,0.6020987699810557,fechner
2389,9_epo,67.0,0.6006153079975945,fechner
2390,9_epo,68.0,0.5991737694009043,fechner
2391,9_epo,69.0,0.5977724258864942,fechner
2392,9_epo,70.0,0.5964096415015389,fechner
2393,9_epo,71.0,0.5950838666535037,fechner
2394,9_epo,72.0,0.5937936325711412,fechner
2395,9_epo,73.0,0.592537546179304,fechner
2396,9_epo,74.0,0.5913142853526346,fechner
2397,9_epo,75.0,0.5901225945164563,fechner
2398,9_epo,76.0,0.5889612805661016,fechner
2399,9_epo,77.0,0.5878292090785661,fechner
2400,9_epo,78.0,0.58672530079273,fechner
2401,9_epo,79.0,0.5856485283365463,fechner
2402,9_epo,80.0,0.5845979131815064,fechner
2403,9_epo,81.0,0.5835725228064463,fechner
2404,9_epo,82.0,0.5825714680543331,fechner
2405,9_epo,83.0,0.5815939006670791,fechner
2406,9_epo,84.0,0.5806390109847367,fechner
2407,9_epo,85.0,0.5797060257965841,fechner
2408,9_epo,86.0,0.578794206332669,fechner
2409,9_epo,87.0,0.5779028463853398,fechner
2410,9_epo,88.0,0.577031270551167,fechner
2411,9_epo,89.0,0.576178832584443,fechner
2412,9_epo,90.0,0.5753449138541743,fechner
2413,9_epo,91.0,0.5745289218971317,fechner
2414,9_epo,92.0,0.5737302890601222,fechner
2415,9_epo,93.0,0.572948471225196,fechner
2416,9_epo,94.0,0.5721829466119849,fechner
2417,9_epo,95.0,0.5714332146518387,fechner
