,participant,contrast,mrt,name
0,0_epo,3.0,9.395111234396069,fechner
1,0_epo,4.0,9.411514099932013,fechner
2,0_epo,5.0,9.41638012858226,fechner
3,0_epo,6.0,9.418632188306278,fechner
4,0_epo,7.000000000000001,9.419884724759202,fechner
5,0_epo,8.0,9.420660107881082,fechner
6,0_epo,9.0,9.42117582787131,fechner
7,0_epo,10.0,9.421537163995527,fechner
8,0_epo,11.0,9.421800587900506,fechner
9,0_epo,12.0,9.42199876174001,fechner
10,0_epo,13.0,9.422151706425879,fechner
11,0_epo,14.000000000000002,9.422272276346233,fechner
12,0_epo,15.0,9.422369043942174,fechner
13,0_epo,16.0,9.422447910364474,fechner
14,0_epo,17.0,9.42251304887567,fechner
15,0_epo,18.0,9.422567480092784,fechner
16,0_epo,19.0,9.42261343499326,fechner
17,0_epo,20.0,9.422652590892865,fechner
18,0_epo,21.0,9.42268622888182,fechner
19,0_epo,22.0,9.422715341295131,fechner
20,0_epo,23.0,9.422740706585598,fechner
21,0_epo,24.0,9.422762942448145,fechner
22,0_epo,25.0,9.422782544138457,fechner
23,0_epo,26.0,9.422799912527754,fechner
24,0_epo,27.0,9.42281537492395,fechner
25,0_epo,28.000000000000004,9.422829200717597,fechner
26,0_epo,28.999999999999996,9.422841613274006,fechner
27,0_epo,30.0,9.422852799067755,fechner
28,0_epo,31.0,9.422862914767773,fechner
29,0_epo,32.0,9.42287209278259,fechner
30,0_epo,33.0,9.422880445637107,fechner
31,0_epo,34.0,9.42288806945425,fechner
32,0_epo,35.0,9.42289504674499,fechner
33,0_epo,36.0,9.422901448659504,fechner
34,0_epo,37.0,9.42290733681533,fechner
35,0_epo,38.0,9.422912764791029,fechner
36,0_epo,39.0,9.422917779353593,fechner
37,0_epo,40.0,9.422922421472471,fechner
38,0_epo,41.0,9.42292672716168,fechner
39,0_epo,42.0,9.422930728182457,fechner
40,0_epo,43.0,9.422934452632342,fechner
41,0_epo,44.0,9.422937925441122,fechner
42,0_epo,45.0,9.422941168790164,fechner
43,0_epo,46.0,9.422944202468344,fechner
44,0_epo,47.0,9.422947044175322,fechner
45,0_epo,48.0,9.422949709780864,fechner
46,0_epo,49.0,9.422952213547354,fechner
47,0_epo,50.0,9.422954568321373,fechner
48,0_epo,51.0,9.422956785699123,fechner
49,0_epo,52.0,9.422958876169739,fechner
50,0_epo,53.0,9.422960849239791,fechner
51,0_epo,54.0,9.422962713541729,fechner
52,0_epo,55.00000000000001,9.422964476928636,fechner
53,0_epo,56.00000000000001,9.422966146557185,fechner
54,0_epo,56.99999999999999,9.422967728960483,fechner
55,0_epo,57.99999999999999,9.422969230112173,fechner
56,0_epo,59.0,9.422970655482976,fechner
57,0_epo,60.0,9.422972010090668,fechner
58,0_epo,61.0,9.422973298544363,fechner
59,0_epo,62.0,9.422974525083825,fechner
60,0_epo,63.0,9.422975693614434,fechner
61,0_epo,64.0,9.422976807738344,fechner
62,0_epo,65.0,9.422977870782317,fechner
63,0_epo,66.0,9.42297888582261,fechner
64,0_epo,67.0,9.422979855707275,fechner
65,0_epo,68.0,9.422980783076197,fechner
66,0_epo,69.0,9.42298167037907,fechner
67,0_epo,70.0,9.422982519891631,fechner
68,0_epo,71.0,9.422983333730269,fechner
69,0_epo,72.0,9.422984113865226,fechner
70,0_epo,73.0,9.42298486213256,fechner
71,0_epo,74.0,9.422985580244955,fechner
72,0_epo,75.0,9.42298626980154,fechner
73,0_epo,76.0,9.422986932296814,fechner
74,0_epo,77.0,9.422987569128743,fechner
75,0_epo,78.0,9.422988181606168,fechner
76,0_epo,79.0,9.422988770955515,fechner
77,0_epo,80.0,9.422989338326971,fechner
78,0_epo,81.0,9.422989884800076,fechner
79,0_epo,82.0,9.422990411388893,fechner
80,0_epo,83.0,9.422990919046699,fechner
81,0_epo,84.0,9.422991408670315,fechner
82,0_epo,85.0,9.422991881104068,fechner
83,0_epo,86.0,9.422992337143436,fechner
84,0_epo,87.0,9.422992777538408,fechner
85,0_epo,88.0,9.422993202996562,fechner
86,0_epo,89.0,9.422993614185913,fechner
87,0_epo,90.0,9.422994011737543,fechner
88,0_epo,91.0,9.422994396248018,fechner
89,0_epo,92.0,9.42299476828164,fechner
90,0_epo,93.0,9.422995128372502,fechner
91,0_epo,94.0,9.422995477026422,fechner
92,0_epo,95.0,9.422995814722722,fechner
93,10_epo,3.0,8.078150868177001,fechner
94,10_epo,4.0,8.2778348185949,fechner
95,10_epo,5.0,8.332199582628714,fechner
96,10_epo,6.0,8.356671981243384,fechner
97,10_epo,7.000000000000001,8.3701003043138,fechner
98,10_epo,8.0,8.37834875391389,fechner
99,10_epo,9.0,8.3838079379602,fechner
100,10_epo,10.0,8.387620113444406,fechner
101,10_epo,11.0,8.390392690448472,fechner
102,10_epo,12.0,8.392474841557469,fechner
103,10_epo,13.0,8.394079640871919,fechner
104,10_epo,14.000000000000002,8.395343428455915,fechner
105,10_epo,15.0,8.39635688859219,fechner
106,10_epo,16.0,8.397182316863352,fechner
107,10_epo,17.0,8.39786369424761,fechner
108,10_epo,18.0,8.398432810428822,fechner
109,10_epo,19.0,8.398913117918072,fechner
110,10_epo,20.0,8.399322232124533,fechner
111,10_epo,21.0,8.39967359632156,fechner
112,10_epo,22.0,8.39997761647249,fechner
113,10_epo,23.0,8.400242450821306,fechner
114,10_epo,24.0,8.400474569500913,fechner
115,10_epo,25.0,8.400679157788057,fechner
116,10_epo,26.0,8.400860411093953,fechner
117,10_epo,27.0,8.401021753732048,fechner
118,10_epo,28.000000000000004,8.40116600320195,fechner
119,10_epo,28.999999999999996,8.401295494984739,fechner
120,10_epo,30.0,8.401412178350654,fechner
121,10_epo,31.0,8.401517690636158,fechner
122,10_epo,32.0,8.401613415354136,fechner
123,10_epo,33.0,8.401700528041644,fechner
124,10_epo,34.0,8.401780032718833,fechner
125,10_epo,35.0,8.401852791095987,fechner
126,10_epo,36.0,8.401919546133046,fechner
127,10_epo,37.0,8.401980941167151,fechner
128,10_epo,38.0,8.402037535536845,fechner
129,10_epo,39.0,8.40208981741813,fechner
130,10_epo,40.0,8.402138214427284,fechner
131,10_epo,41.0,8.402183102423985,fechner
132,10_epo,42.0,8.40222481285587,fechner
133,10_epo,43.0,8.402263638914468,fechner
134,10_epo,44.0,8.402299840717532,fechner
135,10_epo,45.0,8.402333649689957,fechner
136,10_epo,46.0,8.402365272281939,fechner
137,10_epo,47.0,8.402394893136607,fechner
138,10_epo,48.0,8.402422677798375,fechner
139,10_epo,49.0,8.402448775036671,fechner
140,10_epo,50.0,8.402473318846178,fechner
141,10_epo,51.0,8.40249643017414,fechner
142,10_epo,52.0,8.402518218416462,fechner
143,10_epo,53.0,8.402538782717336,fechner
144,10_epo,54.0,8.40255821310135,fechner
145,10_epo,55.00000000000001,8.402576591462319,fechner
146,10_epo,56.00000000000001,8.402593992429207,fechner
147,10_epo,56.99999999999999,8.402610484126278,fechner
148,10_epo,57.99999999999999,8.402626128842044,fechner
149,10_epo,59.0,8.402640983619234,fechner
150,10_epo,60.0,8.402655100776343,fechner
151,10_epo,61.0,8.402668528369647,fechner
152,10_epo,62.0,8.402681310603317,fechner
153,10_epo,63.0,8.402693488194211,fechner
154,10_epo,64.0,8.402705098697005,fechner
155,10_epo,65.0,8.402716176794453,fechner
156,10_epo,66.0,8.402726754557042,fechner
157,10_epo,67.0,8.40273686167565,fechner
158,10_epo,68.0,8.40274652567039,fechner
159,10_epo,69.0,8.402755772078363,fechner
160,10_epo,70.0,8.40276462462272,fechner
161,10_epo,71.0,8.40277310536517,fechner
162,10_epo,72.0,8.402781234843696,fechner
163,10_epo,73.0,8.402789032197157,fechner
164,10_epo,74.0,8.402796515278151,fechner
165,10_epo,75.0,8.402803700755397,fechner
166,10_epo,76.0,8.402810604206731,fechner
167,10_epo,77.0,8.40281724020368,fechner
168,10_epo,78.0,8.402823622388501,fechner
169,10_epo,79.0,8.402829763544416,fechner
170,10_epo,80.0,8.402835675659702,fechner
171,10_epo,81.0,8.402841369986334,fechner
172,10_epo,82.0,8.402846857093571,fechner
173,10_epo,83.0,8.402852146917093,fechner
174,10_epo,84.0,8.402857248804041,fechner
175,10_epo,85.0,8.402862171554368,fechner
176,10_epo,86.0,8.402866923458848,fechner
177,10_epo,87.0,8.402871512334013,fechner
178,10_epo,88.0,8.402875945554362,fechner
179,10_epo,89.0,8.402880230082014,fechner
180,10_epo,90.0,8.402884372494087,fechner
181,10_epo,91.0,8.402888379007967,fechner
182,10_epo,92.0,8.40289225550466,fechner
183,10_epo,93.0,8.402896007550416,fechner
184,10_epo,94.0,8.402899640416711,fechner
185,10_epo,95.0,8.402903159098807,fechner
186,11_epo,3.0,8.652553808760578,fechner
187,11_epo,4.0,8.65255380876058,fechner
188,11_epo,5.0,8.65255380876058,fechner
189,11_epo,6.0,8.65255380876058,fechner
190,11_epo,7.000000000000001,8.65255380876058,fechner
191,11_epo,8.0,8.65255380876058,fechner
192,11_epo,9.0,8.65255380876058,fechner
193,11_epo,10.0,8.65255380876058,fechner
194,11_epo,11.0,8.65255380876058,fechner
195,11_epo,12.0,8.65255380876058,fechner
196,11_epo,13.0,8.65255380876058,fechner
197,11_epo,14.000000000000002,8.65255380876058,fechner
198,11_epo,15.0,8.65255380876058,fechner
199,11_epo,16.0,8.65255380876058,fechner
200,11_epo,17.0,8.65255380876058,fechner
201,11_epo,18.0,8.65255380876058,fechner
202,11_epo,19.0,8.65255380876058,fechner
203,11_epo,20.0,8.65255380876058,fechner
204,11_epo,21.0,8.65255380876058,fechner
205,11_epo,22.0,8.65255380876058,fechner
206,11_epo,23.0,8.65255380876058,fechner
207,11_epo,24.0,8.65255380876058,fechner
208,11_epo,25.0,8.65255380876058,fechner
209,11_epo,26.0,8.65255380876058,fechner
210,11_epo,27.0,8.65255380876058,fechner
211,11_epo,28.000000000000004,8.65255380876058,fechner
212,11_epo,28.999999999999996,8.65255380876058,fechner
213,11_epo,30.0,8.65255380876058,fechner
214,11_epo,31.0,8.65255380876058,fechner
215,11_epo,32.0,8.65255380876058,fechner
216,11_epo,33.0,8.65255380876058,fechner
217,11_epo,34.0,8.65255380876058,fechner
218,11_epo,35.0,8.65255380876058,fechner
219,11_epo,36.0,8.65255380876058,fechner
220,11_epo,37.0,8.65255380876058,fechner
221,11_epo,38.0,8.65255380876058,fechner
222,11_epo,39.0,8.65255380876058,fechner
223,11_epo,40.0,8.65255380876058,fechner
224,11_epo,41.0,8.65255380876058,fechner
225,11_epo,42.0,8.65255380876058,fechner
226,11_epo,43.0,8.65255380876058,fechner
227,11_epo,44.0,8.65255380876058,fechner
228,11_epo,45.0,8.65255380876058,fechner
229,11_epo,46.0,8.65255380876058,fechner
230,11_epo,47.0,8.65255380876058,fechner
231,11_epo,48.0,8.65255380876058,fechner
232,11_epo,49.0,8.65255380876058,fechner
233,11_epo,50.0,8.65255380876058,fechner
234,11_epo,51.0,8.65255380876058,fechner
235,11_epo,52.0,8.65255380876058,fechner
236,11_epo,53.0,8.65255380876058,fechner
237,11_epo,54.0,8.65255380876058,fechner
238,11_epo,55.00000000000001,8.65255380876058,fechner
239,11_epo,56.00000000000001,8.65255380876058,fechner
240,11_epo,56.99999999999999,8.65255380876058,fechner
241,11_epo,57.99999999999999,8.65255380876058,fechner
242,11_epo,59.0,8.65255380876058,fechner
243,11_epo,60.0,8.65255380876058,fechner
244,11_epo,61.0,8.65255380876058,fechner
245,11_epo,62.0,8.65255380876058,fechner
246,11_epo,63.0,8.65255380876058,fechner
247,11_epo,64.0,8.65255380876058,fechner
248,11_epo,65.0,8.65255380876058,fechner
249,11_epo,66.0,8.65255380876058,fechner
250,11_epo,67.0,8.65255380876058,fechner
251,11_epo,68.0,8.65255380876058,fechner
252,11_epo,69.0,8.65255380876058,fechner
253,11_epo,70.0,8.65255380876058,fechner
254,11_epo,71.0,8.65255380876058,fechner
255,11_epo,72.0,8.65255380876058,fechner
256,11_epo,73.0,8.65255380876058,fechner
257,11_epo,74.0,8.65255380876058,fechner
258,11_epo,75.0,8.65255380876058,fechner
259,11_epo,76.0,8.65255380876058,fechner
260,11_epo,77.0,8.65255380876058,fechner
261,11_epo,78.0,8.65255380876058,fechner
262,11_epo,79.0,8.65255380876058,fechner
263,11_epo,80.0,8.65255380876058,fechner
264,11_epo,81.0,8.65255380876058,fechner
265,11_epo,82.0,8.65255380876058,fechner
266,11_epo,83.0,8.65255380876058,fechner
267,11_epo,84.0,8.65255380876058,fechner
268,11_epo,85.0,8.65255380876058,fechner
269,11_epo,86.0,8.65255380876058,fechner
270,11_epo,87.0,8.65255380876058,fechner
271,11_epo,88.0,8.65255380876058,fechner
272,11_epo,89.0,8.65255380876058,fechner
273,11_epo,90.0,8.65255380876058,fechner
274,11_epo,91.0,8.65255380876058,fechner
275,11_epo,92.0,8.65255380876058,fechner
276,11_epo,93.0,8.65255380876058,fechner
277,11_epo,94.0,8.65255380876058,fechner
278,11_epo,95.0,8.65255380876058,fechner
279,12_epo,3.0,6.681740958148728,fechner
280,12_epo,4.0,7.337941039266154,fechner
281,12_epo,5.0,7.725587255942875,fechner
282,12_epo,6.0,7.974366537180249,fechner
283,12_epo,7.000000000000001,8.141350708213448,fechner
284,12_epo,8.0,8.257762027257684,fechner
285,12_epo,9.0,8.341633685736745,fechner
286,12_epo,10.0,8.403806356315016,fechner
287,12_epo,11.0,8.45104035950721,fechner
288,12_epo,12.0,8.487695919103842,fechner
289,12_epo,13.0,8.516672334494066,fechner
290,12_epo,14.000000000000002,8.539950940465452,fechner
291,12_epo,15.0,8.558919272932823,fechner
292,12_epo,16.0,8.574570507132075,fechner
293,12_epo,17.0,8.587629598966426,fechner
294,12_epo,18.0,8.598635110212543,fechner
295,12_epo,19.0,8.607993524712056,fechner
296,12_epo,20.0,8.616016069510469,fechner
297,12_epo,21.0,8.622944159144293,fechner
298,12_epo,22.0,8.62896728898161,fechner
299,12_epo,23.0,8.634235821982804,fechner
300,12_epo,24.0,8.638870261841094,fechner
301,12_epo,25.0,8.642968069791289,fechner
302,12_epo,26.0,8.646608738819264,fechner
303,12_epo,27.0,8.649857614700435,fechner
304,12_epo,28.000000000000004,8.652768804403662,fechner
305,12_epo,28.999999999999996,8.65538741202835,fechner
306,12_epo,30.0,8.6577512738046,fechner
307,12_epo,31.0,8.659892316114044,fechner
308,12_epo,32.0,8.6618376271011,fechner
309,12_epo,33.0,8.66361030873483,fechner
310,12_epo,34.0,8.66523015915812,fechner
311,12_epo,35.0,8.666714222811057,fechner
312,12_epo,36.0,8.668077236768106,fechner
313,12_epo,37.0,8.66933199503974,fechner
314,12_epo,38.0,8.670489647600677,fechner
315,12_epo,39.0,8.67155994715604,fechner
316,12_epo,40.0,8.672551453814219,fechner
317,12_epo,41.0,8.673471705665522,fechner
318,12_epo,42.0,8.674327361597554,fechner
319,12_epo,43.0,8.675124321387578,fechner
320,12_epo,44.0,8.675867827106739,fechner
321,12_epo,45.0,8.676562549083545,fechner
322,12_epo,46.0,8.677212659053362,fechner
323,12_epo,47.0,8.677821892629021,fechner
324,12_epo,48.0,8.678393602835934,fechner
325,12_epo,49.0,8.678930806141716,fechner
326,12_epo,50.0,8.679436222158103,fechner
327,12_epo,51.0,8.67991230798924,fechner
328,12_epo,52.0,8.680361288035057,fechner
329,12_epo,53.0,8.680785179923685,fechner
330,12_epo,54.0,8.681185817136571,fechner
331,12_epo,55.00000000000001,8.681564868799333,fechner
332,12_epo,56.00000000000001,8.68192385703668,fechner
333,12_epo,56.99999999999999,8.682264172227887,fechner
334,12_epo,57.99999999999999,8.682587086447942,fechner
335,12_epo,59.0,8.682893765336662,fechner
336,12_epo,60.0,8.683185278602318,fechner
337,12_epo,61.0,8.683462609336313,fechner
338,12_epo,62.0,8.68372666229012,fechner
339,12_epo,63.0,8.683978271244515,fechner
340,12_epo,64.0,8.68421820558302,fechner
341,12_epo,65.0,8.684447176166225,fechner
342,12_epo,66.0,8.684665840590654,fechner
343,12_epo,67.0,8.684874807904734,fechner
344,12_epo,68.0,8.685074642844969,fechner
345,12_epo,69.0,8.685265869647257,fechner
346,12_epo,70.0,8.685448975481352,fechner
347,12_epo,71.0,8.685624413550446,fechner
348,12_epo,72.0,8.685792605892644,fechner
349,12_epo,73.0,8.68595394591664,fechner
350,12_epo,74.0,8.686108800700048,fechner
351,12_epo,75.0,8.68625751307538,fechner
352,12_epo,76.0,8.686400403525841,fechner
353,12_epo,77.0,8.686537771910475,fechner
354,12_epo,78.0,8.686669899035957,fechner
355,12_epo,79.0,8.686797048090495,fechner
356,12_epo,80.0,8.686919465953373,fechner
357,12_epo,81.0,8.687037384392411,fechner
358,12_epo,82.0,8.687151021160116,fechner
359,12_epo,83.0,8.687260580998188,fechner
360,12_epo,84.0,8.687366256559091,fechner
361,12_epo,85.0,8.687468229252339,fechner
362,12_epo,86.0,8.687566670022523,fechner
363,12_epo,87.0,8.68766174006523,fechner
364,12_epo,88.0,8.68775359148651,fechner
365,12_epo,89.0,8.687842367910875,fechner
366,12_epo,90.0,8.687928205042393,fechner
367,12_epo,91.0,8.688011231182974,fechner
368,12_epo,92.0,8.688091567711508,fechner
369,12_epo,93.0,8.688169329527222,fechner
370,12_epo,94.0,8.688244625460284,fechner
371,12_epo,95.0,8.688317558652352,fechner
372,13_epo,3.0,5.81424889613064,fechner
373,13_epo,4.0,6.401217603944758,fechner
374,13_epo,5.0,6.733519979186463,fechner
375,13_epo,6.0,6.940973892299303,fechner
376,13_epo,7.000000000000001,7.077700892874378,fechner
377,13_epo,8.0,7.17183662320894,fechner
378,13_epo,9.0,7.239063461939314,fechner
379,13_epo,10.0,7.288578107959994,fechner
380,13_epo,11.0,7.326014790671163,fechner
381,13_epo,12.0,7.354960187664979,fechner
382,13_epo,13.0,7.377775729808408,fechner
383,13_epo,14.000000000000002,7.396062856035341,fechner
384,13_epo,15.0,7.410936293445697,fechner
385,13_epo,16.0,7.4231900783530484,fechner
386,13_epo,17.0,7.4334015182869795,fechner
387,13_epo,18.0,7.441998090121808,fechner
388,13_epo,19.0,7.449301556965179,fechner
389,13_epo,20.0,7.455557713069862,fechner
390,13_epo,21.0,7.460956844962895,fechner
391,13_epo,22.0,7.465648065172396,fechner
392,13_epo,23.0,7.469749521654427,fechner
393,13_epo,24.0,7.473355780910434,fechner
394,13_epo,25.0,7.476543242129206,fechner
395,13_epo,26.0,7.4793741586871025,fechner
396,13_epo,27.0,7.481899660783024,fechner
397,13_epo,28.000000000000004,7.484162052323209,fechner
398,13_epo,28.999999999999996,7.486196574136948,fechner
399,13_epo,30.0,7.488032770371195,fechner
400,13_epo,31.0,7.489695556741931,fechner
401,13_epo,32.0,7.491206062600465,fechner
402,13_epo,33.0,7.49258229984226,fechner
403,13_epo,34.0,7.493839698122165,fechner
404,13_epo,35.0,7.4949915360181025,fechner
405,13_epo,36.0,7.496049290602308,fechner
406,13_epo,37.0,7.497022922576666,fechner
407,13_epo,38.0,7.497921110179737,fechner
408,13_epo,39.0,7.498751442107446,fechner
409,13_epo,40.0,7.499520577444827,fechner
410,13_epo,41.0,7.5002343788945245,fechner
411,13_epo,42.0,7.500898024273196,fechner
412,13_epo,43.0,7.501516100230642,fechner
413,13_epo,44.0,7.502092681355636,fechner
414,13_epo,45.0,7.502631397213331,fechner
415,13_epo,46.0,7.503135489371607,fechner
416,13_epo,47.0,7.503607860087757,fechner
417,13_epo,48.0,7.504051114019643,fechner
418,13_epo,49.0,7.5044675940796655,fechner
419,13_epo,50.0,7.504859412352322,fechner
420,13_epo,51.0,7.505228476836522,fechner
421,13_epo,52.0,7.505576514644396,fechner
422,13_epo,53.0,7.505905092182871,fechner
423,13_epo,54.0,7.506215632758001,fechner
424,13_epo,55.00000000000001,7.506509431971218,fechner
425,13_epo,56.00000000000001,7.5067876712182695,fechner
426,13_epo,56.99999999999999,7.507051429553239,fechner
427,13_epo,57.99999999999999,7.507301694140005,fechner
428,13_epo,59.0,7.50753936947999,fechner
429,13_epo,60.0,7.507765285577198,fechner
430,13_epo,61.0,7.507980205178049,fechner
431,13_epo,62.0,7.508184830203865,fechner
432,13_epo,63.0,7.508379807477239,fechner
433,13_epo,64.0,7.508565733829454,fechner
434,13_epo,65.0,7.508743160664222,fechner
435,13_epo,66.0,7.50891259804286,fechner
436,13_epo,67.0,7.50907451834738,fechner
437,13_epo,68.0,7.5092293595706,fechner
438,13_epo,69.0,7.509377528276017,fechner
439,13_epo,70.0,7.5095194022648055,fechner
440,13_epo,71.0,7.509655332982545,fechner
441,13_epo,72.0,7.509785647694334,fechner
442,13_epo,73.0,7.509910651453384,fechner
443,13_epo,74.0,7.510030628885212,fechner
444,13_epo,75.0,7.510145845806882,fechner
445,13_epo,76.0,7.510256550698523,fechner
446,13_epo,77.0,7.510362976042293,fechner
447,13_epo,78.0,7.510465339542267,fechner
448,13_epo,79.0,7.510563845237211,fechner
449,13_epo,80.0,7.51065868451683,fechner
450,13_epo,81.0,7.5107500370509594,fechner
451,13_epo,82.0,7.510838071640091,fechner
452,13_epo,83.0,7.510922946994794,fechner
453,13_epo,84.0,7.511004812450704,fechner
454,13_epo,85.0,7.511083808625101,fechner
455,13_epo,86.0,7.5111600680204935,fechner
456,13_epo,87.0,7.51123371558,fechner
457,13_epo,88.0,7.511304869198911,fechner
458,13_epo,89.0,7.511373640196309,fechner
459,13_epo,90.0,7.511440133750295,fechner
460,13_epo,91.0,7.511504449299985,fechner
461,13_epo,92.0,7.511566680917131,fechner
462,13_epo,93.0,7.511626917649991,fechner
463,13_epo,94.0,7.511685243841762,fechner
464,13_epo,95.0,7.511741739425718,fechner
465,14_epo,3.0,8.042284719905783,fechner
466,14_epo,4.0,8.042288205623695,fechner
467,14_epo,5.0,8.04228911904395,fechner
468,14_epo,6.0,8.042289525452535,fechner
469,14_epo,7.000000000000001,8.042289747212962,fechner
470,14_epo,8.0,8.042289882997839,fechner
471,14_epo,9.0,8.042289972685627,fechner
472,14_epo,10.0,8.042290035229984,fechner
473,14_epo,11.0,8.042290080674332,fechner
474,14_epo,12.0,8.042290114777892,fechner
475,14_epo,13.0,8.042290141048719,fechner
476,14_epo,14.000000000000002,8.042290161728442,fechner
477,14_epo,15.0,8.04229017830646,fechner
478,14_epo,16.0,8.04229019180505,fechner
479,14_epo,17.0,8.042290202945455,fechner
480,14_epo,18.0,8.042290212248707,fechner
481,14_epo,19.0,8.042290220099012,fechner
482,14_epo,20.0,8.042290226784841,fechner
483,14_epo,21.0,8.042290232526268,fechner
484,14_epo,22.0,8.0422902374936,fechner
485,14_epo,23.0,8.042290241820321,fechner
486,14_epo,24.0,8.042290245612277,fechner
487,14_epo,25.0,8.042290248954272,fechner
488,14_epo,26.0,8.04229025191492,fechner
489,14_epo,27.0,8.04229025455021,fechner
490,14_epo,28.000000000000004,8.042290256906202,fechner
491,14_epo,28.999999999999996,8.042290259021076,fechner
492,14_epo,30.0,8.042290260926693,fechner
493,14_epo,31.0,8.042290262649813,fechner
494,14_epo,32.0,8.042290264213046,fechner
495,14_epo,33.0,8.042290265635602,fechner
496,14_epo,34.0,8.042290266933888,fechner
497,14_epo,35.0,8.042290268121981,fechner
498,14_epo,36.0,8.042290269212023,fechner
499,14_epo,37.0,8.042290270214524,fechner
500,14_epo,38.0,8.042290271138617,fechner
501,14_epo,39.0,8.042290271992284,fechner
502,14_epo,40.0,8.042290272782504,fechner
503,14_epo,41.0,8.042290273515421,fechner
504,14_epo,42.0,8.042290274196446,fechner
505,14_epo,43.0,8.04229027483037,fechner
506,14_epo,44.0,8.04229027542144,fechner
507,14_epo,45.0,8.042290275973436,fechner
508,14_epo,46.0,8.04229027648973,fechner
509,14_epo,47.0,8.04229027697334,fechner
510,14_epo,48.0,8.042290277426966,fechner
511,14_epo,49.0,8.042290277853038,fechner
512,14_epo,50.0,8.042290278253745,fechner
513,14_epo,51.0,8.042290278631064,fechner
514,14_epo,52.0,8.042290278986778,fechner
515,14_epo,53.0,8.04229027932251,fechner
516,14_epo,54.0,8.042290279639726,fechner
517,14_epo,55.00000000000001,8.042290279939767,fechner
518,14_epo,56.00000000000001,8.04229028022385,fechner
519,14_epo,56.99999999999999,8.042290280493086,fechner
520,14_epo,57.99999999999999,8.042290280748492,fechner
521,14_epo,59.0,8.042290280991004,fechner
522,14_epo,60.0,8.04229028122147,fechner
523,14_epo,61.0,8.04229028144068,fechner
524,14_epo,62.0,8.042290281649352,fechner
525,14_epo,63.0,8.042290281848153,fechner
526,14_epo,64.0,8.042290282037696,fechner
527,14_epo,65.0,8.042290282218547,fechner
528,14_epo,66.0,8.042290282391228,fechner
529,14_epo,67.0,8.042290282556225,fechner
530,14_epo,68.0,8.04229028271399,fechner
531,14_epo,69.0,8.042290282864936,fechner
532,14_epo,70.0,8.042290283009452,fechner
533,14_epo,71.0,8.042290283147898,fechner
534,14_epo,72.0,8.04229028328061,fechner
535,14_epo,73.0,8.0422902834079,fechner
536,14_epo,74.0,8.042290283530058,fechner
537,14_epo,75.0,8.042290283647358,fechner
538,14_epo,76.0,8.042290283760055,fechner
539,14_epo,77.0,8.042290283868384,fechner
540,14_epo,78.0,8.04229028397257,fechner
541,14_epo,79.0,8.042290284072822,fechner
542,14_epo,80.0,8.042290284169333,fechner
543,14_epo,81.0,8.04229028426229,fechner
544,14_epo,82.0,8.042290284351864,fechner
545,14_epo,83.0,8.042290284438216,fechner
546,14_epo,84.0,8.042290284521503,fechner
547,14_epo,85.0,8.042290284601862,fechner
548,14_epo,86.0,8.042290284679433,fechner
549,14_epo,87.0,8.042290284754344,fechner
550,14_epo,88.0,8.042290284826713,fechner
551,14_epo,89.0,8.042290284896655,fechner
552,14_epo,90.0,8.042290284964277,fechner
553,14_epo,91.0,8.04229028502968,fechner
554,14_epo,92.0,8.04229028509296,fechner
555,14_epo,93.0,8.042290285154209,fechner
556,14_epo,94.0,8.042290285213513,fechner
557,14_epo,95.0,8.042290285270951,fechner
558,15_epo,3.0,8.152631286933621,fechner
559,15_epo,4.0,8.152631286933621,fechner
560,15_epo,5.0,8.152631286933621,fechner
561,15_epo,6.0,8.152631286933621,fechner
562,15_epo,7.000000000000001,8.152631286933621,fechner
563,15_epo,8.0,8.152631286933621,fechner
564,15_epo,9.0,8.152631286933623,fechner
565,15_epo,10.0,8.152631286933621,fechner
566,15_epo,11.0,8.152631286933623,fechner
567,15_epo,12.0,8.152631286933623,fechner
568,15_epo,13.0,8.152631286933623,fechner
569,15_epo,14.000000000000002,8.152631286933623,fechner
570,15_epo,15.0,8.152631286933623,fechner
571,15_epo,16.0,8.152631286933623,fechner
572,15_epo,17.0,8.152631286933623,fechner
573,15_epo,18.0,8.152631286933623,fechner
574,15_epo,19.0,8.152631286933623,fechner
575,15_epo,20.0,8.152631286933623,fechner
576,15_epo,21.0,8.152631286933623,fechner
577,15_epo,22.0,8.152631286933623,fechner
578,15_epo,23.0,8.152631286933623,fechner
579,15_epo,24.0,8.152631286933623,fechner
580,15_epo,25.0,8.152631286933623,fechner
581,15_epo,26.0,8.152631286933623,fechner
582,15_epo,27.0,8.152631286933623,fechner
583,15_epo,28.000000000000004,8.152631286933623,fechner
584,15_epo,28.999999999999996,8.152631286933623,fechner
585,15_epo,30.0,8.152631286933623,fechner
586,15_epo,31.0,8.152631286933623,fechner
587,15_epo,32.0,8.152631286933623,fechner
588,15_epo,33.0,8.152631286933623,fechner
589,15_epo,34.0,8.152631286933623,fechner
590,15_epo,35.0,8.152631286933623,fechner
591,15_epo,36.0,8.152631286933623,fechner
592,15_epo,37.0,8.152631286933623,fechner
593,15_epo,38.0,8.152631286933623,fechner
594,15_epo,39.0,8.152631286933623,fechner
595,15_epo,40.0,8.152631286933623,fechner
596,15_epo,41.0,8.152631286933623,fechner
597,15_epo,42.0,8.152631286933623,fechner
598,15_epo,43.0,8.152631286933623,fechner
599,15_epo,44.0,8.152631286933623,fechner
600,15_epo,45.0,8.152631286933623,fechner
601,15_epo,46.0,8.152631286933623,fechner
602,15_epo,47.0,8.152631286933623,fechner
603,15_epo,48.0,8.152631286933623,fechner
604,15_epo,49.0,8.152631286933623,fechner
605,15_epo,50.0,8.152631286933623,fechner
606,15_epo,51.0,8.152631286933623,fechner
607,15_epo,52.0,8.152631286933623,fechner
608,15_epo,53.0,8.152631286933623,fechner
609,15_epo,54.0,8.152631286933623,fechner
610,15_epo,55.00000000000001,8.152631286933623,fechner
611,15_epo,56.00000000000001,8.152631286933623,fechner
612,15_epo,56.99999999999999,8.152631286933623,fechner
613,15_epo,57.99999999999999,8.152631286933623,fechner
614,15_epo,59.0,8.152631286933623,fechner
615,15_epo,60.0,8.152631286933623,fechner
616,15_epo,61.0,8.152631286933623,fechner
617,15_epo,62.0,8.152631286933623,fechner
618,15_epo,63.0,8.152631286933623,fechner
619,15_epo,64.0,8.152631286933623,fechner
620,15_epo,65.0,8.152631286933623,fechner
621,15_epo,66.0,8.152631286933623,fechner
622,15_epo,67.0,8.152631286933623,fechner
623,15_epo,68.0,8.152631286933623,fechner
624,15_epo,69.0,8.152631286933623,fechner
625,15_epo,70.0,8.152631286933623,fechner
626,15_epo,71.0,8.152631286933623,fechner
627,15_epo,72.0,8.152631286933623,fechner
628,15_epo,73.0,8.152631286933623,fechner
629,15_epo,74.0,8.152631286933623,fechner
630,15_epo,75.0,8.152631286933623,fechner
631,15_epo,76.0,8.152631286933623,fechner
632,15_epo,77.0,8.152631286933623,fechner
633,15_epo,78.0,8.152631286933623,fechner
634,15_epo,79.0,8.152631286933623,fechner
635,15_epo,80.0,8.152631286933623,fechner
636,15_epo,81.0,8.152631286933623,fechner
637,15_epo,82.0,8.152631286933623,fechner
638,15_epo,83.0,8.152631286933623,fechner
639,15_epo,84.0,8.152631286933623,fechner
640,15_epo,85.0,8.152631286933623,fechner
641,15_epo,86.0,8.152631286933623,fechner
642,15_epo,87.0,8.152631286933623,fechner
643,15_epo,88.0,8.152631286933623,fechner
644,15_epo,89.0,8.152631286933623,fechner
645,15_epo,90.0,8.152631286933623,fechner
646,15_epo,91.0,8.152631286933623,fechner
647,15_epo,92.0,8.152631286933623,fechner
648,15_epo,93.0,8.152631286933623,fechner
649,15_epo,94.0,8.152631286933623,fechner
650,15_epo,95.0,8.152631286933623,fechner
651,16_epo,3.0,8.182803518027763,fechner
652,16_epo,4.0,8.497143596358224,fechner
653,16_epo,5.0,8.584418162404882,fechner
654,16_epo,6.0,8.623947106329064,fechner
655,16_epo,7.000000000000001,8.645701513887992,fechner
656,16_epo,8.0,8.659087022279383,fechner
657,16_epo,9.0,8.667955657218185,fechner
658,16_epo,10.0,8.674153172728769,fechner
659,16_epo,11.0,8.678662924675455,fechner
660,16_epo,12.0,8.682050950375462,fechner
661,16_epo,13.0,8.684662996436495,fechner
662,16_epo,14.000000000000002,8.686720459087702,fechner
663,16_epo,15.0,8.688370680338025,fechner
664,16_epo,16.0,8.689714922570648,fechner
665,16_epo,17.0,8.690824703570227,fechner
666,16_epo,18.0,8.691751732189763,fechner
667,16_epo,19.0,8.692534165535292,fechner
668,16_epo,20.0,8.693200669722978,fechner
669,16_epo,21.0,8.69377312526139,fechner
670,16_epo,22.0,8.694268471621434,fechner
671,16_epo,23.0,8.69469999101406,fechner
672,16_epo,24.0,8.695078218464742,fechner
673,16_epo,25.0,8.695411597752495,fechner
674,16_epo,26.0,8.695706961332954,fechner
675,16_epo,27.0,8.695969886310815,fechner
676,16_epo,28.000000000000004,8.696204961795882,fechner
677,16_epo,28.999999999999996,8.696415992020777,fechner
678,16_epo,30.0,8.696606152295752,fechner
679,16_epo,31.0,8.696778109928296,fechner
680,16_epo,32.0,8.696934118832452,fechner
681,16_epo,33.0,8.697076094179662,fechner
682,16_epo,34.0,8.697205671766849,fechner
683,16_epo,35.0,8.697324255578996,fechner
684,16_epo,36.0,8.697433056157355,fechner
685,16_epo,37.0,8.697533121751588,fechner
686,16_epo,38.0,8.697625363767528,fechner
687,16_epo,39.0,8.697710577674716,fechner
688,16_epo,40.0,8.697789460277184,fechner
689,16_epo,41.0,8.697862624053306,fechner
690,16_epo,42.0,8.697930609120172,fechner
691,16_epo,43.0,8.697993893261994,fechner
692,16_epo,44.0,8.698052900372755,fechner
693,16_epo,45.0,8.698108007593444,fechner
694,16_epo,46.0,8.698159551369724,fechner
695,16_epo,47.0,8.6982078326128,fechner
696,16_epo,48.0,8.69825312111215,fechner
697,16_epo,49.0,8.698295659321593,fechner
698,16_epo,50.0,8.698335665618439,fechner
699,16_epo,51.0,8.698373337117948,fechner
700,16_epo,52.0,8.698408852111111,fechner
701,16_epo,53.0,8.698442372182335,fechner
702,16_epo,54.0,8.698474044054187,fechner
703,16_epo,55.00000000000001,8.698504001198716,fechner
704,16_epo,56.00000000000001,8.698532365248468,fechner
705,16_epo,56.99999999999999,8.698559247235236,fechner
706,16_epo,57.99999999999999,8.698584748680105,fechner
707,16_epo,59.0,8.698608962554918,fechner
708,16_epo,60.0,8.698631974132173,fechner
709,16_epo,61.0,8.698653861737922,fechner
710,16_epo,62.0,8.698674697420142,fechner
711,16_epo,63.0,8.698694547543228,fechner
712,16_epo,64.0,8.698713473317804,fechner
713,16_epo,65.0,8.698731531273811,fechner
714,16_epo,66.0,8.69874877368364,fechner
715,16_epo,67.0,8.698765248941328,fechner
716,16_epo,68.0,8.69878100190289,fechner
717,16_epo,69.0,8.698796074192309,fechner
718,16_epo,70.0,8.698810504477104,fechner
719,16_epo,71.0,8.698824328716835,fechner
720,16_epo,72.0,8.698837580387583,fechner
721,16_epo,73.0,8.698850290685016,fechner
722,16_epo,74.0,8.69886248870833,fechner
723,16_epo,75.0,8.698874201627119,fechner
724,16_epo,76.0,8.69888545483293,fechner
725,16_epo,77.0,8.698896272077127,fechner
726,16_epo,78.0,8.698906675596424,fechner
727,16_epo,79.0,8.698916686227365,fechner
728,16_epo,80.0,8.698926323510824,fechner
729,16_epo,81.0,8.698935605787502,fechner
730,16_epo,82.0,8.69894455028535,fechner
731,16_epo,83.0,8.698953173199593,fechner
732,16_epo,84.0,8.698961489766177,fechner
733,16_epo,85.0,8.698969514329155,fechner
734,16_epo,86.0,8.698977260402629,fechner
735,16_epo,87.0,8.698984740727711,fechner
736,16_epo,88.0,8.698991967325009,fechner
737,16_epo,89.0,8.698998951542967,fechner
738,16_epo,90.0,8.699005704102477,fechner
739,16_epo,91.0,8.69901223513807,fechner
740,16_epo,92.0,8.699018554236003,fechner
741,16_epo,93.0,8.699024670469461,fechner
742,16_epo,94.0,8.699030592431166,fechner
743,16_epo,95.0,8.699036328263603,fechner
744,17_epo,3.0,7.563009278736279,fechner
745,17_epo,4.0,7.978939438101254,fechner
746,17_epo,5.0,8.187558825981354,fechner
747,17_epo,6.0,8.30879602864757,fechner
748,17_epo,7.000000000000001,8.385178047818295,fechner
749,17_epo,8.0,8.436217960485186,fechner
750,17_epo,9.0,8.47192081202711,fechner
751,17_epo,10.0,8.497828442731233,fechner
752,17_epo,11.0,8.517201507146154,fechner
753,17_epo,12.0,8.532055207579974,fechner
754,17_epo,13.0,8.543687123032832,fechner
755,17_epo,14.000000000000002,8.552962252255188,fechner
756,17_epo,15.0,8.560474625662975,fechner
757,17_epo,16.0,8.566642828338495,fechner
758,17_epo,17.0,8.571768530026,fechner
759,17_epo,18.0,8.576073494482737,fechner
760,17_epo,19.0,8.579723638754402,fechner
761,17_epo,20.0,8.5828450633437,fechner
762,17_epo,21.0,8.585534970089087,fechner
763,17_epo,22.0,8.587869246447369,fechner
764,17_epo,23.0,8.589907828855257,fechner
765,17_epo,24.0,8.591698557423927,fechner
766,17_epo,25.0,8.593279987523891,fechner
767,17_epo,26.0,8.594683468414846,fechner
768,17_epo,27.0,8.595934699175743,fechner
769,17_epo,28.000000000000004,8.597054906766036,fechner
770,17_epo,28.999999999999996,8.59806174746375,fechner
771,17_epo,30.0,8.59897000342797,fechner
772,17_epo,31.0,8.599792125875894,fechner
773,17_epo,32.0,8.600538662262979,fechner
774,17_epo,33.0,8.601218594913929,fechner
775,17_epo,34.0,8.601839611461363,fechner
776,17_epo,35.0,8.602408322335346,fechner
777,17_epo,36.0,8.60293043682062,fechner
778,17_epo,37.0,8.603410906456842,fechner
779,17_epo,38.0,8.603854042521515,fechner
780,17_epo,39.0,8.60426361281078,fechner
781,17_epo,40.0,8.6046429217824,fechner
782,17_epo,41.0,8.604994877249586,fechner
783,17_epo,42.0,8.605322046143216,fechner
784,17_epo,43.0,8.605626701342315,fechner
785,17_epo,44.0,8.605910861170418,fechner
786,17_epo,45.0,8.606176322841154,fechner
787,17_epo,46.0,8.606424690889266,fechner
788,17_epo,47.0,8.606657401427931,fechner
789,17_epo,48.0,8.606875742917936,fechner
790,17_epo,49.0,8.607080874010183,fechner
791,17_epo,50.0,8.607273838923359,fechner
792,17_epo,51.0,8.607455580738245,fechner
793,17_epo,52.0,8.607626952925013,fechner
794,17_epo,53.0,8.60778872936679,fechner
795,17_epo,54.0,8.607941613099559,fechner
796,17_epo,55.00000000000001,8.608086243952766,fechner
797,17_epo,56.00000000000001,8.60822320524589,fechner
798,17_epo,56.99999999999999,8.60835302967186,fechner
799,17_epo,57.99999999999999,8.608476204478258,fechner
800,17_epo,59.0,8.608593176040428,fechner
801,17_epo,60.0,8.608704353906711,fechner
802,17_epo,61.0,8.608810114384283,fechner
803,17_epo,62.0,8.608910803724259,fechner
804,17_epo,63.0,8.609006740956415,fechner
805,17_epo,64.0,8.609098220416918,fechner
806,17_epo,65.0,8.60918551400643,fechner
807,17_epo,66.0,8.609268873210988,fechner
808,17_epo,67.0,8.609348530913696,fechner
809,17_epo,68.0,8.609424703021618,fechner
810,17_epo,69.0,8.609497589929104,fechner
811,17_epo,70.0,8.609567377836056,fechner
812,17_epo,71.0,8.609634239937362,fechner
813,17_epo,72.0,8.60969833749766,fechner
814,17_epo,73.0,8.609759820823921,fechner
815,17_epo,74.0,8.609818830146763,fechner
816,17_epo,75.0,8.6098754964202,fechner
817,17_epo,76.0,8.609929942048304,fechner
818,17_epo,77.0,8.609982281546316,fechner
819,17_epo,78.0,8.610032622142917,fechner
820,17_epo,79.0,8.610081064329503,fechner
821,17_epo,80.0,8.610127702361773,fechner
822,17_epo,81.0,8.610172624718311,fechner
823,17_epo,82.0,8.610215914520268,fechner
824,17_epo,83.0,8.610257649915933,fechner
825,17_epo,84.0,8.610297904433471,fechner
826,17_epo,85.0,8.610336747304824,fechner
827,17_epo,86.0,8.61037424376341,fechner
828,17_epo,87.0,8.61041045531806,fechner
829,17_epo,88.0,8.610445440005291,fechner
830,17_epo,89.0,8.610479252621875,fechner
831,17_epo,90.0,8.610511944939436,fechner
832,17_epo,91.0,8.610543565902649,fechner
833,17_epo,92.0,8.610574161812453,fechner
834,17_epo,93.0,8.610603776495566,fechner
835,17_epo,94.0,8.610632451461436,fechner
836,17_epo,95.0,8.610660226047727,fechner
837,18_epo,3.0,8.595857933842167,fechner
838,18_epo,4.0,8.595857933842167,fechner
839,18_epo,5.0,8.595857933842167,fechner
840,18_epo,6.0,8.595857933842167,fechner
841,18_epo,7.000000000000001,8.595857933842167,fechner
842,18_epo,8.0,8.595857933842167,fechner
843,18_epo,9.0,8.595857933842167,fechner
844,18_epo,10.0,8.595857933842167,fechner
845,18_epo,11.0,8.595857933842167,fechner
846,18_epo,12.0,8.595857933842167,fechner
847,18_epo,13.0,8.595857933842167,fechner
848,18_epo,14.000000000000002,8.595857933842167,fechner
849,18_epo,15.0,8.595857933842167,fechner
850,18_epo,16.0,8.595857933842167,fechner
851,18_epo,17.0,8.595857933842167,fechner
852,18_epo,18.0,8.595857933842167,fechner
853,18_epo,19.0,8.595857933842167,fechner
854,18_epo,20.0,8.595857933842167,fechner
855,18_epo,21.0,8.595857933842167,fechner
856,18_epo,22.0,8.595857933842167,fechner
857,18_epo,23.0,8.595857933842167,fechner
858,18_epo,24.0,8.595857933842167,fechner
859,18_epo,25.0,8.595857933842167,fechner
860,18_epo,26.0,8.595857933842167,fechner
861,18_epo,27.0,8.595857933842167,fechner
862,18_epo,28.000000000000004,8.595857933842167,fechner
863,18_epo,28.999999999999996,8.595857933842167,fechner
864,18_epo,30.0,8.595857933842167,fechner
865,18_epo,31.0,8.595857933842167,fechner
866,18_epo,32.0,8.595857933842167,fechner
867,18_epo,33.0,8.595857933842167,fechner
868,18_epo,34.0,8.595857933842167,fechner
869,18_epo,35.0,8.595857933842167,fechner
870,18_epo,36.0,8.595857933842167,fechner
871,18_epo,37.0,8.595857933842167,fechner
872,18_epo,38.0,8.595857933842167,fechner
873,18_epo,39.0,8.595857933842167,fechner
874,18_epo,40.0,8.595857933842167,fechner
875,18_epo,41.0,8.595857933842167,fechner
876,18_epo,42.0,8.595857933842167,fechner
877,18_epo,43.0,8.595857933842167,fechner
878,18_epo,44.0,8.595857933842167,fechner
879,18_epo,45.0,8.595857933842167,fechner
880,18_epo,46.0,8.595857933842167,fechner
881,18_epo,47.0,8.595857933842167,fechner
882,18_epo,48.0,8.595857933842167,fechner
883,18_epo,49.0,8.595857933842167,fechner
884,18_epo,50.0,8.595857933842167,fechner
885,18_epo,51.0,8.595857933842167,fechner
886,18_epo,52.0,8.595857933842167,fechner
887,18_epo,53.0,8.595857933842167,fechner
888,18_epo,54.0,8.595857933842167,fechner
889,18_epo,55.00000000000001,8.595857933842167,fechner
890,18_epo,56.00000000000001,8.595857933842167,fechner
891,18_epo,56.99999999999999,8.595857933842167,fechner
892,18_epo,57.99999999999999,8.595857933842167,fechner
893,18_epo,59.0,8.595857933842167,fechner
894,18_epo,60.0,8.595857933842167,fechner
895,18_epo,61.0,8.595857933842167,fechner
896,18_epo,62.0,8.595857933842167,fechner
897,18_epo,63.0,8.595857933842167,fechner
898,18_epo,64.0,8.595857933842167,fechner
899,18_epo,65.0,8.595857933842167,fechner
900,18_epo,66.0,8.595857933842167,fechner
901,18_epo,67.0,8.595857933842167,fechner
902,18_epo,68.0,8.595857933842167,fechner
903,18_epo,69.0,8.595857933842167,fechner
904,18_epo,70.0,8.595857933842167,fechner
905,18_epo,71.0,8.595857933842167,fechner
906,18_epo,72.0,8.595857933842167,fechner
907,18_epo,73.0,8.595857933842167,fechner
908,18_epo,74.0,8.595857933842167,fechner
909,18_epo,75.0,8.595857933842167,fechner
910,18_epo,76.0,8.595857933842167,fechner
911,18_epo,77.0,8.595857933842167,fechner
912,18_epo,78.0,8.595857933842167,fechner
913,18_epo,79.0,8.595857933842167,fechner
914,18_epo,80.0,8.595857933842167,fechner
915,18_epo,81.0,8.595857933842167,fechner
916,18_epo,82.0,8.595857933842167,fechner
917,18_epo,83.0,8.595857933842167,fechner
918,18_epo,84.0,8.595857933842167,fechner
919,18_epo,85.0,8.595857933842167,fechner
920,18_epo,86.0,8.595857933842167,fechner
921,18_epo,87.0,8.595857933842167,fechner
922,18_epo,88.0,8.595857933842167,fechner
923,18_epo,89.0,8.595857933842167,fechner
924,18_epo,90.0,8.595857933842167,fechner
925,18_epo,91.0,8.595857933842167,fechner
926,18_epo,92.0,8.595857933842167,fechner
927,18_epo,93.0,8.595857933842167,fechner
928,18_epo,94.0,8.595857933842167,fechner
929,18_epo,95.0,8.595857933842167,fechner
930,19_epo,3.0,8.009266783458944,fechner
931,19_epo,4.0,8.15712211586623,fechner
932,19_epo,5.0,8.197437383977768,fechner
933,19_epo,6.0,8.21559392838877,fechner
934,19_epo,7.000000000000001,8.225558918229341,fechner
935,19_epo,8.0,8.231680782679618,fechner
936,19_epo,9.0,8.235732832077266,fechner
937,19_epo,10.0,8.238562555356548,fechner
938,19_epo,11.0,8.240620680648695,fechner
939,19_epo,12.0,8.242166337389445,fechner
940,19_epo,13.0,8.243357664756607,fechner
941,19_epo,14.000000000000002,8.244295857192316,fechner
942,19_epo,15.0,8.245048225392521,fechner
943,19_epo,16.0,8.245661010043872,fechner
944,19_epo,17.0,8.246166858198329,fechner
945,19_epo,18.0,8.24658936785423,fechner
946,19_epo,19.0,8.246945948519285,fechner
947,19_epo,20.0,8.247249676850664,fechner
948,19_epo,21.0,8.247510532487643,fechner
949,19_epo,22.0,8.247736240405027,fechner
950,19_epo,23.0,8.247932857019489,fechner
951,19_epo,24.0,8.24810518558965,fechner
952,19_epo,25.0,8.248257075558998,fechner
953,19_epo,26.0,8.248391641535521,fechner
954,19_epo,27.0,8.24851142569093,fechner
955,19_epo,28.000000000000004,8.248618519715938,fechner
956,19_epo,28.999999999999996,8.248714657462239,fechner
957,19_epo,30.0,8.248801286066108,fechner
958,19_epo,31.0,8.248879621088985,fechner
959,19_epo,32.0,8.24895068965666,fechner
960,19_epo,33.0,8.249015364495428,fechner
961,19_epo,34.0,8.249074390998372,fechner
962,19_epo,35.0,8.249128408908112,fechner
963,19_epo,36.0,8.249177969807054,fechner
964,19_epo,37.0,8.24922355131743,fechner
965,19_epo,38.0,8.249265568700569,fechner
966,19_epo,39.0,8.249304384386305,fechner
967,19_epo,40.0,8.249340315844458,fechner
968,19_epo,41.0,8.249373642120272,fechner
969,19_epo,42.0,8.249404609286994,fechner
970,19_epo,43.0,8.249433435016075,fechner
971,19_epo,44.0,8.249460312424533,fechner
972,19_epo,45.0,8.249485413327395,fechner
973,19_epo,46.0,8.249508890998069,fechner
974,19_epo,47.0,8.249530882520025,fechner
975,19_epo,48.0,8.249551510797502,fechner
976,19_epo,49.0,8.249570886280676,fechner
977,19_epo,50.0,8.249589108450653,fechner
978,19_epo,51.0,8.249606267101864,fechner
979,19_epo,52.0,8.249622443452767,fechner
980,19_epo,53.0,8.249637711110724,fechner
981,19_epo,54.0,8.249652136912502,fechner
982,19_epo,55.00000000000001,8.24966578165839,fechner
983,19_epo,56.00000000000001,8.24967870075507,fechner
984,19_epo,56.99999999999999,8.249690944779987,fechner
985,19_epo,57.99999999999999,8.249702559977964,fechner
986,19_epo,59.0,8.249713588699228,fechner
987,19_epo,60.0,8.249724069786616,fechner
988,19_epo,61.0,8.249734038918564,fechner
989,19_epo,62.0,8.249743528913617,fechner
990,19_epo,63.0,8.249752570001247,fechner
991,19_epo,64.0,8.249761190063209,fechner
992,19_epo,65.0,8.249769414849084,fechner
993,19_epo,66.0,8.249777268169028,fechner
994,19_epo,67.0,8.249784772066501,fechner
995,19_epo,68.0,8.249791946973325,fechner
996,19_epo,69.0,8.24979881184908,fechner
997,19_epo,70.0,8.24980538430661,fechner
998,19_epo,71.0,8.249811680725257,fechner
999,19_epo,72.0,8.2498177163531,fechner
1000,19_epo,73.0,8.249823505399467,fechner
1001,19_epo,74.0,8.249829061118728,fechner
1002,19_epo,75.0,8.249834395886301,fechner
1003,19_epo,76.0,8.2498395212677,fechner
1004,19_epo,77.0,8.249844448081328,fechner
1005,19_epo,78.0,8.249849186455661,fechner
1006,19_epo,79.0,8.249853745881392,fechner
1007,19_epo,80.0,8.249858135259045,fechner
1008,19_epo,81.0,8.249862362942467,fechner
1009,19_epo,82.0,8.24986643677865,fechner
1010,19_epo,83.0,8.249870364144183,fechner
1011,19_epo,84.0,8.249874151978716,fechner
1012,19_epo,85.0,8.24987780681564,fechner
1013,19_epo,86.0,8.249881334810318,fechner
1014,19_epo,87.0,8.249884741766019,fechner
1015,19_epo,88.0,8.249888033157838,fechner
1016,19_epo,89.0,8.249891214154692,fechner
1017,19_epo,90.0,8.249894289639673,fechner
1018,19_epo,91.0,8.24989726422879,fechner
1019,19_epo,92.0,8.249900142288311,fechner
1020,19_epo,93.0,8.249902927950817,fechner
1021,19_epo,94.0,8.249905625130044,fechner
1022,19_epo,95.0,8.249908237534658,fechner
1023,1_epo,3.0,4.734183936917442,fechner
1024,1_epo,4.0,5.598978079934766,fechner
1025,1_epo,5.0,6.16912647231597,fechner
1026,1_epo,6.0,6.564955085314284,fechner
1027,1_epo,7.000000000000001,6.8456623690462814,fechner
1028,1_epo,8.0,7.049136486635181,fechner
1029,1_epo,9.0,7.199938435939193,fechner
1030,1_epo,10.0,7.314095523478481,fechner
1031,1_epo,11.0,7.402214824542075,fechner
1032,1_epo,12.0,7.471446861008038,fechner
1033,1_epo,13.0,7.526709129480261,fechner
1034,1_epo,14.000000000000002,7.571451338873825,fechner
1035,1_epo,15.0,7.608139986634151,fechner
1036,1_epo,16.0,7.638570298416996,fechner
1037,1_epo,17.0,7.664070682272849,fechner
1038,1_epo,18.0,7.685639198501598,fechner
1039,1_epo,19.0,7.704036283792635,fechner
1040,1_epo,20.0,7.719848830389139,fechner
1041,1_epo,21.0,7.733535184459611,fechner
1042,1_epo,22.0,7.745457223675578,fechner
1043,1_epo,23.0,7.755903547467459,fechner
1044,1_epo,24.0,7.765106463430871,fechner
1045,1_epo,25.0,7.773254582577471,fechner
1046,1_epo,26.0,7.7805022657228555,fechner
1047,1_epo,27.0,7.786976784093418,fechner
1048,1_epo,28.000000000000004,7.792783801549064,fechner
1049,1_epo,28.999999999999996,7.798011611097733,fechner
1050,1_epo,30.0,7.802734437458837,fechner
1051,1_epo,31.0,7.807015032738699,fechner
1052,1_epo,32.0,7.810906732282429,fechner
1053,1_epo,33.0,7.8144550948043845,fechner
1054,1_epo,34.0,7.817699219822107,fechner
1055,1_epo,35.0,7.82067281272172,fechner
1056,1_epo,36.0,7.823405051054847,fechner
1057,1_epo,37.0,7.82592129323172,fechner
1058,1_epo,38.0,7.82824366145489,fechner
1059,1_epo,39.0,7.83039152369798,fechner
1060,1_epo,40.0,7.832381894177124,fechner
1061,1_epo,41.0,7.834229767657718,fechner
1062,1_epo,42.0,7.835948399772606,fechner
1063,1_epo,43.0,7.837549543069297,fechner
1064,1_epo,44.0,7.839043646583672,fechner
1065,1_epo,45.0,7.840440025229055,fechner
1066,1_epo,46.0,7.8417470040977255,fechner
1067,1_epo,47.0,7.842972041825519,fechner
1068,1_epo,48.0,7.844121836414662,fechner
1069,1_epo,49.0,7.8452024163038985,fechner
1070,1_epo,50.0,7.846219218986779,fechner
1071,1_epo,51.0,7.847177159083452,fechner
1072,1_epo,52.0,7.848080687450103,fechner
1073,1_epo,53.0,7.84893384264775,fechner
1074,1_epo,54.0,7.84974029587713,fechner
1075,1_epo,55.00000000000001,7.850503390309446,fechner
1076,1_epo,56.00000000000001,7.851226175596832,fechner
1077,1_epo,56.99999999999999,7.851911438225152,fechner
1078,1_epo,57.99999999999999,7.852561728271279,fechner
1079,1_epo,59.0,7.853179383042932,fechner
1080,1_epo,60.0,7.853766548008897,fechner
1081,1_epo,61.0,7.854325195368505,fechner
1082,1_epo,62.0,7.854857140559512,fechner
1083,1_epo,63.0,7.855364056961599,fechner
1084,1_epo,64.0,7.855847489017268,fechner
1085,1_epo,65.0,7.856308863961585,fechner
1086,1_epo,66.0,7.8567495023267595,fechner
1087,1_epo,67.0,7.857170627365467,fechner
1088,1_epo,68.0,7.857573373518195,fechner
1089,1_epo,69.0,7.857958794033746,fechner
1090,1_epo,70.0,7.858327867838255,fechner
1091,1_epo,71.0,7.858681505736195,fechner
1092,1_epo,72.0,7.85902055601651,fechner
1093,1_epo,73.0,7.8593458095281665,fechner
1094,1_epo,74.0,7.859658004281747,fechner
1095,1_epo,75.0,7.859957829626889,fechner
1096,1_epo,76.0,7.860245930049727,fechner
1097,1_epo,77.0,7.860522908629243,fechner
1098,1_epo,78.0,7.8607893301870915,fechner
1099,1_epo,79.0,7.8610457241615785,fechner
1100,1_epo,80.0,7.861292587233018,fechner
1101,1_epo,81.0,7.8615303857247385,fechner
1102,1_epo,82.0,7.861759557801383,fechner
1103,1_epo,83.0,7.861980515483806,fechner
1104,1_epo,84.0,7.862193646497845,fechner
1105,1_epo,85.0,7.862399315972414,fechner
1106,1_epo,86.0,7.862597868000818,fechner
1107,1_epo,87.0,7.862789627077694,fechner
1108,1_epo,88.0,7.8629748994227775,fechner
1109,1_epo,89.0,7.8631539742015955,fechner
1110,1_epo,90.0,7.863327124652085,fechner
1111,1_epo,91.0,7.863494609125408,fechner
1112,1_epo,92.0,7.863656672048296,fechner
1113,1_epo,93.0,7.863813544813601,fechner
1114,1_epo,94.0,7.8639654466051665,fechner
1115,1_epo,95.0,7.864112585162437,fechner
1116,20_epo,3.0,8.327609994654612,fechner
1117,20_epo,4.0,8.32760999539107,fechner
1118,20_epo,5.0,8.327609995584034,fechner
1119,20_epo,6.0,8.327609995669887,fechner
1120,20_epo,7.000000000000001,8.327609995716731,fechner
1121,20_epo,8.0,8.327609995745414,fechner
1122,20_epo,9.0,8.327609995764359,fechner
1123,20_epo,10.0,8.327609995777573,fechner
1124,20_epo,11.0,8.32760999578717,fechner
1125,20_epo,12.0,8.327609995794376,fechner
1126,20_epo,13.0,8.327609995799925,fechner
1127,20_epo,14.000000000000002,8.327609995804293,fechner
1128,20_epo,15.0,8.327609995807796,fechner
1129,20_epo,16.0,8.327609995810647,fechner
1130,20_epo,17.0,8.327609995812999,fechner
1131,20_epo,18.0,8.327609995814965,fechner
1132,20_epo,19.0,8.327609995816623,fechner
1133,20_epo,20.0,8.327609995818035,fechner
1134,20_epo,21.0,8.327609995819248,fechner
1135,20_epo,22.0,8.327609995820298,fechner
1136,20_epo,23.0,8.327609995821211,fechner
1137,20_epo,24.0,8.327609995822012,fechner
1138,20_epo,25.0,8.32760999582272,fechner
1139,20_epo,26.0,8.327609995823344,fechner
1140,20_epo,27.0,8.3276099958239,fechner
1141,20_epo,28.000000000000004,8.327609995824398,fechner
1142,20_epo,28.999999999999996,8.327609995824846,fechner
1143,20_epo,30.0,8.327609995825249,fechner
1144,20_epo,31.0,8.327609995825613,fechner
1145,20_epo,32.0,8.327609995825942,fechner
1146,20_epo,33.0,8.327609995826242,fechner
1147,20_epo,34.0,8.327609995826517,fechner
1148,20_epo,35.0,8.327609995826768,fechner
1149,20_epo,36.0,8.327609995826998,fechner
1150,20_epo,37.0,8.32760999582721,fechner
1151,20_epo,38.0,8.327609995827405,fechner
1152,20_epo,39.0,8.327609995827585,fechner
1153,20_epo,40.0,8.327609995827752,fechner
1154,20_epo,41.0,8.327609995827908,fechner
1155,20_epo,42.0,8.327609995828052,fechner
1156,20_epo,43.0,8.327609995828185,fechner
1157,20_epo,44.0,8.32760999582831,fechner
1158,20_epo,45.0,8.327609995828427,fechner
1159,20_epo,46.0,8.327609995828535,fechner
1160,20_epo,47.0,8.327609995828638,fechner
1161,20_epo,48.0,8.327609995828734,fechner
1162,20_epo,49.0,8.327609995828823,fechner
1163,20_epo,50.0,8.327609995828908,fechner
1164,20_epo,51.0,8.327609995828988,fechner
1165,20_epo,52.0,8.327609995829063,fechner
1166,20_epo,53.0,8.327609995829134,fechner
1167,20_epo,54.0,8.3276099958292,fechner
1168,20_epo,55.00000000000001,8.327609995829265,fechner
1169,20_epo,56.00000000000001,8.327609995829325,fechner
1170,20_epo,56.99999999999999,8.32760999582938,fechner
1171,20_epo,57.99999999999999,8.327609995829434,fechner
1172,20_epo,59.0,8.327609995829487,fechner
1173,20_epo,60.0,8.327609995829535,fechner
1174,20_epo,61.0,8.327609995829581,fechner
1175,20_epo,62.0,8.327609995829626,fechner
1176,20_epo,63.0,8.327609995829667,fechner
1177,20_epo,64.0,8.327609995829707,fechner
1178,20_epo,65.0,8.327609995829745,fechner
1179,20_epo,66.0,8.327609995829782,fechner
1180,20_epo,67.0,8.327609995829818,fechner
1181,20_epo,68.0,8.327609995829851,fechner
1182,20_epo,69.0,8.327609995829881,fechner
1183,20_epo,70.0,8.327609995829913,fechner
1184,20_epo,71.0,8.327609995829942,fechner
1185,20_epo,72.0,8.32760999582997,fechner
1186,20_epo,73.0,8.327609995829997,fechner
1187,20_epo,74.0,8.327609995830022,fechner
1188,20_epo,75.0,8.327609995830047,fechner
1189,20_epo,76.0,8.327609995830072,fechner
1190,20_epo,77.0,8.327609995830093,fechner
1191,20_epo,78.0,8.327609995830116,fechner
1192,20_epo,79.0,8.327609995830137,fechner
1193,20_epo,80.0,8.327609995830157,fechner
1194,20_epo,81.0,8.327609995830176,fechner
1195,20_epo,82.0,8.327609995830196,fechner
1196,20_epo,83.0,8.327609995830215,fechner
1197,20_epo,84.0,8.327609995830231,fechner
1198,20_epo,85.0,8.32760999583025,fechner
1199,20_epo,86.0,8.327609995830265,fechner
1200,20_epo,87.0,8.327609995830281,fechner
1201,20_epo,88.0,8.327609995830297,fechner
1202,20_epo,89.0,8.327609995830311,fechner
1203,20_epo,90.0,8.327609995830326,fechner
1204,20_epo,91.0,8.32760999583034,fechner
1205,20_epo,92.0,8.327609995830352,fechner
1206,20_epo,93.0,8.327609995830366,fechner
1207,20_epo,94.0,8.327609995830377,fechner
1208,20_epo,95.0,8.32760999583039,fechner
1209,21_epo,3.0,8.964073700659299,fechner
1210,21_epo,4.0,8.964073700659299,fechner
1211,21_epo,5.0,8.964073700659299,fechner
1212,21_epo,6.0,8.964073700659299,fechner
1213,21_epo,7.000000000000001,8.964073700659299,fechner
1214,21_epo,8.0,8.964073700659299,fechner
1215,21_epo,9.0,8.964073700659299,fechner
1216,21_epo,10.0,8.964073700659299,fechner
1217,21_epo,11.0,8.964073700659299,fechner
1218,21_epo,12.0,8.964073700659299,fechner
1219,21_epo,13.0,8.964073700659299,fechner
1220,21_epo,14.000000000000002,8.964073700659299,fechner
1221,21_epo,15.0,8.964073700659299,fechner
1222,21_epo,16.0,8.964073700659299,fechner
1223,21_epo,17.0,8.964073700659299,fechner
1224,21_epo,18.0,8.964073700659299,fechner
1225,21_epo,19.0,8.964073700659299,fechner
1226,21_epo,20.0,8.964073700659299,fechner
1227,21_epo,21.0,8.964073700659299,fechner
1228,21_epo,22.0,8.964073700659299,fechner
1229,21_epo,23.0,8.964073700659299,fechner
1230,21_epo,24.0,8.964073700659299,fechner
1231,21_epo,25.0,8.964073700659299,fechner
1232,21_epo,26.0,8.964073700659299,fechner
1233,21_epo,27.0,8.964073700659299,fechner
1234,21_epo,28.000000000000004,8.964073700659299,fechner
1235,21_epo,28.999999999999996,8.964073700659299,fechner
1236,21_epo,30.0,8.964073700659299,fechner
1237,21_epo,31.0,8.964073700659299,fechner
1238,21_epo,32.0,8.964073700659299,fechner
1239,21_epo,33.0,8.964073700659299,fechner
1240,21_epo,34.0,8.964073700659299,fechner
1241,21_epo,35.0,8.964073700659299,fechner
1242,21_epo,36.0,8.964073700659299,fechner
1243,21_epo,37.0,8.964073700659299,fechner
1244,21_epo,38.0,8.964073700659299,fechner
1245,21_epo,39.0,8.964073700659299,fechner
1246,21_epo,40.0,8.964073700659299,fechner
1247,21_epo,41.0,8.964073700659299,fechner
1248,21_epo,42.0,8.964073700659299,fechner
1249,21_epo,43.0,8.964073700659299,fechner
1250,21_epo,44.0,8.964073700659299,fechner
1251,21_epo,45.0,8.964073700659299,fechner
1252,21_epo,46.0,8.964073700659299,fechner
1253,21_epo,47.0,8.964073700659299,fechner
1254,21_epo,48.0,8.964073700659299,fechner
1255,21_epo,49.0,8.964073700659299,fechner
1256,21_epo,50.0,8.964073700659299,fechner
1257,21_epo,51.0,8.964073700659299,fechner
1258,21_epo,52.0,8.964073700659299,fechner
1259,21_epo,53.0,8.964073700659299,fechner
1260,21_epo,54.0,8.964073700659299,fechner
1261,21_epo,55.00000000000001,8.964073700659299,fechner
1262,21_epo,56.00000000000001,8.964073700659299,fechner
1263,21_epo,56.99999999999999,8.964073700659299,fechner
1264,21_epo,57.99999999999999,8.964073700659299,fechner
1265,21_epo,59.0,8.964073700659299,fechner
1266,21_epo,60.0,8.964073700659299,fechner
1267,21_epo,61.0,8.964073700659299,fechner
1268,21_epo,62.0,8.964073700659299,fechner
1269,21_epo,63.0,8.964073700659299,fechner
1270,21_epo,64.0,8.964073700659299,fechner
1271,21_epo,65.0,8.964073700659299,fechner
1272,21_epo,66.0,8.964073700659299,fechner
1273,21_epo,67.0,8.964073700659299,fechner
1274,21_epo,68.0,8.964073700659299,fechner
1275,21_epo,69.0,8.964073700659299,fechner
1276,21_epo,70.0,8.964073700659299,fechner
1277,21_epo,71.0,8.964073700659299,fechner
1278,21_epo,72.0,8.964073700659299,fechner
1279,21_epo,73.0,8.964073700659299,fechner
1280,21_epo,74.0,8.964073700659299,fechner
1281,21_epo,75.0,8.964073700659299,fechner
1282,21_epo,76.0,8.964073700659299,fechner
1283,21_epo,77.0,8.964073700659299,fechner
1284,21_epo,78.0,8.964073700659299,fechner
1285,21_epo,79.0,8.964073700659299,fechner
1286,21_epo,80.0,8.964073700659299,fechner
1287,21_epo,81.0,8.964073700659299,fechner
1288,21_epo,82.0,8.964073700659299,fechner
1289,21_epo,83.0,8.964073700659299,fechner
1290,21_epo,84.0,8.964073700659299,fechner
1291,21_epo,85.0,8.964073700659299,fechner
1292,21_epo,86.0,8.964073700659299,fechner
1293,21_epo,87.0,8.964073700659299,fechner
1294,21_epo,88.0,8.964073700659299,fechner
1295,21_epo,89.0,8.964073700659299,fechner
1296,21_epo,90.0,8.964073700659299,fechner
1297,21_epo,91.0,8.964073700659299,fechner
1298,21_epo,92.0,8.964073700659299,fechner
1299,21_epo,93.0,8.964073700659299,fechner
1300,21_epo,94.0,8.964073700659299,fechner
1301,21_epo,95.0,8.964073700659299,fechner
1302,22_epo,3.0,8.493347199673986,fechner
1303,22_epo,4.0,9.069920447612557,fechner
1304,22_epo,5.0,9.248899921248185,fechner
1305,22_epo,6.0,9.33303232156634,fechner
1306,22_epo,7.000000000000001,9.380187206610861,fechner
1307,22_epo,8.0,9.409509686267324,fechner
1308,22_epo,9.0,9.42906845451539,fechner
1309,22_epo,10.0,9.442798902596648,fechner
1310,22_epo,11.0,9.45282268505326,fechner
1311,22_epo,12.0,9.460371325118913,fechner
1312,22_epo,13.0,9.466201696079066,fechner
1313,22_epo,14.000000000000002,9.47080071578902,fechner
1314,22_epo,15.0,9.474493606831741,fechner
1315,22_epo,16.0,9.477504522771486,fechner
1316,22_epo,17.0,9.479992140783096,fechner
1317,22_epo,18.0,9.48207140488241,fechner
1318,22_epo,19.0,9.483827267889094,fechner
1319,22_epo,20.0,9.485323635903788,fechner
1320,22_epo,21.0,9.486609342068231,fechner
1321,22_epo,22.0,9.487722228077846,fechner
1322,22_epo,23.0,9.488691989891207,fechner
1323,22_epo,24.0,9.489542198164537,fechner
1324,22_epo,25.0,9.490291756428121,fechner
1325,22_epo,26.0,9.490955969214598,fechner
1326,22_epo,27.0,9.491547335130003,fechner
1327,22_epo,28.000000000000004,9.492076143034028,fechner
1328,22_epo,28.999999999999996,9.492550925337548,fechner
1329,22_epo,30.0,9.492978806295481,fechner
1330,22_epo,31.0,9.49336577222856,fechner
1331,22_epo,32.0,9.493716883070519,fechner
1332,22_epo,33.0,9.49403643937471,fechner
1333,22_epo,34.0,9.494328115192944,fechner
1334,22_epo,35.0,9.494595064576526,fechner
1335,22_epo,36.0,9.494840007522862,fechner
1336,22_epo,37.0,9.495065299782567,fechner
1337,22_epo,38.0,9.495272989902489,fechner
1338,22_epo,39.0,9.495464866105557,fechner
1339,22_epo,40.0,9.495642495026699,fechner
1340,22_epo,41.0,9.495807253883395,fechner
1341,22_epo,42.0,9.495960357323177,fechner
1342,22_epo,43.0,9.4961028799319,fechner
1343,22_epo,44.0,9.496235775186628,fechner
1344,22_epo,45.0,9.496359891481038,fechner
1345,22_epo,46.0,9.496475985729221,fechner
1346,22_epo,47.0,9.496584734957414,fechner
1347,22_epo,48.0,9.496686746216856,fechner
1348,22_epo,49.0,9.49678256509013,fechner
1349,22_epo,50.0,9.496872683014649,fechner
1350,22_epo,51.0,9.496957543607627,fechner
1351,22_epo,52.0,9.49703754814525,fechner
1352,22_epo,53.0,9.497113060322901,fechner
1353,22_epo,54.0,9.497184410402284,fechner
1354,22_epo,55.00000000000001,9.497251898834152,fechner
1355,22_epo,56.00000000000001,9.497315799431021,fechner
1356,22_epo,56.99999999999999,9.49737636215272,fechner
1357,22_epo,57.99999999999999,9.497433815557818,fechner
1358,22_epo,59.0,9.497488368966026,fechner
1359,22_epo,60.0,9.497540214369808,fechner
1360,22_epo,61.0,9.497589528127989,fechner
1361,22_epo,62.0,9.497636472469237,fechner
1362,22_epo,63.0,9.497681196829538,fechner
1363,22_epo,64.0,9.49772383904419,fechner
1364,22_epo,65.0,9.497764526412187,fechner
1365,22_epo,66.0,9.497803376648369,fechner
1366,22_epo,67.0,9.497840498736625,fechner
1367,22_epo,68.0,9.497875993695816,fechner
1368,22_epo,69.0,9.49790995526836,fechner
1369,22_epo,70.0,9.497942470540378,fechner
1370,22_epo,71.0,9.497973620501034,fechner
1371,22_epo,72.0,9.498003480547755,fechner
1372,22_epo,73.0,9.498032120943302,fechner
1373,22_epo,74.0,9.498059607229811,fechner
1374,22_epo,75.0,9.49808600060439,fechner
1375,22_epo,76.0,9.498111358260324,fechner
1376,22_epo,77.0,9.498135733697378,fechner
1377,22_epo,78.0,9.498159177004458,fechner
1378,22_epo,79.0,9.498181735117281,fechner
1379,22_epo,80.0,9.498203452053659,fechner
1380,22_epo,81.0,9.49822436912855,fechner
1381,22_epo,82.0,9.4982445251508,fechner
1382,22_epo,83.0,9.498263956603434,fechner
1383,22_epo,84.0,9.498282697808929,fechner
1384,22_epo,85.0,9.498300781081,fechner
1385,22_epo,86.0,9.498318236864046,fechner
1386,22_epo,87.0,9.498335093861462,fechner
1387,22_epo,88.0,9.498351379153771,fechner
1388,22_epo,89.0,9.498367118307506,fechner
1389,22_epo,90.0,9.498382335475679,fechner
1390,22_epo,91.0,9.49839705349054,fechner
1391,22_epo,92.0,9.498411293949324,fechner
1392,22_epo,93.0,9.498425077293556,fechner
1393,22_epo,94.0,9.498438422882497,fechner
1394,22_epo,95.0,9.498451349061181,fechner
1395,23_epo,3.0,7.054502890384038,fechner
1396,23_epo,4.0,7.2160303201423375,fechner
1397,23_epo,5.0,7.260179399533551,fechner
1398,23_epo,6.0,7.2800774278395455,fechner
1399,23_epo,7.000000000000001,7.291002139909503,fechner
1400,23_epo,8.0,7.297714979730065,fechner
1401,23_epo,9.0,7.302158773333832,fechner
1402,23_epo,10.0,7.305262342208571,fechner
1403,23_epo,11.0,7.307519783242258,fechner
1404,23_epo,12.0,7.309215204804552,fechner
1405,23_epo,13.0,7.310522010421807,fechner
1406,23_epo,14.000000000000002,7.311551172195489,fechner
1407,23_epo,15.0,7.312376509651637,fechner
1408,23_epo,16.0,7.313048737649745,fechner
1409,23_epo,17.0,7.313603663697443,fechner
1410,23_epo,18.0,7.314067171174035,fechner
1411,23_epo,19.0,7.314458356207063,fechner
1412,23_epo,20.0,7.314791562670435,fechner
1413,23_epo,21.0,7.315077737530936,fechner
1414,23_epo,22.0,7.315325354699983,fechner
1415,23_epo,23.0,7.3155410578680975,fechner
1416,23_epo,24.0,7.315730116124043,fechner
1417,23_epo,25.0,7.315896752288548,fechner
1418,23_epo,26.0,7.316044383106968,fechner
1419,23_epo,27.0,7.31617579738398,fechner
1420,23_epo,28.000000000000004,7.316293289757857,fechner
1421,23_epo,28.999999999999996,7.316398762322159,fechner
1422,23_epo,30.0,7.316493802644365,fechner
1423,23_epo,31.0,7.316579744252728,fechner
1424,23_epo,32.0,7.316657713958685,fechner
1425,23_epo,33.0,7.3167286691938225,fechner
1426,23_epo,34.0,7.316793427701343,fechner
1427,23_epo,35.0,7.316852691322013,fechner
1428,23_epo,36.0,7.316907065181097,fechner
1429,23_epo,37.0,7.316957073266012,fechner
1430,23_epo,38.0,7.317003171150976,fechner
1431,23_epo,39.0,7.317045756451039,fechner
1432,23_epo,40.0,7.3170851774573515,fechner
1433,23_epo,41.0,7.317121740306794,fechner
1434,23_epo,42.0,7.317155714963709,fechner
1435,23_epo,43.0,7.317187340233621,fechner
1436,23_epo,44.0,7.317216827984001,fechner
1437,23_epo,45.0,7.3172443667123686,fechner
1438,23_epo,46.0,7.317270124574598,fechner
1439,23_epo,47.0,7.317294251964853,fechner
1440,23_epo,48.0,7.317316883721483,fechner
1441,23_epo,49.0,7.317338141019622,fechner
1442,23_epo,50.0,7.317358133000367,fechner
1443,23_epo,51.0,7.317376958177637,fechner
1444,23_epo,52.0,7.317394705656715,fechner
1445,23_epo,53.0,7.317411456192788,fechner
1446,23_epo,54.0,7.317427283113046,fechner
1447,23_epo,55.00000000000001,7.317442253122066,fechner
1448,23_epo,56.00000000000001,7.317456427007109,fechner
1449,23_epo,56.99999999999999,7.317469860257271,fechner
1450,23_epo,57.99999999999999,7.3174826036083225,fechner
1451,23_epo,59.0,7.317494703523258,fechner
1452,23_epo,60.0,7.317506202617099,fechner
1453,23_epo,61.0,7.317517140033191,fechner
1454,23_epo,62.0,7.317527551777262,fechner
1455,23_epo,63.0,7.317537471014554,fechner
1456,23_epo,64.0,7.317546928334622,fechner
1457,23_epo,65.0,7.317555951987774,fechner
1458,23_epo,66.0,7.317564568096558,fechner
1459,23_epo,67.0,7.317572800845272,fechner
1460,23_epo,68.0,7.317580672650058,fechner
1461,23_epo,69.0,7.3175882043118445,fechner
1462,23_epo,70.0,7.317595415154035,fechner
1463,23_epo,71.0,7.317602323146747,fechner
1464,23_epo,72.0,7.317608945018969,fechner
1465,23_epo,73.0,7.317615296360063,fechner
1466,23_epo,74.0,7.317621391711687,fechner
1467,23_epo,75.0,7.317627244651191,fechner
1468,23_epo,76.0,7.317632867867363,fechner
1469,23_epo,77.0,7.317638273229314,fechner
1470,23_epo,78.0,7.317643471849243,fechner
1471,23_epo,79.0,7.317648474139615,fechner
1472,23_epo,80.0,7.317653289865406,fechner
1473,23_epo,81.0,7.317657928191827,fechner
1474,23_epo,82.0,7.317662397728005,fechner
1475,23_epo,83.0,7.317666706566987,fechner
1476,23_epo,84.0,7.31767086232243,fechner
1477,23_epo,85.0,7.317674872162293,fechner
1478,23_epo,86.0,7.317678742839775,fechner
1479,23_epo,87.0,7.317682480721802,fechner
1480,23_epo,88.0,7.3176860918152355,fechner
1481,23_epo,89.0,7.317689581791044,fechner
1482,23_epo,90.0,7.317692956006591,fechner
1483,23_epo,91.0,7.317696219526222,fechner
1484,23_epo,92.0,7.317699377140294,fechner
1485,23_epo,93.0,7.317702433382773,fechner
1486,23_epo,94.0,7.3177053925475315,fechner
1487,23_epo,95.0,7.317708258703445,fechner
1488,24_epo,3.0,6.8191749167412725,fechner
1489,24_epo,4.0,7.385181766836601,fechner
1490,24_epo,5.0,7.701302672468356,fechner
1491,24_epo,6.0,7.896982796766433,fechner
1492,24_epo,7.000000000000001,8.025239721481386,fechner
1493,24_epo,8.0,8.11321493054147,fechner
1494,24_epo,9.0,8.175877973551176,fechner
1495,24_epo,10.0,8.221943720453423,fechner
1496,24_epo,11.0,8.256723512809204,fechner
1497,24_epo,12.0,8.283585574754081,fechner
1498,24_epo,13.0,8.304741113219379,fechner
1499,24_epo,14.000000000000002,8.32168634648443,fechner
1500,24_epo,15.0,8.335460928334914,fechner
1501,24_epo,16.0,8.34680437463468,fechner
1502,24_epo,17.0,8.356253736094759,fechner
1503,24_epo,18.0,8.364206304053704,fechner
1504,24_epo,19.0,8.37096088450802,fechner
1505,24_epo,20.0,8.376745582726688,fechner
1506,24_epo,21.0,8.381736890858111,fechner
1507,24_epo,22.0,8.3860730446219,fechner
1508,24_epo,23.0,8.389863527814907,fechner
1509,24_epo,24.0,8.393195940049102,fechner
1510,24_epo,25.0,8.396141029398358,fechner
1511,24_epo,26.0,8.39875642822646,fechner
1512,24_epo,27.0,8.401089459584398,fechner
1513,24_epo,28.000000000000004,8.40317926875737,fechner
1514,24_epo,28.999999999999996,8.405058458863694,fechner
1515,24_epo,30.0,8.406754357873986,fechner
1516,24_epo,31.0,8.408290008835063,fechner
1517,24_epo,32.0,8.409684950192194,fechner
1518,24_epo,33.0,8.410955835480367,fechner
1519,24_epo,34.0,8.412116929035676,fechner
1520,24_epo,35.0,8.413180505244972,fechner
1521,24_epo,36.0,8.414157172175821,fechner
1522,24_epo,37.0,8.415056135502661,fechner
1523,24_epo,38.0,8.415885414977907,fechner
1524,24_epo,39.0,8.416652022943666,fechner
1525,24_epo,40.0,8.41736211229692,fechner
1526,24_epo,41.0,8.418021099732899,fechner
1527,24_epo,42.0,8.418633768872333,fechner
1528,24_epo,43.0,8.419204356935863,fechner
1529,24_epo,44.0,8.419736627895812,fechner
1530,24_epo,45.0,8.420233934461725,fechner
1531,24_epo,46.0,8.420699270804398,fechner
1532,24_epo,47.0,8.421135317565561,fechner
1533,24_epo,48.0,8.421544480415717,fechner
1534,24_epo,49.0,8.421928923195127,fechner
1535,24_epo,50.0,8.42229059648985,fechner
1536,24_epo,51.0,8.42263126234714,fechner
1537,24_epo,52.0,8.422952515714583,fechner
1538,24_epo,53.0,8.423255803089717,fechner
1539,24_epo,54.0,8.423542438787218,fechner
1540,24_epo,55.00000000000001,8.423813619164925,fechner
1541,24_epo,56.00000000000001,8.424070435096173,fechner
1542,24_epo,56.99999999999999,8.424313882931022,fechner
1543,24_epo,57.99999999999999,8.424544874152003,fechner
1544,24_epo,59.0,8.424764243898947,fechner
1545,24_epo,60.0,8.424972758511776,fechner
1546,24_epo,61.0,8.425171122218332,fechner
1547,24_epo,62.0,8.425359983076207,fechner
1548,24_epo,63.0,8.425539938262148,fechner
1549,24_epo,64.0,8.42571153878957,fechner
1550,24_epo,65.0,8.425875293723786,fechner
1551,24_epo,66.0,8.426031673955102,fechner
1552,24_epo,67.0,8.426181115581961,fechner
1553,24_epo,68.0,8.426324022949558,fechner
1554,24_epo,69.0,8.42646077138337,fechner
1555,24_epo,70.0,8.426591709652156,fechner
1556,24_epo,71.0,8.42671716219054,fechner
1557,24_epo,72.0,8.42683743110767,fechner
1558,24_epo,73.0,8.426952798005097,fechner
1559,24_epo,74.0,8.427063525624355,fechner
1560,24_epo,75.0,8.427169859342193,fechner
1561,24_epo,76.0,8.427272028529359,fechner
1562,24_epo,77.0,8.427370247786964,fechner
1563,24_epo,78.0,8.4274647180729,fechner
1564,24_epo,79.0,8.427555627729287,fechner
1565,24_epo,80.0,8.427643153420828,fechner
1566,24_epo,81.0,8.427727460992733,fechner
1567,24_epo,82.0,8.427808706256027,fechner
1568,24_epo,83.0,8.427887035707164,fechner
1569,24_epo,84.0,8.427962587188171,fechner
1570,24_epo,85.0,8.428035490492844,fechner
1571,24_epo,86.0,8.428105867924009,fechner
1572,24_epo,87.0,8.428173834806264,fechner
1573,24_epo,88.0,8.428239499958279,fechner
1574,24_epo,89.0,8.4283029661282,fechner
1575,24_epo,90.0,8.42836433039546,fechner
1576,24_epo,91.0,8.428423684541894,fechner
1577,24_epo,92.0,8.428481115394828,fechner
1578,24_epo,93.0,8.428536705144513,fechner
1579,24_epo,94.0,8.428590531638118,fechner
1580,24_epo,95.0,8.428642668652177,fechner
1581,25_epo,3.0,6.04987666561909,fechner
1582,25_epo,4.0,6.831464148229105,fechner
1583,25_epo,5.0,7.3262236625151385,fechner
1584,25_epo,6.0,7.659393103040719,fechner
1585,25_epo,7.000000000000001,7.890545970584537,fechner
1586,25_epo,8.0,8.055474977521287,fechner
1587,25_epo,9.0,8.17630266450196,fechner
1588,25_epo,10.0,8.266980363275476,fechner
1589,25_epo,11.0,8.336514420275808,fechner
1590,25_epo,12.0,8.39086464048912,fechner
1591,25_epo,13.0,8.434071993159625,fechner
1592,25_epo,14.000000000000002,8.46894015758444,fechner
1593,25_epo,15.0,8.497456237853106,fechner
1594,25_epo,16.0,8.521056352428344,fechner
1595,25_epo,17.0,8.540797060206586,fechner
1596,25_epo,18.0,8.557468388703406,fechner
1597,25_epo,19.0,8.571669867461852,fechner
1598,25_epo,20.0,8.583862641236413,fechner
1599,25_epo,21.0,8.59440581423986,fechner
1600,25_epo,22.0,8.603582208245864,fechner
1601,25_epo,23.0,8.611616892103983,fechner
1602,25_epo,24.0,8.61869069650669,fechner
1603,25_epo,25.0,8.624950198121654,fechner
1604,25_epo,26.0,8.63051518358083,fechner
1605,25_epo,27.0,8.635484291417587,fechner
1606,25_epo,28.000000000000004,8.639939320830415,fechner
1607,25_epo,28.999999999999996,8.643948554028325,fechner
1608,25_epo,30.0,8.64756934106052,fechner
1609,25_epo,31.0,8.650850127805894,fechner
1610,25_epo,32.0,8.653832059659129,fechner
1611,25_epo,33.0,8.656550259103362,fechner
1612,25_epo,34.0,8.659034850594077,fechner
1613,25_epo,35.0,8.661311788143507,fechner
1614,25_epo,36.0,8.663403527737392,fechner
1615,25_epo,37.0,8.66532957688328,fechner
1616,25_epo,38.0,8.667106946236038,fechner
1617,25_epo,39.0,8.668750522702412,fechner
1618,25_epo,40.0,8.670273379215798,fechner
1619,25_epo,41.0,8.671687033150745,fechner
1620,25_epo,42.0,8.673001662865442,fechner
1621,25_epo,43.0,8.674226289936623,fechner
1622,25_epo,44.0,8.675368933150578,fechner
1623,25_epo,45.0,8.676436739136426,fechner
1624,25_epo,46.0,8.677436093598399,fechner
1625,25_epo,47.0,8.678372716366768,fechner
1626,25_epo,48.0,8.679251742898932,fechner
1627,25_epo,49.0,8.680077794391064,fechner
1628,25_epo,50.0,8.680855038281312,fechner
1629,25_epo,51.0,8.681587240618596,fechner
1630,25_epo,52.0,8.682277811521825,fechner
1631,25_epo,53.0,8.682929844750852,fechner
1632,25_epo,54.0,8.683546152244071,fechner
1633,25_epo,55.00000000000001,8.68412929434042,fechner
1634,25_epo,56.00000000000001,8.684681606290624,fechner
1635,25_epo,56.99999999999999,8.68520522156896,fechner
1636,25_epo,57.99999999999999,8.685702092418767,fechner
1637,25_epo,59.0,8.686174008000371,fechner
1638,25_epo,60.0,8.686622610455586,fechner
1639,25_epo,61.0,8.687049409157487,fechner
1640,25_epo,62.0,8.687455793375824,fechner
1641,25_epo,63.0,8.687843043556096,fechner
1642,25_epo,64.0,8.6882123413829,fechner
1643,25_epo,65.0,8.688564778774877,fechner
1644,25_epo,66.0,8.688901365938927,fechner
1645,25_epo,67.0,8.689223038594356,fechner
1646,25_epo,68.0,8.689530664463211,fechner
1647,25_epo,69.0,8.689825049110773,fechner
1648,25_epo,70.0,8.690106941209415,fechner
1649,25_epo,71.0,8.690377037289961,fechner
1650,25_epo,72.0,8.690635986036781,fechner
1651,25_epo,73.0,8.690884392175922,fechner
1652,25_epo,74.0,8.691122819999803,fechner
1653,25_epo,75.0,8.691351796566698,fechner
1654,25_epo,76.0,8.691571814608892,fechner
1655,25_epo,77.0,8.691783335179377,fechner
1656,25_epo,78.0,8.691986790063606,fechner
1657,25_epo,79.0,8.692182583979859,fechner
1658,25_epo,80.0,8.692371096589074,fechner
1659,25_epo,81.0,8.692552684332801,fechner
1660,25_epo,82.0,8.692727682115848,fechner
1661,25_epo,83.0,8.69289640484842,fechner
1662,25_epo,84.0,8.693059148861034,fechner
1663,25_epo,85.0,8.693216193204002,fechner
1664,25_epo,86.0,8.693367800842175,fechner
1665,25_epo,87.0,8.693514219754453,fechner
1666,25_epo,88.0,8.693655683946615,fechner
1667,25_epo,89.0,8.69379241438524,fechner
1668,25_epo,90.0,8.69392461985961,fechner
1669,25_epo,91.0,8.694052497777927,fechner
1670,25_epo,92.0,8.694176234903434,fechner
1671,25_epo,93.0,8.694296008035636,fechner
1672,25_epo,94.0,8.69441198464118,fechner
1673,25_epo,95.0,8.694524323438683,fechner
1674,2_epo,3.0,7.0234858864296195,fechner
1675,2_epo,4.0,7.333349423275543,fechner
1676,2_epo,5.0,7.475401090165173,fechner
1677,2_epo,6.0,7.554117508780643,fechner
1678,2_epo,7.000000000000001,7.602328446778139,fechner
1679,2_epo,8.0,7.63396597349341,fechner
1680,2_epo,9.0,7.655826936695116,fechner
1681,2_epo,10.0,7.671553151775332,fechner
1682,2_epo,11.0,7.683238220408217,fechner
1683,2_epo,12.0,7.69215448039989,fechner
1684,2_epo,13.0,7.6991109416008285,fechner
1685,2_epo,14.000000000000002,7.704641728974785,fechner
1686,2_epo,15.0,7.709110882235059,fechner
1687,2_epo,16.0,7.7127733769735665,fechner
1688,2_epo,17.0,7.715812072382818,fechner
1689,2_epo,18.0,7.718360850974932,fechner
1690,2_epo,19.0,7.720519543894614,fechner
1691,2_epo,20.0,7.722363810908901,fechner
1692,2_epo,21.0,7.723951832946666,fechner
1693,2_epo,22.0,7.725328939789738,fechner
1694,2_epo,23.0,7.726530869761792,fechner
1695,2_epo,24.0,7.727586104562193,fechner
1696,2_epo,25.0,7.728517567273566,fechner
1697,2_epo,26.0,7.729343874494203,fechner
1698,2_epo,27.0,7.730080271493208,fechner
1699,2_epo,28.000000000000004,7.730739338847746,fechner
1700,2_epo,28.999999999999996,7.731331532198371,fechner
1701,2_epo,30.0,7.731865598673983,fechner
1702,2_epo,31.0,7.732348901160699,fechner
1703,2_epo,32.0,7.732787672998975,fechner
1704,2_epo,33.0,7.73318721965419,fechner
1705,2_epo,34.0,7.733552079608729,fechner
1706,2_epo,35.0,7.733886153631289,fechner
1707,2_epo,36.0,7.7341928093303745,fechner
1708,2_epo,37.0,7.734474966247378,fechner
1709,2_epo,38.0,7.7347351655204255,fechner
1710,2_epo,39.0,7.734975627234681,fechner
1711,2_epo,40.0,7.735198297884607,fechner
1712,2_epo,41.0,7.735404889849263,fechner
1713,2_epo,42.0,7.735596914380242,fechner
1714,2_epo,43.0,7.7357757092924695,fechner
1715,2_epo,44.0,7.735942462307955,fechner
1716,2_epo,45.0,7.736098230815134,fechner
1717,2_epo,46.0,7.73624395865919,fechner
1718,2_epo,47.0,7.736380490462379,fechner
1719,2_epo,48.0,7.736508583881013,fechner
1720,2_epo,49.0,7.736628920131947,fechner
1721,2_epo,50.0,7.736742113062218,fechner
1722,2_epo,51.0,7.736848716987768,fechner
1723,2_epo,52.0,7.736949233488509,fechner
1724,2_epo,53.0,7.737044117315541,fechner
1725,2_epo,54.0,7.737133781540659,fechner
1726,2_epo,55.00000000000001,7.737218602057205,fechner
1727,2_epo,56.00000000000001,7.737298921523984,fechner
1728,2_epo,56.99999999999999,7.737375052829622,fechner
1729,2_epo,57.99999999999999,7.7374472821428615,fechner
1730,2_epo,59.0,7.737515871604408,fechner
1731,2_epo,60.0,7.737581061707645,fechner
1732,2_epo,61.0,7.737643073408658,fechner
1733,2_epo,62.0,7.737702110000189,fechner
1734,2_epo,63.0,7.73775835877919,fechner
1735,2_epo,64.0,7.737811992533587,fechner
1736,2_epo,65.0,7.737863170870302,fechner
1737,2_epo,66.0,7.737912041403595,fechner
1738,2_epo,67.0,7.737958740820283,fechner
1739,2_epo,68.0,7.7380033958362,fechner
1740,2_epo,69.0,7.738046124056389,fechner
1741,2_epo,70.0,7.73808703474996,fechner
1742,2_epo,71.0,7.738126229549151,fechner
1743,2_epo,72.0,7.738163803080926,fechner
1744,2_epo,73.0,7.738199843538487,fechner
1745,2_epo,74.0,7.738234433199103,fechner
1746,2_epo,75.0,7.738267648893976,fechner
1747,2_epo,76.0,7.738299562435136,fechner
1748,2_epo,77.0,7.738330241003803,fechner
1749,2_epo,78.0,7.738359747504139,fechner
1750,2_epo,79.0,7.738388140885871,fechner
1751,2_epo,80.0,7.73841547643888,fechner
1752,2_epo,81.0,7.738441806062504,fechner
1753,2_epo,82.0,7.738467178511991,fechner
1754,2_epo,83.0,7.738491639624319,fechner
1755,2_epo,84.0,7.738515232525314,fechner
1756,2_epo,85.0,7.7385379978198126,fechner
1757,2_epo,86.0,7.738559973766453,fechner
1758,2_epo,87.0,7.7385811964384885,fechner
1759,2_epo,88.0,7.738601699871879,fechner
1760,2_epo,89.0,7.738621516201818,fechner
1761,2_epo,90.0,7.738640675788697,fechner
1762,2_epo,91.0,7.738659207334438,fechner
1763,2_epo,92.0,7.738677137990025,fechner
1764,2_epo,93.0,7.738694493454999,fechner
1765,2_epo,94.0,7.738711298069569,fechner
1766,2_epo,95.0,7.738727574899992,fechner
1767,3_epo,3.0,7.310722379323854,fechner
1768,3_epo,4.0,7.887843674506177,fechner
1769,3_epo,5.0,8.212510226527954,fechner
1770,3_epo,6.0,8.414390475786536,fechner
1771,3_epo,7.000000000000001,8.547099238240792,fechner
1772,3_epo,8.0,8.63830815129408,fechner
1773,3_epo,9.0,8.703364549752722,fechner
1774,3_epo,10.0,8.751237758592362,fechner
1775,3_epo,11.0,8.787409245051442,fechner
1776,3_epo,12.0,8.815362149504361,fechner
1777,3_epo,13.0,8.83738661112994,fechner
1778,3_epo,14.000000000000002,8.855034085672434,fechner
1779,3_epo,15.0,8.86938361110579,fechner
1780,3_epo,16.0,8.881203289798913,fechner
1781,3_epo,17.0,8.891051270980084,fechner
1782,3_epo,18.0,8.899340660528765,fechner
1783,3_epo,19.0,8.906382288376046,fechner
1784,3_epo,20.0,8.91241352221436,fechner
1785,3_epo,21.0,8.917618075780434,fechner
1786,3_epo,22.0,8.922139877963895,fechner
1787,3_epo,23.0,8.926092946879553,fechner
1788,3_epo,24.0,8.929568527715906,fechner
1789,3_epo,25.0,8.932640325269317,fechner
1790,3_epo,26.0,8.93536838941689,fechner
1791,3_epo,27.0,8.937802034763173,fechner
1792,3_epo,28.000000000000004,8.939982058763261,fechner
1793,3_epo,28.999999999999996,8.941942444135265,fechner
1794,3_epo,30.0,8.943711677899936,fechner
1795,3_epo,31.0,8.945313782444748,fechner
1796,3_epo,32.0,8.946769128159792,fechner
1797,3_epo,33.0,8.94809507888436,fechner
1798,3_epo,34.0,8.949306508288597,fechner
1799,3_epo,35.0,8.950416215820667,fechner
1800,3_epo,36.0,8.95143526390825,fechner
1801,3_epo,37.0,8.952373252979815,fechner
1802,3_epo,38.0,8.953238547056323,fechner
1803,3_epo,39.0,8.9540384597998,fechner
1804,3_epo,40.0,8.954779408737421,fechner
1805,3_epo,41.0,8.955467043727246,fechner
1806,3_epo,42.0,8.95610635446239,fechner
1807,3_epo,43.0,8.956701760829604,fechner
1808,3_epo,44.0,8.957257189174674,fechner
1809,3_epo,45.0,8.957776136929699,fechner
1810,3_epo,46.0,8.958261727586862,fechner
1811,3_epo,47.0,8.958716757630768,fechner
1812,3_epo,48.0,8.959143736745078,fechner
1813,3_epo,49.0,8.959544922372018,fechner
1814,3_epo,50.0,8.959922349512672,fechner
1815,3_epo,51.0,8.96027785650213,fechner
1816,3_epo,52.0,8.960613107368607,fechner
1817,3_epo,53.0,8.960929611284017,fechner
1818,3_epo,54.0,8.961228739530199,fechner
1819,3_epo,55.00000000000001,8.961511740336737,fechner
1820,3_epo,56.00000000000001,8.96177975188998,fechner
1821,3_epo,56.99999999999999,8.962033813766226,fechner
1822,3_epo,57.99999999999999,8.96227487700345,fechner
1823,3_epo,59.0,8.962503812993582,fechner
1824,3_epo,60.0,8.962721421350574,fechner
1825,3_epo,61.0,8.962928436886797,fechner
1826,3_epo,62.0,8.963125535811349,fechner
1827,3_epo,63.0,8.963313341247874,fechner
1828,3_epo,64.0,8.963492428155888,fechner
1829,3_epo,65.0,8.963663327728185,fechner
1830,3_epo,66.0,8.963826531327056,fechner
1831,3_epo,67.0,8.963982494013772,fechner
1832,3_epo,68.0,8.964131637718639,fechner
1833,3_epo,69.0,8.964274354092858,fechner
1834,3_epo,70.0,8.96441100707814,fechner
1835,3_epo,71.0,8.964541935225544,fechner
1836,3_epo,72.0,8.964667453791137,fechner
1837,3_epo,73.0,8.964787856632656,fechner
1838,3_epo,74.0,8.964903417928475,fechner
1839,3_epo,75.0,8.965014393737682,fechner
1840,3_epo,76.0,8.965121023417753,fechner
1841,3_epo,77.0,8.965223530914571,fechner
1842,3_epo,78.0,8.965322125937671,fechner
1843,3_epo,79.0,8.96541700503231,fechner
1844,3_epo,80.0,8.96550835255851,fechner
1845,3_epo,81.0,8.965596341586245,fechner
1846,3_epo,82.0,8.96568113471483,fechner
1847,3_epo,83.0,8.965762884823793,fechner
1848,3_epo,84.0,8.965841735761686,fechner
1849,3_epo,85.0,8.965917822978609,fechner
1850,3_epo,86.0,8.965991274107687,fechner
1851,3_epo,87.0,8.966062209500087,fechner
1852,3_epo,88.0,8.966130742717851,fechner
1853,3_epo,89.0,8.966196980988222,fechner
1854,3_epo,90.0,8.96626102562291,fechner
1855,3_epo,91.0,8.96632297240536,fechner
1856,3_epo,92.0,8.966382911948745,fechner
1857,3_epo,93.0,8.966440930027227,fechner
1858,3_epo,94.0,8.966497107882702,fechner
1859,3_epo,95.0,8.966551522509125,fechner
1860,4_epo,3.0,6.095783850988441,fechner
1861,4_epo,4.0,6.845436765934406,fechner
1862,4_epo,5.0,7.082864202547864,fechner
1863,4_epo,6.0,7.195265979641163,fechner
1864,4_epo,7.000000000000001,7.258489998887932,fechner
1865,4_epo,8.0,7.297886585196256,fechner
1866,4_epo,9.0,7.324199990605693,fechner
1867,4_epo,10.0,7.342689016295586,fechner
1868,4_epo,11.0,7.356195493841939,fechner
1869,4_epo,12.0,7.3663717320771696,fechner
1870,4_epo,13.0,7.3742344593767735,fechner
1871,4_epo,14.000000000000002,7.380438374779606,fechner
1872,4_epo,15.0,7.385421081842869,fechner
1873,4_epo,16.0,7.3894843637076955,fechner
1874,4_epo,17.0,7.392841950070601,fechner
1875,4_epo,18.0,7.395648723116184,fechner
1876,4_epo,19.0,7.3980191891810865,fechner
1877,4_epo,20.0,7.400039508854702,fechner
1878,4_epo,21.0,7.401775535525689,fechner
1879,4_epo,22.0,7.403278309946678,fechner
1880,4_epo,23.0,7.404587892525757,fechner
1881,4_epo,24.0,7.405736085068386,fechner
1882,4_epo,25.0,7.406748395623919,fechner
1883,4_epo,26.0,7.407645478091517,fechner
1884,4_epo,27.0,7.408444201328104,fechner
1885,4_epo,28.000000000000004,7.409158452981495,fechner
1886,4_epo,28.999999999999996,7.40979975077246,fechner
1887,4_epo,30.0,7.410377712243042,fechner
1888,4_epo,31.0,7.410900419256071,fechner
1889,4_epo,32.0,7.411374703382075,fechner
1890,4_epo,33.0,7.411806371222442,fechner
1891,4_epo,34.0,7.41220038370477,fechner
1892,4_epo,35.0,7.412560999798621,fechner
1893,4_epo,36.0,7.412891892503553,fechner
1894,4_epo,37.0,7.41319624306307,fechner
1895,4_epo,38.0,7.413476817956779,fechner
1896,4_epo,39.0,7.413736032178902,fechner
1897,4_epo,40.0,7.4139760015270175,fechner
1898,4_epo,41.0,7.414198586030546,fechner
1899,4_epo,42.0,7.414405426195127,fechner
1900,4_epo,43.0,7.414597973390356,fechner
1901,4_epo,44.0,7.414777515438496,fechner
1902,4_epo,45.0,7.41494519825159,fechner
1903,4_epo,46.0,7.415102044199606,fechner
1904,4_epo,47.0,7.415248967762366,fechner
1905,4_epo,48.0,7.415386788914939,fechner
1906,4_epo,49.0,7.415516244614176,fechner
1907,4_epo,50.0,7.4156379986882115,fechner
1908,4_epo,51.0,7.415752650377796,fechner
1909,4_epo,52.0,7.415860741735674,fechner
1910,4_epo,53.0,7.415962764055128,fechner
1911,4_epo,54.0,7.416059163470738,fechner
1912,4_epo,55.00000000000001,7.416150345850971,fechner
1913,4_epo,56.00000000000001,7.416236681083146,fechner
1914,4_epo,56.99999999999999,7.416318506835538,fechner
1915,4_epo,57.99999999999999,7.416396131868313,fechner
1916,4_epo,59.0,7.416469838954092,fechner
1917,4_epo,60.0,7.416539887459893,fechner
1918,4_epo,61.0,7.416606515634619,fechner
1919,4_epo,62.0,7.4166699426398175,fechner
1920,4_epo,63.0,7.416730370356171,fechner
1921,4_epo,64.0,7.4167879849935705,fechner
1922,4_epo,65.0,7.416842958528824,fechner
1923,4_epo,66.0,7.416895449991752,fechner
1924,4_epo,67.0,7.4169456066177,fechner
1925,4_epo,68.0,7.416993564882079,fechner
1926,4_epo,69.0,7.417039451430544,fechner
1927,4_epo,70.0,7.417083383916685,fechner
1928,4_epo,71.0,7.417125471757567,fechner
1929,4_epo,72.0,7.4171658168162224,fechner
1930,4_epo,73.0,7.4172045140190725,fechner
1931,4_epo,74.0,7.417241651915223,fechner
1932,4_epo,75.0,7.417277313183857,fechner
1933,4_epo,76.0,7.41731157509515,fechner
1934,4_epo,77.0,7.417344509929473,fechner
1935,4_epo,78.0,7.4173761853591875,fechner
1936,4_epo,79.0,7.417406664796784,fechner
1937,4_epo,80.0,7.417436007712705,fechner
1938,4_epo,81.0,7.417464269925842,fechner
1939,4_epo,82.0,7.417491503869361,fechner
1940,4_epo,83.0,7.4175177588342125,fechner
1941,4_epo,84.0,7.417543081192452,fechner
1942,4_epo,85.0,7.417567514602262,fechner
1943,4_epo,86.0,7.417591100196351,fechner
1944,4_epo,87.0,7.417613876755286,fechner
1945,4_epo,88.0,7.417635880867094,fechner
1946,4_epo,89.0,7.4176571470743555,fechner
1947,4_epo,90.0,7.417677708009929,fechner
1948,4_epo,91.0,7.417697594522283,fechner
1949,4_epo,92.0,7.417716835791314,fechner
1950,4_epo,93.0,7.417735459435512,fechner
1951,4_epo,94.0,7.417753491611163,fechner
1952,4_epo,95.0,7.41777095710428,fechner
1953,5_epo,3.0,8.089448782544906,fechner
1954,5_epo,4.0,8.24388793721114,fechner
1955,5_epo,5.0,8.28596490376443,fechner
1956,5_epo,6.0,8.304910165608359,fechner
1957,5_epo,7.000000000000001,8.315306795513177,fechner
1958,5_epo,8.0,8.321693397618391,fechner
1959,5_epo,9.0,8.325920494259845,fechner
1960,5_epo,10.0,8.328872374682799,fechner
1961,5_epo,11.0,8.331019303354223,fechner
1962,5_epo,12.0,8.332631627033285,fechner
1963,5_epo,13.0,8.33387432407927,fechner
1964,5_epo,14.000000000000002,8.334852962267991,fechner
1965,5_epo,15.0,8.335637759666225,fechner
1966,5_epo,16.0,8.336276953375233,fechner
1967,5_epo,17.0,8.336804599467456,fechner
1968,5_epo,18.0,8.337245314117938,fechner
1969,5_epo,19.0,8.337617257818133,fechner
1970,5_epo,20.0,8.337934071192116,fechner
1971,5_epo,21.0,8.33820616420546,fechner
1972,5_epo,22.0,8.338441594888758,fechner
1973,5_epo,23.0,8.338646680743324,fechner
1974,5_epo,24.0,8.33882643206782,fechner
1975,5_epo,25.0,8.338984864216734,fechner
1976,5_epo,26.0,8.339125226026436,fechner
1977,5_epo,27.0,8.33925016921902,fechner
1978,5_epo,28.000000000000004,8.339361875617012,fechner
1979,5_epo,28.999999999999996,8.339462153780136,fechner
1980,5_epo,30.0,8.339552513195477,fechner
1981,5_epo,31.0,8.339634221795265,fechner
1982,5_epo,32.0,8.339708350955723,fechner
1983,5_epo,33.0,8.33977581100032,fechner
1984,5_epo,34.0,8.339837379432675,fechner
1985,5_epo,35.0,8.339893723553773,fechner
1986,5_epo,36.0,8.339945418706002,fechner
1987,5_epo,37.0,8.339992963085113,fechner
1988,5_epo,38.0,8.340036789839331,fechner
1989,5_epo,39.0,8.34007727700939,fechner
1990,5_epo,40.0,8.340114755739155,fechner
1991,5_epo,41.0,8.340149517092662,fechner
1992,5_epo,42.0,8.34018181774163,fechner
1993,5_epo,43.0,8.340211884732547,fechner
1994,5_epo,44.0,8.340239919499792,fechner
1995,5_epo,45.0,8.340266101258187,fechner
1996,5_epo,46.0,8.340290589882288,fechner
1997,5_epo,47.0,8.340313528359376,fechner
1998,5_epo,48.0,8.340335044886789,fechner
1999,5_epo,49.0,8.34035525467137,fechner
2000,5_epo,50.0,8.340374261478482,fechner
2001,5_epo,51.0,8.340392158969575,fechner
2002,5_epo,52.0,8.340409031860796,fechner
2003,5_epo,53.0,8.340424956929386,fechner
2004,5_epo,54.0,8.340440003890388,fechner
2005,5_epo,55.00000000000001,8.340454236162396,fechner
2006,5_epo,56.00000000000001,8.34046771153811,fechner
2007,5_epo,56.99999999999999,8.340480482773016,fechner
2008,5_epo,57.99999999999999,8.340492598103378,fechner
2009,5_epo,59.0,8.340504101703146,fechner
2010,5_epo,60.0,8.340515034087833,fechner
2011,5_epo,61.0,8.340525432472276,fechner
2012,5_epo,62.0,8.340535331088255,fechner
2013,5_epo,63.0,8.340544761466974,fechner
2014,5_epo,64.0,8.340553752690841,fechner
2015,5_epo,65.0,8.340562331618242,fechner
2016,5_epo,66.0,8.340570523084633,fechner
2017,5_epo,67.0,8.34057835008269,fechner
2018,5_epo,68.0,8.340585833924054,fechner
2019,5_epo,69.0,8.340592994384714,fechner
2020,5_epo,70.0,8.340599849835945,fechner
2021,5_epo,71.0,8.34060641736238,fechner
2022,5_epo,72.0,8.340612712868696,fechner
2023,5_epo,73.0,8.340618751176073,fechner
2024,5_epo,74.0,8.340624546109622,fechner
2025,5_epo,75.0,8.340630110577644,fechner
2026,5_epo,76.0,8.340635456643659,fechner
2027,5_epo,77.0,8.340640595591909,fechner
2028,5_epo,78.0,8.340645537986996,fechner
2029,5_epo,79.0,8.34065029372829,fechner
2030,5_epo,80.0,8.340654872099556,fechner
2031,5_epo,81.0,8.340659281814354,fechner
2032,5_epo,82.0,8.340663531057562,fechner
2033,5_epo,83.0,8.3406676275234,fechner
2034,5_epo,84.0,8.340671578450333,fechner
2035,5_epo,85.0,8.340675390653075,fechner
2036,5_epo,86.0,8.340679070552026,fechner
2037,5_epo,87.0,8.340682624200346,fechner
2038,5_epo,88.0,8.340686057308867,fechner
2039,5_epo,89.0,8.340689375269088,fechner
2040,5_epo,90.0,8.340692583174352,fechner
2041,5_epo,91.0,8.340695685839425,fechner
2042,5_epo,92.0,8.340698687818584,fechner
2043,5_epo,93.0,8.340701593422352,fechner
2044,5_epo,94.0,8.340704406732986,fechner
2045,5_epo,95.0,8.340707131618835,fechner
2046,6_epo,3.0,8.333728208909063,fechner
2047,6_epo,4.0,8.880751844637125,fechner
2048,6_epo,5.0,9.038921213301924,fechner
2049,6_epo,6.0,9.111503256647513,fechner
2050,6_epo,7.000000000000001,9.151703017701008,fechner
2051,6_epo,8.0,9.176528624030096,fechner
2052,6_epo,9.0,9.193015173196727,fechner
2053,6_epo,10.0,9.204554322885839,fechner
2054,6_epo,11.0,9.212960426958736,fechner
2055,6_epo,12.0,9.219280868632074,fechner
2056,6_epo,13.0,9.224156761222572,fechner
2057,6_epo,14.000000000000002,9.227999292850443,fechner
2058,6_epo,15.0,9.231082453771707,fechner
2059,6_epo,16.0,9.233594731735216,fechner
2060,6_epo,17.0,9.235669353943534,fechner
2061,6_epo,18.0,9.237402708896022,fechner
2062,6_epo,19.0,9.238865962029237,fechner
2063,6_epo,20.0,9.24011260157644,fechner
2064,6_epo,21.0,9.241183470062222,fechner
2065,6_epo,22.0,9.242110197303312,fechner
2066,6_epo,23.0,9.242917591156553,fechner
2067,6_epo,24.0,9.243625333219649,fechner
2068,6_epo,25.0,9.244249201570518,fechner
2069,6_epo,26.0,9.244801965750531,fechner
2070,6_epo,27.0,9.245294050831173,fechner
2071,6_epo,28.000000000000004,9.24573403632078,fechner
2072,6_epo,28.999999999999996,9.24612903530163,fechner
2073,6_epo,30.0,9.246484985604539,fechner
2074,6_epo,31.0,9.246806875620585,fechner
2075,6_epo,32.0,9.247098921014361,fechner
2076,6_epo,33.0,9.247364704183214,fechner
2077,6_epo,34.0,9.247607285183703,fechner
2078,6_epo,35.0,9.247829290613081,fechner
2079,6_epo,36.0,9.24803298531851,fechner
2080,6_epo,37.0,9.24822033062676,fechner
2081,6_epo,38.0,9.248393031916498,fechner
2082,6_epo,39.0,9.248552577707123,fechner
2083,6_epo,40.0,9.248700271951252,fechner
2084,6_epo,41.0,9.248837260849452,fechner
2085,6_epo,42.0,9.248964555224676,fechner
2086,6_epo,43.0,9.24908304927773,fechner
2087,6_epo,44.0,9.249193536378046,fechner
2088,6_epo,45.0,9.249296722413755,fechner
2089,6_epo,46.0,9.249393237123114,fechner
2090,6_epo,47.0,9.249483643748935,fechner
2091,6_epo,48.0,9.24956844729387,fechner
2092,6_epo,49.0,9.249648101603743,fechner
2093,6_epo,50.0,9.249723015465335,fechner
2094,6_epo,51.0,9.249793557872358,fechner
2095,6_epo,52.0,9.249860062586873,fechner
2096,6_epo,53.0,9.24992283210189,fechner
2097,6_epo,54.0,9.249982141093396,fechner
2098,6_epo,55.00000000000001,9.25003823943564,fechner
2099,6_epo,56.00000000000001,9.25009135484172,fechner
2100,6_epo,56.99999999999999,9.250141695181817,fechner
2101,6_epo,57.99999999999999,9.250189450523226,fechner
2102,6_epo,59.0,9.250234794929783,fechner
2103,6_epo,60.0,9.25027788805252,fechner
2104,6_epo,61.0,9.250318876538849,fechner
2105,6_epo,62.0,9.25035789528351,fechner
2106,6_epo,63.0,9.250395068541328,fechner
2107,6_epo,64.0,9.25043051091889,fechner
2108,6_epo,65.0,9.250464328260051,fechner
2109,6_epo,66.0,9.250496618438016,fechner
2110,6_epo,67.0,9.250527472065091,fechner
2111,6_epo,68.0,9.250556973129799,fechner
2112,6_epo,69.0,9.25058519956966,fechner
2113,6_epo,70.0,9.25061222378702,fechner
2114,6_epo,71.0,9.250638113114292,fechner
2115,6_epo,72.0,9.250662930234162,fechner
2116,6_epo,73.0,9.250686733559743,fechner
2117,6_epo,74.0,9.250709577578935,fechner
2118,6_epo,75.0,9.250731513166796,fechner
2119,6_epo,76.0,9.250752587869302,fechner
2120,6_epo,77.0,9.250772846161436,fechner
2121,6_epo,78.0,9.2507923296822,fechner
2122,6_epo,79.0,9.250811077448953,fechner
2123,6_epo,80.0,9.250829126053032,fechner
2124,6_epo,81.0,9.25084650983859,fechner
2125,6_epo,82.0,9.250863261066208,fechner
2126,6_epo,83.0,9.250879410062797,fechner
2127,6_epo,84.0,9.250894985359047,fechner
2128,6_epo,85.0,9.25091001381562,fechner
2129,6_epo,86.0,9.250924520739112,fechner
2130,6_epo,87.0,9.250938529988733,fechner
2131,6_epo,88.0,9.250952064074545,fechner
2132,6_epo,89.0,9.250965144247969,fechner
2133,6_epo,90.0,9.250977790585345,fechner
2134,6_epo,91.0,9.250990022065047,fechner
2135,6_epo,92.0,9.251001856638766,fechner
2136,6_epo,93.0,9.251013311297452,fechner
2137,6_epo,94.0,9.251024402132389,fechner
2138,6_epo,95.0,9.251035144391741,fechner
2139,7_epo,3.0,7.0420239010851775,fechner
2140,7_epo,4.0,8.091345031043621,fechner
2141,7_epo,5.0,8.441683957186926,fechner
2142,7_epo,6.0,8.610767782228649,fechner
2143,7_epo,7.000000000000001,8.706809209871782,fechner
2144,7_epo,8.0,8.767000047513497,fechner
2145,7_epo,9.0,8.807350805301478,fechner
2146,7_epo,10.0,8.835774710876006,fechner
2147,7_epo,11.0,8.856576226533715,fechner
2148,7_epo,12.0,8.872269748260646,fechner
2149,7_epo,13.0,8.884407791511933,fechner
2150,7_epo,14.000000000000002,8.893992666466115,fechner
2151,7_epo,15.0,8.9016956775287,fechner
2152,7_epo,16.0,8.907980517664377,fechner
2153,7_epo,17.0,8.91317601045652,fechner
2154,7_epo,18.0,8.917520695463864,fechner
2155,7_epo,19.0,8.92119108331509,fechner
2156,7_epo,20.0,8.924320088052378,fechner
2157,7_epo,21.0,8.927009360813626,fechner
2158,7_epo,22.0,8.929337730170468,fechner
2159,7_epo,23.0,8.93136709493092,fechner
2160,7_epo,24.0,8.933146612909061,fechner
2161,7_epo,25.0,8.934715727103052,fechner
2162,7_epo,26.0,8.93610638437363,fechner
2163,7_epo,27.0,8.937344684071709,fechner
2164,7_epo,28.000000000000004,8.9384521182275,fechner
2165,7_epo,28.999999999999996,8.939446515089484,fechner
2166,7_epo,30.0,8.940342764492366,fechner
2167,7_epo,31.0,8.94115338090674,fechner
2168,7_epo,32.0,8.941888944424981,fechner
2169,7_epo,33.0,8.942558449037216,fechner
2170,7_epo,34.0,8.943169579836834,fechner
2171,7_epo,35.0,8.943728935270444,fechner
2172,7_epo,36.0,8.944242206547512,fechner
2173,7_epo,37.0,8.944714323399198,fechner
2174,7_epo,38.0,8.94514957321509,fechner
2175,7_epo,39.0,8.945551698976216,fechner
2176,7_epo,40.0,8.94592398019218,fechner
2177,7_epo,41.0,8.94626930013335,fechner
2178,7_epo,42.0,8.946590201948597,fechner
2179,7_epo,43.0,8.946888935720901,fechner
2180,7_epo,44.0,8.947167498096153,fechner
2181,7_epo,45.0,8.947427665795725,fechner
2182,7_epo,46.0,8.947671024068727,fechner
2183,7_epo,47.0,8.947898990939052,fechner
2184,7_epo,48.0,8.948112837943064,fechner
2185,7_epo,49.0,8.948313707926825,fechner
2186,7_epo,50.0,8.948502630370026,fechner
2187,7_epo,51.0,8.948680534621928,fechner
2188,7_epo,52.0,8.948848261368315,fechner
2189,7_epo,53.0,8.949006572594696,fechner
2190,7_epo,54.0,8.949156160267004,fechner
2191,7_epo,55.00000000000001,8.949297653915128,fechner
2192,7_epo,56.00000000000001,8.94943162727498,fechner
2193,7_epo,56.99999999999999,8.949558604120373,fechner
2194,7_epo,57.99999999999999,8.94967906339576,fechner
2195,7_epo,59.0,8.949793443743985,fechner
2196,7_epo,60.0,8.949902147509274,fechner
2197,7_epo,61.0,8.950005544283806,fechner
2198,7_epo,62.0,8.9501039740564,fechner
2199,7_epo,63.0,8.950197750013569,fechner
2200,7_epo,64.0,8.950287161036112,fechner
2201,7_epo,65.0,8.950372473928464,fechner
2202,7_epo,66.0,8.95045393541309,fechner
2203,7_epo,67.0,8.950531773917708,fechner
2204,7_epo,68.0,8.950606201179667,fechner
2205,7_epo,69.0,8.950677413688478,fechner
2206,7_epo,70.0,8.950745593984982,fechner
2207,7_epo,71.0,8.950810911833125,fechner
2208,7_epo,72.0,8.950873525278467,fechner
2209,7_epo,73.0,8.950933581605783,fechner
2210,7_epo,74.0,8.950991218206555,fechner
2211,7_epo,75.0,8.951046563365974,fechner
2212,7_epo,76.0,8.95109973697781,fechner
2213,7_epo,77.0,8.951150851194697,fechner
2214,7_epo,78.0,8.951200011020324,fechner
2215,7_epo,79.0,8.951247314849459,fechner
2216,7_epo,80.0,8.951292854960958,fechner
2217,7_epo,81.0,8.951336717968383,fechner
2218,7_epo,82.0,8.951378985232372,fechner
2219,7_epo,83.0,8.951419733238382,fechner
2220,7_epo,84.0,8.951459033943124,fechner
2221,7_epo,85.0,8.951496955092612,fechner
2222,7_epo,86.0,8.95153356051445,fechner
2223,7_epo,87.0,8.951568910386717,fechner
2224,7_epo,88.0,8.951603061485567,fechner
2225,7_epo,89.0,8.95163606741344,fechner
2226,7_epo,90.0,8.95166797880962,fechner
2227,7_epo,91.0,8.951698843544674,fechner
2228,7_epo,92.0,8.951728706900147,fechner
2229,7_epo,93.0,8.951757611734825,fechner
2230,7_epo,94.0,8.951785598638635,fechner
2231,7_epo,95.0,8.95181270607529,fechner
2232,8_epo,3.0,9.16520728915819,fechner
2233,8_epo,4.0,9.165207289158234,fechner
2234,8_epo,5.0,9.165207289158245,fechner
2235,8_epo,6.0,9.16520728915825,fechner
2236,8_epo,7.000000000000001,9.165207289158253,fechner
2237,8_epo,8.0,9.165207289158255,fechner
2238,8_epo,9.0,9.165207289158255,fechner
2239,8_epo,10.0,9.165207289158257,fechner
2240,8_epo,11.0,9.165207289158257,fechner
2241,8_epo,12.0,9.165207289158257,fechner
2242,8_epo,13.0,9.165207289158257,fechner
2243,8_epo,14.000000000000002,9.165207289158259,fechner
2244,8_epo,15.0,9.165207289158259,fechner
2245,8_epo,16.0,9.165207289158259,fechner
2246,8_epo,17.0,9.165207289158259,fechner
2247,8_epo,18.0,9.165207289158259,fechner
2248,8_epo,19.0,9.165207289158259,fechner
2249,8_epo,20.0,9.165207289158259,fechner
2250,8_epo,21.0,9.165207289158259,fechner
2251,8_epo,22.0,9.165207289158259,fechner
2252,8_epo,23.0,9.165207289158259,fechner
2253,8_epo,24.0,9.165207289158259,fechner
2254,8_epo,25.0,9.165207289158259,fechner
2255,8_epo,26.0,9.165207289158259,fechner
2256,8_epo,27.0,9.165207289158259,fechner
2257,8_epo,28.000000000000004,9.165207289158259,fechner
2258,8_epo,28.999999999999996,9.165207289158259,fechner
2259,8_epo,30.0,9.165207289158259,fechner
2260,8_epo,31.0,9.165207289158259,fechner
2261,8_epo,32.0,9.165207289158259,fechner
2262,8_epo,33.0,9.165207289158259,fechner
2263,8_epo,34.0,9.165207289158259,fechner
2264,8_epo,35.0,9.165207289158259,fechner
2265,8_epo,36.0,9.165207289158259,fechner
2266,8_epo,37.0,9.165207289158259,fechner
2267,8_epo,38.0,9.165207289158259,fechner
2268,8_epo,39.0,9.165207289158259,fechner
2269,8_epo,40.0,9.165207289158259,fechner
2270,8_epo,41.0,9.165207289158259,fechner
2271,8_epo,42.0,9.165207289158259,fechner
2272,8_epo,43.0,9.165207289158259,fechner
2273,8_epo,44.0,9.165207289158259,fechner
2274,8_epo,45.0,9.165207289158259,fechner
2275,8_epo,46.0,9.165207289158259,fechner
2276,8_epo,47.0,9.165207289158259,fechner
2277,8_epo,48.0,9.165207289158259,fechner
2278,8_epo,49.0,9.165207289158259,fechner
2279,8_epo,50.0,9.165207289158259,fechner
2280,8_epo,51.0,9.165207289158259,fechner
2281,8_epo,52.0,9.165207289158259,fechner
2282,8_epo,53.0,9.165207289158259,fechner
2283,8_epo,54.0,9.165207289158259,fechner
2284,8_epo,55.00000000000001,9.165207289158259,fechner
2285,8_epo,56.00000000000001,9.165207289158259,fechner
2286,8_epo,56.99999999999999,9.165207289158259,fechner
2287,8_epo,57.99999999999999,9.165207289158259,fechner
2288,8_epo,59.0,9.165207289158259,fechner
2289,8_epo,60.0,9.165207289158259,fechner
2290,8_epo,61.0,9.165207289158259,fechner
2291,8_epo,62.0,9.165207289158259,fechner
2292,8_epo,63.0,9.165207289158259,fechner
2293,8_epo,64.0,9.165207289158259,fechner
2294,8_epo,65.0,9.165207289158259,fechner
2295,8_epo,66.0,9.165207289158259,fechner
2296,8_epo,67.0,9.165207289158259,fechner
2297,8_epo,68.0,9.165207289158259,fechner
2298,8_epo,69.0,9.165207289158259,fechner
2299,8_epo,70.0,9.165207289158259,fechner
2300,8_epo,71.0,9.165207289158259,fechner
2301,8_epo,72.0,9.165207289158259,fechner
2302,8_epo,73.0,9.165207289158259,fechner
2303,8_epo,74.0,9.165207289158259,fechner
2304,8_epo,75.0,9.165207289158259,fechner
2305,8_epo,76.0,9.165207289158259,fechner
2306,8_epo,77.0,9.165207289158259,fechner
2307,8_epo,78.0,9.165207289158259,fechner
2308,8_epo,79.0,9.165207289158259,fechner
2309,8_epo,80.0,9.165207289158259,fechner
2310,8_epo,81.0,9.165207289158259,fechner
2311,8_epo,82.0,9.165207289158259,fechner
2312,8_epo,83.0,9.165207289158259,fechner
2313,8_epo,84.0,9.165207289158259,fechner
2314,8_epo,85.0,9.165207289158259,fechner
2315,8_epo,86.0,9.165207289158259,fechner
2316,8_epo,87.0,9.165207289158259,fechner
2317,8_epo,88.0,9.165207289158259,fechner
2318,8_epo,89.0,9.165207289158259,fechner
2319,8_epo,90.0,9.165207289158259,fechner
2320,8_epo,91.0,9.165207289158259,fechner
2321,8_epo,92.0,9.165207289158259,fechner
2322,8_epo,93.0,9.165207289158259,fechner
2323,8_epo,94.0,9.165207289158259,fechner
2324,8_epo,95.0,9.165207289158259,fechner
2325,9_epo,3.0,6.824357844062992,fechner
2326,9_epo,4.0,7.229342633385292,fechner
2327,9_epo,5.0,7.430719960430655,fechner
2328,9_epo,6.0,7.547190929892015,fechner
2329,9_epo,7.000000000000001,7.620357970667589,fechner
2330,9_epo,8.0,7.669157915575517,fechner
2331,9_epo,9.0,7.703250193310673,fechner
2332,9_epo,10.0,7.727966583551489,fechner
2333,9_epo,11.0,7.746436481073727,fechner
2334,9_epo,12.0,7.760590525743493,fechner
2335,9_epo,13.0,7.7716701900220775,fechner
2336,9_epo,14.000000000000002,7.780502222594657,fechner
2337,9_epo,15.0,7.787653929222298,fechner
2338,9_epo,16.0,7.793524806312434,fechner
2339,9_epo,17.0,7.798402616276347,fechner
2340,9_epo,18.0,7.802498808394355,fechner
2341,9_epo,19.0,7.805971526106594,fechner
2342,9_epo,20.0,7.808940925601858,fechner
2343,9_epo,21.0,7.811499602967319,fechner
2344,9_epo,22.0,7.813719834002376,fechner
2345,9_epo,23.0,7.815658691824115,fechner
2346,9_epo,24.0,7.817361723599426,fechner
2347,9_epo,25.0,7.818865631481008,fechner
2348,9_epo,26.0,7.820200254102519,fechner
2349,9_epo,27.0,7.821390049441745,fechner
2350,9_epo,28.000000000000004,7.8224552173204485,fechner
2351,9_epo,28.999999999999996,7.8234125581650575,fechner
2352,9_epo,30.0,7.824276136479423,fechner
2353,9_epo,31.0,7.825057798140463,fechner
2354,9_epo,32.0,7.825767577168758,fechner
2355,9_epo,33.0,7.8264140181410795,fechner
2356,9_epo,34.0,7.8270044336481215,fechner
2357,9_epo,35.0,7.827545111323726,fechner
2358,9_epo,36.0,7.828041481419187,fechner
2359,9_epo,37.0,7.828498253282589,fechner
2360,9_epo,38.0,7.8289195271631,fechner
2361,9_epo,39.0,7.829308886307299,fechner
2362,9_epo,40.0,7.829669473218061,fechner
2363,9_epo,41.0,7.830004053112263,fechner
2364,9_epo,42.0,7.8303150669743955,fechner
2365,9_epo,43.0,7.830604676110003,fechner
2366,9_epo,44.0,7.830874799719804,fechner
2367,9_epo,45.0,7.831127146716126,fechner
2368,9_epo,46.0,7.831363242767913,fechner
2369,9_epo,47.0,7.831584453374615,fechner
2370,9_epo,48.0,7.831792003621403,fechner
2371,9_epo,49.0,7.8319869951500065,fechner
2372,9_epo,50.0,7.8321704207847,fechner
2373,9_epo,51.0,7.8323431771763605,fechner
2374,9_epo,52.0,7.83250607576565,fechner
2375,9_epo,53.0,7.832659852315816,fechner
2376,9_epo,54.0,7.832805175224437,fechner
2377,9_epo,55.00000000000001,7.832942652789613,fechner
2378,9_epo,56.00000000000001,7.833072839578181,fechner
2379,9_epo,56.99999999999999,7.833196242020578,fechner
2380,9_epo,57.99999999999999,7.833313323337808,fechner
2381,9_epo,59.0,7.833424507890085,fechner
2382,9_epo,60.0,7.833530185023437,fechner
2383,9_epo,61.0,7.833630712479421,fechner
2384,9_epo,62.0,7.8337264194237255,fechner
2385,9_epo,63.0,7.833817609141588,fechner
2386,9_epo,64.0,7.833904561441247,fechner
2387,9_epo,65.0,7.833987534801009,fechner
2388,9_epo,66.0,7.834066768290736,fechner
2389,9_epo,67.0,7.834142483294396,fechner
2390,9_epo,68.0,7.834214885056909,fechner
2391,9_epo,69.0,7.834284164075433,fechner
2392,9_epo,70.0,7.834350497352746,fechner
2393,9_epo,71.0,7.834414049528105,fechner
2394,9_epo,72.0,7.834474973899079,fechner
2395,9_epo,73.0,7.834533413346215,fechner
2396,9_epo,74.0,7.834589501170951,fechner
2397,9_epo,75.0,7.834643361855943,fechner
2398,9_epo,76.0,7.834695111755911,fechner
2399,9_epo,77.0,7.834744859726179,fechner
2400,9_epo,78.0,7.834792707695232,fechner
2401,9_epo,79.0,7.834838751186934,fechner
2402,9_epo,80.0,7.834883079797364,fechner
2403,9_epo,81.0,7.834925777630779,fechner
2404,9_epo,82.0,7.834966923698613,fechner
2405,9_epo,83.0,7.835006592285058,fechner
2406,9_epo,84.0,7.835044853282409,fechner
2407,9_epo,85.0,7.8350817724989765,fechner
2408,9_epo,86.0,7.8351174119421065,fechner
2409,9_epo,87.0,7.835151830078577,fechner
2410,9_epo,88.0,7.835185082074441,fechner
2411,9_epo,89.0,7.8352172200161,fechner
2412,9_epo,90.0,7.835248293114313,fechner
2413,9_epo,91.0,7.835278347892611,fechner
2414,9_epo,92.0,7.835307428361464,fechner
2415,9_epo,93.0,7.835335576179411,fechner
2416,9_epo,94.0,7.835362830802285,fechner
2417,9_epo,95.0,7.8353892296214935,fechner
