,participant,contrast,mrt,name
0,0_epo,3.0,69.39939623234507,pieron
1,0_epo,4.0,69.39939623234498,pieron
2,0_epo,5.0,69.39939623234493,pieron
3,0_epo,6.0,69.39939623234487,pieron
4,0_epo,7.000000000000001,69.39939623234483,pieron
5,0_epo,8.0,69.3993962323448,pieron
6,0_epo,9.0,69.39939623234477,pieron
7,0_epo,10.0,69.39939623234473,pieron
8,0_epo,11.0,69.3993962323447,pieron
9,0_epo,12.0,69.39939623234469,pieron
10,0_epo,13.0,69.39939623234466,pieron
11,0_epo,14.000000000000002,69.39939623234464,pieron
12,0_epo,15.0,69.39939623234463,pieron
13,0_epo,16.0,69.39939623234461,pieron
14,0_epo,17.0,69.39939623234459,pieron
15,0_epo,18.0,69.39939623234457,pieron
16,0_epo,19.0,69.39939623234456,pieron
17,0_epo,20.0,69.39939623234454,pieron
18,0_epo,21.0,69.39939623234453,pieron
19,0_epo,22.0,69.39939623234451,pieron
20,0_epo,23.0,69.3993962323445,pieron
21,0_epo,24.0,69.3993962323445,pieron
22,0_epo,25.0,69.39939623234449,pieron
23,0_epo,26.0,69.39939623234449,pieron
24,0_epo,27.0,69.39939623234449,pieron
25,0_epo,28.000000000000004,69.39939623234446,pieron
26,0_epo,28.999999999999996,69.39939623234444,pieron
27,0_epo,30.0,69.39939623234444,pieron
28,0_epo,31.0,69.39939623234443,pieron
29,0_epo,32.0,69.39939623234443,pieron
30,0_epo,33.0,69.39939623234442,pieron
31,0_epo,34.0,69.39939623234442,pieron
32,0_epo,35.0,69.3993962323444,pieron
33,0_epo,36.0,69.3993962323444,pieron
34,0_epo,37.0,69.39939623234439,pieron
35,0_epo,38.0,69.39939623234439,pieron
36,0_epo,39.0,69.39939623234437,pieron
37,0_epo,40.0,69.39939623234437,pieron
38,0_epo,41.0,69.39939623234436,pieron
39,0_epo,42.0,69.39939623234436,pieron
40,0_epo,43.0,69.39939623234436,pieron
41,0_epo,44.0,69.39939623234434,pieron
42,0_epo,45.0,69.39939623234434,pieron
43,0_epo,46.0,69.39939623234432,pieron
44,0_epo,47.0,69.39939623234432,pieron
45,0_epo,48.0,69.39939623234432,pieron
46,0_epo,49.0,69.3993962323443,pieron
47,0_epo,50.0,69.3993962323443,pieron
48,0_epo,51.0,69.3993962323443,pieron
49,0_epo,52.0,69.39939623234429,pieron
50,0_epo,53.0,69.39939623234429,pieron
51,0_epo,54.0,69.39939623234429,pieron
52,0_epo,55.00000000000001,69.39939623234427,pieron
53,0_epo,56.00000000000001,69.39939623234427,pieron
54,0_epo,56.99999999999999,69.39939623234427,pieron
55,0_epo,57.99999999999999,69.39939623234426,pieron
56,0_epo,59.0,69.39939623234426,pieron
57,0_epo,60.0,69.39939623234426,pieron
58,0_epo,61.0,69.39939623234426,pieron
59,0_epo,62.0,69.39939623234424,pieron
60,0_epo,63.0,69.39939623234424,pieron
61,0_epo,64.0,69.39939623234424,pieron
62,0_epo,65.0,69.39939623234423,pieron
63,0_epo,66.0,69.39939623234423,pieron
64,0_epo,67.0,69.39939623234423,pieron
65,0_epo,68.0,69.39939623234423,pieron
66,0_epo,69.0,69.39939623234422,pieron
67,0_epo,70.0,69.39939623234422,pieron
68,0_epo,71.0,69.39939623234422,pieron
69,0_epo,72.0,69.39939623234422,pieron
70,0_epo,73.0,69.3993962323442,pieron
71,0_epo,74.0,69.3993962323442,pieron
72,0_epo,75.0,69.3993962323442,pieron
73,0_epo,76.0,69.3993962323442,pieron
74,0_epo,77.0,69.3993962323442,pieron
75,0_epo,78.0,69.39939623234417,pieron
76,0_epo,79.0,69.39939623234417,pieron
77,0_epo,80.0,69.39939623234417,pieron
78,0_epo,81.0,69.39939623234417,pieron
79,0_epo,82.0,69.39939623234416,pieron
80,0_epo,83.0,69.39939623234416,pieron
81,0_epo,84.0,69.39939623234416,pieron
82,0_epo,85.0,69.39939623234416,pieron
83,0_epo,86.0,69.39939623234416,pieron
84,0_epo,87.0,69.39939623234415,pieron
85,0_epo,88.0,69.39939623234415,pieron
86,0_epo,89.0,69.39939623234415,pieron
87,0_epo,90.0,69.39939623234415,pieron
88,0_epo,91.0,69.39939623234415,pieron
89,0_epo,92.0,69.39939623234413,pieron
90,0_epo,93.0,69.39939623234413,pieron
91,0_epo,94.0,69.39939623234413,pieron
92,0_epo,95.0,69.39939623234413,pieron
93,10_epo,3.0,80.83723959272238,pieron
94,10_epo,4.0,77.72881313773253,pieron
95,10_epo,5.0,75.400283304177,pieron
96,10_epo,6.0,73.5496128169667,pieron
97,10_epo,7.000000000000001,72.0203767154972,pieron
98,10_epo,8.0,70.72141676046624,pieron
99,10_epo,9.0,69.59511315244453,pieron
100,10_epo,10.0,68.6028082014206,pieron
101,10_epo,11.0,67.71735319788489,pieron
102,10_epo,12.0,66.91897908414877,pieron
103,10_epo,13.0,66.19286079825382,pieron
104,10_epo,14.000000000000002,65.52760644778112,pieron
105,10_epo,15.0,64.91428053108574,pieron
106,10_epo,16.0,64.34575013701871,pieron
107,10_epo,17.0,63.81623422160049,pieron
108,10_epo,18.0,63.32098488400274,pieron
109,10_epo,19.0,62.856056940255755,pieron
110,10_epo,20.0,62.41813806103008,pieron
111,10_epo,21.0,62.004421378682906,pieron
112,10_epo,22.0,61.61250846500463,pieron
113,10_epo,23.0,61.24033441210253,pieron
114,10_epo,24.0,60.88610925538013,pieron
115,10_epo,25.0,60.5482716528996,pieron
116,10_epo,26.0,60.22545187697426,pieron
117,10_epo,27.0,59.916441965413256,pieron
118,10_epo,28.000000000000004,59.620171437555676,pieron
119,10_epo,28.999999999999996,59.335687378955754,pieron
120,10_epo,30.0,59.062137987491944,pieron
121,10_epo,31.0,58.79875888562085,pieron
122,10_epo,32.0,58.544861660776895,pieron
123,10_epo,33.0,58.29982421387795,pieron
124,10_epo,34.0,58.06308258524623,pieron
125,10_epo,35.0,57.83412399555952,pieron
126,10_epo,36.0,57.612480892119486,pieron
127,10_epo,37.0,57.39772583166895,pieron
128,10_epo,38.0,57.189467063064164,pieron
129,10_epo,39.0,56.987344698410695,pieron
130,10_epo,40.0,56.791027381370874,pieron
131,10_epo,41.0,56.600209377415155,pieron
132,10_epo,42.0,56.414608023710215,pieron
133,10_epo,43.0,56.23396148678521,pieron
134,10_epo,44.0,56.05802678461502,pieron
135,10_epo,45.0,55.88657803670427,pieron
136,10_epo,46.0,55.71940491146121,pieron
137,10_epo,47.0,55.55631124485768,pieron
138,10_epo,48.0,55.39711380827383,pieron
139,10_epo,49.0,55.24164120667473,pieron
140,10_epo,50.0,55.089732890980706,pieron
141,10_epo,51.0,54.941238270771315,pieron
142,10_epo,52.0,54.79601591538143,pieron
143,10_epo,53.0,54.65393283306947,pieron
144,10_epo,54.0,54.51486381931254,pieron
145,10_epo,55.00000000000001,54.378690866453866,pieron
146,10_epo,56.00000000000001,54.24530262792612,pieron
147,10_epo,56.99999999999999,54.11459393112949,pieron
148,10_epo,57.99999999999999,53.9864653337775,pieron
149,10_epo,59.0,53.860822719155536,pieron
150,10_epo,60.0,53.73757692628305,pieron
151,10_epo,61.0,53.61664341144269,pieron
152,10_epo,62.0,53.49794193794973,pieron
153,10_epo,63.0,53.38139629139163,pieron
154,10_epo,64.0,53.266934017878995,pieron
155,10_epo,65.0,53.15448618312041,pieron
156,10_epo,66.0,53.04398715037243,pieron
157,10_epo,67.0,52.93537437552426,pieron
158,10_epo,68.0,52.82858821776106,pieron
159,10_epo,69.0,52.7235717644114,pieron
160,10_epo,70.0,52.620270668727734,pieron
161,10_epo,71.0,52.51863299947505,pieron
162,10_epo,72.0,52.41860910131527,pieron
163,10_epo,73.0,52.320151465074254,pieron
164,10_epo,74.0,52.22321460706731,pieron
165,10_epo,75.0,52.127754956737334,pieron
166,10_epo,76.0,52.033730751930825,pieron
167,10_epo,77.0,51.94110194119942,pieron
168,10_epo,78.0,51.849830092571224,pieron
169,10_epo,79.0,51.75987830828653,pieron
170,10_epo,80.0,51.67121114503798,pieron
171,10_epo,81.0,51.58379453929571,pieron
172,10_epo,82.0,51.497595737335295,pieron
173,10_epo,83.0,51.412583229618484,pieron
174,10_epo,84.0,51.32872668920748,pieron
175,10_epo,85.0,51.24599691391982,pieron
176,10_epo,86.0,51.16436577195573,pieron
177,10_epo,87.0,51.08380615075169,pieron
178,10_epo,88.0,51.004291908834226,pieron
179,10_epo,89.0,50.925797830465875,pieron
180,10_epo,90.0,50.848299582892345,pieron
181,10_epo,91.0,50.77177367601414,pieron
182,10_epo,92.0,50.69619742432066,pieron
183,10_epo,93.0,50.62154891093646,pieron
184,10_epo,94.0,50.54780695364124,pieron
185,10_epo,95.0,50.47495107273551,pieron
186,11_epo,3.0,107.1112611638278,pieron
187,11_epo,4.0,104.08558448937308,pieron
188,11_epo,5.0,101.79767154132531,pieron
189,11_epo,6.0,99.9656929160574,pieron
190,11_epo,7.000000000000001,98.44252224597494,pieron
191,11_epo,8.0,97.14186410463861,pieron
192,11_epo,9.0,96.0088739397699,pieron
193,11_epo,10.0,95.00658158907385,pieron
194,11_epo,11.0,94.10891481643296,pieron
195,11_epo,12.0,93.29681726838112,pieron
196,11_epo,13.0,92.55594982885353,pieron
197,11_epo,14.000000000000002,91.87525981672047,pieron
198,11_epo,15.0,91.2460530123398,pieron
199,11_epo,16.0,90.6613707173593,pieron
200,11_epo,17.0,90.11555915047035,pieron
201,11_epo,18.0,89.60396418822745,pieron
202,11_epo,19.0,89.12271015691718,pieron
203,11_epo,20.0,88.66853640730957,pieron
204,11_epo,21.0,88.23867449540019,pieron
205,11_epo,22.0,87.83075446020396,pieron
206,11_epo,23.0,87.44273231836198,pieron
207,11_epo,24.0,87.07283327409951,pieron
208,11_epo,25.0,86.7195067359487,pieron
209,11_epo,26.0,86.38139031892749,pieron
210,11_epo,27.0,86.05728076606299,pieron
211,11_epo,28.000000000000004,85.74611025607916,pieron
212,11_epo,28.999999999999996,85.44692694565902,pieron
213,11_epo,30.0,85.15887887159187,pieron
214,11_epo,31.0,84.88120054153974,pieron
215,11_epo,32.0,84.61320169331574,pieron
216,11_epo,33.0,84.35425781608417,pieron
217,11_epo,34.0,84.10380211298401,pieron
218,11_epo,35.0,83.86131865057452,pieron
219,11_epo,36.0,83.62633649137442,pieron
220,11_epo,37.0,83.3984246453602,pieron
221,11_epo,38.0,83.1771877073358,pieron
222,11_epo,39.0,82.96226207160927,pieron
223,11_epo,40.0,82.75331263490652,pieron
224,11_epo,41.0,82.5500299140556,pieron
225,11_epo,42.0,82.3521275175311,pieron
226,11_epo,43.0,82.15933992011647,pieron
227,11_epo,44.0,81.97142049821626,pieron
228,11_epo,45.0,81.78813979012088,pieron
229,11_epo,46.0,81.60928395109185,pieron
230,11_epo,47.0,81.43465337773299,pieron
231,11_epo,48.0,81.26406147992584,pieron
232,11_epo,49.0,81.09733358178632,pieron
233,11_epo,50.0,80.93430593575523,pieron
234,11_epo,51.0,80.77482483616939,pieron
235,11_epo,52.0,80.61874582053895,pieron
236,11_epo,53.0,80.46593294834916,pieron
237,11_epo,54.0,80.31625814855404,pieron
238,11_epo,55.00000000000001,80.16960062807962,pieron
239,11_epo,56.00000000000001,80.02584633463657,pieron
240,11_epo,56.99999999999999,79.88488746798292,pieron
241,11_epo,57.99999999999999,79.74662203450136,pieron
242,11_epo,59.0,79.61095344057733,pieron
243,11_epo,60.0,79.47779012080355,pieron
244,11_epo,61.0,79.34704519750156,pieron
245,11_epo,62.0,79.21863616845694,pieron
246,11_epo,63.0,79.0924846201159,pieron
247,11_epo,64.0,78.96851596379948,pieron
248,11_epo,65.0,78.84665919275992,pieron
249,11_epo,66.0,78.72684665813952,pieron
250,11_epo,67.0,78.60901386209915,pieron
251,11_epo,68.0,78.49309926656609,pieron
252,11_epo,69.0,78.379044116211,pieron
253,11_epo,70.0,78.26679227440609,pieron
254,11_epo,71.0,78.15629007104181,pieron
255,11_epo,72.0,78.04748616119151,pieron
256,11_epo,73.0,77.94033139371132,pieron
257,11_epo,74.0,77.83477868895157,pieron
258,11_epo,75.0,77.7307829248342,pieron
259,11_epo,76.0,77.62830083062063,pieron
260,11_epo,77.0,77.52729088775685,pieron
261,11_epo,78.0,77.42771323723989,pieron
262,11_epo,79.0,77.32952959299816,pieron
263,11_epo,80.0,77.23270316082541,pieron
264,11_epo,81.0,77.13719856244722,pieron
265,11_epo,82.0,77.04298176433616,pieron
266,11_epo,83.0,76.95002001092493,pieron
267,11_epo,84.0,76.8582817618961,pieron
268,11_epo,85.0,76.76773663325436,pieron
269,11_epo,86.0,76.6783553419121,pieron
270,11_epo,87.0,76.59010965353973,pieron
271,11_epo,88.0,76.50297233345414,pieron
272,11_epo,89.0,76.41691710033557,pieron
273,11_epo,90.0,76.3319185825803,pieron
274,11_epo,91.0,76.24795227711178,pieron
275,11_epo,92.0,76.16499451048603,pieron
276,11_epo,93.0,76.08302240214036,pieron
277,11_epo,94.0,76.00201382964568,pieron
278,11_epo,95.0,75.92194739583297,pieron
279,12_epo,3.0,70.61108918320075,pieron
280,12_epo,4.0,70.61108918320075,pieron
281,12_epo,5.0,70.61108918320073,pieron
282,12_epo,6.0,70.61108918320073,pieron
283,12_epo,7.000000000000001,70.61108918320073,pieron
284,12_epo,8.0,70.61108918320073,pieron
285,12_epo,9.0,70.61108918320072,pieron
286,12_epo,10.0,70.61108918320072,pieron
287,12_epo,11.0,70.61108918320072,pieron
288,12_epo,12.0,70.61108918320072,pieron
289,12_epo,13.0,70.61108918320072,pieron
290,12_epo,14.000000000000002,70.61108918320072,pieron
291,12_epo,15.0,70.61108918320069,pieron
292,12_epo,16.0,70.61108918320069,pieron
293,12_epo,17.0,70.61108918320069,pieron
294,12_epo,18.0,70.61108918320069,pieron
295,12_epo,19.0,70.61108918320069,pieron
296,12_epo,20.0,70.61108918320069,pieron
297,12_epo,21.0,70.61108918320069,pieron
298,12_epo,22.0,70.61108918320069,pieron
299,12_epo,23.0,70.61108918320069,pieron
300,12_epo,24.0,70.61108918320069,pieron
301,12_epo,25.0,70.61108918320068,pieron
302,12_epo,26.0,70.61108918320068,pieron
303,12_epo,27.0,70.61108918320068,pieron
304,12_epo,28.000000000000004,70.61108918320068,pieron
305,12_epo,28.999999999999996,70.61108918320068,pieron
306,12_epo,30.0,70.61108918320068,pieron
307,12_epo,31.0,70.61108918320068,pieron
308,12_epo,32.0,70.61108918320068,pieron
309,12_epo,33.0,70.61108918320068,pieron
310,12_epo,34.0,70.61108918320068,pieron
311,12_epo,35.0,70.61108918320068,pieron
312,12_epo,36.0,70.61108918320068,pieron
313,12_epo,37.0,70.61108918320068,pieron
314,12_epo,38.0,70.61108918320068,pieron
315,12_epo,39.0,70.61108918320068,pieron
316,12_epo,40.0,70.61108918320068,pieron
317,12_epo,41.0,70.61108918320068,pieron
318,12_epo,42.0,70.61108918320068,pieron
319,12_epo,43.0,70.61108918320068,pieron
320,12_epo,44.0,70.61108918320066,pieron
321,12_epo,45.0,70.61108918320066,pieron
322,12_epo,46.0,70.61108918320066,pieron
323,12_epo,47.0,70.61108918320066,pieron
324,12_epo,48.0,70.61108918320066,pieron
325,12_epo,49.0,70.61108918320066,pieron
326,12_epo,50.0,70.61108918320066,pieron
327,12_epo,51.0,70.61108918320066,pieron
328,12_epo,52.0,70.61108918320066,pieron
329,12_epo,53.0,70.61108918320066,pieron
330,12_epo,54.0,70.61108918320066,pieron
331,12_epo,55.00000000000001,70.61108918320066,pieron
332,12_epo,56.00000000000001,70.61108918320066,pieron
333,12_epo,56.99999999999999,70.61108918320066,pieron
334,12_epo,57.99999999999999,70.61108918320066,pieron
335,12_epo,59.0,70.61108918320066,pieron
336,12_epo,60.0,70.61108918320066,pieron
337,12_epo,61.0,70.61108918320066,pieron
338,12_epo,62.0,70.61108918320066,pieron
339,12_epo,63.0,70.61108918320066,pieron
340,12_epo,64.0,70.61108918320066,pieron
341,12_epo,65.0,70.61108918320066,pieron
342,12_epo,66.0,70.61108918320066,pieron
343,12_epo,67.0,70.61108918320066,pieron
344,12_epo,68.0,70.61108918320066,pieron
345,12_epo,69.0,70.61108918320066,pieron
346,12_epo,70.0,70.61108918320066,pieron
347,12_epo,71.0,70.61108918320066,pieron
348,12_epo,72.0,70.61108918320066,pieron
349,12_epo,73.0,70.61108918320066,pieron
350,12_epo,74.0,70.61108918320066,pieron
351,12_epo,75.0,70.61108918320066,pieron
352,12_epo,76.0,70.61108918320065,pieron
353,12_epo,77.0,70.61108918320065,pieron
354,12_epo,78.0,70.61108918320065,pieron
355,12_epo,79.0,70.61108918320065,pieron
356,12_epo,80.0,70.61108918320065,pieron
357,12_epo,81.0,70.61108918320065,pieron
358,12_epo,82.0,70.61108918320065,pieron
359,12_epo,83.0,70.61108918320065,pieron
360,12_epo,84.0,70.61108918320065,pieron
361,12_epo,85.0,70.61108918320065,pieron
362,12_epo,86.0,70.61108918320065,pieron
363,12_epo,87.0,70.61108918320065,pieron
364,12_epo,88.0,70.61108918320065,pieron
365,12_epo,89.0,70.61108918320065,pieron
366,12_epo,90.0,70.61108918320065,pieron
367,12_epo,91.0,70.61108918320065,pieron
368,12_epo,92.0,70.61108918320065,pieron
369,12_epo,93.0,70.61108918320065,pieron
370,12_epo,94.0,70.61108918320065,pieron
371,12_epo,95.0,70.61108918320065,pieron
372,13_epo,3.0,70.72792501840567,pieron
373,13_epo,4.0,70.38187783050594,pieron
374,13_epo,5.0,70.11462915905041,pieron
375,13_epo,6.0,69.89702456133868,pieron
376,13_epo,7.000000000000001,69.71356946513409,pieron
377,13_epo,8.0,69.55504268097509,pieron
378,13_epo,9.0,69.41551139476415,pieron
379,13_epo,10.0,69.29093360456926,pieron
380,13_epo,11.0,69.17843189898163,pieron
381,13_epo,12.0,69.07588539119443,pieron
382,13_epo,13.0,68.98168598946909,pieron
383,13_epo,14.000000000000002,68.89458549639365,pieron
384,13_epo,15.0,68.81359573412009,pieron
385,13_epo,16.0,68.73792105977813,pieron
386,13_epo,17.0,68.66691143431851,pieron
387,13_epo,18.0,68.60002896501042,pieron
388,13_epo,19.0,68.53682353243609,pieron
389,13_epo,20.0,68.47691469495678,pieron
390,13_epo,21.0,68.41997802589829,pieron
391,13_epo,22.0,68.36573464158177,pieron
392,13_epo,23.0,68.31394306608462,pieron
393,13_epo,24.0,68.26439283392071,pieron
394,13_epo,25.0,68.21689940349677,pieron
395,13_epo,26.0,68.17130007184198,pieron
396,13_epo,27.0,68.12745066312492,pieron
397,13_epo,28.000000000000004,68.08522282155909,pieron
398,13_epo,28.999999999999996,68.04450178103244,pieron
399,13_epo,30.0,68.00518451418083,pieron
400,13_epo,31.0,67.96717818601766,pieron
401,13_epo,32.0,67.93039885392322,pieron
402,13_epo,33.0,67.89477036836618,pieron
403,13_epo,34.0,67.86022343829282,pieron
404,13_epo,35.0,67.82669483245606,pieron
405,13_epo,36.0,67.7941266936374,pieron
406,13_epo,37.0,67.76246594714691,pieron
407,13_epo,38.0,67.73166378847073,pieron
408,13_epo,39.0,67.70167523769345,pieron
409,13_epo,40.0,67.67245875052225,pieron
410,13_epo,41.0,67.64397587750165,pieron
411,13_epo,42.0,67.61619096443086,pieron
412,13_epo,43.0,67.58907088814956,pieron
413,13_epo,44.0,67.56258482279904,pieron
414,13_epo,45.0,67.53670403243765,pieron
415,13_epo,46.0,67.51140168652503,pieron
416,13_epo,47.0,67.48665269531539,pieron
417,13_epo,48.0,67.4624335626379,pieron
418,13_epo,49.0,67.43872225390682,pieron
419,13_epo,50.0,67.4154980775098,pieron
420,13_epo,51.0,67.39274157798054,pieron
421,13_epo,52.0,67.37043443957859,pieron
422,13_epo,53.0,67.3485593990836,pieron
423,13_epo,54.0,67.32710016676768,pieron
424,13_epo,55.00000000000001,67.30604135464267,pieron
425,13_epo,56.00000000000001,67.28536841119403,pieron
426,13_epo,56.99999999999999,67.26506756190993,pieron
427,13_epo,57.99999999999999,67.2451257549997,pieron
428,13_epo,59.0,67.22553061176734,pieron
429,13_epo,60.0,67.20627038116965,pieron
430,13_epo,61.0,67.18733389814275,pieron
431,13_epo,62.0,67.1687105453281,pieron
432,13_epo,63.0,67.15039021787089,pieron
433,13_epo,64.0,67.13236329099982,pieron
434,13_epo,65.0,67.11462059012833,pieron
435,13_epo,66.0,67.09715336324616,pieron
436,13_epo,67.0,67.07995325539376,pieron
437,13_epo,68.0,67.06301228503374,pieron
438,13_epo,69.0,67.04632282215312,pieron
439,13_epo,70.0,67.0298775679461,pieron
440,13_epo,71.0,67.01366953594285,pieron
441,13_epo,72.0,66.9976920344622,pieron
442,13_epo,73.0,66.98193865027888,pieron
443,13_epo,74.0,66.96640323340523,pieron
444,13_epo,75.0,66.95107988289817,pieron
445,13_epo,76.0,66.93596293360892,pieron
446,13_epo,77.0,66.92104694380184,pieron
447,13_epo,78.0,66.90632668357482,pieron
448,13_epo,79.0,66.8917971240195,pieron
449,13_epo,80.0,66.87745342706587,pieron
450,13_epo,81.0,66.86329093595941,pieron
451,13_epo,82.0,66.84930516632471,pieron
452,13_epo,83.0,66.83549179777245,pieron
453,13_epo,84.0,66.82184666601049,pieron
454,13_epo,85.0,66.80836575542362,pieron
455,13_epo,86.0,66.79504519208847,pieron
456,13_epo,87.0,66.78188123719369,pieron
457,13_epo,88.0,66.76887028083725,pieron
458,13_epo,89.0,66.75600883617562,pieron
459,13_epo,90.0,66.74329353390051,pieron
460,13_epo,91.0,66.73072111702226,pieron
461,13_epo,92.0,66.71828843593882,pieron
462,13_epo,93.0,66.70599244377247,pieron
463,13_epo,94.0,66.69383019195669,pieron
464,13_epo,95.0,66.6817988260572,pieron
465,14_epo,3.0,57.05847040979601,pieron
466,14_epo,4.0,56.80940777531297,pieron
467,14_epo,5.0,56.61696871585868,pieron
468,14_epo,6.0,56.460218559447135,pieron
469,14_epo,7.000000000000001,56.328026816323316,pieron
470,14_epo,8.0,56.21376731957145,pieron
471,14_epo,9.0,56.113175697737276,pieron
472,14_epo,10.0,56.02334596270491,pieron
473,14_epo,11.0,55.94220897254932,pieron
474,14_epo,12.0,55.8682393146181,pieron
475,14_epo,13.0,55.800280198839936,pieron
476,14_epo,14.000000000000002,55.73743358752935,pieron
477,14_epo,15.0,55.678988416781,pieron
478,14_epo,16.0,55.62437208916162,pieron
479,14_epo,17.0,55.57311673547092,pieron
480,14_epo,18.0,55.52483515953107,pieron
481,14_epo,19.0,55.47920331247432,pieron
482,14_epo,20.0,55.43594727949084,pieron
483,14_epo,21.0,55.394833453308955,pieron
484,14_epo,22.0,55.35566100184373,pieron
485,14_epo,23.0,55.31825601607934,pieron
486,14_epo,24.0,55.28246690772293,pieron
487,14_epo,25.0,55.24816074954468,pieron
488,14_epo,26.0,55.21522033587506,pieron
489,14_epo,27.0,55.18354179968616,pieron
490,14_epo,28.000000000000004,55.153032664442,pieron
491,14_epo,28.999999999999996,55.123610238906736,pieron
492,14_epo,30.0,55.09520028494609,pieron
493,14_epo,31.0,55.06773590445873,pieron
494,14_epo,32.0,55.04115660357578,pieron
495,14_epo,33.0,55.015407501306996,pieron
496,14_epo,34.0,54.9904386566884,pieron
497,14_epo,35.0,54.966204493763406,pieron
498,14_epo,36.0,54.94266330781591,pieron
499,14_epo,37.0,54.91977683946126,pieron
500,14_epo,38.0,54.897509905707665,pieron
501,14_epo,39.0,54.8758300790852,pieron
502,14_epo,40.0,54.85470740752076,pieron
503,14_epo,41.0,54.834114168906275,pieron
504,14_epo,42.0,54.814024655330385,pieron
505,14_epo,43.0,54.79441498277497,pieron
506,14_epo,44.0,54.7752629227541,pieron
507,14_epo,45.0,54.75654775292952,pieron
508,14_epo,46.0,54.7382501241932,pieron
509,14_epo,47.0,54.720351942086694,pieron
510,14_epo,48.0,54.702836260741584,pieron
511,14_epo,49.0,54.685687187787806,pieron
512,14_epo,50.0,54.66888979889697,pieron
513,14_epo,51.0,54.652430060812996,pieron
514,14_epo,52.0,54.63629476187848,pieron
515,14_epo,53.0,54.62047144919813,pieron
516,14_epo,54.0,54.604948371692714,pieron
517,14_epo,55.00000000000001,54.58971442839369,pieron
518,14_epo,56.00000000000001,54.5747591214101,pieron
519,14_epo,56.99999999999999,54.56007251307053,pieron
520,14_epo,57.99999999999999,54.545645186803384,pieron
521,14_epo,59.0,54.5314682113707,pieron
522,14_epo,60.0,54.51753310811705,pieron
523,14_epo,61.0,54.503831820933144,pieron
524,14_epo,62.0,54.49035668866907,pieron
525,14_epo,63.0,54.47710041976103,pieron
526,14_epo,64.0,54.46405606886222,pieron
527,14_epo,65.0,54.45121701529067,pieron
528,14_epo,66.0,54.43857694312745,pieron
529,14_epo,67.0,54.426129822815575,pieron
530,14_epo,68.0,54.413869894126336,pieron
531,14_epo,69.0,54.40179165037259,pieron
532,14_epo,70.0,54.38988982376127,pieron
533,14_epo,71.0,54.37815937178793,pieron
534,14_epo,72.0,54.36659546458554,pieron
535,14_epo,73.0,54.35519347314846,pieron
536,14_epo,74.0,54.343948958359945,pieron
537,14_epo,75.0,54.33285766075825,pieron
538,14_epo,76.0,54.321915490982576,pieron
539,14_epo,77.0,54.3111185208453,pieron
540,14_epo,78.0,54.30046297498199,pieron
541,14_epo,79.0,54.28994522303487,pieron
542,14_epo,80.0,54.279561772329316,pieron
543,14_epo,81.0,54.2693092610067,pieron
544,14_epo,82.0,54.25918445157972,pieron
545,14_epo,83.0,54.24918422487956,pieron
546,14_epo,84.0,54.239305574366554,pieron
547,14_epo,85.0,54.22954560077851,pieron
548,14_epo,86.0,54.219901507092985,pieron
549,14_epo,87.0,54.21037059378161,pieron
550,14_epo,88.0,54.20095025433638,pieron
551,14_epo,89.0,54.191637971049545,pieron
552,14_epo,90.0,54.182431311029916,pieron
553,14_epo,91.0,54.1733279224399,pieron
554,14_epo,92.0,54.164325530938854,pieron
555,14_epo,93.0,54.15542193631923,pieron
556,14_epo,94.0,54.14661500932318,pieron
557,14_epo,95.0,54.137902688628,pieron
558,15_epo,3.0,72.22452136922696,pieron
559,15_epo,4.0,71.07176244183111,pieron
560,15_epo,5.0,70.1902988484537,pieron
561,15_epo,6.0,69.47821211105729,pieron
562,15_epo,7.000000000000001,68.88179038928914,pieron
563,15_epo,8.0,68.36928639231036,pieron
564,15_epo,9.0,67.92039190107211,pieron
565,15_epo,10.0,67.52134010830845,pieron
566,15_epo,11.0,67.16237397149479,pieron
567,15_epo,12.0,66.83633019139428,pieron
568,15_epo,13.0,66.53779689749409,pieron
569,15_epo,14.000000000000002,66.26258717299743,pieron
570,15_epo,15.0,66.00739631168524,pieron
571,15_epo,16.0,65.76957094063194,pieron
572,15_epo,17.0,65.54694891630851,pieron
573,15_epo,18.0,65.33774548735833,pieron
574,15_epo,19.0,65.14047057190074,pieron
575,15_epo,20.0,64.953867483388,pieron
576,15_epo,21.0,64.77686676759897,pieron
577,15_epo,22.0,64.60855089393321,pieron
578,15_epo,23.0,64.44812687944533,pieron
579,15_epo,24.0,64.29490480141699,pieron
580,15_epo,25.0,64.1482807430489,pieron
581,15_epo,26.0,64.0077231195921,pieron
582,15_epo,27.0,63.8727616125232,pieron
583,15_epo,28.000000000000004,63.74297813754019,pieron
584,15_epo,28.999999999999996,63.617999414306986,pieron
585,15_epo,30.0,63.49749080920733,pieron
586,15_epo,31.0,63.381151198409675,pieron
587,15_epo,32.0,63.26870865513863,pieron
588,15_epo,33.0,63.159916807616426,pieron
589,15_epo,34.0,63.05455174646957,pieron
590,15_epo,35.0,62.95240938517976,pieron
591,15_epo,36.0,62.853303196317825,pieron
592,15_epo,37.0,62.75706226123183,pieron
593,15_epo,38.0,62.6635295825851,pieron
594,15_epo,39.0,62.57256061841186,pieron
595,15_epo,40.0,62.48402200373959,pieron
596,15_epo,41.0,62.397790431740404,pieron
597,15_epo,42.0,62.3137516711398,pieron
598,15_epo,43.0,62.23179970047316,pieron
599,15_epo,44.0,62.15183594292854,pieron
600,15_epo,45.0,62.07376858809121,pieron
601,15_epo,46.0,61.997511989027686,pieron
602,15_epo,47.0,61.92298612490043,pieron
603,15_epo,48.0,61.85011612076118,pieron
604,15_epo,49.0,61.77883181738583,pieron
605,15_epo,50.0,61.709067385030515,pieron
606,15_epo,51.0,61.6407609758436,pieron
607,15_epo,52.0,61.573854410389494,pieron
608,15_epo,53.0,61.508292894350674,pieron
609,15_epo,54.0,61.44402476199312,pieron
610,15_epo,55.00000000000001,61.38100124342187,pieron
611,15_epo,56.00000000000001,61.319176253032,pieron
612,15_epo,56.99999999999999,61.25850619688374,pieron
613,15_epo,57.99999999999999,61.1989497970092,pieron
614,15_epo,59.0,61.140467930898545,pieron
615,15_epo,60.0,61.08302348462121,pieron
616,15_epo,61.0,61.02658121821746,pieron
617,15_epo,62.0,60.97110764215275,pieron
618,15_epo,63.0,60.91657090376293,pieron
619,15_epo,64.0,60.86294068273804,pieron
620,15_epo,65.0,60.81018809479612,pieron
621,15_epo,66.0,60.75828560279006,pieron
622,15_epo,67.0,60.70720693457102,pieron
623,15_epo,68.0,60.656927007001926,pieron
624,15_epo,69.0,60.607421855577996,pieron
625,15_epo,70.0,60.558668569165576,pieron
626,15_epo,71.0,60.51064522941974,pieron
627,15_epo,72.0,60.46333085448462,pieron
628,15_epo,73.0,60.41670534661877,pieron
629,15_epo,74.0,60.37074944342219,pieron
630,15_epo,75.0,60.32544467237239,pieron
631,15_epo,76.0,60.28077330840412,pieron
632,15_epo,77.0,60.23671833429195,pieron
633,15_epo,78.0,60.19326340361652,pieron
634,15_epo,79.0,60.150392806115626,pieron
635,15_epo,80.0,60.108091435237924,pieron
636,15_epo,81.0,60.066344757734214,pieron
637,15_epo,82.0,60.025138785134494,pieron
638,15_epo,83.0,59.98446004697254,pieron
639,15_epo,84.0,59.944295565631386,pieron
640,15_epo,85.0,59.904632832693466,pieron
641,15_epo,86.0,59.865459786688845,pieron
642,15_epo,87.0,59.82676479214381,pieron
643,15_epo,88.0,59.78853661983973,pieron
644,15_epo,89.0,59.75076442819936,pieron
645,15_epo,90.0,59.713437745724534,pieron
646,15_epo,91.0,59.67654645441461,pieron
647,15_epo,92.0,59.64008077410104,pieron
648,15_epo,93.0,59.60403124763783,pieron
649,15_epo,94.0,59.56838872689282,pieron
650,15_epo,95.0,59.5331443594881,pieron
651,16_epo,3.0,75.50213195514843,pieron
652,16_epo,4.0,75.50213195514843,pieron
653,16_epo,5.0,75.50213195514843,pieron
654,16_epo,6.0,75.50213195514843,pieron
655,16_epo,7.000000000000001,75.50213195514843,pieron
656,16_epo,8.0,75.50213195514843,pieron
657,16_epo,9.0,75.50213195514843,pieron
658,16_epo,10.0,75.50213195514843,pieron
659,16_epo,11.0,75.50213195514843,pieron
660,16_epo,12.0,75.50213195514843,pieron
661,16_epo,13.0,75.50213195514843,pieron
662,16_epo,14.000000000000002,75.50213195514843,pieron
663,16_epo,15.0,75.50213195514843,pieron
664,16_epo,16.0,75.50213195514843,pieron
665,16_epo,17.0,75.50213195514843,pieron
666,16_epo,18.0,75.50213195514843,pieron
667,16_epo,19.0,75.50213195514843,pieron
668,16_epo,20.0,75.50213195514843,pieron
669,16_epo,21.0,75.50213195514843,pieron
670,16_epo,22.0,75.50213195514843,pieron
671,16_epo,23.0,75.50213195514843,pieron
672,16_epo,24.0,75.50213195514843,pieron
673,16_epo,25.0,75.50213195514843,pieron
674,16_epo,26.0,75.50213195514843,pieron
675,16_epo,27.0,75.50213195514843,pieron
676,16_epo,28.000000000000004,75.50213195514843,pieron
677,16_epo,28.999999999999996,75.50213195514843,pieron
678,16_epo,30.0,75.50213195514843,pieron
679,16_epo,31.0,75.50213195514843,pieron
680,16_epo,32.0,75.50213195514843,pieron
681,16_epo,33.0,75.50213195514843,pieron
682,16_epo,34.0,75.50213195514843,pieron
683,16_epo,35.0,75.50213195514843,pieron
684,16_epo,36.0,75.50213195514843,pieron
685,16_epo,37.0,75.50213195514843,pieron
686,16_epo,38.0,75.50213195514843,pieron
687,16_epo,39.0,75.50213195514843,pieron
688,16_epo,40.0,75.50213195514843,pieron
689,16_epo,41.0,75.50213195514843,pieron
690,16_epo,42.0,75.50213195514843,pieron
691,16_epo,43.0,75.50213195514843,pieron
692,16_epo,44.0,75.50213195514843,pieron
693,16_epo,45.0,75.50213195514843,pieron
694,16_epo,46.0,75.50213195514843,pieron
695,16_epo,47.0,75.50213195514843,pieron
696,16_epo,48.0,75.50213195514843,pieron
697,16_epo,49.0,75.50213195514843,pieron
698,16_epo,50.0,75.50213195514843,pieron
699,16_epo,51.0,75.50213195514843,pieron
700,16_epo,52.0,75.50213195514843,pieron
701,16_epo,53.0,75.50213195514843,pieron
702,16_epo,54.0,75.50213195514843,pieron
703,16_epo,55.00000000000001,75.50213195514843,pieron
704,16_epo,56.00000000000001,75.50213195514843,pieron
705,16_epo,56.99999999999999,75.50213195514843,pieron
706,16_epo,57.99999999999999,75.50213195514843,pieron
707,16_epo,59.0,75.50213195514843,pieron
708,16_epo,60.0,75.50213195514843,pieron
709,16_epo,61.0,75.50213195514843,pieron
710,16_epo,62.0,75.50213195514843,pieron
711,16_epo,63.0,75.50213195514843,pieron
712,16_epo,64.0,75.50213195514843,pieron
713,16_epo,65.0,75.50213195514843,pieron
714,16_epo,66.0,75.50213195514843,pieron
715,16_epo,67.0,75.50213195514843,pieron
716,16_epo,68.0,75.50213195514843,pieron
717,16_epo,69.0,75.50213195514843,pieron
718,16_epo,70.0,75.50213195514843,pieron
719,16_epo,71.0,75.50213195514843,pieron
720,16_epo,72.0,75.50213195514843,pieron
721,16_epo,73.0,75.50213195514843,pieron
722,16_epo,74.0,75.50213195514843,pieron
723,16_epo,75.0,75.50213195514843,pieron
724,16_epo,76.0,75.50213195514843,pieron
725,16_epo,77.0,75.50213195514843,pieron
726,16_epo,78.0,75.50213195514843,pieron
727,16_epo,79.0,75.50213195514843,pieron
728,16_epo,80.0,75.50213195514843,pieron
729,16_epo,81.0,75.50213195514843,pieron
730,16_epo,82.0,75.50213195514843,pieron
731,16_epo,83.0,75.50213195514843,pieron
732,16_epo,84.0,75.50213195514843,pieron
733,16_epo,85.0,75.50213195514843,pieron
734,16_epo,86.0,75.50213195514843,pieron
735,16_epo,87.0,75.50213195514843,pieron
736,16_epo,88.0,75.50213195514843,pieron
737,16_epo,89.0,75.50213195514843,pieron
738,16_epo,90.0,75.50213195514843,pieron
739,16_epo,91.0,75.50213195514843,pieron
740,16_epo,92.0,75.50213195514843,pieron
741,16_epo,93.0,75.50213195514843,pieron
742,16_epo,94.0,75.50213195514843,pieron
743,16_epo,95.0,75.50213195514843,pieron
744,17_epo,3.0,73.99224689792679,pieron
745,17_epo,4.0,73.99224689792679,pieron
746,17_epo,5.0,73.99224689792679,pieron
747,17_epo,6.0,73.99224689792679,pieron
748,17_epo,7.000000000000001,73.99224689792679,pieron
749,17_epo,8.0,73.99224689792679,pieron
750,17_epo,9.0,73.99224689792679,pieron
751,17_epo,10.0,73.99224689792679,pieron
752,17_epo,11.0,73.99224689792679,pieron
753,17_epo,12.0,73.99224689792679,pieron
754,17_epo,13.0,73.99224689792679,pieron
755,17_epo,14.000000000000002,73.99224689792679,pieron
756,17_epo,15.0,73.99224689792679,pieron
757,17_epo,16.0,73.99224689792679,pieron
758,17_epo,17.0,73.99224689792679,pieron
759,17_epo,18.0,73.99224689792679,pieron
760,17_epo,19.0,73.99224689792679,pieron
761,17_epo,20.0,73.99224689792679,pieron
762,17_epo,21.0,73.99224689792679,pieron
763,17_epo,22.0,73.99224689792679,pieron
764,17_epo,23.0,73.99224689792679,pieron
765,17_epo,24.0,73.99224689792679,pieron
766,17_epo,25.0,73.99224689792679,pieron
767,17_epo,26.0,73.99224689792679,pieron
768,17_epo,27.0,73.99224689792679,pieron
769,17_epo,28.000000000000004,73.99224689792679,pieron
770,17_epo,28.999999999999996,73.99224689792679,pieron
771,17_epo,30.0,73.99224689792679,pieron
772,17_epo,31.0,73.99224689792679,pieron
773,17_epo,32.0,73.99224689792679,pieron
774,17_epo,33.0,73.99224689792679,pieron
775,17_epo,34.0,73.99224689792679,pieron
776,17_epo,35.0,73.99224689792679,pieron
777,17_epo,36.0,73.99224689792679,pieron
778,17_epo,37.0,73.99224689792679,pieron
779,17_epo,38.0,73.99224689792679,pieron
780,17_epo,39.0,73.99224689792679,pieron
781,17_epo,40.0,73.99224689792679,pieron
782,17_epo,41.0,73.99224689792679,pieron
783,17_epo,42.0,73.99224689792679,pieron
784,17_epo,43.0,73.99224689792679,pieron
785,17_epo,44.0,73.99224689792679,pieron
786,17_epo,45.0,73.99224689792679,pieron
787,17_epo,46.0,73.99224689792679,pieron
788,17_epo,47.0,73.99224689792679,pieron
789,17_epo,48.0,73.99224689792679,pieron
790,17_epo,49.0,73.99224689792679,pieron
791,17_epo,50.0,73.99224689792679,pieron
792,17_epo,51.0,73.99224689792679,pieron
793,17_epo,52.0,73.99224689792679,pieron
794,17_epo,53.0,73.99224689792679,pieron
795,17_epo,54.0,73.99224689792679,pieron
796,17_epo,55.00000000000001,73.99224689792679,pieron
797,17_epo,56.00000000000001,73.99224689792679,pieron
798,17_epo,56.99999999999999,73.99224689792679,pieron
799,17_epo,57.99999999999999,73.99224689792679,pieron
800,17_epo,59.0,73.99224689792679,pieron
801,17_epo,60.0,73.99224689792679,pieron
802,17_epo,61.0,73.99224689792679,pieron
803,17_epo,62.0,73.99224689792679,pieron
804,17_epo,63.0,73.99224689792679,pieron
805,17_epo,64.0,73.99224689792679,pieron
806,17_epo,65.0,73.99224689792679,pieron
807,17_epo,66.0,73.99224689792679,pieron
808,17_epo,67.0,73.99224689792679,pieron
809,17_epo,68.0,73.99224689792679,pieron
810,17_epo,69.0,73.99224689792679,pieron
811,17_epo,70.0,73.99224689792679,pieron
812,17_epo,71.0,73.99224689792679,pieron
813,17_epo,72.0,73.99224689792679,pieron
814,17_epo,73.0,73.99224689792679,pieron
815,17_epo,74.0,73.99224689792679,pieron
816,17_epo,75.0,73.99224689792679,pieron
817,17_epo,76.0,73.99224689792679,pieron
818,17_epo,77.0,73.99224689792679,pieron
819,17_epo,78.0,73.99224689792679,pieron
820,17_epo,79.0,73.99224689792679,pieron
821,17_epo,80.0,73.99224689792679,pieron
822,17_epo,81.0,73.99224689792679,pieron
823,17_epo,82.0,73.99224689792679,pieron
824,17_epo,83.0,73.99224689792679,pieron
825,17_epo,84.0,73.99224689792679,pieron
826,17_epo,85.0,73.99224689792679,pieron
827,17_epo,86.0,73.99224689792679,pieron
828,17_epo,87.0,73.99224689792679,pieron
829,17_epo,88.0,73.99224689792679,pieron
830,17_epo,89.0,73.99224689792679,pieron
831,17_epo,90.0,73.99224689792679,pieron
832,17_epo,91.0,73.99224689792679,pieron
833,17_epo,92.0,73.99224689792679,pieron
834,17_epo,93.0,73.99224689792679,pieron
835,17_epo,94.0,73.99224689792679,pieron
836,17_epo,95.0,73.99224689792679,pieron
837,18_epo,3.0,77.57354617601457,pieron
838,18_epo,4.0,76.93689988082353,pieron
839,18_epo,5.0,76.44667905433745,pieron
840,18_epo,6.0,76.04845906178268,pieron
841,18_epo,7.000000000000001,75.71338765404867,pieron
842,18_epo,8.0,75.424329160504,pieron
843,18_epo,9.0,75.17027765129818,pieron
844,18_epo,10.0,74.94374601983297,pieron
845,18_epo,11.0,74.7394113861444,pieron
846,18_epo,12.0,74.55335498713902,pieron
847,18_epo,13.0,74.38260873093128,pieron
848,18_epo,14.000000000000002,74.22487104525482,pieron
849,18_epo,15.0,74.07832145504041,pieron
850,18_epo,16.0,73.94149540888887,pieron
851,18_epo,17.0,73.81319730285381,pieron
852,18_epo,18.0,73.69243852352248,pieron
853,18_epo,19.0,73.5783923471694,pieron
854,18_epo,20.0,73.47036047822347,pieron
855,18_epo,21.0,73.36774780105343,pieron
856,18_epo,22.0,73.2700430402439,pieron
857,18_epo,23.0,73.1768037451775,pieron
858,18_epo,24.0,73.08764448892798,pieron
859,18_epo,25.0,73.00222749012993,pieron
860,18_epo,26.0,72.92025508473981,pieron
861,18_epo,27.0,72.8414636266866,pieron
862,18_epo,28.000000000000004,72.76561850406257,pieron
863,18_epo,28.999999999999996,72.69251003481516,pieron
864,18_epo,30.0,72.62195006216031,pieron
865,18_epo,31.0,72.55376911138072,pieron
866,18_epo,32.0,72.48781400054813,pieron
867,18_epo,33.0,72.42394582095552,pieron
868,18_epo,34.0,72.36203822071755,pieron
869,18_epo,35.0,72.30197593855645,pieron
870,18_epo,36.0,72.24365354528334,pieron
871,18_epo,37.0,72.18697435866697,pieron
872,18_epo,38.0,72.13184950381458,pieron
873,18_epo,39.0,72.07819709627773,pieron
874,18_epo,40.0,72.02594152915194,pieron
875,18_epo,41.0,71.97501284868994,pieron
876,18_epo,42.0,71.92534620556985,pieron
877,18_epo,43.0,71.87688137108671,pieron
878,18_epo,44.0,71.82956230926962,pieron
879,18_epo,45.0,71.78333679734833,pieron
880,18_epo,46.0,71.73815608816275,pieron
881,18_epo,47.0,71.69397460907817,pieron
882,18_epo,48.0,71.65074969277272,pieron
883,18_epo,49.0,71.60844133593567,pieron
884,18_epo,50.0,71.56701198247731,pieron
885,18_epo,51.0,71.52642632832438,pieron
886,18_epo,52.0,71.48665114527435,pieron
887,18_epo,53.0,71.44765512172022,pieron
888,18_epo,54.0,71.40940871834466,pieron
889,18_epo,55.00000000000001,71.37188403712807,pieron
890,18_epo,56.00000000000001,71.33505470222399,pieron
891,18_epo,56.99999999999999,71.29889575143609,pieron
892,18_epo,57.99999999999999,71.2633835371851,pieron
893,18_epo,59.0,71.22849563598768,pieron
894,18_epo,60.0,71.19421076558503,pieron
895,18_epo,61.0,71.16050870895891,pieron
896,18_epo,62.0,71.1273702445601,pieron
897,18_epo,63.0,71.09477708214979,pieron
898,18_epo,64.0,71.06271180372143,pieron
899,18_epo,65.0,71.03115780902813,pieron
900,18_epo,66.0,71.00009926529142,pieron
901,18_epo,67.0,70.96952106071286,pieron
902,18_epo,68.0,70.93940876144843,pieron
903,18_epo,69.0,70.90974857174119,pieron
904,18_epo,70.0,70.88052729693834,pieron
905,18_epo,71.0,70.85173230914577,pieron
906,18_epo,72.0,70.82335151529811,pieron
907,18_epo,73.0,70.79537332744297,pieron
908,18_epo,74.0,70.76778663505829,pieron
909,18_epo,75.0,70.74058077923789,pieron
910,18_epo,76.0,70.71374552859635,pieron
911,18_epo,77.0,70.68727105675734,pieron
912,18_epo,78.0,70.6611479213028,pieron
913,18_epo,79.0,70.63536704407026,pieron
914,18_epo,80.0,70.60991969269638,pieron
915,18_epo,81.0,70.58479746331328,pieron
916,18_epo,82.0,70.55999226431251,pieron
917,18_epo,83.0,70.53549630109842,pieron
918,18_epo,84.0,70.51130206175966,pieron
919,18_epo,85.0,70.48740230359348,pieron
920,18_epo,86.0,70.4637900404223,pieron
921,18_epo,87.0,70.44045853064763,pieron
922,18_epo,88.0,70.41740126599046,pieron
923,18_epo,89.0,70.39461196087143,pieron
924,18_epo,90.0,70.37208454238754,pieron
925,18_epo,91.0,70.34981314084582,pieron
926,18_epo,92.0,70.32779208081713,pieron
927,18_epo,93.0,70.30601587267634,pieron
928,18_epo,94.0,70.28447920459732,pieron
929,18_epo,95.0,70.26317693497415,pieron
930,19_epo,3.0,75.72270327829793,pieron
931,19_epo,4.0,75.0613275452363,pieron
932,19_epo,5.0,74.55230534145409,pieron
933,19_epo,6.0,74.13896739812529,pieron
934,19_epo,7.000000000000001,73.79128353686704,pieron
935,19_epo,8.0,73.49142429957585,pieron
936,19_epo,9.0,73.22794129304097,pieron
937,19_epo,10.0,72.99304826521225,pieron
938,19_epo,11.0,72.7812108252384,pieron
939,19_epo,12.0,72.58835526062896,pieron
940,19_epo,13.0,72.41139664645847,pieron
941,19_epo,14.000000000000002,72.24794318685574,pieron
942,19_epo,15.0,72.096103314493,pieron
943,19_epo,16.0,71.95435548785544,pieron
944,19_epo,17.0,71.821457732744,pieron
945,19_epo,18.0,71.69638321288718,pieron
946,19_epo,19.0,71.57827333480755,pieron
947,19_epo,20.0,71.46640295890393,pieron
948,19_epo,21.0,71.36015415240072,pieron
949,19_epo,22.0,71.25899608651322,pieron
950,19_epo,23.0,71.1624694300075,pieron
951,19_epo,24.0,71.07017408468135,pieron
952,19_epo,25.0,70.9817594397948,pieron
953,19_epo,26.0,70.89691654950614,pieron
954,19_epo,27.0,70.81537179555365,pieron
955,19_epo,28.000000000000004,70.73688170938613,pieron
956,19_epo,28.999999999999996,70.66122870834629,pieron
957,19_epo,30.0,70.58821755901285,pieron
958,19_epo,31.0,70.51767242390083,pieron
959,19_epo,32.0,70.44943437982265,pieron
960,19_epo,33.0,70.38335932038049,pieron
961,19_epo,34.0,70.31931617343375,pieron
962,19_epo,35.0,70.25718537848,pieron
963,19_epo,36.0,70.19685757979478,pieron
964,19_epo,37.0,70.13823249968058,pieron
965,19_epo,38.0,70.08121796286036,pieron
966,19_epo,39.0,70.02572904834038,pieron
967,19_epo,40.0,69.97168734928132,pieron
968,19_epo,41.0,69.91902032479514,pieron
969,19_epo,42.0,69.86766073030972,pieron
970,19_epo,43.0,69.81754611535355,pieron
971,19_epo,44.0,69.76861837941361,pieron
972,19_epo,45.0,69.72082337799736,pieron
973,19_epo,46.0,69.67411057224479,pieron
974,19_epo,47.0,69.62843271644296,pieron
975,19_epo,48.0,69.5837455786314,pieron
976,19_epo,49.0,69.54000769018377,pieron
977,19_epo,50.0,69.49718012083638,pieron
978,19_epo,51.0,69.45522627612429,pieron
979,19_epo,52.0,69.41411171460219,pieron
980,19_epo,53.0,69.37380398257662,pieron
981,19_epo,54.0,69.33427246437687,pieron
982,19_epo,55.00000000000001,69.29548824644434,pieron
983,19_epo,56.00000000000001,69.25742399373969,pieron
984,19_epo,56.99999999999999,69.22005383715279,pieron
985,19_epo,57.99999999999999,69.18335327076181,pieron
986,19_epo,59.0,69.14729905792606,pieron
987,19_epo,60.0,69.11186914531746,pieron
988,19_epo,61.0,69.07704258409946,pieron
989,19_epo,62.0,69.0427994575523,pieron
990,19_epo,63.0,69.00912081452321,pieron
991,19_epo,64.0,68.97598860814786,pieron
992,19_epo,65.0,68.94338563935048,pieron
993,19_epo,66.0,68.91129550468314,pieron
994,19_epo,67.0,68.87970254810975,pieron
995,19_epo,68.0,68.84859181638362,pieron
996,19_epo,69.0,68.81794901770108,pieron
997,19_epo,70.0,68.7877604833478,pieron
998,19_epo,71.0,68.7580131320814,pieron
999,19_epo,72.0,68.72869443701971,pieron
1000,19_epo,73.0,68.69979239482612,pieron
1001,19_epo,74.0,68.67129549700398,pieron
1002,19_epo,75.0,68.64319270312883,pieron
1003,19_epo,76.0,68.61547341586407,pieron
1004,19_epo,77.0,68.58812745761936,pieron
1005,19_epo,78.0,68.56114504872384,pieron
1006,19_epo,79.0,68.53451678699811,pieron
1007,19_epo,80.0,68.5082336286184,pieron
1008,19_epo,81.0,68.48228687017674,pieron
1009,19_epo,82.0,68.45666813184808,pieron
1010,19_epo,83.0,68.4313693415837,pieron
1011,19_epo,84.0,68.40638272025704,pieron
1012,19_epo,85.0,68.3817007676934,pieron
1013,19_epo,86.0,68.3573162495217,pieron
1014,19_epo,87.0,68.33322218479086,pieron
1015,19_epo,88.0,68.30941183429786,pieron
1016,19_epo,89.0,68.28587868957935,pieron
1017,19_epo,90.0,68.26261646252183,pieron
1018,19_epo,91.0,68.23961907554946,pieron
1019,19_epo,92.0,68.21688065235092,pieron
1020,19_epo,93.0,68.19439550911099,pieron
1021,19_epo,94.0,68.17215814621346,pieron
1022,19_epo,95.0,68.15016324038588,pieron
1023,1_epo,3.0,78.633887614678,pieron
1024,1_epo,4.0,78.633887614678,pieron
1025,1_epo,5.0,78.633887614678,pieron
1026,1_epo,6.0,78.633887614678,pieron
1027,1_epo,7.000000000000001,78.633887614678,pieron
1028,1_epo,8.0,78.633887614678,pieron
1029,1_epo,9.0,78.633887614678,pieron
1030,1_epo,10.0,78.633887614678,pieron
1031,1_epo,11.0,78.633887614678,pieron
1032,1_epo,12.0,78.633887614678,pieron
1033,1_epo,13.0,78.633887614678,pieron
1034,1_epo,14.000000000000002,78.633887614678,pieron
1035,1_epo,15.0,78.633887614678,pieron
1036,1_epo,16.0,78.633887614678,pieron
1037,1_epo,17.0,78.633887614678,pieron
1038,1_epo,18.0,78.633887614678,pieron
1039,1_epo,19.0,78.633887614678,pieron
1040,1_epo,20.0,78.633887614678,pieron
1041,1_epo,21.0,78.633887614678,pieron
1042,1_epo,22.0,78.633887614678,pieron
1043,1_epo,23.0,78.633887614678,pieron
1044,1_epo,24.0,78.633887614678,pieron
1045,1_epo,25.0,78.633887614678,pieron
1046,1_epo,26.0,78.633887614678,pieron
1047,1_epo,27.0,78.633887614678,pieron
1048,1_epo,28.000000000000004,78.633887614678,pieron
1049,1_epo,28.999999999999996,78.633887614678,pieron
1050,1_epo,30.0,78.633887614678,pieron
1051,1_epo,31.0,78.633887614678,pieron
1052,1_epo,32.0,78.633887614678,pieron
1053,1_epo,33.0,78.633887614678,pieron
1054,1_epo,34.0,78.633887614678,pieron
1055,1_epo,35.0,78.633887614678,pieron
1056,1_epo,36.0,78.633887614678,pieron
1057,1_epo,37.0,78.633887614678,pieron
1058,1_epo,38.0,78.633887614678,pieron
1059,1_epo,39.0,78.633887614678,pieron
1060,1_epo,40.0,78.633887614678,pieron
1061,1_epo,41.0,78.633887614678,pieron
1062,1_epo,42.0,78.633887614678,pieron
1063,1_epo,43.0,78.633887614678,pieron
1064,1_epo,44.0,78.633887614678,pieron
1065,1_epo,45.0,78.633887614678,pieron
1066,1_epo,46.0,78.633887614678,pieron
1067,1_epo,47.0,78.633887614678,pieron
1068,1_epo,48.0,78.633887614678,pieron
1069,1_epo,49.0,78.633887614678,pieron
1070,1_epo,50.0,78.633887614678,pieron
1071,1_epo,51.0,78.633887614678,pieron
1072,1_epo,52.0,78.633887614678,pieron
1073,1_epo,53.0,78.633887614678,pieron
1074,1_epo,54.0,78.633887614678,pieron
1075,1_epo,55.00000000000001,78.633887614678,pieron
1076,1_epo,56.00000000000001,78.633887614678,pieron
1077,1_epo,56.99999999999999,78.633887614678,pieron
1078,1_epo,57.99999999999999,78.633887614678,pieron
1079,1_epo,59.0,78.633887614678,pieron
1080,1_epo,60.0,78.633887614678,pieron
1081,1_epo,61.0,78.633887614678,pieron
1082,1_epo,62.0,78.633887614678,pieron
1083,1_epo,63.0,78.633887614678,pieron
1084,1_epo,64.0,78.633887614678,pieron
1085,1_epo,65.0,78.633887614678,pieron
1086,1_epo,66.0,78.633887614678,pieron
1087,1_epo,67.0,78.633887614678,pieron
1088,1_epo,68.0,78.633887614678,pieron
1089,1_epo,69.0,78.633887614678,pieron
1090,1_epo,70.0,78.633887614678,pieron
1091,1_epo,71.0,78.633887614678,pieron
1092,1_epo,72.0,78.633887614678,pieron
1093,1_epo,73.0,78.633887614678,pieron
1094,1_epo,74.0,78.633887614678,pieron
1095,1_epo,75.0,78.633887614678,pieron
1096,1_epo,76.0,78.633887614678,pieron
1097,1_epo,77.0,78.633887614678,pieron
1098,1_epo,78.0,78.633887614678,pieron
1099,1_epo,79.0,78.633887614678,pieron
1100,1_epo,80.0,78.633887614678,pieron
1101,1_epo,81.0,78.633887614678,pieron
1102,1_epo,82.0,78.633887614678,pieron
1103,1_epo,83.0,78.633887614678,pieron
1104,1_epo,84.0,78.633887614678,pieron
1105,1_epo,85.0,78.633887614678,pieron
1106,1_epo,86.0,78.633887614678,pieron
1107,1_epo,87.0,78.633887614678,pieron
1108,1_epo,88.0,78.633887614678,pieron
1109,1_epo,89.0,78.633887614678,pieron
1110,1_epo,90.0,78.633887614678,pieron
1111,1_epo,91.0,78.633887614678,pieron
1112,1_epo,92.0,78.633887614678,pieron
1113,1_epo,93.0,78.633887614678,pieron
1114,1_epo,94.0,78.633887614678,pieron
1115,1_epo,95.0,78.633887614678,pieron
1116,20_epo,3.0,67.99688827025784,pieron
1117,20_epo,4.0,67.26079583747554,pieron
1118,20_epo,5.0,66.69533017852928,pieron
1119,20_epo,6.0,66.23684183994881,pieron
1120,20_epo,7.000000000000001,65.8516552960672,pieron
1121,20_epo,8.0,65.51980258579945,pieron
1122,20_epo,9.0,65.22847614725845,pieron
1123,20_epo,10.0,64.96897356449658,pieron
1124,20_epo,11.0,64.7351144088556,pieron
1125,20_epo,12.0,64.52235283904055,pieron
1126,20_epo,13.0,64.32724873078307,pieron
1127,20_epo,14.000000000000002,64.1471365484868,pieron
1128,20_epo,15.0,63.97990943927684,pieron
1129,20_epo,16.0,63.82387358685247,pieron
1130,20_epo,17.0,63.67764707801701,pieron
1131,20_epo,18.0,63.54008790600277,pieron
1132,20_epo,19.0,63.41024159195363,pieron
1133,20_epo,20.0,63.28730234524094,pieron
1134,20_epo,21.0,63.170583772372915,pieron
1135,20_epo,22.0,63.0594964514852,pieron
1136,20_epo,23.0,62.95353052920337,pieron
1137,20_epo,24.0,62.85224204899775,pieron
1138,20_epo,25.0,62.755242091150926,pieron
1139,20_epo,26.0,62.66218805844436,pieron
1140,20_epo,27.0,62.572776618581145,pieron
1141,20_epo,28.000000000000004,62.48673793953908,pieron
1142,20_epo,28.999999999999996,62.403830943910265,pieron
1143,20_epo,30.0,62.32383937365079,pieron
1144,20_epo,31.0,62.246568504801765,pieron
1145,20_epo,32.0,62.17184238759289,pieron
1146,20_epo,33.0,62.09950151432234,pieron
1147,20_epo,34.0,62.029400837914224,pieron
1148,20_epo,35.0,61.961408079782984,pieron
1149,20_epo,36.0,61.895402277801786,pieron
1150,20_epo,37.0,61.831272534658936,pieron
1151,20_epo,38.0,61.768916934340325,pieron
1152,20_epo,39.0,61.70824160037307,pieron
1153,20_epo,40.0,61.64915987416332,pieron
1154,20_epo,41.0,61.59159159552587,pieron
1155,20_epo,42.0,61.53546247053925,pieron
1156,20_epo,43.0,61.48070351432153,pieron
1157,20_epo,44.0,61.42725055832912,pieron
1158,20_epo,45.0,61.37504381342479,pieron
1159,20_epo,46.0,61.32402748131552,pieron
1160,20_epo,47.0,61.27414940808011,pieron
1161,20_epo,48.0,61.22536077443737,pieron
1162,20_epo,49.0,61.177615818181366,pieron
1163,20_epo,50.0,61.130871584860834,pieron
1164,20_epo,51.0,61.08508770332622,pieron
1165,20_epo,52.0,61.04022618322928,pieron
1166,20_epo,53.0,60.99625123195107,pieron
1167,20_epo,54.0,60.95312908876573,pieron
1168,20_epo,55.00000000000001,60.910827874331225,pieron
1169,20_epo,56.00000000000001,60.8693174538395,pieron
1170,20_epo,56.99999999999999,60.82856931236683,pieron
1171,20_epo,57.99999999999999,60.78855644114336,pieron
1172,20_epo,59.0,60.749253233615036,pieron
1173,20_epo,60.0,60.71063539030429,pieron
1174,20_epo,61.0,60.672679831591765,pieron
1175,20_epo,62.0,60.635364617641194,pieron
1176,20_epo,63.0,60.598668874777815,pieron
1177,20_epo,64.0,60.56257272770639,pieron
1178,20_epo,65.0,60.52705723702276,pieron
1179,20_epo,66.0,60.492104341530535,pieron
1180,20_epo,67.0,60.45769680492717,pieron
1181,20_epo,68.0,60.42381816646818,pieron
1182,20_epo,69.0,60.39045269525944,pieron
1183,20_epo,70.0,60.35758534786183,pieron
1184,20_epo,71.0,60.3252017289251,pieron
1185,20_epo,72.0,60.293288054594946,pieron
1186,20_epo,73.0,60.261831118462304,pieron
1187,20_epo,74.0,60.23081825984631,pieron
1188,20_epo,75.0,60.20023733422154,pieron
1189,20_epo,76.0,60.170076685618334,pieron
1190,20_epo,77.0,60.140325120840274,pieron
1191,20_epo,78.0,60.11097188535744,pieron
1192,20_epo,79.0,60.082006640746464,pieron
1193,20_epo,80.0,60.05341944355994,pieron
1194,20_epo,81.0,60.02520072551804,pieron
1195,20_epo,82.0,59.997341274924466,pieron
1196,20_epo,83.0,59.969832219216805,pieron
1197,20_epo,84.0,59.9426650085698,pieron
1198,20_epo,85.0,59.91583140047581,pieron
1199,20_epo,86.0,59.88932344523388,pieron
1200,20_epo,87.0,59.863133472283586,pieron
1201,20_epo,88.0,59.83725407732582,pieron
1202,20_epo,89.0,59.81167811017643,pieron
1203,20_epo,90.0,59.78639866330359,pieron
1204,20_epo,91.0,59.76140906100307,pieron
1205,20_epo,92.0,59.73670284916949,pieron
1206,20_epo,93.0,59.71227378562445,pieron
1207,20_epo,94.0,59.688115830965884,pieron
1208,20_epo,95.0,59.6642231399051,pieron
1209,21_epo,3.0,67.72183007798955,pieron
1210,21_epo,4.0,67.26128822288604,pieron
1211,21_epo,5.0,66.90622211193781,pieron
1212,21_epo,6.0,66.61750380520769,pieron
1213,21_epo,7.000000000000001,66.37436818148434,pieron
1214,21_epo,8.0,66.1644719135786,pieron
1215,21_epo,9.0,65.97988130305902,pieron
1216,21_epo,10.0,65.8151957943427,pieron
1217,21_epo,11.0,65.66657376738408,pieron
1218,21_epo,12.0,65.53118555901565,pieron
1219,21_epo,13.0,65.40688699241379,pieron
1220,21_epo,14.000000000000002,65.29201469904453,pieron
1221,21_epo,15.0,65.18525249979201,pieron
1222,21_epo,16.0,65.08554116739592,pieron
1223,21_epo,17.0,64.99201570270739,pieron
1224,21_epo,18.0,64.90396063886422,pieron
1225,21_epo,19.0,64.82077749525793,pieron
1226,21_epo,20.0,64.74196062364109,pieron
1227,21_epo,21.0,64.66707897787933,pieron
1228,21_epo,22.0,64.59576214620701,pieron
1229,21_epo,23.0,64.52768950392725,pieron
1230,21_epo,24.0,64.462581686143,pieron
1231,21_epo,25.0,64.4001938097552,pieron
1232,21_epo,26.0,64.34031003128594,pieron
1233,21_epo,27.0,64.28273913673588,pieron
1234,21_epo,28.000000000000004,64.22731093731838,pieron
1235,21_epo,28.999999999999996,64.17387330067886,pieron
1236,21_epo,30.0,64.12228968779272,pieron
1237,21_epo,31.0,64.0724370956422,pieron
1238,21_epo,32.0,64.02420432805462,pieron
1239,21_epo,33.0,63.97749053386469,pieron
1240,21_epo,34.0,63.93220396432264,pieron
1241,21_epo,35.0,63.888260911460925,pieron
1242,21_epo,36.0,63.84558479670882,pieron
1243,21_epo,37.0,63.80410538495544,pieron
1244,21_epo,38.0,63.76375810390769,pieron
1245,21_epo,39.0,63.72448345226658,pieron
1246,21_epo,40.0,63.686226483176235,pieron
1247,21_epo,41.0,63.648936351748496,pieron
1248,21_epo,42.0,63.61256591736262,pieron
1249,21_epo,43.0,63.57707139297538,pieron
1250,21_epo,44.0,63.54241203493161,pieron
1251,21_epo,45.0,63.50854986779307,pieron
1252,21_epo,46.0,63.47544943954869,pieron
1253,21_epo,47.0,63.44307760327091,pieron
1254,21_epo,48.0,63.41140332186409,pieron
1255,21_epo,49.0,63.380397493037016,pieron
1256,21_epo,50.0,63.35003279203823,pieron
1257,21_epo,51.0,63.320283530035454,pieron
1258,21_epo,52.0,63.29112552630944,pieron
1259,21_epo,53.0,63.26253599267703,pieron
1260,21_epo,54.0,63.23449342876654,pieron
1261,21_epo,55.00000000000001,63.20697752694614,pieron
1262,21_epo,56.00000000000001,63.179969085857365,pieron
1263,21_epo,56.99999999999999,63.153449931636615,pieron
1264,21_epo,57.99999999999999,63.12740284601896,pieron
1265,21_epo,59.0,63.10181150061578,pieron
1266,21_epo,60.0,63.07666039674119,pieron
1267,21_epo,61.0,63.0519348102349,pieron
1268,21_epo,62.0,63.02762074079184,pieron
1269,21_epo,63.0,63.003704865364526,pieron
1270,21_epo,64.0,62.98017449525181,pieron
1271,21_epo,65.0,62.957017536529435,pieron
1272,21_epo,66.0,62.93422245351549,pieron
1273,21_epo,67.0,62.911778234995566,pieron
1274,21_epo,68.0,62.88967436296154,pieron
1275,21_epo,69.0,62.867900783642824,pieron
1276,21_epo,70.0,62.84644788063146,pieron
1277,21_epo,71.0,62.82530644992211,pieron
1278,21_epo,72.0,62.80446767670585,pieron
1279,21_epo,73.0,62.783923113771515,pieron
1280,21_epo,74.0,62.763664661383665,pieron
1281,21_epo,75.0,62.74368454851693,pieron
1282,21_epo,76.0,62.7239753153392,pieron
1283,21_epo,77.0,62.704529796844916,pieron
1284,21_epo,78.0,62.68534110754927,pieron
1285,21_epo,79.0,62.66640262716175,pieron
1286,21_epo,80.0,62.64770798716519,pieron
1287,21_epo,81.0,62.62925105823206,pieron
1288,21_epo,82.0,62.61102593841635,pieron
1289,21_epo,83.0,62.593026942064725,pieron
1290,21_epo,84.0,62.575248589394505,pieron
1291,21_epo,85.0,62.55768559669141,pieron
1292,21_epo,86.0,62.54033286708297,pieron
1293,21_epo,87.0,62.52318548184807,pieron
1294,21_epo,88.0,62.50623869222521,pieron
1295,21_epo,89.0,62.489487911685714,pieron
1296,21_epo,90.0,62.47292870864079,pieron
1297,21_epo,91.0,62.45655679955326,pieron
1298,21_epo,92.0,62.44036804242749,pieron
1299,21_epo,93.0,62.424358430652845,pieron
1300,21_epo,94.0,62.408524087178,pieron
1301,21_epo,95.0,62.392861258994806,pieron
1302,22_epo,3.0,118.69928759045848,pieron
1303,22_epo,4.0,112.58798337721807,pieron
1304,22_epo,5.0,108.06521639767162,pieron
1305,22_epo,6.0,104.50504916983806,pieron
1306,22_epo,7.000000000000001,101.58663215255959,pieron
1307,22_epo,8.0,99.12454385880311,pieron
1308,22_epo,9.0,97.0024062461374,pieron
1309,22_epo,10.0,95.1426161221179,pieron
1310,22_epo,11.0,93.49096742320656,pieron
1311,22_epo,12.0,92.00817901849118,pieron
1312,22_epo,13.0,90.66492230479007,pieron
1313,22_epo,14.000000000000002,89.43875067498612,pieron
1314,22_epo,15.0,88.31212246404691,pieron
1315,22_epo,16.0,87.27108258343655,pieron
1316,22_epo,17.0,86.3043568052521,pieron
1317,22_epo,18.0,85.40271336186241,pieron
1318,22_epo,19.0,84.55850279741942,pieron
1319,22_epo,20.0,83.7653197236898,pieron
1320,22_epo,21.0,83.01774982204377,pieron
1321,22_epo,22.0,82.31117764756749,pieron
1322,22_epo,23.0,81.64163857417662,pieron
1323,22_epo,24.0,81.00570329899436,pieron
1324,22_epo,25.0,80.400386711184,pieron
1325,22_epo,26.0,79.82307523304182,pieron
1326,22_epo,27.0,79.27146833438152,pieron
1327,22_epo,28.000000000000004,78.7435310414588,pieron
1328,22_epo,28.999999999999996,78.23745506097568,pieron
1329,22_epo,30.0,77.75162671776516,pieron
1330,22_epo,31.0,77.284600328057,pieron
1331,22_epo,32.0,76.83507594379329,pieron
1332,22_epo,33.0,76.40188063823956,pieron
1333,22_epo,34.0,75.98395268068249,pieron
1334,22_epo,35.0,75.58032808351983,pieron
1335,22_epo,36.0,75.19012910938856,pieron
1336,22_epo,37.0,74.81255440696717,pieron
1337,22_epo,38.0,74.44687050743967,pieron
1338,22_epo,39.0,74.0924044635183,pieron
1339,22_epo,40.0,73.74853745251191,pieron
1340,22_epo,41.0,73.41469919653026,pieron
1341,22_epo,42.0,73.09036307829867,pieron
1342,22_epo,43.0,72.77504185155979,pieron
1343,22_epo,44.0,72.46828386169499,pieron
1344,22_epo,45.0,72.16966970579125,pieron
1345,22_epo,46.0,71.8788092725361,pieron
1346,22_epo,47.0,71.59533911151698,pieron
1347,22_epo,48.0,71.31892008911441,pieron
1348,22_epo,49.0,71.04923529450987,pieron
1349,22_epo,50.0,70.78598816461376,pieron
1350,22_epo,51.0,70.5289008011503,pieron
1351,22_epo,52.0,70.27771245686291,pieron
1352,22_epo,53.0,70.03217817095124,pieron
1353,22_epo,54.0,69.79206753651759,pieron
1354,22_epo,55.00000000000001,69.55716358506703,pieron
1355,22_epo,56.00000000000001,69.32726177503875,pieron
1356,22_epo,56.99999999999999,69.10216907299923,pieron
1357,22_epo,57.99999999999999,68.88170311754672,pieron
1358,22_epo,59.0,68.66569145719593,pieron
1359,22_epo,60.0,68.45397085456558,pieron
1360,22_epo,61.0,68.24638665010096,pieron
1361,22_epo,62.0,68.0427921793535,pieron
1362,22_epo,63.0,67.84304823852554,pieron
1363,22_epo,64.0,67.64702259358641,pieron
1364,22_epo,65.0,67.45458952878784,pieron
1365,22_epo,66.0,67.26562943086392,pieron
1366,22_epo,67.0,67.08002840560161,pieron
1367,22_epo,68.0,66.89767792381997,pieron
1368,22_epo,69.0,66.71847449410639,pieron
1369,22_epo,70.0,66.54231935993226,pieron
1370,22_epo,71.0,66.36911821901217,pieron
1371,22_epo,72.0,66.198780962985,pieron
1372,22_epo,73.0,66.03122143568591,pieron
1373,22_epo,74.0,65.86635720844676,pieron
1374,22_epo,75.0,65.70410937101306,pieron
1375,22_epo,76.0,65.54440233680009,pieron
1376,22_epo,77.0,65.38716366133016,pieron
1377,22_epo,78.0,65.23232387280079,pieron
1378,22_epo,79.0,65.07981631382852,pieron
1379,22_epo,80.0,64.92957699350106,pieron
1380,22_epo,81.0,64.78154444894587,pieron
1381,22_epo,82.0,64.6356596156942,pieron
1382,22_epo,83.0,64.49186570618224,pieron
1383,22_epo,84.0,64.35010809578705,pieron
1384,22_epo,85.0,64.21033421584653,pieron
1385,22_epo,86.0,64.07249345315893,pieron
1386,22_epo,87.0,63.93653705549901,pieron
1387,22_epo,88.0,63.802418042726224,pieron
1388,22_epo,89.0,63.67009112309438,pieron
1389,22_epo,90.0,63.539512614403854,pieron
1390,22_epo,91.0,63.41064036966581,pieron
1391,22_epo,92.0,63.283433706973796,pieron
1392,22_epo,93.0,63.157853343301525,pieron
1393,22_epo,94.0,63.03386133196767,pieron
1394,22_epo,95.0,62.9114210035278,pieron
1395,23_epo,3.0,65.35568435589197,pieron
1396,23_epo,4.0,64.47359507961175,pieron
1397,23_epo,5.0,63.79760045577018,pieron
1398,23_epo,6.0,63.25053735872728,pieron
1399,23_epo,7.000000000000001,62.79166353608956,pieron
1400,23_epo,8.0,62.396860723359545,pieron
1401,23_epo,9.0,62.05068092182219,pieron
1402,23_epo,10.0,61.74264030426395,pieron
1403,23_epo,11.0,61.46530124586588,pieron
1404,23_epo,12.0,61.21319844778105,pieron
1405,23_epo,13.0,60.98219956258239,pieron
1406,23_epo,14.000000000000002,60.76910523465455,pieron
1407,23_epo,15.0,60.57138852531974,pieron
1408,23_epo,16.0,60.38701926459679,pieron
1409,23_epo,17.0,60.21434216883575,pieron
1410,23_epo,18.0,60.05199012848155,pieron
1411,23_epo,19.0,59.89882116154431,pieron
1412,23_epo,20.0,59.75387168965111,pieron
1413,23_epo,21.0,59.616321319678036,pieron
1414,23_epo,22.0,59.485465893780066,pieron
1415,23_epo,23.0,59.36069658502703,pieron
1416,23_epo,24.0,59.24148348267603,pieron
1417,23_epo,25.0,59.12736255880388,pieron
1418,23_epo,26.0,59.017925214377286,pieron
1419,23_epo,27.0,58.91280981613156,pieron
1420,23_epo,28.000000000000004,58.81169478649077,pieron
1421,23_epo,28.999999999999996,58.71429291701678,pieron
1422,23_epo,30.0,58.62034665459564,pieron
1423,23_epo,31.0,58.529624167516495,pieron
1424,23_epo,32.0,58.44191604174098,pieron
1425,23_epo,33.0,58.35703249012136,pieron
1426,23_epo,34.0,58.2748009819865,pieron
1427,23_epo,35.0,58.195064219425454,pieron
1428,23_epo,36.0,58.11767840122106,pieron
1429,23_epo,37.0,58.042511726785165,pieron
1430,23_epo,38.0,57.969443101400685,pieron
1431,23_epo,39.0,57.89836101115739,pieron
1432,23_epo,40.0,57.829162541607545,pieron
1433,23_epo,41.0,57.76175251868673,pieron
1434,23_epo,42.0,57.69604275408741,pieron
1435,23_epo,43.0,57.6319513802266,pieron
1436,23_epo,44.0,57.5694022623548,pieron
1437,23_epo,45.0,57.508324477326056,pieron
1438,23_epo,46.0,57.44865185017134,pieron
1439,23_epo,47.0,57.390322540959716,pieron
1440,23_epo,48.0,57.33327867554675,pieron
1441,23_epo,49.0,57.27746601473921,pieron
1442,23_epo,50.0,57.22283365718413,pieron
1443,23_epo,51.0,57.16933377194466,pieron
1444,23_epo,52.0,57.11692135727765,pieron
1445,23_epo,53.0,57.06555402259571,pieron
1446,23_epo,54.0,57.01519179099367,pieron
1447,23_epo,55.00000000000001,56.96579692005813,pieron
1448,23_epo,56.00000000000001,56.91733373896873,pieron
1449,23_epo,56.99999999999999,56.86976850014734,pieron
1450,23_epo,57.99999999999999,56.823069243926085,pieron
1451,23_epo,59.0,56.77720567488835,pieron
1452,23_epo,60.0,56.73214904869681,pieron
1453,23_epo,61.0,56.687872068360456,pieron
1454,23_epo,62.0,56.644348789012746,pieron
1455,23_epo,63.0,56.601554530377626,pieron
1456,23_epo,64.0,56.55946579619122,pieron
1457,23_epo,65.0,56.51806019992748,pieron
1458,23_epo,66.0,56.4773163962458,pieron
1459,23_epo,67.0,56.4372140176403,pieron
1460,23_epo,68.0,56.397733615824976,pieron
1461,23_epo,69.0,56.35885660743674,pieron
1462,23_epo,70.0,56.320565223680724,pieron
1463,23_epo,71.0,56.282842463579485,pieron
1464,23_epo,72.0,56.245672050521996,pieron
1465,23_epo,73.0,56.20903839183648,pieron
1466,23_epo,74.0,56.17292654113907,pieron
1467,23_epo,75.0,56.13732216323241,pieron
1468,23_epo,76.0,56.10221150135056,pieron
1469,23_epo,77.0,56.06758134656421,pieron
1470,23_epo,78.0,56.03341900917823,pieron
1471,23_epo,79.0,55.999712291967604,pieron
1472,23_epo,80.0,55.966449465112326,pieron
1473,23_epo,81.0,55.933619242703486,pieron
1474,23_epo,82.0,55.90121076070387,pieron
1475,23_epo,83.0,55.869213556256796,pieron
1476,23_epo,84.0,55.83761754824527,pieron
1477,23_epo,85.0,55.80641301901209,pieron
1478,23_epo,86.0,55.77559059715895,pieron
1479,23_epo,87.0,55.74514124134887,pieron
1480,23_epo,88.0,55.715056225042794,pieron
1481,23_epo,89.0,55.68532712210654,pieron
1482,23_epo,90.0,55.65594579322921,pieron
1483,23_epo,91.0,55.62690437309894,pieron
1484,23_epo,92.0,55.59819525828585,pieron
1485,23_epo,93.0,55.569811095786086,pieron
1486,23_epo,94.0,55.54174477218416,pieron
1487,23_epo,95.0,55.513989403393914,pieron
1488,24_epo,3.0,77.59705140574648,pieron
1489,24_epo,4.0,75.04642864634495,pieron
1490,24_epo,5.0,73.1258915601154,pieron
1491,24_epo,6.0,71.59324035828939,pieron
1492,24_epo,7.000000000000001,70.32249078017036,pieron
1493,24_epo,8.0,69.23996346220832,pieron
1494,24_epo,9.0,68.29894716448219,pieron
1495,24_epo,10.0,67.46802147806669,pieron
1496,24_epo,11.0,66.72506973331042,pieron
1497,24_epo,12.0,66.05395401171414,pieron
1498,24_epo,13.0,65.44254977181465,pieron
1499,24_epo,14.000000000000002,64.88152441119026,pieron
1500,24_epo,15.0,64.36354621137205,pieron
1501,24_epo,16.0,63.882754006062065,pieron
1502,24_epo,17.0,63.43439103658008,pieron
1503,24_epo,18.0,63.014545681600076,pieron
1504,24_epo,19.0,62.61996377341848,pieron
1505,24_epo,20.0,62.24791007741503,pieron
1506,24_epo,21.0,61.89606428671536,pieron
1507,24_epo,22.0,61.56244172683533,pieron
1508,24_epo,23.0,61.24533206261785,pieron
1509,24_epo,24.0,60.94325132856575,pieron
1510,24_epo,25.0,60.65490396106363,pieron
1511,24_epo,26.0,60.37915243678801,pieron
1512,24_epo,27.0,60.11499276416165,pieron
1513,24_epo,28.000000000000004,59.86153452782577,pieron
1514,24_epo,28.999999999999996,59.61798451032164,pieron
1515,24_epo,30.0,59.38363315028461,pieron
1516,24_epo,31.0,59.15784326906915,pieron
1517,24_epo,32.0,58.94004062590937,pieron
1518,24_epo,33.0,58.72970595792857,pieron
1519,24_epo,34.0,58.52636823423518,pieron
1520,24_epo,35.0,58.329598909129295,pieron
1521,24_epo,36.0,58.13900700248909,pieron
1522,24_epo,37.0,57.954234868890325,pieron
1523,24_epo,38.0,57.77495454325628,pieron
1524,24_epo,39.0,57.600864571552044,pieron
1525,24_epo,40.0,57.431687251502034,pieron
1526,24_epo,41.0,57.26716622147772,pieron
1527,24_epo,42.0,57.10706434629783,pieron
1528,24_epo,43.0,56.951161857257325,pieron
1529,24_epo,44.0,56.79925471067718,pieron
1530,24_epo,45.0,56.65115313497161,pieron
1531,24_epo,46.0,56.506680340917335,pieron
1532,24_epo,47.0,56.36567137368022,pieron
1533,24_epo,48.0,56.22797208836383,pieron
1534,24_epo,49.0,56.09343823351815,pieron
1535,24_epo,50.0,55.96193462928158,pieron
1536,24_epo,51.0,55.83333442870536,pieron
1537,24_epo,52.0,55.70751845239104,pieron
1538,24_epo,53.0,55.58437458790753,pieron
1539,24_epo,54.0,55.463797246588804,pieron
1540,24_epo,55.00000000000001,55.34568687127853,pieron
1541,24_epo,56.00000000000001,55.2299494894118,pieron
1542,24_epo,56.99999999999999,55.116496306530685,pieron
1543,24_epo,57.99999999999999,55.00524333593613,pieron
1544,24_epo,59.0,54.89611106070134,pieron
1545,24_epo,60.0,54.7890241247229,pieron
1546,24_epo,61.0,54.683911049876436,pieron
1547,24_epo,62.0,54.5807039766827,pieron
1548,24_epo,63.0,54.47933842618536,pieron
1549,24_epo,64.0,54.379753080998874,pieron
1550,24_epo,65.0,54.281889583710125,pieron
1551,24_epo,66.0,54.18569235101455,pieron
1552,24_epo,67.0,54.09110840214083,pieron
1553,24_epo,68.0,53.998087200270255,pieron
1554,24_epo,69.0,53.906580505791354,pieron
1555,24_epo,70.0,53.81654224034926,pieron
1556,24_epo,71.0,53.7279283607536,pieron
1557,24_epo,72.0,53.640696741902545,pieron
1558,24_epo,73.0,53.55480706796274,pieron
1559,24_epo,74.0,53.47022073111858,pieron
1560,24_epo,75.0,53.38690073727001,pieron
1561,24_epo,76.0,53.30481161811614,pieron
1562,24_epo,77.0,53.22391934911456,pieron
1563,24_epo,78.0,53.14419127285304,pieron
1564,24_epo,79.0,53.065596027411935,pieron
1565,24_epo,80.0,52.98810347933393,pieron
1566,24_epo,81.0,52.91168466085104,pieron
1567,24_epo,82.0,52.83631171104965,pieron
1568,24_epo,83.0,52.76195782068195,pieron
1569,24_epo,84.0,52.68859718035658,pieron
1570,24_epo,85.0,52.616204931864324,pieron
1571,24_epo,86.0,52.54475712241456,pieron
1572,24_epo,87.0,52.47423066157681,pieron
1573,24_epo,88.0,52.404603280738456,pieron
1574,24_epo,89.0,52.3358534949047,pieron
1575,24_epo,90.0,52.267960566681076,pieron
1576,24_epo,91.0,52.200904472290794,pieron
1577,24_epo,92.0,52.134665869491144,pieron
1578,24_epo,93.0,52.069226067263386,pieron
1579,24_epo,94.0,52.00456699716035,pieron
1580,24_epo,95.0,51.94067118620423,pieron
1581,25_epo,3.0,76.86539551113351,pieron
1582,25_epo,4.0,76.3119755029848,pieron
1583,25_epo,5.0,75.88545505157306,pieron
1584,25_epo,6.0,75.53873269146902,pieron
1585,25_epo,7.000000000000001,75.24681933400956,pieron
1586,25_epo,8.0,74.99486446853636,pieron
1587,25_epo,9.0,74.77332488149291,pieron
1588,25_epo,10.0,74.57570557196931,pieron
1589,25_epo,11.0,74.39738713396359,pieron
1590,25_epo,12.0,74.23496748685453,pieron
1591,25_epo,13.0,74.08586903730381,pieron
1592,25_epo,14.000000000000002,73.94809242517603,pieron
1593,25_epo,15.0,73.82005578217992,pieron
1594,25_epo,16.0,73.70048618953858,pieron
1595,25_epo,17.0,73.58834423839959,pieron
1596,25_epo,18.0,73.48277027804197,pieron
1597,25_epo,19.0,73.38304527906845,pieron
1598,25_epo,20.0,73.28856179062694,pieron
1599,25_epo,21.0,73.1988020219832,pieron
1600,25_epo,22.0,73.11332105020136,pieron
1601,25_epo,23.0,73.03173378021043,pieron
1602,25_epo,24.0,72.95370469455487,pieron
1603,25_epo,25.0,72.87893970638365,pieron
1604,25_epo,26.0,72.8071796184731,pieron
1605,25_epo,27.0,72.73819482296756,pieron
1606,25_epo,28.000000000000004,72.67178096989463,pieron
1607,25_epo,28.999999999999996,72.60775539957758,pieron
1608,25_epo,30.0,72.54595418287714,pieron
1609,25_epo,31.0,72.48622964915677,pieron
1610,25_epo,32.0,72.42844830866024,pieron
1611,25_epo,33.0,72.3724890961668,pieron
1612,25_epo,34.0,72.31824187812985,pieron
1613,25_epo,35.0,72.26560617727691,pieron
1614,25_epo,36.0,72.21449007775723,pieron
1615,25_epo,37.0,72.16480928103074,pieron
1616,25_epo,38.0,72.11648628827533,pieron
1617,25_epo,39.0,72.06944968951169,pieron
1618,25_epo,40.0,72.02363354316576,pieron
1619,25_epo,41.0,71.97897683261401,pieron
1620,25_epo,42.0,71.935422988534,pieron
1621,25_epo,43.0,71.89291946773099,pieron
1622,25_epo,44.0,71.85141738061775,pieron
1623,25_epo,45.0,71.81087116076,pieron
1624,25_epo,46.0,71.77123827091708,pieron
1625,25_epo,47.0,71.73247894084889,pieron
1626,25_epo,48.0,71.69455593285976,pieron
1627,25_epo,49.0,71.65743433163374,pieron
1628,25_epo,50.0,71.62108135540404,pieron
1629,25_epo,51.0,71.58546618591186,pieron
1630,25_epo,52.0,71.55055981495603,pieron
1631,25_epo,53.0,71.51633490562979,pieron
1632,25_epo,54.0,71.48276566659034,pieron
1633,25_epo,55.00000000000001,71.44982773792063,pieron
1634,25_epo,56.00000000000001,71.417498087325,pieron
1635,25_epo,56.99999999999999,71.38575491555645,pieron
1636,25_epo,57.99999999999999,71.35457757010866,pieron
1637,25_epo,59.0,71.32394646632103,pieron
1638,25_epo,60.0,71.2938430151467,pieron
1639,25_epo,61.0,71.26424955691955,pieron
1640,25_epo,62.0,71.23514930053267,pieron
1641,25_epo,63.0,71.20652626750683,pieron
1642,25_epo,64.0,71.17836524048462,pieron
1643,25_epo,65.0,71.15065171573713,pieron
1644,25_epo,66.0,71.12337185931409,pieron
1645,25_epo,67.0,71.09651246650715,pieron
1646,25_epo,68.0,71.07006092433093,pieron
1647,25_epo,69.0,71.0440051767561,pieron
1648,25_epo,70.0,71.01833369245605,pieron
1649,25_epo,71.0,70.99303543485243,pieron
1650,25_epo,72.0,70.96809983426576,pieron
1651,25_epo,73.0,70.94351676199605,pieron
1652,25_epo,74.0,70.91927650617556,pieron
1653,25_epo,75.0,70.8953697492501,pieron
1654,25_epo,76.0,70.87178754695887,pieron
1655,25_epo,77.0,70.84852130869537,pieron
1656,25_epo,78.0,70.82556277914112,pieron
1657,25_epo,79.0,70.80290402107525,pieron
1658,25_epo,80.0,70.7805373992707,pieron
1659,25_epo,81.0,70.75845556539532,pieron
1660,25_epo,82.0,70.73665144384411,pieron
1661,25_epo,83.0,70.71511821843417,pieron
1662,25_epo,84.0,70.69384931990045,pieron
1663,25_epo,85.0,70.67283841413501,pieron
1664,25_epo,86.0,70.65207939111735,pieron
1665,25_epo,87.0,70.63156635448793,pieron
1666,25_epo,88.0,70.6112936117203,pieron
1667,25_epo,89.0,70.59125566485126,pieron
1668,25_epo,90.0,70.57144720173156,pieron
1669,25_epo,91.0,70.55186308776214,pieron
1670,25_epo,92.0,70.53249835808447,pieron
1671,25_epo,93.0,70.5133482101948,pieron
1672,25_epo,94.0,70.49440799695572,pieron
1673,25_epo,95.0,70.47567321997879,pieron
1674,2_epo,3.0,87.52330358400359,pieron
1675,2_epo,4.0,85.90936310931886,pieron
1676,2_epo,5.0,84.67801727034302,pieron
1677,2_epo,6.0,83.68504720452148,pieron
1678,2_epo,7.000000000000001,82.85459275648769,pieron
1679,2_epo,8.0,82.14188464919532,pieron
1680,2_epo,9.0,81.51832201004096,pieron
1681,2_epo,10.0,80.96453838322763,pieron
1682,2_epo,11.0,80.46682173467492,pieron
1683,2_epo,12.0,80.01511413359111,pieron
1684,2_epo,13.0,79.60182296684161,pieron
1685,2_epo,14.000000000000002,79.22107852434092,pieron
1686,2_epo,15.0,78.86825104116892,pieron
1687,2_epo,16.0,78.5396255951269,pieron
1688,2_epo,17.0,78.23217680625112,pieron
1689,2_epo,18.0,77.94340873909239,pieron
1690,2_epo,19.0,77.67123862861112,pieron
1691,2_epo,20.0,77.41391079907821,pieron
1692,2_epo,21.0,77.16993184394168,pieron
1693,2_epo,22.0,76.938021070023,pieron
1694,2_epo,23.0,76.71707209236693,pieron
1695,2_epo,24.0,76.5061227027149,pieron
1696,2_epo,25.0,76.30433096410734,pieron
1697,2_epo,26.0,76.11095605129339,pieron
1698,2_epo,27.0,75.92534275119918,pieron
1699,2_epo,28.000000000000004,75.74690881657091,pieron
1700,2_epo,28.999999999999996,75.57513456587418,pieron
1701,2_epo,30.0,75.40955426783678,pieron
1702,2_epo,31.0,75.24974895591468,pieron
1703,2_epo,32.0,75.09534039749039,pieron
1704,2_epo,33.0,74.94598600241436,pieron
1705,2_epo,34.0,74.80137450090665,pieron
1706,2_epo,35.0,74.6612222556325,pieron
1707,2_epo,36.0,74.52527009965833,pieron
1708,2_epo,37.0,74.39328061294817,pieron
1709,2_epo,38.0,74.26503576650815,pieron
1710,2_epo,39.0,74.1403348762906,pieron
1711,2_epo,40.0,74.01899281931944,pieron
1712,2_epo,41.0,73.90083847278696,pieron
1713,2_epo,42.0,73.78571334355199,pieron
1714,2_epo,43.0,73.67347036088118,pieron
1715,2_epo,44.0,73.56397280968385,pieron
1716,2_epo,45.0,73.45709338510169,pieron
1717,2_epo,46.0,73.35271335228467,pieron
1718,2_epo,47.0,73.25072179764003,pieron
1719,2_epo,48.0,73.15101495988054,pieron
1720,2_epo,49.0,73.05349563089725,pieron
1721,2_epo,50.0,72.95807261790586,pieron
1722,2_epo,51.0,72.86466025951073,pieron
1723,2_epo,52.0,72.77317798934016,pieron
1724,2_epo,53.0,72.68354994175952,pieron
1725,2_epo,54.0,72.5957045948943,pieron
1726,2_epo,55.00000000000001,72.50957444681306,pieron
1727,2_epo,56.00000000000001,72.42509572124818,pieron
1728,2_epo,56.99999999999999,72.34220809968457,pieron
1729,2_epo,57.99999999999999,72.26085447703736,pieron
1730,2_epo,59.0,72.18098073847275,pieron
1731,2_epo,60.0,72.10253555521902,pieron
1732,2_epo,61.0,72.02547019746362,pieron
1733,2_epo,62.0,71.94973836265306,pieron
1734,2_epo,63.0,71.87529601770083,pieron
1735,2_epo,64.0,71.80210125377592,pieron
1736,2_epo,65.0,71.73011415248928,pieron
1737,2_epo,66.0,71.65929666242333,pieron
1738,2_epo,67.0,71.58961248506155,pieron
1739,2_epo,68.0,71.52102696927386,pieron
1740,2_epo,69.0,71.4535070136006,pieron
1741,2_epo,70.0,71.38702097565492,pieron
1742,2_epo,71.0,71.32153858803107,pieron
1743,2_epo,72.0,71.25703088016753,pieron
1744,2_epo,73.0,71.19347010566645,pieron
1745,2_epo,74.0,71.1308296746196,pieron
1746,2_epo,75.0,71.0690840905335,pieron
1747,2_epo,76.0,71.00820889148416,pieron
1748,2_epo,77.0,70.9481805951665,pieron
1749,2_epo,78.0,70.88897664753345,pieron
1750,2_epo,79.0,70.83057537474784,pieron
1751,2_epo,80.0,70.77295593819426,pieron
1752,2_epo,81.0,70.71609829232027,pieron
1753,2_epo,82.0,70.65998314509693,pieron
1754,2_epo,83.0,70.60459192090565,pieron
1755,2_epo,84.0,70.54990672567558,pieron
1756,2_epo,85.0,70.49591031410986,pieron
1757,2_epo,86.0,70.44258605885261,pieron
1758,2_epo,87.0,70.3899179214608,pieron
1759,2_epo,88.0,70.33789042505569,pieron
1760,2_epo,89.0,70.28648862853895,pieron
1761,2_epo,90.0,70.23569810226746,pieron
1762,2_epo,91.0,70.18550490508903,pieron
1763,2_epo,92.0,70.13589556264877,pieron
1764,2_epo,93.0,70.08685704688295,pieron
1765,2_epo,94.0,70.0383767566235,pieron
1766,2_epo,95.0,69.99044249924127,pieron
1767,3_epo,3.0,74.82186938958588,pieron
1768,3_epo,4.0,74.82186938958588,pieron
1769,3_epo,5.0,74.82186938958588,pieron
1770,3_epo,6.0,74.82186938958588,pieron
1771,3_epo,7.000000000000001,74.82186938958588,pieron
1772,3_epo,8.0,74.82186938958588,pieron
1773,3_epo,9.0,74.82186938958588,pieron
1774,3_epo,10.0,74.82186938958588,pieron
1775,3_epo,11.0,74.82186938958588,pieron
1776,3_epo,12.0,74.82186938958588,pieron
1777,3_epo,13.0,74.82186938958588,pieron
1778,3_epo,14.000000000000002,74.82186938958588,pieron
1779,3_epo,15.0,74.82186938958588,pieron
1780,3_epo,16.0,74.82186938958588,pieron
1781,3_epo,17.0,74.82186938958588,pieron
1782,3_epo,18.0,74.82186938958588,pieron
1783,3_epo,19.0,74.82186938958588,pieron
1784,3_epo,20.0,74.82186938958588,pieron
1785,3_epo,21.0,74.82186938958588,pieron
1786,3_epo,22.0,74.82186938958588,pieron
1787,3_epo,23.0,74.82186938958588,pieron
1788,3_epo,24.0,74.82186938958588,pieron
1789,3_epo,25.0,74.82186938958588,pieron
1790,3_epo,26.0,74.82186938958588,pieron
1791,3_epo,27.0,74.82186938958588,pieron
1792,3_epo,28.000000000000004,74.82186938958588,pieron
1793,3_epo,28.999999999999996,74.82186938958588,pieron
1794,3_epo,30.0,74.82186938958588,pieron
1795,3_epo,31.0,74.82186938958588,pieron
1796,3_epo,32.0,74.82186938958588,pieron
1797,3_epo,33.0,74.82186938958588,pieron
1798,3_epo,34.0,74.82186938958588,pieron
1799,3_epo,35.0,74.82186938958588,pieron
1800,3_epo,36.0,74.82186938958588,pieron
1801,3_epo,37.0,74.82186938958588,pieron
1802,3_epo,38.0,74.82186938958588,pieron
1803,3_epo,39.0,74.82186938958588,pieron
1804,3_epo,40.0,74.82186938958588,pieron
1805,3_epo,41.0,74.82186938958588,pieron
1806,3_epo,42.0,74.82186938958588,pieron
1807,3_epo,43.0,74.82186938958588,pieron
1808,3_epo,44.0,74.82186938958588,pieron
1809,3_epo,45.0,74.82186938958588,pieron
1810,3_epo,46.0,74.82186938958588,pieron
1811,3_epo,47.0,74.82186938958588,pieron
1812,3_epo,48.0,74.82186938958588,pieron
1813,3_epo,49.0,74.82186938958588,pieron
1814,3_epo,50.0,74.82186938958588,pieron
1815,3_epo,51.0,74.82186938958588,pieron
1816,3_epo,52.0,74.82186938958588,pieron
1817,3_epo,53.0,74.82186938958588,pieron
1818,3_epo,54.0,74.82186938958588,pieron
1819,3_epo,55.00000000000001,74.82186938958588,pieron
1820,3_epo,56.00000000000001,74.82186938958588,pieron
1821,3_epo,56.99999999999999,74.82186938958588,pieron
1822,3_epo,57.99999999999999,74.82186938958588,pieron
1823,3_epo,59.0,74.82186938958588,pieron
1824,3_epo,60.0,74.82186938958588,pieron
1825,3_epo,61.0,74.82186938958588,pieron
1826,3_epo,62.0,74.82186938958588,pieron
1827,3_epo,63.0,74.82186938958588,pieron
1828,3_epo,64.0,74.82186938958588,pieron
1829,3_epo,65.0,74.82186938958588,pieron
1830,3_epo,66.0,74.82186938958588,pieron
1831,3_epo,67.0,74.82186938958588,pieron
1832,3_epo,68.0,74.82186938958588,pieron
1833,3_epo,69.0,74.82186938958588,pieron
1834,3_epo,70.0,74.82186938958588,pieron
1835,3_epo,71.0,74.82186938958588,pieron
1836,3_epo,72.0,74.82186938958588,pieron
1837,3_epo,73.0,74.82186938958588,pieron
1838,3_epo,74.0,74.82186938958588,pieron
1839,3_epo,75.0,74.82186938958588,pieron
1840,3_epo,76.0,74.82186938958588,pieron
1841,3_epo,77.0,74.82186938958588,pieron
1842,3_epo,78.0,74.82186938958588,pieron
1843,3_epo,79.0,74.82186938958588,pieron
1844,3_epo,80.0,74.82186938958588,pieron
1845,3_epo,81.0,74.82186938958588,pieron
1846,3_epo,82.0,74.82186938958588,pieron
1847,3_epo,83.0,74.82186938958588,pieron
1848,3_epo,84.0,74.82186938958588,pieron
1849,3_epo,85.0,74.82186938958588,pieron
1850,3_epo,86.0,74.82186938958588,pieron
1851,3_epo,87.0,74.82186938958588,pieron
1852,3_epo,88.0,74.82186938958588,pieron
1853,3_epo,89.0,74.82186938958588,pieron
1854,3_epo,90.0,74.82186938958588,pieron
1855,3_epo,91.0,74.82186938958588,pieron
1856,3_epo,92.0,74.82186938958588,pieron
1857,3_epo,93.0,74.82186938958588,pieron
1858,3_epo,94.0,74.82186938958588,pieron
1859,3_epo,95.0,74.82186938958588,pieron
1860,4_epo,3.0,77.13020385090597,pieron
1861,4_epo,4.0,75.82552663935842,pieron
1862,4_epo,5.0,74.82875758071266,pieron
1863,4_epo,6.0,74.02407250886375,pieron
1864,4_epo,7.000000000000001,73.35047578596847,pieron
1865,4_epo,8.0,72.77193630687803,pieron
1866,4_epo,9.0,72.26541711816171,pieron
1867,4_epo,10.0,71.8153084051236,pieron
1868,4_epo,11.0,71.41055116255387,pieron
1869,4_epo,12.0,71.04302902387772,pieron
1870,4_epo,13.0,70.70661198622408,pieron
1871,4_epo,14.000000000000002,70.39655889715905,pieron
1872,4_epo,15.0,70.10912857765628,pieron
1873,4_epo,16.0,69.84131793821885,pieron
1874,4_epo,17.0,69.59068041802654,pieron
1875,4_epo,18.0,69.35519692102115,pieron
1876,4_epo,19.0,69.1331820484954,pieron
1877,4_epo,20.0,68.92321465794802,pieron
1878,4_epo,21.0,68.7240855571312,pieron
1879,4_epo,22.0,68.53475750398555,pieron
1880,4_epo,23.0,68.35433419860709,pieron
1881,4_epo,24.0,68.18203594895682,pieron
1882,4_epo,25.0,68.01718036002359,pieron
1883,4_epo,26.0,67.85916685299762,pieron
1884,4_epo,27.0,67.70746413890825,pieron
1885,4_epo,28.000000000000004,67.56159999590862,pieron
1886,4_epo,28.999999999999996,67.42115286057003,pieron
1887,4_epo,30.0,67.28574486069793,pieron
1888,4_epo,31.0,67.1550360033772,pieron
1889,4_epo,32.0,67.02871929609964,pieron
1890,4_epo,33.0,66.906516627068,pieron
1891,4_epo,34.0,66.78817526740731,pieron
1892,4_epo,35.0,66.67346488609499,pieron
1893,4_epo,36.0,66.5621749901273,pieron
1894,4_epo,37.0,66.45411271935495,pieron
1895,4_epo,38.0,66.34910093870045,pieron
1896,4_epo,39.0,66.24697658097112,pieron
1897,4_epo,40.0,66.14758920184028,pieron
1898,4_epo,41.0,66.05079971526536,pieron
1899,4_epo,42.0,65.95647928300765,pieron
1900,4_epo,43.0,65.86450833629085,pieron
1901,4_epo,44.0,65.77477571119931,pieron
1902,4_epo,45.0,65.68717788233425,pieron
1903,4_epo,46.0,65.60161828164757,pieron
1904,4_epo,47.0,65.51800669135802,pieron
1905,4_epo,48.0,65.43625870150285,pieron
1906,4_epo,49.0,65.35629522405273,pieron
1907,4_epo,50.0,65.27804205666844,pieron
1908,4_epo,51.0,65.20142949014526,pieron
1909,4_epo,52.0,65.12639195440654,pieron
1910,4_epo,53.0,65.05286769859899,pieron
1911,4_epo,54.0,64.98079850142865,pieron
1912,4_epo,55.00000000000001,64.91012940837685,pieron
1913,4_epo,56.00000000000001,64.84080849286187,pieron
1914,4_epo,56.99999999999999,64.77278663877988,pieron
1915,4_epo,57.99999999999999,64.70601734217253,pieron
1916,4_epo,59.0,64.6404565300408,pieron
1917,4_epo,60.0,64.57606239455968,pieron
1918,4_epo,61.0,64.51279524115189,pieron
1919,4_epo,62.0,64.45061734905501,pieron
1920,4_epo,63.0,64.38949284317215,pieron
1921,4_epo,64.0,64.32938757612882,pieron
1922,4_epo,65.0,64.27026901957827,pieron
1923,4_epo,66.0,64.21210616389945,pieron
1924,4_epo,67.0,64.15486942552369,pieron
1925,4_epo,68.0,64.0985305612049,pieron
1926,4_epo,69.0,64.04306258861972,pieron
1927,4_epo,70.0,63.98843971274563,pieron
1928,4_epo,71.0,63.934637257520954,pieron
1929,4_epo,72.0,63.8816316023387,pieron
1930,4_epo,73.0,63.82940012297093,pieron
1931,4_epo,74.0,63.77792113655817,pieron
1932,4_epo,75.0,63.727173850333415,pieron
1933,4_epo,76.0,63.677138313781256,pieron
1934,4_epo,77.0,63.62779537395976,pieron
1935,4_epo,78.0,63.57912663373838,pieron
1936,4_epo,79.0,63.53111441272635,pieron
1937,4_epo,80.0,63.48374171068709,pieron
1938,4_epo,81.0,63.43699217325108,pieron
1939,4_epo,82.0,63.39085005975659,pieron
1940,4_epo,83.0,63.345300213062245,pieron
1941,4_epo,84.0,63.30032803118776,pieron
1942,4_epo,85.0,63.25591944065247,pieron
1943,4_epo,86.0,63.21206087139089,pieron
1944,4_epo,87.0,63.16873923313515,pieron
1945,4_epo,88.0,63.125941893162505,pieron
1946,4_epo,89.0,63.08365665531475,pieron
1947,4_epo,90.0,63.041871740203234,pieron
1948,4_epo,91.0,63.000575766520114,pieron
1949,4_epo,92.0,62.959757733382986,pieron
1950,4_epo,93.0,62.9194070036445,pieron
1951,4_epo,94.0,62.879513288105244,pieron
1952,4_epo,95.0,62.84006663057137,pieron
1953,5_epo,3.0,66.18793172468996,pieron
1954,5_epo,4.0,64.54768893468369,pieron
1955,5_epo,5.0,63.30346237635161,pieron
1956,5_epo,6.0,62.304680036717244,pieron
1957,5_epo,7.000000000000001,61.47252591126569,pieron
1958,5_epo,8.0,60.76067043329053,pieron
1959,5_epo,9.0,60.13961488854865,pieron
1960,5_epo,10.0,59.58944275491983,pieron
1961,5_epo,11.0,59.09608863362696,pieron
1962,5_epo,12.0,58.64925906167367,pieron
1963,5_epo,13.0,58.24119977587342,pieron
1964,5_epo,14.000000000000002,57.865927490849664,pieron
1965,5_epo,15.0,57.51873112248013,pieron
1966,5_epo,16.0,57.19583663543348,pieron
1967,5_epo,17.0,56.8941751606832,pieron
1968,5_epo,18.0,56.611218473302,pieron
1969,5_epo,19.0,56.34485967631067,pieron
1970,5_epo,20.0,56.09332498641313,pieron
1971,5_epo,21.0,55.85510739189311,pieron
1972,5_epo,22.0,55.62891599415448,pieron
1973,5_epo,23.0,55.41363679275893,pieron
1974,5_epo,24.0,55.20830195189535,pieron
1975,5_epo,25.0,55.01206544257613,pieron
1976,5_epo,26.0,54.82418353974209,pieron
1977,5_epo,27.0,54.64399905993413,pieron
1978,5_epo,28.000000000000004,54.47092851218954,pieron
1979,5_epo,28.999999999999996,54.30445154042383,pieron
1980,5_epo,30.0,54.14410218482894,pieron
1981,5_epo,31.0,53.98946159953049,pieron
1982,5_epo,32.0,53.8401519453088,pieron
1983,5_epo,33.0,53.69583123746583,pieron
1984,5_epo,34.0,53.55618897541426,pieron
1985,5_epo,35.0,53.42094241616592,pieron
1986,5_epo,36.0,53.28983338139351,pieron
1987,5_epo,37.0,53.162625509146395,pieron
1988,5_epo,38.0,53.03910187809561,pieron
1989,5_epo,39.0,52.919062945450584,pieron
1990,5_epo,40.0,52.80232475024414,pieron
1991,5_epo,41.0,52.68871734212892,pieron
1992,5_epo,42.0,52.57808340263076,pieron
1993,5_epo,43.0,52.4702770313132,pieron
1994,5_epo,44.0,52.36516267379183,pieron
1995,5_epo,45.0,52.26261417220824,pieron
1996,5_epo,46.0,52.16251392179123,pieron
1997,5_epo,47.0,52.064752119626874,pieron
1998,5_epo,48.0,51.96922609382872,pieron
1999,5_epo,49.0,51.87583970302344,pieron
2000,5_epo,50.0,51.78450279751071,pieron
2001,5_epo,51.0,51.69513073466786,pieron
2002,5_epo,52.0,51.60764394219165,pieron
2003,5_epo,53.0,51.52196752363408,pieron
2004,5_epo,54.0,51.438030901422934,pieron
2005,5_epo,55.00000000000001,51.35576749318293,pieron
2006,5_epo,56.00000000000001,51.27511441770715,pieron
2007,5_epo,56.99999999999999,51.19601222738632,pieron
2008,5_epo,57.99999999999999,51.11840466429639,pieron
2009,5_epo,59.0,51.04223843748443,pieron
2010,5_epo,60.0,50.9674630192849,pieron
2011,5_epo,61.0,50.894030458753065,pieron
2012,5_epo,62.0,50.82189521052202,pieron
2013,5_epo,63.0,50.75101397758193,pieron
2014,5_epo,64.0,50.681345566647806,pieron
2015,5_epo,65.0,50.612850754928246,pieron
2016,5_epo,66.0,50.54549216723611,pieron
2017,5_epo,67.0,50.47923416249524,pieron
2018,5_epo,68.0,50.414042728795934,pieron
2019,5_epo,69.0,50.349885386240224,pieron
2020,5_epo,70.0,50.286731096894755,pieron
2021,5_epo,71.0,50.22455018123817,pieron
2022,5_epo,72.0,50.163314240550065,pieron
2023,5_epo,73.0,50.10299608474304,pieron
2024,5_epo,74.0,50.04356966518738,pieron
2025,5_epo,75.0,49.985010012120334,pieron
2026,5_epo,76.0,49.927293176270865,pieron
2027,5_epo,77.0,49.87039617436435,pieron
2028,5_epo,78.0,49.81429693820278,pieron
2029,5_epo,79.0,49.75897426704313,pieron
2030,5_epo,80.0,49.704407783021814,pieron
2031,5_epo,81.0,49.65057788939463,pieron
2032,5_epo,82.0,49.59746573138223,pieron
2033,5_epo,83.0,49.5450531594288,pieron
2034,5_epo,84.0,49.49332269469836,pieron
2035,5_epo,85.0,49.44225749664719,pieron
2036,5_epo,86.0,49.39184133252497,pieron
2037,5_epo,87.0,49.342058548668746,pieron
2038,5_epo,88.0,49.29289404346516,pieron
2039,5_epo,89.0,49.244333241866215,pieron
2040,5_epo,90.0,49.19636207135298,pieron
2041,5_epo,91.0,49.1489669392498,pieron
2042,5_epo,92.0,49.10213471129935,pieron
2043,5_epo,93.0,49.05585269141538,pieron
2044,5_epo,94.0,49.01010860253683,pieron
2045,5_epo,95.0,48.96489056851197,pieron
2046,6_epo,3.0,72.58307768256097,pieron
2047,6_epo,4.0,70.60010687533091,pieron
2048,6_epo,5.0,69.09937980435414,pieron
2049,6_epo,6.0,67.89690789776877,pieron
2050,6_epo,7.000000000000001,66.89657251344741,pieron
2051,6_epo,8.0,66.04196332168873,pieron
2052,6_epo,9.0,65.2972113798445,pieron
2053,6_epo,10.0,64.63812745565627,pieron
2054,6_epo,11.0,64.04764628712586,pieron
2055,6_epo,12.0,63.51329055292602,pieron
2056,6_epo,13.0,63.025668708630064,pieron
2057,6_epo,14.000000000000002,62.57753966408676,pieron
2058,6_epo,15.0,62.163205989061225,pieron
2059,6_epo,16.0,61.7781064706474,pieron
2060,6_epo,17.0,61.41853440222216,pieron
2061,6_epo,18.0,61.08143783084086,pieron
2062,6_epo,19.0,60.76427477456928,pieron
2063,6_epo,20.0,60.46490623799193,pieron
2064,6_epo,21.0,60.18151579492995,pieron
2065,6_epo,22.0,59.91254821191846,pieron
2066,6_epo,23.0,59.65666195811547,pieron
2067,6_epo,24.0,59.41269200262013,pieron
2068,6_epo,25.0,59.17962034181528,pieron
2069,6_epo,26.0,58.9565524104703,pieron
2070,6_epo,27.0,58.742698024342786,pieron
2071,6_epo,28.000000000000004,58.53735585067793,pieron
2072,6_epo,28.999999999999996,58.339900652687604,pieron
2073,6_epo,30.0,58.149772735296864,pieron
2074,6_epo,31.0,57.966469152584594,pieron
2075,6_epo,32.0,57.78953633628976,pieron
2076,6_epo,33.0,57.61856387906767,pieron
2077,6_epo,34.0,57.45317926254798,pieron
2078,6_epo,35.0,57.293043363394574,pieron
2079,6_epo,36.0,57.137846603882984,pieron
2080,6_epo,37.0,56.987305639441445,pieron
2081,6_epo,38.0,56.841160495938844,pieron
2082,6_epo,39.0,56.69917208556516,pieron
2083,6_epo,40.0,56.561120042923356,pieron
2084,6_epo,41.0,56.426800833172976,pieron
2085,6_epo,42.0,56.29602609229429,pieron
2086,6_epo,43.0,56.168621166204396,pieron
2087,6_epo,44.0,56.04442382087939,pieron
2088,6_epo,45.0,55.92328310007436,pieron
2089,6_epo,46.0,55.80505831088061,pieron
2090,6_epo,47.0,55.6896181203734,pieron
2091,6_epo,48.0,55.576839749103236,pieron
2092,6_epo,49.0,55.46660824926685,pieron
2093,6_epo,50.0,55.3588158571369,pieron
2094,6_epo,51.0,55.25336141079225,pieron
2095,6_epo,52.0,55.150149825424734,pieron
2096,6_epo,53.0,55.049091619541045,pieron
2097,6_epo,54.0,54.95010248626482,pieron
2098,6_epo,55.00000000000001,54.85310290469706,pieron
2099,6_epo,56.00000000000001,54.758017786938254,pieron
2100,6_epo,56.99999999999999,54.66477615692651,pieron
2101,6_epo,57.99999999999999,54.57331085772099,pieron
2102,6_epo,59.0,54.48355828426838,pieron
2103,6_epo,60.0,54.39545813904281,pieron
2104,6_epo,61.0,54.3089532082561,pieron
2105,6_epo,62.0,54.22398915660069,pieron
2106,6_epo,63.0,54.14051433871823,pieron
2107,6_epo,64.0,54.05847962578962,pieron
2108,6_epo,65.0,53.977838245817765,pieron
2109,6_epo,66.0,53.898545636329544,pieron
2110,6_epo,67.0,53.82055930835919,pieron
2111,6_epo,68.0,53.7438387206948,pieron
2112,6_epo,69.0,53.66834516347489,pieron
2113,6_epo,70.0,53.59404165031572,pieron
2114,6_epo,71.0,53.520892818231786,pieron
2115,6_epo,72.0,53.448864834685565,pieron
2116,6_epo,73.0,53.37792531116726,pieron
2117,6_epo,74.0,53.308043222763416,pieron
2118,6_epo,75.0,53.239188833224375,pieron
2119,6_epo,76.0,53.17133362508696,pieron
2120,6_epo,77.0,53.10445023444966,pieron
2121,6_epo,78.0,53.03851239003469,pieron
2122,6_epo,79.0,52.97349485620391,pieron
2123,6_epo,80.0,52.90937337962591,pieron
2124,6_epo,81.0,52.84612463931754,pieron
2125,6_epo,82.0,52.78372619980793,pieron
2126,6_epo,83.0,52.722156467194125,pieron
2127,6_epo,84.0,52.6613946478775,pieron
2128,6_epo,85.0,52.601420709787526,pieron
2129,6_epo,86.0,52.542215345915686,pieron
2130,6_epo,87.0,52.483759939996816,pieron
2131,6_epo,88.0,52.42603653418827,pieron
2132,6_epo,89.0,52.36902779860935,pieron
2133,6_epo,90.0,52.31271700261451,pieron
2134,6_epo,91.0,52.25708798768334,pieron
2135,6_epo,92.0,52.20212514181981,pieron
2136,6_epo,93.0,52.147813375361444,pieron
2137,6_epo,94.0,52.09413809810629,pieron
2138,6_epo,95.0,52.04108519767291,pieron
2139,7_epo,3.0,90.24577010901389,pieron
2140,7_epo,4.0,85.32356386453358,pieron
2141,7_epo,5.0,81.69125286838424,pieron
2142,7_epo,6.0,78.83852675295789,pieron
2143,7_epo,7.000000000000001,76.50444248484077,pieron
2144,7_epo,8.0,74.5384970870769,pieron
2145,7_epo,9.0,72.84638637979418,pieron
2146,7_epo,10.0,71.3653173657552,pieron
2147,7_epo,11.0,70.05148493861935,pieron
2148,7_epo,12.0,68.87318145846311,pieron
2149,7_epo,13.0,67.80675747141659,pieron
2150,7_epo,14.000000000000002,66.83413004593346,pieron
2151,7_epo,15.0,65.94117999227315,pieron
2152,7_epo,16.0,65.11668402437218,pieron
2153,7_epo,17.0,64.35158175875318,pieron
2154,7_epo,18.0,63.638459448262644,pieron
2155,7_epo,19.0,62.97117813172982,pieron
2156,7_epo,20.0,62.34460047908058,pieron
2157,7_epo,21.0,61.754386607697704,pieron
2158,7_epo,22.0,61.196839062334604,pieron
2159,7_epo,23.0,60.66878346578023,pieron
2160,7_epo,24.0,60.16747546633242,pieron
2161,7_epo,25.0,59.69052735304192,pieron
2162,7_epo,26.0,59.235849574823014,pieron
2163,7_epo,27.0,58.801603689392564,pieron
2164,7_epo,28.000000000000004,58.386164174476995,pieron
2165,7_epo,28.999999999999996,57.98808718021084,pieron
2166,7_epo,30.0,57.6060847689878,pieron
2167,7_epo,31.0,57.23900353109951,pieron
2168,7_epo,32.0,56.885806717788874,pieron
2169,7_epo,33.0,56.545559222917,pieron
2170,7_epo,34.0,56.21741488774645,pieron
2171,7_epo,35.0,55.90060571268275,pieron
2172,7_epo,36.0,55.59443264397118,pieron
2173,7_epo,37.0,55.29825766864662,pieron
2174,7_epo,38.0,55.011497002093755,pieron
2175,7_epo,39.0,54.733615192790595,pieron
2176,7_epo,40.0,54.46412000069501,pieron
2177,7_epo,41.0,54.20255793118314,pieron
2178,7_epo,42.0,53.948510326881184,pieron
2179,7_epo,43.0,53.70158993623287,pieron
2180,7_epo,44.0,53.46143789104228,pieron
2181,7_epo,45.0,53.22772103616738,pieron
2182,7_epo,46.0,53.00012956350836,pieron
2183,7_epo,47.0,52.778374909826255,pieron
2184,7_epo,48.0,52.562187884045734,pieron
2185,7_epo,49.0,52.351316994782245,pieron
2186,7_epo,50.0,52.14552695307906,pieron
2187,7_epo,51.0,51.944597328898276,pieron
2188,7_epo,52.0,51.748321342901605,pieron
2189,7_epo,53.0,51.55650477758385,pieron
2190,7_epo,54.0,51.36896499396119,pieron
2191,7_epo,55.00000000000001,51.18553004183549,pieron
2192,7_epo,56.00000000000001,51.006037853206095,pieron
2193,7_epo,56.99999999999999,50.83033550972665,pieron
2194,7_epo,57.99999999999999,50.65827857624188,pieron
2195,7_epo,59.0,50.4897304934169,pieron
2196,7_epo,60.0,50.32456202331622,pieron
2197,7_epo,61.0,50.16265074251805,pieron
2198,7_epo,62.0,50.00388057798304,pieron
2199,7_epo,63.0,49.8481413814453,pieron
2200,7_epo,64.0,49.69532853857317,pieron
2201,7_epo,65.0,49.545342609564564,pieron
2202,7_epo,66.0,49.39808899820823,pieron
2203,7_epo,67.0,49.25347764676231,pieron
2204,7_epo,68.0,49.111422754284284,pieron
2205,7_epo,69.0,48.971842516293954,pieron
2206,7_epo,70.0,48.8346588838705,pieron
2207,7_epo,71.0,48.69979734047805,pieron
2208,7_epo,72.0,48.56718669498572,pieron
2209,7_epo,73.0,48.43675888949988,pieron
2210,7_epo,74.0,48.30844882076207,pieron
2211,7_epo,75.0,48.18219417398552,pieron
2212,7_epo,76.0,48.05793526811118,pieron
2213,7_epo,77.0,47.93561491155945,pieron
2214,7_epo,78.0,47.81517826763965,pieron
2215,7_epo,79.0,47.69657272885601,pieron
2216,7_epo,80.0,47.57974779941763,pieron
2217,7_epo,81.0,47.46465498532192,pieron
2218,7_epo,82.0,47.35124769143627,pieron
2219,7_epo,83.0,47.23948112505329,pieron
2220,7_epo,84.0,47.129312205439646,pieron
2221,7_epo,85.0,47.020699478939754,pieron
2222,7_epo,86.0,46.913603039232044,pieron
2223,7_epo,87.0,46.807984452369446,pieron
2224,7_epo,88.0,46.70380668626542,pieron
2225,7_epo,89.0,46.60103404431504,pieron
2226,7_epo,90.0,46.499632102864844,pieron
2227,7_epo,91.0,46.39956765226845,pieron
2228,7_epo,92.0,46.30080864128544,pieron
2229,7_epo,93.0,46.203324124599696,pieron
2230,7_epo,94.0,46.10708421325085,pieron
2231,7_epo,95.0,46.012060027787875,pieron
2232,8_epo,3.0,100.26399098131986,pieron
2233,8_epo,4.0,96.56796487991551,pieron
2234,8_epo,5.0,93.79519263221485,pieron
2235,8_epo,6.0,91.58887720786248,pieron
2236,8_epo,7.000000000000001,89.7640030657366,pieron
2237,8_epo,8.0,88.21264135842728,pieron
2238,8_epo,9.0,86.86651353405067,pieron
2239,8_epo,10.0,85.67977692290587,pieron
2240,8_epo,11.0,84.62021586359951,pieron
2241,8_epo,12.0,83.6643579224746,pieron
2242,8_epo,13.0,82.79459148972626,pieron
2243,8_epo,14.000000000000002,81.99737686489722,pieron
2244,8_epo,15.0,81.26208911565438,pieron
2245,8_epo,16.0,80.58024320080631,pieron
2246,8_epo,17.0,79.9449595532058,pieron
2247,8_epo,18.0,79.35058602472317,pieron
2248,8_epo,19.0,78.79242446571084,pieron
2249,8_epo,20.0,78.26652909967551,pieron
2250,8_epo,21.0,77.76955525970556,pieron
2251,8_epo,22.0,77.29864415109887,pieron
2252,8_epo,23.0,76.85133384094154,pieron
2253,8_epo,24.0,76.42548964427137,pieron
2254,8_epo,25.0,76.01924906140094,pieron
2255,8_epo,26.0,75.63097777386967,pieron
2256,8_epo,27.0,75.25923414486124,pieron
2257,8_epo,28.000000000000004,74.90274033122307,pieron
2258,8_epo,28.999999999999996,74.56035858712228,pieron
2259,8_epo,30.0,74.23107168210262,pieron
2260,8_epo,31.0,73.91396660779668,pieron
2261,8_epo,32.0,73.60822093420713,pieron
2262,8_epo,33.0,73.31309131649421,pieron
2263,8_epo,34.0,73.0279037592895,pieron
2264,8_epo,35.0,72.75204532666946,pieron
2265,8_epo,36.0,72.4849570484814,pieron
2266,8_epo,37.0,72.22612782235605,pieron
2267,8_epo,38.0,71.97508914884779,pieron
2268,8_epo,39.0,71.73141056721406,pieron
2269,8_epo,40.0,71.49469568323194,pieron
2270,8_epo,41.0,71.26457869954832,pieron
2271,8_epo,42.0,71.04072137441942,pieron
2272,8_epo,43.0,70.82281034712132,pieron
2273,8_epo,44.0,70.61055477841757,pieron
2274,8_epo,45.0,70.40368426273169,pieron
2275,8_epo,46.0,70.20194697545823,pieron
2276,8_epo,47.0,70.00510802444722,pieron
2277,8_epo,48.0,69.81294797934038,pieron
2278,8_epo,49.0,69.62526155630282,pieron
2279,8_epo,50.0,69.44185643892578,pieron
2280,8_epo,51.0,69.26255221878729,pieron
2281,8_epo,52.0,69.08717944144159,pieron
2282,8_epo,53.0,68.91557874553943,pieron
2283,8_epo,54.0,68.74760008441794,pieron
2284,8_epo,55.00000000000001,68.58310202089277,pieron
2285,8_epo,56.00000000000001,68.42195108717475,pieron
2286,8_epo,56.99999999999999,68.26402120285154,pieron
2287,8_epo,57.99999999999999,68.10919314474948,pieron
2288,8_epo,59.0,67.95735406324407,pieron
2289,8_epo,60.0,67.80839704023754,pieron
2290,8_epo,61.0,67.66222068458568,pieron
2291,8_epo,62.0,67.51872876124388,pieron
2292,8_epo,63.0,67.3778298508279,pieron
2293,8_epo,64.0,67.23943703665607,pieron
2294,8_epo,65.0,67.10346761666246,pieron
2295,8_epo,66.0,66.96984283785594,pieron
2296,8_epo,67.0,66.83848765124786,pieron
2297,8_epo,68.0,66.70933048539135,pieron
2298,8_epo,69.0,66.58230303686753,pieron
2299,8_epo,70.0,66.45734007622544,pieron
2300,8_epo,71.0,66.3343792680324,pieron
2301,8_epo,72.0,66.21336100382662,pieron
2302,8_epo,73.0,66.0942282468812,pieron
2303,8_epo,74.0,65.97692638779563,pieron
2304,8_epo,75.0,65.86140311002434,pieron
2305,8_epo,76.0,65.74760826453586,pieron
2306,8_epo,77.0,65.6354937528718,pieron
2307,8_epo,78.0,65.52501341794137,pieron
2308,8_epo,79.0,65.4161229419479,pieron
2309,8_epo,80.0,65.30877975089783,pieron
2310,8_epo,81.0,65.20294292519112,pieron
2311,8_epo,82.0,65.0985731158361,pieron
2312,8_epo,83.0,64.99563246587094,pieron
2313,8_epo,84.0,64.89408453660997,pieron
2314,8_epo,85.0,64.79389423836471,pieron
2315,8_epo,86.0,64.69502776531942,pieron
2316,8_epo,87.0,64.59745253426644,pieron
2317,8_epo,88.0,64.50113712693147,pieron
2318,8_epo,89.0,64.40605123564015,pieron
2319,8_epo,90.0,64.31216561209709,pieron
2320,8_epo,91.0,64.21945201906678,pieron
2321,8_epo,92.0,64.12788318476206,pieron
2322,8_epo,93.0,64.03743275976085,pieron
2323,8_epo,94.0,63.9480752762854,pieron
2324,8_epo,95.0,63.859786109690845,pieron
2325,9_epo,3.0,87.53817778004617,pieron
2326,9_epo,4.0,87.48465567788077,pieron
2327,9_epo,5.0,87.44316324685101,pieron
2328,9_epo,6.0,87.40927607090063,pieron
2329,9_epo,7.000000000000001,87.3806351175895,pieron
2330,9_epo,8.0,87.35583278109594,pieron
2331,9_epo,9.0,87.33396141342625,pieron
2332,9_epo,10.0,87.31440144849677,pieron
2333,9_epo,11.0,87.29671108185597,pieron
2334,9_epo,12.0,87.28056417208745,pieron
2335,9_epo,13.0,87.26571309240938,pieron
2336,9_epo,14.000000000000002,87.25196539315017,pieron
2337,9_epo,15.0,87.23916853806357,pieron
2338,9_epo,16.0,87.22719957859074,pieron
2339,9_epo,17.0,87.21595796513135,pieron
2340,9_epo,18.0,87.20536041694528,pieron
2341,9_epo,19.0,87.19533718144403,pieron
2342,9_epo,20.0,87.18582925445347,pieron
2343,9_epo,21.0,87.17678627964028,pieron
2344,9_epo,22.0,87.16816493722966,pieron
2345,9_epo,23.0,87.15992769132141,pieron
2346,9_epo,24.0,87.15204180410716,pieron
2347,9_epo,25.0,87.14447855153213,pieron
2348,9_epo,26.0,87.1372125929395,pieron
2349,9_epo,27.0,87.13022145978924,pieron
2350,9_epo,28.000000000000004,87.1234851374411,pieron
2351,9_epo,28.999999999999996,87.116985720387,pieron
2352,9_epo,30.0,87.11070712597831,pieron
2353,9_epo,31.0,87.10463485512871,pieron
2354,9_epo,32.0,87.09875579103657,pieron
2355,9_epo,33.0,87.09305802890117,pieron
2356,9_epo,34.0,87.08753073107673,pieron
2357,9_epo,35.0,87.08216400323617,pieron
2358,9_epo,36.0,87.0769487879913,pieron
2359,9_epo,37.0,87.07187677309685,pieron
2360,9_epo,38.0,87.06694031190383,pieron
2361,9_epo,39.0,87.06213235415127,pieron
2362,9_epo,40.0,87.05744638552501,pieron
2363,9_epo,41.0,87.05287637468376,pieron
2364,9_epo,42.0,87.04841672667223,pieron
2365,9_epo,43.0,87.04406224181858,pieron
2366,9_epo,44.0,87.0398080793599,pieron
2367,9_epo,45.0,87.03564972515713,pieron
2368,9_epo,46.0,87.03158296296021,pieron
2369,9_epo,47.0,87.02760384876515,pieron
2370,9_epo,48.0,87.02370868787183,pieron
2371,9_epo,49.0,87.01989401430868,pieron
2372,9_epo,50.0,87.01615657233677,pieron
2373,9_epo,51.0,87.01249329978647,pieron
2374,9_epo,52.0,87.00890131301279,pieron
2375,9_epo,53.0,87.00537789328432,pieron
2376,9_epo,54.0,87.00192047444524,pieron
2377,9_epo,55.00000000000001,86.99852663170957,pieron
2378,9_epo,56.00000000000001,86.99519407146582,pieron
2379,9_epo,56.99999999999999,86.99192062198426,pieron
2380,9_epo,57.99999999999999,86.98870422493273,pieron
2381,9_epo,59.0,86.98554292761793,pieron
2382,9_epo,60.0,86.98243487587925,pieron
2383,9_epo,61.0,86.9793783075701,pieron
2384,9_epo,62.0,86.97637154656934,pieron
2385,9_epo,63.0,86.97341299727239,pieron
2386,9_epo,64.0,86.9705011395161,pieron
2387,9_epo,65.0,86.96763452389725,pieron
2388,9_epo,66.0,86.96481176744885,pieron
2389,9_epo,67.0,86.96203154964135,pieron
2390,9_epo,68.0,86.95929260868046,pieron
2391,9_epo,69.0,86.95659373807531,pieron
2392,9_epo,70.0,86.95393378345348,pieron
2393,9_epo,71.0,86.95131163960231,pieron
2394,9_epo,72.0,86.94872624771685,pieron
2395,9_epo,73.0,86.94617659283811,pieron
2396,9_epo,74.0,86.94366170146529,pieron
2397,9_epo,75.0,86.94118063932862,pieron
2398,9_epo,76.0,86.93873250930966,pieron
2399,9_epo,77.0,86.93631644949747,pieron
2400,9_epo,78.0,86.93393163137058,pieron
2401,9_epo,79.0,86.93157725809448,pieron
2402,9_epo,80.0,86.92925256292638,pieron
2403,9_epo,81.0,86.92695680771916,pieron
2404,9_epo,82.0,86.92468928151706,pieron
2405,9_epo,83.0,86.92244929923649,pieron
2406,9_epo,84.0,86.92023620042598,pieron
2407,9_epo,85.0,86.91804934809949,pieron
2408,9_epo,86.0,86.91588812763796,pieron
2409,9_epo,87.0,86.9137519457544,pieron
2410,9_epo,88.0,86.91164022951818,pieron
2411,9_epo,89.0,86.90955242543438,pieron
2412,9_epo,90.0,86.90748799857472,pieron
2413,9_epo,91.0,86.90544643175646,pieron
2414,9_epo,92.0,86.9034272247661,pieron
2415,9_epo,93.0,86.90142989362533,pieron
2416,9_epo,94.0,86.89945396989589,pieron
2417,9_epo,95.0,86.8974990000216,pieron
